2026-06-24 23:27:19,705 - root - [logging_config.py:61] - INFO - Logging initialized. Log file: /home/tuton/Kanto2026RPi/src/config/../logs/robot_20260624_232715.log
2026-06-24 23:27:21,438 - mazeUtils.device.LiDAR - [LiDAR.py:36] - INFO - Available ports: <ydlidar.Str2strMap; proxy of <Swig Object of type 'std::map< std::string,std::string > *' at 0x7fb8360b10> >
2026-06-24 23:27:30,810 - mazeUtils.moveTile - [moveTile.py:552] - DEBUG - Direction: absDirection.NORTH, Angle: 0, Distance: 165.71753521967537 cm
2026-06-24 23:27:30,810 - mazeUtils.moveTile - [moveTile.py:574] - DEBUG - Front LiDAR distance: 165.71753521967537 cm, TSD10 distance: 76.4 cm
2026-06-24 23:27:30,811 - mazeUtils.moveTile - [moveTile.py:552] - DEBUG - Direction: absDirection.EAST, Angle: 270, Distance: 16.075208697259388 cm
2026-06-24 23:27:30,813 - mazeUtils.moveTile - [moveTile.py:552] - DEBUG - Direction: absDirection.SOUTH, Angle: 180, Distance: 16.650640517101827 cm
2026-06-24 23:27:30,814 - mazeUtils.moveTile - [moveTile.py:552] - DEBUG - Direction: absDirection.WEST, Angle: 90, Distance: 17.56136945583076 cm
2026-06-24 23:27:30,814 - __main__ - [main.py:68] - INFO - Initial Map:
2026-06-24 23:27:30,830 - __main__ - [main.py:69] - INFO - Current position: (20, 20, 0), front direction: absDirection.NORTH
Layer 0 (altitude=0.0cm, offset=(0.0cm, 0.0cm)):
Known map area: x=20..20, y=20..20
+   +
| @ |
+---+
mazeAsGraph[0][20][20] = {absDirection.NORTH: (20, 19, 0, 30), absDirection.EAST: None, absDirection.SOUTH: None, absDirection.WEST: None}
2026-06-24 23:27:32,082 - mazeUtils.mazeMap - [mazeMap.py:61] - INFO - next goal: (20, 19, 0)
2026-06-24 23:27:32,083 - __main__ - [main.py:73] - INFO - Next Direction: [<absDirection.NORTH: 0>]
2026-06-24 23:27:32,083 - __main__ - [main.py:74] - INFO - Exploration started.
2026-06-24 23:27:32,090 - mazeUtils.moveTile - [moveTile.py:79] - DEBUG - Moving to absDirection.NORTH from (20, 20, 0) facing absDirection.NORTH
2026-06-24 23:27:32,113 - mazeUtils.moveTile - [moveTile.py:79] - DEBUG - current heading: 359.57 target: 0
2026-06-24 23:27:32,139 - mazeUtils.moveTile - [moveTile.py:426] - DEBUG - stopped turning at heading: 359.57, diff: 0.4300000000000068
2026-06-24 23:27:32,186 - mazeUtils.moveTile - [moveTile.py:79] - DEBUG - Turned to heading: 359.57 deg
2026-06-24 23:27:32,361 - mazeUtils.moveTile - [moveTile.py:79] - DEBUG - Little backward to adjust position
2026-06-24 23:27:32,878 - picamera2.picamera2 - [picamera2.py:1391] - DEBUG - Execute job: <picamera2.job.Job object at 0x7fa4c32a10>
2026-06-24 23:27:32,940 - mazeUtils.device.camera - [camera.py:39] - DEBUG - Average HSV: H=126.0, S=29.4, V=237.2
2026-06-24 23:27:32,980 - mazeUtils.moveTile - [moveTile.py:79] - DEBUG - roll: 358.74 deg, practicalMoveTime: 0.1163906309073924 sec
2026-06-24 23:27:32,981 - mazeUtils.moveTile - [moveTile.py:1763] - DEBUG - moveTile loop time: 113.8 ms
2026-06-24 23:27:32,987 - picamera2.picamera2 - [picamera2.py:1391] - DEBUG - Execute job: <picamera2.job.Job object at 0x7f93ccfcd0>
2026-06-24 23:27:32,993 - mazeUtils.device.camera - [camera.py:39] - DEBUG - Average HSV: H=128.0, S=27.4, V=237.4
2026-06-24 23:27:33,026 - mazeUtils.moveTile - [moveTile.py:79] - DEBUG - roll: 359.36 deg, practicalMoveTime: 0.16153434583171217 sec
2026-06-24 23:27:33,027 - mazeUtils.moveTile - [moveTile.py:1763] - DEBUG - moveTile loop time: 45.4 ms
2026-06-24 23:27:33,032 - picamera2.picamera2 - [picamera2.py:1391] - DEBUG - Execute job: <picamera2.job.Job object at 0x7f93cc6cd0>
2026-06-24 23:27:33,035 - mazeUtils.device.camera - [camera.py:39] - DEBUG - Average HSV: H=126.9, S=27.7, V=238.1
2026-06-24 23:27:33,069 - mazeUtils.moveTile - [moveTile.py:79] - DEBUG - roll: 358.44 deg, practicalMoveTime: 0.2035152627009105 sec
2026-06-24 23:27:33,069 - mazeUtils.moveTile - [moveTile.py:1763] - DEBUG - moveTile loop time: 42.5 ms
2026-06-24 23:27:33,078 - picamera2.picamera2 - [picamera2.py:1391] - DEBUG - Execute job: <picamera2.job.Job object at 0x7f92c93250>
2026-06-24 23:27:33,081 - mazeUtils.device.camera - [camera.py:39] - DEBUG - Average HSV: H=128.4, S=26.7, V=237.3
2026-06-24 23:27:33,117 - mazeUtils.moveTile - [moveTile.py:79] - DEBUG - roll: 359.21 deg, practicalMoveTime: 0.25090904877559045 sec
2026-06-24 23:27:33,117 - mazeUtils.moveTile - [moveTile.py:1763] - DEBUG - moveTile loop time: 47.6 ms
2026-06-24 23:27:33,125 - picamera2.picamera2 - [picamera2.py:1391] - DEBUG - Execute job: <picamera2.job.Job object at 0x7f891c2810>
2026-06-24 23:27:33,128 - mazeUtils.device.camera - [camera.py:39] - DEBUG - Average HSV: H=128.7, S=24.8, V=239.4
2026-06-24 23:27:33,158 - mazeUtils.moveTile - [moveTile.py:79] - DEBUG - roll: 359.06 deg, practicalMoveTime: 0.29165515821671123 sec
2026-06-24 23:27:33,158 - mazeUtils.moveTile - [moveTile.py:1763] - DEBUG - moveTile loop time: 41.0 ms
2026-06-24 23:27:33,163 - picamera2.picamera2 - [picamera2.py:1391] - DEBUG - Execute job: <picamera2.job.Job object at 0x7fa4c76cd0>
2026-06-24 23:27:33,167 - mazeUtils.device.camera - [camera.py:39] - DEBUG - Average HSV: H=128.3, S=25.7, V=238.4
2026-06-24 23:27:33,209 - mazeUtils.moveTile - [moveTile.py:79] - DEBUG - roll: 358.65 deg, practicalMoveTime: 0.34180815741747034 sec
2026-06-24 23:27:33,209 - mazeUtils.moveTile - [moveTile.py:1763] - DEBUG - moveTile loop time: 50.4 ms
2026-06-24 23:27:33,214 - picamera2.picamera2 - [picamera2.py:1391] - DEBUG - Execute job: <picamera2.job.Job object at 0x7f93ccfcd0>
2026-06-24 23:27:33,218 - mazeUtils.device.camera - [camera.py:39] - DEBUG - Average HSV: H=127.7, S=26.3, V=239.2
2026-06-24 23:27:33,252 - mazeUtils.moveTile - [moveTile.py:79] - DEBUG - roll: 358.5 deg, practicalMoveTime: 0.38434678357905383 sec
2026-06-24 23:27:33,252 - mazeUtils.moveTile - [moveTile.py:1763] - DEBUG - moveTile loop time: 43.1 ms
2026-06-24 23:27:33,259 - picamera2.picamera2 - [picamera2.py:1391] - DEBUG - Execute job: <picamera2.job.Job object at 0x7fa2052010>
2026-06-24 23:27:33,264 - mazeUtils.device.camera - [camera.py:39] - DEBUG - Average HSV: H=128.4, S=24.9, V=238.7
2026-06-24 23:27:33,301 - mazeUtils.moveTile - [moveTile.py:79] - DEBUG - roll: 358.92 deg, practicalMoveTime: 0.4325062903421768 sec
2026-06-24 23:27:33,301 - mazeUtils.moveTile - [moveTile.py:1763] - DEBUG - moveTile loop time: 48.1 ms
2026-06-24 23:27:33,305 - picamera2.picamera2 - [picamera2.py:1391] - DEBUG - Execute job: <picamera2.job.Job object at 0x7f92c93250>
2026-06-24 23:27:33,308 - mazeUtils.device.camera - [camera.py:39] - DEBUG - Average HSV: H=128.2, S=25.1, V=239.5
2026-06-24 23:27:33,345 - mazeUtils.moveTile - [moveTile.py:79] - DEBUG - roll: 357.89 deg, practicalMoveTime: 0.47625949918538674 sec
2026-06-24 23:27:33,345 - mazeUtils.moveTile - [moveTile.py:1763] - DEBUG - moveTile loop time: 44.0 ms
2026-06-24 23:27:33,358 - picamera2.picamera2 - [picamera2.py:1391] - DEBUG - Execute job: <picamera2.job.Job object at 0x7f93d5e3d0>
2026-06-24 23:27:33,362 - mazeUtils.device.camera - [camera.py:39] - DEBUG - Average HSV: H=128.1, S=25.2, V=239.0
2026-06-24 23:27:33,399 - mazeUtils.moveTile - [moveTile.py:79] - DEBUG - roll: 359.56 deg, practicalMoveTime: 0.5299342989788444 sec
2026-06-24 23:27:33,400 - mazeUtils.moveTile - [moveTile.py:1763] - DEBUG - moveTile loop time: 54.0 ms
2026-06-24 23:27:33,405 - picamera2.picamera2 - [picamera2.py:1391] - DEBUG - Execute job: <picamera2.job.Job object at 0x7fa4c76cd0>
2026-06-24 23:27:33,408 - mazeUtils.device.camera - [camera.py:39] - DEBUG - Average HSV: H=131.3, S=24.0, V=237.0
2026-06-24 23:27:33,441 - mazeUtils.moveTile - [moveTile.py:79] - DEBUG - roll: 359.91 deg, practicalMoveTime: 0.5714052403009925 sec
2026-06-24 23:27:33,442 - mazeUtils.moveTile - [moveTile.py:1763] - DEBUG - moveTile loop time: 41.7 ms
2026-06-24 23:27:33,446 - picamera2.picamera2 - [picamera2.py:1391] - DEBUG - Execute job: <picamera2.job.Job object at 0x7fa2052010>
2026-06-24 23:27:33,449 - mazeUtils.device.camera - [camera.py:39] - DEBUG - Average HSV: H=130.7, S=21.8, V=240.1
2026-06-24 23:27:33,484 - mazeUtils.moveTile - [moveTile.py:79] - DEBUG - roll: 358.71 deg, practicalMoveTime: 0.6136723111004949 sec
2026-06-24 23:27:33,484 - mazeUtils.moveTile - [moveTile.py:1763] - DEBUG - moveTile loop time: 42.2 ms
2026-06-24 23:27:33,495 - picamera2.picamera2 - [picamera2.py:1391] - DEBUG - Execute job: <picamera2.job.Job object at 0x7f93d5f4d0>
2026-06-24 23:27:33,497 - mazeUtils.device.camera - [camera.py:39] - DEBUG - Average HSV: H=129.2, S=23.5, V=239.3
2026-06-24 23:27:33,536 - mazeUtils.moveTile - [moveTile.py:79] - DEBUG - roll: 359.34000000000003 deg, practicalMoveTime: 0.6650586074442003 sec
2026-06-24 23:27:33,536 - mazeUtils.moveTile - [moveTile.py:1763] - DEBUG - moveTile loop time: 51.6 ms
2026-06-24 23:27:33,542 - picamera2.picamera2 - [picamera2.py:1391] - DEBUG - Execute job: <picamera2.job.Job object at 0x7f92c57550>
2026-06-24 23:27:33,545 - mazeUtils.device.camera - [camera.py:39] - DEBUG - Average HSV: H=128.2, S=24.1, V=240.0
2026-06-24 23:27:33,577 - mazeUtils.moveTile - [moveTile.py:79] - DEBUG - roll: 357.8 deg, practicalMoveTime: 0.705943209383606 sec
2026-06-24 23:27:33,578 - mazeUtils.moveTile - [moveTile.py:1763] - DEBUG - moveTile loop time: 41.4 ms
2026-06-24 23:27:33,583 - picamera2.picamera2 - [picamera2.py:1391] - DEBUG - Execute job: <picamera2.job.Job object at 0x7f93d78190>
2026-06-24 23:27:33,587 - mazeUtils.device.camera - [camera.py:39] - DEBUG - Average HSV: H=128.2, S=23.6, V=241.0
2026-06-24 23:27:33,624 - mazeUtils.moveTile - [moveTile.py:79] - DEBUG - roll: 359.6 deg, practicalMoveTime: 0.7520031322380588 sec
2026-06-24 23:27:33,625 - mazeUtils.moveTile - [moveTile.py:1763] - DEBUG - moveTile loop time: 46.1 ms
2026-06-24 23:27:33,635 - picamera2.picamera2 - [picamera2.py:1391] - DEBUG - Execute job: <picamera2.job.Job object at 0x7f93d5f510>
2026-06-24 23:27:33,638 - mazeUtils.device.camera - [camera.py:39] - DEBUG - Average HSV: H=131.1, S=22.8, V=237.8
2026-06-24 23:27:33,675 - mazeUtils.moveTile - [moveTile.py:79] - DEBUG - roll: 358.72 deg, practicalMoveTime: 0.8023200020978818 sec
2026-06-24 23:27:33,675 - mazeUtils.moveTile - [moveTile.py:1763] - DEBUG - moveTile loop time: 50.5 ms
2026-06-24 23:27:33,685 - picamera2.picamera2 - [picamera2.py:1391] - DEBUG - Execute job: <picamera2.job.Job object at 0x7f891c2810>
2026-06-24 23:27:33,688 - mazeUtils.device.camera - [camera.py:39] - DEBUG - Average HSV: H=130.9, S=23.2, V=238.0
2026-06-24 23:27:33,727 - mazeUtils.moveTile - [moveTile.py:1636] - INFO - practicalVerticalMove: -0.5389298612158993 CM
2026-06-24 23:27:33,774 - mazeUtils.moveTile - [moveTile.py:1959] - INFO - Set moved vertical distance: -0.5389298612158993 cm, past distances: [(0, False), (0, False), (0, False)]
2026-06-24 23:27:33,914 - mazeUtils.moveTile - [moveTile.py:552] - DEBUG - Direction: absDirection.NORTH, Angle: 0, Distance: 132.26435761142142 cm
2026-06-24 23:27:33,914 - mazeUtils.moveTile - [moveTile.py:574] - DEBUG - Front LiDAR distance: 132.26435761142142 cm, TSD10 distance: 41.0 cm
2026-06-24 23:27:33,916 - mazeUtils.moveTile - [moveTile.py:552] - DEBUG - Direction: absDirection.EAST, Angle: 270, Distance: 16.579324070105223 cm
2026-06-24 23:27:33,918 - mazeUtils.moveTile - [moveTile.py:552] - DEBUG - Direction: absDirection.SOUTH, Angle: 180, Distance: 53.35485258813662 cm
2026-06-24 23:27:33,919 - mazeUtils.moveTile - [moveTile.py:552] - DEBUG - Direction: absDirection.WEST, Angle: 90, Distance: 137.0682172367583 cm
2026-06-24 23:27:33,921 - mazeUtils.moveTile - [moveTile.py:2119] - INFO - Tile color detection, decided tile type: E
2026-06-24 23:27:33,982 - __main__ - [main.py:105] - INFO - Current position: (20, 19, 0), front direction: absDirection.NORTH
Layer 0 (altitude=0.0cm, offset=(0.0cm, 0.0cm)):
Known map area: x=20..20, y=19..20
+   +
  @ |
+   +
| S |
+---+
mazeAsGraph[0][19][20] = {absDirection.NORTH: (20, 18, 0, 30), absDirection.EAST: None, absDirection.SOUTH: (20, 20, 0, 30), absDirection.WEST: (19, 19, 0, 30)}
mazeAsGraph[0][20][20] = {absDirection.NORTH: (20, 19, 0, 30), absDirection.EAST: None, absDirection.SOUTH: None, absDirection.WEST: None}
2026-06-24 23:27:33,987 - mazeUtils.mazeMap - [mazeMap.py:61] - INFO - next goal: (20, 18, 0)
2026-06-24 23:27:33,994 - mazeUtils.moveTile - [moveTile.py:79] - DEBUG - Moving to absDirection.NORTH from (20, 19, 0) facing absDirection.NORTH
2026-06-24 23:27:34,020 - mazeUtils.moveTile - [moveTile.py:79] - DEBUG - current heading: 2.819999999999993 target: 0
2026-06-24 23:27:34,039 - mazeUtils.moveTile - [moveTile.py:426] - DEBUG - stopped turning at heading: 2.819999999999993, diff: 2.819999999999993
2026-06-24 23:27:34,095 - mazeUtils.moveTile - [moveTile.py:79] - DEBUG - Turned to heading: 1.6200000000000045 deg
2026-06-24 23:27:34,359 - picamera2.picamera2 - [picamera2.py:1391] - DEBUG - Execute job: <picamera2.job.Job object at 0x7fac361090>
2026-06-24 23:27:34,363 - mazeUtils.device.camera - [camera.py:39] - DEBUG - Average HSV: H=129.4, S=22.9, V=242.4
2026-06-24 23:27:34,396 - mazeUtils.moveTile - [moveTile.py:79] - DEBUG - roll: 357.83 deg, practicalMoveTime: 0.04140392850742012 sec
2026-06-24 23:27:34,396 - mazeUtils.moveTile - [moveTile.py:1763] - DEBUG - moveTile loop time: 40.7 ms
2026-06-24 23:27:34,404 - picamera2.picamera2 - [picamera2.py:1391] - DEBUG - Execute job: <picamera2.job.Job object at 0x7fa20a2b90>
2026-06-24 23:27:34,407 - mazeUtils.device.camera - [camera.py:39] - DEBUG - Average HSV: H=130.4, S=22.1, V=242.1
2026-06-24 23:27:34,443 - mazeUtils.moveTile - [moveTile.py:79] - DEBUG - roll: 357.2 deg, practicalMoveTime: 0.08752641062715177 sec
2026-06-24 23:27:34,443 - mazeUtils.moveTile - [moveTile.py:1763] - DEBUG - moveTile loop time: 46.5 ms
2026-06-24 23:27:34,452 - picamera2.picamera2 - [picamera2.py:1391] - DEBUG - Execute job: <picamera2.job.Job object at 0x7f891c2810>
2026-06-24 23:27:34,455 - mazeUtils.device.camera - [camera.py:39] - DEBUG - Average HSV: H=129.3, S=22.3, V=244.5
2026-06-24 23:27:34,493 - mazeUtils.moveTile - [moveTile.py:79] - DEBUG - roll: 359.37 deg, practicalMoveTime: 0.1368295810111423 sec
2026-06-24 23:27:34,493 - mazeUtils.moveTile - [moveTile.py:1763] - DEBUG - moveTile loop time: 49.3 ms
2026-06-24 23:27:34,501 - picamera2.picamera2 - [picamera2.py:1391] - DEBUG - Execute job: <picamera2.job.Job object at 0x7fac361090>
2026-06-24 23:27:34,505 - mazeUtils.device.camera - [camera.py:39] - DEBUG - Average HSV: H=128.1, S=23.7, V=247.4
2026-06-24 23:27:34,536 - mazeUtils.moveTile - [moveTile.py:79] - DEBUG - roll: 359.14 deg, practicalMoveTime: 0.17979925466411742 sec
2026-06-24 23:27:34,537 - mazeUtils.moveTile - [moveTile.py:1763] - DEBUG - moveTile loop time: 43.5 ms
2026-06-24 23:27:34,542 - picamera2.picamera2 - [picamera2.py:1391] - DEBUG - Execute job: <picamera2.job.Job object at 0x7fa20a2b90>
2026-06-24 23:27:34,545 - mazeUtils.device.camera - [camera.py:39] - DEBUG - Average HSV: H=130.7, S=25.1, V=242.4
2026-06-24 23:27:34,577 - mazeUtils.moveTile - [moveTile.py:79] - DEBUG - roll: 357.29 deg, practicalMoveTime: 0.22000645220769455 sec
2026-06-24 23:27:34,577 - mazeUtils.moveTile - [moveTile.py:1763] - DEBUG - moveTile loop time: 40.4 ms
2026-06-24 23:27:34,584 - picamera2.picamera2 - [picamera2.py:1391] - DEBUG - Execute job: <picamera2.job.Job object at 0x7fac371e90>
2026-06-24 23:27:34,587 - mazeUtils.device.camera - [camera.py:39] - DEBUG - Average HSV: H=131.3, S=37.7, V=224.2
2026-06-24 23:27:34,620 - mazeUtils.moveTile - [moveTile.py:79] - DEBUG - roll: 359.46 deg, practicalMoveTime: 0.262324221523322 sec
2026-06-24 23:27:34,621 - mazeUtils.moveTile - [moveTile.py:1763] - DEBUG - moveTile loop time: 42.8 ms
2026-06-24 23:27:34,625 - picamera2.picamera2 - [picamera2.py:1391] - DEBUG - Execute job: <picamera2.job.Job object at 0x7fa20a2b90>
2026-06-24 23:27:34,628 - mazeUtils.device.camera - [camera.py:39] - DEBUG - Average HSV: H=132.3, S=57.1, V=198.7
2026-06-24 23:27:34,666 - mazeUtils.moveTile - [moveTile.py:79] - DEBUG - roll: 0.4700000000000273 deg, practicalMoveTime: 0.307720505244502 sec
2026-06-24 23:27:34,666 - mazeUtils.moveTile - [moveTile.py:1763] - DEBUG - moveTile loop time: 45.5 ms
2026-06-24 23:27:34,675 - picamera2.picamera2 - [picamera2.py:1391] - DEBUG - Execute job: <picamera2.job.Job object at 0x7fabed8210>
2026-06-24 23:27:34,678 - mazeUtils.device.camera - [camera.py:39] - DEBUG - Average HSV: H=165.3, S=23.1, V=212.5
2026-06-24 23:27:34,712 - mazeUtils.moveTile - [moveTile.py:79] - DEBUG - roll: 2.769999999999982 deg, practicalMoveTime: 0.35275650988522167 sec
2026-06-24 23:27:34,712 - mazeUtils.moveTile - [moveTile.py:1763] - DEBUG - moveTile loop time: 45.3 ms
2026-06-24 23:27:34,717 - picamera2.picamera2 - [picamera2.py:1391] - DEBUG - Execute job: <picamera2.job.Job object at 0x7fac361090>
2026-06-24 23:27:34,720 - mazeUtils.device.camera - [camera.py:39] - DEBUG - Average HSV: H=166.8, S=24.2, V=211.5
2026-06-24 23:27:34,755 - mazeUtils.moveTile - [moveTile.py:79] - DEBUG - roll: 3.6200000000000045 deg, practicalMoveTime: 0.39549468500991664 sec
2026-06-24 23:27:34,755 - mazeUtils.moveTile - [moveTile.py:1763] - DEBUG - moveTile loop time: 43.3 ms
2026-06-24 23:27:34,760 - picamera2.picamera2 - [picamera2.py:1391] - DEBUG - Execute job: <picamera2.job.Job object at 0x7fabd78350>
2026-06-24 23:27:34,763 - mazeUtils.device.camera - [camera.py:39] - DEBUG - Average HSV: H=167.3, S=26.1, V=209.0
2026-06-24 23:27:34,794 - mazeUtils.moveTile - [moveTile.py:79] - DEBUG - roll: 2.930000000000007 deg, practicalMoveTime: 0.43346575894052886 sec
2026-06-24 23:27:34,794 - mazeUtils.moveTile - [moveTile.py:1763] - DEBUG - moveTile loop time: 37.6 ms
2026-06-24 23:27:34,799 - picamera2.picamera2 - [picamera2.py:1391] - DEBUG - Execute job: <picamera2.job.Job object at 0x7fa20a2b90>
2026-06-24 23:27:34,802 - mazeUtils.device.camera - [camera.py:39] - DEBUG - Average HSV: H=166.8, S=26.3, V=208.3
2026-06-24 23:27:34,843 - mazeUtils.moveTile - [moveTile.py:79] - DEBUG - roll: 3.269999999999982 deg, practicalMoveTime: 0.4823936702320769 sec
2026-06-24 23:27:34,844 - mazeUtils.moveTile - [moveTile.py:1763] - DEBUG - moveTile loop time: 49.3 ms
2026-06-24 23:27:34,855 - picamera2.picamera2 - [picamera2.py:1391] - DEBUG - Execute job: <picamera2.job.Job object at 0x7fac371e90>
2026-06-24 23:27:34,858 - mazeUtils.device.camera - [camera.py:39] - DEBUG - Average HSV: H=153.1, S=26.9, V=212.9
2026-06-24 23:27:34,903 - mazeUtils.moveTile - [moveTile.py:79] - DEBUG - roll: 3.840000000000032 deg, practicalMoveTime: 0.5413910529613386 sec
2026-06-24 23:27:34,903 - mazeUtils.moveTile - [moveTile.py:1763] - DEBUG - moveTile loop time: 59.4 ms
2026-06-24 23:27:34,916 - picamera2.picamera2 - [picamera2.py:1391] - DEBUG - Execute job: <picamera2.job.Job object at 0x7fa2990b90>
2026-06-24 23:27:34,919 - mazeUtils.device.camera - [camera.py:39] - DEBUG - Average HSV: H=132.5, S=37.7, V=221.3
2026-06-24 23:27:34,961 - mazeUtils.moveTile - [moveTile.py:79] - DEBUG - roll: 3.8999999999999773 deg, practicalMoveTime: 0.5991306830814218 sec
2026-06-24 23:27:34,962 - mazeUtils.moveTile - [moveTile.py:1763] - DEBUG - moveTile loop time: 58.2 ms
2026-06-24 23:27:34,967 - picamera2.picamera2 - [picamera2.py:1391] - DEBUG - Execute job: <picamera2.job.Job object at 0x7fb84d2090>
2026-06-24 23:27:34,970 - mazeUtils.device.camera - [camera.py:39] - DEBUG - Average HSV: H=130.1, S=40.9, V=221.5
2026-06-24 23:27:35,003 - mazeUtils.moveTile - [moveTile.py:79] - DEBUG - roll: 2.9700000000000273 deg, practicalMoveTime: 0.6401567478495493 sec
2026-06-24 23:27:35,003 - mazeUtils.moveTile - [moveTile.py:1763] - DEBUG - moveTile loop time: 41.4 ms
2026-06-24 23:27:35,008 - picamera2.picamera2 - [picamera2.py:1391] - DEBUG - Execute job: <picamera2.job.Job object at 0x7fabd78350>
2026-06-24 23:27:35,011 - mazeUtils.device.camera - [camera.py:39] - DEBUG - Average HSV: H=130.1, S=45.9, V=220.6
2026-06-24 23:27:35,050 - mazeUtils.moveTile - [moveTile.py:79] - DEBUG - roll: 3.730000000000018 deg, practicalMoveTime: 0.6869230723818451 sec
2026-06-24 23:27:35,051 - mazeUtils.moveTile - [moveTile.py:1763] - DEBUG - moveTile loop time: 47.1 ms
2026-06-24 23:27:35,056 - picamera2.picamera2 - [picamera2.py:1391] - DEBUG - Execute job: <picamera2.job.Job object at 0x7f93d9bf10>
2026-06-24 23:27:35,059 - mazeUtils.device.camera - [camera.py:39] - DEBUG - Average HSV: H=129.4, S=41.2, V=225.3
2026-06-24 23:27:35,093 - mazeUtils.moveTile - [moveTile.py:79] - DEBUG - roll: 2.819999999999993 deg, practicalMoveTime: 0.7287900924133986 sec
2026-06-24 23:27:35,093 - mazeUtils.moveTile - [moveTile.py:1763] - DEBUG - moveTile loop time: 42.2 ms
2026-06-24 23:27:35,098 - picamera2.picamera2 - [picamera2.py:1391] - DEBUG - Execute job: <picamera2.job.Job object at 0x7fa20a2b90>
2026-06-24 23:27:35,101 - mazeUtils.device.camera - [camera.py:39] - DEBUG - Average HSV: H=127.5, S=50.5, V=225.2
2026-06-24 23:27:35,135 - mazeUtils.moveTile - [moveTile.py:79] - DEBUG - roll: 4.060000000000002 deg, practicalMoveTime: 0.7703879469957184 sec
2026-06-24 23:27:35,135 - mazeUtils.moveTile - [moveTile.py:1763] - DEBUG - moveTile loop time: 41.9 ms
2026-06-24 23:27:35,140 - picamera2.picamera2 - [picamera2.py:1391] - DEBUG - Execute job: <picamera2.job.Job object at 0x7fac361090>
2026-06-24 23:27:35,143 - mazeUtils.device.camera - [camera.py:39] - DEBUG - Average HSV: H=127.6, S=63.5, V=213.0
2026-06-24 23:27:35,183 - mazeUtils.moveTile - [moveTile.py:79] - DEBUG - roll: 0.05000000000001137 deg, practicalMoveTime: 0.8177638963408852 sec
2026-06-24 23:27:35,183 - mazeUtils.moveTile - [moveTile.py:1763] - DEBUG - moveTile loop time: 47.7 ms
2026-06-24 23:27:35,194 - picamera2.picamera2 - [picamera2.py:1391] - DEBUG - Execute job: <picamera2.job.Job object at 0x7fb84d2090>
2026-06-24 23:27:35,197 - mazeUtils.device.camera - [camera.py:39] - DEBUG - Average HSV: H=126.3, S=33.7, V=242.5
2026-06-24 23:27:35,231 - mazeUtils.moveTile - [moveTile.py:1636] - INFO - practicalVerticalMove: 0.8445156907527305 CM
2026-06-24 23:27:35,283 - mazeUtils.moveTile - [moveTile.py:1959] - INFO - Set moved vertical distance: 0.8445156907527305 cm, past distances: [(-0.5389298612158993, False), (0, False), (0, False)]
2026-06-24 23:27:35,431 - mazeUtils.moveTile - [moveTile.py:552] - DEBUG - Direction: absDirection.NORTH, Angle: 0, Distance: 105.11652665016761 cm
2026-06-24 23:27:35,432 - mazeUtils.moveTile - [moveTile.py:574] - DEBUG - Front LiDAR distance: 105.11652665016761 cm, TSD10 distance: 95.0 cm
2026-06-24 23:27:35,433 - mazeUtils.moveTile - [moveTile.py:552] - DEBUG - Direction: absDirection.EAST, Angle: 270, Distance: 16.418774619892567 cm
2026-06-24 23:27:35,434 - mazeUtils.moveTile - [moveTile.py:552] - DEBUG - Direction: absDirection.SOUTH, Angle: 180, Distance: 158.36200259814336 cm
2026-06-24 23:27:35,435 - mazeUtils.moveTile - [moveTile.py:552] - DEBUG - Direction: absDirection.WEST, Angle: 90, Distance: 18.705389793329882 cm
2026-06-24 23:27:35,437 - mazeUtils.moveTile - [moveTile.py:2119] - INFO - Tile color detection, decided tile type: E
2026-06-24 23:27:35,498 - __main__ - [main.py:105] - INFO - Current position: (20, 18, 0), front direction: absDirection.NORTH
Layer 0 (altitude=0.0cm, offset=(0.0cm, 0.0cm)):
Known map area: x=20..20, y=18..20
+   +
| @ |
+   +
  E |
+   +
| S |
+---+
mazeAsGraph[0][18][20] = {absDirection.NORTH: (20, 17, 0, 30), absDirection.EAST: None, absDirection.SOUTH: (20, 19, 0, 30), absDirection.WEST: None}
mazeAsGraph[0][19][20] = {absDirection.NORTH: (20, 18, 0, 30), absDirection.EAST: None, absDirection.SOUTH: (20, 20, 0, 30), absDirection.WEST: (19, 19, 0, 30)}
mazeAsGraph[0][20][20] = {absDirection.NORTH: (20, 19, 0, 30), absDirection.EAST: None, absDirection.SOUTH: None, absDirection.WEST: None}
2026-06-24 23:27:35,511 - mazeUtils.mazeMap - [mazeMap.py:61] - INFO - next goal: (20, 17, 0)
2026-06-24 23:27:35,527 - mazeUtils.moveTile - [moveTile.py:79] - DEBUG - Moving to absDirection.NORTH from (20, 18, 0) facing absDirection.NORTH
2026-06-24 23:27:35,562 - mazeUtils.moveTile - [moveTile.py:79] - DEBUG - current heading: 0.5099999999999909 target: 0
2026-06-24 23:27:35,581 - mazeUtils.moveTile - [moveTile.py:426] - DEBUG - stopped turning at heading: 0.5099999999999909, diff: 0.5099999999999909
2026-06-24 23:27:35,625 - mazeUtils.moveTile - [moveTile.py:79] - DEBUG - Turned to heading: 0.2799999999999727 deg
2026-06-24 23:27:35,869 - picamera2.picamera2 - [picamera2.py:1391] - DEBUG - Execute job: <picamera2.job.Job object at 0x7f883443d0>
2026-06-24 23:27:35,872 - mazeUtils.device.camera - [camera.py:39] - DEBUG - Average HSV: H=129.4, S=75.7, V=190.2
2026-06-24 23:27:35,913 - mazeUtils.moveTile - [moveTile.py:79] - DEBUG - roll: 357.04 deg, practicalMoveTime: 0.059395772671031626 sec
2026-06-24 23:27:35,914 - mazeUtils.moveTile - [moveTile.py:1763] - DEBUG - moveTile loop time: 58.1 ms
2026-06-24 23:27:35,919 - picamera2.picamera2 - [picamera2.py:1391] - DEBUG - Execute job: <picamera2.job.Job object at 0x7fa4c50050>
2026-06-24 23:27:35,922 - mazeUtils.device.camera - [camera.py:39] - DEBUG - Average HSV: H=130.3, S=69.9, V=192.0
2026-06-24 23:27:35,956 - mazeUtils.moveTile - [moveTile.py:79] - DEBUG - roll: 357.45 deg, practicalMoveTime: 0.10151507903290102 sec
2026-06-24 23:27:35,956 - mazeUtils.moveTile - [moveTile.py:1763] - DEBUG - moveTile loop time: 42.6 ms
2026-06-24 23:27:35,961 - picamera2.picamera2 - [picamera2.py:1391] - DEBUG - Execute job: <picamera2.job.Job object at 0x7fb84d2090>
2026-06-24 23:27:35,964 - mazeUtils.device.camera - [camera.py:39] - DEBUG - Average HSV: H=137.6, S=30.5, V=208.6
2026-06-24 23:27:36,002 - mazeUtils.moveTile - [moveTile.py:79] - DEBUG - roll: 357.88 deg, practicalMoveTime: 0.14687648668007486 sec
2026-06-24 23:27:36,002 - mazeUtils.moveTile - [moveTile.py:1763] - DEBUG - moveTile loop time: 45.3 ms
2026-06-24 23:27:36,013 - picamera2.picamera2 - [picamera2.py:1391] - DEBUG - Execute job: <picamera2.job.Job object at 0x7fa4c50050>
2026-06-24 23:27:36,016 - mazeUtils.device.camera - [camera.py:39] - DEBUG - Average HSV: H=132.8, S=35.6, V=212.2
2026-06-24 23:27:36,050 - mazeUtils.moveTile - [moveTile.py:79] - DEBUG - roll: 357.56 deg, practicalMoveTime: 0.19390069691101477 sec
2026-06-24 23:27:36,050 - mazeUtils.moveTile - [moveTile.py:1763] - DEBUG - moveTile loop time: 47.4 ms
2026-06-24 23:27:36,055 - picamera2.picamera2 - [picamera2.py:1391] - DEBUG - Execute job: <picamera2.job.Job object at 0x7fa4c53d90>
2026-06-24 23:27:36,059 - mazeUtils.device.camera - [camera.py:39] - DEBUG - Average HSV: H=128.8, S=39.8, V=217.7
2026-06-24 23:27:36,096 - mazeUtils.moveTile - [moveTile.py:79] - DEBUG - roll: 358.19 deg, practicalMoveTime: 0.23976147916995375 sec
2026-06-24 23:27:36,096 - mazeUtils.moveTile - [moveTile.py:1763] - DEBUG - moveTile loop time: 46.0 ms
2026-06-24 23:27:36,108 - picamera2.picamera2 - [picamera2.py:1391] - DEBUG - Execute job: <picamera2.job.Job object at 0x7f88c69d10>
2026-06-24 23:27:36,111 - mazeUtils.device.camera - [camera.py:39] - DEBUG - Average HSV: H=127.3, S=40.0, V=221.1
2026-06-24 23:27:36,149 - mazeUtils.moveTile - [moveTile.py:79] - DEBUG - roll: 2.0300000000000296 deg, practicalMoveTime: 0.292604956334753 sec
2026-06-24 23:27:36,150 - mazeUtils.moveTile - [moveTile.py:1763] - DEBUG - moveTile loop time: 53.1 ms
2026-06-24 23:27:36,157 - picamera2.picamera2 - [picamera2.py:1391] - DEBUG - Execute job: <picamera2.job.Job object at 0x7fa4c503d0>
2026-06-24 23:27:36,160 - mazeUtils.device.camera - [camera.py:39] - DEBUG - Average HSV: H=114.0, S=116.4, V=229.7
2026-06-24 23:27:36,194 - mazeUtils.moveTile - [moveTile.py:79] - DEBUG - roll: 5.1299999999999955 deg, practicalMoveTime: 0.33644894249911744 sec
2026-06-24 23:27:36,195 - mazeUtils.moveTile - [moveTile.py:1763] - DEBUG - moveTile loop time: 44.7 ms
2026-06-24 23:27:36,200 - picamera2.picamera2 - [picamera2.py:1391] - DEBUG - Execute job: <picamera2.job.Job object at 0x7fa4c50050>
2026-06-24 23:27:36,204 - mazeUtils.device.camera - [camera.py:39] - DEBUG - Average HSV: H=114.5, S=114.8, V=229.0
2026-06-24 23:27:36,252 - mazeUtils.moveTile - [moveTile.py:79] - DEBUG - roll: 4.069999999999993 deg, practicalMoveTime: 0.3930467715865473 sec
2026-06-24 23:27:36,252 - mazeUtils.moveTile - [moveTile.py:1763] - DEBUG - moveTile loop time: 56.6 ms
2026-06-24 23:27:36,259 - picamera2.picamera2 - [picamera2.py:1391] - DEBUG - Execute job: <picamera2.job.Job object at 0x7fa4c50050>
2026-06-24 23:27:36,262 - mazeUtils.device.camera - [camera.py:39] - DEBUG - Average HSV: H=113.9, S=82.2, V=243.5
2026-06-24 23:27:36,303 - mazeUtils.moveTile - [moveTile.py:79] - DEBUG - roll: 3.819999999999993 deg, practicalMoveTime: 0.443634882375689 sec
2026-06-24 23:27:36,304 - mazeUtils.moveTile - [moveTile.py:1763] - DEBUG - moveTile loop time: 51.6 ms
2026-06-24 23:27:36,312 - picamera2.picamera2 - [picamera2.py:1391] - DEBUG - Execute job: <picamera2.job.Job object at 0x7f89203f50>
2026-06-24 23:27:36,316 - mazeUtils.device.camera - [camera.py:39] - DEBUG - Average HSV: H=152.7, S=28.1, V=182.7
2026-06-24 23:27:36,353 - mazeUtils.moveTile - [moveTile.py:79] - DEBUG - roll: 5.610000000000014 deg, practicalMoveTime: 0.4831267888966312 sec
2026-06-24 23:27:36,354 - mazeUtils.moveTile - [moveTile.py:1763] - DEBUG - moveTile loop time: 49.7 ms
2026-06-24 23:27:36,359 - picamera2.picamera2 - [picamera2.py:1391] - DEBUG - Execute job: <picamera2.job.Job object at 0x7fa4c53d90>
2026-06-24 23:27:36,362 - mazeUtils.device.camera - [camera.py:39] - DEBUG - Average HSV: H=152.8, S=28.8, V=181.3
2026-06-24 23:27:36,397 - mazeUtils.moveTile - [moveTile.py:79] - DEBUG - roll: 7.03000000000003 deg, practicalMoveTime: 0.5171724977939502 sec
2026-06-24 23:27:36,397 - mazeUtils.moveTile - [moveTile.py:1763] - DEBUG - moveTile loop time: 43.2 ms
2026-06-24 23:27:36,402 - picamera2.picamera2 - [picamera2.py:1391] - DEBUG - Execute job: <picamera2.job.Job object at 0x7f88344450>
2026-06-24 23:27:36,406 - mazeUtils.device.camera - [camera.py:39] - DEBUG - Average HSV: H=154.9, S=30.7, V=177.4
2026-06-24 23:27:36,444 - mazeUtils.moveTile - [moveTile.py:79] - DEBUG - roll: 6.819999999999993 deg, practicalMoveTime: 0.5541151642019961 sec
2026-06-24 23:27:36,444 - mazeUtils.moveTile - [moveTile.py:1763] - DEBUG - moveTile loop time: 46.9 ms
2026-06-24 23:27:36,449 - picamera2.picamera2 - [picamera2.py:1391] - DEBUG - Execute job: <picamera2.job.Job object at 0x7fa4c503d0>
2026-06-24 23:27:36,452 - mazeUtils.device.camera - [camera.py:39] - DEBUG - Average HSV: H=159.3, S=34.4, V=170.6
2026-06-24 23:27:36,486 - mazeUtils.moveTile - [moveTile.py:79] - DEBUG - roll: 10.45999999999998 deg, practicalMoveTime: 0.5867859452203988 sec
2026-06-24 23:27:36,486 - mazeUtils.moveTile - [moveTile.py:1763] - DEBUG - moveTile loop time: 41.4 ms
2026-06-24 23:27:36,490 - picamera2.picamera2 - [picamera2.py:1391] - DEBUG - Execute job: <picamera2.job.Job object at 0x7fa4c503d0>
2026-06-24 23:27:36,494 - mazeUtils.device.camera - [camera.py:39] - DEBUG - Average HSV: H=159.4, S=41.7, V=158.6
2026-06-24 23:27:36,527 - mazeUtils.moveTile - [moveTile.py:79] - DEBUG - roll: 13.310000000000002 deg, practicalMoveTime: 0.6184274269621067 sec
2026-06-24 23:27:36,527 - mazeUtils.moveTile - [moveTile.py:1763] - DEBUG - moveTile loop time: 40.9 ms
2026-06-24 23:27:36,532 - picamera2.picamera2 - [picamera2.py:1391] - DEBUG - Execute job: <picamera2.job.Job object at 0x7fa4c50050>
2026-06-24 23:27:36,535 - mazeUtils.device.camera - [camera.py:39] - DEBUG - Average HSV: H=146.1, S=41.8, V=141.6
2026-06-24 23:27:36,568 - mazeUtils.moveTile - [moveTile.py:79] - DEBUG - roll: 17.410000000000025 deg, practicalMoveTime: 0.6493225707419198 sec
2026-06-24 23:27:36,568 - mazeUtils.moveTile - [moveTile.py:1763] - DEBUG - moveTile loop time: 40.6 ms
2026-06-24 23:27:36,575 - picamera2.picamera2 - [picamera2.py:1391] - DEBUG - Execute job: <picamera2.job.Job object at 0x7fa4c53d90>
2026-06-24 23:27:36,579 - mazeUtils.device.camera - [camera.py:39] - DEBUG - Average HSV: H=149.1, S=54.3, V=107.8
2026-06-24 23:27:36,618 - mazeUtils.moveTile - [moveTile.py:79] - DEBUG - roll: 21.410000000000025 deg, practicalMoveTime: 0.6862197917823225 sec
2026-06-24 23:27:36,618 - mazeUtils.moveTile - [moveTile.py:1763] - DEBUG - moveTile loop time: 49.4 ms
2026-06-24 23:27:36,623 - picamera2.picamera2 - [picamera2.py:1391] - DEBUG - Execute job: <picamera2.job.Job object at 0x7fa4c50050>
2026-06-24 23:27:36,626 - mazeUtils.device.camera - [camera.py:39] - DEBUG - Average HSV: H=145.1, S=59.5, V=106.4
2026-06-24 23:27:36,665 - mazeUtils.moveTile - [moveTile.py:79] - DEBUG - roll: 17.55000000000001 deg, practicalMoveTime: 0.7220703690964131 sec
2026-06-24 23:27:36,666 - mazeUtils.moveTile - [moveTile.py:1763] - DEBUG - moveTile loop time: 47.6 ms
2026-06-24 23:27:36,672 - picamera2.picamera2 - [picamera2.py:1391] - DEBUG - Execute job: <picamera2.job.Job object at 0x7fa4c503d0>
2026-06-24 23:27:36,676 - mazeUtils.device.camera - [camera.py:39] - DEBUG - Average HSV: H=150.1, S=46.7, V=113.8
2026-06-24 23:27:36,711 - mazeUtils.moveTile - [moveTile.py:79] - DEBUG - roll: 10.389999999999986 deg, practicalMoveTime: 0.7567002133076361 sec
2026-06-24 23:27:36,711 - mazeUtils.moveTile - [moveTile.py:1763] - DEBUG - moveTile loop time: 45.2 ms
2026-06-24 23:27:36,716 - picamera2.picamera2 - [picamera2.py:1391] - DEBUG - Execute job: <picamera2.job.Job object at 0x7f88344450>
2026-06-24 23:27:36,719 - mazeUtils.device.camera - [camera.py:39] - DEBUG - Average HSV: H=135.4, S=50.3, V=162.8
2026-06-24 23:27:36,751 - mazeUtils.moveTile - [moveTile.py:79] - DEBUG - roll: 9.649999999999977 deg, practicalMoveTime: 0.788297589006361 sec
2026-06-24 23:27:36,752 - mazeUtils.moveTile - [moveTile.py:1763] - DEBUG - moveTile loop time: 40.4 ms
2026-06-24 23:27:36,758 - picamera2.picamera2 - [picamera2.py:1391] - DEBUG - Execute job: <picamera2.job.Job object at 0x7fa4c50050>
2026-06-24 23:27:36,761 - mazeUtils.device.camera - [camera.py:39] - DEBUG - Average HSV: H=132.0, S=52.9, V=175.8
2026-06-24 23:27:36,801 - mazeUtils.moveTile - [moveTile.py:79] - DEBUG - roll: 7.310000000000002 deg, practicalMoveTime: 0.8270842134000305 sec
2026-06-24 23:27:36,801 - mazeUtils.moveTile - [moveTile.py:1763] - DEBUG - moveTile loop time: 49.2 ms
2026-06-24 23:27:36,805 - picamera2.picamera2 - [picamera2.py:1391] - DEBUG - Execute job: <picamera2.job.Job object at 0x7fa4c50050>
2026-06-24 23:27:36,809 - mazeUtils.device.camera - [camera.py:39] - DEBUG - Average HSV: H=130.7, S=56.6, V=175.3
2026-06-24 23:27:36,841 - mazeUtils.moveTile - [moveTile.py:1636] - INFO - practicalVerticalMove: 2.9851340946517078 CM
2026-06-24 23:27:36,890 - mazeUtils.moveTile - [moveTile.py:1959] - INFO - Set moved vertical distance: 2.9851340946517078 cm, past distances: [(0.8445156907527305, False), (-0.5389298612158993, False), (0, False)]
2026-06-24 23:27:37,031 - mazeUtils.moveTile - [moveTile.py:552] - DEBUG - Direction: absDirection.NORTH, Angle: 0, Distance: 80.12881619285601 cm
2026-06-24 23:27:37,031 - mazeUtils.moveTile - [moveTile.py:574] - DEBUG - Front LiDAR distance: 80.12881619285601 cm, TSD10 distance: 68.7 cm
2026-06-24 23:27:37,032 - mazeUtils.moveTile - [moveTile.py:552] - DEBUG - Direction: absDirection.EAST, Angle: 270, Distance: 19.363424947342924 cm
2026-06-24 23:27:37,033 - mazeUtils.moveTile - [moveTile.py:552] - DEBUG - Direction: absDirection.SOUTH, Angle: 180, Distance: 107.09144348209583 cm
2026-06-24 23:27:37,035 - mazeUtils.moveTile - [moveTile.py:552] - DEBUG - Direction: absDirection.WEST, Angle: 90, Distance: 20.692906724121592 cm
2026-06-24 23:27:37,036 - mazeUtils.moveTile - [moveTile.py:2119] - INFO - Tile color detection, decided tile type: E
2026-06-24 23:27:37,097 - __main__ - [main.py:105] - INFO - Current position: (20, 17, 0), front direction: absDirection.NORTH
Layer 0 (altitude=0.0cm, offset=(0.0cm, 0.0cm)):
Known map area: x=20..20, y=17..20
+   +
| @ |
+   +
| E |
+   +
  E |
+   +
| S |
+---+
mazeAsGraph[0][17][20] = {absDirection.NORTH: (20, 16, 0, 30), absDirection.EAST: None, absDirection.SOUTH: (20, 18, 0, 30), absDirection.WEST: None}
mazeAsGraph[0][18][20] = {absDirection.NORTH: (20, 17, 0, 30), absDirection.EAST: None, absDirection.SOUTH: (20, 19, 0, 30), absDirection.WEST: None}
mazeAsGraph[0][19][20] = {absDirection.NORTH: (20, 18, 0, 30), absDirection.EAST: None, absDirection.SOUTH: (20, 20, 0, 30), absDirection.WEST: (19, 19, 0, 30)}
mazeAsGraph[0][20][20] = {absDirection.NORTH: (20, 19, 0, 30), absDirection.EAST: None, absDirection.SOUTH: None, absDirection.WEST: None}
2026-06-24 23:27:37,101 - mazeUtils.mazeMap - [mazeMap.py:61] - INFO - next goal: (20, 16, 0)
2026-06-24 23:27:37,112 - mazeUtils.moveTile - [moveTile.py:79] - DEBUG - Moving to absDirection.NORTH from (20, 17, 0) facing absDirection.NORTH
2026-06-24 23:27:37,143 - mazeUtils.moveTile - [moveTile.py:79] - DEBUG - current heading: 3.019999999999982 target: 0
2026-06-24 23:27:37,161 - mazeUtils.moveTile - [moveTile.py:426] - DEBUG - stopped turning at heading: 3.019999999999982, diff: 3.019999999999982
2026-06-24 23:27:37,239 - mazeUtils.moveTile - [moveTile.py:79] - DEBUG - Turned to heading: 1.9799999999999613 deg
2026-06-24 23:27:37,451 - picamera2.picamera2 - [picamera2.py:1391] - DEBUG - Execute job: <picamera2.job.Job object at 0x7fabea7390>
2026-06-24 23:27:37,456 - mazeUtils.device.camera - [camera.py:39] - DEBUG - Average HSV: H=129.8, S=60.1, V=173.6
2026-06-24 23:27:37,489 - mazeUtils.moveTile - [moveTile.py:79] - DEBUG - roll: 7.4599999999999795 deg, practicalMoveTime: 0.033151862881324455 sec
2026-06-24 23:27:37,489 - mazeUtils.moveTile - [moveTile.py:1763] - DEBUG - moveTile loop time: 41.4 ms
2026-06-24 23:27:37,494 - picamera2.picamera2 - [picamera2.py:1391] - DEBUG - Execute job: <picamera2.job.Job object at 0x7f89203f50>
2026-06-24 23:27:37,497 - mazeUtils.device.camera - [camera.py:39] - DEBUG - Average HSV: H=130.2, S=59.2, V=173.8
2026-06-24 23:27:37,531 - mazeUtils.moveTile - [moveTile.py:79] - DEBUG - roll: 7.180000000000007 deg, practicalMoveTime: 0.06642512469592479 sec
2026-06-24 23:27:37,531 - mazeUtils.moveTile - [moveTile.py:1763] - DEBUG - moveTile loop time: 42.1 ms
2026-06-24 23:27:37,536 - picamera2.picamera2 - [picamera2.py:1391] - DEBUG - Execute job: <picamera2.job.Job object at 0x7fabea7390>
2026-06-24 23:27:37,540 - mazeUtils.device.camera - [camera.py:39] - DEBUG - Average HSV: H=129.8, S=58.7, V=177.2
2026-06-24 23:27:37,572 - mazeUtils.moveTile - [moveTile.py:79] - DEBUG - roll: 5.720000000000027 deg, practicalMoveTime: 0.10659157858840798 sec
2026-06-24 23:27:37,572 - mazeUtils.moveTile - [moveTile.py:1763] - DEBUG - moveTile loop time: 40.6 ms
2026-06-24 23:27:37,577 - picamera2.picamera2 - [picamera2.py:1391] - DEBUG - Execute job: <picamera2.job.Job object at 0x7fa208e490>
2026-06-24 23:27:37,581 - mazeUtils.device.camera - [camera.py:39] - DEBUG - Average HSV: H=130.0, S=58.4, V=175.5
2026-06-24 23:27:37,616 - mazeUtils.moveTile - [moveTile.py:79] - DEBUG - roll: 1.6999999999999886 deg, practicalMoveTime: 0.14988499487294993 sec
2026-06-24 23:27:37,616 - mazeUtils.moveTile - [moveTile.py:1763] - DEBUG - moveTile loop time: 43.8 ms
2026-06-24 23:27:37,626 - picamera2.picamera2 - [picamera2.py:1391] - DEBUG - Execute job: <picamera2.job.Job object at 0x7fa208c690>
2026-06-24 23:27:37,629 - mazeUtils.device.camera - [camera.py:39] - DEBUG - Average HSV: H=125.0, S=59.6, V=196.9
2026-06-24 23:27:37,667 - mazeUtils.moveTile - [moveTile.py:79] - DEBUG - roll: 0.2300000000000182 deg, practicalMoveTime: 0.20084665550711195 sec
2026-06-24 23:27:37,668 - mazeUtils.moveTile - [moveTile.py:1763] - DEBUG - moveTile loop time: 51.2 ms
2026-06-24 23:27:37,673 - picamera2.picamera2 - [picamera2.py:1391] - DEBUG - Execute job: <picamera2.job.Job object at 0x7f92cee610>
2026-06-24 23:27:37,676 - mazeUtils.device.camera - [camera.py:39] - DEBUG - Average HSV: H=125.8, S=58.9, V=195.3
2026-06-24 23:27:37,708 - mazeUtils.moveTile - [moveTile.py:79] - DEBUG - roll: 357.77 deg, practicalMoveTime: 0.24094151342179176 sec
2026-06-24 23:27:37,708 - mazeUtils.moveTile - [moveTile.py:1763] - DEBUG - moveTile loop time: 40.3 ms
2026-06-24 23:27:37,716 - picamera2.picamera2 - [picamera2.py:1391] - DEBUG - Execute job: <picamera2.job.Job object at 0x7f88c05b10>
2026-06-24 23:27:37,720 - mazeUtils.device.camera - [camera.py:39] - DEBUG - Average HSV: H=123.2, S=61.8, V=203.0
2026-06-24 23:27:37,758 - mazeUtils.moveTile - [moveTile.py:79] - DEBUG - roll: 357.79 deg, practicalMoveTime: 0.2906892209447219 sec
2026-06-24 23:27:37,759 - mazeUtils.moveTile - [moveTile.py:1763] - DEBUG - moveTile loop time: 50.2 ms
2026-06-24 23:27:37,765 - picamera2.picamera2 - [picamera2.py:1391] - DEBUG - Execute job: <picamera2.job.Job object at 0x7f89203f50>
2026-06-24 23:27:37,768 - mazeUtils.device.camera - [camera.py:39] - DEBUG - Average HSV: H=122.2, S=62.5, V=204.2
2026-06-24 23:27:37,802 - mazeUtils.moveTile - [moveTile.py:79] - DEBUG - roll: 354.54 deg, practicalMoveTime: 0.33377484338087254 sec
2026-06-24 23:27:37,802 - mazeUtils.moveTile - [moveTile.py:1763] - DEBUG - moveTile loop time: 43.6 ms
2026-06-24 23:27:37,808 - picamera2.picamera2 - [picamera2.py:1391] - DEBUG - Execute job: <picamera2.job.Job object at 0x7f92cee510>
2026-06-24 23:27:37,811 - mazeUtils.device.camera - [camera.py:39] - DEBUG - Average HSV: H=118.8, S=65.2, V=212.6
2026-06-24 23:27:37,845 - mazeUtils.moveTile - [moveTile.py:79] - DEBUG - roll: 349.25 deg, practicalMoveTime: 0.37529581256072825 sec
2026-06-24 23:27:37,845 - mazeUtils.moveTile - [moveTile.py:1763] - DEBUG - moveTile loop time: 42.2 ms
2026-06-24 23:27:37,850 - picamera2.picamera2 - [picamera2.py:1391] - DEBUG - Execute job: <picamera2.job.Job object at 0x7f88867f10>
2026-06-24 23:27:37,853 - mazeUtils.device.camera - [camera.py:39] - DEBUG - Average HSV: H=115.0, S=79.7, V=217.9
2026-06-24 23:27:37,886 - mazeUtils.moveTile - [moveTile.py:79] - DEBUG - roll: 349.32 deg, practicalMoveTime: 0.4190525254551077 sec
2026-06-24 23:27:37,886 - mazeUtils.moveTile - [moveTile.py:1763] - DEBUG - moveTile loop time: 40.8 ms
2026-06-24 23:27:37,894 - picamera2.picamera2 - [picamera2.py:1391] - DEBUG - Execute job: <picamera2.job.Job object at 0x7f88867ed0>
2026-06-24 23:27:37,897 - mazeUtils.device.camera - [camera.py:39] - DEBUG - Average HSV: H=115.2, S=76.0, V=219.9
2026-06-24 23:27:37,940 - mazeUtils.moveTile - [moveTile.py:79] - DEBUG - roll: 349.2 deg, practicalMoveTime: 0.47734693946135814 sec
2026-06-24 23:27:37,940 - mazeUtils.moveTile - [moveTile.py:1763] - DEBUG - moveTile loop time: 54.1 ms
2026-06-24 23:27:37,945 - picamera2.picamera2 - [picamera2.py:1391] - DEBUG - Execute job: <picamera2.job.Job object at 0x7f88867e90>
2026-06-24 23:27:37,948 - mazeUtils.device.camera - [camera.py:39] - DEBUG - Average HSV: H=113.0, S=107.9, V=215.4
2026-06-24 23:27:37,984 - mazeUtils.moveTile - [moveTile.py:79] - DEBUG - roll: 349.32 deg, practicalMoveTime: 0.5241818301276583 sec
2026-06-24 23:27:37,985 - mazeUtils.moveTile - [moveTile.py:1763] - DEBUG - moveTile loop time: 44.3 ms
2026-06-24 23:27:37,991 - picamera2.picamera2 - [picamera2.py:1391] - DEBUG - Execute job: <picamera2.job.Job object at 0x7fa208c650>
2026-06-24 23:27:37,996 - mazeUtils.device.camera - [camera.py:39] - DEBUG - Average HSV: H=114.7, S=90.4, V=211.5
2026-06-24 23:27:38,035 - mazeUtils.moveTile - [moveTile.py:79] - DEBUG - roll: 348.16 deg, practicalMoveTime: 0.5786527362592617 sec
2026-06-24 23:27:38,036 - mazeUtils.moveTile - [moveTile.py:1763] - DEBUG - moveTile loop time: 50.7 ms
2026-06-24 23:27:38,050 - picamera2.picamera2 - [picamera2.py:1391] - DEBUG - Execute job: <picamera2.job.Job object at 0x7fa208c650>
2026-06-24 23:27:38,054 - mazeUtils.device.camera - [camera.py:39] - DEBUG - Average HSV: H=110.0, S=177.4, V=205.6
2026-06-24 23:27:38,095 - mazeUtils.moveTile - [moveTile.py:79] - DEBUG - roll: 339.32 deg, practicalMoveTime: 0.6415125857095892 sec
2026-06-24 23:27:38,096 - mazeUtils.moveTile - [moveTile.py:1763] - DEBUG - moveTile loop time: 59.4 ms
2026-06-24 23:27:38,105 - picamera2.picamera2 - [picamera2.py:1391] - DEBUG - Execute job: <picamera2.job.Job object at 0x7fa208c650>
2026-06-24 23:27:38,110 - mazeUtils.device.camera - [camera.py:39] - DEBUG - Average HSV: H=108.0, S=212.9, V=210.0
2026-06-24 23:27:38,153 - mazeUtils.moveTile - [moveTile.py:79] - DEBUG - roll: 340.53000000000003 deg, practicalMoveTime: 0.7000645990850503 sec
2026-06-24 23:27:38,153 - mazeUtils.moveTile - [moveTile.py:1763] - DEBUG - moveTile loop time: 57.1 ms
2026-06-24 23:27:38,157 - picamera2.picamera2 - [picamera2.py:1391] - DEBUG - Execute job: <picamera2.job.Job object at 0x7f88c05b10>
2026-06-24 23:27:38,163 - mazeUtils.device.camera - [camera.py:39] - DEBUG - Average HSV: H=107.6, S=211.5, V=215.1
2026-06-24 23:27:38,198 - mazeUtils.moveTile - [moveTile.py:79] - DEBUG - roll: 345.61 deg, practicalMoveTime: 0.7475166511998453 sec
2026-06-24 23:27:38,199 - mazeUtils.moveTile - [moveTile.py:1763] - DEBUG - moveTile loop time: 45.1 ms
2026-06-24 23:27:38,212 - picamera2.picamera2 - [picamera2.py:1391] - DEBUG - Execute job: <picamera2.job.Job object at 0x7f88c05b10>
2026-06-24 23:27:38,216 - mazeUtils.device.camera - [camera.py:39] - DEBUG - Average HSV: H=108.3, S=199.0, V=215.0
2026-06-24 23:27:38,259 - mazeUtils.moveTile - [moveTile.py:79] - DEBUG - roll: 350.05 deg, practicalMoveTime: 0.8066580759588409 sec
2026-06-24 23:27:38,259 - mazeUtils.moveTile - [moveTile.py:1763] - DEBUG - moveTile loop time: 60.2 ms
2026-06-24 23:27:38,265 - picamera2.picamera2 - [picamera2.py:1391] - DEBUG - Execute job: <picamera2.job.Job object at 0x7f93cc84d0>
2026-06-24 23:27:38,269 - mazeUtils.device.camera - [camera.py:39] - DEBUG - Average HSV: H=108.8, S=198.4, V=211.6
2026-06-24 23:27:38,305 - mazeUtils.moveTile - [moveTile.py:1636] - INFO - practicalVerticalMove: -3.6153837380189096 CM
2026-06-24 23:27:38,354 - mazeUtils.moveTile - [moveTile.py:1959] - INFO - Set moved vertical distance: -3.6153837380189096 cm, past distances: [(2.9851340946517078, False), (0.8445156907527305, False), (-0.5389298612158993, False)]
2026-06-24 23:27:38,503 - mazeUtils.moveTile - [moveTile.py:552] - DEBUG - Direction: absDirection.NORTH, Angle: 0, Distance: 50.83310662882845 cm
2026-06-24 23:27:38,504 - mazeUtils.moveTile - [moveTile.py:574] - DEBUG - Front LiDAR distance: 50.83310662882845 cm, TSD10 distance: 31.7 cm
2026-06-24 23:27:38,506 - mazeUtils.moveTile - [moveTile.py:552] - DEBUG - Direction: absDirection.EAST, Angle: 270, Distance: 20.88766367212967 cm
2026-06-24 23:27:38,508 - mazeUtils.moveTile - [moveTile.py:552] - DEBUG - Direction: absDirection.SOUTH, Angle: 180, Distance: 216.711123924958 cm
2026-06-24 23:27:38,511 - mazeUtils.moveTile - [moveTile.py:552] - DEBUG - Direction: absDirection.WEST, Angle: 90, Distance: 46.15635534892729 cm
2026-06-24 23:27:38,514 - mazeUtils.moveTile - [moveTile.py:2119] - INFO - Tile color detection, decided tile type: E
2026-06-24 23:27:38,588 - __main__ - [main.py:105] - INFO - Current position: (20, 16, 0), front direction: absDirection.NORTH
Layer 0 (altitude=0.0cm, offset=(0.0cm, 0.0cm)):
Known map area: x=20..20, y=16..20
+   +
  @ |
+   +
| E |
+   +
| E |
+   +
  E |
+   +
| S |
+---+
mazeAsGraph[0][16][20] = {absDirection.NORTH: (20, 15, 0, 30), absDirection.EAST: None, absDirection.SOUTH: (20, 17, 0, 30), absDirection.WEST: (19, 16, 0, 30)}
mazeAsGraph[0][17][20] = {absDirection.NORTH: (20, 16, 0, 30), absDirection.EAST: None, absDirection.SOUTH: (20, 18, 0, 30), absDirection.WEST: None}
mazeAsGraph[0][18][20] = {absDirection.NORTH: (20, 17, 0, 30), absDirection.EAST: None, absDirection.SOUTH: (20, 19, 0, 30), absDirection.WEST: None}
mazeAsGraph[0][19][20] = {absDirection.NORTH: (20, 18, 0, 30), absDirection.EAST: None, absDirection.SOUTH: (20, 20, 0, 30), absDirection.WEST: (19, 19, 0, 30)}
mazeAsGraph[0][20][20] = {absDirection.NORTH: (20, 19, 0, 30), absDirection.EAST: None, absDirection.SOUTH: None, absDirection.WEST: None}
2026-06-24 23:27:38,597 - mazeUtils.mazeMap - [mazeMap.py:61] - INFO - next goal: (20, 15, 0)
2026-06-24 23:27:38,606 - mazeUtils.moveTile - [moveTile.py:79] - DEBUG - Moving to absDirection.NORTH from (20, 16, 0) facing absDirection.NORTH
2026-06-24 23:27:38,633 - mazeUtils.moveTile - [moveTile.py:79] - DEBUG - current heading: 357.14 target: 0
2026-06-24 23:27:38,652 - mazeUtils.moveTile - [moveTile.py:426] - DEBUG - stopped turning at heading: 357.14, diff: 2.8600000000000136
2026-06-24 23:27:38,743 - mazeUtils.moveTile - [moveTile.py:79] - DEBUG - Turned to heading: 358.04999999999995 deg
2026-06-24 23:27:38,962 - picamera2.picamera2 - [picamera2.py:1391] - DEBUG - Execute job: <picamera2.job.Job object at 0x7f8864a350>
2026-06-24 23:27:38,967 - mazeUtils.device.camera - [camera.py:39] - DEBUG - Average HSV: H=109.4, S=188.1, V=209.1
2026-06-24 23:27:39,014 - mazeUtils.moveTile - [moveTile.py:79] - DEBUG - roll: 351.22 deg, practicalMoveTime: 0.055615372686157453 sec
2026-06-24 23:27:39,015 - mazeUtils.moveTile - [moveTile.py:1763] - DEBUG - moveTile loop time: 56.1 ms
2026-06-24 23:27:39,026 - picamera2.picamera2 - [picamera2.py:1391] - DEBUG - Execute job: <picamera2.job.Job object at 0x7f92ce3610>
2026-06-24 23:27:39,030 - mazeUtils.device.camera - [camera.py:39] - DEBUG - Average HSV: H=109.6, S=195.2, V=206.6
2026-06-24 23:27:39,069 - mazeUtils.moveTile - [moveTile.py:79] - DEBUG - roll: 354.06 deg, practicalMoveTime: 0.10949366422048609 sec
2026-06-24 23:27:39,070 - mazeUtils.moveTile - [moveTile.py:1763] - DEBUG - moveTile loop time: 54.8 ms
2026-06-24 23:27:39,074 - picamera2.picamera2 - [picamera2.py:1391] - DEBUG - Execute job: <picamera2.job.Job object at 0x7f8864a290>
2026-06-24 23:27:39,080 - mazeUtils.device.camera - [camera.py:39] - DEBUG - Average HSV: H=111.7, S=150.3, V=202.4
2026-06-24 23:27:39,116 - mazeUtils.moveTile - [moveTile.py:79] - DEBUG - roll: 357.49 deg, practicalMoveTime: 0.15587301971668371 sec
2026-06-24 23:27:39,117 - mazeUtils.moveTile - [moveTile.py:1763] - DEBUG - moveTile loop time: 46.9 ms
2026-06-24 23:27:39,128 - picamera2.picamera2 - [picamera2.py:1391] - DEBUG - Execute job: <picamera2.job.Job object at 0x7fabed8210>
2026-06-24 23:27:39,133 - mazeUtils.device.camera - [camera.py:39] - DEBUG - Average HSV: H=112.9, S=127.4, V=204.3
2026-06-24 23:27:39,170 - mazeUtils.moveTile - [moveTile.py:79] - DEBUG - roll: 0.11000000000001364 deg, practicalMoveTime: 0.20835696461337805 sec
2026-06-24 23:27:39,170 - mazeUtils.moveTile - [moveTile.py:1763] - DEBUG - moveTile loop time: 52.1 ms
2026-06-24 23:27:39,176 - picamera2.picamera2 - [picamera2.py:1391] - DEBUG - Execute job: <picamera2.job.Job object at 0x7f88c69d10>
2026-06-24 23:27:39,180 - mazeUtils.device.camera - [camera.py:39] - DEBUG - Average HSV: H=113.2, S=127.9, V=201.1
2026-06-24 23:27:39,216 - mazeUtils.moveTile - [moveTile.py:79] - DEBUG - roll: 0.8500000000000227 deg, practicalMoveTime: 0.25381729512065015 sec
2026-06-24 23:27:39,216 - mazeUtils.moveTile - [moveTile.py:1763] - DEBUG - moveTile loop time: 45.7 ms
2026-06-24 23:27:39,222 - picamera2.picamera2 - [picamera2.py:1391] - DEBUG - Execute job: <picamera2.job.Job object at 0x7f8864a450>
2026-06-24 23:27:39,227 - mazeUtils.device.camera - [camera.py:39] - DEBUG - Average HSV: H=113.9, S=124.7, V=198.7
2026-06-24 23:27:39,266 - mazeUtils.moveTile - [moveTile.py:79] - DEBUG - roll: 0.5300000000000296 deg, practicalMoveTime: 0.30370927401331654 sec
2026-06-24 23:27:39,267 - mazeUtils.moveTile - [moveTile.py:1763] - DEBUG - moveTile loop time: 50.3 ms
2026-06-24 23:27:39,272 - picamera2.picamera2 - [picamera2.py:1391] - DEBUG - Execute job: <picamera2.job.Job object at 0x7f92ce36d0>
2026-06-24 23:27:39,277 - mazeUtils.device.camera - [camera.py:39] - DEBUG - Average HSV: H=113.3, S=132.1, V=197.6
2026-06-24 23:27:39,315 - mazeUtils.moveTile - [moveTile.py:79] - DEBUG - roll: 0.34000000000003183 deg, practicalMoveTime: 0.351297875118098 sec
2026-06-24 23:27:39,316 - mazeUtils.moveTile - [moveTile.py:1763] - DEBUG - moveTile loop time: 47.9 ms
2026-06-24 23:27:39,328 - picamera2.picamera2 - [picamera2.py:1391] - DEBUG - Execute job: <picamera2.job.Job object at 0x7fabed8210>
2026-06-24 23:27:39,333 - mazeUtils.device.camera - [camera.py:39] - DEBUG - Average HSV: H=112.6, S=139.4, V=200.8
2026-06-24 23:27:39,372 - mazeUtils.moveTile - [moveTile.py:79] - DEBUG - roll: 0.2599999999999909 deg, practicalMoveTime: 0.4075463929936497 sec
2026-06-24 23:27:39,372 - mazeUtils.moveTile - [moveTile.py:1763] - DEBUG - moveTile loop time: 56.4 ms
2026-06-24 23:27:39,381 - picamera2.picamera2 - [picamera2.py:1391] - DEBUG - Execute job: <picamera2.job.Job object at 0x7f92ce36d0>
2026-06-24 23:27:39,386 - mazeUtils.device.camera - [camera.py:39] - DEBUG - Average HSV: H=112.4, S=140.7, V=203.4
2026-06-24 23:27:39,423 - mazeUtils.moveTile - [moveTile.py:79] - DEBUG - roll: 0.22000000000002728 deg, practicalMoveTime: 0.45833745012072896 sec
2026-06-24 23:27:39,424 - mazeUtils.moveTile - [moveTile.py:1763] - DEBUG - moveTile loop time: 51.0 ms
2026-06-24 23:27:39,431 - picamera2.picamera2 - [picamera2.py:1391] - DEBUG - Execute job: <picamera2.job.Job object at 0x7fabed8210>
2026-06-24 23:27:39,435 - mazeUtils.device.camera - [camera.py:39] - DEBUG - Average HSV: H=112.3, S=146.6, V=201.0
2026-06-24 23:27:39,470 - mazeUtils.moveTile - [moveTile.py:79] - DEBUG - roll: 0.22000000000002728 deg, practicalMoveTime: 0.5044536570166396 sec
2026-06-24 23:27:39,471 - mazeUtils.moveTile - [moveTile.py:1763] - DEBUG - moveTile loop time: 46.4 ms
2026-06-24 23:27:39,484 - picamera2.picamera2 - [picamera2.py:1391] - DEBUG - Execute job: <picamera2.job.Job object at 0x7f92ce3610>
2026-06-24 23:27:39,488 - mazeUtils.device.camera - [camera.py:39] - DEBUG - Average HSV: H=111.6, S=150.0, V=204.9
2026-06-24 23:27:39,523 - mazeUtils.moveTile - [moveTile.py:79] - DEBUG - roll: 0.060000000000002274 deg, practicalMoveTime: 0.5568114930245293 sec
2026-06-24 23:27:39,524 - mazeUtils.moveTile - [moveTile.py:1763] - DEBUG - moveTile loop time: 52.9 ms
2026-06-24 23:27:39,530 - picamera2.picamera2 - [picamera2.py:1391] - DEBUG - Execute job: <picamera2.job.Job object at 0x7f92ce1850>
2026-06-24 23:27:39,535 - mazeUtils.device.camera - [camera.py:39] - DEBUG - Average HSV: H=111.9, S=151.4, V=203.8
2026-06-24 23:27:39,575 - mazeUtils.moveTile - [moveTile.py:79] - DEBUG - roll: 359.89 deg, practicalMoveTime: 0.6080813657290572 sec
2026-06-24 23:27:39,576 - mazeUtils.moveTile - [moveTile.py:1763] - DEBUG - moveTile loop time: 51.5 ms
2026-06-24 23:27:39,580 - picamera2.picamera2 - [picamera2.py:1391] - DEBUG - Execute job: <picamera2.job.Job object at 0x7f8864a290>
2026-06-24 23:27:39,585 - mazeUtils.device.camera - [camera.py:39] - DEBUG - Average HSV: H=111.2, S=156.7, V=207.2
2026-06-24 23:27:39,620 - mazeUtils.moveTile - [moveTile.py:79] - DEBUG - roll: 0.45999999999997954 deg, practicalMoveTime: 0.6517105154351517 sec
2026-06-24 23:27:39,620 - mazeUtils.moveTile - [moveTile.py:1763] - DEBUG - moveTile loop time: 43.9 ms
2026-06-24 23:27:39,628 - picamera2.picamera2 - [picamera2.py:1391] - DEBUG - Execute job: <picamera2.job.Job object at 0x7f8864a290>
2026-06-24 23:27:39,633 - mazeUtils.device.camera - [camera.py:39] - DEBUG - Average HSV: H=111.1, S=156.5, V=207.6
2026-06-24 23:27:39,675 - mazeUtils.moveTile - [moveTile.py:79] - DEBUG - roll: 359.84000000000003 deg, practicalMoveTime: 0.7064299238429321 sec
2026-06-24 23:27:39,676 - mazeUtils.moveTile - [moveTile.py:1763] - DEBUG - moveTile loop time: 55.0 ms
2026-06-24 23:27:39,680 - picamera2.picamera2 - [picamera2.py:1391] - DEBUG - Execute job: <picamera2.job.Job object at 0x7fabed8210>
2026-06-24 23:27:39,685 - mazeUtils.device.camera - [camera.py:39] - DEBUG - Average HSV: H=110.6, S=161.6, V=211.2
2026-06-24 23:27:39,727 - mazeUtils.moveTile - [moveTile.py:79] - DEBUG - roll: 359.64 deg, practicalMoveTime: 0.7572774688089376 sec
2026-06-24 23:27:39,727 - mazeUtils.moveTile - [moveTile.py:1763] - DEBUG - moveTile loop time: 51.1 ms
2026-06-24 23:27:39,733 - picamera2.picamera2 - [picamera2.py:1391] - DEBUG - Execute job: <picamera2.job.Job object at 0x7f8864a210>
2026-06-24 23:27:39,737 - mazeUtils.device.camera - [camera.py:39] - DEBUG - Average HSV: H=110.2, S=165.0, V=213.4
2026-06-24 23:27:39,774 - mazeUtils.moveTile - [moveTile.py:79] - DEBUG - roll: 0.10000000000002274 deg, practicalMoveTime: 0.8039893193545249 sec
2026-06-24 23:27:39,774 - mazeUtils.moveTile - [moveTile.py:1763] - DEBUG - moveTile loop time: 47.1 ms
2026-06-24 23:27:39,786 - picamera2.picamera2 - [picamera2.py:1391] - DEBUG - Execute job: <picamera2.job.Job object at 0x7f8864a450>
2026-06-24 23:27:39,791 - mazeUtils.device.camera - [camera.py:39] - DEBUG - Average HSV: H=110.1, S=165.6, V=214.4
2026-06-24 23:27:39,829 - mazeUtils.moveTile - [moveTile.py:1636] - INFO - practicalVerticalMove: -0.6982239363099565 CM
2026-06-24 23:27:39,874 - mazeUtils.moveTile - [moveTile.py:79] - DEBUG - Little forward to adjust position
2026-06-24 23:27:40,548 - mazeUtils.moveTile - [moveTile.py:1959] - INFO - Set moved vertical distance: -0.6982239363099565 cm, past distances: [(-3.6153837380189096, False), (2.9851340946517078, False), (0.8445156907527305, False)]
2026-06-24 23:27:40,694 - mazeUtils.moveTile - [moveTile.py:552] - DEBUG - Direction: absDirection.NORTH, Angle: 0, Distance: 13.303758420644291 cm
2026-06-24 23:27:40,695 - mazeUtils.moveTile - [moveTile.py:574] - DEBUG - Front LiDAR distance: 13.303758420644291 cm, TSD10 distance: 3.9 cm
2026-06-24 23:27:40,697 - mazeUtils.moveTile - [moveTile.py:552] - DEBUG - Direction: absDirection.EAST, Angle: 270, Distance: 17.208691432757675 cm
2026-06-24 23:27:40,699 - mazeUtils.moveTile - [moveTile.py:552] - DEBUG - Direction: absDirection.SOUTH, Angle: 180, Distance: 169.4445703884174 cm
2026-06-24 23:27:40,700 - mazeUtils.moveTile - [moveTile.py:552] - DEBUG - Direction: absDirection.WEST, Angle: 90, Distance: 39.790978141714696 cm
2026-06-24 23:27:40,703 - mazeUtils.moveTile - [moveTile.py:2119] - INFO - Tile color detection, decided tile type: E
2026-06-24 23:27:40,774 - __main__ - [main.py:105] - INFO - Current position: (20, 15, 0), front direction: absDirection.NORTH
Layer 0 (altitude=0.0cm, offset=(0.0cm, 0.0cm)):
Known map area: x=20..20, y=15..20
+---+
  @ |
+   +
  E |
+   +
| E |
+   +
| E |
+   +
  E |
+   +
| S |
+---+
mazeAsGraph[0][15][20] = {absDirection.NORTH: None, absDirection.EAST: None, absDirection.SOUTH: (20, 16, 0, 30), absDirection.WEST: (19, 15, 0, 30)}
mazeAsGraph[0][16][20] = {absDirection.NORTH: (20, 15, 0, 30), absDirection.EAST: None, absDirection.SOUTH: (20, 17, 0, 30), absDirection.WEST: (19, 16, 0, 30)}
mazeAsGraph[0][17][20] = {absDirection.NORTH: (20, 16, 0, 30), absDirection.EAST: None, absDirection.SOUTH: (20, 18, 0, 30), absDirection.WEST: None}
mazeAsGraph[0][18][20] = {absDirection.NORTH: (20, 17, 0, 30), absDirection.EAST: None, absDirection.SOUTH: (20, 19, 0, 30), absDirection.WEST: None}
mazeAsGraph[0][19][20] = {absDirection.NORTH: (20, 18, 0, 30), absDirection.EAST: None, absDirection.SOUTH: (20, 20, 0, 30), absDirection.WEST: (19, 19, 0, 30)}
mazeAsGraph[0][20][20] = {absDirection.NORTH: (20, 19, 0, 30), absDirection.EAST: None, absDirection.SOUTH: None, absDirection.WEST: None}
2026-06-24 23:27:40,780 - mazeUtils.mazeMap - [mazeMap.py:61] - INFO - next goal: (19, 15, 0)
2026-06-24 23:27:40,791 - mazeUtils.moveTile - [moveTile.py:79] - DEBUG - Moving to absDirection.WEST from (20, 15, 0) facing absDirection.NORTH
2026-06-24 23:27:40,817 - mazeUtils.moveTile - [moveTile.py:79] - DEBUG - current heading: 0.7399999999999523 target: 90
2026-06-24 23:27:41,810 - mazeUtils.moveTile - [moveTile.py:426] - DEBUG - stopped turning at heading: 84.29999999999995, diff: 5.7000000000000455
2026-06-24 23:27:41,865 - mazeUtils.moveTile - [moveTile.py:79] - DEBUG - Turned to heading: 89.29999999999995 deg
2026-06-24 23:27:42,037 - mazeUtils.moveTile - [moveTile.py:79] - DEBUG - Little backward to adjust position
2026-06-24 23:27:42,357 - picamera2.picamera2 - [picamera2.py:1391] - DEBUG - Execute job: <picamera2.job.Job object at 0x7fb84d2090>
2026-06-24 23:27:42,363 - mazeUtils.device.camera - [camera.py:39] - DEBUG - Average HSV: H=108.7, S=188.6, V=228.6
2026-06-24 23:27:42,398 - mazeUtils.moveTile - [moveTile.py:79] - DEBUG - roll: 359.74 deg, practicalMoveTime: 0.04803771316488684 sec
2026-06-24 23:27:42,398 - mazeUtils.moveTile - [moveTile.py:1763] - DEBUG - moveTile loop time: 46.1 ms
2026-06-24 23:27:42,410 - picamera2.picamera2 - [picamera2.py:1391] - DEBUG - Execute job: <picamera2.job.Job object at 0x7fa2081d90>
2026-06-24 23:27:42,416 - mazeUtils.device.camera - [camera.py:39] - DEBUG - Average HSV: H=108.7, S=187.6, V=228.8
2026-06-24 23:27:42,462 - mazeUtils.moveTile - [moveTile.py:79] - DEBUG - roll: 359.22 deg, practicalMoveTime: 0.1115712675220735 sec
2026-06-24 23:27:42,463 - mazeUtils.moveTile - [moveTile.py:1763] - DEBUG - moveTile loop time: 63.9 ms
2026-06-24 23:27:42,470 - picamera2.picamera2 - [picamera2.py:1391] - DEBUG - Execute job: <picamera2.job.Job object at 0x7fb84d2090>
2026-06-24 23:27:42,475 - mazeUtils.device.camera - [camera.py:39] - DEBUG - Average HSV: H=108.3, S=188.5, V=231.8
2026-06-24 23:27:42,508 - mazeUtils.moveTile - [moveTile.py:79] - DEBUG - roll: 359.53000000000003 deg, practicalMoveTime: 0.1565948626334877 sec
2026-06-24 23:27:42,508 - mazeUtils.moveTile - [moveTile.py:1763] - DEBUG - moveTile loop time: 45.3 ms
2026-06-24 23:27:42,513 - picamera2.picamera2 - [picamera2.py:1391] - DEBUG - Execute job: <picamera2.job.Job object at 0x7f93ccbc90>
2026-06-24 23:27:42,517 - mazeUtils.device.camera - [camera.py:39] - DEBUG - Average HSV: H=108.8, S=185.3, V=230.6
2026-06-24 23:27:42,553 - mazeUtils.moveTile - [moveTile.py:79] - DEBUG - roll: 359.44 deg, practicalMoveTime: 0.20086167669369 sec
2026-06-24 23:27:42,553 - mazeUtils.moveTile - [moveTile.py:1763] - DEBUG - moveTile loop time: 44.6 ms
2026-06-24 23:27:42,558 - picamera2.picamera2 - [picamera2.py:1391] - DEBUG - Execute job: <picamera2.job.Job object at 0x7fabed8210>
2026-06-24 23:27:42,563 - mazeUtils.device.camera - [camera.py:39] - DEBUG - Average HSV: H=108.1, S=191.4, V=233.5
2026-06-24 23:27:42,605 - mazeUtils.moveTile - [moveTile.py:79] - DEBUG - roll: 357.92 deg, practicalMoveTime: 0.25225640019470746 sec
2026-06-24 23:27:42,605 - mazeUtils.moveTile - [moveTile.py:1763] - DEBUG - moveTile loop time: 51.7 ms
2026-06-24 23:27:42,617 - picamera2.picamera2 - [picamera2.py:1391] - DEBUG - Execute job: <picamera2.job.Job object at 0x7f88c69d10>
2026-06-24 23:27:42,621 - mazeUtils.device.camera - [camera.py:39] - DEBUG - Average HSV: H=108.3, S=191.8, V=231.6
2026-06-24 23:27:42,659 - mazeUtils.moveTile - [moveTile.py:79] - DEBUG - roll: 359.92 deg, practicalMoveTime: 0.3055000170059955 sec
2026-06-24 23:27:42,660 - mazeUtils.moveTile - [moveTile.py:1763] - DEBUG - moveTile loop time: 54.0 ms
2026-06-24 23:27:42,664 - picamera2.picamera2 - [picamera2.py:1391] - DEBUG - Execute job: <picamera2.job.Job object at 0x7fa4c51750>
2026-06-24 23:27:42,669 - mazeUtils.device.camera - [camera.py:39] - DEBUG - Average HSV: H=107.6, S=198.2, V=234.4
2026-06-24 23:27:42,712 - mazeUtils.moveTile - [moveTile.py:79] - DEBUG - roll: 3.519999999999982 deg, practicalMoveTime: 0.3581057282172858 sec
2026-06-24 23:27:42,713 - mazeUtils.moveTile - [moveTile.py:1763] - DEBUG - moveTile loop time: 52.6 ms
2026-06-24 23:27:42,724 - picamera2.picamera2 - [picamera2.py:1391] - DEBUG - Execute job: <picamera2.job.Job object at 0x7f93cc8450>
2026-06-24 23:27:42,730 - mazeUtils.device.camera - [camera.py:39] - DEBUG - Average HSV: H=108.1, S=193.6, V=235.5
2026-06-24 23:27:42,766 - mazeUtils.moveTile - [moveTile.py:79] - DEBUG - roll: 6.490000000000009 deg, practicalMoveTime: 0.40020919284711076 sec
2026-06-24 23:27:42,767 - mazeUtils.moveTile - [moveTile.py:1763] - DEBUG - moveTile loop time: 52.4 ms
2026-06-24 23:27:42,771 - picamera2.picamera2 - [picamera2.py:1391] - DEBUG - Execute job: <picamera2.job.Job object at 0x7fa2081f50>
2026-06-24 23:27:42,775 - mazeUtils.device.camera - [camera.py:39] - DEBUG - Average HSV: H=108.9, S=189.3, V=232.6
2026-06-24 23:27:42,811 - mazeUtils.moveTile - [moveTile.py:79] - DEBUG - roll: 8.560000000000002 deg, practicalMoveTime: 0.4357035605377807 sec
2026-06-24 23:27:42,812 - mazeUtils.moveTile - [moveTile.py:1763] - DEBUG - moveTile loop time: 45.1 ms
2026-06-24 23:27:42,824 - picamera2.picamera2 - [picamera2.py:1391] - DEBUG - Execute job: <picamera2.job.Job object at 0x7fabed8210>
2026-06-24 23:27:42,829 - mazeUtils.device.camera - [camera.py:39] - DEBUG - Average HSV: H=108.9, S=189.0, V=232.0
2026-06-24 23:27:42,866 - mazeUtils.moveTile - [moveTile.py:79] - DEBUG - roll: 13.0 deg, practicalMoveTime: 0.4776661743200453 sec
2026-06-24 23:27:42,866 - mazeUtils.moveTile - [moveTile.py:1763] - DEBUG - moveTile loop time: 53.7 ms
2026-06-24 23:27:42,872 - picamera2.picamera2 - [picamera2.py:1391] - DEBUG - Execute job: <picamera2.job.Job object at 0x7f93cd1710>
2026-06-24 23:27:42,877 - mazeUtils.device.camera - [camera.py:39] - DEBUG - Average HSV: H=110.0, S=177.5, V=229.0
2026-06-24 23:27:42,916 - mazeUtils.moveTile - [moveTile.py:79] - DEBUG - roll: 15.170000000000016 deg, practicalMoveTime: 0.5161054694619149 sec
2026-06-24 23:27:42,917 - mazeUtils.moveTile - [moveTile.py:1763] - DEBUG - moveTile loop time: 50.1 ms
2026-06-24 23:27:42,922 - picamera2.picamera2 - [picamera2.py:1391] - DEBUG - Execute job: <picamera2.job.Job object at 0x7fa208c650>
2026-06-24 23:27:42,929 - mazeUtils.device.camera - [camera.py:39] - DEBUG - Average HSV: H=110.1, S=176.2, V=226.7
2026-06-24 23:27:42,974 - mazeUtils.moveTile - [moveTile.py:79] - DEBUG - roll: 18.410000000000025 deg, practicalMoveTime: 0.5601542765700975 sec
2026-06-24 23:27:42,975 - mazeUtils.moveTile - [moveTile.py:1763] - DEBUG - moveTile loop time: 57.6 ms
2026-06-24 23:27:42,987 - picamera2.picamera2 - [picamera2.py:1391] - DEBUG - Execute job: <picamera2.job.Job object at 0x7f88c69d10>
2026-06-24 23:27:42,991 - mazeUtils.device.camera - [camera.py:39] - DEBUG - Average HSV: H=110.9, S=170.3, V=223.7
2026-06-24 23:27:43,030 - mazeUtils.moveTile - [moveTile.py:79] - DEBUG - roll: 23.03000000000003 deg, practicalMoveTime: 0.6010652541304159 sec
2026-06-24 23:27:43,030 - mazeUtils.moveTile - [moveTile.py:1763] - DEBUG - moveTile loop time: 54.7 ms
2026-06-24 23:27:43,035 - picamera2.picamera2 - [picamera2.py:1391] - DEBUG - Execute job: <picamera2.job.Job object at 0x7f93d78190>
2026-06-24 23:27:43,039 - mazeUtils.device.camera - [camera.py:39] - DEBUG - Average HSV: H=111.5, S=161.1, V=220.2
2026-06-24 23:27:43,078 - mazeUtils.moveTile - [moveTile.py:79] - DEBUG - roll: 23.920000000000016 deg, practicalMoveTime: 0.6358693108260479 sec
2026-06-24 23:27:43,079 - mazeUtils.moveTile - [moveTile.py:1763] - DEBUG - moveTile loop time: 47.8 ms
2026-06-24 23:27:43,083 - picamera2.picamera2 - [picamera2.py:1391] - DEBUG - Execute job: <picamera2.job.Job object at 0x7f88c69d10>
2026-06-24 23:27:43,087 - mazeUtils.device.camera - [camera.py:39] - DEBUG - Average HSV: H=111.7, S=159.4, V=218.3
2026-06-24 23:27:43,124 - mazeUtils.moveTile - [moveTile.py:79] - DEBUG - roll: 25.180000000000007 deg, practicalMoveTime: 0.6684145919442404 sec
2026-06-24 23:27:43,124 - mazeUtils.moveTile - [moveTile.py:1763] - DEBUG - moveTile loop time: 45.3 ms
2026-06-24 23:27:43,129 - picamera2.picamera2 - [picamera2.py:1391] - DEBUG - Execute job: <picamera2.job.Job object at 0x7f88c86a90>
2026-06-24 23:27:43,134 - mazeUtils.device.camera - [camera.py:39] - DEBUG - Average HSV: H=111.8, S=158.5, V=218.0
2026-06-24 23:27:43,176 - mazeUtils.moveTile - [moveTile.py:79] - DEBUG - roll: 24.850000000000023 deg, practicalMoveTime: 0.7061950595027086 sec
2026-06-24 23:27:43,177 - mazeUtils.moveTile - [moveTile.py:1763] - DEBUG - moveTile loop time: 52.6 ms
2026-06-24 23:27:43,182 - picamera2.picamera2 - [picamera2.py:1391] - DEBUG - Execute job: <picamera2.job.Job object at 0x7f88c86a90>
2026-06-24 23:27:43,186 - mazeUtils.device.camera - [camera.py:39] - DEBUG - Average HSV: H=112.0, S=156.3, V=218.7
2026-06-24 23:27:43,223 - mazeUtils.moveTile - [moveTile.py:79] - DEBUG - roll: 24.45999999999998 deg, practicalMoveTime: 0.7396079460449241 sec
2026-06-24 23:27:43,224 - mazeUtils.moveTile - [moveTile.py:1763] - DEBUG - moveTile loop time: 45.7 ms
2026-06-24 23:27:43,234 - picamera2.picamera2 - [picamera2.py:1391] - DEBUG - Execute job: <picamera2.job.Job object at 0x7f93cd0290>
2026-06-24 23:27:43,239 - mazeUtils.device.camera - [camera.py:39] - DEBUG - Average HSV: H=111.7, S=156.6, V=221.5
2026-06-24 23:27:43,277 - mazeUtils.moveTile - [moveTile.py:79] - DEBUG - roll: 24.45999999999998 deg, practicalMoveTime: 0.7778803069656305 sec
2026-06-24 23:27:43,278 - mazeUtils.moveTile - [moveTile.py:1763] - DEBUG - moveTile loop time: 53.9 ms
2026-06-24 23:27:43,283 - picamera2.picamera2 - [picamera2.py:1391] - DEBUG - Execute job: <picamera2.job.Job object at 0x7f88c86a90>
2026-06-24 23:27:43,288 - mazeUtils.device.camera - [camera.py:39] - DEBUG - Average HSV: H=111.8, S=156.6, V=219.8
2026-06-24 23:27:43,324 - mazeUtils.moveTile - [moveTile.py:79] - DEBUG - roll: 23.639999999999986 deg, practicalMoveTime: 0.8113797614199073 sec
2026-06-24 23:27:43,324 - mazeUtils.moveTile - [moveTile.py:1763] - DEBUG - moveTile loop time: 45.5 ms
2026-06-24 23:27:43,330 - picamera2.picamera2 - [picamera2.py:1391] - DEBUG - Execute job: <picamera2.job.Job object at 0x7f93d78190>
2026-06-24 23:27:43,335 - mazeUtils.device.camera - [camera.py:39] - DEBUG - Average HSV: H=111.6, S=158.2, V=221.0
2026-06-24 23:27:43,384 - picamera2.picamera2 - [picamera2.py:1391] - DEBUG - Execute job: <picamera2.job.Job object at 0x7fb84d2090>
2026-06-24 23:27:43,389 - mazeUtils.device.camera - [camera.py:39] - DEBUG - Average HSV: H=112.7, S=156.0, V=210.6
2026-06-24 23:27:43,432 - mazeUtils.moveTile - [moveTile.py:79] - DEBUG - roll: 23.53000000000003 deg, practicalMoveTime: 0.8899491536364539 sec
2026-06-24 23:27:43,433 - mazeUtils.moveTile - [moveTile.py:1763] - DEBUG - moveTile loop time: 60.3 ms
2026-06-24 23:27:43,440 - picamera2.picamera2 - [picamera2.py:1391] - DEBUG - Execute job: <picamera2.job.Job object at 0x7f93d78190>
2026-06-24 23:27:43,444 - mazeUtils.device.camera - [camera.py:39] - DEBUG - Average HSV: H=113.7, S=149.7, V=202.5
2026-06-24 23:27:43,480 - mazeUtils.moveTile - [moveTile.py:79] - DEBUG - roll: 23.970000000000027 deg, practicalMoveTime: 0.9241114857352721 sec
2026-06-24 23:27:43,481 - mazeUtils.moveTile - [moveTile.py:1763] - DEBUG - moveTile loop time: 47.0 ms
2026-06-24 23:27:43,490 - picamera2.picamera2 - [picamera2.py:1391] - DEBUG - Execute job: <picamera2.job.Job object at 0x7f93cd0290>
2026-06-24 23:27:43,495 - mazeUtils.device.camera - [camera.py:39] - DEBUG - Average HSV: H=119.3, S=114.5, V=156.1
2026-06-24 23:27:43,534 - mazeUtils.moveTile - [moveTile.py:79] - DEBUG - roll: 24.139999999999986 deg, practicalMoveTime: 0.9628636535157553 sec
2026-06-24 23:27:43,534 - mazeUtils.moveTile - [moveTile.py:1763] - DEBUG - moveTile loop time: 53.3 ms
2026-06-24 23:27:43,539 - picamera2.picamera2 - [picamera2.py:1391] - DEBUG - Execute job: <picamera2.job.Job object at 0x7f93ccbc90>
2026-06-24 23:27:43,544 - mazeUtils.device.camera - [camera.py:39] - DEBUG - Average HSV: H=121.9, S=99.1, V=139.4
2026-06-24 23:27:43,582 - mazeUtils.moveTile - [moveTile.py:79] - DEBUG - roll: 22.860000000000014 deg, practicalMoveTime: 0.9976539265409652 sec
2026-06-24 23:27:43,583 - mazeUtils.moveTile - [moveTile.py:1763] - DEBUG - moveTile loop time: 48.1 ms
2026-06-24 23:27:43,592 - picamera2.picamera2 - [picamera2.py:1391] - DEBUG - Execute job: <picamera2.job.Job object at 0x7fabed8210>
2026-06-24 23:27:43,597 - mazeUtils.device.camera - [camera.py:39] - DEBUG - Average HSV: H=122.4, S=95.1, V=138.7
2026-06-24 23:27:43,639 - mazeUtils.moveTile - [moveTile.py:79] - DEBUG - roll: 23.29000000000002 deg, practicalMoveTime: 1.0391451822465823 sec
2026-06-24 23:27:43,640 - mazeUtils.moveTile - [moveTile.py:1763] - DEBUG - moveTile loop time: 56.4 ms
2026-06-24 23:27:43,644 - picamera2.picamera2 - [picamera2.py:1391] - DEBUG - Execute job: <picamera2.job.Job object at 0x7f93cd1710>
2026-06-24 23:27:43,649 - mazeUtils.device.camera - [camera.py:39] - DEBUG - Average HSV: H=124.2, S=89.9, V=129.6
2026-06-24 23:27:43,689 - mazeUtils.moveTile - [moveTile.py:79] - DEBUG - roll: 23.470000000000027 deg, practicalMoveTime: 1.0749002764672675 sec
2026-06-24 23:27:43,689 - mazeUtils.moveTile - [moveTile.py:1763] - DEBUG - moveTile loop time: 49.0 ms
2026-06-24 23:27:43,700 - picamera2.picamera2 - [picamera2.py:1391] - DEBUG - Execute job: <picamera2.job.Job object at 0x7f93ccbc90>
2026-06-24 23:27:43,704 - mazeUtils.device.camera - [camera.py:39] - DEBUG - Average HSV: H=124.1, S=90.7, V=128.9
2026-06-24 23:27:43,743 - mazeUtils.moveTile - [moveTile.py:79] - DEBUG - roll: 23.340000000000032 deg, practicalMoveTime: 1.1146215253317093 sec
2026-06-24 23:27:43,744 - mazeUtils.moveTile - [moveTile.py:1763] - DEBUG - moveTile loop time: 54.3 ms
2026-06-24 23:27:43,748 - picamera2.picamera2 - [picamera2.py:1391] - DEBUG - Execute job: <picamera2.job.Job object at 0x7f93d78150>
2026-06-24 23:27:43,753 - mazeUtils.device.camera - [camera.py:39] - DEBUG - Average HSV: H=123.4, S=94.6, V=130.9
2026-06-24 23:27:43,792 - mazeUtils.moveTile - [moveTile.py:79] - DEBUG - roll: 23.180000000000007 deg, practicalMoveTime: 1.149769649300287 sec
2026-06-24 23:27:43,793 - mazeUtils.moveTile - [moveTile.py:1763] - DEBUG - moveTile loop time: 48.2 ms
2026-06-24 23:27:43,801 - picamera2.picamera2 - [picamera2.py:1391] - DEBUG - Execute job: <picamera2.job.Job object at 0x7f93cc84d0>
2026-06-24 23:27:43,806 - mazeUtils.device.camera - [camera.py:39] - DEBUG - Average HSV: H=123.4, S=94.8, V=131.4
2026-06-24 23:27:43,840 - mazeUtils.moveTile - [moveTile.py:79] - DEBUG - roll: 24.100000000000023 deg, practicalMoveTime: 1.1844359130340483 sec
2026-06-24 23:27:43,841 - mazeUtils.moveTile - [moveTile.py:1763] - DEBUG - moveTile loop time: 47.7 ms
2026-06-24 23:27:43,846 - picamera2.picamera2 - [picamera2.py:1391] - DEBUG - Execute job: <picamera2.job.Job object at 0x7fb84d2090>
2026-06-24 23:27:43,851 - mazeUtils.device.camera - [camera.py:39] - DEBUG - Average HSV: H=121.2, S=106.7, V=139.7
2026-06-24 23:27:43,889 - mazeUtils.moveTile - [moveTile.py:79] - DEBUG - roll: 23.25999999999999 deg, practicalMoveTime: 1.2201236889908946 sec
2026-06-24 23:27:43,890 - mazeUtils.moveTile - [moveTile.py:1763] - DEBUG - moveTile loop time: 48.9 ms
2026-06-24 23:27:43,895 - picamera2.picamera2 - [picamera2.py:1391] - DEBUG - Execute job: <picamera2.job.Job object at 0x7f93d78190>
2026-06-24 23:27:43,900 - mazeUtils.device.camera - [camera.py:39] - DEBUG - Average HSV: H=122.5, S=99.2, V=135.8
2026-06-24 23:27:43,937 - mazeUtils.moveTile - [moveTile.py:79] - DEBUG - roll: 21.680000000000007 deg, practicalMoveTime: 1.2550461596288802 sec
2026-06-24 23:27:43,938 - mazeUtils.moveTile - [moveTile.py:1763] - DEBUG - moveTile loop time: 47.5 ms
2026-06-24 23:27:43,944 - picamera2.picamera2 - [picamera2.py:1391] - DEBUG - Execute job: <picamera2.job.Job object at 0x7fa4c51750>
2026-06-24 23:27:43,949 - mazeUtils.device.camera - [camera.py:39] - DEBUG - Average HSV: H=123.5, S=89.7, V=130.8
2026-06-24 23:27:43,986 - mazeUtils.moveTile - [moveTile.py:79] - DEBUG - roll: 16.620000000000005 deg, practicalMoveTime: 1.2914042104942491 sec
2026-06-24 23:27:43,987 - mazeUtils.moveTile - [moveTile.py:1763] - DEBUG - moveTile loop time: 48.4 ms
2026-06-24 23:27:43,998 - picamera2.picamera2 - [picamera2.py:1391] - DEBUG - Execute job: <picamera2.job.Job object at 0x7fabed8210>
2026-06-24 23:27:44,002 - mazeUtils.device.camera - [camera.py:39] - DEBUG - Average HSV: H=121.0, S=103.0, V=151.0
2026-06-24 23:27:44,035 - mazeUtils.moveTile - [moveTile.py:79] - DEBUG - roll: 13.470000000000027 deg, practicalMoveTime: 1.3289908376142272 sec
2026-06-24 23:27:44,036 - mazeUtils.moveTile - [moveTile.py:1763] - DEBUG - moveTile loop time: 49.1 ms
2026-06-24 23:27:44,046 - picamera2.picamera2 - [picamera2.py:1391] - DEBUG - Execute job: <picamera2.job.Job object at 0x7f88c86a90>
2026-06-24 23:27:44,051 - mazeUtils.device.camera - [camera.py:39] - DEBUG - Average HSV: H=119.0, S=114.8, V=161.8
2026-06-24 23:27:44,094 - mazeUtils.moveTile - [moveTile.py:79] - DEBUG - roll: 9.050000000000011 deg, practicalMoveTime: 1.3739757805340305 sec
2026-06-24 23:27:44,094 - mazeUtils.moveTile - [moveTile.py:1763] - DEBUG - moveTile loop time: 57.4 ms
2026-06-24 23:27:44,100 - picamera2.picamera2 - [picamera2.py:1391] - DEBUG - Execute job: <picamera2.job.Job object at 0x7f93ccbc90>
2026-06-24 23:27:44,105 - mazeUtils.device.camera - [camera.py:39] - DEBUG - Average HSV: H=116.3, S=126.7, V=179.1
2026-06-24 23:27:44,140 - mazeUtils.moveTile - [moveTile.py:79] - DEBUG - roll: 5.980000000000018 deg, practicalMoveTime: 1.4104559636533096 sec
2026-06-24 23:27:44,141 - mazeUtils.moveTile - [moveTile.py:1763] - DEBUG - moveTile loop time: 46.3 ms
2026-06-24 23:27:44,153 - picamera2.picamera2 - [picamera2.py:1391] - DEBUG - Execute job: <picamera2.job.Job object at 0x7f93cd0290>
2026-06-24 23:27:44,158 - mazeUtils.device.camera - [camera.py:39] - DEBUG - Average HSV: H=115.0, S=137.3, V=190.3
2026-06-24 23:27:44,194 - mazeUtils.moveTile - [moveTile.py:79] - DEBUG - roll: 1.660000000000025 deg, practicalMoveTime: 1.463208509339159 sec
2026-06-24 23:27:44,195 - mazeUtils.moveTile - [moveTile.py:1763] - DEBUG - moveTile loop time: 53.7 ms
2026-06-24 23:27:44,201 - picamera2.picamera2 - [picamera2.py:1391] - DEBUG - Execute job: <picamera2.job.Job object at 0x7f93d78110>
2026-06-24 23:27:44,205 - mazeUtils.device.camera - [camera.py:39] - DEBUG - Average HSV: H=113.9, S=144.8, V=201.1
2026-06-24 23:27:44,240 - mazeUtils.moveTile - [moveTile.py:79] - DEBUG - roll: 359.28000000000003 deg, practicalMoveTime: 1.508210588378985 sec
2026-06-24 23:27:44,241 - mazeUtils.moveTile - [moveTile.py:1763] - DEBUG - moveTile loop time: 44.9 ms
2026-06-24 23:27:44,253 - picamera2.picamera2 - [picamera2.py:1391] - DEBUG - Execute job: <picamera2.job.Job object at 0x7f93cc84d0>
2026-06-24 23:27:44,259 - mazeUtils.device.camera - [camera.py:39] - DEBUG - Average HSV: H=113.2, S=151.2, V=205.1
2026-06-24 23:27:44,299 - mazeUtils.moveTile - [moveTile.py:79] - DEBUG - roll: 359.5 deg, practicalMoveTime: 1.5668266789763308 sec
2026-06-24 23:27:44,300 - mazeUtils.moveTile - [moveTile.py:1763] - DEBUG - moveTile loop time: 59.2 ms
2026-06-24 23:27:44,305 - picamera2.picamera2 - [picamera2.py:1391] - DEBUG - Execute job: <picamera2.job.Job object at 0x7f93cd0290>
2026-06-24 23:27:44,311 - mazeUtils.device.camera - [camera.py:39] - DEBUG - Average HSV: H=113.4, S=155.1, V=201.2
2026-06-24 23:27:44,347 - mazeUtils.moveTile - [moveTile.py:79] - DEBUG - roll: 359.36 deg, practicalMoveTime: 1.613174617533234 sec
2026-06-24 23:27:44,347 - mazeUtils.moveTile - [moveTile.py:1763] - DEBUG - moveTile loop time: 46.5 ms
2026-06-24 23:27:44,353 - picamera2.picamera2 - [picamera2.py:1391] - DEBUG - Execute job: <picamera2.job.Job object at 0x7f88c86a90>
2026-06-24 23:27:44,357 - mazeUtils.device.camera - [camera.py:39] - DEBUG - Average HSV: H=116.0, S=157.3, V=185.2
2026-06-24 23:27:44,395 - mazeUtils.moveTile - [moveTile.py:1636] - INFO - practicalVerticalMove: 14.309317103235198 CM
2026-06-24 23:27:44,685 - mazeUtils.moveTile - [moveTile.py:1867] - INFO - Set slope for tile at absDirection.WEST, horizontal: 30 cm, vertical: 15 cm based on roll 24.560000000000002 deg
2026-06-24 23:27:44,836 - mazeUtils.moveTile - [moveTile.py:552] - DEBUG - Direction: absDirection.NORTH, Angle: 270, Distance: 16.89468132237364 cm
2026-06-24 23:27:44,838 - mazeUtils.moveTile - [moveTile.py:552] - DEBUG - Direction: absDirection.EAST, Angle: 180, Distance: 164.66441916971198 cm
2026-06-24 23:27:44,840 - mazeUtils.moveTile - [moveTile.py:552] - DEBUG - Direction: absDirection.SOUTH, Angle: 90, Distance: 388.85803907204 cm
2026-06-24 23:27:44,842 - mazeUtils.moveTile - [moveTile.py:552] - DEBUG - Direction: absDirection.WEST, Angle: 0, Distance: 36.87522320509561 cm
2026-06-24 23:27:44,843 - mazeUtils.moveTile - [moveTile.py:574] - DEBUG - Front LiDAR distance: 36.87522320509561 cm, TSD10 distance: 25.8 cm
2026-06-24 23:27:44,846 - mazeUtils.moveTile - [moveTile.py:2119] - INFO - Tile color detection, decided tile type: E
2026-06-24 23:27:44,947 - __main__ - [main.py:105] - INFO - Current position: (20, 15, 1), front direction: absDirection.WEST
Layer 0 (altitude=0.0cm, offset=(0.0cm, 0.0cm)):
Known map area: x=20..20, y=15..20
+---+
  E |
+   +
  E |
+   +
| E |
+   +
| E |
+   +
  E |
+   +
| S |
+---+
Layer 1 (altitude=15.0cm, offset=(-60.0cm, 0.0cm)):
Known map area: x=20..20, y=15..15
+---+
  @  
+   +
mazeAsGraph[0][15][20] = {absDirection.NORTH: None, absDirection.EAST: None, absDirection.SOUTH: (20, 16, 0, 30), absDirection.WEST: (20, 15, 1, 60)}
mazeAsGraph[0][16][20] = {absDirection.NORTH: (20, 15, 0, 30), absDirection.EAST: None, absDirection.SOUTH: (20, 17, 0, 30), absDirection.WEST: (19, 16, 0, 30)}
mazeAsGraph[0][17][20] = {absDirection.NORTH: (20, 16, 0, 30), absDirection.EAST: None, absDirection.SOUTH: (20, 18, 0, 30), absDirection.WEST: None}
mazeAsGraph[0][18][20] = {absDirection.NORTH: (20, 17, 0, 30), absDirection.EAST: None, absDirection.SOUTH: (20, 19, 0, 30), absDirection.WEST: None}
mazeAsGraph[0][19][20] = {absDirection.NORTH: (20, 18, 0, 30), absDirection.EAST: None, absDirection.SOUTH: (20, 20, 0, 30), absDirection.WEST: (19, 19, 0, 30)}
mazeAsGraph[0][20][20] = {absDirection.NORTH: (20, 19, 0, 30), absDirection.EAST: None, absDirection.SOUTH: None, absDirection.WEST: None}
mazeAsGraph[1][15][20] = {absDirection.NORTH: None, absDirection.EAST: (20, 15, 0, 60), absDirection.SOUTH: (20, 16, 1, 30), absDirection.WEST: (19, 15, 1, 30)}
2026-06-24 23:27:44,956 - mazeUtils.mazeMap - [mazeMap.py:61] - INFO - next goal: (19, 15, 1)
2026-06-24 23:27:44,971 - mazeUtils.moveTile - [moveTile.py:79] - DEBUG - Moving to absDirection.WEST from (20, 15, 1) facing absDirection.WEST
2026-06-24 23:27:45,009 - mazeUtils.moveTile - [moveTile.py:79] - DEBUG - current heading: 87.03999999999996 target: 90
2026-06-24 23:27:45,031 - mazeUtils.moveTile - [moveTile.py:426] - DEBUG - stopped turning at heading: 87.03999999999996, diff: 2.9600000000000364
2026-06-24 23:27:45,119 - mazeUtils.moveTile - [moveTile.py:79] - DEBUG - Turned to heading: 88.04999999999995 deg
2026-06-24 23:27:45,339 - picamera2.picamera2 - [picamera2.py:1391] - DEBUG - Execute job: <picamera2.job.Job object at 0x7fa4c42d10>
2026-06-24 23:27:45,342 - mazeUtils.device.camera - [camera.py:39] - DEBUG - Average HSV: H=111.6, S=183.6, V=204.5
2026-06-24 23:27:45,377 - mazeUtils.moveTile - [moveTile.py:79] - DEBUG - roll: 354.07 deg, practicalMoveTime: 0.04289623645651823 sec
2026-06-24 23:27:45,377 - mazeUtils.moveTile - [moveTile.py:1763] - DEBUG - moveTile loop time: 42.2 ms
2026-06-24 23:27:45,382 - picamera2.picamera2 - [picamera2.py:1391] - DEBUG - Execute job: <picamera2.job.Job object at 0x7f88864990>
2026-06-24 23:27:45,386 - mazeUtils.device.camera - [camera.py:39] - DEBUG - Average HSV: H=111.8, S=182.0, V=203.1
2026-06-24 23:27:45,418 - mazeUtils.moveTile - [moveTile.py:79] - DEBUG - roll: 354.89 deg, practicalMoveTime: 0.08287885504873205 sec
2026-06-24 23:27:45,418 - mazeUtils.moveTile - [moveTile.py:1763] - DEBUG - moveTile loop time: 40.4 ms
2026-06-24 23:27:45,431 - picamera2.picamera2 - [picamera2.py:1391] - DEBUG - Execute job: <picamera2.job.Job object at 0x7fa4c42d10>
2026-06-24 23:27:45,434 - mazeUtils.device.camera - [camera.py:39] - DEBUG - Average HSV: H=111.3, S=168.6, V=204.7
2026-06-24 23:27:45,476 - mazeUtils.moveTile - [moveTile.py:79] - DEBUG - roll: 359.24 deg, practicalMoveTime: 0.1406184957087995 sec
2026-06-24 23:27:45,476 - mazeUtils.moveTile - [moveTile.py:1763] - DEBUG - moveTile loop time: 58.0 ms
2026-06-24 23:27:45,481 - picamera2.picamera2 - [picamera2.py:1391] - DEBUG - Execute job: <picamera2.job.Job object at 0x7f88864a50>
2026-06-24 23:27:45,485 - mazeUtils.device.camera - [camera.py:39] - DEBUG - Average HSV: H=111.6, S=164.5, V=204.0
2026-06-24 23:27:45,524 - mazeUtils.moveTile - [moveTile.py:79] - DEBUG - roll: 0.45999999999997954 deg, practicalMoveTime: 0.18796127190612288 sec
2026-06-24 23:27:45,524 - mazeUtils.moveTile - [moveTile.py:1763] - DEBUG - moveTile loop time: 47.6 ms
2026-06-24 23:27:45,528 - picamera2.picamera2 - [picamera2.py:1391] - DEBUG - Execute job: <picamera2.job.Job object at 0x7fa4c32a10>
2026-06-24 23:27:45,531 - mazeUtils.device.camera - [camera.py:39] - DEBUG - Average HSV: H=111.9, S=171.7, V=204.9
2026-06-24 23:27:45,572 - mazeUtils.moveTile - [moveTile.py:79] - DEBUG - roll: 358.27 deg, practicalMoveTime: 0.23558199331575846 sec
2026-06-24 23:27:45,572 - mazeUtils.moveTile - [moveTile.py:1763] - DEBUG - moveTile loop time: 47.8 ms
2026-06-24 23:27:45,584 - picamera2.picamera2 - [picamera2.py:1391] - DEBUG - Execute job: <picamera2.job.Job object at 0x7f88864a50>
2026-06-24 23:27:45,588 - mazeUtils.device.camera - [camera.py:39] - DEBUG - Average HSV: H=111.2, S=178.8, V=208.5
2026-06-24 23:27:45,622 - mazeUtils.moveTile - [moveTile.py:79] - DEBUG - roll: 358.57 deg, practicalMoveTime: 0.28511927587608876 sec
2026-06-24 23:27:45,622 - mazeUtils.moveTile - [moveTile.py:1763] - DEBUG - moveTile loop time: 49.8 ms
2026-06-24 23:27:45,627 - picamera2.picamera2 - [picamera2.py:1391] - DEBUG - Execute job: <picamera2.job.Job object at 0x7fa4c33250>
2026-06-24 23:27:45,631 - mazeUtils.device.camera - [camera.py:39] - DEBUG - Average HSV: H=110.9, S=181.0, V=212.3
2026-06-24 23:27:45,665 - mazeUtils.moveTile - [moveTile.py:79] - DEBUG - roll: 357.75 deg, practicalMoveTime: 0.3278255660348942 sec
2026-06-24 23:27:45,666 - mazeUtils.moveTile - [moveTile.py:1763] - DEBUG - moveTile loop time: 42.9 ms
2026-06-24 23:27:45,678 - picamera2.picamera2 - [picamera2.py:1391] - DEBUG - Execute job: <picamera2.job.Job object at 0x7f88864a50>
2026-06-24 23:27:45,682 - mazeUtils.device.camera - [camera.py:39] - DEBUG - Average HSV: H=110.2, S=186.2, V=216.5
2026-06-24 23:27:45,722 - mazeUtils.moveTile - [moveTile.py:79] - DEBUG - roll: 357.91 deg, practicalMoveTime: 0.38378016735160825 sec
2026-06-24 23:27:45,722 - mazeUtils.moveTile - [moveTile.py:1763] - DEBUG - moveTile loop time: 56.3 ms
2026-06-24 23:27:45,734 - picamera2.picamera2 - [picamera2.py:1391] - DEBUG - Execute job: <picamera2.job.Job object at 0x7fa4c42d10>
2026-06-24 23:27:45,736 - mazeUtils.device.camera - [camera.py:39] - DEBUG - Average HSV: H=109.3, S=191.6, V=224.5
2026-06-24 23:27:45,771 - mazeUtils.moveTile - [moveTile.py:79] - DEBUG - roll: 2.269999999999982 deg, practicalMoveTime: 0.4323293078114092 sec
2026-06-24 23:27:45,771 - mazeUtils.moveTile - [moveTile.py:1763] - DEBUG - moveTile loop time: 48.8 ms
2026-06-24 23:27:45,776 - picamera2.picamera2 - [picamera2.py:1391] - DEBUG - Execute job: <picamera2.job.Job object at 0x7f88864a10>
2026-06-24 23:27:45,779 - mazeUtils.device.camera - [camera.py:39] - DEBUG - Average HSV: H=109.2, S=193.0, V=227.0
2026-06-24 23:27:45,811 - mazeUtils.moveTile - [moveTile.py:79] - DEBUG - roll: 1.6299999999999955 deg, practicalMoveTime: 0.4723134745751071 sec
2026-06-24 23:27:45,812 - mazeUtils.moveTile - [moveTile.py:1763] - DEBUG - moveTile loop time: 40.3 ms
2026-06-24 23:27:45,816 - picamera2.picamera2 - [picamera2.py:1391] - DEBUG - Execute job: <picamera2.job.Job object at 0x7f88864a10>
2026-06-24 23:27:45,819 - mazeUtils.device.camera - [camera.py:39] - DEBUG - Average HSV: H=108.9, S=195.1, V=230.2
2026-06-24 23:27:45,862 - mazeUtils.moveTile - [moveTile.py:79] - DEBUG - roll: 359.66 deg, practicalMoveTime: 0.5229630908194295 sec
2026-06-24 23:27:45,863 - mazeUtils.moveTile - [moveTile.py:1763] - DEBUG - moveTile loop time: 50.9 ms
2026-06-24 23:27:45,868 - picamera2.picamera2 - [picamera2.py:1391] - DEBUG - Execute job: <picamera2.job.Job object at 0x7fa4c32a10>
2026-06-24 23:27:45,871 - mazeUtils.device.camera - [camera.py:39] - DEBUG - Average HSV: H=108.4, S=196.8, V=231.3
2026-06-24 23:27:45,911 - mazeUtils.moveTile - [moveTile.py:79] - DEBUG - roll: 359.53000000000003 deg, practicalMoveTime: 0.5712993724338459 sec
2026-06-24 23:27:45,912 - mazeUtils.moveTile - [moveTile.py:1763] - DEBUG - moveTile loop time: 48.7 ms
2026-06-24 23:27:45,923 - picamera2.picamera2 - [picamera2.py:1391] - DEBUG - Execute job: <picamera2.job.Job object at 0x7f88864a10>
2026-06-24 23:27:45,926 - mazeUtils.device.camera - [camera.py:39] - DEBUG - Average HSV: H=106.7, S=195.8, V=237.3
2026-06-24 23:27:45,957 - mazeUtils.moveTile - [moveTile.py:79] - DEBUG - roll: 358.87 deg, practicalMoveTime: 0.6161487155523637 sec
2026-06-24 23:27:45,957 - mazeUtils.moveTile - [moveTile.py:1763] - DEBUG - moveTile loop time: 44.7 ms
2026-06-24 23:27:45,962 - picamera2.picamera2 - [picamera2.py:1391] - DEBUG - Execute job: <picamera2.job.Job object at 0x7f88864a10>
2026-06-24 23:27:45,965 - mazeUtils.device.camera - [camera.py:39] - DEBUG - Average HSV: H=111.6, S=207.9, V=188.9
2026-06-24 23:27:46,050 - mazeUtils.moveTile - [moveTile.py:79] - DEBUG - Little forward to adjust position
2026-06-24 23:27:46,128 - mazeUtils.moveTile - [moveTile.py:1959] - INFO - Set moved vertical distance: -0.5121837055011331 cm, past distances: [(14.309317103235198, True), (0, False), (0, False)]
2026-06-24 23:27:46,258 - mazeUtils.moveTile - [moveTile.py:552] - DEBUG - Direction: absDirection.NORTH, Angle: 270, Distance: 17.51820733715941 cm
2026-06-24 23:27:46,260 - mazeUtils.moveTile - [moveTile.py:552] - DEBUG - Direction: absDirection.EAST, Angle: 180, Distance: 185.21511434314166 cm
2026-06-24 23:27:46,261 - mazeUtils.moveTile - [moveTile.py:552] - DEBUG - Direction: absDirection.SOUTH, Angle: 90, Distance: 247.6179297311984 cm
2026-06-24 23:27:46,262 - mazeUtils.moveTile - [moveTile.py:552] - DEBUG - Direction: absDirection.WEST, Angle: 0, Distance: 12.4980987933086 cm
2026-06-24 23:27:46,262 - mazeUtils.moveTile - [moveTile.py:574] - DEBUG - Front LiDAR distance: 12.4980987933086 cm, TSD10 distance: 2.0 cm
2026-06-24 23:27:46,264 - mazeUtils.moveTile - [moveTile.py:2119] - INFO - Tile color detection, decided tile type: E
2026-06-24 23:27:46,338 - __main__ - [main.py:105] - INFO - Current position: (19, 15, 1), front direction: absDirection.WEST
Layer 0 (altitude=0.0cm, offset=(0.0cm, 0.0cm)):
Known map area: x=20..20, y=15..20
+---+
  E |
+   +
  E |
+   +
| E |
+   +
| E |
+   +
  E |
+   +
| S |
+---+
Layer 1 (altitude=15.0cm, offset=(-60.0cm, 0.0cm)):
Known map area: x=19..20, y=15..15
+---+---+
| @   E  
+   +   +
mazeAsGraph[0][15][20] = {absDirection.NORTH: None, absDirection.EAST: None, absDirection.SOUTH: (20, 16, 0, 30), absDirection.WEST: (20, 15, 1, 60)}
mazeAsGraph[0][16][20] = {absDirection.NORTH: (20, 15, 0, 30), absDirection.EAST: None, absDirection.SOUTH: (20, 17, 0, 30), absDirection.WEST: (19, 16, 0, 30)}
mazeAsGraph[0][17][20] = {absDirection.NORTH: (20, 16, 0, 30), absDirection.EAST: None, absDirection.SOUTH: (20, 18, 0, 30), absDirection.WEST: None}
mazeAsGraph[0][18][20] = {absDirection.NORTH: (20, 17, 0, 30), absDirection.EAST: None, absDirection.SOUTH: (20, 19, 0, 30), absDirection.WEST: None}
mazeAsGraph[0][19][20] = {absDirection.NORTH: (20, 18, 0, 30), absDirection.EAST: None, absDirection.SOUTH: (20, 20, 0, 30), absDirection.WEST: (19, 19, 0, 30)}
mazeAsGraph[0][20][20] = {absDirection.NORTH: (20, 19, 0, 30), absDirection.EAST: None, absDirection.SOUTH: None, absDirection.WEST: None}
mazeAsGraph[1][15][19] = {absDirection.NORTH: None, absDirection.EAST: (20, 15, 1, 30), absDirection.SOUTH: (19, 16, 1, 30), absDirection.WEST: None}
mazeAsGraph[1][15][20] = {absDirection.NORTH: None, absDirection.EAST: (20, 15, 0, 60), absDirection.SOUTH: (20, 16, 1, 30), absDirection.WEST: (19, 15, 1, 30)}
2026-06-24 23:27:46,343 - mazeUtils.mazeMap - [mazeMap.py:61] - INFO - next goal: (19, 16, 1)
2026-06-24 23:27:46,350 - mazeUtils.moveTile - [moveTile.py:79] - DEBUG - Moving to absDirection.SOUTH from (19, 15, 1) facing absDirection.WEST
2026-06-24 23:27:46,374 - mazeUtils.moveTile - [moveTile.py:79] - DEBUG - current heading: 90.63999999999999 target: 180
2026-06-24 23:27:47,412 - mazeUtils.moveTile - [moveTile.py:426] - DEBUG - stopped turning at heading: 175.34999999999997, diff: 4.650000000000034
2026-06-24 23:27:47,460 - mazeUtils.moveTile - [moveTile.py:79] - DEBUG - Turned to heading: 178.40999999999997 deg
2026-06-24 23:27:47,622 - mazeUtils.moveTile - [moveTile.py:79] - DEBUG - Little backward to adjust position
2026-06-24 23:27:47,930 - picamera2.picamera2 - [picamera2.py:1391] - DEBUG - Execute job: <picamera2.job.Job object at 0x7fa4c76cd0>
2026-06-24 23:27:47,934 - mazeUtils.device.camera - [camera.py:39] - DEBUG - Average HSV: H=140.9, S=36.8, V=185.0
2026-06-24 23:27:47,975 - mazeUtils.moveTile - [moveTile.py:79] - DEBUG - roll: 359.95 deg, practicalMoveTime: 0.05072423010343515 sec
2026-06-24 23:27:47,976 - mazeUtils.moveTile - [moveTile.py:1763] - DEBUG - moveTile loop time: 51.2 ms
2026-06-24 23:27:47,981 - picamera2.picamera2 - [picamera2.py:1391] - DEBUG - Execute job: <picamera2.job.Job object at 0x7fa4c43650>
2026-06-24 23:27:47,984 - mazeUtils.device.camera - [camera.py:39] - DEBUG - Average HSV: H=142.2, S=35.4, V=184.9
2026-06-24 23:27:48,018 - mazeUtils.moveTile - [moveTile.py:79] - DEBUG - roll: 0.45999999999997954 deg, practicalMoveTime: 0.09248525557941165 sec
2026-06-24 23:27:48,018 - mazeUtils.moveTile - [moveTile.py:1763] - DEBUG - moveTile loop time: 41.9 ms
2026-06-24 23:27:48,028 - picamera2.picamera2 - [picamera2.py:1391] - DEBUG - Execute job: <picamera2.job.Job object at 0x7fa4c69050>
2026-06-24 23:27:48,032 - mazeUtils.device.camera - [camera.py:39] - DEBUG - Average HSV: H=149.4, S=25.5, V=191.2
2026-06-24 23:27:48,065 - mazeUtils.moveTile - [moveTile.py:79] - DEBUG - roll: 1.009999999999991 deg, practicalMoveTime: 0.1392553010499302 sec
2026-06-24 23:27:48,065 - mazeUtils.moveTile - [moveTile.py:1763] - DEBUG - moveTile loop time: 47.1 ms
2026-06-24 23:27:48,070 - picamera2.picamera2 - [picamera2.py:1391] - DEBUG - Execute job: <picamera2.job.Job object at 0x7f88c2c150>
2026-06-24 23:27:48,073 - mazeUtils.device.camera - [camera.py:39] - DEBUG - Average HSV: H=146.8, S=26.6, V=190.5
2026-06-24 23:27:48,110 - mazeUtils.moveTile - [moveTile.py:79] - DEBUG - roll: 359.94 deg, practicalMoveTime: 0.1840986926251199 sec
2026-06-24 23:27:48,110 - mazeUtils.moveTile - [moveTile.py:1763] - DEBUG - moveTile loop time: 45.1 ms
2026-06-24 23:27:48,118 - picamera2.picamera2 - [picamera2.py:1391] - DEBUG - Execute job: <picamera2.job.Job object at 0x7fa4c43650>
2026-06-24 23:27:48,122 - mazeUtils.device.camera - [camera.py:39] - DEBUG - Average HSV: H=148.3, S=23.9, V=197.8
2026-06-24 23:27:48,154 - mazeUtils.moveTile - [moveTile.py:79] - DEBUG - roll: 0.37999999999999545 deg, practicalMoveTime: 0.2278104808210436 sec
2026-06-24 23:27:48,155 - mazeUtils.moveTile - [moveTile.py:1763] - DEBUG - moveTile loop time: 43.9 ms
2026-06-24 23:27:48,160 - picamera2.picamera2 - [picamera2.py:1391] - DEBUG - Execute job: <picamera2.job.Job object at 0x7f88c86a90>
2026-06-24 23:27:48,163 - mazeUtils.device.camera - [camera.py:39] - DEBUG - Average HSV: H=150.9, S=23.5, V=200.3
2026-06-24 23:27:48,198 - mazeUtils.moveTile - [moveTile.py:79] - DEBUG - roll: 0.9399999999999977 deg, practicalMoveTime: 0.2713111935170117 sec
2026-06-24 23:27:48,199 - mazeUtils.moveTile - [moveTile.py:1763] - DEBUG - moveTile loop time: 43.8 ms
2026-06-24 23:27:48,206 - picamera2.picamera2 - [picamera2.py:1391] - DEBUG - Execute job: <picamera2.job.Job object at 0x7f88c86a90>
2026-06-24 23:27:48,210 - mazeUtils.device.camera - [camera.py:39] - DEBUG - Average HSV: H=156.4, S=24.0, V=200.8
2026-06-24 23:27:48,243 - mazeUtils.moveTile - [moveTile.py:79] - DEBUG - roll: 1.2099999999999795 deg, practicalMoveTime: 0.31584633380359944 sec
2026-06-24 23:27:48,244 - mazeUtils.moveTile - [moveTile.py:1763] - DEBUG - moveTile loop time: 44.8 ms
2026-06-24 23:27:48,249 - picamera2.picamera2 - [picamera2.py:1391] - DEBUG - Execute job: <picamera2.job.Job object at 0x7fa4c6aa50>
2026-06-24 23:27:48,252 - mazeUtils.device.camera - [camera.py:39] - DEBUG - Average HSV: H=157.1, S=24.1, V=200.9
2026-06-24 23:27:48,288 - mazeUtils.moveTile - [moveTile.py:79] - DEBUG - roll: 2.019999999999982 deg, practicalMoveTime: 0.35999658858721895 sec
2026-06-24 23:27:48,288 - mazeUtils.moveTile - [moveTile.py:1763] - DEBUG - moveTile loop time: 44.4 ms
2026-06-24 23:27:48,294 - picamera2.picamera2 - [picamera2.py:1391] - DEBUG - Execute job: <picamera2.job.Job object at 0x7f88c86a90>
2026-06-24 23:27:48,298 - mazeUtils.device.camera - [camera.py:39] - DEBUG - Average HSV: H=160.6, S=23.8, V=203.4
2026-06-24 23:27:48,337 - mazeUtils.moveTile - [moveTile.py:79] - DEBUG - roll: 358.83 deg, practicalMoveTime: 0.4082123557629016 sec
2026-06-24 23:27:48,337 - mazeUtils.moveTile - [moveTile.py:1763] - DEBUG - moveTile loop time: 48.5 ms
2026-06-24 23:27:48,342 - picamera2.picamera2 - [picamera2.py:1391] - DEBUG - Execute job: <picamera2.job.Job object at 0x7f92cf3dd0>
2026-06-24 23:27:48,345 - mazeUtils.device.camera - [camera.py:39] - DEBUG - Average HSV: H=139.2, S=27.2, V=208.5
2026-06-24 23:27:48,378 - mazeUtils.moveTile - [moveTile.py:79] - DEBUG - roll: 353.3 deg, practicalMoveTime: 0.44925797695345426 sec
2026-06-24 23:27:48,379 - mazeUtils.moveTile - [moveTile.py:1763] - DEBUG - moveTile loop time: 41.5 ms
2026-06-24 23:27:48,384 - picamera2.picamera2 - [picamera2.py:1391] - DEBUG - Execute job: <picamera2.job.Job object at 0x7fa4c43650>
2026-06-24 23:27:48,387 - mazeUtils.device.camera - [camera.py:39] - DEBUG - Average HSV: H=130.7, S=40.4, V=205.6
2026-06-24 23:27:48,424 - mazeUtils.moveTile - [moveTile.py:79] - DEBUG - roll: 348.21 deg, practicalMoveTime: 0.4941347023927482 sec
2026-06-24 23:27:48,425 - mazeUtils.moveTile - [moveTile.py:1763] - DEBUG - moveTile loop time: 45.8 ms
2026-06-24 23:27:48,436 - picamera2.picamera2 - [picamera2.py:1391] - DEBUG - Execute job: <picamera2.job.Job object at 0x7fa4c76cd0>
2026-06-24 23:27:48,440 - mazeUtils.device.camera - [camera.py:39] - DEBUG - Average HSV: H=121.7, S=67.4, V=204.9
2026-06-24 23:27:48,473 - mazeUtils.moveTile - [moveTile.py:79] - DEBUG - roll: 342.11 deg, practicalMoveTime: 0.5450094328675209 sec
2026-06-24 23:27:48,474 - mazeUtils.moveTile - [moveTile.py:1763] - DEBUG - moveTile loop time: 48.7 ms
2026-06-24 23:27:48,479 - picamera2.picamera2 - [picamera2.py:1391] - DEBUG - Execute job: <picamera2.job.Job object at 0x7f92cf3dd0>
2026-06-24 23:27:48,482 - mazeUtils.device.camera - [camera.py:39] - DEBUG - Average HSV: H=116.8, S=90.4, V=214.5
2026-06-24 23:27:48,525 - mazeUtils.moveTile - [moveTile.py:79] - DEBUG - roll: 337.02 deg, practicalMoveTime: 0.5976019752427523 sec
2026-06-24 23:27:48,526 - mazeUtils.moveTile - [moveTile.py:1763] - DEBUG - moveTile loop time: 51.6 ms
2026-06-24 23:27:48,531 - picamera2.picamera2 - [picamera2.py:1391] - DEBUG - Execute job: <picamera2.job.Job object at 0x7f92cf2b10>
2026-06-24 23:27:48,534 - mazeUtils.device.camera - [camera.py:39] - DEBUG - Average HSV: H=114.9, S=100.9, V=221.4
2026-06-24 23:27:48,566 - mazeUtils.moveTile - [moveTile.py:79] - DEBUG - roll: 332.87 deg, practicalMoveTime: 0.6374984099133743 sec
2026-06-24 23:27:48,567 - mazeUtils.moveTile - [moveTile.py:1763] - DEBUG - moveTile loop time: 40.9 ms
2026-06-24 23:27:48,578 - picamera2.picamera2 - [picamera2.py:1391] - DEBUG - Execute job: <picamera2.job.Job object at 0x7f88c86a90>
2026-06-24 23:27:48,581 - mazeUtils.device.camera - [camera.py:39] - DEBUG - Average HSV: H=113.4, S=112.1, V=226.1
2026-06-24 23:27:48,621 - mazeUtils.moveTile - [moveTile.py:79] - DEBUG - roll: 329.01 deg, practicalMoveTime: 0.6887308522207811 sec
2026-06-24 23:27:48,621 - mazeUtils.moveTile - [moveTile.py:1763] - DEBUG - moveTile loop time: 54.3 ms
2026-06-24 23:27:48,627 - picamera2.picamera2 - [picamera2.py:1391] - DEBUG - Execute job: <picamera2.job.Job object at 0x7f92cf2b10>
2026-06-24 23:27:48,630 - mazeUtils.device.camera - [camera.py:39] - DEBUG - Average HSV: H=112.5, S=118.1, V=229.2
2026-06-24 23:27:48,673 - mazeUtils.moveTile - [moveTile.py:79] - DEBUG - roll: 329.94 deg, practicalMoveTime: 0.7374181380958658 sec
2026-06-24 23:27:48,674 - mazeUtils.moveTile - [moveTile.py:1763] - DEBUG - moveTile loop time: 51.6 ms
2026-06-24 23:27:48,680 - picamera2.picamera2 - [picamera2.py:1391] - DEBUG - Execute job: <picamera2.job.Job object at 0x7f92cf2b10>
2026-06-24 23:27:48,683 - mazeUtils.device.camera - [camera.py:39] - DEBUG - Average HSV: H=113.4, S=104.7, V=229.1
2026-06-24 23:27:48,720 - mazeUtils.moveTile - [moveTile.py:79] - DEBUG - roll: 331.31 deg, practicalMoveTime: 0.7825042504086468 sec
2026-06-24 23:27:48,721 - mazeUtils.moveTile - [moveTile.py:1763] - DEBUG - moveTile loop time: 47.3 ms
2026-06-24 23:27:48,734 - picamera2.picamera2 - [picamera2.py:1391] - DEBUG - Execute job: <picamera2.job.Job object at 0x7f88c2c150>
2026-06-24 23:27:48,737 - mazeUtils.device.camera - [camera.py:39] - DEBUG - Average HSV: H=113.8, S=98.4, V=228.2
2026-06-24 23:27:48,778 - mazeUtils.moveTile - [moveTile.py:79] - DEBUG - roll: 332.11 deg, practicalMoveTime: 0.8373697814438557 sec
2026-06-24 23:27:48,779 - mazeUtils.moveTile - [moveTile.py:1763] - DEBUG - moveTile loop time: 57.3 ms
2026-06-24 23:27:48,783 - picamera2.picamera2 - [picamera2.py:1391] - DEBUG - Execute job: <picamera2.job.Job object at 0x7f88c2c150>
2026-06-24 23:27:48,786 - mazeUtils.device.camera - [camera.py:39] - DEBUG - Average HSV: H=114.5, S=74.8, V=233.3
2026-06-24 23:27:48,830 - picamera2.picamera2 - [picamera2.py:1391] - DEBUG - Execute job: <picamera2.job.Job object at 0x7fa4c69050>
2026-06-24 23:27:48,833 - mazeUtils.device.camera - [camera.py:39] - DEBUG - Average HSV: H=113.7, S=63.4, V=241.3
2026-06-24 23:27:48,870 - mazeUtils.moveTile - [moveTile.py:79] - DEBUG - roll: 331.36 deg, practicalMoveTime: 0.9252616631384272 sec
2026-06-24 23:27:48,870 - mazeUtils.moveTile - [moveTile.py:1763] - DEBUG - moveTile loop time: 52.0 ms
2026-06-24 23:27:48,875 - picamera2.picamera2 - [picamera2.py:1391] - DEBUG - Execute job: <picamera2.job.Job object at 0x7f92cf3dd0>
2026-06-24 23:27:48,879 - mazeUtils.device.camera - [camera.py:39] - DEBUG - Average HSV: H=113.4, S=65.5, V=243.1
2026-06-24 23:27:48,914 - mazeUtils.moveTile - [moveTile.py:79] - DEBUG - roll: 332.15 deg, practicalMoveTime: 0.9681363091383876 sec
2026-06-24 23:27:48,915 - mazeUtils.moveTile - [moveTile.py:1763] - DEBUG - moveTile loop time: 44.3 ms
2026-06-24 23:27:48,920 - picamera2.picamera2 - [picamera2.py:1391] - DEBUG - Execute job: <picamera2.job.Job object at 0x7f92cf2b10>
2026-06-24 23:27:48,924 - mazeUtils.device.camera - [camera.py:39] - DEBUG - Average HSV: H=113.9, S=59.9, V=243.2
2026-06-24 23:27:48,958 - mazeUtils.moveTile - [moveTile.py:79] - DEBUG - roll: 331.64 deg, practicalMoveTime: 1.0103213140985268 sec
2026-06-24 23:27:48,959 - mazeUtils.moveTile - [moveTile.py:1763] - DEBUG - moveTile loop time: 43.8 ms
2026-06-24 23:27:48,970 - picamera2.picamera2 - [picamera2.py:1391] - DEBUG - Execute job: <picamera2.job.Job object at 0x7fa4c69050>
2026-06-24 23:27:48,974 - mazeUtils.device.camera - [camera.py:39] - DEBUG - Average HSV: H=108.4, S=141.7, V=235.5
2026-06-24 23:27:49,012 - mazeUtils.moveTile - [moveTile.py:79] - DEBUG - roll: 332.11 deg, practicalMoveTime: 1.0620955882234282 sec
2026-06-24 23:27:49,013 - mazeUtils.moveTile - [moveTile.py:1763] - DEBUG - moveTile loop time: 53.8 ms
2026-06-24 23:27:49,018 - picamera2.picamera2 - [picamera2.py:1391] - DEBUG - Execute job: <picamera2.job.Job object at 0x7fa4c6aa50>
2026-06-24 23:27:49,021 - mazeUtils.device.camera - [camera.py:39] - DEBUG - Average HSV: H=108.6, S=158.2, V=225.7
2026-06-24 23:27:49,064 - mazeUtils.moveTile - [moveTile.py:79] - DEBUG - roll: 331.85 deg, practicalMoveTime: 1.1121841579838412 sec
2026-06-24 23:27:49,065 - mazeUtils.moveTile - [moveTile.py:1763] - DEBUG - moveTile loop time: 51.9 ms
2026-06-24 23:27:49,070 - picamera2.picamera2 - [picamera2.py:1391] - DEBUG - Execute job: <picamera2.job.Job object at 0x7fa4c6aa50>
2026-06-24 23:27:49,073 - mazeUtils.device.camera - [camera.py:39] - DEBUG - Average HSV: H=110.2, S=151.3, V=210.4
2026-06-24 23:27:49,111 - mazeUtils.moveTile - [moveTile.py:79] - DEBUG - roll: 332.48 deg, practicalMoveTime: 1.1572512415717218 sec
2026-06-24 23:27:49,112 - mazeUtils.moveTile - [moveTile.py:1763] - DEBUG - moveTile loop time: 46.6 ms
2026-06-24 23:27:49,123 - picamera2.picamera2 - [picamera2.py:1391] - DEBUG - Execute job: <picamera2.job.Job object at 0x7f92cf3dd0>
2026-06-24 23:27:49,126 - mazeUtils.device.camera - [camera.py:39] - DEBUG - Average HSV: H=109.2, S=150.4, V=218.7
2026-06-24 23:27:49,162 - mazeUtils.moveTile - [moveTile.py:79] - DEBUG - roll: 337.94 deg, practicalMoveTime: 1.2073570528338224 sec
2026-06-24 23:27:49,163 - mazeUtils.moveTile - [moveTile.py:1763] - DEBUG - moveTile loop time: 50.9 ms
2026-06-24 23:27:49,167 - picamera2.picamera2 - [picamera2.py:1391] - DEBUG - Execute job: <picamera2.job.Job object at 0x7fa4c6aa50>
2026-06-24 23:27:49,170 - mazeUtils.device.camera - [camera.py:39] - DEBUG - Average HSV: H=111.9, S=101.9, V=223.5
2026-06-24 23:27:49,203 - mazeUtils.moveTile - [moveTile.py:79] - DEBUG - roll: 337.72 deg, practicalMoveTime: 1.2476228385637265 sec
2026-06-24 23:27:49,203 - mazeUtils.moveTile - [moveTile.py:1763] - DEBUG - moveTile loop time: 39.7 ms
2026-06-24 23:27:49,214 - picamera2.picamera2 - [picamera2.py:1391] - DEBUG - Execute job: <picamera2.job.Job object at 0x7fa4c6aa50>
2026-06-24 23:27:49,218 - mazeUtils.device.camera - [camera.py:39] - DEBUG - Average HSV: H=112.4, S=99.1, V=224.8
2026-06-24 23:27:49,251 - mazeUtils.moveTile - [moveTile.py:79] - DEBUG - roll: 341.84000000000003 deg, practicalMoveTime: 1.2978407151756577 sec
2026-06-24 23:27:49,252 - mazeUtils.moveTile - [moveTile.py:1763] - DEBUG - moveTile loop time: 48.6 ms
2026-06-24 23:27:49,257 - picamera2.picamera2 - [picamera2.py:1391] - DEBUG - Execute job: <picamera2.job.Job object at 0x7f88c05b10>
2026-06-24 23:27:49,260 - mazeUtils.device.camera - [camera.py:39] - DEBUG - Average HSV: H=118.4, S=37.6, V=241.6
2026-06-24 23:27:49,304 - mazeUtils.moveTile - [moveTile.py:79] - DEBUG - roll: 346.1 deg, practicalMoveTime: 1.3531710870715017 sec
2026-06-24 23:27:49,304 - mazeUtils.moveTile - [moveTile.py:1763] - DEBUG - moveTile loop time: 52.4 ms
2026-06-24 23:27:49,310 - picamera2.picamera2 - [picamera2.py:1391] - DEBUG - Execute job: <picamera2.job.Job object at 0x7f88c2c150>
2026-06-24 23:27:49,313 - mazeUtils.device.camera - [camera.py:39] - DEBUG - Average HSV: H=124.5, S=41.6, V=215.7
2026-06-24 23:27:49,345 - mazeUtils.moveTile - [moveTile.py:79] - DEBUG - roll: 347.65 deg, practicalMoveTime: 1.396975837852066 sec
2026-06-24 23:27:49,346 - mazeUtils.moveTile - [moveTile.py:1763] - DEBUG - moveTile loop time: 41.0 ms
2026-06-24 23:27:49,358 - picamera2.picamera2 - [picamera2.py:1391] - DEBUG - Execute job: <picamera2.job.Job object at 0x7f92cf3dd0>
2026-06-24 23:27:49,362 - mazeUtils.device.camera - [camera.py:39] - DEBUG - Average HSV: H=125.1, S=34.5, V=227.7
2026-06-24 23:27:49,397 - mazeUtils.moveTile - [moveTile.py:79] - DEBUG - roll: 354.7 deg, practicalMoveTime: 1.4520811771683944 sec
2026-06-24 23:27:49,397 - mazeUtils.moveTile - [moveTile.py:1763] - DEBUG - moveTile loop time: 51.1 ms
2026-06-24 23:27:49,401 - picamera2.picamera2 - [picamera2.py:1391] - DEBUG - Execute job: <picamera2.job.Job object at 0x7fa4c69050>
2026-06-24 23:27:49,404 - mazeUtils.device.camera - [camera.py:39] - DEBUG - Average HSV: H=122.3, S=31.4, V=240.8
2026-06-24 23:27:49,437 - mazeUtils.moveTile - [moveTile.py:79] - DEBUG - roll: 355.8 deg, practicalMoveTime: 1.4913610053432063 sec
2026-06-24 23:27:49,437 - mazeUtils.moveTile - [moveTile.py:1763] - DEBUG - moveTile loop time: 39.7 ms
2026-06-24 23:27:49,448 - picamera2.picamera2 - [picamera2.py:1391] - DEBUG - Execute job: <picamera2.job.Job object at 0x7fa4c43650>
2026-06-24 23:27:49,452 - mazeUtils.device.camera - [camera.py:39] - DEBUG - Average HSV: H=124.0, S=30.0, V=237.3
2026-06-24 23:27:49,492 - mazeUtils.moveTile - [moveTile.py:79] - DEBUG - roll: 357.29 deg, practicalMoveTime: 1.5456615122942086 sec
2026-06-24 23:27:49,492 - mazeUtils.moveTile - [moveTile.py:1763] - DEBUG - moveTile loop time: 54.7 ms
2026-06-24 23:27:49,497 - picamera2.picamera2 - [picamera2.py:1391] - DEBUG - Execute job: <picamera2.job.Job object at 0x7fa4c6aa50>
2026-06-24 23:27:49,500 - mazeUtils.device.camera - [camera.py:39] - DEBUG - Average HSV: H=126.9, S=27.5, V=235.0
2026-06-24 23:27:49,537 - mazeUtils.moveTile - [moveTile.py:79] - DEBUG - roll: 1.410000000000025 deg, practicalMoveTime: 1.5903127023017902 sec
2026-06-24 23:27:49,537 - mazeUtils.moveTile - [moveTile.py:1763] - DEBUG - moveTile loop time: 45.3 ms
2026-06-24 23:27:49,544 - picamera2.picamera2 - [picamera2.py:1391] - DEBUG - Execute job: <picamera2.job.Job object at 0x7fa4c6aa50>
2026-06-24 23:27:49,547 - mazeUtils.device.camera - [camera.py:39] - DEBUG - Average HSV: H=129.5, S=24.9, V=235.2
2026-06-24 23:27:49,579 - mazeUtils.moveTile - [moveTile.py:79] - DEBUG - roll: 359.21 deg, practicalMoveTime: 1.6316871777567203 sec
2026-06-24 23:27:49,579 - mazeUtils.moveTile - [moveTile.py:1763] - DEBUG - moveTile loop time: 41.7 ms
2026-06-24 23:27:49,585 - picamera2.picamera2 - [picamera2.py:1391] - DEBUG - Execute job: <picamera2.job.Job object at 0x7f92cf3dd0>
2026-06-24 23:27:49,588 - mazeUtils.device.camera - [camera.py:39] - DEBUG - Average HSV: H=128.1, S=25.9, V=235.9
2026-06-24 23:27:49,628 - mazeUtils.moveTile - [moveTile.py:1636] - INFO - practicalVerticalMove: -16.802262904724895 CM
2026-06-24 23:27:50,020 - mazeUtils.moveTile - [moveTile.py:1867] - INFO - Set slope for tile at absDirection.SOUTH, horizontal: 30 cm, vertical: -15 cm based on roll 332.28000000000003 deg
2026-06-24 23:27:50,161 - mazeUtils.moveTile - [moveTile.py:552] - DEBUG - Direction: absDirection.NORTH, Angle: 180, Distance: 90.35350069036942 cm
2026-06-24 23:27:50,164 - mazeUtils.moveTile - [moveTile.py:552] - DEBUG - Direction: absDirection.EAST, Angle: 90, Distance: 49.205748845273135 cm
2026-06-24 23:27:50,166 - mazeUtils.moveTile - [moveTile.py:552] - DEBUG - Direction: absDirection.SOUTH, Angle: 0, Distance: 92.89896883589007 cm
2026-06-24 23:27:50,167 - mazeUtils.moveTile - [moveTile.py:574] - DEBUG - Front LiDAR distance: 92.89896883589007 cm, TSD10 distance: 80.6 cm
2026-06-24 23:27:50,169 - mazeUtils.moveTile - [moveTile.py:552] - DEBUG - Direction: absDirection.WEST, Angle: 270, Distance: 50.13952378222457 cm
2026-06-24 23:27:50,173 - mazeUtils.moveTile - [moveTile.py:2119] - INFO - Tile color detection, decided tile type: E
2026-06-24 23:27:50,270 - __main__ - [main.py:105] - INFO - Current position: (17, 17, 0), front direction: absDirection.SOUTH
Layer 0 (altitude=0.0cm, offset=(0.0cm, 0.0cm)):
Known map area: x=17..20, y=15..20
+   +   +   +---+
  U   U   U   E |
+   +   +   +   +
  U   U   U   E |
+   +   +   +   +
  @   U   U | E |
+   +   +   +   +
  U   U   U | E |
+   +   +   +   +
  U   U   U   E |
+   +   +   +   +
  U   U   U | S |
+   +   +   +---+
Layer 1 (altitude=15.0cm, offset=(-60.0cm, 0.0cm)):
Known map area: x=19..20, y=15..15
+---+---+
| E   E  
+   +   +
mazeAsGraph[0][15][20] = {absDirection.NORTH: None, absDirection.EAST: None, absDirection.SOUTH: (20, 16, 0, 30), absDirection.WEST: (20, 15, 1, 60)}
mazeAsGraph[0][16][20] = {absDirection.NORTH: (20, 15, 0, 30), absDirection.EAST: None, absDirection.SOUTH: (20, 17, 0, 30), absDirection.WEST: (19, 16, 0, 30)}
mazeAsGraph[0][17][17] = {absDirection.NORTH: (19, 15, 1, 60), absDirection.EAST: (18, 17, 0, 30), absDirection.SOUTH: (17, 18, 0, 30), absDirection.WEST: (16, 17, 0, 30)}
mazeAsGraph[0][17][20] = {absDirection.NORTH: (20, 16, 0, 30), absDirection.EAST: None, absDirection.SOUTH: (20, 18, 0, 30), absDirection.WEST: None}
mazeAsGraph[0][18][20] = {absDirection.NORTH: (20, 17, 0, 30), absDirection.EAST: None, absDirection.SOUTH: (20, 19, 0, 30), absDirection.WEST: None}
mazeAsGraph[0][19][20] = {absDirection.NORTH: (20, 18, 0, 30), absDirection.EAST: None, absDirection.SOUTH: (20, 20, 0, 30), absDirection.WEST: (19, 19, 0, 30)}
mazeAsGraph[0][20][20] = {absDirection.NORTH: (20, 19, 0, 30), absDirection.EAST: None, absDirection.SOUTH: None, absDirection.WEST: None}
mazeAsGraph[1][15][19] = {absDirection.NORTH: None, absDirection.EAST: (20, 15, 1, 30), absDirection.SOUTH: (17, 17, 0, 60), absDirection.WEST: None}
mazeAsGraph[1][15][20] = {absDirection.NORTH: None, absDirection.EAST: (20, 15, 0, 60), absDirection.SOUTH: (20, 16, 1, 30), absDirection.WEST: (19, 15, 1, 30)}
2026-06-24 23:27:50,276 - mazeUtils.mazeMap - [mazeMap.py:61] - INFO - next goal: (17, 18, 0)
2026-06-24 23:27:50,282 - mazeUtils.moveTile - [moveTile.py:79] - DEBUG - Moving to absDirection.SOUTH from (17, 17, 0) facing absDirection.SOUTH
2026-06-24 23:27:50,307 - mazeUtils.moveTile - [moveTile.py:79] - DEBUG - current heading: 182.64999999999998 target: 180
2026-06-24 23:27:50,326 - mazeUtils.moveTile - [moveTile.py:426] - DEBUG - stopped turning at heading: 182.64999999999998, diff: 2.6499999999999773
2026-06-24 23:27:50,419 - mazeUtils.moveTile - [moveTile.py:79] - DEBUG - Turned to heading: 181.98999999999998 deg
2026-06-24 23:27:50,625 - picamera2.picamera2 - [picamera2.py:1391] - DEBUG - Execute job: <picamera2.job.Job object at 0x7f92cfc310>
2026-06-24 23:27:50,628 - mazeUtils.device.camera - [camera.py:39] - DEBUG - Average HSV: H=132.1, S=17.6, V=243.5
2026-06-24 23:27:50,662 - mazeUtils.moveTile - [moveTile.py:79] - DEBUG - roll: 358.73 deg, practicalMoveTime: 0.04065222002886522 sec
2026-06-24 23:27:50,662 - mazeUtils.moveTile - [moveTile.py:1763] - DEBUG - moveTile loop time: 40.8 ms
2026-06-24 23:27:50,666 - picamera2.picamera2 - [picamera2.py:1391] - DEBUG - Execute job: <picamera2.job.Job object at 0x7f888c5010>
2026-06-24 23:27:50,669 - mazeUtils.device.camera - [camera.py:39] - DEBUG - Average HSV: H=132.4, S=17.3, V=243.3
2026-06-24 23:27:50,707 - mazeUtils.moveTile - [moveTile.py:79] - DEBUG - roll: 358.93 deg, practicalMoveTime: 0.08484392710471206 sec
2026-06-24 23:27:50,707 - mazeUtils.moveTile - [moveTile.py:1763] - DEBUG - moveTile loop time: 44.4 ms
2026-06-24 23:27:50,717 - picamera2.picamera2 - [picamera2.py:1391] - DEBUG - Execute job: <picamera2.job.Job object at 0x7fa2052010>
2026-06-24 23:27:50,720 - mazeUtils.device.camera - [camera.py:39] - DEBUG - Average HSV: H=133.4, S=16.8, V=242.9
2026-06-24 23:27:50,754 - mazeUtils.moveTile - [moveTile.py:79] - DEBUG - roll: 358.0 deg, practicalMoveTime: 0.13164769999284018 sec
2026-06-24 23:27:50,754 - mazeUtils.moveTile - [moveTile.py:1763] - DEBUG - moveTile loop time: 47.1 ms
2026-06-24 23:27:50,760 - picamera2.picamera2 - [picamera2.py:1391] - DEBUG - Execute job: <picamera2.job.Job object at 0x7f88c2c150>
2026-06-24 23:27:50,763 - mazeUtils.device.camera - [camera.py:39] - DEBUG - Average HSV: H=129.4, S=18.6, V=247.0
2026-06-24 23:27:50,801 - mazeUtils.moveTile - [moveTile.py:79] - DEBUG - roll: 357.44 deg, practicalMoveTime: 0.17780021111498795 sec
2026-06-24 23:27:50,801 - mazeUtils.moveTile - [moveTile.py:1763] - DEBUG - moveTile loop time: 46.5 ms
2026-06-24 23:27:50,812 - picamera2.picamera2 - [picamera2.py:1391] - DEBUG - Execute job: <picamera2.job.Job object at 0x7f92cfc210>
2026-06-24 23:27:50,815 - mazeUtils.device.camera - [camera.py:39] - DEBUG - Average HSV: H=126.3, S=19.9, V=250.9
2026-06-24 23:27:50,850 - mazeUtils.moveTile - [moveTile.py:79] - DEBUG - roll: 356.88 deg, practicalMoveTime: 0.22654510180478907 sec
2026-06-24 23:27:50,850 - mazeUtils.moveTile - [moveTile.py:1763] - DEBUG - moveTile loop time: 49.1 ms
2026-06-24 23:27:50,861 - picamera2.picamera2 - [picamera2.py:1391] - DEBUG - Execute job: <picamera2.job.Job object at 0x7f92cfc310>
2026-06-24 23:27:50,864 - mazeUtils.device.camera - [camera.py:39] - DEBUG - Average HSV: H=127.8, S=18.5, V=250.3
2026-06-24 23:27:50,911 - mazeUtils.moveTile - [moveTile.py:79] - DEBUG - roll: 357.02 deg, practicalMoveTime: 0.28664897720417526 sec
2026-06-24 23:27:50,911 - mazeUtils.moveTile - [moveTile.py:1763] - DEBUG - moveTile loop time: 60.4 ms
2026-06-24 23:27:50,916 - picamera2.picamera2 - [picamera2.py:1391] - DEBUG - Execute job: <picamera2.job.Job object at 0x7f89203f50>
2026-06-24 23:27:50,919 - mazeUtils.device.camera - [camera.py:39] - DEBUG - Average HSV: H=127.3, S=19.2, V=249.7
2026-06-24 23:27:50,960 - mazeUtils.moveTile - [moveTile.py:79] - DEBUG - roll: 357.13 deg, practicalMoveTime: 0.33531582186625614 sec
2026-06-24 23:27:50,960 - mazeUtils.moveTile - [moveTile.py:1763] - DEBUG - moveTile loop time: 49.0 ms
2026-06-24 23:27:50,964 - picamera2.picamera2 - [picamera2.py:1391] - DEBUG - Execute job: <picamera2.job.Job object at 0x7f92cfcb90>
2026-06-24 23:27:50,968 - mazeUtils.device.camera - [camera.py:39] - DEBUG - Average HSV: H=127.9, S=20.1, V=248.3
2026-06-24 23:27:51,003 - mazeUtils.moveTile - [moveTile.py:79] - DEBUG - roll: 358.13 deg, practicalMoveTime: 0.37816573665712605 sec
2026-06-24 23:27:51,004 - mazeUtils.moveTile - [moveTile.py:1763] - DEBUG - moveTile loop time: 43.2 ms
2026-06-24 23:27:51,014 - picamera2.picamera2 - [picamera2.py:1391] - DEBUG - Execute job: <picamera2.job.Job object at 0x7fa2052010>
2026-06-24 23:27:51,017 - mazeUtils.device.camera - [camera.py:39] - DEBUG - Average HSV: H=120.5, S=48.6, V=224.5
2026-06-24 23:27:51,055 - mazeUtils.moveTile - [moveTile.py:79] - DEBUG - roll: 357.07 deg, practicalMoveTime: 0.4298263329743808 sec
2026-06-24 23:27:51,056 - mazeUtils.moveTile - [moveTile.py:1763] - DEBUG - moveTile loop time: 51.9 ms
2026-06-24 23:27:51,061 - picamera2.picamera2 - [picamera2.py:1391] - DEBUG - Execute job: <picamera2.job.Job object at 0x7f88c2c150>
2026-06-24 23:27:51,064 - mazeUtils.device.camera - [camera.py:39] - DEBUG - Average HSV: H=118.0, S=56.0, V=226.4
2026-06-24 23:27:51,098 - mazeUtils.moveTile - [moveTile.py:79] - DEBUG - roll: 358.31 deg, practicalMoveTime: 0.4717745130994824 sec
2026-06-24 23:27:51,098 - mazeUtils.moveTile - [moveTile.py:1763] - DEBUG - moveTile loop time: 42.2 ms
2026-06-24 23:27:51,104 - picamera2.picamera2 - [picamera2.py:1391] - DEBUG - Execute job: <picamera2.job.Job object at 0x7f888c4d10>
2026-06-24 23:27:51,107 - mazeUtils.device.camera - [camera.py:39] - DEBUG - Average HSV: H=116.9, S=58.7, V=230.1
2026-06-24 23:27:51,147 - mazeUtils.moveTile - [moveTile.py:79] - DEBUG - roll: 1.259999999999991 deg, practicalMoveTime: 0.5201353541568676 sec
2026-06-24 23:27:51,147 - mazeUtils.moveTile - [moveTile.py:1763] - DEBUG - moveTile loop time: 48.6 ms
2026-06-24 23:27:51,152 - picamera2.picamera2 - [picamera2.py:1391] - DEBUG - Execute job: <picamera2.job.Job object at 0x7fa2052010>
2026-06-24 23:27:51,155 - mazeUtils.device.camera - [camera.py:39] - DEBUG - Average HSV: H=118.9, S=52.8, V=227.1
2026-06-24 23:27:51,196 - mazeUtils.moveTile - [moveTile.py:79] - DEBUG - roll: 359.9 deg, practicalMoveTime: 0.5688192064379387 sec
2026-06-24 23:27:51,196 - mazeUtils.moveTile - [moveTile.py:1763] - DEBUG - moveTile loop time: 48.9 ms
2026-06-24 23:27:51,202 - picamera2.picamera2 - [picamera2.py:1391] - DEBUG - Execute job: <picamera2.job.Job object at 0x7fa2052010>
2026-06-24 23:27:51,205 - mazeUtils.device.camera - [camera.py:39] - DEBUG - Average HSV: H=117.5, S=56.2, V=230.4
2026-06-24 23:27:51,239 - mazeUtils.moveTile - [moveTile.py:79] - DEBUG - roll: 1.3700000000000045 deg, practicalMoveTime: 0.6110158706362078 sec
2026-06-24 23:27:51,239 - mazeUtils.moveTile - [moveTile.py:1763] - DEBUG - moveTile loop time: 42.5 ms
2026-06-24 23:27:51,249 - picamera2.picamera2 - [picamera2.py:1391] - DEBUG - Execute job: <picamera2.job.Job object at 0x7f88c2c150>
2026-06-24 23:27:51,252 - mazeUtils.device.camera - [camera.py:39] - DEBUG - Average HSV: H=115.7, S=111.0, V=204.0
2026-06-24 23:27:51,286 - mazeUtils.moveTile - [moveTile.py:79] - DEBUG - roll: 359.87 deg, practicalMoveTime: 0.658112959458074 sec
2026-06-24 23:27:51,287 - mazeUtils.moveTile - [moveTile.py:1763] - DEBUG - moveTile loop time: 47.0 ms
2026-06-24 23:27:51,298 - picamera2.picamera2 - [picamera2.py:1391] - DEBUG - Execute job: <picamera2.job.Job object at 0x7f92cfcb90>
2026-06-24 23:27:51,301 - mazeUtils.device.camera - [camera.py:39] - DEBUG - Average HSV: H=113.4, S=130.4, V=208.0
2026-06-24 23:27:51,334 - mazeUtils.moveTile - [moveTile.py:79] - DEBUG - roll: 359.55 deg, practicalMoveTime: 0.7051958821897609 sec
2026-06-24 23:27:51,334 - mazeUtils.moveTile - [moveTile.py:1763] - DEBUG - moveTile loop time: 47.2 ms
2026-06-24 23:27:51,342 - picamera2.picamera2 - [picamera2.py:1391] - DEBUG - Execute job: <picamera2.job.Job object at 0x7f769ca850>
2026-06-24 23:27:51,345 - mazeUtils.device.camera - [camera.py:39] - DEBUG - Average HSV: H=112.5, S=167.7, V=198.6
2026-06-24 23:27:51,377 - mazeUtils.moveTile - [moveTile.py:79] - DEBUG - roll: 1.759999999999991 deg, practicalMoveTime: 0.7477167639345911 sec
2026-06-24 23:27:51,377 - mazeUtils.moveTile - [moveTile.py:1763] - DEBUG - moveTile loop time: 42.8 ms
2026-06-24 23:27:51,382 - picamera2.picamera2 - [picamera2.py:1391] - DEBUG - Execute job: <picamera2.job.Job object at 0x7f92cfc310>
2026-06-24 23:27:51,385 - mazeUtils.device.camera - [camera.py:39] - DEBUG - Average HSV: H=112.4, S=170.5, V=197.2
2026-06-24 23:27:51,423 - mazeUtils.moveTile - [moveTile.py:79] - DEBUG - roll: 0.5300000000000296 deg, practicalMoveTime: 0.7932989860287587 sec
2026-06-24 23:27:51,424 - mazeUtils.moveTile - [moveTile.py:1763] - DEBUG - moveTile loop time: 45.9 ms
2026-06-24 23:27:51,429 - picamera2.picamera2 - [picamera2.py:1391] - DEBUG - Execute job: <picamera2.job.Job object at 0x7f92cfc210>
2026-06-24 23:27:51,433 - mazeUtils.device.camera - [camera.py:39] - DEBUG - Average HSV: H=111.9, S=173.4, V=197.5
2026-06-24 23:27:51,468 - mazeUtils.moveTile - [moveTile.py:79] - DEBUG - roll: 1.6100000000000136 deg, practicalMoveTime: 0.8378176868917893 sec
2026-06-24 23:27:51,468 - mazeUtils.moveTile - [moveTile.py:1763] - DEBUG - moveTile loop time: 44.7 ms
2026-06-24 23:27:51,475 - picamera2.picamera2 - [picamera2.py:1391] - DEBUG - Execute job: <picamera2.job.Job object at 0x7f88c2c150>
2026-06-24 23:27:51,478 - mazeUtils.device.camera - [camera.py:39] - DEBUG - Average HSV: H=113.3, S=178.3, V=193.8
2026-06-24 23:27:51,509 - mazeUtils.moveTile - [moveTile.py:1636] - INFO - practicalVerticalMove: -0.49348877312253436 CM
2026-06-24 23:27:51,558 - mazeUtils.moveTile - [moveTile.py:1959] - INFO - Set moved vertical distance: -0.49348877312253436 cm, past distances: [(0, False), (0, False), (0, False)]
2026-06-24 23:27:51,696 - mazeUtils.moveTile - [moveTile.py:552] - DEBUG - Direction: absDirection.NORTH, Angle: 180, Distance: 119.9900713133484 cm
2026-06-24 23:27:51,697 - mazeUtils.moveTile - [moveTile.py:552] - DEBUG - Direction: absDirection.EAST, Angle: 90, Distance: 47.75724194516758 cm
2026-06-24 23:27:51,698 - mazeUtils.moveTile - [moveTile.py:552] - DEBUG - Direction: absDirection.SOUTH, Angle: 0, Distance: 65.068043166135 cm
2026-06-24 23:27:51,699 - mazeUtils.moveTile - [moveTile.py:574] - DEBUG - Front LiDAR distance: 65.068043166135 cm, TSD10 distance: 51.3 cm
2026-06-24 23:27:51,700 - mazeUtils.moveTile - [moveTile.py:552] - DEBUG - Direction: absDirection.WEST, Angle: 270, Distance: 50.925044097626156 cm
2026-06-24 23:27:51,702 - mazeUtils.moveTile - [moveTile.py:2119] - INFO - Tile color detection, decided tile type: E
2026-06-24 23:27:51,780 - __main__ - [main.py:105] - INFO - Current position: (17, 18, 0), front direction: absDirection.SOUTH
Layer 0 (altitude=0.0cm, offset=(0.0cm, 0.0cm)):
Known map area: x=17..20, y=15..20
+   +   +   +---+
  U   U   U   E |
+   +   +   +   +
  U   U   U   E |
+   +   +   +   +
  E   U   U | E |
+   +   +   +   +
  @   U   U | E |
+   +   +   +   +
  U   U   U   E |
+   +   +   +   +
  U   U   U | S |
+   +   +   +---+
Layer 1 (altitude=15.0cm, offset=(-60.0cm, 0.0cm)):
Known map area: x=19..20, y=15..15
+---+---+
| E   E  
+   +   +
mazeAsGraph[0][15][20] = {absDirection.NORTH: None, absDirection.EAST: None, absDirection.SOUTH: (20, 16, 0, 30), absDirection.WEST: (20, 15, 1, 60)}
mazeAsGraph[0][16][20] = {absDirection.NORTH: (20, 15, 0, 30), absDirection.EAST: None, absDirection.SOUTH: (20, 17, 0, 30), absDirection.WEST: (19, 16, 0, 30)}
mazeAsGraph[0][17][17] = {absDirection.NORTH: (19, 15, 1, 60), absDirection.EAST: (18, 17, 0, 30), absDirection.SOUTH: (17, 18, 0, 30), absDirection.WEST: (16, 17, 0, 30)}
mazeAsGraph[0][17][20] = {absDirection.NORTH: (20, 16, 0, 30), absDirection.EAST: None, absDirection.SOUTH: (20, 18, 0, 30), absDirection.WEST: None}
mazeAsGraph[0][18][17] = {absDirection.NORTH: (17, 17, 0, 30), absDirection.EAST: (18, 18, 0, 30), absDirection.SOUTH: (17, 19, 0, 30), absDirection.WEST: (16, 18, 0, 30)}
mazeAsGraph[0][18][20] = {absDirection.NORTH: (20, 17, 0, 30), absDirection.EAST: None, absDirection.SOUTH: (20, 19, 0, 30), absDirection.WEST: None}
mazeAsGraph[0][19][20] = {absDirection.NORTH: (20, 18, 0, 30), absDirection.EAST: None, absDirection.SOUTH: (20, 20, 0, 30), absDirection.WEST: (19, 19, 0, 30)}
mazeAsGraph[0][20][20] = {absDirection.NORTH: (20, 19, 0, 30), absDirection.EAST: None, absDirection.SOUTH: None, absDirection.WEST: None}
mazeAsGraph[1][15][19] = {absDirection.NORTH: None, absDirection.EAST: (20, 15, 1, 30), absDirection.SOUTH: (17, 17, 0, 60), absDirection.WEST: None}
mazeAsGraph[1][15][20] = {absDirection.NORTH: None, absDirection.EAST: (20, 15, 0, 60), absDirection.SOUTH: (20, 16, 1, 30), absDirection.WEST: (19, 15, 1, 30)}
2026-06-24 23:27:51,786 - mazeUtils.mazeMap - [mazeMap.py:61] - INFO - next goal: (17, 19, 0)
2026-06-24 23:27:51,793 - mazeUtils.moveTile - [moveTile.py:79] - DEBUG - Moving to absDirection.SOUTH from (17, 18, 0) facing absDirection.SOUTH
2026-06-24 23:27:51,825 - mazeUtils.moveTile - [moveTile.py:79] - DEBUG - current heading: 179.53999999999996 target: 180
2026-06-24 23:27:51,848 - mazeUtils.moveTile - [moveTile.py:426] - DEBUG - stopped turning at heading: 179.53999999999996, diff: 0.4600000000000364
2026-06-24 23:27:51,892 - mazeUtils.moveTile - [moveTile.py:79] - DEBUG - Turned to heading: 179.56999999999996 deg
2026-06-24 23:27:52,122 - picamera2.picamera2 - [picamera2.py:1391] - DEBUG - Execute job: <picamera2.job.Job object at 0x7fa4c34410>
2026-06-24 23:27:52,125 - mazeUtils.device.camera - [camera.py:39] - DEBUG - Average HSV: H=112.3, S=190.9, V=199.8
2026-06-24 23:27:52,160 - mazeUtils.moveTile - [moveTile.py:79] - DEBUG - roll: 2.329999999999984 deg, practicalMoveTime: 0.04331039864454372 sec
2026-06-24 23:27:52,160 - mazeUtils.moveTile - [moveTile.py:1763] - DEBUG - moveTile loop time: 43.4 ms
2026-06-24 23:27:52,165 - picamera2.picamera2 - [picamera2.py:1391] - DEBUG - Execute job: <picamera2.job.Job object at 0x7fa4c37e50>
2026-06-24 23:27:52,168 - mazeUtils.device.camera - [camera.py:39] - DEBUG - Average HSV: H=112.5, S=189.9, V=198.1
2026-06-24 23:27:52,206 - mazeUtils.moveTile - [moveTile.py:79] - DEBUG - roll: 3.3999999999999773 deg, practicalMoveTime: 0.0888815088639559 sec
2026-06-24 23:27:52,206 - mazeUtils.moveTile - [moveTile.py:1763] - DEBUG - moveTile loop time: 45.9 ms
2026-06-24 23:27:52,212 - picamera2.picamera2 - [picamera2.py:1391] - DEBUG - Execute job: <picamera2.job.Job object at 0x7fa4c5e450>
2026-06-24 23:27:52,216 - mazeUtils.device.camera - [camera.py:39] - DEBUG - Average HSV: H=113.1, S=185.9, V=193.9
2026-06-24 23:27:52,254 - mazeUtils.moveTile - [moveTile.py:79] - DEBUG - roll: 3.0500000000000114 deg, practicalMoveTime: 0.136037123712149 sec
2026-06-24 23:27:52,254 - mazeUtils.moveTile - [moveTile.py:1763] - DEBUG - moveTile loop time: 47.2 ms
2026-06-24 23:27:52,260 - picamera2.picamera2 - [picamera2.py:1391] - DEBUG - Execute job: <picamera2.job.Job object at 0x7fa4c37e50>
2026-06-24 23:27:52,263 - mazeUtils.device.camera - [camera.py:39] - DEBUG - Average HSV: H=113.2, S=181.3, V=193.2
2026-06-24 23:27:52,296 - mazeUtils.moveTile - [moveTile.py:79] - DEBUG - roll: 1.4300000000000068 deg, practicalMoveTime: 0.1775579751040915 sec
2026-06-24 23:27:52,296 - mazeUtils.moveTile - [moveTile.py:1763] - DEBUG - moveTile loop time: 41.8 ms
2026-06-24 23:27:52,301 - picamera2.picamera2 - [picamera2.py:1391] - DEBUG - Execute job: <picamera2.job.Job object at 0x7fa4c37e50>
2026-06-24 23:27:52,305 - mazeUtils.device.camera - [camera.py:39] - DEBUG - Average HSV: H=112.8, S=184.2, V=194.1
2026-06-24 23:27:52,341 - mazeUtils.moveTile - [moveTile.py:79] - DEBUG - roll: 2.1200000000000045 deg, practicalMoveTime: 0.22245147942485244 sec
2026-06-24 23:27:52,342 - mazeUtils.moveTile - [moveTile.py:1763] - DEBUG - moveTile loop time: 45.2 ms
2026-06-24 23:27:52,347 - picamera2.picamera2 - [picamera2.py:1391] - DEBUG - Execute job: <picamera2.job.Job object at 0x7fa4c37e50>
2026-06-24 23:27:52,351 - mazeUtils.device.camera - [camera.py:39] - DEBUG - Average HSV: H=113.9, S=166.7, V=182.0
2026-06-24 23:27:52,387 - mazeUtils.moveTile - [moveTile.py:79] - DEBUG - roll: 0.18999999999999773 deg, practicalMoveTime: 0.2676403289072597 sec
2026-06-24 23:27:52,387 - mazeUtils.moveTile - [moveTile.py:1763] - DEBUG - moveTile loop time: 45.6 ms
2026-06-24 23:27:52,394 - picamera2.picamera2 - [picamera2.py:1391] - DEBUG - Execute job: <picamera2.job.Job object at 0x7f93cbfc10>
2026-06-24 23:27:52,397 - mazeUtils.device.camera - [camera.py:39] - DEBUG - Average HSV: H=112.4, S=174.1, V=191.1
2026-06-24 23:27:52,437 - mazeUtils.moveTile - [moveTile.py:79] - DEBUG - roll: 359.81 deg, practicalMoveTime: 0.3169655558934203 sec
2026-06-24 23:27:52,438 - mazeUtils.moveTile - [moveTile.py:1763] - DEBUG - moveTile loop time: 49.9 ms
2026-06-24 23:27:52,444 - picamera2.picamera2 - [picamera2.py:1391] - DEBUG - Execute job: <picamera2.job.Job object at 0x7fa4c5e450>
2026-06-24 23:27:52,448 - mazeUtils.device.camera - [camera.py:39] - DEBUG - Average HSV: H=112.1, S=178.3, V=193.7
2026-06-24 23:27:52,482 - mazeUtils.moveTile - [moveTile.py:79] - DEBUG - roll: 359.1 deg, practicalMoveTime: 0.3616935046860376 sec
2026-06-24 23:27:52,483 - mazeUtils.moveTile - [moveTile.py:1763] - DEBUG - moveTile loop time: 44.8 ms
2026-06-24 23:27:52,488 - picamera2.picamera2 - [picamera2.py:1391] - DEBUG - Execute job: <picamera2.job.Job object at 0x7f93cbddd0>
2026-06-24 23:27:52,491 - mazeUtils.device.camera - [camera.py:39] - DEBUG - Average HSV: H=111.4, S=182.5, V=198.7
2026-06-24 23:27:52,526 - mazeUtils.moveTile - [moveTile.py:79] - DEBUG - roll: 358.23 deg, practicalMoveTime: 0.4052245487886692 sec
2026-06-24 23:27:52,527 - mazeUtils.moveTile - [moveTile.py:1763] - DEBUG - moveTile loop time: 44.1 ms
2026-06-24 23:27:52,538 - picamera2.picamera2 - [picamera2.py:1391] - DEBUG - Execute job: <picamera2.job.Job object at 0x7fa4c37e50>
2026-06-24 23:27:52,541 - mazeUtils.device.camera - [camera.py:39] - DEBUG - Average HSV: H=110.9, S=184.9, V=199.7
2026-06-24 23:27:52,582 - mazeUtils.moveTile - [moveTile.py:79] - DEBUG - roll: 358.71 deg, practicalMoveTime: 0.46035857102716504 sec
2026-06-24 23:27:52,583 - mazeUtils.moveTile - [moveTile.py:1763] - DEBUG - moveTile loop time: 55.3 ms
2026-06-24 23:27:52,588 - picamera2.picamera2 - [picamera2.py:1391] - DEBUG - Execute job: <picamera2.job.Job object at 0x7fabed8210>
2026-06-24 23:27:52,591 - mazeUtils.device.camera - [camera.py:39] - DEBUG - Average HSV: H=111.5, S=181.3, V=192.4
2026-06-24 23:27:52,624 - mazeUtils.moveTile - [moveTile.py:79] - DEBUG - roll: 357.18 deg, practicalMoveTime: 0.5015619983834144 sec
2026-06-24 23:27:52,625 - mazeUtils.moveTile - [moveTile.py:1763] - DEBUG - moveTile loop time: 41.8 ms
2026-06-24 23:27:52,636 - picamera2.picamera2 - [picamera2.py:1391] - DEBUG - Execute job: <picamera2.job.Job object at 0x7f88344550>
2026-06-24 23:27:52,639 - mazeUtils.device.camera - [camera.py:39] - DEBUG - Average HSV: H=110.2, S=187.7, V=198.8
2026-06-24 23:27:52,684 - mazeUtils.moveTile - [moveTile.py:79] - DEBUG - roll: 358.0 deg, practicalMoveTime: 0.5607514122151996 sec
2026-06-24 23:27:52,684 - mazeUtils.moveTile - [moveTile.py:1763] - DEBUG - moveTile loop time: 59.4 ms
2026-06-24 23:27:52,689 - picamera2.picamera2 - [picamera2.py:1391] - DEBUG - Execute job: <picamera2.job.Job object at 0x7f88344490>
2026-06-24 23:27:52,693 - mazeUtils.device.camera - [camera.py:39] - DEBUG - Average HSV: H=110.5, S=183.8, V=193.7
2026-06-24 23:27:52,734 - mazeUtils.moveTile - [moveTile.py:79] - DEBUG - roll: 358.21 deg, practicalMoveTime: 0.6102214202692434 sec
2026-06-24 23:27:52,734 - mazeUtils.moveTile - [moveTile.py:1763] - DEBUG - moveTile loop time: 49.8 ms
2026-06-24 23:27:52,746 - picamera2.picamera2 - [picamera2.py:1391] - DEBUG - Execute job: <picamera2.job.Job object at 0x7fabed8210>
2026-06-24 23:27:52,749 - mazeUtils.device.camera - [camera.py:39] - DEBUG - Average HSV: H=112.3, S=178.4, V=165.3
2026-06-24 23:27:52,785 - mazeUtils.moveTile - [moveTile.py:79] - DEBUG - roll: 357.2 deg, practicalMoveTime: 0.6604509696523077 sec
2026-06-24 23:27:52,785 - mazeUtils.moveTile - [moveTile.py:1763] - DEBUG - moveTile loop time: 50.5 ms
2026-06-24 23:27:52,790 - picamera2.picamera2 - [picamera2.py:1391] - DEBUG - Execute job: <picamera2.job.Job object at 0x7f93cbddd0>
2026-06-24 23:27:52,793 - mazeUtils.device.camera - [camera.py:39] - DEBUG - Average HSV: H=111.3, S=190.5, V=183.8
2026-06-24 23:27:52,830 - mazeUtils.moveTile - [moveTile.py:79] - DEBUG - roll: 358.96 deg, practicalMoveTime: 0.7054646063226232 sec
2026-06-24 23:27:52,831 - mazeUtils.moveTile - [moveTile.py:1763] - DEBUG - moveTile loop time: 45.3 ms
2026-06-24 23:27:52,836 - picamera2.picamera2 - [picamera2.py:1391] - DEBUG - Execute job: <picamera2.job.Job object at 0x7fa4c34410>
2026-06-24 23:27:52,839 - mazeUtils.device.camera - [camera.py:39] - DEBUG - Average HSV: H=111.0, S=194.8, V=197.2
2026-06-24 23:27:52,875 - mazeUtils.moveTile - [moveTile.py:79] - DEBUG - roll: 358.56 deg, practicalMoveTime: 0.7497659976538809 sec
2026-06-24 23:27:52,876 - mazeUtils.moveTile - [moveTile.py:1763] - DEBUG - moveTile loop time: 44.7 ms
2026-06-24 23:27:52,883 - picamera2.picamera2 - [picamera2.py:1391] - DEBUG - Execute job: <picamera2.job.Job object at 0x7f88c2c150>
2026-06-24 23:27:52,887 - mazeUtils.device.camera - [camera.py:39] - DEBUG - Average HSV: H=110.5, S=197.0, V=199.3
2026-06-24 23:27:52,923 - mazeUtils.moveTile - [moveTile.py:79] - DEBUG - roll: 359.19 deg, practicalMoveTime: 0.7968176225630277 sec
2026-06-24 23:27:52,923 - mazeUtils.moveTile - [moveTile.py:1763] - DEBUG - moveTile loop time: 46.1 ms
2026-06-24 23:27:52,928 - picamera2.picamera2 - [picamera2.py:1391] - DEBUG - Execute job: <picamera2.job.Job object at 0x7fabed8210>
2026-06-24 23:27:52,931 - mazeUtils.device.camera - [camera.py:39] - DEBUG - Average HSV: H=111.0, S=195.6, V=197.2
2026-06-24 23:27:52,965 - mazeUtils.moveTile - [moveTile.py:79] - DEBUG - roll: 0.910000000000025 deg, practicalMoveTime: 0.8381356922578872 sec
2026-06-24 23:27:52,965 - mazeUtils.moveTile - [moveTile.py:1763] - DEBUG - moveTile loop time: 41.7 ms
2026-06-24 23:27:52,973 - picamera2.picamera2 - [picamera2.py:1391] - DEBUG - Execute job: <picamera2.job.Job object at 0x7f88c2c150>
2026-06-24 23:27:52,976 - mazeUtils.device.camera - [camera.py:39] - DEBUG - Average HSV: H=110.9, S=194.9, V=196.9
2026-06-24 23:27:53,008 - mazeUtils.moveTile - [moveTile.py:1636] - INFO - practicalVerticalMove: -0.10351948786814741 CM
2026-06-24 23:27:53,059 - mazeUtils.moveTile - [moveTile.py:1959] - INFO - Set moved vertical distance: -0.10351948786814741 cm, past distances: [(-0.49348877312253436, False), (0, False), (0, False)]
2026-06-24 23:27:53,215 - mazeUtils.moveTile - [moveTile.py:552] - DEBUG - Direction: absDirection.NORTH, Angle: 180, Distance: 151.0882981500476 cm
2026-06-24 23:27:53,216 - mazeUtils.moveTile - [moveTile.py:552] - DEBUG - Direction: absDirection.EAST, Angle: 90, Distance: 105.64454121298179 cm
2026-06-24 23:27:53,217 - mazeUtils.moveTile - [moveTile.py:552] - DEBUG - Direction: absDirection.SOUTH, Angle: 0, Distance: 35.21796196948043 cm
2026-06-24 23:27:53,217 - mazeUtils.moveTile - [moveTile.py:574] - DEBUG - Front LiDAR distance: 35.21796196948043 cm, TSD10 distance: 18.4 cm
2026-06-24 23:27:53,218 - mazeUtils.moveTile - [moveTile.py:552] - DEBUG - Direction: absDirection.WEST, Angle: 270, Distance: 80.50776045480929 cm
2026-06-24 23:27:53,220 - mazeUtils.moveTile - [moveTile.py:2119] - INFO - Tile color detection, decided tile type: E
2026-06-24 23:27:53,295 - __main__ - [main.py:105] - INFO - Current position: (17, 19, 0), front direction: absDirection.SOUTH
Layer 0 (altitude=0.0cm, offset=(0.0cm, 0.0cm)):
Known map area: x=17..20, y=15..20
+   +   +   +---+
  U   U   U   E |
+   +   +   +   +
  U   U   U   E |
+   +   +   +   +
  E   U   U | E |
+   +   +   +   +
  E   U   U | E |
+   +   +   +   +
  @   U   U   E |
+   +   +   +   +
  U   U   U | S |
+   +   +   +---+
Layer 1 (altitude=15.0cm, offset=(-60.0cm, 0.0cm)):
Known map area: x=19..20, y=15..15
+---+---+
| E   E  
+   +   +
mazeAsGraph[0][15][20] = {absDirection.NORTH: None, absDirection.EAST: None, absDirection.SOUTH: (20, 16, 0, 30), absDirection.WEST: (20, 15, 1, 60)}
mazeAsGraph[0][16][20] = {absDirection.NORTH: (20, 15, 0, 30), absDirection.EAST: None, absDirection.SOUTH: (20, 17, 0, 30), absDirection.WEST: (19, 16, 0, 30)}
mazeAsGraph[0][17][17] = {absDirection.NORTH: (19, 15, 1, 60), absDirection.EAST: (18, 17, 0, 30), absDirection.SOUTH: (17, 18, 0, 30), absDirection.WEST: (16, 17, 0, 30)}
mazeAsGraph[0][17][20] = {absDirection.NORTH: (20, 16, 0, 30), absDirection.EAST: None, absDirection.SOUTH: (20, 18, 0, 30), absDirection.WEST: None}
mazeAsGraph[0][18][17] = {absDirection.NORTH: (17, 17, 0, 30), absDirection.EAST: (18, 18, 0, 30), absDirection.SOUTH: (17, 19, 0, 30), absDirection.WEST: (16, 18, 0, 30)}
mazeAsGraph[0][18][20] = {absDirection.NORTH: (20, 17, 0, 30), absDirection.EAST: None, absDirection.SOUTH: (20, 19, 0, 30), absDirection.WEST: None}
mazeAsGraph[0][19][17] = {absDirection.NORTH: (17, 18, 0, 30), absDirection.EAST: (18, 19, 0, 30), absDirection.SOUTH: (17, 20, 0, 30), absDirection.WEST: (16, 19, 0, 30)}
mazeAsGraph[0][19][20] = {absDirection.NORTH: (20, 18, 0, 30), absDirection.EAST: None, absDirection.SOUTH: (20, 20, 0, 30), absDirection.WEST: (19, 19, 0, 30)}
mazeAsGraph[0][20][20] = {absDirection.NORTH: (20, 19, 0, 30), absDirection.EAST: None, absDirection.SOUTH: None, absDirection.WEST: None}
mazeAsGraph[1][15][19] = {absDirection.NORTH: None, absDirection.EAST: (20, 15, 1, 30), absDirection.SOUTH: (17, 17, 0, 60), absDirection.WEST: None}
mazeAsGraph[1][15][20] = {absDirection.NORTH: None, absDirection.EAST: (20, 15, 0, 60), absDirection.SOUTH: (20, 16, 1, 30), absDirection.WEST: (19, 15, 1, 30)}
2026-06-24 23:27:53,302 - mazeUtils.mazeMap - [mazeMap.py:61] - INFO - next goal: (17, 20, 0)
2026-06-24 23:27:53,311 - mazeUtils.moveTile - [moveTile.py:79] - DEBUG - Moving to absDirection.SOUTH from (17, 19, 0) facing absDirection.SOUTH
2026-06-24 23:27:53,340 - mazeUtils.moveTile - [moveTile.py:79] - DEBUG - current heading: 180.48 target: 180
2026-06-24 23:27:53,362 - mazeUtils.moveTile - [moveTile.py:426] - DEBUG - stopped turning at heading: 180.48, diff: 0.47999999999998977
2026-06-24 23:27:53,408 - mazeUtils.moveTile - [moveTile.py:79] - DEBUG - Turned to heading: 180.34999999999997 deg
2026-06-24 23:27:53,618 - picamera2.picamera2 - [picamera2.py:1391] - DEBUG - Execute job: <picamera2.job.Job object at 0x7fa4c5f350>
2026-06-24 23:27:53,622 - mazeUtils.device.camera - [camera.py:39] - DEBUG - Average HSV: H=110.3, S=201.0, V=202.4
2026-06-24 23:27:53,654 - mazeUtils.moveTile - [moveTile.py:79] - DEBUG - roll: 359.07 deg, practicalMoveTime: 0.04364071092999083 sec
2026-06-24 23:27:53,655 - mazeUtils.moveTile - [moveTile.py:1763] - DEBUG - moveTile loop time: 42.7 ms
2026-06-24 23:27:53,660 - picamera2.picamera2 - [picamera2.py:1391] - DEBUG - Execute job: <picamera2.job.Job object at 0x7fabed8210>
2026-06-24 23:27:53,664 - mazeUtils.device.camera - [camera.py:39] - DEBUG - Average HSV: H=110.5, S=201.1, V=199.9
2026-06-24 23:27:53,703 - mazeUtils.moveTile - [moveTile.py:79] - DEBUG - roll: 359.19 deg, practicalMoveTime: 0.09152700262536187 sec
2026-06-24 23:27:53,703 - mazeUtils.moveTile - [moveTile.py:1763] - DEBUG - moveTile loop time: 48.4 ms
2026-06-24 23:27:53,708 - picamera2.picamera2 - [picamera2.py:1391] - DEBUG - Execute job: <picamera2.job.Job object at 0x7fa4c5f350>
2026-06-24 23:27:53,711 - mazeUtils.device.camera - [camera.py:39] - DEBUG - Average HSV: H=110.5, S=201.2, V=201.7
2026-06-24 23:27:53,748 - mazeUtils.moveTile - [moveTile.py:79] - DEBUG - roll: 359.74 deg, practicalMoveTime: 0.13626047176010941 sec
2026-06-24 23:27:53,749 - mazeUtils.moveTile - [moveTile.py:1763] - DEBUG - moveTile loop time: 45.1 ms
2026-06-24 23:27:53,755 - picamera2.picamera2 - [picamera2.py:1391] - DEBUG - Execute job: <picamera2.job.Job object at 0x7fa4c33250>
2026-06-24 23:27:53,759 - mazeUtils.device.camera - [camera.py:39] - DEBUG - Average HSV: H=110.2, S=202.4, V=204.0
2026-06-24 23:27:53,792 - mazeUtils.moveTile - [moveTile.py:79] - DEBUG - roll: 359.47 deg, practicalMoveTime: 0.17975198763788441 sec
2026-06-24 23:27:53,793 - mazeUtils.moveTile - [moveTile.py:1763] - DEBUG - moveTile loop time: 43.8 ms
2026-06-24 23:27:53,798 - picamera2.picamera2 - [picamera2.py:1391] - DEBUG - Execute job: <picamera2.job.Job object at 0x7f88c2c150>
2026-06-24 23:27:53,801 - mazeUtils.device.camera - [camera.py:39] - DEBUG - Average HSV: H=109.7, S=205.0, V=208.9
2026-06-24 23:27:53,839 - mazeUtils.moveTile - [moveTile.py:79] - DEBUG - roll: 359.66 deg, practicalMoveTime: 0.22544522270959086 sec
2026-06-24 23:27:53,839 - mazeUtils.moveTile - [moveTile.py:1763] - DEBUG - moveTile loop time: 45.6 ms
2026-06-24 23:27:53,844 - picamera2.picamera2 - [picamera2.py:1391] - DEBUG - Execute job: <picamera2.job.Job object at 0x7f93d78150>
2026-06-24 23:27:53,847 - mazeUtils.device.camera - [camera.py:39] - DEBUG - Average HSV: H=109.6, S=206.6, V=210.3
2026-06-24 23:27:53,881 - mazeUtils.moveTile - [moveTile.py:79] - DEBUG - roll: 359.84000000000003 deg, practicalMoveTime: 0.2673344884709067 sec
2026-06-24 23:27:53,882 - mazeUtils.moveTile - [moveTile.py:1763] - DEBUG - moveTile loop time: 42.3 ms
2026-06-24 23:27:53,889 - picamera2.picamera2 - [picamera2.py:1391] - DEBUG - Execute job: <picamera2.job.Job object at 0x7fa4c33250>
2026-06-24 23:27:53,892 - mazeUtils.device.camera - [camera.py:39] - DEBUG - Average HSV: H=109.2, S=209.5, V=211.9
2026-06-24 23:27:53,926 - mazeUtils.moveTile - [moveTile.py:79] - DEBUG - roll: 0.10000000000002274 deg, practicalMoveTime: 0.3120086132263337 sec
2026-06-24 23:27:53,927 - mazeUtils.moveTile - [moveTile.py:1763] - DEBUG - moveTile loop time: 45.1 ms
2026-06-24 23:27:53,932 - picamera2.picamera2 - [picamera2.py:1391] - DEBUG - Execute job: <picamera2.job.Job object at 0x7fabed8210>
2026-06-24 23:27:53,935 - mazeUtils.device.camera - [camera.py:39] - DEBUG - Average HSV: H=108.7, S=211.9, V=216.1
2026-06-24 23:27:53,971 - mazeUtils.moveTile - [moveTile.py:79] - DEBUG - roll: 0.2300000000000182 deg, practicalMoveTime: 0.3560044597435801 sec
2026-06-24 23:27:53,972 - mazeUtils.moveTile - [moveTile.py:1763] - DEBUG - moveTile loop time: 44.3 ms
2026-06-24 23:27:53,981 - picamera2.picamera2 - [picamera2.py:1391] - DEBUG - Execute job: <picamera2.job.Job object at 0x7fa4c30e90>
2026-06-24 23:27:53,984 - mazeUtils.device.camera - [camera.py:39] - DEBUG - Average HSV: H=108.3, S=217.6, V=220.9
2026-06-24 23:27:54,020 - mazeUtils.moveTile - [moveTile.py:79] - DEBUG - roll: 359.29 deg, practicalMoveTime: 0.40465613646985377 sec
2026-06-24 23:27:54,021 - mazeUtils.moveTile - [moveTile.py:1763] - DEBUG - moveTile loop time: 48.9 ms
2026-06-24 23:27:54,026 - picamera2.picamera2 - [picamera2.py:1391] - DEBUG - Execute job: <picamera2.job.Job object at 0x7fabed8210>
2026-06-24 23:27:54,029 - mazeUtils.device.camera - [camera.py:39] - DEBUG - Average HSV: H=107.8, S=224.6, V=223.4
2026-06-24 23:27:54,070 - mazeUtils.moveTile - [moveTile.py:79] - DEBUG - roll: 359.07 deg, practicalMoveTime: 0.45362005647519593 sec
2026-06-24 23:27:54,070 - mazeUtils.moveTile - [moveTile.py:1763] - DEBUG - moveTile loop time: 49.2 ms
2026-06-24 23:27:54,075 - picamera2.picamera2 - [picamera2.py:1391] - DEBUG - Execute job: <picamera2.job.Job object at 0x7f92ce7010>
2026-06-24 23:27:54,079 - mazeUtils.device.camera - [camera.py:39] - DEBUG - Average HSV: H=107.7, S=247.0, V=220.5
2026-06-24 23:27:54,156 - mazeUtils.moveTile - [moveTile.py:79] - DEBUG - Little forward to adjust position
2026-06-24 23:27:54,212 - mazeUtils.moveTile - [moveTile.py:1959] - INFO - Set moved vertical distance: -0.13089767244490355 cm, past distances: [(-0.10351948786814741, False), (-0.49348877312253436, False), (0, False)]
2026-06-24 23:27:54,351 - mazeUtils.moveTile - [moveTile.py:552] - DEBUG - Direction: absDirection.NORTH, Angle: 180, Distance: 171.07339715276106 cm
2026-06-24 23:27:54,352 - mazeUtils.moveTile - [moveTile.py:552] - DEBUG - Direction: absDirection.EAST, Angle: 90, Distance: 16.953286615493077 cm
2026-06-24 23:27:54,353 - mazeUtils.moveTile - [moveTile.py:552] - DEBUG - Direction: absDirection.SOUTH, Angle: 0, Distance: 12.100136684921834 cm
2026-06-24 23:27:54,353 - mazeUtils.moveTile - [moveTile.py:574] - DEBUG - Front LiDAR distance: 12.100136684921834 cm, TSD10 distance: 1.6 cm
2026-06-24 23:27:54,354 - mazeUtils.moveTile - [moveTile.py:552] - DEBUG - Direction: absDirection.WEST, Angle: 270, Distance: 78.93290550619889 cm
2026-06-24 23:27:54,358 - mazeUtils.moveTile - [moveTile.py:2119] - INFO - Tile color detection, decided tile type: E
2026-06-24 23:27:54,435 - __main__ - [main.py:105] - INFO - Current position: (17, 20, 0), front direction: absDirection.SOUTH
Layer 0 (altitude=0.0cm, offset=(0.0cm, 0.0cm)):
Known map area: x=17..20, y=15..20
+   +   +   +---+
  U   U   U   E |
+   +   +   +   +
  U   U   U   E |
+   +   +   +   +
  E   U   U | E |
+   +   +   +   +
  E   U   U | E |
+   +   +   +   +
  E   U   U   E |
+   +   +   +   +
  @ | U   U | S |
+---+   +   +---+
Layer 1 (altitude=15.0cm, offset=(-60.0cm, 0.0cm)):
Known map area: x=19..20, y=15..15
+---+---+
| E   E  
+   +   +
mazeAsGraph[0][15][20] = {absDirection.NORTH: None, absDirection.EAST: None, absDirection.SOUTH: (20, 16, 0, 30), absDirection.WEST: (20, 15, 1, 60)}
mazeAsGraph[0][16][20] = {absDirection.NORTH: (20, 15, 0, 30), absDirection.EAST: None, absDirection.SOUTH: (20, 17, 0, 30), absDirection.WEST: (19, 16, 0, 30)}
mazeAsGraph[0][17][17] = {absDirection.NORTH: (19, 15, 1, 60), absDirection.EAST: (18, 17, 0, 30), absDirection.SOUTH: (17, 18, 0, 30), absDirection.WEST: (16, 17, 0, 30)}
mazeAsGraph[0][17][20] = {absDirection.NORTH: (20, 16, 0, 30), absDirection.EAST: None, absDirection.SOUTH: (20, 18, 0, 30), absDirection.WEST: None}
mazeAsGraph[0][18][17] = {absDirection.NORTH: (17, 17, 0, 30), absDirection.EAST: (18, 18, 0, 30), absDirection.SOUTH: (17, 19, 0, 30), absDirection.WEST: (16, 18, 0, 30)}
mazeAsGraph[0][18][20] = {absDirection.NORTH: (20, 17, 0, 30), absDirection.EAST: None, absDirection.SOUTH: (20, 19, 0, 30), absDirection.WEST: None}
mazeAsGraph[0][19][17] = {absDirection.NORTH: (17, 18, 0, 30), absDirection.EAST: (18, 19, 0, 30), absDirection.SOUTH: (17, 20, 0, 30), absDirection.WEST: (16, 19, 0, 30)}
mazeAsGraph[0][19][20] = {absDirection.NORTH: (20, 18, 0, 30), absDirection.EAST: None, absDirection.SOUTH: (20, 20, 0, 30), absDirection.WEST: (19, 19, 0, 30)}
mazeAsGraph[0][20][17] = {absDirection.NORTH: (17, 19, 0, 30), absDirection.EAST: None, absDirection.SOUTH: None, absDirection.WEST: (16, 20, 0, 30)}
mazeAsGraph[0][20][20] = {absDirection.NORTH: (20, 19, 0, 30), absDirection.EAST: None, absDirection.SOUTH: None, absDirection.WEST: None}
mazeAsGraph[1][15][19] = {absDirection.NORTH: None, absDirection.EAST: (20, 15, 1, 30), absDirection.SOUTH: (17, 17, 0, 60), absDirection.WEST: None}
mazeAsGraph[1][15][20] = {absDirection.NORTH: None, absDirection.EAST: (20, 15, 0, 60), absDirection.SOUTH: (20, 16, 1, 30), absDirection.WEST: (19, 15, 1, 30)}
2026-06-24 23:27:54,441 - mazeUtils.mazeMap - [mazeMap.py:61] - INFO - next goal: (16, 20, 0)
2026-06-24 23:27:54,449 - mazeUtils.moveTile - [moveTile.py:79] - DEBUG - Moving to absDirection.WEST from (17, 20, 0) facing absDirection.SOUTH
2026-06-24 23:27:54,477 - mazeUtils.moveTile - [moveTile.py:79] - DEBUG - current heading: 180.31999999999996 target: 90
2026-06-24 23:27:55,607 - mazeUtils.moveTile - [moveTile.py:378] - INFO - Find victim on LEFT side during turn: UnitVStatus.H_VICTIM
2026-06-24 23:28:00,762 - mazeUtils.moveTile - [moveTile.py:79] - DEBUG - Turning to 88.90999999999997 deg, current heading: 88.90999999999997 deg, turnAngle: 0.0 deg
2026-06-24 23:28:00,783 - mazeUtils.moveTile - [moveTile.py:79] - DEBUG - Turned to heading: 88.90999999999997 deg
2026-06-24 23:28:01,618 - mazeUtils.moveTile - [moveTile.py:79] - DEBUG - Turning to 88.92999999999995 deg, current heading: 88.92999999999995 deg, turnAngle: 0.0 deg
2026-06-24 23:28:01,637 - mazeUtils.moveTile - [moveTile.py:79] - DEBUG - Turned to heading: 88.92999999999995 deg
2026-06-24 23:28:02,455 - mazeUtils.moveTile - [moveTile.py:79] - DEBUG - Turning to 88.90999999999997 deg, current heading: 88.94999999999999 deg, turnAngle: 0.040000000000020464 deg
2026-06-24 23:28:02,482 - mazeUtils.moveTile - [moveTile.py:79] - DEBUG - Turned to heading: 88.94999999999999 deg
2026-06-24 23:28:02,483 - mazeUtils.moveTile - [moveTile.py:390] - INFO - Dropped rescue kit, detected victim info: {<Side.LEFT: 0>: <UnitVStatus.H_VICTIM: 3>, <Side.RIGHT: 1>: <UnitVStatus.NOTHING: 0>}
2026-06-24 23:28:02,533 - mazeUtils.moveTile - [moveTile.py:409] - WARNING - Stuck avoidance triggered during turning. Performing escape maneuver.
2026-06-24 23:28:02,998 - mazeUtils.moveTile - [moveTile.py:426] - DEBUG - stopped turning at heading: 88.94999999999999, diff: 1.0500000000000114
2026-06-24 23:28:03,046 - mazeUtils.moveTile - [moveTile.py:79] - DEBUG - Turned to heading: 91.24000000000001 deg
2026-06-24 23:28:03,303 - picamera2.picamera2 - [picamera2.py:1391] - DEBUG - Execute job: <picamera2.job.Job object at 0x7fa4c49410>
2026-06-24 23:28:03,306 - mazeUtils.device.camera - [camera.py:39] - DEBUG - Average HSV: H=111.9, S=203.9, V=144.0
2026-06-24 23:28:03,351 - mazeUtils.moveTile - [moveTile.py:79] - DEBUG - roll: 0.6100000000000136 deg, practicalMoveTime: 0.06149234203868195 sec
2026-06-24 23:28:03,351 - mazeUtils.moveTile - [moveTile.py:1763] - DEBUG - moveTile loop time: 60.7 ms
2026-06-24 23:28:03,355 - picamera2.picamera2 - [picamera2.py:1391] - DEBUG - Execute job: <picamera2.job.Job object at 0x7f92ce6490>
2026-06-24 23:28:03,358 - mazeUtils.device.camera - [camera.py:39] - DEBUG - Average HSV: H=112.0, S=202.8, V=144.8
2026-06-24 23:28:03,397 - mazeUtils.moveTile - [moveTile.py:79] - DEBUG - roll: 359.23 deg, practicalMoveTime: 0.10734558739773696 sec
2026-06-24 23:28:03,397 - mazeUtils.moveTile - [moveTile.py:1763] - DEBUG - moveTile loop time: 46.1 ms
2026-06-24 23:28:03,401 - picamera2.picamera2 - [picamera2.py:1391] - DEBUG - Execute job: <picamera2.job.Job object at 0x7f88866350>
2026-06-24 23:28:03,405 - mazeUtils.device.camera - [camera.py:39] - DEBUG - Average HSV: H=111.5, S=205.2, V=151.7
2026-06-24 23:28:03,440 - mazeUtils.moveTile - [moveTile.py:79] - DEBUG - roll: 359.06 deg, practicalMoveTime: 0.1493946934689737 sec
2026-06-24 23:28:03,441 - mazeUtils.moveTile - [moveTile.py:1763] - DEBUG - moveTile loop time: 42.8 ms
2026-06-24 23:28:03,452 - picamera2.picamera2 - [picamera2.py:1391] - DEBUG - Execute job: <picamera2.job.Job object at 0x7fa4c49110>
2026-06-24 23:28:03,457 - mazeUtils.device.camera - [camera.py:39] - DEBUG - Average HSV: H=111.9, S=204.1, V=144.4
2026-06-24 23:28:03,494 - mazeUtils.moveTile - [moveTile.py:79] - DEBUG - roll: 0.5500000000000114 deg, practicalMoveTime: 0.20260476814476122 sec
2026-06-24 23:28:03,494 - mazeUtils.moveTile - [moveTile.py:1763] - DEBUG - moveTile loop time: 53.3 ms
2026-06-24 23:28:03,499 - picamera2.picamera2 - [picamera2.py:1391] - DEBUG - Execute job: <picamera2.job.Job object at 0x7f88866390>
2026-06-24 23:28:03,504 - mazeUtils.device.camera - [camera.py:39] - DEBUG - Average HSV: H=111.7, S=204.7, V=146.0
2026-06-24 23:28:03,546 - mazeUtils.moveTile - [moveTile.py:79] - DEBUG - roll: 358.6 deg, practicalMoveTime: 0.2542060867963885 sec
2026-06-24 23:28:03,547 - mazeUtils.moveTile - [moveTile.py:1763] - DEBUG - moveTile loop time: 51.8 ms
2026-06-24 23:28:03,552 - picamera2.picamera2 - [picamera2.py:1391] - DEBUG - Execute job: <picamera2.job.Job object at 0x7f88c5be50>
2026-06-24 23:28:03,555 - mazeUtils.device.camera - [camera.py:39] - DEBUG - Average HSV: H=111.6, S=202.9, V=145.5
2026-06-24 23:28:03,585 - mazeUtils.moveTile - [moveTile.py:79] - DEBUG - roll: 1.8500000000000227 deg, practicalMoveTime: 0.29283887868935443 sec
2026-06-24 23:28:03,586 - mazeUtils.moveTile - [moveTile.py:1763] - DEBUG - moveTile loop time: 39.0 ms
2026-06-24 23:28:03,594 - picamera2.picamera2 - [picamera2.py:1391] - DEBUG - Execute job: <picamera2.job.Job object at 0x7fa20a2b90>
2026-06-24 23:28:03,597 - mazeUtils.device.camera - [camera.py:39] - DEBUG - Average HSV: H=112.2, S=201.8, V=135.7
2026-06-24 23:28:03,634 - mazeUtils.moveTile - [moveTile.py:79] - DEBUG - roll: 358.85 deg, practicalMoveTime: 0.34064961982491193 sec
2026-06-24 23:28:03,634 - mazeUtils.moveTile - [moveTile.py:1763] - DEBUG - moveTile loop time: 48.1 ms
2026-06-24 23:28:03,639 - picamera2.picamera2 - [picamera2.py:1391] - DEBUG - Execute job: <picamera2.job.Job object at 0x7f88866350>
2026-06-24 23:28:03,643 - mazeUtils.device.camera - [camera.py:39] - DEBUG - Average HSV: H=111.2, S=204.4, V=148.9
2026-06-24 23:28:03,679 - mazeUtils.moveTile - [moveTile.py:79] - DEBUG - roll: 358.77 deg, practicalMoveTime: 0.3851299208658209 sec
2026-06-24 23:28:03,679 - mazeUtils.moveTile - [moveTile.py:1763] - DEBUG - moveTile loop time: 44.8 ms
2026-06-24 23:28:03,692 - picamera2.picamera2 - [picamera2.py:1391] - DEBUG - Execute job: <picamera2.job.Job object at 0x7fa20a2b90>
2026-06-24 23:28:03,695 - mazeUtils.device.camera - [camera.py:39] - DEBUG - Average HSV: H=111.7, S=204.7, V=142.3
2026-06-24 23:28:03,736 - mazeUtils.moveTile - [moveTile.py:79] - DEBUG - roll: 0.5600000000000023 deg, practicalMoveTime: 0.4418973633636865 sec
2026-06-24 23:28:03,736 - mazeUtils.moveTile - [moveTile.py:1763] - DEBUG - moveTile loop time: 57.0 ms
2026-06-24 23:28:03,743 - picamera2.picamera2 - [picamera2.py:1391] - DEBUG - Execute job: <picamera2.job.Job object at 0x7f888662d0>
2026-06-24 23:28:03,746 - mazeUtils.device.camera - [camera.py:39] - DEBUG - Average HSV: H=111.4, S=206.0, V=146.6
2026-06-24 23:28:03,778 - mazeUtils.moveTile - [moveTile.py:79] - DEBUG - roll: 358.09000000000003 deg, practicalMoveTime: 0.4835152376599572 sec
2026-06-24 23:28:03,779 - mazeUtils.moveTile - [moveTile.py:1763] - DEBUG - moveTile loop time: 42.1 ms
2026-06-24 23:28:03,784 - picamera2.picamera2 - [picamera2.py:1391] - DEBUG - Execute job: <picamera2.job.Job object at 0x7fa4c48450>
2026-06-24 23:28:03,787 - mazeUtils.device.camera - [camera.py:39] - DEBUG - Average HSV: H=110.9, S=210.1, V=152.0
2026-06-24 23:28:03,827 - mazeUtils.moveTile - [moveTile.py:79] - DEBUG - roll: 1.6000000000000227 deg, practicalMoveTime: 0.531527405798812 sec
2026-06-24 23:28:03,827 - mazeUtils.moveTile - [moveTile.py:1763] - DEBUG - moveTile loop time: 48.3 ms
2026-06-24 23:28:03,832 - picamera2.picamera2 - [picamera2.py:1391] - DEBUG - Execute job: <picamera2.job.Job object at 0x7f92ce6490>
2026-06-24 23:28:03,836 - mazeUtils.device.camera - [camera.py:39] - DEBUG - Average HSV: H=111.5, S=209.2, V=143.0
2026-06-24 23:28:03,871 - mazeUtils.moveTile - [moveTile.py:79] - DEBUG - roll: 359.29 deg, practicalMoveTime: 0.5752482439303889 sec
2026-06-24 23:28:03,872 - mazeUtils.moveTile - [moveTile.py:1763] - DEBUG - moveTile loop time: 44.0 ms
2026-06-24 23:28:03,877 - picamera2.picamera2 - [picamera2.py:1391] - DEBUG - Execute job: <picamera2.job.Job object at 0x7f88866350>
2026-06-24 23:28:03,880 - mazeUtils.device.camera - [camera.py:39] - DEBUG - Average HSV: H=110.8, S=211.3, V=154.6
2026-06-24 23:28:03,911 - mazeUtils.moveTile - [moveTile.py:79] - DEBUG - roll: 358.63 deg, practicalMoveTime: 0.6146565894915631 sec
2026-06-24 23:28:03,911 - mazeUtils.moveTile - [moveTile.py:1763] - DEBUG - moveTile loop time: 39.4 ms
2026-06-24 23:28:03,925 - picamera2.picamera2 - [picamera2.py:1391] - DEBUG - Execute job: <picamera2.job.Job object at 0x7fa4c48710>
2026-06-24 23:28:03,928 - mazeUtils.device.camera - [camera.py:39] - DEBUG - Average HSV: H=111.0, S=212.5, V=154.2
2026-06-24 23:28:03,963 - mazeUtils.moveTile - [moveTile.py:79] - DEBUG - roll: 0.8400000000000318 deg, practicalMoveTime: 0.66573138730093 sec
2026-06-24 23:28:03,963 - mazeUtils.moveTile - [moveTile.py:1763] - DEBUG - moveTile loop time: 51.4 ms
2026-06-24 23:28:03,967 - picamera2.picamera2 - [picamera2.py:1391] - DEBUG - Execute job: <picamera2.job.Job object at 0x7f88c5be50>
2026-06-24 23:28:03,970 - mazeUtils.device.camera - [camera.py:39] - DEBUG - Average HSV: H=110.8, S=215.0, V=154.4
2026-06-24 23:28:04,003 - mazeUtils.moveTile - [moveTile.py:79] - DEBUG - roll: 358.73 deg, practicalMoveTime: 0.7058333629397701 sec
2026-06-24 23:28:04,004 - mazeUtils.moveTile - [moveTile.py:1763] - DEBUG - moveTile loop time: 40.4 ms
2026-06-24 23:28:04,009 - picamera2.picamera2 - [picamera2.py:1391] - DEBUG - Execute job: <picamera2.job.Job object at 0x7f88866390>
2026-06-24 23:28:04,011 - mazeUtils.device.camera - [camera.py:39] - DEBUG - Average HSV: H=110.3, S=216.5, V=160.9
2026-06-24 23:28:04,048 - mazeUtils.moveTile - [moveTile.py:79] - DEBUG - roll: 359.23 deg, practicalMoveTime: 0.7497954214995405 sec
2026-06-24 23:28:04,048 - mazeUtils.moveTile - [moveTile.py:1763] - DEBUG - moveTile loop time: 44.2 ms
2026-06-24 23:28:04,060 - picamera2.picamera2 - [picamera2.py:1391] - DEBUG - Execute job: <picamera2.job.Job object at 0x7fa20a2b90>
2026-06-24 23:28:04,063 - mazeUtils.device.camera - [camera.py:39] - DEBUG - Average HSV: H=110.9, S=218.3, V=157.7
2026-06-24 23:28:04,108 - mazeUtils.moveTile - [moveTile.py:79] - DEBUG - roll: 0.910000000000025 deg, practicalMoveTime: 0.8092980227483724 sec
2026-06-24 23:28:04,108 - mazeUtils.moveTile - [moveTile.py:1763] - DEBUG - moveTile loop time: 59.8 ms
2026-06-24 23:28:04,121 - picamera2.picamera2 - [picamera2.py:1391] - DEBUG - Execute job: <picamera2.job.Job object at 0x7f888662d0>
2026-06-24 23:28:04,124 - mazeUtils.device.camera - [camera.py:39] - DEBUG - Average HSV: H=110.1, S=219.7, V=169.9
2026-06-24 23:28:04,167 - mazeUtils.moveTile - [moveTile.py:1636] - INFO - practicalVerticalMove: -0.05399327674215335 CM
2026-06-24 23:28:04,212 - mazeUtils.moveTile - [moveTile.py:1959] - INFO - Set moved vertical distance: -0.05399327674215335 cm, past distances: [(0, False), (0, False), (0, False)]
2026-06-24 23:28:04,362 - mazeUtils.moveTile - [moveTile.py:552] - DEBUG - Direction: absDirection.NORTH, Angle: 270, Distance: 46.543959961745145 cm
2026-06-24 23:28:04,364 - mazeUtils.moveTile - [moveTile.py:552] - DEBUG - Direction: absDirection.EAST, Angle: 180, Distance: 149.75478473248992 cm
2026-06-24 23:28:04,365 - mazeUtils.moveTile - [moveTile.py:552] - DEBUG - Direction: absDirection.SOUTH, Angle: 90, Distance: 20.162397707211177 cm
2026-06-24 23:28:04,366 - mazeUtils.moveTile - [moveTile.py:552] - DEBUG - Direction: absDirection.WEST, Angle: 0, Distance: 37.662170010120846 cm
2026-06-24 23:28:04,367 - mazeUtils.moveTile - [moveTile.py:574] - DEBUG - Front LiDAR distance: 37.662170010120846 cm, TSD10 distance: 24.5 cm
2026-06-24 23:28:04,369 - mazeUtils.moveTile - [moveTile.py:2119] - INFO - Tile color detection, decided tile type: E
2026-06-24 23:28:04,446 - __main__ - [main.py:105] - INFO - Current position: (16, 20, 0), front direction: absDirection.WEST
Layer 0 (altitude=0.0cm, offset=(0.0cm, 0.0cm)):
Known map area: x=16..20, y=15..20
+   +   +   +   +---+
  U   U   U   U   E |
+   +   +   +   +   +
  U   U   U   U   E |
+   +   +   +   +   +
  U   E   U   U | E |
+   +   +   +   +   +
  U   E   U   U | E |
+   +   +   +   +   +
  U   E   U   U   E |
+   +   +   +   +   +
  @   E | U   U | S |
+---+---+   +   +---+
Layer 1 (altitude=15.0cm, offset=(-60.0cm, 0.0cm)):
Known map area: x=19..20, y=15..15
+---+---+
| E   E  
+   +   +
mazeAsGraph[0][15][20] = {absDirection.NORTH: None, absDirection.EAST: None, absDirection.SOUTH: (20, 16, 0, 30), absDirection.WEST: (20, 15, 1, 60)}
mazeAsGraph[0][16][20] = {absDirection.NORTH: (20, 15, 0, 30), absDirection.EAST: None, absDirection.SOUTH: (20, 17, 0, 30), absDirection.WEST: (19, 16, 0, 30)}
mazeAsGraph[0][17][17] = {absDirection.NORTH: (19, 15, 1, 60), absDirection.EAST: (18, 17, 0, 30), absDirection.SOUTH: (17, 18, 0, 30), absDirection.WEST: (16, 17, 0, 30)}
mazeAsGraph[0][17][20] = {absDirection.NORTH: (20, 16, 0, 30), absDirection.EAST: None, absDirection.SOUTH: (20, 18, 0, 30), absDirection.WEST: None}
mazeAsGraph[0][18][17] = {absDirection.NORTH: (17, 17, 0, 30), absDirection.EAST: (18, 18, 0, 30), absDirection.SOUTH: (17, 19, 0, 30), absDirection.WEST: (16, 18, 0, 30)}
mazeAsGraph[0][18][20] = {absDirection.NORTH: (20, 17, 0, 30), absDirection.EAST: None, absDirection.SOUTH: (20, 19, 0, 30), absDirection.WEST: None}
mazeAsGraph[0][19][17] = {absDirection.NORTH: (17, 18, 0, 30), absDirection.EAST: (18, 19, 0, 30), absDirection.SOUTH: (17, 20, 0, 30), absDirection.WEST: (16, 19, 0, 30)}
mazeAsGraph[0][19][20] = {absDirection.NORTH: (20, 18, 0, 30), absDirection.EAST: None, absDirection.SOUTH: (20, 20, 0, 30), absDirection.WEST: (19, 19, 0, 30)}
mazeAsGraph[0][20][16] = {absDirection.NORTH: (16, 19, 0, 30), absDirection.EAST: (17, 20, 0, 30), absDirection.SOUTH: None, absDirection.WEST: (15, 20, 0, 30)}
mazeAsGraph[0][20][17] = {absDirection.NORTH: (17, 19, 0, 30), absDirection.EAST: None, absDirection.SOUTH: None, absDirection.WEST: (16, 20, 0, 30)}
mazeAsGraph[0][20][20] = {absDirection.NORTH: (20, 19, 0, 30), absDirection.EAST: None, absDirection.SOUTH: None, absDirection.WEST: None}
mazeAsGraph[1][15][19] = {absDirection.NORTH: None, absDirection.EAST: (20, 15, 1, 30), absDirection.SOUTH: (17, 17, 0, 60), absDirection.WEST: None}
mazeAsGraph[1][15][20] = {absDirection.NORTH: None, absDirection.EAST: (20, 15, 0, 60), absDirection.SOUTH: (20, 16, 1, 30), absDirection.WEST: (19, 15, 1, 30)}
2026-06-24 23:28:04,451 - mazeUtils.mazeMap - [mazeMap.py:61] - INFO - next goal: (15, 20, 0)
2026-06-24 23:28:04,461 - mazeUtils.moveTile - [moveTile.py:79] - DEBUG - Moving to absDirection.WEST from (16, 20, 0) facing absDirection.WEST
2026-06-24 23:28:04,488 - mazeUtils.moveTile - [moveTile.py:79] - DEBUG - current heading: 91.14999999999998 target: 90
2026-06-24 23:28:04,507 - mazeUtils.moveTile - [moveTile.py:426] - DEBUG - stopped turning at heading: 91.14999999999998, diff: 1.1499999999999773
2026-06-24 23:28:04,555 - mazeUtils.moveTile - [moveTile.py:79] - DEBUG - Turned to heading: 90.94999999999999 deg
2026-06-24 23:28:04,798 - picamera2.picamera2 - [picamera2.py:1391] - DEBUG - Execute job: <picamera2.job.Job object at 0x7f92ced410>
2026-06-24 23:28:04,801 - mazeUtils.device.camera - [camera.py:39] - DEBUG - Average HSV: H=109.7, S=222.9, V=178.8
2026-06-24 23:28:04,839 - mazeUtils.moveTile - [moveTile.py:79] - DEBUG - roll: 358.22 deg, practicalMoveTime: 0.04548832257782716 sec
2026-06-24 23:28:04,839 - mazeUtils.moveTile - [moveTile.py:1763] - DEBUG - moveTile loop time: 45.3 ms
2026-06-24 23:28:04,844 - picamera2.picamera2 - [picamera2.py:1391] - DEBUG - Execute job: <picamera2.job.Job object at 0x7f93cd7a90>
2026-06-24 23:28:04,847 - mazeUtils.device.camera - [camera.py:39] - DEBUG - Average HSV: H=109.9, S=222.8, V=176.9
2026-06-24 23:28:04,880 - mazeUtils.moveTile - [moveTile.py:79] - DEBUG - roll: 358.18 deg, practicalMoveTime: 0.08634765257685212 sec
2026-06-24 23:28:04,881 - mazeUtils.moveTile - [moveTile.py:1763] - DEBUG - moveTile loop time: 41.1 ms
2026-06-24 23:28:04,887 - picamera2.picamera2 - [picamera2.py:1391] - DEBUG - Execute job: <picamera2.job.Job object at 0x7f93cd7a90>
2026-06-24 23:28:04,890 - mazeUtils.device.camera - [camera.py:39] - DEBUG - Average HSV: H=109.8, S=222.9, V=180.1
2026-06-24 23:28:04,933 - mazeUtils.moveTile - [moveTile.py:79] - DEBUG - roll: 359.36 deg, practicalMoveTime: 0.13856448140358482 sec
2026-06-24 23:28:04,933 - mazeUtils.moveTile - [moveTile.py:1763] - DEBUG - moveTile loop time: 52.5 ms
2026-06-24 23:28:04,938 - picamera2.picamera2 - [picamera2.py:1391] - DEBUG - Execute job: <picamera2.job.Job object at 0x7f89247950>
2026-06-24 23:28:04,941 - mazeUtils.device.camera - [camera.py:39] - DEBUG - Average HSV: H=109.8, S=225.3, V=181.8
2026-06-24 23:28:04,975 - mazeUtils.moveTile - [moveTile.py:79] - DEBUG - roll: 358.95 deg, practicalMoveTime: 0.17982628900660005 sec
2026-06-24 23:28:04,975 - mazeUtils.moveTile - [moveTile.py:1763] - DEBUG - moveTile loop time: 41.5 ms
2026-06-24 23:28:04,980 - picamera2.picamera2 - [picamera2.py:1391] - DEBUG - Execute job: <picamera2.job.Job object at 0x7fa4c5e450>
2026-06-24 23:28:04,983 - mazeUtils.device.camera - [camera.py:39] - DEBUG - Average HSV: H=109.1, S=225.9, V=187.3
2026-06-24 23:28:05,021 - mazeUtils.moveTile - [moveTile.py:79] - DEBUG - roll: 357.49 deg, practicalMoveTime: 0.2256735348061363 sec
2026-06-24 23:28:05,022 - mazeUtils.moveTile - [moveTile.py:1763] - DEBUG - moveTile loop time: 46.1 ms
2026-06-24 23:28:05,034 - picamera2.picamera2 - [picamera2.py:1391] - DEBUG - Execute job: <picamera2.job.Job object at 0x7f88c05b10>
2026-06-24 23:28:05,037 - mazeUtils.device.camera - [camera.py:39] - DEBUG - Average HSV: H=109.2, S=229.8, V=190.3
2026-06-24 23:28:05,077 - mazeUtils.moveTile - [moveTile.py:79] - DEBUG - roll: 359.72 deg, practicalMoveTime: 0.28151757375357195 sec
2026-06-24 23:28:05,078 - mazeUtils.moveTile - [moveTile.py:1763] - DEBUG - moveTile loop time: 56.1 ms
2026-06-24 23:28:05,083 - picamera2.picamera2 - [picamera2.py:1391] - DEBUG - Execute job: <picamera2.job.Job object at 0x7f89247950>
2026-06-24 23:28:05,086 - mazeUtils.device.camera - [camera.py:39] - DEBUG - Average HSV: H=108.9, S=231.5, V=198.8
2026-06-24 23:28:05,118 - mazeUtils.moveTile - [moveTile.py:79] - DEBUG - roll: 358.75 deg, practicalMoveTime: 0.32136138336687026 sec
2026-06-24 23:28:05,118 - mazeUtils.moveTile - [moveTile.py:1763] - DEBUG - moveTile loop time: 40.1 ms
2026-06-24 23:28:05,130 - picamera2.picamera2 - [picamera2.py:1391] - DEBUG - Execute job: <picamera2.job.Job object at 0x7f92ced410>
2026-06-24 23:28:05,133 - mazeUtils.device.camera - [camera.py:39] - DEBUG - Average HSV: H=108.3, S=232.8, V=203.3
2026-06-24 23:28:05,173 - mazeUtils.moveTile - [moveTile.py:79] - DEBUG - roll: 359.84000000000003 deg, practicalMoveTime: 0.37605358902849134 sec
2026-06-24 23:28:05,173 - mazeUtils.moveTile - [moveTile.py:1763] - DEBUG - moveTile loop time: 55.0 ms
2026-06-24 23:28:05,179 - picamera2.picamera2 - [picamera2.py:1391] - DEBUG - Execute job: <picamera2.job.Job object at 0x7f92ced290>
2026-06-24 23:28:05,182 - mazeUtils.device.camera - [camera.py:39] - DEBUG - Average HSV: H=108.0, S=236.0, V=207.6
2026-06-24 23:28:05,214 - mazeUtils.moveTile - [moveTile.py:79] - DEBUG - roll: 359.47 deg, practicalMoveTime: 0.41641944900865346 sec
2026-06-24 23:28:05,214 - mazeUtils.moveTile - [moveTile.py:1763] - DEBUG - moveTile loop time: 40.5 ms
2026-06-24 23:28:05,220 - picamera2.picamera2 - [picamera2.py:1391] - DEBUG - Execute job: <picamera2.job.Job object at 0x7f88c05b10>
2026-06-24 23:28:05,223 - mazeUtils.device.camera - [camera.py:39] - DEBUG - Average HSV: H=107.2, S=236.8, V=212.2
2026-06-24 23:28:05,257 - mazeUtils.moveTile - [moveTile.py:79] - DEBUG - roll: 358.75 deg, practicalMoveTime: 0.4590875945706304 sec
2026-06-24 23:28:05,257 - mazeUtils.moveTile - [moveTile.py:1763] - DEBUG - moveTile loop time: 42.9 ms
2026-06-24 23:28:05,269 - picamera2.picamera2 - [picamera2.py:1391] - DEBUG - Execute job: <picamera2.job.Job object at 0x7f93cd7290>
2026-06-24 23:28:05,273 - mazeUtils.device.camera - [camera.py:39] - DEBUG - Average HSV: H=107.0, S=238.6, V=219.7
2026-06-24 23:28:05,312 - mazeUtils.moveTile - [moveTile.py:79] - DEBUG - roll: 0.4300000000000068 deg, practicalMoveTime: 0.5131474712233484 sec
2026-06-24 23:28:05,312 - mazeUtils.moveTile - [moveTile.py:1763] - DEBUG - moveTile loop time: 54.3 ms
2026-06-24 23:28:05,317 - picamera2.picamera2 - [picamera2.py:1391] - DEBUG - Execute job: <picamera2.job.Job object at 0x7f92ced290>
2026-06-24 23:28:05,320 - mazeUtils.device.camera - [camera.py:39] - DEBUG - Average HSV: H=107.1, S=238.8, V=214.9
2026-06-24 23:28:05,363 - mazeUtils.moveTile - [moveTile.py:79] - DEBUG - roll: 359.21 deg, practicalMoveTime: 0.5641175735318992 sec
2026-06-24 23:28:05,363 - mazeUtils.moveTile - [moveTile.py:1763] - DEBUG - moveTile loop time: 51.2 ms
2026-06-24 23:28:05,374 - picamera2.picamera2 - [picamera2.py:1391] - DEBUG - Execute job: <picamera2.job.Job object at 0x7f890be150>
2026-06-24 23:28:05,377 - mazeUtils.device.camera - [camera.py:39] - DEBUG - Average HSV: H=108.9, S=249.2, V=197.3
2026-06-24 23:28:05,463 - mazeUtils.moveTile - [moveTile.py:79] - DEBUG - Little forward to adjust position
2026-06-24 23:28:05,592 - mazeUtils.moveTile - [moveTile.py:1959] - INFO - Set moved vertical distance: -0.34244946345065086 cm, past distances: [(-0.05399327674215335, False), (0, False), (0, False)]
2026-06-24 23:28:05,738 - mazeUtils.moveTile - [moveTile.py:552] - DEBUG - Direction: absDirection.NORTH, Angle: 270, Distance: 45.44183600432432 cm
2026-06-24 23:28:05,739 - mazeUtils.moveTile - [moveTile.py:552] - DEBUG - Direction: absDirection.EAST, Angle: 180, Distance: 172.53154268680598 cm
2026-06-24 23:28:05,740 - mazeUtils.moveTile - [moveTile.py:552] - DEBUG - Direction: absDirection.SOUTH, Angle: 90, Distance: 19.168352969494492 cm
2026-06-24 23:28:05,741 - mazeUtils.moveTile - [moveTile.py:552] - DEBUG - Direction: absDirection.WEST, Angle: 0, Distance: 12.014569704451487 cm
2026-06-24 23:28:05,742 - mazeUtils.moveTile - [moveTile.py:574] - DEBUG - Front LiDAR distance: 12.014569704451487 cm, TSD10 distance: 1.5 cm
2026-06-24 23:28:05,744 - mazeUtils.moveTile - [moveTile.py:2119] - INFO - Tile color detection, decided tile type: E
2026-06-24 23:28:05,821 - __main__ - [main.py:105] - INFO - Current position: (15, 20, 0), front direction: absDirection.WEST
Layer 0 (altitude=0.0cm, offset=(0.0cm, 0.0cm)):
Known map area: x=15..20, y=15..20
+   +   +   +   +   +---+
  U   U   U   U   U   E |
+   +   +   +   +   +   +
  U   U   U   U   U   E |
+   +   +   +   +   +   +
  U   U   E   U   U | E |
+   +   +   +   +   +   +
  U   U   E   U   U | E |
+   +   +   +   +   +   +
  U   U   E   U   U   E |
+   +   +   +   +   +   +
| @   E   E | U   U | S |
+---+---+---+   +   +---+
Layer 1 (altitude=15.0cm, offset=(-60.0cm, 0.0cm)):
Known map area: x=19..20, y=15..15
+---+---+
| E   E  
+   +   +
mazeAsGraph[0][15][20] = {absDirection.NORTH: None, absDirection.EAST: None, absDirection.SOUTH: (20, 16, 0, 30), absDirection.WEST: (20, 15, 1, 60)}
mazeAsGraph[0][16][20] = {absDirection.NORTH: (20, 15, 0, 30), absDirection.EAST: None, absDirection.SOUTH: (20, 17, 0, 30), absDirection.WEST: (19, 16, 0, 30)}
mazeAsGraph[0][17][17] = {absDirection.NORTH: (19, 15, 1, 60), absDirection.EAST: (18, 17, 0, 30), absDirection.SOUTH: (17, 18, 0, 30), absDirection.WEST: (16, 17, 0, 30)}
mazeAsGraph[0][17][20] = {absDirection.NORTH: (20, 16, 0, 30), absDirection.EAST: None, absDirection.SOUTH: (20, 18, 0, 30), absDirection.WEST: None}
mazeAsGraph[0][18][17] = {absDirection.NORTH: (17, 17, 0, 30), absDirection.EAST: (18, 18, 0, 30), absDirection.SOUTH: (17, 19, 0, 30), absDirection.WEST: (16, 18, 0, 30)}
mazeAsGraph[0][18][20] = {absDirection.NORTH: (20, 17, 0, 30), absDirection.EAST: None, absDirection.SOUTH: (20, 19, 0, 30), absDirection.WEST: None}
mazeAsGraph[0][19][17] = {absDirection.NORTH: (17, 18, 0, 30), absDirection.EAST: (18, 19, 0, 30), absDirection.SOUTH: (17, 20, 0, 30), absDirection.WEST: (16, 19, 0, 30)}
mazeAsGraph[0][19][20] = {absDirection.NORTH: (20, 18, 0, 30), absDirection.EAST: None, absDirection.SOUTH: (20, 20, 0, 30), absDirection.WEST: (19, 19, 0, 30)}
mazeAsGraph[0][20][15] = {absDirection.NORTH: (15, 19, 0, 30), absDirection.EAST: (16, 20, 0, 30), absDirection.SOUTH: None, absDirection.WEST: None}
mazeAsGraph[0][20][16] = {absDirection.NORTH: (16, 19, 0, 30), absDirection.EAST: (17, 20, 0, 30), absDirection.SOUTH: None, absDirection.WEST: (15, 20, 0, 30)}
mazeAsGraph[0][20][17] = {absDirection.NORTH: (17, 19, 0, 30), absDirection.EAST: None, absDirection.SOUTH: None, absDirection.WEST: (16, 20, 0, 30)}
mazeAsGraph[0][20][20] = {absDirection.NORTH: (20, 19, 0, 30), absDirection.EAST: None, absDirection.SOUTH: None, absDirection.WEST: None}
mazeAsGraph[1][15][19] = {absDirection.NORTH: None, absDirection.EAST: (20, 15, 1, 30), absDirection.SOUTH: (17, 17, 0, 60), absDirection.WEST: None}
mazeAsGraph[1][15][20] = {absDirection.NORTH: None, absDirection.EAST: (20, 15, 0, 60), absDirection.SOUTH: (20, 16, 1, 30), absDirection.WEST: (19, 15, 1, 30)}
2026-06-24 23:28:05,828 - mazeUtils.mazeMap - [mazeMap.py:61] - INFO - next goal: (15, 19, 0)
2026-06-24 23:28:05,840 - mazeUtils.moveTile - [moveTile.py:79] - DEBUG - Moving to absDirection.NORTH from (15, 20, 0) facing absDirection.WEST
2026-06-24 23:28:05,865 - mazeUtils.moveTile - [moveTile.py:79] - DEBUG - current heading: 91.14999999999998 target: 0
2026-06-24 23:28:06,971 - mazeUtils.moveTile - [moveTile.py:426] - DEBUG - stopped turning at heading: 5.779999999999973, diff: 5.779999999999973
2026-06-24 23:28:07,036 - mazeUtils.moveTile - [moveTile.py:79] - DEBUG - Turned to heading: 0.5199999999999818 deg
2026-06-24 23:28:07,208 - mazeUtils.moveTile - [moveTile.py:79] - DEBUG - Little backward to adjust position
2026-06-24 23:28:07,683 - picamera2.picamera2 - [picamera2.py:1391] - DEBUG - Execute job: <picamera2.job.Job object at 0x7f88c86a90>
2026-06-24 23:28:07,688 - mazeUtils.device.camera - [camera.py:39] - DEBUG - Average HSV: H=109.0, S=240.3, V=193.1
2026-06-24 23:28:07,731 - mazeUtils.moveTile - [moveTile.py:79] - DEBUG - roll: 359.47 deg, practicalMoveTime: 0.05316865494373165 sec
2026-06-24 23:28:07,732 - mazeUtils.moveTile - [moveTile.py:1763] - DEBUG - moveTile loop time: 52.3 ms
2026-06-24 23:28:07,736 - picamera2.picamera2 - [picamera2.py:1391] - DEBUG - Execute job: <picamera2.job.Job object at 0x7fa2052010>
2026-06-24 23:28:07,739 - mazeUtils.device.camera - [camera.py:39] - DEBUG - Average HSV: H=109.1, S=240.1, V=191.7
2026-06-24 23:28:07,770 - mazeUtils.moveTile - [moveTile.py:79] - DEBUG - roll: 0.4900000000000091 deg, practicalMoveTime: 0.09149473404349057 sec
2026-06-24 23:28:07,771 - mazeUtils.moveTile - [moveTile.py:1763] - DEBUG - moveTile loop time: 38.9 ms
2026-06-24 23:28:07,778 - picamera2.picamera2 - [picamera2.py:1391] - DEBUG - Execute job: <picamera2.job.Job object at 0x7f92cf3690>
2026-06-24 23:28:07,782 - mazeUtils.device.camera - [camera.py:39] - DEBUG - Average HSV: H=109.0, S=254.5, V=211.3
2026-06-24 23:28:07,815 - mazeUtils.moveTile - [moveTile.py:79] - DEBUG - roll: 0.9800000000000182 deg, practicalMoveTime: 0.135753029680783 sec
2026-06-24 23:28:07,816 - mazeUtils.moveTile - [moveTile.py:1763] - DEBUG - moveTile loop time: 44.3 ms
2026-06-24 23:28:07,821 - picamera2.picamera2 - [picamera2.py:1391] - DEBUG - Execute job: <picamera2.job.Job object at 0x7f88c86a90>
2026-06-24 23:28:07,824 - mazeUtils.device.camera - [camera.py:39] - DEBUG - Average HSV: H=109.0, S=252.6, V=213.2
2026-06-24 23:28:07,857 - mazeUtils.moveTile - [moveTile.py:79] - DEBUG - roll: 0.6800000000000068 deg, practicalMoveTime: 0.17663702174487947 sec
2026-06-24 23:28:07,857 - mazeUtils.moveTile - [moveTile.py:1763] - DEBUG - moveTile loop time: 41.2 ms
2026-06-24 23:28:07,863 - picamera2.picamera2 - [picamera2.py:1391] - DEBUG - Execute job: <picamera2.job.Job object at 0x7fa2052010>
2026-06-24 23:28:07,867 - mazeUtils.device.camera - [camera.py:39] - DEBUG - Average HSV: H=108.9, S=252.9, V=214.6
2026-06-24 23:28:07,909 - mazeUtils.moveTile - [moveTile.py:79] - DEBUG - roll: 359.86 deg, practicalMoveTime: 0.2280710634381535 sec
2026-06-24 23:28:07,909 - mazeUtils.moveTile - [moveTile.py:1763] - DEBUG - moveTile loop time: 51.8 ms
2026-06-24 23:28:07,914 - picamera2.picamera2 - [picamera2.py:1391] - DEBUG - Execute job: <picamera2.job.Job object at 0x7f88c86a90>
2026-06-24 23:28:07,917 - mazeUtils.device.camera - [camera.py:39] - DEBUG - Average HSV: H=109.0, S=239.4, V=205.2
2026-06-24 23:28:07,950 - mazeUtils.moveTile - [moveTile.py:79] - DEBUG - roll: 1.6200000000000045 deg, practicalMoveTime: 0.26886032525929926 sec
2026-06-24 23:28:07,950 - mazeUtils.moveTile - [moveTile.py:1763] - DEBUG - moveTile loop time: 41.1 ms
2026-06-24 23:28:07,955 - picamera2.picamera2 - [picamera2.py:1391] - DEBUG - Execute job: <picamera2.job.Job object at 0x7fa2052010>
2026-06-24 23:28:07,958 - mazeUtils.device.camera - [camera.py:39] - DEBUG - Average HSV: H=108.4, S=238.5, V=207.7
2026-06-24 23:28:07,992 - mazeUtils.moveTile - [moveTile.py:79] - DEBUG - roll: 0.11000000000001364 deg, practicalMoveTime: 0.3106147673961183 sec
2026-06-24 23:28:07,992 - mazeUtils.moveTile - [moveTile.py:1763] - DEBUG - moveTile loop time: 42.0 ms
2026-06-24 23:28:07,997 - picamera2.picamera2 - [picamera2.py:1391] - DEBUG - Execute job: <picamera2.job.Job object at 0x7f890be150>
2026-06-24 23:28:08,001 - mazeUtils.device.camera - [camera.py:39] - DEBUG - Average HSV: H=108.4, S=235.3, V=204.4
2026-06-24 23:28:08,041 - mazeUtils.moveTile - [moveTile.py:79] - DEBUG - roll: 3.509999999999991 deg, practicalMoveTime: 0.3587946152949846 sec
2026-06-24 23:28:08,041 - mazeUtils.moveTile - [moveTile.py:1763] - DEBUG - moveTile loop time: 48.7 ms
2026-06-24 23:28:08,046 - picamera2.picamera2 - [picamera2.py:1391] - DEBUG - Execute job: <picamera2.job.Job object at 0x7f88c86a90>
2026-06-24 23:28:08,049 - mazeUtils.device.camera - [camera.py:39] - DEBUG - Average HSV: H=110.2, S=227.8, V=189.5
2026-06-24 23:28:08,084 - mazeUtils.moveTile - [moveTile.py:79] - DEBUG - roll: 4.75 deg, practicalMoveTime: 0.401552545099114 sec
2026-06-24 23:28:08,085 - mazeUtils.moveTile - [moveTile.py:1763] - DEBUG - moveTile loop time: 42.8 ms
2026-06-24 23:28:08,090 - picamera2.picamera2 - [picamera2.py:1391] - DEBUG - Execute job: <picamera2.job.Job object at 0x7fa2052010>
2026-06-24 23:28:08,096 - mazeUtils.device.camera - [camera.py:39] - DEBUG - Average HSV: H=110.0, S=228.4, V=191.3
2026-06-24 23:28:08,132 - mazeUtils.moveTile - [moveTile.py:79] - DEBUG - roll: 2.4599999999999795 deg, practicalMoveTime: 0.4481909180427077 sec
2026-06-24 23:28:08,132 - mazeUtils.moveTile - [moveTile.py:1763] - DEBUG - moveTile loop time: 47.1 ms
2026-06-24 23:28:08,144 - picamera2.picamera2 - [picamera2.py:1391] - DEBUG - Execute job: <picamera2.job.Job object at 0x7f92cf2150>
2026-06-24 23:28:08,152 - mazeUtils.device.camera - [camera.py:39] - DEBUG - Average HSV: H=109.2, S=231.3, V=198.3
2026-06-24 23:28:08,195 - mazeUtils.moveTile - [moveTile.py:79] - DEBUG - roll: 4.7900000000000205 deg, practicalMoveTime: 0.5101248480404232 sec
2026-06-24 23:28:08,195 - mazeUtils.moveTile - [moveTile.py:1763] - DEBUG - moveTile loop time: 62.4 ms
2026-06-24 23:28:08,204 - picamera2.picamera2 - [picamera2.py:1391] - DEBUG - Execute job: <picamera2.job.Job object at 0x7fa2052010>
2026-06-24 23:28:08,211 - mazeUtils.device.camera - [camera.py:39] - DEBUG - Average HSV: H=109.7, S=229.9, V=197.2
2026-06-24 23:28:08,254 - mazeUtils.moveTile - [moveTile.py:79] - DEBUG - roll: 3.8999999999999773 deg, practicalMoveTime: 0.5684901433308678 sec
2026-06-24 23:28:08,255 - mazeUtils.moveTile - [moveTile.py:1763] - DEBUG - moveTile loop time: 58.4 ms
2026-06-24 23:28:08,261 - picamera2.picamera2 - [picamera2.py:1391] - DEBUG - Execute job: <picamera2.job.Job object at 0x7f88c86a90>
2026-06-24 23:28:08,264 - mazeUtils.device.camera - [camera.py:39] - DEBUG - Average HSV: H=108.9, S=231.6, V=204.7
2026-06-24 23:28:08,299 - mazeUtils.moveTile - [moveTile.py:79] - DEBUG - roll: 4.590000000000032 deg, practicalMoveTime: 0.6126612710969812 sec
2026-06-24 23:28:08,299 - mazeUtils.moveTile - [moveTile.py:1763] - DEBUG - moveTile loop time: 44.4 ms
2026-06-24 23:28:08,305 - picamera2.picamera2 - [picamera2.py:1391] - DEBUG - Execute job: <picamera2.job.Job object at 0x7fa2052010>
2026-06-24 23:28:08,308 - mazeUtils.device.camera - [camera.py:39] - DEBUG - Average HSV: H=108.7, S=232.2, V=206.7
2026-06-24 23:28:08,340 - mazeUtils.moveTile - [moveTile.py:79] - DEBUG - roll: 2.6999999999999886 deg, practicalMoveTime: 0.6534084460009464 sec
2026-06-24 23:28:08,341 - mazeUtils.moveTile - [moveTile.py:1763] - DEBUG - moveTile loop time: 41.3 ms
2026-06-24 23:28:08,345 - picamera2.picamera2 - [picamera2.py:1391] - DEBUG - Execute job: <picamera2.job.Job object at 0x7f88c86a90>
2026-06-24 23:28:08,348 - mazeUtils.device.camera - [camera.py:39] - DEBUG - Average HSV: H=108.0, S=232.7, V=211.9
2026-06-24 23:28:08,384 - mazeUtils.moveTile - [moveTile.py:79] - DEBUG - roll: 2.6299999999999955 deg, practicalMoveTime: 0.6968258333431605 sec
2026-06-24 23:28:08,385 - mazeUtils.moveTile - [moveTile.py:1763] - DEBUG - moveTile loop time: 43.9 ms
2026-06-24 23:28:08,390 - picamera2.picamera2 - [picamera2.py:1391] - DEBUG - Execute job: <picamera2.job.Job object at 0x7fa2052010>
2026-06-24 23:28:08,394 - mazeUtils.device.camera - [camera.py:39] - DEBUG - Average HSV: H=107.9, S=231.2, V=214.5
2026-06-24 23:28:08,434 - mazeUtils.moveTile - [moveTile.py:79] - DEBUG - roll: 0.6000000000000227 deg, practicalMoveTime: 0.7459798650411666 sec
2026-06-24 23:28:08,435 - mazeUtils.moveTile - [moveTile.py:1763] - DEBUG - moveTile loop time: 49.3 ms
2026-06-24 23:28:08,445 - picamera2.picamera2 - [picamera2.py:1391] - DEBUG - Execute job: <picamera2.job.Job object at 0x7f890be150>
2026-06-24 23:28:08,448 - mazeUtils.device.camera - [camera.py:39] - DEBUG - Average HSV: H=106.7, S=234.5, V=223.0
2026-06-24 23:28:08,487 - mazeUtils.moveTile - [moveTile.py:79] - DEBUG - roll: 359.03000000000003 deg, practicalMoveTime: 0.7981921025576963 sec
2026-06-24 23:28:08,488 - mazeUtils.moveTile - [moveTile.py:1763] - DEBUG - moveTile loop time: 52.8 ms
2026-06-24 23:28:08,494 - picamera2.picamera2 - [picamera2.py:1391] - DEBUG - Execute job: <picamera2.job.Job object at 0x7f92cf2bd0>
2026-06-24 23:28:08,498 - mazeUtils.device.camera - [camera.py:39] - DEBUG - Average HSV: H=106.3, S=232.8, V=225.9
2026-06-24 23:28:08,535 - mazeUtils.moveTile - [moveTile.py:79] - DEBUG - roll: 0.8199999999999932 deg, practicalMoveTime: 0.8452920963133207 sec
2026-06-24 23:28:08,535 - mazeUtils.moveTile - [moveTile.py:1763] - DEBUG - moveTile loop time: 47.1 ms
2026-06-24 23:28:08,541 - picamera2.picamera2 - [picamera2.py:1391] - DEBUG - Execute job: <picamera2.job.Job object at 0x7fa2052010>
2026-06-24 23:28:08,544 - mazeUtils.device.camera - [camera.py:39] - DEBUG - Average HSV: H=110.0, S=214.2, V=203.1
2026-06-24 23:28:08,584 - mazeUtils.moveTile - [moveTile.py:1636] - INFO - practicalVerticalMove: 1.0822404628204274 CM
2026-06-24 23:28:08,626 - mazeUtils.moveTile - [moveTile.py:79] - DEBUG - Little forward to adjust position
2026-06-24 23:28:08,776 - mazeUtils.moveTile - [moveTile.py:1959] - INFO - Set moved vertical distance: 1.0822404628204274 cm, past distances: [(0, False), (0, False), (0, False)]
2026-06-24 23:28:08,920 - mazeUtils.moveTile - [moveTile.py:552] - DEBUG - Direction: absDirection.NORTH, Angle: 0, Distance: 13.448895571791152 cm
2026-06-24 23:28:08,921 - mazeUtils.moveTile - [moveTile.py:574] - DEBUG - Front LiDAR distance: 13.448895571791152 cm, TSD10 distance: 2.2 cm
2026-06-24 23:28:08,922 - mazeUtils.moveTile - [moveTile.py:552] - DEBUG - Direction: absDirection.EAST, Angle: 270, Distance: 267.5469600744066 cm
2026-06-24 23:28:08,923 - mazeUtils.moveTile - [moveTile.py:552] - DEBUG - Direction: absDirection.SOUTH, Angle: 180, Distance: 52.265332385965586 cm
2026-06-24 23:28:08,924 - mazeUtils.moveTile - [moveTile.py:552] - DEBUG - Direction: absDirection.WEST, Angle: 90, Distance: 16.743575280571797 cm
2026-06-24 23:28:08,925 - mazeUtils.moveTile - [moveTile.py:2119] - INFO - Tile color detection, decided tile type: E
2026-06-24 23:28:08,998 - __main__ - [main.py:105] - INFO - Current position: (15, 19, 0), front direction: absDirection.NORTH
Layer 0 (altitude=0.0cm, offset=(0.0cm, 0.0cm)):
Known map area: x=15..20, y=15..20
+   +   +   +   +   +---+
  U   U   U   U   U   E |
+   +   +   +   +   +   +
  U   U   U   U   U   E |
+   +   +   +   +   +   +
  U   U   E   U   U | E |
+   +   +   +   +   +   +
  U   U   E   U   U | E |
+---+   +   +   +   +   +
| @   U   E   U   U   E |
+   +   +   +   +   +   +
| E   E   E | U   U | S |
+---+---+---+   +   +---+
Layer 1 (altitude=15.0cm, offset=(-60.0cm, 0.0cm)):
Known map area: x=19..20, y=15..15
+---+---+
| E   E  
+   +   +
mazeAsGraph[0][15][20] = {absDirection.NORTH: None, absDirection.EAST: None, absDirection.SOUTH: (20, 16, 0, 30), absDirection.WEST: (20, 15, 1, 60)}
mazeAsGraph[0][16][20] = {absDirection.NORTH: (20, 15, 0, 30), absDirection.EAST: None, absDirection.SOUTH: (20, 17, 0, 30), absDirection.WEST: (19, 16, 0, 30)}
mazeAsGraph[0][17][17] = {absDirection.NORTH: (19, 15, 1, 60), absDirection.EAST: (18, 17, 0, 30), absDirection.SOUTH: (17, 18, 0, 30), absDirection.WEST: (16, 17, 0, 30)}
mazeAsGraph[0][17][20] = {absDirection.NORTH: (20, 16, 0, 30), absDirection.EAST: None, absDirection.SOUTH: (20, 18, 0, 30), absDirection.WEST: None}
mazeAsGraph[0][18][17] = {absDirection.NORTH: (17, 17, 0, 30), absDirection.EAST: (18, 18, 0, 30), absDirection.SOUTH: (17, 19, 0, 30), absDirection.WEST: (16, 18, 0, 30)}
mazeAsGraph[0][18][20] = {absDirection.NORTH: (20, 17, 0, 30), absDirection.EAST: None, absDirection.SOUTH: (20, 19, 0, 30), absDirection.WEST: None}
mazeAsGraph[0][19][15] = {absDirection.NORTH: None, absDirection.EAST: (16, 19, 0, 30), absDirection.SOUTH: (15, 20, 0, 30), absDirection.WEST: None}
mazeAsGraph[0][19][17] = {absDirection.NORTH: (17, 18, 0, 30), absDirection.EAST: (18, 19, 0, 30), absDirection.SOUTH: (17, 20, 0, 30), absDirection.WEST: (16, 19, 0, 30)}
mazeAsGraph[0][19][20] = {absDirection.NORTH: (20, 18, 0, 30), absDirection.EAST: None, absDirection.SOUTH: (20, 20, 0, 30), absDirection.WEST: (19, 19, 0, 30)}
mazeAsGraph[0][20][15] = {absDirection.NORTH: (15, 19, 0, 30), absDirection.EAST: (16, 20, 0, 30), absDirection.SOUTH: None, absDirection.WEST: None}
mazeAsGraph[0][20][16] = {absDirection.NORTH: (16, 19, 0, 30), absDirection.EAST: (17, 20, 0, 30), absDirection.SOUTH: None, absDirection.WEST: (15, 20, 0, 30)}
mazeAsGraph[0][20][17] = {absDirection.NORTH: (17, 19, 0, 30), absDirection.EAST: None, absDirection.SOUTH: None, absDirection.WEST: (16, 20, 0, 30)}
mazeAsGraph[0][20][20] = {absDirection.NORTH: (20, 19, 0, 30), absDirection.EAST: None, absDirection.SOUTH: None, absDirection.WEST: None}
mazeAsGraph[1][15][19] = {absDirection.NORTH: None, absDirection.EAST: (20, 15, 1, 30), absDirection.SOUTH: (17, 17, 0, 60), absDirection.WEST: None}
mazeAsGraph[1][15][20] = {absDirection.NORTH: None, absDirection.EAST: (20, 15, 0, 60), absDirection.SOUTH: (20, 16, 1, 30), absDirection.WEST: (19, 15, 1, 30)}
2026-06-24 23:28:09,004 - mazeUtils.mazeMap - [mazeMap.py:61] - INFO - next goal: (16, 19, 0)
2026-06-24 23:28:09,017 - mazeUtils.moveTile - [moveTile.py:79] - DEBUG - Moving to absDirection.EAST from (15, 19, 0) facing absDirection.NORTH
2026-06-24 23:28:09,046 - mazeUtils.moveTile - [moveTile.py:79] - DEBUG - current heading: 359.14 target: 270
2026-06-24 23:28:10,118 - mazeUtils.moveTile - [moveTile.py:426] - DEBUG - stopped turning at heading: 274.37, diff: 4.3700000000000045
2026-06-24 23:28:10,164 - mazeUtils.moveTile - [moveTile.py:79] - DEBUG - Turned to heading: 270.91999999999996 deg
2026-06-24 23:28:10,325 - mazeUtils.moveTile - [moveTile.py:79] - DEBUG - Little backward to adjust position
2026-06-24 23:28:10,678 - picamera2.picamera2 - [picamera2.py:1391] - DEBUG - Execute job: <picamera2.job.Job object at 0x7f93cd0290>
2026-06-24 23:28:10,681 - mazeUtils.device.camera - [camera.py:39] - DEBUG - Average HSV: H=116.6, S=165.2, V=141.8
2026-06-24 23:28:10,713 - mazeUtils.moveTile - [moveTile.py:79] - DEBUG - roll: 8.199999999999989 deg, practicalMoveTime: 0.031152246136213327 sec
2026-06-24 23:28:10,714 - mazeUtils.moveTile - [moveTile.py:1763] - DEBUG - moveTile loop time: 39.2 ms
2026-06-24 23:28:10,718 - picamera2.picamera2 - [picamera2.py:1391] - DEBUG - Execute job: <picamera2.job.Job object at 0x7f888c6f10>
2026-06-24 23:28:10,721 - mazeUtils.device.camera - [camera.py:39] - DEBUG - Average HSV: H=116.7, S=165.2, V=140.8
2026-06-24 23:28:10,758 - mazeUtils.moveTile - [moveTile.py:79] - DEBUG - roll: 8.139999999999986 deg, practicalMoveTime: 0.06596992144485633 sec
2026-06-24 23:28:10,758 - mazeUtils.moveTile - [moveTile.py:1763] - DEBUG - moveTile loop time: 44.1 ms
2026-06-24 23:28:10,766 - picamera2.picamera2 - [picamera2.py:1391] - DEBUG - Execute job: <picamera2.job.Job object at 0x7f93cd0290>
2026-06-24 23:28:10,769 - mazeUtils.device.camera - [camera.py:39] - DEBUG - Average HSV: H=116.5, S=165.7, V=143.4
2026-06-24 23:28:10,805 - mazeUtils.moveTile - [moveTile.py:79] - DEBUG - roll: 5.7099999999999795 deg, practicalMoveTime: 0.10282049189297211 sec
2026-06-24 23:28:10,805 - mazeUtils.moveTile - [moveTile.py:1763] - DEBUG - moveTile loop time: 46.8 ms
2026-06-24 23:28:10,810 - picamera2.picamera2 - [picamera2.py:1391] - DEBUG - Execute job: <picamera2.job.Job object at 0x7fa2052010>
2026-06-24 23:28:10,813 - mazeUtils.device.camera - [camera.py:39] - DEBUG - Average HSV: H=115.6, S=170.3, V=149.4
2026-06-24 23:28:10,850 - mazeUtils.moveTile - [moveTile.py:79] - DEBUG - roll: 6.740000000000009 deg, practicalMoveTime: 0.1379826515834481 sec
2026-06-24 23:28:10,850 - mazeUtils.moveTile - [moveTile.py:1763] - DEBUG - moveTile loop time: 44.4 ms
2026-06-24 23:28:10,857 - picamera2.picamera2 - [picamera2.py:1391] - DEBUG - Execute job: <picamera2.job.Job object at 0x7fa4c34410>
2026-06-24 23:28:10,860 - mazeUtils.device.camera - [camera.py:39] - DEBUG - Average HSV: H=115.9, S=169.6, V=150.6
2026-06-24 23:28:10,891 - mazeUtils.moveTile - [moveTile.py:79] - DEBUG - roll: 6.300000000000011 deg, practicalMoveTime: 0.17056478256956512 sec
2026-06-24 23:28:10,892 - mazeUtils.moveTile - [moveTile.py:1763] - DEBUG - moveTile loop time: 41.2 ms
2026-06-24 23:28:10,897 - picamera2.picamera2 - [picamera2.py:1391] - DEBUG - Execute job: <picamera2.job.Job object at 0x7f888c6e10>
2026-06-24 23:28:10,900 - mazeUtils.device.camera - [camera.py:39] - DEBUG - Average HSV: H=115.1, S=173.6, V=156.3
2026-06-24 23:28:10,934 - mazeUtils.moveTile - [moveTile.py:79] - DEBUG - roll: 5.259999999999991 deg, practicalMoveTime: 0.21274075292762262 sec
2026-06-24 23:28:10,934 - mazeUtils.moveTile - [moveTile.py:1763] - DEBUG - moveTile loop time: 42.5 ms
2026-06-24 23:28:10,938 - picamera2.picamera2 - [picamera2.py:1391] - DEBUG - Execute job: <picamera2.job.Job object at 0x7fa4c34410>
2026-06-24 23:28:10,942 - mazeUtils.device.camera - [camera.py:39] - DEBUG - Average HSV: H=115.0, S=175.8, V=158.0
2026-06-24 23:28:10,981 - mazeUtils.moveTile - [moveTile.py:79] - DEBUG - roll: 2.6999999999999886 deg, practicalMoveTime: 0.25916519711013813 sec
2026-06-24 23:28:10,982 - mazeUtils.moveTile - [moveTile.py:1763] - DEBUG - moveTile loop time: 46.9 ms
2026-06-24 23:28:10,988 - picamera2.picamera2 - [picamera2.py:1391] - DEBUG - Execute job: <picamera2.job.Job object at 0x7f93cd1710>
2026-06-24 23:28:10,992 - mazeUtils.device.camera - [camera.py:39] - DEBUG - Average HSV: H=113.7, S=179.3, V=168.4
2026-06-24 23:28:11,024 - mazeUtils.moveTile - [moveTile.py:79] - DEBUG - roll: 359.18 deg, practicalMoveTime: 0.3014344863828061 sec
2026-06-24 23:28:11,025 - mazeUtils.moveTile - [moveTile.py:1763] - DEBUG - moveTile loop time: 42.5 ms
2026-06-24 23:28:11,030 - picamera2.picamera2 - [picamera2.py:1391] - DEBUG - Execute job: <picamera2.job.Job object at 0x7fa2052010>
2026-06-24 23:28:11,033 - mazeUtils.device.camera - [camera.py:39] - DEBUG - Average HSV: H=113.0, S=181.5, V=172.4
2026-06-24 23:28:11,066 - mazeUtils.moveTile - [moveTile.py:79] - DEBUG - roll: 358.55 deg, practicalMoveTime: 0.3427177177604345 sec
2026-06-24 23:28:11,066 - mazeUtils.moveTile - [moveTile.py:1763] - DEBUG - moveTile loop time: 41.4 ms
2026-06-24 23:28:11,079 - picamera2.picamera2 - [picamera2.py:1391] - DEBUG - Execute job: <picamera2.job.Job object at 0x7f888c6fd0>
2026-06-24 23:28:11,083 - mazeUtils.device.camera - [camera.py:39] - DEBUG - Average HSV: H=113.1, S=182.4, V=175.9
2026-06-24 23:28:11,115 - mazeUtils.moveTile - [moveTile.py:79] - DEBUG - roll: 359.12 deg, practicalMoveTime: 0.39092863093974806 sec
2026-06-24 23:28:11,115 - mazeUtils.moveTile - [moveTile.py:1763] - DEBUG - moveTile loop time: 48.5 ms
2026-06-24 23:28:11,120 - picamera2.picamera2 - [picamera2.py:1391] - DEBUG - Execute job: <picamera2.job.Job object at 0x7fa2052010>
2026-06-24 23:28:11,123 - mazeUtils.device.camera - [camera.py:39] - DEBUG - Average HSV: H=112.0, S=185.0, V=182.6
2026-06-24 23:28:11,155 - mazeUtils.moveTile - [moveTile.py:79] - DEBUG - roll: 355.12 deg, practicalMoveTime: 0.4311697291892333 sec
2026-06-24 23:28:11,156 - mazeUtils.moveTile - [moveTile.py:1763] - DEBUG - moveTile loop time: 40.6 ms
2026-06-24 23:28:11,169 - picamera2.picamera2 - [picamera2.py:1391] - DEBUG - Execute job: <picamera2.job.Job object at 0x7f888c6d50>
2026-06-24 23:28:11,172 - mazeUtils.device.camera - [camera.py:39] - DEBUG - Average HSV: H=110.9, S=188.0, V=190.3
2026-06-24 23:28:11,209 - mazeUtils.moveTile - [moveTile.py:79] - DEBUG - roll: 352.63 deg, practicalMoveTime: 0.48359644237588684 sec
2026-06-24 23:28:11,209 - mazeUtils.moveTile - [moveTile.py:1763] - DEBUG - moveTile loop time: 53.1 ms
2026-06-24 23:28:11,214 - picamera2.picamera2 - [picamera2.py:1391] - DEBUG - Execute job: <picamera2.job.Job object at 0x7fa4c37e50>
2026-06-24 23:28:11,218 - mazeUtils.device.camera - [camera.py:39] - DEBUG - Average HSV: H=110.4, S=190.9, V=192.5
2026-06-24 23:28:11,261 - mazeUtils.moveTile - [moveTile.py:79] - DEBUG - roll: 352.39 deg, practicalMoveTime: 0.5349337475820193 sec
2026-06-24 23:28:11,261 - mazeUtils.moveTile - [moveTile.py:1763] - DEBUG - moveTile loop time: 52.0 ms
2026-06-24 23:28:11,275 - picamera2.picamera2 - [picamera2.py:1391] - DEBUG - Execute job: <picamera2.job.Job object at 0x7fa4c34410>
2026-06-24 23:28:11,278 - mazeUtils.device.camera - [camera.py:39] - DEBUG - Average HSV: H=109.9, S=192.9, V=200.4
2026-06-24 23:28:11,318 - mazeUtils.moveTile - [moveTile.py:79] - DEBUG - roll: 353.79 deg, practicalMoveTime: 0.591005882857961 sec
2026-06-24 23:28:11,318 - mazeUtils.moveTile - [moveTile.py:1763] - DEBUG - moveTile loop time: 56.8 ms
2026-06-24 23:28:11,323 - picamera2.picamera2 - [picamera2.py:1391] - DEBUG - Execute job: <picamera2.job.Job object at 0x7fa2052010>
2026-06-24 23:28:11,327 - mazeUtils.device.camera - [camera.py:39] - DEBUG - Average HSV: H=110.0, S=193.6, V=200.0
2026-06-24 23:28:11,361 - mazeUtils.moveTile - [moveTile.py:79] - DEBUG - roll: 352.87 deg, practicalMoveTime: 0.6334725627521894 sec
2026-06-24 23:28:11,362 - mazeUtils.moveTile - [moveTile.py:1763] - DEBUG - moveTile loop time: 43.0 ms
2026-06-24 23:28:11,367 - picamera2.picamera2 - [picamera2.py:1391] - DEBUG - Execute job: <picamera2.job.Job object at 0x7fa4c34410>
2026-06-24 23:28:11,370 - mazeUtils.device.camera - [camera.py:39] - DEBUG - Average HSV: H=109.6, S=195.8, V=202.3
2026-06-24 23:28:11,404 - mazeUtils.moveTile - [moveTile.py:79] - DEBUG - roll: 353.24 deg, practicalMoveTime: 0.675288658727725 sec
2026-06-24 23:28:11,404 - mazeUtils.moveTile - [moveTile.py:1763] - DEBUG - moveTile loop time: 42.4 ms
2026-06-24 23:28:11,415 - picamera2.picamera2 - [picamera2.py:1391] - DEBUG - Execute job: <picamera2.job.Job object at 0x7fa206dd90>
2026-06-24 23:28:11,418 - mazeUtils.device.camera - [camera.py:39] - DEBUG - Average HSV: H=108.9, S=199.7, V=209.7
2026-06-24 23:28:11,456 - mazeUtils.moveTile - [moveTile.py:79] - DEBUG - roll: 354.22 deg, practicalMoveTime: 0.7265708876413286 sec
2026-06-24 23:28:11,456 - mazeUtils.moveTile - [moveTile.py:1763] - DEBUG - moveTile loop time: 51.8 ms
2026-06-24 23:28:11,461 - picamera2.picamera2 - [picamera2.py:1391] - DEBUG - Execute job: <picamera2.job.Job object at 0x7fa4c34410>
2026-06-24 23:28:11,465 - mazeUtils.device.camera - [camera.py:39] - DEBUG - Average HSV: H=108.6, S=200.6, V=213.5
2026-06-24 23:28:11,498 - mazeUtils.moveTile - [moveTile.py:79] - DEBUG - roll: 356.05 deg, practicalMoveTime: 0.7683950185005326 sec
2026-06-24 23:28:11,499 - mazeUtils.moveTile - [moveTile.py:1763] - DEBUG - moveTile loop time: 42.3 ms
2026-06-24 23:28:11,504 - picamera2.picamera2 - [picamera2.py:1391] - DEBUG - Execute job: <picamera2.job.Job object at 0x7fa206dd90>
2026-06-24 23:28:11,507 - mazeUtils.device.camera - [camera.py:39] - DEBUG - Average HSV: H=107.9, S=207.2, V=220.6
2026-06-24 23:28:11,539 - mazeUtils.moveTile - [moveTile.py:79] - DEBUG - roll: 358.54 deg, practicalMoveTime: 0.8086633112927536 sec
2026-06-24 23:28:11,540 - mazeUtils.moveTile - [moveTile.py:1763] - DEBUG - moveTile loop time: 40.6 ms
2026-06-24 23:28:11,552 - picamera2.picamera2 - [picamera2.py:1391] - DEBUG - Execute job: <picamera2.job.Job object at 0x7f93cd1710>
2026-06-24 23:28:11,556 - mazeUtils.device.camera - [camera.py:39] - DEBUG - Average HSV: H=107.4, S=210.2, V=223.4
2026-06-24 23:28:11,594 - mazeUtils.moveTile - [moveTile.py:1636] - INFO - practicalVerticalMove: -0.6151938735779161 CM
2026-06-24 23:28:11,638 - mazeUtils.moveTile - [moveTile.py:79] - DEBUG - Little forward to adjust position
2026-06-24 23:28:11,771 - mazeUtils.moveTile - [moveTile.py:1959] - INFO - Set moved vertical distance: -0.6151938735779161 cm, past distances: [(0, False), (0, False), (0, False)]
2026-06-24 23:28:11,911 - mazeUtils.moveTile - [moveTile.py:552] - DEBUG - Direction: absDirection.NORTH, Angle: 90, Distance: 19.627684018855472 cm
2026-06-24 23:28:11,912 - mazeUtils.moveTile - [moveTile.py:552] - DEBUG - Direction: absDirection.EAST, Angle: 0, Distance: 14.192934873286351 cm
2026-06-24 23:28:11,913 - mazeUtils.moveTile - [moveTile.py:574] - DEBUG - Front LiDAR distance: 14.192934873286351 cm, TSD10 distance: 2.1 cm
2026-06-24 23:28:11,914 - mazeUtils.moveTile - [moveTile.py:552] - DEBUG - Direction: absDirection.SOUTH, Angle: 270, Distance: 46.703918772594605 cm
2026-06-24 23:28:11,915 - mazeUtils.moveTile - [moveTile.py:552] - DEBUG - Direction: absDirection.WEST, Angle: 180, Distance: 52.53482251666372 cm
2026-06-24 23:28:11,917 - mazeUtils.moveTile - [moveTile.py:2119] - INFO - Tile color detection, decided tile type: E
2026-06-24 23:28:11,994 - __main__ - [main.py:105] - INFO - Current position: (16, 19, 0), front direction: absDirection.EAST
Layer 0 (altitude=0.0cm, offset=(0.0cm, 0.0cm)):
Known map area: x=15..20, y=15..20
+   +   +   +   +   +---+
  U   U   U   U   U   E |
+   +   +   +   +   +   +
  U   U   U   U   U   E |
+   +   +   +   +   +   +
  U   U   E   U   U | E |
+   +   +   +   +   +   +
  U   U   E   U   U | E |
+---+---+   +   +   +   +
| E   @ | E   U   U   E |
+   +   +   +   +   +   +
| E   E   E | U   U | S |
+---+---+---+   +   +---+
Layer 1 (altitude=15.0cm, offset=(-60.0cm, 0.0cm)):
Known map area: x=19..20, y=15..15
+---+---+
| E   E  
+   +   +
mazeAsGraph[0][15][20] = {absDirection.NORTH: None, absDirection.EAST: None, absDirection.SOUTH: (20, 16, 0, 30), absDirection.WEST: (20, 15, 1, 60)}
mazeAsGraph[0][16][20] = {absDirection.NORTH: (20, 15, 0, 30), absDirection.EAST: None, absDirection.SOUTH: (20, 17, 0, 30), absDirection.WEST: (19, 16, 0, 30)}
mazeAsGraph[0][17][17] = {absDirection.NORTH: (19, 15, 1, 60), absDirection.EAST: (18, 17, 0, 30), absDirection.SOUTH: (17, 18, 0, 30), absDirection.WEST: (16, 17, 0, 30)}
mazeAsGraph[0][17][20] = {absDirection.NORTH: (20, 16, 0, 30), absDirection.EAST: None, absDirection.SOUTH: (20, 18, 0, 30), absDirection.WEST: None}
mazeAsGraph[0][18][17] = {absDirection.NORTH: (17, 17, 0, 30), absDirection.EAST: (18, 18, 0, 30), absDirection.SOUTH: (17, 19, 0, 30), absDirection.WEST: (16, 18, 0, 30)}
mazeAsGraph[0][18][20] = {absDirection.NORTH: (20, 17, 0, 30), absDirection.EAST: None, absDirection.SOUTH: (20, 19, 0, 30), absDirection.WEST: None}
mazeAsGraph[0][19][15] = {absDirection.NORTH: None, absDirection.EAST: (16, 19, 0, 30), absDirection.SOUTH: (15, 20, 0, 30), absDirection.WEST: None}
mazeAsGraph[0][19][16] = {absDirection.NORTH: None, absDirection.EAST: None, absDirection.SOUTH: (16, 20, 0, 30), absDirection.WEST: (15, 19, 0, 30)}
mazeAsGraph[0][19][17] = {absDirection.NORTH: (17, 18, 0, 30), absDirection.EAST: (18, 19, 0, 30), absDirection.SOUTH: (17, 20, 0, 30), absDirection.WEST: None}
mazeAsGraph[0][19][20] = {absDirection.NORTH: (20, 18, 0, 30), absDirection.EAST: None, absDirection.SOUTH: (20, 20, 0, 30), absDirection.WEST: (19, 19, 0, 30)}
mazeAsGraph[0][20][15] = {absDirection.NORTH: (15, 19, 0, 30), absDirection.EAST: (16, 20, 0, 30), absDirection.SOUTH: None, absDirection.WEST: None}
mazeAsGraph[0][20][16] = {absDirection.NORTH: (16, 19, 0, 30), absDirection.EAST: (17, 20, 0, 30), absDirection.SOUTH: None, absDirection.WEST: (15, 20, 0, 30)}
mazeAsGraph[0][20][17] = {absDirection.NORTH: (17, 19, 0, 30), absDirection.EAST: None, absDirection.SOUTH: None, absDirection.WEST: (16, 20, 0, 30)}
mazeAsGraph[0][20][20] = {absDirection.NORTH: (20, 19, 0, 30), absDirection.EAST: None, absDirection.SOUTH: None, absDirection.WEST: None}
mazeAsGraph[1][15][19] = {absDirection.NORTH: None, absDirection.EAST: (20, 15, 1, 30), absDirection.SOUTH: (17, 17, 0, 60), absDirection.WEST: None}
mazeAsGraph[1][15][20] = {absDirection.NORTH: None, absDirection.EAST: (20, 15, 0, 60), absDirection.SOUTH: (20, 16, 1, 30), absDirection.WEST: (19, 15, 1, 30)}
2026-06-24 23:28:12,003 - mazeUtils.mazeMap - [mazeMap.py:61] - INFO - next goal: (18, 19, 0)
2026-06-24 23:28:12,012 - mazeUtils.moveTile - [moveTile.py:79] - DEBUG - Moving to absDirection.SOUTH from (16, 19, 0) facing absDirection.EAST
2026-06-24 23:28:12,039 - mazeUtils.moveTile - [moveTile.py:79] - DEBUG - current heading: 271.09999999999997 target: 180
2026-06-24 23:28:13,041 - mazeUtils.moveTile - [moveTile.py:426] - DEBUG - stopped turning at heading: 185.56999999999996, diff: 5.569999999999965
2026-06-24 23:28:13,092 - mazeUtils.moveTile - [moveTile.py:79] - DEBUG - Turned to heading: 181.64999999999998 deg
2026-06-24 23:28:13,261 - mazeUtils.moveTile - [moveTile.py:79] - DEBUG - Little backward to adjust position
2026-06-24 23:28:13,564 - mazeUtils.moveTile - [moveTile.py:1467] - DEBUG - Calculated target steps to next tile: 1 based on distance 30 cm
2026-06-24 23:28:13,571 - picamera2.picamera2 - [picamera2.py:1391] - DEBUG - Execute job: <picamera2.job.Job object at 0x7fb84d2090>
2026-06-24 23:28:13,576 - mazeUtils.device.camera - [camera.py:39] - DEBUG - Average HSV: H=109.4, S=213.5, V=200.3
2026-06-24 23:28:13,609 - mazeUtils.moveTile - [moveTile.py:79] - DEBUG - roll: 0.6200000000000045 deg, practicalMoveTime: 0.04472215108825059 sec
2026-06-24 23:28:13,609 - mazeUtils.moveTile - [moveTile.py:1763] - DEBUG - moveTile loop time: 44.1 ms
2026-06-24 23:28:13,614 - picamera2.picamera2 - [picamera2.py:1391] - DEBUG - Execute job: <picamera2.job.Job object at 0x7f93d5f0d0>
2026-06-24 23:28:13,618 - mazeUtils.device.camera - [camera.py:39] - DEBUG - Average HSV: H=109.7, S=213.4, V=196.8
2026-06-24 23:28:13,656 - mazeUtils.moveTile - [moveTile.py:79] - DEBUG - roll: 0.4200000000000159 deg, practicalMoveTime: 0.09117993557290352 sec
2026-06-24 23:28:13,656 - mazeUtils.moveTile - [moveTile.py:1763] - DEBUG - moveTile loop time: 46.7 ms
2026-06-24 23:28:13,661 - picamera2.picamera2 - [picamera2.py:1391] - DEBUG - Execute job: <picamera2.job.Job object at 0x7f88865250>
2026-06-24 23:28:13,665 - mazeUtils.device.camera - [camera.py:39] - DEBUG - Average HSV: H=109.6, S=212.5, V=196.7
2026-06-24 23:28:13,704 - mazeUtils.moveTile - [moveTile.py:79] - DEBUG - roll: 1.490000000000009 deg, practicalMoveTime: 0.13875688585391432 sec
2026-06-24 23:28:13,705 - mazeUtils.moveTile - [moveTile.py:1763] - DEBUG - moveTile loop time: 47.9 ms
2026-06-24 23:28:13,712 - picamera2.picamera2 - [picamera2.py:1391] - DEBUG - Execute job: <picamera2.job.Job object at 0x7f93d5f0d0>
2026-06-24 23:28:13,717 - mazeUtils.device.camera - [camera.py:39] - DEBUG - Average HSV: H=109.9, S=214.1, V=194.8
2026-06-24 23:28:13,754 - mazeUtils.moveTile - [moveTile.py:79] - DEBUG - roll: 359.94 deg, practicalMoveTime: 0.18859712811109067 sec
2026-06-24 23:28:13,755 - mazeUtils.moveTile - [moveTile.py:1763] - DEBUG - moveTile loop time: 49.9 ms
2026-06-24 23:28:13,760 - picamera2.picamera2 - [picamera2.py:1391] - DEBUG - Execute job: <picamera2.job.Job object at 0x7fb84d2090>
2026-06-24 23:28:13,763 - mazeUtils.device.camera - [camera.py:39] - DEBUG - Average HSV: H=109.0, S=217.0, V=200.0
2026-06-24 23:28:13,804 - mazeUtils.moveTile - [moveTile.py:79] - DEBUG - roll: 1.3000000000000114 deg, practicalMoveTime: 0.23738605040738725 sec
2026-06-24 23:28:13,804 - mazeUtils.moveTile - [moveTile.py:1763] - DEBUG - moveTile loop time: 49.1 ms
2026-06-24 23:28:13,809 - picamera2.picamera2 - [picamera2.py:1391] - DEBUG - Execute job: <picamera2.job.Job object at 0x7f88865310>
2026-06-24 23:28:13,812 - mazeUtils.device.camera - [camera.py:39] - DEBUG - Average HSV: H=110.0, S=216.5, V=195.1
2026-06-24 23:28:13,845 - mazeUtils.moveTile - [moveTile.py:79] - DEBUG - roll: 0.910000000000025 deg, practicalMoveTime: 0.2780568788885854 sec
2026-06-24 23:28:13,845 - mazeUtils.moveTile - [moveTile.py:1763] - DEBUG - moveTile loop time: 41.0 ms
2026-06-24 23:28:13,852 - picamera2.picamera2 - [picamera2.py:1391] - DEBUG - Execute job: <picamera2.job.Job object at 0x7f888664d0>
2026-06-24 23:28:13,856 - mazeUtils.device.camera - [camera.py:39] - DEBUG - Average HSV: H=109.6, S=217.3, V=195.8
2026-06-24 23:28:13,898 - mazeUtils.moveTile - [moveTile.py:79] - DEBUG - roll: 0.22000000000002728 deg, practicalMoveTime: 0.330458182335463 sec
2026-06-24 23:28:13,898 - mazeUtils.moveTile - [moveTile.py:1763] - DEBUG - moveTile loop time: 52.8 ms
2026-06-24 23:28:13,903 - picamera2.picamera2 - [picamera2.py:1391] - DEBUG - Execute job: <picamera2.job.Job object at 0x7f88865010>
2026-06-24 23:28:13,907 - mazeUtils.device.camera - [camera.py:39] - DEBUG - Average HSV: H=110.0, S=213.8, V=191.9
2026-06-24 23:28:13,947 - mazeUtils.moveTile - [moveTile.py:79] - DEBUG - roll: 1.7800000000000296 deg, practicalMoveTime: 0.3786715205277771 sec
2026-06-24 23:28:13,947 - mazeUtils.moveTile - [moveTile.py:1763] - DEBUG - moveTile loop time: 48.7 ms
2026-06-24 23:28:13,954 - picamera2.picamera2 - [picamera2.py:1391] - DEBUG - Execute job: <picamera2.job.Job object at 0x7fb83692d0>
2026-06-24 23:28:13,957 - mazeUtils.device.camera - [camera.py:39] - DEBUG - Average HSV: H=109.7, S=214.6, V=193.0
2026-06-24 23:28:13,988 - mazeUtils.moveTile - [moveTile.py:79] - DEBUG - roll: 0.5300000000000296 deg, practicalMoveTime: 0.4194913995610701 sec
2026-06-24 23:28:13,989 - mazeUtils.moveTile - [moveTile.py:1763] - DEBUG - moveTile loop time: 40.9 ms
2026-06-24 23:28:13,993 - picamera2.picamera2 - [picamera2.py:1391] - DEBUG - Execute job: <picamera2.job.Job object at 0x7f888664d0>
2026-06-24 23:28:13,996 - mazeUtils.device.camera - [camera.py:39] - DEBUG - Average HSV: H=109.4, S=216.5, V=193.7
2026-06-24 23:28:14,031 - mazeUtils.moveTile - [moveTile.py:79] - DEBUG - roll: 1.079999999999984 deg, practicalMoveTime: 0.46171681658349545 sec
2026-06-24 23:28:14,032 - mazeUtils.moveTile - [moveTile.py:1763] - DEBUG - moveTile loop time: 42.5 ms
2026-06-24 23:28:14,037 - picamera2.picamera2 - [picamera2.py:1391] - DEBUG - Execute job: <picamera2.job.Job object at 0x7f88866450>
2026-06-24 23:28:14,040 - mazeUtils.device.camera - [camera.py:39] - DEBUG - Average HSV: H=110.0, S=214.2, V=189.8
2026-06-24 23:28:14,077 - mazeUtils.moveTile - [moveTile.py:79] - DEBUG - roll: 2.0300000000000296 deg, practicalMoveTime: 0.5070763568121097 sec
2026-06-24 23:28:14,078 - mazeUtils.moveTile - [moveTile.py:1763] - DEBUG - moveTile loop time: 45.7 ms
2026-06-24 23:28:14,084 - picamera2.picamera2 - [picamera2.py:1391] - DEBUG - Execute job: <picamera2.job.Job object at 0x7fb84d2090>
2026-06-24 23:28:14,087 - mazeUtils.device.camera - [camera.py:39] - DEBUG - Average HSV: H=109.9, S=212.7, V=189.9
2026-06-24 23:28:14,122 - mazeUtils.moveTile - [moveTile.py:79] - DEBUG - roll: 0.01999999999998181 deg, practicalMoveTime: 0.5515263253636534 sec
2026-06-24 23:28:14,123 - mazeUtils.moveTile - [moveTile.py:1763] - DEBUG - moveTile loop time: 44.5 ms
2026-06-24 23:28:14,128 - picamera2.picamera2 - [picamera2.py:1391] - DEBUG - Execute job: <picamera2.job.Job object at 0x7f88865050>
2026-06-24 23:28:14,131 - mazeUtils.device.camera - [camera.py:39] - DEBUG - Average HSV: H=109.3, S=215.1, V=196.4
2026-06-24 23:28:14,172 - mazeUtils.moveTile - [moveTile.py:79] - DEBUG - roll: 1.75 deg, practicalMoveTime: 0.6006864024324825 sec
2026-06-24 23:28:14,172 - mazeUtils.moveTile - [moveTile.py:1763] - DEBUG - moveTile loop time: 49.5 ms
2026-06-24 23:28:14,177 - picamera2.picamera2 - [picamera2.py:1391] - DEBUG - Execute job: <picamera2.job.Job object at 0x7f88865310>
2026-06-24 23:28:14,181 - mazeUtils.device.camera - [camera.py:39] - DEBUG - Average HSV: H=109.8, S=214.2, V=194.4
2026-06-24 23:28:14,215 - mazeUtils.moveTile - [moveTile.py:79] - DEBUG - roll: 0.660000000000025 deg, practicalMoveTime: 0.6427443987005778 sec
2026-06-24 23:28:14,215 - mazeUtils.moveTile - [moveTile.py:1763] - DEBUG - moveTile loop time: 42.5 ms
2026-06-24 23:28:14,220 - picamera2.picamera2 - [picamera2.py:1391] - DEBUG - Execute job: <picamera2.job.Job object at 0x7f88865250>
2026-06-24 23:28:14,224 - mazeUtils.device.camera - [camera.py:39] - DEBUG - Average HSV: H=108.9, S=217.6, V=200.7
2026-06-24 23:28:14,262 - mazeUtils.moveTile - [moveTile.py:79] - DEBUG - roll: 0.660000000000025 deg, practicalMoveTime: 0.6896849956082072 sec
2026-06-24 23:28:14,263 - mazeUtils.moveTile - [moveTile.py:1763] - DEBUG - moveTile loop time: 47.1 ms
2026-06-24 23:28:14,267 - picamera2.picamera2 - [picamera2.py:1391] - DEBUG - Execute job: <picamera2.job.Job object at 0x7f88866310>
2026-06-24 23:28:14,271 - mazeUtils.device.camera - [camera.py:39] - DEBUG - Average HSV: H=109.3, S=216.2, V=198.5
2026-06-24 23:28:14,302 - mazeUtils.moveTile - [moveTile.py:79] - DEBUG - roll: 1.6399999999999864 deg, practicalMoveTime: 0.7291547724970995 sec
2026-06-24 23:28:14,303 - mazeUtils.moveTile - [moveTile.py:1763] - DEBUG - moveTile loop time: 39.7 ms
2026-06-24 23:28:14,308 - picamera2.picamera2 - [picamera2.py:1391] - DEBUG - Execute job: <picamera2.job.Job object at 0x7f88864f90>
2026-06-24 23:28:14,311 - mazeUtils.device.camera - [camera.py:39] - DEBUG - Average HSV: H=109.2, S=215.0, V=199.6
2026-06-24 23:28:14,352 - mazeUtils.moveTile - [moveTile.py:79] - DEBUG - roll: 0.5799999999999841 deg, practicalMoveTime: 0.77841891544338 sec
2026-06-24 23:28:14,352 - mazeUtils.moveTile - [moveTile.py:1763] - DEBUG - moveTile loop time: 49.5 ms
2026-06-24 23:28:14,359 - picamera2.picamera2 - [picamera2.py:1391] - DEBUG - Execute job: <picamera2.job.Job object at 0x7fb83692d0>
2026-06-24 23:28:14,362 - mazeUtils.device.camera - [camera.py:39] - DEBUG - Average HSV: H=108.5, S=220.2, V=204.2
2026-06-24 23:28:14,393 - mazeUtils.moveTile - [moveTile.py:79] - DEBUG - roll: 1.1800000000000068 deg, practicalMoveTime: 0.8190731877115652 sec
2026-06-24 23:28:14,393 - mazeUtils.moveTile - [moveTile.py:1763] - DEBUG - moveTile loop time: 40.9 ms
2026-06-24 23:28:14,401 - picamera2.picamera2 - [picamera2.py:1391] - DEBUG - Execute job: <picamera2.job.Job object at 0x7f93d5f510>
2026-06-24 23:28:14,404 - mazeUtils.device.camera - [camera.py:39] - DEBUG - Average HSV: H=109.1, S=226.9, V=196.2
2026-06-24 23:28:14,442 - mazeUtils.moveTile - [moveTile.py:1636] - INFO - practicalVerticalMove: 0.4396204625601861 CM
2026-06-24 23:28:14,484 - mazeUtils.moveTile - [moveTile.py:79] - DEBUG - Little forward to adjust position
2026-06-24 23:28:14,806 - mazeUtils.moveTile - [moveTile.py:552] - DEBUG - Direction: absDirection.NORTH, Angle: 180, Distance: 53.20708963411721 cm
2026-06-24 23:28:14,807 - mazeUtils.moveTile - [moveTile.py:552] - DEBUG - Direction: absDirection.EAST, Angle: 90, Distance: 48.81180322008673 cm
2026-06-24 23:28:14,808 - mazeUtils.moveTile - [moveTile.py:552] - DEBUG - Direction: absDirection.SOUTH, Angle: 0, Distance: 13.722283226379993 cm
2026-06-24 23:28:14,809 - mazeUtils.moveTile - [moveTile.py:552] - DEBUG - Direction: absDirection.WEST, Angle: 270, Distance: 48.55396338433226 cm
2026-06-24 23:28:14,812 - mazeUtils.moveTile - [moveTile.py:2119] - INFO - Tile color detection, decided tile type: E
2026-06-24 23:28:14,884 - __main__ - [main.py:105] - INFO - Current position: (16, 20, 0), front direction: absDirection.SOUTH
Layer 0 (altitude=0.0cm, offset=(0.0cm, 0.0cm)):
Known map area: x=15..20, y=15..20
+   +   +   +   +   +---+
  U   U   U   U   U   E |
+   +   +   +   +   +   +
  U   U   U   U   U   E |
+   +   +   +   +   +   +
  U   U   E   U   U | E |
+   +   +   +   +   +   +
  U   U   E   U   U | E |
+---+---+   +   +   +   +
| E   E | E   U   U   E |
+   +   +   +   +   +   +
| E   @   E | U   U | S |
+---+---+---+   +   +---+
Layer 1 (altitude=15.0cm, offset=(-60.0cm, 0.0cm)):
Known map area: x=19..20, y=15..15
+---+---+
| E   E  
+   +   +
mazeAsGraph[0][15][20] = {absDirection.NORTH: None, absDirection.EAST: None, absDirection.SOUTH: (20, 16, 0, 30), absDirection.WEST: (20, 15, 1, 60)}
mazeAsGraph[0][16][20] = {absDirection.NORTH: (20, 15, 0, 30), absDirection.EAST: None, absDirection.SOUTH: (20, 17, 0, 30), absDirection.WEST: (19, 16, 0, 30)}
mazeAsGraph[0][17][17] = {absDirection.NORTH: (19, 15, 1, 60), absDirection.EAST: (18, 17, 0, 30), absDirection.SOUTH: (17, 18, 0, 30), absDirection.WEST: (16, 17, 0, 30)}
mazeAsGraph[0][17][20] = {absDirection.NORTH: (20, 16, 0, 30), absDirection.EAST: None, absDirection.SOUTH: (20, 18, 0, 30), absDirection.WEST: None}
mazeAsGraph[0][18][17] = {absDirection.NORTH: (17, 17, 0, 30), absDirection.EAST: (18, 18, 0, 30), absDirection.SOUTH: (17, 19, 0, 30), absDirection.WEST: (16, 18, 0, 30)}
mazeAsGraph[0][18][20] = {absDirection.NORTH: (20, 17, 0, 30), absDirection.EAST: None, absDirection.SOUTH: (20, 19, 0, 30), absDirection.WEST: None}
mazeAsGraph[0][19][15] = {absDirection.NORTH: None, absDirection.EAST: (16, 19, 0, 30), absDirection.SOUTH: (15, 20, 0, 30), absDirection.WEST: None}
mazeAsGraph[0][19][16] = {absDirection.NORTH: None, absDirection.EAST: None, absDirection.SOUTH: (16, 20, 0, 30), absDirection.WEST: (15, 19, 0, 30)}
mazeAsGraph[0][19][17] = {absDirection.NORTH: (17, 18, 0, 30), absDirection.EAST: (18, 19, 0, 30), absDirection.SOUTH: (17, 20, 0, 30), absDirection.WEST: None}
mazeAsGraph[0][19][20] = {absDirection.NORTH: (20, 18, 0, 30), absDirection.EAST: None, absDirection.SOUTH: (20, 20, 0, 30), absDirection.WEST: (19, 19, 0, 30)}
mazeAsGraph[0][20][15] = {absDirection.NORTH: (15, 19, 0, 30), absDirection.EAST: (16, 20, 0, 30), absDirection.SOUTH: None, absDirection.WEST: None}
mazeAsGraph[0][20][16] = {absDirection.NORTH: (16, 19, 0, 30), absDirection.EAST: (17, 20, 0, 30), absDirection.SOUTH: None, absDirection.WEST: (15, 20, 0, 30)}
mazeAsGraph[0][20][17] = {absDirection.NORTH: (17, 19, 0, 30), absDirection.EAST: None, absDirection.SOUTH: None, absDirection.WEST: (16, 20, 0, 30)}
mazeAsGraph[0][20][20] = {absDirection.NORTH: (20, 19, 0, 30), absDirection.EAST: None, absDirection.SOUTH: None, absDirection.WEST: None}
mazeAsGraph[1][15][19] = {absDirection.NORTH: None, absDirection.EAST: (20, 15, 1, 30), absDirection.SOUTH: (17, 17, 0, 60), absDirection.WEST: None}
mazeAsGraph[1][15][20] = {absDirection.NORTH: None, absDirection.EAST: (20, 15, 0, 60), absDirection.SOUTH: (20, 16, 1, 30), absDirection.WEST: (19, 15, 1, 30)}
2026-06-24 23:28:14,900 - mazeUtils.moveTile - [moveTile.py:79] - DEBUG - Moving to absDirection.EAST from (16, 20, 0) facing absDirection.SOUTH
2026-06-24 23:28:14,904 - mazeUtils.moveTile - [moveTile.py:79] - DEBUG - Turning to 270 deg, current heading: 180.39 deg, turnAngle: -89.61000000000001 deg
2026-06-24 23:28:14,930 - mazeUtils.moveTile - [moveTile.py:79] - DEBUG - gyro:180.36999999999998 deg, derivative: -0.020000000000010232, turnSpeed: -100
2026-06-24 23:28:14,956 - mazeUtils.moveTile - [moveTile.py:79] - DEBUG - gyro:180.48 deg, derivative: 0.11000000000001364, turnSpeed: -100
2026-06-24 23:28:14,980 - mazeUtils.moveTile - [moveTile.py:79] - DEBUG - gyro:180.73 deg, derivative: 0.25, turnSpeed: -100
2026-06-24 23:28:15,004 - mazeUtils.moveTile - [moveTile.py:79] - DEBUG - gyro:180.82999999999998 deg, derivative: 0.09999999999999432, turnSpeed: -100
2026-06-24 23:28:15,027 - mazeUtils.moveTile - [moveTile.py:79] - DEBUG - gyro:181.71999999999997 deg, derivative: 0.8899999999999864, turnSpeed: -100
2026-06-24 23:28:15,057 - mazeUtils.moveTile - [moveTile.py:79] - DEBUG - gyro:184.61999999999998 deg, derivative: 2.9000000000000057, turnSpeed: -100
2026-06-24 23:28:15,081 - mazeUtils.moveTile - [moveTile.py:79] - DEBUG - gyro:188.30999999999997 deg, derivative: 3.6899999999999977, turnSpeed: -100
2026-06-24 23:28:15,104 - mazeUtils.moveTile - [moveTile.py:79] - DEBUG - gyro:192.57999999999998 deg, derivative: 4.27000000000001, turnSpeed: -100
2026-06-24 23:28:15,127 - mazeUtils.moveTile - [moveTile.py:79] - DEBUG - gyro:195.89999999999998 deg, derivative: 3.319999999999993, turnSpeed: -100
2026-06-24 23:28:15,155 - mazeUtils.moveTile - [moveTile.py:79] - DEBUG - gyro:198.80999999999997 deg, derivative: 2.9099999999999966, turnSpeed: -100
2026-06-24 23:28:15,179 - mazeUtils.moveTile - [moveTile.py:79] - DEBUG - gyro:200.27999999999997 deg, derivative: 1.4699999999999989, turnSpeed: -100
2026-06-24 23:28:15,207 - mazeUtils.moveTile - [moveTile.py:79] - DEBUG - gyro:202.89 deg, derivative: 2.6100000000000136, turnSpeed: -100
2026-06-24 23:28:15,233 - mazeUtils.moveTile - [moveTile.py:79] - DEBUG - gyro:206.05999999999997 deg, derivative: 3.1699999999999875, turnSpeed: -100
2026-06-24 23:28:15,259 - mazeUtils.moveTile - [moveTile.py:79] - DEBUG - gyro:209.70999999999998 deg, derivative: 3.6500000000000057, turnSpeed: -100
2026-06-24 23:28:15,288 - mazeUtils.moveTile - [moveTile.py:79] - DEBUG - gyro:213.42999999999998 deg, derivative: 3.719999999999999, turnSpeed: -100
2026-06-24 23:28:15,315 - mazeUtils.moveTile - [moveTile.py:79] - DEBUG - gyro:217.64 deg, derivative: 4.210000000000008, turnSpeed: -100
2026-06-24 23:28:15,344 - mazeUtils.moveTile - [moveTile.py:79] - DEBUG - gyro:221.68999999999997 deg, derivative: 4.049999999999983, turnSpeed: -96.62000000000006
2026-06-24 23:28:15,371 - mazeUtils.moveTile - [moveTile.py:79] - DEBUG - gyro:226.68999999999997 deg, derivative: 5.0, turnSpeed: -86.62000000000006
2026-06-24 23:28:15,397 - mazeUtils.moveTile - [moveTile.py:79] - DEBUG - gyro:229.39999999999998 deg, derivative: 2.710000000000008, turnSpeed: -81.20000000000005
2026-06-24 23:28:15,424 - mazeUtils.moveTile - [moveTile.py:79] - DEBUG - gyro:233.32999999999998 deg, derivative: 3.930000000000007, turnSpeed: -73.34000000000003
2026-06-24 23:28:15,448 - mazeUtils.moveTile - [moveTile.py:79] - DEBUG - gyro:236.29999999999998 deg, derivative: 2.969999999999999, turnSpeed: -67.40000000000003
2026-06-24 23:28:15,472 - mazeUtils.moveTile - [moveTile.py:79] - DEBUG - gyro:239.23 deg, derivative: 2.930000000000007, turnSpeed: -61.54000000000002
2026-06-24 23:28:15,499 - mazeUtils.moveTile - [moveTile.py:79] - DEBUG - gyro:241.81999999999996 deg, derivative: 2.589999999999975, turnSpeed: -56.36000000000007
2026-06-24 23:28:15,530 - mazeUtils.moveTile - [moveTile.py:79] - DEBUG - gyro:243.98999999999998 deg, derivative: 2.170000000000016, turnSpeed: -52.02000000000004
2026-06-24 23:28:15,554 - mazeUtils.moveTile - [moveTile.py:79] - DEBUG - gyro:246.49999999999997 deg, derivative: 2.509999999999991, turnSpeed: -47.00000000000006
2026-06-24 23:28:15,579 - mazeUtils.moveTile - [moveTile.py:79] - DEBUG - gyro:248.71999999999997 deg, derivative: 2.219999999999999, turnSpeed: -42.56000000000006
2026-06-24 23:28:15,603 - mazeUtils.moveTile - [moveTile.py:79] - DEBUG - gyro:250.92 deg, derivative: 2.200000000000017, turnSpeed: -38.160000000000025
2026-06-24 23:28:15,626 - mazeUtils.moveTile - [moveTile.py:79] - DEBUG - gyro:252.60999999999999 deg, derivative: 1.6899999999999977, turnSpeed: -34.78000000000003
2026-06-24 23:28:15,655 - mazeUtils.moveTile - [moveTile.py:79] - DEBUG - gyro:254.01 deg, derivative: 1.4000000000000057, turnSpeed: -31.980000000000018
2026-06-24 23:28:15,682 - mazeUtils.moveTile - [moveTile.py:79] - DEBUG - gyro:255.56999999999996 deg, derivative: 1.5599999999999739, turnSpeed: -28.86000000000007
2026-06-24 23:28:15,706 - mazeUtils.moveTile - [moveTile.py:79] - DEBUG - gyro:256.75 deg, derivative: 1.1800000000000352, turnSpeed: -26.5
2026-06-24 23:28:15,739 - mazeUtils.moveTile - [moveTile.py:79] - DEBUG - gyro:257.94 deg, derivative: 1.1899999999999977, turnSpeed: -24.120000000000005
2026-06-24 23:28:15,765 - mazeUtils.moveTile - [moveTile.py:79] - DEBUG - gyro:259.17999999999995 deg, derivative: 1.2399999999999523, turnSpeed: -21.6400000000001
2026-06-24 23:28:15,792 - mazeUtils.moveTile - [moveTile.py:79] - DEBUG - gyro:260.31 deg, derivative: 1.1300000000000523, turnSpeed: -19.379999999999995
2026-06-24 23:28:15,819 - mazeUtils.moveTile - [moveTile.py:79] - DEBUG - gyro:261.5 deg, derivative: 1.1899999999999977, turnSpeed: -17.0
2026-06-24 23:28:15,841 - mazeUtils.moveTile - [moveTile.py:79] - DEBUG - gyro:262.27 deg, derivative: 0.7699999999999818, turnSpeed: -15.460000000000036
2026-06-24 23:28:15,866 - mazeUtils.moveTile - [moveTile.py:79] - DEBUG - gyro:262.87 deg, derivative: 0.6000000000000227, turnSpeed: -14.259999999999991
2026-06-24 23:28:15,892 - mazeUtils.moveTile - [moveTile.py:79] - DEBUG - gyro:263.47999999999996 deg, derivative: 0.6099999999999568, turnSpeed: -13.040000000000077
2026-06-24 23:28:15,920 - mazeUtils.moveTile - [moveTile.py:79] - DEBUG - gyro:263.78 deg, derivative: 0.30000000000001137, turnSpeed: -12.440000000000055
2026-06-24 23:28:15,947 - mazeUtils.moveTile - [moveTile.py:79] - DEBUG - gyro:264.14 deg, derivative: 0.36000000000001364, turnSpeed: -11.720000000000027
2026-06-24 23:28:15,970 - mazeUtils.moveTile - [moveTile.py:79] - DEBUG - gyro:264.38 deg, derivative: 0.2400000000000091, turnSpeed: -11.240000000000009
2026-06-24 23:28:15,993 - mazeUtils.moveTile - [moveTile.py:79] - DEBUG - gyro:264.53999999999996 deg, derivative: 0.15999999999996817, turnSpeed: -10.920000000000073
2026-06-24 23:28:16,016 - mazeUtils.moveTile - [moveTile.py:79] - DEBUG - gyro:264.82 deg, derivative: 0.28000000000002956, turnSpeed: -10.360000000000014
2026-06-24 23:28:16,038 - mazeUtils.moveTile - [moveTile.py:79] - DEBUG - gyro:265.06 deg, derivative: 0.2400000000000091, turnSpeed: -9.879999999999995
2026-06-24 23:28:16,067 - mazeUtils.moveTile - [moveTile.py:79] - DEBUG - gyro:265.38 deg, derivative: 0.3199999999999932, turnSpeed: -9.240000000000009
2026-06-24 23:28:16,090 - mazeUtils.moveTile - [moveTile.py:79] - DEBUG - gyro:265.77 deg, derivative: 0.38999999999998636, turnSpeed: -8.460000000000036
2026-06-24 23:28:16,113 - mazeUtils.moveTile - [moveTile.py:79] - DEBUG - gyro:266.09999999999997 deg, derivative: 0.3299999999999841, turnSpeed: -7.800000000000068
2026-06-24 23:28:16,141 - mazeUtils.moveTile - [moveTile.py:79] - DEBUG - gyro:266.34 deg, derivative: 0.2400000000000091, turnSpeed: -7.32000000000005
2026-06-24 23:28:16,164 - mazeUtils.moveTile - [moveTile.py:79] - DEBUG - gyro:266.65 deg, derivative: 0.3100000000000023, turnSpeed: -6.7000000000000455
2026-06-24 23:28:16,187 - mazeUtils.moveTile - [moveTile.py:79] - DEBUG - gyro:266.84999999999997 deg, derivative: 0.19999999999998863, turnSpeed: -6.300000000000068
2026-06-24 23:28:16,219 - mazeUtils.moveTile - [moveTile.py:79] - DEBUG - gyro:267.09999999999997 deg, derivative: 0.25, turnSpeed: -5.800000000000068
2026-06-24 23:28:16,242 - mazeUtils.moveTile - [moveTile.py:79] - DEBUG - gyro:267.34 deg, derivative: 0.2400000000000091, turnSpeed: -5.32000000000005
2026-06-24 23:28:16,266 - mazeUtils.moveTile - [moveTile.py:79] - DEBUG - gyro:267.5 deg, derivative: 0.160000000000025, turnSpeed: -5.0
2026-06-24 23:28:16,296 - mazeUtils.moveTile - [moveTile.py:79] - DEBUG - gyro:267.7 deg, derivative: 0.19999999999998863, turnSpeed: -4.600000000000023
2026-06-24 23:28:16,320 - mazeUtils.moveTile - [moveTile.py:79] - DEBUG - gyro:267.89 deg, derivative: 0.18999999999999773, turnSpeed: -4.220000000000027
2026-06-24 23:28:16,344 - mazeUtils.moveTile - [moveTile.py:79] - DEBUG - gyro:268.08 deg, derivative: 0.18999999999999773, turnSpeed: -3.840000000000032
2026-06-24 23:28:16,363 - mazeUtils.moveTile - [moveTile.py:79] - DEBUG - Turned to heading: 268.08 deg
2026-06-24 23:28:16,563 - mazeUtils.moveTile - [moveTile.py:1467] - DEBUG - Calculated target steps to next tile: 1 based on distance 30 cm
2026-06-24 23:28:16,569 - picamera2.picamera2 - [picamera2.py:1391] - DEBUG - Execute job: <picamera2.job.Job object at 0x7fabe98590>
2026-06-24 23:28:16,572 - mazeUtils.device.camera - [camera.py:39] - DEBUG - Average HSV: H=114.3, S=156.5, V=159.5
2026-06-24 23:28:16,613 - mazeUtils.moveTile - [moveTile.py:79] - DEBUG - roll: 359.58 deg, practicalMoveTime: 0.05029852028714978 sec
2026-06-24 23:28:16,614 - mazeUtils.moveTile - [moveTile.py:1763] - DEBUG - moveTile loop time: 48.9 ms
2026-06-24 23:28:16,620 - picamera2.picamera2 - [picamera2.py:1391] - DEBUG - Execute job: <picamera2.job.Job object at 0x7fa4c48450>
2026-06-24 23:28:16,623 - mazeUtils.device.camera - [camera.py:39] - DEBUG - Average HSV: H=114.5, S=155.1, V=157.9
2026-06-24 23:28:16,658 - mazeUtils.moveTile - [moveTile.py:79] - DEBUG - roll: 359.62 deg, practicalMoveTime: 0.09402192570789569 sec
2026-06-24 23:28:16,658 - mazeUtils.moveTile - [moveTile.py:1763] - DEBUG - moveTile loop time: 44.0 ms
2026-06-24 23:28:16,663 - picamera2.picamera2 - [picamera2.py:1391] - DEBUG - Execute job: <picamera2.job.Job object at 0x7fa4c4a350>
2026-06-24 23:28:16,667 - mazeUtils.device.camera - [camera.py:39] - DEBUG - Average HSV: H=114.4, S=153.7, V=159.1
2026-06-24 23:28:16,705 - mazeUtils.moveTile - [moveTile.py:79] - DEBUG - roll: 359.54 deg, practicalMoveTime: 0.14107021045577414 sec
2026-06-24 23:28:16,706 - mazeUtils.moveTile - [moveTile.py:1763] - DEBUG - moveTile loop time: 47.3 ms
2026-06-24 23:28:16,717 - picamera2.picamera2 - [picamera2.py:1391] - DEBUG - Execute job: <picamera2.job.Job object at 0x7f92cef750>
2026-06-24 23:28:16,720 - mazeUtils.device.camera - [camera.py:39] - DEBUG - Average HSV: H=114.1, S=155.6, V=163.9
2026-06-24 23:28:16,758 - mazeUtils.moveTile - [moveTile.py:79] - DEBUG - roll: 359.6 deg, practicalMoveTime: 0.19368052671251812 sec
2026-06-24 23:28:16,759 - mazeUtils.moveTile - [moveTile.py:1763] - DEBUG - moveTile loop time: 52.9 ms
2026-06-24 23:28:16,766 - picamera2.picamera2 - [picamera2.py:1391] - DEBUG - Execute job: <picamera2.job.Job object at 0x7f92cef750>
2026-06-24 23:28:16,769 - mazeUtils.device.camera - [camera.py:39] - DEBUG - Average HSV: H=114.7, S=150.1, V=161.3
2026-06-24 23:28:16,801 - mazeUtils.moveTile - [moveTile.py:79] - DEBUG - roll: 0.06999999999999318 deg, practicalMoveTime: 0.235925176324555 sec
2026-06-24 23:28:16,801 - mazeUtils.moveTile - [moveTile.py:1763] - DEBUG - moveTile loop time: 42.5 ms
2026-06-24 23:28:16,806 - picamera2.picamera2 - [picamera2.py:1391] - DEBUG - Execute job: <picamera2.job.Job object at 0x7f92cfc410>
2026-06-24 23:28:16,810 - mazeUtils.device.camera - [camera.py:39] - DEBUG - Average HSV: H=114.6, S=148.6, V=161.5
2026-06-24 23:28:16,848 - mazeUtils.moveTile - [moveTile.py:79] - DEBUG - roll: 359.7 deg, practicalMoveTime: 0.28209551159294066 sec
2026-06-24 23:28:16,848 - mazeUtils.moveTile - [moveTile.py:1763] - DEBUG - moveTile loop time: 46.4 ms
2026-06-24 23:28:16,853 - picamera2.picamera2 - [picamera2.py:1391] - DEBUG - Execute job: <picamera2.job.Job object at 0x7fb84d2090>
2026-06-24 23:28:16,856 - mazeUtils.device.camera - [camera.py:39] - DEBUG - Average HSV: H=114.3, S=150.2, V=164.1
2026-06-24 23:28:16,889 - mazeUtils.moveTile - [moveTile.py:79] - DEBUG - roll: 359.81 deg, practicalMoveTime: 0.32309153797624324 sec
2026-06-24 23:28:16,889 - mazeUtils.moveTile - [moveTile.py:1763] - DEBUG - moveTile loop time: 41.3 ms
2026-06-24 23:28:16,897 - picamera2.picamera2 - [picamera2.py:1391] - DEBUG - Execute job: <picamera2.job.Job object at 0x7fa4c49250>
2026-06-24 23:28:16,900 - mazeUtils.device.camera - [camera.py:39] - DEBUG - Average HSV: H=114.7, S=148.6, V=164.5
2026-06-24 23:28:16,933 - mazeUtils.moveTile - [moveTile.py:79] - DEBUG - roll: 0.09000000000003183 deg, practicalMoveTime: 0.36688173264502166 sec
2026-06-24 23:28:16,934 - mazeUtils.moveTile - [moveTile.py:1763] - DEBUG - moveTile loop time: 44.1 ms
2026-06-24 23:28:16,938 - picamera2.picamera2 - [picamera2.py:1391] - DEBUG - Execute job: <picamera2.job.Job object at 0x7fabe98590>
2026-06-24 23:28:16,941 - mazeUtils.device.camera - [camera.py:39] - DEBUG - Average HSV: H=114.1, S=152.1, V=166.0
2026-06-24 23:28:16,980 - mazeUtils.moveTile - [moveTile.py:79] - DEBUG - roll: 358.35 deg, practicalMoveTime: 0.4124632464736496 sec
2026-06-24 23:28:16,980 - mazeUtils.moveTile - [moveTile.py:1763] - DEBUG - moveTile loop time: 45.6 ms
2026-06-24 23:28:16,993 - picamera2.picamera2 - [picamera2.py:1391] - DEBUG - Execute job: <picamera2.job.Job object at 0x7f92cfc410>
2026-06-24 23:28:16,996 - mazeUtils.device.camera - [camera.py:39] - DEBUG - Average HSV: H=113.9, S=151.8, V=169.2
2026-06-24 23:28:17,028 - mazeUtils.moveTile - [moveTile.py:79] - DEBUG - roll: 359.89 deg, practicalMoveTime: 0.4603912264412681 sec
2026-06-24 23:28:17,029 - mazeUtils.moveTile - [moveTile.py:1763] - DEBUG - moveTile loop time: 48.3 ms
2026-06-24 23:28:17,034 - picamera2.picamera2 - [picamera2.py:1391] - DEBUG - Execute job: <picamera2.job.Job object at 0x7fa4c4bf50>
2026-06-24 23:28:17,037 - mazeUtils.device.camera - [camera.py:39] - DEBUG - Average HSV: H=113.2, S=162.3, V=168.5
2026-06-24 23:28:17,068 - mazeUtils.moveTile - [moveTile.py:79] - DEBUG - roll: 358.78000000000003 deg, practicalMoveTime: 0.5002127681112216 sec
2026-06-24 23:28:17,069 - mazeUtils.moveTile - [moveTile.py:1763] - DEBUG - moveTile loop time: 40.2 ms
2026-06-24 23:28:17,081 - picamera2.picamera2 - [picamera2.py:1391] - DEBUG - Execute job: <picamera2.job.Job object at 0x7fa4c48450>
2026-06-24 23:28:17,083 - mazeUtils.device.camera - [camera.py:39] - DEBUG - Average HSV: H=113.0, S=171.7, V=163.8
2026-06-24 23:28:17,114 - mazeUtils.moveTile - [moveTile.py:79] - DEBUG - roll: 359.74 deg, practicalMoveTime: 0.5450378346743827 sec
2026-06-24 23:28:17,114 - mazeUtils.moveTile - [moveTile.py:1763] - DEBUG - moveTile loop time: 45.0 ms
2026-06-24 23:28:17,125 - picamera2.picamera2 - [picamera2.py:1391] - DEBUG - Execute job: <picamera2.job.Job object at 0x7fa4c4a350>
2026-06-24 23:28:17,128 - mazeUtils.device.camera - [camera.py:39] - DEBUG - Average HSV: H=113.8, S=148.6, V=173.9
2026-06-24 23:28:17,165 - mazeUtils.moveTile - [moveTile.py:79] - DEBUG - roll: 359.86 deg, practicalMoveTime: 0.5956533496855132 sec
2026-06-24 23:28:17,166 - mazeUtils.moveTile - [moveTile.py:1763] - DEBUG - moveTile loop time: 51.0 ms
2026-06-24 23:28:17,171 - picamera2.picamera2 - [picamera2.py:1391] - DEBUG - Execute job: <picamera2.job.Job object at 0x7fa4c4bf50>
2026-06-24 23:28:17,174 - mazeUtils.device.camera - [camera.py:39] - DEBUG - Average HSV: H=114.3, S=106.7, V=204.0
2026-06-24 23:28:17,214 - mazeUtils.moveTile - [moveTile.py:79] - DEBUG - roll: 359.05 deg, practicalMoveTime: 0.6438156450002563 sec
2026-06-24 23:28:17,214 - mazeUtils.moveTile - [moveTile.py:1763] - DEBUG - moveTile loop time: 48.4 ms
2026-06-24 23:28:17,225 - picamera2.picamera2 - [picamera2.py:1391] - DEBUG - Execute job: <picamera2.job.Job object at 0x7f92cfc410>
2026-06-24 23:28:17,228 - mazeUtils.device.camera - [camera.py:39] - DEBUG - Average HSV: H=113.4, S=105.7, V=210.6
2026-06-24 23:28:17,262 - mazeUtils.moveTile - [moveTile.py:79] - DEBUG - roll: 0.28000000000002956 deg, practicalMoveTime: 0.691845747170507 sec
2026-06-24 23:28:17,263 - mazeUtils.moveTile - [moveTile.py:1763] - DEBUG - moveTile loop time: 48.0 ms
2026-06-24 23:28:17,273 - picamera2.picamera2 - [picamera2.py:1391] - DEBUG - Execute job: <picamera2.job.Job object at 0x7f92cedf90>
2026-06-24 23:28:17,276 - mazeUtils.device.camera - [camera.py:39] - DEBUG - Average HSV: H=111.0, S=158.7, V=209.8
2026-06-24 23:28:17,310 - mazeUtils.moveTile - [moveTile.py:79] - DEBUG - roll: 359.02 deg, practicalMoveTime: 0.7388127510874112 sec
2026-06-24 23:28:17,310 - mazeUtils.moveTile - [moveTile.py:1763] - DEBUG - moveTile loop time: 47.2 ms
2026-06-24 23:28:17,316 - picamera2.picamera2 - [picamera2.py:1391] - DEBUG - Execute job: <picamera2.job.Job object at 0x7f92cefe10>
2026-06-24 23:28:17,319 - mazeUtils.device.camera - [camera.py:39] - DEBUG - Average HSV: H=111.2, S=142.7, V=216.4
2026-06-24 23:28:17,353 - mazeUtils.moveTile - [moveTile.py:79] - DEBUG - roll: 359.71 deg, practicalMoveTime: 0.781690441306596 sec
2026-06-24 23:28:17,354 - mazeUtils.moveTile - [moveTile.py:1763] - DEBUG - moveTile loop time: 43.1 ms
2026-06-24 23:28:17,364 - picamera2.picamera2 - [picamera2.py:1391] - DEBUG - Execute job: <picamera2.job.Job object at 0x7fa4c48450>
2026-06-24 23:28:17,367 - mazeUtils.device.camera - [camera.py:39] - DEBUG - Average HSV: H=114.5, S=126.9, V=200.2
2026-06-24 23:28:17,402 - mazeUtils.moveTile - [moveTile.py:79] - DEBUG - roll: 359.77 deg, practicalMoveTime: 0.8301998509579744 sec
2026-06-24 23:28:17,403 - mazeUtils.moveTile - [moveTile.py:1763] - DEBUG - moveTile loop time: 49.2 ms
2026-06-24 23:28:17,408 - picamera2.picamera2 - [picamera2.py:1391] - DEBUG - Execute job: <picamera2.job.Job object at 0x7fabe98590>
2026-06-24 23:28:17,411 - mazeUtils.device.camera - [camera.py:39] - DEBUG - Average HSV: H=115.1, S=137.3, V=196.0
2026-06-24 23:28:17,445 - mazeUtils.moveTile - [moveTile.py:1636] - INFO - practicalVerticalMove: -0.2225823254352786 CM
2026-06-24 23:28:17,488 - mazeUtils.moveTile - [moveTile.py:79] - DEBUG - Little forward to adjust position
2026-06-24 23:28:17,700 - mazeUtils.moveTile - [moveTile.py:552] - DEBUG - Direction: absDirection.NORTH, Angle: 90, Distance: 165.57177684010418 cm
2026-06-24 23:28:17,701 - mazeUtils.moveTile - [moveTile.py:552] - DEBUG - Direction: absDirection.EAST, Angle: 0, Distance: 11.36337891033687 cm
2026-06-24 23:28:17,702 - mazeUtils.moveTile - [moveTile.py:552] - DEBUG - Direction: absDirection.SOUTH, Angle: 270, Distance: 17.763562449033085 cm
2026-06-24 23:28:17,703 - mazeUtils.moveTile - [moveTile.py:552] - DEBUG - Direction: absDirection.WEST, Angle: 180, Distance: 84.71661580476562 cm
2026-06-24 23:28:17,705 - mazeUtils.moveTile - [moveTile.py:2119] - INFO - Tile color detection, decided tile type: E
2026-06-24 23:28:17,779 - __main__ - [main.py:105] - INFO - Current position: (17, 20, 0), front direction: absDirection.EAST
Layer 0 (altitude=0.0cm, offset=(0.0cm, 0.0cm)):
Known map area: x=15..20, y=15..20
+   +   +   +   +   +---+
  U   U   U   U   U   E |
+   +   +   +   +   +   +
  U   U   U   U   U   E |
+   +   +   +   +   +   +
  U   U   E   U   U | E |
+   +   +   +   +   +   +
  U   U   E   U   U | E |
+---+---+   +   +   +   +
| E   E | E   U   U   E |
+   +   +   +   +   +   +
| E   E   @ | U   U | S |
+---+---+---+   +   +---+
Layer 1 (altitude=15.0cm, offset=(-60.0cm, 0.0cm)):
Known map area: x=19..20, y=15..15
+---+---+
| E   E  
+   +   +
mazeAsGraph[0][15][20] = {absDirection.NORTH: None, absDirection.EAST: None, absDirection.SOUTH: (20, 16, 0, 30), absDirection.WEST: (20, 15, 1, 60)}
mazeAsGraph[0][16][20] = {absDirection.NORTH: (20, 15, 0, 30), absDirection.EAST: None, absDirection.SOUTH: (20, 17, 0, 30), absDirection.WEST: (19, 16, 0, 30)}
mazeAsGraph[0][17][17] = {absDirection.NORTH: (19, 15, 1, 60), absDirection.EAST: (18, 17, 0, 30), absDirection.SOUTH: (17, 18, 0, 30), absDirection.WEST: (16, 17, 0, 30)}
mazeAsGraph[0][17][20] = {absDirection.NORTH: (20, 16, 0, 30), absDirection.EAST: None, absDirection.SOUTH: (20, 18, 0, 30), absDirection.WEST: None}
mazeAsGraph[0][18][17] = {absDirection.NORTH: (17, 17, 0, 30), absDirection.EAST: (18, 18, 0, 30), absDirection.SOUTH: (17, 19, 0, 30), absDirection.WEST: (16, 18, 0, 30)}
mazeAsGraph[0][18][20] = {absDirection.NORTH: (20, 17, 0, 30), absDirection.EAST: None, absDirection.SOUTH: (20, 19, 0, 30), absDirection.WEST: None}
mazeAsGraph[0][19][15] = {absDirection.NORTH: None, absDirection.EAST: (16, 19, 0, 30), absDirection.SOUTH: (15, 20, 0, 30), absDirection.WEST: None}
mazeAsGraph[0][19][16] = {absDirection.NORTH: None, absDirection.EAST: None, absDirection.SOUTH: (16, 20, 0, 30), absDirection.WEST: (15, 19, 0, 30)}
mazeAsGraph[0][19][17] = {absDirection.NORTH: (17, 18, 0, 30), absDirection.EAST: (18, 19, 0, 30), absDirection.SOUTH: (17, 20, 0, 30), absDirection.WEST: None}
mazeAsGraph[0][19][20] = {absDirection.NORTH: (20, 18, 0, 30), absDirection.EAST: None, absDirection.SOUTH: (20, 20, 0, 30), absDirection.WEST: (19, 19, 0, 30)}
mazeAsGraph[0][20][15] = {absDirection.NORTH: (15, 19, 0, 30), absDirection.EAST: (16, 20, 0, 30), absDirection.SOUTH: None, absDirection.WEST: None}
mazeAsGraph[0][20][16] = {absDirection.NORTH: (16, 19, 0, 30), absDirection.EAST: (17, 20, 0, 30), absDirection.SOUTH: None, absDirection.WEST: (15, 20, 0, 30)}
mazeAsGraph[0][20][17] = {absDirection.NORTH: (17, 19, 0, 30), absDirection.EAST: None, absDirection.SOUTH: None, absDirection.WEST: (16, 20, 0, 30)}
mazeAsGraph[0][20][20] = {absDirection.NORTH: (20, 19, 0, 30), absDirection.EAST: None, absDirection.SOUTH: None, absDirection.WEST: None}
mazeAsGraph[1][15][19] = {absDirection.NORTH: None, absDirection.EAST: (20, 15, 1, 30), absDirection.SOUTH: (17, 17, 0, 60), absDirection.WEST: None}
mazeAsGraph[1][15][20] = {absDirection.NORTH: None, absDirection.EAST: (20, 15, 0, 60), absDirection.SOUTH: (20, 16, 1, 30), absDirection.WEST: (19, 15, 1, 30)}
2026-06-24 23:28:17,796 - mazeUtils.moveTile - [moveTile.py:79] - DEBUG - Moving to absDirection.NORTH from (17, 20, 0) facing absDirection.EAST
2026-06-24 23:28:17,824 - mazeUtils.moveTile - [moveTile.py:79] - DEBUG - current heading: 268.09999999999997 target: 0
2026-06-24 23:28:18,951 - mazeUtils.moveTile - [moveTile.py:426] - DEBUG - stopped turning at heading: 355.27, diff: 4.730000000000018
2026-06-24 23:28:19,006 - mazeUtils.moveTile - [moveTile.py:79] - DEBUG - Turned to heading: 0.029999999999972715 deg
2026-06-24 23:28:19,177 - mazeUtils.moveTile - [moveTile.py:79] - DEBUG - Little backward to adjust position
2026-06-24 23:28:19,754 - mazeUtils.moveTile - [moveTile.py:1467] - DEBUG - Calculated target steps to next tile: 1 based on distance 30 cm
2026-06-24 23:28:19,759 - picamera2.picamera2 - [picamera2.py:1391] - DEBUG - Execute job: <picamera2.job.Job object at 0x7f92c57550>
2026-06-24 23:28:19,763 - mazeUtils.device.camera - [camera.py:39] - DEBUG - Average HSV: H=114.1, S=164.3, V=178.3
2026-06-24 23:28:19,801 - mazeUtils.moveTile - [moveTile.py:79] - DEBUG - roll: 2.509999999999991 deg, practicalMoveTime: 0.04745337036050327 sec
2026-06-24 23:28:19,802 - mazeUtils.moveTile - [moveTile.py:1763] - DEBUG - moveTile loop time: 47.2 ms
2026-06-24 23:28:19,809 - picamera2.picamera2 - [picamera2.py:1391] - DEBUG - Execute job: <picamera2.job.Job object at 0x7fabe98590>
2026-06-24 23:28:19,812 - mazeUtils.device.camera - [camera.py:39] - DEBUG - Average HSV: H=114.6, S=161.9, V=174.8
2026-06-24 23:28:19,845 - mazeUtils.moveTile - [moveTile.py:79] - DEBUG - roll: 1.2300000000000182 deg, practicalMoveTime: 0.09029022868644793 sec
2026-06-24 23:28:19,845 - mazeUtils.moveTile - [moveTile.py:1763] - DEBUG - moveTile loop time: 43.1 ms
2026-06-24 23:28:19,852 - picamera2.picamera2 - [picamera2.py:1391] - DEBUG - Execute job: <picamera2.job.Job object at 0x7fabd78350>
2026-06-24 23:28:19,856 - mazeUtils.device.camera - [camera.py:39] - DEBUG - Average HSV: H=113.9, S=164.5, V=180.2
2026-06-24 23:28:19,893 - mazeUtils.moveTile - [moveTile.py:79] - DEBUG - roll: 1.9599999999999795 deg, practicalMoveTime: 0.13855288438434857 sec
2026-06-24 23:28:19,894 - mazeUtils.moveTile - [moveTile.py:1763] - DEBUG - moveTile loop time: 48.8 ms
2026-06-24 23:28:19,900 - picamera2.picamera2 - [picamera2.py:1391] - DEBUG - Execute job: <picamera2.job.Job object at 0x7fabd78350>
2026-06-24 23:28:19,904 - mazeUtils.device.camera - [camera.py:39] - DEBUG - Average HSV: H=113.6, S=166.6, V=182.1
2026-06-24 23:28:19,938 - mazeUtils.moveTile - [moveTile.py:79] - DEBUG - roll: 0.5900000000000318 deg, practicalMoveTime: 0.18230527433450514 sec
2026-06-24 23:28:19,938 - mazeUtils.moveTile - [moveTile.py:1763] - DEBUG - moveTile loop time: 43.9 ms
2026-06-24 23:28:19,943 - picamera2.picamera2 - [picamera2.py:1391] - DEBUG - Execute job: <picamera2.job.Job object at 0x7fac361090>
2026-06-24 23:28:19,947 - mazeUtils.device.camera - [camera.py:39] - DEBUG - Average HSV: H=113.6, S=167.3, V=181.5
2026-06-24 23:28:19,979 - mazeUtils.moveTile - [moveTile.py:79] - DEBUG - roll: 0.7099999999999795 deg, practicalMoveTime: 0.2231023262817699 sec
2026-06-24 23:28:19,980 - mazeUtils.moveTile - [moveTile.py:1763] - DEBUG - moveTile loop time: 41.1 ms
2026-06-24 23:28:19,985 - picamera2.picamera2 - [picamera2.py:1391] - DEBUG - Execute job: <picamera2.job.Job object at 0x7f88347b10>
2026-06-24 23:28:19,988 - mazeUtils.device.camera - [camera.py:39] - DEBUG - Average HSV: H=113.3, S=177.2, V=189.1
2026-06-24 23:28:20,025 - mazeUtils.moveTile - [moveTile.py:79] - DEBUG - roll: 2.579999999999984 deg, practicalMoveTime: 0.26884038230033686 sec
2026-06-24 23:28:20,026 - mazeUtils.moveTile - [moveTile.py:1763] - DEBUG - moveTile loop time: 46.0 ms
2026-06-24 23:28:20,034 - picamera2.picamera2 - [picamera2.py:1391] - DEBUG - Execute job: <picamera2.job.Job object at 0x7f92c57550>
2026-06-24 23:28:20,037 - mazeUtils.device.camera - [camera.py:39] - DEBUG - Average HSV: H=113.3, S=180.8, V=192.0
2026-06-24 23:28:20,072 - mazeUtils.moveTile - [moveTile.py:79] - DEBUG - roll: 358.97 deg, practicalMoveTime: 0.31512350461805816 sec
2026-06-24 23:28:20,073 - mazeUtils.moveTile - [moveTile.py:1763] - DEBUG - moveTile loop time: 46.8 ms
2026-06-24 23:28:20,080 - picamera2.picamera2 - [picamera2.py:1391] - DEBUG - Execute job: <picamera2.job.Job object at 0x7fabd78350>
2026-06-24 23:28:20,084 - mazeUtils.device.camera - [camera.py:39] - DEBUG - Average HSV: H=111.7, S=188.5, V=202.2
2026-06-24 23:28:20,118 - mazeUtils.moveTile - [moveTile.py:79] - DEBUG - roll: 359.73 deg, practicalMoveTime: 0.3604475468199911 sec
2026-06-24 23:28:20,119 - mazeUtils.moveTile - [moveTile.py:1763] - DEBUG - moveTile loop time: 45.5 ms
2026-06-24 23:28:20,124 - picamera2.picamera2 - [picamera2.py:1391] - DEBUG - Execute job: <picamera2.job.Job object at 0x7f93cc6cd0>
2026-06-24 23:28:20,127 - mazeUtils.device.camera - [camera.py:39] - DEBUG - Average HSV: H=113.0, S=181.7, V=195.4
2026-06-24 23:28:20,165 - mazeUtils.moveTile - [moveTile.py:79] - DEBUG - roll: 359.51 deg, practicalMoveTime: 0.4069164015834737 sec
2026-06-24 23:28:20,166 - mazeUtils.moveTile - [moveTile.py:1763] - DEBUG - moveTile loop time: 46.7 ms
2026-06-24 23:28:20,177 - picamera2.picamera2 - [picamera2.py:1391] - DEBUG - Execute job: <picamera2.job.Job object at 0x7f88347b10>
2026-06-24 23:28:20,180 - mazeUtils.device.camera - [camera.py:39] - DEBUG - Average HSV: H=111.9, S=189.8, V=203.3
2026-06-24 23:28:20,219 - mazeUtils.moveTile - [moveTile.py:79] - DEBUG - roll: 356.47 deg, practicalMoveTime: 0.45987640818931347 sec
2026-06-24 23:28:20,219 - mazeUtils.moveTile - [moveTile.py:1763] - DEBUG - moveTile loop time: 53.3 ms
2026-06-24 23:28:20,233 - picamera2.picamera2 - [picamera2.py:1391] - DEBUG - Execute job: <picamera2.job.Job object at 0x7f92c57550>
2026-06-24 23:28:20,236 - mazeUtils.device.camera - [camera.py:39] - DEBUG - Average HSV: H=112.3, S=184.5, V=198.0
2026-06-24 23:28:20,274 - mazeUtils.moveTile - [moveTile.py:79] - DEBUG - roll: 355.88 deg, practicalMoveTime: 0.5141354974654198 sec
2026-06-24 23:28:20,274 - mazeUtils.moveTile - [moveTile.py:1763] - DEBUG - moveTile loop time: 54.6 ms
2026-06-24 23:28:20,279 - picamera2.picamera2 - [picamera2.py:1391] - DEBUG - Execute job: <picamera2.job.Job object at 0x7fabe98590>
2026-06-24 23:28:20,282 - mazeUtils.device.camera - [camera.py:39] - DEBUG - Average HSV: H=112.0, S=186.2, V=199.5
2026-06-24 23:28:20,314 - mazeUtils.moveTile - [moveTile.py:79] - DEBUG - roll: 357.27 deg, practicalMoveTime: 0.5539485114082978 sec
2026-06-24 23:28:20,314 - mazeUtils.moveTile - [moveTile.py:1763] - DEBUG - moveTile loop time: 40.0 ms
2026-06-24 23:28:20,326 - picamera2.picamera2 - [picamera2.py:1391] - DEBUG - Execute job: <picamera2.job.Job object at 0x7fa4c6aa50>
2026-06-24 23:28:20,329 - mazeUtils.device.camera - [camera.py:39] - DEBUG - Average HSV: H=113.6, S=172.5, V=185.3
2026-06-24 23:28:20,366 - mazeUtils.moveTile - [moveTile.py:79] - DEBUG - roll: 356.89 deg, practicalMoveTime: 0.6052899974500006 sec
2026-06-24 23:28:20,366 - mazeUtils.moveTile - [moveTile.py:1763] - DEBUG - moveTile loop time: 51.6 ms
2026-06-24 23:28:20,371 - picamera2.picamera2 - [picamera2.py:1391] - DEBUG - Execute job: <picamera2.job.Job object at 0x7f93cc6cd0>
2026-06-24 23:28:20,375 - mazeUtils.device.camera - [camera.py:39] - DEBUG - Average HSV: H=112.9, S=176.8, V=189.4
2026-06-24 23:28:20,409 - mazeUtils.moveTile - [moveTile.py:79] - DEBUG - roll: 357.24 deg, practicalMoveTime: 0.6481520785290577 sec
2026-06-24 23:28:20,410 - mazeUtils.moveTile - [moveTile.py:1763] - DEBUG - moveTile loop time: 43.2 ms
2026-06-24 23:28:20,415 - picamera2.picamera2 - [picamera2.py:1391] - DEBUG - Execute job: <picamera2.job.Job object at 0x7f93cc6cd0>
2026-06-24 23:28:20,418 - mazeUtils.device.camera - [camera.py:39] - DEBUG - Average HSV: H=113.2, S=175.7, V=186.0
2026-06-24 23:28:20,451 - mazeUtils.moveTile - [moveTile.py:79] - DEBUG - roll: 358.69 deg, practicalMoveTime: 0.6894605990283101 sec
2026-06-24 23:28:20,451 - mazeUtils.moveTile - [moveTile.py:1763] - DEBUG - moveTile loop time: 41.5 ms
2026-06-24 23:28:20,456 - picamera2.picamera2 - [picamera2.py:1391] - DEBUG - Execute job: <picamera2.job.Job object at 0x7fac361090>
2026-06-24 23:28:20,459 - mazeUtils.device.camera - [camera.py:39] - DEBUG - Average HSV: H=113.8, S=169.5, V=182.4
2026-06-24 23:28:20,494 - mazeUtils.moveTile - [moveTile.py:79] - DEBUG - roll: 359.63 deg, practicalMoveTime: 0.7316471716944511 sec
2026-06-24 23:28:20,494 - mazeUtils.moveTile - [moveTile.py:1763] - DEBUG - moveTile loop time: 42.4 ms
2026-06-24 23:28:20,504 - picamera2.picamera2 - [picamera2.py:1391] - DEBUG - Execute job: <picamera2.job.Job object at 0x7fac361090>
2026-06-24 23:28:20,508 - mazeUtils.device.camera - [camera.py:39] - DEBUG - Average HSV: H=114.0, S=156.5, V=179.6
2026-06-24 23:28:20,549 - mazeUtils.moveTile - [moveTile.py:79] - DEBUG - roll: 359.29 deg, practicalMoveTime: 0.7863017438526703 sec
2026-06-24 23:28:20,549 - mazeUtils.moveTile - [moveTile.py:1763] - DEBUG - moveTile loop time: 54.9 ms
2026-06-24 23:28:20,554 - picamera2.picamera2 - [picamera2.py:1391] - DEBUG - Execute job: <picamera2.job.Job object at 0x7fa4c6aa50>
2026-06-24 23:28:20,557 - mazeUtils.device.camera - [camera.py:39] - DEBUG - Average HSV: H=115.8, S=118.7, V=189.8
2026-06-24 23:28:20,590 - mazeUtils.moveTile - [moveTile.py:79] - DEBUG - roll: 0.4900000000000091 deg, practicalMoveTime: 0.8272143669277405 sec
2026-06-24 23:28:20,591 - mazeUtils.moveTile - [moveTile.py:1763] - DEBUG - moveTile loop time: 41.2 ms
2026-06-24 23:28:20,601 - picamera2.picamera2 - [picamera2.py:1391] - DEBUG - Execute job: <picamera2.job.Job object at 0x7f92c57550>
2026-06-24 23:28:20,604 - mazeUtils.device.camera - [camera.py:39] - DEBUG - Average HSV: H=118.5, S=72.8, V=206.4
2026-06-24 23:28:20,640 - mazeUtils.moveTile - [moveTile.py:1636] - INFO - practicalVerticalMove: -0.19764491101622741 CM
2026-06-24 23:28:20,835 - mazeUtils.moveTile - [moveTile.py:552] - DEBUG - Direction: absDirection.NORTH, Angle: 0, Distance: 135.3767464343433 cm
2026-06-24 23:28:20,836 - mazeUtils.moveTile - [moveTile.py:552] - DEBUG - Direction: absDirection.EAST, Angle: 270, Distance: 105.61888354631412 cm
2026-06-24 23:28:20,837 - mazeUtils.moveTile - [moveTile.py:552] - DEBUG - Direction: absDirection.SOUTH, Angle: 180, Distance: 50.16520915537883 cm
2026-06-24 23:28:20,838 - mazeUtils.moveTile - [moveTile.py:552] - DEBUG - Direction: absDirection.WEST, Angle: 90, Distance: 16.842337838692302 cm
2026-06-24 23:28:20,838 - mazeUtils.moveTile - [moveTile.py:598] - WARNING - Inconsistent wall detection at absDirection.WEST: distance=16.842337838692302 cm, map wall type=wallType.NO_WALL
2026-06-24 23:28:21,395 - mazeUtils.moveTile - [moveTile.py:552] - DEBUG - Direction: absDirection.NORTH, Angle: 0, Distance: 133.60538587871486 cm
2026-06-24 23:28:21,395 - mazeUtils.moveTile - [moveTile.py:574] - DEBUG - Front LiDAR distance: 133.60538587871486 cm, TSD10 distance: 78.3 cm
2026-06-24 23:28:21,396 - mazeUtils.moveTile - [moveTile.py:552] - DEBUG - Direction: absDirection.EAST, Angle: 270, Distance: 105.86535588878307 cm
2026-06-24 23:28:21,397 - mazeUtils.moveTile - [moveTile.py:552] - DEBUG - Direction: absDirection.SOUTH, Angle: 180, Distance: 50.922004524515565 cm
2026-06-24 23:28:21,398 - mazeUtils.moveTile - [moveTile.py:552] - DEBUG - Direction: absDirection.WEST, Angle: 90, Distance: 16.783548106706913 cm
2026-06-24 23:28:21,399 - mazeUtils.moveTile - [moveTile.py:1988] - WARNING - Wall detection error, resetting internal map data
2026-06-24 23:28:21,410 - __main__ - [main.py:103] - WARNING - Map data reset due to wall detection error.
2026-06-24 23:28:21,411 - mazeUtils.mazeMap - [mazeMap.py:61] - INFO - next goal: (17, 18, 0)
2026-06-24 23:28:21,423 - mazeUtils.moveTile - [moveTile.py:79] - DEBUG - Moving to absDirection.NORTH from (17, 19, 0) facing absDirection.NORTH
2026-06-24 23:28:21,448 - mazeUtils.moveTile - [moveTile.py:79] - DEBUG - current heading: 1.5399999999999636 target: 0
2026-06-24 23:28:21,469 - mazeUtils.moveTile - [moveTile.py:426] - DEBUG - stopped turning at heading: 1.5399999999999636, diff: 1.5399999999999636
2026-06-24 23:28:21,514 - mazeUtils.moveTile - [moveTile.py:79] - DEBUG - Turned to heading: 1.6099999999999568 deg
2026-06-24 23:28:21,761 - picamera2.picamera2 - [picamera2.py:1391] - DEBUG - Execute job: <picamera2.job.Job object at 0x7f88c86a90>
2026-06-24 23:28:21,765 - mazeUtils.device.camera - [camera.py:39] - DEBUG - Average HSV: H=119.6, S=51.2, V=223.1
2026-06-24 23:28:21,799 - mazeUtils.moveTile - [moveTile.py:79] - DEBUG - roll: 0.8000000000000114 deg, practicalMoveTime: 0.04521472814097451 sec
2026-06-24 23:28:21,799 - mazeUtils.moveTile - [moveTile.py:1763] - DEBUG - moveTile loop time: 45.0 ms
2026-06-24 23:28:21,808 - picamera2.picamera2 - [picamera2.py:1391] - DEBUG - Execute job: <picamera2.job.Job object at 0x7f88c05b10>
2026-06-24 23:28:21,811 - mazeUtils.device.camera - [camera.py:39] - DEBUG - Average HSV: H=120.2, S=50.0, V=222.2
2026-06-24 23:28:21,846 - mazeUtils.moveTile - [moveTile.py:79] - DEBUG - roll: 0.6499999999999773 deg, practicalMoveTime: 0.09124672181562526 sec
2026-06-24 23:28:21,846 - mazeUtils.moveTile - [moveTile.py:1763] - DEBUG - moveTile loop time: 46.3 ms
2026-06-24 23:28:21,851 - picamera2.picamera2 - [picamera2.py:1391] - DEBUG - Execute job: <picamera2.job.Job object at 0x7f88c86a90>
2026-06-24 23:28:21,854 - mazeUtils.device.camera - [camera.py:39] - DEBUG - Average HSV: H=120.1, S=51.2, V=223.0
2026-06-24 23:28:21,893 - mazeUtils.moveTile - [moveTile.py:79] - DEBUG - roll: 0.5699999999999932 deg, practicalMoveTime: 0.13770932309477257 sec
2026-06-24 23:28:21,893 - mazeUtils.moveTile - [moveTile.py:1763] - DEBUG - moveTile loop time: 46.8 ms
2026-06-24 23:28:21,898 - picamera2.picamera2 - [picamera2.py:1391] - DEBUG - Execute job: <picamera2.job.Job object at 0x7fa4c5e450>
2026-06-24 23:28:21,901 - mazeUtils.device.camera - [camera.py:39] - DEBUG - Average HSV: H=127.7, S=40.4, V=214.7
2026-06-24 23:28:21,935 - mazeUtils.moveTile - [moveTile.py:79] - DEBUG - roll: 1.670000000000016 deg, practicalMoveTime: 0.17973343903685424 sec
2026-06-24 23:28:21,935 - mazeUtils.moveTile - [moveTile.py:1763] - DEBUG - moveTile loop time: 42.3 ms
2026-06-24 23:28:21,941 - picamera2.picamera2 - [picamera2.py:1391] - DEBUG - Execute job: <picamera2.job.Job object at 0x7f92c57550>
2026-06-24 23:28:21,944 - mazeUtils.device.camera - [camera.py:39] - DEBUG - Average HSV: H=133.6, S=21.4, V=232.0
2026-06-24 23:28:21,978 - mazeUtils.moveTile - [moveTile.py:79] - DEBUG - roll: 1.829999999999984 deg, practicalMoveTime: 0.22176898061162123 sec
2026-06-24 23:28:21,978 - mazeUtils.moveTile - [moveTile.py:1763] - DEBUG - moveTile loop time: 42.3 ms
2026-06-24 23:28:21,988 - picamera2.picamera2 - [picamera2.py:1391] - DEBUG - Execute job: <picamera2.job.Job object at 0x7f887828d0>
2026-06-24 23:28:21,992 - mazeUtils.device.camera - [camera.py:39] - DEBUG - Average HSV: H=131.5, S=22.5, V=233.6
2026-06-24 23:28:22,027 - mazeUtils.moveTile - [moveTile.py:79] - DEBUG - roll: 0.040000000000020464 deg, practicalMoveTime: 0.27022118210723367 sec
2026-06-24 23:28:22,027 - mazeUtils.moveTile - [moveTile.py:1763] - DEBUG - moveTile loop time: 48.7 ms
2026-06-24 23:28:22,032 - picamera2.picamera2 - [picamera2.py:1391] - DEBUG - Execute job: <picamera2.job.Job object at 0x7f76264910>
2026-06-24 23:28:22,035 - mazeUtils.device.camera - [camera.py:39] - DEBUG - Average HSV: H=130.6, S=23.2, V=232.9
2026-06-24 23:28:22,069 - mazeUtils.moveTile - [moveTile.py:79] - DEBUG - roll: 0.8799999999999955 deg, practicalMoveTime: 0.31252260565153517 sec
2026-06-24 23:28:22,070 - mazeUtils.moveTile - [moveTile.py:1763] - DEBUG - moveTile loop time: 42.6 ms
2026-06-24 23:28:22,075 - picamera2.picamera2 - [picamera2.py:1391] - DEBUG - Execute job: <picamera2.job.Job object at 0x7fa4c5e450>
2026-06-24 23:28:22,078 - mazeUtils.device.camera - [camera.py:39] - DEBUG - Average HSV: H=133.5, S=22.3, V=228.9
2026-06-24 23:28:22,115 - mazeUtils.moveTile - [moveTile.py:79] - DEBUG - roll: 1.0 deg, practicalMoveTime: 0.35769350693280066 sec
2026-06-24 23:28:22,116 - mazeUtils.moveTile - [moveTile.py:1763] - DEBUG - moveTile loop time: 45.6 ms
2026-06-24 23:28:22,122 - picamera2.picamera2 - [picamera2.py:1391] - DEBUG - Execute job: <picamera2.job.Job object at 0x7f76264910>
2026-06-24 23:28:22,125 - mazeUtils.device.camera - [camera.py:39] - DEBUG - Average HSV: H=131.6, S=22.5, V=231.2
2026-06-24 23:28:22,164 - mazeUtils.moveTile - [moveTile.py:79] - DEBUG - roll: 358.57 deg, practicalMoveTime: 0.4055404195491057 sec
2026-06-24 23:28:22,164 - mazeUtils.moveTile - [moveTile.py:1763] - DEBUG - moveTile loop time: 48.2 ms
2026-06-24 23:28:22,170 - picamera2.picamera2 - [picamera2.py:1391] - DEBUG - Execute job: <picamera2.job.Job object at 0x7f887828d0>
2026-06-24 23:28:22,174 - mazeUtils.device.camera - [camera.py:39] - DEBUG - Average HSV: H=132.4, S=22.3, V=227.6
2026-06-24 23:28:22,207 - mazeUtils.moveTile - [moveTile.py:79] - DEBUG - roll: 359.02 deg, practicalMoveTime: 0.44811522662260633 sec
2026-06-24 23:28:22,207 - mazeUtils.moveTile - [moveTile.py:1763] - DEBUG - moveTile loop time: 42.8 ms
2026-06-24 23:28:22,212 - picamera2.picamera2 - [picamera2.py:1391] - DEBUG - Execute job: <picamera2.job.Job object at 0x7f92c57550>
2026-06-24 23:28:22,216 - mazeUtils.device.camera - [camera.py:39] - DEBUG - Average HSV: H=133.3, S=21.5, V=229.2
2026-06-24 23:28:22,255 - mazeUtils.moveTile - [moveTile.py:79] - DEBUG - roll: 358.25 deg, practicalMoveTime: 0.49626046380721467 sec
2026-06-24 23:28:22,256 - mazeUtils.moveTile - [moveTile.py:1763] - DEBUG - moveTile loop time: 48.4 ms
2026-06-24 23:28:22,261 - picamera2.picamera2 - [picamera2.py:1391] - DEBUG - Execute job: <picamera2.job.Job object at 0x7f8a55bd90>
2026-06-24 23:28:22,264 - mazeUtils.device.camera - [camera.py:39] - DEBUG - Average HSV: H=132.2, S=22.4, V=230.7
2026-06-24 23:28:22,297 - mazeUtils.moveTile - [moveTile.py:79] - DEBUG - roll: 358.2 deg, practicalMoveTime: 0.5378233794963869 sec
2026-06-24 23:28:22,298 - mazeUtils.moveTile - [moveTile.py:1763] - DEBUG - moveTile loop time: 41.9 ms
2026-06-24 23:28:22,303 - picamera2.picamera2 - [picamera2.py:1391] - DEBUG - Execute job: <picamera2.job.Job object at 0x7f76264910>
2026-06-24 23:28:22,306 - mazeUtils.device.camera - [camera.py:39] - DEBUG - Average HSV: H=130.1, S=23.6, V=230.7
2026-06-24 23:28:22,340 - mazeUtils.moveTile - [moveTile.py:79] - DEBUG - roll: 357.88 deg, practicalMoveTime: 0.5797316963865888 sec
2026-06-24 23:28:22,340 - mazeUtils.moveTile - [moveTile.py:1763] - DEBUG - moveTile loop time: 42.2 ms
2026-06-24 23:28:22,345 - picamera2.picamera2 - [picamera2.py:1391] - DEBUG - Execute job: <picamera2.job.Job object at 0x7f887828d0>
2026-06-24 23:28:22,348 - mazeUtils.device.camera - [camera.py:39] - DEBUG - Average HSV: H=128.6, S=24.4, V=232.4
2026-06-24 23:28:22,386 - mazeUtils.moveTile - [moveTile.py:79] - DEBUG - roll: 356.8 deg, practicalMoveTime: 0.6249471840200237 sec
2026-06-24 23:28:22,386 - mazeUtils.moveTile - [moveTile.py:1763] - DEBUG - moveTile loop time: 45.5 ms
2026-06-24 23:28:22,398 - picamera2.picamera2 - [picamera2.py:1391] - DEBUG - Execute job: <picamera2.job.Job object at 0x7f8a55bd90>
2026-06-24 23:28:22,400 - mazeUtils.device.camera - [camera.py:39] - DEBUG - Average HSV: H=126.9, S=25.9, V=231.6
2026-06-24 23:28:22,437 - mazeUtils.moveTile - [moveTile.py:79] - DEBUG - roll: 357.42 deg, practicalMoveTime: 0.6755449094078481 sec
2026-06-24 23:28:22,437 - mazeUtils.moveTile - [moveTile.py:1763] - DEBUG - moveTile loop time: 50.9 ms
2026-06-24 23:28:22,443 - picamera2.picamera2 - [picamera2.py:1391] - DEBUG - Execute job: <picamera2.job.Job object at 0x7f76264910>
2026-06-24 23:28:22,446 - mazeUtils.device.camera - [camera.py:39] - DEBUG - Average HSV: H=127.6, S=25.9, V=231.0
2026-06-24 23:28:22,492 - mazeUtils.moveTile - [moveTile.py:79] - DEBUG - roll: 357.23 deg, practicalMoveTime: 0.7305171259980694 sec
2026-06-24 23:28:22,493 - mazeUtils.moveTile - [moveTile.py:1763] - DEBUG - moveTile loop time: 55.0 ms
2026-06-24 23:28:22,498 - picamera2.picamera2 - [picamera2.py:1391] - DEBUG - Execute job: <picamera2.job.Job object at 0x7f887828d0>
2026-06-24 23:28:22,501 - mazeUtils.device.camera - [camera.py:39] - DEBUG - Average HSV: H=128.5, S=26.4, V=228.6
2026-06-24 23:28:22,534 - mazeUtils.moveTile - [moveTile.py:79] - DEBUG - roll: 357.3 deg, practicalMoveTime: 0.7714090050019844 sec
2026-06-24 23:28:22,534 - mazeUtils.moveTile - [moveTile.py:1763] - DEBUG - moveTile loop time: 41.2 ms
2026-06-24 23:28:22,540 - picamera2.picamera2 - [picamera2.py:1391] - DEBUG - Execute job: <picamera2.job.Job object at 0x7f887828d0>
2026-06-24 23:28:22,543 - mazeUtils.device.camera - [camera.py:39] - DEBUG - Average HSV: H=127.5, S=33.8, V=217.4
2026-06-24 23:28:22,586 - mazeUtils.moveTile - [moveTile.py:79] - DEBUG - roll: 358.7 deg, practicalMoveTime: 0.8230949551060053 sec
2026-06-24 23:28:22,586 - mazeUtils.moveTile - [moveTile.py:1763] - DEBUG - moveTile loop time: 51.9 ms
2026-06-24 23:28:22,590 - picamera2.picamera2 - [picamera2.py:1391] - DEBUG - Execute job: <picamera2.job.Job object at 0x7fa4c5e450>
2026-06-24 23:28:22,594 - mazeUtils.device.camera - [camera.py:39] - DEBUG - Average HSV: H=129.8, S=55.8, V=178.2
2026-06-24 23:28:22,628 - mazeUtils.moveTile - [moveTile.py:1636] - INFO - practicalVerticalMove: -0.38110563170595496 CM
2026-06-24 23:28:22,679 - mazeUtils.moveTile - [moveTile.py:1959] - INFO - Set moved vertical distance: -0.38110563170595496 cm, past distances: [(0, False), (0, False), (0, False)]
2026-06-24 23:28:22,818 - mazeUtils.moveTile - [moveTile.py:552] - DEBUG - Direction: absDirection.NORTH, Angle: 0, Distance: 67.71395352362714 cm
2026-06-24 23:28:22,819 - mazeUtils.moveTile - [moveTile.py:574] - DEBUG - Front LiDAR distance: 67.71395352362714 cm, TSD10 distance: 44.4 cm
2026-06-24 23:28:22,820 - mazeUtils.moveTile - [moveTile.py:552] - DEBUG - Direction: absDirection.EAST, Angle: 270, Distance: 48.28000747406959 cm
2026-06-24 23:28:22,821 - mazeUtils.moveTile - [moveTile.py:552] - DEBUG - Direction: absDirection.SOUTH, Angle: 180, Distance: 80.13996236311957 cm
2026-06-24 23:28:22,822 - mazeUtils.moveTile - [moveTile.py:552] - DEBUG - Direction: absDirection.WEST, Angle: 90, Distance: 49.42273154946291 cm
2026-06-24 23:28:22,823 - mazeUtils.moveTile - [moveTile.py:2119] - INFO - Tile color detection, decided tile type: E
2026-06-24 23:28:22,879 - __main__ - [main.py:105] - INFO - Current position: (17, 18, 0), front direction: absDirection.NORTH
Layer 0 (altitude=0.0cm, offset=(0.0cm, 0.0cm)):
Known map area: x=17..17, y=18..19
+   +
  @  
+   +
| U  
+   +
mazeAsGraph[0][18][17] = {absDirection.NORTH: (17, 17, 0, 30), absDirection.EAST: (18, 18, 0, 30), absDirection.SOUTH: (17, 19, 0, 30), absDirection.WEST: (16, 18, 0, 30)}
mazeAsGraph[0][19][17] = {absDirection.NORTH: (17, 18, 0, 30), absDirection.EAST: (18, 19, 0, 30), absDirection.SOUTH: (17, 20, 0, 30), absDirection.WEST: None}
2026-06-24 23:28:22,886 - mazeUtils.mazeMap - [mazeMap.py:61] - INFO - next goal: (17, 17, 0)
2026-06-24 23:28:22,892 - mazeUtils.moveTile - [moveTile.py:79] - DEBUG - Moving to absDirection.NORTH from (17, 18, 0) facing absDirection.NORTH
2026-06-24 23:28:22,917 - mazeUtils.moveTile - [moveTile.py:79] - DEBUG - current heading: 0.20999999999997954 target: 0
2026-06-24 23:28:22,938 - mazeUtils.moveTile - [moveTile.py:426] - DEBUG - stopped turning at heading: 0.20999999999997954, diff: 0.20999999999997954
2026-06-24 23:28:22,982 - mazeUtils.moveTile - [moveTile.py:79] - DEBUG - Turned to heading: 0.21999999999997044 deg
2026-06-24 23:28:23,261 - picamera2.picamera2 - [picamera2.py:1391] - DEBUG - Execute job: <picamera2.job.Job object at 0x7f92ce5950>
2026-06-24 23:28:23,264 - mazeUtils.device.camera - [camera.py:39] - DEBUG - Average HSV: H=125.3, S=34.3, V=226.2
2026-06-24 23:28:23,301 - mazeUtils.moveTile - [moveTile.py:79] - DEBUG - roll: 358.73 deg, practicalMoveTime: 0.04725246098069146 sec
2026-06-24 23:28:23,301 - mazeUtils.moveTile - [moveTile.py:1763] - DEBUG - moveTile loop time: 47.4 ms
2026-06-24 23:28:23,315 - picamera2.picamera2 - [picamera2.py:1391] - DEBUG - Execute job: <picamera2.job.Job object at 0x7f92ce4e90>
2026-06-24 23:28:23,318 - mazeUtils.device.camera - [camera.py:39] - DEBUG - Average HSV: H=126.0, S=33.7, V=225.3
2026-06-24 23:28:23,360 - mazeUtils.moveTile - [moveTile.py:79] - DEBUG - roll: 358.73 deg, practicalMoveTime: 0.10571601167319064 sec
2026-06-24 23:28:23,360 - mazeUtils.moveTile - [moveTile.py:1763] - DEBUG - moveTile loop time: 58.7 ms
2026-06-24 23:28:23,365 - picamera2.picamera2 - [picamera2.py:1391] - DEBUG - Execute job: <picamera2.job.Job object at 0x7f92ce4e50>
2026-06-24 23:28:23,368 - mazeUtils.device.camera - [camera.py:39] - DEBUG - Average HSV: H=126.6, S=34.1, V=223.5
2026-06-24 23:28:23,406 - mazeUtils.moveTile - [moveTile.py:79] - DEBUG - roll: 358.01 deg, practicalMoveTime: 0.15120208692804163 sec
2026-06-24 23:28:23,406 - mazeUtils.moveTile - [moveTile.py:1763] - DEBUG - moveTile loop time: 45.8 ms
2026-06-24 23:28:23,417 - picamera2.picamera2 - [picamera2.py:1391] - DEBUG - Execute job: <picamera2.job.Job object at 0x7f8a74c590>
2026-06-24 23:28:23,420 - mazeUtils.device.camera - [camera.py:39] - DEBUG - Average HSV: H=126.3, S=35.2, V=223.4
2026-06-24 23:28:23,453 - mazeUtils.moveTile - [moveTile.py:79] - DEBUG - roll: 359.32 deg, practicalMoveTime: 0.19816332561702174 sec
2026-06-24 23:28:23,453 - mazeUtils.moveTile - [moveTile.py:1763] - DEBUG - moveTile loop time: 47.2 ms
2026-06-24 23:28:23,461 - picamera2.picamera2 - [picamera2.py:1391] - DEBUG - Execute job: <picamera2.job.Job object at 0x7fa4c5e450>
2026-06-24 23:28:23,464 - mazeUtils.device.camera - [camera.py:39] - DEBUG - Average HSV: H=125.4, S=38.3, V=220.9
2026-06-24 23:28:23,499 - mazeUtils.moveTile - [moveTile.py:79] - DEBUG - roll: 359.11 deg, practicalMoveTime: 0.24342959668438185 sec
2026-06-24 23:28:23,499 - mazeUtils.moveTile - [moveTile.py:1763] - DEBUG - moveTile loop time: 45.7 ms
2026-06-24 23:28:23,505 - picamera2.picamera2 - [picamera2.py:1391] - DEBUG - Execute job: <picamera2.job.Job object at 0x7f92ce4990>
2026-06-24 23:28:23,509 - mazeUtils.device.camera - [camera.py:39] - DEBUG - Average HSV: H=125.9, S=38.9, V=218.1
2026-06-24 23:28:23,545 - mazeUtils.moveTile - [moveTile.py:79] - DEBUG - roll: 1.4300000000000068 deg, practicalMoveTime: 0.2886402007198955 sec
2026-06-24 23:28:23,545 - mazeUtils.moveTile - [moveTile.py:1763] - DEBUG - moveTile loop time: 45.4 ms
2026-06-24 23:28:23,552 - picamera2.picamera2 - [picamera2.py:1391] - DEBUG - Execute job: <picamera2.job.Job object at 0x7f92ce5f50>
2026-06-24 23:28:23,556 - mazeUtils.device.camera - [camera.py:39] - DEBUG - Average HSV: H=129.8, S=38.6, V=211.4
2026-06-24 23:28:23,588 - mazeUtils.moveTile - [moveTile.py:79] - DEBUG - roll: 1.1100000000000136 deg, practicalMoveTime: 0.3313171116684406 sec
2026-06-24 23:28:23,588 - mazeUtils.moveTile - [moveTile.py:1763] - DEBUG - moveTile loop time: 43.2 ms
2026-06-24 23:28:23,593 - picamera2.picamera2 - [picamera2.py:1391] - DEBUG - Execute job: <picamera2.job.Job object at 0x7f8a74c590>
2026-06-24 23:28:23,598 - mazeUtils.device.camera - [camera.py:39] - DEBUG - Average HSV: H=132.3, S=36.3, V=204.2
2026-06-24 23:28:23,634 - mazeUtils.moveTile - [moveTile.py:79] - DEBUG - roll: 0.4800000000000182 deg, practicalMoveTime: 0.37680764876913275 sec
2026-06-24 23:28:23,635 - mazeUtils.moveTile - [moveTile.py:1763] - DEBUG - moveTile loop time: 46.4 ms
2026-06-24 23:28:23,643 - picamera2.picamera2 - [picamera2.py:1391] - DEBUG - Execute job: <picamera2.job.Job object at 0x7f88c5be50>
2026-06-24 23:28:23,648 - mazeUtils.device.camera - [camera.py:39] - DEBUG - Average HSV: H=130.6, S=35.8, V=203.6
2026-06-24 23:28:23,685 - mazeUtils.moveTile - [moveTile.py:79] - DEBUG - roll: 1.4700000000000273 deg, practicalMoveTime: 0.4263332197688069 sec
2026-06-24 23:28:23,686 - mazeUtils.moveTile - [moveTile.py:1763] - DEBUG - moveTile loop time: 49.2 ms
2026-06-24 23:28:23,690 - picamera2.picamera2 - [picamera2.py:1391] - DEBUG - Execute job: <picamera2.job.Job object at 0x7fa4c5e450>
2026-06-24 23:28:23,694 - mazeUtils.device.camera - [camera.py:39] - DEBUG - Average HSV: H=126.2, S=41.3, V=209.3
2026-06-24 23:28:23,728 - mazeUtils.moveTile - [moveTile.py:79] - DEBUG - roll: 0.7699999999999818 deg, practicalMoveTime: 0.4682864775209549 sec
2026-06-24 23:28:23,729 - mazeUtils.moveTile - [moveTile.py:1763] - DEBUG - moveTile loop time: 42.6 ms
2026-06-24 23:28:23,736 - picamera2.picamera2 - [picamera2.py:1391] - DEBUG - Execute job: <picamera2.job.Job object at 0x7f92ce5950>
2026-06-24 23:28:23,741 - mazeUtils.device.camera - [camera.py:39] - DEBUG - Average HSV: H=125.2, S=41.8, V=212.2
2026-06-24 23:28:23,775 - mazeUtils.moveTile - [moveTile.py:79] - DEBUG - roll: 1.8199999999999932 deg, practicalMoveTime: 0.5150106545869267 sec
2026-06-24 23:28:23,776 - mazeUtils.moveTile - [moveTile.py:1763] - DEBUG - moveTile loop time: 47.1 ms
2026-06-24 23:28:23,783 - picamera2.picamera2 - [picamera2.py:1391] - DEBUG - Execute job: <picamera2.job.Job object at 0x7f92ce57d0>
2026-06-24 23:28:23,788 - mazeUtils.device.camera - [camera.py:39] - DEBUG - Average HSV: H=125.5, S=43.6, V=208.8
2026-06-24 23:28:23,822 - mazeUtils.moveTile - [moveTile.py:79] - DEBUG - roll: 1.5400000000000205 deg, practicalMoveTime: 0.5608419567160924 sec
2026-06-24 23:28:23,823 - mazeUtils.moveTile - [moveTile.py:1763] - DEBUG - moveTile loop time: 46.3 ms
2026-06-24 23:28:23,828 - picamera2.picamera2 - [picamera2.py:1391] - DEBUG - Execute job: <picamera2.job.Job object at 0x7f88c5be50>
2026-06-24 23:28:23,833 - mazeUtils.device.camera - [camera.py:39] - DEBUG - Average HSV: H=124.8, S=45.5, V=208.0
2026-06-24 23:28:23,867 - mazeUtils.moveTile - [moveTile.py:79] - DEBUG - roll: 0.7699999999999818 deg, practicalMoveTime: 0.6051719516438088 sec
2026-06-24 23:28:23,868 - mazeUtils.moveTile - [moveTile.py:1763] - DEBUG - moveTile loop time: 44.6 ms
2026-06-24 23:28:23,873 - picamera2.picamera2 - [picamera2.py:1391] - DEBUG - Execute job: <picamera2.job.Job object at 0x7fa4c5e450>
2026-06-24 23:28:23,878 - mazeUtils.device.camera - [camera.py:39] - DEBUG - Average HSV: H=123.5, S=47.9, V=208.8
2026-06-24 23:28:23,919 - mazeUtils.moveTile - [moveTile.py:79] - DEBUG - roll: 0.5799999999999841 deg, practicalMoveTime: 0.6559639145486382 sec
2026-06-24 23:28:23,920 - mazeUtils.moveTile - [moveTile.py:1763] - DEBUG - moveTile loop time: 51.2 ms
2026-06-24 23:28:23,925 - picamera2.picamera2 - [picamera2.py:1391] - DEBUG - Execute job: <picamera2.job.Job object at 0x7f92ce5950>
2026-06-24 23:28:23,929 - mazeUtils.device.camera - [camera.py:39] - DEBUG - Average HSV: H=122.1, S=49.4, V=211.2
2026-06-24 23:28:23,970 - mazeUtils.moveTile - [moveTile.py:79] - DEBUG - roll: 359.68 deg, practicalMoveTime: 0.7066144026221474 sec
2026-06-24 23:28:23,971 - mazeUtils.moveTile - [moveTile.py:1763] - DEBUG - moveTile loop time: 50.9 ms
2026-06-24 23:28:23,984 - picamera2.picamera2 - [picamera2.py:1391] - DEBUG - Execute job: <picamera2.job.Job object at 0x7f92ce4990>
2026-06-24 23:28:23,988 - mazeUtils.device.camera - [camera.py:39] - DEBUG - Average HSV: H=120.4, S=49.6, V=212.6
2026-06-24 23:28:24,033 - mazeUtils.moveTile - [moveTile.py:79] - DEBUG - roll: 0.7699999999999818 deg, practicalMoveTime: 0.7686540942872886 sec
2026-06-24 23:28:24,034 - mazeUtils.moveTile - [moveTile.py:1763] - DEBUG - moveTile loop time: 62.4 ms
2026-06-24 23:28:24,038 - picamera2.picamera2 - [picamera2.py:1391] - DEBUG - Execute job: <picamera2.job.Job object at 0x7fa4c5e450>
2026-06-24 23:28:24,043 - mazeUtils.device.camera - [camera.py:39] - DEBUG - Average HSV: H=119.7, S=53.7, V=212.3
2026-06-24 23:28:24,081 - mazeUtils.moveTile - [moveTile.py:79] - DEBUG - roll: 359.84000000000003 deg, practicalMoveTime: 0.8158905016000549 sec
2026-06-24 23:28:24,082 - mazeUtils.moveTile - [moveTile.py:1763] - DEBUG - moveTile loop time: 47.8 ms
2026-06-24 23:28:24,087 - picamera2.picamera2 - [picamera2.py:1391] - DEBUG - Execute job: <picamera2.job.Job object at 0x7f92ce5f50>
2026-06-24 23:28:24,091 - mazeUtils.device.camera - [camera.py:39] - DEBUG - Average HSV: H=118.6, S=57.9, V=213.4
2026-06-24 23:28:24,133 - mazeUtils.moveTile - [moveTile.py:1636] - INFO - practicalVerticalMove: 0.05514557543938408 CM
2026-06-24 23:28:24,181 - mazeUtils.moveTile - [moveTile.py:1959] - INFO - Set moved vertical distance: 0.05514557543938408 cm, past distances: [(-0.38110563170595496, False), (0, False), (0, False)]
2026-06-24 23:28:24,322 - mazeUtils.moveTile - [moveTile.py:552] - DEBUG - Direction: absDirection.NORTH, Angle: 0, Distance: 42.281655668099866 cm
2026-06-24 23:28:24,323 - mazeUtils.moveTile - [moveTile.py:574] - DEBUG - Front LiDAR distance: 42.281655668099866 cm, TSD10 distance: 15.6 cm
2026-06-24 23:28:24,325 - mazeUtils.moveTile - [moveTile.py:552] - DEBUG - Direction: absDirection.EAST, Angle: 270, Distance: 46.55000740222824 cm
2026-06-24 23:28:24,327 - mazeUtils.moveTile - [moveTile.py:552] - DEBUG - Direction: absDirection.SOUTH, Angle: 180, Distance: 109.7179937694168 cm
2026-06-24 23:28:24,330 - mazeUtils.moveTile - [moveTile.py:552] - DEBUG - Direction: absDirection.WEST, Angle: 90, Distance: 51.24312959719531 cm
2026-06-24 23:28:24,333 - mazeUtils.moveTile - [moveTile.py:2119] - INFO - Tile color detection, decided tile type: E
2026-06-24 23:28:24,400 - __main__ - [main.py:105] - INFO - Current position: (17, 17, 0), front direction: absDirection.NORTH
Layer 0 (altitude=0.0cm, offset=(0.0cm, 0.0cm)):
Known map area: x=17..17, y=17..19
+   +
  @  
+   +
  E  
+   +
| U  
+   +
mazeAsGraph[0][17][17] = {absDirection.NORTH: (17, 16, 0, 30), absDirection.EAST: (18, 17, 0, 30), absDirection.SOUTH: (17, 18, 0, 30), absDirection.WEST: (16, 17, 0, 30)}
mazeAsGraph[0][18][17] = {absDirection.NORTH: (17, 17, 0, 30), absDirection.EAST: (18, 18, 0, 30), absDirection.SOUTH: (17, 19, 0, 30), absDirection.WEST: (16, 18, 0, 30)}
mazeAsGraph[0][19][17] = {absDirection.NORTH: (17, 18, 0, 30), absDirection.EAST: (18, 19, 0, 30), absDirection.SOUTH: (17, 20, 0, 30), absDirection.WEST: None}
2026-06-24 23:28:24,407 - mazeUtils.mazeMap - [mazeMap.py:61] - INFO - next goal: (17, 16, 0)
2026-06-24 23:28:24,418 - mazeUtils.moveTile - [moveTile.py:79] - DEBUG - Moving to absDirection.NORTH from (17, 17, 0) facing absDirection.NORTH
2026-06-24 23:28:24,449 - mazeUtils.moveTile - [moveTile.py:79] - DEBUG - current heading: 0.9099999999999682 target: 0
2026-06-24 23:28:24,468 - mazeUtils.moveTile - [moveTile.py:426] - DEBUG - stopped turning at heading: 0.9099999999999682, diff: 0.9099999999999682
2026-06-24 23:28:24,517 - mazeUtils.moveTile - [moveTile.py:79] - DEBUG - Turned to heading: 0.9699999999999704 deg
2026-06-24 23:28:24,756 - picamera2.picamera2 - [picamera2.py:1391] - DEBUG - Execute job: <picamera2.job.Job object at 0x7f93d6a890>
2026-06-24 23:28:24,761 - mazeUtils.device.camera - [camera.py:39] - DEBUG - Average HSV: H=112.8, S=91.6, V=229.5
2026-06-24 23:28:24,796 - mazeUtils.moveTile - [moveTile.py:79] - DEBUG - roll: 358.24 deg, practicalMoveTime: 0.046448252834413735 sec
2026-06-24 23:28:24,796 - mazeUtils.moveTile - [moveTile.py:1763] - DEBUG - moveTile loop time: 45.7 ms
2026-06-24 23:28:24,801 - picamera2.picamera2 - [picamera2.py:1391] - DEBUG - Execute job: <picamera2.job.Job object at 0x7fb84d2090>
2026-06-24 23:28:24,805 - mazeUtils.device.camera - [camera.py:39] - DEBUG - Average HSV: H=112.9, S=89.5, V=230.0
2026-06-24 23:28:24,844 - mazeUtils.moveTile - [moveTile.py:79] - DEBUG - roll: 358.48 deg, practicalMoveTime: 0.09387657674659583 sec
2026-06-24 23:28:24,845 - mazeUtils.moveTile - [moveTile.py:1763] - DEBUG - moveTile loop time: 47.7 ms
2026-06-24 23:28:24,849 - picamera2.picamera2 - [picamera2.py:1391] - DEBUG - Execute job: <picamera2.job.Job object at 0x7fac373990>
2026-06-24 23:28:24,853 - mazeUtils.device.camera - [camera.py:39] - DEBUG - Average HSV: H=112.3, S=93.4, V=231.8
2026-06-24 23:28:24,890 - mazeUtils.moveTile - [moveTile.py:79] - DEBUG - roll: 359.32 deg, practicalMoveTime: 0.13975543603874074 sec
2026-06-24 23:28:24,891 - mazeUtils.moveTile - [moveTile.py:1763] - DEBUG - moveTile loop time: 46.1 ms
2026-06-24 23:28:24,896 - picamera2.picamera2 - [picamera2.py:1391] - DEBUG - Execute job: <picamera2.job.Job object at 0x7fa4c813d0>
2026-06-24 23:28:24,900 - mazeUtils.device.camera - [camera.py:39] - DEBUG - Average HSV: H=111.6, S=105.0, V=232.5
2026-06-24 23:28:24,937 - mazeUtils.moveTile - [moveTile.py:79] - DEBUG - roll: 358.98 deg, practicalMoveTime: 0.18557956176206425 sec
2026-06-24 23:28:24,938 - mazeUtils.moveTile - [moveTile.py:1763] - DEBUG - moveTile loop time: 46.2 ms
2026-06-24 23:28:24,942 - picamera2.picamera2 - [picamera2.py:1391] - DEBUG - Execute job: <picamera2.job.Job object at 0x7fac371e90>
2026-06-24 23:28:24,946 - mazeUtils.device.camera - [camera.py:39] - DEBUG - Average HSV: H=110.2, S=115.7, V=236.6
2026-06-24 23:28:24,981 - mazeUtils.moveTile - [moveTile.py:79] - DEBUG - roll: 359.65 deg, practicalMoveTime: 0.2292398673711492 sec
2026-06-24 23:28:24,982 - mazeUtils.moveTile - [moveTile.py:1763] - DEBUG - moveTile loop time: 43.9 ms
2026-06-24 23:28:24,990 - picamera2.picamera2 - [picamera2.py:1391] - DEBUG - Execute job: <picamera2.job.Job object at 0x7fa4c81450>
2026-06-24 23:28:24,994 - mazeUtils.device.camera - [camera.py:39] - DEBUG - Average HSV: H=109.8, S=138.9, V=234.1
2026-06-24 23:28:25,033 - mazeUtils.moveTile - [moveTile.py:79] - DEBUG - roll: 359.77 deg, practicalMoveTime: 0.279931474892387 sec
2026-06-24 23:28:25,034 - mazeUtils.moveTile - [moveTile.py:1763] - DEBUG - moveTile loop time: 51.3 ms
2026-06-24 23:28:25,045 - picamera2.picamera2 - [picamera2.py:1391] - DEBUG - Execute job: <picamera2.job.Job object at 0x7fac373990>
2026-06-24 23:28:25,049 - mazeUtils.device.camera - [camera.py:39] - DEBUG - Average HSV: H=109.8, S=177.2, V=227.6
2026-06-24 23:28:25,082 - mazeUtils.moveTile - [moveTile.py:79] - DEBUG - roll: 0.5 deg, practicalMoveTime: 0.3287050642123359 sec
2026-06-24 23:28:25,083 - mazeUtils.moveTile - [moveTile.py:1763] - DEBUG - moveTile loop time: 49.1 ms
2026-06-24 23:28:25,087 - picamera2.picamera2 - [picamera2.py:1391] - DEBUG - Execute job: <picamera2.job.Job object at 0x7f93d6a890>
2026-06-24 23:28:25,093 - mazeUtils.device.camera - [camera.py:39] - DEBUG - Average HSV: H=109.5, S=148.1, V=234.0
2026-06-24 23:28:25,130 - mazeUtils.moveTile - [moveTile.py:79] - DEBUG - roll: 5.050000000000011 deg, practicalMoveTime: 0.3749348534440641 sec
2026-06-24 23:28:25,130 - mazeUtils.moveTile - [moveTile.py:1763] - DEBUG - moveTile loop time: 46.8 ms
2026-06-24 23:28:25,137 - picamera2.picamera2 - [picamera2.py:1391] - DEBUG - Execute job: <picamera2.job.Job object at 0x7f8864a2d0>
2026-06-24 23:28:25,142 - mazeUtils.device.camera - [camera.py:39] - DEBUG - Average HSV: H=110.0, S=135.3, V=235.8
2026-06-24 23:28:25,183 - mazeUtils.moveTile - [moveTile.py:79] - DEBUG - roll: 7.5 deg, practicalMoveTime: 0.4164986460259855 sec
2026-06-24 23:28:25,183 - mazeUtils.moveTile - [moveTile.py:1763] - DEBUG - moveTile loop time: 52.5 ms
2026-06-24 23:28:25,189 - picamera2.picamera2 - [picamera2.py:1391] - DEBUG - Execute job: <picamera2.job.Job object at 0x7f8864a290>
2026-06-24 23:28:25,194 - mazeUtils.device.camera - [camera.py:39] - DEBUG - Average HSV: H=110.4, S=141.5, V=231.7
2026-06-24 23:28:25,232 - mazeUtils.moveTile - [moveTile.py:79] - DEBUG - roll: 9.25 deg, practicalMoveTime: 0.45462418880264643 sec
2026-06-24 23:28:25,232 - mazeUtils.moveTile - [moveTile.py:1763] - DEBUG - moveTile loop time: 48.4 ms
2026-06-24 23:28:25,238 - picamera2.picamera2 - [picamera2.py:1391] - DEBUG - Execute job: <picamera2.job.Job object at 0x7fac373990>
2026-06-24 23:28:25,243 - mazeUtils.device.camera - [camera.py:39] - DEBUG - Average HSV: H=110.8, S=140.4, V=229.5
2026-06-24 23:28:25,277 - mazeUtils.moveTile - [moveTile.py:79] - DEBUG - roll: 14.240000000000009 deg, practicalMoveTime: 0.48955802036493046 sec
2026-06-24 23:28:25,278 - mazeUtils.moveTile - [moveTile.py:1763] - DEBUG - moveTile loop time: 45.5 ms
2026-06-24 23:28:25,290 - picamera2.picamera2 - [picamera2.py:1391] - DEBUG - Execute job: <picamera2.job.Job object at 0x7f8864a290>
2026-06-24 23:28:25,294 - mazeUtils.device.camera - [camera.py:39] - DEBUG - Average HSV: H=111.0, S=142.7, V=227.9
2026-06-24 23:28:25,334 - mazeUtils.moveTile - [moveTile.py:79] - DEBUG - roll: 16.360000000000014 deg, practicalMoveTime: 0.5328220604170497 sec
2026-06-24 23:28:25,335 - mazeUtils.moveTile - [moveTile.py:1763] - DEBUG - moveTile loop time: 56.3 ms
2026-06-24 23:28:25,343 - picamera2.picamera2 - [picamera2.py:1391] - DEBUG - Execute job: <picamera2.job.Job object at 0x7fa4c81450>
2026-06-24 23:28:25,347 - mazeUtils.device.camera - [camera.py:39] - DEBUG - Average HSV: H=111.6, S=144.1, V=222.1
2026-06-24 23:28:25,380 - mazeUtils.moveTile - [moveTile.py:79] - DEBUG - roll: 20.879999999999995 deg, practicalMoveTime: 0.5665566057009507 sec
2026-06-24 23:28:25,380 - mazeUtils.moveTile - [moveTile.py:1763] - DEBUG - moveTile loop time: 44.8 ms
2026-06-24 23:28:25,386 - picamera2.picamera2 - [picamera2.py:1391] - DEBUG - Execute job: <picamera2.job.Job object at 0x7f8864a290>
2026-06-24 23:28:25,391 - mazeUtils.device.camera - [camera.py:39] - DEBUG - Average HSV: H=112.7, S=141.7, V=214.2
2026-06-24 23:28:25,427 - mazeUtils.moveTile - [moveTile.py:79] - DEBUG - roll: 24.100000000000023 deg, practicalMoveTime: 0.6005378432811019 sec
2026-06-24 23:28:25,427 - mazeUtils.moveTile - [moveTile.py:1763] - DEBUG - moveTile loop time: 46.6 ms
2026-06-24 23:28:25,431 - picamera2.picamera2 - [picamera2.py:1391] - DEBUG - Execute job: <picamera2.job.Job object at 0x7fa4c81e10>
2026-06-24 23:28:25,436 - mazeUtils.device.camera - [camera.py:39] - DEBUG - Average HSV: H=112.9, S=142.6, V=211.2
2026-06-24 23:28:25,476 - mazeUtils.moveTile - [moveTile.py:79] - DEBUG - roll: 24.860000000000014 deg, practicalMoveTime: 0.6356994085587452 sec
2026-06-24 23:28:25,476 - mazeUtils.moveTile - [moveTile.py:1763] - DEBUG - moveTile loop time: 48.9 ms
2026-06-24 23:28:25,482 - picamera2.picamera2 - [picamera2.py:1391] - DEBUG - Execute job: <picamera2.job.Job object at 0x7f8864a290>
2026-06-24 23:28:25,486 - mazeUtils.device.camera - [camera.py:39] - DEBUG - Average HSV: H=112.9, S=145.1, V=210.1
2026-06-24 23:28:25,519 - mazeUtils.moveTile - [moveTile.py:79] - DEBUG - roll: 28.079999999999984 deg, practicalMoveTime: 0.6657662979460077 sec
2026-06-24 23:28:25,519 - mazeUtils.moveTile - [moveTile.py:1763] - DEBUG - moveTile loop time: 42.7 ms
2026-06-24 23:28:25,524 - picamera2.picamera2 - [picamera2.py:1391] - DEBUG - Execute job: <picamera2.job.Job object at 0x7f8864a350>
2026-06-24 23:28:25,528 - mazeUtils.device.camera - [camera.py:39] - DEBUG - Average HSV: H=113.6, S=144.1, V=205.1
2026-06-24 23:28:25,577 - mazeUtils.moveTile - [moveTile.py:79] - DEBUG - roll: 25.75 deg, practicalMoveTime: 0.7070877087370591 sec
2026-06-24 23:28:25,578 - mazeUtils.moveTile - [moveTile.py:1763] - DEBUG - moveTile loop time: 58.0 ms
2026-06-24 23:28:25,589 - picamera2.picamera2 - [picamera2.py:1391] - DEBUG - Execute job: <picamera2.job.Job object at 0x7fb84d2090>
2026-06-24 23:28:25,594 - mazeUtils.device.camera - [camera.py:39] - DEBUG - Average HSV: H=112.9, S=148.2, V=209.8
2026-06-24 23:28:25,631 - mazeUtils.moveTile - [moveTile.py:79] - DEBUG - roll: 25.579999999999984 deg, practicalMoveTime: 0.7452418225189875 sec
2026-06-24 23:28:25,631 - mazeUtils.moveTile - [moveTile.py:1763] - DEBUG - moveTile loop time: 52.5 ms
2026-06-24 23:28:25,636 - picamera2.picamera2 - [picamera2.py:1391] - DEBUG - Execute job: <picamera2.job.Job object at 0x7fa4c813d0>
2026-06-24 23:28:25,641 - mazeUtils.device.camera - [camera.py:39] - DEBUG - Average HSV: H=112.9, S=150.7, V=209.8
2026-06-24 23:28:25,678 - mazeUtils.moveTile - [moveTile.py:79] - DEBUG - roll: 27.00999999999999 deg, practicalMoveTime: 0.7780525283888161 sec
2026-06-24 23:28:25,679 - mazeUtils.moveTile - [moveTile.py:1763] - DEBUG - moveTile loop time: 46.6 ms
2026-06-24 23:28:25,689 - picamera2.picamera2 - [picamera2.py:1391] - DEBUG - Execute job: <picamera2.job.Job object at 0x7f93d6a890>
2026-06-24 23:28:25,694 - mazeUtils.device.camera - [camera.py:39] - DEBUG - Average HSV: H=112.6, S=153.7, V=211.3
2026-06-24 23:28:25,732 - mazeUtils.moveTile - [moveTile.py:79] - DEBUG - roll: 24.25 deg, practicalMoveTime: 0.8169006154467611 sec
2026-06-24 23:28:25,733 - mazeUtils.moveTile - [moveTile.py:1763] - DEBUG - moveTile loop time: 53.9 ms
2026-06-24 23:28:25,738 - picamera2.picamera2 - [picamera2.py:1391] - DEBUG - Execute job: <picamera2.job.Job object at 0x7fa4c813d0>
2026-06-24 23:28:25,743 - mazeUtils.device.camera - [camera.py:39] - DEBUG - Average HSV: H=112.1, S=159.0, V=212.8
2026-06-24 23:28:25,788 - picamera2.picamera2 - [picamera2.py:1391] - DEBUG - Execute job: <picamera2.job.Job object at 0x7f8864a290>
2026-06-24 23:28:25,792 - mazeUtils.device.camera - [camera.py:39] - DEBUG - Average HSV: H=114.2, S=163.6, V=180.6
2026-06-24 23:28:25,828 - mazeUtils.moveTile - [moveTile.py:79] - DEBUG - roll: 29.04000000000002 deg, practicalMoveTime: 0.883847044824088 sec
2026-06-24 23:28:25,829 - mazeUtils.moveTile - [moveTile.py:1763] - DEBUG - moveTile loop time: 46.2 ms
2026-06-24 23:28:25,840 - picamera2.picamera2 - [picamera2.py:1391] - DEBUG - Execute job: <picamera2.job.Job object at 0x7fac373990>
2026-06-24 23:28:25,846 - mazeUtils.device.camera - [camera.py:39] - DEBUG - Average HSV: H=115.0, S=156.0, V=169.8
2026-06-24 23:28:25,894 - mazeUtils.moveTile - [moveTile.py:79] - DEBUG - roll: 27.319999999999993 deg, practicalMoveTime: 0.9294171184290423 sec
2026-06-24 23:28:25,895 - mazeUtils.moveTile - [moveTile.py:1763] - DEBUG - moveTile loop time: 65.1 ms
2026-06-24 23:28:25,906 - picamera2.picamera2 - [picamera2.py:1391] - DEBUG - Execute job: <picamera2.job.Job object at 0x7fac373990>
2026-06-24 23:28:25,910 - mazeUtils.device.camera - [camera.py:39] - DEBUG - Average HSV: H=113.3, S=166.7, V=188.7
2026-06-24 23:28:25,949 - mazeUtils.moveTile - [moveTile.py:79] - DEBUG - roll: 25.95999999999998 deg, practicalMoveTime: 0.9684729971782106 sec
2026-06-24 23:28:25,949 - mazeUtils.moveTile - [moveTile.py:1763] - DEBUG - moveTile loop time: 53.8 ms
2026-06-24 23:28:25,956 - picamera2.picamera2 - [picamera2.py:1391] - DEBUG - Execute job: <picamera2.job.Job object at 0x7fa4c81450>
2026-06-24 23:28:25,960 - mazeUtils.device.camera - [camera.py:39] - DEBUG - Average HSV: H=115.1, S=155.3, V=172.8
2026-06-24 23:28:25,996 - mazeUtils.moveTile - [moveTile.py:79] - DEBUG - roll: 25.879999999999995 deg, practicalMoveTime: 1.0019961944701525 sec
2026-06-24 23:28:25,997 - mazeUtils.moveTile - [moveTile.py:1763] - DEBUG - moveTile loop time: 47.0 ms
2026-06-24 23:28:26,002 - picamera2.picamera2 - [picamera2.py:1391] - DEBUG - Execute job: <picamera2.job.Job object at 0x7f8864a290>
2026-06-24 23:28:26,006 - mazeUtils.device.camera - [camera.py:39] - DEBUG - Average HSV: H=115.1, S=154.6, V=173.0
2026-06-24 23:28:26,045 - mazeUtils.moveTile - [moveTile.py:79] - DEBUG - roll: 27.889999999999986 deg, practicalMoveTime: 1.0362755620918762 sec
2026-06-24 23:28:26,045 - mazeUtils.moveTile - [moveTile.py:1763] - DEBUG - moveTile loop time: 47.9 ms
2026-06-24 23:28:26,053 - picamera2.picamera2 - [picamera2.py:1391] - DEBUG - Execute job: <picamera2.job.Job object at 0x7f93d6a890>
2026-06-24 23:28:26,058 - mazeUtils.device.camera - [camera.py:39] - DEBUG - Average HSV: H=114.0, S=167.7, V=182.7
2026-06-24 23:28:26,102 - mazeUtils.moveTile - [moveTile.py:79] - DEBUG - roll: 25.129999999999995 deg, practicalMoveTime: 1.0772562483839876 sec
2026-06-24 23:28:26,104 - mazeUtils.moveTile - [moveTile.py:1763] - DEBUG - moveTile loop time: 57.7 ms
2026-06-24 23:28:26,111 - picamera2.picamera2 - [picamera2.py:1391] - DEBUG - Execute job: <picamera2.job.Job object at 0x7f8864a350>
2026-06-24 23:28:26,116 - mazeUtils.device.camera - [camera.py:39] - DEBUG - Average HSV: H=114.1, S=166.2, V=181.3
2026-06-24 23:28:26,154 - mazeUtils.moveTile - [moveTile.py:79] - DEBUG - roll: 27.860000000000014 deg, practicalMoveTime: 1.112702389872555 sec
2026-06-24 23:28:26,155 - mazeUtils.moveTile - [moveTile.py:1763] - DEBUG - moveTile loop time: 50.4 ms
2026-06-24 23:28:26,167 - picamera2.picamera2 - [picamera2.py:1391] - DEBUG - Execute job: <picamera2.job.Job object at 0x7fac373990>
2026-06-24 23:28:26,172 - mazeUtils.device.camera - [camera.py:39] - DEBUG - Average HSV: H=113.4, S=174.1, V=188.7
2026-06-24 23:28:26,208 - mazeUtils.moveTile - [moveTile.py:79] - DEBUG - roll: 26.79000000000002 deg, practicalMoveTime: 1.150204006869302 sec
2026-06-24 23:28:26,209 - mazeUtils.moveTile - [moveTile.py:1763] - DEBUG - moveTile loop time: 53.8 ms
2026-06-24 23:28:26,220 - picamera2.picamera2 - [picamera2.py:1391] - DEBUG - Execute job: <picamera2.job.Job object at 0x7fa4c81450>
2026-06-24 23:28:26,226 - mazeUtils.device.camera - [camera.py:39] - DEBUG - Average HSV: H=113.2, S=176.2, V=191.8
2026-06-24 23:28:26,260 - mazeUtils.moveTile - [moveTile.py:79] - DEBUG - roll: 25.94999999999999 deg, practicalMoveTime: 1.186751431156552 sec
2026-06-24 23:28:26,261 - mazeUtils.moveTile - [moveTile.py:1763] - DEBUG - moveTile loop time: 51.0 ms
2026-06-24 23:28:26,267 - picamera2.picamera2 - [picamera2.py:1391] - DEBUG - Execute job: <picamera2.job.Job object at 0x7f93d6a890>
2026-06-24 23:28:26,273 - mazeUtils.device.camera - [camera.py:39] - DEBUG - Average HSV: H=113.0, S=178.1, V=193.3
2026-06-24 23:28:26,312 - mazeUtils.moveTile - [moveTile.py:79] - DEBUG - roll: 26.370000000000005 deg, practicalMoveTime: 1.2235326896841212 sec
2026-06-24 23:28:26,313 - mazeUtils.moveTile - [moveTile.py:1763] - DEBUG - moveTile loop time: 51.5 ms
2026-06-24 23:28:26,318 - picamera2.picamera2 - [picamera2.py:1391] - DEBUG - Execute job: <picamera2.job.Job object at 0x7f8864a290>
2026-06-24 23:28:26,323 - mazeUtils.device.camera - [camera.py:39] - DEBUG - Average HSV: H=112.8, S=179.2, V=197.0
2026-06-24 23:28:26,358 - mazeUtils.moveTile - [moveTile.py:79] - DEBUG - roll: 26.090000000000032 deg, practicalMoveTime: 1.2561796515114239 sec
2026-06-24 23:28:26,358 - mazeUtils.moveTile - [moveTile.py:1763] - DEBUG - moveTile loop time: 45.6 ms
2026-06-24 23:28:26,364 - picamera2.picamera2 - [picamera2.py:1391] - DEBUG - Execute job: <picamera2.job.Job object at 0x7f8864a350>
2026-06-24 23:28:26,369 - mazeUtils.device.camera - [camera.py:39] - DEBUG - Average HSV: H=112.6, S=182.1, V=198.6
2026-06-24 23:28:26,407 - mazeUtils.moveTile - [moveTile.py:79] - DEBUG - roll: 27.30000000000001 deg, practicalMoveTime: 1.2903091724873696 sec
2026-06-24 23:28:26,407 - mazeUtils.moveTile - [moveTile.py:1763] - DEBUG - moveTile loop time: 48.4 ms
2026-06-24 23:28:26,415 - picamera2.picamera2 - [picamera2.py:1391] - DEBUG - Execute job: <picamera2.job.Job object at 0x7f8864a2d0>
2026-06-24 23:28:26,420 - mazeUtils.device.camera - [camera.py:39] - DEBUG - Average HSV: H=112.5, S=183.9, V=200.2
2026-06-24 23:28:26,455 - mazeUtils.moveTile - [moveTile.py:79] - DEBUG - roll: 24.689999999999998 deg, practicalMoveTime: 1.324350069471008 sec
2026-06-24 23:28:26,455 - mazeUtils.moveTile - [moveTile.py:1763] - DEBUG - moveTile loop time: 47.7 ms
2026-06-24 23:28:26,460 - picamera2.picamera2 - [picamera2.py:1391] - DEBUG - Execute job: <picamera2.job.Job object at 0x7fac371e90>
2026-06-24 23:28:26,465 - mazeUtils.device.camera - [camera.py:39] - DEBUG - Average HSV: H=112.0, S=186.2, V=203.2
2026-06-24 23:28:26,506 - mazeUtils.moveTile - [moveTile.py:79] - DEBUG - roll: 20.95999999999998 deg, practicalMoveTime: 1.3616081952145427 sec
2026-06-24 23:28:26,506 - mazeUtils.moveTile - [moveTile.py:1763] - DEBUG - moveTile loop time: 50.1 ms
2026-06-24 23:28:26,512 - picamera2.picamera2 - [picamera2.py:1391] - DEBUG - Execute job: <picamera2.job.Job object at 0x7f8864a290>
2026-06-24 23:28:26,517 - mazeUtils.device.camera - [camera.py:39] - DEBUG - Average HSV: H=111.7, S=187.4, V=205.7
2026-06-24 23:28:26,559 - mazeUtils.moveTile - [moveTile.py:79] - DEBUG - roll: 18.53000000000003 deg, practicalMoveTime: 1.4009732841043014 sec
2026-06-24 23:28:26,559 - mazeUtils.moveTile - [moveTile.py:1763] - DEBUG - moveTile loop time: 52.4 ms
2026-06-24 23:28:26,566 - picamera2.picamera2 - [picamera2.py:1391] - DEBUG - Execute job: <picamera2.job.Job object at 0x7f8864a2d0>
2026-06-24 23:28:26,570 - mazeUtils.device.camera - [camera.py:39] - DEBUG - Average HSV: H=111.3, S=187.2, V=208.7
2026-06-24 23:28:26,609 - mazeUtils.moveTile - [moveTile.py:79] - DEBUG - roll: 11.360000000000014 deg, practicalMoveTime: 1.4395805832552588 sec
2026-06-24 23:28:26,609 - mazeUtils.moveTile - [moveTile.py:1763] - DEBUG - moveTile loop time: 50.0 ms
2026-06-24 23:28:26,614 - picamera2.picamera2 - [picamera2.py:1391] - DEBUG - Execute job: <picamera2.job.Job object at 0x7fa4c816d0>
2026-06-24 23:28:26,618 - mazeUtils.device.camera - [camera.py:39] - DEBUG - Average HSV: H=111.8, S=175.1, V=204.8
2026-06-24 23:28:26,657 - mazeUtils.moveTile - [moveTile.py:79] - DEBUG - roll: 11.110000000000014 deg, practicalMoveTime: 1.4769908760674983 sec
2026-06-24 23:28:26,658 - mazeUtils.moveTile - [moveTile.py:1763] - DEBUG - moveTile loop time: 48.0 ms
2026-06-24 23:28:26,663 - picamera2.picamera2 - [picamera2.py:1391] - DEBUG - Execute job: <picamera2.job.Job object at 0x7f8864a2d0>
2026-06-24 23:28:26,667 - mazeUtils.device.camera - [camera.py:39] - DEBUG - Average HSV: H=111.2, S=178.2, V=208.5
2026-06-24 23:28:26,702 - mazeUtils.moveTile - [moveTile.py:79] - DEBUG - roll: 4.069999999999993 deg, practicalMoveTime: 1.5122596133197193 sec
2026-06-24 23:28:26,703 - mazeUtils.moveTile - [moveTile.py:1763] - DEBUG - moveTile loop time: 44.9 ms
2026-06-24 23:28:26,710 - picamera2.picamera2 - [picamera2.py:1391] - DEBUG - Execute job: <picamera2.job.Job object at 0x7f8864a350>
2026-06-24 23:28:26,714 - mazeUtils.device.camera - [camera.py:39] - DEBUG - Average HSV: H=109.9, S=183.7, V=215.9
2026-06-24 23:28:26,753 - mazeUtils.moveTile - [moveTile.py:79] - DEBUG - roll: 3.1399999999999864 deg, practicalMoveTime: 1.5622169095009528 sec
2026-06-24 23:28:26,754 - mazeUtils.moveTile - [moveTile.py:1763] - DEBUG - moveTile loop time: 50.3 ms
2026-06-24 23:28:26,758 - picamera2.picamera2 - [picamera2.py:1391] - DEBUG - Execute job: <picamera2.job.Job object at 0x7f8864a290>
2026-06-24 23:28:26,763 - mazeUtils.device.camera - [camera.py:39] - DEBUG - Average HSV: H=109.0, S=183.6, V=221.0
2026-06-24 23:28:26,810 - mazeUtils.moveTile - [moveTile.py:79] - DEBUG - roll: 358.05 deg, practicalMoveTime: 1.618515889480239 sec
2026-06-24 23:28:26,811 - mazeUtils.moveTile - [moveTile.py:1763] - DEBUG - moveTile loop time: 56.6 ms
2026-06-24 23:28:26,822 - picamera2.picamera2 - [picamera2.py:1391] - DEBUG - Execute job: <picamera2.job.Job object at 0x7fac373990>
2026-06-24 23:28:26,827 - mazeUtils.device.camera - [camera.py:39] - DEBUG - Average HSV: H=108.1, S=211.7, V=224.2
2026-06-24 23:28:26,864 - mazeUtils.moveTile - [moveTile.py:1636] - INFO - practicalVerticalMove: 17.648593461691107 CM
2026-06-24 23:28:27,243 - mazeUtils.moveTile - [moveTile.py:1867] - INFO - Set slope for tile at absDirection.NORTH, horizontal: 30 cm, vertical: 15 cm based on roll 28.340000000000032 deg
2026-06-24 23:28:27,378 - mazeUtils.moveTile - [moveTile.py:552] - DEBUG - Direction: absDirection.NORTH, Angle: 0, Distance: 10.571285983333546 cm
2026-06-24 23:28:27,379 - mazeUtils.moveTile - [moveTile.py:574] - DEBUG - Front LiDAR distance: 10.571285983333546 cm, TSD10 distance: 1.9 cm
2026-06-24 23:28:27,380 - mazeUtils.moveTile - [moveTile.py:552] - DEBUG - Direction: absDirection.EAST, Angle: 270, Distance: 179.52665479424792 cm
2026-06-24 23:28:27,382 - mazeUtils.moveTile - [moveTile.py:552] - DEBUG - Direction: absDirection.SOUTH, Angle: 180, Distance: 151.83071925758242 cm
2026-06-24 23:28:27,384 - mazeUtils.moveTile - [moveTile.py:552] - DEBUG - Direction: absDirection.WEST, Angle: 90, Distance: 18.885694026652374 cm
2026-06-24 23:28:27,386 - mazeUtils.moveTile - [moveTile.py:2119] - INFO - Tile color detection, decided tile type: E
2026-06-24 23:28:27,490 - __main__ - [main.py:105] - INFO - Current position: (17, 17, 1), front direction: absDirection.NORTH
Layer 0 (altitude=0.0cm, offset=(0.0cm, 0.0cm)):
Known map area: x=17..17, y=17..19
+   +
  E  
+   +
  E  
+   +
| U  
+   +
Layer 1 (altitude=15.0cm, offset=(0.0cm, -60.0cm)):
Known map area: x=17..17, y=17..17
+---+
| @  
+   +
mazeAsGraph[0][17][17] = {absDirection.NORTH: (17, 17, 1, 60), absDirection.EAST: (18, 17, 0, 30), absDirection.SOUTH: (17, 18, 0, 30), absDirection.WEST: (16, 17, 0, 30)}
mazeAsGraph[0][18][17] = {absDirection.NORTH: (17, 17, 0, 30), absDirection.EAST: (18, 18, 0, 30), absDirection.SOUTH: (17, 19, 0, 30), absDirection.WEST: (16, 18, 0, 30)}
mazeAsGraph[0][19][17] = {absDirection.NORTH: (17, 18, 0, 30), absDirection.EAST: (18, 19, 0, 30), absDirection.SOUTH: (17, 20, 0, 30), absDirection.WEST: None}
mazeAsGraph[1][17][17] = {absDirection.NORTH: None, absDirection.EAST: (18, 17, 1, 30), absDirection.SOUTH: (17, 17, 0, 60), absDirection.WEST: None}
2026-06-24 23:28:27,497 - mazeUtils.mazeMap - [mazeMap.py:61] - INFO - next goal: (18, 17, 1)
2026-06-24 23:28:27,503 - mazeUtils.moveTile - [moveTile.py:79] - DEBUG - Moving to absDirection.EAST from (17, 17, 1) facing absDirection.NORTH
2026-06-24 23:28:27,528 - mazeUtils.moveTile - [moveTile.py:79] - DEBUG - current heading: 359.33 target: 270
2026-06-24 23:28:28,647 - mazeUtils.moveTile - [moveTile.py:426] - DEBUG - stopped turning at heading: 275.64, diff: 5.639999999999986
2026-06-24 23:28:28,711 - mazeUtils.moveTile - [moveTile.py:79] - DEBUG - Turned to heading: 270.75 deg
2026-06-24 23:28:28,867 - mazeUtils.moveTile - [moveTile.py:79] - DEBUG - Little backward to adjust position
2026-06-24 23:28:29,137 - picamera2.picamera2 - [picamera2.py:1391] - DEBUG - Execute job: <picamera2.job.Job object at 0x7fb83692d0>
2026-06-24 23:28:29,141 - mazeUtils.device.camera - [camera.py:39] - DEBUG - Average HSV: H=115.1, S=154.7, V=181.4
2026-06-24 23:28:29,182 - mazeUtils.moveTile - [moveTile.py:79] - DEBUG - roll: 0.11000000000001364 deg, practicalMoveTime: 0.050148484866346404 sec
2026-06-24 23:28:29,183 - mazeUtils.moveTile - [moveTile.py:1763] - DEBUG - moveTile loop time: 49.6 ms
2026-06-24 23:28:29,187 - picamera2.picamera2 - [picamera2.py:1391] - DEBUG - Execute job: <picamera2.job.Job object at 0x7f88866850>
2026-06-24 23:28:29,191 - mazeUtils.device.camera - [camera.py:39] - DEBUG - Average HSV: H=115.1, S=154.4, V=182.1
2026-06-24 23:28:29,226 - mazeUtils.moveTile - [moveTile.py:79] - DEBUG - roll: 0.4300000000000068 deg, practicalMoveTime: 0.09308437981626172 sec
2026-06-24 23:28:29,226 - mazeUtils.moveTile - [moveTile.py:1763] - DEBUG - moveTile loop time: 43.1 ms
2026-06-24 23:28:29,233 - picamera2.picamera2 - [picamera2.py:1391] - DEBUG - Execute job: <picamera2.job.Job object at 0x7f88866a50>
2026-06-24 23:28:29,236 - mazeUtils.device.camera - [camera.py:39] - DEBUG - Average HSV: H=114.5, S=152.0, V=188.0
2026-06-24 23:28:29,280 - mazeUtils.moveTile - [moveTile.py:79] - DEBUG - roll: 359.15 deg, practicalMoveTime: 0.14677122543711793 sec
2026-06-24 23:28:29,280 - mazeUtils.moveTile - [moveTile.py:1763] - DEBUG - moveTile loop time: 53.9 ms
2026-06-24 23:28:29,285 - picamera2.picamera2 - [picamera2.py:1391] - DEBUG - Execute job: <picamera2.job.Job object at 0x7fac373990>
2026-06-24 23:28:29,289 - mazeUtils.device.camera - [camera.py:39] - DEBUG - Average HSV: H=113.6, S=145.7, V=196.5
2026-06-24 23:28:29,331 - mazeUtils.moveTile - [moveTile.py:79] - DEBUG - roll: 359.91 deg, practicalMoveTime: 0.19723942120974894 sec
2026-06-24 23:28:29,332 - mazeUtils.moveTile - [moveTile.py:1763] - DEBUG - moveTile loop time: 51.0 ms
2026-06-24 23:28:29,342 - picamera2.picamera2 - [picamera2.py:1391] - DEBUG - Execute job: <picamera2.job.Job object at 0x7fac373990>
2026-06-24 23:28:29,345 - mazeUtils.device.camera - [camera.py:39] - DEBUG - Average HSV: H=113.4, S=147.5, V=198.5
2026-06-24 23:28:29,379 - mazeUtils.moveTile - [moveTile.py:79] - DEBUG - roll: 358.99 deg, practicalMoveTime: 0.245012988718061 sec
2026-06-24 23:28:29,380 - mazeUtils.moveTile - [moveTile.py:1763] - DEBUG - moveTile loop time: 48.1 ms
2026-06-24 23:28:29,385 - picamera2.picamera2 - [picamera2.py:1391] - DEBUG - Execute job: <picamera2.job.Job object at 0x7fb83692d0>
2026-06-24 23:28:29,389 - mazeUtils.device.camera - [camera.py:39] - DEBUG - Average HSV: H=113.7, S=144.8, V=197.5
2026-06-24 23:28:29,420 - mazeUtils.moveTile - [moveTile.py:79] - DEBUG - roll: 0.4700000000000273 deg, practicalMoveTime: 0.28487422519964983 sec
2026-06-24 23:28:29,420 - mazeUtils.moveTile - [moveTile.py:1763] - DEBUG - moveTile loop time: 39.9 ms
2026-06-24 23:28:29,433 - picamera2.picamera2 - [picamera2.py:1391] - DEBUG - Execute job: <picamera2.job.Job object at 0x7fac1a1590>
2026-06-24 23:28:29,436 - mazeUtils.device.camera - [camera.py:39] - DEBUG - Average HSV: H=113.9, S=143.8, V=195.3
2026-06-24 23:28:29,465 - mazeUtils.moveTile - [moveTile.py:79] - DEBUG - roll: 358.53000000000003 deg, practicalMoveTime: 0.32900285115722955 sec
2026-06-24 23:28:29,465 - mazeUtils.moveTile - [moveTile.py:1763] - DEBUG - moveTile loop time: 44.4 ms
2026-06-24 23:28:29,469 - picamera2.picamera2 - [picamera2.py:1391] - DEBUG - Execute job: <picamera2.job.Job object at 0x7f888668d0>
2026-06-24 23:28:29,472 - mazeUtils.device.camera - [camera.py:39] - DEBUG - Average HSV: H=113.6, S=145.3, V=198.9
2026-06-24 23:28:29,507 - mazeUtils.moveTile - [moveTile.py:79] - DEBUG - roll: 356.29 deg, practicalMoveTime: 0.3704054266205847 sec
2026-06-24 23:28:29,507 - mazeUtils.moveTile - [moveTile.py:1763] - DEBUG - moveTile loop time: 41.7 ms
2026-06-24 23:28:29,518 - picamera2.picamera2 - [picamera2.py:1391] - DEBUG - Execute job: <picamera2.job.Job object at 0x7f88866850>
2026-06-24 23:28:29,521 - mazeUtils.device.camera - [camera.py:39] - DEBUG - Average HSV: H=112.4, S=154.3, V=207.0
2026-06-24 23:28:29,561 - mazeUtils.moveTile - [moveTile.py:79] - DEBUG - roll: 356.55 deg, practicalMoveTime: 0.4237962716616922 sec
2026-06-24 23:28:29,561 - mazeUtils.moveTile - [moveTile.py:1763] - DEBUG - moveTile loop time: 53.8 ms
2026-06-24 23:28:29,567 - picamera2.picamera2 - [picamera2.py:1391] - DEBUG - Execute job: <picamera2.job.Job object at 0x7f88866910>
2026-06-24 23:28:29,571 - mazeUtils.device.camera - [camera.py:39] - DEBUG - Average HSV: H=113.7, S=147.7, V=200.2
2026-06-24 23:28:29,605 - mazeUtils.moveTile - [moveTile.py:79] - DEBUG - roll: 1.1000000000000227 deg, practicalMoveTime: 0.4668328581433253 sec
2026-06-24 23:28:29,605 - mazeUtils.moveTile - [moveTile.py:1763] - DEBUG - moveTile loop time: 43.4 ms
2026-06-24 23:28:29,610 - picamera2.picamera2 - [picamera2.py:1391] - DEBUG - Execute job: <picamera2.job.Job object at 0x7f88866a10>
2026-06-24 23:28:29,613 - mazeUtils.device.camera - [camera.py:39] - DEBUG - Average HSV: H=114.4, S=143.9, V=194.7
2026-06-24 23:28:29,651 - mazeUtils.moveTile - [moveTile.py:79] - DEBUG - roll: 0.160000000000025 deg, practicalMoveTime: 0.5125076583204611 sec
2026-06-24 23:28:29,651 - mazeUtils.moveTile - [moveTile.py:1763] - DEBUG - moveTile loop time: 46.0 ms
2026-06-24 23:28:29,662 - picamera2.picamera2 - [picamera2.py:1391] - DEBUG - Execute job: <picamera2.job.Job object at 0x7fb83692d0>
2026-06-24 23:28:29,665 - mazeUtils.device.camera - [camera.py:39] - DEBUG - Average HSV: H=114.6, S=141.8, V=193.0
2026-06-24 23:28:29,698 - mazeUtils.moveTile - [moveTile.py:79] - DEBUG - roll: 0.9599999999999795 deg, practicalMoveTime: 0.5594400856329653 sec
2026-06-24 23:28:29,699 - mazeUtils.moveTile - [moveTile.py:1763] - DEBUG - moveTile loop time: 47.1 ms
2026-06-24 23:28:29,704 - picamera2.picamera2 - [picamera2.py:1391] - DEBUG - Execute job: <picamera2.job.Job object at 0x7f888668d0>
2026-06-24 23:28:29,707 - mazeUtils.device.camera - [camera.py:39] - DEBUG - Average HSV: H=114.0, S=144.3, V=198.1
2026-06-24 23:28:29,750 - mazeUtils.moveTile - [moveTile.py:79] - DEBUG - roll: 357.43 deg, practicalMoveTime: 0.6107208234683926 sec
2026-06-24 23:28:29,750 - mazeUtils.moveTile - [moveTile.py:1763] - DEBUG - moveTile loop time: 51.6 ms
2026-06-24 23:28:29,763 - picamera2.picamera2 - [picamera2.py:1391] - DEBUG - Execute job: <picamera2.job.Job object at 0x7fac373990>
2026-06-24 23:28:29,766 - mazeUtils.device.camera - [camera.py:39] - DEBUG - Average HSV: H=114.0, S=145.0, V=198.3
2026-06-24 23:28:29,807 - mazeUtils.moveTile - [moveTile.py:79] - DEBUG - roll: 0.8100000000000023 deg, practicalMoveTime: 0.6674532356435707 sec
2026-06-24 23:28:29,808 - mazeUtils.moveTile - [moveTile.py:1763] - DEBUG - moveTile loop time: 57.3 ms
2026-06-24 23:28:29,812 - picamera2.picamera2 - [picamera2.py:1391] - DEBUG - Execute job: <picamera2.job.Job object at 0x7fac1a1590>
2026-06-24 23:28:29,816 - mazeUtils.device.camera - [camera.py:39] - DEBUG - Average HSV: H=113.7, S=148.2, V=200.0
2026-06-24 23:28:29,849 - mazeUtils.moveTile - [moveTile.py:79] - DEBUG - roll: 358.49 deg, practicalMoveTime: 0.70843296423948 sec
2026-06-24 23:28:29,850 - mazeUtils.moveTile - [moveTile.py:1763] - DEBUG - moveTile loop time: 41.1 ms
2026-06-24 23:28:29,855 - picamera2.picamera2 - [picamera2.py:1391] - DEBUG - Execute job: <picamera2.job.Job object at 0x7fac373990>
2026-06-24 23:28:29,858 - mazeUtils.device.camera - [camera.py:39] - DEBUG - Average HSV: H=113.8, S=147.4, V=198.1
2026-06-24 23:28:29,907 - mazeUtils.moveTile - [moveTile.py:79] - DEBUG - roll: 3.769999999999982 deg, practicalMoveTime: 0.7652540431392526 sec
2026-06-24 23:28:29,907 - mazeUtils.moveTile - [moveTile.py:1763] - DEBUG - moveTile loop time: 57.0 ms
2026-06-24 23:28:29,917 - picamera2.picamera2 - [picamera2.py:1391] - DEBUG - Execute job: <picamera2.job.Job object at 0x7f88866810>
2026-06-24 23:28:29,920 - mazeUtils.device.camera - [camera.py:39] - DEBUG - Average HSV: H=114.0, S=145.8, V=196.6
2026-06-24 23:28:29,951 - mazeUtils.moveTile - [moveTile.py:79] - DEBUG - roll: 358.76 deg, practicalMoveTime: 0.8094950173635183 sec
2026-06-24 23:28:29,952 - mazeUtils.moveTile - [moveTile.py:1763] - DEBUG - moveTile loop time: 44.5 ms
2026-06-24 23:28:29,960 - picamera2.picamera2 - [picamera2.py:1391] - DEBUG - Execute job: <picamera2.job.Job object at 0x7fac373990>
2026-06-24 23:28:29,963 - mazeUtils.device.camera - [camera.py:39] - DEBUG - Average HSV: H=113.3, S=150.0, V=203.4
2026-06-24 23:28:30,004 - mazeUtils.moveTile - [moveTile.py:1636] - INFO - practicalVerticalMove: -0.31096952347021906 CM
2026-06-24 23:28:30,052 - mazeUtils.moveTile - [moveTile.py:1959] - INFO - Set moved vertical distance: -0.31096952347021906 cm, past distances: [(0, False), (0, False), (0, False)]
2026-06-24 23:28:30,191 - mazeUtils.moveTile - [moveTile.py:552] - DEBUG - Direction: absDirection.NORTH, Angle: 90, Distance: 16.18438870208232 cm
2026-06-24 23:28:30,192 - mazeUtils.moveTile - [moveTile.py:552] - DEBUG - Direction: absDirection.EAST, Angle: 0, Distance: 148.72098091614168 cm
2026-06-24 23:28:30,192 - mazeUtils.moveTile - [moveTile.py:574] - DEBUG - Front LiDAR distance: 148.72098091614168 cm, TSD10 distance: 96.1 cm
2026-06-24 23:28:30,193 - mazeUtils.moveTile - [moveTile.py:552] - DEBUG - Direction: absDirection.SOUTH, Angle: 270, Distance: 160.98698545174796 cm
2026-06-24 23:28:30,195 - mazeUtils.moveTile - [moveTile.py:552] - DEBUG - Direction: absDirection.WEST, Angle: 180, Distance: 51.70367692940926 cm
2026-06-24 23:28:30,198 - mazeUtils.moveTile - [moveTile.py:2119] - INFO - Tile color detection, decided tile type: E
2026-06-24 23:28:30,272 - __main__ - [main.py:105] - INFO - Current position: (18, 17, 1), front direction: absDirection.EAST
Layer 0 (altitude=0.0cm, offset=(0.0cm, 0.0cm)):
Known map area: x=17..17, y=17..19
+   +
  E  
+   +
  E  
+   +
| U  
+   +
Layer 1 (altitude=15.0cm, offset=(0.0cm, -60.0cm)):
Known map area: x=17..18, y=17..17
+---+---+
| E   @  
+   +   +
mazeAsGraph[0][17][17] = {absDirection.NORTH: (17, 17, 1, 60), absDirection.EAST: (18, 17, 0, 30), absDirection.SOUTH: (17, 18, 0, 30), absDirection.WEST: (16, 17, 0, 30)}
mazeAsGraph[0][18][17] = {absDirection.NORTH: (17, 17, 0, 30), absDirection.EAST: (18, 18, 0, 30), absDirection.SOUTH: (17, 19, 0, 30), absDirection.WEST: (16, 18, 0, 30)}
mazeAsGraph[0][19][17] = {absDirection.NORTH: (17, 18, 0, 30), absDirection.EAST: (18, 19, 0, 30), absDirection.SOUTH: (17, 20, 0, 30), absDirection.WEST: None}
mazeAsGraph[1][17][17] = {absDirection.NORTH: None, absDirection.EAST: (18, 17, 1, 30), absDirection.SOUTH: (17, 17, 0, 60), absDirection.WEST: None}
mazeAsGraph[1][17][18] = {absDirection.NORTH: None, absDirection.EAST: (19, 17, 1, 30), absDirection.SOUTH: (18, 18, 1, 30), absDirection.WEST: (17, 17, 1, 30)}
2026-06-24 23:28:30,280 - mazeUtils.mazeMap - [mazeMap.py:61] - INFO - next goal: (19, 17, 1)
2026-06-24 23:28:30,289 - mazeUtils.moveTile - [moveTile.py:79] - DEBUG - Moving to absDirection.EAST from (18, 17, 1) facing absDirection.EAST
2026-06-24 23:28:30,315 - mazeUtils.moveTile - [moveTile.py:79] - DEBUG - current heading: 269.82 target: 270
2026-06-24 23:28:30,334 - mazeUtils.moveTile - [moveTile.py:426] - DEBUG - stopped turning at heading: 269.82, diff: 0.18000000000000682
2026-06-24 23:28:30,379 - mazeUtils.moveTile - [moveTile.py:79] - DEBUG - Turned to heading: 269.81 deg
2026-06-24 23:28:30,647 - picamera2.picamera2 - [picamera2.py:1391] - DEBUG - Execute job: <picamera2.job.Job object at 0x7f92ce5350>
2026-06-24 23:28:30,651 - mazeUtils.device.camera - [camera.py:39] - DEBUG - Average HSV: H=114.4, S=142.3, V=191.6
2026-06-24 23:28:30,684 - mazeUtils.moveTile - [moveTile.py:79] - DEBUG - roll: 358.63 deg, practicalMoveTime: 0.04766502242184966 sec
2026-06-24 23:28:30,685 - mazeUtils.moveTile - [moveTile.py:1763] - DEBUG - moveTile loop time: 46.5 ms
2026-06-24 23:28:30,690 - picamera2.picamera2 - [picamera2.py:1391] - DEBUG - Execute job: <picamera2.job.Job object at 0x7f92ce5350>
2026-06-24 23:28:30,694 - mazeUtils.device.camera - [camera.py:39] - DEBUG - Average HSV: H=114.1, S=144.3, V=194.0
2026-06-24 23:28:30,736 - mazeUtils.moveTile - [moveTile.py:79] - DEBUG - roll: 0.09000000000003183 deg, practicalMoveTime: 0.09830306721038737 sec
2026-06-24 23:28:30,736 - mazeUtils.moveTile - [moveTile.py:1763] - DEBUG - moveTile loop time: 50.9 ms
2026-06-24 23:28:30,747 - picamera2.picamera2 - [picamera2.py:1391] - DEBUG - Execute job: <picamera2.job.Job object at 0x7f92ce6050>
2026-06-24 23:28:30,750 - mazeUtils.device.camera - [camera.py:39] - DEBUG - Average HSV: H=128.1, S=89.2, V=139.8
2026-06-24 23:28:30,786 - mazeUtils.moveTile - [moveTile.py:79] - DEBUG - roll: 359.3 deg, practicalMoveTime: 0.14803112674907348 sec
2026-06-24 23:28:30,786 - mazeUtils.moveTile - [moveTile.py:1763] - DEBUG - moveTile loop time: 50.0 ms
2026-06-24 23:28:30,791 - picamera2.picamera2 - [picamera2.py:1391] - DEBUG - Execute job: <picamera2.job.Job object at 0x7f92ce6050>
2026-06-24 23:28:30,794 - mazeUtils.device.camera - [camera.py:39] - DEBUG - Average HSV: H=125.3, S=94.2, V=144.1
2026-06-24 23:28:30,832 - mazeUtils.moveTile - [moveTile.py:79] - DEBUG - roll: 358.67 deg, practicalMoveTime: 0.19384158143848007 sec
2026-06-24 23:28:30,833 - mazeUtils.moveTile - [moveTile.py:1763] - DEBUG - moveTile loop time: 46.4 ms
2026-06-24 23:28:30,844 - picamera2.picamera2 - [picamera2.py:1391] - DEBUG - Execute job: <picamera2.job.Job object at 0x7f92ce4990>
2026-06-24 23:28:30,848 - mazeUtils.device.camera - [camera.py:39] - DEBUG - Average HSV: H=127.6, S=86.1, V=135.7
2026-06-24 23:28:30,895 - mazeUtils.moveTile - [moveTile.py:79] - DEBUG - roll: 359.09000000000003 deg, practicalMoveTime: 0.25552517577282036 sec
2026-06-24 23:28:30,895 - mazeUtils.moveTile - [moveTile.py:1763] - DEBUG - moveTile loop time: 61.8 ms
2026-06-24 23:28:30,900 - picamera2.picamera2 - [picamera2.py:1391] - DEBUG - Execute job: <picamera2.job.Job object at 0x7f92ce57d0>
2026-06-24 23:28:30,904 - mazeUtils.device.camera - [camera.py:39] - DEBUG - Average HSV: H=131.1, S=77.6, V=126.6
2026-06-24 23:28:30,940 - mazeUtils.moveTile - [moveTile.py:79] - DEBUG - roll: 358.47 deg, practicalMoveTime: 0.30055290816048713 sec
2026-06-24 23:28:30,941 - mazeUtils.moveTile - [moveTile.py:1763] - DEBUG - moveTile loop time: 45.4 ms
2026-06-24 23:28:30,953 - picamera2.picamera2 - [picamera2.py:1391] - DEBUG - Execute job: <picamera2.job.Job object at 0x7f92ce50d0>
2026-06-24 23:28:30,956 - mazeUtils.device.camera - [camera.py:39] - DEBUG - Average HSV: H=132.3, S=75.0, V=123.7
2026-06-24 23:28:30,996 - mazeUtils.moveTile - [moveTile.py:79] - DEBUG - roll: 359.9 deg, practicalMoveTime: 0.35601486859616194 sec
2026-06-24 23:28:30,997 - mazeUtils.moveTile - [moveTile.py:1763] - DEBUG - moveTile loop time: 55.8 ms
2026-06-24 23:28:31,001 - picamera2.picamera2 - [picamera2.py:1391] - DEBUG - Execute job: <picamera2.job.Job object at 0x7f92ce5350>
2026-06-24 23:28:31,004 - mazeUtils.device.camera - [camera.py:39] - DEBUG - Average HSV: H=134.7, S=70.3, V=119.1
2026-06-24 23:28:31,038 - mazeUtils.moveTile - [moveTile.py:79] - DEBUG - roll: 359.87 deg, practicalMoveTime: 0.39718443612529203 sec
2026-06-24 23:28:31,039 - mazeUtils.moveTile - [moveTile.py:1763] - DEBUG - moveTile loop time: 41.7 ms
2026-06-24 23:28:31,047 - picamera2.picamera2 - [picamera2.py:1391] - DEBUG - Execute job: <picamera2.job.Job object at 0x7f92ce50d0>
2026-06-24 23:28:31,051 - mazeUtils.device.camera - [camera.py:39] - DEBUG - Average HSV: H=132.9, S=73.2, V=123.1
2026-06-24 23:28:31,086 - mazeUtils.moveTile - [moveTile.py:79] - DEBUG - roll: 355.88 deg, practicalMoveTime: 0.4442953203442516 sec
2026-06-24 23:28:31,087 - mazeUtils.moveTile - [moveTile.py:1763] - DEBUG - moveTile loop time: 47.3 ms
2026-06-24 23:28:31,092 - picamera2.picamera2 - [picamera2.py:1391] - DEBUG - Execute job: <picamera2.job.Job object at 0x7fac373990>
2026-06-24 23:28:31,095 - mazeUtils.device.camera - [camera.py:39] - DEBUG - Average HSV: H=123.4, S=99.9, V=146.6
2026-06-24 23:28:31,128 - mazeUtils.moveTile - [moveTile.py:79] - DEBUG - roll: 352.52 deg, practicalMoveTime: 0.4856220143275941 sec
2026-06-24 23:28:31,129 - mazeUtils.moveTile - [moveTile.py:1763] - DEBUG - moveTile loop time: 42.0 ms
2026-06-24 23:28:31,139 - picamera2.picamera2 - [picamera2.py:1391] - DEBUG - Execute job: <picamera2.job.Job object at 0x7f92ce4990>
2026-06-24 23:28:31,142 - mazeUtils.device.camera - [camera.py:39] - DEBUG - Average HSV: H=122.0, S=105.1, V=153.0
2026-06-24 23:28:31,177 - mazeUtils.moveTile - [moveTile.py:79] - DEBUG - roll: 346.67 deg, practicalMoveTime: 0.5330994030524173 sec
2026-06-24 23:28:31,177 - mazeUtils.moveTile - [moveTile.py:1763] - DEBUG - moveTile loop time: 48.1 ms
2026-06-24 23:28:31,181 - picamera2.picamera2 - [picamera2.py:1391] - DEBUG - Execute job: <picamera2.job.Job object at 0x7f92ce4990>
2026-06-24 23:28:31,185 - mazeUtils.device.camera - [camera.py:39] - DEBUG - Average HSV: H=115.4, S=142.3, V=184.8
2026-06-24 23:28:31,217 - mazeUtils.moveTile - [moveTile.py:79] - DEBUG - roll: 344.74 deg, practicalMoveTime: 0.5752743877899325 sec
2026-06-24 23:28:31,217 - mazeUtils.moveTile - [moveTile.py:1763] - DEBUG - moveTile loop time: 39.9 ms
2026-06-24 23:28:31,229 - picamera2.picamera2 - [picamera2.py:1391] - DEBUG - Execute job: <picamera2.job.Job object at 0x7f92ce61d0>
2026-06-24 23:28:31,232 - mazeUtils.device.camera - [camera.py:39] - DEBUG - Average HSV: H=113.0, S=162.9, V=203.8
2026-06-24 23:28:31,265 - mazeUtils.moveTile - [moveTile.py:79] - DEBUG - roll: 343.19 deg, practicalMoveTime: 0.6258926385651119 sec
2026-06-24 23:28:31,266 - mazeUtils.moveTile - [moveTile.py:1763] - DEBUG - moveTile loop time: 48.2 ms
2026-06-24 23:28:31,272 - picamera2.picamera2 - [picamera2.py:1391] - DEBUG - Execute job: <picamera2.job.Job object at 0x7fac373990>
2026-06-24 23:28:31,275 - mazeUtils.device.camera - [camera.py:39] - DEBUG - Average HSV: H=111.3, S=177.0, V=215.2
2026-06-24 23:28:31,313 - mazeUtils.moveTile - [moveTile.py:79] - DEBUG - roll: 336.14 deg, practicalMoveTime: 0.6732342686117285 sec
2026-06-24 23:28:31,313 - mazeUtils.moveTile - [moveTile.py:1763] - DEBUG - moveTile loop time: 47.0 ms
2026-06-24 23:28:31,325 - picamera2.picamera2 - [picamera2.py:1391] - DEBUG - Execute job: <picamera2.job.Job object at 0x7f886fbc90>
2026-06-24 23:28:31,330 - mazeUtils.device.camera - [camera.py:39] - DEBUG - Average HSV: H=109.7, S=195.4, V=224.0
2026-06-24 23:28:31,364 - mazeUtils.moveTile - [moveTile.py:79] - DEBUG - roll: 334.61 deg, practicalMoveTime: 0.7241228088696228 sec
2026-06-24 23:28:31,365 - mazeUtils.moveTile - [moveTile.py:1763] - DEBUG - moveTile loop time: 51.6 ms
2026-06-24 23:28:31,369 - picamera2.picamera2 - [picamera2.py:1391] - DEBUG - Execute job: <picamera2.job.Job object at 0x7fac373990>
2026-06-24 23:28:31,373 - mazeUtils.device.camera - [camera.py:39] - DEBUG - Average HSV: H=110.0, S=193.7, V=222.8
2026-06-24 23:28:31,410 - mazeUtils.moveTile - [moveTile.py:79] - DEBUG - roll: 333.15 deg, practicalMoveTime: 0.7684997943489259 sec
2026-06-24 23:28:31,410 - mazeUtils.moveTile - [moveTile.py:1763] - DEBUG - moveTile loop time: 45.1 ms
2026-06-24 23:28:31,415 - picamera2.picamera2 - [picamera2.py:1391] - DEBUG - Execute job: <picamera2.job.Job object at 0x7f92ce6050>
2026-06-24 23:28:31,419 - mazeUtils.device.camera - [camera.py:39] - DEBUG - Average HSV: H=109.5, S=205.2, V=223.8
2026-06-24 23:28:31,461 - mazeUtils.moveTile - [moveTile.py:79] - DEBUG - roll: 333.89 deg, practicalMoveTime: 0.8179721244129052 sec
2026-06-24 23:28:31,461 - mazeUtils.moveTile - [moveTile.py:1763] - DEBUG - moveTile loop time: 50.7 ms
2026-06-24 23:28:31,471 - picamera2.picamera2 - [picamera2.py:1391] - DEBUG - Execute job: <picamera2.job.Job object at 0x7f886fbc90>
2026-06-24 23:28:31,476 - mazeUtils.device.camera - [camera.py:39] - DEBUG - Average HSV: H=110.1, S=190.6, V=222.0
2026-06-24 23:28:31,522 - picamera2.picamera2 - [picamera2.py:1391] - DEBUG - Execute job: <picamera2.job.Job object at 0x7f92ce4990>
2026-06-24 23:28:31,525 - mazeUtils.device.camera - [camera.py:39] - DEBUG - Average HSV: H=109.8, S=198.0, V=223.0
2026-06-24 23:28:31,560 - mazeUtils.moveTile - [moveTile.py:79] - DEBUG - roll: 333.13 deg, practicalMoveTime: 0.9152575657936363 sec
2026-06-24 23:28:31,560 - mazeUtils.moveTile - [moveTile.py:1763] - DEBUG - moveTile loop time: 42.6 ms
2026-06-24 23:28:31,566 - picamera2.picamera2 - [picamera2.py:1391] - DEBUG - Execute job: <picamera2.job.Job object at 0x7fabe99210>
2026-06-24 23:28:31,571 - mazeUtils.device.camera - [camera.py:39] - DEBUG - Average HSV: H=109.2, S=198.3, V=224.7
2026-06-24 23:28:31,613 - mazeUtils.moveTile - [moveTile.py:79] - DEBUG - roll: 334.2 deg, practicalMoveTime: 0.9666184848299504 sec
2026-06-24 23:28:31,613 - mazeUtils.moveTile - [moveTile.py:1763] - DEBUG - moveTile loop time: 51.5 ms
2026-06-24 23:28:31,626 - picamera2.picamera2 - [picamera2.py:1391] - DEBUG - Execute job: <picamera2.job.Job object at 0x7f92ce57d0>
2026-06-24 23:28:31,629 - mazeUtils.device.camera - [camera.py:39] - DEBUG - Average HSV: H=111.1, S=167.5, V=197.9
2026-06-24 23:28:31,669 - mazeUtils.moveTile - [moveTile.py:79] - DEBUG - roll: 333.67 deg, practicalMoveTime: 1.0220966807944127 sec
2026-06-24 23:28:31,670 - mazeUtils.moveTile - [moveTile.py:1763] - DEBUG - moveTile loop time: 56.4 ms
2026-06-24 23:28:31,675 - picamera2.picamera2 - [picamera2.py:1391] - DEBUG - Execute job: <picamera2.job.Job object at 0x7f92ce5b10>
2026-06-24 23:28:31,679 - mazeUtils.device.camera - [camera.py:39] - DEBUG - Average HSV: H=110.4, S=172.2, V=199.4
2026-06-24 23:28:31,721 - mazeUtils.moveTile - [moveTile.py:79] - DEBUG - roll: 334.95 deg, practicalMoveTime: 1.072893919452924 sec
2026-06-24 23:28:31,721 - mazeUtils.moveTile - [moveTile.py:1763] - DEBUG - moveTile loop time: 51.1 ms
2026-06-24 23:28:31,732 - picamera2.picamera2 - [picamera2.py:1391] - DEBUG - Execute job: <picamera2.job.Job object at 0x7f92ce61d0>
2026-06-24 23:28:31,735 - mazeUtils.device.camera - [camera.py:39] - DEBUG - Average HSV: H=110.6, S=175.8, V=199.9
2026-06-24 23:28:31,769 - mazeUtils.moveTile - [moveTile.py:79] - DEBUG - roll: 333.57 deg, practicalMoveTime: 1.1200408737847476 sec
2026-06-24 23:28:31,770 - mazeUtils.moveTile - [moveTile.py:1763] - DEBUG - moveTile loop time: 47.9 ms
2026-06-24 23:28:31,779 - picamera2.picamera2 - [picamera2.py:1391] - DEBUG - Execute job: <picamera2.job.Job object at 0x7f92ce5b10>
2026-06-24 23:28:31,782 - mazeUtils.device.camera - [camera.py:39] - DEBUG - Average HSV: H=109.1, S=206.7, V=203.1
2026-06-24 23:28:31,821 - mazeUtils.moveTile - [moveTile.py:79] - DEBUG - roll: 332.88 deg, practicalMoveTime: 1.1699660722598484 sec
2026-06-24 23:28:31,822 - mazeUtils.moveTile - [moveTile.py:1763] - DEBUG - moveTile loop time: 51.2 ms
2026-06-24 23:28:31,827 - picamera2.picamera2 - [picamera2.py:1391] - DEBUG - Execute job: <picamera2.job.Job object at 0x7f92ce5350>
2026-06-24 23:28:31,830 - mazeUtils.device.camera - [camera.py:39] - DEBUG - Average HSV: H=109.0, S=204.6, V=205.3
2026-06-24 23:28:31,868 - mazeUtils.moveTile - [moveTile.py:79] - DEBUG - roll: 333.38 deg, practicalMoveTime: 1.2152570431539873 sec
2026-06-24 23:28:31,868 - mazeUtils.moveTile - [moveTile.py:1763] - DEBUG - moveTile loop time: 46.4 ms
2026-06-24 23:28:31,881 - picamera2.picamera2 - [picamera2.py:1391] - DEBUG - Execute job: <picamera2.job.Job object at 0x7fabe99210>
2026-06-24 23:28:31,884 - mazeUtils.device.camera - [camera.py:39] - DEBUG - Average HSV: H=108.8, S=213.4, V=204.5
2026-06-24 23:28:31,925 - mazeUtils.moveTile - [moveTile.py:79] - DEBUG - roll: 333.64 deg, practicalMoveTime: 1.2712527974224028 sec
2026-06-24 23:28:31,925 - mazeUtils.moveTile - [moveTile.py:1763] - DEBUG - moveTile loop time: 57.1 ms
2026-06-24 23:28:31,931 - picamera2.picamera2 - [picamera2.py:1391] - DEBUG - Execute job: <picamera2.job.Job object at 0x7f886fbc90>
2026-06-24 23:28:31,934 - mazeUtils.device.camera - [camera.py:39] - DEBUG - Average HSV: H=109.0, S=209.9, V=196.8
2026-06-24 23:28:31,977 - mazeUtils.moveTile - [moveTile.py:79] - DEBUG - roll: 335.36 deg, practicalMoveTime: 1.3226266595402842 sec
2026-06-24 23:28:31,978 - mazeUtils.moveTile - [moveTile.py:1763] - DEBUG - moveTile loop time: 51.8 ms
2026-06-24 23:28:31,984 - picamera2.picamera2 - [picamera2.py:1391] - DEBUG - Execute job: <picamera2.job.Job object at 0x7f92ce61d0>
2026-06-24 23:28:31,988 - mazeUtils.device.camera - [camera.py:39] - DEBUG - Average HSV: H=109.0, S=202.4, V=197.6
2026-06-24 23:28:32,025 - mazeUtils.moveTile - [moveTile.py:79] - DEBUG - roll: 339.63 deg, practicalMoveTime: 1.3708732436527438 sec
2026-06-24 23:28:32,025 - mazeUtils.moveTile - [moveTile.py:1763] - DEBUG - moveTile loop time: 47.2 ms
2026-06-24 23:28:32,030 - picamera2.picamera2 - [picamera2.py:1391] - DEBUG - Execute job: <picamera2.job.Job object at 0x7f92ce61d0>
2026-06-24 23:28:32,033 - mazeUtils.device.camera - [camera.py:39] - DEBUG - Average HSV: H=109.5, S=189.1, V=202.6
2026-06-24 23:28:32,071 - mazeUtils.moveTile - [moveTile.py:79] - DEBUG - roll: 342.27 deg, practicalMoveTime: 1.4182549310900852 sec
2026-06-24 23:28:32,071 - mazeUtils.moveTile - [moveTile.py:1763] - DEBUG - moveTile loop time: 45.8 ms
2026-06-24 23:28:32,083 - picamera2.picamera2 - [picamera2.py:1391] - DEBUG - Execute job: <picamera2.job.Job object at 0x7f886fbc90>
2026-06-24 23:28:32,085 - mazeUtils.device.camera - [camera.py:39] - DEBUG - Average HSV: H=109.4, S=183.8, V=206.3
2026-06-24 23:28:32,123 - mazeUtils.moveTile - [moveTile.py:79] - DEBUG - roll: 346.32 deg, practicalMoveTime: 1.4724048430345786 sec
2026-06-24 23:28:32,123 - mazeUtils.moveTile - [moveTile.py:1763] - DEBUG - moveTile loop time: 51.5 ms
2026-06-24 23:28:32,131 - picamera2.picamera2 - [picamera2.py:1391] - DEBUG - Execute job: <picamera2.job.Job object at 0x7fac373990>
2026-06-24 23:28:32,134 - mazeUtils.device.camera - [camera.py:39] - DEBUG - Average HSV: H=108.7, S=195.8, V=210.7
2026-06-24 23:28:32,173 - mazeUtils.moveTile - [moveTile.py:79] - DEBUG - roll: 349.6 deg, practicalMoveTime: 1.525848183639464 sec
2026-06-24 23:28:32,174 - mazeUtils.moveTile - [moveTile.py:1763] - DEBUG - moveTile loop time: 50.0 ms
2026-06-24 23:28:32,185 - picamera2.picamera2 - [picamera2.py:1391] - DEBUG - Execute job: <picamera2.job.Job object at 0x7f92ce5b10>
2026-06-24 23:28:32,188 - mazeUtils.device.camera - [camera.py:39] - DEBUG - Average HSV: H=109.0, S=163.4, V=221.6
2026-06-24 23:28:32,222 - mazeUtils.moveTile - [moveTile.py:79] - DEBUG - roll: 352.49 deg, practicalMoveTime: 1.5740877842955092 sec
2026-06-24 23:28:32,223 - mazeUtils.moveTile - [moveTile.py:1763] - DEBUG - moveTile loop time: 49.0 ms
2026-06-24 23:28:32,228 - picamera2.picamera2 - [picamera2.py:1391] - DEBUG - Execute job: <picamera2.job.Job object at 0x7f886fbc90>
2026-06-24 23:28:32,231 - mazeUtils.device.camera - [camera.py:39] - DEBUG - Average HSV: H=108.3, S=170.7, V=226.3
2026-06-24 23:28:32,263 - mazeUtils.moveTile - [moveTile.py:79] - DEBUG - roll: 353.31 deg, practicalMoveTime: 1.613700901990594 sec
2026-06-24 23:28:32,263 - mazeUtils.moveTile - [moveTile.py:1763] - DEBUG - moveTile loop time: 40.1 ms
2026-06-24 23:28:32,276 - picamera2.picamera2 - [picamera2.py:1391] - DEBUG - Execute job: <picamera2.job.Job object at 0x7f92ce5350>
2026-06-24 23:28:32,279 - mazeUtils.device.camera - [camera.py:39] - DEBUG - Average HSV: H=107.7, S=174.8, V=230.7
2026-06-24 23:28:32,319 - mazeUtils.moveTile - [moveTile.py:1636] - INFO - practicalVerticalMove: -17.13586904822177 CM
2026-06-24 23:28:32,365 - mazeUtils.moveTile - [moveTile.py:79] - DEBUG - Little forward to adjust position
2026-06-24 23:28:32,535 - mazeUtils.moveTile - [moveTile.py:1867] - INFO - Set slope for tile at absDirection.EAST, horizontal: 30 cm, vertical: -15 cm based on roll 335.32 deg
2026-06-24 23:28:32,687 - mazeUtils.moveTile - [moveTile.py:552] - DEBUG - Direction: absDirection.NORTH, Angle: 90, Distance: 16.295199430653387 cm
2026-06-24 23:28:32,689 - mazeUtils.moveTile - [moveTile.py:552] - DEBUG - Direction: absDirection.EAST, Angle: 0, Distance: 13.604191899826356 cm
2026-06-24 23:28:32,689 - mazeUtils.moveTile - [moveTile.py:574] - DEBUG - Front LiDAR distance: 13.604191899826356 cm, TSD10 distance: 2.1 cm
2026-06-24 23:28:32,692 - mazeUtils.moveTile - [moveTile.py:552] - DEBUG - Direction: absDirection.SOUTH, Angle: 270, Distance: 165.81696839183073 cm
2026-06-24 23:28:32,694 - mazeUtils.moveTile - [moveTile.py:552] - DEBUG - Direction: absDirection.WEST, Angle: 180, Distance: 45.015867575196204 cm
2026-06-24 23:28:32,698 - mazeUtils.moveTile - [moveTile.py:2119] - INFO - Tile color detection, decided tile type: E
2026-06-24 23:28:32,789 - __main__ - [main.py:105] - INFO - Current position: (20, 15, 0), front direction: absDirection.EAST
Layer 0 (altitude=0.0cm, offset=(0.0cm, 0.0cm)):
Known map area: x=17..20, y=15..19
+   +   +   +---+
  U   U   U   @ |
+   +   +   +   +
  U   U   U   U  
+   +   +   +   +
  E   U   U   U  
+   +   +   +   +
  E   U   U   U  
+   +   +   +   +
| U   U   U   U  
+   +   +   +   +
Layer 1 (altitude=15.0cm, offset=(0.0cm, -60.0cm)):
Known map area: x=17..18, y=17..17
+---+---+
| E   E  
+   +   +
mazeAsGraph[0][15][20] = {absDirection.NORTH: None, absDirection.EAST: None, absDirection.SOUTH: (20, 16, 0, 30), absDirection.WEST: (18, 17, 1, 60)}
mazeAsGraph[0][17][17] = {absDirection.NORTH: (17, 17, 1, 60), absDirection.EAST: (18, 17, 0, 30), absDirection.SOUTH: (17, 18, 0, 30), absDirection.WEST: (16, 17, 0, 30)}
mazeAsGraph[0][18][17] = {absDirection.NORTH: (17, 17, 0, 30), absDirection.EAST: (18, 18, 0, 30), absDirection.SOUTH: (17, 19, 0, 30), absDirection.WEST: (16, 18, 0, 30)}
mazeAsGraph[0][19][17] = {absDirection.NORTH: (17, 18, 0, 30), absDirection.EAST: (18, 19, 0, 30), absDirection.SOUTH: (17, 20, 0, 30), absDirection.WEST: None}
mazeAsGraph[1][17][17] = {absDirection.NORTH: None, absDirection.EAST: (18, 17, 1, 30), absDirection.SOUTH: (17, 17, 0, 60), absDirection.WEST: None}
mazeAsGraph[1][17][18] = {absDirection.NORTH: None, absDirection.EAST: (20, 15, 0, 60), absDirection.SOUTH: (18, 18, 1, 30), absDirection.WEST: (17, 17, 1, 30)}
2026-06-24 23:28:32,795 - mazeUtils.mazeMap - [mazeMap.py:61] - INFO - next goal: (20, 16, 0)
2026-06-24 23:28:32,801 - mazeUtils.moveTile - [moveTile.py:79] - DEBUG - Moving to absDirection.SOUTH from (20, 15, 0) facing absDirection.EAST
2026-06-24 23:28:32,829 - mazeUtils.moveTile - [moveTile.py:79] - DEBUG - current heading: 269.23999999999995 target: 180
2026-06-24 23:28:33,860 - mazeUtils.moveTile - [moveTile.py:426] - DEBUG - stopped turning at heading: 184.17999999999998, diff: 4.179999999999978
2026-06-24 23:28:33,910 - mazeUtils.moveTile - [moveTile.py:79] - DEBUG - Turned to heading: 180.80999999999997 deg
2026-06-24 23:28:34,079 - mazeUtils.moveTile - [moveTile.py:79] - DEBUG - Little backward to adjust position
2026-06-24 23:28:34,426 - picamera2.picamera2 - [picamera2.py:1391] - DEBUG - Execute job: <picamera2.job.Job object at 0x7f888c4850>
2026-06-24 23:28:34,430 - mazeUtils.device.camera - [camera.py:39] - DEBUG - Average HSV: H=114.9, S=102.6, V=203.0
2026-06-24 23:28:34,471 - mazeUtils.moveTile - [moveTile.py:79] - DEBUG - roll: 0.6100000000000136 deg, practicalMoveTime: 0.05021353784566291 sec
2026-06-24 23:28:34,471 - mazeUtils.moveTile - [moveTile.py:1763] - DEBUG - moveTile loop time: 49.8 ms
2026-06-24 23:28:34,482 - picamera2.picamera2 - [picamera2.py:1391] - DEBUG - Execute job: <picamera2.job.Job object at 0x7f88c05b10>
2026-06-24 23:28:34,485 - mazeUtils.device.camera - [camera.py:39] - DEBUG - Average HSV: H=115.5, S=99.0, V=201.9
2026-06-24 23:28:34,520 - mazeUtils.moveTile - [moveTile.py:79] - DEBUG - roll: 0.4399999999999977 deg, practicalMoveTime: 0.0992377071531245 sec
2026-06-24 23:28:34,521 - mazeUtils.moveTile - [moveTile.py:1763] - DEBUG - moveTile loop time: 49.3 ms
2026-06-24 23:28:34,526 - picamera2.picamera2 - [picamera2.py:1391] - DEBUG - Execute job: <picamera2.job.Job object at 0x7f92c57550>
2026-06-24 23:28:34,529 - mazeUtils.device.camera - [camera.py:39] - DEBUG - Average HSV: H=114.8, S=100.8, V=205.5
2026-06-24 23:28:34,567 - mazeUtils.moveTile - [moveTile.py:79] - DEBUG - roll: 358.88 deg, practicalMoveTime: 0.14501132980968964 sec
2026-06-24 23:28:34,567 - mazeUtils.moveTile - [moveTile.py:1763] - DEBUG - moveTile loop time: 45.9 ms
2026-06-24 23:28:34,577 - picamera2.picamera2 - [picamera2.py:1391] - DEBUG - Execute job: <picamera2.job.Job object at 0x7f93d6ae50>
2026-06-24 23:28:34,580 - mazeUtils.device.camera - [camera.py:39] - DEBUG - Average HSV: H=115.2, S=90.1, V=207.6
2026-06-24 23:28:34,613 - mazeUtils.moveTile - [moveTile.py:79] - DEBUG - roll: 0.060000000000002274 deg, practicalMoveTime: 0.1913964495280131 sec
2026-06-24 23:28:34,614 - mazeUtils.moveTile - [moveTile.py:1763] - DEBUG - moveTile loop time: 46.6 ms
2026-06-24 23:28:34,624 - picamera2.picamera2 - [picamera2.py:1391] - DEBUG - Execute job: <picamera2.job.Job object at 0x7f88649f90>
2026-06-24 23:28:34,627 - mazeUtils.device.camera - [camera.py:39] - DEBUG - Average HSV: H=114.6, S=91.5, V=209.3
2026-06-24 23:28:34,662 - mazeUtils.moveTile - [moveTile.py:79] - DEBUG - roll: 359.04 deg, practicalMoveTime: 0.23905458061179669 sec
2026-06-24 23:28:34,662 - mazeUtils.moveTile - [moveTile.py:1763] - DEBUG - moveTile loop time: 48.1 ms
2026-06-24 23:28:34,667 - picamera2.picamera2 - [picamera2.py:1391] - DEBUG - Execute job: <picamera2.job.Job object at 0x7f92c57550>
2026-06-24 23:28:34,670 - mazeUtils.device.camera - [camera.py:39] - DEBUG - Average HSV: H=115.5, S=85.8, V=207.7
2026-06-24 23:28:34,702 - mazeUtils.moveTile - [moveTile.py:79] - DEBUG - roll: 0.20999999999997954 deg, practicalMoveTime: 0.27843267423913337 sec
2026-06-24 23:28:34,702 - mazeUtils.moveTile - [moveTile.py:1763] - DEBUG - moveTile loop time: 39.5 ms
2026-06-24 23:28:34,707 - picamera2.picamera2 - [picamera2.py:1391] - DEBUG - Execute job: <picamera2.job.Job object at 0x7f88c05b10>
2026-06-24 23:28:34,710 - mazeUtils.device.camera - [camera.py:39] - DEBUG - Average HSV: H=116.3, S=81.2, V=207.1
2026-06-24 23:28:34,751 - mazeUtils.moveTile - [moveTile.py:79] - DEBUG - roll: 0.22000000000002728 deg, practicalMoveTime: 0.3275144496951903 sec
2026-06-24 23:28:34,752 - mazeUtils.moveTile - [moveTile.py:1763] - DEBUG - moveTile loop time: 49.6 ms
2026-06-24 23:28:34,758 - picamera2.picamera2 - [picamera2.py:1391] - DEBUG - Execute job: <picamera2.job.Job object at 0x7f88c86a90>
2026-06-24 23:28:34,762 - mazeUtils.device.camera - [camera.py:39] - DEBUG - Average HSV: H=117.3, S=78.6, V=203.8
2026-06-24 23:28:34,792 - mazeUtils.moveTile - [moveTile.py:79] - DEBUG - roll: 358.93 deg, practicalMoveTime: 0.36771547117838455 sec
2026-06-24 23:28:34,793 - mazeUtils.moveTile - [moveTile.py:1763] - DEBUG - moveTile loop time: 40.4 ms
2026-06-24 23:28:34,798 - picamera2.picamera2 - [picamera2.py:1391] - DEBUG - Execute job: <picamera2.job.Job object at 0x7f8a55bd90>
2026-06-24 23:28:34,801 - mazeUtils.device.camera - [camera.py:39] - DEBUG - Average HSV: H=116.5, S=78.1, V=208.0
2026-06-24 23:28:34,848 - mazeUtils.moveTile - [moveTile.py:79] - DEBUG - roll: 0.20999999999997954 deg, practicalMoveTime: 0.42307731483601957 sec
2026-06-24 23:28:34,849 - mazeUtils.moveTile - [moveTile.py:1763] - DEBUG - moveTile loop time: 55.5 ms
2026-06-24 23:28:34,855 - picamera2.picamera2 - [picamera2.py:1391] - DEBUG - Execute job: <picamera2.job.Job object at 0x7f92c57550>
2026-06-24 23:28:34,858 - mazeUtils.device.camera - [camera.py:39] - DEBUG - Average HSV: H=118.5, S=71.6, V=201.4
2026-06-24 23:28:34,892 - mazeUtils.moveTile - [moveTile.py:79] - DEBUG - roll: 359.03000000000003 deg, practicalMoveTime: 0.46630273030726205 sec
2026-06-24 23:28:34,892 - mazeUtils.moveTile - [moveTile.py:1763] - DEBUG - moveTile loop time: 43.5 ms
2026-06-24 23:28:34,898 - picamera2.picamera2 - [picamera2.py:1391] - DEBUG - Execute job: <picamera2.job.Job object at 0x7f88649ed0>
2026-06-24 23:28:34,900 - mazeUtils.device.camera - [camera.py:39] - DEBUG - Average HSV: H=118.2, S=71.1, V=203.9
2026-06-24 23:28:34,939 - mazeUtils.moveTile - [moveTile.py:79] - DEBUG - roll: 0.30000000000001137 deg, practicalMoveTime: 0.5126740926773103 sec
2026-06-24 23:28:34,939 - mazeUtils.moveTile - [moveTile.py:1763] - DEBUG - moveTile loop time: 46.6 ms
2026-06-24 23:28:34,944 - picamera2.picamera2 - [picamera2.py:1391] - DEBUG - Execute job: <picamera2.job.Job object at 0x7f88c86a90>
2026-06-24 23:28:34,947 - mazeUtils.device.camera - [camera.py:39] - DEBUG - Average HSV: H=119.4, S=64.4, V=205.4
2026-06-24 23:28:34,981 - mazeUtils.moveTile - [moveTile.py:79] - DEBUG - roll: 0.4399999999999977 deg, practicalMoveTime: 0.5540860065245924 sec
2026-06-24 23:28:34,981 - mazeUtils.moveTile - [moveTile.py:1763] - DEBUG - moveTile loop time: 41.7 ms
2026-06-24 23:28:34,992 - picamera2.picamera2 - [picamera2.py:1391] - DEBUG - Execute job: <picamera2.job.Job object at 0x7f887c1950>
2026-06-24 23:28:34,995 - mazeUtils.device.camera - [camera.py:39] - DEBUG - Average HSV: H=119.6, S=62.8, V=206.6
2026-06-24 23:28:35,029 - mazeUtils.moveTile - [moveTile.py:79] - DEBUG - roll: 359.26 deg, practicalMoveTime: 0.6020624886684615 sec
2026-06-24 23:28:35,030 - mazeUtils.moveTile - [moveTile.py:1763] - DEBUG - moveTile loop time: 48.3 ms
2026-06-24 23:28:35,035 - picamera2.picamera2 - [picamera2.py:1391] - DEBUG - Execute job: <picamera2.job.Job object at 0x7f93d6ae50>
2026-06-24 23:28:35,038 - mazeUtils.device.camera - [camera.py:39] - DEBUG - Average HSV: H=119.2, S=61.2, V=208.6
2026-06-24 23:28:35,069 - mazeUtils.moveTile - [moveTile.py:79] - DEBUG - roll: 0.4700000000000273 deg, practicalMoveTime: 0.6416279116208706 sec
2026-06-24 23:28:35,070 - mazeUtils.moveTile - [moveTile.py:1763] - DEBUG - moveTile loop time: 39.9 ms
2026-06-24 23:28:35,083 - picamera2.picamera2 - [picamera2.py:1391] - DEBUG - Execute job: <picamera2.job.Job object at 0x7fabe99210>
2026-06-24 23:28:35,086 - mazeUtils.device.camera - [camera.py:39] - DEBUG - Average HSV: H=119.8, S=58.3, V=211.7
2026-06-24 23:28:35,121 - mazeUtils.moveTile - [moveTile.py:79] - DEBUG - roll: 359.94 deg, practicalMoveTime: 0.6928272195655457 sec
2026-06-24 23:28:35,121 - mazeUtils.moveTile - [moveTile.py:1763] - DEBUG - moveTile loop time: 51.5 ms
2026-06-24 23:28:35,126 - picamera2.picamera2 - [picamera2.py:1391] - DEBUG - Execute job: <picamera2.job.Job object at 0x7f887c1950>
2026-06-24 23:28:35,129 - mazeUtils.device.camera - [camera.py:39] - DEBUG - Average HSV: H=118.8, S=58.5, V=216.5
2026-06-24 23:28:35,163 - mazeUtils.moveTile - [moveTile.py:79] - DEBUG - roll: 358.87 deg, practicalMoveTime: 0.733908119545019 sec
2026-06-24 23:28:35,163 - mazeUtils.moveTile - [moveTile.py:1763] - DEBUG - moveTile loop time: 41.4 ms
2026-06-24 23:28:35,173 - picamera2.picamera2 - [picamera2.py:1391] - DEBUG - Execute job: <picamera2.job.Job object at 0x7f92c57550>
2026-06-24 23:28:35,177 - mazeUtils.device.camera - [camera.py:39] - DEBUG - Average HSV: H=116.3, S=95.0, V=202.4
2026-06-24 23:28:35,216 - mazeUtils.moveTile - [moveTile.py:79] - DEBUG - roll: 359.7 deg, practicalMoveTime: 0.7864361208647486 sec
2026-06-24 23:28:35,216 - mazeUtils.moveTile - [moveTile.py:1763] - DEBUG - moveTile loop time: 52.8 ms
2026-06-24 23:28:35,222 - picamera2.picamera2 - [picamera2.py:1391] - DEBUG - Execute job: <picamera2.job.Job object at 0x7f8a55bd90>
2026-06-24 23:28:35,225 - mazeUtils.device.camera - [camera.py:39] - DEBUG - Average HSV: H=114.5, S=152.7, V=159.7
2026-06-24 23:28:35,258 - mazeUtils.moveTile - [moveTile.py:79] - DEBUG - roll: 359.34000000000003 deg, practicalMoveTime: 0.8282375881586489 sec
2026-06-24 23:28:35,258 - mazeUtils.moveTile - [moveTile.py:1763] - DEBUG - moveTile loop time: 42.1 ms
2026-06-24 23:28:35,265 - picamera2.picamera2 - [picamera2.py:1391] - DEBUG - Execute job: <picamera2.job.Job object at 0x7f887c1950>
2026-06-24 23:28:35,269 - mazeUtils.device.camera - [camera.py:39] - DEBUG - Average HSV: H=119.3, S=124.3, V=141.7
2026-06-24 23:28:35,301 - mazeUtils.moveTile - [moveTile.py:1636] - INFO - practicalVerticalMove: -0.06573034817258151 CM
2026-06-24 23:28:35,351 - mazeUtils.moveTile - [moveTile.py:1959] - INFO - Set moved vertical distance: -0.06573034817258151 cm, past distances: [(0, False), (0, False), (0, False)]
2026-06-24 23:28:35,500 - mazeUtils.moveTile - [moveTile.py:552] - DEBUG - Direction: absDirection.NORTH, Angle: 180, Distance: 52.21463071078013 cm
2026-06-24 23:28:35,502 - mazeUtils.moveTile - [moveTile.py:552] - DEBUG - Direction: absDirection.EAST, Angle: 90, Distance: 20.047048389290648 cm
2026-06-24 23:28:35,503 - mazeUtils.moveTile - [moveTile.py:552] - DEBUG - Direction: absDirection.SOUTH, Angle: 0, Distance: 132.28769666940764 cm
2026-06-24 23:28:35,504 - mazeUtils.moveTile - [moveTile.py:574] - DEBUG - Front LiDAR distance: 132.28769666940764 cm, TSD10 distance: 124.0 cm
2026-06-24 23:28:35,505 - mazeUtils.moveTile - [moveTile.py:552] - DEBUG - Direction: absDirection.WEST, Angle: 270, Distance: 50.44209456807083 cm
2026-06-24 23:28:35,507 - mazeUtils.moveTile - [moveTile.py:2119] - INFO - Tile color detection, decided tile type: E
2026-06-24 23:28:35,577 - __main__ - [main.py:105] - INFO - Current position: (20, 16, 0), front direction: absDirection.SOUTH
Layer 0 (altitude=0.0cm, offset=(0.0cm, 0.0cm)):
Known map area: x=17..20, y=15..19
+   +   +   +---+
  U   U   U   E |
+   +   +   +   +
  U   U   U   @ |
+   +   +   +   +
  E   U   U   U  
+   +   +   +   +
  E   U   U   U  
+   +   +   +   +
| U   U   U   U  
+   +   +   +   +
Layer 1 (altitude=15.0cm, offset=(0.0cm, -60.0cm)):
Known map area: x=17..18, y=17..17
+---+---+
| E   E  
+   +   +
mazeAsGraph[0][15][20] = {absDirection.NORTH: None, absDirection.EAST: None, absDirection.SOUTH: (20, 16, 0, 30), absDirection.WEST: (18, 17, 1, 60)}
mazeAsGraph[0][16][20] = {absDirection.NORTH: (20, 15, 0, 30), absDirection.EAST: None, absDirection.SOUTH: (20, 17, 0, 30), absDirection.WEST: (19, 16, 0, 30)}
mazeAsGraph[0][17][17] = {absDirection.NORTH: (17, 17, 1, 60), absDirection.EAST: (18, 17, 0, 30), absDirection.SOUTH: (17, 18, 0, 30), absDirection.WEST: (16, 17, 0, 30)}
mazeAsGraph[0][18][17] = {absDirection.NORTH: (17, 17, 0, 30), absDirection.EAST: (18, 18, 0, 30), absDirection.SOUTH: (17, 19, 0, 30), absDirection.WEST: (16, 18, 0, 30)}
mazeAsGraph[0][19][17] = {absDirection.NORTH: (17, 18, 0, 30), absDirection.EAST: (18, 19, 0, 30), absDirection.SOUTH: (17, 20, 0, 30), absDirection.WEST: None}
mazeAsGraph[1][17][17] = {absDirection.NORTH: None, absDirection.EAST: (18, 17, 1, 30), absDirection.SOUTH: (17, 17, 0, 60), absDirection.WEST: None}
mazeAsGraph[1][17][18] = {absDirection.NORTH: None, absDirection.EAST: (20, 15, 0, 60), absDirection.SOUTH: (18, 18, 1, 30), absDirection.WEST: (17, 17, 1, 30)}
2026-06-24 23:28:35,583 - mazeUtils.mazeMap - [mazeMap.py:61] - INFO - next goal: (20, 17, 0)
2026-06-24 23:28:35,590 - mazeUtils.moveTile - [moveTile.py:79] - DEBUG - Moving to absDirection.SOUTH from (20, 16, 0) facing absDirection.SOUTH
2026-06-24 23:28:35,612 - mazeUtils.moveTile - [moveTile.py:79] - DEBUG - current heading: 181.59999999999997 target: 180
2026-06-24 23:28:35,630 - mazeUtils.moveTile - [moveTile.py:426] - DEBUG - stopped turning at heading: 181.59999999999997, diff: 1.599999999999966
2026-06-24 23:28:35,679 - mazeUtils.moveTile - [moveTile.py:79] - DEBUG - Turned to heading: 181.68999999999997 deg
2026-06-24 23:28:35,928 - picamera2.picamera2 - [picamera2.py:1391] - DEBUG - Execute job: <picamera2.job.Job object at 0x7f769ca850>
2026-06-24 23:28:35,932 - mazeUtils.device.camera - [camera.py:39] - DEBUG - Average HSV: H=132.7, S=35.1, V=195.0
2026-06-24 23:28:35,968 - mazeUtils.moveTile - [moveTile.py:79] - DEBUG - roll: 359.42 deg, practicalMoveTime: 0.045053408309907735 sec
2026-06-24 23:28:35,968 - mazeUtils.moveTile - [moveTile.py:1763] - DEBUG - moveTile loop time: 43.8 ms
2026-06-24 23:28:35,973 - picamera2.picamera2 - [picamera2.py:1391] - DEBUG - Execute job: <picamera2.job.Job object at 0x7fac371e90>
2026-06-24 23:28:35,977 - mazeUtils.device.camera - [camera.py:39] - DEBUG - Average HSV: H=133.5, S=34.4, V=194.5
2026-06-24 23:28:36,009 - mazeUtils.moveTile - [moveTile.py:79] - DEBUG - roll: 358.83 deg, practicalMoveTime: 0.08609592156664139 sec
2026-06-24 23:28:36,010 - mazeUtils.moveTile - [moveTile.py:1763] - DEBUG - moveTile loop time: 41.3 ms
2026-06-24 23:28:36,020 - picamera2.picamera2 - [picamera2.py:1391] - DEBUG - Execute job: <picamera2.job.Job object at 0x7f92ce5950>
2026-06-24 23:28:36,024 - mazeUtils.device.camera - [camera.py:39] - DEBUG - Average HSV: H=131.8, S=35.3, V=198.7
2026-06-24 23:28:36,065 - mazeUtils.moveTile - [moveTile.py:79] - DEBUG - roll: 359.57 deg, practicalMoveTime: 0.14099890107512925 sec
2026-06-24 23:28:36,065 - mazeUtils.moveTile - [moveTile.py:1763] - DEBUG - moveTile loop time: 55.1 ms
2026-06-24 23:28:36,070 - picamera2.picamera2 - [picamera2.py:1391] - DEBUG - Execute job: <picamera2.job.Job object at 0x7f92cfcbd0>
2026-06-24 23:28:36,074 - mazeUtils.device.camera - [camera.py:39] - DEBUG - Average HSV: H=130.7, S=36.5, V=202.5
2026-06-24 23:28:36,112 - mazeUtils.moveTile - [moveTile.py:79] - DEBUG - roll: 2.2800000000000296 deg, practicalMoveTime: 0.187639983117544 sec
2026-06-24 23:28:36,112 - mazeUtils.moveTile - [moveTile.py:1763] - DEBUG - moveTile loop time: 46.9 ms
2026-06-24 23:28:36,118 - picamera2.picamera2 - [picamera2.py:1391] - DEBUG - Execute job: <picamera2.job.Job object at 0x7f769ca850>
2026-06-24 23:28:36,121 - mazeUtils.device.camera - [camera.py:39] - DEBUG - Average HSV: H=116.2, S=128.3, V=160.5
2026-06-24 23:28:36,164 - mazeUtils.moveTile - [moveTile.py:79] - DEBUG - roll: 5.490000000000009 deg, practicalMoveTime: 0.23912267637974902 sec
2026-06-24 23:28:36,165 - mazeUtils.moveTile - [moveTile.py:1763] - DEBUG - moveTile loop time: 51.9 ms
2026-06-24 23:28:36,169 - picamera2.picamera2 - [picamera2.py:1391] - DEBUG - Execute job: <picamera2.job.Job object at 0x7fac371e90>
2026-06-24 23:28:36,172 - mazeUtils.device.camera - [camera.py:39] - DEBUG - Average HSV: H=131.1, S=66.1, V=184.9
2026-06-24 23:28:36,206 - mazeUtils.moveTile - [moveTile.py:79] - DEBUG - roll: 8.54000000000002 deg, practicalMoveTime: 0.2719894877239597 sec
2026-06-24 23:28:36,207 - mazeUtils.moveTile - [moveTile.py:1763] - DEBUG - moveTile loop time: 41.6 ms
2026-06-24 23:28:36,217 - picamera2.picamera2 - [picamera2.py:1391] - DEBUG - Execute job: <picamera2.job.Job object at 0x7f769ca850>
2026-06-24 23:28:36,220 - mazeUtils.device.camera - [camera.py:39] - DEBUG - Average HSV: H=164.5, S=28.6, V=186.6
2026-06-24 23:28:36,260 - mazeUtils.moveTile - [moveTile.py:79] - DEBUG - roll: 8.899999999999977 deg, practicalMoveTime: 0.314403153993701 sec
2026-06-24 23:28:36,261 - mazeUtils.moveTile - [moveTile.py:1763] - DEBUG - moveTile loop time: 54.4 ms
2026-06-24 23:28:36,267 - picamera2.picamera2 - [picamera2.py:1391] - DEBUG - Execute job: <picamera2.job.Job object at 0x7fac371e90>
2026-06-24 23:28:36,270 - mazeUtils.device.camera - [camera.py:39] - DEBUG - Average HSV: H=156.8, S=25.7, V=187.1
2026-06-24 23:28:36,308 - mazeUtils.moveTile - [moveTile.py:79] - DEBUG - roll: 8.240000000000009 deg, practicalMoveTime: 0.35150920019544485 sec
2026-06-24 23:28:36,309 - mazeUtils.moveTile - [moveTile.py:1763] - DEBUG - moveTile loop time: 46.9 ms
2026-06-24 23:28:36,319 - picamera2.picamera2 - [picamera2.py:1391] - DEBUG - Execute job: <picamera2.job.Job object at 0x7f769ca850>
2026-06-24 23:28:36,322 - mazeUtils.device.camera - [camera.py:39] - DEBUG - Average HSV: H=163.5, S=26.7, V=192.8
2026-06-24 23:28:36,362 - mazeUtils.moveTile - [moveTile.py:79] - DEBUG - roll: 9.990000000000009 deg, practicalMoveTime: 0.39369114486360446 sec
2026-06-24 23:28:36,363 - mazeUtils.moveTile - [moveTile.py:1763] - DEBUG - moveTile loop time: 53.9 ms
2026-06-24 23:28:36,368 - picamera2.picamera2 - [picamera2.py:1391] - DEBUG - Execute job: <picamera2.job.Job object at 0x7f92cfcbd0>
2026-06-24 23:28:36,371 - mazeUtils.device.camera - [camera.py:39] - DEBUG - Average HSV: H=163.2, S=27.0, V=192.2
2026-06-24 23:28:36,404 - mazeUtils.moveTile - [moveTile.py:79] - DEBUG - roll: 10.110000000000014 deg, practicalMoveTime: 0.4264861998908807 sec
2026-06-24 23:28:36,405 - mazeUtils.moveTile - [moveTile.py:1763] - DEBUG - moveTile loop time: 41.9 ms
2026-06-24 23:28:36,414 - picamera2.picamera2 - [picamera2.py:1391] - DEBUG - Execute job: <picamera2.job.Job object at 0x7f92ce4e90>
2026-06-24 23:28:36,418 - mazeUtils.device.camera - [camera.py:39] - DEBUG - Average HSV: H=153.1, S=31.8, V=202.5
2026-06-24 23:28:36,452 - mazeUtils.moveTile - [moveTile.py:79] - DEBUG - roll: 14.490000000000009 deg, practicalMoveTime: 0.46330087518690993 sec
2026-06-24 23:28:36,453 - mazeUtils.moveTile - [moveTile.py:1763] - DEBUG - moveTile loop time: 47.4 ms
2026-06-24 23:28:36,458 - picamera2.picamera2 - [picamera2.py:1391] - DEBUG - Execute job: <picamera2.job.Job object at 0x7f92ce4e90>
2026-06-24 23:28:36,461 - mazeUtils.device.camera - [camera.py:39] - DEBUG - Average HSV: H=77.2, S=52.7, V=190.6
2026-06-24 23:28:36,494 - mazeUtils.moveTile - [moveTile.py:79] - DEBUG - roll: 17.579999999999984 deg, practicalMoveTime: 0.4944329972461415 sec
2026-06-24 23:28:36,494 - mazeUtils.moveTile - [moveTile.py:1763] - DEBUG - moveTile loop time: 41.0 ms
2026-06-24 23:28:36,500 - picamera2.picamera2 - [picamera2.py:1391] - DEBUG - Execute job: <picamera2.job.Job object at 0x7f92ce5350>
2026-06-24 23:28:36,503 - mazeUtils.device.camera - [camera.py:39] - DEBUG - Average HSV: H=23.7, S=41.9, V=211.8
2026-06-24 23:28:36,536 - mazeUtils.moveTile - [moveTile.py:79] - DEBUG - roll: 17.80000000000001 deg, practicalMoveTime: 0.526020038878011 sec
2026-06-24 23:28:36,536 - mazeUtils.moveTile - [moveTile.py:1763] - DEBUG - moveTile loop time: 41.6 ms
2026-06-24 23:28:36,541 - picamera2.picamera2 - [picamera2.py:1391] - DEBUG - Execute job: <picamera2.job.Job object at 0x7f92ce4e90>
2026-06-24 23:28:36,544 - mazeUtils.device.camera - [camera.py:39] - DEBUG - Average HSV: H=21.3, S=40.6, V=212.8
2026-06-24 23:28:36,576 - mazeUtils.moveTile - [moveTile.py:79] - DEBUG - roll: 14.149999999999977 deg, practicalMoveTime: 0.557095306906728 sec
2026-06-24 23:28:36,577 - mazeUtils.moveTile - [moveTile.py:1763] - DEBUG - moveTile loop time: 40.6 ms
2026-06-24 23:28:36,588 - picamera2.picamera2 - [picamera2.py:1391] - DEBUG - Execute job: <picamera2.job.Job object at 0x7f887c1950>
2026-06-24 23:28:36,591 - mazeUtils.device.camera - [camera.py:39] - DEBUG - Average HSV: H=91.3, S=53.5, V=188.7
2026-06-24 23:28:36,623 - mazeUtils.moveTile - [moveTile.py:79] - DEBUG - roll: 11.050000000000011 deg, practicalMoveTime: 0.5931770314321249 sec
2026-06-24 23:28:36,623 - mazeUtils.moveTile - [moveTile.py:1763] - DEBUG - moveTile loop time: 46.4 ms
2026-06-24 23:28:36,628 - picamera2.picamera2 - [picamera2.py:1391] - DEBUG - Execute job: <picamera2.job.Job object at 0x7f92ce5350>
2026-06-24 23:28:36,631 - mazeUtils.device.camera - [camera.py:39] - DEBUG - Average HSV: H=148.9, S=38.3, V=198.0
2026-06-24 23:28:36,664 - mazeUtils.moveTile - [moveTile.py:79] - DEBUG - roll: 8.410000000000025 deg, practicalMoveTime: 0.6249309836807333 sec
2026-06-24 23:28:36,664 - mazeUtils.moveTile - [moveTile.py:1763] - DEBUG - moveTile loop time: 40.4 ms
2026-06-24 23:28:36,669 - picamera2.picamera2 - [picamera2.py:1391] - DEBUG - Execute job: <picamera2.job.Job object at 0x7f887c1950>
2026-06-24 23:28:36,672 - mazeUtils.device.camera - [camera.py:39] - DEBUG - Average HSV: H=146.5, S=40.6, V=199.0
2026-06-24 23:28:36,702 - mazeUtils.moveTile - [moveTile.py:79] - DEBUG - roll: 9.670000000000016 deg, practicalMoveTime: 0.6549458370871107 sec
2026-06-24 23:28:36,703 - mazeUtils.moveTile - [moveTile.py:1763] - DEBUG - moveTile loop time: 38.4 ms
2026-06-24 23:28:36,708 - picamera2.picamera2 - [picamera2.py:1391] - DEBUG - Execute job: <picamera2.job.Job object at 0x7f92ce5b10>
2026-06-24 23:28:36,711 - mazeUtils.device.camera - [camera.py:39] - DEBUG - Average HSV: H=97.0, S=52.5, V=190.5
2026-06-24 23:28:36,743 - mazeUtils.moveTile - [moveTile.py:79] - DEBUG - roll: 10.120000000000005 deg, practicalMoveTime: 0.6868232051451687 sec
2026-06-24 23:28:36,744 - mazeUtils.moveTile - [moveTile.py:1763] - DEBUG - moveTile loop time: 40.9 ms
2026-06-24 23:28:36,749 - picamera2.picamera2 - [picamera2.py:1391] - DEBUG - Execute job: <picamera2.job.Job object at 0x7f92ce5b10>
2026-06-24 23:28:36,752 - mazeUtils.device.camera - [camera.py:39] - DEBUG - Average HSV: H=108.2, S=51.7, V=191.9
2026-06-24 23:28:36,786 - mazeUtils.moveTile - [moveTile.py:79] - DEBUG - roll: 9.04000000000002 deg, practicalMoveTime: 0.7199502143948522 sec
2026-06-24 23:28:36,786 - mazeUtils.moveTile - [moveTile.py:1763] - DEBUG - moveTile loop time: 42.1 ms
2026-06-24 23:28:36,799 - picamera2.picamera2 - [picamera2.py:1391] - DEBUG - Execute job: <picamera2.job.Job object at 0x7fac371e90>
2026-06-24 23:28:36,802 - mazeUtils.device.camera - [camera.py:39] - DEBUG - Average HSV: H=121.7, S=52.9, V=192.0
2026-06-24 23:28:36,834 - mazeUtils.moveTile - [moveTile.py:79] - DEBUG - roll: 5.420000000000016 deg, practicalMoveTime: 0.7583150760499384 sec
2026-06-24 23:28:36,835 - mazeUtils.moveTile - [moveTile.py:1763] - DEBUG - moveTile loop time: 48.6 ms
2026-06-24 23:28:36,840 - picamera2.picamera2 - [picamera2.py:1391] - DEBUG - Execute job: <picamera2.job.Job object at 0x7f92ce5350>
2026-06-24 23:28:36,843 - mazeUtils.device.camera - [camera.py:39] - DEBUG - Average HSV: H=140.3, S=48.5, V=202.1
2026-06-24 23:28:36,876 - mazeUtils.moveTile - [moveTile.py:79] - DEBUG - roll: 2.4700000000000273 deg, practicalMoveTime: 0.799015242741468 sec
2026-06-24 23:28:36,876 - mazeUtils.moveTile - [moveTile.py:1763] - DEBUG - moveTile loop time: 41.3 ms
2026-06-24 23:28:36,882 - picamera2.picamera2 - [picamera2.py:1391] - DEBUG - Execute job: <picamera2.job.Job object at 0x7f92ce5350>
2026-06-24 23:28:36,885 - mazeUtils.device.camera - [camera.py:39] - DEBUG - Average HSV: H=134.6, S=41.2, V=218.3
2026-06-24 23:28:36,921 - mazeUtils.moveTile - [moveTile.py:79] - DEBUG - roll: 2.160000000000025 deg, practicalMoveTime: 0.8431898030249496 sec
2026-06-24 23:28:36,921 - mazeUtils.moveTile - [moveTile.py:1763] - DEBUG - moveTile loop time: 44.2 ms
2026-06-24 23:28:36,926 - picamera2.picamera2 - [picamera2.py:1391] - DEBUG - Execute job: <picamera2.job.Job object at 0x7f92ce5350>
2026-06-24 23:28:36,929 - mazeUtils.device.camera - [camera.py:39] - DEBUG - Average HSV: H=134.7, S=47.1, V=211.8
2026-06-24 23:28:36,967 - mazeUtils.moveTile - [moveTile.py:1636] - INFO - practicalVerticalMove: 3.989249369545316 CM
2026-06-24 23:28:37,010 - mazeUtils.moveTile - [moveTile.py:1959] - INFO - Set moved vertical distance: 3.989249369545316 cm, past distances: [(-0.06573034817258151, False), (0, False), (0, False)]
2026-06-24 23:28:37,148 - mazeUtils.moveTile - [moveTile.py:552] - DEBUG - Direction: absDirection.NORTH, Angle: 180, Distance: 82.30383906734164 cm
2026-06-24 23:28:37,149 - mazeUtils.moveTile - [moveTile.py:552] - DEBUG - Direction: absDirection.EAST, Angle: 90, Distance: 17.16215186573804 cm
2026-06-24 23:28:37,151 - mazeUtils.moveTile - [moveTile.py:552] - DEBUG - Direction: absDirection.SOUTH, Angle: 0, Distance: 179.68239582414301 cm
2026-06-24 23:28:37,151 - mazeUtils.moveTile - [moveTile.py:574] - DEBUG - Front LiDAR distance: 179.68239582414301 cm, TSD10 distance: 92.5 cm
2026-06-24 23:28:37,153 - mazeUtils.moveTile - [moveTile.py:552] - DEBUG - Direction: absDirection.WEST, Angle: 270, Distance: 17.413813135398232 cm
2026-06-24 23:28:37,157 - mazeUtils.moveTile - [moveTile.py:2119] - INFO - Tile color detection, decided tile type: E
2026-06-24 23:28:37,236 - __main__ - [main.py:105] - INFO - Current position: (20, 17, 0), front direction: absDirection.SOUTH
Layer 0 (altitude=0.0cm, offset=(0.0cm, 0.0cm)):
Known map area: x=17..20, y=15..19
+   +   +   +---+
  U   U   U   E |
+   +   +   +   +
  U   U   U   E |
+   +   +   +   +
  E   U   U | @ |
+   +   +   +   +
  E   U   U   U  
+   +   +   +   +
| U   U   U   U  
+   +   +   +   +
Layer 1 (altitude=15.0cm, offset=(0.0cm, -60.0cm)):
Known map area: x=17..18, y=17..17
+---+---+
| E   E  
+   +   +
mazeAsGraph[0][15][20] = {absDirection.NORTH: None, absDirection.EAST: None, absDirection.SOUTH: (20, 16, 0, 30), absDirection.WEST: (18, 17, 1, 60)}
mazeAsGraph[0][16][20] = {absDirection.NORTH: (20, 15, 0, 30), absDirection.EAST: None, absDirection.SOUTH: (20, 17, 0, 30), absDirection.WEST: (19, 16, 0, 30)}
mazeAsGraph[0][17][17] = {absDirection.NORTH: (17, 17, 1, 60), absDirection.EAST: (18, 17, 0, 30), absDirection.SOUTH: (17, 18, 0, 30), absDirection.WEST: (16, 17, 0, 30)}
mazeAsGraph[0][17][20] = {absDirection.NORTH: (20, 16, 0, 30), absDirection.EAST: None, absDirection.SOUTH: (20, 18, 0, 30), absDirection.WEST: None}
mazeAsGraph[0][18][17] = {absDirection.NORTH: (17, 17, 0, 30), absDirection.EAST: (18, 18, 0, 30), absDirection.SOUTH: (17, 19, 0, 30), absDirection.WEST: (16, 18, 0, 30)}
mazeAsGraph[0][19][17] = {absDirection.NORTH: (17, 18, 0, 30), absDirection.EAST: (18, 19, 0, 30), absDirection.SOUTH: (17, 20, 0, 30), absDirection.WEST: None}
mazeAsGraph[1][17][17] = {absDirection.NORTH: None, absDirection.EAST: (18, 17, 1, 30), absDirection.SOUTH: (17, 17, 0, 60), absDirection.WEST: None}
mazeAsGraph[1][17][18] = {absDirection.NORTH: None, absDirection.EAST: (20, 15, 0, 60), absDirection.SOUTH: (18, 18, 1, 30), absDirection.WEST: (17, 17, 1, 30)}
2026-06-24 23:28:37,241 - mazeUtils.mazeMap - [mazeMap.py:61] - INFO - next goal: (20, 18, 0)
2026-06-24 23:28:37,248 - mazeUtils.moveTile - [moveTile.py:79] - DEBUG - Moving to absDirection.SOUTH from (20, 17, 0) facing absDirection.SOUTH
2026-06-24 23:28:37,273 - mazeUtils.moveTile - [moveTile.py:79] - DEBUG - current heading: 183.10999999999999 target: 180
2026-06-24 23:28:37,296 - mazeUtils.moveTile - [moveTile.py:426] - DEBUG - stopped turning at heading: 183.10999999999999, diff: 3.109999999999985
2026-06-24 23:28:37,406 - mazeUtils.moveTile - [moveTile.py:79] - DEBUG - Turned to heading: 181.98999999999998 deg
2026-06-24 23:28:37,631 - picamera2.picamera2 - [picamera2.py:1391] - DEBUG - Execute job: <picamera2.job.Job object at 0x7f88866150>
2026-06-24 23:28:37,636 - mazeUtils.device.camera - [camera.py:39] - DEBUG - Average HSV: H=129.2, S=26.6, V=243.7
2026-06-24 23:28:37,678 - mazeUtils.moveTile - [moveTile.py:79] - DEBUG - roll: 353.73 deg, practicalMoveTime: 0.06040095248833797 sec
2026-06-24 23:28:37,679 - mazeUtils.moveTile - [moveTile.py:1763] - DEBUG - moveTile loop time: 60.0 ms
2026-06-24 23:28:37,684 - picamera2.picamera2 - [picamera2.py:1391] - DEBUG - Execute job: <picamera2.job.Job object at 0x7f92cfcbd0>
2026-06-24 23:28:37,687 - mazeUtils.device.camera - [camera.py:39] - DEBUG - Average HSV: H=129.4, S=26.1, V=244.1
2026-06-24 23:28:37,725 - mazeUtils.moveTile - [moveTile.py:79] - DEBUG - roll: 352.31 deg, practicalMoveTime: 0.10568564828975817 sec
2026-06-24 23:28:37,725 - mazeUtils.moveTile - [moveTile.py:1763] - DEBUG - moveTile loop time: 45.7 ms
2026-06-24 23:28:37,738 - picamera2.picamera2 - [picamera2.py:1391] - DEBUG - Execute job: <picamera2.job.Job object at 0x7f8a3e5c10>
2026-06-24 23:28:37,741 - mazeUtils.device.camera - [camera.py:39] - DEBUG - Average HSV: H=126.6, S=27.4, V=246.9
2026-06-24 23:28:37,784 - mazeUtils.moveTile - [moveTile.py:79] - DEBUG - roll: 350.86 deg, practicalMoveTime: 0.16328530812733796 sec
2026-06-24 23:28:37,784 - mazeUtils.moveTile - [moveTile.py:1763] - DEBUG - moveTile loop time: 58.7 ms
2026-06-24 23:28:37,788 - picamera2.picamera2 - [picamera2.py:1391] - DEBUG - Execute job: <picamera2.job.Job object at 0x7f92cfcbd0>
2026-06-24 23:28:37,791 - mazeUtils.device.camera - [camera.py:39] - DEBUG - Average HSV: H=122.4, S=50.6, V=238.8
2026-06-24 23:28:37,826 - mazeUtils.moveTile - [moveTile.py:79] - DEBUG - roll: 350.43 deg, practicalMoveTime: 0.2046982189822934 sec
2026-06-24 23:28:37,827 - mazeUtils.moveTile - [moveTile.py:1763] - DEBUG - moveTile loop time: 42.4 ms
2026-06-24 23:28:37,837 - picamera2.picamera2 - [picamera2.py:1391] - DEBUG - Execute job: <picamera2.job.Job object at 0x7f8a3e5c50>
2026-06-24 23:28:37,842 - mazeUtils.device.camera - [camera.py:39] - DEBUG - Average HSV: H=119.5, S=66.2, V=233.5
2026-06-24 23:28:37,888 - mazeUtils.moveTile - [moveTile.py:79] - DEBUG - roll: 344.89 deg, practicalMoveTime: 0.2711188367924835 sec
2026-06-24 23:28:37,890 - mazeUtils.moveTile - [moveTile.py:1763] - DEBUG - moveTile loop time: 62.4 ms
2026-06-24 23:28:37,894 - picamera2.picamera2 - [picamera2.py:1391] - DEBUG - Execute job: <picamera2.job.Job object at 0x7f8a3e5bd0>
2026-06-24 23:28:37,900 - mazeUtils.device.camera - [camera.py:39] - DEBUG - Average HSV: H=115.3, S=93.3, V=226.5
2026-06-24 23:28:37,936 - mazeUtils.moveTile - [moveTile.py:79] - DEBUG - roll: 341.21 deg, practicalMoveTime: 0.31959532179790806 sec
2026-06-24 23:28:37,936 - mazeUtils.moveTile - [moveTile.py:1763] - DEBUG - moveTile loop time: 46.1 ms
2026-06-24 23:28:37,948 - picamera2.picamera2 - [picamera2.py:1391] - DEBUG - Execute job: <picamera2.job.Job object at 0x7f8a3e5c50>
2026-06-24 23:28:37,953 - mazeUtils.device.camera - [camera.py:39] - DEBUG - Average HSV: H=111.3, S=93.5, V=233.4
2026-06-24 23:28:37,990 - mazeUtils.moveTile - [moveTile.py:79] - DEBUG - roll: 341.27 deg, practicalMoveTime: 0.3744517745713475 sec
2026-06-24 23:28:37,990 - mazeUtils.moveTile - [moveTile.py:1763] - DEBUG - moveTile loop time: 53.6 ms
2026-06-24 23:28:37,995 - picamera2.picamera2 - [picamera2.py:1391] - DEBUG - Execute job: <picamera2.job.Job object at 0x7f8a3e5c10>
2026-06-24 23:28:38,000 - mazeUtils.device.camera - [camera.py:39] - DEBUG - Average HSV: H=121.0, S=109.6, V=174.4
2026-06-24 23:28:38,037 - mazeUtils.moveTile - [moveTile.py:79] - DEBUG - roll: 346.27 deg, practicalMoveTime: 0.42431820293100686 sec
2026-06-24 23:28:38,038 - mazeUtils.moveTile - [moveTile.py:1763] - DEBUG - moveTile loop time: 47.2 ms
2026-06-24 23:28:38,043 - picamera2.picamera2 - [picamera2.py:1391] - DEBUG - Execute job: <picamera2.job.Job object at 0x7f8a3e5c50>
2026-06-24 23:28:38,047 - mazeUtils.device.camera - [camera.py:39] - DEBUG - Average HSV: H=134.9, S=22.1, V=229.0
2026-06-24 23:28:38,085 - mazeUtils.moveTile - [moveTile.py:79] - DEBUG - roll: 348.59000000000003 deg, practicalMoveTime: 0.47533539171483513 sec
2026-06-24 23:28:38,086 - mazeUtils.moveTile - [moveTile.py:1763] - DEBUG - moveTile loop time: 47.3 ms
2026-06-24 23:28:38,091 - picamera2.picamera2 - [picamera2.py:1391] - DEBUG - Execute job: <picamera2.job.Job object at 0x7f88865d90>
2026-06-24 23:28:38,097 - mazeUtils.device.camera - [camera.py:39] - DEBUG - Average HSV: H=142.9, S=18.1, V=227.7
2026-06-24 23:28:38,132 - mazeUtils.moveTile - [moveTile.py:79] - DEBUG - roll: 355.22 deg, practicalMoveTime: 0.5209897148054947 sec
2026-06-24 23:28:38,134 - mazeUtils.moveTile - [moveTile.py:1763] - DEBUG - moveTile loop time: 47.2 ms
2026-06-24 23:28:38,145 - picamera2.picamera2 - [picamera2.py:1391] - DEBUG - Execute job: <picamera2.job.Job object at 0x7f8a3e5c50>
2026-06-24 23:28:38,149 - mazeUtils.device.camera - [camera.py:39] - DEBUG - Average HSV: H=154.2, S=16.2, V=225.0
2026-06-24 23:28:38,190 - mazeUtils.moveTile - [moveTile.py:79] - DEBUG - roll: 352.46 deg, practicalMoveTime: 0.5768288178749328 sec
2026-06-24 23:28:38,191 - mazeUtils.moveTile - [moveTile.py:1763] - DEBUG - moveTile loop time: 55.5 ms
2026-06-24 23:28:38,195 - picamera2.picamera2 - [picamera2.py:1391] - DEBUG - Execute job: <picamera2.job.Job object at 0x7f8a3e5c10>
2026-06-24 23:28:38,200 - mazeUtils.device.camera - [camera.py:39] - DEBUG - Average HSV: H=151.3, S=15.9, V=226.4
2026-06-24 23:28:38,236 - mazeUtils.moveTile - [moveTile.py:79] - DEBUG - roll: 352.33 deg, practicalMoveTime: 0.6216775607117772 sec
2026-06-24 23:28:38,237 - mazeUtils.moveTile - [moveTile.py:1763] - DEBUG - moveTile loop time: 45.8 ms
2026-06-24 23:28:38,248 - picamera2.picamera2 - [picamera2.py:1391] - DEBUG - Execute job: <picamera2.job.Job object at 0x7f88865c90>
2026-06-24 23:28:38,253 - mazeUtils.device.camera - [camera.py:39] - DEBUG - Average HSV: H=144.2, S=17.8, V=229.7
2026-06-24 23:28:38,290 - mazeUtils.moveTile - [moveTile.py:79] - DEBUG - roll: 356.49 deg, practicalMoveTime: 0.6746064555083398 sec
2026-06-24 23:28:38,291 - mazeUtils.moveTile - [moveTile.py:1763] - DEBUG - moveTile loop time: 53.4 ms
2026-06-24 23:28:38,296 - picamera2.picamera2 - [picamera2.py:1391] - DEBUG - Execute job: <picamera2.job.Job object at 0x7f8a3e5bd0>
2026-06-24 23:28:38,300 - mazeUtils.device.camera - [camera.py:39] - DEBUG - Average HSV: H=127.6, S=22.1, V=248.8
2026-06-24 23:28:38,337 - mazeUtils.moveTile - [moveTile.py:79] - DEBUG - roll: 0.8100000000000023 deg, practicalMoveTime: 0.7210811857170223 sec
2026-06-24 23:28:38,338 - mazeUtils.moveTile - [moveTile.py:1763] - DEBUG - moveTile loop time: 46.8 ms
2026-06-24 23:28:38,348 - picamera2.picamera2 - [picamera2.py:1391] - DEBUG - Execute job: <picamera2.job.Job object at 0x7f8a3e5c50>
2026-06-24 23:28:38,353 - mazeUtils.device.camera - [camera.py:39] - DEBUG - Average HSV: H=130.1, S=21.7, V=244.4
2026-06-24 23:28:38,401 - mazeUtils.moveTile - [moveTile.py:79] - DEBUG - roll: 2.6999999999999886 deg, practicalMoveTime: 0.7840978942954445 sec
2026-06-24 23:28:38,402 - mazeUtils.moveTile - [moveTile.py:1763] - DEBUG - moveTile loop time: 63.8 ms
2026-06-24 23:28:38,407 - picamera2.picamera2 - [picamera2.py:1391] - DEBUG - Execute job: <picamera2.job.Job object at 0x7f8a3e5bd0>
2026-06-24 23:28:38,411 - mazeUtils.device.camera - [camera.py:39] - DEBUG - Average HSV: H=130.6, S=20.8, V=245.3
2026-06-24 23:28:38,448 - mazeUtils.moveTile - [moveTile.py:79] - DEBUG - roll: 3.5 deg, practicalMoveTime: 0.8297130977752861 sec
2026-06-24 23:28:38,448 - mazeUtils.moveTile - [moveTile.py:1763] - DEBUG - moveTile loop time: 45.7 ms
2026-06-24 23:28:38,455 - picamera2.picamera2 - [picamera2.py:1391] - DEBUG - Execute job: <picamera2.job.Job object at 0x7f8a3e5c10>
2026-06-24 23:28:38,460 - mazeUtils.device.camera - [camera.py:39] - DEBUG - Average HSV: H=130.2, S=21.6, V=243.5
2026-06-24 23:28:38,495 - mazeUtils.moveTile - [moveTile.py:1636] - INFO - practicalVerticalMove: -4.467745952995957 CM
2026-06-24 23:28:38,540 - mazeUtils.moveTile - [moveTile.py:1959] - INFO - Set moved vertical distance: -4.467745952995957 cm, past distances: [(3.989249369545316, False), (-0.06573034817258151, False), (0, False)]
2026-06-24 23:28:38,685 - mazeUtils.moveTile - [moveTile.py:552] - DEBUG - Direction: absDirection.NORTH, Angle: 180, Distance: 109.67663354775581 cm
2026-06-24 23:28:38,686 - mazeUtils.moveTile - [moveTile.py:552] - DEBUG - Direction: absDirection.EAST, Angle: 90, Distance: 17.443099772189814 cm
2026-06-24 23:28:38,687 - mazeUtils.moveTile - [moveTile.py:552] - DEBUG - Direction: absDirection.SOUTH, Angle: 0, Distance: 151.2925807766743 cm
2026-06-24 23:28:38,687 - mazeUtils.moveTile - [moveTile.py:574] - DEBUG - Front LiDAR distance: 151.2925807766743 cm, TSD10 distance: 65.1 cm
2026-06-24 23:28:38,688 - mazeUtils.moveTile - [moveTile.py:552] - DEBUG - Direction: absDirection.WEST, Angle: 270, Distance: 16.80509802723073 cm
2026-06-24 23:28:38,690 - mazeUtils.moveTile - [moveTile.py:2119] - INFO - Tile color detection, decided tile type: E
2026-06-24 23:28:38,766 - __main__ - [main.py:105] - INFO - Current position: (20, 18, 0), front direction: absDirection.SOUTH
Layer 0 (altitude=0.0cm, offset=(0.0cm, 0.0cm)):
Known map area: x=17..20, y=15..19
+   +   +   +---+
  U   U   U   E |
+   +   +   +   +
  U   U   U   E |
+   +   +   +   +
  E   U   U | E |
+   +   +   +   +
  E   U   U | @ |
+   +   +   +   +
| U   U   U   U  
+   +   +   +   +
Layer 1 (altitude=15.0cm, offset=(0.0cm, -60.0cm)):
Known map area: x=17..18, y=17..17
+---+---+
| E   E  
+   +   +
mazeAsGraph[0][15][20] = {absDirection.NORTH: None, absDirection.EAST: None, absDirection.SOUTH: (20, 16, 0, 30), absDirection.WEST: (18, 17, 1, 60)}
mazeAsGraph[0][16][20] = {absDirection.NORTH: (20, 15, 0, 30), absDirection.EAST: None, absDirection.SOUTH: (20, 17, 0, 30), absDirection.WEST: (19, 16, 0, 30)}
mazeAsGraph[0][17][17] = {absDirection.NORTH: (17, 17, 1, 60), absDirection.EAST: (18, 17, 0, 30), absDirection.SOUTH: (17, 18, 0, 30), absDirection.WEST: (16, 17, 0, 30)}
mazeAsGraph[0][17][20] = {absDirection.NORTH: (20, 16, 0, 30), absDirection.EAST: None, absDirection.SOUTH: (20, 18, 0, 30), absDirection.WEST: None}
mazeAsGraph[0][18][17] = {absDirection.NORTH: (17, 17, 0, 30), absDirection.EAST: (18, 18, 0, 30), absDirection.SOUTH: (17, 19, 0, 30), absDirection.WEST: (16, 18, 0, 30)}
mazeAsGraph[0][18][20] = {absDirection.NORTH: (20, 17, 0, 30), absDirection.EAST: None, absDirection.SOUTH: (20, 19, 0, 30), absDirection.WEST: None}
mazeAsGraph[0][19][17] = {absDirection.NORTH: (17, 18, 0, 30), absDirection.EAST: (18, 19, 0, 30), absDirection.SOUTH: (17, 20, 0, 30), absDirection.WEST: None}
mazeAsGraph[1][17][17] = {absDirection.NORTH: None, absDirection.EAST: (18, 17, 1, 30), absDirection.SOUTH: (17, 17, 0, 60), absDirection.WEST: None}
mazeAsGraph[1][17][18] = {absDirection.NORTH: None, absDirection.EAST: (20, 15, 0, 60), absDirection.SOUTH: (18, 18, 1, 30), absDirection.WEST: (17, 17, 1, 30)}
2026-06-24 23:28:38,774 - mazeUtils.mazeMap - [mazeMap.py:61] - INFO - next goal: (20, 19, 0)
2026-06-24 23:28:38,781 - mazeUtils.moveTile - [moveTile.py:79] - DEBUG - Moving to absDirection.SOUTH from (20, 18, 0) facing absDirection.SOUTH
2026-06-24 23:28:38,806 - mazeUtils.moveTile - [moveTile.py:79] - DEBUG - current heading: 176.74999999999997 target: 180
2026-06-24 23:28:38,824 - mazeUtils.moveTile - [moveTile.py:426] - DEBUG - stopped turning at heading: 176.74999999999997, diff: 3.2500000000000284
2026-06-24 23:28:38,954 - mazeUtils.moveTile - [moveTile.py:79] - DEBUG - Turned to heading: 178.01999999999998 deg
2026-06-24 23:28:39,222 - picamera2.picamera2 - [picamera2.py:1391] - DEBUG - Execute job: <picamera2.job.Job object at 0x7f77e70e10>
2026-06-24 23:28:39,225 - mazeUtils.device.camera - [camera.py:39] - DEBUG - Average HSV: H=126.3, S=25.5, V=245.0
2026-06-24 23:28:39,259 - mazeUtils.moveTile - [moveTile.py:79] - DEBUG - roll: 359.33 deg, practicalMoveTime: 0.044405722374869366 sec
2026-06-24 23:28:39,260 - mazeUtils.moveTile - [moveTile.py:1763] - DEBUG - moveTile loop time: 43.5 ms
2026-06-24 23:28:39,270 - picamera2.picamera2 - [picamera2.py:1391] - DEBUG - Execute job: <picamera2.job.Job object at 0x7f93d5fb50>
2026-06-24 23:28:39,273 - mazeUtils.device.camera - [camera.py:39] - DEBUG - Average HSV: H=126.8, S=24.9, V=244.9
2026-06-24 23:28:39,308 - mazeUtils.moveTile - [moveTile.py:79] - DEBUG - roll: 359.55 deg, practicalMoveTime: 0.09233593071272293 sec
2026-06-24 23:28:39,308 - mazeUtils.moveTile - [moveTile.py:1763] - DEBUG - moveTile loop time: 48.1 ms
2026-06-24 23:28:39,313 - picamera2.picamera2 - [picamera2.py:1391] - DEBUG - Execute job: <picamera2.job.Job object at 0x7f77d93190>
2026-06-24 23:28:39,317 - mazeUtils.device.camera - [camera.py:39] - DEBUG - Average HSV: H=126.4, S=25.2, V=245.6
2026-06-24 23:28:39,359 - mazeUtils.moveTile - [moveTile.py:79] - DEBUG - roll: 359.7 deg, practicalMoveTime: 0.14331545696539316 sec
2026-06-24 23:28:39,360 - mazeUtils.moveTile - [moveTile.py:1763] - DEBUG - moveTile loop time: 51.2 ms
2026-06-24 23:28:39,365 - picamera2.picamera2 - [picamera2.py:1391] - DEBUG - Execute job: <picamera2.job.Job object at 0x7f93d5e510>
2026-06-24 23:28:39,368 - mazeUtils.device.camera - [camera.py:39] - DEBUG - Average HSV: H=130.4, S=24.1, V=240.2
2026-06-24 23:28:39,401 - mazeUtils.moveTile - [moveTile.py:79] - DEBUG - roll: 359.48 deg, practicalMoveTime: 0.18496929741483947 sec
2026-06-24 23:28:39,402 - mazeUtils.moveTile - [moveTile.py:1763] - DEBUG - moveTile loop time: 41.9 ms
2026-06-24 23:28:39,409 - picamera2.picamera2 - [picamera2.py:1391] - DEBUG - Execute job: <picamera2.job.Job object at 0x7f93d5e510>
2026-06-24 23:28:39,413 - mazeUtils.device.camera - [camera.py:39] - DEBUG - Average HSV: H=130.1, S=24.1, V=240.7
2026-06-24 23:28:39,446 - mazeUtils.moveTile - [moveTile.py:79] - DEBUG - roll: 358.4 deg, practicalMoveTime: 0.2289956156995285 sec
2026-06-24 23:28:39,446 - mazeUtils.moveTile - [moveTile.py:1763] - DEBUG - moveTile loop time: 44.3 ms
2026-06-24 23:28:39,451 - picamera2.picamera2 - [picamera2.py:1391] - DEBUG - Execute job: <picamera2.job.Job object at 0x7f93d6bf10>
2026-06-24 23:28:39,455 - mazeUtils.device.camera - [camera.py:39] - DEBUG - Average HSV: H=131.0, S=25.1, V=237.6
2026-06-24 23:28:39,495 - mazeUtils.moveTile - [moveTile.py:79] - DEBUG - roll: 357.72 deg, practicalMoveTime: 0.27737031861579436 sec
2026-06-24 23:28:39,495 - mazeUtils.moveTile - [moveTile.py:1763] - DEBUG - moveTile loop time: 48.6 ms
2026-06-24 23:28:39,506 - picamera2.picamera2 - [picamera2.py:1391] - DEBUG - Execute job: <picamera2.job.Job object at 0x7f93d5e510>
2026-06-24 23:28:39,509 - mazeUtils.device.camera - [camera.py:39] - DEBUG - Average HSV: H=130.1, S=25.5, V=236.0
2026-06-24 23:28:39,539 - mazeUtils.moveTile - [moveTile.py:79] - DEBUG - roll: 0.39999999999997726 deg, practicalMoveTime: 0.3213714103405027 sec
2026-06-24 23:28:39,540 - mazeUtils.moveTile - [moveTile.py:1763] - DEBUG - moveTile loop time: 44.3 ms
2026-06-24 23:28:39,545 - picamera2.picamera2 - [picamera2.py:1391] - DEBUG - Execute job: <picamera2.job.Job object at 0x7f77d93210>
2026-06-24 23:28:39,548 - mazeUtils.device.camera - [camera.py:39] - DEBUG - Average HSV: H=130.9, S=24.9, V=234.5
2026-06-24 23:28:39,584 - mazeUtils.moveTile - [moveTile.py:79] - DEBUG - roll: 359.04 deg, practicalMoveTime: 0.3653660638329611 sec
2026-06-24 23:28:39,584 - mazeUtils.moveTile - [moveTile.py:1763] - DEBUG - moveTile loop time: 44.3 ms
2026-06-24 23:28:39,589 - picamera2.picamera2 - [picamera2.py:1391] - DEBUG - Execute job: <picamera2.job.Job object at 0x7f93d5e510>
2026-06-24 23:28:39,593 - mazeUtils.device.camera - [camera.py:39] - DEBUG - Average HSV: H=127.5, S=26.4, V=239.0
2026-06-24 23:28:39,630 - mazeUtils.moveTile - [moveTile.py:79] - DEBUG - roll: 355.98 deg, practicalMoveTime: 0.41091581859368753 sec
2026-06-24 23:28:39,630 - mazeUtils.moveTile - [moveTile.py:1763] - DEBUG - moveTile loop time: 45.8 ms
2026-06-24 23:28:39,641 - picamera2.picamera2 - [picamera2.py:1391] - DEBUG - Execute job: <picamera2.job.Job object at 0x7f8864b610>
2026-06-24 23:28:39,644 - mazeUtils.device.camera - [camera.py:39] - DEBUG - Average HSV: H=124.9, S=27.5, V=242.9
2026-06-24 23:28:39,681 - mazeUtils.moveTile - [moveTile.py:79] - DEBUG - roll: 355.6 deg, practicalMoveTime: 0.4610005010472028 sec
2026-06-24 23:28:39,681 - mazeUtils.moveTile - [moveTile.py:1763] - DEBUG - moveTile loop time: 50.5 ms
2026-06-24 23:28:39,685 - picamera2.picamera2 - [picamera2.py:1391] - DEBUG - Execute job: <picamera2.job.Job object at 0x7f8864b650>
2026-06-24 23:28:39,689 - mazeUtils.device.camera - [camera.py:39] - DEBUG - Average HSV: H=124.3, S=28.2, V=240.5
2026-06-24 23:28:39,721 - mazeUtils.moveTile - [moveTile.py:79] - DEBUG - roll: 355.83 deg, practicalMoveTime: 0.500514499037134 sec
2026-06-24 23:28:39,722 - mazeUtils.moveTile - [moveTile.py:1763] - DEBUG - moveTile loop time: 39.9 ms
2026-06-24 23:28:39,733 - picamera2.picamera2 - [picamera2.py:1391] - DEBUG - Execute job: <picamera2.job.Job object at 0x7f8864b650>
2026-06-24 23:28:39,736 - mazeUtils.device.camera - [camera.py:39] - DEBUG - Average HSV: H=126.5, S=26.6, V=240.9
2026-06-24 23:28:39,777 - mazeUtils.moveTile - [moveTile.py:79] - DEBUG - roll: 355.29 deg, practicalMoveTime: 0.555349613343617 sec
2026-06-24 23:28:39,777 - mazeUtils.moveTile - [moveTile.py:1763] - DEBUG - moveTile loop time: 55.2 ms
2026-06-24 23:28:39,782 - picamera2.picamera2 - [picamera2.py:1391] - DEBUG - Execute job: <picamera2.job.Job object at 0x7f93d5fb50>
2026-06-24 23:28:39,786 - mazeUtils.device.camera - [camera.py:39] - DEBUG - Average HSV: H=124.8, S=27.3, V=243.3
2026-06-24 23:28:39,818 - mazeUtils.moveTile - [moveTile.py:79] - DEBUG - roll: 355.44 deg, practicalMoveTime: 0.5957831825323107 sec
2026-06-24 23:28:39,819 - mazeUtils.moveTile - [moveTile.py:1763] - DEBUG - moveTile loop time: 41.0 ms
2026-06-24 23:28:39,823 - picamera2.picamera2 - [picamera2.py:1391] - DEBUG - Execute job: <picamera2.job.Job object at 0x7f77e70dd0>
2026-06-24 23:28:39,826 - mazeUtils.device.camera - [camera.py:39] - DEBUG - Average HSV: H=126.3, S=27.0, V=239.2
2026-06-24 23:28:39,860 - mazeUtils.moveTile - [moveTile.py:79] - DEBUG - roll: 356.54 deg, practicalMoveTime: 0.6374365830493518 sec
2026-06-24 23:28:39,861 - mazeUtils.moveTile - [moveTile.py:1763] - DEBUG - moveTile loop time: 41.8 ms
2026-06-24 23:28:39,866 - picamera2.picamera2 - [picamera2.py:1391] - DEBUG - Execute job: <picamera2.job.Job object at 0x7f8864b710>
2026-06-24 23:28:39,869 - mazeUtils.device.camera - [camera.py:39] - DEBUG - Average HSV: H=127.9, S=26.4, V=238.2
2026-06-24 23:28:39,908 - mazeUtils.moveTile - [moveTile.py:79] - DEBUG - roll: 357.83 deg, practicalMoveTime: 0.6841631164528631 sec
2026-06-24 23:28:39,908 - mazeUtils.moveTile - [moveTile.py:1763] - DEBUG - moveTile loop time: 47.0 ms
2026-06-24 23:28:39,913 - picamera2.picamera2 - [picamera2.py:1391] - DEBUG - Execute job: <picamera2.job.Job object at 0x7f93d6bf10>
2026-06-24 23:28:39,916 - mazeUtils.device.camera - [camera.py:39] - DEBUG - Average HSV: H=126.0, S=26.9, V=239.2
2026-06-24 23:28:39,954 - mazeUtils.moveTile - [moveTile.py:79] - DEBUG - roll: 0.8199999999999932 deg, practicalMoveTime: 0.729972083764119 sec
2026-06-24 23:28:39,954 - mazeUtils.moveTile - [moveTile.py:1763] - DEBUG - moveTile loop time: 46.0 ms
2026-06-24 23:28:39,960 - picamera2.picamera2 - [picamera2.py:1391] - DEBUG - Execute job: <picamera2.job.Job object at 0x7f8864b710>
2026-06-24 23:28:39,964 - mazeUtils.device.camera - [camera.py:39] - DEBUG - Average HSV: H=129.0, S=25.9, V=232.9
2026-06-24 23:28:39,999 - mazeUtils.moveTile - [moveTile.py:79] - DEBUG - roll: 359.92 deg, practicalMoveTime: 0.7744931963082877 sec
2026-06-24 23:28:39,999 - mazeUtils.moveTile - [moveTile.py:1763] - DEBUG - moveTile loop time: 44.8 ms
2026-06-24 23:28:40,004 - picamera2.picamera2 - [picamera2.py:1391] - DEBUG - Execute job: <picamera2.job.Job object at 0x7f77d93190>
2026-06-24 23:28:40,007 - mazeUtils.device.camera - [camera.py:39] - DEBUG - Average HSV: H=127.0, S=27.4, V=234.0
2026-06-24 23:28:40,051 - mazeUtils.moveTile - [moveTile.py:79] - DEBUG - roll: 0.17000000000001592 deg, practicalMoveTime: 0.8256902475304652 sec
2026-06-24 23:28:40,051 - mazeUtils.moveTile - [moveTile.py:1763] - DEBUG - moveTile loop time: 51.5 ms
2026-06-24 23:28:40,056 - picamera2.picamera2 - [picamera2.py:1391] - DEBUG - Execute job: <picamera2.job.Job object at 0x7f77e70e10>
2026-06-24 23:28:40,059 - mazeUtils.device.camera - [camera.py:39] - DEBUG - Average HSV: H=126.8, S=27.8, V=232.7
2026-06-24 23:28:40,094 - mazeUtils.moveTile - [moveTile.py:1636] - INFO - practicalVerticalMove: -0.9786048445447839 CM
2026-06-24 23:28:40,137 - mazeUtils.moveTile - [moveTile.py:1959] - INFO - Set moved vertical distance: -0.9786048445447839 cm, past distances: [(-4.467745952995957, False), (3.989249369545316, False), (-0.06573034817258151, False)]
2026-06-24 23:28:40,282 - mazeUtils.moveTile - [moveTile.py:552] - DEBUG - Direction: absDirection.NORTH, Angle: 180, Distance: 138.87261540232845 cm
2026-06-24 23:28:40,284 - mazeUtils.moveTile - [moveTile.py:552] - DEBUG - Direction: absDirection.EAST, Angle: 90, Distance: 16.889471090356384 cm
2026-06-24 23:28:40,285 - mazeUtils.moveTile - [moveTile.py:552] - DEBUG - Direction: absDirection.SOUTH, Angle: 0, Distance: 46.91091517517007 cm
2026-06-24 23:28:40,285 - mazeUtils.moveTile - [moveTile.py:574] - DEBUG - Front LiDAR distance: 46.91091517517007 cm, TSD10 distance: 34.2 cm
2026-06-24 23:28:40,286 - mazeUtils.moveTile - [moveTile.py:552] - DEBUG - Direction: absDirection.WEST, Angle: 270, Distance: 139.85455145950584 cm
2026-06-24 23:28:40,288 - mazeUtils.moveTile - [moveTile.py:2119] - INFO - Tile color detection, decided tile type: E
2026-06-24 23:28:40,361 - __main__ - [main.py:105] - INFO - Current position: (20, 19, 0), front direction: absDirection.SOUTH
Layer 0 (altitude=0.0cm, offset=(0.0cm, 0.0cm)):
Known map area: x=17..20, y=15..19
+   +   +   +---+
  U   U   U   E |
+   +   +   +   +
  U   U   U   E |
+   +   +   +   +
  E   U   U | E |
+   +   +   +   +
  E   U   U | E |
+   +   +   +   +
| U   U   U   @ |
+   +   +   +   +
Layer 1 (altitude=15.0cm, offset=(0.0cm, -60.0cm)):
Known map area: x=17..18, y=17..17
+---+---+
| E   E  
+   +   +
mazeAsGraph[0][15][20] = {absDirection.NORTH: None, absDirection.EAST: None, absDirection.SOUTH: (20, 16, 0, 30), absDirection.WEST: (18, 17, 1, 60)}
mazeAsGraph[0][16][20] = {absDirection.NORTH: (20, 15, 0, 30), absDirection.EAST: None, absDirection.SOUTH: (20, 17, 0, 30), absDirection.WEST: (19, 16, 0, 30)}
mazeAsGraph[0][17][17] = {absDirection.NORTH: (17, 17, 1, 60), absDirection.EAST: (18, 17, 0, 30), absDirection.SOUTH: (17, 18, 0, 30), absDirection.WEST: (16, 17, 0, 30)}
mazeAsGraph[0][17][20] = {absDirection.NORTH: (20, 16, 0, 30), absDirection.EAST: None, absDirection.SOUTH: (20, 18, 0, 30), absDirection.WEST: None}
mazeAsGraph[0][18][17] = {absDirection.NORTH: (17, 17, 0, 30), absDirection.EAST: (18, 18, 0, 30), absDirection.SOUTH: (17, 19, 0, 30), absDirection.WEST: (16, 18, 0, 30)}
mazeAsGraph[0][18][20] = {absDirection.NORTH: (20, 17, 0, 30), absDirection.EAST: None, absDirection.SOUTH: (20, 19, 0, 30), absDirection.WEST: None}
mazeAsGraph[0][19][17] = {absDirection.NORTH: (17, 18, 0, 30), absDirection.EAST: (18, 19, 0, 30), absDirection.SOUTH: (17, 20, 0, 30), absDirection.WEST: None}
mazeAsGraph[0][19][20] = {absDirection.NORTH: (20, 18, 0, 30), absDirection.EAST: None, absDirection.SOUTH: (20, 20, 0, 30), absDirection.WEST: (19, 19, 0, 30)}
mazeAsGraph[1][17][17] = {absDirection.NORTH: None, absDirection.EAST: (18, 17, 1, 30), absDirection.SOUTH: (17, 17, 0, 60), absDirection.WEST: None}
mazeAsGraph[1][17][18] = {absDirection.NORTH: None, absDirection.EAST: (20, 15, 0, 60), absDirection.SOUTH: (18, 18, 1, 30), absDirection.WEST: (17, 17, 1, 30)}
2026-06-24 23:28:40,369 - mazeUtils.mazeMap - [mazeMap.py:61] - INFO - next goal: (20, 20, 0)
2026-06-24 23:28:40,381 - mazeUtils.moveTile - [moveTile.py:79] - DEBUG - Moving to absDirection.SOUTH from (20, 19, 0) facing absDirection.SOUTH
2026-06-24 23:28:40,405 - mazeUtils.moveTile - [moveTile.py:79] - DEBUG - current heading: 178.73999999999998 target: 180
2026-06-24 23:28:40,425 - mazeUtils.moveTile - [moveTile.py:426] - DEBUG - stopped turning at heading: 178.73999999999998, diff: 1.2600000000000193
2026-06-24 23:28:40,473 - mazeUtils.moveTile - [moveTile.py:79] - DEBUG - Turned to heading: 179.31999999999996 deg
2026-06-24 23:28:40,727 - picamera2.picamera2 - [picamera2.py:1391] - DEBUG - Execute job: <picamera2.job.Job object at 0x7fac373990>
2026-06-24 23:28:40,730 - mazeUtils.device.camera - [camera.py:39] - DEBUG - Average HSV: H=127.1, S=31.4, V=228.3
2026-06-24 23:28:40,793 - mazeUtils.moveTile - [moveTile.py:832] - INFO - Moving backward before dropping rescue kit
2026-06-24 23:28:41,333 - mazeUtils.moveTile - [moveTile.py:841] - INFO - Detected victim info ahead: {<Side.LEFT: 0>: <UnitVStatus.U_VICTIM: 1>, <Side.RIGHT: 1>: <UnitVStatus.NOTHING: 0>}
2026-06-24 23:28:46,469 - mazeUtils.moveTile - [moveTile.py:79] - DEBUG - Turning to 180.57999999999998 deg, current heading: 180.57999999999998 deg, turnAngle: 0.0 deg
2026-06-24 23:28:46,490 - mazeUtils.moveTile - [moveTile.py:79] - DEBUG - Turned to heading: 180.57999999999998 deg
2026-06-24 23:28:47,032 - mazeUtils.moveTile - [moveTile.py:79] - DEBUG - roll: 0.4700000000000273 deg, practicalMoveTime: 0.0 sec
2026-06-24 23:28:47,032 - mazeUtils.moveTile - [moveTile.py:1763] - DEBUG - moveTile loop time: 6312.1 ms
2026-06-24 23:28:47,041 - picamera2.picamera2 - [picamera2.py:1391] - DEBUG - Execute job: <picamera2.job.Job object at 0x7f8a886250>
2026-06-24 23:28:47,046 - mazeUtils.device.camera - [camera.py:39] - DEBUG - Average HSV: H=126.4, S=30.2, V=236.3
2026-06-24 23:28:47,079 - mazeUtils.moveTile - [moveTile.py:79] - DEBUG - roll: 359.73 deg, practicalMoveTime: 0.046408639247347235 sec
2026-06-24 23:28:47,080 - mazeUtils.moveTile - [moveTile.py:1763] - DEBUG - moveTile loop time: 47.0 ms
2026-06-24 23:28:47,087 - picamera2.picamera2 - [picamera2.py:1391] - DEBUG - Execute job: <picamera2.job.Job object at 0x7f92cfd6d0>
2026-06-24 23:28:47,093 - mazeUtils.device.camera - [camera.py:39] - DEBUG - Average HSV: H=125.7, S=30.7, V=236.9
2026-06-24 23:28:47,130 - mazeUtils.moveTile - [moveTile.py:79] - DEBUG - roll: 359.84000000000003 deg, practicalMoveTime: 0.09672782714340208 sec
2026-06-24 23:28:47,131 - mazeUtils.moveTile - [moveTile.py:1763] - DEBUG - moveTile loop time: 50.3 ms
2026-06-24 23:28:47,135 - picamera2.picamera2 - [picamera2.py:1391] - DEBUG - Execute job: <picamera2.job.Job object at 0x7f92ce51d0>
2026-06-24 23:28:47,140 - mazeUtils.device.camera - [camera.py:39] - DEBUG - Average HSV: H=125.8, S=30.7, V=237.7
2026-06-24 23:28:47,176 - mazeUtils.moveTile - [moveTile.py:79] - DEBUG - roll: 359.18 deg, practicalMoveTime: 0.1418925520390417 sec
2026-06-24 23:28:47,177 - mazeUtils.moveTile - [moveTile.py:1763] - DEBUG - moveTile loop time: 45.3 ms
2026-06-24 23:28:47,189 - picamera2.picamera2 - [picamera2.py:1391] - DEBUG - Execute job: <picamera2.job.Job object at 0x7f887828d0>
2026-06-24 23:28:47,194 - mazeUtils.device.camera - [camera.py:39] - DEBUG - Average HSV: H=124.5, S=31.7, V=240.5
2026-06-24 23:28:47,232 - mazeUtils.moveTile - [moveTile.py:79] - DEBUG - roll: 0.5799999999999841 deg, practicalMoveTime: 0.19676132264802557 sec
2026-06-24 23:28:47,232 - mazeUtils.moveTile - [moveTile.py:1763] - DEBUG - moveTile loop time: 55.2 ms
2026-06-24 23:28:47,237 - picamera2.picamera2 - [picamera2.py:1391] - DEBUG - Execute job: <picamera2.job.Job object at 0x7fac371e90>
2026-06-24 23:28:47,242 - mazeUtils.device.camera - [camera.py:39] - DEBUG - Average HSV: H=123.0, S=33.6, V=240.8
2026-06-24 23:28:47,280 - mazeUtils.moveTile - [moveTile.py:79] - DEBUG - roll: 358.92 deg, practicalMoveTime: 0.24481602471237385 sec
2026-06-24 23:28:47,281 - mazeUtils.moveTile - [moveTile.py:1763] - DEBUG - moveTile loop time: 48.5 ms
2026-06-24 23:28:47,293 - picamera2.picamera2 - [picamera2.py:1391] - DEBUG - Execute job: <picamera2.job.Job object at 0x7f8a886250>
2026-06-24 23:28:47,297 - mazeUtils.device.camera - [camera.py:39] - DEBUG - Average HSV: H=121.2, S=34.9, V=242.9
2026-06-24 23:28:47,331 - mazeUtils.moveTile - [moveTile.py:79] - DEBUG - roll: 359.87 deg, practicalMoveTime: 0.29485565708994915 sec
2026-06-24 23:28:47,332 - mazeUtils.moveTile - [moveTile.py:1763] - DEBUG - moveTile loop time: 50.2 ms
2026-06-24 23:28:47,343 - picamera2.picamera2 - [picamera2.py:1391] - DEBUG - Execute job: <picamera2.job.Job object at 0x7f8a900390>
2026-06-24 23:28:47,347 - mazeUtils.device.camera - [camera.py:39] - DEBUG - Average HSV: H=121.7, S=34.0, V=240.4
2026-06-24 23:28:47,381 - mazeUtils.moveTile - [moveTile.py:79] - DEBUG - roll: 0.13999999999998636 deg, practicalMoveTime: 0.3437580614314584 sec
2026-06-24 23:28:47,382 - mazeUtils.moveTile - [moveTile.py:1763] - DEBUG - moveTile loop time: 49.5 ms
2026-06-24 23:28:47,386 - picamera2.picamera2 - [picamera2.py:1391] - DEBUG - Execute job: <picamera2.job.Job object at 0x7f92ce51d0>
2026-06-24 23:28:47,391 - mazeUtils.device.camera - [camera.py:39] - DEBUG - Average HSV: H=122.6, S=32.6, V=239.2
2026-06-24 23:28:47,424 - mazeUtils.moveTile - [moveTile.py:79] - DEBUG - roll: 358.43 deg, practicalMoveTime: 0.38615897050777015 sec
2026-06-24 23:28:47,425 - mazeUtils.moveTile - [moveTile.py:1763] - DEBUG - moveTile loop time: 42.5 ms
2026-06-24 23:28:47,432 - picamera2.picamera2 - [picamera2.py:1391] - DEBUG - Execute job: <picamera2.job.Job object at 0x7fac371e90>
2026-06-24 23:28:47,437 - mazeUtils.device.camera - [camera.py:39] - DEBUG - Average HSV: H=121.0, S=34.1, V=240.9
2026-06-24 23:28:47,475 - mazeUtils.moveTile - [moveTile.py:79] - DEBUG - roll: 359.68 deg, practicalMoveTime: 0.43666282584004795 sec
2026-06-24 23:28:47,476 - mazeUtils.moveTile - [moveTile.py:1763] - DEBUG - moveTile loop time: 50.7 ms
2026-06-24 23:28:47,482 - picamera2.picamera2 - [picamera2.py:1391] - DEBUG - Execute job: <picamera2.job.Job object at 0x7f92cfd250>
2026-06-24 23:28:47,486 - mazeUtils.device.camera - [camera.py:39] - DEBUG - Average HSV: H=119.9, S=36.7, V=242.6
2026-06-24 23:28:47,521 - mazeUtils.moveTile - [moveTile.py:79] - DEBUG - roll: 358.25 deg, practicalMoveTime: 0.48167770680214117 sec
2026-06-24 23:28:47,522 - mazeUtils.moveTile - [moveTile.py:1763] - DEBUG - moveTile loop time: 45.9 ms
2026-06-24 23:28:47,530 - picamera2.picamera2 - [picamera2.py:1391] - DEBUG - Execute job: <picamera2.job.Job object at 0x7f77e203d0>
2026-06-24 23:28:47,534 - mazeUtils.device.camera - [camera.py:39] - DEBUG - Average HSV: H=118.4, S=39.8, V=245.6
2026-06-24 23:28:47,572 - mazeUtils.moveTile - [moveTile.py:79] - DEBUG - roll: 359.75 deg, practicalMoveTime: 0.5309686972704785 sec
2026-06-24 23:28:47,572 - mazeUtils.moveTile - [moveTile.py:1763] - DEBUG - moveTile loop time: 48.8 ms
2026-06-24 23:28:47,577 - picamera2.picamera2 - [picamera2.py:1391] - DEBUG - Execute job: <picamera2.job.Job object at 0x7f8a900390>
2026-06-24 23:28:47,582 - mazeUtils.device.camera - [camera.py:39] - DEBUG - Average HSV: H=117.8, S=45.4, V=243.8
2026-06-24 23:28:47,618 - mazeUtils.moveTile - [moveTile.py:79] - DEBUG - roll: 0.01999999999998181 deg, practicalMoveTime: 0.5770996980362602 sec
2026-06-24 23:28:47,619 - mazeUtils.moveTile - [moveTile.py:1763] - DEBUG - moveTile loop time: 46.4 ms
2026-06-24 23:28:47,623 - picamera2.picamera2 - [picamera2.py:1391] - DEBUG - Execute job: <picamera2.job.Job object at 0x7f77e203d0>
2026-06-24 23:28:47,628 - mazeUtils.device.camera - [camera.py:39] - DEBUG - Average HSV: H=116.7, S=47.7, V=247.2
2026-06-24 23:28:47,665 - mazeUtils.moveTile - [moveTile.py:79] - DEBUG - roll: 359.45 deg, practicalMoveTime: 0.6232556672704028 sec
2026-06-24 23:28:47,666 - mazeUtils.moveTile - [moveTile.py:1763] - DEBUG - moveTile loop time: 46.4 ms
2026-06-24 23:28:47,673 - picamera2.picamera2 - [picamera2.py:1391] - DEBUG - Execute job: <picamera2.job.Job object at 0x7fabf02b50>
2026-06-24 23:28:47,677 - mazeUtils.device.camera - [camera.py:39] - DEBUG - Average HSV: H=115.6, S=51.9, V=248.2
2026-06-24 23:28:47,710 - mazeUtils.moveTile - [moveTile.py:79] - DEBUG - roll: 0.22000000000002728 deg, practicalMoveTime: 0.6677440203239434 sec
2026-06-24 23:28:47,712 - mazeUtils.moveTile - [moveTile.py:1763] - DEBUG - moveTile loop time: 45.3 ms
2026-06-24 23:28:47,724 - picamera2.picamera2 - [picamera2.py:1391] - DEBUG - Execute job: <picamera2.job.Job object at 0x7f8a886250>
2026-06-24 23:28:47,730 - mazeUtils.device.camera - [camera.py:39] - DEBUG - Average HSV: H=115.7, S=53.9, V=247.4
2026-06-24 23:28:47,761 - mazeUtils.moveTile - [moveTile.py:79] - DEBUG - roll: 358.0 deg, practicalMoveTime: 0.7169740985694583 sec
2026-06-24 23:28:47,761 - mazeUtils.moveTile - [moveTile.py:1763] - DEBUG - moveTile loop time: 49.2 ms
2026-06-24 23:28:47,767 - picamera2.picamera2 - [picamera2.py:1391] - DEBUG - Execute job: <picamera2.job.Job object at 0x7f8a886250>
2026-06-24 23:28:47,772 - mazeUtils.device.camera - [camera.py:39] - DEBUG - Average HSV: H=114.4, S=56.1, V=252.2
2026-06-24 23:28:47,805 - mazeUtils.moveTile - [moveTile.py:79] - DEBUG - roll: 359.31 deg, practicalMoveTime: 0.7604902366119382 sec
2026-06-24 23:28:47,806 - mazeUtils.moveTile - [moveTile.py:1763] - DEBUG - moveTile loop time: 44.2 ms
2026-06-24 23:28:47,810 - picamera2.picamera2 - [picamera2.py:1391] - DEBUG - Execute job: <picamera2.job.Job object at 0x7f769ca850>
2026-06-24 23:28:47,815 - mazeUtils.device.camera - [camera.py:39] - DEBUG - Average HSV: H=114.5, S=54.5, V=254.1
2026-06-24 23:28:47,857 - mazeUtils.moveTile - [moveTile.py:79] - DEBUG - roll: 359.47 deg, practicalMoveTime: 0.8115986894788432 sec
2026-06-24 23:28:47,858 - mazeUtils.moveTile - [moveTile.py:1763] - DEBUG - moveTile loop time: 51.3 ms
2026-06-24 23:28:47,862 - picamera2.picamera2 - [picamera2.py:1391] - DEBUG - Execute job: <picamera2.job.Job object at 0x7f887828d0>
2026-06-24 23:28:47,867 - mazeUtils.device.camera - [camera.py:39] - DEBUG - Average HSV: H=112.3, S=95.8, V=239.9
2026-06-24 23:28:47,903 - mazeUtils.moveTile - [moveTile.py:1636] - INFO - practicalVerticalMove: -0.37670585583984156 CM
2026-06-24 23:28:47,951 - mazeUtils.moveTile - [moveTile.py:79] - DEBUG - Little forward to adjust position
2026-06-24 23:28:48,105 - mazeUtils.moveTile - [moveTile.py:1959] - INFO - Set moved vertical distance: -0.37670585583984156 cm, past distances: [(-0.9786048445447839, False), (-4.467745952995957, False), (3.989249369545316, False)]
2026-06-24 23:28:48,263 - mazeUtils.moveTile - [moveTile.py:552] - DEBUG - Direction: absDirection.NORTH, Angle: 180, Distance: 172.07846749877768 cm
2026-06-24 23:28:48,266 - mazeUtils.moveTile - [moveTile.py:552] - DEBUG - Direction: absDirection.EAST, Angle: 90, Distance: 16.849072107981264 cm
2026-06-24 23:28:48,268 - mazeUtils.moveTile - [moveTile.py:552] - DEBUG - Direction: absDirection.SOUTH, Angle: 0, Distance: 12.566200254158062 cm
2026-06-24 23:28:48,268 - mazeUtils.moveTile - [moveTile.py:574] - DEBUG - Front LiDAR distance: 12.566200254158062 cm, TSD10 distance: 2.0 cm
2026-06-24 23:28:48,270 - mazeUtils.moveTile - [moveTile.py:552] - DEBUG - Direction: absDirection.WEST, Angle: 270, Distance: 17.399065222841024 cm
2026-06-24 23:28:48,273 - mazeUtils.moveTile - [moveTile.py:2119] - INFO - Tile color detection, decided tile type: E
2026-06-24 23:28:48,368 - __main__ - [main.py:105] - INFO - Current position: (20, 20, 0), front direction: absDirection.SOUTH
Layer 0 (altitude=0.0cm, offset=(0.0cm, 0.0cm)):
Known map area: x=17..20, y=15..20
+   +   +   +---+
  U   U   U   E |
+   +   +   +   +
  U   U   U   E |
+   +   +   +   +
  E   U   U | E |
+   +   +   +   +
  E   U   U | E |
+   +   +   +   +
| U   U   U   E |
+   +   +   +   +
  U   U   U | @ |
+   +   +   +---+
Layer 1 (altitude=15.0cm, offset=(0.0cm, -60.0cm)):
Known map area: x=17..18, y=17..17
+---+---+
| E   E  
+   +   +
mazeAsGraph[0][15][20] = {absDirection.NORTH: None, absDirection.EAST: None, absDirection.SOUTH: (20, 16, 0, 30), absDirection.WEST: (18, 17, 1, 60)}
mazeAsGraph[0][16][20] = {absDirection.NORTH: (20, 15, 0, 30), absDirection.EAST: None, absDirection.SOUTH: (20, 17, 0, 30), absDirection.WEST: (19, 16, 0, 30)}
mazeAsGraph[0][17][17] = {absDirection.NORTH: (17, 17, 1, 60), absDirection.EAST: (18, 17, 0, 30), absDirection.SOUTH: (17, 18, 0, 30), absDirection.WEST: (16, 17, 0, 30)}
mazeAsGraph[0][17][20] = {absDirection.NORTH: (20, 16, 0, 30), absDirection.EAST: None, absDirection.SOUTH: (20, 18, 0, 30), absDirection.WEST: None}
mazeAsGraph[0][18][17] = {absDirection.NORTH: (17, 17, 0, 30), absDirection.EAST: (18, 18, 0, 30), absDirection.SOUTH: (17, 19, 0, 30), absDirection.WEST: (16, 18, 0, 30)}
mazeAsGraph[0][18][20] = {absDirection.NORTH: (20, 17, 0, 30), absDirection.EAST: None, absDirection.SOUTH: (20, 19, 0, 30), absDirection.WEST: None}
mazeAsGraph[0][19][17] = {absDirection.NORTH: (17, 18, 0, 30), absDirection.EAST: (18, 19, 0, 30), absDirection.SOUTH: (17, 20, 0, 30), absDirection.WEST: None}
mazeAsGraph[0][19][20] = {absDirection.NORTH: (20, 18, 0, 30), absDirection.EAST: None, absDirection.SOUTH: (20, 20, 0, 30), absDirection.WEST: (19, 19, 0, 30)}
mazeAsGraph[0][20][20] = {absDirection.NORTH: (20, 19, 0, 30), absDirection.EAST: None, absDirection.SOUTH: None, absDirection.WEST: None}
mazeAsGraph[1][17][17] = {absDirection.NORTH: None, absDirection.EAST: (18, 17, 1, 30), absDirection.SOUTH: (17, 17, 0, 60), absDirection.WEST: None}
mazeAsGraph[1][17][18] = {absDirection.NORTH: None, absDirection.EAST: (20, 15, 0, 60), absDirection.SOUTH: (18, 18, 1, 30), absDirection.WEST: (17, 17, 1, 30)}
2026-06-24 23:28:48,378 - mazeUtils.mazeMap - [mazeMap.py:61] - INFO - next goal: (19, 19, 0)
2026-06-24 23:28:48,389 - mazeUtils.moveTile - [moveTile.py:79] - DEBUG - Moving to absDirection.NORTH from (20, 20, 0) facing absDirection.SOUTH
2026-06-24 23:28:48,413 - mazeUtils.moveTile - [moveTile.py:79] - DEBUG - current heading: 183.29999999999998 target: 270
2026-06-24 23:28:49,443 - mazeUtils.moveTile - [moveTile.py:426] - DEBUG - stopped turning at heading: 265.46999999999997, diff: 4.53000000000003
2026-06-24 23:28:49,498 - mazeUtils.moveTile - [moveTile.py:79] - DEBUG - Turned to heading: 269.06 deg
2026-06-24 23:28:49,527 - mazeUtils.moveTile - [moveTile.py:79] - DEBUG - current heading: 271.15 target: 0
2026-06-24 23:28:50,555 - mazeUtils.moveTile - [moveTile.py:426] - DEBUG - stopped turning at heading: 355.09, diff: 4.910000000000025
2026-06-24 23:28:50,608 - mazeUtils.moveTile - [moveTile.py:79] - DEBUG - Turned to heading: 359.2 deg
2026-06-24 23:28:50,784 - mazeUtils.moveTile - [moveTile.py:79] - DEBUG - Little backward to adjust position
2026-06-24 23:28:51,093 - mazeUtils.moveTile - [moveTile.py:1467] - DEBUG - Calculated target steps to next tile: 1 based on distance 30 cm
2026-06-24 23:28:51,103 - picamera2.picamera2 - [picamera2.py:1391] - DEBUG - Execute job: <picamera2.job.Job object at 0x7fa2081e10>
2026-06-24 23:28:51,106 - mazeUtils.device.camera - [camera.py:39] - DEBUG - Average HSV: H=127.4, S=24.6, V=240.9
2026-06-24 23:28:51,146 - mazeUtils.moveTile - [moveTile.py:79] - DEBUG - roll: 359.82 deg, practicalMoveTime: 0.052389891391089766 sec
2026-06-24 23:28:51,146 - mazeUtils.moveTile - [moveTile.py:1763] - DEBUG - moveTile loop time: 50.6 ms
2026-06-24 23:28:51,151 - picamera2.picamera2 - [picamera2.py:1391] - DEBUG - Execute job: <picamera2.job.Job object at 0x7f887828d0>
2026-06-24 23:28:51,154 - mazeUtils.device.camera - [camera.py:39] - DEBUG - Average HSV: H=128.0, S=24.9, V=239.6
2026-06-24 23:28:51,188 - mazeUtils.moveTile - [moveTile.py:79] - DEBUG - roll: 359.14 deg, practicalMoveTime: 0.09366635184599703 sec
2026-06-24 23:28:51,188 - mazeUtils.moveTile - [moveTile.py:1763] - DEBUG - moveTile loop time: 41.5 ms
2026-06-24 23:28:51,193 - picamera2.picamera2 - [picamera2.py:1391] - DEBUG - Execute job: <picamera2.job.Job object at 0x7f8a83ff50>
2026-06-24 23:28:51,196 - mazeUtils.device.camera - [camera.py:39] - DEBUG - Average HSV: H=127.1, S=25.3, V=240.4
2026-06-24 23:28:51,234 - mazeUtils.moveTile - [moveTile.py:79] - DEBUG - roll: 0.2599999999999909 deg, practicalMoveTime: 0.13985542159392184 sec
2026-06-24 23:28:51,235 - mazeUtils.moveTile - [moveTile.py:1763] - DEBUG - moveTile loop time: 46.4 ms
2026-06-24 23:28:51,245 - picamera2.picamera2 - [picamera2.py:1391] - DEBUG - Execute job: <picamera2.job.Job object at 0x7f88865f10>
2026-06-24 23:28:51,248 - mazeUtils.device.camera - [camera.py:39] - DEBUG - Average HSV: H=127.7, S=24.5, V=240.2
2026-06-24 23:28:51,285 - mazeUtils.moveTile - [moveTile.py:79] - DEBUG - roll: 359.19 deg, practicalMoveTime: 0.18997260680469621 sec
2026-06-24 23:28:51,285 - mazeUtils.moveTile - [moveTile.py:1763] - DEBUG - moveTile loop time: 50.4 ms
2026-06-24 23:28:51,289 - picamera2.picamera2 - [picamera2.py:1391] - DEBUG - Execute job: <picamera2.job.Job object at 0x7f88865f50>
2026-06-24 23:28:51,292 - mazeUtils.device.camera - [camera.py:39] - DEBUG - Average HSV: H=129.1, S=22.2, V=240.6
2026-06-24 23:28:51,326 - mazeUtils.moveTile - [moveTile.py:79] - DEBUG - roll: 0.160000000000025 deg, practicalMoveTime: 0.23053611097377713 sec
2026-06-24 23:28:51,326 - mazeUtils.moveTile - [moveTile.py:1763] - DEBUG - moveTile loop time: 41.0 ms
2026-06-24 23:28:51,331 - picamera2.picamera2 - [picamera2.py:1391] - DEBUG - Execute job: <picamera2.job.Job object at 0x7f88865f50>
2026-06-24 23:28:51,335 - mazeUtils.device.camera - [camera.py:39] - DEBUG - Average HSV: H=129.7, S=22.0, V=240.1
2026-06-24 23:28:51,378 - mazeUtils.moveTile - [moveTile.py:79] - DEBUG - roll: 359.27 deg, practicalMoveTime: 0.28248856791945137 sec
2026-06-24 23:28:51,379 - mazeUtils.moveTile - [moveTile.py:1763] - DEBUG - moveTile loop time: 52.5 ms
2026-06-24 23:28:51,385 - picamera2.picamera2 - [picamera2.py:1391] - DEBUG - Execute job: <picamera2.job.Job object at 0x7fa2081e10>
2026-06-24 23:28:51,388 - mazeUtils.device.camera - [camera.py:39] - DEBUG - Average HSV: H=128.0, S=21.2, V=242.0
2026-06-24 23:28:51,428 - mazeUtils.moveTile - [moveTile.py:79] - DEBUG - roll: 0.4900000000000091 deg, practicalMoveTime: 0.3311214315174646 sec
2026-06-24 23:28:51,428 - mazeUtils.moveTile - [moveTile.py:1763] - DEBUG - moveTile loop time: 48.8 ms
2026-06-24 23:28:51,432 - picamera2.picamera2 - [picamera2.py:1391] - DEBUG - Execute job: <picamera2.job.Job object at 0x7f92cecb90>
2026-06-24 23:28:51,435 - mazeUtils.device.camera - [camera.py:39] - DEBUG - Average HSV: H=129.9, S=20.4, V=240.2
2026-06-24 23:28:51,469 - mazeUtils.moveTile - [moveTile.py:79] - DEBUG - roll: 0.6700000000000159 deg, practicalMoveTime: 0.3716048562639026 sec
2026-06-24 23:28:51,469 - mazeUtils.moveTile - [moveTile.py:1763] - DEBUG - moveTile loop time: 40.7 ms
2026-06-24 23:28:51,474 - picamera2.picamera2 - [picamera2.py:1391] - DEBUG - Execute job: <picamera2.job.Job object at 0x7f88865f10>
2026-06-24 23:28:51,478 - mazeUtils.device.camera - [camera.py:39] - DEBUG - Average HSV: H=129.0, S=20.7, V=241.0
2026-06-24 23:28:51,516 - mazeUtils.moveTile - [moveTile.py:79] - DEBUG - roll: 359.24 deg, practicalMoveTime: 0.41771860680989575 sec
2026-06-24 23:28:51,516 - mazeUtils.moveTile - [moveTile.py:1763] - DEBUG - moveTile loop time: 46.3 ms
2026-06-24 23:28:51,528 - picamera2.picamera2 - [picamera2.py:1391] - DEBUG - Execute job: <picamera2.job.Job object at 0x7fa2081fd0>
2026-06-24 23:28:51,532 - mazeUtils.device.camera - [camera.py:39] - DEBUG - Average HSV: H=131.6, S=19.3, V=238.7
2026-06-24 23:28:51,566 - mazeUtils.moveTile - [moveTile.py:79] - DEBUG - roll: 0.660000000000025 deg, practicalMoveTime: 0.4675921088393321 sec
2026-06-24 23:28:51,566 - mazeUtils.moveTile - [moveTile.py:1763] - DEBUG - moveTile loop time: 50.2 ms
2026-06-24 23:28:51,571 - picamera2.picamera2 - [picamera2.py:1391] - DEBUG - Execute job: <picamera2.job.Job object at 0x7fa2081fd0>
2026-06-24 23:28:51,575 - mazeUtils.device.camera - [camera.py:39] - DEBUG - Average HSV: H=130.6, S=20.4, V=238.3
2026-06-24 23:28:51,610 - mazeUtils.moveTile - [moveTile.py:79] - DEBUG - roll: 0.38999999999998636 deg, practicalMoveTime: 0.5112566480058608 sec
2026-06-24 23:28:51,611 - mazeUtils.moveTile - [moveTile.py:1763] - DEBUG - moveTile loop time: 44.1 ms
2026-06-24 23:28:51,622 - picamera2.picamera2 - [picamera2.py:1391] - DEBUG - Execute job: <picamera2.job.Job object at 0x7fa2081fd0>
2026-06-24 23:28:51,626 - mazeUtils.device.camera - [camera.py:39] - DEBUG - Average HSV: H=129.3, S=20.0, V=240.4
2026-06-24 23:28:51,668 - mazeUtils.moveTile - [moveTile.py:79] - DEBUG - roll: 1.7099999999999795 deg, practicalMoveTime: 0.5691196450609145 sec
2026-06-24 23:28:51,669 - mazeUtils.moveTile - [moveTile.py:1763] - DEBUG - moveTile loop time: 58.1 ms
2026-06-24 23:28:51,673 - picamera2.picamera2 - [picamera2.py:1391] - DEBUG - Execute job: <picamera2.job.Job object at 0x7f88865f50>
2026-06-24 23:28:51,677 - mazeUtils.device.camera - [camera.py:39] - DEBUG - Average HSV: H=134.1, S=17.5, V=238.2
2026-06-24 23:28:51,709 - mazeUtils.moveTile - [moveTile.py:79] - DEBUG - roll: 0.6299999999999955 deg, practicalMoveTime: 0.6089467299084649 sec
2026-06-24 23:28:51,709 - mazeUtils.moveTile - [moveTile.py:1763] - DEBUG - moveTile loop time: 40.0 ms
2026-06-24 23:28:51,720 - picamera2.picamera2 - [picamera2.py:1391] - DEBUG - Execute job: <picamera2.job.Job object at 0x7f8a83ff50>
2026-06-24 23:28:51,723 - mazeUtils.device.camera - [camera.py:39] - DEBUG - Average HSV: H=131.4, S=19.0, V=239.4
2026-06-24 23:28:51,760 - mazeUtils.moveTile - [moveTile.py:79] - DEBUG - roll: 359.04 deg, practicalMoveTime: 0.6595223625506638 sec
2026-06-24 23:28:51,760 - mazeUtils.moveTile - [moveTile.py:1763] - DEBUG - moveTile loop time: 50.8 ms
2026-06-24 23:28:51,766 - picamera2.picamera2 - [picamera2.py:1391] - DEBUG - Execute job: <picamera2.job.Job object at 0x7f88865f50>
2026-06-24 23:28:51,769 - mazeUtils.device.camera - [camera.py:39] - DEBUG - Average HSV: H=129.0, S=20.4, V=239.7
2026-06-24 23:28:51,802 - mazeUtils.moveTile - [moveTile.py:79] - DEBUG - roll: 0.6700000000000159 deg, practicalMoveTime: 0.7013231218529116 sec
2026-06-24 23:28:51,803 - mazeUtils.moveTile - [moveTile.py:1763] - DEBUG - moveTile loop time: 42.1 ms
2026-06-24 23:28:51,808 - picamera2.picamera2 - [picamera2.py:1391] - DEBUG - Execute job: <picamera2.job.Job object at 0x7f88865f50>
2026-06-24 23:28:51,811 - mazeUtils.device.camera - [camera.py:39] - DEBUG - Average HSV: H=129.1, S=21.1, V=238.5
2026-06-24 23:28:51,846 - mazeUtils.moveTile - [moveTile.py:79] - DEBUG - roll: 358.82 deg, practicalMoveTime: 0.7444773806175677 sec
2026-06-24 23:28:51,846 - mazeUtils.moveTile - [moveTile.py:1763] - DEBUG - moveTile loop time: 43.4 ms
2026-06-24 23:28:51,854 - picamera2.picamera2 - [picamera2.py:1391] - DEBUG - Execute job: <picamera2.job.Job object at 0x7f8a83ff50>
2026-06-24 23:28:51,857 - mazeUtils.device.camera - [camera.py:39] - DEBUG - Average HSV: H=127.6, S=22.0, V=239.7
2026-06-24 23:28:51,890 - mazeUtils.moveTile - [moveTile.py:79] - DEBUG - roll: 359.94 deg, practicalMoveTime: 0.7883998536500816 sec
2026-06-24 23:28:51,891 - mazeUtils.moveTile - [moveTile.py:1763] - DEBUG - moveTile loop time: 44.2 ms
2026-06-24 23:28:51,896 - picamera2.picamera2 - [picamera2.py:1391] - DEBUG - Execute job: <picamera2.job.Job object at 0x7fa2081e10>
2026-06-24 23:28:51,899 - mazeUtils.device.camera - [camera.py:39] - DEBUG - Average HSV: H=131.7, S=20.5, V=235.9
2026-06-24 23:28:51,935 - mazeUtils.moveTile - [moveTile.py:79] - DEBUG - roll: 0.17000000000001592 deg, practicalMoveTime: 0.8321601706615364 sec
2026-06-24 23:28:51,935 - mazeUtils.moveTile - [moveTile.py:1763] - DEBUG - moveTile loop time: 44.0 ms
2026-06-24 23:28:51,942 - picamera2.picamera2 - [picamera2.py:1391] - DEBUG - Execute job: <picamera2.job.Job object at 0x7fa2081e10>
2026-06-24 23:28:51,946 - mazeUtils.device.camera - [camera.py:39] - DEBUG - Average HSV: H=132.2, S=20.9, V=235.5
2026-06-24 23:28:51,983 - mazeUtils.moveTile - [moveTile.py:1636] - INFO - practicalVerticalMove: 0.003907432226443715 CM
2026-06-24 23:28:52,165 - mazeUtils.moveTile - [moveTile.py:552] - DEBUG - Direction: absDirection.NORTH, Angle: 0, Distance: 133.84178022696247 cm
2026-06-24 23:28:52,166 - mazeUtils.moveTile - [moveTile.py:552] - DEBUG - Direction: absDirection.EAST, Angle: 270, Distance: 16.660372423325043 cm
2026-06-24 23:28:52,167 - mazeUtils.moveTile - [moveTile.py:552] - DEBUG - Direction: absDirection.SOUTH, Angle: 180, Distance: 51.4794579131133 cm
2026-06-24 23:28:52,168 - mazeUtils.moveTile - [moveTile.py:552] - DEBUG - Direction: absDirection.WEST, Angle: 90, Distance: 138.26123068179223 cm
2026-06-24 23:28:52,170 - mazeUtils.moveTile - [moveTile.py:2119] - INFO - Tile color detection, decided tile type: E
2026-06-24 23:28:52,241 - __main__ - [main.py:105] - INFO - Current position: (20, 19, 0), front direction: absDirection.NORTH
Layer 0 (altitude=0.0cm, offset=(0.0cm, 0.0cm)):
Known map area: x=17..20, y=15..20
+   +   +   +---+
  U   U   U   E |
+   +   +   +   +
  U   U   U   E |
+   +   +   +   +
  E   U   U | E |
+   +   +   +   +
  E   U   U | E |
+   +   +   +   +
| U   U   U   @ |
+   +   +   +   +
  U   U   U | E |
+   +   +   +---+
Layer 1 (altitude=15.0cm, offset=(0.0cm, -60.0cm)):
Known map area: x=17..18, y=17..17
+---+---+
| E   E  
+   +   +
mazeAsGraph[0][15][20] = {absDirection.NORTH: None, absDirection.EAST: None, absDirection.SOUTH: (20, 16, 0, 30), absDirection.WEST: (18, 17, 1, 60)}
mazeAsGraph[0][16][20] = {absDirection.NORTH: (20, 15, 0, 30), absDirection.EAST: None, absDirection.SOUTH: (20, 17, 0, 30), absDirection.WEST: (19, 16, 0, 30)}
mazeAsGraph[0][17][17] = {absDirection.NORTH: (17, 17, 1, 60), absDirection.EAST: (18, 17, 0, 30), absDirection.SOUTH: (17, 18, 0, 30), absDirection.WEST: (16, 17, 0, 30)}
mazeAsGraph[0][17][20] = {absDirection.NORTH: (20, 16, 0, 30), absDirection.EAST: None, absDirection.SOUTH: (20, 18, 0, 30), absDirection.WEST: None}
mazeAsGraph[0][18][17] = {absDirection.NORTH: (17, 17, 0, 30), absDirection.EAST: (18, 18, 0, 30), absDirection.SOUTH: (17, 19, 0, 30), absDirection.WEST: (16, 18, 0, 30)}
mazeAsGraph[0][18][20] = {absDirection.NORTH: (20, 17, 0, 30), absDirection.EAST: None, absDirection.SOUTH: (20, 19, 0, 30), absDirection.WEST: None}
mazeAsGraph[0][19][17] = {absDirection.NORTH: (17, 18, 0, 30), absDirection.EAST: (18, 19, 0, 30), absDirection.SOUTH: (17, 20, 0, 30), absDirection.WEST: None}
mazeAsGraph[0][19][20] = {absDirection.NORTH: (20, 18, 0, 30), absDirection.EAST: None, absDirection.SOUTH: (20, 20, 0, 30), absDirection.WEST: (19, 19, 0, 30)}
mazeAsGraph[0][20][20] = {absDirection.NORTH: (20, 19, 0, 30), absDirection.EAST: None, absDirection.SOUTH: None, absDirection.WEST: None}
mazeAsGraph[1][17][17] = {absDirection.NORTH: None, absDirection.EAST: (18, 17, 1, 30), absDirection.SOUTH: (17, 17, 0, 60), absDirection.WEST: None}
mazeAsGraph[1][17][18] = {absDirection.NORTH: None, absDirection.EAST: (20, 15, 0, 60), absDirection.SOUTH: (18, 18, 1, 30), absDirection.WEST: (17, 17, 1, 30)}
2026-06-24 23:28:52,259 - mazeUtils.moveTile - [moveTile.py:79] - DEBUG - Moving to absDirection.WEST from (20, 19, 0) facing absDirection.NORTH
2026-06-24 23:28:52,266 - mazeUtils.moveTile - [moveTile.py:79] - DEBUG - Turning to 90 deg, current heading: 1.6999999999999886 deg, turnAngle: -88.30000000000001 deg
2026-06-24 23:28:52,304 - mazeUtils.moveTile - [moveTile.py:79] - DEBUG - gyro:1.6299999999999955 deg, derivative: -0.06999999999999318, turnSpeed: -100
2026-06-24 23:28:52,332 - mazeUtils.moveTile - [moveTile.py:79] - DEBUG - gyro:1.2999999999999545 deg, derivative: -0.3300000000000409, turnSpeed: -100
2026-06-24 23:28:52,355 - mazeUtils.moveTile - [moveTile.py:79] - DEBUG - gyro:1.4099999999999682 deg, derivative: 0.11000000000001364, turnSpeed: -100
2026-06-24 23:28:52,390 - mazeUtils.moveTile - [moveTile.py:79] - DEBUG - gyro:1.9499999999999886 deg, derivative: 0.5400000000000205, turnSpeed: -100
2026-06-24 23:28:52,414 - mazeUtils.moveTile - [moveTile.py:79] - DEBUG - gyro:3.9399999999999977 deg, derivative: 1.990000000000009, turnSpeed: -100
2026-06-24 23:28:52,439 - mazeUtils.moveTile - [moveTile.py:79] - DEBUG - gyro:7.609999999999957 deg, derivative: 3.669999999999959, turnSpeed: -100
2026-06-24 23:28:52,466 - mazeUtils.moveTile - [moveTile.py:79] - DEBUG - gyro:11.289999999999964 deg, derivative: 3.680000000000007, turnSpeed: -100
2026-06-24 23:28:52,489 - mazeUtils.moveTile - [moveTile.py:79] - DEBUG - gyro:15.599999999999966 deg, derivative: 4.310000000000002, turnSpeed: -100
2026-06-24 23:28:52,513 - mazeUtils.moveTile - [moveTile.py:79] - DEBUG - gyro:20.46999999999997 deg, derivative: 4.8700000000000045, turnSpeed: -100
2026-06-24 23:28:52,543 - mazeUtils.moveTile - [moveTile.py:79] - DEBUG - gyro:24.149999999999977 deg, derivative: 3.680000000000007, turnSpeed: -100
2026-06-24 23:28:52,566 - mazeUtils.moveTile - [moveTile.py:79] - DEBUG - gyro:27.139999999999986 deg, derivative: 2.990000000000009, turnSpeed: -100
2026-06-24 23:28:52,589 - mazeUtils.moveTile - [moveTile.py:79] - DEBUG - gyro:31.049999999999955 deg, derivative: 3.909999999999968, turnSpeed: -100
2026-06-24 23:28:52,618 - mazeUtils.moveTile - [moveTile.py:79] - DEBUG - gyro:35.370000000000005 deg, derivative: 4.32000000000005, turnSpeed: -100
2026-06-24 23:28:52,652 - mazeUtils.moveTile - [moveTile.py:79] - DEBUG - gyro:37.559999999999945 deg, derivative: 2.189999999999941, turnSpeed: -100
2026-06-24 23:28:52,679 - mazeUtils.moveTile - [moveTile.py:79] - DEBUG - gyro:42.51999999999998 deg, derivative: 4.960000000000036, turnSpeed: -94.96000000000004
2026-06-24 23:28:52,705 - mazeUtils.moveTile - [moveTile.py:79] - DEBUG - gyro:46.589999999999975 deg, derivative: 4.069999999999993, turnSpeed: -86.82000000000005
2026-06-24 23:28:52,730 - mazeUtils.moveTile - [moveTile.py:79] - DEBUG - gyro:49.889999999999986 deg, derivative: 3.3000000000000114, turnSpeed: -80.22000000000003
2026-06-24 23:28:52,753 - mazeUtils.moveTile - [moveTile.py:79] - DEBUG - gyro:53.389999999999986 deg, derivative: 3.5, turnSpeed: -73.22000000000003
2026-06-24 23:28:52,781 - mazeUtils.moveTile - [moveTile.py:79] - DEBUG - gyro:56.599999999999966 deg, derivative: 3.2099999999999795, turnSpeed: -66.80000000000007
2026-06-24 23:28:52,803 - mazeUtils.moveTile - [moveTile.py:79] - DEBUG - gyro:59.64999999999998 deg, derivative: 3.0500000000000114, turnSpeed: -60.700000000000045
2026-06-24 23:28:52,828 - mazeUtils.moveTile - [moveTile.py:79] - DEBUG - gyro:62.349999999999966 deg, derivative: 2.6999999999999886, turnSpeed: -55.30000000000007
2026-06-24 23:28:52,857 - mazeUtils.moveTile - [moveTile.py:79] - DEBUG - gyro:64.58999999999997 deg, derivative: 2.240000000000009, turnSpeed: -50.82000000000005
2026-06-24 23:28:52,880 - mazeUtils.moveTile - [moveTile.py:79] - DEBUG - gyro:66.00999999999999 deg, derivative: 1.420000000000016, turnSpeed: -47.98000000000002
2026-06-24 23:28:52,903 - mazeUtils.moveTile - [moveTile.py:79] - DEBUG - gyro:68.08999999999997 deg, derivative: 2.079999999999984, turnSpeed: -43.82000000000005
2026-06-24 23:28:52,930 - mazeUtils.moveTile - [moveTile.py:79] - DEBUG - gyro:69.92999999999995 deg, derivative: 1.839999999999975, turnSpeed: -40.1400000000001
2026-06-24 23:28:52,957 - mazeUtils.moveTile - [moveTile.py:79] - DEBUG - gyro:72.16999999999996 deg, derivative: 2.240000000000009, turnSpeed: -35.66000000000008
2026-06-24 23:28:52,981 - mazeUtils.moveTile - [moveTile.py:79] - DEBUG - gyro:73.41999999999996 deg, derivative: 1.25, turnSpeed: -33.16000000000008
2026-06-24 23:28:53,006 - mazeUtils.moveTile - [moveTile.py:79] - DEBUG - gyro:75.29999999999995 deg, derivative: 1.8799999999999955, turnSpeed: -29.40000000000009
2026-06-24 23:28:53,032 - mazeUtils.moveTile - [moveTile.py:79] - DEBUG - gyro:76.57 deg, derivative: 1.2700000000000387, turnSpeed: -26.860000000000014
2026-06-24 23:28:53,057 - mazeUtils.moveTile - [moveTile.py:79] - DEBUG - gyro:77.82 deg, derivative: 1.25, turnSpeed: -24.360000000000014
2026-06-24 23:28:53,080 - mazeUtils.moveTile - [moveTile.py:79] - DEBUG - gyro:78.94 deg, derivative: 1.1200000000000045, turnSpeed: -22.120000000000005
2026-06-24 23:28:53,106 - mazeUtils.moveTile - [moveTile.py:79] - DEBUG - gyro:79.85999999999996 deg, derivative: 0.9199999999999591, turnSpeed: -20.280000000000086
2026-06-24 23:28:53,130 - mazeUtils.moveTile - [moveTile.py:79] - DEBUG - gyro:80.45999999999998 deg, derivative: 0.6000000000000227, turnSpeed: -19.08000000000004
2026-06-24 23:28:53,158 - mazeUtils.moveTile - [moveTile.py:79] - DEBUG - gyro:81.03999999999996 deg, derivative: 0.5799999999999841, turnSpeed: -17.920000000000073
2026-06-24 23:28:53,184 - mazeUtils.moveTile - [moveTile.py:79] - DEBUG - gyro:81.74000000000001 deg, derivative: 0.7000000000000455, turnSpeed: -16.519999999999982
2026-06-24 23:28:53,208 - mazeUtils.moveTile - [moveTile.py:79] - DEBUG - gyro:82.00999999999999 deg, derivative: 0.2699999999999818, turnSpeed: -15.980000000000018
2026-06-24 23:28:53,234 - mazeUtils.moveTile - [moveTile.py:79] - DEBUG - gyro:82.52999999999997 deg, derivative: 0.5199999999999818, turnSpeed: -14.940000000000055
2026-06-24 23:28:53,259 - mazeUtils.moveTile - [moveTile.py:79] - DEBUG - gyro:83.14999999999998 deg, derivative: 0.6200000000000045, turnSpeed: -13.700000000000045
2026-06-24 23:28:53,284 - mazeUtils.moveTile - [moveTile.py:79] - DEBUG - gyro:83.69999999999999 deg, derivative: 0.5500000000000114, turnSpeed: -12.600000000000023
2026-06-24 23:28:53,310 - mazeUtils.moveTile - [moveTile.py:79] - DEBUG - gyro:84.10999999999996 deg, derivative: 0.40999999999996817, turnSpeed: -11.780000000000086
2026-06-24 23:28:53,337 - mazeUtils.moveTile - [moveTile.py:79] - DEBUG - gyro:84.47999999999996 deg, derivative: 0.37000000000000455, turnSpeed: -11.040000000000077
2026-06-24 23:28:53,375 - mazeUtils.moveTile - [moveTile.py:79] - DEBUG - gyro:84.82 deg, derivative: 0.34000000000003183, turnSpeed: -10.360000000000014
2026-06-24 23:28:53,399 - mazeUtils.moveTile - [moveTile.py:79] - DEBUG - gyro:85.32 deg, derivative: 0.5, turnSpeed: -9.360000000000014
2026-06-24 23:28:53,425 - mazeUtils.moveTile - [moveTile.py:79] - DEBUG - gyro:85.75999999999999 deg, derivative: 0.4399999999999977, turnSpeed: -8.480000000000018
2026-06-24 23:28:53,450 - mazeUtils.moveTile - [moveTile.py:79] - DEBUG - gyro:86.21999999999997 deg, derivative: 0.45999999999997954, turnSpeed: -7.560000000000059
2026-06-24 23:28:53,478 - mazeUtils.moveTile - [moveTile.py:79] - DEBUG - gyro:86.5 deg, derivative: 0.28000000000002956, turnSpeed: -7.0
2026-06-24 23:28:53,506 - mazeUtils.moveTile - [moveTile.py:79] - DEBUG - gyro:86.88999999999999 deg, derivative: 0.38999999999998636, turnSpeed: -6.220000000000027
2026-06-24 23:28:53,532 - mazeUtils.moveTile - [moveTile.py:79] - DEBUG - gyro:87.21999999999997 deg, derivative: 0.3299999999999841, turnSpeed: -5.560000000000059
2026-06-24 23:28:53,560 - mazeUtils.moveTile - [moveTile.py:79] - DEBUG - gyro:87.51999999999998 deg, derivative: 0.30000000000001137, turnSpeed: -4.960000000000036
2026-06-24 23:28:53,585 - mazeUtils.moveTile - [moveTile.py:79] - DEBUG - gyro:87.75999999999999 deg, derivative: 0.2400000000000091, turnSpeed: -4.480000000000018
2026-06-24 23:28:53,611 - mazeUtils.moveTile - [moveTile.py:79] - DEBUG - gyro:87.88999999999999 deg, derivative: 0.12999999999999545, turnSpeed: -4.220000000000027
2026-06-24 23:28:53,638 - mazeUtils.moveTile - [moveTile.py:79] - DEBUG - gyro:88.07999999999998 deg, derivative: 0.18999999999999773, turnSpeed: -3.840000000000032
2026-06-24 23:28:53,662 - mazeUtils.moveTile - [moveTile.py:79] - DEBUG - Turned to heading: 88.07999999999998 deg
2026-06-24 23:28:53,833 - mazeUtils.moveTile - [moveTile.py:79] - DEBUG - Little backward to adjust position
2026-06-24 23:28:54,292 - picamera2.picamera2 - [picamera2.py:1391] - DEBUG - Execute job: <picamera2.job.Job object at 0x7f93d83c10>
2026-06-24 23:28:54,298 - mazeUtils.device.camera - [camera.py:39] - DEBUG - Average HSV: H=155.6, S=13.8, V=231.3
2026-06-24 23:28:54,344 - mazeUtils.moveTile - [moveTile.py:79] - DEBUG - roll: 359.4 deg, practicalMoveTime: 0.056858469920361976 sec
2026-06-24 23:28:54,345 - mazeUtils.moveTile - [moveTile.py:1763] - DEBUG - moveTile loop time: 57.2 ms
2026-06-24 23:28:54,357 - picamera2.picamera2 - [picamera2.py:1391] - DEBUG - Execute job: <picamera2.job.Job object at 0x7f886fbc90>
2026-06-24 23:28:54,361 - mazeUtils.device.camera - [camera.py:39] - DEBUG - Average HSV: H=156.2, S=13.6, V=231.5
2026-06-24 23:28:54,403 - mazeUtils.moveTile - [moveTile.py:79] - DEBUG - roll: 357.34000000000003 deg, practicalMoveTime: 0.11434285187948601 sec
2026-06-24 23:28:54,404 - mazeUtils.moveTile - [moveTile.py:1763] - DEBUG - moveTile loop time: 57.3 ms
2026-06-24 23:28:54,408 - picamera2.picamera2 - [picamera2.py:1391] - DEBUG - Execute job: <picamera2.job.Job object at 0x7f887828d0>
2026-06-24 23:28:54,413 - mazeUtils.device.camera - [camera.py:39] - DEBUG - Average HSV: H=150.2, S=13.0, V=231.8
2026-06-24 23:28:54,450 - mazeUtils.moveTile - [moveTile.py:79] - DEBUG - roll: 0.17000000000001592 deg, practicalMoveTime: 0.16033016865054628 sec
2026-06-24 23:28:54,450 - mazeUtils.moveTile - [moveTile.py:1763] - DEBUG - moveTile loop time: 46.2 ms
2026-06-24 23:28:54,462 - picamera2.picamera2 - [picamera2.py:1391] - DEBUG - Execute job: <picamera2.job.Job object at 0x7f93d83bd0>
2026-06-24 23:28:54,466 - mazeUtils.device.camera - [camera.py:39] - DEBUG - Average HSV: H=155.5, S=13.2, V=232.9
2026-06-24 23:28:54,507 - mazeUtils.moveTile - [moveTile.py:79] - DEBUG - roll: 358.26 deg, practicalMoveTime: 0.21709517158141822 sec
2026-06-24 23:28:54,508 - mazeUtils.moveTile - [moveTile.py:1763] - DEBUG - moveTile loop time: 57.3 ms
2026-06-24 23:28:54,518 - picamera2.picamera2 - [picamera2.py:1391] - DEBUG - Execute job: <picamera2.job.Job object at 0x7f93d83bd0>
2026-06-24 23:28:54,523 - mazeUtils.device.camera - [camera.py:39] - DEBUG - Average HSV: H=152.1, S=12.7, V=234.5
2026-06-24 23:28:54,560 - mazeUtils.moveTile - [moveTile.py:79] - DEBUG - roll: 359.85 deg, practicalMoveTime: 0.2692387458171299 sec
2026-06-24 23:28:54,561 - mazeUtils.moveTile - [moveTile.py:1763] - DEBUG - moveTile loop time: 52.4 ms
2026-06-24 23:28:54,568 - picamera2.picamera2 - [picamera2.py:1391] - DEBUG - Execute job: <picamera2.job.Job object at 0x7f93d5f4d0>
2026-06-24 23:28:54,572 - mazeUtils.device.camera - [camera.py:39] - DEBUG - Average HSV: H=150.8, S=12.7, V=235.7
2026-06-24 23:28:54,612 - mazeUtils.moveTile - [moveTile.py:79] - DEBUG - roll: 359.8 deg, practicalMoveTime: 0.3208319074305152 sec
2026-06-24 23:28:54,613 - mazeUtils.moveTile - [moveTile.py:1763] - DEBUG - moveTile loop time: 51.5 ms
2026-06-24 23:28:54,618 - picamera2.picamera2 - [picamera2.py:1391] - DEBUG - Execute job: <picamera2.job.Job object at 0x7f92ce2310>
2026-06-24 23:28:54,623 - mazeUtils.device.camera - [camera.py:39] - DEBUG - Average HSV: H=157.8, S=12.9, V=236.8
2026-06-24 23:28:54,661 - mazeUtils.moveTile - [moveTile.py:79] - DEBUG - roll: 0.7699999999999818 deg, practicalMoveTime: 0.36845406042634754 sec
2026-06-24 23:28:54,661 - mazeUtils.moveTile - [moveTile.py:1763] - DEBUG - moveTile loop time: 47.9 ms
2026-06-24 23:28:54,671 - picamera2.picamera2 - [picamera2.py:1391] - DEBUG - Execute job: <picamera2.job.Job object at 0x7f93d83bd0>
2026-06-24 23:28:54,677 - mazeUtils.device.camera - [camera.py:39] - DEBUG - Average HSV: H=160.3, S=13.6, V=236.7
2026-06-24 23:28:54,715 - mazeUtils.moveTile - [moveTile.py:79] - DEBUG - roll: 1.5300000000000296 deg, practicalMoveTime: 0.42146976440314127 sec
2026-06-24 23:28:54,715 - mazeUtils.moveTile - [moveTile.py:1763] - DEBUG - moveTile loop time: 53.4 ms
2026-06-24 23:28:54,726 - picamera2.picamera2 - [picamera2.py:1391] - DEBUG - Execute job: <picamera2.job.Job object at 0x7f93d60850>
2026-06-24 23:28:54,732 - mazeUtils.device.camera - [camera.py:39] - DEBUG - Average HSV: H=160.8, S=13.7, V=237.4
2026-06-24 23:28:54,766 - mazeUtils.moveTile - [moveTile.py:79] - DEBUG - roll: 1.1100000000000136 deg, practicalMoveTime: 0.4721356774388038 sec
2026-06-24 23:28:54,767 - mazeUtils.moveTile - [moveTile.py:1763] - DEBUG - moveTile loop time: 51.0 ms
2026-06-24 23:28:54,772 - picamera2.picamera2 - [picamera2.py:1391] - DEBUG - Execute job: <picamera2.job.Job object at 0x7f93d5f4d0>
2026-06-24 23:28:54,778 - mazeUtils.device.camera - [camera.py:39] - DEBUG - Average HSV: H=161.3, S=13.8, V=237.1
2026-06-24 23:28:54,814 - mazeUtils.moveTile - [moveTile.py:79] - DEBUG - roll: 2.5600000000000023 deg, practicalMoveTime: 0.5191836232600139 sec
2026-06-24 23:28:54,815 - mazeUtils.moveTile - [moveTile.py:1763] - DEBUG - moveTile loop time: 47.7 ms
2026-06-24 23:28:54,827 - picamera2.picamera2 - [picamera2.py:1391] - DEBUG - Execute job: <picamera2.job.Job object at 0x7f886fbc90>
2026-06-24 23:28:54,832 - mazeUtils.device.camera - [camera.py:39] - DEBUG - Average HSV: H=163.3, S=14.2, V=238.3
2026-06-24 23:28:54,868 - mazeUtils.moveTile - [moveTile.py:79] - DEBUG - roll: 1.9399999999999977 deg, practicalMoveTime: 0.5728889915706858 sec
2026-06-24 23:28:54,869 - mazeUtils.moveTile - [moveTile.py:1763] - DEBUG - moveTile loop time: 53.7 ms
2026-06-24 23:28:54,874 - picamera2.picamera2 - [picamera2.py:1391] - DEBUG - Execute job: <picamera2.job.Job object at 0x7f92ce19d0>
2026-06-24 23:28:54,878 - mazeUtils.device.camera - [camera.py:39] - DEBUG - Average HSV: H=162.9, S=14.2, V=239.8
2026-06-24 23:28:54,913 - mazeUtils.moveTile - [moveTile.py:79] - DEBUG - roll: 1.5900000000000318 deg, practicalMoveTime: 0.6163002541797818 sec
2026-06-24 23:28:54,913 - mazeUtils.moveTile - [moveTile.py:1763] - DEBUG - moveTile loop time: 43.8 ms
2026-06-24 23:28:54,919 - picamera2.picamera2 - [picamera2.py:1391] - DEBUG - Execute job: <picamera2.job.Job object at 0x7f93d83c10>
2026-06-24 23:28:54,923 - mazeUtils.device.camera - [camera.py:39] - DEBUG - Average HSV: H=165.8, S=14.6, V=239.6
2026-06-24 23:28:54,972 - mazeUtils.moveTile - [moveTile.py:79] - DEBUG - roll: 2.6100000000000136 deg, practicalMoveTime: 0.6744222670804645 sec
2026-06-24 23:28:54,972 - mazeUtils.moveTile - [moveTile.py:1763] - DEBUG - moveTile loop time: 58.4 ms
2026-06-24 23:28:54,983 - picamera2.picamera2 - [picamera2.py:1391] - DEBUG - Execute job: <picamera2.job.Job object at 0x7f93d60650>
2026-06-24 23:28:54,987 - mazeUtils.device.camera - [camera.py:39] - DEBUG - Average HSV: H=164.1, S=14.1, V=240.4
2026-06-24 23:28:55,026 - mazeUtils.moveTile - [moveTile.py:79] - DEBUG - roll: 0.7699999999999818 deg, practicalMoveTime: 0.7278665413876608 sec
2026-06-24 23:28:55,026 - mazeUtils.moveTile - [moveTile.py:1763] - DEBUG - moveTile loop time: 53.9 ms
2026-06-24 23:28:55,036 - picamera2.picamera2 - [picamera2.py:1391] - DEBUG - Execute job: <picamera2.job.Job object at 0x7f93d83bd0>
2026-06-24 23:28:55,041 - mazeUtils.device.camera - [camera.py:39] - DEBUG - Average HSV: H=161.7, S=13.7, V=242.9
2026-06-24 23:28:55,081 - mazeUtils.moveTile - [moveTile.py:79] - DEBUG - roll: 359.95 deg, practicalMoveTime: 0.7821202270741859 sec
2026-06-24 23:28:55,081 - mazeUtils.moveTile - [moveTile.py:1763] - DEBUG - moveTile loop time: 54.5 ms
2026-06-24 23:28:55,087 - picamera2.picamera2 - [picamera2.py:1391] - DEBUG - Execute job: <picamera2.job.Job object at 0x7f93d60650>
2026-06-24 23:28:55,092 - mazeUtils.device.camera - [camera.py:39] - DEBUG - Average HSV: H=160.8, S=14.1, V=244.0
2026-06-24 23:28:55,126 - mazeUtils.moveTile - [moveTile.py:79] - DEBUG - roll: 358.25 deg, practicalMoveTime: 0.826380556527887 sec
2026-06-24 23:28:55,126 - mazeUtils.moveTile - [moveTile.py:1763] - DEBUG - moveTile loop time: 44.5 ms
2026-06-24 23:28:55,134 - picamera2.picamera2 - [picamera2.py:1391] - DEBUG - Execute job: <picamera2.job.Job object at 0x7f93d83cd0>
2026-06-24 23:28:55,139 - mazeUtils.device.camera - [camera.py:39] - DEBUG - Average HSV: H=158.2, S=13.3, V=244.8
2026-06-24 23:28:55,172 - mazeUtils.moveTile - [moveTile.py:1636] - INFO - practicalVerticalMove: 0.20157531608524779 CM
2026-06-24 23:28:55,217 - mazeUtils.moveTile - [moveTile.py:1959] - INFO - Set moved vertical distance: 0.20157531608524779 cm, past distances: [(0, False), (0, False), (0, False)]
2026-06-24 23:28:55,381 - mazeUtils.moveTile - [moveTile.py:552] - DEBUG - Direction: absDirection.NORTH, Angle: 270, Distance: 39.30850005946028 cm
2026-06-24 23:28:55,384 - mazeUtils.moveTile - [moveTile.py:552] - DEBUG - Direction: absDirection.EAST, Angle: 180, Distance: 50.900917304181206 cm
2026-06-24 23:28:55,386 - mazeUtils.moveTile - [moveTile.py:552] - DEBUG - Direction: absDirection.SOUTH, Angle: 90, Distance: 16.649620213274346 cm
2026-06-24 23:28:55,389 - mazeUtils.moveTile - [moveTile.py:552] - DEBUG - Direction: absDirection.WEST, Angle: 0, Distance: 133.77717248895675 cm
2026-06-24 23:28:55,390 - mazeUtils.moveTile - [moveTile.py:574] - DEBUG - Front LiDAR distance: 133.77717248895675 cm, TSD10 distance: 65.2 cm
2026-06-24 23:28:55,393 - mazeUtils.moveTile - [moveTile.py:2119] - INFO - Tile color detection, decided tile type: E
2026-06-24 23:28:55,466 - __main__ - [main.py:105] - INFO - Current position: (19, 19, 0), front direction: absDirection.WEST
Layer 0 (altitude=0.0cm, offset=(0.0cm, 0.0cm)):
Known map area: x=17..20, y=15..20
+   +   +   +---+
  U   U   U   E |
+   +   +   +   +
  U   U   U   E |
+   +   +   +   +
  E   U   U | E |
+   +   +   +   +
  E   U   U | E |
+   +   +   +   +
| U   U   @   E |
+   +   +---+   +
  U   U   U | E |
+   +   +   +---+
Layer 1 (altitude=15.0cm, offset=(0.0cm, -60.0cm)):
Known map area: x=17..18, y=17..17
+---+---+
| E   E  
+   +   +
mazeAsGraph[0][15][20] = {absDirection.NORTH: None, absDirection.EAST: None, absDirection.SOUTH: (20, 16, 0, 30), absDirection.WEST: (18, 17, 1, 60)}
mazeAsGraph[0][16][20] = {absDirection.NORTH: (20, 15, 0, 30), absDirection.EAST: None, absDirection.SOUTH: (20, 17, 0, 30), absDirection.WEST: (19, 16, 0, 30)}
mazeAsGraph[0][17][17] = {absDirection.NORTH: (17, 17, 1, 60), absDirection.EAST: (18, 17, 0, 30), absDirection.SOUTH: (17, 18, 0, 30), absDirection.WEST: (16, 17, 0, 30)}
mazeAsGraph[0][17][20] = {absDirection.NORTH: (20, 16, 0, 30), absDirection.EAST: None, absDirection.SOUTH: (20, 18, 0, 30), absDirection.WEST: None}
mazeAsGraph[0][18][17] = {absDirection.NORTH: (17, 17, 0, 30), absDirection.EAST: (18, 18, 0, 30), absDirection.SOUTH: (17, 19, 0, 30), absDirection.WEST: (16, 18, 0, 30)}
mazeAsGraph[0][18][20] = {absDirection.NORTH: (20, 17, 0, 30), absDirection.EAST: None, absDirection.SOUTH: (20, 19, 0, 30), absDirection.WEST: None}
mazeAsGraph[0][19][17] = {absDirection.NORTH: (17, 18, 0, 30), absDirection.EAST: (18, 19, 0, 30), absDirection.SOUTH: (17, 20, 0, 30), absDirection.WEST: None}
mazeAsGraph[0][19][19] = {absDirection.NORTH: (19, 18, 0, 30), absDirection.EAST: (20, 19, 0, 30), absDirection.SOUTH: None, absDirection.WEST: (18, 19, 0, 30)}
mazeAsGraph[0][19][20] = {absDirection.NORTH: (20, 18, 0, 30), absDirection.EAST: None, absDirection.SOUTH: (20, 20, 0, 30), absDirection.WEST: (19, 19, 0, 30)}
mazeAsGraph[0][20][20] = {absDirection.NORTH: (20, 19, 0, 30), absDirection.EAST: None, absDirection.SOUTH: None, absDirection.WEST: None}
mazeAsGraph[1][17][17] = {absDirection.NORTH: None, absDirection.EAST: (18, 17, 1, 30), absDirection.SOUTH: (17, 17, 0, 60), absDirection.WEST: None}
mazeAsGraph[1][17][18] = {absDirection.NORTH: None, absDirection.EAST: (20, 15, 0, 60), absDirection.SOUTH: (18, 18, 1, 30), absDirection.WEST: (17, 17, 1, 30)}
2026-06-24 23:28:55,472 - mazeUtils.mazeMap - [mazeMap.py:61] - INFO - next goal: (18, 19, 0)
2026-06-24 23:28:55,480 - mazeUtils.moveTile - [moveTile.py:79] - DEBUG - Moving to absDirection.WEST from (19, 19, 0) facing absDirection.WEST
2026-06-24 23:28:55,507 - mazeUtils.moveTile - [moveTile.py:79] - DEBUG - current heading: 91.75 target: 90
2026-06-24 23:28:55,525 - mazeUtils.moveTile - [moveTile.py:426] - DEBUG - stopped turning at heading: 91.75, diff: 1.75
2026-06-24 23:28:55,573 - mazeUtils.moveTile - [moveTile.py:79] - DEBUG - Turned to heading: 91.74000000000001 deg
2026-06-24 23:28:55,784 - picamera2.picamera2 - [picamera2.py:1391] - DEBUG - Execute job: <picamera2.job.Job object at 0x7f8818c910>
2026-06-24 23:28:55,788 - mazeUtils.device.camera - [camera.py:39] - DEBUG - Average HSV: H=160.3, S=25.0, V=224.1
2026-06-24 23:28:55,824 - mazeUtils.moveTile - [moveTile.py:79] - DEBUG - roll: 358.28000000000003 deg, practicalMoveTime: 0.045312483605066345 sec
2026-06-24 23:28:55,825 - mazeUtils.moveTile - [moveTile.py:1763] - DEBUG - moveTile loop time: 44.8 ms
2026-06-24 23:28:55,833 - picamera2.picamera2 - [picamera2.py:1391] - DEBUG - Execute job: <picamera2.job.Job object at 0x7f8818c810>
2026-06-24 23:28:55,837 - mazeUtils.device.camera - [camera.py:39] - DEBUG - Average HSV: H=161.3, S=25.3, V=224.1
2026-06-24 23:28:55,868 - mazeUtils.moveTile - [moveTile.py:79] - DEBUG - roll: 358.5 deg, practicalMoveTime: 0.08811371015445973 sec
2026-06-24 23:28:55,868 - mazeUtils.moveTile - [moveTile.py:1763] - DEBUG - moveTile loop time: 43.0 ms
2026-06-24 23:28:55,873 - picamera2.picamera2 - [picamera2.py:1391] - DEBUG - Execute job: <picamera2.job.Job object at 0x7f8818c890>
2026-06-24 23:28:55,877 - mazeUtils.device.camera - [camera.py:39] - DEBUG - Average HSV: H=137.3, S=25.0, V=226.4
2026-06-24 23:28:55,911 - mazeUtils.moveTile - [moveTile.py:79] - DEBUG - roll: 358.75 deg, practicalMoveTime: 0.1312893609223185 sec
2026-06-24 23:28:55,912 - mazeUtils.moveTile - [moveTile.py:1763] - DEBUG - moveTile loop time: 43.4 ms
2026-06-24 23:28:55,918 - picamera2.picamera2 - [picamera2.py:1391] - DEBUG - Execute job: <picamera2.job.Job object at 0x7f8818c910>
2026-06-24 23:28:55,922 - mazeUtils.device.camera - [camera.py:39] - DEBUG - Average HSV: H=71.6, S=20.0, V=240.1
2026-06-24 23:28:55,960 - mazeUtils.moveTile - [moveTile.py:79] - DEBUG - roll: 357.76 deg, practicalMoveTime: 0.1799861174490858 sec
2026-06-24 23:28:55,961 - mazeUtils.moveTile - [moveTile.py:1763] - DEBUG - moveTile loop time: 48.8 ms
2026-06-24 23:28:55,966 - picamera2.picamera2 - [picamera2.py:1391] - DEBUG - Execute job: <picamera2.job.Job object at 0x7f8818cc50>
2026-06-24 23:28:55,969 - mazeUtils.device.camera - [camera.py:39] - DEBUG - Average HSV: H=164.5, S=22.3, V=231.9
2026-06-24 23:28:56,005 - mazeUtils.moveTile - [moveTile.py:79] - DEBUG - roll: 356.81 deg, practicalMoveTime: 0.22344825845721097 sec
2026-06-24 23:28:56,005 - mazeUtils.moveTile - [moveTile.py:1763] - DEBUG - moveTile loop time: 43.9 ms
2026-06-24 23:28:56,012 - picamera2.picamera2 - [picamera2.py:1391] - DEBUG - Execute job: <picamera2.job.Job object at 0x7f8818cc50>
2026-06-24 23:28:56,015 - mazeUtils.device.camera - [camera.py:39] - DEBUG - Average HSV: H=39.4, S=17.5, V=245.3
2026-06-24 23:28:56,080 - mazeUtils.moveTile - [moveTile.py:921] - INFO - Detected victim info during movement needing rescue kit drop: {<Side.LEFT: 0>: <UnitVStatus.Y_VICTIM: 5>, <Side.RIGHT: 1>: <UnitVStatus.NOTHING: 0>}
2026-06-24 23:28:56,080 - mazeUtils.moveTile - [moveTile.py:925] - INFO - Moving backward before dropping rescue kit
2026-06-24 23:29:01,764 - mazeUtils.moveTile - [moveTile.py:79] - DEBUG - Turning to 89.24000000000001 deg, current heading: 89.22999999999996 deg, turnAngle: -0.010000000000047748 deg
2026-06-24 23:29:01,784 - mazeUtils.moveTile - [moveTile.py:79] - DEBUG - Turned to heading: 89.22999999999996 deg
2026-06-24 23:29:02,603 - mazeUtils.moveTile - [moveTile.py:79] - DEBUG - Turning to 89.24000000000001 deg, current heading: 89.24000000000001 deg, turnAngle: 0.0 deg
2026-06-24 23:29:02,622 - mazeUtils.moveTile - [moveTile.py:79] - DEBUG - Turned to heading: 89.24000000000001 deg
2026-06-24 23:29:03,169 - mazeUtils.moveTile - [moveTile.py:79] - DEBUG - roll: 356.36 deg, practicalMoveTime: 0.22344825845721097 sec
2026-06-24 23:29:03,170 - mazeUtils.moveTile - [moveTile.py:1763] - DEBUG - moveTile loop time: 7164.6 ms
2026-06-24 23:29:03,174 - picamera2.picamera2 - [picamera2.py:1391] - DEBUG - Execute job: <picamera2.job.Job object at 0x7f888c69d0>
2026-06-24 23:29:03,177 - mazeUtils.device.camera - [camera.py:39] - DEBUG - Average HSV: H=161.7, S=14.0, V=234.2
2026-06-24 23:29:03,218 - mazeUtils.moveTile - [moveTile.py:79] - DEBUG - roll: 359.28000000000003 deg, practicalMoveTime: 0.2719459270564503 sec
2026-06-24 23:29:03,219 - mazeUtils.moveTile - [moveTile.py:1763] - DEBUG - moveTile loop time: 48.8 ms
2026-06-24 23:29:03,224 - picamera2.picamera2 - [picamera2.py:1391] - DEBUG - Execute job: <picamera2.job.Job object at 0x7f888c6c90>
2026-06-24 23:29:03,227 - mazeUtils.device.camera - [camera.py:39] - DEBUG - Average HSV: H=160.6, S=13.7, V=234.3
2026-06-24 23:29:03,260 - mazeUtils.moveTile - [moveTile.py:79] - DEBUG - roll: 359.16 deg, practicalMoveTime: 0.31251304644767725 sec
2026-06-24 23:29:03,260 - mazeUtils.moveTile - [moveTile.py:1763] - DEBUG - moveTile loop time: 40.2 ms
2026-06-24 23:29:03,272 - picamera2.picamera2 - [picamera2.py:1391] - DEBUG - Execute job: <picamera2.job.Job object at 0x7f8818c850>
2026-06-24 23:29:03,275 - mazeUtils.device.camera - [camera.py:39] - DEBUG - Average HSV: H=161.6, S=14.0, V=234.3
2026-06-24 23:29:03,310 - mazeUtils.moveTile - [moveTile.py:79] - DEBUG - roll: 0.17000000000001592 deg, practicalMoveTime: 0.3619268826550788 sec
2026-06-24 23:29:03,310 - mazeUtils.moveTile - [moveTile.py:1763] - DEBUG - moveTile loop time: 49.8 ms
2026-06-24 23:29:03,314 - picamera2.picamera2 - [picamera2.py:1391] - DEBUG - Execute job: <picamera2.job.Job object at 0x7f76264910>
2026-06-24 23:29:03,317 - mazeUtils.device.camera - [camera.py:39] - DEBUG - Average HSV: H=162.5, S=14.2, V=233.9
2026-06-24 23:29:03,350 - mazeUtils.moveTile - [moveTile.py:79] - DEBUG - roll: 0.7200000000000273 deg, practicalMoveTime: 0.40188865707508903 sec
2026-06-24 23:29:03,351 - mazeUtils.moveTile - [moveTile.py:1763] - DEBUG - moveTile loop time: 40.2 ms
2026-06-24 23:29:03,362 - picamera2.picamera2 - [picamera2.py:1391] - DEBUG - Execute job: <picamera2.job.Job object at 0x7f888c6b90>
2026-06-24 23:29:03,366 - mazeUtils.device.camera - [camera.py:39] - DEBUG - Average HSV: H=165.2, S=15.5, V=230.6
2026-06-24 23:29:03,405 - mazeUtils.moveTile - [moveTile.py:79] - DEBUG - roll: 2.680000000000007 deg, practicalMoveTime: 0.4558950139513541 sec
2026-06-24 23:29:03,405 - mazeUtils.moveTile - [moveTile.py:1763] - DEBUG - moveTile loop time: 54.3 ms
2026-06-24 23:29:03,410 - picamera2.picamera2 - [picamera2.py:1391] - DEBUG - Execute job: <picamera2.job.Job object at 0x7f76264910>
2026-06-24 23:29:03,414 - mazeUtils.device.camera - [camera.py:39] - DEBUG - Average HSV: H=164.0, S=15.6, V=229.5
2026-06-24 23:29:03,451 - mazeUtils.moveTile - [moveTile.py:79] - DEBUG - roll: 0.8999999999999773 deg, practicalMoveTime: 0.5012233614176999 sec
2026-06-24 23:29:03,451 - mazeUtils.moveTile - [moveTile.py:1763] - DEBUG - moveTile loop time: 45.5 ms
2026-06-24 23:29:03,456 - picamera2.picamera2 - [picamera2.py:1391] - DEBUG - Execute job: <picamera2.job.Job object at 0x7f888c6c10>
2026-06-24 23:29:03,460 - mazeUtils.device.camera - [camera.py:39] - DEBUG - Average HSV: H=161.1, S=15.5, V=228.1
2026-06-24 23:29:03,499 - mazeUtils.moveTile - [moveTile.py:79] - DEBUG - roll: 0.28000000000002956 deg, practicalMoveTime: 0.549632964124298 sec
2026-06-24 23:29:03,500 - mazeUtils.moveTile - [moveTile.py:1763] - DEBUG - moveTile loop time: 48.7 ms
2026-06-24 23:29:03,505 - picamera2.picamera2 - [picamera2.py:1391] - DEBUG - Execute job: <picamera2.job.Job object at 0x7f8a83ff50>
2026-06-24 23:29:03,508 - mazeUtils.device.camera - [camera.py:39] - DEBUG - Average HSV: H=160.0, S=14.9, V=230.1
2026-06-24 23:29:03,550 - mazeUtils.moveTile - [moveTile.py:79] - DEBUG - roll: 358.81 deg, practicalMoveTime: 0.6001359727266713 sec
2026-06-24 23:29:03,551 - mazeUtils.moveTile - [moveTile.py:1763] - DEBUG - moveTile loop time: 51.0 ms
2026-06-24 23:29:03,556 - picamera2.picamera2 - [picamera2.py:1391] - DEBUG - Execute job: <picamera2.job.Job object at 0x7f93d6ae50>
2026-06-24 23:29:03,559 - mazeUtils.device.camera - [camera.py:39] - DEBUG - Average HSV: H=158.3, S=14.4, V=230.0
2026-06-24 23:29:03,591 - mazeUtils.moveTile - [moveTile.py:79] - DEBUG - roll: 358.33 deg, practicalMoveTime: 0.6402944790187721 sec
2026-06-24 23:29:03,592 - mazeUtils.moveTile - [moveTile.py:1763] - DEBUG - moveTile loop time: 40.1 ms
2026-06-24 23:29:03,597 - picamera2.picamera2 - [picamera2.py:1391] - DEBUG - Execute job: <picamera2.job.Job object at 0x7f76264910>
2026-06-24 23:29:03,600 - mazeUtils.device.camera - [camera.py:39] - DEBUG - Average HSV: H=155.6, S=13.8, V=230.1
2026-06-24 23:29:03,640 - mazeUtils.moveTile - [moveTile.py:79] - DEBUG - roll: 359.49 deg, practicalMoveTime: 0.6883829560364217 sec
2026-06-24 23:29:03,641 - mazeUtils.moveTile - [moveTile.py:1763] - DEBUG - moveTile loop time: 48.4 ms
2026-06-24 23:29:03,646 - picamera2.picamera2 - [picamera2.py:1391] - DEBUG - Execute job: <picamera2.job.Job object at 0x7f8a74c590>
2026-06-24 23:29:03,649 - mazeUtils.device.camera - [camera.py:39] - DEBUG - Average HSV: H=154.4, S=14.7, V=227.0
2026-06-24 23:29:03,681 - mazeUtils.moveTile - [moveTile.py:79] - DEBUG - roll: 358.34000000000003 deg, practicalMoveTime: 0.728719628623196 sec
2026-06-24 23:29:03,682 - mazeUtils.moveTile - [moveTile.py:1763] - DEBUG - moveTile loop time: 40.7 ms
2026-06-24 23:29:03,686 - picamera2.picamera2 - [picamera2.py:1391] - DEBUG - Execute job: <picamera2.job.Job object at 0x7f8818c850>
2026-06-24 23:29:03,689 - mazeUtils.device.camera - [camera.py:39] - DEBUG - Average HSV: H=151.7, S=14.1, V=228.2
2026-06-24 23:29:03,730 - mazeUtils.moveTile - [moveTile.py:79] - DEBUG - roll: 356.72 deg, practicalMoveTime: 0.7770526047649067 sec
2026-06-24 23:29:03,731 - mazeUtils.moveTile - [moveTile.py:1763] - DEBUG - moveTile loop time: 48.7 ms
2026-06-24 23:29:03,736 - picamera2.picamera2 - [picamera2.py:1391] - DEBUG - Execute job: <picamera2.job.Job object at 0x7f93d6ae50>
2026-06-24 23:29:03,740 - mazeUtils.device.camera - [camera.py:39] - DEBUG - Average HSV: H=151.1, S=14.6, V=226.8
2026-06-24 23:29:03,783 - mazeUtils.moveTile - [moveTile.py:79] - DEBUG - roll: 359.14 deg, practicalMoveTime: 0.8294488578937186 sec
2026-06-24 23:29:03,784 - mazeUtils.moveTile - [moveTile.py:1763] - DEBUG - moveTile loop time: 52.6 ms
2026-06-24 23:29:03,789 - picamera2.picamera2 - [picamera2.py:1391] - DEBUG - Execute job: <picamera2.job.Job object at 0x7f8a74c590>
2026-06-24 23:29:03,795 - mazeUtils.device.camera - [camera.py:39] - DEBUG - Average HSV: H=149.3, S=15.0, V=226.8
2026-06-24 23:29:03,825 - mazeUtils.moveTile - [moveTile.py:1636] - INFO - practicalVerticalMove: -0.49306864967372444 CM
2026-06-24 23:29:03,876 - mazeUtils.moveTile - [moveTile.py:1959] - INFO - Set moved vertical distance: -0.49306864967372444 cm, past distances: [(0.20157531608524779, False), (0, False), (0, False)]
2026-06-24 23:29:04,018 - mazeUtils.moveTile - [moveTile.py:552] - DEBUG - Direction: absDirection.NORTH, Angle: 270, Distance: 110.69818407978153 cm
2026-06-24 23:29:04,019 - mazeUtils.moveTile - [moveTile.py:552] - DEBUG - Direction: absDirection.EAST, Angle: 180, Distance: 80.54330374295739 cm
2026-06-24 23:29:04,020 - mazeUtils.moveTile - [moveTile.py:552] - DEBUG - Direction: absDirection.SOUTH, Angle: 90, Distance: 19.041253902353024 cm
2026-06-24 23:29:04,021 - mazeUtils.moveTile - [moveTile.py:552] - DEBUG - Direction: absDirection.WEST, Angle: 0, Distance: 106.47294378939297 cm
2026-06-24 23:29:04,021 - mazeUtils.moveTile - [moveTile.py:574] - DEBUG - Front LiDAR distance: 106.47294378939297 cm, TSD10 distance: 34.3 cm
2026-06-24 23:29:04,023 - mazeUtils.moveTile - [moveTile.py:2119] - INFO - Tile color detection, decided tile type: E
2026-06-24 23:29:04,095 - __main__ - [main.py:105] - INFO - Current position: (18, 19, 0), front direction: absDirection.WEST
Layer 0 (altitude=0.0cm, offset=(0.0cm, 0.0cm)):
Known map area: x=17..20, y=15..20
+   +   +   +---+
  U   U   U   E |
+   +   +   +   +
  U   U   U   E |
+   +   +   +   +
  E   U   U | E |
+   +   +   +   +
  E   U   U | E |
+   +   +   +   +
| U   @   E   E |
+   +---+---+   +
  U   U   U | E |
+   +   +   +---+
Layer 1 (altitude=15.0cm, offset=(0.0cm, -60.0cm)):
Known map area: x=17..18, y=17..17
+---+---+
| E   E  
+   +   +
mazeAsGraph[0][15][20] = {absDirection.NORTH: None, absDirection.EAST: None, absDirection.SOUTH: (20, 16, 0, 30), absDirection.WEST: (18, 17, 1, 60)}
mazeAsGraph[0][16][20] = {absDirection.NORTH: (20, 15, 0, 30), absDirection.EAST: None, absDirection.SOUTH: (20, 17, 0, 30), absDirection.WEST: (19, 16, 0, 30)}
mazeAsGraph[0][17][17] = {absDirection.NORTH: (17, 17, 1, 60), absDirection.EAST: (18, 17, 0, 30), absDirection.SOUTH: (17, 18, 0, 30), absDirection.WEST: (16, 17, 0, 30)}
mazeAsGraph[0][17][20] = {absDirection.NORTH: (20, 16, 0, 30), absDirection.EAST: None, absDirection.SOUTH: (20, 18, 0, 30), absDirection.WEST: None}
mazeAsGraph[0][18][17] = {absDirection.NORTH: (17, 17, 0, 30), absDirection.EAST: (18, 18, 0, 30), absDirection.SOUTH: (17, 19, 0, 30), absDirection.WEST: (16, 18, 0, 30)}
mazeAsGraph[0][18][20] = {absDirection.NORTH: (20, 17, 0, 30), absDirection.EAST: None, absDirection.SOUTH: (20, 19, 0, 30), absDirection.WEST: None}
mazeAsGraph[0][19][17] = {absDirection.NORTH: (17, 18, 0, 30), absDirection.EAST: (18, 19, 0, 30), absDirection.SOUTH: (17, 20, 0, 30), absDirection.WEST: None}
mazeAsGraph[0][19][18] = {absDirection.NORTH: (18, 18, 0, 30), absDirection.EAST: (19, 19, 0, 30), absDirection.SOUTH: None, absDirection.WEST: (17, 19, 0, 30)}
mazeAsGraph[0][19][19] = {absDirection.NORTH: (19, 18, 0, 30), absDirection.EAST: (20, 19, 0, 30), absDirection.SOUTH: None, absDirection.WEST: (18, 19, 0, 30)}
mazeAsGraph[0][19][20] = {absDirection.NORTH: (20, 18, 0, 30), absDirection.EAST: None, absDirection.SOUTH: (20, 20, 0, 30), absDirection.WEST: (19, 19, 0, 30)}
mazeAsGraph[0][20][20] = {absDirection.NORTH: (20, 19, 0, 30), absDirection.EAST: None, absDirection.SOUTH: None, absDirection.WEST: None}
mazeAsGraph[1][17][17] = {absDirection.NORTH: None, absDirection.EAST: (18, 17, 1, 30), absDirection.SOUTH: (17, 17, 0, 60), absDirection.WEST: None}
mazeAsGraph[1][17][18] = {absDirection.NORTH: None, absDirection.EAST: (20, 15, 0, 60), absDirection.SOUTH: (18, 18, 1, 30), absDirection.WEST: (17, 17, 1, 30)}
2026-06-24 23:29:04,099 - mazeUtils.mazeMap - [mazeMap.py:61] - INFO - next goal: (17, 19, 0)
2026-06-24 23:29:04,108 - mazeUtils.moveTile - [moveTile.py:79] - DEBUG - Moving to absDirection.WEST from (18, 19, 0) facing absDirection.WEST
2026-06-24 23:29:04,131 - mazeUtils.moveTile - [moveTile.py:79] - DEBUG - current heading: 92.65999999999997 target: 90
2026-06-24 23:29:04,151 - mazeUtils.moveTile - [moveTile.py:426] - DEBUG - stopped turning at heading: 92.65999999999997, diff: 2.659999999999968
2026-06-24 23:29:04,240 - mazeUtils.moveTile - [moveTile.py:79] - DEBUG - Turned to heading: 91.72999999999996 deg
2026-06-24 23:29:04,480 - picamera2.picamera2 - [picamera2.py:1391] - DEBUG - Execute job: <picamera2.job.Job object at 0x7f76264910>
2026-06-24 23:29:04,493 - mazeUtils.device.camera - [camera.py:39] - DEBUG - Average HSV: H=119.9, S=74.8, V=189.5
2026-06-24 23:29:04,537 - mazeUtils.moveTile - [moveTile.py:79] - DEBUG - roll: 0.9399999999999977 deg, practicalMoveTime: 0.06450140992281175 sec
2026-06-24 23:29:04,538 - mazeUtils.moveTile - [moveTile.py:1763] - DEBUG - moveTile loop time: 64.2 ms
2026-06-24 23:29:04,544 - picamera2.picamera2 - [picamera2.py:1391] - DEBUG - Execute job: <picamera2.job.Job object at 0x7f88866150>
2026-06-24 23:29:04,554 - mazeUtils.device.camera - [camera.py:39] - DEBUG - Average HSV: H=120.2, S=74.5, V=189.3
2026-06-24 23:29:04,596 - mazeUtils.moveTile - [moveTile.py:79] - DEBUG - roll: 0.4700000000000273 deg, practicalMoveTime: 0.12311507252444881 sec
2026-06-24 23:29:04,598 - mazeUtils.moveTile - [moveTile.py:1763] - DEBUG - moveTile loop time: 59.3 ms
2026-06-24 23:29:04,609 - picamera2.picamera2 - [picamera2.py:1391] - DEBUG - Execute job: <picamera2.job.Job object at 0x7f92c57550>
2026-06-24 23:29:04,622 - mazeUtils.device.camera - [camera.py:39] - DEBUG - Average HSV: H=116.7, S=100.7, V=198.4
2026-06-24 23:29:04,661 - mazeUtils.moveTile - [moveTile.py:79] - DEBUG - roll: 359.38 deg, practicalMoveTime: 0.18655917575398173 sec
2026-06-24 23:29:04,662 - mazeUtils.moveTile - [moveTile.py:1763] - DEBUG - moveTile loop time: 64.0 ms
2026-06-24 23:29:04,670 - picamera2.picamera2 - [picamera2.py:1391] - DEBUG - Execute job: <picamera2.job.Job object at 0x7f92cee190>
2026-06-24 23:29:04,674 - mazeUtils.device.camera - [camera.py:39] - DEBUG - Average HSV: H=114.4, S=119.5, V=204.9
2026-06-24 23:29:04,723 - mazeUtils.moveTile - [moveTile.py:79] - DEBUG - roll: 359.63 deg, practicalMoveTime: 0.2472989724216263 sec
2026-06-24 23:29:04,723 - mazeUtils.moveTile - [moveTile.py:1763] - DEBUG - moveTile loop time: 60.5 ms
2026-06-24 23:29:04,728 - picamera2.picamera2 - [picamera2.py:1391] - DEBUG - Execute job: <picamera2.job.Job object at 0x7f92c57550>
2026-06-24 23:29:04,732 - mazeUtils.device.camera - [camera.py:39] - DEBUG - Average HSV: H=112.6, S=180.3, V=195.0
2026-06-24 23:29:04,768 - mazeUtils.moveTile - [moveTile.py:79] - DEBUG - roll: 0.8400000000000318 deg, practicalMoveTime: 0.29188622998563374 sec
2026-06-24 23:29:04,769 - mazeUtils.moveTile - [moveTile.py:1763] - DEBUG - moveTile loop time: 44.9 ms
2026-06-24 23:29:04,777 - picamera2.picamera2 - [picamera2.py:1391] - DEBUG - Execute job: <picamera2.job.Job object at 0x7f88866150>
2026-06-24 23:29:04,780 - mazeUtils.device.camera - [camera.py:39] - DEBUG - Average HSV: H=112.0, S=190.8, V=197.4
2026-06-24 23:29:04,821 - mazeUtils.moveTile - [moveTile.py:79] - DEBUG - roll: 359.99 deg, practicalMoveTime: 0.3447588012367824 sec
2026-06-24 23:29:04,822 - mazeUtils.moveTile - [moveTile.py:1763] - DEBUG - moveTile loop time: 53.3 ms
2026-06-24 23:29:04,834 - picamera2.picamera2 - [picamera2.py:1391] - DEBUG - Execute job: <picamera2.job.Job object at 0x7f76264910>
2026-06-24 23:29:04,841 - mazeUtils.device.camera - [camera.py:39] - DEBUG - Average HSV: H=111.5, S=195.5, V=200.5
2026-06-24 23:29:04,874 - mazeUtils.moveTile - [moveTile.py:79] - DEBUG - roll: 1.3799999999999955 deg, practicalMoveTime: 0.397065759386547 sec
2026-06-24 23:29:04,875 - mazeUtils.moveTile - [moveTile.py:1763] - DEBUG - moveTile loop time: 52.4 ms
2026-06-24 23:29:04,882 - picamera2.picamera2 - [picamera2.py:1391] - DEBUG - Execute job: <picamera2.job.Job object at 0x7f88866150>
2026-06-24 23:29:04,885 - mazeUtils.device.camera - [camera.py:39] - DEBUG - Average HSV: H=112.0, S=190.8, V=195.9
2026-06-24 23:29:04,918 - mazeUtils.moveTile - [moveTile.py:79] - DEBUG - roll: 0.4200000000000159 deg, practicalMoveTime: 0.44027166210704366 sec
2026-06-24 23:29:04,919 - mazeUtils.moveTile - [moveTile.py:1763] - DEBUG - moveTile loop time: 43.4 ms
2026-06-24 23:29:04,930 - picamera2.picamera2 - [picamera2.py:1391] - DEBUG - Execute job: <picamera2.job.Job object at 0x7f88865e10>
2026-06-24 23:29:04,935 - mazeUtils.device.camera - [camera.py:39] - DEBUG - Average HSV: H=111.4, S=195.2, V=199.5
2026-06-24 23:29:04,974 - mazeUtils.moveTile - [moveTile.py:79] - DEBUG - roll: 359.06 deg, practicalMoveTime: 0.49564629715803055 sec
2026-06-24 23:29:04,975 - mazeUtils.moveTile - [moveTile.py:1763] - DEBUG - moveTile loop time: 55.6 ms
2026-06-24 23:29:04,979 - picamera2.picamera2 - [picamera2.py:1391] - DEBUG - Execute job: <picamera2.job.Job object at 0x7f88c86a90>
2026-06-24 23:29:04,982 - mazeUtils.device.camera - [camera.py:39] - DEBUG - Average HSV: H=111.7, S=188.7, V=194.0
2026-06-24 23:29:05,016 - mazeUtils.moveTile - [moveTile.py:79] - DEBUG - roll: 2.0400000000000205 deg, practicalMoveTime: 0.5369748653257317 sec
2026-06-24 23:29:05,016 - mazeUtils.moveTile - [moveTile.py:1763] - DEBUG - moveTile loop time: 41.5 ms
2026-06-24 23:29:05,021 - picamera2.picamera2 - [picamera2.py:1391] - DEBUG - Execute job: <picamera2.job.Job object at 0x7f88c86a90>
2026-06-24 23:29:05,024 - mazeUtils.device.camera - [camera.py:39] - DEBUG - Average HSV: H=112.8, S=174.2, V=177.5
2026-06-24 23:29:05,056 - mazeUtils.moveTile - [moveTile.py:79] - DEBUG - roll: 359.85 deg, practicalMoveTime: 0.5764145416549807 sec
2026-06-24 23:29:05,057 - mazeUtils.moveTile - [moveTile.py:1763] - DEBUG - moveTile loop time: 39.8 ms
2026-06-24 23:29:05,068 - picamera2.picamera2 - [picamera2.py:1391] - DEBUG - Execute job: <picamera2.job.Job object at 0x7f883ddd10>
2026-06-24 23:29:05,071 - mazeUtils.device.camera - [camera.py:39] - DEBUG - Average HSV: H=111.2, S=179.7, V=189.0
2026-06-24 23:29:05,111 - mazeUtils.moveTile - [moveTile.py:79] - DEBUG - roll: 359.1 deg, practicalMoveTime: 0.6306144082028703 sec
2026-06-24 23:29:05,112 - mazeUtils.moveTile - [moveTile.py:1763] - DEBUG - moveTile loop time: 54.4 ms
2026-06-24 23:29:05,117 - picamera2.picamera2 - [picamera2.py:1391] - DEBUG - Execute job: <picamera2.job.Job object at 0x7f88c05b10>
2026-06-24 23:29:05,120 - mazeUtils.device.camera - [camera.py:39] - DEBUG - Average HSV: H=111.0, S=183.4, V=193.6
2026-06-24 23:29:05,159 - mazeUtils.moveTile - [moveTile.py:79] - DEBUG - roll: 358.82 deg, practicalMoveTime: 0.6779044884666634 sec
2026-06-24 23:29:05,160 - mazeUtils.moveTile - [moveTile.py:1763] - DEBUG - moveTile loop time: 47.7 ms
2026-06-24 23:29:05,171 - picamera2.picamera2 - [picamera2.py:1391] - DEBUG - Execute job: <picamera2.job.Job object at 0x7f88c05b10>
2026-06-24 23:29:05,174 - mazeUtils.device.camera - [camera.py:39] - DEBUG - Average HSV: H=109.7, S=190.5, V=203.3
2026-06-24 23:29:05,218 - mazeUtils.moveTile - [moveTile.py:79] - DEBUG - roll: 359.3 deg, practicalMoveTime: 0.7362933478110399 sec
2026-06-24 23:29:05,219 - mazeUtils.moveTile - [moveTile.py:1763] - DEBUG - moveTile loop time: 58.3 ms
2026-06-24 23:29:05,224 - picamera2.picamera2 - [picamera2.py:1391] - DEBUG - Execute job: <picamera2.job.Job object at 0x7f88866150>
2026-06-24 23:29:05,228 - mazeUtils.device.camera - [camera.py:39] - DEBUG - Average HSV: H=109.6, S=195.8, V=207.0
2026-06-24 23:29:05,264 - mazeUtils.moveTile - [moveTile.py:79] - DEBUG - roll: 0.19999999999998863 deg, practicalMoveTime: 0.7817053775180781 sec
2026-06-24 23:29:05,264 - mazeUtils.moveTile - [moveTile.py:1763] - DEBUG - moveTile loop time: 45.6 ms
2026-06-24 23:29:05,270 - picamera2.picamera2 - [picamera2.py:1391] - DEBUG - Execute job: <picamera2.job.Job object at 0x7f76264910>
2026-06-24 23:29:05,273 - mazeUtils.device.camera - [camera.py:39] - DEBUG - Average HSV: H=109.8, S=201.2, V=199.3
2026-06-24 23:29:05,312 - mazeUtils.moveTile - [moveTile.py:79] - DEBUG - roll: 359.24 deg, practicalMoveTime: 0.8288954633800214 sec
2026-06-24 23:29:05,312 - mazeUtils.moveTile - [moveTile.py:1763] - DEBUG - moveTile loop time: 47.5 ms
2026-06-24 23:29:05,317 - picamera2.picamera2 - [picamera2.py:1391] - DEBUG - Execute job: <picamera2.job.Job object at 0x7f883ddd90>
2026-06-24 23:29:05,321 - mazeUtils.device.camera - [camera.py:39] - DEBUG - Average HSV: H=110.7, S=213.0, V=182.3
2026-06-24 23:29:05,354 - mazeUtils.moveTile - [moveTile.py:1636] - INFO - practicalVerticalMove: -0.057812444312050015 CM
2026-06-24 23:29:05,404 - mazeUtils.moveTile - [moveTile.py:79] - DEBUG - Little forward to adjust position
2026-06-24 23:29:05,457 - mazeUtils.moveTile - [moveTile.py:1959] - INFO - Set moved vertical distance: -0.057812444312050015 cm, past distances: [(-0.49306864967372444, False), (0.20157531608524779, False), (0, False)]
2026-06-24 23:29:05,600 - mazeUtils.moveTile - [moveTile.py:552] - DEBUG - Direction: absDirection.NORTH, Angle: 270, Distance: 137.1220877988106 cm
2026-06-24 23:29:05,601 - mazeUtils.moveTile - [moveTile.py:552] - DEBUG - Direction: absDirection.EAST, Angle: 180, Distance: 110.46528898545787 cm
2026-06-24 23:29:05,602 - mazeUtils.moveTile - [moveTile.py:552] - DEBUG - Direction: absDirection.SOUTH, Angle: 90, Distance: 50.43492332995253 cm
2026-06-24 23:29:05,604 - mazeUtils.moveTile - [moveTile.py:552] - DEBUG - Direction: absDirection.WEST, Angle: 0, Distance: 11.776385704475054 cm
2026-06-24 23:29:05,606 - mazeUtils.moveTile - [moveTile.py:2119] - INFO - Tile color detection, decided tile type: E
2026-06-24 23:29:05,686 - __main__ - [main.py:105] - INFO - Current position: (17, 19, 0), front direction: absDirection.WEST
Layer 0 (altitude=0.0cm, offset=(0.0cm, 0.0cm)):
Known map area: x=17..20, y=15..20
+   +   +   +---+
  U   U   U   E |
+   +   +   +   +
  U   U   U   E |
+   +   +   +   +
  E   U   U | E |
+   +   +   +   +
  E   U   U | E |
+   +   +   +   +
| @   E   E   E |
+   +---+---+   +
  U   U   U | E |
+   +   +   +---+
Layer 1 (altitude=15.0cm, offset=(0.0cm, -60.0cm)):
Known map area: x=17..18, y=17..17
+---+---+
| E   E  
+   +   +
mazeAsGraph[0][15][20] = {absDirection.NORTH: None, absDirection.EAST: None, absDirection.SOUTH: (20, 16, 0, 30), absDirection.WEST: (18, 17, 1, 60)}
mazeAsGraph[0][16][20] = {absDirection.NORTH: (20, 15, 0, 30), absDirection.EAST: None, absDirection.SOUTH: (20, 17, 0, 30), absDirection.WEST: (19, 16, 0, 30)}
mazeAsGraph[0][17][17] = {absDirection.NORTH: (17, 17, 1, 60), absDirection.EAST: (18, 17, 0, 30), absDirection.SOUTH: (17, 18, 0, 30), absDirection.WEST: (16, 17, 0, 30)}
mazeAsGraph[0][17][20] = {absDirection.NORTH: (20, 16, 0, 30), absDirection.EAST: None, absDirection.SOUTH: (20, 18, 0, 30), absDirection.WEST: None}
mazeAsGraph[0][18][17] = {absDirection.NORTH: (17, 17, 0, 30), absDirection.EAST: (18, 18, 0, 30), absDirection.SOUTH: (17, 19, 0, 30), absDirection.WEST: (16, 18, 0, 30)}
mazeAsGraph[0][18][20] = {absDirection.NORTH: (20, 17, 0, 30), absDirection.EAST: None, absDirection.SOUTH: (20, 19, 0, 30), absDirection.WEST: None}
mazeAsGraph[0][19][17] = {absDirection.NORTH: (17, 18, 0, 30), absDirection.EAST: (18, 19, 0, 30), absDirection.SOUTH: (17, 20, 0, 30), absDirection.WEST: None}
mazeAsGraph[0][19][18] = {absDirection.NORTH: (18, 18, 0, 30), absDirection.EAST: (19, 19, 0, 30), absDirection.SOUTH: None, absDirection.WEST: (17, 19, 0, 30)}
mazeAsGraph[0][19][19] = {absDirection.NORTH: (19, 18, 0, 30), absDirection.EAST: (20, 19, 0, 30), absDirection.SOUTH: None, absDirection.WEST: (18, 19, 0, 30)}
mazeAsGraph[0][19][20] = {absDirection.NORTH: (20, 18, 0, 30), absDirection.EAST: None, absDirection.SOUTH: (20, 20, 0, 30), absDirection.WEST: (19, 19, 0, 30)}
mazeAsGraph[0][20][20] = {absDirection.NORTH: (20, 19, 0, 30), absDirection.EAST: None, absDirection.SOUTH: None, absDirection.WEST: None}
mazeAsGraph[1][17][17] = {absDirection.NORTH: None, absDirection.EAST: (18, 17, 1, 30), absDirection.SOUTH: (17, 17, 0, 60), absDirection.WEST: None}
mazeAsGraph[1][17][18] = {absDirection.NORTH: None, absDirection.EAST: (20, 15, 0, 60), absDirection.SOUTH: (18, 18, 1, 30), absDirection.WEST: (17, 17, 1, 30)}
2026-06-24 23:29:05,691 - mazeUtils.mazeMap - [mazeMap.py:61] - INFO - next goal: (17, 20, 0)
2026-06-24 23:29:05,698 - mazeUtils.moveTile - [moveTile.py:79] - DEBUG - Moving to absDirection.SOUTH from (17, 19, 0) facing absDirection.WEST
2026-06-24 23:29:05,702 - mazeUtils.moveTile - [moveTile.py:79] - DEBUG - Turning to 180 deg, current heading: 92.75 deg, turnAngle: -87.25 deg
2026-06-24 23:29:05,728 - mazeUtils.moveTile - [moveTile.py:79] - DEBUG - gyro:92.75999999999999 deg, derivative: 0.009999999999990905, turnSpeed: -100
2026-06-24 23:29:05,754 - mazeUtils.moveTile - [moveTile.py:79] - DEBUG - gyro:92.75 deg, derivative: -0.009999999999990905, turnSpeed: -100
2026-06-24 23:29:05,784 - mazeUtils.moveTile - [moveTile.py:79] - DEBUG - gyro:92.71999999999997 deg, derivative: -0.03000000000002956, turnSpeed: -100
2026-06-24 23:29:05,812 - mazeUtils.moveTile - [moveTile.py:79] - DEBUG - gyro:93.03999999999996 deg, derivative: 0.3199999999999932, turnSpeed: -100
2026-06-24 23:29:05,840 - mazeUtils.moveTile - [moveTile.py:79] - DEBUG - gyro:94.82999999999998 deg, derivative: 1.7900000000000205, turnSpeed: -100
2026-06-24 23:29:05,866 - mazeUtils.moveTile - [moveTile.py:79] - DEBUG - gyro:96.91999999999996 deg, derivative: 2.089999999999975, turnSpeed: -100
2026-06-24 23:29:05,893 - mazeUtils.moveTile - [moveTile.py:79] - DEBUG - gyro:100.76999999999998 deg, derivative: 3.8500000000000227, turnSpeed: -100
2026-06-24 23:29:05,919 - mazeUtils.moveTile - [moveTile.py:79] - DEBUG - gyro:104.41999999999996 deg, derivative: 3.6499999999999773, turnSpeed: -100
2026-06-24 23:29:05,946 - mazeUtils.moveTile - [moveTile.py:79] - DEBUG - gyro:106.41999999999996 deg, derivative: 2.0, turnSpeed: -100
2026-06-24 23:29:05,977 - mazeUtils.moveTile - [moveTile.py:79] - DEBUG - gyro:110.16999999999996 deg, derivative: 3.75, turnSpeed: -100
2026-06-24 23:29:06,004 - mazeUtils.moveTile - [moveTile.py:79] - DEBUG - gyro:113.73999999999998 deg, derivative: 3.5700000000000216, turnSpeed: -100
2026-06-24 23:29:06,029 - mazeUtils.moveTile - [moveTile.py:79] - DEBUG - gyro:117.15999999999997 deg, derivative: 3.4199999999999875, turnSpeed: -100
2026-06-24 23:29:06,059 - mazeUtils.moveTile - [moveTile.py:79] - DEBUG - gyro:120.34999999999997 deg, derivative: 3.1899999999999977, turnSpeed: -100
2026-06-24 23:29:06,086 - mazeUtils.moveTile - [moveTile.py:79] - DEBUG - gyro:124.78999999999996 deg, derivative: 4.439999999999998, turnSpeed: -100
2026-06-24 23:29:06,118 - mazeUtils.moveTile - [moveTile.py:79] - DEBUG - gyro:128.60999999999996 deg, derivative: 3.819999999999993, turnSpeed: -100
2026-06-24 23:29:06,142 - mazeUtils.moveTile - [moveTile.py:79] - DEBUG - gyro:133.24999999999997 deg, derivative: 4.640000000000015, turnSpeed: -93.50000000000006
2026-06-24 23:29:06,169 - mazeUtils.moveTile - [moveTile.py:79] - DEBUG - gyro:137.39 deg, derivative: 4.140000000000015, turnSpeed: -85.22000000000003
2026-06-24 23:29:06,207 - mazeUtils.moveTile - [moveTile.py:79] - DEBUG - gyro:142.15999999999997 deg, derivative: 4.769999999999982, turnSpeed: -75.68000000000006
2026-06-24 23:29:06,234 - mazeUtils.moveTile - [moveTile.py:79] - DEBUG - gyro:146.24999999999997 deg, derivative: 4.090000000000003, turnSpeed: -67.50000000000006
2026-06-24 23:29:06,265 - mazeUtils.moveTile - [moveTile.py:79] - DEBUG - gyro:151.37999999999997 deg, derivative: 5.1299999999999955, turnSpeed: -57.240000000000066
2026-06-24 23:29:06,294 - mazeUtils.moveTile - [moveTile.py:79] - DEBUG - gyro:154.73 deg, derivative: 3.3500000000000227, turnSpeed: -50.54000000000002
2026-06-24 23:29:06,332 - mazeUtils.moveTile - [moveTile.py:79] - DEBUG - gyro:157.58999999999997 deg, derivative: 2.859999999999985, turnSpeed: -44.82000000000005
2026-06-24 23:29:06,360 - mazeUtils.moveTile - [moveTile.py:79] - DEBUG - gyro:159.67 deg, derivative: 2.0800000000000125, turnSpeed: -40.660000000000025
2026-06-24 23:29:06,385 - mazeUtils.moveTile - [moveTile.py:79] - DEBUG - gyro:162.23 deg, derivative: 2.5600000000000023, turnSpeed: -35.54000000000002
2026-06-24 23:29:06,417 - mazeUtils.moveTile - [moveTile.py:79] - DEBUG - gyro:164.21999999999997 deg, derivative: 1.9899999999999807, turnSpeed: -31.56000000000006
2026-06-24 23:29:06,444 - mazeUtils.moveTile - [moveTile.py:79] - DEBUG - gyro:166.02999999999997 deg, derivative: 1.8100000000000023, turnSpeed: -27.940000000000055
2026-06-24 23:29:06,476 - mazeUtils.moveTile - [moveTile.py:79] - DEBUG - gyro:168.01999999999998 deg, derivative: 1.990000000000009, turnSpeed: -23.960000000000036
2026-06-24 23:29:06,504 - mazeUtils.moveTile - [moveTile.py:79] - DEBUG - gyro:170.24999999999997 deg, derivative: 2.2299999999999898, turnSpeed: -19.500000000000057
2026-06-24 23:29:06,536 - mazeUtils.moveTile - [moveTile.py:79] - DEBUG - gyro:172.18999999999997 deg, derivative: 1.9399999999999977, turnSpeed: -15.620000000000061
2026-06-24 23:29:06,561 - mazeUtils.moveTile - [moveTile.py:79] - DEBUG - gyro:174.03999999999996 deg, derivative: 1.8499999999999943, turnSpeed: -11.920000000000073
2026-06-24 23:29:06,587 - mazeUtils.moveTile - [moveTile.py:79] - DEBUG - gyro:175.02999999999997 deg, derivative: 0.9900000000000091, turnSpeed: -9.940000000000055
2026-06-24 23:29:06,612 - mazeUtils.moveTile - [moveTile.py:79] - DEBUG - gyro:175.87999999999997 deg, derivative: 0.8499999999999943, turnSpeed: -8.240000000000066
2026-06-24 23:29:06,641 - mazeUtils.moveTile - [moveTile.py:79] - DEBUG - gyro:176.23999999999998 deg, derivative: 0.36000000000001364, turnSpeed: -7.520000000000039
2026-06-24 23:29:06,668 - mazeUtils.moveTile - [moveTile.py:79] - DEBUG - gyro:176.51999999999998 deg, derivative: 0.28000000000000114, turnSpeed: -6.960000000000036
2026-06-24 23:29:06,706 - mazeUtils.moveTile - [moveTile.py:79] - DEBUG - gyro:176.73 deg, derivative: 0.21000000000000796, turnSpeed: -6.5400000000000205
2026-06-24 23:29:06,734 - mazeUtils.moveTile - [moveTile.py:79] - DEBUG - gyro:177.03999999999996 deg, derivative: 0.30999999999997385, turnSpeed: -5.920000000000073
2026-06-24 23:29:06,759 - mazeUtils.moveTile - [moveTile.py:79] - DEBUG - gyro:177.45999999999998 deg, derivative: 0.4200000000000159, turnSpeed: -5.080000000000041
2026-06-24 23:29:06,786 - mazeUtils.moveTile - [moveTile.py:79] - DEBUG - gyro:177.76 deg, derivative: 0.30000000000001137, turnSpeed: -4.480000000000018
2026-06-24 23:29:06,822 - mazeUtils.moveTile - [moveTile.py:79] - DEBUG - gyro:177.96999999999997 deg, derivative: 0.20999999999997954, turnSpeed: -4.060000000000059
2026-06-24 23:29:06,848 - mazeUtils.moveTile - [moveTile.py:79] - DEBUG - gyro:178.27999999999997 deg, derivative: 0.3100000000000023, turnSpeed: -3.4400000000000546
2026-06-24 23:29:06,872 - mazeUtils.moveTile - [moveTile.py:79] - DEBUG - Turned to heading: 178.27999999999997 deg
2026-06-24 23:29:07,095 - picamera2.picamera2 - [picamera2.py:1391] - DEBUG - Execute job: <picamera2.job.Job object at 0x7fac1a1d10>
2026-06-24 23:29:07,102 - mazeUtils.device.camera - [camera.py:39] - DEBUG - Average HSV: H=110.8, S=193.5, V=190.6
2026-06-24 23:29:07,144 - mazeUtils.moveTile - [moveTile.py:79] - DEBUG - roll: 358.23 deg, practicalMoveTime: 0.053908710173010875 sec
2026-06-24 23:29:07,145 - mazeUtils.moveTile - [moveTile.py:1763] - DEBUG - moveTile loop time: 53.8 ms
2026-06-24 23:29:07,154 - picamera2.picamera2 - [picamera2.py:1391] - DEBUG - Execute job: <picamera2.job.Job object at 0x7f88c86a90>
2026-06-24 23:29:07,161 - mazeUtils.device.camera - [camera.py:39] - DEBUG - Average HSV: H=111.0, S=192.8, V=188.8
2026-06-24 23:29:07,205 - mazeUtils.moveTile - [moveTile.py:79] - DEBUG - roll: 359.46 deg, practicalMoveTime: 0.11413812748756749 sec
2026-06-24 23:29:07,206 - mazeUtils.moveTile - [moveTile.py:1763] - DEBUG - moveTile loop time: 60.7 ms
2026-06-24 23:29:07,218 - picamera2.picamera2 - [picamera2.py:1391] - DEBUG - Execute job: <picamera2.job.Job object at 0x7f92cfc390>
2026-06-24 23:29:07,225 - mazeUtils.device.camera - [camera.py:39] - DEBUG - Average HSV: H=111.8, S=190.1, V=183.4
2026-06-24 23:29:07,268 - mazeUtils.moveTile - [moveTile.py:79] - DEBUG - roll: 0.18999999999999773 deg, practicalMoveTime: 0.17615747910388535 sec
2026-06-24 23:29:07,269 - mazeUtils.moveTile - [moveTile.py:1763] - DEBUG - moveTile loop time: 61.8 ms
2026-06-24 23:29:07,277 - picamera2.picamera2 - [picamera2.py:1391] - DEBUG - Execute job: <picamera2.job.Job object at 0x7f92cfc3d0>
2026-06-24 23:29:07,282 - mazeUtils.device.camera - [camera.py:39] - DEBUG - Average HSV: H=111.6, S=195.1, V=188.5
2026-06-24 23:29:07,318 - mazeUtils.moveTile - [moveTile.py:79] - DEBUG - roll: 0.7099999999999795 deg, practicalMoveTime: 0.2249076479132542 sec
2026-06-24 23:29:07,319 - mazeUtils.moveTile - [moveTile.py:1763] - DEBUG - moveTile loop time: 49.1 ms
2026-06-24 23:29:07,333 - picamera2.picamera2 - [picamera2.py:1391] - DEBUG - Execute job: <picamera2.job.Job object at 0x7f92cfcbd0>
2026-06-24 23:29:07,339 - mazeUtils.device.camera - [camera.py:39] - DEBUG - Average HSV: H=111.1, S=198.8, V=190.9
2026-06-24 23:29:07,373 - mazeUtils.moveTile - [moveTile.py:79] - DEBUG - roll: 0.660000000000025 deg, practicalMoveTime: 0.27932381151730046 sec
2026-06-24 23:29:07,374 - mazeUtils.moveTile - [moveTile.py:1763] - DEBUG - moveTile loop time: 54.8 ms
2026-06-24 23:29:07,380 - picamera2.picamera2 - [picamera2.py:1391] - DEBUG - Execute job: <picamera2.job.Job object at 0x7f92cfc390>
2026-06-24 23:29:07,387 - mazeUtils.device.camera - [camera.py:39] - DEBUG - Average HSV: H=111.4, S=197.6, V=186.7
2026-06-24 23:29:07,434 - mazeUtils.moveTile - [moveTile.py:79] - DEBUG - roll: 359.7 deg, practicalMoveTime: 0.3387593206783879 sec
2026-06-24 23:29:07,435 - mazeUtils.moveTile - [moveTile.py:1763] - DEBUG - moveTile loop time: 59.8 ms
2026-06-24 23:29:07,441 - picamera2.picamera2 - [picamera2.py:1391] - DEBUG - Execute job: <picamera2.job.Job object at 0x7f92cf1c90>
2026-06-24 23:29:07,448 - mazeUtils.device.camera - [camera.py:39] - DEBUG - Average HSV: H=111.5, S=192.5, V=183.0
2026-06-24 23:29:07,490 - mazeUtils.moveTile - [moveTile.py:79] - DEBUG - roll: 1.5600000000000023 deg, practicalMoveTime: 0.3943376471564715 sec
2026-06-24 23:29:07,492 - mazeUtils.moveTile - [moveTile.py:1763] - DEBUG - moveTile loop time: 56.3 ms
2026-06-24 23:29:07,498 - picamera2.picamera2 - [picamera2.py:1391] - DEBUG - Execute job: <picamera2.job.Job object at 0x7fac1a1590>
2026-06-24 23:29:07,504 - mazeUtils.device.camera - [camera.py:39] - DEBUG - Average HSV: H=112.5, S=188.3, V=182.9
2026-06-24 23:29:07,547 - mazeUtils.moveTile - [moveTile.py:79] - DEBUG - roll: 0.13999999999998636 deg, practicalMoveTime: 0.4501753710070745 sec
2026-06-24 23:29:07,548 - mazeUtils.moveTile - [moveTile.py:1763] - DEBUG - moveTile loop time: 56.1 ms
2026-06-24 23:29:07,555 - picamera2.picamera2 - [picamera2.py:1391] - DEBUG - Execute job: <picamera2.job.Job object at 0x7f92cfcbd0>
2026-06-24 23:29:07,565 - mazeUtils.device.camera - [camera.py:39] - DEBUG - Average HSV: H=111.8, S=191.5, V=186.1
2026-06-24 23:29:07,610 - mazeUtils.moveTile - [moveTile.py:79] - DEBUG - roll: 2.240000000000009 deg, practicalMoveTime: 0.5111112650393697 sec
2026-06-24 23:29:07,610 - mazeUtils.moveTile - [moveTile.py:1763] - DEBUG - moveTile loop time: 61.0 ms
2026-06-24 23:29:07,617 - picamera2.picamera2 - [picamera2.py:1391] - DEBUG - Execute job: <picamera2.job.Job object at 0x7f92cfc3d0>
2026-06-24 23:29:07,624 - mazeUtils.device.camera - [camera.py:39] - DEBUG - Average HSV: H=112.0, S=194.4, V=189.8
2026-06-24 23:29:07,662 - mazeUtils.moveTile - [moveTile.py:79] - DEBUG - roll: 1.170000000000016 deg, practicalMoveTime: 0.5623424300035776 sec
2026-06-24 23:29:07,663 - mazeUtils.moveTile - [moveTile.py:1763] - DEBUG - moveTile loop time: 51.6 ms
2026-06-24 23:29:07,670 - picamera2.picamera2 - [picamera2.py:1391] - DEBUG - Execute job: <picamera2.job.Job object at 0x7f92cf1c90>
2026-06-24 23:29:07,677 - mazeUtils.device.camera - [camera.py:39] - DEBUG - Average HSV: H=111.8, S=195.4, V=192.7
2026-06-24 23:29:07,713 - mazeUtils.moveTile - [moveTile.py:79] - DEBUG - roll: 3.3000000000000114 deg, practicalMoveTime: 0.6122231403392296 sec
2026-06-24 23:29:07,714 - mazeUtils.moveTile - [moveTile.py:1763] - DEBUG - moveTile loop time: 50.5 ms
2026-06-24 23:29:07,726 - picamera2.picamera2 - [picamera2.py:1391] - DEBUG - Execute job: <picamera2.job.Job object at 0x7fac1a1590>
2026-06-24 23:29:07,733 - mazeUtils.device.camera - [camera.py:39] - DEBUG - Average HSV: H=111.3, S=200.7, V=198.1
2026-06-24 23:29:07,776 - mazeUtils.moveTile - [moveTile.py:79] - DEBUG - roll: 358.37 deg, practicalMoveTime: 0.674043223217166 sec
2026-06-24 23:29:07,776 - mazeUtils.moveTile - [moveTile.py:1763] - DEBUG - moveTile loop time: 61.9 ms
2026-06-24 23:29:07,784 - picamera2.picamera2 - [picamera2.py:1391] - DEBUG - Execute job: <picamera2.job.Job object at 0x7f92cf1c90>
2026-06-24 23:29:07,790 - mazeUtils.device.camera - [camera.py:39] - DEBUG - Average HSV: H=109.4, S=206.8, V=207.4
2026-06-24 23:29:07,832 - mazeUtils.moveTile - [moveTile.py:79] - DEBUG - roll: 0.9300000000000068 deg, practicalMoveTime: 0.7293622098269458 sec
2026-06-24 23:29:07,833 - mazeUtils.moveTile - [moveTile.py:1763] - DEBUG - moveTile loop time: 56.0 ms
2026-06-24 23:29:07,840 - picamera2.picamera2 - [picamera2.py:1391] - DEBUG - Execute job: <picamera2.job.Job object at 0x7f89097990>
2026-06-24 23:29:07,848 - mazeUtils.device.camera - [camera.py:39] - DEBUG - Average HSV: H=108.5, S=213.6, V=212.7
2026-06-24 23:29:07,884 - mazeUtils.moveTile - [moveTile.py:79] - DEBUG - roll: 358.54 deg, practicalMoveTime: 0.7802561850034785 sec
2026-06-24 23:29:07,885 - mazeUtils.moveTile - [moveTile.py:1763] - DEBUG - moveTile loop time: 51.2 ms
2026-06-24 23:29:07,895 - picamera2.picamera2 - [picamera2.py:1391] - DEBUG - Execute job: <picamera2.job.Job object at 0x7f92cf1c90>
2026-06-24 23:29:07,902 - mazeUtils.device.camera - [camera.py:39] - DEBUG - Average HSV: H=107.6, S=225.7, V=213.7
2026-06-24 23:29:07,937 - mazeUtils.moveTile - [moveTile.py:79] - DEBUG - roll: 0.6700000000000159 deg, practicalMoveTime: 0.8324224013786464 sec
2026-06-24 23:29:07,938 - mazeUtils.moveTile - [moveTile.py:1763] - DEBUG - moveTile loop time: 52.3 ms
2026-06-24 23:29:07,944 - picamera2.picamera2 - [picamera2.py:1391] - DEBUG - Execute job: <picamera2.job.Job object at 0x7f89097990>
2026-06-24 23:29:07,950 - mazeUtils.device.camera - [camera.py:39] - DEBUG - Average HSV: H=108.4, S=239.6, V=212.1
2026-06-24 23:29:07,988 - mazeUtils.moveTile - [moveTile.py:1636] - INFO - practicalVerticalMove: 0.14508451513492443 CM
2026-06-24 23:29:08,040 - mazeUtils.moveTile - [moveTile.py:79] - DEBUG - Little forward to adjust position
2026-06-24 23:29:08,161 - mazeUtils.moveTile - [moveTile.py:1959] - INFO - Set moved vertical distance: 0.14508451513492443 cm, past distances: [(0, False), (0, False), (0, False)]
2026-06-24 23:29:08,339 - mazeUtils.moveTile - [moveTile.py:552] - DEBUG - Direction: absDirection.NORTH, Angle: 180, Distance: 172.6699064065081 cm
2026-06-24 23:29:08,347 - mazeUtils.moveTile - [moveTile.py:552] - DEBUG - Direction: absDirection.EAST, Angle: 90, Distance: 18.215707891863502 cm
2026-06-24 23:29:08,366 - mazeUtils.moveTile - [moveTile.py:552] - DEBUG - Direction: absDirection.SOUTH, Angle: 0, Distance: 12.378293838165671 cm
2026-06-24 23:29:08,369 - mazeUtils.moveTile - [moveTile.py:574] - DEBUG - Front LiDAR distance: 12.378293838165671 cm, TSD10 distance: 1.9 cm
2026-06-24 23:29:08,381 - mazeUtils.moveTile - [moveTile.py:552] - DEBUG - Direction: absDirection.WEST, Angle: 270, Distance: 76.64647783516087 cm
2026-06-24 23:29:08,385 - mazeUtils.moveTile - [moveTile.py:2119] - INFO - Tile color detection, decided tile type: E
2026-06-24 23:29:08,535 - __main__ - [main.py:105] - INFO - Current position: (17, 20, 0), front direction: absDirection.SOUTH
Layer 0 (altitude=0.0cm, offset=(0.0cm, 0.0cm)):
Known map area: x=17..20, y=15..20
+   +   +   +---+
  U   U   U   E |
+   +   +   +   +
  U   U   U   E |
+   +   +   +   +
  E   U   U | E |
+   +   +   +   +
  E   U   U | E |
+   +   +   +   +
| E   E   E   E |
+   +---+---+   +
  @ | U   U | E |
+---+   +   +---+
Layer 1 (altitude=15.0cm, offset=(0.0cm, -60.0cm)):
Known map area: x=17..18, y=17..17
+---+---+
| E   E  
+   +   +
mazeAsGraph[0][15][20] = {absDirection.NORTH: None, absDirection.EAST: None, absDirection.SOUTH: (20, 16, 0, 30), absDirection.WEST: (18, 17, 1, 60)}
mazeAsGraph[0][16][20] = {absDirection.NORTH: (20, 15, 0, 30), absDirection.EAST: None, absDirection.SOUTH: (20, 17, 0, 30), absDirection.WEST: (19, 16, 0, 30)}
mazeAsGraph[0][17][17] = {absDirection.NORTH: (17, 17, 1, 60), absDirection.EAST: (18, 17, 0, 30), absDirection.SOUTH: (17, 18, 0, 30), absDirection.WEST: (16, 17, 0, 30)}
mazeAsGraph[0][17][20] = {absDirection.NORTH: (20, 16, 0, 30), absDirection.EAST: None, absDirection.SOUTH: (20, 18, 0, 30), absDirection.WEST: None}
mazeAsGraph[0][18][17] = {absDirection.NORTH: (17, 17, 0, 30), absDirection.EAST: (18, 18, 0, 30), absDirection.SOUTH: (17, 19, 0, 30), absDirection.WEST: (16, 18, 0, 30)}
mazeAsGraph[0][18][20] = {absDirection.NORTH: (20, 17, 0, 30), absDirection.EAST: None, absDirection.SOUTH: (20, 19, 0, 30), absDirection.WEST: None}
mazeAsGraph[0][19][17] = {absDirection.NORTH: (17, 18, 0, 30), absDirection.EAST: (18, 19, 0, 30), absDirection.SOUTH: (17, 20, 0, 30), absDirection.WEST: None}
mazeAsGraph[0][19][18] = {absDirection.NORTH: (18, 18, 0, 30), absDirection.EAST: (19, 19, 0, 30), absDirection.SOUTH: None, absDirection.WEST: (17, 19, 0, 30)}
mazeAsGraph[0][19][19] = {absDirection.NORTH: (19, 18, 0, 30), absDirection.EAST: (20, 19, 0, 30), absDirection.SOUTH: None, absDirection.WEST: (18, 19, 0, 30)}
mazeAsGraph[0][19][20] = {absDirection.NORTH: (20, 18, 0, 30), absDirection.EAST: None, absDirection.SOUTH: (20, 20, 0, 30), absDirection.WEST: (19, 19, 0, 30)}
mazeAsGraph[0][20][17] = {absDirection.NORTH: (17, 19, 0, 30), absDirection.EAST: None, absDirection.SOUTH: None, absDirection.WEST: (16, 20, 0, 30)}
mazeAsGraph[0][20][20] = {absDirection.NORTH: (20, 19, 0, 30), absDirection.EAST: None, absDirection.SOUTH: None, absDirection.WEST: None}
mazeAsGraph[1][17][17] = {absDirection.NORTH: None, absDirection.EAST: (18, 17, 1, 30), absDirection.SOUTH: (17, 17, 0, 60), absDirection.WEST: None}
mazeAsGraph[1][17][18] = {absDirection.NORTH: None, absDirection.EAST: (20, 15, 0, 60), absDirection.SOUTH: (18, 18, 1, 30), absDirection.WEST: (17, 17, 1, 30)}
2026-06-24 23:29:08,549 - mazeUtils.mazeMap - [mazeMap.py:61] - INFO - next goal: (16, 20, 0)
2026-06-24 23:29:08,557 - mazeUtils.moveTile - [moveTile.py:79] - DEBUG - Moving to absDirection.WEST from (17, 20, 0) facing absDirection.SOUTH
2026-06-24 23:29:08,582 - mazeUtils.moveTile - [moveTile.py:79] - DEBUG - current heading: 181.81999999999996 target: 90
2026-06-24 23:29:09,574 - mazeUtils.moveTile - [moveTile.py:378] - INFO - Find victim on LEFT side during turn: UnitVStatus.H_VICTIM
2026-06-24 23:29:14,735 - mazeUtils.moveTile - [moveTile.py:79] - DEBUG - Turning to 93.57 deg, current heading: 93.57999999999998 deg, turnAngle: 0.009999999999990905 deg
2026-06-24 23:29:14,754 - mazeUtils.moveTile - [moveTile.py:79] - DEBUG - Turned to heading: 93.57999999999998 deg
2026-06-24 23:29:15,574 - mazeUtils.moveTile - [moveTile.py:79] - DEBUG - Turning to 273.58 deg, current heading: 93.57 deg, turnAngle: 179.99 deg
2026-06-24 23:29:15,599 - mazeUtils.moveTile - [moveTile.py:79] - DEBUG - gyro:93.57 deg, derivative: 0.0, turnSpeed: 100
2026-06-24 23:29:15,624 - mazeUtils.moveTile - [moveTile.py:79] - DEBUG - gyro:93.57999999999998 deg, derivative: 0.009999999999990905, turnSpeed: -100
2026-06-24 23:29:15,649 - mazeUtils.moveTile - [moveTile.py:79] - DEBUG - gyro:93.58999999999997 deg, derivative: 0.009999999999990905, turnSpeed: -100
2026-06-24 23:29:15,677 - mazeUtils.moveTile - [moveTile.py:79] - DEBUG - gyro:93.65999999999997 deg, derivative: 0.06999999999999318, turnSpeed: -100
2026-06-24 23:29:15,705 - mazeUtils.moveTile - [moveTile.py:79] - DEBUG - gyro:93.26999999999998 deg, derivative: -0.38999999999998636, turnSpeed: 100
2026-06-24 23:29:15,733 - mazeUtils.moveTile - [moveTile.py:79] - DEBUG - gyro:92.97999999999996 deg, derivative: -0.29000000000002046, turnSpeed: 100
2026-06-24 23:29:15,759 - mazeUtils.moveTile - [moveTile.py:79] - DEBUG - gyro:93.80999999999995 deg, derivative: 0.8299999999999841, turnSpeed: -100
2026-06-24 23:29:15,783 - mazeUtils.moveTile - [moveTile.py:79] - DEBUG - gyro:97.65999999999997 deg, derivative: 3.8500000000000227, turnSpeed: -100
2026-06-24 23:29:15,808 - mazeUtils.moveTile - [moveTile.py:79] - DEBUG - gyro:100.91999999999996 deg, derivative: 3.259999999999991, turnSpeed: -100
2026-06-24 23:29:15,832 - mazeUtils.moveTile - [moveTile.py:79] - DEBUG - gyro:101.88 deg, derivative: 0.9600000000000364, turnSpeed: -100
2026-06-24 23:29:15,861 - mazeUtils.moveTile - [moveTile.py:79] - DEBUG - gyro:101.50999999999999 deg, derivative: -0.37000000000000455, turnSpeed: -100
2026-06-24 23:29:15,885 - mazeUtils.moveTile - [moveTile.py:79] - DEBUG - gyro:104.08999999999997 deg, derivative: 2.579999999999984, turnSpeed: -100
2026-06-24 23:29:15,910 - mazeUtils.moveTile - [moveTile.py:79] - DEBUG - gyro:107.70999999999998 deg, derivative: 3.6200000000000045, turnSpeed: -100
2026-06-24 23:29:15,934 - mazeUtils.moveTile - [moveTile.py:79] - DEBUG - gyro:111.61999999999998 deg, derivative: 3.9099999999999966, turnSpeed: -100
2026-06-24 23:29:15,958 - mazeUtils.moveTile - [moveTile.py:79] - DEBUG - gyro:114.42999999999998 deg, derivative: 2.8100000000000023, turnSpeed: -100
2026-06-24 23:29:15,982 - mazeUtils.moveTile - [moveTile.py:79] - DEBUG - gyro:118.44999999999999 deg, derivative: 4.02000000000001, turnSpeed: -100
2026-06-24 23:29:16,010 - mazeUtils.moveTile - [moveTile.py:79] - DEBUG - gyro:120.84999999999997 deg, derivative: 2.3999999999999773, turnSpeed: -100
2026-06-24 23:29:16,034 - mazeUtils.moveTile - [moveTile.py:79] - DEBUG - gyro:123.34999999999997 deg, derivative: 2.5, turnSpeed: -100
2026-06-24 23:29:16,056 - mazeUtils.moveTile - [moveTile.py:79] - DEBUG - gyro:126.27999999999997 deg, derivative: 2.930000000000007, turnSpeed: -100
2026-06-24 23:29:16,083 - mazeUtils.moveTile - [moveTile.py:79] - DEBUG - gyro:127.82999999999998 deg, derivative: 1.5500000000000114, turnSpeed: -100
2026-06-24 23:29:16,114 - mazeUtils.moveTile - [moveTile.py:79] - DEBUG - gyro:130.14999999999998 deg, derivative: 2.319999999999993, turnSpeed: -100
2026-06-24 23:29:16,144 - mazeUtils.moveTile - [moveTile.py:79] - DEBUG - gyro:133.57999999999998 deg, derivative: 3.430000000000007, turnSpeed: -100
2026-06-24 23:29:16,171 - mazeUtils.moveTile - [moveTile.py:79] - DEBUG - gyro:138.48 deg, derivative: 4.900000000000006, turnSpeed: -100
2026-06-24 23:29:16,195 - mazeUtils.moveTile - [moveTile.py:79] - DEBUG - gyro:142.15999999999997 deg, derivative: 3.6799999999999784, turnSpeed: -100
2026-06-24 23:29:16,221 - mazeUtils.moveTile - [moveTile.py:79] - DEBUG - gyro:146.20999999999998 deg, derivative: 4.050000000000011, turnSpeed: -100
2026-06-24 23:29:16,250 - mazeUtils.moveTile - [moveTile.py:79] - DEBUG - gyro:148.82999999999998 deg, derivative: 2.6200000000000045, turnSpeed: -100
2026-06-24 23:29:16,280 - mazeUtils.moveTile - [moveTile.py:79] - DEBUG - gyro:153.15999999999997 deg, derivative: 4.329999999999984, turnSpeed: -100
2026-06-24 23:29:16,308 - mazeUtils.moveTile - [moveTile.py:79] - DEBUG - gyro:157.01 deg, derivative: 3.8500000000000227, turnSpeed: -100
2026-06-24 23:29:16,334 - mazeUtils.moveTile - [moveTile.py:79] - DEBUG - gyro:160.48999999999998 deg, derivative: 3.4799999999999898, turnSpeed: -100
2026-06-24 23:29:16,377 - mazeUtils.moveTile - [moveTile.py:79] - DEBUG - gyro:162.73999999999998 deg, derivative: 2.25, turnSpeed: -100
2026-06-24 23:29:16,400 - mazeUtils.moveTile - [moveTile.py:79] - DEBUG - gyro:169.73 deg, derivative: 6.990000000000009, turnSpeed: -100
2026-06-24 23:29:16,424 - mazeUtils.moveTile - [moveTile.py:79] - DEBUG - gyro:172.42 deg, derivative: 2.6899999999999977, turnSpeed: -100
2026-06-24 23:29:16,453 - mazeUtils.moveTile - [moveTile.py:79] - DEBUG - gyro:175.12999999999997 deg, derivative: 2.7099999999999795, turnSpeed: -100
2026-06-24 23:29:16,478 - mazeUtils.moveTile - [moveTile.py:79] - DEBUG - gyro:177.57999999999998 deg, derivative: 2.450000000000017, turnSpeed: -100
2026-06-24 23:29:16,502 - mazeUtils.moveTile - [moveTile.py:79] - DEBUG - gyro:180.64999999999998 deg, derivative: 3.069999999999993, turnSpeed: -100
2026-06-24 23:29:16,526 - mazeUtils.moveTile - [moveTile.py:79] - DEBUG - gyro:183.02999999999997 deg, derivative: 2.3799999999999955, turnSpeed: -100
2026-06-24 23:29:16,551 - mazeUtils.moveTile - [moveTile.py:79] - DEBUG - gyro:186.26999999999998 deg, derivative: 3.240000000000009, turnSpeed: -100
2026-06-24 23:29:16,574 - mazeUtils.moveTile - [moveTile.py:79] - DEBUG - gyro:187.51 deg, derivative: 1.240000000000009, turnSpeed: -100
2026-06-24 23:29:16,597 - mazeUtils.moveTile - [moveTile.py:79] - DEBUG - gyro:187.10999999999999 deg, derivative: -0.4000000000000057, turnSpeed: -100
2026-06-24 23:29:16,623 - mazeUtils.moveTile - [moveTile.py:79] - DEBUG - gyro:187.28999999999996 deg, derivative: 0.1799999999999784, turnSpeed: -100
2026-06-24 23:29:16,653 - mazeUtils.moveTile - [moveTile.py:79] - DEBUG - gyro:187.56999999999996 deg, derivative: 0.28000000000000114, turnSpeed: -100
2026-06-24 23:29:16,677 - mazeUtils.moveTile - [moveTile.py:79] - DEBUG - gyro:186.7 deg, derivative: -0.8699999999999761, turnSpeed: -100
2026-06-24 23:29:16,702 - mazeUtils.moveTile - [moveTile.py:79] - DEBUG - gyro:187.86999999999998 deg, derivative: 1.1699999999999875, turnSpeed: -100
2026-06-24 23:29:16,731 - mazeUtils.moveTile - [moveTile.py:79] - DEBUG - gyro:188.98 deg, derivative: 1.1100000000000136, turnSpeed: -100
2026-06-24 23:29:16,760 - mazeUtils.moveTile - [moveTile.py:79] - DEBUG - gyro:190.84999999999997 deg, derivative: 1.8699999999999761, turnSpeed: -100
2026-06-24 23:29:16,790 - mazeUtils.moveTile - [moveTile.py:79] - DEBUG - gyro:193.89 deg, derivative: 3.0400000000000205, turnSpeed: -100
2026-06-24 23:29:16,815 - mazeUtils.moveTile - [moveTile.py:79] - DEBUG - gyro:195.83999999999997 deg, derivative: 1.9499999999999886, turnSpeed: -100
2026-06-24 23:29:16,837 - mazeUtils.moveTile - [moveTile.py:79] - DEBUG - gyro:198.12999999999997 deg, derivative: 2.289999999999992, turnSpeed: -100
2026-06-24 23:29:16,861 - mazeUtils.moveTile - [moveTile.py:79] - DEBUG - gyro:201.14 deg, derivative: 3.0100000000000193, turnSpeed: -100
2026-06-24 23:29:16,889 - mazeUtils.moveTile - [moveTile.py:79] - DEBUG - gyro:204.37999999999997 deg, derivative: 3.2399999999999807, turnSpeed: -100
2026-06-24 23:29:16,918 - mazeUtils.moveTile - [moveTile.py:79] - DEBUG - gyro:207.03999999999996 deg, derivative: 2.6599999999999966, turnSpeed: -100
2026-06-24 23:29:16,945 - mazeUtils.moveTile - [moveTile.py:79] - DEBUG - gyro:211.36999999999998 deg, derivative: 4.3300000000000125, turnSpeed: -100
2026-06-24 23:29:16,969 - mazeUtils.moveTile - [moveTile.py:79] - DEBUG - gyro:213.98999999999998 deg, derivative: 2.6200000000000045, turnSpeed: -100
2026-06-24 23:29:16,995 - mazeUtils.moveTile - [moveTile.py:79] - DEBUG - gyro:216.64 deg, derivative: 2.6500000000000057, turnSpeed: -100
2026-06-24 23:29:17,018 - mazeUtils.moveTile - [moveTile.py:79] - DEBUG - gyro:220.84999999999997 deg, derivative: 4.2099999999999795, turnSpeed: -100
2026-06-24 23:29:17,043 - mazeUtils.moveTile - [moveTile.py:79] - DEBUG - gyro:224.18999999999997 deg, derivative: 3.3400000000000034, turnSpeed: -98.78000000000003
2026-06-24 23:29:17,080 - mazeUtils.moveTile - [moveTile.py:79] - DEBUG - gyro:227.89 deg, derivative: 3.700000000000017, turnSpeed: -91.38
2026-06-24 23:29:17,103 - mazeUtils.moveTile - [moveTile.py:79] - DEBUG - gyro:232.78999999999996 deg, derivative: 4.899999999999977, turnSpeed: -81.58000000000004
2026-06-24 23:29:17,130 - mazeUtils.moveTile - [moveTile.py:79] - DEBUG - gyro:237.83999999999997 deg, derivative: 5.050000000000011, turnSpeed: -71.48000000000002
2026-06-24 23:29:17,155 - mazeUtils.moveTile - [moveTile.py:79] - DEBUG - gyro:241.82999999999998 deg, derivative: 3.990000000000009, turnSpeed: -63.5
2026-06-24 23:29:17,180 - mazeUtils.moveTile - [moveTile.py:79] - DEBUG - gyro:245.98999999999998 deg, derivative: 4.159999999999997, turnSpeed: -55.18000000000001
2026-06-24 23:29:17,207 - mazeUtils.moveTile - [moveTile.py:79] - DEBUG - gyro:249.20999999999998 deg, derivative: 3.219999999999999, turnSpeed: -48.74000000000001
2026-06-24 23:29:17,232 - mazeUtils.moveTile - [moveTile.py:79] - DEBUG - gyro:251.48999999999998 deg, derivative: 2.280000000000001, turnSpeed: -44.18000000000001
2026-06-24 23:29:17,260 - mazeUtils.moveTile - [moveTile.py:79] - DEBUG - gyro:253.82999999999998 deg, derivative: 2.3400000000000034, turnSpeed: -39.5
2026-06-24 23:29:17,285 - mazeUtils.moveTile - [moveTile.py:79] - DEBUG - gyro:255.30999999999997 deg, derivative: 1.4799999999999898, turnSpeed: -36.54000000000002
2026-06-24 23:29:17,312 - mazeUtils.moveTile - [moveTile.py:79] - DEBUG - gyro:256.54999999999995 deg, derivative: 1.2399999999999807, turnSpeed: -34.06000000000006
2026-06-24 23:29:17,346 - mazeUtils.moveTile - [moveTile.py:79] - DEBUG - gyro:258.02 deg, derivative: 1.4700000000000273, turnSpeed: -31.120000000000005
2026-06-24 23:29:17,374 - mazeUtils.moveTile - [moveTile.py:79] - DEBUG - gyro:259.58 deg, derivative: 1.5600000000000023, turnSpeed: -28.0
2026-06-24 23:29:17,397 - mazeUtils.moveTile - [moveTile.py:79] - DEBUG - gyro:260.98999999999995 deg, derivative: 1.4099999999999682, turnSpeed: -25.180000000000064
2026-06-24 23:29:17,423 - mazeUtils.moveTile - [moveTile.py:79] - DEBUG - gyro:262.34999999999997 deg, derivative: 1.3600000000000136, turnSpeed: -22.460000000000036
2026-06-24 23:29:17,454 - mazeUtils.moveTile - [moveTile.py:79] - DEBUG - gyro:263.57 deg, derivative: 1.2200000000000273, turnSpeed: -20.019999999999982
2026-06-24 23:29:17,484 - mazeUtils.moveTile - [moveTile.py:79] - DEBUG - gyro:264.96 deg, derivative: 1.3899999999999864, turnSpeed: -17.24000000000001
2026-06-24 23:29:17,509 - mazeUtils.moveTile - [moveTile.py:79] - DEBUG - gyro:266.46 deg, derivative: 1.5, turnSpeed: -14.240000000000009
2026-06-24 23:29:17,534 - mazeUtils.moveTile - [moveTile.py:79] - DEBUG - gyro:266.85999999999996 deg, derivative: 0.39999999999997726, turnSpeed: -13.440000000000055
2026-06-24 23:29:17,557 - mazeUtils.moveTile - [moveTile.py:79] - DEBUG - gyro:267.88 deg, derivative: 1.0200000000000387, turnSpeed: -11.399999999999977
2026-06-24 23:29:17,581 - mazeUtils.moveTile - [moveTile.py:79] - DEBUG - gyro:268.17999999999995 deg, derivative: 0.2999999999999545, turnSpeed: -10.800000000000068
2026-06-24 23:29:17,606 - mazeUtils.moveTile - [moveTile.py:79] - DEBUG - gyro:268.67999999999995 deg, derivative: 0.5, turnSpeed: -9.800000000000068
2026-06-24 23:29:17,632 - mazeUtils.moveTile - [moveTile.py:79] - DEBUG - gyro:269.09 deg, derivative: 0.410000000000025, turnSpeed: -8.980000000000018
2026-06-24 23:29:17,660 - mazeUtils.moveTile - [moveTile.py:79] - DEBUG - gyro:269.53 deg, derivative: 0.4399999999999977, turnSpeed: -8.100000000000023
2026-06-24 23:29:17,684 - mazeUtils.moveTile - [moveTile.py:79] - DEBUG - gyro:269.85999999999996 deg, derivative: 0.3299999999999841, turnSpeed: -7.440000000000055
2026-06-24 23:29:17,713 - mazeUtils.moveTile - [moveTile.py:79] - DEBUG - gyro:270.35999999999996 deg, derivative: 0.5, turnSpeed: -6.440000000000055
2026-06-24 23:29:17,737 - mazeUtils.moveTile - [moveTile.py:79] - DEBUG - gyro:270.58 deg, derivative: 0.22000000000002728, turnSpeed: -6.0
2026-06-24 23:29:17,759 - mazeUtils.moveTile - [moveTile.py:79] - DEBUG - gyro:270.9 deg, derivative: 0.3199999999999932, turnSpeed: -5.360000000000014
2026-06-24 23:29:17,782 - mazeUtils.moveTile - [moveTile.py:79] - DEBUG - gyro:271.17999999999995 deg, derivative: 0.2799999999999727, turnSpeed: -4.800000000000068
2026-06-24 23:29:17,811 - mazeUtils.moveTile - [moveTile.py:79] - DEBUG - gyro:271.35999999999996 deg, derivative: 0.18000000000000682, turnSpeed: -4.440000000000055
2026-06-24 23:29:17,834 - mazeUtils.moveTile - [moveTile.py:79] - DEBUG - gyro:271.59999999999997 deg, derivative: 0.2400000000000091, turnSpeed: -3.9600000000000364
2026-06-24 23:29:17,853 - mazeUtils.moveTile - [moveTile.py:79] - DEBUG - Turned to heading: 271.59999999999997 deg
2026-06-24 23:29:18,667 - mazeUtils.moveTile - [moveTile.py:79] - DEBUG - Turning to 93.55999999999995 deg, current heading: 271.96 deg, turnAngle: 178.40000000000003 deg
2026-06-24 23:29:18,693 - mazeUtils.moveTile - [moveTile.py:79] - DEBUG - gyro:271.96999999999997 deg, derivative: 0.009999999999990905, turnSpeed: 100
2026-06-24 23:29:18,717 - mazeUtils.moveTile - [moveTile.py:79] - DEBUG - gyro:271.96999999999997 deg, derivative: 0.0, turnSpeed: 100
2026-06-24 23:29:18,741 - mazeUtils.moveTile - [moveTile.py:79] - DEBUG - gyro:271.96999999999997 deg, derivative: 0.0, turnSpeed: 100
2026-06-24 23:29:18,764 - mazeUtils.moveTile - [moveTile.py:79] - DEBUG - gyro:271.84 deg, derivative: -0.12999999999999545, turnSpeed: 100
2026-06-24 23:29:18,789 - mazeUtils.moveTile - [moveTile.py:79] - DEBUG - gyro:270.83 deg, derivative: -1.009999999999991, turnSpeed: 100
2026-06-24 23:29:18,818 - mazeUtils.moveTile - [moveTile.py:79] - DEBUG - gyro:268.37 deg, derivative: -2.4599999999999795, turnSpeed: 100
2026-06-24 23:29:18,842 - mazeUtils.moveTile - [moveTile.py:79] - DEBUG - gyro:265.19 deg, derivative: -3.180000000000007, turnSpeed: 100
2026-06-24 23:29:18,870 - mazeUtils.moveTile - [moveTile.py:79] - DEBUG - gyro:261.21 deg, derivative: -3.980000000000018, turnSpeed: 100
2026-06-24 23:29:18,894 - mazeUtils.moveTile - [moveTile.py:79] - DEBUG - gyro:258.21999999999997 deg, derivative: -2.990000000000009, turnSpeed: 100
2026-06-24 23:29:18,925 - mazeUtils.moveTile - [moveTile.py:79] - DEBUG - gyro:254.51 deg, derivative: -3.7099999999999795, turnSpeed: 100
2026-06-24 23:29:18,948 - mazeUtils.moveTile - [moveTile.py:79] - DEBUG - gyro:250.89 deg, derivative: -3.6200000000000045, turnSpeed: 100
2026-06-24 23:29:18,971 - mazeUtils.moveTile - [moveTile.py:79] - DEBUG - gyro:246.93999999999997 deg, derivative: -3.950000000000017, turnSpeed: 100
2026-06-24 23:29:19,001 - mazeUtils.moveTile - [moveTile.py:79] - DEBUG - gyro:243.64999999999998 deg, derivative: -3.289999999999992, turnSpeed: 100
2026-06-24 23:29:19,030 - mazeUtils.moveTile - [moveTile.py:79] - DEBUG - gyro:240.23999999999998 deg, derivative: -3.4099999999999966, turnSpeed: 100
2026-06-24 23:29:19,054 - mazeUtils.moveTile - [moveTile.py:79] - DEBUG - gyro:235.37999999999997 deg, derivative: -4.860000000000014, turnSpeed: 100
2026-06-24 23:29:19,084 - mazeUtils.moveTile - [moveTile.py:79] - DEBUG - gyro:231.95999999999998 deg, derivative: -3.4199999999999875, turnSpeed: 100
2026-06-24 23:29:19,113 - mazeUtils.moveTile - [moveTile.py:79] - DEBUG - gyro:227.61999999999998 deg, derivative: -4.340000000000003, turnSpeed: 100
2026-06-24 23:29:19,135 - mazeUtils.moveTile - [moveTile.py:79] - DEBUG - gyro:224.48999999999998 deg, derivative: -3.1299999999999955, turnSpeed: 100
2026-06-24 23:29:19,159 - mazeUtils.moveTile - [moveTile.py:79] - DEBUG - gyro:219.92 deg, derivative: -4.569999999999993, turnSpeed: 100
2026-06-24 23:29:19,184 - mazeUtils.moveTile - [moveTile.py:79] - DEBUG - gyro:216.85999999999999 deg, derivative: -3.0600000000000023, turnSpeed: 100
2026-06-24 23:29:19,211 - mazeUtils.moveTile - [moveTile.py:79] - DEBUG - gyro:212.99999999999997 deg, derivative: -3.8600000000000136, turnSpeed: 100
2026-06-24 23:29:19,239 - mazeUtils.moveTile - [moveTile.py:79] - DEBUG - gyro:210.20999999999998 deg, derivative: -2.789999999999992, turnSpeed: 100
2026-06-24 23:29:19,265 - mazeUtils.moveTile - [moveTile.py:79] - DEBUG - gyro:206.86999999999998 deg, derivative: -3.3400000000000034, turnSpeed: 100
2026-06-24 23:29:19,295 - mazeUtils.moveTile - [moveTile.py:79] - DEBUG - gyro:203.87999999999997 deg, derivative: -2.990000000000009, turnSpeed: 100
2026-06-24 23:29:19,331 - mazeUtils.moveTile - [moveTile.py:79] - DEBUG - gyro:199.92999999999998 deg, derivative: -3.9499999999999886, turnSpeed: 100
2026-06-24 23:29:19,359 - mazeUtils.moveTile - [moveTile.py:79] - DEBUG - gyro:194.23 deg, derivative: -5.699999999999989, turnSpeed: 100
2026-06-24 23:29:19,383 - mazeUtils.moveTile - [moveTile.py:79] - DEBUG - gyro:189.96999999999997 deg, derivative: -4.260000000000019, turnSpeed: 100
2026-06-24 23:29:19,412 - mazeUtils.moveTile - [moveTile.py:79] - DEBUG - gyro:186.39999999999998 deg, derivative: -3.569999999999993, turnSpeed: 100
2026-06-24 23:29:19,434 - mazeUtils.moveTile - [moveTile.py:79] - DEBUG - gyro:182.06999999999996 deg, derivative: -4.3300000000000125, turnSpeed: 100
2026-06-24 23:29:19,465 - mazeUtils.moveTile - [moveTile.py:79] - DEBUG - gyro:177.89 deg, derivative: -4.179999999999978, turnSpeed: 100
2026-06-24 23:29:19,495 - mazeUtils.moveTile - [moveTile.py:79] - DEBUG - gyro:174.56999999999996 deg, derivative: -3.3200000000000216, turnSpeed: 100
2026-06-24 23:29:19,517 - mazeUtils.moveTile - [moveTile.py:79] - DEBUG - gyro:169.74999999999997 deg, derivative: -4.819999999999993, turnSpeed: 100
2026-06-24 23:29:19,548 - mazeUtils.moveTile - [moveTile.py:79] - DEBUG - gyro:166.65999999999997 deg, derivative: -3.0900000000000034, turnSpeed: 100
2026-06-24 23:29:19,573 - mazeUtils.moveTile - [moveTile.py:79] - DEBUG - gyro:163.06999999999996 deg, derivative: -3.5900000000000034, turnSpeed: 100
2026-06-24 23:29:19,596 - mazeUtils.moveTile - [moveTile.py:79] - DEBUG - gyro:158.39 deg, derivative: -4.679999999999978, turnSpeed: 100
2026-06-24 23:29:19,620 - mazeUtils.moveTile - [moveTile.py:79] - DEBUG - gyro:155.18999999999997 deg, derivative: -3.200000000000017, turnSpeed: 100
2026-06-24 23:29:19,648 - mazeUtils.moveTile - [moveTile.py:79] - DEBUG - gyro:150.54999999999998 deg, derivative: -4.639999999999986, turnSpeed: 100
2026-06-24 23:29:19,672 - mazeUtils.moveTile - [moveTile.py:79] - DEBUG - gyro:148.21999999999997 deg, derivative: -2.3300000000000125, turnSpeed: 100
2026-06-24 23:29:19,695 - mazeUtils.moveTile - [moveTile.py:79] - DEBUG - gyro:144.71999999999997 deg, derivative: -3.5, turnSpeed: 100
2026-06-24 23:29:19,721 - mazeUtils.moveTile - [moveTile.py:79] - DEBUG - gyro:141.64 deg, derivative: -3.079999999999984, turnSpeed: 96.16000000000008
2026-06-24 23:29:19,752 - mazeUtils.moveTile - [moveTile.py:79] - DEBUG - gyro:139.14 deg, derivative: -2.5, turnSpeed: 91.16000000000008
2026-06-24 23:29:19,776 - mazeUtils.moveTile - [moveTile.py:79] - DEBUG - gyro:134.79999999999998 deg, derivative: -4.340000000000003, turnSpeed: 82.48000000000008
2026-06-24 23:29:19,804 - mazeUtils.moveTile - [moveTile.py:79] - DEBUG - gyro:132.12999999999997 deg, derivative: -2.670000000000016, turnSpeed: 77.14000000000004
2026-06-24 23:29:19,836 - mazeUtils.moveTile - [moveTile.py:79] - DEBUG - gyro:128.66999999999996 deg, derivative: -3.460000000000008, turnSpeed: 70.22000000000003
2026-06-24 23:29:19,860 - mazeUtils.moveTile - [moveTile.py:79] - DEBUG - gyro:125.07 deg, derivative: -3.599999999999966, turnSpeed: 63.020000000000095
2026-06-24 23:29:19,883 - mazeUtils.moveTile - [moveTile.py:79] - DEBUG - gyro:122.66999999999996 deg, derivative: -2.400000000000034, turnSpeed: 58.22000000000003
2026-06-24 23:29:19,915 - mazeUtils.moveTile - [moveTile.py:79] - DEBUG - gyro:120.39999999999998 deg, derivative: -2.269999999999982, turnSpeed: 53.680000000000064
2026-06-24 23:29:19,938 - mazeUtils.moveTile - [moveTile.py:79] - DEBUG - gyro:117.42999999999998 deg, derivative: -2.969999999999999, turnSpeed: 47.740000000000066
2026-06-24 23:29:19,963 - mazeUtils.moveTile - [moveTile.py:79] - DEBUG - gyro:115.71999999999997 deg, derivative: -1.710000000000008, turnSpeed: 44.32000000000005
2026-06-24 23:29:19,991 - mazeUtils.moveTile - [moveTile.py:79] - DEBUG - gyro:113.91999999999996 deg, derivative: -1.8000000000000114, turnSpeed: 40.72000000000003
2026-06-24 23:29:20,015 - mazeUtils.moveTile - [moveTile.py:79] - DEBUG - gyro:112.42999999999998 deg, derivative: -1.4899999999999807, turnSpeed: 37.740000000000066
2026-06-24 23:29:20,039 - mazeUtils.moveTile - [moveTile.py:79] - DEBUG - gyro:110.80999999999997 deg, derivative: -1.6200000000000045, turnSpeed: 34.50000000000006
2026-06-24 23:29:20,064 - mazeUtils.moveTile - [moveTile.py:79] - DEBUG - gyro:109.45999999999998 deg, derivative: -1.3499999999999943, turnSpeed: 31.800000000000068
2026-06-24 23:29:20,094 - mazeUtils.moveTile - [moveTile.py:79] - DEBUG - gyro:108.19 deg, derivative: -1.2699999999999818, turnSpeed: 29.260000000000105
2026-06-24 23:29:20,121 - mazeUtils.moveTile - [moveTile.py:79] - DEBUG - gyro:106.84999999999997 deg, derivative: -1.3400000000000318, turnSpeed: 26.58000000000004
2026-06-24 23:29:20,146 - mazeUtils.moveTile - [moveTile.py:79] - DEBUG - gyro:105.60999999999996 deg, derivative: -1.240000000000009, turnSpeed: 24.100000000000023
2026-06-24 23:29:20,176 - mazeUtils.moveTile - [moveTile.py:79] - DEBUG - gyro:104.72999999999996 deg, derivative: -0.8799999999999955, turnSpeed: 22.340000000000032
2026-06-24 23:29:20,203 - mazeUtils.moveTile - [moveTile.py:79] - DEBUG - gyro:103.44999999999999 deg, derivative: -1.2799999999999727, turnSpeed: 19.780000000000086
2026-06-24 23:29:20,235 - mazeUtils.moveTile - [moveTile.py:79] - DEBUG - gyro:102.46999999999997 deg, derivative: -0.9800000000000182, turnSpeed: 17.82000000000005
2026-06-24 23:29:20,258 - mazeUtils.moveTile - [moveTile.py:79] - DEBUG - gyro:101.55999999999995 deg, derivative: -0.910000000000025, turnSpeed: 16.0
2026-06-24 23:29:20,282 - mazeUtils.moveTile - [moveTile.py:79] - DEBUG - gyro:100.94999999999999 deg, derivative: -0.6099999999999568, turnSpeed: 14.780000000000086
2026-06-24 23:29:20,315 - mazeUtils.moveTile - [moveTile.py:79] - DEBUG - gyro:100.27999999999997 deg, derivative: -0.6700000000000159, turnSpeed: 13.440000000000055
2026-06-24 23:29:20,352 - mazeUtils.moveTile - [moveTile.py:79] - DEBUG - gyro:99.64999999999998 deg, derivative: -0.6299999999999955, turnSpeed: 12.180000000000064
2026-06-24 23:29:20,376 - mazeUtils.moveTile - [moveTile.py:79] - DEBUG - gyro:99.04999999999995 deg, derivative: -0.6000000000000227, turnSpeed: 10.980000000000018
2026-06-24 23:29:20,399 - mazeUtils.moveTile - [moveTile.py:79] - DEBUG - gyro:98.64999999999998 deg, derivative: -0.39999999999997726, turnSpeed: 10.180000000000064
2026-06-24 23:29:20,427 - mazeUtils.moveTile - [moveTile.py:79] - DEBUG - gyro:98.27999999999997 deg, derivative: -0.37000000000000455, turnSpeed: 9.440000000000055
2026-06-24 23:29:20,457 - mazeUtils.moveTile - [moveTile.py:79] - DEBUG - gyro:97.53999999999996 deg, derivative: -0.7400000000000091, turnSpeed: 7.960000000000036
2026-06-24 23:29:20,479 - mazeUtils.moveTile - [moveTile.py:79] - DEBUG - gyro:97.07 deg, derivative: -0.46999999999997044, turnSpeed: 7.0200000000000955
2026-06-24 23:29:20,505 - mazeUtils.moveTile - [moveTile.py:79] - DEBUG - gyro:96.54999999999995 deg, derivative: -0.5200000000000387, turnSpeed: 5.980000000000018
2026-06-24 23:29:20,531 - mazeUtils.moveTile - [moveTile.py:79] - DEBUG - gyro:96.25999999999999 deg, derivative: -0.2899999999999636, turnSpeed: 5.400000000000091
2026-06-24 23:29:20,555 - mazeUtils.moveTile - [moveTile.py:79] - DEBUG - gyro:96.02999999999997 deg, derivative: -0.2300000000000182, turnSpeed: 4.940000000000055
2026-06-24 23:29:20,583 - mazeUtils.moveTile - [moveTile.py:79] - DEBUG - gyro:95.77999999999997 deg, derivative: -0.25, turnSpeed: 4.440000000000055
2026-06-24 23:29:20,606 - mazeUtils.moveTile - [moveTile.py:79] - DEBUG - gyro:95.59999999999997 deg, derivative: -0.18000000000000682, turnSpeed: 4.080000000000041
2026-06-24 23:29:20,635 - mazeUtils.moveTile - [moveTile.py:79] - DEBUG - gyro:95.32 deg, derivative: -0.2799999999999727, turnSpeed: 3.5200000000000955
2026-06-24 23:29:20,654 - mazeUtils.moveTile - [moveTile.py:79] - DEBUG - Turned to heading: 95.32 deg
2026-06-24 23:29:20,655 - mazeUtils.moveTile - [moveTile.py:390] - INFO - Dropped rescue kit, detected victim info: {<Side.LEFT: 0>: <UnitVStatus.H_VICTIM: 3>, <Side.RIGHT: 1>: <UnitVStatus.NOTHING: 0>}
2026-06-24 23:29:20,704 - mazeUtils.moveTile - [moveTile.py:409] - WARNING - Stuck avoidance triggered during turning. Performing escape maneuver.
2026-06-24 23:29:21,170 - mazeUtils.moveTile - [moveTile.py:426] - DEBUG - stopped turning at heading: 94.90999999999997, diff: 4.909999999999968
2026-06-24 23:29:21,423 - mazeUtils.moveTile - [moveTile.py:79] - DEBUG - Turned to heading: 91.97999999999996 deg
2026-06-24 23:29:21,633 - picamera2.picamera2 - [picamera2.py:1391] - DEBUG - Execute job: <picamera2.job.Job object at 0x7f92cefe50>
2026-06-24 23:29:21,636 - mazeUtils.device.camera - [camera.py:39] - DEBUG - Average HSV: H=111.4, S=203.5, V=162.1
2026-06-24 23:29:21,675 - mazeUtils.moveTile - [moveTile.py:79] - DEBUG - roll: 1.1399999999999864 deg, practicalMoveTime: 0.04799758013955959 sec
2026-06-24 23:29:21,676 - mazeUtils.moveTile - [moveTile.py:1763] - DEBUG - moveTile loop time: 47.0 ms
2026-06-24 23:29:21,688 - picamera2.picamera2 - [picamera2.py:1391] - DEBUG - Execute job: <picamera2.job.Job object at 0x7f8a3e6d10>
2026-06-24 23:29:21,691 - mazeUtils.device.camera - [camera.py:39] - DEBUG - Average HSV: H=111.7, S=202.4, V=159.8
2026-06-24 23:29:21,728 - mazeUtils.moveTile - [moveTile.py:79] - DEBUG - roll: 0.8600000000000136 deg, practicalMoveTime: 0.10009387398335473 sec
2026-06-24 23:29:21,728 - mazeUtils.moveTile - [moveTile.py:1763] - DEBUG - moveTile loop time: 52.3 ms
2026-06-24 23:29:21,734 - picamera2.picamera2 - [picamera2.py:1391] - DEBUG - Execute job: <picamera2.job.Job object at 0x7f8a3e6d50>
2026-06-24 23:29:21,737 - mazeUtils.device.camera - [camera.py:39] - DEBUG - Average HSV: H=111.2, S=203.4, V=165.4
2026-06-24 23:29:21,771 - mazeUtils.moveTile - [moveTile.py:79] - DEBUG - roll: 0.8100000000000023 deg, practicalMoveTime: 0.1424830688089065 sec
2026-06-24 23:29:21,771 - mazeUtils.moveTile - [moveTile.py:1763] - DEBUG - moveTile loop time: 42.7 ms
2026-06-24 23:29:21,782 - picamera2.picamera2 - [picamera2.py:1391] - DEBUG - Execute job: <picamera2.job.Job object at 0x7fa2081e10>
2026-06-24 23:29:21,785 - mazeUtils.device.camera - [camera.py:39] - DEBUG - Average HSV: H=111.2, S=205.9, V=162.9
2026-06-24 23:29:21,829 - mazeUtils.moveTile - [moveTile.py:79] - DEBUG - roll: 359.88 deg, practicalMoveTime: 0.20055676230259586 sec
2026-06-24 23:29:21,830 - mazeUtils.moveTile - [moveTile.py:1763] - DEBUG - moveTile loop time: 58.2 ms
2026-06-24 23:29:21,834 - picamera2.picamera2 - [picamera2.py:1391] - DEBUG - Execute job: <picamera2.job.Job object at 0x7f8a3e6d90>
2026-06-24 23:29:21,837 - mazeUtils.device.camera - [camera.py:39] - DEBUG - Average HSV: H=111.2, S=206.3, V=163.7
2026-06-24 23:29:21,870 - mazeUtils.moveTile - [moveTile.py:79] - DEBUG - roll: 1.0699999999999932 deg, practicalMoveTime: 0.24062175255117185 sec
2026-06-24 23:29:21,870 - mazeUtils.moveTile - [moveTile.py:1763] - DEBUG - moveTile loop time: 40.5 ms
2026-06-24 23:29:21,881 - picamera2.picamera2 - [picamera2.py:1391] - DEBUG - Execute job: <picamera2.job.Job object at 0x7fa2081e10>
2026-06-24 23:29:21,885 - mazeUtils.device.camera - [camera.py:39] - DEBUG - Average HSV: H=111.1, S=206.4, V=163.1
2026-06-24 23:29:21,920 - mazeUtils.moveTile - [moveTile.py:79] - DEBUG - roll: 0.9900000000000091 deg, practicalMoveTime: 0.28971002909936283 sec
2026-06-24 23:29:21,920 - mazeUtils.moveTile - [moveTile.py:1763] - DEBUG - moveTile loop time: 49.3 ms
2026-06-24 23:29:21,924 - picamera2.picamera2 - [picamera2.py:1391] - DEBUG - Execute job: <picamera2.job.Job object at 0x7f89097990>
2026-06-24 23:29:21,927 - mazeUtils.device.camera - [camera.py:39] - DEBUG - Average HSV: H=111.1, S=207.6, V=162.1
2026-06-24 23:29:21,960 - mazeUtils.moveTile - [moveTile.py:79] - DEBUG - roll: 1.4499999999999886 deg, practicalMoveTime: 0.32940635919906075 sec
2026-06-24 23:29:21,960 - mazeUtils.moveTile - [moveTile.py:1763] - DEBUG - moveTile loop time: 40.0 ms
2026-06-24 23:29:21,971 - picamera2.picamera2 - [picamera2.py:1391] - DEBUG - Execute job: <picamera2.job.Job object at 0x7fa2081e10>
2026-06-24 23:29:21,974 - mazeUtils.device.camera - [camera.py:39] - DEBUG - Average HSV: H=111.5, S=206.0, V=159.8
2026-06-24 23:29:22,013 - mazeUtils.moveTile - [moveTile.py:79] - DEBUG - roll: 0.38999999999998636 deg, practicalMoveTime: 0.38218958941813996 sec
2026-06-24 23:29:22,013 - mazeUtils.moveTile - [moveTile.py:1763] - DEBUG - moveTile loop time: 53.0 ms
2026-06-24 23:29:22,019 - picamera2.picamera2 - [picamera2.py:1391] - DEBUG - Execute job: <picamera2.job.Job object at 0x7f8a3e6d50>
2026-06-24 23:29:22,022 - mazeUtils.device.camera - [camera.py:39] - DEBUG - Average HSV: H=110.8, S=208.2, V=164.3
2026-06-24 23:29:22,065 - mazeUtils.moveTile - [moveTile.py:79] - DEBUG - roll: 0.29000000000002046 deg, practicalMoveTime: 0.4339101931094012 sec
2026-06-24 23:29:22,066 - mazeUtils.moveTile - [moveTile.py:1763] - DEBUG - moveTile loop time: 52.0 ms
2026-06-24 23:29:22,077 - picamera2.picamera2 - [picamera2.py:1391] - DEBUG - Execute job: <picamera2.job.Job object at 0x7f8a3e6d50>
2026-06-24 23:29:22,081 - mazeUtils.device.camera - [camera.py:39] - DEBUG - Average HSV: H=111.2, S=208.6, V=158.8
2026-06-24 23:29:22,120 - mazeUtils.moveTile - [moveTile.py:79] - DEBUG - roll: 0.4900000000000091 deg, practicalMoveTime: 0.4876643967226374 sec
2026-06-24 23:29:22,120 - mazeUtils.moveTile - [moveTile.py:1763] - DEBUG - moveTile loop time: 54.0 ms
2026-06-24 23:29:22,128 - picamera2.picamera2 - [picamera2.py:1391] - DEBUG - Execute job: <picamera2.job.Job object at 0x7f8a3e6d90>
2026-06-24 23:29:22,133 - mazeUtils.device.camera - [camera.py:39] - DEBUG - Average HSV: H=110.7, S=209.9, V=163.0
2026-06-24 23:29:22,171 - mazeUtils.moveTile - [moveTile.py:79] - DEBUG - roll: 359.55 deg, practicalMoveTime: 0.5389056747099432 sec
2026-06-24 23:29:22,172 - mazeUtils.moveTile - [moveTile.py:1763] - DEBUG - moveTile loop time: 51.9 ms
2026-06-24 23:29:22,181 - picamera2.picamera2 - [picamera2.py:1391] - DEBUG - Execute job: <picamera2.job.Job object at 0x7f8a3e6d50>
2026-06-24 23:29:22,185 - mazeUtils.device.camera - [camera.py:39] - DEBUG - Average HSV: H=110.9, S=211.4, V=162.2
2026-06-24 23:29:22,219 - mazeUtils.moveTile - [moveTile.py:79] - DEBUG - roll: 2.0500000000000114 deg, practicalMoveTime: 0.5855012181342314 sec
2026-06-24 23:29:22,219 - mazeUtils.moveTile - [moveTile.py:1763] - DEBUG - moveTile loop time: 47.0 ms
2026-06-24 23:29:22,223 - picamera2.picamera2 - [picamera2.py:1391] - DEBUG - Execute job: <picamera2.job.Job object at 0x7f92ced190>
2026-06-24 23:29:22,226 - mazeUtils.device.camera - [camera.py:39] - DEBUG - Average HSV: H=110.9, S=212.5, V=161.1
2026-06-24 23:29:22,260 - mazeUtils.moveTile - [moveTile.py:79] - DEBUG - roll: 0.2699999999999818 deg, practicalMoveTime: 0.6263479800851842 sec
2026-06-24 23:29:22,261 - mazeUtils.moveTile - [moveTile.py:1763] - DEBUG - moveTile loop time: 40.9 ms
2026-06-24 23:29:22,266 - picamera2.picamera2 - [picamera2.py:1391] - DEBUG - Execute job: <picamera2.job.Job object at 0x7f92cee510>
2026-06-24 23:29:22,269 - mazeUtils.device.camera - [camera.py:39] - DEBUG - Average HSV: H=110.5, S=214.9, V=165.9
2026-06-24 23:29:22,303 - mazeUtils.moveTile - [moveTile.py:79] - DEBUG - roll: 1.0199999999999818 deg, practicalMoveTime: 0.6687499286636351 sec
2026-06-24 23:29:22,303 - mazeUtils.moveTile - [moveTile.py:1763] - DEBUG - moveTile loop time: 42.6 ms
2026-06-24 23:29:22,308 - picamera2.picamera2 - [picamera2.py:1391] - DEBUG - Execute job: <picamera2.job.Job object at 0x7f89097990>
2026-06-24 23:29:22,311 - mazeUtils.device.camera - [camera.py:39] - DEBUG - Average HSV: H=110.7, S=217.6, V=164.7
2026-06-24 23:29:22,350 - mazeUtils.moveTile - [moveTile.py:79] - DEBUG - roll: 1.3799999999999955 deg, practicalMoveTime: 0.7148390094385161 sec
2026-06-24 23:29:22,350 - mazeUtils.moveTile - [moveTile.py:1763] - DEBUG - moveTile loop time: 46.4 ms
2026-06-24 23:29:22,361 - picamera2.picamera2 - [picamera2.py:1391] - DEBUG - Execute job: <picamera2.job.Job object at 0x7f88c05b10>
2026-06-24 23:29:22,364 - mazeUtils.device.camera - [camera.py:39] - DEBUG - Average HSV: H=110.2, S=220.1, V=170.2
2026-06-24 23:29:22,397 - mazeUtils.moveTile - [moveTile.py:79] - DEBUG - roll: 0.29000000000002046 deg, practicalMoveTime: 0.7617455861178595 sec
2026-06-24 23:29:22,397 - mazeUtils.moveTile - [moveTile.py:1763] - DEBUG - moveTile loop time: 46.8 ms
2026-06-24 23:29:22,410 - picamera2.picamera2 - [picamera2.py:1391] - DEBUG - Execute job: <picamera2.job.Job object at 0x7f8a3e6d50>
2026-06-24 23:29:22,413 - mazeUtils.device.camera - [camera.py:39] - DEBUG - Average HSV: H=110.0, S=222.3, V=173.4
2026-06-24 23:29:22,447 - mazeUtils.moveTile - [moveTile.py:79] - DEBUG - roll: 1.4800000000000182 deg, practicalMoveTime: 0.8107381629503575 sec
2026-06-24 23:29:22,447 - mazeUtils.moveTile - [moveTile.py:1763] - DEBUG - moveTile loop time: 49.2 ms
2026-06-24 23:29:22,453 - picamera2.picamera2 - [picamera2.py:1391] - DEBUG - Execute job: <picamera2.job.Job object at 0x7f92cee510>
2026-06-24 23:29:22,456 - mazeUtils.device.camera - [camera.py:39] - DEBUG - Average HSV: H=110.3, S=223.9, V=173.7
2026-06-24 23:29:22,485 - mazeUtils.moveTile - [moveTile.py:1636] - INFO - practicalVerticalMove: 0.4730755209713228 CM
2026-06-24 23:29:22,528 - mazeUtils.moveTile - [moveTile.py:1959] - INFO - Set moved vertical distance: 0.4730755209713228 cm, past distances: [(0, False), (0, False), (0, False)]
2026-06-24 23:29:22,680 - mazeUtils.moveTile - [moveTile.py:552] - DEBUG - Direction: absDirection.NORTH, Angle: 270, Distance: 48.47056301236724 cm
2026-06-24 23:29:22,681 - mazeUtils.moveTile - [moveTile.py:552] - DEBUG - Direction: absDirection.EAST, Angle: 180, Distance: 146.9688503960972 cm
2026-06-24 23:29:22,682 - mazeUtils.moveTile - [moveTile.py:552] - DEBUG - Direction: absDirection.SOUTH, Angle: 90, Distance: 17.983082075167406 cm
2026-06-24 23:29:22,683 - mazeUtils.moveTile - [moveTile.py:552] - DEBUG - Direction: absDirection.WEST, Angle: 0, Distance: 37.47584028146109 cm
2026-06-24 23:29:22,684 - mazeUtils.moveTile - [moveTile.py:574] - DEBUG - Front LiDAR distance: 37.47584028146109 cm, TSD10 distance: 24.9 cm
2026-06-24 23:29:22,686 - mazeUtils.moveTile - [moveTile.py:2119] - INFO - Tile color detection, decided tile type: E
2026-06-24 23:29:22,768 - __main__ - [main.py:105] - INFO - Current position: (16, 20, 0), front direction: absDirection.WEST
Layer 0 (altitude=0.0cm, offset=(0.0cm, 0.0cm)):
Known map area: x=16..20, y=15..20
+   +   +   +   +---+
  U   U   U   U   E |
+   +   +   +   +   +
  U   U   U   U   E |
+   +   +   +   +   +
  U   E   U   U | E |
+   +   +   +   +   +
  U   E   U   U | E |
+   +   +   +   +   +
  U | E   E   E   E |
+   +   +---+---+   +
  @   E | U   U | E |
+---+---+   +   +---+
Layer 1 (altitude=15.0cm, offset=(0.0cm, -60.0cm)):
Known map area: x=17..18, y=17..17
+---+---+
| E   E  
+   +   +
mazeAsGraph[0][15][20] = {absDirection.NORTH: None, absDirection.EAST: None, absDirection.SOUTH: (20, 16, 0, 30), absDirection.WEST: (18, 17, 1, 60)}
mazeAsGraph[0][16][20] = {absDirection.NORTH: (20, 15, 0, 30), absDirection.EAST: None, absDirection.SOUTH: (20, 17, 0, 30), absDirection.WEST: (19, 16, 0, 30)}
mazeAsGraph[0][17][17] = {absDirection.NORTH: (17, 17, 1, 60), absDirection.EAST: (18, 17, 0, 30), absDirection.SOUTH: (17, 18, 0, 30), absDirection.WEST: (16, 17, 0, 30)}
mazeAsGraph[0][17][20] = {absDirection.NORTH: (20, 16, 0, 30), absDirection.EAST: None, absDirection.SOUTH: (20, 18, 0, 30), absDirection.WEST: None}
mazeAsGraph[0][18][17] = {absDirection.NORTH: (17, 17, 0, 30), absDirection.EAST: (18, 18, 0, 30), absDirection.SOUTH: (17, 19, 0, 30), absDirection.WEST: (16, 18, 0, 30)}
mazeAsGraph[0][18][20] = {absDirection.NORTH: (20, 17, 0, 30), absDirection.EAST: None, absDirection.SOUTH: (20, 19, 0, 30), absDirection.WEST: None}
mazeAsGraph[0][19][17] = {absDirection.NORTH: (17, 18, 0, 30), absDirection.EAST: (18, 19, 0, 30), absDirection.SOUTH: (17, 20, 0, 30), absDirection.WEST: None}
mazeAsGraph[0][19][18] = {absDirection.NORTH: (18, 18, 0, 30), absDirection.EAST: (19, 19, 0, 30), absDirection.SOUTH: None, absDirection.WEST: (17, 19, 0, 30)}
mazeAsGraph[0][19][19] = {absDirection.NORTH: (19, 18, 0, 30), absDirection.EAST: (20, 19, 0, 30), absDirection.SOUTH: None, absDirection.WEST: (18, 19, 0, 30)}
mazeAsGraph[0][19][20] = {absDirection.NORTH: (20, 18, 0, 30), absDirection.EAST: None, absDirection.SOUTH: (20, 20, 0, 30), absDirection.WEST: (19, 19, 0, 30)}
mazeAsGraph[0][20][16] = {absDirection.NORTH: (16, 19, 0, 30), absDirection.EAST: (17, 20, 0, 30), absDirection.SOUTH: None, absDirection.WEST: (15, 20, 0, 30)}
mazeAsGraph[0][20][17] = {absDirection.NORTH: (17, 19, 0, 30), absDirection.EAST: None, absDirection.SOUTH: None, absDirection.WEST: (16, 20, 0, 30)}
mazeAsGraph[0][20][20] = {absDirection.NORTH: (20, 19, 0, 30), absDirection.EAST: None, absDirection.SOUTH: None, absDirection.WEST: None}
mazeAsGraph[1][17][17] = {absDirection.NORTH: None, absDirection.EAST: (18, 17, 1, 30), absDirection.SOUTH: (17, 17, 0, 60), absDirection.WEST: None}
mazeAsGraph[1][17][18] = {absDirection.NORTH: None, absDirection.EAST: (20, 15, 0, 60), absDirection.SOUTH: (18, 18, 1, 30), absDirection.WEST: (17, 17, 1, 30)}
2026-06-24 23:29:22,778 - mazeUtils.mazeMap - [mazeMap.py:61] - INFO - next goal: (15, 20, 0)
2026-06-24 23:29:22,786 - mazeUtils.moveTile - [moveTile.py:79] - DEBUG - Moving to absDirection.WEST from (16, 20, 0) facing absDirection.WEST
2026-06-24 23:29:22,809 - mazeUtils.moveTile - [moveTile.py:79] - DEBUG - current heading: 88.16999999999996 target: 90
2026-06-24 23:29:22,828 - mazeUtils.moveTile - [moveTile.py:426] - DEBUG - stopped turning at heading: 88.16999999999996, diff: 1.830000000000041
2026-06-24 23:29:22,875 - mazeUtils.moveTile - [moveTile.py:79] - DEBUG - Turned to heading: 88.07 deg
2026-06-24 23:29:23,129 - picamera2.picamera2 - [picamera2.py:1391] - DEBUG - Execute job: <picamera2.job.Job object at 0x7f888c6d50>
2026-06-24 23:29:23,133 - mazeUtils.device.camera - [camera.py:39] - DEBUG - Average HSV: H=109.9, S=226.8, V=176.1
2026-06-24 23:29:23,168 - mazeUtils.moveTile - [moveTile.py:79] - DEBUG - roll: 0.410000000000025 deg, practicalMoveTime: 0.04695112045956013 sec
2026-06-24 23:29:23,169 - mazeUtils.moveTile - [moveTile.py:1763] - DEBUG - moveTile loop time: 46.1 ms
2026-06-24 23:29:23,177 - picamera2.picamera2 - [picamera2.py:1391] - DEBUG - Execute job: <picamera2.job.Job object at 0x7f888c6f10>
2026-06-24 23:29:23,181 - mazeUtils.device.camera - [camera.py:39] - DEBUG - Average HSV: H=110.1, S=226.5, V=174.1
2026-06-24 23:29:23,230 - mazeUtils.moveTile - [moveTile.py:79] - DEBUG - roll: 0.25 deg, practicalMoveTime: 0.10836800364466048 sec
2026-06-24 23:29:23,231 - mazeUtils.moveTile - [moveTile.py:1763] - DEBUG - moveTile loop time: 61.5 ms
2026-06-24 23:29:23,234 - picamera2.picamera2 - [picamera2.py:1391] - DEBUG - Execute job: <picamera2.job.Job object at 0x7f888c6c10>
2026-06-24 23:29:23,238 - mazeUtils.device.camera - [camera.py:39] - DEBUG - Average HSV: H=109.9, S=226.4, V=177.0
2026-06-24 23:29:23,271 - mazeUtils.moveTile - [moveTile.py:79] - DEBUG - roll: 359.95 deg, practicalMoveTime: 0.14917652168043022 sec
2026-06-24 23:29:23,272 - mazeUtils.moveTile - [moveTile.py:1763] - DEBUG - moveTile loop time: 41.1 ms
2026-06-24 23:29:23,277 - picamera2.picamera2 - [picamera2.py:1391] - DEBUG - Execute job: <picamera2.job.Job object at 0x7f888c6d50>
2026-06-24 23:29:23,280 - mazeUtils.device.camera - [camera.py:39] - DEBUG - Average HSV: H=109.9, S=227.0, V=175.2
2026-06-24 23:29:23,320 - mazeUtils.moveTile - [moveTile.py:79] - DEBUG - roll: 0.8400000000000318 deg, practicalMoveTime: 0.19751317763135684 sec
2026-06-24 23:29:23,321 - mazeUtils.moveTile - [moveTile.py:1763] - DEBUG - moveTile loop time: 49.2 ms
2026-06-24 23:29:23,326 - picamera2.picamera2 - [picamera2.py:1391] - DEBUG - Execute job: <picamera2.job.Job object at 0x7f88648050>
2026-06-24 23:29:23,330 - mazeUtils.device.camera - [camera.py:39] - DEBUG - Average HSV: H=109.8, S=230.0, V=180.2
2026-06-24 23:29:23,367 - mazeUtils.moveTile - [moveTile.py:79] - DEBUG - roll: 0.07999999999998408 deg, practicalMoveTime: 0.24296542859553263 sec
2026-06-24 23:29:23,367 - mazeUtils.moveTile - [moveTile.py:1763] - DEBUG - moveTile loop time: 45.7 ms
2026-06-24 23:29:23,372 - picamera2.picamera2 - [picamera2.py:1391] - DEBUG - Execute job: <picamera2.job.Job object at 0x7f88c5be50>
2026-06-24 23:29:23,374 - mazeUtils.device.camera - [camera.py:39] - DEBUG - Average HSV: H=109.4, S=231.3, V=183.7
2026-06-24 23:29:23,413 - mazeUtils.moveTile - [moveTile.py:79] - DEBUG - roll: 359.89 deg, practicalMoveTime: 0.2880960421036011 sec
2026-06-24 23:29:23,413 - mazeUtils.moveTile - [moveTile.py:1763] - DEBUG - moveTile loop time: 45.6 ms
2026-06-24 23:29:23,425 - picamera2.picamera2 - [picamera2.py:1391] - DEBUG - Execute job: <picamera2.job.Job object at 0x7f888c6ed0>
2026-06-24 23:29:23,428 - mazeUtils.device.camera - [camera.py:39] - DEBUG - Average HSV: H=109.3, S=231.6, V=187.0
2026-06-24 23:29:23,466 - mazeUtils.moveTile - [moveTile.py:79] - DEBUG - roll: 0.6899999999999977 deg, practicalMoveTime: 0.34116089025049273 sec
2026-06-24 23:29:23,467 - mazeUtils.moveTile - [moveTile.py:1763] - DEBUG - moveTile loop time: 53.4 ms
2026-06-24 23:29:23,478 - picamera2.picamera2 - [picamera2.py:1391] - DEBUG - Execute job: <picamera2.job.Job object at 0x7f888c6ed0>
2026-06-24 23:29:23,481 - mazeUtils.device.camera - [camera.py:39] - DEBUG - Average HSV: H=109.0, S=234.0, V=194.4
2026-06-24 23:29:23,521 - mazeUtils.moveTile - [moveTile.py:79] - DEBUG - roll: 359.85 deg, practicalMoveTime: 0.39497364103081933 sec
2026-06-24 23:29:23,521 - mazeUtils.moveTile - [moveTile.py:1763] - DEBUG - moveTile loop time: 54.1 ms
2026-06-24 23:29:23,525 - picamera2.picamera2 - [picamera2.py:1391] - DEBUG - Execute job: <picamera2.job.Job object at 0x7f888c6ed0>
2026-06-24 23:29:23,530 - mazeUtils.device.camera - [camera.py:39] - DEBUG - Average HSV: H=108.8, S=236.6, V=199.0
2026-06-24 23:29:23,567 - mazeUtils.moveTile - [moveTile.py:79] - DEBUG - roll: 1.0900000000000318 deg, practicalMoveTime: 0.4404317144057315 sec
2026-06-24 23:29:23,567 - mazeUtils.moveTile - [moveTile.py:1763] - DEBUG - moveTile loop time: 45.7 ms
2026-06-24 23:29:23,579 - picamera2.picamera2 - [picamera2.py:1391] - DEBUG - Execute job: <picamera2.job.Job object at 0x7f8864a550>
2026-06-24 23:29:23,583 - mazeUtils.device.camera - [camera.py:39] - DEBUG - Average HSV: H=108.0, S=240.4, V=207.2
2026-06-24 23:29:23,622 - mazeUtils.moveTile - [moveTile.py:79] - DEBUG - roll: 359.5 deg, practicalMoveTime: 0.4953294198921004 sec
2026-06-24 23:29:23,622 - mazeUtils.moveTile - [moveTile.py:1763] - DEBUG - moveTile loop time: 55.2 ms
2026-06-24 23:29:23,628 - picamera2.picamera2 - [picamera2.py:1391] - DEBUG - Execute job: <picamera2.job.Job object at 0x7f88648050>
2026-06-24 23:29:23,631 - mazeUtils.device.camera - [camera.py:39] - DEBUG - Average HSV: H=107.5, S=243.1, V=211.9
2026-06-24 23:29:23,662 - mazeUtils.moveTile - [moveTile.py:79] - DEBUG - roll: 0.9200000000000159 deg, practicalMoveTime: 0.5349400675608578 sec
2026-06-24 23:29:23,663 - mazeUtils.moveTile - [moveTile.py:1763] - DEBUG - moveTile loop time: 39.9 ms
2026-06-24 23:29:23,668 - picamera2.picamera2 - [picamera2.py:1391] - DEBUG - Execute job: <picamera2.job.Job object at 0x7f8864a550>
2026-06-24 23:29:23,671 - mazeUtils.device.camera - [camera.py:39] - DEBUG - Average HSV: H=108.0, S=243.2, V=202.7
2026-06-24 23:29:23,705 - mazeUtils.moveTile - [moveTile.py:79] - DEBUG - roll: 0.20999999999997954 deg, practicalMoveTime: 0.5768235982032391 sec
2026-06-24 23:29:23,705 - mazeUtils.moveTile - [moveTile.py:1763] - DEBUG - moveTile loop time: 42.3 ms
2026-06-24 23:29:23,709 - picamera2.picamera2 - [picamera2.py:1391] - DEBUG - Execute job: <picamera2.job.Job object at 0x7f8864a590>
2026-06-24 23:29:23,712 - mazeUtils.device.camera - [camera.py:39] - DEBUG - Average HSV: H=109.4, S=248.4, V=190.5
2026-06-24 23:29:23,748 - mazeUtils.moveTile - [moveTile.py:79] - DEBUG - roll: 0.9499999999999886 deg, practicalMoveTime: 0.6196293414596825 sec
2026-06-24 23:29:23,748 - mazeUtils.moveTile - [moveTile.py:1763] - DEBUG - moveTile loop time: 43.0 ms
2026-06-24 23:29:23,760 - picamera2.picamera2 - [picamera2.py:1391] - DEBUG - Execute job: <picamera2.job.Job object at 0x7f8864a550>
2026-06-24 23:29:23,763 - mazeUtils.device.camera - [camera.py:39] - DEBUG - Average HSV: H=110.4, S=254.9, V=191.9
2026-06-24 23:29:23,849 - mazeUtils.moveTile - [moveTile.py:79] - DEBUG - Little forward to adjust position
2026-06-24 23:29:23,919 - mazeUtils.moveTile - [moveTile.py:1959] - INFO - Set moved vertical distance: 0.12932371860382072 cm, past distances: [(0.4730755209713228, False), (0, False), (0, False)]
2026-06-24 23:29:24,071 - mazeUtils.moveTile - [moveTile.py:552] - DEBUG - Direction: absDirection.NORTH, Angle: 270, Distance: 48.64499370017505 cm
2026-06-24 23:29:24,073 - mazeUtils.moveTile - [moveTile.py:552] - DEBUG - Direction: absDirection.EAST, Angle: 180, Distance: 172.64388490104903 cm
2026-06-24 23:29:24,074 - mazeUtils.moveTile - [moveTile.py:552] - DEBUG - Direction: absDirection.SOUTH, Angle: 90, Distance: 16.800053288054908 cm
2026-06-24 23:29:24,079 - mazeUtils.moveTile - [moveTile.py:552] - DEBUG - Direction: absDirection.WEST, Angle: 0, Distance: 11.408626037281513 cm
2026-06-24 23:29:24,079 - mazeUtils.moveTile - [moveTile.py:574] - DEBUG - Front LiDAR distance: 11.408626037281513 cm, TSD10 distance: 1.9 cm
2026-06-24 23:29:24,081 - mazeUtils.moveTile - [moveTile.py:2119] - INFO - Tile color detection, decided tile type: E
2026-06-24 23:29:24,156 - __main__ - [main.py:105] - INFO - Current position: (15, 20, 0), front direction: absDirection.WEST
Layer 0 (altitude=0.0cm, offset=(0.0cm, 0.0cm)):
Known map area: x=15..20, y=15..20
+   +   +   +   +   +---+
  U   U   U   U   U   E |
+   +   +   +   +   +   +
  U   U   U   U   U   E |
+   +   +   +   +   +   +
  U   U   E   U   U | E |
+   +   +   +   +   +   +
  U   U   E   U   U | E |
+   +   +   +   +   +   +
  U   U | E   E   E   E |
+   +   +   +---+---+   +
| @   E   E | U   U | E |
+---+---+---+   +   +---+
Layer 1 (altitude=15.0cm, offset=(0.0cm, -60.0cm)):
Known map area: x=17..18, y=17..17
+---+---+
| E   E  
+   +   +
mazeAsGraph[0][15][20] = {absDirection.NORTH: None, absDirection.EAST: None, absDirection.SOUTH: (20, 16, 0, 30), absDirection.WEST: (18, 17, 1, 60)}
mazeAsGraph[0][16][20] = {absDirection.NORTH: (20, 15, 0, 30), absDirection.EAST: None, absDirection.SOUTH: (20, 17, 0, 30), absDirection.WEST: (19, 16, 0, 30)}
mazeAsGraph[0][17][17] = {absDirection.NORTH: (17, 17, 1, 60), absDirection.EAST: (18, 17, 0, 30), absDirection.SOUTH: (17, 18, 0, 30), absDirection.WEST: (16, 17, 0, 30)}
mazeAsGraph[0][17][20] = {absDirection.NORTH: (20, 16, 0, 30), absDirection.EAST: None, absDirection.SOUTH: (20, 18, 0, 30), absDirection.WEST: None}
mazeAsGraph[0][18][17] = {absDirection.NORTH: (17, 17, 0, 30), absDirection.EAST: (18, 18, 0, 30), absDirection.SOUTH: (17, 19, 0, 30), absDirection.WEST: (16, 18, 0, 30)}
mazeAsGraph[0][18][20] = {absDirection.NORTH: (20, 17, 0, 30), absDirection.EAST: None, absDirection.SOUTH: (20, 19, 0, 30), absDirection.WEST: None}
mazeAsGraph[0][19][17] = {absDirection.NORTH: (17, 18, 0, 30), absDirection.EAST: (18, 19, 0, 30), absDirection.SOUTH: (17, 20, 0, 30), absDirection.WEST: None}
mazeAsGraph[0][19][18] = {absDirection.NORTH: (18, 18, 0, 30), absDirection.EAST: (19, 19, 0, 30), absDirection.SOUTH: None, absDirection.WEST: (17, 19, 0, 30)}
mazeAsGraph[0][19][19] = {absDirection.NORTH: (19, 18, 0, 30), absDirection.EAST: (20, 19, 0, 30), absDirection.SOUTH: None, absDirection.WEST: (18, 19, 0, 30)}
mazeAsGraph[0][19][20] = {absDirection.NORTH: (20, 18, 0, 30), absDirection.EAST: None, absDirection.SOUTH: (20, 20, 0, 30), absDirection.WEST: (19, 19, 0, 30)}
mazeAsGraph[0][20][15] = {absDirection.NORTH: (15, 19, 0, 30), absDirection.EAST: (16, 20, 0, 30), absDirection.SOUTH: None, absDirection.WEST: None}
mazeAsGraph[0][20][16] = {absDirection.NORTH: (16, 19, 0, 30), absDirection.EAST: (17, 20, 0, 30), absDirection.SOUTH: None, absDirection.WEST: (15, 20, 0, 30)}
mazeAsGraph[0][20][17] = {absDirection.NORTH: (17, 19, 0, 30), absDirection.EAST: None, absDirection.SOUTH: None, absDirection.WEST: (16, 20, 0, 30)}
mazeAsGraph[0][20][20] = {absDirection.NORTH: (20, 19, 0, 30), absDirection.EAST: None, absDirection.SOUTH: None, absDirection.WEST: None}
mazeAsGraph[1][17][17] = {absDirection.NORTH: None, absDirection.EAST: (18, 17, 1, 30), absDirection.SOUTH: (17, 17, 0, 60), absDirection.WEST: None}
mazeAsGraph[1][17][18] = {absDirection.NORTH: None, absDirection.EAST: (20, 15, 0, 60), absDirection.SOUTH: (18, 18, 1, 30), absDirection.WEST: (17, 17, 1, 30)}
2026-06-24 23:29:24,164 - mazeUtils.mazeMap - [mazeMap.py:61] - INFO - next goal: (15, 19, 0)
2026-06-24 23:29:24,170 - mazeUtils.moveTile - [moveTile.py:79] - DEBUG - Moving to absDirection.NORTH from (15, 20, 0) facing absDirection.WEST
2026-06-24 23:29:24,195 - mazeUtils.moveTile - [moveTile.py:79] - DEBUG - current heading: 89.07999999999998 target: 0
2026-06-24 23:29:25,281 - mazeUtils.moveTile - [moveTile.py:426] - DEBUG - stopped turning at heading: 5.25, diff: 5.25
2026-06-24 23:29:25,344 - mazeUtils.moveTile - [moveTile.py:79] - DEBUG - Turned to heading: 1.0299999999999727 deg
2026-06-24 23:29:25,520 - mazeUtils.moveTile - [moveTile.py:79] - DEBUG - Little backward to adjust position
2026-06-24 23:29:26,021 - picamera2.picamera2 - [picamera2.py:1391] - DEBUG - Execute job: <picamera2.job.Job object at 0x7fa4c5f350>
2026-06-24 23:29:26,024 - mazeUtils.device.camera - [camera.py:39] - DEBUG - Average HSV: H=108.5, S=254.8, V=216.1
2026-06-24 23:29:26,059 - mazeUtils.moveTile - [moveTile.py:79] - DEBUG - roll: 0.29000000000002046 deg, practicalMoveTime: 0.045606933703393776 sec
2026-06-24 23:29:26,059 - mazeUtils.moveTile - [moveTile.py:1763] - DEBUG - moveTile loop time: 44.6 ms
2026-06-24 23:29:26,071 - picamera2.picamera2 - [picamera2.py:1391] - DEBUG - Execute job: <picamera2.job.Job object at 0x7f89097990>
2026-06-24 23:29:26,074 - mazeUtils.device.camera - [camera.py:39] - DEBUG - Average HSV: H=108.7, S=254.9, V=216.5
2026-06-24 23:29:26,115 - mazeUtils.moveTile - [moveTile.py:79] - DEBUG - roll: 359.91 deg, practicalMoveTime: 0.10161833954650547 sec
2026-06-24 23:29:26,116 - mazeUtils.moveTile - [moveTile.py:1763] - DEBUG - moveTile loop time: 56.2 ms
2026-06-24 23:29:26,121 - picamera2.picamera2 - [picamera2.py:1391] - DEBUG - Execute job: <picamera2.job.Job object at 0x7f92ce4e50>
2026-06-24 23:29:26,125 - mazeUtils.device.camera - [camera.py:39] - DEBUG - Average HSV: H=108.4, S=255.0, V=220.0
2026-06-24 23:29:26,167 - mazeUtils.moveTile - [moveTile.py:79] - DEBUG - roll: 0.5099999999999909 deg, practicalMoveTime: 0.15272940828024803 sec
2026-06-24 23:29:26,167 - mazeUtils.moveTile - [moveTile.py:1763] - DEBUG - moveTile loop time: 51.4 ms
2026-06-24 23:29:26,174 - picamera2.picamera2 - [picamera2.py:1391] - DEBUG - Execute job: <picamera2.job.Job object at 0x7f92ce5c10>
2026-06-24 23:29:26,179 - mazeUtils.device.camera - [camera.py:39] - DEBUG - Average HSV: H=108.3, S=252.8, V=218.7
2026-06-24 23:29:26,213 - mazeUtils.moveTile - [moveTile.py:79] - DEBUG - roll: 359.06 deg, practicalMoveTime: 0.19848228568781756 sec
2026-06-24 23:29:26,214 - mazeUtils.moveTile - [moveTile.py:1763] - DEBUG - moveTile loop time: 46.3 ms
2026-06-24 23:29:26,221 - picamera2.picamera2 - [picamera2.py:1391] - DEBUG - Execute job: <picamera2.job.Job object at 0x7fa2084a90>
2026-06-24 23:29:26,224 - mazeUtils.device.camera - [camera.py:39] - DEBUG - Average HSV: H=108.0, S=254.8, V=223.8
2026-06-24 23:29:26,257 - mazeUtils.moveTile - [moveTile.py:79] - DEBUG - roll: 0.29000000000002046 deg, practicalMoveTime: 0.24200963981129814 sec
2026-06-24 23:29:26,258 - mazeUtils.moveTile - [moveTile.py:1763] - DEBUG - moveTile loop time: 43.8 ms
2026-06-24 23:29:26,263 - picamera2.picamera2 - [picamera2.py:1391] - DEBUG - Execute job: <picamera2.job.Job object at 0x7f92ce5c10>
2026-06-24 23:29:26,267 - mazeUtils.device.camera - [camera.py:39] - DEBUG - Average HSV: H=108.1, S=252.9, V=221.0
2026-06-24 23:29:26,305 - mazeUtils.moveTile - [moveTile.py:79] - DEBUG - roll: 0.3299999999999841 deg, practicalMoveTime: 0.2894954839983438 sec
2026-06-24 23:29:26,306 - mazeUtils.moveTile - [moveTile.py:1763] - DEBUG - moveTile loop time: 47.6 ms
2026-06-24 23:29:26,311 - picamera2.picamera2 - [picamera2.py:1391] - DEBUG - Execute job: <picamera2.job.Job object at 0x7fa2084a90>
2026-06-24 23:29:26,314 - mazeUtils.device.camera - [camera.py:39] - DEBUG - Average HSV: H=108.2, S=251.8, V=220.6
2026-06-24 23:29:26,347 - mazeUtils.moveTile - [moveTile.py:79] - DEBUG - roll: 1.9399999999999977 deg, practicalMoveTime: 0.3308476233623726 sec
2026-06-24 23:29:26,348 - mazeUtils.moveTile - [moveTile.py:1763] - DEBUG - moveTile loop time: 41.6 ms
2026-06-24 23:29:26,353 - picamera2.picamera2 - [picamera2.py:1391] - DEBUG - Execute job: <picamera2.job.Job object at 0x7f92ce4e50>
2026-06-24 23:29:26,357 - mazeUtils.device.camera - [camera.py:39] - DEBUG - Average HSV: H=109.1, S=244.2, V=211.1
2026-06-24 23:29:26,394 - mazeUtils.moveTile - [moveTile.py:79] - DEBUG - roll: 3.990000000000009 deg, practicalMoveTime: 0.37740855910174215 sec
2026-06-24 23:29:26,395 - mazeUtils.moveTile - [moveTile.py:1763] - DEBUG - moveTile loop time: 47.1 ms
2026-06-24 23:29:26,405 - picamera2.picamera2 - [picamera2.py:1391] - DEBUG - Execute job: <picamera2.job.Job object at 0x7f92ce5f50>
2026-06-24 23:29:26,409 - mazeUtils.device.camera - [camera.py:39] - DEBUG - Average HSV: H=109.6, S=241.9, V=208.9
2026-06-24 23:29:26,447 - mazeUtils.moveTile - [moveTile.py:79] - DEBUG - roll: 2.4700000000000273 deg, practicalMoveTime: 0.42954759928514874 sec
2026-06-24 23:29:26,448 - mazeUtils.moveTile - [moveTile.py:1763] - DEBUG - moveTile loop time: 52.4 ms
2026-06-24 23:29:26,461 - picamera2.picamera2 - [picamera2.py:1391] - DEBUG - Execute job: <picamera2.job.Job object at 0x7f88c05b10>
2026-06-24 23:29:26,464 - mazeUtils.device.camera - [camera.py:39] - DEBUG - Average HSV: H=109.0, S=245.1, V=214.0
2026-06-24 23:29:26,505 - mazeUtils.moveTile - [moveTile.py:79] - DEBUG - roll: 3.6899999999999977 deg, practicalMoveTime: 0.48707803642634784 sec
2026-06-24 23:29:26,506 - mazeUtils.moveTile - [moveTile.py:1763] - DEBUG - moveTile loop time: 58.0 ms
2026-06-24 23:29:26,512 - picamera2.picamera2 - [picamera2.py:1391] - DEBUG - Execute job: <picamera2.job.Job object at 0x7f92ce5f50>
2026-06-24 23:29:26,515 - mazeUtils.device.camera - [camera.py:39] - DEBUG - Average HSV: H=109.0, S=244.6, V=214.7
2026-06-24 23:29:26,564 - mazeUtils.moveTile - [moveTile.py:79] - DEBUG - roll: 3.840000000000032 deg, practicalMoveTime: 0.5452872492685588 sec
2026-06-24 23:29:26,565 - mazeUtils.moveTile - [moveTile.py:1763] - DEBUG - moveTile loop time: 58.6 ms
2026-06-24 23:29:26,570 - picamera2.picamera2 - [picamera2.py:1391] - DEBUG - Execute job: <picamera2.job.Job object at 0x7f89097990>
2026-06-24 23:29:26,573 - mazeUtils.device.camera - [camera.py:39] - DEBUG - Average HSV: H=108.2, S=247.0, V=219.3
2026-06-24 23:29:26,610 - mazeUtils.moveTile - [moveTile.py:79] - DEBUG - roll: 3.3799999999999955 deg, practicalMoveTime: 0.5899760073192363 sec
2026-06-24 23:29:26,610 - mazeUtils.moveTile - [moveTile.py:1763] - DEBUG - moveTile loop time: 44.9 ms
2026-06-24 23:29:26,615 - picamera2.picamera2 - [picamera2.py:1391] - DEBUG - Execute job: <picamera2.job.Job object at 0x7fa2084a90>
2026-06-24 23:29:26,619 - mazeUtils.device.camera - [camera.py:39] - DEBUG - Average HSV: H=108.0, S=249.5, V=223.0
2026-06-24 23:29:26,662 - mazeUtils.moveTile - [moveTile.py:79] - DEBUG - roll: 4.5 deg, practicalMoveTime: 0.6414024396945738 sec
2026-06-24 23:29:26,662 - mazeUtils.moveTile - [moveTile.py:1763] - DEBUG - moveTile loop time: 51.9 ms
2026-06-24 23:29:26,668 - picamera2.picamera2 - [picamera2.py:1391] - DEBUG - Execute job: <picamera2.job.Job object at 0x7f92ce5f50>
2026-06-24 23:29:26,672 - mazeUtils.device.camera - [camera.py:39] - DEBUG - Average HSV: H=107.0, S=254.1, V=229.8
2026-06-24 23:29:26,708 - mazeUtils.moveTile - [moveTile.py:79] - DEBUG - roll: 1.3000000000000114 deg, practicalMoveTime: 0.6867131152984944 sec
2026-06-24 23:29:26,708 - mazeUtils.moveTile - [moveTile.py:1763] - DEBUG - moveTile loop time: 45.6 ms
2026-06-24 23:29:26,724 - picamera2.picamera2 - [picamera2.py:1391] - DEBUG - Execute job: <picamera2.job.Job object at 0x7f92ce4e50>
2026-06-24 23:29:26,740 - mazeUtils.device.camera - [camera.py:39] - DEBUG - Average HSV: H=106.3, S=254.9, V=235.3
2026-06-24 23:29:26,783 - mazeUtils.moveTile - [moveTile.py:79] - DEBUG - roll: 0.8500000000000227 deg, practicalMoveTime: 0.7613446675663844 sec
2026-06-24 23:29:26,783 - mazeUtils.moveTile - [moveTile.py:1763] - DEBUG - moveTile loop time: 74.7 ms
2026-06-24 23:29:26,788 - picamera2.picamera2 - [picamera2.py:1391] - DEBUG - Execute job: <picamera2.job.Job object at 0x7fa2084a90>
2026-06-24 23:29:26,792 - mazeUtils.device.camera - [camera.py:39] - DEBUG - Average HSV: H=105.9, S=255.0, V=241.8
2026-06-24 23:29:26,830 - mazeUtils.moveTile - [moveTile.py:79] - DEBUG - roll: 359.36 deg, practicalMoveTime: 0.8079747397883761 sec
2026-06-24 23:29:26,830 - mazeUtils.moveTile - [moveTile.py:1763] - DEBUG - moveTile loop time: 46.8 ms
2026-06-24 23:29:26,835 - picamera2.picamera2 - [picamera2.py:1391] - DEBUG - Execute job: <picamera2.job.Job object at 0x7f88c05b10>
2026-06-24 23:29:26,838 - mazeUtils.device.camera - [camera.py:39] - DEBUG - Average HSV: H=105.0, S=255.0, V=247.0
2026-06-24 23:29:26,870 - mazeUtils.moveTile - [moveTile.py:1636] - INFO - practicalVerticalMove: 0.8937244182149281 CM
2026-06-24 23:29:26,916 - mazeUtils.moveTile - [moveTile.py:79] - DEBUG - Little forward to adjust position
2026-06-24 23:29:27,114 - mazeUtils.moveTile - [moveTile.py:1959] - INFO - Set moved vertical distance: 0.8937244182149281 cm, past distances: [(0, False), (0, False), (0, False)]
2026-06-24 23:29:27,255 - mazeUtils.moveTile - [moveTile.py:552] - DEBUG - Direction: absDirection.NORTH, Angle: 0, Distance: 13.589676839114027 cm
2026-06-24 23:29:27,255 - mazeUtils.moveTile - [moveTile.py:574] - DEBUG - Front LiDAR distance: 13.589676839114027 cm, TSD10 distance: 2.4 cm
2026-06-24 23:29:27,256 - mazeUtils.moveTile - [moveTile.py:552] - DEBUG - Direction: absDirection.EAST, Angle: 270, Distance: 265.96673499915863 cm
2026-06-24 23:29:27,257 - mazeUtils.moveTile - [moveTile.py:552] - DEBUG - Direction: absDirection.SOUTH, Angle: 180, Distance: 52.129247351393595 cm
2026-06-24 23:29:27,258 - mazeUtils.moveTile - [moveTile.py:552] - DEBUG - Direction: absDirection.WEST, Angle: 90, Distance: 18.847361813396105 cm
2026-06-24 23:29:27,260 - mazeUtils.moveTile - [moveTile.py:2119] - INFO - Tile color detection, decided tile type: E
2026-06-24 23:29:27,340 - __main__ - [main.py:105] - INFO - Current position: (15, 19, 0), front direction: absDirection.NORTH
Layer 0 (altitude=0.0cm, offset=(0.0cm, 0.0cm)):
Known map area: x=15..20, y=15..20
+   +   +   +   +   +---+
  U   U   U   U   U   E |
+   +   +   +   +   +   +
  U   U   U   U   U   E |
+   +   +   +   +   +   +
  U   U   E   U   U | E |
+   +   +   +   +   +   +
  U   U   E   U   U | E |
+---+   +   +   +   +   +
| @   U | E   E   E   E |
+   +   +   +---+---+   +
| E   E   E | U   U | E |
+---+---+---+   +   +---+
Layer 1 (altitude=15.0cm, offset=(0.0cm, -60.0cm)):
Known map area: x=17..18, y=17..17
+---+---+
| E   E  
+   +   +
mazeAsGraph[0][15][20] = {absDirection.NORTH: None, absDirection.EAST: None, absDirection.SOUTH: (20, 16, 0, 30), absDirection.WEST: (18, 17, 1, 60)}
mazeAsGraph[0][16][20] = {absDirection.NORTH: (20, 15, 0, 30), absDirection.EAST: None, absDirection.SOUTH: (20, 17, 0, 30), absDirection.WEST: (19, 16, 0, 30)}
mazeAsGraph[0][17][17] = {absDirection.NORTH: (17, 17, 1, 60), absDirection.EAST: (18, 17, 0, 30), absDirection.SOUTH: (17, 18, 0, 30), absDirection.WEST: (16, 17, 0, 30)}
mazeAsGraph[0][17][20] = {absDirection.NORTH: (20, 16, 0, 30), absDirection.EAST: None, absDirection.SOUTH: (20, 18, 0, 30), absDirection.WEST: None}
mazeAsGraph[0][18][17] = {absDirection.NORTH: (17, 17, 0, 30), absDirection.EAST: (18, 18, 0, 30), absDirection.SOUTH: (17, 19, 0, 30), absDirection.WEST: (16, 18, 0, 30)}
mazeAsGraph[0][18][20] = {absDirection.NORTH: (20, 17, 0, 30), absDirection.EAST: None, absDirection.SOUTH: (20, 19, 0, 30), absDirection.WEST: None}
mazeAsGraph[0][19][15] = {absDirection.NORTH: None, absDirection.EAST: (16, 19, 0, 30), absDirection.SOUTH: (15, 20, 0, 30), absDirection.WEST: None}
mazeAsGraph[0][19][17] = {absDirection.NORTH: (17, 18, 0, 30), absDirection.EAST: (18, 19, 0, 30), absDirection.SOUTH: (17, 20, 0, 30), absDirection.WEST: None}
mazeAsGraph[0][19][18] = {absDirection.NORTH: (18, 18, 0, 30), absDirection.EAST: (19, 19, 0, 30), absDirection.SOUTH: None, absDirection.WEST: (17, 19, 0, 30)}
mazeAsGraph[0][19][19] = {absDirection.NORTH: (19, 18, 0, 30), absDirection.EAST: (20, 19, 0, 30), absDirection.SOUTH: None, absDirection.WEST: (18, 19, 0, 30)}
mazeAsGraph[0][19][20] = {absDirection.NORTH: (20, 18, 0, 30), absDirection.EAST: None, absDirection.SOUTH: (20, 20, 0, 30), absDirection.WEST: (19, 19, 0, 30)}
mazeAsGraph[0][20][15] = {absDirection.NORTH: (15, 19, 0, 30), absDirection.EAST: (16, 20, 0, 30), absDirection.SOUTH: None, absDirection.WEST: None}
mazeAsGraph[0][20][16] = {absDirection.NORTH: (16, 19, 0, 30), absDirection.EAST: (17, 20, 0, 30), absDirection.SOUTH: None, absDirection.WEST: (15, 20, 0, 30)}
mazeAsGraph[0][20][17] = {absDirection.NORTH: (17, 19, 0, 30), absDirection.EAST: None, absDirection.SOUTH: None, absDirection.WEST: (16, 20, 0, 30)}
mazeAsGraph[0][20][20] = {absDirection.NORTH: (20, 19, 0, 30), absDirection.EAST: None, absDirection.SOUTH: None, absDirection.WEST: None}
mazeAsGraph[1][17][17] = {absDirection.NORTH: None, absDirection.EAST: (18, 17, 1, 30), absDirection.SOUTH: (17, 17, 0, 60), absDirection.WEST: None}
mazeAsGraph[1][17][18] = {absDirection.NORTH: None, absDirection.EAST: (20, 15, 0, 60), absDirection.SOUTH: (18, 18, 1, 30), absDirection.WEST: (17, 17, 1, 30)}
2026-06-24 23:29:27,352 - mazeUtils.mazeMap - [mazeMap.py:61] - INFO - next goal: (16, 19, 0)
2026-06-24 23:29:27,365 - mazeUtils.moveTile - [moveTile.py:79] - DEBUG - Moving to absDirection.EAST from (15, 19, 0) facing absDirection.NORTH
2026-06-24 23:29:27,389 - mazeUtils.moveTile - [moveTile.py:79] - DEBUG - current heading: 359.09 target: 270
2026-06-24 23:29:28,393 - mazeUtils.moveTile - [moveTile.py:426] - DEBUG - stopped turning at heading: 275.4, diff: 5.399999999999977
2026-06-24 23:29:28,447 - mazeUtils.moveTile - [moveTile.py:79] - DEBUG - Turned to heading: 271.81 deg
2026-06-24 23:29:28,608 - mazeUtils.moveTile - [moveTile.py:79] - DEBUG - Little backward to adjust position
2026-06-24 23:29:29,022 - picamera2.picamera2 - [picamera2.py:1391] - DEBUG - Execute job: <picamera2.job.Job object at 0x7f92cec7d0>
2026-06-24 23:29:29,025 - mazeUtils.device.camera - [camera.py:39] - DEBUG - Average HSV: H=116.4, S=164.2, V=148.6
2026-06-24 23:29:29,056 - mazeUtils.moveTile - [moveTile.py:79] - DEBUG - roll: 8.0 deg, practicalMoveTime: 0.03499620081884421 sec
2026-06-24 23:29:29,057 - mazeUtils.moveTile - [moveTile.py:1763] - DEBUG - moveTile loop time: 44.2 ms
2026-06-24 23:29:29,062 - picamera2.picamera2 - [picamera2.py:1391] - DEBUG - Execute job: <picamera2.job.Job object at 0x7f8818c890>
2026-06-24 23:29:29,065 - mazeUtils.device.camera - [camera.py:39] - DEBUG - Average HSV: H=116.7, S=162.0, V=147.5
2026-06-24 23:29:29,107 - mazeUtils.moveTile - [moveTile.py:79] - DEBUG - roll: 7.53000000000003 deg, practicalMoveTime: 0.07453050101532648 sec
2026-06-24 23:29:29,107 - mazeUtils.moveTile - [moveTile.py:1763] - DEBUG - moveTile loop time: 50.0 ms
2026-06-24 23:29:29,114 - picamera2.picamera2 - [picamera2.py:1391] - DEBUG - Execute job: <picamera2.job.Job object at 0x7f888655d0>
2026-06-24 23:29:29,117 - mazeUtils.device.camera - [camera.py:39] - DEBUG - Average HSV: H=116.3, S=163.7, V=152.1
2026-06-24 23:29:29,148 - mazeUtils.moveTile - [moveTile.py:79] - DEBUG - roll: 6.449999999999989 deg, practicalMoveTime: 0.10685874733888356 sec
2026-06-24 23:29:29,149 - mazeUtils.moveTile - [moveTile.py:1763] - DEBUG - moveTile loop time: 40.9 ms
2026-06-24 23:29:29,154 - picamera2.picamera2 - [picamera2.py:1391] - DEBUG - Execute job: <picamera2.job.Job object at 0x7f92cefd90>
2026-06-24 23:29:29,157 - mazeUtils.device.camera - [camera.py:39] - DEBUG - Average HSV: H=115.7, S=167.3, V=156.1
2026-06-24 23:29:29,199 - mazeUtils.moveTile - [moveTile.py:79] - DEBUG - roll: 7.5 deg, practicalMoveTime: 0.1468215584313744 sec
2026-06-24 23:29:29,199 - mazeUtils.moveTile - [moveTile.py:1763] - DEBUG - moveTile loop time: 50.6 ms
2026-06-24 23:29:29,206 - picamera2.picamera2 - [picamera2.py:1391] - DEBUG - Execute job: <picamera2.job.Job object at 0x7f88c05b10>
2026-06-24 23:29:29,209 - mazeUtils.device.camera - [camera.py:39] - DEBUG - Average HSV: H=115.9, S=167.7, V=157.8
2026-06-24 23:29:29,241 - mazeUtils.moveTile - [moveTile.py:79] - DEBUG - roll: 4.579999999999984 deg, practicalMoveTime: 0.17991634054564065 sec
2026-06-24 23:29:29,241 - mazeUtils.moveTile - [moveTile.py:1763] - DEBUG - moveTile loop time: 41.8 ms
2026-06-24 23:29:29,246 - picamera2.picamera2 - [picamera2.py:1391] - DEBUG - Execute job: <picamera2.job.Job object at 0x7f88867850>
2026-06-24 23:29:29,250 - mazeUtils.device.camera - [camera.py:39] - DEBUG - Average HSV: H=114.4, S=173.5, V=170.4
2026-06-24 23:29:29,291 - mazeUtils.moveTile - [moveTile.py:79] - DEBUG - roll: 1.240000000000009 deg, practicalMoveTime: 0.22893787641730062 sec
2026-06-24 23:29:29,291 - mazeUtils.moveTile - [moveTile.py:1763] - DEBUG - moveTile loop time: 49.4 ms
2026-06-24 23:29:29,295 - picamera2.picamera2 - [picamera2.py:1391] - DEBUG - Execute job: <picamera2.job.Job object at 0x7f8818c890>
2026-06-24 23:29:29,298 - mazeUtils.device.camera - [camera.py:39] - DEBUG - Average HSV: H=113.6, S=175.8, V=177.2
2026-06-24 23:29:29,331 - mazeUtils.moveTile - [moveTile.py:79] - DEBUG - roll: 0.7300000000000182 deg, practicalMoveTime: 0.2692297261346059 sec
2026-06-24 23:29:29,332 - mazeUtils.moveTile - [moveTile.py:1763] - DEBUG - moveTile loop time: 40.5 ms
2026-06-24 23:29:29,339 - picamera2.picamera2 - [picamera2.py:1391] - DEBUG - Execute job: <picamera2.job.Job object at 0x7f888655d0>
2026-06-24 23:29:29,343 - mazeUtils.device.camera - [camera.py:39] - DEBUG - Average HSV: H=113.1, S=177.9, V=180.3
2026-06-24 23:29:29,379 - mazeUtils.moveTile - [moveTile.py:79] - DEBUG - roll: 358.58 deg, practicalMoveTime: 0.3165300712970061 sec
2026-06-24 23:29:29,380 - mazeUtils.moveTile - [moveTile.py:1763] - DEBUG - moveTile loop time: 47.6 ms
2026-06-24 23:29:29,384 - picamera2.picamera2 - [picamera2.py:1391] - DEBUG - Execute job: <picamera2.job.Job object at 0x7f92cef250>
2026-06-24 23:29:29,387 - mazeUtils.device.camera - [camera.py:39] - DEBUG - Average HSV: H=112.5, S=179.8, V=185.7
2026-06-24 23:29:29,425 - mazeUtils.moveTile - [moveTile.py:79] - DEBUG - roll: 355.66 deg, practicalMoveTime: 0.36197942145379836 sec
2026-06-24 23:29:29,425 - mazeUtils.moveTile - [moveTile.py:1763] - DEBUG - moveTile loop time: 45.7 ms
2026-06-24 23:29:29,436 - picamera2.picamera2 - [picamera2.py:1391] - DEBUG - Execute job: <picamera2.job.Job object at 0x7f92ced210>
2026-06-24 23:29:29,440 - mazeUtils.device.camera - [camera.py:39] - DEBUG - Average HSV: H=111.0, S=183.1, V=194.5
2026-06-24 23:29:29,474 - mazeUtils.moveTile - [moveTile.py:79] - DEBUG - roll: 354.8 deg, practicalMoveTime: 0.4106066780181836 sec
2026-06-24 23:29:29,475 - mazeUtils.moveTile - [moveTile.py:1763] - DEBUG - moveTile loop time: 49.0 ms
2026-06-24 23:29:29,480 - picamera2.picamera2 - [picamera2.py:1391] - DEBUG - Execute job: <picamera2.job.Job object at 0x7f88865510>
2026-06-24 23:29:29,483 - mazeUtils.device.camera - [camera.py:39] - DEBUG - Average HSV: H=110.4, S=183.8, V=197.9
2026-06-24 23:29:29,515 - mazeUtils.moveTile - [moveTile.py:79] - DEBUG - roll: 352.72 deg, practicalMoveTime: 0.4503290935916323 sec
2026-06-24 23:29:29,515 - mazeUtils.moveTile - [moveTile.py:1763] - DEBUG - moveTile loop time: 40.4 ms
2026-06-24 23:29:29,528 - picamera2.picamera2 - [picamera2.py:1391] - DEBUG - Execute job: <picamera2.job.Job object at 0x7f92cef250>
2026-06-24 23:29:29,531 - mazeUtils.device.camera - [camera.py:39] - DEBUG - Average HSV: H=110.4, S=184.8, V=199.3
2026-06-24 23:29:29,569 - mazeUtils.moveTile - [moveTile.py:79] - DEBUG - roll: 354.97 deg, practicalMoveTime: 0.5037703447223801 sec
2026-06-24 23:29:29,569 - mazeUtils.moveTile - [moveTile.py:1763] - DEBUG - moveTile loop time: 53.8 ms
2026-06-24 23:29:29,574 - picamera2.picamera2 - [picamera2.py:1391] - DEBUG - Execute job: <picamera2.job.Job object at 0x7f888655d0>
2026-06-24 23:29:29,577 - mazeUtils.device.camera - [camera.py:39] - DEBUG - Average HSV: H=109.9, S=188.8, V=203.0
2026-06-24 23:29:29,611 - mazeUtils.moveTile - [moveTile.py:79] - DEBUG - roll: 352.93 deg, practicalMoveTime: 0.5444904419214347 sec
2026-06-24 23:29:29,611 - mazeUtils.moveTile - [moveTile.py:1763] - DEBUG - moveTile loop time: 41.3 ms
2026-06-24 23:29:29,621 - picamera2.picamera2 - [picamera2.py:1391] - DEBUG - Execute job: <picamera2.job.Job object at 0x7f88867850>
2026-06-24 23:29:29,625 - mazeUtils.device.camera - [camera.py:39] - DEBUG - Average HSV: H=109.4, S=189.7, V=207.1
2026-06-24 23:29:29,676 - mazeUtils.moveTile - [moveTile.py:79] - DEBUG - roll: 352.74 deg, practicalMoveTime: 0.6089635693168289 sec
2026-06-24 23:29:29,676 - mazeUtils.moveTile - [moveTile.py:1763] - DEBUG - moveTile loop time: 65.2 ms
2026-06-24 23:29:29,687 - picamera2.picamera2 - [picamera2.py:1391] - DEBUG - Execute job: <picamera2.job.Job object at 0x7f88867850>
2026-06-24 23:29:29,690 - mazeUtils.device.camera - [camera.py:39] - DEBUG - Average HSV: H=108.7, S=194.2, V=214.0
2026-06-24 23:29:29,724 - mazeUtils.moveTile - [moveTile.py:79] - DEBUG - roll: 353.19 deg, practicalMoveTime: 0.6556382634923131 sec
2026-06-24 23:29:29,724 - mazeUtils.moveTile - [moveTile.py:1763] - DEBUG - moveTile loop time: 47.2 ms
2026-06-24 23:29:29,729 - picamera2.picamera2 - [picamera2.py:1391] - DEBUG - Execute job: <picamera2.job.Job object at 0x7f88865510>
2026-06-24 23:29:29,733 - mazeUtils.device.camera - [camera.py:39] - DEBUG - Average HSV: H=108.2, S=198.5, V=216.0
2026-06-24 23:29:29,767 - mazeUtils.moveTile - [moveTile.py:79] - DEBUG - roll: 354.94 deg, practicalMoveTime: 0.6980459895392949 sec
2026-06-24 23:29:29,767 - mazeUtils.moveTile - [moveTile.py:1763] - DEBUG - moveTile loop time: 43.2 ms
2026-06-24 23:29:29,779 - picamera2.picamera2 - [picamera2.py:1391] - DEBUG - Execute job: <picamera2.job.Job object at 0x7f92cef250>
2026-06-24 23:29:29,783 - mazeUtils.device.camera - [camera.py:39] - DEBUG - Average HSV: H=107.6, S=203.9, V=224.9
2026-06-24 23:29:29,821 - mazeUtils.moveTile - [moveTile.py:79] - DEBUG - roll: 358.68 deg, practicalMoveTime: 0.7510046717601493 sec
2026-06-24 23:29:29,821 - mazeUtils.moveTile - [moveTile.py:1763] - DEBUG - moveTile loop time: 53.1 ms
2026-06-24 23:29:29,826 - picamera2.picamera2 - [picamera2.py:1391] - DEBUG - Execute job: <picamera2.job.Job object at 0x7f88c05b10>
2026-06-24 23:29:29,830 - mazeUtils.device.camera - [camera.py:39] - DEBUG - Average HSV: H=107.2, S=206.1, V=226.1
2026-06-24 23:29:29,868 - mazeUtils.moveTile - [moveTile.py:79] - DEBUG - roll: 0.20999999999997954 deg, practicalMoveTime: 0.7983821434982868 sec
2026-06-24 23:29:29,869 - mazeUtils.moveTile - [moveTile.py:1763] - DEBUG - moveTile loop time: 47.6 ms
2026-06-24 23:29:29,880 - picamera2.picamera2 - [picamera2.py:1391] - DEBUG - Execute job: <picamera2.job.Job object at 0x7f888655d0>
2026-06-24 23:29:29,883 - mazeUtils.device.camera - [camera.py:39] - DEBUG - Average HSV: H=110.1, S=211.7, V=203.9
2026-06-24 23:29:29,968 - mazeUtils.moveTile - [moveTile.py:79] - DEBUG - Little forward to adjust position
2026-06-24 23:29:30,106 - mazeUtils.moveTile - [moveTile.py:1959] - INFO - Set moved vertical distance: -0.6010721036681719 cm, past distances: [(0, False), (0, False), (0, False)]
2026-06-24 23:29:30,248 - mazeUtils.moveTile - [moveTile.py:552] - DEBUG - Direction: absDirection.NORTH, Angle: 90, Distance: 19.162395149766375 cm
2026-06-24 23:29:30,250 - mazeUtils.moveTile - [moveTile.py:552] - DEBUG - Direction: absDirection.EAST, Angle: 0, Distance: 11.884551183352135 cm
2026-06-24 23:29:30,251 - mazeUtils.moveTile - [moveTile.py:574] - DEBUG - Front LiDAR distance: 11.884551183352135 cm, TSD10 distance: 1.9 cm
2026-06-24 23:29:30,252 - mazeUtils.moveTile - [moveTile.py:552] - DEBUG - Direction: absDirection.SOUTH, Angle: 270, Distance: 46.75422543674344 cm
2026-06-24 23:29:30,256 - mazeUtils.moveTile - [moveTile.py:552] - DEBUG - Direction: absDirection.WEST, Angle: 180, Distance: 54.34885304321293 cm
2026-06-24 23:29:30,262 - mazeUtils.moveTile - [moveTile.py:2119] - INFO - Tile color detection, decided tile type: E
2026-06-24 23:29:30,342 - __main__ - [main.py:105] - INFO - Current position: (16, 19, 0), front direction: absDirection.EAST
Layer 0 (altitude=0.0cm, offset=(0.0cm, 0.0cm)):
Known map area: x=15..20, y=15..20
+   +   +   +   +   +---+
  U   U   U   U   U   E |
+   +   +   +   +   +   +
  U   U   U   U   U   E |
+   +   +   +   +   +   +
  U   U   E   U   U | E |
+   +   +   +   +   +   +
  U   U   E   U   U | E |
+---+---+   +   +   +   +
| E   @ | E   E   E   E |
+   +   +   +---+---+   +
| E   E   E | U   U | E |
+---+---+---+   +   +---+
Layer 1 (altitude=15.0cm, offset=(0.0cm, -60.0cm)):
Known map area: x=17..18, y=17..17
+---+---+
| E   E  
+   +   +
mazeAsGraph[0][15][20] = {absDirection.NORTH: None, absDirection.EAST: None, absDirection.SOUTH: (20, 16, 0, 30), absDirection.WEST: (18, 17, 1, 60)}
mazeAsGraph[0][16][20] = {absDirection.NORTH: (20, 15, 0, 30), absDirection.EAST: None, absDirection.SOUTH: (20, 17, 0, 30), absDirection.WEST: (19, 16, 0, 30)}
mazeAsGraph[0][17][17] = {absDirection.NORTH: (17, 17, 1, 60), absDirection.EAST: (18, 17, 0, 30), absDirection.SOUTH: (17, 18, 0, 30), absDirection.WEST: (16, 17, 0, 30)}
mazeAsGraph[0][17][20] = {absDirection.NORTH: (20, 16, 0, 30), absDirection.EAST: None, absDirection.SOUTH: (20, 18, 0, 30), absDirection.WEST: None}
mazeAsGraph[0][18][17] = {absDirection.NORTH: (17, 17, 0, 30), absDirection.EAST: (18, 18, 0, 30), absDirection.SOUTH: (17, 19, 0, 30), absDirection.WEST: (16, 18, 0, 30)}
mazeAsGraph[0][18][20] = {absDirection.NORTH: (20, 17, 0, 30), absDirection.EAST: None, absDirection.SOUTH: (20, 19, 0, 30), absDirection.WEST: None}
mazeAsGraph[0][19][15] = {absDirection.NORTH: None, absDirection.EAST: (16, 19, 0, 30), absDirection.SOUTH: (15, 20, 0, 30), absDirection.WEST: None}
mazeAsGraph[0][19][16] = {absDirection.NORTH: None, absDirection.EAST: None, absDirection.SOUTH: (16, 20, 0, 30), absDirection.WEST: (15, 19, 0, 30)}
mazeAsGraph[0][19][17] = {absDirection.NORTH: (17, 18, 0, 30), absDirection.EAST: (18, 19, 0, 30), absDirection.SOUTH: (17, 20, 0, 30), absDirection.WEST: None}
mazeAsGraph[0][19][18] = {absDirection.NORTH: (18, 18, 0, 30), absDirection.EAST: (19, 19, 0, 30), absDirection.SOUTH: None, absDirection.WEST: (17, 19, 0, 30)}
mazeAsGraph[0][19][19] = {absDirection.NORTH: (19, 18, 0, 30), absDirection.EAST: (20, 19, 0, 30), absDirection.SOUTH: None, absDirection.WEST: (18, 19, 0, 30)}
mazeAsGraph[0][19][20] = {absDirection.NORTH: (20, 18, 0, 30), absDirection.EAST: None, absDirection.SOUTH: (20, 20, 0, 30), absDirection.WEST: (19, 19, 0, 30)}
mazeAsGraph[0][20][15] = {absDirection.NORTH: (15, 19, 0, 30), absDirection.EAST: (16, 20, 0, 30), absDirection.SOUTH: None, absDirection.WEST: None}
mazeAsGraph[0][20][16] = {absDirection.NORTH: (16, 19, 0, 30), absDirection.EAST: (17, 20, 0, 30), absDirection.SOUTH: None, absDirection.WEST: (15, 20, 0, 30)}
mazeAsGraph[0][20][17] = {absDirection.NORTH: (17, 19, 0, 30), absDirection.EAST: None, absDirection.SOUTH: None, absDirection.WEST: (16, 20, 0, 30)}
mazeAsGraph[0][20][20] = {absDirection.NORTH: (20, 19, 0, 30), absDirection.EAST: None, absDirection.SOUTH: None, absDirection.WEST: None}
mazeAsGraph[1][17][17] = {absDirection.NORTH: None, absDirection.EAST: (18, 17, 1, 30), absDirection.SOUTH: (17, 17, 0, 60), absDirection.WEST: None}
mazeAsGraph[1][17][18] = {absDirection.NORTH: None, absDirection.EAST: (20, 15, 0, 60), absDirection.SOUTH: (18, 18, 1, 30), absDirection.WEST: (17, 17, 1, 30)}
2026-06-24 23:29:30,349 - mazeUtils.mazeMap - [mazeMap.py:61] - INFO - next goal: (18, 18, 0)
2026-06-24 23:29:30,358 - mazeUtils.moveTile - [moveTile.py:79] - DEBUG - Moving to absDirection.SOUTH from (16, 19, 0) facing absDirection.EAST
2026-06-24 23:29:30,384 - mazeUtils.moveTile - [moveTile.py:79] - DEBUG - current heading: 270.4 target: 180
2026-06-24 23:29:31,454 - mazeUtils.moveTile - [moveTile.py:426] - DEBUG - stopped turning at heading: 185.53999999999996, diff: 5.539999999999964
2026-06-24 23:29:31,508 - mazeUtils.moveTile - [moveTile.py:79] - DEBUG - Turned to heading: 181.95 deg
2026-06-24 23:29:31,680 - mazeUtils.moveTile - [moveTile.py:79] - DEBUG - Little backward to adjust position
2026-06-24 23:29:32,308 - mazeUtils.moveTile - [moveTile.py:1467] - DEBUG - Calculated target steps to next tile: 1 based on distance 30 cm
2026-06-24 23:29:32,317 - picamera2.picamera2 - [picamera2.py:1391] - DEBUG - Execute job: <picamera2.job.Job object at 0x7f8899fad0>
2026-06-24 23:29:32,320 - mazeUtils.device.camera - [camera.py:39] - DEBUG - Average HSV: H=110.3, S=215.9, V=180.4
2026-06-24 23:29:32,365 - mazeUtils.moveTile - [moveTile.py:79] - DEBUG - roll: 0.6700000000000159 deg, practicalMoveTime: 0.05690984320074793 sec
2026-06-24 23:29:32,365 - mazeUtils.moveTile - [moveTile.py:1763] - DEBUG - moveTile loop time: 56.1 ms
2026-06-24 23:29:32,372 - picamera2.picamera2 - [picamera2.py:1391] - DEBUG - Execute job: <picamera2.job.Job object at 0x7f8899fb10>
2026-06-24 23:29:32,376 - mazeUtils.device.camera - [camera.py:39] - DEBUG - Average HSV: H=110.6, S=214.0, V=177.0
2026-06-24 23:29:32,407 - mazeUtils.moveTile - [moveTile.py:79] - DEBUG - roll: 0.19999999999998863 deg, practicalMoveTime: 0.09828169147971572 sec
2026-06-24 23:29:32,407 - mazeUtils.moveTile - [moveTile.py:1763] - DEBUG - moveTile loop time: 41.7 ms
2026-06-24 23:29:32,413 - picamera2.picamera2 - [picamera2.py:1391] - DEBUG - Execute job: <picamera2.job.Job object at 0x7f8818c950>
2026-06-24 23:29:32,420 - mazeUtils.device.camera - [camera.py:39] - DEBUG - Average HSV: H=109.9, S=215.4, V=182.0
2026-06-24 23:29:32,460 - mazeUtils.moveTile - [moveTile.py:79] - DEBUG - roll: 0.5500000000000114 deg, practicalMoveTime: 0.1507402153847062 sec
2026-06-24 23:29:32,460 - mazeUtils.moveTile - [moveTile.py:1763] - DEBUG - moveTile loop time: 52.9 ms
2026-06-24 23:29:32,467 - picamera2.picamera2 - [picamera2.py:1391] - DEBUG - Execute job: <picamera2.job.Job object at 0x7f8899fad0>
2026-06-24 23:29:32,470 - mazeUtils.device.camera - [camera.py:39] - DEBUG - Average HSV: H=110.4, S=214.9, V=178.6
2026-06-24 23:29:32,503 - mazeUtils.moveTile - [moveTile.py:79] - DEBUG - roll: 0.03000000000002956 deg, practicalMoveTime: 0.19325975304878906 sec
2026-06-24 23:29:32,503 - mazeUtils.moveTile - [moveTile.py:1763] - DEBUG - moveTile loop time: 42.6 ms
2026-06-24 23:29:32,508 - picamera2.picamera2 - [picamera2.py:1391] - DEBUG - Execute job: <picamera2.job.Job object at 0x7f8899fb10>
2026-06-24 23:29:32,512 - mazeUtils.device.camera - [camera.py:39] - DEBUG - Average HSV: H=110.1, S=218.0, V=181.3
2026-06-24 23:29:32,544 - mazeUtils.moveTile - [moveTile.py:79] - DEBUG - roll: 0.22000000000002728 deg, practicalMoveTime: 0.23418871399596414 sec
2026-06-24 23:29:32,545 - mazeUtils.moveTile - [moveTile.py:1763] - DEBUG - moveTile loop time: 41.3 ms
2026-06-24 23:29:32,556 - picamera2.picamera2 - [picamera2.py:1391] - DEBUG - Execute job: <picamera2.job.Job object at 0x7f92ce35d0>
2026-06-24 23:29:32,558 - mazeUtils.device.camera - [camera.py:39] - DEBUG - Average HSV: H=109.9, S=220.1, V=184.4
2026-06-24 23:29:32,599 - mazeUtils.moveTile - [moveTile.py:79] - DEBUG - roll: 0.3199999999999932 deg, practicalMoveTime: 0.2877077171102871 sec
2026-06-24 23:29:32,599 - mazeUtils.moveTile - [moveTile.py:1763] - DEBUG - moveTile loop time: 53.8 ms
2026-06-24 23:29:32,610 - picamera2.picamera2 - [picamera2.py:1391] - DEBUG - Execute job: <picamera2.job.Job object at 0x7f92ce16d0>
2026-06-24 23:29:32,613 - mazeUtils.device.camera - [camera.py:39] - DEBUG - Average HSV: H=111.0, S=216.0, V=174.9
2026-06-24 23:29:32,646 - mazeUtils.moveTile - [moveTile.py:79] - DEBUG - roll: 0.5500000000000114 deg, practicalMoveTime: 0.33409966031571686 sec
2026-06-24 23:29:32,646 - mazeUtils.moveTile - [moveTile.py:1763] - DEBUG - moveTile loop time: 46.8 ms
2026-06-24 23:29:32,652 - picamera2.picamera2 - [picamera2.py:1391] - DEBUG - Execute job: <picamera2.job.Job object at 0x7f92ce1e10>
2026-06-24 23:29:32,656 - mazeUtils.device.camera - [camera.py:39] - DEBUG - Average HSV: H=110.5, S=216.4, V=176.3
2026-06-24 23:29:32,698 - mazeUtils.moveTile - [moveTile.py:79] - DEBUG - roll: 0.4700000000000273 deg, practicalMoveTime: 0.38581838293506376 sec
2026-06-24 23:29:32,698 - mazeUtils.moveTile - [moveTile.py:1763] - DEBUG - moveTile loop time: 52.0 ms
2026-06-24 23:29:32,702 - picamera2.picamera2 - [picamera2.py:1391] - DEBUG - Execute job: <picamera2.job.Job object at 0x7f92ce19d0>
2026-06-24 23:29:32,706 - mazeUtils.device.camera - [camera.py:39] - DEBUG - Average HSV: H=110.6, S=214.9, V=174.4
2026-06-24 23:29:32,750 - mazeUtils.moveTile - [moveTile.py:79] - DEBUG - roll: 0.9900000000000091 deg, practicalMoveTime: 0.4376189315040643 sec
2026-06-24 23:29:32,751 - mazeUtils.moveTile - [moveTile.py:1763] - DEBUG - moveTile loop time: 52.1 ms
2026-06-24 23:29:32,756 - picamera2.picamera2 - [picamera2.py:1391] - DEBUG - Execute job: <picamera2.job.Job object at 0x7f92ce16d0>
2026-06-24 23:29:32,760 - mazeUtils.device.camera - [camera.py:39] - DEBUG - Average HSV: H=110.4, S=215.3, V=176.0
2026-06-24 23:29:32,792 - mazeUtils.moveTile - [moveTile.py:79] - DEBUG - roll: 0.3199999999999932 deg, practicalMoveTime: 0.47922093965090923 sec
2026-06-24 23:29:32,793 - mazeUtils.moveTile - [moveTile.py:1763] - DEBUG - moveTile loop time: 42.1 ms
2026-06-24 23:29:32,798 - picamera2.picamera2 - [picamera2.py:1391] - DEBUG - Execute job: <picamera2.job.Job object at 0x7f92ce35d0>
2026-06-24 23:29:32,801 - mazeUtils.device.camera - [camera.py:39] - DEBUG - Average HSV: H=110.2, S=217.3, V=178.9
2026-06-24 23:29:32,839 - mazeUtils.moveTile - [moveTile.py:79] - DEBUG - roll: 0.14999999999997726 deg, practicalMoveTime: 0.5249415168908995 sec
2026-06-24 23:29:32,839 - mazeUtils.moveTile - [moveTile.py:1763] - DEBUG - moveTile loop time: 46.1 ms
2026-06-24 23:29:32,844 - picamera2.picamera2 - [picamera2.py:1391] - DEBUG - Execute job: <picamera2.job.Job object at 0x7f92ce1210>
2026-06-24 23:29:32,848 - mazeUtils.device.camera - [camera.py:39] - DEBUG - Average HSV: H=110.4, S=214.9, V=176.9
2026-06-24 23:29:32,882 - mazeUtils.moveTile - [moveTile.py:79] - DEBUG - roll: 0.8799999999999955 deg, practicalMoveTime: 0.5678322433027775 sec
2026-06-24 23:29:32,883 - mazeUtils.moveTile - [moveTile.py:1763] - DEBUG - moveTile loop time: 43.1 ms
2026-06-24 23:29:32,888 - picamera2.picamera2 - [picamera2.py:1391] - DEBUG - Execute job: <picamera2.job.Job object at 0x7f8899fad0>
2026-06-24 23:29:32,891 - mazeUtils.device.camera - [camera.py:39] - DEBUG - Average HSV: H=110.3, S=215.2, V=177.5
2026-06-24 23:29:32,930 - mazeUtils.moveTile - [moveTile.py:79] - DEBUG - roll: 0.29000000000002046 deg, practicalMoveTime: 0.615600782580842 sec
2026-06-24 23:29:32,931 - mazeUtils.moveTile - [moveTile.py:1763] - DEBUG - moveTile loop time: 48.0 ms
2026-06-24 23:29:32,942 - picamera2.picamera2 - [picamera2.py:1391] - DEBUG - Execute job: <picamera2.job.Job object at 0x7f77d93210>
2026-06-24 23:29:32,945 - mazeUtils.device.camera - [camera.py:39] - DEBUG - Average HSV: H=109.8, S=217.1, V=184.1
2026-06-24 23:29:32,983 - mazeUtils.moveTile - [moveTile.py:79] - DEBUG - roll: 0.5900000000000318 deg, practicalMoveTime: 0.667592621676092 sec
2026-06-24 23:29:32,983 - mazeUtils.moveTile - [moveTile.py:1763] - DEBUG - moveTile loop time: 51.8 ms
2026-06-24 23:29:32,991 - picamera2.picamera2 - [picamera2.py:1391] - DEBUG - Execute job: <picamera2.job.Job object at 0x7f92ce1210>
2026-06-24 23:29:32,995 - mazeUtils.device.camera - [camera.py:39] - DEBUG - Average HSV: H=109.8, S=218.2, V=186.5
2026-06-24 23:29:33,033 - mazeUtils.moveTile - [moveTile.py:79] - DEBUG - roll: 0.36000000000001364 deg, practicalMoveTime: 0.7173563739480276 sec
2026-06-24 23:29:33,034 - mazeUtils.moveTile - [moveTile.py:1763] - DEBUG - moveTile loop time: 50.2 ms
2026-06-24 23:29:33,038 - picamera2.picamera2 - [picamera2.py:1391] - DEBUG - Execute job: <picamera2.job.Job object at 0x7f8818c950>
2026-06-24 23:29:33,041 - mazeUtils.device.camera - [camera.py:39] - DEBUG - Average HSV: H=109.0, S=221.9, V=194.9
2026-06-24 23:29:33,073 - mazeUtils.moveTile - [moveTile.py:79] - DEBUG - roll: 359.25 deg, practicalMoveTime: 0.756200176833687 sec
2026-06-24 23:29:33,073 - mazeUtils.moveTile - [moveTile.py:1763] - DEBUG - moveTile loop time: 39.1 ms
2026-06-24 23:29:33,085 - picamera2.picamera2 - [picamera2.py:1391] - DEBUG - Execute job: <picamera2.job.Job object at 0x7f8899fb10>
2026-06-24 23:29:33,089 - mazeUtils.device.camera - [camera.py:39] - DEBUG - Average HSV: H=109.0, S=221.2, V=195.0
2026-06-24 23:29:33,122 - mazeUtils.moveTile - [moveTile.py:79] - DEBUG - roll: 0.2400000000000091 deg, practicalMoveTime: 0.805191139911802 sec
2026-06-24 23:29:33,123 - mazeUtils.moveTile - [moveTile.py:1763] - DEBUG - moveTile loop time: 49.3 ms
2026-06-24 23:29:33,128 - picamera2.picamera2 - [picamera2.py:1391] - DEBUG - Execute job: <picamera2.job.Job object at 0x7f8899fb10>
2026-06-24 23:29:33,131 - mazeUtils.device.camera - [camera.py:39] - DEBUG - Average HSV: H=108.5, S=225.1, V=200.1
2026-06-24 23:29:33,168 - mazeUtils.moveTile - [moveTile.py:1636] - INFO - practicalVerticalMove: 0.144126827590325 CM
2026-06-24 23:29:33,215 - mazeUtils.moveTile - [moveTile.py:79] - DEBUG - Little forward to adjust position
2026-06-24 23:29:33,651 - mazeUtils.moveTile - [moveTile.py:552] - DEBUG - Direction: absDirection.NORTH, Angle: 180, Distance: 52.67037939430079 cm
2026-06-24 23:29:33,652 - mazeUtils.moveTile - [moveTile.py:552] - DEBUG - Direction: absDirection.EAST, Angle: 90, Distance: 52.431077178713984 cm
2026-06-24 23:29:33,654 - mazeUtils.moveTile - [moveTile.py:552] - DEBUG - Direction: absDirection.SOUTH, Angle: 0, Distance: 13.111166137196896 cm
2026-06-24 23:29:33,655 - mazeUtils.moveTile - [moveTile.py:552] - DEBUG - Direction: absDirection.WEST, Angle: 270, Distance: 46.17503890973695 cm
2026-06-24 23:29:33,657 - mazeUtils.moveTile - [moveTile.py:2119] - INFO - Tile color detection, decided tile type: E
2026-06-24 23:29:33,731 - __main__ - [main.py:105] - INFO - Current position: (16, 20, 0), front direction: absDirection.SOUTH
Layer 0 (altitude=0.0cm, offset=(0.0cm, 0.0cm)):
Known map area: x=15..20, y=15..20
+   +   +   +   +   +---+
  U   U   U   U   U   E |
+   +   +   +   +   +   +
  U   U   U   U   U   E |
+   +   +   +   +   +   +
  U   U   E   U   U | E |
+   +   +   +   +   +   +
  U   U   E   U   U | E |
+---+---+   +   +   +   +
| E   E | E   E   E   E |
+   +   +   +---+---+   +
| E   @   E | U   U | E |
+---+---+---+   +   +---+
Layer 1 (altitude=15.0cm, offset=(0.0cm, -60.0cm)):
Known map area: x=17..18, y=17..17
+---+---+
| E   E  
+   +   +
mazeAsGraph[0][15][20] = {absDirection.NORTH: None, absDirection.EAST: None, absDirection.SOUTH: (20, 16, 0, 30), absDirection.WEST: (18, 17, 1, 60)}
mazeAsGraph[0][16][20] = {absDirection.NORTH: (20, 15, 0, 30), absDirection.EAST: None, absDirection.SOUTH: (20, 17, 0, 30), absDirection.WEST: (19, 16, 0, 30)}
mazeAsGraph[0][17][17] = {absDirection.NORTH: (17, 17, 1, 60), absDirection.EAST: (18, 17, 0, 30), absDirection.SOUTH: (17, 18, 0, 30), absDirection.WEST: (16, 17, 0, 30)}
mazeAsGraph[0][17][20] = {absDirection.NORTH: (20, 16, 0, 30), absDirection.EAST: None, absDirection.SOUTH: (20, 18, 0, 30), absDirection.WEST: None}
mazeAsGraph[0][18][17] = {absDirection.NORTH: (17, 17, 0, 30), absDirection.EAST: (18, 18, 0, 30), absDirection.SOUTH: (17, 19, 0, 30), absDirection.WEST: (16, 18, 0, 30)}
mazeAsGraph[0][18][20] = {absDirection.NORTH: (20, 17, 0, 30), absDirection.EAST: None, absDirection.SOUTH: (20, 19, 0, 30), absDirection.WEST: None}
mazeAsGraph[0][19][15] = {absDirection.NORTH: None, absDirection.EAST: (16, 19, 0, 30), absDirection.SOUTH: (15, 20, 0, 30), absDirection.WEST: None}
mazeAsGraph[0][19][16] = {absDirection.NORTH: None, absDirection.EAST: None, absDirection.SOUTH: (16, 20, 0, 30), absDirection.WEST: (15, 19, 0, 30)}
mazeAsGraph[0][19][17] = {absDirection.NORTH: (17, 18, 0, 30), absDirection.EAST: (18, 19, 0, 30), absDirection.SOUTH: (17, 20, 0, 30), absDirection.WEST: None}
mazeAsGraph[0][19][18] = {absDirection.NORTH: (18, 18, 0, 30), absDirection.EAST: (19, 19, 0, 30), absDirection.SOUTH: None, absDirection.WEST: (17, 19, 0, 30)}
mazeAsGraph[0][19][19] = {absDirection.NORTH: (19, 18, 0, 30), absDirection.EAST: (20, 19, 0, 30), absDirection.SOUTH: None, absDirection.WEST: (18, 19, 0, 30)}
mazeAsGraph[0][19][20] = {absDirection.NORTH: (20, 18, 0, 30), absDirection.EAST: None, absDirection.SOUTH: (20, 20, 0, 30), absDirection.WEST: (19, 19, 0, 30)}
mazeAsGraph[0][20][15] = {absDirection.NORTH: (15, 19, 0, 30), absDirection.EAST: (16, 20, 0, 30), absDirection.SOUTH: None, absDirection.WEST: None}
mazeAsGraph[0][20][16] = {absDirection.NORTH: (16, 19, 0, 30), absDirection.EAST: (17, 20, 0, 30), absDirection.SOUTH: None, absDirection.WEST: (15, 20, 0, 30)}
mazeAsGraph[0][20][17] = {absDirection.NORTH: (17, 19, 0, 30), absDirection.EAST: None, absDirection.SOUTH: None, absDirection.WEST: (16, 20, 0, 30)}
mazeAsGraph[0][20][20] = {absDirection.NORTH: (20, 19, 0, 30), absDirection.EAST: None, absDirection.SOUTH: None, absDirection.WEST: None}
mazeAsGraph[1][17][17] = {absDirection.NORTH: None, absDirection.EAST: (18, 17, 1, 30), absDirection.SOUTH: (17, 17, 0, 60), absDirection.WEST: None}
mazeAsGraph[1][17][18] = {absDirection.NORTH: None, absDirection.EAST: (20, 15, 0, 60), absDirection.SOUTH: (18, 18, 1, 30), absDirection.WEST: (17, 17, 1, 30)}
2026-06-24 23:29:33,749 - mazeUtils.moveTile - [moveTile.py:79] - DEBUG - Moving to absDirection.EAST from (16, 20, 0) facing absDirection.SOUTH
2026-06-24 23:29:33,758 - mazeUtils.moveTile - [moveTile.py:79] - DEBUG - Turning to 270 deg, current heading: 179.98999999999998 deg, turnAngle: -90.01000000000002 deg
2026-06-24 23:29:33,784 - mazeUtils.moveTile - [moveTile.py:79] - DEBUG - gyro:179.95999999999998 deg, derivative: -0.030000000000001137, turnSpeed: -100
2026-06-24 23:29:33,809 - mazeUtils.moveTile - [moveTile.py:79] - DEBUG - gyro:180.04999999999998 deg, derivative: 0.09000000000000341, turnSpeed: -100
2026-06-24 23:29:33,835 - mazeUtils.moveTile - [moveTile.py:79] - DEBUG - gyro:180.15999999999997 deg, derivative: 0.10999999999998522, turnSpeed: -100
2026-06-24 23:29:33,864 - mazeUtils.moveTile - [moveTile.py:79] - DEBUG - gyro:180.26 deg, derivative: 0.10000000000002274, turnSpeed: -100
2026-06-24 23:29:33,891 - mazeUtils.moveTile - [moveTile.py:79] - DEBUG - gyro:180.98 deg, derivative: 0.7199999999999989, turnSpeed: -100
2026-06-24 23:29:33,917 - mazeUtils.moveTile - [moveTile.py:79] - DEBUG - gyro:184.80999999999997 deg, derivative: 3.829999999999984, turnSpeed: -100
2026-06-24 23:29:33,941 - mazeUtils.moveTile - [moveTile.py:79] - DEBUG - gyro:188.33999999999997 deg, derivative: 3.530000000000001, turnSpeed: -100
2026-06-24 23:29:33,970 - mazeUtils.moveTile - [moveTile.py:79] - DEBUG - gyro:192.26999999999998 deg, derivative: 3.930000000000007, turnSpeed: -100
2026-06-24 23:29:33,993 - mazeUtils.moveTile - [moveTile.py:79] - DEBUG - gyro:195.51999999999998 deg, derivative: 3.25, turnSpeed: -100
2026-06-24 23:29:34,030 - mazeUtils.moveTile - [moveTile.py:79] - DEBUG - gyro:198.79999999999998 deg, derivative: 3.280000000000001, turnSpeed: -100
2026-06-24 23:29:34,054 - mazeUtils.moveTile - [moveTile.py:79] - DEBUG - gyro:202.03999999999996 deg, derivative: 3.2399999999999807, turnSpeed: -100
2026-06-24 23:29:34,078 - mazeUtils.moveTile - [moveTile.py:79] - DEBUG - gyro:205.90999999999997 deg, derivative: 3.8700000000000045, turnSpeed: -100
2026-06-24 23:29:34,101 - mazeUtils.moveTile - [moveTile.py:79] - DEBUG - gyro:210.21999999999997 deg, derivative: 4.310000000000002, turnSpeed: -100
2026-06-24 23:29:34,125 - mazeUtils.moveTile - [moveTile.py:79] - DEBUG - gyro:212.92 deg, derivative: 2.700000000000017, turnSpeed: -100
2026-06-24 23:29:34,150 - mazeUtils.moveTile - [moveTile.py:79] - DEBUG - gyro:215.83999999999997 deg, derivative: 2.9199999999999875, turnSpeed: -100
2026-06-24 23:29:34,176 - mazeUtils.moveTile - [moveTile.py:79] - DEBUG - gyro:218.68999999999997 deg, derivative: 2.8499999999999943, turnSpeed: -100
2026-06-24 23:29:34,200 - mazeUtils.moveTile - [moveTile.py:79] - DEBUG - gyro:223.06999999999996 deg, derivative: 4.3799999999999955, turnSpeed: -93.86000000000007
2026-06-24 23:29:34,228 - mazeUtils.moveTile - [moveTile.py:79] - DEBUG - gyro:226.99999999999997 deg, derivative: 3.930000000000007, turnSpeed: -86.00000000000006
2026-06-24 23:29:34,257 - mazeUtils.moveTile - [moveTile.py:79] - DEBUG - gyro:229.85999999999999 deg, derivative: 2.8600000000000136, turnSpeed: -80.28000000000003
2026-06-24 23:29:34,281 - mazeUtils.moveTile - [moveTile.py:79] - DEBUG - gyro:233.56999999999996 deg, derivative: 3.7099999999999795, turnSpeed: -72.86000000000007
2026-06-24 23:29:34,305 - mazeUtils.moveTile - [moveTile.py:79] - DEBUG - gyro:236.76 deg, derivative: 3.190000000000026, turnSpeed: -66.48000000000002
2026-06-24 23:29:34,334 - mazeUtils.moveTile - [moveTile.py:79] - DEBUG - gyro:239.82999999999998 deg, derivative: 3.069999999999993, turnSpeed: -60.34000000000003
2026-06-24 23:29:34,363 - mazeUtils.moveTile - [moveTile.py:79] - DEBUG - gyro:241.12999999999997 deg, derivative: 1.299999999999983, turnSpeed: -57.740000000000066
2026-06-24 23:29:34,391 - mazeUtils.moveTile - [moveTile.py:79] - DEBUG - gyro:243.39999999999998 deg, derivative: 2.2700000000000102, turnSpeed: -53.200000000000045
2026-06-24 23:29:34,418 - mazeUtils.moveTile - [moveTile.py:79] - DEBUG - gyro:247.30999999999997 deg, derivative: 3.9099999999999966, turnSpeed: -45.38000000000005
2026-06-24 23:29:34,443 - mazeUtils.moveTile - [moveTile.py:79] - DEBUG - gyro:248.87999999999997 deg, derivative: 1.5699999999999932, turnSpeed: -42.240000000000066
2026-06-24 23:29:34,467 - mazeUtils.moveTile - [moveTile.py:79] - DEBUG - gyro:250.39999999999998 deg, derivative: 1.5200000000000102, turnSpeed: -39.200000000000045
2026-06-24 23:29:34,490 - mazeUtils.moveTile - [moveTile.py:79] - DEBUG - gyro:252.14 deg, derivative: 1.740000000000009, turnSpeed: -35.72000000000003
2026-06-24 23:29:34,512 - mazeUtils.moveTile - [moveTile.py:79] - DEBUG - gyro:253.62999999999997 deg, derivative: 1.4899999999999807, turnSpeed: -32.740000000000066
2026-06-24 23:29:34,543 - mazeUtils.moveTile - [moveTile.py:79] - DEBUG - gyro:254.93999999999997 deg, derivative: 1.3100000000000023, turnSpeed: -30.12000000000006
2026-06-24 23:29:34,567 - mazeUtils.moveTile - [moveTile.py:79] - DEBUG - gyro:256.09 deg, derivative: 1.1500000000000057, turnSpeed: -27.82000000000005
2026-06-24 23:29:34,594 - mazeUtils.moveTile - [moveTile.py:79] - DEBUG - gyro:257.76 deg, derivative: 1.670000000000016, turnSpeed: -24.480000000000018
2026-06-24 23:29:34,619 - mazeUtils.moveTile - [moveTile.py:79] - DEBUG - gyro:258.85999999999996 deg, derivative: 1.099999999999966, turnSpeed: -22.280000000000086
2026-06-24 23:29:34,642 - mazeUtils.moveTile - [moveTile.py:79] - DEBUG - gyro:259.85999999999996 deg, derivative: 1.0, turnSpeed: -20.280000000000086
2026-06-24 23:29:34,664 - mazeUtils.moveTile - [moveTile.py:79] - DEBUG - gyro:261.28 deg, derivative: 1.420000000000016, turnSpeed: -17.440000000000055
2026-06-24 23:29:34,690 - mazeUtils.moveTile - [moveTile.py:79] - DEBUG - gyro:262.32 deg, derivative: 1.0400000000000205, turnSpeed: -15.360000000000014
2026-06-24 23:29:34,715 - mazeUtils.moveTile - [moveTile.py:79] - DEBUG - gyro:263.12 deg, derivative: 0.8000000000000114, turnSpeed: -13.759999999999991
2026-06-24 23:29:34,739 - mazeUtils.moveTile - [moveTile.py:79] - DEBUG - gyro:263.67999999999995 deg, derivative: 0.5599999999999454, turnSpeed: -12.6400000000001
2026-06-24 23:29:34,765 - mazeUtils.moveTile - [moveTile.py:79] - DEBUG - gyro:264.03 deg, derivative: 0.35000000000002274, turnSpeed: -11.940000000000055
2026-06-24 23:29:34,789 - mazeUtils.moveTile - [moveTile.py:79] - DEBUG - gyro:264.32 deg, derivative: 0.29000000000002046, turnSpeed: -11.360000000000014
2026-06-24 23:29:34,824 - mazeUtils.moveTile - [moveTile.py:79] - DEBUG - gyro:264.51 deg, derivative: 0.18999999999999773, turnSpeed: -10.980000000000018
2026-06-24 23:29:34,853 - mazeUtils.moveTile - [moveTile.py:79] - DEBUG - gyro:264.87 deg, derivative: 0.36000000000001364, turnSpeed: -10.259999999999991
2026-06-24 23:29:34,885 - mazeUtils.moveTile - [moveTile.py:79] - DEBUG - gyro:265.33 deg, derivative: 0.45999999999997954, turnSpeed: -9.340000000000032
2026-06-24 23:29:34,909 - mazeUtils.moveTile - [moveTile.py:79] - DEBUG - gyro:265.62 deg, derivative: 0.29000000000002046, turnSpeed: -8.759999999999991
2026-06-24 23:29:34,934 - mazeUtils.moveTile - [moveTile.py:79] - DEBUG - gyro:265.96999999999997 deg, derivative: 0.3499999999999659, turnSpeed: -8.06000000000006
2026-06-24 23:29:34,958 - mazeUtils.moveTile - [moveTile.py:79] - DEBUG - gyro:266.4 deg, derivative: 0.4300000000000068, turnSpeed: -7.2000000000000455
2026-06-24 23:29:34,982 - mazeUtils.moveTile - [moveTile.py:79] - DEBUG - gyro:266.59999999999997 deg, derivative: 0.19999999999998863, turnSpeed: -6.800000000000068
2026-06-24 23:29:35,005 - mazeUtils.moveTile - [moveTile.py:79] - DEBUG - gyro:266.87 deg, derivative: 0.27000000000003865, turnSpeed: -6.259999999999991
2026-06-24 23:29:35,033 - mazeUtils.moveTile - [moveTile.py:79] - DEBUG - gyro:267.09999999999997 deg, derivative: 0.22999999999996135, turnSpeed: -5.800000000000068
2026-06-24 23:29:35,056 - mazeUtils.moveTile - [moveTile.py:79] - DEBUG - gyro:267.32 deg, derivative: 0.22000000000002728, turnSpeed: -5.360000000000014
2026-06-24 23:29:35,083 - mazeUtils.moveTile - [moveTile.py:79] - DEBUG - gyro:267.51 deg, derivative: 0.18999999999999773, turnSpeed: -4.980000000000018
2026-06-24 23:29:35,110 - mazeUtils.moveTile - [moveTile.py:79] - DEBUG - gyro:267.77 deg, derivative: 0.2599999999999909, turnSpeed: -4.460000000000036
2026-06-24 23:29:35,133 - mazeUtils.moveTile - [moveTile.py:79] - DEBUG - gyro:267.9 deg, derivative: 0.12999999999999545, turnSpeed: -4.2000000000000455
2026-06-24 23:29:35,160 - mazeUtils.moveTile - [moveTile.py:79] - DEBUG - gyro:268.06 deg, derivative: 0.160000000000025, turnSpeed: -3.8799999999999955
2026-06-24 23:29:35,178 - mazeUtils.moveTile - [moveTile.py:79] - DEBUG - Turned to heading: 268.06 deg
2026-06-24 23:29:35,399 - mazeUtils.moveTile - [moveTile.py:1467] - DEBUG - Calculated target steps to next tile: 1 based on distance 30 cm
2026-06-24 23:29:35,407 - picamera2.picamera2 - [picamera2.py:1391] - DEBUG - Execute job: <picamera2.job.Job object at 0x7fa4c76cd0>
2026-06-24 23:29:35,411 - mazeUtils.device.camera - [camera.py:39] - DEBUG - Average HSV: H=114.6, S=147.7, V=157.6
2026-06-24 23:29:35,449 - mazeUtils.moveTile - [moveTile.py:79] - DEBUG - roll: 359.02 deg, practicalMoveTime: 0.04987506709888504 sec
2026-06-24 23:29:35,449 - mazeUtils.moveTile - [moveTile.py:1763] - DEBUG - moveTile loop time: 48.6 ms
2026-06-24 23:29:35,455 - picamera2.picamera2 - [picamera2.py:1391] - DEBUG - Execute job: <picamera2.job.Job object at 0x7fa4c43890>
2026-06-24 23:29:35,458 - mazeUtils.device.camera - [camera.py:39] - DEBUG - Average HSV: H=115.1, S=143.3, V=155.0
2026-06-24 23:29:35,490 - mazeUtils.moveTile - [moveTile.py:79] - DEBUG - roll: 359.73 deg, practicalMoveTime: 0.09082047455399322 sec
2026-06-24 23:29:35,491 - mazeUtils.moveTile - [moveTile.py:1763] - DEBUG - moveTile loop time: 41.2 ms
2026-06-24 23:29:35,496 - picamera2.picamera2 - [picamera2.py:1391] - DEBUG - Execute job: <picamera2.job.Job object at 0x7fb83692d0>
2026-06-24 23:29:35,499 - mazeUtils.device.camera - [camera.py:39] - DEBUG - Average HSV: H=114.6, S=145.0, V=158.8
2026-06-24 23:29:35,536 - mazeUtils.moveTile - [moveTile.py:79] - DEBUG - roll: 358.05 deg, practicalMoveTime: 0.1360868247369287 sec
2026-06-24 23:29:35,536 - mazeUtils.moveTile - [moveTile.py:1763] - DEBUG - moveTile loop time: 45.5 ms
2026-06-24 23:29:35,542 - picamera2.picamera2 - [picamera2.py:1391] - DEBUG - Execute job: <picamera2.job.Job object at 0x7f92cfce90>
2026-06-24 23:29:35,546 - mazeUtils.device.camera - [camera.py:39] - DEBUG - Average HSV: H=114.6, S=145.9, V=163.5
2026-06-24 23:29:35,585 - mazeUtils.moveTile - [moveTile.py:79] - DEBUG - roll: 359.03000000000003 deg, practicalMoveTime: 0.18411537288480553 sec
2026-06-24 23:29:35,586 - mazeUtils.moveTile - [moveTile.py:1763] - DEBUG - moveTile loop time: 49.0 ms
2026-06-24 23:29:35,597 - picamera2.picamera2 - [picamera2.py:1391] - DEBUG - Execute job: <picamera2.job.Job object at 0x7fa4c42d10>
2026-06-24 23:29:35,602 - mazeUtils.device.camera - [camera.py:39] - DEBUG - Average HSV: H=114.5, S=148.0, V=165.8
2026-06-24 23:29:35,639 - mazeUtils.moveTile - [moveTile.py:79] - DEBUG - roll: 358.59000000000003 deg, practicalMoveTime: 0.23685202626325724 sec
2026-06-24 23:29:35,640 - mazeUtils.moveTile - [moveTile.py:1763] - DEBUG - moveTile loop time: 53.4 ms
2026-06-24 23:29:35,652 - picamera2.picamera2 - [picamera2.py:1391] - DEBUG - Execute job: <picamera2.job.Job object at 0x7fa4c43d90>
2026-06-24 23:29:35,657 - mazeUtils.device.camera - [camera.py:39] - DEBUG - Average HSV: H=114.8, S=142.8, V=165.3
2026-06-24 23:29:35,695 - mazeUtils.moveTile - [moveTile.py:79] - DEBUG - roll: 359.59000000000003 deg, practicalMoveTime: 0.2921979150627477 sec
2026-06-24 23:29:35,696 - mazeUtils.moveTile - [moveTile.py:1763] - DEBUG - moveTile loop time: 55.3 ms
2026-06-24 23:29:35,707 - picamera2.picamera2 - [picamera2.py:1391] - DEBUG - Execute job: <picamera2.job.Job object at 0x7fa4c42d10>
2026-06-24 23:29:35,712 - mazeUtils.device.camera - [camera.py:39] - DEBUG - Average HSV: H=115.3, S=139.7, V=165.2
2026-06-24 23:29:35,749 - mazeUtils.moveTile - [moveTile.py:79] - DEBUG - roll: 358.9 deg, practicalMoveTime: 0.3450628336844085 sec
2026-06-24 23:29:35,750 - mazeUtils.moveTile - [moveTile.py:1763] - DEBUG - moveTile loop time: 53.6 ms
2026-06-24 23:29:35,761 - picamera2.picamera2 - [picamera2.py:1391] - DEBUG - Execute job: <picamera2.job.Job object at 0x7f8899fb10>
2026-06-24 23:29:35,766 - mazeUtils.device.camera - [camera.py:39] - DEBUG - Average HSV: H=114.2, S=144.6, V=170.6
2026-06-24 23:29:35,800 - mazeUtils.moveTile - [moveTile.py:79] - DEBUG - roll: 359.33 deg, practicalMoveTime: 0.3956248354805572 sec
2026-06-24 23:29:35,801 - mazeUtils.moveTile - [moveTile.py:1763] - DEBUG - moveTile loop time: 50.7 ms
2026-06-24 23:29:35,805 - picamera2.picamera2 - [picamera2.py:1391] - DEBUG - Execute job: <picamera2.job.Job object at 0x7fac358e50>
2026-06-24 23:29:35,810 - mazeUtils.device.camera - [camera.py:39] - DEBUG - Average HSV: H=114.6, S=143.2, V=169.6
2026-06-24 23:29:35,848 - mazeUtils.moveTile - [moveTile.py:79] - DEBUG - roll: 358.97 deg, practicalMoveTime: 0.44280111618928253 sec
2026-06-24 23:29:35,849 - mazeUtils.moveTile - [moveTile.py:1763] - DEBUG - moveTile loop time: 47.5 ms
2026-06-24 23:29:35,856 - picamera2.picamera2 - [picamera2.py:1391] - DEBUG - Execute job: <picamera2.job.Job object at 0x7fa4c43650>
2026-06-24 23:29:35,865 - mazeUtils.device.camera - [camera.py:39] - DEBUG - Average HSV: H=114.5, S=141.0, V=173.5
2026-06-24 23:29:35,897 - mazeUtils.moveTile - [moveTile.py:79] - DEBUG - roll: 359.18 deg, practicalMoveTime: 0.4902362332273772 sec
2026-06-24 23:29:35,897 - mazeUtils.moveTile - [moveTile.py:1763] - DEBUG - moveTile loop time: 47.9 ms
2026-06-24 23:29:35,904 - picamera2.picamera2 - [picamera2.py:1391] - DEBUG - Execute job: <picamera2.job.Job object at 0x7fabeb9cd0>
2026-06-24 23:29:35,908 - mazeUtils.device.camera - [camera.py:39] - DEBUG - Average HSV: H=114.6, S=141.4, V=175.1
2026-06-24 23:29:35,946 - mazeUtils.moveTile - [moveTile.py:79] - DEBUG - roll: 359.03000000000003 deg, practicalMoveTime: 0.5390409621859337 sec
2026-06-24 23:29:35,947 - mazeUtils.moveTile - [moveTile.py:1763] - DEBUG - moveTile loop time: 48.8 ms
2026-06-24 23:29:35,957 - picamera2.picamera2 - [picamera2.py:1391] - DEBUG - Execute job: <picamera2.job.Job object at 0x7f92cfce90>
2026-06-24 23:29:35,961 - mazeUtils.device.camera - [camera.py:39] - DEBUG - Average HSV: H=113.7, S=144.9, V=181.2
2026-06-24 23:29:36,000 - mazeUtils.moveTile - [moveTile.py:79] - DEBUG - roll: 358.51 deg, practicalMoveTime: 0.5917508053481967 sec
2026-06-24 23:29:36,000 - mazeUtils.moveTile - [moveTile.py:1763] - DEBUG - moveTile loop time: 52.6 ms
2026-06-24 23:29:36,014 - picamera2.picamera2 - [picamera2.py:1391] - DEBUG - Execute job: <picamera2.job.Job object at 0x7f92cfc050>
2026-06-24 23:29:36,017 - mazeUtils.device.camera - [camera.py:39] - DEBUG - Average HSV: H=113.0, S=147.2, V=189.8
2026-06-24 23:29:36,052 - mazeUtils.moveTile - [moveTile.py:79] - DEBUG - roll: 358.69 deg, practicalMoveTime: 0.6440283813764586 sec
2026-06-24 23:29:36,053 - mazeUtils.moveTile - [moveTile.py:1763] - DEBUG - moveTile loop time: 52.6 ms
2026-06-24 23:29:36,058 - picamera2.picamera2 - [picamera2.py:1391] - DEBUG - Execute job: <picamera2.job.Job object at 0x7fa4c43ad0>
2026-06-24 23:29:36,061 - mazeUtils.device.camera - [camera.py:39] - DEBUG - Average HSV: H=115.0, S=92.1, V=208.9
2026-06-24 23:29:36,102 - mazeUtils.moveTile - [moveTile.py:79] - DEBUG - roll: 358.76 deg, practicalMoveTime: 0.6933098374813564 sec
2026-06-24 23:29:36,103 - mazeUtils.moveTile - [moveTile.py:1763] - DEBUG - moveTile loop time: 49.4 ms
2026-06-24 23:29:36,108 - picamera2.picamera2 - [picamera2.py:1391] - DEBUG - Execute job: <picamera2.job.Job object at 0x7fa4c43d90>
2026-06-24 23:29:36,111 - mazeUtils.device.camera - [camera.py:39] - DEBUG - Average HSV: H=114.2, S=91.3, V=213.6
2026-06-24 23:29:36,151 - mazeUtils.moveTile - [moveTile.py:79] - DEBUG - roll: 358.03000000000003 deg, practicalMoveTime: 0.7410451934961467 sec
2026-06-24 23:29:36,151 - mazeUtils.moveTile - [moveTile.py:1763] - DEBUG - moveTile loop time: 48.2 ms
2026-06-24 23:29:36,157 - picamera2.picamera2 - [picamera2.py:1391] - DEBUG - Execute job: <picamera2.job.Job object at 0x7f92cfce10>
2026-06-24 23:29:36,161 - mazeUtils.device.camera - [camera.py:39] - DEBUG - Average HSV: H=113.5, S=96.3, V=217.8
2026-06-24 23:29:36,194 - mazeUtils.moveTile - [moveTile.py:79] - DEBUG - roll: 0.009999999999990905 deg, practicalMoveTime: 0.7839477734744594 sec
2026-06-24 23:29:36,195 - mazeUtils.moveTile - [moveTile.py:1763] - DEBUG - moveTile loop time: 43.1 ms
2026-06-24 23:29:36,200 - picamera2.picamera2 - [picamera2.py:1391] - DEBUG - Execute job: <picamera2.job.Job object at 0x7f92cfce10>
2026-06-24 23:29:36,203 - mazeUtils.device.camera - [camera.py:39] - DEBUG - Average HSV: H=111.7, S=132.6, V=217.1
2026-06-24 23:29:36,241 - mazeUtils.moveTile - [moveTile.py:79] - DEBUG - roll: 359.01 deg, practicalMoveTime: 0.830430909246608 sec
2026-06-24 23:29:36,242 - mazeUtils.moveTile - [moveTile.py:1763] - DEBUG - moveTile loop time: 46.7 ms
2026-06-24 23:29:36,252 - picamera2.picamera2 - [picamera2.py:1391] - DEBUG - Execute job: <picamera2.job.Job object at 0x7f92cfce10>
2026-06-24 23:29:36,256 - mazeUtils.device.camera - [camera.py:39] - DEBUG - Average HSV: H=114.9, S=94.4, V=221.2
2026-06-24 23:29:36,299 - mazeUtils.moveTile - [moveTile.py:1636] - INFO - practicalVerticalMove: -0.6238345382424058 CM
2026-06-24 23:29:36,345 - mazeUtils.moveTile - [moveTile.py:79] - DEBUG - Little forward to adjust position
2026-06-24 23:29:36,738 - mazeUtils.moveTile - [moveTile.py:552] - DEBUG - Direction: absDirection.NORTH, Angle: 90, Distance: 166.37664530141794 cm
2026-06-24 23:29:36,739 - mazeUtils.moveTile - [moveTile.py:552] - DEBUG - Direction: absDirection.EAST, Angle: 0, Distance: 13.269244742211455 cm
2026-06-24 23:29:36,740 - mazeUtils.moveTile - [moveTile.py:552] - DEBUG - Direction: absDirection.SOUTH, Angle: 270, Distance: 19.652053686228154 cm
2026-06-24 23:29:36,741 - mazeUtils.moveTile - [moveTile.py:552] - DEBUG - Direction: absDirection.WEST, Angle: 180, Distance: 83.21978104700362 cm
2026-06-24 23:29:36,743 - mazeUtils.moveTile - [moveTile.py:2119] - INFO - Tile color detection, decided tile type: E
2026-06-24 23:29:36,816 - __main__ - [main.py:105] - INFO - Current position: (17, 20, 0), front direction: absDirection.EAST
Layer 0 (altitude=0.0cm, offset=(0.0cm, 0.0cm)):
Known map area: x=15..20, y=15..20
+   +   +   +   +   +---+
  U   U   U   U   U   E |
+   +   +   +   +   +   +
  U   U   U   U   U   E |
+   +   +   +   +   +   +
  U   U   E   U   U | E |
+   +   +   +   +   +   +
  U   U   E   U   U | E |
+---+---+   +   +   +   +
| E   E | E   E   E   E |
+   +   +   +---+---+   +
| E   E   @ | U   U | E |
+---+---+---+   +   +---+
Layer 1 (altitude=15.0cm, offset=(0.0cm, -60.0cm)):
Known map area: x=17..18, y=17..17
+---+---+
| E   E  
+   +   +
mazeAsGraph[0][15][20] = {absDirection.NORTH: None, absDirection.EAST: None, absDirection.SOUTH: (20, 16, 0, 30), absDirection.WEST: (18, 17, 1, 60)}
mazeAsGraph[0][16][20] = {absDirection.NORTH: (20, 15, 0, 30), absDirection.EAST: None, absDirection.SOUTH: (20, 17, 0, 30), absDirection.WEST: (19, 16, 0, 30)}
mazeAsGraph[0][17][17] = {absDirection.NORTH: (17, 17, 1, 60), absDirection.EAST: (18, 17, 0, 30), absDirection.SOUTH: (17, 18, 0, 30), absDirection.WEST: (16, 17, 0, 30)}
mazeAsGraph[0][17][20] = {absDirection.NORTH: (20, 16, 0, 30), absDirection.EAST: None, absDirection.SOUTH: (20, 18, 0, 30), absDirection.WEST: None}
mazeAsGraph[0][18][17] = {absDirection.NORTH: (17, 17, 0, 30), absDirection.EAST: (18, 18, 0, 30), absDirection.SOUTH: (17, 19, 0, 30), absDirection.WEST: (16, 18, 0, 30)}
mazeAsGraph[0][18][20] = {absDirection.NORTH: (20, 17, 0, 30), absDirection.EAST: None, absDirection.SOUTH: (20, 19, 0, 30), absDirection.WEST: None}
mazeAsGraph[0][19][15] = {absDirection.NORTH: None, absDirection.EAST: (16, 19, 0, 30), absDirection.SOUTH: (15, 20, 0, 30), absDirection.WEST: None}
mazeAsGraph[0][19][16] = {absDirection.NORTH: None, absDirection.EAST: None, absDirection.SOUTH: (16, 20, 0, 30), absDirection.WEST: (15, 19, 0, 30)}
mazeAsGraph[0][19][17] = {absDirection.NORTH: (17, 18, 0, 30), absDirection.EAST: (18, 19, 0, 30), absDirection.SOUTH: (17, 20, 0, 30), absDirection.WEST: None}
mazeAsGraph[0][19][18] = {absDirection.NORTH: (18, 18, 0, 30), absDirection.EAST: (19, 19, 0, 30), absDirection.SOUTH: None, absDirection.WEST: (17, 19, 0, 30)}
mazeAsGraph[0][19][19] = {absDirection.NORTH: (19, 18, 0, 30), absDirection.EAST: (20, 19, 0, 30), absDirection.SOUTH: None, absDirection.WEST: (18, 19, 0, 30)}
mazeAsGraph[0][19][20] = {absDirection.NORTH: (20, 18, 0, 30), absDirection.EAST: None, absDirection.SOUTH: (20, 20, 0, 30), absDirection.WEST: (19, 19, 0, 30)}
mazeAsGraph[0][20][15] = {absDirection.NORTH: (15, 19, 0, 30), absDirection.EAST: (16, 20, 0, 30), absDirection.SOUTH: None, absDirection.WEST: None}
mazeAsGraph[0][20][16] = {absDirection.NORTH: (16, 19, 0, 30), absDirection.EAST: (17, 20, 0, 30), absDirection.SOUTH: None, absDirection.WEST: (15, 20, 0, 30)}
mazeAsGraph[0][20][17] = {absDirection.NORTH: (17, 19, 0, 30), absDirection.EAST: None, absDirection.SOUTH: None, absDirection.WEST: (16, 20, 0, 30)}
mazeAsGraph[0][20][20] = {absDirection.NORTH: (20, 19, 0, 30), absDirection.EAST: None, absDirection.SOUTH: None, absDirection.WEST: None}
mazeAsGraph[1][17][17] = {absDirection.NORTH: None, absDirection.EAST: (18, 17, 1, 30), absDirection.SOUTH: (17, 17, 0, 60), absDirection.WEST: None}
mazeAsGraph[1][17][18] = {absDirection.NORTH: None, absDirection.EAST: (20, 15, 0, 60), absDirection.SOUTH: (18, 18, 1, 30), absDirection.WEST: (17, 17, 1, 30)}
2026-06-24 23:29:36,830 - mazeUtils.moveTile - [moveTile.py:79] - DEBUG - Moving to absDirection.NORTH from (17, 20, 0) facing absDirection.EAST
2026-06-24 23:29:36,855 - mazeUtils.moveTile - [moveTile.py:79] - DEBUG - current heading: 271.9 target: 0
2026-06-24 23:29:37,881 - mazeUtils.moveTile - [moveTile.py:426] - DEBUG - stopped turning at heading: 355.69, diff: 4.310000000000002
2026-06-24 23:29:37,935 - mazeUtils.moveTile - [moveTile.py:79] - DEBUG - Turned to heading: 358.46999999999997 deg
2026-06-24 23:29:38,101 - mazeUtils.moveTile - [moveTile.py:79] - DEBUG - Little backward to adjust position
2026-06-24 23:29:38,593 - mazeUtils.moveTile - [moveTile.py:1467] - DEBUG - Calculated target steps to next tile: 1 based on distance 30 cm
2026-06-24 23:29:38,597 - picamera2.picamera2 - [picamera2.py:1391] - DEBUG - Execute job: <picamera2.job.Job object at 0x7f93d6bf10>
2026-06-24 23:29:38,601 - mazeUtils.device.camera - [camera.py:39] - DEBUG - Average HSV: H=112.2, S=164.3, V=195.2
2026-06-24 23:29:38,646 - mazeUtils.moveTile - [moveTile.py:79] - DEBUG - roll: 358.35 deg, practicalMoveTime: 0.05278585477380344 sec
2026-06-24 23:29:38,646 - mazeUtils.moveTile - [moveTile.py:1763] - DEBUG - moveTile loop time: 52.4 ms
2026-06-24 23:29:38,654 - picamera2.picamera2 - [picamera2.py:1391] - DEBUG - Execute job: <picamera2.job.Job object at 0x7fa4c76cd0>
2026-06-24 23:29:38,657 - mazeUtils.device.camera - [camera.py:39] - DEBUG - Average HSV: H=112.4, S=163.1, V=193.9
2026-06-24 23:29:38,698 - mazeUtils.moveTile - [moveTile.py:79] - DEBUG - roll: 359.44 deg, practicalMoveTime: 0.10469707373743617 sec
2026-06-24 23:29:38,699 - mazeUtils.moveTile - [moveTile.py:1763] - DEBUG - moveTile loop time: 52.3 ms
2026-06-24 23:29:38,704 - picamera2.picamera2 - [picamera2.py:1391] - DEBUG - Execute job: <picamera2.job.Job object at 0x7fa4c76cd0>
2026-06-24 23:29:38,707 - mazeUtils.device.camera - [camera.py:39] - DEBUG - Average HSV: H=112.4, S=163.3, V=194.7
2026-06-24 23:29:38,746 - mazeUtils.moveTile - [moveTile.py:79] - DEBUG - roll: 0.5699999999999932 deg, practicalMoveTime: 0.15202933760481246 sec
2026-06-24 23:29:38,747 - mazeUtils.moveTile - [moveTile.py:1763] - DEBUG - moveTile loop time: 47.7 ms
2026-06-24 23:29:38,752 - picamera2.picamera2 - [picamera2.py:1391] - DEBUG - Execute job: <picamera2.job.Job object at 0x7f88a9d810>
2026-06-24 23:29:38,757 - mazeUtils.device.camera - [camera.py:39] - DEBUG - Average HSV: H=113.3, S=161.7, V=192.8
2026-06-24 23:29:38,793 - mazeUtils.moveTile - [moveTile.py:79] - DEBUG - roll: 359.6 deg, practicalMoveTime: 0.1985065753308316 sec
2026-06-24 23:29:38,794 - mazeUtils.moveTile - [moveTile.py:1763] - DEBUG - moveTile loop time: 46.8 ms
2026-06-24 23:29:38,799 - picamera2.picamera2 - [picamera2.py:1391] - DEBUG - Execute job: <picamera2.job.Job object at 0x7f93d6ae50>
2026-06-24 23:29:38,802 - mazeUtils.device.camera - [camera.py:39] - DEBUG - Average HSV: H=111.4, S=167.3, V=204.9
2026-06-24 23:29:38,834 - mazeUtils.moveTile - [moveTile.py:79] - DEBUG - roll: 359.06 deg, practicalMoveTime: 0.2386097979390062 sec
2026-06-24 23:29:38,834 - mazeUtils.moveTile - [moveTile.py:1763] - DEBUG - moveTile loop time: 40.3 ms
2026-06-24 23:29:38,839 - picamera2.picamera2 - [picamera2.py:1391] - DEBUG - Execute job: <picamera2.job.Job object at 0x7f89247910>
2026-06-24 23:29:38,843 - mazeUtils.device.camera - [camera.py:39] - DEBUG - Average HSV: H=112.1, S=164.0, V=201.7
2026-06-24 23:29:38,883 - mazeUtils.moveTile - [moveTile.py:79] - DEBUG - roll: 0.3199999999999932 deg, practicalMoveTime: 0.2870652562493937 sec
2026-06-24 23:29:38,883 - mazeUtils.moveTile - [moveTile.py:1763] - DEBUG - moveTile loop time: 48.7 ms
2026-06-24 23:29:38,894 - picamera2.picamera2 - [picamera2.py:1391] - DEBUG - Execute job: <picamera2.job.Job object at 0x7fb83692d0>
2026-06-24 23:29:38,898 - mazeUtils.device.camera - [camera.py:39] - DEBUG - Average HSV: H=112.7, S=161.7, V=199.4
2026-06-24 23:29:38,936 - mazeUtils.moveTile - [moveTile.py:79] - DEBUG - roll: 358.64 deg, practicalMoveTime: 0.33992051802117207 sec
2026-06-24 23:29:38,937 - mazeUtils.moveTile - [moveTile.py:1763] - DEBUG - moveTile loop time: 52.8 ms
2026-06-24 23:29:38,942 - picamera2.picamera2 - [picamera2.py:1391] - DEBUG - Execute job: <picamera2.job.Job object at 0x7f77980cd0>
2026-06-24 23:29:38,946 - mazeUtils.device.camera - [camera.py:39] - DEBUG - Average HSV: H=111.8, S=164.7, V=203.8
2026-06-24 23:29:38,990 - mazeUtils.moveTile - [moveTile.py:79] - DEBUG - roll: 359.23 deg, practicalMoveTime: 0.3925618816920251 sec
2026-06-24 23:29:38,990 - mazeUtils.moveTile - [moveTile.py:1763] - DEBUG - moveTile loop time: 52.4 ms
2026-06-24 23:29:38,995 - picamera2.picamera2 - [picamera2.py:1391] - DEBUG - Execute job: <picamera2.job.Job object at 0x7fa4c76cd0>
2026-06-24 23:29:38,998 - mazeUtils.device.camera - [camera.py:39] - DEBUG - Average HSV: H=113.4, S=157.3, V=194.9
2026-06-24 23:29:39,032 - mazeUtils.moveTile - [moveTile.py:79] - DEBUG - roll: 359.35 deg, practicalMoveTime: 0.43465520556390347 sec
2026-06-24 23:29:39,033 - mazeUtils.moveTile - [moveTile.py:1763] - DEBUG - moveTile loop time: 42.3 ms
2026-06-24 23:29:39,038 - picamera2.picamera2 - [picamera2.py:1391] - DEBUG - Execute job: <picamera2.job.Job object at 0x7f93d6bf10>
2026-06-24 23:29:39,041 - mazeUtils.device.camera - [camera.py:39] - DEBUG - Average HSV: H=111.9, S=161.4, V=204.0
2026-06-24 23:29:39,073 - mazeUtils.moveTile - [moveTile.py:79] - DEBUG - roll: 358.4 deg, practicalMoveTime: 0.47538574492804797 sec
2026-06-24 23:29:39,074 - mazeUtils.moveTile - [moveTile.py:1763] - DEBUG - moveTile loop time: 41.1 ms
2026-06-24 23:29:39,085 - picamera2.picamera2 - [picamera2.py:1391] - DEBUG - Execute job: <picamera2.job.Job object at 0x7f77980cd0>
2026-06-24 23:29:39,088 - mazeUtils.device.camera - [camera.py:39] - DEBUG - Average HSV: H=112.4, S=162.2, V=201.2
2026-06-24 23:29:39,128 - mazeUtils.moveTile - [moveTile.py:79] - DEBUG - roll: 1.6299999999999955 deg, practicalMoveTime: 0.5290582569803115 sec
2026-06-24 23:29:39,128 - mazeUtils.moveTile - [moveTile.py:1763] - DEBUG - moveTile loop time: 53.9 ms
2026-06-24 23:29:39,132 - picamera2.picamera2 - [picamera2.py:1391] - DEBUG - Execute job: <picamera2.job.Job object at 0x7f93d6bf10>
2026-06-24 23:29:39,135 - mazeUtils.device.camera - [camera.py:39] - DEBUG - Average HSV: H=112.5, S=163.5, V=199.3
2026-06-24 23:29:39,178 - mazeUtils.moveTile - [moveTile.py:79] - DEBUG - roll: 358.35 deg, practicalMoveTime: 0.5788775650554652 sec
2026-06-24 23:29:39,179 - mazeUtils.moveTile - [moveTile.py:1763] - DEBUG - moveTile loop time: 50.1 ms
2026-06-24 23:29:39,184 - picamera2.picamera2 - [picamera2.py:1391] - DEBUG - Execute job: <picamera2.job.Job object at 0x7fa4c76cd0>
2026-06-24 23:29:39,187 - mazeUtils.device.camera - [camera.py:39] - DEBUG - Average HSV: H=111.1, S=170.2, V=205.1
2026-06-24 23:29:39,223 - mazeUtils.moveTile - [moveTile.py:79] - DEBUG - roll: 359.06 deg, practicalMoveTime: 0.6228347541454149 sec
2026-06-24 23:29:39,223 - mazeUtils.moveTile - [moveTile.py:1763] - DEBUG - moveTile loop time: 44.2 ms
2026-06-24 23:29:39,236 - picamera2.picamera2 - [picamera2.py:1391] - DEBUG - Execute job: <picamera2.job.Job object at 0x7f93d6bf10>
2026-06-24 23:29:39,239 - mazeUtils.device.camera - [camera.py:39] - DEBUG - Average HSV: H=114.4, S=155.6, V=188.7
2026-06-24 23:29:39,278 - mazeUtils.moveTile - [moveTile.py:79] - DEBUG - roll: 0.009999999999990905 deg, practicalMoveTime: 0.6778617714325228 sec
2026-06-24 23:29:39,279 - mazeUtils.moveTile - [moveTile.py:1763] - DEBUG - moveTile loop time: 55.3 ms
2026-06-24 23:29:39,287 - picamera2.picamera2 - [picamera2.py:1391] - DEBUG - Execute job: <picamera2.job.Job object at 0x7f88782890>
2026-06-24 23:29:39,291 - mazeUtils.device.camera - [camera.py:39] - DEBUG - Average HSV: H=113.0, S=162.1, V=195.4
2026-06-24 23:29:39,328 - mazeUtils.moveTile - [moveTile.py:79] - DEBUG - roll: 357.88 deg, practicalMoveTime: 0.7269041666900403 sec
2026-06-24 23:29:39,329 - mazeUtils.moveTile - [moveTile.py:1763] - DEBUG - moveTile loop time: 49.3 ms
2026-06-24 23:29:39,336 - picamera2.picamera2 - [picamera2.py:1391] - DEBUG - Execute job: <picamera2.job.Job object at 0x7f88a9d810>
2026-06-24 23:29:39,340 - mazeUtils.device.camera - [camera.py:39] - DEBUG - Average HSV: H=113.7, S=161.3, V=192.7
2026-06-24 23:29:39,374 - mazeUtils.moveTile - [moveTile.py:79] - DEBUG - roll: 1.920000000000016 deg, practicalMoveTime: 0.7723263595837265 sec
2026-06-24 23:29:39,377 - mazeUtils.moveTile - [moveTile.py:1763] - DEBUG - moveTile loop time: 47.8 ms
2026-06-24 23:29:39,385 - picamera2.picamera2 - [picamera2.py:1391] - DEBUG - Execute job: <picamera2.job.Job object at 0x7f88782890>
2026-06-24 23:29:39,394 - mazeUtils.device.camera - [camera.py:39] - DEBUG - Average HSV: H=113.9, S=155.5, V=196.0
2026-06-24 23:29:39,432 - mazeUtils.moveTile - [moveTile.py:79] - DEBUG - roll: 358.84000000000003 deg, practicalMoveTime: 0.8270055817171391 sec
2026-06-24 23:29:39,432 - mazeUtils.moveTile - [moveTile.py:1763] - DEBUG - moveTile loop time: 53.9 ms
2026-06-24 23:29:39,437 - picamera2.picamera2 - [picamera2.py:1391] - DEBUG - Execute job: <picamera2.job.Job object at 0x7f77980cd0>
2026-06-24 23:29:39,441 - mazeUtils.device.camera - [camera.py:39] - DEBUG - Average HSV: H=113.4, S=156.2, V=199.7
2026-06-24 23:29:39,480 - mazeUtils.moveTile - [moveTile.py:1636] - INFO - practicalVerticalMove: -0.3760161066326263 CM
2026-06-24 23:29:39,664 - mazeUtils.moveTile - [moveTile.py:552] - DEBUG - Direction: absDirection.NORTH, Angle: 0, Distance: 137.14163216730032 cm
2026-06-24 23:29:39,666 - mazeUtils.moveTile - [moveTile.py:552] - DEBUG - Direction: absDirection.EAST, Angle: 270, Distance: 103.76360955087722 cm
2026-06-24 23:29:39,667 - mazeUtils.moveTile - [moveTile.py:552] - DEBUG - Direction: absDirection.SOUTH, Angle: 180, Distance: 49.29099539131867 cm
2026-06-24 23:29:39,668 - mazeUtils.moveTile - [moveTile.py:552] - DEBUG - Direction: absDirection.WEST, Angle: 90, Distance: 19.875319305403462 cm
2026-06-24 23:29:39,670 - mazeUtils.moveTile - [moveTile.py:2119] - INFO - Tile color detection, decided tile type: E
2026-06-24 23:29:39,748 - __main__ - [main.py:105] - INFO - Current position: (17, 19, 0), front direction: absDirection.NORTH
Layer 0 (altitude=0.0cm, offset=(0.0cm, 0.0cm)):
Known map area: x=15..20, y=15..20
+   +   +   +   +   +---+
  U   U   U   U   U   E |
+   +   +   +   +   +   +
  U   U   U   U   U   E |
+   +   +   +   +   +   +
  U   U   E   U   U | E |
+   +   +   +   +   +   +
  U   U   E   U   U | E |
+---+---+   +   +   +   +
| E   E | @   E   E   E |
+   +   +   +---+---+   +
| E   E   E | U   U | E |
+---+---+---+   +   +---+
Layer 1 (altitude=15.0cm, offset=(0.0cm, -60.0cm)):
Known map area: x=17..18, y=17..17
+---+---+
| E   E  
+   +   +
mazeAsGraph[0][15][20] = {absDirection.NORTH: None, absDirection.EAST: None, absDirection.SOUTH: (20, 16, 0, 30), absDirection.WEST: (18, 17, 1, 60)}
mazeAsGraph[0][16][20] = {absDirection.NORTH: (20, 15, 0, 30), absDirection.EAST: None, absDirection.SOUTH: (20, 17, 0, 30), absDirection.WEST: (19, 16, 0, 30)}
mazeAsGraph[0][17][17] = {absDirection.NORTH: (17, 17, 1, 60), absDirection.EAST: (18, 17, 0, 30), absDirection.SOUTH: (17, 18, 0, 30), absDirection.WEST: (16, 17, 0, 30)}
mazeAsGraph[0][17][20] = {absDirection.NORTH: (20, 16, 0, 30), absDirection.EAST: None, absDirection.SOUTH: (20, 18, 0, 30), absDirection.WEST: None}
mazeAsGraph[0][18][17] = {absDirection.NORTH: (17, 17, 0, 30), absDirection.EAST: (18, 18, 0, 30), absDirection.SOUTH: (17, 19, 0, 30), absDirection.WEST: (16, 18, 0, 30)}
mazeAsGraph[0][18][20] = {absDirection.NORTH: (20, 17, 0, 30), absDirection.EAST: None, absDirection.SOUTH: (20, 19, 0, 30), absDirection.WEST: None}
mazeAsGraph[0][19][15] = {absDirection.NORTH: None, absDirection.EAST: (16, 19, 0, 30), absDirection.SOUTH: (15, 20, 0, 30), absDirection.WEST: None}
mazeAsGraph[0][19][16] = {absDirection.NORTH: None, absDirection.EAST: None, absDirection.SOUTH: (16, 20, 0, 30), absDirection.WEST: (15, 19, 0, 30)}
mazeAsGraph[0][19][17] = {absDirection.NORTH: (17, 18, 0, 30), absDirection.EAST: (18, 19, 0, 30), absDirection.SOUTH: (17, 20, 0, 30), absDirection.WEST: None}
mazeAsGraph[0][19][18] = {absDirection.NORTH: (18, 18, 0, 30), absDirection.EAST: (19, 19, 0, 30), absDirection.SOUTH: None, absDirection.WEST: (17, 19, 0, 30)}
mazeAsGraph[0][19][19] = {absDirection.NORTH: (19, 18, 0, 30), absDirection.EAST: (20, 19, 0, 30), absDirection.SOUTH: None, absDirection.WEST: (18, 19, 0, 30)}
mazeAsGraph[0][19][20] = {absDirection.NORTH: (20, 18, 0, 30), absDirection.EAST: None, absDirection.SOUTH: (20, 20, 0, 30), absDirection.WEST: (19, 19, 0, 30)}
mazeAsGraph[0][20][15] = {absDirection.NORTH: (15, 19, 0, 30), absDirection.EAST: (16, 20, 0, 30), absDirection.SOUTH: None, absDirection.WEST: None}
mazeAsGraph[0][20][16] = {absDirection.NORTH: (16, 19, 0, 30), absDirection.EAST: (17, 20, 0, 30), absDirection.SOUTH: None, absDirection.WEST: (15, 20, 0, 30)}
mazeAsGraph[0][20][17] = {absDirection.NORTH: (17, 19, 0, 30), absDirection.EAST: None, absDirection.SOUTH: None, absDirection.WEST: (16, 20, 0, 30)}
mazeAsGraph[0][20][20] = {absDirection.NORTH: (20, 19, 0, 30), absDirection.EAST: None, absDirection.SOUTH: None, absDirection.WEST: None}
mazeAsGraph[1][17][17] = {absDirection.NORTH: None, absDirection.EAST: (18, 17, 1, 30), absDirection.SOUTH: (17, 17, 0, 60), absDirection.WEST: None}
mazeAsGraph[1][17][18] = {absDirection.NORTH: None, absDirection.EAST: (20, 15, 0, 60), absDirection.SOUTH: (18, 18, 1, 30), absDirection.WEST: (17, 17, 1, 30)}
2026-06-24 23:29:39,760 - mazeUtils.moveTile - [moveTile.py:79] - DEBUG - Moving to absDirection.NORTH from (17, 19, 0) facing absDirection.NORTH
2026-06-24 23:29:39,786 - mazeUtils.moveTile - [moveTile.py:79] - DEBUG - current heading: 358.62 target: 0
2026-06-24 23:29:39,805 - mazeUtils.moveTile - [moveTile.py:426] - DEBUG - stopped turning at heading: 358.62, diff: 1.3799999999999955
2026-06-24 23:29:39,854 - mazeUtils.moveTile - [moveTile.py:79] - DEBUG - Turned to heading: 358.57 deg
2026-06-24 23:29:40,088 - mazeUtils.moveTile - [moveTile.py:1467] - DEBUG - Calculated target steps to next tile: 1 based on distance 30 cm
2026-06-24 23:29:40,096 - picamera2.picamera2 - [picamera2.py:1391] - DEBUG - Execute job: <picamera2.job.Job object at 0x7f93d83bd0>
2026-06-24 23:29:40,099 - mazeUtils.device.camera - [camera.py:39] - DEBUG - Average HSV: H=124.5, S=37.0, V=226.1
2026-06-24 23:29:40,137 - mazeUtils.moveTile - [moveTile.py:79] - DEBUG - roll: 359.52 deg, practicalMoveTime: 0.04821475515997862 sec
2026-06-24 23:29:40,137 - mazeUtils.moveTile - [moveTile.py:1763] - DEBUG - moveTile loop time: 47.4 ms
2026-06-24 23:29:40,143 - picamera2.picamera2 - [picamera2.py:1391] - DEBUG - Execute job: <picamera2.job.Job object at 0x7f93d5f4d0>
2026-06-24 23:29:40,147 - mazeUtils.device.camera - [camera.py:39] - DEBUG - Average HSV: H=125.1, S=36.5, V=225.7
2026-06-24 23:29:40,198 - mazeUtils.moveTile - [moveTile.py:921] - INFO - Detected victim info during movement needing rescue kit drop: {<Side.LEFT: 0>: <UnitVStatus.Y_VICTIM: 5>, <Side.RIGHT: 1>: <UnitVStatus.NOTHING: 0>}
2026-06-24 23:29:40,198 - mazeUtils.moveTile - [moveTile.py:925] - INFO - Moving backward before dropping rescue kit
2026-06-24 23:29:45,896 - mazeUtils.moveTile - [moveTile.py:79] - DEBUG - Turning to 180.51 deg, current heading: 0.5099999999999909 deg, turnAngle: -180.0 deg
2026-06-24 23:29:45,925 - mazeUtils.moveTile - [moveTile.py:79] - DEBUG - gyro:0.5099999999999909 deg, derivative: 0.0, turnSpeed: -100
2026-06-24 23:29:45,954 - mazeUtils.moveTile - [moveTile.py:79] - DEBUG - gyro:0.5099999999999909 deg, derivative: 0.0, turnSpeed: -100
2026-06-24 23:29:45,977 - mazeUtils.moveTile - [moveTile.py:79] - DEBUG - gyro:0.5 deg, derivative: -0.009999999999990905, turnSpeed: 100
2026-06-24 23:29:46,007 - mazeUtils.moveTile - [moveTile.py:79] - DEBUG - gyro:0.5999999999999659 deg, derivative: 0.0999999999999659, turnSpeed: -100
2026-06-24 23:29:46,036 - mazeUtils.moveTile - [moveTile.py:79] - DEBUG - gyro:2.2299999999999613 deg, derivative: 1.6299999999999955, turnSpeed: -100
2026-06-24 23:29:46,059 - mazeUtils.moveTile - [moveTile.py:79] - DEBUG - gyro:5.289999999999964 deg, derivative: 3.0600000000000023, turnSpeed: -100
2026-06-24 23:29:46,083 - mazeUtils.moveTile - [moveTile.py:79] - DEBUG - gyro:9.42999999999995 deg, derivative: 4.139999999999986, turnSpeed: -100
2026-06-24 23:29:46,106 - mazeUtils.moveTile - [moveTile.py:79] - DEBUG - gyro:13.029999999999973 deg, derivative: 3.6000000000000227, turnSpeed: -100
2026-06-24 23:29:46,130 - mazeUtils.moveTile - [moveTile.py:79] - DEBUG - gyro:16.00999999999999 deg, derivative: 2.980000000000018, turnSpeed: -100
2026-06-24 23:29:46,158 - mazeUtils.moveTile - [moveTile.py:79] - DEBUG - gyro:20.329999999999984 deg, derivative: 4.319999999999993, turnSpeed: -100
2026-06-24 23:29:46,181 - mazeUtils.moveTile - [moveTile.py:79] - DEBUG - gyro:23.439999999999998 deg, derivative: 3.1100000000000136, turnSpeed: -100
2026-06-24 23:29:46,207 - mazeUtils.moveTile - [moveTile.py:79] - DEBUG - gyro:27.579999999999984 deg, derivative: 4.139999999999986, turnSpeed: -100
2026-06-24 23:29:46,237 - mazeUtils.moveTile - [moveTile.py:79] - DEBUG - gyro:30.72999999999996 deg, derivative: 3.1499999999999773, turnSpeed: -100
2026-06-24 23:29:46,264 - mazeUtils.moveTile - [moveTile.py:79] - DEBUG - gyro:35.00999999999999 deg, derivative: 4.28000000000003, turnSpeed: -100
2026-06-24 23:29:46,288 - mazeUtils.moveTile - [moveTile.py:79] - DEBUG - gyro:40.22999999999996 deg, derivative: 5.21999999999997, turnSpeed: -100
2026-06-24 23:29:46,311 - mazeUtils.moveTile - [moveTile.py:79] - DEBUG - gyro:42.75999999999999 deg, derivative: 2.5300000000000296, turnSpeed: -100
2026-06-24 23:29:46,345 - mazeUtils.moveTile - [moveTile.py:79] - DEBUG - gyro:45.539999999999964 deg, derivative: 2.7799999999999727, turnSpeed: -100
2026-06-24 23:29:46,369 - mazeUtils.moveTile - [moveTile.py:79] - DEBUG - gyro:49.51999999999998 deg, derivative: 3.980000000000018, turnSpeed: -100
2026-06-24 23:29:46,396 - mazeUtils.moveTile - [moveTile.py:79] - DEBUG - gyro:53.35999999999996 deg, derivative: 3.839999999999975, turnSpeed: -100
2026-06-24 23:29:46,425 - mazeUtils.moveTile - [moveTile.py:79] - DEBUG - gyro:57.15999999999997 deg, derivative: 3.8000000000000114, turnSpeed: -100
2026-06-24 23:29:46,451 - mazeUtils.moveTile - [moveTile.py:79] - DEBUG - gyro:61.129999999999995 deg, derivative: 3.9700000000000273, turnSpeed: -100
2026-06-24 23:29:46,477 - mazeUtils.moveTile - [moveTile.py:79] - DEBUG - gyro:64.63 deg, derivative: 3.5, turnSpeed: -100
2026-06-24 23:29:46,506 - mazeUtils.moveTile - [moveTile.py:79] - DEBUG - gyro:68.40999999999997 deg, derivative: 3.7799999999999727, turnSpeed: -100
2026-06-24 23:29:46,535 - mazeUtils.moveTile - [moveTile.py:79] - DEBUG - gyro:72.19 deg, derivative: 3.7800000000000296, turnSpeed: -100
2026-06-24 23:29:46,562 - mazeUtils.moveTile - [moveTile.py:79] - DEBUG - gyro:76.70999999999998 deg, derivative: 4.519999999999982, turnSpeed: -100
2026-06-24 23:29:46,593 - mazeUtils.moveTile - [moveTile.py:79] - DEBUG - gyro:78.96999999999997 deg, derivative: 2.259999999999991, turnSpeed: -100
2026-06-24 23:29:46,616 - mazeUtils.moveTile - [moveTile.py:79] - DEBUG - gyro:82.89999999999998 deg, derivative: 3.930000000000007, turnSpeed: -100
2026-06-24 23:29:46,639 - mazeUtils.moveTile - [moveTile.py:79] - DEBUG - gyro:86.28999999999996 deg, derivative: 3.3899999999999864, turnSpeed: -100
2026-06-24 23:29:46,665 - mazeUtils.moveTile - [moveTile.py:79] - DEBUG - gyro:89.39999999999998 deg, derivative: 3.1100000000000136, turnSpeed: -100
2026-06-24 23:29:46,689 - mazeUtils.moveTile - [moveTile.py:79] - DEBUG - gyro:91.66999999999996 deg, derivative: 2.269999999999982, turnSpeed: -100
2026-06-24 23:29:46,713 - mazeUtils.moveTile - [moveTile.py:79] - DEBUG - gyro:94.44999999999999 deg, derivative: 2.7800000000000296, turnSpeed: -100
2026-06-24 23:29:46,740 - mazeUtils.moveTile - [moveTile.py:79] - DEBUG - gyro:97.51999999999998 deg, derivative: 3.069999999999993, turnSpeed: -100
2026-06-24 23:29:46,763 - mazeUtils.moveTile - [moveTile.py:79] - DEBUG - gyro:100.78999999999996 deg, derivative: 3.269999999999982, turnSpeed: -100
2026-06-24 23:29:46,791 - mazeUtils.moveTile - [moveTile.py:79] - DEBUG - gyro:104.53999999999996 deg, derivative: 3.75, turnSpeed: -100
2026-06-24 23:29:46,820 - mazeUtils.moveTile - [moveTile.py:79] - DEBUG - gyro:108.71999999999997 deg, derivative: 4.180000000000007, turnSpeed: -100
2026-06-24 23:29:46,843 - mazeUtils.moveTile - [moveTile.py:79] - DEBUG - gyro:111.86999999999998 deg, derivative: 3.1500000000000057, turnSpeed: -100
2026-06-24 23:29:46,869 - mazeUtils.moveTile - [moveTile.py:79] - DEBUG - gyro:115.90999999999997 deg, derivative: 4.039999999999992, turnSpeed: -100
2026-06-24 23:29:46,892 - mazeUtils.moveTile - [moveTile.py:79] - DEBUG - gyro:118.49999999999997 deg, derivative: 2.5900000000000034, turnSpeed: -100
2026-06-24 23:29:46,916 - mazeUtils.moveTile - [moveTile.py:79] - DEBUG - gyro:121.41999999999996 deg, derivative: 2.9199999999999875, turnSpeed: -100
2026-06-24 23:29:46,939 - mazeUtils.moveTile - [moveTile.py:79] - DEBUG - gyro:123.80999999999997 deg, derivative: 2.390000000000015, turnSpeed: -100
2026-06-24 23:29:46,964 - mazeUtils.moveTile - [moveTile.py:79] - DEBUG - gyro:127.28999999999996 deg, derivative: 3.4799999999999898, turnSpeed: -100
2026-06-24 23:29:46,994 - mazeUtils.moveTile - [moveTile.py:79] - DEBUG - gyro:131.11999999999998 deg, derivative: 3.8300000000000125, turnSpeed: -98.78000000000003
2026-06-24 23:29:47,019 - mazeUtils.moveTile - [moveTile.py:79] - DEBUG - gyro:134.31999999999996 deg, derivative: 3.1999999999999886, turnSpeed: -92.38000000000005
2026-06-24 23:29:47,046 - mazeUtils.moveTile - [moveTile.py:79] - DEBUG - gyro:138.80999999999997 deg, derivative: 4.490000000000009, turnSpeed: -83.40000000000003
2026-06-24 23:29:47,071 - mazeUtils.moveTile - [moveTile.py:79] - DEBUG - gyro:142.48999999999998 deg, derivative: 3.680000000000007, turnSpeed: -76.04000000000002
2026-06-24 23:29:47,094 - mazeUtils.moveTile - [moveTile.py:79] - DEBUG - gyro:145.98999999999998 deg, derivative: 3.5, turnSpeed: -69.04000000000002
2026-06-24 23:29:47,116 - mazeUtils.moveTile - [moveTile.py:79] - DEBUG - gyro:148.98 deg, derivative: 2.990000000000009, turnSpeed: -63.06
2026-06-24 23:29:47,140 - mazeUtils.moveTile - [moveTile.py:79] - DEBUG - gyro:151.23999999999998 deg, derivative: 2.259999999999991, turnSpeed: -58.54000000000002
2026-06-24 23:29:47,175 - mazeUtils.moveTile - [moveTile.py:79] - DEBUG - gyro:153.2 deg, derivative: 1.960000000000008, turnSpeed: -54.620000000000005
2026-06-24 23:29:47,203 - mazeUtils.moveTile - [moveTile.py:79] - DEBUG - gyro:155.39999999999998 deg, derivative: 2.1999999999999886, turnSpeed: -50.22000000000003
2026-06-24 23:29:47,229 - mazeUtils.moveTile - [moveTile.py:79] - DEBUG - gyro:158.26999999999998 deg, derivative: 2.8700000000000045, turnSpeed: -44.48000000000002
2026-06-24 23:29:47,259 - mazeUtils.moveTile - [moveTile.py:79] - DEBUG - gyro:159.98 deg, derivative: 1.710000000000008, turnSpeed: -41.06
2026-06-24 23:29:47,283 - mazeUtils.moveTile - [moveTile.py:79] - DEBUG - gyro:162.37999999999997 deg, derivative: 2.3999999999999773, turnSpeed: -36.26000000000005
2026-06-24 23:29:47,307 - mazeUtils.moveTile - [moveTile.py:79] - DEBUG - gyro:164.81999999999996 deg, derivative: 2.4399999999999977, turnSpeed: -31.380000000000052
2026-06-24 23:29:47,331 - mazeUtils.moveTile - [moveTile.py:79] - DEBUG - gyro:166.48999999999998 deg, derivative: 1.670000000000016, turnSpeed: -28.04000000000002
2026-06-24 23:29:47,355 - mazeUtils.moveTile - [moveTile.py:79] - DEBUG - gyro:168.06999999999996 deg, derivative: 1.579999999999984, turnSpeed: -24.880000000000052
2026-06-24 23:29:47,379 - mazeUtils.moveTile - [moveTile.py:79] - DEBUG - gyro:169.23 deg, derivative: 1.160000000000025, turnSpeed: -22.560000000000002
2026-06-24 23:29:47,409 - mazeUtils.moveTile - [moveTile.py:79] - DEBUG - gyro:170.15999999999997 deg, derivative: 0.9299999999999784, turnSpeed: -20.700000000000045
2026-06-24 23:29:47,438 - mazeUtils.moveTile - [moveTile.py:79] - DEBUG - gyro:171.21999999999997 deg, derivative: 1.0600000000000023, turnSpeed: -18.58000000000004
2026-06-24 23:29:47,462 - mazeUtils.moveTile - [moveTile.py:79] - DEBUG - gyro:172.39 deg, derivative: 1.170000000000016, turnSpeed: -16.24000000000001
2026-06-24 23:29:47,491 - mazeUtils.moveTile - [moveTile.py:79] - DEBUG - gyro:173.15999999999997 deg, derivative: 0.7699999999999818, turnSpeed: -14.700000000000045
2026-06-24 23:29:47,514 - mazeUtils.moveTile - [moveTile.py:79] - DEBUG - gyro:173.74999999999997 deg, derivative: 0.5900000000000034, turnSpeed: -13.520000000000039
2026-06-24 23:29:47,537 - mazeUtils.moveTile - [moveTile.py:79] - DEBUG - gyro:174.39 deg, derivative: 0.6400000000000148, turnSpeed: -12.240000000000009
2026-06-24 23:29:47,559 - mazeUtils.moveTile - [moveTile.py:79] - DEBUG - gyro:174.92999999999998 deg, derivative: 0.539999999999992, turnSpeed: -11.160000000000025
2026-06-24 23:29:47,584 - mazeUtils.moveTile - [moveTile.py:79] - DEBUG - gyro:175.36999999999998 deg, derivative: 0.4399999999999977, turnSpeed: -10.28000000000003
2026-06-24 23:29:47,609 - mazeUtils.moveTile - [moveTile.py:79] - DEBUG - gyro:175.80999999999997 deg, derivative: 0.4399999999999977, turnSpeed: -9.400000000000034
2026-06-24 23:29:47,634 - mazeUtils.moveTile - [moveTile.py:79] - DEBUG - gyro:176.2 deg, derivative: 0.3900000000000148, turnSpeed: -8.620000000000005
2026-06-24 23:29:47,658 - mazeUtils.moveTile - [moveTile.py:79] - DEBUG - gyro:176.62999999999997 deg, derivative: 0.4299999999999784, turnSpeed: -7.760000000000048
2026-06-24 23:29:47,682 - mazeUtils.moveTile - [moveTile.py:79] - DEBUG - gyro:176.99999999999997 deg, derivative: 0.37000000000000455, turnSpeed: -7.020000000000039
2026-06-24 23:29:47,707 - mazeUtils.moveTile - [moveTile.py:79] - DEBUG - gyro:177.20999999999998 deg, derivative: 0.21000000000000796, turnSpeed: -6.600000000000023
2026-06-24 23:29:47,730 - mazeUtils.moveTile - [moveTile.py:79] - DEBUG - gyro:177.39999999999998 deg, derivative: 0.18999999999999773, turnSpeed: -6.220000000000027
2026-06-24 23:29:47,760 - mazeUtils.moveTile - [moveTile.py:79] - DEBUG - gyro:177.60999999999999 deg, derivative: 0.21000000000000796, turnSpeed: -5.800000000000011
2026-06-24 23:29:47,785 - mazeUtils.moveTile - [moveTile.py:79] - DEBUG - gyro:177.86999999999998 deg, derivative: 0.2599999999999909, turnSpeed: -5.28000000000003
2026-06-24 23:29:47,807 - mazeUtils.moveTile - [moveTile.py:79] - DEBUG - gyro:178.12999999999997 deg, derivative: 0.2599999999999909, turnSpeed: -4.760000000000048
2026-06-24 23:29:47,830 - mazeUtils.moveTile - [moveTile.py:79] - DEBUG - gyro:178.37999999999997 deg, derivative: 0.25, turnSpeed: -4.260000000000048
2026-06-24 23:29:47,859 - mazeUtils.moveTile - [moveTile.py:79] - DEBUG - gyro:178.59999999999997 deg, derivative: 0.21999999999999886, turnSpeed: -3.82000000000005
2026-06-24 23:29:47,882 - mazeUtils.moveTile - [moveTile.py:79] - DEBUG - Turned to heading: 178.59999999999997 deg
2026-06-24 23:29:48,691 - mazeUtils.moveTile - [moveTile.py:79] - DEBUG - Turning to 0.5099999999999909 deg, current heading: 179.28999999999996 deg, turnAngle: 178.77999999999997 deg
2026-06-24 23:29:48,722 - mazeUtils.moveTile - [moveTile.py:79] - DEBUG - gyro:179.28999999999996 deg, derivative: 0.0, turnSpeed: 100
2026-06-24 23:29:48,746 - mazeUtils.moveTile - [moveTile.py:79] - DEBUG - gyro:179.28999999999996 deg, derivative: 0.0, turnSpeed: 100
2026-06-24 23:29:48,769 - mazeUtils.moveTile - [moveTile.py:79] - DEBUG - gyro:179.28999999999996 deg, derivative: 0.0, turnSpeed: 100
2026-06-24 23:29:48,793 - mazeUtils.moveTile - [moveTile.py:79] - DEBUG - gyro:179.20999999999998 deg, derivative: -0.07999999999998408, turnSpeed: 100
2026-06-24 23:29:48,822 - mazeUtils.moveTile - [moveTile.py:79] - DEBUG - gyro:177.93999999999997 deg, derivative: -1.2700000000000102, turnSpeed: 100
2026-06-24 23:29:48,852 - mazeUtils.moveTile - [moveTile.py:79] - DEBUG - gyro:176.52999999999997 deg, derivative: -1.4099999999999966, turnSpeed: 100
2026-06-24 23:29:48,877 - mazeUtils.moveTile - [moveTile.py:79] - DEBUG - gyro:171.48999999999998 deg, derivative: -5.039999999999992, turnSpeed: 100
2026-06-24 23:29:48,902 - mazeUtils.moveTile - [moveTile.py:79] - DEBUG - gyro:167.08999999999997 deg, derivative: -4.400000000000006, turnSpeed: 100
2026-06-24 23:29:48,926 - mazeUtils.moveTile - [moveTile.py:79] - DEBUG - gyro:164.2 deg, derivative: -2.8899999999999864, turnSpeed: 100
2026-06-24 23:29:48,957 - mazeUtils.moveTile - [moveTile.py:79] - DEBUG - gyro:160.49999999999997 deg, derivative: -3.700000000000017, turnSpeed: 100
2026-06-24 23:29:48,989 - mazeUtils.moveTile - [moveTile.py:79] - DEBUG - gyro:154.60999999999999 deg, derivative: -5.889999999999986, turnSpeed: 100
2026-06-24 23:29:49,014 - mazeUtils.moveTile - [moveTile.py:79] - DEBUG - gyro:154.15999999999997 deg, derivative: -0.45000000000001705, turnSpeed: 100
2026-06-24 23:29:49,046 - mazeUtils.moveTile - [moveTile.py:79] - DEBUG - gyro:150.84999999999997 deg, derivative: -3.3100000000000023, turnSpeed: 100
2026-06-24 23:29:49,072 - mazeUtils.moveTile - [moveTile.py:79] - DEBUG - gyro:147.23999999999998 deg, derivative: -3.609999999999985, turnSpeed: 100
2026-06-24 23:29:49,096 - mazeUtils.moveTile - [moveTile.py:79] - DEBUG - gyro:145.58999999999997 deg, derivative: -1.6500000000000057, turnSpeed: 100
2026-06-24 23:29:49,124 - mazeUtils.moveTile - [moveTile.py:79] - DEBUG - gyro:142.29999999999998 deg, derivative: -3.289999999999992, turnSpeed: 100
2026-06-24 23:29:49,153 - mazeUtils.moveTile - [moveTile.py:79] - DEBUG - gyro:138.89 deg, derivative: -3.4099999999999966, turnSpeed: 100
2026-06-24 23:29:49,187 - mazeUtils.moveTile - [moveTile.py:79] - DEBUG - gyro:134.92 deg, derivative: -3.969999999999999, turnSpeed: 100
2026-06-24 23:29:49,210 - mazeUtils.moveTile - [moveTile.py:79] - DEBUG - gyro:130.76 deg, derivative: -4.159999999999997, turnSpeed: 100
2026-06-24 23:29:49,235 - mazeUtils.moveTile - [moveTile.py:79] - DEBUG - gyro:126.00999999999999 deg, derivative: -4.75, turnSpeed: 100
2026-06-24 23:29:49,264 - mazeUtils.moveTile - [moveTile.py:79] - DEBUG - gyro:121.65999999999997 deg, derivative: -4.350000000000023, turnSpeed: 100
2026-06-24 23:29:49,288 - mazeUtils.moveTile - [moveTile.py:79] - DEBUG - gyro:119.79999999999998 deg, derivative: -1.8599999999999852, turnSpeed: 100
2026-06-24 23:29:49,315 - mazeUtils.moveTile - [moveTile.py:79] - DEBUG - gyro:116.00999999999999 deg, derivative: -3.789999999999992, turnSpeed: 100
2026-06-24 23:29:49,338 - mazeUtils.moveTile - [moveTile.py:79] - DEBUG - gyro:112.46999999999997 deg, derivative: -3.5400000000000205, turnSpeed: 100
2026-06-24 23:29:49,365 - mazeUtils.moveTile - [moveTile.py:79] - DEBUG - gyro:109.05999999999997 deg, derivative: -3.4099999999999966, turnSpeed: 100
2026-06-24 23:29:49,392 - mazeUtils.moveTile - [moveTile.py:79] - DEBUG - gyro:105.24999999999997 deg, derivative: -3.8100000000000023, turnSpeed: 100
2026-06-24 23:29:49,419 - mazeUtils.moveTile - [moveTile.py:79] - DEBUG - gyro:99.63 deg, derivative: -5.619999999999976, turnSpeed: 100
2026-06-24 23:29:49,446 - mazeUtils.moveTile - [moveTile.py:79] - DEBUG - gyro:99.19 deg, derivative: -0.4399999999999977, turnSpeed: 100
2026-06-24 23:29:49,470 - mazeUtils.moveTile - [moveTile.py:79] - DEBUG - gyro:96.32 deg, derivative: -2.8700000000000045, turnSpeed: 100
2026-06-24 23:29:49,496 - mazeUtils.moveTile - [moveTile.py:79] - DEBUG - gyro:92.89999999999998 deg, derivative: -3.420000000000016, turnSpeed: 100
2026-06-24 23:29:49,522 - mazeUtils.moveTile - [moveTile.py:79] - DEBUG - gyro:89.32 deg, derivative: -3.579999999999984, turnSpeed: 100
2026-06-24 23:29:49,547 - mazeUtils.moveTile - [moveTile.py:79] - DEBUG - gyro:86.85999999999996 deg, derivative: -2.4600000000000364, turnSpeed: 100
2026-06-24 23:29:49,574 - mazeUtils.moveTile - [moveTile.py:79] - DEBUG - gyro:84.02999999999997 deg, derivative: -2.829999999999984, turnSpeed: 100
2026-06-24 23:29:49,598 - mazeUtils.moveTile - [moveTile.py:79] - DEBUG - gyro:80.38 deg, derivative: -3.6499999999999773, turnSpeed: 100
2026-06-24 23:29:49,627 - mazeUtils.moveTile - [moveTile.py:79] - DEBUG - gyro:77.34999999999997 deg, derivative: -3.0300000000000296, turnSpeed: 100
2026-06-24 23:29:49,650 - mazeUtils.moveTile - [moveTile.py:79] - DEBUG - gyro:74.40999999999997 deg, derivative: -2.9399999999999977, turnSpeed: 100
2026-06-24 23:29:49,676 - mazeUtils.moveTile - [moveTile.py:79] - DEBUG - gyro:70.59999999999997 deg, derivative: -3.8100000000000023, turnSpeed: 100
2026-06-24 23:29:49,701 - mazeUtils.moveTile - [moveTile.py:79] - DEBUG - gyro:67.32 deg, derivative: -3.2799999999999727, turnSpeed: 100
2026-06-24 23:29:49,729 - mazeUtils.moveTile - [moveTile.py:79] - DEBUG - gyro:64.41999999999996 deg, derivative: -2.900000000000034, turnSpeed: 100
2026-06-24 23:29:49,754 - mazeUtils.moveTile - [moveTile.py:79] - DEBUG - gyro:61.839999999999975 deg, derivative: -2.579999999999984, turnSpeed: 100
2026-06-24 23:29:49,778 - mazeUtils.moveTile - [moveTile.py:79] - DEBUG - gyro:57.94999999999999 deg, derivative: -3.8899999999999864, turnSpeed: 100
2026-06-24 23:29:49,807 - mazeUtils.moveTile - [moveTile.py:79] - DEBUG - gyro:55.299999999999955 deg, derivative: -2.650000000000034, turnSpeed: 100
2026-06-24 23:29:49,831 - mazeUtils.moveTile - [moveTile.py:79] - DEBUG - gyro:52.129999999999995 deg, derivative: -3.169999999999959, turnSpeed: 100
2026-06-24 23:29:49,856 - mazeUtils.moveTile - [moveTile.py:79] - DEBUG - gyro:48.120000000000005 deg, derivative: -4.009999999999991, turnSpeed: 95.22000000000003
2026-06-24 23:29:49,880 - mazeUtils.moveTile - [moveTile.py:79] - DEBUG - gyro:44.10999999999996 deg, derivative: -4.010000000000048, turnSpeed: 87.19999999999993
2026-06-24 23:29:49,908 - mazeUtils.moveTile - [moveTile.py:79] - DEBUG - gyro:41.75 deg, derivative: -2.359999999999957, turnSpeed: 82.48000000000002
2026-06-24 23:29:49,932 - mazeUtils.moveTile - [moveTile.py:79] - DEBUG - gyro:37.5 deg, derivative: -4.25, turnSpeed: 73.98000000000002
2026-06-24 23:29:49,959 - mazeUtils.moveTile - [moveTile.py:79] - DEBUG - gyro:34.879999999999995 deg, derivative: -2.6200000000000045, turnSpeed: 68.74000000000001
2026-06-24 23:29:49,990 - mazeUtils.moveTile - [moveTile.py:79] - DEBUG - gyro:32.289999999999964 deg, derivative: -2.590000000000032, turnSpeed: 63.559999999999945
2026-06-24 23:29:50,014 - mazeUtils.moveTile - [moveTile.py:79] - DEBUG - gyro:28.859999999999957 deg, derivative: -3.430000000000007, turnSpeed: 56.69999999999993
2026-06-24 23:29:50,039 - mazeUtils.moveTile - [moveTile.py:79] - DEBUG - gyro:25.539999999999964 deg, derivative: -3.319999999999993, turnSpeed: 50.059999999999945
2026-06-24 23:29:50,062 - mazeUtils.moveTile - [moveTile.py:79] - DEBUG - gyro:21.829999999999984 deg, derivative: -3.7099999999999795, turnSpeed: 42.639999999999986
2026-06-24 23:29:50,087 - mazeUtils.moveTile - [moveTile.py:79] - DEBUG - gyro:20.129999999999995 deg, derivative: -1.6999999999999886, turnSpeed: 39.24000000000001
2026-06-24 23:29:50,115 - mazeUtils.moveTile - [moveTile.py:79] - DEBUG - gyro:17.859999999999957 deg, derivative: -2.2700000000000387, turnSpeed: 34.69999999999993
2026-06-24 23:29:50,138 - mazeUtils.moveTile - [moveTile.py:79] - DEBUG - gyro:15.549999999999955 deg, derivative: -2.3100000000000023, turnSpeed: 30.079999999999927
2026-06-24 23:29:50,163 - mazeUtils.moveTile - [moveTile.py:79] - DEBUG - gyro:12.879999999999995 deg, derivative: -2.669999999999959, turnSpeed: 24.74000000000001
2026-06-24 23:29:50,193 - mazeUtils.moveTile - [moveTile.py:79] - DEBUG - gyro:11.189999999999998 deg, derivative: -1.6899999999999977, turnSpeed: 21.360000000000014
2026-06-24 23:29:50,222 - mazeUtils.moveTile - [moveTile.py:79] - DEBUG - gyro:9.789999999999964 deg, derivative: -1.400000000000034, turnSpeed: 18.559999999999945
2026-06-24 23:29:50,245 - mazeUtils.moveTile - [moveTile.py:79] - DEBUG - gyro:9.189999999999998 deg, derivative: -0.5999999999999659, turnSpeed: 17.360000000000014
2026-06-24 23:29:50,268 - mazeUtils.moveTile - [moveTile.py:79] - DEBUG - gyro:8.45999999999998 deg, derivative: -0.7300000000000182, turnSpeed: 15.899999999999977
2026-06-24 23:29:50,294 - mazeUtils.moveTile - [moveTile.py:79] - DEBUG - gyro:7.769999999999982 deg, derivative: -0.6899999999999977, turnSpeed: 14.519999999999982
2026-06-24 23:29:50,321 - mazeUtils.moveTile - [moveTile.py:79] - DEBUG - gyro:7.259999999999991 deg, derivative: -0.5099999999999909, turnSpeed: 13.5
2026-06-24 23:29:50,346 - mazeUtils.moveTile - [moveTile.py:79] - DEBUG - gyro:7.1200000000000045 deg, derivative: -0.13999999999998636, turnSpeed: 13.220000000000027
2026-06-24 23:29:50,374 - mazeUtils.moveTile - [moveTile.py:79] - DEBUG - gyro:6.939999999999998 deg, derivative: -0.18000000000000682, turnSpeed: 12.860000000000014
2026-06-24 23:29:50,397 - mazeUtils.moveTile - [moveTile.py:79] - DEBUG - gyro:6.609999999999957 deg, derivative: -0.3300000000000409, turnSpeed: 12.199999999999932
2026-06-24 23:29:50,422 - mazeUtils.moveTile - [moveTile.py:79] - DEBUG - gyro:6.310000000000002 deg, derivative: -0.2999999999999545, turnSpeed: 11.600000000000023
2026-06-24 23:29:50,449 - mazeUtils.moveTile - [moveTile.py:79] - DEBUG - gyro:6.289999999999964 deg, derivative: -0.020000000000038654, turnSpeed: 11.559999999999945
2026-06-24 23:29:50,475 - mazeUtils.moveTile - [moveTile.py:79] - DEBUG - gyro:5.489999999999952 deg, derivative: -0.8000000000000114, turnSpeed: 9.959999999999923
2026-06-24 23:29:50,502 - mazeUtils.moveTile - [moveTile.py:79] - DEBUG - gyro:5.199999999999989 deg, derivative: -0.2899999999999636, turnSpeed: 9.379999999999995
2026-06-24 23:29:50,525 - mazeUtils.moveTile - [moveTile.py:79] - DEBUG - gyro:4.779999999999973 deg, derivative: -0.4200000000000159, turnSpeed: 8.539999999999964
2026-06-24 23:29:50,550 - mazeUtils.moveTile - [moveTile.py:79] - DEBUG - gyro:4.229999999999961 deg, derivative: -0.5500000000000114, turnSpeed: 7.439999999999941
2026-06-24 23:29:50,585 - mazeUtils.moveTile - [moveTile.py:79] - DEBUG - gyro:3.8100000000000023 deg, derivative: -0.4199999999999591, turnSpeed: 6.600000000000023
2026-06-24 23:29:50,608 - mazeUtils.moveTile - [moveTile.py:79] - DEBUG - gyro:3.2999999999999545 deg, derivative: -0.5100000000000477, turnSpeed: 5.579999999999927
2026-06-24 23:29:50,636 - mazeUtils.moveTile - [moveTile.py:79] - DEBUG - gyro:3.1200000000000045 deg, derivative: -0.17999999999994998, turnSpeed: 5.220000000000027
2026-06-24 23:29:50,660 - mazeUtils.moveTile - [moveTile.py:79] - DEBUG - gyro:3.079999999999984 deg, derivative: -0.040000000000020464, turnSpeed: 5.139999999999986
2026-06-24 23:29:50,695 - mazeUtils.moveTile - [moveTile.py:79] - DEBUG - gyro:2.9699999999999704 deg, derivative: -0.11000000000001364, turnSpeed: 4.919999999999959
2026-06-24 23:29:50,719 - mazeUtils.moveTile - [moveTile.py:79] - DEBUG - gyro:2.92999999999995 deg, derivative: -0.040000000000020464, turnSpeed: 4.839999999999918
2026-06-24 23:29:50,746 - mazeUtils.moveTile - [moveTile.py:79] - DEBUG - gyro:2.8100000000000023 deg, derivative: -0.1199999999999477, turnSpeed: 4.600000000000023
2026-06-24 23:29:50,769 - mazeUtils.moveTile - [moveTile.py:79] - DEBUG - gyro:2.7199999999999704 deg, derivative: -0.09000000000003183, turnSpeed: 4.419999999999959
2026-06-24 23:29:50,795 - mazeUtils.moveTile - [moveTile.py:79] - DEBUG - gyro:2.659999999999968 deg, derivative: -0.060000000000002274, turnSpeed: 4.2999999999999545
2026-06-24 23:29:50,821 - mazeUtils.moveTile - [moveTile.py:79] - DEBUG - gyro:2.5600000000000023 deg, derivative: -0.0999999999999659, turnSpeed: 4.100000000000023
2026-06-24 23:29:50,849 - mazeUtils.moveTile - [moveTile.py:79] - DEBUG - gyro:2.5 deg, derivative: -0.060000000000002274, turnSpeed: 3.980000000000018
2026-06-24 23:29:50,870 - mazeUtils.moveTile - [moveTile.py:79] - DEBUG - Turned to heading: 2.5 deg
2026-06-24 23:29:51,411 - mazeUtils.moveTile - [moveTile.py:79] - DEBUG - roll: 1.9599999999999795 deg, practicalMoveTime: 0.04821475515997862 sec
2026-06-24 23:29:51,411 - mazeUtils.moveTile - [moveTile.py:1763] - DEBUG - moveTile loop time: 11274.2 ms
2026-06-24 23:29:51,416 - picamera2.picamera2 - [picamera2.py:1391] - DEBUG - Execute job: <picamera2.job.Job object at 0x7f92c90f10>
2026-06-24 23:29:51,419 - mazeUtils.device.camera - [camera.py:39] - DEBUG - Average HSV: H=126.1, S=35.9, V=223.1
2026-06-24 23:29:51,452 - mazeUtils.moveTile - [moveTile.py:215] - WARNING - Escape from obstacle on Side.RIGHT side
2026-06-24 23:29:52,132 - mazeUtils.moveTile - [moveTile.py:1616] - DEBUG - Obstacle escape adjustment: 0.0720222585508594
2026-06-24 23:29:52,237 - mazeUtils.moveTile - [moveTile.py:79] - DEBUG - roll: 0.7800000000000296 deg, practicalMoveTime: -0.03161861595361038 sec
2026-06-24 23:29:52,238 - mazeUtils.moveTile - [moveTile.py:1763] - DEBUG - moveTile loop time: 826.0 ms
2026-06-24 23:29:52,244 - picamera2.picamera2 - [picamera2.py:1391] - DEBUG - Execute job: <picamera2.job.Job object at 0x7f92c92890>
2026-06-24 23:29:52,248 - mazeUtils.device.camera - [camera.py:39] - DEBUG - Average HSV: H=119.6, S=56.8, V=221.8
2026-06-24 23:29:52,285 - mazeUtils.moveTile - [moveTile.py:79] - DEBUG - roll: 1.5300000000000296 deg, practicalMoveTime: 0.015852650034892696 sec
2026-06-24 23:29:52,286 - mazeUtils.moveTile - [moveTile.py:1763] - DEBUG - moveTile loop time: 47.4 ms
2026-06-24 23:29:52,291 - picamera2.picamera2 - [picamera2.py:1391] - DEBUG - Execute job: <picamera2.job.Job object at 0x7f92c93250>
2026-06-24 23:29:52,293 - mazeUtils.device.camera - [camera.py:39] - DEBUG - Average HSV: H=126.6, S=47.3, V=207.5
2026-06-24 23:29:52,337 - mazeUtils.moveTile - [moveTile.py:79] - DEBUG - roll: 1.5500000000000114 deg, practicalMoveTime: 0.06688238657532926 sec
2026-06-24 23:29:52,337 - mazeUtils.moveTile - [moveTile.py:1763] - DEBUG - moveTile loop time: 51.4 ms
2026-06-24 23:29:52,342 - picamera2.picamera2 - [picamera2.py:1391] - DEBUG - Execute job: <picamera2.job.Job object at 0x7f92c927d0>
2026-06-24 23:29:52,346 - mazeUtils.device.camera - [camera.py:39] - DEBUG - Average HSV: H=125.1, S=46.8, V=209.9
2026-06-24 23:29:52,382 - mazeUtils.moveTile - [moveTile.py:79] - DEBUG - roll: 358.51 deg, practicalMoveTime: 0.11127534789381008 sec
2026-06-24 23:29:52,382 - mazeUtils.moveTile - [moveTile.py:1763] - DEBUG - moveTile loop time: 44.7 ms
2026-06-24 23:29:52,387 - picamera2.picamera2 - [picamera2.py:1391] - DEBUG - Execute job: <picamera2.job.Job object at 0x7f92c90f10>
2026-06-24 23:29:52,391 - mazeUtils.device.camera - [camera.py:39] - DEBUG - Average HSV: H=124.5, S=43.6, V=217.7
2026-06-24 23:29:52,426 - mazeUtils.moveTile - [moveTile.py:79] - DEBUG - roll: 0.06999999999999318 deg, practicalMoveTime: 0.15501974271010296 sec
2026-06-24 23:29:52,426 - mazeUtils.moveTile - [moveTile.py:1763] - DEBUG - moveTile loop time: 43.7 ms
2026-06-24 23:29:52,438 - picamera2.picamera2 - [picamera2.py:1391] - DEBUG - Execute job: <picamera2.job.Job object at 0x7f92c927d0>
2026-06-24 23:29:52,441 - mazeUtils.device.camera - [camera.py:39] - DEBUG - Average HSV: H=130.2, S=31.5, V=222.9
2026-06-24 23:29:52,472 - mazeUtils.moveTile - [moveTile.py:79] - DEBUG - roll: 358.86 deg, practicalMoveTime: 0.20050043242507096 sec
2026-06-24 23:29:52,472 - mazeUtils.moveTile - [moveTile.py:1763] - DEBUG - moveTile loop time: 45.8 ms
2026-06-24 23:29:52,478 - picamera2.picamera2 - [picamera2.py:1391] - DEBUG - Execute job: <picamera2.job.Job object at 0x7f92c92890>
2026-06-24 23:29:52,482 - mazeUtils.device.camera - [camera.py:39] - DEBUG - Average HSV: H=131.3, S=26.6, V=227.8
2026-06-24 23:29:52,522 - mazeUtils.moveTile - [moveTile.py:79] - DEBUG - roll: 0.13999999999998636 deg, practicalMoveTime: 0.2500880313784823 sec
2026-06-24 23:29:52,522 - mazeUtils.moveTile - [moveTile.py:1763] - DEBUG - moveTile loop time: 49.7 ms
2026-06-24 23:29:52,528 - picamera2.picamera2 - [picamera2.py:1391] - DEBUG - Execute job: <picamera2.job.Job object at 0x7f92c93250>
2026-06-24 23:29:52,531 - mazeUtils.device.camera - [camera.py:39] - DEBUG - Average HSV: H=131.0, S=25.6, V=228.5
2026-06-24 23:29:52,564 - mazeUtils.moveTile - [moveTile.py:79] - DEBUG - roll: 0.29000000000002046 deg, practicalMoveTime: 0.29168004544396076 sec
2026-06-24 23:29:52,564 - mazeUtils.moveTile - [moveTile.py:1763] - DEBUG - moveTile loop time: 41.8 ms
2026-06-24 23:29:52,576 - picamera2.picamera2 - [picamera2.py:1391] - DEBUG - Execute job: <picamera2.job.Job object at 0x7f92c92890>
2026-06-24 23:29:52,579 - mazeUtils.device.camera - [camera.py:39] - DEBUG - Average HSV: H=131.5, S=24.7, V=227.8
2026-06-24 23:29:52,617 - mazeUtils.moveTile - [moveTile.py:79] - DEBUG - roll: 359.24 deg, practicalMoveTime: 0.3442443391039822 sec
2026-06-24 23:29:52,617 - mazeUtils.moveTile - [moveTile.py:1763] - DEBUG - moveTile loop time: 52.7 ms
2026-06-24 23:29:52,622 - picamera2.picamera2 - [picamera2.py:1391] - DEBUG - Execute job: <picamera2.job.Job object at 0x7f92c92890>
2026-06-24 23:29:52,626 - mazeUtils.device.camera - [camera.py:39] - DEBUG - Average HSV: H=130.7, S=24.4, V=229.4
2026-06-24 23:29:52,664 - mazeUtils.moveTile - [moveTile.py:79] - DEBUG - roll: 359.88 deg, practicalMoveTime: 0.3903150799375087 sec
2026-06-24 23:29:52,664 - mazeUtils.moveTile - [moveTile.py:1763] - DEBUG - moveTile loop time: 46.3 ms
2026-06-24 23:29:52,674 - picamera2.picamera2 - [picamera2.py:1391] - DEBUG - Execute job: <picamera2.job.Job object at 0x7fb83692d0>
2026-06-24 23:29:52,677 - mazeUtils.device.camera - [camera.py:39] - DEBUG - Average HSV: H=131.0, S=24.2, V=228.5
2026-06-24 23:29:52,714 - mazeUtils.moveTile - [moveTile.py:79] - DEBUG - roll: 0.17000000000001592 deg, practicalMoveTime: 0.43972876096778213 sec
2026-06-24 23:29:52,714 - mazeUtils.moveTile - [moveTile.py:1763] - DEBUG - moveTile loop time: 49.8 ms
2026-06-24 23:29:52,719 - picamera2.picamera2 - [picamera2.py:1391] - DEBUG - Execute job: <picamera2.job.Job object at 0x7f92c90f10>
2026-06-24 23:29:52,722 - mazeUtils.device.camera - [camera.py:39] - DEBUG - Average HSV: H=130.5, S=23.7, V=231.2
2026-06-24 23:29:52,756 - mazeUtils.moveTile - [moveTile.py:79] - DEBUG - roll: 359.03000000000003 deg, practicalMoveTime: 0.48160043949538917 sec
2026-06-24 23:29:52,757 - mazeUtils.moveTile - [moveTile.py:1763] - DEBUG - moveTile loop time: 42.4 ms
2026-06-24 23:29:52,762 - picamera2.picamera2 - [picamera2.py:1391] - DEBUG - Execute job: <picamera2.job.Job object at 0x7f92c927d0>
2026-06-24 23:29:52,766 - mazeUtils.device.camera - [camera.py:39] - DEBUG - Average HSV: H=131.5, S=23.4, V=230.2
2026-06-24 23:29:52,803 - mazeUtils.moveTile - [moveTile.py:79] - DEBUG - roll: 359.16 deg, practicalMoveTime: 0.5277223183194463 sec
2026-06-24 23:29:52,803 - mazeUtils.moveTile - [moveTile.py:1763] - DEBUG - moveTile loop time: 46.2 ms
2026-06-24 23:29:52,810 - picamera2.picamera2 - [picamera2.py:1391] - DEBUG - Execute job: <picamera2.job.Job object at 0x7f92c92890>
2026-06-24 23:29:52,814 - mazeUtils.device.camera - [camera.py:39] - DEBUG - Average HSV: H=131.0, S=23.8, V=230.6
2026-06-24 23:29:52,853 - mazeUtils.moveTile - [moveTile.py:79] - DEBUG - roll: 358.31 deg, practicalMoveTime: 0.5769992370587989 sec
2026-06-24 23:29:52,853 - mazeUtils.moveTile - [moveTile.py:1763] - DEBUG - moveTile loop time: 49.7 ms
2026-06-24 23:29:52,861 - picamera2.picamera2 - [picamera2.py:1391] - DEBUG - Execute job: <picamera2.job.Job object at 0x7f8899fb10>
2026-06-24 23:29:52,865 - mazeUtils.device.camera - [camera.py:39] - DEBUG - Average HSV: H=129.0, S=25.5, V=230.5
2026-06-24 23:29:52,902 - mazeUtils.moveTile - [moveTile.py:79] - DEBUG - roll: 357.45 deg, practicalMoveTime: 0.6260539539381748 sec
2026-06-24 23:29:52,903 - mazeUtils.moveTile - [moveTile.py:1763] - DEBUG - moveTile loop time: 49.3 ms
2026-06-24 23:29:52,910 - picamera2.picamera2 - [picamera2.py:1391] - DEBUG - Execute job: <picamera2.job.Job object at 0x7f92c93250>
2026-06-24 23:29:52,913 - mazeUtils.device.camera - [camera.py:39] - DEBUG - Average HSV: H=127.3, S=26.4, V=231.5
2026-06-24 23:29:52,946 - mazeUtils.moveTile - [moveTile.py:79] - DEBUG - roll: 357.23 deg, practicalMoveTime: 0.6690965692528303 sec
2026-06-24 23:29:52,947 - mazeUtils.moveTile - [moveTile.py:1763] - DEBUG - moveTile loop time: 43.6 ms
2026-06-24 23:29:52,954 - picamera2.picamera2 - [picamera2.py:1391] - DEBUG - Execute job: <picamera2.job.Job object at 0x7f92c927d0>
2026-06-24 23:29:52,957 - mazeUtils.device.camera - [camera.py:39] - DEBUG - Average HSV: H=125.6, S=26.6, V=236.1
2026-06-24 23:29:52,991 - mazeUtils.moveTile - [moveTile.py:79] - DEBUG - roll: 357.42 deg, practicalMoveTime: 0.7133808644375987 sec
2026-06-24 23:29:52,991 - mazeUtils.moveTile - [moveTile.py:1763] - DEBUG - moveTile loop time: 44.4 ms
2026-06-24 23:29:52,996 - picamera2.picamera2 - [picamera2.py:1391] - DEBUG - Execute job: <picamera2.job.Job object at 0x7f8899fb10>
2026-06-24 23:29:53,000 - mazeUtils.device.camera - [camera.py:39] - DEBUG - Average HSV: H=126.8, S=25.7, V=234.2
2026-06-24 23:29:53,038 - mazeUtils.moveTile - [moveTile.py:79] - DEBUG - roll: 357.45 deg, practicalMoveTime: 0.7597255659440453 sec
2026-06-24 23:29:53,038 - mazeUtils.moveTile - [moveTile.py:1763] - DEBUG - moveTile loop time: 46.7 ms
2026-06-24 23:29:53,047 - picamera2.picamera2 - [picamera2.py:1391] - DEBUG - Execute job: <picamera2.job.Job object at 0x7f92c927d0>
2026-06-24 23:29:53,051 - mazeUtils.device.camera - [camera.py:39] - DEBUG - Average HSV: H=125.6, S=27.5, V=231.5
2026-06-24 23:29:53,088 - mazeUtils.moveTile - [moveTile.py:79] - DEBUG - roll: 357.86 deg, practicalMoveTime: 0.809644749990188 sec
2026-06-24 23:29:53,089 - mazeUtils.moveTile - [moveTile.py:1763] - DEBUG - moveTile loop time: 50.2 ms
2026-06-24 23:29:53,094 - picamera2.picamera2 - [picamera2.py:1391] - DEBUG - Execute job: <picamera2.job.Job object at 0x7f92c92890>
2026-06-24 23:29:53,098 - mazeUtils.device.camera - [camera.py:39] - DEBUG - Average HSV: H=126.3, S=26.8, V=232.3
2026-06-24 23:29:53,129 - mazeUtils.moveTile - [moveTile.py:1636] - INFO - practicalVerticalMove: -0.443140713462849 CM
2026-06-24 23:29:53,306 - mazeUtils.moveTile - [moveTile.py:552] - DEBUG - Direction: absDirection.NORTH, Angle: 0, Distance: 106.71731570864142 cm
2026-06-24 23:29:53,308 - mazeUtils.moveTile - [moveTile.py:552] - DEBUG - Direction: absDirection.EAST, Angle: 270, Distance: 50.59273579902377 cm
2026-06-24 23:29:53,308 - mazeUtils.moveTile - [moveTile.py:552] - DEBUG - Direction: absDirection.SOUTH, Angle: 180, Distance: 78.8602382210185 cm
2026-06-24 23:29:53,309 - mazeUtils.moveTile - [moveTile.py:552] - DEBUG - Direction: absDirection.WEST, Angle: 90, Distance: 46.993201917528175 cm
2026-06-24 23:29:53,311 - mazeUtils.moveTile - [moveTile.py:2119] - INFO - Tile color detection, decided tile type: E
2026-06-24 23:29:53,395 - __main__ - [main.py:105] - INFO - Current position: (17, 18, 0), front direction: absDirection.NORTH
Layer 0 (altitude=0.0cm, offset=(0.0cm, 0.0cm)):
Known map area: x=15..20, y=15..20
+   +   +   +   +   +---+
  U   U   U   U   U   E |
+   +   +   +   +   +   +
  U   U   U   U   U   E |
+   +   +   +   +   +   +
  U   U   E   U   U | E |
+   +   +   +   +   +   +
  U   U   @   U   U | E |
+---+---+   +   +   +   +
| E   E | E   E   E   E |
+   +   +   +---+---+   +
| E   E   E | U   U | E |
+---+---+---+   +   +---+
Layer 1 (altitude=15.0cm, offset=(0.0cm, -60.0cm)):
Known map area: x=17..18, y=17..17
+---+---+
| E   E  
+   +   +
mazeAsGraph[0][15][20] = {absDirection.NORTH: None, absDirection.EAST: None, absDirection.SOUTH: (20, 16, 0, 30), absDirection.WEST: (18, 17, 1, 60)}
mazeAsGraph[0][16][20] = {absDirection.NORTH: (20, 15, 0, 30), absDirection.EAST: None, absDirection.SOUTH: (20, 17, 0, 30), absDirection.WEST: (19, 16, 0, 30)}
mazeAsGraph[0][17][17] = {absDirection.NORTH: (17, 17, 1, 60), absDirection.EAST: (18, 17, 0, 30), absDirection.SOUTH: (17, 18, 0, 30), absDirection.WEST: (16, 17, 0, 30)}
mazeAsGraph[0][17][20] = {absDirection.NORTH: (20, 16, 0, 30), absDirection.EAST: None, absDirection.SOUTH: (20, 18, 0, 30), absDirection.WEST: None}
mazeAsGraph[0][18][17] = {absDirection.NORTH: (17, 17, 0, 30), absDirection.EAST: (18, 18, 0, 30), absDirection.SOUTH: (17, 19, 0, 30), absDirection.WEST: (16, 18, 0, 30)}
mazeAsGraph[0][18][20] = {absDirection.NORTH: (20, 17, 0, 30), absDirection.EAST: None, absDirection.SOUTH: (20, 19, 0, 30), absDirection.WEST: None}
mazeAsGraph[0][19][15] = {absDirection.NORTH: None, absDirection.EAST: (16, 19, 0, 30), absDirection.SOUTH: (15, 20, 0, 30), absDirection.WEST: None}
mazeAsGraph[0][19][16] = {absDirection.NORTH: None, absDirection.EAST: None, absDirection.SOUTH: (16, 20, 0, 30), absDirection.WEST: (15, 19, 0, 30)}
mazeAsGraph[0][19][17] = {absDirection.NORTH: (17, 18, 0, 30), absDirection.EAST: (18, 19, 0, 30), absDirection.SOUTH: (17, 20, 0, 30), absDirection.WEST: None}
mazeAsGraph[0][19][18] = {absDirection.NORTH: (18, 18, 0, 30), absDirection.EAST: (19, 19, 0, 30), absDirection.SOUTH: None, absDirection.WEST: (17, 19, 0, 30)}
mazeAsGraph[0][19][19] = {absDirection.NORTH: (19, 18, 0, 30), absDirection.EAST: (20, 19, 0, 30), absDirection.SOUTH: None, absDirection.WEST: (18, 19, 0, 30)}
mazeAsGraph[0][19][20] = {absDirection.NORTH: (20, 18, 0, 30), absDirection.EAST: None, absDirection.SOUTH: (20, 20, 0, 30), absDirection.WEST: (19, 19, 0, 30)}
mazeAsGraph[0][20][15] = {absDirection.NORTH: (15, 19, 0, 30), absDirection.EAST: (16, 20, 0, 30), absDirection.SOUTH: None, absDirection.WEST: None}
mazeAsGraph[0][20][16] = {absDirection.NORTH: (16, 19, 0, 30), absDirection.EAST: (17, 20, 0, 30), absDirection.SOUTH: None, absDirection.WEST: (15, 20, 0, 30)}
mazeAsGraph[0][20][17] = {absDirection.NORTH: (17, 19, 0, 30), absDirection.EAST: None, absDirection.SOUTH: None, absDirection.WEST: (16, 20, 0, 30)}
mazeAsGraph[0][20][20] = {absDirection.NORTH: (20, 19, 0, 30), absDirection.EAST: None, absDirection.SOUTH: None, absDirection.WEST: None}
mazeAsGraph[1][17][17] = {absDirection.NORTH: None, absDirection.EAST: (18, 17, 1, 30), absDirection.SOUTH: (17, 17, 0, 60), absDirection.WEST: None}
mazeAsGraph[1][17][18] = {absDirection.NORTH: None, absDirection.EAST: (20, 15, 0, 60), absDirection.SOUTH: (18, 18, 1, 30), absDirection.WEST: (17, 17, 1, 30)}
2026-06-24 23:29:53,407 - mazeUtils.moveTile - [moveTile.py:79] - DEBUG - Moving to absDirection.EAST from (17, 18, 0) facing absDirection.NORTH
2026-06-24 23:29:53,411 - mazeUtils.moveTile - [moveTile.py:79] - DEBUG - Turning to 270 deg, current heading: 0.75 deg, turnAngle: 90.75 deg
2026-06-24 23:29:53,447 - mazeUtils.moveTile - [moveTile.py:79] - DEBUG - gyro:0.75 deg, derivative: 0.0, turnSpeed: 100
2026-06-24 23:29:53,470 - mazeUtils.moveTile - [moveTile.py:79] - DEBUG - gyro:1.0499999999999545 deg, derivative: 0.2999999999999545, turnSpeed: 100
2026-06-24 23:29:53,496 - mazeUtils.moveTile - [moveTile.py:79] - DEBUG - gyro:1.2699999999999818 deg, derivative: 0.22000000000002728, turnSpeed: 100
2026-06-24 23:29:53,523 - mazeUtils.moveTile - [moveTile.py:79] - DEBUG - gyro:1.0 deg, derivative: -0.2699999999999818, turnSpeed: 100
2026-06-24 23:29:53,550 - mazeUtils.moveTile - [moveTile.py:79] - DEBUG - gyro:359.19 deg, derivative: -1.8100000000000023, turnSpeed: 100
2026-06-24 23:29:53,577 - mazeUtils.moveTile - [moveTile.py:79] - DEBUG - gyro:356.48999999999995 deg, derivative: -2.7000000000000455, turnSpeed: 100
2026-06-24 23:29:53,600 - mazeUtils.moveTile - [moveTile.py:79] - DEBUG - gyro:351.67999999999995 deg, derivative: -4.810000000000002, turnSpeed: 100
2026-06-24 23:29:53,626 - mazeUtils.moveTile - [moveTile.py:79] - DEBUG - gyro:348.35999999999996 deg, derivative: -3.319999999999993, turnSpeed: 100
2026-06-24 23:29:53,658 - mazeUtils.moveTile - [moveTile.py:79] - DEBUG - gyro:347.78 deg, derivative: -0.5799999999999841, turnSpeed: 100
2026-06-24 23:29:53,682 - mazeUtils.moveTile - [moveTile.py:79] - DEBUG - gyro:341.92999999999995 deg, derivative: -5.850000000000023, turnSpeed: 100
2026-06-24 23:29:53,711 - mazeUtils.moveTile - [moveTile.py:79] - DEBUG - gyro:338.13 deg, derivative: -3.7999999999999545, turnSpeed: 100
2026-06-24 23:29:53,736 - mazeUtils.moveTile - [moveTile.py:79] - DEBUG - gyro:336.21999999999997 deg, derivative: -1.910000000000025, turnSpeed: 100
2026-06-24 23:29:53,764 - mazeUtils.moveTile - [moveTile.py:79] - DEBUG - gyro:333.02 deg, derivative: -3.1999999999999886, turnSpeed: 100
2026-06-24 23:29:53,788 - mazeUtils.moveTile - [moveTile.py:79] - DEBUG - gyro:329.88 deg, derivative: -3.1399999999999864, turnSpeed: 100
2026-06-24 23:29:53,814 - mazeUtils.moveTile - [moveTile.py:79] - DEBUG - gyro:326.02 deg, derivative: -3.8600000000000136, turnSpeed: 100
2026-06-24 23:29:53,848 - mazeUtils.moveTile - [moveTile.py:79] - DEBUG - gyro:323.97999999999996 deg, derivative: -2.0400000000000205, turnSpeed: 100
2026-06-24 23:29:53,872 - mazeUtils.moveTile - [moveTile.py:79] - DEBUG - gyro:320.9 deg, derivative: -3.079999999999984, turnSpeed: 100
2026-06-24 23:29:53,899 - mazeUtils.moveTile - [moveTile.py:79] - DEBUG - gyro:317.71999999999997 deg, derivative: -3.180000000000007, turnSpeed: 95.43999999999994
2026-06-24 23:29:53,921 - mazeUtils.moveTile - [moveTile.py:79] - DEBUG - gyro:314.81 deg, derivative: -2.909999999999968, turnSpeed: 89.62
2026-06-24 23:29:53,947 - mazeUtils.moveTile - [moveTile.py:79] - DEBUG - gyro:311.12 deg, derivative: -3.6899999999999977, turnSpeed: 82.24000000000001
2026-06-24 23:29:53,973 - mazeUtils.moveTile - [moveTile.py:79] - DEBUG - gyro:307.79999999999995 deg, derivative: -3.32000000000005, turnSpeed: 75.59999999999991
2026-06-24 23:29:53,997 - mazeUtils.moveTile - [moveTile.py:79] - DEBUG - gyro:304.82 deg, derivative: -2.9799999999999613, turnSpeed: 69.63999999999999
2026-06-24 23:29:54,023 - mazeUtils.moveTile - [moveTile.py:79] - DEBUG - gyro:301.79999999999995 deg, derivative: -3.0200000000000387, turnSpeed: 63.59999999999991
2026-06-24 23:29:54,050 - mazeUtils.moveTile - [moveTile.py:79] - DEBUG - gyro:299.4 deg, derivative: -2.3999999999999773, turnSpeed: 58.799999999999955
2026-06-24 23:29:54,080 - mazeUtils.moveTile - [moveTile.py:79] - DEBUG - gyro:296.32 deg, derivative: -3.079999999999984, turnSpeed: 52.639999999999986
2026-06-24 23:29:54,107 - mazeUtils.moveTile - [moveTile.py:79] - DEBUG - gyro:294.9 deg, derivative: -1.420000000000016, turnSpeed: 49.799999999999955
2026-06-24 23:29:54,133 - mazeUtils.moveTile - [moveTile.py:79] - DEBUG - gyro:292.53 deg, derivative: -2.3700000000000045, turnSpeed: 45.059999999999945
2026-06-24 23:29:54,162 - mazeUtils.moveTile - [moveTile.py:79] - DEBUG - gyro:291.12 deg, derivative: -1.4099999999999682, turnSpeed: 42.24000000000001
2026-06-24 23:29:54,191 - mazeUtils.moveTile - [moveTile.py:79] - DEBUG - gyro:289.47999999999996 deg, derivative: -1.6400000000000432, turnSpeed: 38.95999999999992
2026-06-24 23:29:54,218 - mazeUtils.moveTile - [moveTile.py:79] - DEBUG - gyro:287.95 deg, derivative: -1.5299999999999727, turnSpeed: 35.89999999999998
2026-06-24 23:29:54,244 - mazeUtils.moveTile - [moveTile.py:79] - DEBUG - gyro:286.48999999999995 deg, derivative: -1.4600000000000364, turnSpeed: 32.979999999999905
2026-06-24 23:29:54,267 - mazeUtils.moveTile - [moveTile.py:79] - DEBUG - gyro:285.65 deg, derivative: -0.839999999999975, turnSpeed: 31.299999999999955
2026-06-24 23:29:54,290 - mazeUtils.moveTile - [moveTile.py:79] - DEBUG - gyro:284.32 deg, derivative: -1.329999999999984, turnSpeed: 28.639999999999986
2026-06-24 23:29:54,317 - mazeUtils.moveTile - [moveTile.py:79] - DEBUG - gyro:283.16999999999996 deg, derivative: -1.150000000000034, turnSpeed: 26.339999999999918
2026-06-24 23:29:54,342 - mazeUtils.moveTile - [moveTile.py:79] - DEBUG - gyro:282.27 deg, derivative: -0.8999999999999773, turnSpeed: 24.539999999999964
2026-06-24 23:29:54,369 - mazeUtils.moveTile - [moveTile.py:79] - DEBUG - gyro:281.46999999999997 deg, derivative: -0.8000000000000114, turnSpeed: 22.93999999999994
2026-06-24 23:29:54,396 - mazeUtils.moveTile - [moveTile.py:79] - DEBUG - gyro:280.5 deg, derivative: -0.9699999999999704, turnSpeed: 21.0
2026-06-24 23:29:54,423 - mazeUtils.moveTile - [moveTile.py:79] - DEBUG - gyro:279.73999999999995 deg, derivative: -0.7600000000000477, turnSpeed: 19.479999999999905
2026-06-24 23:29:54,446 - mazeUtils.moveTile - [moveTile.py:79] - DEBUG - gyro:278.88 deg, derivative: -0.8599999999999568, turnSpeed: 17.75999999999999
2026-06-24 23:29:54,476 - mazeUtils.moveTile - [moveTile.py:79] - DEBUG - gyro:277.98999999999995 deg, derivative: -0.8900000000000432, turnSpeed: 15.979999999999905
2026-06-24 23:29:54,503 - mazeUtils.moveTile - [moveTile.py:79] - DEBUG - gyro:277.01 deg, derivative: -0.9799999999999613, turnSpeed: 14.019999999999982
2026-06-24 23:29:54,527 - mazeUtils.moveTile - [moveTile.py:79] - DEBUG - gyro:276.4 deg, derivative: -0.6100000000000136, turnSpeed: 12.799999999999955
2026-06-24 23:29:54,551 - mazeUtils.moveTile - [moveTile.py:79] - DEBUG - gyro:275.92999999999995 deg, derivative: -0.4700000000000273, turnSpeed: 11.8599999999999
2026-06-24 23:29:54,574 - mazeUtils.moveTile - [moveTile.py:79] - DEBUG - gyro:275.42999999999995 deg, derivative: -0.5, turnSpeed: 10.8599999999999
2026-06-24 23:29:54,600 - mazeUtils.moveTile - [moveTile.py:79] - DEBUG - gyro:274.94 deg, derivative: -0.48999999999995225, turnSpeed: 9.879999999999995
2026-06-24 23:29:54,630 - mazeUtils.moveTile - [moveTile.py:79] - DEBUG - gyro:274.39 deg, derivative: -0.5500000000000114, turnSpeed: 8.779999999999973
2026-06-24 23:29:54,656 - mazeUtils.moveTile - [moveTile.py:79] - DEBUG - gyro:273.76 deg, derivative: -0.6299999999999955, turnSpeed: 7.519999999999982
2026-06-24 23:29:54,679 - mazeUtils.moveTile - [moveTile.py:79] - DEBUG - gyro:273.48999999999995 deg, derivative: -0.27000000000003865, turnSpeed: 6.9799999999999045
2026-06-24 23:29:54,703 - mazeUtils.moveTile - [moveTile.py:79] - DEBUG - gyro:273.08 deg, derivative: -0.40999999999996817, turnSpeed: 6.159999999999968
2026-06-24 23:29:54,727 - mazeUtils.moveTile - [moveTile.py:79] - DEBUG - gyro:272.91999999999996 deg, derivative: -0.160000000000025, turnSpeed: 5.839999999999918
2026-06-24 23:29:54,751 - mazeUtils.moveTile - [moveTile.py:79] - DEBUG - gyro:272.79999999999995 deg, derivative: -0.12000000000000455, turnSpeed: 5.599999999999909
2026-06-24 23:29:54,778 - mazeUtils.moveTile - [moveTile.py:79] - DEBUG - gyro:272.65999999999997 deg, derivative: -0.13999999999998636, turnSpeed: 5.319999999999936
2026-06-24 23:29:54,803 - mazeUtils.moveTile - [moveTile.py:79] - DEBUG - gyro:272.51 deg, derivative: -0.14999999999997726, turnSpeed: 5.019999999999982
2026-06-24 23:29:54,833 - mazeUtils.moveTile - [moveTile.py:79] - DEBUG - gyro:272.29999999999995 deg, derivative: -0.21000000000003638, turnSpeed: 4.599999999999909
2026-06-24 23:29:54,861 - mazeUtils.moveTile - [moveTile.py:79] - DEBUG - gyro:272.10999999999996 deg, derivative: -0.18999999999999773, turnSpeed: 4.219999999999914
2026-06-24 23:29:54,889 - mazeUtils.moveTile - [moveTile.py:79] - DEBUG - gyro:271.95 deg, derivative: -0.15999999999996817, turnSpeed: 3.8999999999999773
2026-06-24 23:29:54,908 - mazeUtils.moveTile - [moveTile.py:79] - DEBUG - Turned to heading: 271.95 deg
2026-06-24 23:29:55,161 - picamera2.picamera2 - [picamera2.py:1391] - DEBUG - Execute job: <picamera2.job.Job object at 0x7f88865090>
2026-06-24 23:29:55,165 - mazeUtils.device.camera - [camera.py:39] - DEBUG - Average HSV: H=157.5, S=13.3, V=230.8
2026-06-24 23:29:55,199 - mazeUtils.moveTile - [moveTile.py:79] - DEBUG - roll: 359.66 deg, practicalMoveTime: 0.042949351997222295 sec
2026-06-24 23:29:55,199 - mazeUtils.moveTile - [moveTile.py:1763] - DEBUG - moveTile loop time: 43.2 ms
2026-06-24 23:29:55,210 - picamera2.picamera2 - [picamera2.py:1391] - DEBUG - Execute job: <picamera2.job.Job object at 0x7f888c4750>
2026-06-24 23:29:55,213 - mazeUtils.device.camera - [camera.py:39] - DEBUG - Average HSV: H=158.5, S=13.1, V=231.8
2026-06-24 23:29:55,255 - mazeUtils.moveTile - [moveTile.py:79] - DEBUG - roll: 359.74 deg, practicalMoveTime: 0.09882942120109806 sec
2026-06-24 23:29:55,256 - mazeUtils.moveTile - [moveTile.py:1763] - DEBUG - moveTile loop time: 56.0 ms
2026-06-24 23:29:55,261 - picamera2.picamera2 - [picamera2.py:1391] - DEBUG - Execute job: <picamera2.job.Job object at 0x7f888c46d0>
2026-06-24 23:29:55,264 - mazeUtils.device.camera - [camera.py:39] - DEBUG - Average HSV: H=157.4, S=12.6, V=232.9
2026-06-24 23:29:55,300 - mazeUtils.moveTile - [moveTile.py:79] - DEBUG - roll: 0.09000000000003183 deg, practicalMoveTime: 0.14274077551132175 sec
2026-06-24 23:29:55,300 - mazeUtils.moveTile - [moveTile.py:1763] - DEBUG - moveTile loop time: 44.2 ms
2026-06-24 23:29:55,310 - picamera2.picamera2 - [picamera2.py:1391] - DEBUG - Execute job: <picamera2.job.Job object at 0x7f888c4750>
2026-06-24 23:29:55,313 - mazeUtils.device.camera - [camera.py:39] - DEBUG - Average HSV: H=157.4, S=12.6, V=233.8
2026-06-24 23:29:55,350 - mazeUtils.moveTile - [moveTile.py:79] - DEBUG - roll: 359.75 deg, practicalMoveTime: 0.1927814076604757 sec
2026-06-24 23:29:55,351 - mazeUtils.moveTile - [moveTile.py:1763] - DEBUG - moveTile loop time: 50.3 ms
2026-06-24 23:29:55,357 - picamera2.picamera2 - [picamera2.py:1391] - DEBUG - Execute job: <picamera2.job.Job object at 0x7f888c4790>
2026-06-24 23:29:55,360 - mazeUtils.device.camera - [camera.py:39] - DEBUG - Average HSV: H=158.8, S=12.7, V=235.2
2026-06-24 23:29:55,397 - mazeUtils.moveTile - [moveTile.py:79] - DEBUG - roll: 0.06999999999999318 deg, practicalMoveTime: 0.23915888567331986 sec
2026-06-24 23:29:55,398 - mazeUtils.moveTile - [moveTile.py:1763] - DEBUG - moveTile loop time: 46.6 ms
2026-06-24 23:29:55,403 - picamera2.picamera2 - [picamera2.py:1391] - DEBUG - Execute job: <picamera2.job.Job object at 0x7f88865010>
2026-06-24 23:29:55,407 - mazeUtils.device.camera - [camera.py:39] - DEBUG - Average HSV: H=159.4, S=12.8, V=237.4
2026-06-24 23:29:55,442 - mazeUtils.moveTile - [moveTile.py:79] - DEBUG - roll: 0.0 deg, practicalMoveTime: 0.2831486965826816 sec
2026-06-24 23:29:55,442 - mazeUtils.moveTile - [moveTile.py:1763] - DEBUG - moveTile loop time: 44.3 ms
2026-06-24 23:29:55,447 - picamera2.picamera2 - [picamera2.py:1391] - DEBUG - Execute job: <picamera2.job.Job object at 0x7f888c4750>
2026-06-24 23:29:55,450 - mazeUtils.device.camera - [camera.py:39] - DEBUG - Average HSV: H=160.2, S=12.9, V=240.0
2026-06-24 23:29:55,487 - mazeUtils.moveTile - [moveTile.py:79] - DEBUG - roll: 359.64 deg, practicalMoveTime: 0.32806147040080347 sec
2026-06-24 23:29:55,487 - mazeUtils.moveTile - [moveTile.py:1763] - DEBUG - moveTile loop time: 45.1 ms
2026-06-24 23:29:55,499 - picamera2.picamera2 - [picamera2.py:1391] - DEBUG - Execute job: <picamera2.job.Job object at 0x7f88864f90>
2026-06-24 23:29:55,502 - mazeUtils.device.camera - [camera.py:39] - DEBUG - Average HSV: H=161.5, S=22.0, V=224.7
2026-06-24 23:29:55,536 - mazeUtils.moveTile - [moveTile.py:79] - DEBUG - roll: 0.09000000000003183 deg, practicalMoveTime: 0.37609279977788707 sec
2026-06-24 23:29:55,536 - mazeUtils.moveTile - [moveTile.py:1763] - DEBUG - moveTile loop time: 48.4 ms
2026-06-24 23:29:55,540 - picamera2.picamera2 - [picamera2.py:1391] - DEBUG - Execute job: <picamera2.job.Job object at 0x7f88866310>
2026-06-24 23:29:55,544 - mazeUtils.device.camera - [camera.py:39] - DEBUG - Average HSV: H=165.5, S=29.9, V=211.5
2026-06-24 23:29:55,588 - mazeUtils.moveTile - [moveTile.py:79] - DEBUG - roll: 358.16 deg, practicalMoveTime: 0.4275061127405756 sec
2026-06-24 23:29:55,588 - mazeUtils.moveTile - [moveTile.py:1763] - DEBUG - moveTile loop time: 51.6 ms
2026-06-24 23:29:55,593 - picamera2.picamera2 - [picamera2.py:1391] - DEBUG - Execute job: <picamera2.job.Job object at 0x7f888c46d0>
2026-06-24 23:29:55,597 - mazeUtils.device.camera - [camera.py:39] - DEBUG - Average HSV: H=171.0, S=25.7, V=223.1
2026-06-24 23:29:55,634 - mazeUtils.moveTile - [moveTile.py:79] - DEBUG - roll: 359.24 deg, practicalMoveTime: 0.47324252784257126 sec
2026-06-24 23:29:55,634 - mazeUtils.moveTile - [moveTile.py:1763] - DEBUG - moveTile loop time: 46.0 ms
2026-06-24 23:29:55,647 - picamera2.picamera2 - [picamera2.py:1391] - DEBUG - Execute job: <picamera2.job.Job object at 0x7f888653d0>
2026-06-24 23:29:55,652 - mazeUtils.device.camera - [camera.py:39] - DEBUG - Average HSV: H=169.5, S=15.7, V=243.7
2026-06-24 23:29:55,690 - mazeUtils.moveTile - [moveTile.py:79] - DEBUG - roll: 1.8000000000000114 deg, practicalMoveTime: 0.5287842130896141 sec
2026-06-24 23:29:55,690 - mazeUtils.moveTile - [moveTile.py:1763] - DEBUG - moveTile loop time: 55.7 ms
2026-06-24 23:29:55,696 - picamera2.picamera2 - [picamera2.py:1391] - DEBUG - Execute job: <picamera2.job.Job object at 0x7f88865290>
2026-06-24 23:29:55,700 - mazeUtils.device.camera - [camera.py:39] - DEBUG - Average HSV: H=131.6, S=19.1, V=247.8
2026-06-24 23:29:55,747 - mazeUtils.moveTile - [moveTile.py:79] - DEBUG - roll: 3.2099999999999795 deg, practicalMoveTime: 0.5848449175690106 sec
2026-06-24 23:29:55,747 - mazeUtils.moveTile - [moveTile.py:1763] - DEBUG - moveTile loop time: 56.4 ms
2026-06-24 23:29:55,754 - picamera2.picamera2 - [picamera2.py:1391] - DEBUG - Execute job: <picamera2.job.Job object at 0x7f888650d0>
2026-06-24 23:29:55,757 - mazeUtils.device.camera - [camera.py:39] - DEBUG - Average HSV: H=133.5, S=18.7, V=249.1
2026-06-24 23:29:55,790 - mazeUtils.moveTile - [moveTile.py:79] - DEBUG - roll: 3.25 deg, practicalMoveTime: 0.6271489253442687 sec
2026-06-24 23:29:55,790 - mazeUtils.moveTile - [moveTile.py:1763] - DEBUG - moveTile loop time: 42.6 ms
2026-06-24 23:29:55,795 - picamera2.picamera2 - [picamera2.py:1391] - DEBUG - Execute job: <picamera2.job.Job object at 0x7f888c4790>
2026-06-24 23:29:55,798 - mazeUtils.device.camera - [camera.py:39] - DEBUG - Average HSV: H=134.2, S=18.9, V=244.6
2026-06-24 23:29:55,839 - mazeUtils.moveTile - [moveTile.py:79] - DEBUG - roll: 2.930000000000007 deg, practicalMoveTime: 0.6759530012291851 sec
2026-06-24 23:29:55,839 - mazeUtils.moveTile - [moveTile.py:1763] - DEBUG - moveTile loop time: 49.1 ms
2026-06-24 23:29:55,851 - picamera2.picamera2 - [picamera2.py:1391] - DEBUG - Execute job: <picamera2.job.Job object at 0x7f88866310>
2026-06-24 23:29:55,855 - mazeUtils.device.camera - [camera.py:39] - DEBUG - Average HSV: H=134.8, S=21.4, V=236.3
2026-06-24 23:29:55,893 - mazeUtils.moveTile - [moveTile.py:79] - DEBUG - roll: 3.4499999999999886 deg, practicalMoveTime: 0.7290353069009899 sec
2026-06-24 23:29:55,893 - mazeUtils.moveTile - [moveTile.py:1763] - DEBUG - moveTile loop time: 53.6 ms
2026-06-24 23:29:55,904 - picamera2.picamera2 - [picamera2.py:1391] - DEBUG - Execute job: <picamera2.job.Job object at 0x7f88865010>
2026-06-24 23:29:55,909 - mazeUtils.device.camera - [camera.py:39] - DEBUG - Average HSV: H=128.8, S=43.1, V=219.3
2026-06-24 23:29:55,941 - mazeUtils.moveTile - [moveTile.py:79] - DEBUG - roll: 4.1299999999999955 deg, practicalMoveTime: 0.7769047932402161 sec
2026-06-24 23:29:55,942 - mazeUtils.moveTile - [moveTile.py:1763] - DEBUG - moveTile loop time: 48.4 ms
2026-06-24 23:29:55,947 - picamera2.picamera2 - [picamera2.py:1391] - DEBUG - Execute job: <picamera2.job.Job object at 0x7f888652d0>
2026-06-24 23:29:55,951 - mazeUtils.device.camera - [camera.py:39] - DEBUG - Average HSV: H=125.1, S=53.2, V=216.6
2026-06-24 23:29:55,989 - mazeUtils.moveTile - [moveTile.py:79] - DEBUG - roll: 0.8600000000000136 deg, practicalMoveTime: 0.8235415361180316 sec
2026-06-24 23:29:55,989 - mazeUtils.moveTile - [moveTile.py:1763] - DEBUG - moveTile loop time: 47.0 ms
2026-06-24 23:29:56,001 - picamera2.picamera2 - [picamera2.py:1391] - DEBUG - Execute job: <picamera2.job.Job object at 0x7f88865290>
2026-06-24 23:29:56,004 - mazeUtils.device.camera - [camera.py:39] - DEBUG - Average HSV: H=124.3, S=31.6, V=238.1
2026-06-24 23:29:56,045 - mazeUtils.moveTile - [moveTile.py:1636] - INFO - practicalVerticalMove: 0.5377269130591442 CM
2026-06-24 23:29:56,095 - mazeUtils.moveTile - [moveTile.py:79] - DEBUG - Little forward to adjust position
2026-06-24 23:29:56,255 - mazeUtils.moveTile - [moveTile.py:1959] - INFO - Set moved vertical distance: 0.5377269130591442 cm, past distances: [(0, False), (0, False), (0, False)]
2026-06-24 23:29:56,393 - mazeUtils.moveTile - [moveTile.py:552] - DEBUG - Direction: absDirection.NORTH, Angle: 90, Distance: 52.11420714539981 cm
2026-06-24 23:29:56,395 - mazeUtils.moveTile - [moveTile.py:552] - DEBUG - Direction: absDirection.EAST, Angle: 0, Distance: 13.725755268031218 cm
2026-06-24 23:29:56,395 - mazeUtils.moveTile - [moveTile.py:574] - DEBUG - Front LiDAR distance: 13.725755268031218 cm, TSD10 distance: 1.8 cm
2026-06-24 23:29:56,397 - mazeUtils.moveTile - [moveTile.py:552] - DEBUG - Direction: absDirection.SOUTH, Angle: 270, Distance: 47.161550580698325 cm
2026-06-24 23:29:56,398 - mazeUtils.moveTile - [moveTile.py:552] - DEBUG - Direction: absDirection.WEST, Angle: 180, Distance: 81.58555994895951 cm
2026-06-24 23:29:56,400 - mazeUtils.moveTile - [moveTile.py:2119] - INFO - Tile color detection, decided tile type: E
2026-06-24 23:29:56,492 - __main__ - [main.py:105] - INFO - Current position: (18, 18, 0), front direction: absDirection.EAST
Layer 0 (altitude=0.0cm, offset=(0.0cm, 0.0cm)):
Known map area: x=15..20, y=15..20
+   +   +   +   +   +---+
  U   U   U   U   U   E |
+   +   +   +   +   +   +
  U   U   U   U   U   E |
+   +   +   +   +   +   +
  U   U   E   U   U | E |
+   +   +   +   +   +   +
  U   U   E   @ | U | E |
+---+---+   +   +   +   +
| E   E | E   E   E   E |
+   +   +   +---+---+   +
| E   E   E | U   U | E |
+---+---+---+   +   +---+
Layer 1 (altitude=15.0cm, offset=(0.0cm, -60.0cm)):
Known map area: x=17..18, y=17..17
+---+---+
| E   E  
+   +   +
mazeAsGraph[0][15][20] = {absDirection.NORTH: None, absDirection.EAST: None, absDirection.SOUTH: (20, 16, 0, 30), absDirection.WEST: (18, 17, 1, 60)}
mazeAsGraph[0][16][20] = {absDirection.NORTH: (20, 15, 0, 30), absDirection.EAST: None, absDirection.SOUTH: (20, 17, 0, 30), absDirection.WEST: (19, 16, 0, 30)}
mazeAsGraph[0][17][17] = {absDirection.NORTH: (17, 17, 1, 60), absDirection.EAST: (18, 17, 0, 30), absDirection.SOUTH: (17, 18, 0, 30), absDirection.WEST: (16, 17, 0, 30)}
mazeAsGraph[0][17][20] = {absDirection.NORTH: (20, 16, 0, 30), absDirection.EAST: None, absDirection.SOUTH: (20, 18, 0, 30), absDirection.WEST: None}
mazeAsGraph[0][18][17] = {absDirection.NORTH: (17, 17, 0, 30), absDirection.EAST: (18, 18, 0, 30), absDirection.SOUTH: (17, 19, 0, 30), absDirection.WEST: (16, 18, 0, 30)}
mazeAsGraph[0][18][18] = {absDirection.NORTH: (18, 17, 0, 30), absDirection.EAST: None, absDirection.SOUTH: (18, 19, 0, 30), absDirection.WEST: (17, 18, 0, 30)}
mazeAsGraph[0][18][20] = {absDirection.NORTH: (20, 17, 0, 30), absDirection.EAST: None, absDirection.SOUTH: (20, 19, 0, 30), absDirection.WEST: None}
mazeAsGraph[0][19][15] = {absDirection.NORTH: None, absDirection.EAST: (16, 19, 0, 30), absDirection.SOUTH: (15, 20, 0, 30), absDirection.WEST: None}
mazeAsGraph[0][19][16] = {absDirection.NORTH: None, absDirection.EAST: None, absDirection.SOUTH: (16, 20, 0, 30), absDirection.WEST: (15, 19, 0, 30)}
mazeAsGraph[0][19][17] = {absDirection.NORTH: (17, 18, 0, 30), absDirection.EAST: (18, 19, 0, 30), absDirection.SOUTH: (17, 20, 0, 30), absDirection.WEST: None}
mazeAsGraph[0][19][18] = {absDirection.NORTH: (18, 18, 0, 30), absDirection.EAST: (19, 19, 0, 30), absDirection.SOUTH: None, absDirection.WEST: (17, 19, 0, 30)}
mazeAsGraph[0][19][19] = {absDirection.NORTH: (19, 18, 0, 30), absDirection.EAST: (20, 19, 0, 30), absDirection.SOUTH: None, absDirection.WEST: (18, 19, 0, 30)}
mazeAsGraph[0][19][20] = {absDirection.NORTH: (20, 18, 0, 30), absDirection.EAST: None, absDirection.SOUTH: (20, 20, 0, 30), absDirection.WEST: (19, 19, 0, 30)}
mazeAsGraph[0][20][15] = {absDirection.NORTH: (15, 19, 0, 30), absDirection.EAST: (16, 20, 0, 30), absDirection.SOUTH: None, absDirection.WEST: None}
mazeAsGraph[0][20][16] = {absDirection.NORTH: (16, 19, 0, 30), absDirection.EAST: (17, 20, 0, 30), absDirection.SOUTH: None, absDirection.WEST: (15, 20, 0, 30)}
mazeAsGraph[0][20][17] = {absDirection.NORTH: (17, 19, 0, 30), absDirection.EAST: None, absDirection.SOUTH: None, absDirection.WEST: (16, 20, 0, 30)}
mazeAsGraph[0][20][20] = {absDirection.NORTH: (20, 19, 0, 30), absDirection.EAST: None, absDirection.SOUTH: None, absDirection.WEST: None}
mazeAsGraph[1][17][17] = {absDirection.NORTH: None, absDirection.EAST: (18, 17, 1, 30), absDirection.SOUTH: (17, 17, 0, 60), absDirection.WEST: None}
mazeAsGraph[1][17][18] = {absDirection.NORTH: None, absDirection.EAST: (20, 15, 0, 60), absDirection.SOUTH: (18, 18, 1, 30), absDirection.WEST: (17, 17, 1, 30)}
2026-06-24 23:29:56,498 - mazeUtils.mazeMap - [mazeMap.py:61] - INFO - next goal: (18, 17, 0)
2026-06-24 23:29:56,511 - mazeUtils.moveTile - [moveTile.py:79] - DEBUG - Moving to absDirection.NORTH from (18, 18, 0) facing absDirection.EAST
2026-06-24 23:29:56,521 - mazeUtils.moveTile - [moveTile.py:79] - DEBUG - Turning to 0 deg, current heading: 271.47999999999996 deg, turnAngle: -88.52000000000004 deg
2026-06-24 23:29:56,550 - mazeUtils.moveTile - [moveTile.py:79] - DEBUG - gyro:271.35999999999996 deg, derivative: -0.12000000000000455, turnSpeed: -100
2026-06-24 23:29:56,575 - mazeUtils.moveTile - [moveTile.py:79] - DEBUG - gyro:271.25 deg, derivative: -0.1099999999999568, turnSpeed: -100
2026-06-24 23:29:56,600 - mazeUtils.moveTile - [moveTile.py:79] - DEBUG - gyro:271.41999999999996 deg, derivative: 0.16999999999995907, turnSpeed: -100
2026-06-24 23:29:56,623 - mazeUtils.moveTile - [moveTile.py:79] - DEBUG - gyro:271.71 deg, derivative: 0.29000000000002046, turnSpeed: -100
2026-06-24 23:29:56,659 - mazeUtils.moveTile - [moveTile.py:79] - DEBUG - gyro:272.79999999999995 deg, derivative: 1.089999999999975, turnSpeed: -100
2026-06-24 23:29:56,686 - mazeUtils.moveTile - [moveTile.py:79] - DEBUG - gyro:276.17999999999995 deg, derivative: 3.3799999999999955, turnSpeed: -100
2026-06-24 23:29:56,725 - mazeUtils.moveTile - [moveTile.py:79] - DEBUG - gyro:281.07 deg, derivative: 4.890000000000043, turnSpeed: -100
2026-06-24 23:29:56,759 - mazeUtils.moveTile - [moveTile.py:79] - DEBUG - gyro:285.95 deg, derivative: 4.8799999999999955, turnSpeed: -100
2026-06-24 23:29:56,786 - mazeUtils.moveTile - [moveTile.py:79] - DEBUG - gyro:291.5 deg, derivative: 5.550000000000011, turnSpeed: -100
2026-06-24 23:29:56,812 - mazeUtils.moveTile - [moveTile.py:79] - DEBUG - gyro:293.97999999999996 deg, derivative: 2.4799999999999613, turnSpeed: -100
2026-06-24 23:29:56,835 - mazeUtils.moveTile - [moveTile.py:79] - DEBUG - gyro:296.38 deg, derivative: 2.400000000000034, turnSpeed: -100
2026-06-24 23:29:56,860 - mazeUtils.moveTile - [moveTile.py:79] - DEBUG - gyro:299.48999999999995 deg, derivative: 3.109999999999957, turnSpeed: -100
2026-06-24 23:29:56,887 - mazeUtils.moveTile - [moveTile.py:79] - DEBUG - gyro:302.69 deg, derivative: 3.2000000000000455, turnSpeed: -100
2026-06-24 23:29:56,914 - mazeUtils.moveTile - [moveTile.py:79] - DEBUG - gyro:305.28 deg, derivative: 2.589999999999975, turnSpeed: -100
2026-06-24 23:29:56,946 - mazeUtils.moveTile - [moveTile.py:79] - DEBUG - gyro:309.38 deg, derivative: 4.100000000000023, turnSpeed: -100
2026-06-24 23:29:56,976 - mazeUtils.moveTile - [moveTile.py:79] - DEBUG - gyro:314.06 deg, derivative: 4.680000000000007, turnSpeed: -91.88
2026-06-24 23:29:57,009 - mazeUtils.moveTile - [moveTile.py:79] - DEBUG - gyro:318.03999999999996 deg, derivative: 3.9799999999999613, turnSpeed: -83.92000000000007
2026-06-24 23:29:57,035 - mazeUtils.moveTile - [moveTile.py:79] - DEBUG - gyro:321.52 deg, derivative: 3.480000000000018, turnSpeed: -76.96000000000004
2026-06-24 23:29:57,060 - mazeUtils.moveTile - [moveTile.py:79] - DEBUG - gyro:324.77 deg, derivative: 3.25, turnSpeed: -70.46000000000004
2026-06-24 23:29:57,089 - mazeUtils.moveTile - [moveTile.py:79] - DEBUG - gyro:327.90999999999997 deg, derivative: 3.1399999999999864, turnSpeed: -64.18000000000006
2026-06-24 23:29:57,121 - mazeUtils.moveTile - [moveTile.py:79] - DEBUG - gyro:331.89 deg, derivative: 3.980000000000018, turnSpeed: -56.22000000000003
2026-06-24 23:29:57,150 - mazeUtils.moveTile - [moveTile.py:79] - DEBUG - gyro:334.85999999999996 deg, derivative: 2.9699999999999704, turnSpeed: -50.280000000000086
2026-06-24 23:29:57,176 - mazeUtils.moveTile - [moveTile.py:79] - DEBUG - gyro:337.71 deg, derivative: 2.8500000000000227, turnSpeed: -44.58000000000004
2026-06-24 23:29:57,203 - mazeUtils.moveTile - [moveTile.py:79] - DEBUG - gyro:339.79999999999995 deg, derivative: 2.089999999999975, turnSpeed: -40.40000000000009
2026-06-24 23:29:57,231 - mazeUtils.moveTile - [moveTile.py:79] - DEBUG - gyro:341.84999999999997 deg, derivative: 2.0500000000000114, turnSpeed: -36.30000000000007
2026-06-24 23:29:57,256 - mazeUtils.moveTile - [moveTile.py:79] - DEBUG - gyro:344.57 deg, derivative: 2.7200000000000273, turnSpeed: -30.860000000000014
2026-06-24 23:29:57,286 - mazeUtils.moveTile - [moveTile.py:79] - DEBUG - gyro:346.29999999999995 deg, derivative: 1.7299999999999613, turnSpeed: -27.40000000000009
2026-06-24 23:29:57,315 - mazeUtils.moveTile - [moveTile.py:79] - DEBUG - gyro:348.41999999999996 deg, derivative: 2.1200000000000045, turnSpeed: -23.160000000000082
2026-06-24 23:29:57,338 - mazeUtils.moveTile - [moveTile.py:79] - DEBUG - gyro:349.47999999999996 deg, derivative: 1.0600000000000023, turnSpeed: -21.040000000000077
2026-06-24 23:29:57,362 - mazeUtils.moveTile - [moveTile.py:79] - DEBUG - gyro:350.47999999999996 deg, derivative: 1.0, turnSpeed: -19.040000000000077
2026-06-24 23:29:57,391 - mazeUtils.moveTile - [moveTile.py:79] - DEBUG - gyro:350.9 deg, derivative: 0.4200000000000159, turnSpeed: -18.200000000000045
2026-06-24 23:29:57,420 - mazeUtils.moveTile - [moveTile.py:79] - DEBUG - gyro:351.59999999999997 deg, derivative: 0.6999999999999886, turnSpeed: -16.800000000000068
2026-06-24 23:29:57,447 - mazeUtils.moveTile - [moveTile.py:79] - DEBUG - gyro:352.34999999999997 deg, derivative: 0.75, turnSpeed: -15.300000000000068
2026-06-24 23:29:57,473 - mazeUtils.moveTile - [moveTile.py:79] - DEBUG - gyro:353.38 deg, derivative: 1.0300000000000296, turnSpeed: -13.240000000000009
2026-06-24 23:29:57,509 - mazeUtils.moveTile - [moveTile.py:79] - DEBUG - gyro:353.84999999999997 deg, derivative: 0.46999999999997044, turnSpeed: -12.300000000000068
2026-06-24 23:29:57,534 - mazeUtils.moveTile - [moveTile.py:79] - DEBUG - gyro:354.77 deg, derivative: 0.9200000000000159, turnSpeed: -10.460000000000036
2026-06-24 23:29:57,561 - mazeUtils.moveTile - [moveTile.py:79] - DEBUG - gyro:355.26 deg, derivative: 0.4900000000000091, turnSpeed: -9.480000000000018
2026-06-24 23:29:57,587 - mazeUtils.moveTile - [moveTile.py:79] - DEBUG - gyro:355.62 deg, derivative: 0.36000000000001364, turnSpeed: -8.759999999999991
2026-06-24 23:29:57,616 - mazeUtils.moveTile - [moveTile.py:79] - DEBUG - gyro:355.96 deg, derivative: 0.339999999999975, turnSpeed: -8.080000000000041
2026-06-24 23:29:57,644 - mazeUtils.moveTile - [moveTile.py:79] - DEBUG - gyro:356.32 deg, derivative: 0.36000000000001364, turnSpeed: -7.360000000000014
2026-06-24 23:29:57,669 - mazeUtils.moveTile - [moveTile.py:79] - DEBUG - gyro:356.66999999999996 deg, derivative: 0.3499999999999659, turnSpeed: -6.660000000000082
2026-06-24 23:29:57,693 - mazeUtils.moveTile - [moveTile.py:79] - DEBUG - gyro:356.95 deg, derivative: 0.28000000000002956, turnSpeed: -6.100000000000023
2026-06-24 23:29:57,717 - mazeUtils.moveTile - [moveTile.py:79] - DEBUG - gyro:357.22999999999996 deg, derivative: 0.2799999999999727, turnSpeed: -5.540000000000077
2026-06-24 23:29:57,740 - mazeUtils.moveTile - [moveTile.py:79] - DEBUG - gyro:357.5 deg, derivative: 0.27000000000003865, turnSpeed: -5.0
2026-06-24 23:29:57,766 - mazeUtils.moveTile - [moveTile.py:79] - DEBUG - gyro:357.76 deg, derivative: 0.2599999999999909, turnSpeed: -4.480000000000018
2026-06-24 23:29:57,793 - mazeUtils.moveTile - [moveTile.py:79] - DEBUG - gyro:357.96999999999997 deg, derivative: 0.20999999999997954, turnSpeed: -4.060000000000059
2026-06-24 23:29:57,821 - mazeUtils.moveTile - [moveTile.py:79] - DEBUG - gyro:358.21 deg, derivative: 0.2400000000000091, turnSpeed: -3.580000000000041
2026-06-24 23:29:57,840 - mazeUtils.moveTile - [moveTile.py:79] - DEBUG - Turned to heading: 358.21 deg
2026-06-24 23:29:58,065 - picamera2.picamera2 - [picamera2.py:1391] - DEBUG - Execute job: <picamera2.job.Job object at 0x7f8a3e7090>
2026-06-24 23:29:58,070 - mazeUtils.device.camera - [camera.py:39] - DEBUG - Average HSV: H=132.6, S=20.9, V=241.9
2026-06-24 23:29:58,105 - mazeUtils.moveTile - [moveTile.py:79] - DEBUG - roll: 358.8 deg, practicalMoveTime: 0.049675144599430926 sec
2026-06-24 23:29:58,105 - mazeUtils.moveTile - [moveTile.py:1763] - DEBUG - moveTile loop time: 48.8 ms
2026-06-24 23:29:58,113 - picamera2.picamera2 - [picamera2.py:1391] - DEBUG - Execute job: <picamera2.job.Job object at 0x7f8a3e7010>
2026-06-24 23:29:58,117 - mazeUtils.device.camera - [camera.py:39] - DEBUG - Average HSV: H=133.2, S=20.2, V=241.5
2026-06-24 23:29:58,160 - mazeUtils.moveTile - [moveTile.py:79] - DEBUG - roll: 358.71 deg, practicalMoveTime: 0.10478970833068532 sec
2026-06-24 23:29:58,161 - mazeUtils.moveTile - [moveTile.py:1763] - DEBUG - moveTile loop time: 55.5 ms
2026-06-24 23:29:58,166 - picamera2.picamera2 - [picamera2.py:1391] - DEBUG - Execute job: <picamera2.job.Job object at 0x7f8a3e7050>
2026-06-24 23:29:58,169 - mazeUtils.device.camera - [camera.py:39] - DEBUG - Average HSV: H=130.9, S=25.2, V=231.0
2026-06-24 23:29:58,208 - mazeUtils.moveTile - [moveTile.py:79] - DEBUG - roll: 358.63 deg, practicalMoveTime: 0.1512355703459175 sec
2026-06-24 23:29:58,208 - mazeUtils.moveTile - [moveTile.py:1763] - DEBUG - moveTile loop time: 46.7 ms
2026-06-24 23:29:58,215 - picamera2.picamera2 - [picamera2.py:1391] - DEBUG - Execute job: <picamera2.job.Job object at 0x7f88649e10>
2026-06-24 23:29:58,218 - mazeUtils.device.camera - [camera.py:39] - DEBUG - Average HSV: H=120.6, S=110.2, V=34.6
2026-06-24 23:29:58,261 - mazeUtils.moveTile - [moveTile.py:79] - DEBUG - roll: 357.9 deg, practicalMoveTime: 0.20385446208304508 sec
2026-06-24 23:29:58,261 - mazeUtils.moveTile - [moveTile.py:1763] - DEBUG - moveTile loop time: 53.0 ms
2026-06-24 23:29:58,266 - picamera2.picamera2 - [picamera2.py:1391] - DEBUG - Execute job: <picamera2.job.Job object at 0x7f8a3e7350>
2026-06-24 23:29:58,270 - mazeUtils.device.camera - [camera.py:39] - DEBUG - Average HSV: H=118.6, S=100.3, V=40.2
2026-06-24 23:29:58,313 - mazeUtils.moveTile - [moveTile.py:79] - DEBUG - roll: 0.8700000000000045 deg, practicalMoveTime: 0.25520621136067895 sec
2026-06-24 23:29:58,313 - mazeUtils.moveTile - [moveTile.py:1763] - DEBUG - moveTile loop time: 51.6 ms
2026-06-24 23:29:58,318 - picamera2.picamera2 - [picamera2.py:1391] - DEBUG - Execute job: <picamera2.job.Job object at 0x7f8a3e7010>
2026-06-24 23:29:58,321 - mazeUtils.device.camera - [camera.py:39] - DEBUG - Average HSV: H=116.9, S=121.8, V=47.9
2026-06-24 23:29:58,357 - mazeUtils.moveTile - [moveTile.py:79] - DEBUG - roll: 0.09000000000003183 deg, practicalMoveTime: 0.29872403590117214 sec
2026-06-24 23:29:58,357 - mazeUtils.moveTile - [moveTile.py:1763] - DEBUG - moveTile loop time: 43.9 ms
2026-06-24 23:29:58,362 - picamera2.picamera2 - [picamera2.py:1391] - DEBUG - Execute job: <picamera2.job.Job object at 0x7f88649e10>
2026-06-24 23:29:58,365 - mazeUtils.device.camera - [camera.py:39] - DEBUG - Average HSV: H=116.3, S=130.0, V=48.6
2026-06-24 23:29:58,404 - mazeUtils.moveTile - [moveTile.py:79] - DEBUG - roll: 358.98 deg, practicalMoveTime: 0.345677666391527 sec
2026-06-24 23:29:58,405 - mazeUtils.moveTile - [moveTile.py:1763] - DEBUG - moveTile loop time: 47.2 ms
2026-06-24 23:29:58,410 - picamera2.picamera2 - [picamera2.py:1391] - DEBUG - Execute job: <picamera2.job.Job object at 0x7f8a3e7090>
2026-06-24 23:29:58,413 - mazeUtils.device.camera - [camera.py:39] - DEBUG - Average HSV: H=115.7, S=133.2, V=49.0
2026-06-24 23:29:58,447 - mazeUtils.moveTile - [moveTile.py:79] - DEBUG - roll: 2.009999999999991 deg, practicalMoveTime: 0.38766693524707635 sec
2026-06-24 23:29:58,447 - mazeUtils.moveTile - [moveTile.py:1763] - DEBUG - moveTile loop time: 42.2 ms
2026-06-24 23:29:58,452 - picamera2.picamera2 - [picamera2.py:1391] - DEBUG - Execute job: <picamera2.job.Job object at 0x7f88649f50>
2026-06-24 23:29:58,455 - mazeUtils.device.camera - [camera.py:39] - DEBUG - Average HSV: H=114.8, S=152.8, V=55.7
2026-06-24 23:29:58,506 - mazeUtils.moveTile - [moveTile.py:240] - INFO - Black tile detected! Stopping movement. Starting escape maneuver.
2026-06-24 23:29:58,938 - mazeUtils.moveTile - [moveTile.py:79] - DEBUG - Escape maneuver complete.
2026-06-24 23:29:58,972 - __main__ - [main.py:105] - INFO - Current position: (18, 18, 0), front direction: absDirection.NORTH
Layer 0 (altitude=0.0cm, offset=(0.0cm, 0.0cm)):
Known map area: x=15..20, y=15..20
+   +   +   +   +   +---+
  U   U   U   U   U   E |
+   +   +   +   +   +   +
  U   U   U   U   U   E |
+   +   +   +   +   +   +
  U   U   E   B   U | E |
+   +   +   +   +   +   +
  U   U   E   @ | U | E |
+---+---+   +   +   +   +
| E   E | E   E   E   E |
+   +   +   +---+---+   +
| E   E   E | U   U | E |
+---+---+---+   +   +---+
Layer 1 (altitude=15.0cm, offset=(0.0cm, -60.0cm)):
Known map area: x=17..18, y=17..17
+---+---+
| E   E  
+   +   +
mazeAsGraph[0][15][20] = {absDirection.NORTH: None, absDirection.EAST: None, absDirection.SOUTH: (20, 16, 0, 30), absDirection.WEST: (18, 17, 1, 60)}
mazeAsGraph[0][16][20] = {absDirection.NORTH: (20, 15, 0, 30), absDirection.EAST: None, absDirection.SOUTH: (20, 17, 0, 30), absDirection.WEST: (19, 16, 0, 30)}
mazeAsGraph[0][17][17] = {absDirection.NORTH: (17, 17, 1, 60), absDirection.EAST: None, absDirection.SOUTH: (17, 18, 0, 30), absDirection.WEST: (16, 17, 0, 30)}
mazeAsGraph[0][17][18] = {absDirection.NORTH: None, absDirection.EAST: None, absDirection.SOUTH: None, absDirection.WEST: None}
mazeAsGraph[0][17][20] = {absDirection.NORTH: (20, 16, 0, 30), absDirection.EAST: None, absDirection.SOUTH: (20, 18, 0, 30), absDirection.WEST: None}
mazeAsGraph[0][18][17] = {absDirection.NORTH: (17, 17, 0, 30), absDirection.EAST: (18, 18, 0, 30), absDirection.SOUTH: (17, 19, 0, 30), absDirection.WEST: (16, 18, 0, 30)}
mazeAsGraph[0][18][18] = {absDirection.NORTH: None, absDirection.EAST: None, absDirection.SOUTH: (18, 19, 0, 30), absDirection.WEST: (17, 18, 0, 30)}
mazeAsGraph[0][18][20] = {absDirection.NORTH: (20, 17, 0, 30), absDirection.EAST: None, absDirection.SOUTH: (20, 19, 0, 30), absDirection.WEST: None}
mazeAsGraph[0][19][15] = {absDirection.NORTH: None, absDirection.EAST: (16, 19, 0, 30), absDirection.SOUTH: (15, 20, 0, 30), absDirection.WEST: None}
mazeAsGraph[0][19][16] = {absDirection.NORTH: None, absDirection.EAST: None, absDirection.SOUTH: (16, 20, 0, 30), absDirection.WEST: (15, 19, 0, 30)}
mazeAsGraph[0][19][17] = {absDirection.NORTH: (17, 18, 0, 30), absDirection.EAST: (18, 19, 0, 30), absDirection.SOUTH: (17, 20, 0, 30), absDirection.WEST: None}
mazeAsGraph[0][19][18] = {absDirection.NORTH: (18, 18, 0, 30), absDirection.EAST: (19, 19, 0, 30), absDirection.SOUTH: None, absDirection.WEST: (17, 19, 0, 30)}
mazeAsGraph[0][19][19] = {absDirection.NORTH: (19, 18, 0, 30), absDirection.EAST: (20, 19, 0, 30), absDirection.SOUTH: None, absDirection.WEST: (18, 19, 0, 30)}
mazeAsGraph[0][19][20] = {absDirection.NORTH: (20, 18, 0, 30), absDirection.EAST: None, absDirection.SOUTH: (20, 20, 0, 30), absDirection.WEST: (19, 19, 0, 30)}
mazeAsGraph[0][20][15] = {absDirection.NORTH: (15, 19, 0, 30), absDirection.EAST: (16, 20, 0, 30), absDirection.SOUTH: None, absDirection.WEST: None}
mazeAsGraph[0][20][16] = {absDirection.NORTH: (16, 19, 0, 30), absDirection.EAST: (17, 20, 0, 30), absDirection.SOUTH: None, absDirection.WEST: (15, 20, 0, 30)}
mazeAsGraph[0][20][17] = {absDirection.NORTH: (17, 19, 0, 30), absDirection.EAST: None, absDirection.SOUTH: None, absDirection.WEST: (16, 20, 0, 30)}
mazeAsGraph[0][20][20] = {absDirection.NORTH: (20, 19, 0, 30), absDirection.EAST: None, absDirection.SOUTH: None, absDirection.WEST: None}
mazeAsGraph[1][17][17] = {absDirection.NORTH: None, absDirection.EAST: (18, 17, 1, 30), absDirection.SOUTH: (17, 17, 0, 60), absDirection.WEST: None}
mazeAsGraph[1][17][18] = {absDirection.NORTH: None, absDirection.EAST: (20, 15, 0, 60), absDirection.SOUTH: (18, 18, 1, 30), absDirection.WEST: (17, 17, 1, 30)}
2026-06-24 23:29:58,979 - mazeUtils.mazeMap - [mazeMap.py:61] - INFO - next goal: (16, 18, 0)
2026-06-24 23:29:58,986 - mazeUtils.moveTile - [moveTile.py:79] - DEBUG - Moving to absDirection.WEST from (18, 18, 0) facing absDirection.NORTH
2026-06-24 23:29:58,990 - mazeUtils.moveTile - [moveTile.py:79] - DEBUG - Turning to 90 deg, current heading: 358.64 deg, turnAngle: -91.36000000000001 deg
2026-06-24 23:29:59,016 - mazeUtils.moveTile - [moveTile.py:79] - DEBUG - gyro:358.4 deg, derivative: -0.2400000000000091, turnSpeed: -100
2026-06-24 23:29:59,046 - mazeUtils.moveTile - [moveTile.py:79] - DEBUG - gyro:357.97999999999996 deg, derivative: -0.4200000000000159, turnSpeed: -100
2026-06-24 23:29:59,074 - mazeUtils.moveTile - [moveTile.py:79] - DEBUG - gyro:358.17999999999995 deg, derivative: 0.19999999999998863, turnSpeed: -100
2026-06-24 23:29:59,102 - mazeUtils.moveTile - [moveTile.py:79] - DEBUG - gyro:358.34999999999997 deg, derivative: 0.17000000000001592, turnSpeed: -100
2026-06-24 23:29:59,129 - mazeUtils.moveTile - [moveTile.py:79] - DEBUG - gyro:359.88 deg, derivative: 1.5300000000000296, turnSpeed: -100
2026-06-24 23:29:59,155 - mazeUtils.moveTile - [moveTile.py:79] - DEBUG - gyro:3.2999999999999545 deg, derivative: 3.419999999999959, turnSpeed: -100
2026-06-24 23:29:59,179 - mazeUtils.moveTile - [moveTile.py:79] - DEBUG - gyro:9.21999999999997 deg, derivative: 5.920000000000016, turnSpeed: -100
2026-06-24 23:29:59,208 - mazeUtils.moveTile - [moveTile.py:79] - DEBUG - gyro:13.509999999999991 deg, derivative: 4.2900000000000205, turnSpeed: -100
2026-06-24 23:29:59,236 - mazeUtils.moveTile - [moveTile.py:79] - DEBUG - gyro:18.129999999999995 deg, derivative: 4.6200000000000045, turnSpeed: -100
2026-06-24 23:29:59,264 - mazeUtils.moveTile - [moveTile.py:79] - DEBUG - gyro:21.629999999999995 deg, derivative: 3.5, turnSpeed: -100
2026-06-24 23:29:59,290 - mazeUtils.moveTile - [moveTile.py:79] - DEBUG - gyro:26.16999999999996 deg, derivative: 4.539999999999964, turnSpeed: -100
2026-06-24 23:29:59,315 - mazeUtils.moveTile - [moveTile.py:79] - DEBUG - gyro:30.810000000000002 deg, derivative: 4.640000000000043, turnSpeed: -100
2026-06-24 23:29:59,344 - mazeUtils.moveTile - [moveTile.py:79] - DEBUG - gyro:33.85999999999996 deg, derivative: 3.0499999999999545, turnSpeed: -100
2026-06-24 23:29:59,372 - mazeUtils.moveTile - [moveTile.py:79] - DEBUG - gyro:36.64999999999998 deg, derivative: 2.7900000000000205, turnSpeed: -100
2026-06-24 23:29:59,400 - mazeUtils.moveTile - [moveTile.py:79] - DEBUG - gyro:39.789999999999964 deg, derivative: 3.1399999999999864, turnSpeed: -100
2026-06-24 23:29:59,424 - mazeUtils.moveTile - [moveTile.py:79] - DEBUG - gyro:43.389999999999986 deg, derivative: 3.6000000000000227, turnSpeed: -93.22000000000003
2026-06-24 23:29:59,450 - mazeUtils.moveTile - [moveTile.py:79] - DEBUG - gyro:47.65999999999997 deg, derivative: 4.269999999999982, turnSpeed: -84.68000000000006
2026-06-24 23:29:59,476 - mazeUtils.moveTile - [moveTile.py:79] - DEBUG - gyro:52.75999999999999 deg, derivative: 5.100000000000023, turnSpeed: -74.48000000000002
2026-06-24 23:29:59,503 - mazeUtils.moveTile - [moveTile.py:79] - DEBUG - gyro:55.139999999999986 deg, derivative: 2.3799999999999955, turnSpeed: -69.72000000000003
2026-06-24 23:29:59,528 - mazeUtils.moveTile - [moveTile.py:79] - DEBUG - gyro:59.309999999999945 deg, derivative: 4.169999999999959, turnSpeed: -61.38000000000011
2026-06-24 23:29:59,561 - mazeUtils.moveTile - [moveTile.py:79] - DEBUG - gyro:62.31999999999999 deg, derivative: 3.0100000000000477, turnSpeed: -55.360000000000014
2026-06-24 23:29:59,585 - mazeUtils.moveTile - [moveTile.py:79] - DEBUG - gyro:64.34999999999997 deg, derivative: 2.0299999999999727, turnSpeed: -51.30000000000007
2026-06-24 23:29:59,607 - mazeUtils.moveTile - [moveTile.py:79] - DEBUG - gyro:65.90999999999997 deg, derivative: 1.5600000000000023, turnSpeed: -48.180000000000064
2026-06-24 23:29:59,633 - mazeUtils.moveTile - [moveTile.py:79] - DEBUG - gyro:67.35999999999996 deg, derivative: 1.4499999999999886, turnSpeed: -45.280000000000086
2026-06-24 23:29:59,660 - mazeUtils.moveTile - [moveTile.py:79] - DEBUG - gyro:67.59999999999997 deg, derivative: 0.2400000000000091, turnSpeed: -44.80000000000007
2026-06-24 23:29:59,684 - mazeUtils.moveTile - [moveTile.py:79] - DEBUG - gyro:68.76999999999998 deg, derivative: 1.170000000000016, turnSpeed: -42.460000000000036
2026-06-24 23:29:59,712 - mazeUtils.moveTile - [moveTile.py:79] - DEBUG - gyro:69.90999999999997 deg, derivative: 1.1399999999999864, turnSpeed: -40.180000000000064
2026-06-24 23:29:59,747 - mazeUtils.moveTile - [moveTile.py:79] - DEBUG - gyro:71.02999999999997 deg, derivative: 1.1200000000000045, turnSpeed: -37.940000000000055
2026-06-24 23:29:59,770 - mazeUtils.moveTile - [moveTile.py:79] - DEBUG - gyro:73.64999999999998 deg, derivative: 2.6200000000000045, turnSpeed: -32.700000000000045
2026-06-24 23:29:59,794 - mazeUtils.moveTile - [moveTile.py:79] - DEBUG - gyro:75.38 deg, derivative: 1.7300000000000182, turnSpeed: -29.24000000000001
2026-06-24 23:29:59,819 - mazeUtils.moveTile - [moveTile.py:79] - DEBUG - gyro:76.64999999999998 deg, derivative: 1.2699999999999818, turnSpeed: -26.700000000000045
2026-06-24 23:29:59,847 - mazeUtils.moveTile - [moveTile.py:79] - DEBUG - gyro:77.69 deg, derivative: 1.0400000000000205, turnSpeed: -24.620000000000005
2026-06-24 23:29:59,874 - mazeUtils.moveTile - [moveTile.py:79] - DEBUG - gyro:78.63999999999999 deg, derivative: 0.9499999999999886, turnSpeed: -22.720000000000027
2026-06-24 23:29:59,899 - mazeUtils.moveTile - [moveTile.py:79] - DEBUG - gyro:79.51999999999998 deg, derivative: 0.8799999999999955, turnSpeed: -20.960000000000036
2026-06-24 23:29:59,927 - mazeUtils.moveTile - [moveTile.py:79] - DEBUG - gyro:80.12 deg, derivative: 0.6000000000000227, turnSpeed: -19.75999999999999
2026-06-24 23:29:59,950 - mazeUtils.moveTile - [moveTile.py:79] - DEBUG - gyro:81.10999999999996 deg, derivative: 0.9899999999999523, turnSpeed: -17.780000000000086
2026-06-24 23:29:59,975 - mazeUtils.moveTile - [moveTile.py:79] - DEBUG - gyro:81.97999999999996 deg, derivative: 0.8700000000000045, turnSpeed: -16.040000000000077
2026-06-24 23:30:00,005 - mazeUtils.moveTile - [moveTile.py:79] - DEBUG - gyro:82.62 deg, derivative: 0.6400000000000432, turnSpeed: -14.759999999999991
2026-06-24 23:30:00,029 - mazeUtils.moveTile - [moveTile.py:79] - DEBUG - gyro:83.52999999999997 deg, derivative: 0.9099999999999682, turnSpeed: -12.940000000000055
2026-06-24 23:30:00,052 - mazeUtils.moveTile - [moveTile.py:79] - DEBUG - gyro:84.25999999999999 deg, derivative: 0.7300000000000182, turnSpeed: -11.480000000000018
2026-06-24 23:30:00,076 - mazeUtils.moveTile - [moveTile.py:79] - DEBUG - gyro:84.51999999999998 deg, derivative: 0.2599999999999909, turnSpeed: -10.960000000000036
2026-06-24 23:30:00,100 - mazeUtils.moveTile - [moveTile.py:79] - DEBUG - gyro:84.53999999999996 deg, derivative: 0.01999999999998181, turnSpeed: -10.920000000000073
2026-06-24 23:30:00,123 - mazeUtils.moveTile - [moveTile.py:79] - DEBUG - gyro:84.60999999999996 deg, derivative: 0.06999999999999318, turnSpeed: -10.780000000000086
2026-06-24 23:30:00,149 - mazeUtils.moveTile - [moveTile.py:79] - DEBUG - gyro:84.91999999999996 deg, derivative: 0.3100000000000023, turnSpeed: -10.160000000000082
2026-06-24 23:30:00,174 - mazeUtils.moveTile - [moveTile.py:79] - DEBUG - gyro:85.34999999999997 deg, derivative: 0.4300000000000068, turnSpeed: -9.300000000000068
2026-06-24 23:30:00,202 - mazeUtils.moveTile - [moveTile.py:79] - DEBUG - gyro:85.63999999999999 deg, derivative: 0.29000000000002046, turnSpeed: -8.720000000000027
2026-06-24 23:30:00,226 - mazeUtils.moveTile - [moveTile.py:79] - DEBUG - gyro:86.05999999999995 deg, derivative: 0.4199999999999591, turnSpeed: -7.880000000000109
2026-06-24 23:30:00,257 - mazeUtils.moveTile - [moveTile.py:79] - DEBUG - gyro:86.52999999999997 deg, derivative: 0.4700000000000273, turnSpeed: -6.940000000000055
2026-06-24 23:30:00,282 - mazeUtils.moveTile - [moveTile.py:79] - DEBUG - gyro:87.00999999999999 deg, derivative: 0.4800000000000182, turnSpeed: -5.980000000000018
2026-06-24 23:30:00,309 - mazeUtils.moveTile - [moveTile.py:79] - DEBUG - gyro:87.40999999999997 deg, derivative: 0.39999999999997726, turnSpeed: -5.180000000000064
2026-06-24 23:30:00,331 - mazeUtils.moveTile - [moveTile.py:79] - DEBUG - gyro:87.70999999999998 deg, derivative: 0.30000000000001137, turnSpeed: -4.580000000000041
2026-06-24 23:30:00,356 - mazeUtils.moveTile - [moveTile.py:79] - DEBUG - gyro:87.94 deg, derivative: 0.2300000000000182, turnSpeed: -4.1200000000000045
2026-06-24 23:30:00,384 - mazeUtils.moveTile - [moveTile.py:79] - DEBUG - gyro:88.07 deg, derivative: 0.12999999999999545, turnSpeed: -3.8600000000000136
2026-06-24 23:30:00,403 - mazeUtils.moveTile - [moveTile.py:79] - DEBUG - Turned to heading: 88.07 deg
2026-06-24 23:30:00,572 - mazeUtils.moveTile - [moveTile.py:79] - DEBUG - Little backward to adjust position
2026-06-24 23:30:01,245 - mazeUtils.moveTile - [moveTile.py:1467] - DEBUG - Calculated target steps to next tile: 1 based on distance 30 cm
2026-06-24 23:30:01,251 - picamera2.picamera2 - [picamera2.py:1391] - DEBUG - Execute job: <picamera2.job.Job object at 0x7f8a3e7890>
2026-06-24 23:30:01,255 - mazeUtils.device.camera - [camera.py:39] - DEBUG - Average HSV: H=164.1, S=17.7, V=224.0
2026-06-24 23:30:01,294 - mazeUtils.moveTile - [moveTile.py:79] - DEBUG - roll: 1.2900000000000205 deg, practicalMoveTime: 0.04959571830300196 sec
2026-06-24 23:30:01,295 - mazeUtils.moveTile - [moveTile.py:1763] - DEBUG - moveTile loop time: 49.3 ms
2026-06-24 23:30:01,300 - picamera2.picamera2 - [picamera2.py:1391] - DEBUG - Execute job: <picamera2.job.Job object at 0x7f8a3e7750>
2026-06-24 23:30:01,303 - mazeUtils.device.camera - [camera.py:39] - DEBUG - Average HSV: H=165.0, S=17.9, V=224.4
2026-06-24 23:30:01,340 - mazeUtils.moveTile - [moveTile.py:79] - DEBUG - roll: 0.8600000000000136 deg, practicalMoveTime: 0.09513288734998895 sec
2026-06-24 23:30:01,345 - mazeUtils.moveTile - [moveTile.py:1763] - DEBUG - moveTile loop time: 46.1 ms
2026-06-24 23:30:01,352 - picamera2.picamera2 - [picamera2.py:1391] - DEBUG - Execute job: <picamera2.job.Job object at 0x7f8a3e7750>
2026-06-24 23:30:01,357 - mazeUtils.device.camera - [camera.py:39] - DEBUG - Average HSV: H=163.2, S=17.6, V=225.7
2026-06-24 23:30:01,393 - mazeUtils.moveTile - [moveTile.py:79] - DEBUG - roll: 359.45 deg, practicalMoveTime: 0.14751146205273677 sec
2026-06-24 23:30:01,394 - mazeUtils.moveTile - [moveTile.py:1763] - DEBUG - moveTile loop time: 48.5 ms
2026-06-24 23:30:01,406 - picamera2.picamera2 - [picamera2.py:1391] - DEBUG - Execute job: <picamera2.job.Job object at 0x7f8a3e77d0>
2026-06-24 23:30:01,410 - mazeUtils.device.camera - [camera.py:39] - DEBUG - Average HSV: H=156.9, S=16.3, V=225.4
2026-06-24 23:30:01,447 - mazeUtils.moveTile - [moveTile.py:79] - DEBUG - roll: 1.0 deg, practicalMoveTime: 0.20023452281103904 sec
2026-06-24 23:30:01,447 - mazeUtils.moveTile - [moveTile.py:1763] - DEBUG - moveTile loop time: 52.9 ms
2026-06-24 23:30:01,453 - picamera2.picamera2 - [picamera2.py:1391] - DEBUG - Execute job: <picamera2.job.Job object at 0x7f8a3e7610>
2026-06-24 23:30:01,456 - mazeUtils.device.camera - [camera.py:39] - DEBUG - Average HSV: H=152.8, S=15.8, V=222.9
2026-06-24 23:30:01,493 - mazeUtils.moveTile - [moveTile.py:79] - DEBUG - roll: 358.51 deg, practicalMoveTime: 0.24605105998316593 sec
2026-06-24 23:30:01,493 - mazeUtils.moveTile - [moveTile.py:1763] - DEBUG - moveTile loop time: 46.1 ms
2026-06-24 23:30:01,504 - picamera2.picamera2 - [picamera2.py:1391] - DEBUG - Execute job: <picamera2.job.Job object at 0x7f8a3e7650>
2026-06-24 23:30:01,509 - mazeUtils.device.camera - [camera.py:39] - DEBUG - Average HSV: H=148.4, S=15.8, V=223.1
2026-06-24 23:30:01,548 - mazeUtils.moveTile - [moveTile.py:79] - DEBUG - roll: 0.410000000000025 deg, practicalMoveTime: 0.3001818932959918 sec
2026-06-24 23:30:01,548 - mazeUtils.moveTile - [moveTile.py:1763] - DEBUG - moveTile loop time: 54.4 ms
2026-06-24 23:30:01,553 - picamera2.picamera2 - [picamera2.py:1391] - DEBUG - Execute job: <picamera2.job.Job object at 0x7f8a3e77d0>
2026-06-24 23:30:01,557 - mazeUtils.device.camera - [camera.py:39] - DEBUG - Average HSV: H=153.0, S=15.5, V=220.9
2026-06-24 23:30:01,600 - mazeUtils.moveTile - [moveTile.py:79] - DEBUG - roll: 359.69 deg, practicalMoveTime: 0.3516296997617767 sec
2026-06-24 23:30:01,600 - mazeUtils.moveTile - [moveTile.py:1763] - DEBUG - moveTile loop time: 51.9 ms
2026-06-24 23:30:01,604 - picamera2.picamera2 - [picamera2.py:1391] - DEBUG - Execute job: <picamera2.job.Job object at 0x7f8a3e77d0>
2026-06-24 23:30:01,608 - mazeUtils.device.camera - [camera.py:39] - DEBUG - Average HSV: H=151.6, S=15.7, V=221.1
2026-06-24 23:30:01,639 - mazeUtils.moveTile - [moveTile.py:79] - DEBUG - roll: 0.009999999999990905 deg, practicalMoveTime: 0.38991118715051354 sec
2026-06-24 23:30:01,639 - mazeUtils.moveTile - [moveTile.py:1763] - DEBUG - moveTile loop time: 38.5 ms
2026-06-24 23:30:01,648 - picamera2.picamera2 - [picamera2.py:1391] - DEBUG - Execute job: <picamera2.job.Job object at 0x7f8a3e7650>
2026-06-24 23:30:01,653 - mazeUtils.device.camera - [camera.py:39] - DEBUG - Average HSV: H=157.1, S=16.2, V=220.4
2026-06-24 23:30:01,690 - mazeUtils.moveTile - [moveTile.py:79] - DEBUG - roll: 1.0199999999999818 deg, practicalMoveTime: 0.44087286888035143 sec
2026-06-24 23:30:01,690 - mazeUtils.moveTile - [moveTile.py:1763] - DEBUG - moveTile loop time: 51.3 ms
2026-06-24 23:30:01,701 - picamera2.picamera2 - [picamera2.py:1391] - DEBUG - Execute job: <picamera2.job.Job object at 0x7f8a3e7750>
2026-06-24 23:30:01,706 - mazeUtils.device.camera - [camera.py:39] - DEBUG - Average HSV: H=154.1, S=16.0, V=218.5
2026-06-24 23:30:01,743 - mazeUtils.moveTile - [moveTile.py:79] - DEBUG - roll: 359.18 deg, practicalMoveTime: 0.4932004109679663 sec
2026-06-24 23:30:01,743 - mazeUtils.moveTile - [moveTile.py:1763] - DEBUG - moveTile loop time: 52.7 ms
2026-06-24 23:30:01,754 - picamera2.picamera2 - [picamera2.py:1391] - DEBUG - Execute job: <picamera2.job.Job object at 0x7f8a3e7750>
2026-06-24 23:30:01,757 - mazeUtils.device.camera - [camera.py:39] - DEBUG - Average HSV: H=150.5, S=16.8, V=214.5
2026-06-24 23:30:01,799 - mazeUtils.moveTile - [moveTile.py:79] - DEBUG - roll: 0.9300000000000068 deg, practicalMoveTime: 0.5483493325278567 sec
2026-06-24 23:30:01,799 - mazeUtils.moveTile - [moveTile.py:1763] - DEBUG - moveTile loop time: 55.3 ms
2026-06-24 23:30:01,804 - picamera2.picamera2 - [picamera2.py:1391] - DEBUG - Execute job: <picamera2.job.Job object at 0x7f8a3e7850>
2026-06-24 23:30:01,807 - mazeUtils.device.camera - [camera.py:39] - DEBUG - Average HSV: H=151.3, S=18.8, V=207.5
2026-06-24 23:30:01,846 - mazeUtils.moveTile - [moveTile.py:79] - DEBUG - roll: 1.5 deg, practicalMoveTime: 0.5952311733339793 sec
2026-06-24 23:30:01,847 - mazeUtils.moveTile - [moveTile.py:1763] - DEBUG - moveTile loop time: 47.2 ms
2026-06-24 23:30:01,859 - picamera2.picamera2 - [picamera2.py:1391] - DEBUG - Execute job: <picamera2.job.Job object at 0x7f8a3e7690>
2026-06-24 23:30:01,862 - mazeUtils.device.camera - [camera.py:39] - DEBUG - Average HSV: H=149.9, S=20.8, V=203.5
2026-06-24 23:30:01,896 - mazeUtils.moveTile - [moveTile.py:79] - DEBUG - roll: 1.240000000000009 deg, practicalMoveTime: 0.6447349127845234 sec
2026-06-24 23:30:01,897 - mazeUtils.moveTile - [moveTile.py:1763] - DEBUG - moveTile loop time: 49.8 ms
2026-06-24 23:30:01,901 - picamera2.picamera2 - [picamera2.py:1391] - DEBUG - Execute job: <picamera2.job.Job object at 0x7f8a3e7850>
2026-06-24 23:30:01,904 - mazeUtils.device.camera - [camera.py:39] - DEBUG - Average HSV: H=147.9, S=22.0, V=201.7
2026-06-24 23:30:01,942 - mazeUtils.moveTile - [moveTile.py:79] - DEBUG - roll: 1.6499999999999773 deg, practicalMoveTime: 0.6896043488433377 sec
2026-06-24 23:30:01,942 - mazeUtils.moveTile - [moveTile.py:1763] - DEBUG - moveTile loop time: 44.8 ms
2026-06-24 23:30:01,953 - picamera2.picamera2 - [picamera2.py:1391] - DEBUG - Execute job: <picamera2.job.Job object at 0x7f8a3e7790>
2026-06-24 23:30:01,958 - mazeUtils.device.camera - [camera.py:39] - DEBUG - Average HSV: H=146.8, S=22.4, V=200.4
2026-06-24 23:30:01,996 - mazeUtils.moveTile - [moveTile.py:79] - DEBUG - roll: 0.5199999999999818 deg, practicalMoveTime: 0.7438606124630152 sec
2026-06-24 23:30:01,997 - mazeUtils.moveTile - [moveTile.py:1763] - DEBUG - moveTile loop time: 54.5 ms
2026-06-24 23:30:02,001 - picamera2.picamera2 - [picamera2.py:1391] - DEBUG - Execute job: <picamera2.job.Job object at 0x7f8a3e7890>
2026-06-24 23:30:02,004 - mazeUtils.device.camera - [camera.py:39] - DEBUG - Average HSV: H=145.8, S=24.3, V=198.2
2026-06-24 23:30:02,042 - mazeUtils.moveTile - [moveTile.py:79] - DEBUG - roll: 0.910000000000025 deg, practicalMoveTime: 0.7887109165804091 sec
2026-06-24 23:30:02,042 - mazeUtils.moveTile - [moveTile.py:1763] - DEBUG - moveTile loop time: 45.0 ms
2026-06-24 23:30:02,054 - picamera2.picamera2 - [picamera2.py:1391] - DEBUG - Execute job: <picamera2.job.Job object at 0x7f8a3e77d0>
2026-06-24 23:30:02,058 - mazeUtils.device.camera - [camera.py:39] - DEBUG - Average HSV: H=141.3, S=26.4, V=200.1
2026-06-24 23:30:02,095 - mazeUtils.moveTile - [moveTile.py:79] - DEBUG - roll: 0.05000000000001137 deg, practicalMoveTime: 0.8420133910964067 sec
2026-06-24 23:30:02,096 - mazeUtils.moveTile - [moveTile.py:1763] - DEBUG - moveTile loop time: 53.7 ms
2026-06-24 23:30:02,109 - picamera2.picamera2 - [picamera2.py:1391] - DEBUG - Execute job: <picamera2.job.Job object at 0x7f8a3e7810>
2026-06-24 23:30:02,112 - mazeUtils.device.camera - [camera.py:39] - DEBUG - Average HSV: H=142.5, S=27.2, V=194.8
2026-06-24 23:30:02,150 - mazeUtils.moveTile - [moveTile.py:1636] - INFO - practicalVerticalMove: 0.15746835680557472 CM
2026-06-24 23:30:02,328 - mazeUtils.moveTile - [moveTile.py:552] - DEBUG - Direction: absDirection.NORTH, Angle: 270, Distance: 64.27000256328918 cm
2026-06-24 23:30:02,331 - mazeUtils.moveTile - [moveTile.py:552] - DEBUG - Direction: absDirection.EAST, Angle: 180, Distance: 49.40315085103651 cm
2026-06-24 23:30:02,334 - mazeUtils.moveTile - [moveTile.py:552] - DEBUG - Direction: absDirection.SOUTH, Angle: 90, Distance: 79.44077408500698 cm
2026-06-24 23:30:02,337 - mazeUtils.moveTile - [moveTile.py:552] - DEBUG - Direction: absDirection.WEST, Angle: 0, Distance: 49.65504035220109 cm
2026-06-24 23:30:02,341 - mazeUtils.moveTile - [moveTile.py:2119] - INFO - Tile color detection, decided tile type: E
2026-06-24 23:30:02,446 - __main__ - [main.py:105] - INFO - Current position: (17, 18, 0), front direction: absDirection.WEST
Layer 0 (altitude=0.0cm, offset=(0.0cm, 0.0cm)):
Known map area: x=15..20, y=15..20
+   +   +   +   +   +---+
  U   U   U   U   U   E |
+   +   +   +   +   +   +
  U   U   U   U   U   E |
+   +   +   +   +   +   +
  U   U   E   B   U | E |
+   +   +   +   +   +   +
  U   U   @   E | U | E |
+---+---+   +   +   +   +
| E   E | E   E   E   E |
+   +   +   +---+---+   +
| E   E   E | U   U | E |
+---+---+---+   +   +---+
Layer 1 (altitude=15.0cm, offset=(0.0cm, -60.0cm)):
Known map area: x=17..18, y=17..17
+---+---+
| E   E  
+   +   +
mazeAsGraph[0][15][20] = {absDirection.NORTH: None, absDirection.EAST: None, absDirection.SOUTH: (20, 16, 0, 30), absDirection.WEST: (18, 17, 1, 60)}
mazeAsGraph[0][16][20] = {absDirection.NORTH: (20, 15, 0, 30), absDirection.EAST: None, absDirection.SOUTH: (20, 17, 0, 30), absDirection.WEST: (19, 16, 0, 30)}
mazeAsGraph[0][17][17] = {absDirection.NORTH: (17, 17, 1, 60), absDirection.EAST: None, absDirection.SOUTH: (17, 18, 0, 30), absDirection.WEST: (16, 17, 0, 30)}
mazeAsGraph[0][17][18] = {absDirection.NORTH: None, absDirection.EAST: None, absDirection.SOUTH: None, absDirection.WEST: None}
mazeAsGraph[0][17][20] = {absDirection.NORTH: (20, 16, 0, 30), absDirection.EAST: None, absDirection.SOUTH: (20, 18, 0, 30), absDirection.WEST: None}
mazeAsGraph[0][18][17] = {absDirection.NORTH: (17, 17, 0, 30), absDirection.EAST: (18, 18, 0, 30), absDirection.SOUTH: (17, 19, 0, 30), absDirection.WEST: (16, 18, 0, 30)}
mazeAsGraph[0][18][18] = {absDirection.NORTH: None, absDirection.EAST: None, absDirection.SOUTH: (18, 19, 0, 30), absDirection.WEST: (17, 18, 0, 30)}
mazeAsGraph[0][18][20] = {absDirection.NORTH: (20, 17, 0, 30), absDirection.EAST: None, absDirection.SOUTH: (20, 19, 0, 30), absDirection.WEST: None}
mazeAsGraph[0][19][15] = {absDirection.NORTH: None, absDirection.EAST: (16, 19, 0, 30), absDirection.SOUTH: (15, 20, 0, 30), absDirection.WEST: None}
mazeAsGraph[0][19][16] = {absDirection.NORTH: None, absDirection.EAST: None, absDirection.SOUTH: (16, 20, 0, 30), absDirection.WEST: (15, 19, 0, 30)}
mazeAsGraph[0][19][17] = {absDirection.NORTH: (17, 18, 0, 30), absDirection.EAST: (18, 19, 0, 30), absDirection.SOUTH: (17, 20, 0, 30), absDirection.WEST: None}
mazeAsGraph[0][19][18] = {absDirection.NORTH: (18, 18, 0, 30), absDirection.EAST: (19, 19, 0, 30), absDirection.SOUTH: None, absDirection.WEST: (17, 19, 0, 30)}
mazeAsGraph[0][19][19] = {absDirection.NORTH: (19, 18, 0, 30), absDirection.EAST: (20, 19, 0, 30), absDirection.SOUTH: None, absDirection.WEST: (18, 19, 0, 30)}
mazeAsGraph[0][19][20] = {absDirection.NORTH: (20, 18, 0, 30), absDirection.EAST: None, absDirection.SOUTH: (20, 20, 0, 30), absDirection.WEST: (19, 19, 0, 30)}
mazeAsGraph[0][20][15] = {absDirection.NORTH: (15, 19, 0, 30), absDirection.EAST: (16, 20, 0, 30), absDirection.SOUTH: None, absDirection.WEST: None}
mazeAsGraph[0][20][16] = {absDirection.NORTH: (16, 19, 0, 30), absDirection.EAST: (17, 20, 0, 30), absDirection.SOUTH: None, absDirection.WEST: (15, 20, 0, 30)}
mazeAsGraph[0][20][17] = {absDirection.NORTH: (17, 19, 0, 30), absDirection.EAST: None, absDirection.SOUTH: None, absDirection.WEST: (16, 20, 0, 30)}
mazeAsGraph[0][20][20] = {absDirection.NORTH: (20, 19, 0, 30), absDirection.EAST: None, absDirection.SOUTH: None, absDirection.WEST: None}
mazeAsGraph[1][17][17] = {absDirection.NORTH: None, absDirection.EAST: (18, 17, 1, 30), absDirection.SOUTH: (17, 17, 0, 60), absDirection.WEST: None}
mazeAsGraph[1][17][18] = {absDirection.NORTH: None, absDirection.EAST: (20, 15, 0, 60), absDirection.SOUTH: (18, 18, 1, 30), absDirection.WEST: (17, 17, 1, 30)}
2026-06-24 23:30:02,458 - mazeUtils.moveTile - [moveTile.py:79] - DEBUG - Moving to absDirection.WEST from (17, 18, 0) facing absDirection.WEST
2026-06-24 23:30:02,483 - mazeUtils.moveTile - [moveTile.py:79] - DEBUG - current heading: 87.72999999999996 target: 90
2026-06-24 23:30:02,504 - mazeUtils.moveTile - [moveTile.py:426] - DEBUG - stopped turning at heading: 87.72999999999996, diff: 2.2700000000000387
2026-06-24 23:30:02,592 - mazeUtils.moveTile - [moveTile.py:79] - DEBUG - Turned to heading: 88.24000000000001 deg
2026-06-24 23:30:02,866 - picamera2.picamera2 - [picamera2.py:1391] - DEBUG - Execute job: <picamera2.job.Job object at 0x7f8a11f190>
2026-06-24 23:30:02,878 - mazeUtils.device.camera - [camera.py:39] - DEBUG - Average HSV: H=134.8, S=33.5, V=196.2
2026-06-24 23:30:02,929 - mazeUtils.moveTile - [moveTile.py:79] - DEBUG - roll: 359.06 deg, practicalMoveTime: 0.07174945819837059 sec
2026-06-24 23:30:02,930 - mazeUtils.moveTile - [moveTile.py:1763] - DEBUG - moveTile loop time: 70.8 ms
2026-06-24 23:30:02,941 - picamera2.picamera2 - [picamera2.py:1391] - DEBUG - Execute job: <picamera2.job.Job object at 0x7f8a11f290>
2026-06-24 23:30:02,947 - mazeUtils.device.camera - [camera.py:39] - DEBUG - Average HSV: H=135.8, S=32.9, V=195.3
2026-06-24 23:30:02,993 - mazeUtils.moveTile - [moveTile.py:79] - DEBUG - roll: 359.88 deg, practicalMoveTime: 0.13488709886612005 sec
2026-06-24 23:30:02,994 - mazeUtils.moveTile - [moveTile.py:1763] - DEBUG - moveTile loop time: 63.5 ms
2026-06-24 23:30:03,003 - picamera2.picamera2 - [picamera2.py:1391] - DEBUG - Execute job: <picamera2.job.Job object at 0x7f8a11f190>
2026-06-24 23:30:03,026 - mazeUtils.device.camera - [camera.py:39] - DEBUG - Average HSV: H=132.9, S=37.3, V=195.4
2026-06-24 23:30:03,056 - mazeUtils.moveTile - [moveTile.py:79] - DEBUG - roll: 359.43 deg, practicalMoveTime: 0.1962737037051888 sec
2026-06-24 23:30:03,056 - mazeUtils.moveTile - [moveTile.py:1763] - DEBUG - moveTile loop time: 60.8 ms
2026-06-24 23:30:03,067 - picamera2.picamera2 - [picamera2.py:1391] - DEBUG - Execute job: <picamera2.job.Job object at 0x7f8a11f1d0>
2026-06-24 23:30:03,070 - mazeUtils.device.camera - [camera.py:39] - DEBUG - Average HSV: H=127.0, S=44.0, V=200.3
2026-06-24 23:30:03,110 - mazeUtils.moveTile - [moveTile.py:79] - DEBUG - roll: 358.28000000000003 deg, practicalMoveTime: 0.24984222415352886 sec
2026-06-24 23:30:03,110 - mazeUtils.moveTile - [moveTile.py:1763] - DEBUG - moveTile loop time: 53.9 ms
2026-06-24 23:30:03,121 - picamera2.picamera2 - [picamera2.py:1391] - DEBUG - Execute job: <picamera2.job.Job object at 0x7f92ce6610>
2026-06-24 23:30:03,124 - mazeUtils.device.camera - [camera.py:39] - DEBUG - Average HSV: H=124.0, S=49.4, V=203.4
2026-06-24 23:30:03,159 - mazeUtils.moveTile - [moveTile.py:79] - DEBUG - roll: 358.61 deg, practicalMoveTime: 0.2983371910806505 sec
2026-06-24 23:30:03,159 - mazeUtils.moveTile - [moveTile.py:1763] - DEBUG - moveTile loop time: 48.4 ms
2026-06-24 23:30:03,165 - picamera2.picamera2 - [picamera2.py:1391] - DEBUG - Execute job: <picamera2.job.Job object at 0x7f92ce7d90>
2026-06-24 23:30:03,168 - mazeUtils.device.camera - [camera.py:39] - DEBUG - Average HSV: H=122.7, S=53.9, V=200.6
2026-06-24 23:30:03,200 - mazeUtils.moveTile - [moveTile.py:79] - DEBUG - roll: 357.74 deg, practicalMoveTime: 0.3392550816513267 sec
2026-06-24 23:30:03,201 - mazeUtils.moveTile - [moveTile.py:1763] - DEBUG - moveTile loop time: 41.2 ms
2026-06-24 23:30:03,213 - picamera2.picamera2 - [picamera2.py:1391] - DEBUG - Execute job: <picamera2.job.Job object at 0x7f92ce7310>
2026-06-24 23:30:03,216 - mazeUtils.device.camera - [camera.py:39] - DEBUG - Average HSV: H=124.7, S=49.5, V=205.5
2026-06-24 23:30:03,251 - mazeUtils.moveTile - [moveTile.py:79] - DEBUG - roll: 357.67 deg, practicalMoveTime: 0.38989553169433283 sec
2026-06-24 23:30:03,252 - mazeUtils.moveTile - [moveTile.py:1763] - DEBUG - moveTile loop time: 51.0 ms
2026-06-24 23:30:03,257 - picamera2.picamera2 - [picamera2.py:1391] - DEBUG - Execute job: <picamera2.job.Job object at 0x7f8a11f310>
2026-06-24 23:30:03,260 - mazeUtils.device.camera - [camera.py:39] - DEBUG - Average HSV: H=122.5, S=54.2, V=203.6
2026-06-24 23:30:03,298 - mazeUtils.moveTile - [moveTile.py:79] - DEBUG - roll: 358.5 deg, practicalMoveTime: 0.43584420286945674 sec
2026-06-24 23:30:03,299 - mazeUtils.moveTile - [moveTile.py:1763] - DEBUG - moveTile loop time: 46.2 ms
2026-06-24 23:30:03,308 - picamera2.picamera2 - [picamera2.py:1391] - DEBUG - Execute job: <picamera2.job.Job object at 0x7f92ce7310>
2026-06-24 23:30:03,315 - mazeUtils.device.camera - [camera.py:39] - DEBUG - Average HSV: H=125.4, S=69.5, V=181.1
2026-06-24 23:30:03,353 - mazeUtils.moveTile - [moveTile.py:79] - DEBUG - roll: 358.79 deg, practicalMoveTime: 0.4899007381116739 sec
2026-06-24 23:30:03,353 - mazeUtils.moveTile - [moveTile.py:1763] - DEBUG - moveTile loop time: 54.1 ms
2026-06-24 23:30:03,359 - picamera2.picamera2 - [picamera2.py:1391] - DEBUG - Execute job: <picamera2.job.Job object at 0x7f92ce7d90>
2026-06-24 23:30:03,362 - mazeUtils.device.camera - [camera.py:39] - DEBUG - Average HSV: H=120.1, S=63.1, V=202.4
2026-06-24 23:30:03,394 - mazeUtils.moveTile - [moveTile.py:79] - DEBUG - roll: 0.009999999999990905 deg, practicalMoveTime: 0.530300505770193 sec
2026-06-24 23:30:03,394 - mazeUtils.moveTile - [moveTile.py:1763] - DEBUG - moveTile loop time: 40.9 ms
2026-06-24 23:30:03,407 - picamera2.picamera2 - [picamera2.py:1391] - DEBUG - Execute job: <picamera2.job.Job object at 0x7f92ce6610>
2026-06-24 23:30:03,411 - mazeUtils.device.camera - [camera.py:39] - DEBUG - Average HSV: H=118.2, S=70.3, V=207.0
2026-06-24 23:30:03,457 - mazeUtils.moveTile - [moveTile.py:79] - DEBUG - roll: 0.18999999999999773 deg, practicalMoveTime: 0.5933418319547625 sec
2026-06-24 23:30:03,458 - mazeUtils.moveTile - [moveTile.py:1763] - DEBUG - moveTile loop time: 63.3 ms
2026-06-24 23:30:03,463 - picamera2.picamera2 - [picamera2.py:1391] - DEBUG - Execute job: <picamera2.job.Job object at 0x7f8a11f310>
2026-06-24 23:30:03,466 - mazeUtils.device.camera - [camera.py:39] - DEBUG - Average HSV: H=118.2, S=71.3, V=211.0
2026-06-24 23:30:03,510 - mazeUtils.moveTile - [moveTile.py:79] - DEBUG - roll: 359.35 deg, practicalMoveTime: 0.6451463664541289 sec
2026-06-24 23:30:03,510 - mazeUtils.moveTile - [moveTile.py:1763] - DEBUG - moveTile loop time: 52.0 ms
2026-06-24 23:30:03,521 - picamera2.picamera2 - [picamera2.py:1391] - DEBUG - Execute job: <picamera2.job.Job object at 0x7f8a11f190>
2026-06-24 23:30:03,525 - mazeUtils.device.camera - [camera.py:39] - DEBUG - Average HSV: H=117.0, S=77.2, V=213.3
2026-06-24 23:30:03,565 - mazeUtils.moveTile - [moveTile.py:79] - DEBUG - roll: 359.72 deg, practicalMoveTime: 0.7001137530182381 sec
2026-06-24 23:30:03,566 - mazeUtils.moveTile - [moveTile.py:1763] - DEBUG - moveTile loop time: 55.3 ms
2026-06-24 23:30:03,571 - picamera2.picamera2 - [picamera2.py:1391] - DEBUG - Execute job: <picamera2.job.Job object at 0x7f8a11f1d0>
2026-06-24 23:30:03,574 - mazeUtils.device.camera - [camera.py:39] - DEBUG - Average HSV: H=116.3, S=84.4, V=213.5
2026-06-24 23:30:03,617 - mazeUtils.moveTile - [moveTile.py:79] - DEBUG - roll: 359.86 deg, practicalMoveTime: 0.7510588604140308 sec
2026-06-24 23:30:03,617 - mazeUtils.moveTile - [moveTile.py:1763] - DEBUG - moveTile loop time: 51.0 ms
2026-06-24 23:30:03,628 - picamera2.picamera2 - [picamera2.py:1391] - DEBUG - Execute job: <picamera2.job.Job object at 0x7f8a11f3d0>
2026-06-24 23:30:03,631 - mazeUtils.device.camera - [camera.py:39] - DEBUG - Average HSV: H=114.6, S=99.6, V=215.4
2026-06-24 23:30:03,670 - mazeUtils.moveTile - [moveTile.py:79] - DEBUG - roll: 0.07999999999998408 deg, practicalMoveTime: 0.8035464086017754 sec
2026-06-24 23:30:03,670 - mazeUtils.moveTile - [moveTile.py:1763] - DEBUG - moveTile loop time: 52.7 ms
2026-06-24 23:30:03,681 - picamera2.picamera2 - [picamera2.py:1391] - DEBUG - Execute job: <picamera2.job.Job object at 0x7f92ce7310>
2026-06-24 23:30:03,684 - mazeUtils.device.camera - [camera.py:39] - DEBUG - Average HSV: H=112.5, S=103.5, V=226.5
2026-06-24 23:30:03,728 - mazeUtils.moveTile - [moveTile.py:1636] - INFO - practicalVerticalMove: -0.4136265946917584 CM
2026-06-24 23:30:03,774 - mazeUtils.moveTile - [moveTile.py:79] - DEBUG - Little forward to adjust position
2026-06-24 23:30:04,139 - mazeUtils.moveTile - [moveTile.py:1959] - INFO - Set moved vertical distance: -0.4136265946917584 cm, past distances: [(0, False), (0, False), (0, False)]
2026-06-24 23:30:04,278 - mazeUtils.moveTile - [moveTile.py:552] - DEBUG - Direction: absDirection.NORTH, Angle: 270, Distance: 105.68994287656577 cm
2026-06-24 23:30:04,279 - mazeUtils.moveTile - [moveTile.py:552] - DEBUG - Direction: absDirection.EAST, Angle: 180, Distance: 140.66314690341468 cm
2026-06-24 23:30:04,280 - mazeUtils.moveTile - [moveTile.py:552] - DEBUG - Direction: absDirection.SOUTH, Angle: 90, Distance: 16.842839319785686 cm
2026-06-24 23:30:04,282 - mazeUtils.moveTile - [moveTile.py:552] - DEBUG - Direction: absDirection.WEST, Angle: 0, Distance: 13.777248550733708 cm
2026-06-24 23:30:04,282 - mazeUtils.moveTile - [moveTile.py:574] - DEBUG - Front LiDAR distance: 13.777248550733708 cm, TSD10 distance: 2.3 cm
2026-06-24 23:30:04,284 - mazeUtils.moveTile - [moveTile.py:2119] - INFO - Tile color detection, decided tile type: E
2026-06-24 23:30:04,362 - __main__ - [main.py:105] - INFO - Current position: (16, 18, 0), front direction: absDirection.WEST
Layer 0 (altitude=0.0cm, offset=(0.0cm, 0.0cm)):
Known map area: x=15..20, y=15..20
+   +   +   +   +   +---+
  U   U   U   U   U   E |
+   +   +   +   +   +   +
  U   U   U   U   U   E |
+   +   +   +   +   +   +
  U   U   E   B   U | E |
+   +   +   +   +   +   +
  U | @   E   E | U | E |
+---+---+   +   +   +   +
| E   E | E   E   E   E |
+   +   +   +---+---+   +
| E   E   E | U   U | E |
+---+---+---+   +   +---+
Layer 1 (altitude=15.0cm, offset=(0.0cm, -60.0cm)):
Known map area: x=17..18, y=17..17
+---+---+
| E   E  
+   +   +
mazeAsGraph[0][15][20] = {absDirection.NORTH: None, absDirection.EAST: None, absDirection.SOUTH: (20, 16, 0, 30), absDirection.WEST: (18, 17, 1, 60)}
mazeAsGraph[0][16][20] = {absDirection.NORTH: (20, 15, 0, 30), absDirection.EAST: None, absDirection.SOUTH: (20, 17, 0, 30), absDirection.WEST: (19, 16, 0, 30)}
mazeAsGraph[0][17][17] = {absDirection.NORTH: (17, 17, 1, 60), absDirection.EAST: None, absDirection.SOUTH: (17, 18, 0, 30), absDirection.WEST: (16, 17, 0, 30)}
mazeAsGraph[0][17][18] = {absDirection.NORTH: None, absDirection.EAST: None, absDirection.SOUTH: None, absDirection.WEST: None}
mazeAsGraph[0][17][20] = {absDirection.NORTH: (20, 16, 0, 30), absDirection.EAST: None, absDirection.SOUTH: (20, 18, 0, 30), absDirection.WEST: None}
mazeAsGraph[0][18][16] = {absDirection.NORTH: (16, 17, 0, 30), absDirection.EAST: (17, 18, 0, 30), absDirection.SOUTH: None, absDirection.WEST: None}
mazeAsGraph[0][18][17] = {absDirection.NORTH: (17, 17, 0, 30), absDirection.EAST: (18, 18, 0, 30), absDirection.SOUTH: (17, 19, 0, 30), absDirection.WEST: (16, 18, 0, 30)}
mazeAsGraph[0][18][18] = {absDirection.NORTH: None, absDirection.EAST: None, absDirection.SOUTH: (18, 19, 0, 30), absDirection.WEST: (17, 18, 0, 30)}
mazeAsGraph[0][18][20] = {absDirection.NORTH: (20, 17, 0, 30), absDirection.EAST: None, absDirection.SOUTH: (20, 19, 0, 30), absDirection.WEST: None}
mazeAsGraph[0][19][15] = {absDirection.NORTH: None, absDirection.EAST: (16, 19, 0, 30), absDirection.SOUTH: (15, 20, 0, 30), absDirection.WEST: None}
mazeAsGraph[0][19][16] = {absDirection.NORTH: None, absDirection.EAST: None, absDirection.SOUTH: (16, 20, 0, 30), absDirection.WEST: (15, 19, 0, 30)}
mazeAsGraph[0][19][17] = {absDirection.NORTH: (17, 18, 0, 30), absDirection.EAST: (18, 19, 0, 30), absDirection.SOUTH: (17, 20, 0, 30), absDirection.WEST: None}
mazeAsGraph[0][19][18] = {absDirection.NORTH: (18, 18, 0, 30), absDirection.EAST: (19, 19, 0, 30), absDirection.SOUTH: None, absDirection.WEST: (17, 19, 0, 30)}
mazeAsGraph[0][19][19] = {absDirection.NORTH: (19, 18, 0, 30), absDirection.EAST: (20, 19, 0, 30), absDirection.SOUTH: None, absDirection.WEST: (18, 19, 0, 30)}
mazeAsGraph[0][19][20] = {absDirection.NORTH: (20, 18, 0, 30), absDirection.EAST: None, absDirection.SOUTH: (20, 20, 0, 30), absDirection.WEST: (19, 19, 0, 30)}
mazeAsGraph[0][20][15] = {absDirection.NORTH: (15, 19, 0, 30), absDirection.EAST: (16, 20, 0, 30), absDirection.SOUTH: None, absDirection.WEST: None}
mazeAsGraph[0][20][16] = {absDirection.NORTH: (16, 19, 0, 30), absDirection.EAST: (17, 20, 0, 30), absDirection.SOUTH: None, absDirection.WEST: (15, 20, 0, 30)}
mazeAsGraph[0][20][17] = {absDirection.NORTH: (17, 19, 0, 30), absDirection.EAST: None, absDirection.SOUTH: None, absDirection.WEST: (16, 20, 0, 30)}
mazeAsGraph[0][20][20] = {absDirection.NORTH: (20, 19, 0, 30), absDirection.EAST: None, absDirection.SOUTH: None, absDirection.WEST: None}
mazeAsGraph[1][17][17] = {absDirection.NORTH: None, absDirection.EAST: (18, 17, 1, 30), absDirection.SOUTH: (17, 17, 0, 60), absDirection.WEST: None}
mazeAsGraph[1][17][18] = {absDirection.NORTH: None, absDirection.EAST: (20, 15, 0, 60), absDirection.SOUTH: (18, 18, 1, 30), absDirection.WEST: (17, 17, 1, 30)}
2026-06-24 23:30:04,371 - mazeUtils.mazeMap - [mazeMap.py:61] - INFO - next goal: (16, 17, 0)
2026-06-24 23:30:04,377 - mazeUtils.moveTile - [moveTile.py:79] - DEBUG - Moving to absDirection.NORTH from (16, 18, 0) facing absDirection.WEST
2026-06-24 23:30:04,406 - mazeUtils.moveTile - [moveTile.py:79] - DEBUG - current heading: 89.75999999999999 target: 0
2026-06-24 23:30:05,519 - mazeUtils.moveTile - [moveTile.py:426] - DEBUG - stopped turning at heading: 6.0, diff: 6.0
2026-06-24 23:30:05,569 - mazeUtils.moveTile - [moveTile.py:79] - DEBUG - Turned to heading: 1.4899999999999523 deg
2026-06-24 23:30:05,739 - mazeUtils.moveTile - [moveTile.py:79] - DEBUG - Little backward to adjust position
2026-06-24 23:30:06,038 - picamera2.picamera2 - [picamera2.py:1391] - DEBUG - Execute job: <picamera2.job.Job object at 0x7f92cfcd50>
2026-06-24 23:30:06,042 - mazeUtils.device.camera - [camera.py:39] - DEBUG - Average HSV: H=117.2, S=71.1, V=212.7
2026-06-24 23:30:06,083 - mazeUtils.moveTile - [moveTile.py:79] - DEBUG - roll: 359.19 deg, practicalMoveTime: 0.048342964018480775 sec
2026-06-24 23:30:06,083 - mazeUtils.moveTile - [moveTile.py:1763] - DEBUG - moveTile loop time: 48.3 ms
2026-06-24 23:30:06,088 - picamera2.picamera2 - [picamera2.py:1391] - DEBUG - Execute job: <picamera2.job.Job object at 0x7f89247950>
2026-06-24 23:30:06,091 - mazeUtils.device.camera - [camera.py:39] - DEBUG - Average HSV: H=123.1, S=78.6, V=203.0
2026-06-24 23:30:06,129 - mazeUtils.moveTile - [moveTile.py:79] - DEBUG - roll: 359.24 deg, practicalMoveTime: 0.09372811638544948 sec
2026-06-24 23:30:06,129 - mazeUtils.moveTile - [moveTile.py:1763] - DEBUG - moveTile loop time: 45.7 ms
2026-06-24 23:30:06,142 - picamera2.picamera2 - [picamera2.py:1391] - DEBUG - Execute job: <picamera2.job.Job object at 0x7f88c68150>
2026-06-24 23:30:06,145 - mazeUtils.device.camera - [camera.py:39] - DEBUG - Average HSV: H=130.9, S=98.4, V=194.9
2026-06-24 23:30:06,188 - mazeUtils.moveTile - [moveTile.py:79] - DEBUG - roll: 357.87 deg, practicalMoveTime: 0.15277299550832704 sec
2026-06-24 23:30:06,189 - mazeUtils.moveTile - [moveTile.py:1763] - DEBUG - moveTile loop time: 59.5 ms
2026-06-24 23:30:06,193 - picamera2.picamera2 - [picamera2.py:1391] - DEBUG - Execute job: <picamera2.job.Job object at 0x7f88c68150>
2026-06-24 23:30:06,196 - mazeUtils.device.camera - [camera.py:39] - DEBUG - Average HSV: H=157.1, S=166.6, V=155.8
2026-06-24 23:30:06,229 - mazeUtils.moveTile - [moveTile.py:79] - DEBUG - roll: 357.62 deg, practicalMoveTime: 0.19310996831764193 sec
2026-06-24 23:30:06,230 - mazeUtils.moveTile - [moveTile.py:1763] - DEBUG - moveTile loop time: 40.9 ms
2026-06-24 23:30:06,241 - picamera2.picamera2 - [picamera2.py:1391] - DEBUG - Execute job: <picamera2.job.Job object at 0x7fa2084a90>
2026-06-24 23:30:06,244 - mazeUtils.device.camera - [camera.py:39] - DEBUG - Average HSV: H=172.0, S=240.3, V=149.5
2026-06-24 23:30:06,282 - mazeUtils.moveTile - [moveTile.py:79] - DEBUG - roll: 358.68 deg, practicalMoveTime: 0.24538003453742782 sec
2026-06-24 23:30:06,283 - mazeUtils.moveTile - [moveTile.py:1763] - DEBUG - moveTile loop time: 52.3 ms
2026-06-24 23:30:06,288 - picamera2.picamera2 - [picamera2.py:1391] - DEBUG - Execute job: <picamera2.job.Job object at 0x7f8a4a2e90>
2026-06-24 23:30:06,291 - mazeUtils.device.camera - [camera.py:39] - DEBUG - Average HSV: H=171.5, S=241.9, V=149.8
2026-06-24 23:30:06,325 - mazeUtils.moveTile - [moveTile.py:79] - DEBUG - roll: 359.38 deg, practicalMoveTime: 0.28733415334073015 sec
2026-06-24 23:30:06,325 - mazeUtils.moveTile - [moveTile.py:1763] - DEBUG - moveTile loop time: 42.3 ms
2026-06-24 23:30:06,331 - picamera2.picamera2 - [picamera2.py:1391] - DEBUG - Execute job: <picamera2.job.Job object at 0x7f886fbc90>
2026-06-24 23:30:06,334 - mazeUtils.device.camera - [camera.py:39] - DEBUG - Average HSV: H=171.7, S=236.9, V=145.7
2026-06-24 23:30:06,366 - mazeUtils.moveTile - [moveTile.py:79] - DEBUG - roll: 4.25 deg, practicalMoveTime: 0.32807647030075787 sec
2026-06-24 23:30:06,366 - mazeUtils.moveTile - [moveTile.py:1763] - DEBUG - moveTile loop time: 41.0 ms
2026-06-24 23:30:06,373 - picamera2.picamera2 - [picamera2.py:1391] - DEBUG - Execute job: <picamera2.job.Job object at 0x7f8a4a2e90>
2026-06-24 23:30:06,376 - mazeUtils.device.camera - [camera.py:39] - DEBUG - Average HSV: H=171.5, S=239.0, V=138.0
2026-06-24 23:30:06,410 - mazeUtils.moveTile - [moveTile.py:79] - DEBUG - roll: 0.8100000000000023 deg, practicalMoveTime: 0.3717662828500514 sec
2026-06-24 23:30:06,411 - mazeUtils.moveTile - [moveTile.py:1763] - DEBUG - moveTile loop time: 44.2 ms
2026-06-24 23:30:06,424 - picamera2.picamera2 - [picamera2.py:1391] - DEBUG - Execute job: <picamera2.job.Job object at 0x7f8a4a2e90>
2026-06-24 23:30:06,428 - mazeUtils.device.camera - [camera.py:39] - DEBUG - Average HSV: H=171.6, S=240.9, V=142.3
2026-06-24 23:30:06,472 - mazeUtils.moveTile - [moveTile.py:79] - DEBUG - roll: 1.2900000000000205 deg, practicalMoveTime: 0.43285025070543115 sec
2026-06-24 23:30:06,474 - mazeUtils.moveTile - [moveTile.py:1763] - DEBUG - moveTile loop time: 62.0 ms
2026-06-24 23:30:06,478 - picamera2.picamera2 - [picamera2.py:1391] - DEBUG - Execute job: <picamera2.job.Job object at 0x7f89247910>
2026-06-24 23:30:06,486 - mazeUtils.device.camera - [camera.py:39] - DEBUG - Average HSV: H=171.7, S=240.5, V=138.9
2026-06-24 23:30:06,522 - mazeUtils.moveTile - [moveTile.py:79] - DEBUG - roll: 1.490000000000009 deg, practicalMoveTime: 0.4814616892073046 sec
2026-06-24 23:30:06,523 - mazeUtils.moveTile - [moveTile.py:1763] - DEBUG - moveTile loop time: 48.8 ms
2026-06-24 23:30:06,530 - picamera2.picamera2 - [picamera2.py:1391] - DEBUG - Execute job: <picamera2.job.Job object at 0x7f92cfcdd0>
2026-06-24 23:30:06,533 - mazeUtils.device.camera - [camera.py:39] - DEBUG - Average HSV: H=171.7, S=240.3, V=136.1
2026-06-24 23:30:06,574 - mazeUtils.moveTile - [moveTile.py:79] - DEBUG - roll: 0.910000000000025 deg, practicalMoveTime: 0.5321195461416042 sec
2026-06-24 23:30:06,574 - mazeUtils.moveTile - [moveTile.py:1763] - DEBUG - moveTile loop time: 50.7 ms
2026-06-24 23:30:06,582 - picamera2.picamera2 - [picamera2.py:1391] - DEBUG - Execute job: <picamera2.job.Job object at 0x7f92cfcdd0>
2026-06-24 23:30:06,585 - mazeUtils.device.camera - [camera.py:39] - DEBUG - Average HSV: H=171.9, S=237.1, V=134.9
2026-06-24 23:30:06,621 - mazeUtils.moveTile - [moveTile.py:79] - DEBUG - roll: 3.2900000000000205 deg, practicalMoveTime: 0.5792772035970924 sec
2026-06-24 23:30:06,622 - mazeUtils.moveTile - [moveTile.py:1763] - DEBUG - moveTile loop time: 47.5 ms
2026-06-24 23:30:06,627 - picamera2.picamera2 - [picamera2.py:1391] - DEBUG - Execute job: <picamera2.job.Job object at 0x7f92cfcd50>
2026-06-24 23:30:06,630 - mazeUtils.device.camera - [camera.py:39] - DEBUG - Average HSV: H=171.8, S=236.1, V=131.3
2026-06-24 23:30:06,661 - mazeUtils.moveTile - [moveTile.py:79] - DEBUG - roll: 0.8400000000000318 deg, practicalMoveTime: 0.618709773610108 sec
2026-06-24 23:30:06,662 - mazeUtils.moveTile - [moveTile.py:1763] - DEBUG - moveTile loop time: 39.7 ms
2026-06-24 23:30:06,667 - picamera2.picamera2 - [picamera2.py:1391] - DEBUG - Execute job: <picamera2.job.Job object at 0x7f88acfb50>
2026-06-24 23:30:06,670 - mazeUtils.device.camera - [camera.py:39] - DEBUG - Average HSV: H=171.6, S=240.7, V=134.0
2026-06-24 23:30:06,703 - mazeUtils.moveTile - [moveTile.py:79] - DEBUG - roll: 2.1100000000000136 deg, practicalMoveTime: 0.6601217666397226 sec
2026-06-24 23:30:06,703 - mazeUtils.moveTile - [moveTile.py:1763] - DEBUG - moveTile loop time: 41.7 ms
2026-06-24 23:30:06,711 - picamera2.picamera2 - [picamera2.py:1391] - DEBUG - Execute job: <picamera2.job.Job object at 0x7f89247910>
2026-06-24 23:30:06,715 - mazeUtils.device.camera - [camera.py:39] - DEBUG - Average HSV: H=171.9, S=234.0, V=132.1
2026-06-24 23:30:06,763 - mazeUtils.moveTile - [moveTile.py:79] - DEBUG - roll: 0.12999999999999545 deg, practicalMoveTime: 0.7190962035565301 sec
2026-06-24 23:30:06,763 - mazeUtils.moveTile - [moveTile.py:1763] - DEBUG - moveTile loop time: 59.2 ms
2026-06-24 23:30:06,768 - picamera2.picamera2 - [picamera2.py:1391] - DEBUG - Execute job: <picamera2.job.Job object at 0x7f89247910>
2026-06-24 23:30:06,771 - mazeUtils.device.camera - [camera.py:39] - DEBUG - Average HSV: H=171.8, S=236.6, V=133.2
2026-06-24 23:30:06,811 - mazeUtils.moveTile - [moveTile.py:79] - DEBUG - roll: 359.2 deg, practicalMoveTime: 0.7666665078993731 sec
2026-06-24 23:30:06,811 - mazeUtils.moveTile - [moveTile.py:1763] - DEBUG - moveTile loop time: 47.8 ms
2026-06-24 23:30:06,816 - picamera2.picamera2 - [picamera2.py:1391] - DEBUG - Execute job: <picamera2.job.Job object at 0x7fa2084a90>
2026-06-24 23:30:06,819 - mazeUtils.device.camera - [camera.py:39] - DEBUG - Average HSV: H=171.8, S=235.8, V=129.6
2026-06-24 23:30:06,856 - mazeUtils.moveTile - [moveTile.py:79] - DEBUG - roll: 359.63 deg, practicalMoveTime: 0.8119773016673092 sec
2026-06-24 23:30:06,857 - mazeUtils.moveTile - [moveTile.py:1763] - DEBUG - moveTile loop time: 45.5 ms
2026-06-24 23:30:06,862 - picamera2.picamera2 - [picamera2.py:1391] - DEBUG - Execute job: <picamera2.job.Job object at 0x7f89247910>
2026-06-24 23:30:06,865 - mazeUtils.device.camera - [camera.py:39] - DEBUG - Average HSV: H=171.7, S=233.6, V=129.5
2026-06-24 23:30:06,906 - mazeUtils.moveTile - [moveTile.py:1636] - INFO - practicalVerticalMove: 0.22643230303508066 CM
2026-06-24 23:30:06,949 - mazeUtils.moveTile - [moveTile.py:1959] - INFO - Set moved vertical distance: 0.22643230303508066 cm, past distances: [(0, False), (0, False), (0, False)]
2026-06-24 23:30:07,093 - mazeUtils.moveTile - [moveTile.py:552] - DEBUG - Direction: absDirection.NORTH, Angle: 0, Distance: 77.34055905413724 cm
2026-06-24 23:30:07,094 - mazeUtils.moveTile - [moveTile.py:574] - DEBUG - Front LiDAR distance: 77.34055905413724 cm, TSD10 distance: 66.6 cm
2026-06-24 23:30:07,095 - mazeUtils.moveTile - [moveTile.py:552] - DEBUG - Direction: absDirection.EAST, Angle: 270, Distance: 76.22787290882209 cm
2026-06-24 23:30:07,096 - mazeUtils.moveTile - [moveTile.py:552] - DEBUG - Direction: absDirection.SOUTH, Angle: 180, Distance: 109.52475441723483 cm
2026-06-24 23:30:07,098 - mazeUtils.moveTile - [moveTile.py:552] - DEBUG - Direction: absDirection.WEST, Angle: 90, Distance: 18.2719088154146 cm
2026-06-24 23:30:07,101 - mazeUtils.moveTile - [moveTile.py:2119] - INFO - Tile color detection, decided tile type: R
2026-06-24 23:30:07,103 - mazeUtils.moveTile - [moveTile.py:2129] - INFO - Moved to (16, 17, 0), Tile type: R, Wall types: {<absDirection.NORTH: 0>: <wallType.NO_WALL: 1>, <absDirection.EAST: 270>: <wallType.NO_WALL: 1>, <absDirection.SOUTH: 180>: <wallType.NO_WALL: 1>, <absDirection.WEST: 90>: <wallType.WALL: 2>}
2026-06-24 23:30:07,202 - __main__ - [main.py:105] - INFO - Current position: (16, 17, 0), front direction: absDirection.NORTH
Layer 0 (altitude=0.0cm, offset=(0.0cm, 0.0cm)):
Known map area: x=15..20, y=15..20
+   +   +   +   +   +---+
  U   U   U   U   U   E |
+   +   +   +   +   +   +
  U   U   U   U   U   E |
+   +   +   +   +   +   +
  U | @   E   B   U | E |
+   +   +   +   +   +   +
  U | E   E   E | U | E |
+---+---+   +   +   +   +
| E   E | E   E   E   E |
+   +   +   +---+---+   +
| E   E   E | U   U | E |
+---+---+---+   +   +---+
Layer 1 (altitude=15.0cm, offset=(0.0cm, -60.0cm)):
Known map area: x=17..18, y=17..17
+---+---+
| E   E  
+   +   +
mazeAsGraph[0][15][20] = {absDirection.NORTH: None, absDirection.EAST: None, absDirection.SOUTH: (20, 16, 0, 30), absDirection.WEST: (18, 17, 1, 60)}
mazeAsGraph[0][16][20] = {absDirection.NORTH: (20, 15, 0, 30), absDirection.EAST: None, absDirection.SOUTH: (20, 17, 0, 30), absDirection.WEST: (19, 16, 0, 30)}
mazeAsGraph[0][17][16] = {absDirection.NORTH: (16, 16, 0, 30), absDirection.EAST: (17, 17, 0, 30), absDirection.SOUTH: (16, 18, 0, 30), absDirection.WEST: None}
mazeAsGraph[0][17][17] = {absDirection.NORTH: (17, 17, 1, 60), absDirection.EAST: None, absDirection.SOUTH: (17, 18, 0, 30), absDirection.WEST: (16, 17, 0, 30)}
mazeAsGraph[0][17][18] = {absDirection.NORTH: None, absDirection.EAST: None, absDirection.SOUTH: None, absDirection.WEST: None}
mazeAsGraph[0][17][20] = {absDirection.NORTH: (20, 16, 0, 30), absDirection.EAST: None, absDirection.SOUTH: (20, 18, 0, 30), absDirection.WEST: None}
mazeAsGraph[0][18][16] = {absDirection.NORTH: (16, 17, 0, 30), absDirection.EAST: (17, 18, 0, 30), absDirection.SOUTH: None, absDirection.WEST: None}
mazeAsGraph[0][18][17] = {absDirection.NORTH: (17, 17, 0, 30), absDirection.EAST: (18, 18, 0, 30), absDirection.SOUTH: (17, 19, 0, 30), absDirection.WEST: (16, 18, 0, 30)}
mazeAsGraph[0][18][18] = {absDirection.NORTH: None, absDirection.EAST: None, absDirection.SOUTH: (18, 19, 0, 30), absDirection.WEST: (17, 18, 0, 30)}
mazeAsGraph[0][18][20] = {absDirection.NORTH: (20, 17, 0, 30), absDirection.EAST: None, absDirection.SOUTH: (20, 19, 0, 30), absDirection.WEST: None}
mazeAsGraph[0][19][15] = {absDirection.NORTH: None, absDirection.EAST: (16, 19, 0, 30), absDirection.SOUTH: (15, 20, 0, 30), absDirection.WEST: None}
mazeAsGraph[0][19][16] = {absDirection.NORTH: None, absDirection.EAST: None, absDirection.SOUTH: (16, 20, 0, 30), absDirection.WEST: (15, 19, 0, 30)}
mazeAsGraph[0][19][17] = {absDirection.NORTH: (17, 18, 0, 30), absDirection.EAST: (18, 19, 0, 30), absDirection.SOUTH: (17, 20, 0, 30), absDirection.WEST: None}
mazeAsGraph[0][19][18] = {absDirection.NORTH: (18, 18, 0, 30), absDirection.EAST: (19, 19, 0, 30), absDirection.SOUTH: None, absDirection.WEST: (17, 19, 0, 30)}
mazeAsGraph[0][19][19] = {absDirection.NORTH: (19, 18, 0, 30), absDirection.EAST: (20, 19, 0, 30), absDirection.SOUTH: None, absDirection.WEST: (18, 19, 0, 30)}
mazeAsGraph[0][19][20] = {absDirection.NORTH: (20, 18, 0, 30), absDirection.EAST: None, absDirection.SOUTH: (20, 20, 0, 30), absDirection.WEST: (19, 19, 0, 30)}
mazeAsGraph[0][20][15] = {absDirection.NORTH: (15, 19, 0, 30), absDirection.EAST: (16, 20, 0, 30), absDirection.SOUTH: None, absDirection.WEST: None}
mazeAsGraph[0][20][16] = {absDirection.NORTH: (16, 19, 0, 30), absDirection.EAST: (17, 20, 0, 30), absDirection.SOUTH: None, absDirection.WEST: (15, 20, 0, 30)}
mazeAsGraph[0][20][17] = {absDirection.NORTH: (17, 19, 0, 30), absDirection.EAST: None, absDirection.SOUTH: None, absDirection.WEST: (16, 20, 0, 30)}
mazeAsGraph[0][20][20] = {absDirection.NORTH: (20, 19, 0, 30), absDirection.EAST: None, absDirection.SOUTH: None, absDirection.WEST: None}
mazeAsGraph[1][17][17] = {absDirection.NORTH: None, absDirection.EAST: (18, 17, 1, 30), absDirection.SOUTH: (17, 17, 0, 60), absDirection.WEST: None}
mazeAsGraph[1][17][18] = {absDirection.NORTH: None, absDirection.EAST: (20, 15, 0, 60), absDirection.SOUTH: (18, 18, 1, 30), absDirection.WEST: (17, 17, 1, 30)}
2026-06-24 23:30:07,210 - mazeUtils.mazeMap - [mazeMap.py:61] - INFO - next goal: (18, 18, 1)
2026-06-24 23:30:07,219 - mazeUtils.moveTile - [moveTile.py:79] - DEBUG - Moving to absDirection.EAST from (16, 17, 0) facing absDirection.NORTH
2026-06-24 23:30:07,226 - mazeUtils.moveTile - [moveTile.py:79] - DEBUG - Turning to 270 deg, current heading: 1.0499999999999545 deg, turnAngle: 91.04999999999995 deg
2026-06-24 23:30:07,252 - mazeUtils.moveTile - [moveTile.py:79] - DEBUG - gyro:1.0699999999999932 deg, derivative: 0.020000000000038654, turnSpeed: 100
2026-06-24 23:30:07,279 - mazeUtils.moveTile - [moveTile.py:79] - DEBUG - gyro:1.1200000000000045 deg, derivative: 0.05000000000001137, turnSpeed: 100
2026-06-24 23:30:07,307 - mazeUtils.moveTile - [moveTile.py:79] - DEBUG - gyro:1.1399999999999864 deg, derivative: 0.01999999999998181, turnSpeed: 100
2026-06-24 23:30:07,335 - mazeUtils.moveTile - [moveTile.py:79] - DEBUG - gyro:0.7399999999999523 deg, derivative: -0.4000000000000341, turnSpeed: 100
2026-06-24 23:30:07,359 - mazeUtils.moveTile - [moveTile.py:79] - DEBUG - gyro:358.64 deg, derivative: -2.099999999999966, turnSpeed: 100
2026-06-24 23:30:07,383 - mazeUtils.moveTile - [moveTile.py:79] - DEBUG - gyro:355.64 deg, derivative: -3.0, turnSpeed: 100
2026-06-24 23:30:07,413 - mazeUtils.moveTile - [moveTile.py:79] - DEBUG - gyro:351.73999999999995 deg, derivative: -3.900000000000034, turnSpeed: 100
2026-06-24 23:30:07,436 - mazeUtils.moveTile - [moveTile.py:79] - DEBUG - gyro:348.65 deg, derivative: -3.089999999999975, turnSpeed: 100
2026-06-24 23:30:07,468 - mazeUtils.moveTile - [moveTile.py:79] - DEBUG - gyro:344.79999999999995 deg, derivative: -3.8500000000000227, turnSpeed: 100
2026-06-24 23:30:07,495 - mazeUtils.moveTile - [moveTile.py:79] - DEBUG - gyro:341.15999999999997 deg, derivative: -3.6399999999999864, turnSpeed: 100
2026-06-24 23:30:07,521 - mazeUtils.moveTile - [moveTile.py:79] - DEBUG - gyro:337.48999999999995 deg, derivative: -3.670000000000016, turnSpeed: 100
2026-06-24 23:30:07,554 - mazeUtils.moveTile - [moveTile.py:79] - DEBUG - gyro:335.46999999999997 deg, derivative: -2.019999999999982, turnSpeed: 100
2026-06-24 23:30:07,583 - mazeUtils.moveTile - [moveTile.py:79] - DEBUG - gyro:332.54999999999995 deg, derivative: -2.920000000000016, turnSpeed: 100
2026-06-24 23:30:07,610 - mazeUtils.moveTile - [moveTile.py:79] - DEBUG - gyro:328.32 deg, derivative: -4.229999999999961, turnSpeed: 100
2026-06-24 23:30:07,642 - mazeUtils.moveTile - [moveTile.py:79] - DEBUG - gyro:324.67999999999995 deg, derivative: -3.640000000000043, turnSpeed: 100
2026-06-24 23:30:07,673 - mazeUtils.moveTile - [moveTile.py:79] - DEBUG - gyro:320.44 deg, derivative: -4.239999999999952, turnSpeed: 100
2026-06-24 23:30:07,702 - mazeUtils.moveTile - [moveTile.py:79] - DEBUG - gyro:317.63 deg, derivative: -2.8100000000000023, turnSpeed: 95.25999999999999
2026-06-24 23:30:07,726 - mazeUtils.moveTile - [moveTile.py:79] - DEBUG - gyro:312.85999999999996 deg, derivative: -4.770000000000039, turnSpeed: 85.71999999999991
2026-06-24 23:30:07,755 - mazeUtils.moveTile - [moveTile.py:79] - DEBUG - gyro:309.25 deg, derivative: -3.609999999999957, turnSpeed: 78.5
2026-06-24 23:30:07,779 - mazeUtils.moveTile - [moveTile.py:79] - DEBUG - gyro:306.53999999999996 deg, derivative: -2.7100000000000364, turnSpeed: 73.07999999999993
2026-06-24 23:30:07,803 - mazeUtils.moveTile - [moveTile.py:79] - DEBUG - gyro:304.10999999999996 deg, derivative: -2.430000000000007, turnSpeed: 68.21999999999991
2026-06-24 23:30:07,827 - mazeUtils.moveTile - [moveTile.py:79] - DEBUG - gyro:301.87 deg, derivative: -2.2399999999999523, turnSpeed: 63.74000000000001
2026-06-24 23:30:07,853 - mazeUtils.moveTile - [moveTile.py:79] - DEBUG - gyro:299.38 deg, derivative: -2.490000000000009, turnSpeed: 58.75999999999999
2026-06-24 23:30:07,881 - mazeUtils.moveTile - [moveTile.py:79] - DEBUG - gyro:297.41999999999996 deg, derivative: -1.9600000000000364, turnSpeed: 54.83999999999992
2026-06-24 23:30:07,907 - mazeUtils.moveTile - [moveTile.py:79] - DEBUG - gyro:294.5 deg, derivative: -2.919999999999959, turnSpeed: 49.0
2026-06-24 23:30:07,932 - mazeUtils.moveTile - [moveTile.py:79] - DEBUG - gyro:291.21999999999997 deg, derivative: -3.2800000000000296, turnSpeed: 42.43999999999994
2026-06-24 23:30:07,957 - mazeUtils.moveTile - [moveTile.py:79] - DEBUG - gyro:290.04999999999995 deg, derivative: -1.170000000000016, turnSpeed: 40.09999999999991
2026-06-24 23:30:07,984 - mazeUtils.moveTile - [moveTile.py:79] - DEBUG - gyro:288.46 deg, derivative: -1.589999999999975, turnSpeed: 36.91999999999996
2026-06-24 23:30:08,008 - mazeUtils.moveTile - [moveTile.py:79] - DEBUG - gyro:286.78999999999996 deg, derivative: -1.670000000000016, turnSpeed: 33.57999999999993
2026-06-24 23:30:08,037 - mazeUtils.moveTile - [moveTile.py:79] - DEBUG - gyro:284.92999999999995 deg, derivative: -1.8600000000000136, turnSpeed: 29.8599999999999
2026-06-24 23:30:08,068 - mazeUtils.moveTile - [moveTile.py:79] - DEBUG - gyro:283.46 deg, derivative: -1.4699999999999704, turnSpeed: 26.91999999999996
2026-06-24 23:30:08,094 - mazeUtils.moveTile - [moveTile.py:79] - DEBUG - gyro:282.41999999999996 deg, derivative: -1.0400000000000205, turnSpeed: 24.839999999999918
2026-06-24 23:30:08,118 - mazeUtils.moveTile - [moveTile.py:79] - DEBUG - gyro:281.09 deg, derivative: -1.329999999999984, turnSpeed: 22.17999999999995
2026-06-24 23:30:08,149 - mazeUtils.moveTile - [moveTile.py:79] - DEBUG - gyro:280.38 deg, derivative: -0.7099999999999795, turnSpeed: 20.75999999999999
2026-06-24 23:30:08,181 - mazeUtils.moveTile - [moveTile.py:79] - DEBUG - gyro:279.22999999999996 deg, derivative: -1.150000000000034, turnSpeed: 18.459999999999923
2026-06-24 23:30:08,211 - mazeUtils.moveTile - [moveTile.py:79] - DEBUG - gyro:278.16999999999996 deg, derivative: -1.0600000000000023, turnSpeed: 16.339999999999918
2026-06-24 23:30:08,241 - mazeUtils.moveTile - [moveTile.py:79] - DEBUG - gyro:277.2 deg, derivative: -0.9699999999999704, turnSpeed: 14.399999999999977
2026-06-24 23:30:08,272 - mazeUtils.moveTile - [moveTile.py:79] - DEBUG - gyro:276.34999999999997 deg, derivative: -0.8500000000000227, turnSpeed: 12.699999999999932
2026-06-24 23:30:08,297 - mazeUtils.moveTile - [moveTile.py:79] - DEBUG - gyro:275.64 deg, derivative: -0.7099999999999795, turnSpeed: 11.279999999999973
2026-06-24 23:30:08,325 - mazeUtils.moveTile - [moveTile.py:79] - DEBUG - gyro:275.13 deg, derivative: -0.5099999999999909, turnSpeed: 10.259999999999991
2026-06-24 23:30:08,356 - mazeUtils.moveTile - [moveTile.py:79] - DEBUG - gyro:274.56 deg, derivative: -0.5699999999999932, turnSpeed: 9.120000000000005
2026-06-24 23:30:08,379 - mazeUtils.moveTile - [moveTile.py:79] - DEBUG - gyro:274.15999999999997 deg, derivative: -0.4000000000000341, turnSpeed: 8.319999999999936
2026-06-24 23:30:08,404 - mazeUtils.moveTile - [moveTile.py:79] - DEBUG - gyro:273.73999999999995 deg, derivative: -0.4200000000000159, turnSpeed: 7.4799999999999045
2026-06-24 23:30:08,429 - mazeUtils.moveTile - [moveTile.py:79] - DEBUG - gyro:273.26 deg, derivative: -0.47999999999996135, turnSpeed: 6.519999999999982
2026-06-24 23:30:08,457 - mazeUtils.moveTile - [moveTile.py:79] - DEBUG - gyro:273.01 deg, derivative: -0.25, turnSpeed: 6.019999999999982
2026-06-24 23:30:08,482 - mazeUtils.moveTile - [moveTile.py:79] - DEBUG - gyro:272.53999999999996 deg, derivative: -0.4700000000000273, turnSpeed: 5.079999999999927
2026-06-24 23:30:08,508 - mazeUtils.moveTile - [moveTile.py:79] - DEBUG - gyro:272.28 deg, derivative: -0.2599999999999909, turnSpeed: 4.559999999999945
2026-06-24 23:30:08,539 - mazeUtils.moveTile - [moveTile.py:79] - DEBUG - gyro:272.07 deg, derivative: -0.20999999999997954, turnSpeed: 4.139999999999986
2026-06-24 23:30:08,568 - mazeUtils.moveTile - [moveTile.py:79] - DEBUG - gyro:271.91999999999996 deg, derivative: -0.1500000000000341, turnSpeed: 3.839999999999918
2026-06-24 23:30:08,586 - mazeUtils.moveTile - [moveTile.py:79] - DEBUG - Turned to heading: 271.91999999999996 deg
2026-06-24 23:30:08,747 - mazeUtils.moveTile - [moveTile.py:79] - DEBUG - Little backward to adjust position
2026-06-24 23:30:09,027 - mazeUtils.moveTile - [moveTile.py:1467] - DEBUG - Calculated target steps to next tile: 1 based on distance 30 cm
2026-06-24 23:30:09,036 - picamera2.picamera2 - [picamera2.py:1391] - DEBUG - Execute job: <picamera2.job.Job object at 0x7fa4c76cd0>
2026-06-24 23:30:09,041 - mazeUtils.device.camera - [camera.py:39] - DEBUG - Average HSV: H=162.0, S=174.3, V=179.0
2026-06-24 23:30:09,074 - mazeUtils.moveTile - [moveTile.py:79] - DEBUG - roll: 0.410000000000025 deg, practicalMoveTime: 0.04620321834886207 sec
2026-06-24 23:30:09,074 - mazeUtils.moveTile - [moveTile.py:1763] - DEBUG - moveTile loop time: 46.0 ms
2026-06-24 23:30:09,079 - picamera2.picamera2 - [picamera2.py:1391] - DEBUG - Execute job: <picamera2.job.Job object at 0x7f886fbc90>
2026-06-24 23:30:09,083 - mazeUtils.device.camera - [camera.py:39] - DEBUG - Average HSV: H=155.0, S=134.5, V=185.1
2026-06-24 23:30:09,126 - mazeUtils.moveTile - [moveTile.py:79] - DEBUG - roll: 0.6100000000000136 deg, practicalMoveTime: 0.09781163282886873 sec
2026-06-24 23:30:09,126 - mazeUtils.moveTile - [moveTile.py:1763] - DEBUG - moveTile loop time: 52.0 ms
2026-06-24 23:30:09,132 - picamera2.picamera2 - [picamera2.py:1391] - DEBUG - Execute job: <picamera2.job.Job object at 0x7fa4c76cd0>
2026-06-24 23:30:09,138 - mazeUtils.device.camera - [camera.py:39] - DEBUG - Average HSV: H=147.0, S=95.6, V=193.2
2026-06-24 23:30:09,172 - mazeUtils.moveTile - [moveTile.py:79] - DEBUG - roll: 359.21 deg, practicalMoveTime: 0.14329904353677286 sec
2026-06-24 23:30:09,173 - mazeUtils.moveTile - [moveTile.py:1763] - DEBUG - moveTile loop time: 45.8 ms
2026-06-24 23:30:09,179 - picamera2.picamera2 - [picamera2.py:1391] - DEBUG - Execute job: <picamera2.job.Job object at 0x7f886fbc90>
2026-06-24 23:30:09,184 - mazeUtils.device.camera - [camera.py:39] - DEBUG - Average HSV: H=131.9, S=35.0, V=205.4
2026-06-24 23:30:09,222 - mazeUtils.moveTile - [moveTile.py:79] - DEBUG - roll: 0.2300000000000182 deg, practicalMoveTime: 0.19228543868684791 sec
2026-06-24 23:30:09,223 - mazeUtils.moveTile - [moveTile.py:1763] - DEBUG - moveTile loop time: 49.7 ms
2026-06-24 23:30:09,229 - picamera2.picamera2 - [picamera2.py:1391] - DEBUG - Execute job: <picamera2.job.Job object at 0x7f77b5e4d0>
2026-06-24 23:30:09,234 - mazeUtils.device.camera - [camera.py:39] - DEBUG - Average HSV: H=132.1, S=34.3, V=207.5
2026-06-24 23:30:09,276 - mazeUtils.moveTile - [moveTile.py:79] - DEBUG - roll: 359.19 deg, practicalMoveTime: 0.2459091245011907 sec
2026-06-24 23:30:09,277 - mazeUtils.moveTile - [moveTile.py:1763] - DEBUG - moveTile loop time: 53.0 ms
2026-06-24 23:30:09,281 - picamera2.picamera2 - [picamera2.py:1391] - DEBUG - Execute job: <picamera2.job.Job object at 0x7f77b5e4d0>
2026-06-24 23:30:09,285 - mazeUtils.device.camera - [camera.py:39] - DEBUG - Average HSV: H=130.7, S=34.5, V=209.9
2026-06-24 23:30:09,320 - mazeUtils.moveTile - [moveTile.py:79] - DEBUG - roll: 1.1499999999999773 deg, practicalMoveTime: 0.2883683476181759 sec
2026-06-24 23:30:09,320 - mazeUtils.moveTile - [moveTile.py:1763] - DEBUG - moveTile loop time: 42.7 ms
2026-06-24 23:30:09,325 - picamera2.picamera2 - [picamera2.py:1391] - DEBUG - Execute job: <picamera2.job.Job object at 0x7fabeb9cd0>
2026-06-24 23:30:09,329 - mazeUtils.device.camera - [camera.py:39] - DEBUG - Average HSV: H=135.4, S=31.3, V=207.7
2026-06-24 23:30:09,365 - mazeUtils.moveTile - [moveTile.py:79] - DEBUG - roll: 0.19999999999998863 deg, practicalMoveTime: 0.3337061241107296 sec
2026-06-24 23:30:09,366 - mazeUtils.moveTile - [moveTile.py:1763] - DEBUG - moveTile loop time: 46.1 ms
2026-06-24 23:30:09,371 - picamera2.picamera2 - [picamera2.py:1391] - DEBUG - Execute job: <picamera2.job.Job object at 0x7fa4c76cd0>
2026-06-24 23:30:09,375 - mazeUtils.device.camera - [camera.py:39] - DEBUG - Average HSV: H=132.2, S=36.6, V=206.8
2026-06-24 23:30:09,416 - mazeUtils.moveTile - [moveTile.py:79] - DEBUG - roll: 0.37000000000000455 deg, practicalMoveTime: 0.3825787266284863 sec
2026-06-24 23:30:09,416 - mazeUtils.moveTile - [moveTile.py:1763] - DEBUG - moveTile loop time: 49.3 ms
2026-06-24 23:30:09,423 - picamera2.picamera2 - [picamera2.py:1391] - DEBUG - Execute job: <picamera2.job.Job object at 0x7f886fbc90>
2026-06-24 23:30:09,432 - mazeUtils.device.camera - [camera.py:39] - DEBUG - Average HSV: H=130.4, S=38.5, V=207.0
2026-06-24 23:30:09,471 - mazeUtils.moveTile - [moveTile.py:79] - DEBUG - roll: 1.2699999999999818 deg, practicalMoveTime: 0.43753666177435974 sec
2026-06-24 23:30:09,472 - mazeUtils.moveTile - [moveTile.py:1763] - DEBUG - moveTile loop time: 55.4 ms
2026-06-24 23:30:09,479 - picamera2.picamera2 - [picamera2.py:1391] - DEBUG - Execute job: <picamera2.job.Job object at 0x7fabeb9cd0>
2026-06-24 23:30:09,483 - mazeUtils.device.camera - [camera.py:39] - DEBUG - Average HSV: H=138.2, S=27.3, V=210.1
2026-06-24 23:30:09,516 - mazeUtils.moveTile - [moveTile.py:79] - DEBUG - roll: 359.76 deg, practicalMoveTime: 0.48083583618355463 sec
2026-06-24 23:30:09,516 - mazeUtils.moveTile - [moveTile.py:1763] - DEBUG - moveTile loop time: 43.7 ms
2026-06-24 23:30:09,521 - picamera2.picamera2 - [picamera2.py:1391] - DEBUG - Execute job: <picamera2.job.Job object at 0x7fa4c43890>
2026-06-24 23:30:09,526 - mazeUtils.device.camera - [camera.py:39] - DEBUG - Average HSV: H=142.1, S=25.7, V=208.8
2026-06-24 23:30:09,572 - mazeUtils.moveTile - [moveTile.py:79] - DEBUG - roll: 1.2699999999999818 deg, practicalMoveTime: 0.5367295435974053 sec
2026-06-24 23:30:09,573 - mazeUtils.moveTile - [moveTile.py:1763] - DEBUG - moveTile loop time: 55.7 ms
2026-06-24 23:30:09,578 - picamera2.picamera2 - [picamera2.py:1391] - DEBUG - Execute job: <picamera2.job.Job object at 0x7f77b5e4d0>
2026-06-24 23:30:09,585 - mazeUtils.device.camera - [camera.py:39] - DEBUG - Average HSV: H=145.0, S=23.5, V=208.4
2026-06-24 23:30:09,620 - mazeUtils.moveTile - [moveTile.py:79] - DEBUG - roll: 359.86 deg, practicalMoveTime: 0.5844264783377403 sec
2026-06-24 23:30:09,621 - mazeUtils.moveTile - [moveTile.py:1763] - DEBUG - moveTile loop time: 47.8 ms
2026-06-24 23:30:09,628 - picamera2.picamera2 - [picamera2.py:1391] - DEBUG - Execute job: <picamera2.job.Job object at 0x7fa4c76cd0>
2026-06-24 23:30:09,631 - mazeUtils.device.camera - [camera.py:39] - DEBUG - Average HSV: H=143.1, S=24.0, V=210.4
2026-06-24 23:30:09,666 - mazeUtils.moveTile - [moveTile.py:79] - DEBUG - roll: 0.2599999999999909 deg, practicalMoveTime: 0.6298304078912482 sec
2026-06-24 23:30:09,667 - mazeUtils.moveTile - [moveTile.py:1763] - DEBUG - moveTile loop time: 45.8 ms
2026-06-24 23:30:09,672 - picamera2.picamera2 - [picamera2.py:1391] - DEBUG - Execute job: <picamera2.job.Job object at 0x7fa4c43890>
2026-06-24 23:30:09,676 - mazeUtils.device.camera - [camera.py:39] - DEBUG - Average HSV: H=143.3, S=23.6, V=210.8
2026-06-24 23:30:09,710 - mazeUtils.moveTile - [moveTile.py:79] - DEBUG - roll: 0.9399999999999977 deg, practicalMoveTime: 0.6729725280574108 sec
2026-06-24 23:30:09,711 - mazeUtils.moveTile - [moveTile.py:1763] - DEBUG - moveTile loop time: 43.5 ms
2026-06-24 23:30:09,718 - picamera2.picamera2 - [picamera2.py:1391] - DEBUG - Execute job: <picamera2.job.Job object at 0x7fabeb9cd0>
2026-06-24 23:30:09,721 - mazeUtils.device.camera - [camera.py:39] - DEBUG - Average HSV: H=147.0, S=21.0, V=210.7
2026-06-24 23:30:09,760 - mazeUtils.moveTile - [moveTile.py:79] - DEBUG - roll: 358.66 deg, practicalMoveTime: 0.7216747019774952 sec
2026-06-24 23:30:09,760 - mazeUtils.moveTile - [moveTile.py:1763] - DEBUG - moveTile loop time: 49.2 ms
2026-06-24 23:30:09,766 - picamera2.picamera2 - [picamera2.py:1391] - DEBUG - Execute job: <picamera2.job.Job object at 0x7fabeb9cd0>
2026-06-24 23:30:09,771 - mazeUtils.device.camera - [camera.py:39] - DEBUG - Average HSV: H=144.8, S=20.6, V=213.0
2026-06-24 23:30:09,805 - mazeUtils.moveTile - [moveTile.py:79] - DEBUG - roll: 0.040000000000020464 deg, practicalMoveTime: 0.7667689199557781 sec
2026-06-24 23:30:09,806 - mazeUtils.moveTile - [moveTile.py:1763] - DEBUG - moveTile loop time: 45.6 ms
2026-06-24 23:30:09,811 - picamera2.picamera2 - [picamera2.py:1391] - DEBUG - Execute job: <picamera2.job.Job object at 0x7fa4c43890>
2026-06-24 23:30:09,817 - mazeUtils.device.camera - [camera.py:39] - DEBUG - Average HSV: H=147.8, S=19.6, V=212.1
2026-06-24 23:30:09,854 - mazeUtils.moveTile - [moveTile.py:79] - DEBUG - roll: 0.22000000000002728 deg, practicalMoveTime: 0.8149180744908918 sec
2026-06-24 23:30:09,855 - mazeUtils.moveTile - [moveTile.py:1763] - DEBUG - moveTile loop time: 48.4 ms
2026-06-24 23:30:09,863 - picamera2.picamera2 - [picamera2.py:1391] - DEBUG - Execute job: <picamera2.job.Job object at 0x7fabeb9cd0>
2026-06-24 23:30:09,868 - mazeUtils.device.camera - [camera.py:39] - DEBUG - Average HSV: H=146.7, S=20.0, V=212.3
2026-06-24 23:30:09,902 - mazeUtils.moveTile - [moveTile.py:1636] - INFO - practicalVerticalMove: 0.13381454928404202 CM
2026-06-24 23:30:10,083 - mazeUtils.moveTile - [moveTile.py:552] - DEBUG - Direction: absDirection.NORTH, Angle: 90, Distance: 47.38732976982288 cm
2026-06-24 23:30:10,086 - mazeUtils.moveTile - [moveTile.py:552] - DEBUG - Direction: absDirection.EAST, Angle: 0, Distance: 48.46817247420763 cm
2026-06-24 23:30:10,087 - mazeUtils.moveTile - [moveTile.py:552] - DEBUG - Direction: absDirection.SOUTH, Angle: 270, Distance: 103.57447407355947 cm
2026-06-24 23:30:10,088 - mazeUtils.moveTile - [moveTile.py:552] - DEBUG - Direction: absDirection.WEST, Angle: 180, Distance: 50.718507321274814 cm
2026-06-24 23:30:10,092 - mazeUtils.moveTile - [moveTile.py:2119] - INFO - Tile color detection, decided tile type: E
2026-06-24 23:30:10,165 - __main__ - [main.py:105] - INFO - Current position: (17, 17, 0), front direction: absDirection.EAST
Layer 0 (altitude=0.0cm, offset=(0.0cm, 0.0cm)):
Known map area: x=15..20, y=15..20
+   +   +   +   +   +---+
  U   U   U   U   U   E |
+   +   +   +   +   +   +
  U   U   U   U   U   E |
+   +   +   +   +   +   +
  U | R   @   B   U | E |
+   +   +   +   +   +   +
  U | E   E   E | U | E |
+---+---+   +   +   +   +
| E   E | E   E   E   E |
+   +   +   +---+---+   +
| E   E   E | U   U | E |
+---+---+---+   +   +---+
Layer 1 (altitude=15.0cm, offset=(0.0cm, -60.0cm)):
Known map area: x=17..18, y=17..17
+---+---+
| E   E  
+   +   +
mazeAsGraph[0][15][20] = {absDirection.NORTH: None, absDirection.EAST: None, absDirection.SOUTH: (20, 16, 0, 30), absDirection.WEST: (18, 17, 1, 60)}
mazeAsGraph[0][16][20] = {absDirection.NORTH: (20, 15, 0, 30), absDirection.EAST: None, absDirection.SOUTH: (20, 17, 0, 30), absDirection.WEST: (19, 16, 0, 30)}
mazeAsGraph[0][17][16] = {absDirection.NORTH: (16, 16, 0, 30), absDirection.EAST: (17, 17, 0, 30), absDirection.SOUTH: (16, 18, 0, 30), absDirection.WEST: None}
mazeAsGraph[0][17][17] = {absDirection.NORTH: (17, 17, 1, 60), absDirection.EAST: None, absDirection.SOUTH: (17, 18, 0, 30), absDirection.WEST: (16, 17, 0, 30)}
mazeAsGraph[0][17][18] = {absDirection.NORTH: None, absDirection.EAST: None, absDirection.SOUTH: None, absDirection.WEST: None}
mazeAsGraph[0][17][20] = {absDirection.NORTH: (20, 16, 0, 30), absDirection.EAST: None, absDirection.SOUTH: (20, 18, 0, 30), absDirection.WEST: None}
mazeAsGraph[0][18][16] = {absDirection.NORTH: (16, 17, 0, 30), absDirection.EAST: (17, 18, 0, 30), absDirection.SOUTH: None, absDirection.WEST: None}
mazeAsGraph[0][18][17] = {absDirection.NORTH: (17, 17, 0, 30), absDirection.EAST: (18, 18, 0, 30), absDirection.SOUTH: (17, 19, 0, 30), absDirection.WEST: (16, 18, 0, 30)}
mazeAsGraph[0][18][18] = {absDirection.NORTH: None, absDirection.EAST: None, absDirection.SOUTH: (18, 19, 0, 30), absDirection.WEST: (17, 18, 0, 30)}
mazeAsGraph[0][18][20] = {absDirection.NORTH: (20, 17, 0, 30), absDirection.EAST: None, absDirection.SOUTH: (20, 19, 0, 30), absDirection.WEST: None}
mazeAsGraph[0][19][15] = {absDirection.NORTH: None, absDirection.EAST: (16, 19, 0, 30), absDirection.SOUTH: (15, 20, 0, 30), absDirection.WEST: None}
mazeAsGraph[0][19][16] = {absDirection.NORTH: None, absDirection.EAST: None, absDirection.SOUTH: (16, 20, 0, 30), absDirection.WEST: (15, 19, 0, 30)}
mazeAsGraph[0][19][17] = {absDirection.NORTH: (17, 18, 0, 30), absDirection.EAST: (18, 19, 0, 30), absDirection.SOUTH: (17, 20, 0, 30), absDirection.WEST: None}
mazeAsGraph[0][19][18] = {absDirection.NORTH: (18, 18, 0, 30), absDirection.EAST: (19, 19, 0, 30), absDirection.SOUTH: None, absDirection.WEST: (17, 19, 0, 30)}
mazeAsGraph[0][19][19] = {absDirection.NORTH: (19, 18, 0, 30), absDirection.EAST: (20, 19, 0, 30), absDirection.SOUTH: None, absDirection.WEST: (18, 19, 0, 30)}
mazeAsGraph[0][19][20] = {absDirection.NORTH: (20, 18, 0, 30), absDirection.EAST: None, absDirection.SOUTH: (20, 20, 0, 30), absDirection.WEST: (19, 19, 0, 30)}
mazeAsGraph[0][20][15] = {absDirection.NORTH: (15, 19, 0, 30), absDirection.EAST: (16, 20, 0, 30), absDirection.SOUTH: None, absDirection.WEST: None}
mazeAsGraph[0][20][16] = {absDirection.NORTH: (16, 19, 0, 30), absDirection.EAST: (17, 20, 0, 30), absDirection.SOUTH: None, absDirection.WEST: (15, 20, 0, 30)}
mazeAsGraph[0][20][17] = {absDirection.NORTH: (17, 19, 0, 30), absDirection.EAST: None, absDirection.SOUTH: None, absDirection.WEST: (16, 20, 0, 30)}
mazeAsGraph[0][20][20] = {absDirection.NORTH: (20, 19, 0, 30), absDirection.EAST: None, absDirection.SOUTH: None, absDirection.WEST: None}
mazeAsGraph[1][17][17] = {absDirection.NORTH: None, absDirection.EAST: (18, 17, 1, 30), absDirection.SOUTH: (17, 17, 0, 60), absDirection.WEST: None}
mazeAsGraph[1][17][18] = {absDirection.NORTH: None, absDirection.EAST: (20, 15, 0, 60), absDirection.SOUTH: (18, 18, 1, 30), absDirection.WEST: (17, 17, 1, 30)}
2026-06-24 23:30:10,184 - mazeUtils.moveTile - [moveTile.py:79] - DEBUG - Moving to absDirection.NORTH from (17, 17, 0) facing absDirection.EAST
2026-06-24 23:30:10,191 - mazeUtils.moveTile - [moveTile.py:79] - DEBUG - Turning to 0 deg, current heading: 269.71 deg, turnAngle: -90.29000000000002 deg
2026-06-24 23:30:10,216 - mazeUtils.moveTile - [moveTile.py:79] - DEBUG - gyro:269.72999999999996 deg, derivative: 0.01999999999998181, turnSpeed: -100
2026-06-24 23:30:10,239 - mazeUtils.moveTile - [moveTile.py:79] - DEBUG - gyro:269.81 deg, derivative: 0.08000000000004093, turnSpeed: -100
2026-06-24 23:30:10,269 - mazeUtils.moveTile - [moveTile.py:79] - DEBUG - gyro:270.07 deg, derivative: 0.2599999999999909, turnSpeed: -100
2026-06-24 23:30:10,294 - mazeUtils.moveTile - [moveTile.py:79] - DEBUG - gyro:270.27 deg, derivative: 0.19999999999998863, turnSpeed: -100
2026-06-24 23:30:10,316 - mazeUtils.moveTile - [moveTile.py:79] - DEBUG - gyro:271.32 deg, derivative: 1.0500000000000114, turnSpeed: -100
2026-06-24 23:30:10,339 - mazeUtils.moveTile - [moveTile.py:79] - DEBUG - gyro:274.26 deg, derivative: 2.9399999999999977, turnSpeed: -100
2026-06-24 23:30:10,367 - mazeUtils.moveTile - [moveTile.py:79] - DEBUG - gyro:277.51 deg, derivative: 3.25, turnSpeed: -100
2026-06-24 23:30:10,390 - mazeUtils.moveTile - [moveTile.py:79] - DEBUG - gyro:281.54999999999995 deg, derivative: 4.039999999999964, turnSpeed: -100
2026-06-24 23:30:10,413 - mazeUtils.moveTile - [moveTile.py:79] - DEBUG - gyro:285.42999999999995 deg, derivative: 3.8799999999999955, turnSpeed: -100
2026-06-24 23:30:10,444 - mazeUtils.moveTile - [moveTile.py:79] - DEBUG - gyro:288.2 deg, derivative: 2.7700000000000387, turnSpeed: -100
2026-06-24 23:30:10,467 - mazeUtils.moveTile - [moveTile.py:79] - DEBUG - gyro:292.96999999999997 deg, derivative: 4.769999999999982, turnSpeed: -100
2026-06-24 23:30:10,493 - mazeUtils.moveTile - [moveTile.py:79] - DEBUG - gyro:296.10999999999996 deg, derivative: 3.1399999999999864, turnSpeed: -100
2026-06-24 23:30:10,516 - mazeUtils.moveTile - [moveTile.py:79] - DEBUG - gyro:299.59999999999997 deg, derivative: 3.490000000000009, turnSpeed: -100
2026-06-24 23:30:10,546 - mazeUtils.moveTile - [moveTile.py:79] - DEBUG - gyro:303.09999999999997 deg, derivative: 3.5, turnSpeed: -100
2026-06-24 23:30:10,567 - mazeUtils.moveTile - [moveTile.py:79] - DEBUG - gyro:307.03999999999996 deg, derivative: 3.9399999999999977, turnSpeed: -100
2026-06-24 23:30:10,591 - mazeUtils.moveTile - [moveTile.py:79] - DEBUG - gyro:310.0 deg, derivative: 2.9600000000000364, turnSpeed: -100.0
2026-06-24 23:30:10,620 - mazeUtils.moveTile - [moveTile.py:79] - DEBUG - gyro:312.87 deg, derivative: 2.8700000000000045, turnSpeed: -94.25999999999999
2026-06-24 23:30:10,643 - mazeUtils.moveTile - [moveTile.py:79] - DEBUG - gyro:317.16999999999996 deg, derivative: 4.2999999999999545, turnSpeed: -85.66000000000008
2026-06-24 23:30:10,666 - mazeUtils.moveTile - [moveTile.py:79] - DEBUG - gyro:320.94 deg, derivative: 3.7700000000000387, turnSpeed: -78.12
2026-06-24 23:30:10,696 - mazeUtils.moveTile - [moveTile.py:79] - DEBUG - gyro:324.04999999999995 deg, derivative: 3.109999999999957, turnSpeed: -71.90000000000009
2026-06-24 23:30:10,722 - mazeUtils.moveTile - [moveTile.py:79] - DEBUG - gyro:329.17999999999995 deg, derivative: 5.1299999999999955, turnSpeed: -61.6400000000001
2026-06-24 23:30:10,747 - mazeUtils.moveTile - [moveTile.py:79] - DEBUG - gyro:330.92999999999995 deg, derivative: 1.75, turnSpeed: -58.1400000000001
2026-06-24 23:30:10,773 - mazeUtils.moveTile - [moveTile.py:79] - DEBUG - gyro:333.83 deg, derivative: 2.900000000000034, turnSpeed: -52.34000000000003
2026-06-24 23:30:10,804 - mazeUtils.moveTile - [moveTile.py:79] - DEBUG - gyro:335.56 deg, derivative: 1.7300000000000182, turnSpeed: -48.879999999999995
2026-06-24 23:30:10,832 - mazeUtils.moveTile - [moveTile.py:79] - DEBUG - gyro:338.0 deg, derivative: 2.4399999999999977, turnSpeed: -44.0
2026-06-24 23:30:10,858 - mazeUtils.moveTile - [moveTile.py:79] - DEBUG - gyro:339.10999999999996 deg, derivative: 1.1099999999999568, turnSpeed: -41.780000000000086
2026-06-24 23:30:10,884 - mazeUtils.moveTile - [moveTile.py:79] - DEBUG - gyro:341.71 deg, derivative: 2.6000000000000227, turnSpeed: -36.58000000000004
2026-06-24 23:30:10,912 - mazeUtils.moveTile - [moveTile.py:79] - DEBUG - gyro:343.83 deg, derivative: 2.1200000000000045, turnSpeed: -32.34000000000003
2026-06-24 23:30:10,941 - mazeUtils.moveTile - [moveTile.py:79] - DEBUG - gyro:344.89 deg, derivative: 1.0600000000000023, turnSpeed: -30.220000000000027
2026-06-24 23:30:10,965 - mazeUtils.moveTile - [moveTile.py:79] - DEBUG - gyro:346.84 deg, derivative: 1.9499999999999886, turnSpeed: -26.32000000000005
2026-06-24 23:30:10,996 - mazeUtils.moveTile - [moveTile.py:79] - DEBUG - gyro:347.97999999999996 deg, derivative: 1.1399999999999864, turnSpeed: -24.040000000000077
2026-06-24 23:30:11,020 - mazeUtils.moveTile - [moveTile.py:79] - DEBUG - gyro:349.15999999999997 deg, derivative: 1.1800000000000068, turnSpeed: -21.680000000000064
2026-06-24 23:30:11,044 - mazeUtils.moveTile - [moveTile.py:79] - DEBUG - gyro:350.15999999999997 deg, derivative: 1.0, turnSpeed: -19.680000000000064
2026-06-24 23:30:11,082 - mazeUtils.moveTile - [moveTile.py:79] - DEBUG - gyro:351.23999999999995 deg, derivative: 1.079999999999984, turnSpeed: -17.520000000000095
2026-06-24 23:30:11,107 - mazeUtils.moveTile - [moveTile.py:79] - DEBUG - gyro:352.40999999999997 deg, derivative: 1.170000000000016, turnSpeed: -15.180000000000064
2026-06-24 23:30:11,134 - mazeUtils.moveTile - [moveTile.py:79] - DEBUG - gyro:353.25 deg, derivative: 0.8400000000000318, turnSpeed: -13.5
2026-06-24 23:30:11,158 - mazeUtils.moveTile - [moveTile.py:79] - DEBUG - gyro:353.92999999999995 deg, derivative: 0.67999999999995, turnSpeed: -12.1400000000001
2026-06-24 23:30:11,184 - mazeUtils.moveTile - [moveTile.py:79] - DEBUG - gyro:354.56 deg, derivative: 0.6300000000000523, turnSpeed: -10.879999999999995
2026-06-24 23:30:11,210 - mazeUtils.moveTile - [moveTile.py:79] - DEBUG - gyro:355.19 deg, derivative: 0.6299999999999955, turnSpeed: -9.620000000000005
2026-06-24 23:30:11,236 - mazeUtils.moveTile - [moveTile.py:79] - DEBUG - gyro:355.57 deg, derivative: 0.37999999999999545, turnSpeed: -8.860000000000014
2026-06-24 23:30:11,261 - mazeUtils.moveTile - [moveTile.py:79] - DEBUG - gyro:356.01 deg, derivative: 0.4399999999999977, turnSpeed: -7.980000000000018
2026-06-24 23:30:11,288 - mazeUtils.moveTile - [moveTile.py:79] - DEBUG - gyro:356.44 deg, derivative: 0.4300000000000068, turnSpeed: -7.1200000000000045
2026-06-24 23:30:11,318 - mazeUtils.moveTile - [moveTile.py:79] - DEBUG - gyro:356.65 deg, derivative: 0.20999999999997954, turnSpeed: -6.7000000000000455
2026-06-24 23:30:11,341 - mazeUtils.moveTile - [moveTile.py:79] - DEBUG - gyro:356.84 deg, derivative: 0.18999999999999773, turnSpeed: -6.32000000000005
2026-06-24 23:30:11,368 - mazeUtils.moveTile - [moveTile.py:79] - DEBUG - gyro:357.04999999999995 deg, derivative: 0.20999999999997954, turnSpeed: -5.900000000000091
2026-06-24 23:30:11,393 - mazeUtils.moveTile - [moveTile.py:79] - DEBUG - gyro:357.32 deg, derivative: 0.27000000000003865, turnSpeed: -5.360000000000014
2026-06-24 23:30:11,421 - mazeUtils.moveTile - [moveTile.py:79] - DEBUG - gyro:357.52 deg, derivative: 0.19999999999998863, turnSpeed: -4.960000000000036
2026-06-24 23:30:11,448 - mazeUtils.moveTile - [moveTile.py:79] - DEBUG - gyro:357.7 deg, derivative: 0.18000000000000682, turnSpeed: -4.600000000000023
2026-06-24 23:30:11,475 - mazeUtils.moveTile - [moveTile.py:79] - DEBUG - gyro:357.89 deg, derivative: 0.18999999999999773, turnSpeed: -4.220000000000027
2026-06-24 23:30:11,500 - mazeUtils.moveTile - [moveTile.py:79] - DEBUG - gyro:358.03 deg, derivative: 0.13999999999998636, turnSpeed: -3.9400000000000546
2026-06-24 23:30:11,519 - mazeUtils.moveTile - [moveTile.py:79] - DEBUG - Turned to heading: 358.03 deg
2026-06-24 23:30:11,727 - mazeUtils.moveTile - [moveTile.py:1467] - DEBUG - Calculated target steps to next tile: 2 based on distance 60 cm
2026-06-24 23:30:11,732 - picamera2.picamera2 - [picamera2.py:1391] - DEBUG - Execute job: <picamera2.job.Job object at 0x7f888651d0>
2026-06-24 23:30:11,735 - mazeUtils.device.camera - [camera.py:39] - DEBUG - Average HSV: H=114.2, S=75.3, V=228.6
2026-06-24 23:30:11,775 - mazeUtils.moveTile - [moveTile.py:79] - DEBUG - roll: 359.89 deg, practicalMoveTime: 0.047162190949368916 sec
2026-06-24 23:30:11,775 - mazeUtils.moveTile - [moveTile.py:1763] - DEBUG - moveTile loop time: 46.4 ms
2026-06-24 23:30:11,788 - picamera2.picamera2 - [picamera2.py:1391] - DEBUG - Execute job: <picamera2.job.Job object at 0x7f8a3e7710>
2026-06-24 23:30:11,792 - mazeUtils.device.camera - [camera.py:39] - DEBUG - Average HSV: H=114.1, S=74.6, V=230.4
2026-06-24 23:30:11,832 - mazeUtils.moveTile - [moveTile.py:79] - DEBUG - roll: 359.22 deg, practicalMoveTime: 0.1039135731046613 sec
2026-06-24 23:30:11,832 - mazeUtils.moveTile - [moveTile.py:1763] - DEBUG - moveTile loop time: 57.1 ms
2026-06-24 23:30:11,837 - picamera2.picamera2 - [picamera2.py:1391] - DEBUG - Execute job: <picamera2.job.Job object at 0x7f77d93210>
2026-06-24 23:30:11,841 - mazeUtils.device.camera - [camera.py:39] - DEBUG - Average HSV: H=112.8, S=79.2, V=236.4
2026-06-24 23:30:11,879 - mazeUtils.moveTile - [moveTile.py:79] - DEBUG - roll: 359.7 deg, practicalMoveTime: 0.1502364315481967 sec
2026-06-24 23:30:11,879 - mazeUtils.moveTile - [moveTile.py:1763] - DEBUG - moveTile loop time: 46.6 ms
2026-06-24 23:30:11,885 - picamera2.picamera2 - [picamera2.py:1391] - DEBUG - Execute job: <picamera2.job.Job object at 0x7f890be150>
2026-06-24 23:30:11,888 - mazeUtils.device.camera - [camera.py:39] - DEBUG - Average HSV: H=111.9, S=89.7, V=237.5
2026-06-24 23:30:11,919 - mazeUtils.moveTile - [moveTile.py:79] - DEBUG - roll: 359.88 deg, practicalMoveTime: 0.19020760436962353 sec
2026-06-24 23:30:11,919 - mazeUtils.moveTile - [moveTile.py:1763] - DEBUG - moveTile loop time: 40.3 ms
2026-06-24 23:30:11,925 - picamera2.picamera2 - [picamera2.py:1391] - DEBUG - Execute job: <picamera2.job.Job object at 0x7fabeb9cd0>
2026-06-24 23:30:11,928 - mazeUtils.device.camera - [camera.py:39] - DEBUG - Average HSV: H=110.6, S=102.7, V=240.6
2026-06-24 23:30:11,975 - mazeUtils.moveTile - [moveTile.py:79] - DEBUG - roll: 357.64 deg, practicalMoveTime: 0.24560229428729707 sec
2026-06-24 23:30:11,975 - mazeUtils.moveTile - [moveTile.py:1763] - DEBUG - moveTile loop time: 55.7 ms
2026-06-24 23:30:11,980 - picamera2.picamera2 - [picamera2.py:1391] - DEBUG - Execute job: <picamera2.job.Job object at 0x7f890be150>
2026-06-24 23:30:11,984 - mazeUtils.device.camera - [camera.py:39] - DEBUG - Average HSV: H=110.2, S=108.5, V=241.0
2026-06-24 23:30:12,016 - mazeUtils.moveTile - [moveTile.py:79] - DEBUG - roll: 1.3500000000000227 deg, practicalMoveTime: 0.285851872546009 sec
2026-06-24 23:30:12,016 - mazeUtils.moveTile - [moveTile.py:1763] - DEBUG - moveTile loop time: 40.5 ms
2026-06-24 23:30:12,022 - picamera2.picamera2 - [picamera2.py:1391] - DEBUG - Execute job: <picamera2.job.Job object at 0x7f77d93210>
2026-06-24 23:30:12,026 - mazeUtils.device.camera - [camera.py:39] - DEBUG - Average HSV: H=109.3, S=109.8, V=240.7
2026-06-24 23:30:12,062 - mazeUtils.moveTile - [moveTile.py:79] - DEBUG - roll: 358.05 deg, practicalMoveTime: 0.33171537591441747 sec
2026-06-24 23:30:12,062 - mazeUtils.moveTile - [moveTile.py:1763] - DEBUG - moveTile loop time: 46.2 ms
2026-06-24 23:30:12,068 - picamera2.picamera2 - [picamera2.py:1391] - DEBUG - Execute job: <picamera2.job.Job object at 0x7f77d93210>
2026-06-24 23:30:12,071 - mazeUtils.device.camera - [camera.py:39] - DEBUG - Average HSV: H=108.0, S=174.2, V=233.6
2026-06-24 23:30:12,108 - mazeUtils.moveTile - [moveTile.py:79] - DEBUG - roll: 2.4599999999999795 deg, practicalMoveTime: 0.3774118283340889 sec
2026-06-24 23:30:12,109 - mazeUtils.moveTile - [moveTile.py:1763] - DEBUG - moveTile loop time: 46.3 ms
2026-06-24 23:30:12,114 - picamera2.picamera2 - [picamera2.py:1391] - DEBUG - Execute job: <picamera2.job.Job object at 0x7f88c05b10>
2026-06-24 23:30:12,117 - mazeUtils.device.camera - [camera.py:39] - DEBUG - Average HSV: H=108.8, S=116.5, V=241.7
2026-06-24 23:30:12,149 - mazeUtils.moveTile - [moveTile.py:79] - DEBUG - roll: 3.3100000000000023 deg, practicalMoveTime: 0.4174700511676773 sec
2026-06-24 23:30:12,150 - mazeUtils.moveTile - [moveTile.py:1763] - DEBUG - moveTile loop time: 40.7 ms
2026-06-24 23:30:12,156 - picamera2.picamera2 - [picamera2.py:1391] - DEBUG - Execute job: <picamera2.job.Job object at 0x7fabeb9cd0>
2026-06-24 23:30:12,160 - mazeUtils.device.camera - [camera.py:39] - DEBUG - Average HSV: H=109.4, S=126.5, V=240.4
2026-06-24 23:30:12,198 - mazeUtils.moveTile - [moveTile.py:79] - DEBUG - roll: 6.649999999999977 deg, practicalMoveTime: 0.4557017677512597 sec
2026-06-24 23:30:12,199 - mazeUtils.moveTile - [moveTile.py:1763] - DEBUG - moveTile loop time: 48.3 ms
2026-06-24 23:30:12,207 - picamera2.picamera2 - [picamera2.py:1391] - DEBUG - Execute job: <picamera2.job.Job object at 0x7f88c05b10>
2026-06-24 23:30:12,211 - mazeUtils.device.camera - [camera.py:39] - DEBUG - Average HSV: H=109.9, S=127.3, V=239.5
2026-06-24 23:30:12,246 - mazeUtils.moveTile - [moveTile.py:79] - DEBUG - roll: 8.670000000000016 deg, practicalMoveTime: 0.49322869278294323 sec
2026-06-24 23:30:12,247 - mazeUtils.moveTile - [moveTile.py:1763] - DEBUG - moveTile loop time: 47.6 ms
2026-06-24 23:30:12,252 - picamera2.picamera2 - [picamera2.py:1391] - DEBUG - Execute job: <picamera2.job.Job object at 0x7fabeb9cd0>
2026-06-24 23:30:12,255 - mazeUtils.device.camera - [camera.py:39] - DEBUG - Average HSV: H=110.0, S=129.5, V=238.2
2026-06-24 23:30:12,287 - mazeUtils.moveTile - [moveTile.py:79] - DEBUG - roll: 12.090000000000032 deg, practicalMoveTime: 0.5244622215606383 sec
2026-06-24 23:30:12,287 - mazeUtils.moveTile - [moveTile.py:1763] - DEBUG - moveTile loop time: 40.1 ms
2026-06-24 23:30:12,292 - picamera2.picamera2 - [picamera2.py:1391] - DEBUG - Execute job: <picamera2.job.Job object at 0x7f888668d0>
2026-06-24 23:30:12,296 - mazeUtils.device.camera - [camera.py:39] - DEBUG - Average HSV: H=110.3, S=130.1, V=235.7
2026-06-24 23:30:12,328 - mazeUtils.moveTile - [moveTile.py:79] - DEBUG - roll: 15.439999999999998 deg, practicalMoveTime: 0.5561766190789493 sec
2026-06-24 23:30:12,329 - mazeUtils.moveTile - [moveTile.py:1763] - DEBUG - moveTile loop time: 41.3 ms
2026-06-24 23:30:12,337 - picamera2.picamera2 - [picamera2.py:1391] - DEBUG - Execute job: <picamera2.job.Job object at 0x7f77d93210>
2026-06-24 23:30:12,340 - mazeUtils.device.camera - [camera.py:39] - DEBUG - Average HSV: H=110.6, S=129.9, V=233.8
2026-06-24 23:30:12,373 - mazeUtils.moveTile - [moveTile.py:79] - DEBUG - roll: 16.350000000000023 deg, practicalMoveTime: 0.5903255098837513 sec
2026-06-24 23:30:12,373 - mazeUtils.moveTile - [moveTile.py:1763] - DEBUG - moveTile loop time: 44.6 ms
2026-06-24 23:30:12,379 - picamera2.picamera2 - [picamera2.py:1391] - DEBUG - Execute job: <picamera2.job.Job object at 0x7f77d93190>
2026-06-24 23:30:12,382 - mazeUtils.device.camera - [camera.py:39] - DEBUG - Average HSV: H=111.2, S=130.1, V=229.6
2026-06-24 23:30:12,414 - mazeUtils.moveTile - [moveTile.py:79] - DEBUG - roll: 19.389999999999986 deg, practicalMoveTime: 0.6212176579299608 sec
2026-06-24 23:30:12,415 - mazeUtils.moveTile - [moveTile.py:1763] - DEBUG - moveTile loop time: 41.1 ms
2026-06-24 23:30:12,421 - picamera2.picamera2 - [picamera2.py:1391] - DEBUG - Execute job: <picamera2.job.Job object at 0x7f888651d0>
2026-06-24 23:30:12,425 - mazeUtils.device.camera - [camera.py:39] - DEBUG - Average HSV: H=111.6, S=131.9, V=227.3
2026-06-24 23:30:12,457 - mazeUtils.moveTile - [moveTile.py:79] - DEBUG - roll: 22.69999999999999 deg, practicalMoveTime: 0.6523632806809451 sec
2026-06-24 23:30:12,458 - mazeUtils.moveTile - [moveTile.py:1763] - DEBUG - moveTile loop time: 42.6 ms
2026-06-24 23:30:12,464 - picamera2.picamera2 - [picamera2.py:1391] - DEBUG - Execute job: <picamera2.job.Job object at 0x7f888651d0>
2026-06-24 23:30:12,468 - mazeUtils.device.camera - [camera.py:39] - DEBUG - Average HSV: H=112.2, S=131.2, V=222.6
2026-06-24 23:30:12,503 - mazeUtils.moveTile - [moveTile.py:79] - DEBUG - roll: 24.160000000000025 deg, practicalMoveTime: 0.6850624863654732 sec
2026-06-24 23:30:12,504 - mazeUtils.moveTile - [moveTile.py:1763] - DEBUG - moveTile loop time: 45.9 ms
2026-06-24 23:30:12,513 - picamera2.picamera2 - [picamera2.py:1391] - DEBUG - Execute job: <picamera2.job.Job object at 0x7f888650d0>
2026-06-24 23:30:12,517 - mazeUtils.device.camera - [camera.py:39] - DEBUG - Average HSV: H=112.4, S=132.5, V=220.5
2026-06-24 23:30:12,549 - mazeUtils.moveTile - [moveTile.py:79] - DEBUG - roll: 26.269999999999982 deg, practicalMoveTime: 0.7176639269320642 sec
2026-06-24 23:30:12,550 - mazeUtils.moveTile - [moveTile.py:1763] - DEBUG - moveTile loop time: 45.5 ms
2026-06-24 23:30:12,556 - picamera2.picamera2 - [picamera2.py:1391] - DEBUG - Execute job: <picamera2.job.Job object at 0x7f888669d0>
2026-06-24 23:30:12,558 - mazeUtils.device.camera - [camera.py:39] - DEBUG - Average HSV: H=112.4, S=134.8, V=219.5
2026-06-24 23:30:12,591 - mazeUtils.moveTile - [moveTile.py:79] - DEBUG - roll: 25.78000000000003 deg, practicalMoveTime: 0.7476319430958702 sec
2026-06-24 23:30:12,592 - mazeUtils.moveTile - [moveTile.py:1763] - DEBUG - moveTile loop time: 42.0 ms
2026-06-24 23:30:12,597 - picamera2.picamera2 - [picamera2.py:1391] - DEBUG - Execute job: <picamera2.job.Job object at 0x7f888650d0>
2026-06-24 23:30:12,602 - mazeUtils.device.camera - [camera.py:39] - DEBUG - Average HSV: H=112.5, S=136.5, V=219.5
2026-06-24 23:30:12,638 - mazeUtils.moveTile - [moveTile.py:79] - DEBUG - roll: 27.230000000000018 deg, practicalMoveTime: 0.7799026402146727 sec
2026-06-24 23:30:12,638 - mazeUtils.moveTile - [moveTile.py:1763] - DEBUG - moveTile loop time: 45.7 ms
2026-06-24 23:30:12,645 - picamera2.picamera2 - [picamera2.py:1391] - DEBUG - Execute job: <picamera2.job.Job object at 0x7f88c05b10>
2026-06-24 23:30:12,649 - mazeUtils.device.camera - [camera.py:39] - DEBUG - Average HSV: H=112.5, S=138.5, V=219.4
2026-06-24 23:30:12,689 - mazeUtils.moveTile - [moveTile.py:79] - DEBUG - roll: 25.720000000000027 deg, practicalMoveTime: 0.8164903781242567 sec
2026-06-24 23:30:12,690 - mazeUtils.moveTile - [moveTile.py:1763] - DEBUG - moveTile loop time: 51.1 ms
2026-06-24 23:30:12,696 - picamera2.picamera2 - [picamera2.py:1391] - DEBUG - Execute job: <picamera2.job.Job object at 0x7f8a3e7690>
2026-06-24 23:30:12,703 - mazeUtils.device.camera - [camera.py:39] - DEBUG - Average HSV: H=112.0, S=145.1, V=222.0
2026-06-24 23:30:12,745 - mazeUtils.moveTile - [moveTile.py:79] - DEBUG - roll: 26.54000000000002 deg, practicalMoveTime: 0.8563952303908543 sec
2026-06-24 23:30:12,746 - mazeUtils.moveTile - [moveTile.py:1763] - DEBUG - moveTile loop time: 56.2 ms
2026-06-24 23:30:12,754 - picamera2.picamera2 - [picamera2.py:1391] - DEBUG - Execute job: <picamera2.job.Job object at 0x7f8a3e7610>
2026-06-24 23:30:12,767 - mazeUtils.device.camera - [camera.py:39] - DEBUG - Average HSV: H=111.4, S=150.5, V=224.7
2026-06-24 23:30:12,800 - mazeUtils.moveTile - [moveTile.py:79] - DEBUG - roll: 25.079999999999984 deg, practicalMoveTime: 0.8950977012982725 sec
2026-06-24 23:30:12,801 - mazeUtils.moveTile - [moveTile.py:1763] - DEBUG - moveTile loop time: 53.7 ms
2026-06-24 23:30:12,809 - picamera2.picamera2 - [picamera2.py:1391] - DEBUG - Execute job: <picamera2.job.Job object at 0x7fabeb9cd0>
2026-06-24 23:30:12,813 - mazeUtils.device.camera - [camera.py:39] - DEBUG - Average HSV: H=111.0, S=165.7, V=219.2
2026-06-24 23:30:12,849 - mazeUtils.moveTile - [moveTile.py:79] - DEBUG - roll: 26.620000000000005 deg, practicalMoveTime: 0.9301187513991979 sec
2026-06-24 23:30:12,849 - mazeUtils.moveTile - [moveTile.py:1763] - DEBUG - moveTile loop time: 48.5 ms
2026-06-24 23:30:12,854 - picamera2.picamera2 - [picamera2.py:1391] - DEBUG - Execute job: <picamera2.job.Job object at 0x7f890be150>
2026-06-24 23:30:12,860 - mazeUtils.device.camera - [camera.py:39] - DEBUG - Average HSV: H=114.7, S=145.9, V=189.7
2026-06-24 23:30:12,897 - mazeUtils.moveTile - [moveTile.py:79] - DEBUG - roll: 26.680000000000007 deg, practicalMoveTime: 0.9641036329903013 sec
2026-06-24 23:30:12,898 - mazeUtils.moveTile - [moveTile.py:1763] - DEBUG - moveTile loop time: 47.8 ms
2026-06-24 23:30:12,903 - picamera2.picamera2 - [picamera2.py:1391] - DEBUG - Execute job: <picamera2.job.Job object at 0x7f8a3e7790>
2026-06-24 23:30:12,906 - mazeUtils.device.camera - [camera.py:39] - DEBUG - Average HSV: H=114.8, S=146.4, V=187.8
2026-06-24 23:30:12,938 - mazeUtils.moveTile - [moveTile.py:79] - DEBUG - roll: 25.149999999999977 deg, practicalMoveTime: 0.9931428233037359 sec
2026-06-24 23:30:12,938 - mazeUtils.moveTile - [moveTile.py:1763] - DEBUG - moveTile loop time: 40.3 ms
2026-06-24 23:30:12,945 - picamera2.picamera2 - [picamera2.py:1391] - DEBUG - Execute job: <picamera2.job.Job object at 0x7f77d93190>
2026-06-24 23:30:12,949 - mazeUtils.device.camera - [camera.py:39] - DEBUG - Average HSV: H=114.5, S=150.3, V=188.4
2026-06-24 23:30:12,980 - mazeUtils.moveTile - [moveTile.py:79] - DEBUG - roll: 26.410000000000025 deg, practicalMoveTime: 1.023344208988352 sec
2026-06-24 23:30:12,981 - mazeUtils.moveTile - [moveTile.py:1763] - DEBUG - moveTile loop time: 42.2 ms
2026-06-24 23:30:12,986 - picamera2.picamera2 - [picamera2.py:1391] - DEBUG - Execute job: <picamera2.job.Job object at 0x7f8a3e7690>
2026-06-24 23:30:12,989 - mazeUtils.device.camera - [camera.py:39] - DEBUG - Average HSV: H=113.5, S=160.3, V=195.6
2026-06-24 23:30:13,026 - mazeUtils.moveTile - [moveTile.py:79] - DEBUG - roll: 26.00999999999999 deg, practicalMoveTime: 1.0560795964665501 sec
2026-06-24 23:30:13,027 - mazeUtils.moveTile - [moveTile.py:1763] - DEBUG - moveTile loop time: 45.8 ms
2026-06-24 23:30:13,031 - picamera2.picamera2 - [picamera2.py:1391] - DEBUG - Execute job: <picamera2.job.Job object at 0x7f8a3e7690>
2026-06-24 23:30:13,034 - mazeUtils.device.camera - [camera.py:39] - DEBUG - Average HSV: H=113.1, S=164.6, V=199.3
2026-06-24 23:30:13,072 - mazeUtils.moveTile - [moveTile.py:79] - DEBUG - roll: 24.870000000000005 deg, practicalMoveTime: 1.0888856141367989 sec
2026-06-24 23:30:13,073 - mazeUtils.moveTile - [moveTile.py:1763] - DEBUG - moveTile loop time: 45.7 ms
2026-06-24 23:30:13,081 - picamera2.picamera2 - [picamera2.py:1391] - DEBUG - Execute job: <picamera2.job.Job object at 0x7f890be150>
2026-06-24 23:30:13,084 - mazeUtils.device.camera - [camera.py:39] - DEBUG - Average HSV: H=112.5, S=168.7, V=204.9
2026-06-24 23:30:13,115 - mazeUtils.moveTile - [moveTile.py:79] - DEBUG - roll: 26.720000000000027 deg, practicalMoveTime: 1.1193196600083968 sec
2026-06-24 23:30:13,116 - mazeUtils.moveTile - [moveTile.py:1763] - DEBUG - moveTile loop time: 42.5 ms
2026-06-24 23:30:13,121 - picamera2.picamera2 - [picamera2.py:1391] - DEBUG - Execute job: <picamera2.job.Job object at 0x7f77d93190>
2026-06-24 23:30:13,124 - mazeUtils.device.camera - [camera.py:39] - DEBUG - Average HSV: H=112.4, S=171.6, V=204.8
2026-06-24 23:30:13,161 - mazeUtils.moveTile - [moveTile.py:79] - DEBUG - roll: 26.329999999999984 deg, practicalMoveTime: 1.1517101989219443 sec
2026-06-24 23:30:13,161 - mazeUtils.moveTile - [moveTile.py:1763] - DEBUG - moveTile loop time: 45.3 ms
2026-06-24 23:30:13,166 - picamera2.picamera2 - [picamera2.py:1391] - DEBUG - Execute job: <picamera2.job.Job object at 0x7f890be150>
2026-06-24 23:30:13,170 - mazeUtils.device.camera - [camera.py:39] - DEBUG - Average HSV: H=112.2, S=173.9, V=206.0
2026-06-24 23:30:13,203 - mazeUtils.moveTile - [moveTile.py:79] - DEBUG - roll: 27.519999999999982 deg, practicalMoveTime: 1.1813778240355424 sec
2026-06-24 23:30:13,204 - mazeUtils.moveTile - [moveTile.py:1763] - DEBUG - moveTile loop time: 42.1 ms
2026-06-24 23:30:13,214 - picamera2.picamera2 - [picamera2.py:1391] - DEBUG - Execute job: <picamera2.job.Job object at 0x7fabeb9cd0>
2026-06-24 23:30:13,221 - mazeUtils.device.camera - [camera.py:39] - DEBUG - Average HSV: H=112.1, S=175.3, V=207.4
2026-06-24 23:30:13,259 - mazeUtils.moveTile - [moveTile.py:79] - DEBUG - roll: 27.49000000000001 deg, practicalMoveTime: 1.2200727619921399 sec
2026-06-24 23:30:13,259 - mazeUtils.moveTile - [moveTile.py:1763] - DEBUG - moveTile loop time: 55.0 ms
2026-06-24 23:30:13,264 - picamera2.picamera2 - [picamera2.py:1391] - DEBUG - Execute job: <picamera2.job.Job object at 0x7f77d93210>
2026-06-24 23:30:13,267 - mazeUtils.device.camera - [camera.py:39] - DEBUG - Average HSV: H=111.9, S=178.2, V=209.6
2026-06-24 23:30:13,302 - mazeUtils.moveTile - [moveTile.py:79] - DEBUG - roll: 26.079999999999984 deg, practicalMoveTime: 1.2509062234086776 sec
2026-06-24 23:30:13,303 - mazeUtils.moveTile - [moveTile.py:1763] - DEBUG - moveTile loop time: 43.6 ms
2026-06-24 23:30:13,309 - picamera2.picamera2 - [picamera2.py:1391] - DEBUG - Execute job: <picamera2.job.Job object at 0x7f888653d0>
2026-06-24 23:30:13,313 - mazeUtils.device.camera - [camera.py:39] - DEBUG - Average HSV: H=111.5, S=181.0, V=210.8
2026-06-24 23:30:13,344 - mazeUtils.moveTile - [moveTile.py:79] - DEBUG - roll: 20.94999999999999 deg, practicalMoveTime: 1.2817676556081092 sec
2026-06-24 23:30:13,345 - mazeUtils.moveTile - [moveTile.py:1763] - DEBUG - moveTile loop time: 41.6 ms
2026-06-24 23:30:13,350 - picamera2.picamera2 - [picamera2.py:1391] - DEBUG - Execute job: <picamera2.job.Job object at 0x7f888653d0>
2026-06-24 23:30:13,353 - mazeUtils.device.camera - [camera.py:39] - DEBUG - Average HSV: H=111.0, S=183.2, V=214.0
2026-06-24 23:30:13,384 - mazeUtils.moveTile - [moveTile.py:79] - DEBUG - roll: 20.519999999999982 deg, practicalMoveTime: 1.311218116734175 sec
2026-06-24 23:30:13,385 - mazeUtils.moveTile - [moveTile.py:1763] - DEBUG - moveTile loop time: 39.6 ms
2026-06-24 23:30:13,392 - picamera2.picamera2 - [picamera2.py:1391] - DEBUG - Execute job: <picamera2.job.Job object at 0x7f77d93190>
2026-06-24 23:30:13,395 - mazeUtils.device.camera - [camera.py:39] - DEBUG - Average HSV: H=110.8, S=184.2, V=216.3
2026-06-24 23:30:13,430 - mazeUtils.moveTile - [moveTile.py:79] - DEBUG - roll: 14.300000000000011 deg, practicalMoveTime: 1.3457359167109475 sec
2026-06-24 23:30:13,430 - mazeUtils.moveTile - [moveTile.py:1763] - DEBUG - moveTile loop time: 45.1 ms
2026-06-24 23:30:13,435 - picamera2.picamera2 - [picamera2.py:1391] - DEBUG - Execute job: <picamera2.job.Job object at 0x7f888668d0>
2026-06-24 23:30:13,439 - mazeUtils.device.camera - [camera.py:39] - DEBUG - Average HSV: H=111.5, S=175.0, V=211.6
2026-06-24 23:30:13,476 - mazeUtils.moveTile - [moveTile.py:79] - DEBUG - roll: 12.340000000000032 deg, practicalMoveTime: 1.3816880093542119 sec
2026-06-24 23:30:13,477 - mazeUtils.moveTile - [moveTile.py:1763] - DEBUG - moveTile loop time: 46.6 ms
2026-06-24 23:30:13,481 - picamera2.picamera2 - [picamera2.py:1391] - DEBUG - Execute job: <picamera2.job.Job object at 0x7f888668d0>
2026-06-24 23:30:13,485 - mazeUtils.device.camera - [camera.py:39] - DEBUG - Average HSV: H=110.8, S=182.6, V=217.1
2026-06-24 23:30:13,518 - mazeUtils.moveTile - [moveTile.py:79] - DEBUG - roll: 11.350000000000023 deg, practicalMoveTime: 1.4136135630829942 sec
2026-06-24 23:30:13,518 - mazeUtils.moveTile - [moveTile.py:1763] - DEBUG - moveTile loop time: 41.0 ms
2026-06-24 23:30:13,529 - picamera2.picamera2 - [picamera2.py:1391] - DEBUG - Execute job: <picamera2.job.Job object at 0x7f77d93210>
2026-06-24 23:30:13,533 - mazeUtils.device.camera - [camera.py:39] - DEBUG - Average HSV: H=110.7, S=175.6, V=217.6
2026-06-24 23:30:13,566 - mazeUtils.moveTile - [moveTile.py:79] - DEBUG - roll: 5.329999999999984 deg, practicalMoveTime: 1.4511659921742397 sec
2026-06-24 23:30:13,566 - mazeUtils.moveTile - [moveTile.py:1763] - DEBUG - moveTile loop time: 47.3 ms
2026-06-24 23:30:13,571 - picamera2.picamera2 - [picamera2.py:1391] - DEBUG - Execute job: <picamera2.job.Job object at 0x7f77d93190>
2026-06-24 23:30:13,576 - mazeUtils.device.camera - [camera.py:39] - DEBUG - Average HSV: H=109.8, S=181.2, V=222.9
2026-06-24 23:30:13,618 - mazeUtils.moveTile - [moveTile.py:79] - DEBUG - roll: 4.7099999999999795 deg, practicalMoveTime: 1.4925267267128417 sec
2026-06-24 23:30:13,619 - mazeUtils.moveTile - [moveTile.py:1763] - DEBUG - moveTile loop time: 52.0 ms
2026-06-24 23:30:13,625 - picamera2.picamera2 - [picamera2.py:1391] - DEBUG - Execute job: <picamera2.job.Job object at 0x7f888668d0>
2026-06-24 23:30:13,628 - mazeUtils.device.camera - [camera.py:39] - DEBUG - Average HSV: H=109.0, S=181.0, V=225.4
2026-06-24 23:30:13,661 - mazeUtils.moveTile - [moveTile.py:79] - DEBUG - roll: 358.34000000000003 deg, practicalMoveTime: 1.5344024956655766 sec
2026-06-24 23:30:13,661 - mazeUtils.moveTile - [moveTile.py:1763] - DEBUG - moveTile loop time: 42.1 ms
2026-06-24 23:30:13,665 - picamera2.picamera2 - [picamera2.py:1391] - DEBUG - Execute job: <picamera2.job.Job object at 0x7f888651d0>
2026-06-24 23:30:13,668 - mazeUtils.device.camera - [camera.py:39] - DEBUG - Average HSV: H=108.6, S=204.0, V=225.6
2026-06-24 23:30:13,709 - mazeUtils.moveTile - [moveTile.py:79] - DEBUG - roll: 359.89 deg, practicalMoveTime: 1.5817674403482591 sec
2026-06-24 23:30:13,709 - mazeUtils.moveTile - [moveTile.py:1763] - DEBUG - moveTile loop time: 48.2 ms
2026-06-24 23:30:13,716 - picamera2.picamera2 - [picamera2.py:1391] - DEBUG - Execute job: <picamera2.job.Job object at 0x7f888669d0>
2026-06-24 23:30:13,720 - mazeUtils.device.camera - [camera.py:39] - DEBUG - Average HSV: H=107.8, S=188.3, V=229.2
2026-06-24 23:30:13,755 - mazeUtils.moveTile - [moveTile.py:79] - DEBUG - roll: 357.52 deg, practicalMoveTime: 1.6276375623651196 sec
2026-06-24 23:30:13,756 - mazeUtils.moveTile - [moveTile.py:1763] - DEBUG - moveTile loop time: 45.7 ms
2026-06-24 23:30:13,761 - picamera2.picamera2 - [picamera2.py:1391] - DEBUG - Execute job: <picamera2.job.Job object at 0x7f888669d0>
2026-06-24 23:30:13,765 - mazeUtils.device.camera - [camera.py:39] - DEBUG - Average HSV: H=106.8, S=208.1, V=230.9
2026-06-24 23:30:13,808 - mazeUtils.moveTile - [moveTile.py:1636] - INFO - practicalVerticalMove: 15.211642677605935 CM
2026-06-24 23:30:13,854 - mazeUtils.moveTile - [moveTile.py:79] - DEBUG - Little forward to adjust position
2026-06-24 23:30:14,258 - mazeUtils.moveTile - [moveTile.py:552] - DEBUG - Direction: absDirection.NORTH, Angle: 0, Distance: 13.494253611673637 cm
2026-06-24 23:30:14,259 - mazeUtils.moveTile - [moveTile.py:552] - DEBUG - Direction: absDirection.EAST, Angle: 270, Distance: 180.63440399014775 cm
2026-06-24 23:30:14,260 - mazeUtils.moveTile - [moveTile.py:552] - DEBUG - Direction: absDirection.SOUTH, Angle: 180, Distance: 171.59126063799746 cm
2026-06-24 23:30:14,261 - mazeUtils.moveTile - [moveTile.py:552] - DEBUG - Direction: absDirection.WEST, Angle: 90, Distance: 18.184796544414752 cm
2026-06-24 23:30:14,263 - mazeUtils.moveTile - [moveTile.py:2119] - INFO - Tile color detection, decided tile type: E
2026-06-24 23:30:14,338 - __main__ - [main.py:105] - INFO - Current position: (17, 17, 1), front direction: absDirection.NORTH
Layer 0 (altitude=0.0cm, offset=(0.0cm, 0.0cm)):
Known map area: x=15..20, y=15..20
+   +   +   +   +   +---+
  U   U   U   U   U   E |
+   +   +   +   +   +   +
  U   U   U   U   U   E |
+   +   +   +   +   +   +
  U | R   E   B   U | E |
+   +   +   +   +   +   +
  U | E   E   E | U | E |
+---+---+   +   +   +   +
| E   E | E   E   E   E |
+   +   +   +---+---+   +
| E   E   E | U   U | E |
+---+---+---+   +   +---+
Layer 1 (altitude=15.0cm, offset=(0.0cm, -60.0cm)):
Known map area: x=17..18, y=17..17
+---+---+
| @   E  
+   +   +
mazeAsGraph[0][15][20] = {absDirection.NORTH: None, absDirection.EAST: None, absDirection.SOUTH: (20, 16, 0, 30), absDirection.WEST: (18, 17, 1, 60)}
mazeAsGraph[0][16][20] = {absDirection.NORTH: (20, 15, 0, 30), absDirection.EAST: None, absDirection.SOUTH: (20, 17, 0, 30), absDirection.WEST: (19, 16, 0, 30)}
mazeAsGraph[0][17][16] = {absDirection.NORTH: (16, 16, 0, 30), absDirection.EAST: (17, 17, 0, 30), absDirection.SOUTH: (16, 18, 0, 30), absDirection.WEST: None}
mazeAsGraph[0][17][17] = {absDirection.NORTH: (17, 17, 1, 60), absDirection.EAST: None, absDirection.SOUTH: (17, 18, 0, 30), absDirection.WEST: (16, 17, 0, 30)}
mazeAsGraph[0][17][18] = {absDirection.NORTH: None, absDirection.EAST: None, absDirection.SOUTH: None, absDirection.WEST: None}
mazeAsGraph[0][17][20] = {absDirection.NORTH: (20, 16, 0, 30), absDirection.EAST: None, absDirection.SOUTH: (20, 18, 0, 30), absDirection.WEST: None}
mazeAsGraph[0][18][16] = {absDirection.NORTH: (16, 17, 0, 30), absDirection.EAST: (17, 18, 0, 30), absDirection.SOUTH: None, absDirection.WEST: None}
mazeAsGraph[0][18][17] = {absDirection.NORTH: (17, 17, 0, 30), absDirection.EAST: (18, 18, 0, 30), absDirection.SOUTH: (17, 19, 0, 30), absDirection.WEST: (16, 18, 0, 30)}
mazeAsGraph[0][18][18] = {absDirection.NORTH: None, absDirection.EAST: None, absDirection.SOUTH: (18, 19, 0, 30), absDirection.WEST: (17, 18, 0, 30)}
mazeAsGraph[0][18][20] = {absDirection.NORTH: (20, 17, 0, 30), absDirection.EAST: None, absDirection.SOUTH: (20, 19, 0, 30), absDirection.WEST: None}
mazeAsGraph[0][19][15] = {absDirection.NORTH: None, absDirection.EAST: (16, 19, 0, 30), absDirection.SOUTH: (15, 20, 0, 30), absDirection.WEST: None}
mazeAsGraph[0][19][16] = {absDirection.NORTH: None, absDirection.EAST: None, absDirection.SOUTH: (16, 20, 0, 30), absDirection.WEST: (15, 19, 0, 30)}
mazeAsGraph[0][19][17] = {absDirection.NORTH: (17, 18, 0, 30), absDirection.EAST: (18, 19, 0, 30), absDirection.SOUTH: (17, 20, 0, 30), absDirection.WEST: None}
mazeAsGraph[0][19][18] = {absDirection.NORTH: (18, 18, 0, 30), absDirection.EAST: (19, 19, 0, 30), absDirection.SOUTH: None, absDirection.WEST: (17, 19, 0, 30)}
mazeAsGraph[0][19][19] = {absDirection.NORTH: (19, 18, 0, 30), absDirection.EAST: (20, 19, 0, 30), absDirection.SOUTH: None, absDirection.WEST: (18, 19, 0, 30)}
mazeAsGraph[0][19][20] = {absDirection.NORTH: (20, 18, 0, 30), absDirection.EAST: None, absDirection.SOUTH: (20, 20, 0, 30), absDirection.WEST: (19, 19, 0, 30)}
mazeAsGraph[0][20][15] = {absDirection.NORTH: (15, 19, 0, 30), absDirection.EAST: (16, 20, 0, 30), absDirection.SOUTH: None, absDirection.WEST: None}
mazeAsGraph[0][20][16] = {absDirection.NORTH: (16, 19, 0, 30), absDirection.EAST: (17, 20, 0, 30), absDirection.SOUTH: None, absDirection.WEST: (15, 20, 0, 30)}
mazeAsGraph[0][20][17] = {absDirection.NORTH: (17, 19, 0, 30), absDirection.EAST: None, absDirection.SOUTH: None, absDirection.WEST: (16, 20, 0, 30)}
mazeAsGraph[0][20][20] = {absDirection.NORTH: (20, 19, 0, 30), absDirection.EAST: None, absDirection.SOUTH: None, absDirection.WEST: None}
mazeAsGraph[1][17][17] = {absDirection.NORTH: None, absDirection.EAST: (18, 17, 1, 30), absDirection.SOUTH: (17, 17, 0, 60), absDirection.WEST: None}
mazeAsGraph[1][17][18] = {absDirection.NORTH: None, absDirection.EAST: (20, 15, 0, 60), absDirection.SOUTH: (18, 18, 1, 30), absDirection.WEST: (17, 17, 1, 30)}
2026-06-24 23:30:14,348 - mazeUtils.moveTile - [moveTile.py:79] - DEBUG - Moving to absDirection.EAST from (17, 17, 1) facing absDirection.NORTH
2026-06-24 23:30:14,375 - mazeUtils.moveTile - [moveTile.py:79] - DEBUG - current heading: 357.32 target: 270
2026-06-24 23:30:15,341 - mazeUtils.moveTile - [moveTile.py:426] - DEBUG - stopped turning at heading: 274.88, diff: 4.8799999999999955
2026-06-24 23:30:15,390 - mazeUtils.moveTile - [moveTile.py:79] - DEBUG - Turned to heading: 271.33 deg
2026-06-24 23:30:15,546 - mazeUtils.moveTile - [moveTile.py:79] - DEBUG - Little backward to adjust position
2026-06-24 23:30:15,914 - mazeUtils.moveTile - [moveTile.py:1467] - DEBUG - Calculated target steps to next tile: 1 based on distance 30 cm
2026-06-24 23:30:15,923 - picamera2.picamera2 - [picamera2.py:1391] - DEBUG - Execute job: <picamera2.job.Job object at 0x7f92cfc590>
2026-06-24 23:30:15,927 - mazeUtils.device.camera - [camera.py:39] - DEBUG - Average HSV: H=116.6, S=149.4, V=165.6
2026-06-24 23:30:15,962 - mazeUtils.moveTile - [moveTile.py:79] - DEBUG - roll: 359.91 deg, practicalMoveTime: 0.04806676589284873 sec
2026-06-24 23:30:15,963 - mazeUtils.moveTile - [moveTile.py:1763] - DEBUG - moveTile loop time: 46.9 ms
2026-06-24 23:30:15,968 - picamera2.picamera2 - [picamera2.py:1391] - DEBUG - Execute job: <picamera2.job.Job object at 0x7f92cfc590>
2026-06-24 23:30:15,971 - mazeUtils.device.camera - [camera.py:39] - DEBUG - Average HSV: H=117.0, S=147.1, V=163.4
2026-06-24 23:30:16,012 - mazeUtils.moveTile - [moveTile.py:79] - DEBUG - roll: 0.5500000000000114 deg, practicalMoveTime: 0.09715803676094067 sec
2026-06-24 23:30:16,012 - mazeUtils.moveTile - [moveTile.py:1763] - DEBUG - moveTile loop time: 49.4 ms
2026-06-24 23:30:16,023 - picamera2.picamera2 - [picamera2.py:1391] - DEBUG - Execute job: <picamera2.job.Job object at 0x7f92cfc090>
2026-06-24 23:30:16,026 - mazeUtils.device.camera - [camera.py:39] - DEBUG - Average HSV: H=116.4, S=149.6, V=168.5
2026-06-24 23:30:16,065 - mazeUtils.moveTile - [moveTile.py:79] - DEBUG - roll: 359.76 deg, practicalMoveTime: 0.15029194756821299 sec
2026-06-24 23:30:16,066 - mazeUtils.moveTile - [moveTile.py:1763] - DEBUG - moveTile loop time: 53.4 ms
2026-06-24 23:30:16,073 - picamera2.picamera2 - [picamera2.py:1391] - DEBUG - Execute job: <picamera2.job.Job object at 0x7f92cfc410>
2026-06-24 23:30:16,076 - mazeUtils.device.camera - [camera.py:39] - DEBUG - Average HSV: H=115.2, S=154.4, V=177.3
2026-06-24 23:30:16,114 - mazeUtils.moveTile - [moveTile.py:79] - DEBUG - roll: 359.51 deg, practicalMoveTime: 0.19786743590998368 sec
2026-06-24 23:30:16,114 - mazeUtils.moveTile - [moveTile.py:1763] - DEBUG - moveTile loop time: 47.8 ms
2026-06-24 23:30:16,119 - picamera2.picamera2 - [picamera2.py:1391] - DEBUG - Execute job: <picamera2.job.Job object at 0x7f92cfcb10>
2026-06-24 23:30:16,122 - mazeUtils.device.camera - [camera.py:39] - DEBUG - Average HSV: H=114.8, S=140.2, V=186.0
2026-06-24 23:30:16,155 - mazeUtils.moveTile - [moveTile.py:79] - DEBUG - roll: 359.51 deg, practicalMoveTime: 0.2392483590676312 sec
2026-06-24 23:30:16,156 - mazeUtils.moveTile - [moveTile.py:1763] - DEBUG - moveTile loop time: 41.5 ms
2026-06-24 23:30:16,167 - picamera2.picamera2 - [picamera2.py:1391] - DEBUG - Execute job: <picamera2.job.Job object at 0x7f92cfc310>
2026-06-24 23:30:16,171 - mazeUtils.device.camera - [camera.py:39] - DEBUG - Average HSV: H=114.6, S=143.2, V=186.0
2026-06-24 23:30:16,210 - mazeUtils.moveTile - [moveTile.py:79] - DEBUG - roll: 359.36 deg, practicalMoveTime: 0.29307561532012344 sec
2026-06-24 23:30:16,211 - mazeUtils.moveTile - [moveTile.py:1763] - DEBUG - moveTile loop time: 54.4 ms
2026-06-24 23:30:16,217 - picamera2.picamera2 - [picamera2.py:1391] - DEBUG - Execute job: <picamera2.job.Job object at 0x7f92cfc2d0>
2026-06-24 23:30:16,221 - mazeUtils.device.camera - [camera.py:39] - DEBUG - Average HSV: H=114.6, S=142.5, V=188.4
2026-06-24 23:30:16,257 - mazeUtils.moveTile - [moveTile.py:79] - DEBUG - roll: 0.01999999999998181 deg, practicalMoveTime: 0.3391981774718783 sec
2026-06-24 23:30:16,257 - mazeUtils.moveTile - [moveTile.py:1763] - DEBUG - moveTile loop time: 45.8 ms
2026-06-24 23:30:16,270 - picamera2.picamera2 - [picamera2.py:1391] - DEBUG - Execute job: <picamera2.job.Job object at 0x7f92cfc150>
2026-06-24 23:30:16,273 - mazeUtils.device.camera - [camera.py:39] - DEBUG - Average HSV: H=114.9, S=140.7, V=185.6
2026-06-24 23:30:16,316 - mazeUtils.moveTile - [moveTile.py:79] - DEBUG - roll: 357.86 deg, practicalMoveTime: 0.39819470415265934 sec
2026-06-24 23:30:16,317 - mazeUtils.moveTile - [moveTile.py:1763] - DEBUG - moveTile loop time: 59.4 ms
2026-06-24 23:30:16,321 - picamera2.picamera2 - [picamera2.py:1391] - DEBUG - Execute job: <picamera2.job.Job object at 0x7f92cfc2d0>
2026-06-24 23:30:16,324 - mazeUtils.device.camera - [camera.py:39] - DEBUG - Average HSV: H=114.0, S=147.6, V=192.1
2026-06-24 23:30:16,364 - mazeUtils.moveTile - [moveTile.py:79] - DEBUG - roll: 354.24 deg, practicalMoveTime: 0.44495649550349875 sec
2026-06-24 23:30:16,364 - mazeUtils.moveTile - [moveTile.py:1763] - DEBUG - moveTile loop time: 47.0 ms
2026-06-24 23:30:16,374 - picamera2.picamera2 - [picamera2.py:1391] - DEBUG - Execute job: <picamera2.job.Job object at 0x7f92cfc310>
2026-06-24 23:30:16,378 - mazeUtils.device.camera - [camera.py:39] - DEBUG - Average HSV: H=113.0, S=156.8, V=200.1
2026-06-24 23:30:16,410 - mazeUtils.moveTile - [moveTile.py:79] - DEBUG - roll: 358.0 deg, practicalMoveTime: 0.49040718527740734 sec
2026-06-24 23:30:16,410 - mazeUtils.moveTile - [moveTile.py:1763] - DEBUG - moveTile loop time: 45.5 ms
2026-06-24 23:30:16,418 - picamera2.picamera2 - [picamera2.py:1391] - DEBUG - Execute job: <picamera2.job.Job object at 0x7f92cfc590>
2026-06-24 23:30:16,421 - mazeUtils.device.camera - [camera.py:39] - DEBUG - Average HSV: H=115.0, S=141.2, V=185.7
2026-06-24 23:30:16,454 - mazeUtils.moveTile - [moveTile.py:79] - DEBUG - roll: 3.1000000000000227 deg, practicalMoveTime: 0.5342884597402036 sec
2026-06-24 23:30:16,455 - mazeUtils.moveTile - [moveTile.py:1763] - DEBUG - moveTile loop time: 44.2 ms
2026-06-24 23:30:16,460 - picamera2.picamera2 - [picamera2.py:1391] - DEBUG - Execute job: <picamera2.job.Job object at 0x7f92cfd190>
2026-06-24 23:30:16,464 - mazeUtils.device.camera - [camera.py:39] - DEBUG - Average HSV: H=115.3, S=133.7, V=181.6
2026-06-24 23:30:16,506 - mazeUtils.moveTile - [moveTile.py:79] - DEBUG - roll: 358.89 deg, practicalMoveTime: 0.5855483243170753 sec
2026-06-24 23:30:16,506 - mazeUtils.moveTile - [moveTile.py:1763] - DEBUG - moveTile loop time: 51.5 ms
2026-06-24 23:30:16,517 - picamera2.picamera2 - [picamera2.py:1391] - DEBUG - Execute job: <picamera2.job.Job object at 0x7f92cfcb10>
2026-06-24 23:30:16,520 - mazeUtils.device.camera - [camera.py:39] - DEBUG - Average HSV: H=114.3, S=143.5, V=190.1
2026-06-24 23:30:16,554 - mazeUtils.moveTile - [moveTile.py:79] - DEBUG - roll: 1.259999999999991 deg, practicalMoveTime: 0.6331945588254206 sec
2026-06-24 23:30:16,555 - mazeUtils.moveTile - [moveTile.py:1763] - DEBUG - moveTile loop time: 47.6 ms
2026-06-24 23:30:16,560 - picamera2.picamera2 - [picamera2.py:1391] - DEBUG - Execute job: <picamera2.job.Job object at 0x7f92cfc210>
2026-06-24 23:30:16,563 - mazeUtils.device.camera - [camera.py:39] - DEBUG - Average HSV: H=114.3, S=144.6, V=187.1
2026-06-24 23:30:16,605 - mazeUtils.moveTile - [moveTile.py:79] - DEBUG - roll: 357.45 deg, practicalMoveTime: 0.6839092796349138 sec
2026-06-24 23:30:16,606 - mazeUtils.moveTile - [moveTile.py:1763] - DEBUG - moveTile loop time: 51.0 ms
2026-06-24 23:30:16,618 - picamera2.picamera2 - [picamera2.py:1391] - DEBUG - Execute job: <picamera2.job.Job object at 0x7f92cfc150>
2026-06-24 23:30:16,622 - mazeUtils.device.camera - [camera.py:39] - DEBUG - Average HSV: H=114.7, S=143.8, V=185.8
2026-06-24 23:30:16,662 - mazeUtils.moveTile - [moveTile.py:79] - DEBUG - roll: 359.44 deg, practicalMoveTime: 0.7400400212309906 sec
2026-06-24 23:30:16,662 - mazeUtils.moveTile - [moveTile.py:1763] - DEBUG - moveTile loop time: 56.5 ms
2026-06-24 23:30:16,668 - picamera2.picamera2 - [picamera2.py:1391] - DEBUG - Execute job: <picamera2.job.Job object at 0x7fabeb9cd0>
2026-06-24 23:30:16,671 - mazeUtils.device.camera - [camera.py:39] - DEBUG - Average HSV: H=114.2, S=148.5, V=189.4
2026-06-24 23:30:16,708 - mazeUtils.moveTile - [moveTile.py:79] - DEBUG - roll: 0.660000000000025 deg, practicalMoveTime: 0.7858712112569874 sec
2026-06-24 23:30:16,709 - mazeUtils.moveTile - [moveTile.py:1763] - DEBUG - moveTile loop time: 45.9 ms
2026-06-24 23:30:16,721 - picamera2.picamera2 - [picamera2.py:1391] - DEBUG - Execute job: <picamera2.job.Job object at 0x7f92cfd3d0>
2026-06-24 23:30:16,725 - mazeUtils.device.camera - [camera.py:39] - DEBUG - Average HSV: H=115.8, S=136.8, V=174.7
2026-06-24 23:30:16,763 - mazeUtils.moveTile - [moveTile.py:79] - DEBUG - roll: 4.939999999999998 deg, practicalMoveTime: 0.829188401172211 sec
2026-06-24 23:30:16,764 - mazeUtils.moveTile - [moveTile.py:1763] - DEBUG - moveTile loop time: 54.7 ms
2026-06-24 23:30:16,769 - picamera2.picamera2 - [picamera2.py:1391] - DEBUG - Execute job: <picamera2.job.Job object at 0x7f92cfcb10>
2026-06-24 23:30:16,772 - mazeUtils.device.camera - [camera.py:39] - DEBUG - Average HSV: H=115.2, S=141.4, V=181.4
2026-06-24 23:30:16,809 - mazeUtils.moveTile - [moveTile.py:1636] - INFO - practicalVerticalMove: -0.04767664945590227 CM
2026-06-24 23:30:16,992 - mazeUtils.moveTile - [moveTile.py:552] - DEBUG - Direction: absDirection.NORTH, Angle: 90, Distance: 17.294672346940956 cm
2026-06-24 23:30:16,994 - mazeUtils.moveTile - [moveTile.py:552] - DEBUG - Direction: absDirection.EAST, Angle: 0, Distance: 151.70297374912175 cm
2026-06-24 23:30:16,995 - mazeUtils.moveTile - [moveTile.py:552] - DEBUG - Direction: absDirection.SOUTH, Angle: 270, Distance: 164.49812780769702 cm
2026-06-24 23:30:16,997 - mazeUtils.moveTile - [moveTile.py:552] - DEBUG - Direction: absDirection.WEST, Angle: 180, Distance: 48.91389724045242 cm
2026-06-24 23:30:16,999 - mazeUtils.moveTile - [moveTile.py:2119] - INFO - Tile color detection, decided tile type: E
2026-06-24 23:30:17,074 - __main__ - [main.py:105] - INFO - Current position: (18, 17, 1), front direction: absDirection.EAST
Layer 0 (altitude=0.0cm, offset=(0.0cm, 0.0cm)):
Known map area: x=15..20, y=15..20
+   +   +   +   +   +---+
  U   U   U   U   U   E |
+   +   +   +   +   +   +
  U   U   U   U   U   E |
+   +   +   +   +   +   +
  U | R   E   B   U | E |
+   +   +   +   +   +   +
  U | E   E   E | U | E |
+---+---+   +   +   +   +
| E   E | E   E   E   E |
+   +   +   +---+---+   +
| E   E   E | U   U | E |
+---+---+---+   +   +---+
Layer 1 (altitude=15.0cm, offset=(0.0cm, -60.0cm)):
Known map area: x=17..18, y=17..17
+---+---+
| E   @  
+   +   +
mazeAsGraph[0][15][20] = {absDirection.NORTH: None, absDirection.EAST: None, absDirection.SOUTH: (20, 16, 0, 30), absDirection.WEST: (18, 17, 1, 60)}
mazeAsGraph[0][16][20] = {absDirection.NORTH: (20, 15, 0, 30), absDirection.EAST: None, absDirection.SOUTH: (20, 17, 0, 30), absDirection.WEST: (19, 16, 0, 30)}
mazeAsGraph[0][17][16] = {absDirection.NORTH: (16, 16, 0, 30), absDirection.EAST: (17, 17, 0, 30), absDirection.SOUTH: (16, 18, 0, 30), absDirection.WEST: None}
mazeAsGraph[0][17][17] = {absDirection.NORTH: (17, 17, 1, 60), absDirection.EAST: None, absDirection.SOUTH: (17, 18, 0, 30), absDirection.WEST: (16, 17, 0, 30)}
mazeAsGraph[0][17][18] = {absDirection.NORTH: None, absDirection.EAST: None, absDirection.SOUTH: None, absDirection.WEST: None}
mazeAsGraph[0][17][20] = {absDirection.NORTH: (20, 16, 0, 30), absDirection.EAST: None, absDirection.SOUTH: (20, 18, 0, 30), absDirection.WEST: None}
mazeAsGraph[0][18][16] = {absDirection.NORTH: (16, 17, 0, 30), absDirection.EAST: (17, 18, 0, 30), absDirection.SOUTH: None, absDirection.WEST: None}
mazeAsGraph[0][18][17] = {absDirection.NORTH: (17, 17, 0, 30), absDirection.EAST: (18, 18, 0, 30), absDirection.SOUTH: (17, 19, 0, 30), absDirection.WEST: (16, 18, 0, 30)}
mazeAsGraph[0][18][18] = {absDirection.NORTH: None, absDirection.EAST: None, absDirection.SOUTH: (18, 19, 0, 30), absDirection.WEST: (17, 18, 0, 30)}
mazeAsGraph[0][18][20] = {absDirection.NORTH: (20, 17, 0, 30), absDirection.EAST: None, absDirection.SOUTH: (20, 19, 0, 30), absDirection.WEST: None}
mazeAsGraph[0][19][15] = {absDirection.NORTH: None, absDirection.EAST: (16, 19, 0, 30), absDirection.SOUTH: (15, 20, 0, 30), absDirection.WEST: None}
mazeAsGraph[0][19][16] = {absDirection.NORTH: None, absDirection.EAST: None, absDirection.SOUTH: (16, 20, 0, 30), absDirection.WEST: (15, 19, 0, 30)}
mazeAsGraph[0][19][17] = {absDirection.NORTH: (17, 18, 0, 30), absDirection.EAST: (18, 19, 0, 30), absDirection.SOUTH: (17, 20, 0, 30), absDirection.WEST: None}
mazeAsGraph[0][19][18] = {absDirection.NORTH: (18, 18, 0, 30), absDirection.EAST: (19, 19, 0, 30), absDirection.SOUTH: None, absDirection.WEST: (17, 19, 0, 30)}
mazeAsGraph[0][19][19] = {absDirection.NORTH: (19, 18, 0, 30), absDirection.EAST: (20, 19, 0, 30), absDirection.SOUTH: None, absDirection.WEST: (18, 19, 0, 30)}
mazeAsGraph[0][19][20] = {absDirection.NORTH: (20, 18, 0, 30), absDirection.EAST: None, absDirection.SOUTH: (20, 20, 0, 30), absDirection.WEST: (19, 19, 0, 30)}
mazeAsGraph[0][20][15] = {absDirection.NORTH: (15, 19, 0, 30), absDirection.EAST: (16, 20, 0, 30), absDirection.SOUTH: None, absDirection.WEST: None}
mazeAsGraph[0][20][16] = {absDirection.NORTH: (16, 19, 0, 30), absDirection.EAST: (17, 20, 0, 30), absDirection.SOUTH: None, absDirection.WEST: (15, 20, 0, 30)}
mazeAsGraph[0][20][17] = {absDirection.NORTH: (17, 19, 0, 30), absDirection.EAST: None, absDirection.SOUTH: None, absDirection.WEST: (16, 20, 0, 30)}
mazeAsGraph[0][20][20] = {absDirection.NORTH: (20, 19, 0, 30), absDirection.EAST: None, absDirection.SOUTH: None, absDirection.WEST: None}
mazeAsGraph[1][17][17] = {absDirection.NORTH: None, absDirection.EAST: (18, 17, 1, 30), absDirection.SOUTH: (17, 17, 0, 60), absDirection.WEST: None}
mazeAsGraph[1][17][18] = {absDirection.NORTH: None, absDirection.EAST: (20, 15, 0, 60), absDirection.SOUTH: (18, 18, 1, 30), absDirection.WEST: (17, 17, 1, 30)}
2026-06-24 23:30:17,095 - mazeUtils.moveTile - [moveTile.py:79] - DEBUG - Moving to absDirection.SOUTH from (18, 17, 1) facing absDirection.EAST
2026-06-24 23:30:17,101 - mazeUtils.moveTile - [moveTile.py:79] - DEBUG - Turning to 180 deg, current heading: 268.03 deg, turnAngle: 88.02999999999997 deg
2026-06-24 23:30:17,126 - mazeUtils.moveTile - [moveTile.py:79] - DEBUG - gyro:268.02 deg, derivative: -0.009999999999990905, turnSpeed: 100
2026-06-24 23:30:17,150 - mazeUtils.moveTile - [moveTile.py:79] - DEBUG - gyro:267.98999999999995 deg, derivative: -0.03000000000002956, turnSpeed: 100
2026-06-24 23:30:17,179 - mazeUtils.moveTile - [moveTile.py:79] - DEBUG - gyro:267.95 deg, derivative: -0.03999999999996362, turnSpeed: 100
2026-06-24 23:30:17,206 - mazeUtils.moveTile - [moveTile.py:79] - DEBUG - gyro:267.83 deg, derivative: -0.12000000000000455, turnSpeed: 100
2026-06-24 23:30:17,232 - mazeUtils.moveTile - [moveTile.py:79] - DEBUG - gyro:265.51 deg, derivative: -2.319999999999993, turnSpeed: 100
2026-06-24 23:30:17,257 - mazeUtils.moveTile - [moveTile.py:79] - DEBUG - gyro:263.47999999999996 deg, derivative: -2.0300000000000296, turnSpeed: 100
2026-06-24 23:30:17,282 - mazeUtils.moveTile - [moveTile.py:79] - DEBUG - gyro:259.59 deg, derivative: -3.8899999999999864, turnSpeed: 100
2026-06-24 23:30:17,305 - mazeUtils.moveTile - [moveTile.py:79] - DEBUG - gyro:255.31999999999996 deg, derivative: -4.27000000000001, turnSpeed: 100
2026-06-24 23:30:17,328 - mazeUtils.moveTile - [moveTile.py:79] - DEBUG - gyro:251.68999999999997 deg, derivative: -3.6299999999999955, turnSpeed: 100
2026-06-24 23:30:17,357 - mazeUtils.moveTile - [moveTile.py:79] - DEBUG - gyro:247.31999999999996 deg, derivative: -4.3700000000000045, turnSpeed: 100
2026-06-24 23:30:17,381 - mazeUtils.moveTile - [moveTile.py:79] - DEBUG - gyro:244.26 deg, derivative: -3.059999999999974, turnSpeed: 100
2026-06-24 23:30:17,404 - mazeUtils.moveTile - [moveTile.py:79] - DEBUG - gyro:239.90999999999997 deg, derivative: -4.350000000000023, turnSpeed: 100
2026-06-24 23:30:17,427 - mazeUtils.moveTile - [moveTile.py:79] - DEBUG - gyro:235.82999999999998 deg, derivative: -4.079999999999984, turnSpeed: 100
2026-06-24 23:30:17,455 - mazeUtils.moveTile - [moveTile.py:79] - DEBUG - gyro:231.95999999999998 deg, derivative: -3.8700000000000045, turnSpeed: 100
2026-06-24 23:30:17,485 - mazeUtils.moveTile - [moveTile.py:79] - DEBUG - gyro:229.82999999999998 deg, derivative: -2.1299999999999955, turnSpeed: 99.65999999999997
2026-06-24 23:30:17,513 - mazeUtils.moveTile - [moveTile.py:79] - DEBUG - gyro:226.54999999999998 deg, derivative: -3.280000000000001, turnSpeed: 93.09999999999997
2026-06-24 23:30:17,539 - mazeUtils.moveTile - [moveTile.py:79] - DEBUG - gyro:222.81999999999996 deg, derivative: -3.730000000000018, turnSpeed: 85.63999999999993
2026-06-24 23:30:17,569 - mazeUtils.moveTile - [moveTile.py:79] - DEBUG - gyro:219.67999999999998 deg, derivative: -3.1399999999999864, turnSpeed: 79.35999999999996
2026-06-24 23:30:17,593 - mazeUtils.moveTile - [moveTile.py:79] - DEBUG - gyro:215.23999999999998 deg, derivative: -4.439999999999998, turnSpeed: 70.47999999999996
2026-06-24 23:30:17,615 - mazeUtils.moveTile - [moveTile.py:79] - DEBUG - gyro:212.55999999999997 deg, derivative: -2.680000000000007, turnSpeed: 65.11999999999995
2026-06-24 23:30:17,646 - mazeUtils.moveTile - [moveTile.py:79] - DEBUG - gyro:210.2 deg, derivative: -2.359999999999985, turnSpeed: 60.39999999999998
2026-06-24 23:30:17,670 - mazeUtils.moveTile - [moveTile.py:79] - DEBUG - gyro:207.20999999999998 deg, derivative: -2.990000000000009, turnSpeed: 54.41999999999996
2026-06-24 23:30:17,695 - mazeUtils.moveTile - [moveTile.py:79] - DEBUG - gyro:205.67999999999998 deg, derivative: -1.5300000000000011, turnSpeed: 51.35999999999996
2026-06-24 23:30:17,721 - mazeUtils.moveTile - [moveTile.py:79] - DEBUG - gyro:204.14 deg, derivative: -1.539999999999992, turnSpeed: 48.27999999999997
2026-06-24 23:30:17,750 - mazeUtils.moveTile - [moveTile.py:79] - DEBUG - gyro:202.81999999999996 deg, derivative: -1.3200000000000216, turnSpeed: 45.63999999999993
2026-06-24 23:30:17,773 - mazeUtils.moveTile - [moveTile.py:79] - DEBUG - gyro:201.29999999999998 deg, derivative: -1.5199999999999818, turnSpeed: 42.599999999999966
2026-06-24 23:30:17,803 - mazeUtils.moveTile - [moveTile.py:79] - DEBUG - gyro:199.7 deg, derivative: -1.5999999999999943, turnSpeed: 39.39999999999998
2026-06-24 23:30:17,828 - mazeUtils.moveTile - [moveTile.py:79] - DEBUG - gyro:196.96999999999997 deg, derivative: -2.730000000000018, turnSpeed: 33.93999999999994
2026-06-24 23:30:17,853 - mazeUtils.moveTile - [moveTile.py:79] - DEBUG - gyro:195.39999999999998 deg, derivative: -1.5699999999999932, turnSpeed: 30.799999999999955
2026-06-24 23:30:17,879 - mazeUtils.moveTile - [moveTile.py:79] - DEBUG - gyro:194.01999999999998 deg, derivative: -1.3799999999999955, turnSpeed: 28.039999999999964
2026-06-24 23:30:17,907 - mazeUtils.moveTile - [moveTile.py:79] - DEBUG - gyro:193.39 deg, derivative: -0.6299999999999955, turnSpeed: 26.779999999999973
2026-06-24 23:30:17,932 - mazeUtils.moveTile - [moveTile.py:79] - DEBUG - gyro:192.48999999999998 deg, derivative: -0.9000000000000057, turnSpeed: 24.97999999999996
2026-06-24 23:30:17,957 - mazeUtils.moveTile - [moveTile.py:79] - DEBUG - gyro:191.77999999999997 deg, derivative: -0.710000000000008, turnSpeed: 23.559999999999945
2026-06-24 23:30:17,985 - mazeUtils.moveTile - [moveTile.py:79] - DEBUG - gyro:191.23999999999998 deg, derivative: -0.539999999999992, turnSpeed: 22.47999999999996
2026-06-24 23:30:18,010 - mazeUtils.moveTile - [moveTile.py:79] - DEBUG - gyro:190.46999999999997 deg, derivative: -0.7700000000000102, turnSpeed: 20.93999999999994
2026-06-24 23:30:18,035 - mazeUtils.moveTile - [moveTile.py:79] - DEBUG - gyro:189.7 deg, derivative: -0.7699999999999818, turnSpeed: 19.399999999999977
2026-06-24 23:30:18,064 - mazeUtils.moveTile - [moveTile.py:79] - DEBUG - gyro:188.99999999999997 deg, derivative: -0.700000000000017, turnSpeed: 17.999999999999943
2026-06-24 23:30:18,088 - mazeUtils.moveTile - [moveTile.py:79] - DEBUG - gyro:188.10999999999999 deg, derivative: -0.8899999999999864, turnSpeed: 16.21999999999997
2026-06-24 23:30:18,111 - mazeUtils.moveTile - [moveTile.py:79] - DEBUG - gyro:187.45999999999998 deg, derivative: -0.6500000000000057, turnSpeed: 14.919999999999959
2026-06-24 23:30:18,135 - mazeUtils.moveTile - [moveTile.py:79] - DEBUG - gyro:186.92 deg, derivative: -0.539999999999992, turnSpeed: 13.839999999999975
2026-06-24 23:30:18,163 - mazeUtils.moveTile - [moveTile.py:79] - DEBUG - gyro:186.34999999999997 deg, derivative: -0.5700000000000216, turnSpeed: 12.699999999999932
2026-06-24 23:30:18,188 - mazeUtils.moveTile - [moveTile.py:79] - DEBUG - gyro:185.76999999999998 deg, derivative: -0.5799999999999841, turnSpeed: 11.539999999999964
2026-06-24 23:30:18,219 - mazeUtils.moveTile - [moveTile.py:79] - DEBUG - gyro:185.30999999999997 deg, derivative: -0.46000000000000796, turnSpeed: 10.619999999999948
2026-06-24 23:30:18,244 - mazeUtils.moveTile - [moveTile.py:79] - DEBUG - gyro:184.77999999999997 deg, derivative: -0.5300000000000011, turnSpeed: 9.559999999999945
2026-06-24 23:30:18,272 - mazeUtils.moveTile - [moveTile.py:79] - DEBUG - gyro:184.29999999999998 deg, derivative: -0.47999999999998977, turnSpeed: 8.599999999999966
2026-06-24 23:30:18,296 - mazeUtils.moveTile - [moveTile.py:79] - DEBUG - gyro:183.87999999999997 deg, derivative: -0.4200000000000159, turnSpeed: 7.759999999999934
2026-06-24 23:30:18,325 - mazeUtils.moveTile - [moveTile.py:79] - DEBUG - gyro:183.59999999999997 deg, derivative: -0.28000000000000114, turnSpeed: 7.199999999999932
2026-06-24 23:30:18,354 - mazeUtils.moveTile - [moveTile.py:79] - DEBUG - gyro:183.20999999999998 deg, derivative: -0.38999999999998636, turnSpeed: 6.419999999999959
2026-06-24 23:30:18,377 - mazeUtils.moveTile - [moveTile.py:79] - DEBUG - gyro:182.79999999999998 deg, derivative: -0.4099999999999966, turnSpeed: 5.599999999999966
2026-06-24 23:30:18,401 - mazeUtils.moveTile - [moveTile.py:79] - DEBUG - gyro:182.48 deg, derivative: -0.3199999999999932, turnSpeed: 4.9599999999999795
2026-06-24 23:30:18,429 - mazeUtils.moveTile - [moveTile.py:79] - DEBUG - gyro:182.24999999999997 deg, derivative: -0.2300000000000182, turnSpeed: 4.499999999999943
2026-06-24 23:30:18,457 - mazeUtils.moveTile - [moveTile.py:79] - DEBUG - gyro:181.99999999999997 deg, derivative: -0.25, turnSpeed: 3.999999999999943
2026-06-24 23:30:18,477 - mazeUtils.moveTile - [moveTile.py:79] - DEBUG - Turned to heading: 181.99999999999997 deg
2026-06-24 23:30:18,640 - mazeUtils.moveTile - [moveTile.py:79] - DEBUG - Little backward to adjust position
2026-06-24 23:30:19,820 - picamera2.picamera2 - [picamera2.py:1391] - DEBUG - Execute job: <picamera2.job.Job object at 0x7fa4c5e450>
2026-06-24 23:30:19,827 - mazeUtils.device.camera - [camera.py:39] - DEBUG - Average HSV: H=108.4, S=136.8, V=230.8
2026-06-24 23:30:19,866 - mazeUtils.moveTile - [moveTile.py:79] - DEBUG - roll: 0.7800000000000296 deg, practicalMoveTime: 0.05532118060018493 sec
2026-06-24 23:30:19,867 - mazeUtils.moveTile - [moveTile.py:1763] - DEBUG - moveTile loop time: 56.3 ms
2026-06-24 23:30:19,875 - picamera2.picamera2 - [picamera2.py:1391] - DEBUG - Execute job: <picamera2.job.Job object at 0x7f92cefdd0>
2026-06-24 23:30:19,878 - mazeUtils.device.camera - [camera.py:39] - DEBUG - Average HSV: H=109.3, S=125.4, V=227.8
2026-06-24 23:30:19,921 - mazeUtils.moveTile - [moveTile.py:79] - DEBUG - roll: 2.75 deg, practicalMoveTime: 0.10904659883503573 sec
2026-06-24 23:30:19,922 - mazeUtils.moveTile - [moveTile.py:1763] - DEBUG - moveTile loop time: 53.9 ms
2026-06-24 23:30:19,927 - picamera2.picamera2 - [picamera2.py:1391] - DEBUG - Execute job: <picamera2.job.Job object at 0x7f92cefdd0>
2026-06-24 23:30:19,943 - mazeUtils.device.camera - [camera.py:39] - DEBUG - Average HSV: H=115.4, S=98.3, V=199.6
2026-06-24 23:30:19,984 - mazeUtils.moveTile - [moveTile.py:79] - DEBUG - roll: 2.8600000000000136 deg, practicalMoveTime: 0.1707425053429587 sec
2026-06-24 23:30:19,984 - mazeUtils.moveTile - [moveTile.py:1763] - DEBUG - moveTile loop time: 61.7 ms
2026-06-24 23:30:19,990 - picamera2.picamera2 - [picamera2.py:1391] - DEBUG - Execute job: <picamera2.job.Job object at 0x7fa4c5f350>
2026-06-24 23:30:19,993 - mazeUtils.device.camera - [camera.py:39] - DEBUG - Average HSV: H=118.3, S=96.0, V=182.3
2026-06-24 23:30:20,026 - mazeUtils.moveTile - [moveTile.py:79] - DEBUG - roll: 1.3999999999999773 deg, practicalMoveTime: 0.2124875829743452 sec
2026-06-24 23:30:20,027 - mazeUtils.moveTile - [moveTile.py:1763] - DEBUG - moveTile loop time: 42.2 ms
2026-06-24 23:30:20,038 - picamera2.picamera2 - [picamera2.py:1391] - DEBUG - Execute job: <picamera2.job.Job object at 0x7f92cefdd0>
2026-06-24 23:30:20,042 - mazeUtils.device.camera - [camera.py:39] - DEBUG - Average HSV: H=117.0, S=98.7, V=185.3
2026-06-24 23:30:20,077 - mazeUtils.moveTile - [moveTile.py:79] - DEBUG - roll: 1.1000000000000227 deg, practicalMoveTime: 0.2630171636302131 sec
2026-06-24 23:30:20,078 - mazeUtils.moveTile - [moveTile.py:1763] - DEBUG - moveTile loop time: 50.8 ms
2026-06-24 23:30:20,083 - picamera2.picamera2 - [picamera2.py:1391] - DEBUG - Execute job: <picamera2.job.Job object at 0x7f92cef990>
2026-06-24 23:30:20,087 - mazeUtils.device.camera - [camera.py:39] - DEBUG - Average HSV: H=115.8, S=104.4, V=186.8
2026-06-24 23:30:20,127 - mazeUtils.moveTile - [moveTile.py:79] - DEBUG - roll: 0.5099999999999909 deg, practicalMoveTime: 0.31239280578737505 sec
2026-06-24 23:30:20,128 - mazeUtils.moveTile - [moveTile.py:1763] - DEBUG - moveTile loop time: 49.6 ms
2026-06-24 23:30:20,135 - picamera2.picamera2 - [picamera2.py:1391] - DEBUG - Execute job: <picamera2.job.Job object at 0x7f92cee450>
2026-06-24 23:30:20,138 - mazeUtils.device.camera - [camera.py:39] - DEBUG - Average HSV: H=115.7, S=117.5, V=186.0
2026-06-24 23:30:20,174 - mazeUtils.moveTile - [moveTile.py:79] - DEBUG - roll: 0.009999999999990905 deg, practicalMoveTime: 0.3586669184768161 sec
2026-06-24 23:30:20,175 - mazeUtils.moveTile - [moveTile.py:1763] - DEBUG - moveTile loop time: 46.5 ms
2026-06-24 23:30:20,180 - picamera2.picamera2 - [picamera2.py:1391] - DEBUG - Execute job: <picamera2.job.Job object at 0x7f92ced190>
2026-06-24 23:30:20,183 - mazeUtils.device.camera - [camera.py:39] - DEBUG - Average HSV: H=115.4, S=119.0, V=187.1
2026-06-24 23:30:20,224 - mazeUtils.moveTile - [moveTile.py:79] - DEBUG - roll: 0.6100000000000136 deg, practicalMoveTime: 0.40821523268630716 sec
2026-06-24 23:30:20,225 - mazeUtils.moveTile - [moveTile.py:1763] - DEBUG - moveTile loop time: 49.8 ms
2026-06-24 23:30:20,232 - picamera2.picamera2 - [picamera2.py:1391] - DEBUG - Execute job: <picamera2.job.Job object at 0x7f92cedf90>
2026-06-24 23:30:20,235 - mazeUtils.device.camera - [camera.py:39] - DEBUG - Average HSV: H=116.1, S=121.5, V=187.8
2026-06-24 23:30:20,266 - mazeUtils.moveTile - [moveTile.py:79] - DEBUG - roll: 3.410000000000025 deg, practicalMoveTime: 0.4498891998725156 sec
2026-06-24 23:30:20,267 - mazeUtils.moveTile - [moveTile.py:1763] - DEBUG - moveTile loop time: 42.0 ms
2026-06-24 23:30:20,274 - picamera2.picamera2 - [picamera2.py:1391] - DEBUG - Execute job: <picamera2.job.Job object at 0x7f92ced190>
2026-06-24 23:30:20,278 - mazeUtils.device.camera - [camera.py:39] - DEBUG - Average HSV: H=116.5, S=118.7, V=191.7
2026-06-24 23:30:20,312 - mazeUtils.moveTile - [moveTile.py:79] - DEBUG - roll: 3.730000000000018 deg, practicalMoveTime: 0.49457638506571655 sec
2026-06-24 23:30:20,312 - mazeUtils.moveTile - [moveTile.py:1763] - DEBUG - moveTile loop time: 44.8 ms
2026-06-24 23:30:20,317 - picamera2.picamera2 - [picamera2.py:1391] - DEBUG - Execute job: <picamera2.job.Job object at 0x7f92cedf90>
2026-06-24 23:30:20,320 - mazeUtils.device.camera - [camera.py:39] - DEBUG - Average HSV: H=116.7, S=111.6, V=196.8
2026-06-24 23:30:20,352 - mazeUtils.moveTile - [moveTile.py:79] - DEBUG - roll: 3.319999999999993 deg, practicalMoveTime: 0.5339624372142945 sec
2026-06-24 23:30:20,352 - mazeUtils.moveTile - [moveTile.py:1763] - DEBUG - moveTile loop time: 39.9 ms
2026-06-24 23:30:20,360 - picamera2.picamera2 - [picamera2.py:1391] - DEBUG - Execute job: <picamera2.job.Job object at 0x7f92ced190>
2026-06-24 23:30:20,363 - mazeUtils.device.camera - [camera.py:39] - DEBUG - Average HSV: H=116.1, S=122.4, V=195.0
2026-06-24 23:30:20,397 - mazeUtils.moveTile - [moveTile.py:79] - DEBUG - roll: 2.990000000000009 deg, practicalMoveTime: 0.5780728003225946 sec
2026-06-24 23:30:20,397 - mazeUtils.moveTile - [moveTile.py:1763] - DEBUG - moveTile loop time: 44.6 ms
2026-06-24 23:30:20,402 - picamera2.picamera2 - [picamera2.py:1391] - DEBUG - Execute job: <picamera2.job.Job object at 0x7f92ced1d0>
2026-06-24 23:30:20,406 - mazeUtils.device.camera - [camera.py:39] - DEBUG - Average HSV: H=116.2, S=118.6, V=199.3
2026-06-24 23:30:20,441 - mazeUtils.moveTile - [moveTile.py:79] - DEBUG - roll: 1.9499999999999886 deg, practicalMoveTime: 0.6218952652863564 sec
2026-06-24 23:30:20,442 - mazeUtils.moveTile - [moveTile.py:1763] - DEBUG - moveTile loop time: 44.2 ms
2026-06-24 23:30:20,449 - picamera2.picamera2 - [picamera2.py:1391] - DEBUG - Execute job: <picamera2.job.Job object at 0x7f92ceef50>
2026-06-24 23:30:20,452 - mazeUtils.device.camera - [camera.py:39] - DEBUG - Average HSV: H=115.8, S=125.5, V=197.9
2026-06-24 23:30:20,491 - mazeUtils.moveTile - [moveTile.py:79] - DEBUG - roll: 3.480000000000018 deg, practicalMoveTime: 0.6715207907925289 sec
2026-06-24 23:30:20,492 - mazeUtils.moveTile - [moveTile.py:1763] - DEBUG - moveTile loop time: 49.9 ms
2026-06-24 23:30:20,497 - picamera2.picamera2 - [picamera2.py:1391] - DEBUG - Execute job: <picamera2.job.Job object at 0x7f92cee610>
2026-06-24 23:30:20,500 - mazeUtils.device.camera - [camera.py:39] - DEBUG - Average HSV: H=116.2, S=117.8, V=199.0
2026-06-24 23:30:20,537 - mazeUtils.moveTile - [moveTile.py:79] - DEBUG - roll: 4.329999999999984 deg, practicalMoveTime: 0.7168130313991199 sec
2026-06-24 23:30:20,538 - mazeUtils.moveTile - [moveTile.py:1763] - DEBUG - moveTile loop time: 45.7 ms
2026-06-24 23:30:20,543 - picamera2.picamera2 - [picamera2.py:1391] - DEBUG - Execute job: <picamera2.job.Job object at 0x7f92cec990>
2026-06-24 23:30:20,547 - mazeUtils.device.camera - [camera.py:39] - DEBUG - Average HSV: H=116.9, S=107.9, V=193.8
2026-06-24 23:30:20,597 - mazeUtils.moveTile - [moveTile.py:79] - DEBUG - roll: 5.649999999999977 deg, practicalMoveTime: 0.7762556617804414 sec
2026-06-24 23:30:20,598 - mazeUtils.moveTile - [moveTile.py:1763] - DEBUG - moveTile loop time: 60.2 ms
2026-06-24 23:30:20,609 - picamera2.picamera2 - [picamera2.py:1391] - DEBUG - Execute job: <picamera2.job.Job object at 0x7f92cee610>
2026-06-24 23:30:20,617 - mazeUtils.device.camera - [camera.py:39] - DEBUG - Average HSV: H=116.7, S=109.5, V=195.1
2026-06-24 23:30:20,660 - mazeUtils.moveTile - [moveTile.py:79] - DEBUG - roll: 5.9599999999999795 deg, practicalMoveTime: 0.8247050406213228 sec
2026-06-24 23:30:20,661 - mazeUtils.moveTile - [moveTile.py:1763] - DEBUG - moveTile loop time: 60.0 ms
2026-06-24 23:30:20,673 - picamera2.picamera2 - [picamera2.py:1391] - DEBUG - Execute job: <picamera2.job.Job object at 0x7f92cec990>
2026-06-24 23:30:20,678 - mazeUtils.device.camera - [camera.py:39] - DEBUG - Average HSV: H=115.8, S=137.3, V=183.9
2026-06-24 23:30:20,718 - mazeUtils.moveTile - [moveTile.py:1636] - INFO - practicalVerticalMove: 1.3148045861756135 CM
2026-06-24 23:30:20,769 - mazeUtils.moveTile - [moveTile.py:1959] - INFO - Set moved vertical distance: 1.3148045861756135 cm, past distances: [(0, False), (0, False), (0, False)]
2026-06-24 23:30:20,936 - mazeUtils.moveTile - [moveTile.py:552] - DEBUG - Direction: absDirection.NORTH, Angle: 180, Distance: 29.49017249232368 cm
2026-06-24 23:30:20,944 - mazeUtils.moveTile - [moveTile.py:552] - DEBUG - Direction: absDirection.EAST, Angle: 90, Distance: 151.08511852436897 cm
2026-06-24 23:30:20,952 - mazeUtils.moveTile - [moveTile.py:552] - DEBUG - Direction: absDirection.SOUTH, Angle: 0, Distance: 116.01539454999653 cm
2026-06-24 23:30:20,953 - mazeUtils.moveTile - [moveTile.py:574] - DEBUG - Front LiDAR distance: 116.01539454999653 cm, TSD10 distance: 25.4 cm
2026-06-24 23:30:20,961 - mazeUtils.moveTile - [moveTile.py:552] - DEBUG - Direction: absDirection.WEST, Angle: 270, Distance: 49.22470534715602 cm
2026-06-24 23:30:20,965 - mazeUtils.moveTile - [moveTile.py:2119] - INFO - Tile color detection, decided tile type: E
2026-06-24 23:30:21,137 - __main__ - [main.py:105] - INFO - Current position: (18, 18, 1), front direction: absDirection.SOUTH
Layer 0 (altitude=0.0cm, offset=(0.0cm, 0.0cm)):
Known map area: x=15..20, y=15..20
+   +   +   +   +   +---+
  U   U   U   U   U   E |
+   +   +   +   +   +   +
  U   U   U   U   U   E |
+   +   +   +   +   +   +
  U | R   E   B   U | E |
+   +   +   +   +   +   +
  U | E   E   E | U | E |
+---+---+   +   +   +   +
| E   E | E   E   E   E |
+   +   +   +---+---+   +
| E   E   E | U   U | E |
+---+---+---+   +   +---+
Layer 1 (altitude=15.0cm, offset=(0.0cm, -60.0cm)):
Known map area: x=17..18, y=17..18
+---+---+
| E   E  
+   +---+
  U   @  
+   +   +
mazeAsGraph[0][15][20] = {absDirection.NORTH: None, absDirection.EAST: None, absDirection.SOUTH: (20, 16, 0, 30), absDirection.WEST: (18, 17, 1, 60)}
mazeAsGraph[0][16][20] = {absDirection.NORTH: (20, 15, 0, 30), absDirection.EAST: None, absDirection.SOUTH: (20, 17, 0, 30), absDirection.WEST: (19, 16, 0, 30)}
mazeAsGraph[0][17][16] = {absDirection.NORTH: (16, 16, 0, 30), absDirection.EAST: (17, 17, 0, 30), absDirection.SOUTH: (16, 18, 0, 30), absDirection.WEST: None}
mazeAsGraph[0][17][17] = {absDirection.NORTH: (17, 17, 1, 60), absDirection.EAST: None, absDirection.SOUTH: (17, 18, 0, 30), absDirection.WEST: (16, 17, 0, 30)}
mazeAsGraph[0][17][18] = {absDirection.NORTH: None, absDirection.EAST: None, absDirection.SOUTH: None, absDirection.WEST: None}
mazeAsGraph[0][17][20] = {absDirection.NORTH: (20, 16, 0, 30), absDirection.EAST: None, absDirection.SOUTH: (20, 18, 0, 30), absDirection.WEST: None}
mazeAsGraph[0][18][16] = {absDirection.NORTH: (16, 17, 0, 30), absDirection.EAST: (17, 18, 0, 30), absDirection.SOUTH: None, absDirection.WEST: None}
mazeAsGraph[0][18][17] = {absDirection.NORTH: (17, 17, 0, 30), absDirection.EAST: (18, 18, 0, 30), absDirection.SOUTH: (17, 19, 0, 30), absDirection.WEST: (16, 18, 0, 30)}
mazeAsGraph[0][18][18] = {absDirection.NORTH: None, absDirection.EAST: None, absDirection.SOUTH: (18, 19, 0, 30), absDirection.WEST: (17, 18, 0, 30)}
mazeAsGraph[0][18][20] = {absDirection.NORTH: (20, 17, 0, 30), absDirection.EAST: None, absDirection.SOUTH: (20, 19, 0, 30), absDirection.WEST: None}
mazeAsGraph[0][19][15] = {absDirection.NORTH: None, absDirection.EAST: (16, 19, 0, 30), absDirection.SOUTH: (15, 20, 0, 30), absDirection.WEST: None}
mazeAsGraph[0][19][16] = {absDirection.NORTH: None, absDirection.EAST: None, absDirection.SOUTH: (16, 20, 0, 30), absDirection.WEST: (15, 19, 0, 30)}
mazeAsGraph[0][19][17] = {absDirection.NORTH: (17, 18, 0, 30), absDirection.EAST: (18, 19, 0, 30), absDirection.SOUTH: (17, 20, 0, 30), absDirection.WEST: None}
mazeAsGraph[0][19][18] = {absDirection.NORTH: (18, 18, 0, 30), absDirection.EAST: (19, 19, 0, 30), absDirection.SOUTH: None, absDirection.WEST: (17, 19, 0, 30)}
mazeAsGraph[0][19][19] = {absDirection.NORTH: (19, 18, 0, 30), absDirection.EAST: (20, 19, 0, 30), absDirection.SOUTH: None, absDirection.WEST: (18, 19, 0, 30)}
mazeAsGraph[0][19][20] = {absDirection.NORTH: (20, 18, 0, 30), absDirection.EAST: None, absDirection.SOUTH: (20, 20, 0, 30), absDirection.WEST: (19, 19, 0, 30)}
mazeAsGraph[0][20][15] = {absDirection.NORTH: (15, 19, 0, 30), absDirection.EAST: (16, 20, 0, 30), absDirection.SOUTH: None, absDirection.WEST: None}
mazeAsGraph[0][20][16] = {absDirection.NORTH: (16, 19, 0, 30), absDirection.EAST: (17, 20, 0, 30), absDirection.SOUTH: None, absDirection.WEST: (15, 20, 0, 30)}
mazeAsGraph[0][20][17] = {absDirection.NORTH: (17, 19, 0, 30), absDirection.EAST: None, absDirection.SOUTH: None, absDirection.WEST: (16, 20, 0, 30)}
mazeAsGraph[0][20][20] = {absDirection.NORTH: (20, 19, 0, 30), absDirection.EAST: None, absDirection.SOUTH: None, absDirection.WEST: None}
mazeAsGraph[1][17][17] = {absDirection.NORTH: None, absDirection.EAST: (18, 17, 1, 30), absDirection.SOUTH: (17, 17, 0, 60), absDirection.WEST: None}
mazeAsGraph[1][17][18] = {absDirection.NORTH: None, absDirection.EAST: (20, 15, 0, 60), absDirection.SOUTH: None, absDirection.WEST: (17, 17, 1, 30)}
mazeAsGraph[1][18][18] = {absDirection.NORTH: None, absDirection.EAST: (19, 18, 1, 30), absDirection.SOUTH: (18, 19, 1, 30), absDirection.WEST: (17, 18, 1, 30)}
2026-06-24 23:30:21,144 - mazeUtils.mazeMap - [mazeMap.py:61] - INFO - next goal: (18, 19, 1)
2026-06-24 23:30:21,157 - mazeUtils.moveTile - [moveTile.py:79] - DEBUG - Moving to absDirection.SOUTH from (18, 18, 1) facing absDirection.SOUTH
2026-06-24 23:30:21,194 - mazeUtils.moveTile - [moveTile.py:79] - DEBUG - current heading: 162.76999999999998 target: 180
2026-06-24 23:30:21,513 - mazeUtils.moveTile - [moveTile.py:426] - DEBUG - stopped turning at heading: 174.03999999999996, diff: 5.960000000000036
2026-06-24 23:30:21,595 - mazeUtils.moveTile - [moveTile.py:79] - DEBUG - Turned to heading: 178.24999999999997 deg
2026-06-24 23:30:21,797 - mazeUtils.moveTile - [moveTile.py:79] - DEBUG - Little backward to adjust position
2026-06-24 23:30:22,821 - picamera2.picamera2 - [picamera2.py:1391] - DEBUG - Execute job: <picamera2.job.Job object at 0x7f890be150>
2026-06-24 23:30:22,829 - mazeUtils.device.camera - [camera.py:39] - DEBUG - Average HSV: H=108.9, S=129.6, V=229.2
2026-06-24 23:30:22,871 - mazeUtils.moveTile - [moveTile.py:79] - DEBUG - roll: 359.56 deg, practicalMoveTime: 0.05502842276124115 sec
2026-06-24 23:30:22,872 - mazeUtils.moveTile - [moveTile.py:1763] - DEBUG - moveTile loop time: 55.4 ms
2026-06-24 23:30:22,877 - picamera2.picamera2 - [picamera2.py:1391] - DEBUG - Execute job: <picamera2.job.Job object at 0x7fa4c5e450>
2026-06-24 23:30:22,883 - mazeUtils.device.camera - [camera.py:39] - DEBUG - Average HSV: H=110.2, S=122.7, V=223.1
2026-06-24 23:30:22,918 - mazeUtils.moveTile - [moveTile.py:79] - DEBUG - roll: 2.319999999999993 deg, practicalMoveTime: 0.10088955819054554 sec
2026-06-24 23:30:22,920 - mazeUtils.moveTile - [moveTile.py:1763] - DEBUG - moveTile loop time: 47.4 ms
2026-06-24 23:30:22,927 - picamera2.picamera2 - [picamera2.py:1391] - DEBUG - Execute job: <picamera2.job.Job object at 0x7f88c05b10>
2026-06-24 23:30:22,934 - mazeUtils.device.camera - [camera.py:39] - DEBUG - Average HSV: H=116.3, S=98.2, V=194.6
2026-06-24 23:30:22,971 - mazeUtils.moveTile - [moveTile.py:79] - DEBUG - roll: 2.079999999999984 deg, practicalMoveTime: 0.15242645540680233 sec
2026-06-24 23:30:22,972 - mazeUtils.moveTile - [moveTile.py:1763] - DEBUG - moveTile loop time: 51.0 ms
2026-06-24 23:30:22,980 - picamera2.picamera2 - [picamera2.py:1391] - DEBUG - Execute job: <picamera2.job.Job object at 0x7fa4c6a510>
2026-06-24 23:30:22,987 - mazeUtils.device.camera - [camera.py:39] - DEBUG - Average HSV: H=117.4, S=101.6, V=185.9
2026-06-24 23:30:23,028 - mazeUtils.moveTile - [moveTile.py:79] - DEBUG - roll: 2.5500000000000114 deg, practicalMoveTime: 0.2083249695381411 sec
2026-06-24 23:30:23,029 - mazeUtils.moveTile - [moveTile.py:1763] - DEBUG - moveTile loop time: 55.8 ms
2026-06-24 23:30:23,037 - picamera2.picamera2 - [picamera2.py:1391] - DEBUG - Execute job: <picamera2.job.Job object at 0x7f77d93190>
2026-06-24 23:30:23,047 - mazeUtils.device.camera - [camera.py:39] - DEBUG - Average HSV: H=118.0, S=102.2, V=181.8
2026-06-24 23:30:23,090 - mazeUtils.moveTile - [moveTile.py:79] - DEBUG - roll: 1.25 deg, practicalMoveTime: 0.2689555818666361 sec
2026-06-24 23:30:23,092 - mazeUtils.moveTile - [moveTile.py:1763] - DEBUG - moveTile loop time: 62.2 ms
2026-06-24 23:30:23,100 - picamera2.picamera2 - [picamera2.py:1391] - DEBUG - Execute job: <picamera2.job.Job object at 0x7f890be150>
2026-06-24 23:30:23,110 - mazeUtils.device.camera - [camera.py:39] - DEBUG - Average HSV: H=116.6, S=114.8, V=184.1
2026-06-24 23:30:23,158 - mazeUtils.moveTile - [moveTile.py:79] - DEBUG - roll: 359.99 deg, practicalMoveTime: 0.3346241402154255 sec
2026-06-24 23:30:23,159 - mazeUtils.moveTile - [moveTile.py:1763] - DEBUG - moveTile loop time: 66.1 ms
2026-06-24 23:30:23,166 - picamera2.picamera2 - [picamera2.py:1391] - DEBUG - Execute job: <picamera2.job.Job object at 0x7f77d93210>
2026-06-24 23:30:23,174 - mazeUtils.device.camera - [camera.py:39] - DEBUG - Average HSV: H=116.1, S=120.1, V=187.3
2026-06-24 23:30:23,211 - mazeUtils.moveTile - [moveTile.py:79] - DEBUG - roll: 359.66 deg, practicalMoveTime: 0.3864358878709768 sec
2026-06-24 23:30:23,212 - mazeUtils.moveTile - [moveTile.py:1763] - DEBUG - moveTile loop time: 52.0 ms
2026-06-24 23:30:23,219 - picamera2.picamera2 - [picamera2.py:1391] - DEBUG - Execute job: <picamera2.job.Job object at 0x7fa208e490>
2026-06-24 23:30:23,226 - mazeUtils.device.camera - [camera.py:39] - DEBUG - Average HSV: H=116.0, S=120.1, V=187.7
2026-06-24 23:30:23,262 - mazeUtils.moveTile - [moveTile.py:79] - DEBUG - roll: 0.09000000000003183 deg, practicalMoveTime: 0.43643596894319076 sec
2026-06-24 23:30:23,263 - mazeUtils.moveTile - [moveTile.py:1763] - DEBUG - moveTile loop time: 49.6 ms
2026-06-24 23:30:23,268 - picamera2.picamera2 - [picamera2.py:1391] - DEBUG - Execute job: <picamera2.job.Job object at 0x7f77d93210>
2026-06-24 23:30:23,276 - mazeUtils.device.camera - [camera.py:39] - DEBUG - Average HSV: H=116.0, S=120.8, V=188.8
2026-06-24 23:30:23,316 - mazeUtils.moveTile - [moveTile.py:79] - DEBUG - roll: 359.26 deg, practicalMoveTime: 0.48964340654665445 sec
2026-06-24 23:30:23,318 - mazeUtils.moveTile - [moveTile.py:1763] - DEBUG - moveTile loop time: 54.2 ms
2026-06-24 23:30:23,323 - picamera2.picamera2 - [picamera2.py:1391] - DEBUG - Execute job: <picamera2.job.Job object at 0x7fa208e490>
2026-06-24 23:30:23,332 - mazeUtils.device.camera - [camera.py:39] - DEBUG - Average HSV: H=116.0, S=121.0, V=190.1
2026-06-24 23:30:23,366 - mazeUtils.moveTile - [moveTile.py:79] - DEBUG - roll: 359.42 deg, practicalMoveTime: 0.5382004797050485 sec
2026-06-24 23:30:23,367 - mazeUtils.moveTile - [moveTile.py:1763] - DEBUG - moveTile loop time: 48.6 ms
2026-06-24 23:30:23,376 - picamera2.picamera2 - [picamera2.py:1391] - DEBUG - Execute job: <picamera2.job.Job object at 0x7f8a3e7350>
2026-06-24 23:30:23,385 - mazeUtils.device.camera - [camera.py:39] - DEBUG - Average HSV: H=115.7, S=120.3, V=194.5
2026-06-24 23:30:23,419 - mazeUtils.moveTile - [moveTile.py:79] - DEBUG - roll: 2.0300000000000296 deg, practicalMoveTime: 0.589871651034058 sec
2026-06-24 23:30:23,421 - mazeUtils.moveTile - [moveTile.py:1763] - DEBUG - moveTile loop time: 52.9 ms
2026-06-24 23:30:23,436 - picamera2.picamera2 - [picamera2.py:1391] - DEBUG - Execute job: <picamera2.job.Job object at 0x7f890be150>
2026-06-24 23:30:23,445 - mazeUtils.device.camera - [camera.py:39] - DEBUG - Average HSV: H=115.9, S=122.7, V=196.3
2026-06-24 23:30:23,481 - mazeUtils.moveTile - [moveTile.py:79] - DEBUG - roll: 4.430000000000007 deg, practicalMoveTime: 0.6503554263309288 sec
2026-06-24 23:30:23,482 - mazeUtils.moveTile - [moveTile.py:1763] - DEBUG - moveTile loop time: 60.2 ms
2026-06-24 23:30:23,491 - picamera2.picamera2 - [picamera2.py:1391] - DEBUG - Execute job: <picamera2.job.Job object at 0x7fa4c6a510>
2026-06-24 23:30:23,498 - mazeUtils.device.camera - [camera.py:39] - DEBUG - Average HSV: H=116.7, S=102.8, V=202.4
2026-06-24 23:30:23,538 - mazeUtils.moveTile - [moveTile.py:79] - DEBUG - roll: 5.25 deg, practicalMoveTime: 0.7052361038108974 sec
2026-06-24 23:30:23,539 - mazeUtils.moveTile - [moveTile.py:1763] - DEBUG - moveTile loop time: 55.0 ms
2026-06-24 23:30:23,544 - picamera2.picamera2 - [picamera2.py:1391] - DEBUG - Execute job: <picamera2.job.Job object at 0x7fac1a1d10>
2026-06-24 23:30:23,556 - mazeUtils.device.camera - [camera.py:39] - DEBUG - Average HSV: H=116.6, S=99.7, V=207.0
2026-06-24 23:30:23,601 - mazeUtils.moveTile - [moveTile.py:79] - DEBUG - roll: 6.610000000000014 deg, practicalMoveTime: 0.754235351622963 sec
2026-06-24 23:30:23,602 - mazeUtils.moveTile - [moveTile.py:1763] - DEBUG - moveTile loop time: 61.7 ms
2026-06-24 23:30:23,610 - picamera2.picamera2 - [picamera2.py:1391] - DEBUG - Execute job: <picamera2.job.Job object at 0x7f8a3e70d0>
2026-06-24 23:30:23,618 - mazeUtils.device.camera - [camera.py:39] - DEBUG - Average HSV: H=116.3, S=109.1, V=201.4
2026-06-24 23:30:23,658 - mazeUtils.moveTile - [moveTile.py:79] - DEBUG - roll: 7.360000000000014 deg, practicalMoveTime: 0.7988260927805471 sec
2026-06-24 23:30:23,660 - mazeUtils.moveTile - [moveTile.py:1763] - DEBUG - moveTile loop time: 57.5 ms
2026-06-24 23:30:23,669 - picamera2.picamera2 - [picamera2.py:1391] - DEBUG - Execute job: <picamera2.job.Job object at 0x7fa208e490>
2026-06-24 23:30:23,676 - mazeUtils.device.camera - [camera.py:39] - DEBUG - Average HSV: H=116.3, S=130.2, V=184.6
2026-06-24 23:30:23,716 - mazeUtils.moveTile - [moveTile.py:79] - DEBUG - roll: 7.8799999999999955 deg, practicalMoveTime: 0.8430706293380954 sec
2026-06-24 23:30:23,717 - mazeUtils.moveTile - [moveTile.py:1763] - DEBUG - moveTile loop time: 55.3 ms
2026-06-24 23:30:23,727 - picamera2.picamera2 - [picamera2.py:1391] - DEBUG - Execute job: <picamera2.job.Job object at 0x7fa4c6a510>
2026-06-24 23:30:23,734 - mazeUtils.device.camera - [camera.py:39] - DEBUG - Average HSV: H=116.0, S=121.1, V=199.6
2026-06-24 23:30:23,778 - mazeUtils.moveTile - [moveTile.py:1636] - INFO - practicalVerticalMove: 1.1525852477116056 CM
2026-06-24 23:30:23,826 - mazeUtils.moveTile - [moveTile.py:1959] - INFO - Set moved vertical distance: 1.1525852477116056 cm, past distances: [(1.3148045861756135, False), (0, False), (0, False)]
2026-06-24 23:30:23,981 - mazeUtils.moveTile - [moveTile.py:552] - DEBUG - Direction: absDirection.NORTH, Angle: 180, Distance: 30.898080381409716 cm
2026-06-24 23:30:23,983 - mazeUtils.moveTile - [moveTile.py:552] - DEBUG - Direction: absDirection.EAST, Angle: 90, Distance: 99.00902632307324 cm
2026-06-24 23:30:23,984 - mazeUtils.moveTile - [moveTile.py:552] - DEBUG - Direction: absDirection.SOUTH, Angle: 0, Distance: 100.41212695255832 cm
2026-06-24 23:30:23,984 - mazeUtils.moveTile - [moveTile.py:574] - DEBUG - Front LiDAR distance: 100.41212695255832 cm, TSD10 distance: 18.4 cm
2026-06-24 23:30:23,985 - mazeUtils.moveTile - [moveTile.py:552] - DEBUG - Direction: absDirection.WEST, Angle: 270, Distance: 49.81550905046989 cm
2026-06-24 23:30:23,989 - mazeUtils.moveTile - [moveTile.py:2119] - INFO - Tile color detection, decided tile type: E
2026-06-24 23:30:24,055 - __main__ - [main.py:170] - INFO - Program interrupted by user.
2026-06-24 23:30:25,148 - picamera2.picamera2 - [picamera2.py:1391] - DEBUG - Execute job: <picamera2.job.Job object at 0x7fb86164d0>
2026-06-24 23:30:25,165 - picamera2.picamera2 - [picamera2.py:1323] - INFO - Camera stopped
2026-06-24 23:30:25,367 - picamera2.picamera2 - [picamera2.py:1329] - DEBUG - Camera was not started
2026-06-24 23:30:25,568 - picamera2.picamera2 - [picamera2.py:723] - INFO - Camera closed successfully.
2026-06-24 23:30:25,820 - picamera2.picamera2 - [picamera2.py:500] - DEBUG - Resources now free: <picamera2.picamera2.Picamera2 object at 0x7fa4be7590>
