2026-06-26 03:51:25,911 - root - [logging_config.py:61] - INFO - Logging initialized. Log file: /home/tuton/Kanto2026RPi/src/config/../logs/robot_20260626_035121.log
2026-06-26 03:51:27,840 - mazeUtils.device.LiDAR - [LiDAR.py:78] - INFO - Available ports: <ydlidar.Str2strMap; proxy of <Swig Object of type 'std::map< std::string,std::string > *' at 0x7fa85c7e40> >
2026-06-26 03:51:31,779 - mazeUtils.moveTile - [moveTile.py:549] - DEBUG - overwrite the wall data
2026-06-26 03:51:31,804 - mazeUtils.moveTile - [moveTile.py:563] - DEBUG - Direction: absDirection.NORTH, Angle: 0, Distance: 173.17361774979395 cm
2026-06-26 03:51:31,807 - mazeUtils.moveTile - [moveTile.py:570] - INFO - angle: 0, result: judgeWallResult.NO_WALL
2026-06-26 03:51:31,810 - mazeUtils.moveTile - [moveTile.py:563] - DEBUG - Direction: absDirection.EAST, Angle: 270, Distance: 15.845991878155045 cm
2026-06-26 03:51:31,812 - mazeUtils.moveTile - [moveTile.py:563] - DEBUG - Direction: absDirection.SOUTH, Angle: 180, Distance: 16.980175209829937 cm
2026-06-26 03:51:31,814 - mazeUtils.moveTile - [moveTile.py:563] - DEBUG - Direction: absDirection.WEST, Angle: 90, Distance: 18.362103805364455 cm
2026-06-26 03:51:31,816 - __main__ - [main.py:68] - INFO - Initial Map:
2026-06-26 03:51:31,862 - __main__ - [main.py:69] - INFO - Current position: (20, 20, 0), front direction: absDirection.NORTH
Layer 0 (altitude=0.0cm, offset=(0.0cm, 0.0cm)):
Known map area: x=20..20, y=20..20
+   +
| @ |
+---+
mazeAsGraph[0][20][20] = {absDirection.NORTH: (20, 19, 0, 30), absDirection.EAST: None, absDirection.SOUTH: None, absDirection.WEST: None}
2026-06-26 03:51:32,910 - mazeUtils.mazeMap - [mazeMap.py:61] - INFO - next goal: (20, 19, 0)
2026-06-26 03:51:32,912 - __main__ - [main.py:73] - INFO - Next Direction: [<absDirection.NORTH: 0>]
2026-06-26 03:51:32,913 - __main__ - [main.py:74] - INFO - Exploration started.
2026-06-26 03:51:32,914 - mazeUtils.mazeMap - [mazeMap.py:61] - INFO - next goal: (20, 20, 0)
2026-06-26 03:51:32,915 - mazeUtils.moveTile - [moveTile.py:88] - DEBUG - [2507.903609] moveTile start direction=absDirection.NORTH position=(20, 20, 0) front=absDirection.NORTH
2026-06-26 03:51:32,921 - mazeUtils.moveTile - [moveTile.py:90] - DEBUG - [2507.909094] moveTile after initial toggle check (+5.5 ms)
2026-06-26 03:51:32,928 - mazeUtils.moveTile - [moveTile.py:90] - DEBUG - [2507.916405] moveTile after tile checks isRedTile=False isUnknownTileAhead=True (+7.3 ms)
2026-06-26 03:51:32,929 - mazeUtils.moveTile - [moveTile.py:79] - DEBUG - Moving to absDirection.NORTH from (20, 20, 0) facing absDirection.NORTH
2026-06-26 03:51:32,930 - mazeUtils.moveTile - [moveTile.py:90] - DEBUG - [2507.917793] moveTile start heading change target=0 (+1.4 ms)
2026-06-26 03:51:32,955 - mazeUtils.moveTile - [moveTile.py:79] - DEBUG - current heading: 0.07999999999998408 target: 0
2026-06-26 03:51:32,981 - mazeUtils.moveTile - [moveTile.py:435] - DEBUG - stopped turning at heading: 0.07999999999998408, diff: 0.07999999999998408
2026-06-26 03:51:33,032 - mazeUtils.moveTile - [moveTile.py:79] - DEBUG - Turned to heading: 0.06999999999999318 deg
2026-06-26 03:51:33,033 - mazeUtils.moveTile - [moveTile.py:90] - DEBUG - [2508.021095] moveTile finished heading change (+103.3 ms)
2026-06-26 03:51:33,034 - mazeUtils.moveTile - [moveTile.py:90] - DEBUG - [2508.022029] moveTile updated front direction (+0.9 ms)
2026-06-26 03:51:33,055 - mazeUtils.moveTile - [moveTile.py:90] - DEBUG - [2508.043239] moveTile stopped motors before alignment (+21.2 ms)
2026-06-26 03:51:33,211 - mazeUtils.moveTile - [moveTile.py:563] - DEBUG - Direction: absDirection.NORTH, Angle: 0, Distance: 167.39796352569854 cm
2026-06-26 03:51:33,214 - mazeUtils.moveTile - [moveTile.py:563] - DEBUG - Direction: absDirection.EAST, Angle: 270, Distance: 15.718791505948033 cm
2026-06-26 03:51:33,216 - mazeUtils.moveTile - [moveTile.py:563] - DEBUG - Direction: absDirection.SOUTH, Angle: 180, Distance: 16.856601377399205 cm
2026-06-26 03:51:33,217 - mazeUtils.moveTile - [moveTile.py:563] - DEBUG - Direction: absDirection.WEST, Angle: 90, Distance: 18.38917414752815 cm
2026-06-26 03:51:33,218 - mazeUtils.moveTile - [moveTile.py:90] - DEBUG - [2508.206605] moveTile start backward adjustment behind_wall_dist=16.856601377399205 (+163.4 ms)
2026-06-26 03:51:33,240 - mazeUtils.moveTile - [moveTile.py:79] - DEBUG - Little backward to adjust position
2026-06-26 03:51:33,563 - mazeUtils.moveTile - [moveTile.py:90] - DEBUG - [2508.551114] moveTile finished backward adjustment (+344.5 ms)
2026-06-26 03:51:33,584 - mazeUtils.moveTile - [moveTile.py:90] - DEBUG - [2508.572098] moveTile ready for forward move (+21.0 ms)
2026-06-26 03:51:33,683 - mazeUtils.moveTile - [moveTile.py:90] - DEBUG - [2508.671672] moveTile initialized movement targetSteps=1 (+99.6 ms)
2026-06-26 03:51:33,685 - mazeUtils.moveTile - [moveTile.py:90] - DEBUG - [2508.673122] moveTile loop start (+1.4 ms)
2026-06-26 03:51:33,690 - picamera2.picamera2 - [picamera2.py:1391] - DEBUG - Execute job: <picamera2.job.Job object at 0x7f81ff9dd0>
2026-06-26 03:51:33,706 - mazeUtils.device.camera - [camera.py:39] - DEBUG - Average HSV: H=139.1, S=23.1, V=216.9
2026-06-26 03:51:33,716 - mazeUtils.moveTile - [moveTile.py:90] - DEBUG - [2508.703792] moveTile calculated motor speeds left=91 right=100 gyroSteer=-1.599999999999909 wallSteer=-6.800000000000001 (+30.7 ms)
2026-06-26 03:51:33,736 - mazeUtils.moveTile - [moveTile.py:90] - DEBUG - [2508.723878] moveTile applied motor speed left=91 right=100 (+20.1 ms)
2026-06-26 03:51:33,737 - mazeUtils.moveTile - [moveTile.py:90] - DEBUG - [2508.724981] moveTile ramp check isBigRamp=False (+1.1 ms)
2026-06-26 03:51:33,741 - mazeUtils.moveTile - [moveTile.py:90] - DEBUG - [2508.729332] moveTile tile color check tempTileColor=E (+4.4 ms)
2026-06-26 03:51:33,743 - mazeUtils.moveTile - [moveTile.py:90] - DEBUG - [2508.730897] moveTile obstacle check escapeFlag=False (+1.6 ms)
2026-06-26 03:51:33,750 - mazeUtils.moveTile - [moveTile.py:79] - DEBUG - roll: 358.36 deg, practicalMoveTime: 0.06637626196564614 sec
2026-06-26 03:51:33,751 - mazeUtils.moveTile - [moveTile.py:1907] - DEBUG - moveTile loop time: 66.0 ms
2026-06-26 03:51:33,751 - mazeUtils.moveTile - [moveTile.py:90] - DEBUG - [2508.739817] moveTile loop end practicalMoveTime=0.066 (+8.9 ms)
2026-06-26 03:51:33,752 - mazeUtils.moveTile - [moveTile.py:90] - DEBUG - [2508.740416] moveTile loop start (+0.6 ms)
2026-06-26 03:51:33,758 - picamera2.picamera2 - [picamera2.py:1391] - DEBUG - Execute job: <picamera2.job.Job object at 0x7f606f4dd0>
2026-06-26 03:51:33,769 - mazeUtils.device.camera - [camera.py:39] - DEBUG - Average HSV: H=141.2, S=20.9, V=218.7
2026-06-26 03:51:33,776 - mazeUtils.moveTile - [moveTile.py:90] - DEBUG - [2508.764554] moveTile calculated motor speeds left=93 right=100 gyroSteer=0.20000000000004547 wallSteer=-7.199999999999999 (+24.1 ms)
2026-06-26 03:51:33,799 - mazeUtils.moveTile - [moveTile.py:90] - DEBUG - [2508.787019] moveTile applied motor speed left=93 right=100 (+22.5 ms)
2026-06-26 03:51:33,799 - mazeUtils.moveTile - [moveTile.py:90] - DEBUG - [2508.787748] moveTile ramp check isBigRamp=False (+0.7 ms)
2026-06-26 03:51:33,803 - mazeUtils.moveTile - [moveTile.py:90] - DEBUG - [2508.791330] moveTile tile color check tempTileColor=E (+3.6 ms)
2026-06-26 03:51:33,804 - mazeUtils.moveTile - [moveTile.py:90] - DEBUG - [2508.792204] moveTile obstacle check escapeFlag=False (+0.9 ms)
2026-06-26 03:51:33,811 - mazeUtils.moveTile - [moveTile.py:79] - DEBUG - roll: 359.12 deg, practicalMoveTime: 0.12598415871545854 sec
2026-06-26 03:51:33,811 - mazeUtils.moveTile - [moveTile.py:1907] - DEBUG - moveTile loop time: 59.3 ms
2026-06-26 03:51:33,812 - mazeUtils.moveTile - [moveTile.py:90] - DEBUG - [2508.800558] moveTile loop end practicalMoveTime=0.126 (+8.4 ms)
2026-06-26 03:51:33,813 - mazeUtils.moveTile - [moveTile.py:90] - DEBUG - [2508.801313] moveTile loop start (+0.8 ms)
2026-06-26 03:51:33,821 - picamera2.picamera2 - [picamera2.py:1391] - DEBUG - Execute job: <picamera2.job.Job object at 0x7f99bbefd0>
2026-06-26 03:51:33,828 - mazeUtils.device.camera - [camera.py:39] - DEBUG - Average HSV: H=142.6, S=20.2, V=218.3
2026-06-26 03:51:33,839 - mazeUtils.moveTile - [moveTile.py:90] - DEBUG - [2508.827374] moveTile calculated motor speeds left=100 right=98 gyroSteer=7.960000000000036 wallSteer=-6.0 (+26.1 ms)
2026-06-26 03:51:33,867 - mazeUtils.moveTile - [moveTile.py:90] - DEBUG - [2508.855707] moveTile applied motor speed left=100 right=98 (+28.3 ms)
2026-06-26 03:51:33,868 - mazeUtils.moveTile - [moveTile.py:90] - DEBUG - [2508.856512] moveTile ramp check isBigRamp=False (+0.8 ms)
2026-06-26 03:51:33,872 - mazeUtils.moveTile - [moveTile.py:90] - DEBUG - [2508.860595] moveTile tile color check tempTileColor=E (+4.1 ms)
2026-06-26 03:51:33,873 - mazeUtils.moveTile - [moveTile.py:90] - DEBUG - [2508.861672] moveTile obstacle check escapeFlag=False (+1.1 ms)
2026-06-26 03:51:33,880 - mazeUtils.moveTile - [moveTile.py:79] - DEBUG - roll: 358.44 deg, practicalMoveTime: 0.19457456575877563 sec
2026-06-26 03:51:33,881 - mazeUtils.moveTile - [moveTile.py:1907] - DEBUG - moveTile loop time: 67.9 ms
2026-06-26 03:51:33,881 - mazeUtils.moveTile - [moveTile.py:90] - DEBUG - [2508.869734] moveTile loop end practicalMoveTime=0.195 (+8.1 ms)
2026-06-26 03:51:33,882 - mazeUtils.moveTile - [moveTile.py:90] - DEBUG - [2508.870138] moveTile loop start (+0.4 ms)
2026-06-26 03:51:33,889 - picamera2.picamera2 - [picamera2.py:1391] - DEBUG - Execute job: <picamera2.job.Job object at 0x7f99933c10>
2026-06-26 03:51:33,897 - mazeUtils.device.camera - [camera.py:39] - DEBUG - Average HSV: H=145.9, S=19.9, V=217.4
2026-06-26 03:51:33,903 - mazeUtils.moveTile - [moveTile.py:90] - DEBUG - [2508.890873] moveTile calculated motor speeds left=100 right=96 gyroSteer=9.039999999999964 wallSteer=-5.200000000000003 (+20.7 ms)
2026-06-26 03:51:33,922 - mazeUtils.moveTile - [moveTile.py:90] - DEBUG - [2508.910033] moveTile applied motor speed left=100 right=96 (+19.2 ms)
2026-06-26 03:51:33,922 - mazeUtils.moveTile - [moveTile.py:90] - DEBUG - [2508.910791] moveTile ramp check isBigRamp=False (+0.8 ms)
2026-06-26 03:51:33,926 - mazeUtils.moveTile - [moveTile.py:90] - DEBUG - [2508.914659] moveTile tile color check tempTileColor=E (+3.9 ms)
2026-06-26 03:51:33,927 - mazeUtils.moveTile - [moveTile.py:90] - DEBUG - [2508.915273] moveTile obstacle check escapeFlag=False (+0.6 ms)
2026-06-26 03:51:33,933 - mazeUtils.moveTile - [moveTile.py:79] - DEBUG - roll: 358.46 deg, practicalMoveTime: 0.24612550507886016 sec
2026-06-26 03:51:33,934 - mazeUtils.moveTile - [moveTile.py:1907] - DEBUG - moveTile loop time: 51.7 ms
2026-06-26 03:51:33,934 - mazeUtils.moveTile - [moveTile.py:90] - DEBUG - [2508.922800] moveTile loop end practicalMoveTime=0.246 (+7.5 ms)
2026-06-26 03:51:33,935 - mazeUtils.moveTile - [moveTile.py:90] - DEBUG - [2508.923385] moveTile loop start (+0.6 ms)
2026-06-26 03:51:33,941 - picamera2.picamera2 - [picamera2.py:1391] - DEBUG - Execute job: <picamera2.job.Job object at 0x7f80f647d0>
2026-06-26 03:51:33,948 - mazeUtils.device.camera - [camera.py:39] - DEBUG - Average HSV: H=153.0, S=18.9, V=216.1
2026-06-26 03:51:33,953 - mazeUtils.moveTile - [moveTile.py:90] - DEBUG - [2508.941736] moveTile calculated motor speeds left=100 right=90 gyroSteer=13.920000000000073 wallSteer=-4.399999999999999 (+18.4 ms)
2026-06-26 03:51:33,974 - mazeUtils.moveTile - [moveTile.py:90] - DEBUG - [2508.962171] moveTile applied motor speed left=100 right=90 (+20.4 ms)
2026-06-26 03:51:33,975 - mazeUtils.moveTile - [moveTile.py:90] - DEBUG - [2508.962927] moveTile ramp check isBigRamp=False (+0.8 ms)
2026-06-26 03:51:33,978 - mazeUtils.moveTile - [moveTile.py:90] - DEBUG - [2508.966758] moveTile tile color check tempTileColor=E (+3.8 ms)
2026-06-26 03:51:33,980 - mazeUtils.moveTile - [moveTile.py:90] - DEBUG - [2508.968288] moveTile obstacle check escapeFlag=False (+1.5 ms)
2026-06-26 03:51:33,987 - mazeUtils.moveTile - [moveTile.py:79] - DEBUG - roll: 358.36 deg, practicalMoveTime: 0.29898016126373306 sec
2026-06-26 03:51:33,987 - mazeUtils.moveTile - [moveTile.py:1907] - DEBUG - moveTile loop time: 52.2 ms
2026-06-26 03:51:33,988 - mazeUtils.moveTile - [moveTile.py:90] - DEBUG - [2508.976205] moveTile loop end practicalMoveTime=0.299 (+7.9 ms)
2026-06-26 03:51:33,989 - mazeUtils.moveTile - [moveTile.py:90] - DEBUG - [2508.976665] moveTile loop start (+0.5 ms)
2026-06-26 03:51:33,996 - picamera2.picamera2 - [picamera2.py:1391] - DEBUG - Execute job: <picamera2.job.Job object at 0x7f9a022310>
2026-06-26 03:51:34,003 - mazeUtils.device.camera - [camera.py:39] - DEBUG - Average HSV: H=151.4, S=18.0, V=216.4
2026-06-26 03:51:34,016 - mazeUtils.moveTile - [moveTile.py:90] - DEBUG - [2509.004186] moveTile calculated motor speeds left=100 right=94 gyroSteer=9.440000000000055 wallSteer=-3.599999999999998 (+27.5 ms)
2026-06-26 03:51:34,041 - mazeUtils.moveTile - [moveTile.py:90] - DEBUG - [2509.029147] moveTile applied motor speed left=100 right=94 (+25.0 ms)
2026-06-26 03:51:34,042 - mazeUtils.moveTile - [moveTile.py:90] - DEBUG - [2509.029884] moveTile ramp check isBigRamp=False (+0.7 ms)
2026-06-26 03:51:34,046 - mazeUtils.moveTile - [moveTile.py:90] - DEBUG - [2509.034572] moveTile tile color check tempTileColor=E (+4.7 ms)
2026-06-26 03:51:34,047 - mazeUtils.moveTile - [moveTile.py:90] - DEBUG - [2509.035178] moveTile obstacle check escapeFlag=False (+0.6 ms)
2026-06-26 03:51:34,054 - mazeUtils.moveTile - [moveTile.py:79] - DEBUG - roll: 359.77 deg, practicalMoveTime: 0.3651984396971262 sec
2026-06-26 03:51:34,054 - mazeUtils.moveTile - [moveTile.py:1907] - DEBUG - moveTile loop time: 66.0 ms
2026-06-26 03:51:34,055 - mazeUtils.moveTile - [moveTile.py:90] - DEBUG - [2509.043262] moveTile loop end practicalMoveTime=0.365 (+8.1 ms)
2026-06-26 03:51:34,055 - mazeUtils.moveTile - [moveTile.py:90] - DEBUG - [2509.043659] moveTile loop start (+0.4 ms)
2026-06-26 03:51:34,065 - picamera2.picamera2 - [picamera2.py:1391] - DEBUG - Execute job: <picamera2.job.Job object at 0x7f80f647d0>
2026-06-26 03:51:34,071 - mazeUtils.device.camera - [camera.py:39] - DEBUG - Average HSV: H=157.4, S=18.8, V=216.8
2026-06-26 03:51:34,079 - mazeUtils.moveTile - [moveTile.py:90] - DEBUG - [2509.067316] moveTile calculated motor speeds left=100 right=89 gyroSteer=13.840000000000146 wallSteer=-3.1999999999999993 (+23.7 ms)
2026-06-26 03:51:34,100 - mazeUtils.moveTile - [moveTile.py:90] - DEBUG - [2509.088358] moveTile applied motor speed left=100 right=89 (+21.0 ms)
2026-06-26 03:51:34,101 - mazeUtils.moveTile - [moveTile.py:90] - DEBUG - [2509.089071] moveTile ramp check isBigRamp=False (+0.7 ms)
2026-06-26 03:51:34,106 - mazeUtils.moveTile - [moveTile.py:90] - DEBUG - [2509.094083] moveTile tile color check tempTileColor=E (+5.0 ms)
2026-06-26 03:51:34,107 - mazeUtils.moveTile - [moveTile.py:90] - DEBUG - [2509.094907] moveTile obstacle check escapeFlag=False (+0.8 ms)
2026-06-26 03:51:34,114 - mazeUtils.moveTile - [moveTile.py:79] - DEBUG - roll: 358.40999999999997 deg, practicalMoveTime: 0.42507797744615067 sec
2026-06-26 03:51:34,115 - mazeUtils.moveTile - [moveTile.py:1907] - DEBUG - moveTile loop time: 59.8 ms
2026-06-26 03:51:34,116 - mazeUtils.moveTile - [moveTile.py:90] - DEBUG - [2509.103991] moveTile loop end practicalMoveTime=0.425 (+9.1 ms)
2026-06-26 03:51:34,116 - mazeUtils.moveTile - [moveTile.py:90] - DEBUG - [2509.104504] moveTile loop start (+0.5 ms)
2026-06-26 03:51:34,122 - picamera2.picamera2 - [picamera2.py:1391] - DEBUG - Execute job: <picamera2.job.Job object at 0x7f60ce0110>
2026-06-26 03:51:34,128 - mazeUtils.device.camera - [camera.py:39] - DEBUG - Average HSV: H=155.9, S=17.8, V=217.9
2026-06-26 03:51:34,135 - mazeUtils.moveTile - [moveTile.py:90] - DEBUG - [2509.123722] moveTile calculated motor speeds left=100 right=93 gyroSteer=9.360000000000127 wallSteer=-2.3999999999999986 (+19.2 ms)
2026-06-26 03:51:34,160 - mazeUtils.moveTile - [moveTile.py:90] - DEBUG - [2509.148522] moveTile applied motor speed left=100 right=93 (+24.8 ms)
2026-06-26 03:51:34,161 - mazeUtils.moveTile - [moveTile.py:90] - DEBUG - [2509.149299] moveTile ramp check isBigRamp=False (+0.8 ms)
2026-06-26 03:51:34,166 - mazeUtils.moveTile - [moveTile.py:90] - DEBUG - [2509.154252] moveTile tile color check tempTileColor=E (+5.0 ms)
2026-06-26 03:51:34,167 - mazeUtils.moveTile - [moveTile.py:90] - DEBUG - [2509.155334] moveTile obstacle check escapeFlag=False (+1.1 ms)
2026-06-26 03:51:34,173 - mazeUtils.moveTile - [moveTile.py:79] - DEBUG - roll: 359.57 deg, practicalMoveTime: 0.4828394210664577 sec
2026-06-26 03:51:34,174 - mazeUtils.moveTile - [moveTile.py:1907] - DEBUG - moveTile loop time: 58.0 ms
2026-06-26 03:51:34,175 - mazeUtils.moveTile - [moveTile.py:90] - DEBUG - [2509.163101] moveTile loop end practicalMoveTime=0.483 (+7.8 ms)
2026-06-26 03:51:34,175 - mazeUtils.moveTile - [moveTile.py:90] - DEBUG - [2509.163498] moveTile loop start (+0.4 ms)
2026-06-26 03:51:34,182 - picamera2.picamera2 - [picamera2.py:1391] - DEBUG - Execute job: <picamera2.job.Job object at 0x7f99bbefd0>
2026-06-26 03:51:34,188 - mazeUtils.device.camera - [camera.py:39] - DEBUG - Average HSV: H=156.2, S=17.2, V=219.9
2026-06-26 03:51:34,195 - mazeUtils.moveTile - [moveTile.py:90] - DEBUG - [2509.183722] moveTile calculated motor speeds left=100 right=84 gyroSteer=14.440000000000055 wallSteer=1.1999999999999993 (+20.2 ms)
2026-06-26 03:51:34,215 - mazeUtils.moveTile - [moveTile.py:90] - DEBUG - [2509.203188] moveTile applied motor speed left=100 right=84 (+19.5 ms)
2026-06-26 03:51:34,216 - mazeUtils.moveTile - [moveTile.py:90] - DEBUG - [2509.204079] moveTile ramp check isBigRamp=False (+0.9 ms)
2026-06-26 03:51:34,220 - mazeUtils.moveTile - [moveTile.py:90] - DEBUG - [2509.208510] moveTile tile color check tempTileColor=E (+4.4 ms)
2026-06-26 03:51:34,221 - mazeUtils.moveTile - [moveTile.py:90] - DEBUG - [2509.209346] moveTile obstacle check escapeFlag=False (+0.8 ms)
2026-06-26 03:51:34,229 - mazeUtils.moveTile - [moveTile.py:79] - DEBUG - roll: 359.32 deg, practicalMoveTime: 0.5377118014505885 sec
2026-06-26 03:51:34,230 - mazeUtils.moveTile - [moveTile.py:1907] - DEBUG - moveTile loop time: 54.9 ms
2026-06-26 03:51:34,231 - mazeUtils.moveTile - [moveTile.py:90] - DEBUG - [2509.219013] moveTile loop end practicalMoveTime=0.538 (+9.7 ms)
2026-06-26 03:51:34,231 - mazeUtils.moveTile - [moveTile.py:90] - DEBUG - [2509.219434] moveTile loop start (+0.4 ms)
2026-06-26 03:51:34,239 - picamera2.picamera2 - [picamera2.py:1391] - DEBUG - Execute job: <picamera2.job.Job object at 0x7f907fbd90>
2026-06-26 03:51:34,248 - mazeUtils.device.camera - [camera.py:39] - DEBUG - Average HSV: H=150.7, S=16.3, V=220.2
2026-06-26 03:51:34,254 - mazeUtils.moveTile - [moveTile.py:90] - DEBUG - [2509.242024] moveTile calculated motor speeds left=100 right=87 gyroSteer=11.6400000000001 wallSteer=0.8000000000000007 (+22.6 ms)
2026-06-26 03:51:34,274 - mazeUtils.moveTile - [moveTile.py:90] - DEBUG - [2509.261785] moveTile applied motor speed left=100 right=87 (+19.8 ms)
2026-06-26 03:51:34,274 - mazeUtils.moveTile - [moveTile.py:90] - DEBUG - [2509.262482] moveTile ramp check isBigRamp=False (+0.7 ms)
2026-06-26 03:51:34,278 - mazeUtils.moveTile - [moveTile.py:90] - DEBUG - [2509.266141] moveTile tile color check tempTileColor=E (+3.7 ms)
2026-06-26 03:51:34,279 - mazeUtils.moveTile - [moveTile.py:90] - DEBUG - [2509.267476] moveTile obstacle check escapeFlag=False (+1.3 ms)
2026-06-26 03:51:34,286 - mazeUtils.moveTile - [moveTile.py:79] - DEBUG - roll: 359.13 deg, practicalMoveTime: 0.5930452251198364 sec
2026-06-26 03:51:34,287 - mazeUtils.moveTile - [moveTile.py:1907] - DEBUG - moveTile loop time: 55.5 ms
2026-06-26 03:51:34,287 - mazeUtils.moveTile - [moveTile.py:90] - DEBUG - [2509.275651] moveTile loop end practicalMoveTime=0.593 (+8.2 ms)
2026-06-26 03:51:34,288 - mazeUtils.moveTile - [moveTile.py:90] - DEBUG - [2509.276319] moveTile loop start (+0.7 ms)
2026-06-26 03:51:34,293 - picamera2.picamera2 - [picamera2.py:1391] - DEBUG - Execute job: <picamera2.job.Job object at 0x7f80f647d0>
2026-06-26 03:51:34,300 - mazeUtils.device.camera - [camera.py:39] - DEBUG - Average HSV: H=151.0, S=16.3, V=222.4
2026-06-26 03:51:34,310 - mazeUtils.moveTile - [moveTile.py:90] - DEBUG - [2509.297883] moveTile calculated motor speeds left=100 right=85 gyroSteer=13.680000000000064 wallSteer=0.3999999999999986 (+21.6 ms)
2026-06-26 03:51:34,331 - mazeUtils.moveTile - [moveTile.py:90] - DEBUG - [2509.318855] moveTile applied motor speed left=100 right=85 (+21.0 ms)
2026-06-26 03:51:34,331 - mazeUtils.moveTile - [moveTile.py:90] - DEBUG - [2509.319808] moveTile ramp check isBigRamp=False (+1.0 ms)
2026-06-26 03:51:34,336 - mazeUtils.moveTile - [moveTile.py:90] - DEBUG - [2509.324113] moveTile tile color check tempTileColor=E (+4.3 ms)
2026-06-26 03:51:34,337 - mazeUtils.moveTile - [moveTile.py:90] - DEBUG - [2509.325545] moveTile obstacle check escapeFlag=False (+1.4 ms)
2026-06-26 03:51:34,344 - mazeUtils.moveTile - [moveTile.py:79] - DEBUG - roll: 359.62 deg, practicalMoveTime: 0.6507013762557994 sec
2026-06-26 03:51:34,346 - mazeUtils.moveTile - [moveTile.py:1907] - DEBUG - moveTile loop time: 57.6 ms
2026-06-26 03:51:34,346 - mazeUtils.moveTile - [moveTile.py:90] - DEBUG - [2509.334566] moveTile loop end practicalMoveTime=0.651 (+9.0 ms)
2026-06-26 03:51:34,347 - mazeUtils.moveTile - [moveTile.py:90] - DEBUG - [2509.335155] moveTile loop start (+0.6 ms)
2026-06-26 03:51:34,352 - picamera2.picamera2 - [picamera2.py:1391] - DEBUG - Execute job: <picamera2.job.Job object at 0x7f60ce0110>
2026-06-26 03:51:34,358 - mazeUtils.device.camera - [camera.py:39] - DEBUG - Average HSV: H=150.7, S=15.9, V=222.0
2026-06-26 03:51:34,366 - mazeUtils.moveTile - [moveTile.py:90] - DEBUG - [2509.354577] moveTile calculated motor speeds left=100 right=89 gyroSteer=12.160000000000082 wallSteer=-1.1999999999999993 (+19.4 ms)
2026-06-26 03:51:34,387 - mazeUtils.moveTile - [moveTile.py:90] - DEBUG - [2509.375773] moveTile applied motor speed left=100 right=89 (+21.2 ms)
2026-06-26 03:51:34,388 - mazeUtils.moveTile - [moveTile.py:90] - DEBUG - [2509.376606] moveTile ramp check isBigRamp=False (+0.8 ms)
2026-06-26 03:51:34,394 - mazeUtils.moveTile - [moveTile.py:90] - DEBUG - [2509.382168] moveTile tile color check tempTileColor=E (+5.6 ms)
2026-06-26 03:51:34,395 - mazeUtils.moveTile - [moveTile.py:90] - DEBUG - [2509.383013] moveTile obstacle check escapeFlag=False (+0.8 ms)
2026-06-26 03:51:34,403 - mazeUtils.moveTile - [moveTile.py:79] - DEBUG - roll: 358.09 deg, practicalMoveTime: 0.7077264440887295 sec
2026-06-26 03:51:34,404 - mazeUtils.moveTile - [moveTile.py:1907] - DEBUG - moveTile loop time: 56.7 ms
2026-06-26 03:51:34,404 - mazeUtils.moveTile - [moveTile.py:90] - DEBUG - [2509.392442] moveTile loop end practicalMoveTime=0.708 (+9.4 ms)
2026-06-26 03:51:34,405 - mazeUtils.moveTile - [moveTile.py:90] - DEBUG - [2509.392846] moveTile loop start (+0.4 ms)
2026-06-26 03:51:34,412 - picamera2.picamera2 - [picamera2.py:1391] - DEBUG - Execute job: <picamera2.job.Job object at 0x7f99986a90>
2026-06-26 03:51:34,420 - mazeUtils.device.camera - [camera.py:39] - DEBUG - Average HSV: H=148.4, S=22.6, V=215.1
2026-06-26 03:51:34,425 - mazeUtils.moveTile - [moveTile.py:90] - DEBUG - [2509.413694] moveTile calculated motor speeds left=100 right=90 gyroSteer=10.120000000000118 wallSteer=-0.8000000000000007 (+20.8 ms)
2026-06-26 03:51:34,446 - mazeUtils.moveTile - [moveTile.py:90] - DEBUG - [2509.434605] moveTile applied motor speed left=100 right=90 (+20.9 ms)
2026-06-26 03:51:34,447 - mazeUtils.moveTile - [moveTile.py:90] - DEBUG - [2509.435420] moveTile ramp check isBigRamp=False (+0.8 ms)
2026-06-26 03:51:34,453 - mazeUtils.moveTile - [moveTile.py:90] - DEBUG - [2509.441406] moveTile tile color check tempTileColor=E (+6.0 ms)
2026-06-26 03:51:34,454 - mazeUtils.moveTile - [moveTile.py:90] - DEBUG - [2509.442145] moveTile obstacle check escapeFlag=False (+0.7 ms)
2026-06-26 03:51:34,463 - mazeUtils.moveTile - [moveTile.py:79] - DEBUG - roll: 0.029999999999972715 deg, practicalMoveTime: 0.766791971257927 sec
2026-06-26 03:51:34,464 - mazeUtils.moveTile - [moveTile.py:1907] - DEBUG - moveTile loop time: 59.5 ms
2026-06-26 03:51:34,465 - mazeUtils.moveTile - [moveTile.py:90] - DEBUG - [2509.453064] moveTile loop end practicalMoveTime=0.767 (+10.9 ms)
2026-06-26 03:51:34,465 - mazeUtils.moveTile - [moveTile.py:90] - DEBUG - [2509.453510] moveTile loop start (+0.4 ms)
2026-06-26 03:51:34,471 - picamera2.picamera2 - [picamera2.py:1391] - DEBUG - Execute job: <picamera2.job.Job object at 0x7f80f647d0>
2026-06-26 03:51:34,477 - mazeUtils.device.camera - [camera.py:39] - DEBUG - Average HSV: H=150.3, S=27.9, V=207.8
2026-06-26 03:51:34,484 - mazeUtils.moveTile - [moveTile.py:90] - DEBUG - [2509.471989] moveTile calculated motor speeds left=100 right=92 gyroSteer=7.7999999999999545 wallSteer=-0.3999999999999986 (+18.5 ms)
2026-06-26 03:51:34,504 - mazeUtils.moveTile - [moveTile.py:90] - DEBUG - [2509.492435] moveTile applied motor speed left=100 right=92 (+20.4 ms)
2026-06-26 03:51:34,505 - mazeUtils.moveTile - [moveTile.py:90] - DEBUG - [2509.493788] moveTile ramp check isBigRamp=False (+1.4 ms)
2026-06-26 03:51:34,509 - mazeUtils.moveTile - [moveTile.py:90] - DEBUG - [2509.497282] moveTile tile color check tempTileColor=E (+3.5 ms)
2026-06-26 03:51:34,510 - mazeUtils.moveTile - [moveTile.py:90] - DEBUG - [2509.497829] moveTile obstacle check escapeFlag=False (+0.5 ms)
2026-06-26 03:51:34,521 - mazeUtils.moveTile - [moveTile.py:79] - DEBUG - roll: 358.99 deg, practicalMoveTime: 0.8232936045245298 sec
2026-06-26 03:51:34,522 - mazeUtils.moveTile - [moveTile.py:1907] - DEBUG - moveTile loop time: 56.7 ms
2026-06-26 03:51:34,523 - mazeUtils.moveTile - [moveTile.py:90] - DEBUG - [2509.511316] moveTile loop end practicalMoveTime=0.823 (+13.5 ms)
2026-06-26 03:51:34,524 - mazeUtils.moveTile - [moveTile.py:90] - DEBUG - [2509.512095] moveTile loop start (+0.8 ms)
2026-06-26 03:51:34,530 - picamera2.picamera2 - [picamera2.py:1391] - DEBUG - Execute job: <picamera2.job.Job object at 0x7f99933c10>
2026-06-26 03:51:34,537 - mazeUtils.device.camera - [camera.py:39] - DEBUG - Average HSV: H=168.4, S=20.4, V=217.3
2026-06-26 03:51:34,542 - mazeUtils.moveTile - [moveTile.py:90] - DEBUG - [2509.530145] moveTile calculated motor speeds left=100 right=93 gyroSteer=7.240000000000009 wallSteer=-0.8000000000000007 (+18.0 ms)
2026-06-26 03:51:34,562 - mazeUtils.moveTile - [moveTile.py:90] - DEBUG - [2509.550123] moveTile applied motor speed left=100 right=93 (+20.0 ms)
2026-06-26 03:51:34,563 - mazeUtils.moveTile - [moveTile.py:90] - DEBUG - [2509.551120] moveTile ramp check isBigRamp=False (+1.0 ms)
2026-06-26 03:51:34,566 - mazeUtils.moveTile - [moveTile.py:90] - DEBUG - [2509.554591] moveTile tile color check tempTileColor=E (+3.5 ms)
2026-06-26 03:51:34,567 - mazeUtils.moveTile - [moveTile.py:90] - DEBUG - [2509.555234] moveTile obstacle check escapeFlag=False (+0.6 ms)
2026-06-26 03:51:34,574 - mazeUtils.moveTile - [moveTile.py:1755] - INFO - practicalVerticalMove: -0.537489128716279 CM
2026-06-26 03:51:34,599 - mazeUtils.moveTile - [moveTile.py:90] - DEBUG - [2509.587623] moveTile finished by time control (+32.4 ms)
2026-06-26 03:51:34,600 - mazeUtils.moveTile - [moveTile.py:90] - DEBUG - [2509.588413] moveTile start final forward adjustment (+33.2 ms)
2026-06-26 03:51:34,629 - mazeUtils.moveTile - [moveTile.py:90] - DEBUG - [2509.617733] moveTile finished final forward adjustment (+29.3 ms)
2026-06-26 03:51:34,630 - mazeUtils.moveTile - [moveTile.py:2117] - INFO - Set moved vertical distance: -0.537489128716279 cm, past distances: [(0, False), (0, False), (0, False)]
2026-06-26 03:51:34,631 - mazeUtils.moveTile - [moveTile.py:90] - DEBUG - [2509.619505] moveTile updated moved vertical distance -0.537 (+1.8 ms)
2026-06-26 03:51:34,779 - mazeUtils.moveTile - [moveTile.py:563] - DEBUG - Direction: absDirection.NORTH, Angle: 0, Distance: 130.12143142609645 cm
2026-06-26 03:51:34,782 - mazeUtils.moveTile - [moveTile.py:570] - INFO - angle: 0, result: judgeWallResult.LEFT_OBSTACLE
2026-06-26 03:51:34,784 - mazeUtils.moveTile - [moveTile.py:563] - DEBUG - Direction: absDirection.EAST, Angle: 270, Distance: 65.39317549199824 cm
2026-06-26 03:51:34,785 - mazeUtils.moveTile - [moveTile.py:563] - DEBUG - Direction: absDirection.SOUTH, Angle: 180, Distance: 53.26923685310599 cm
2026-06-26 03:51:34,786 - mazeUtils.moveTile - [moveTile.py:563] - DEBUG - Direction: absDirection.WEST, Angle: 90, Distance: 16.91820621520665 cm
2026-06-26 03:51:34,788 - mazeUtils.moveTile - [moveTile.py:90] - DEBUG - [2509.776132] moveTile updated map and detected walls (+156.6 ms)
2026-06-26 03:51:34,792 - mazeUtils.moveTile - [moveTile.py:2272] - INFO - Tile color detection, decided tile type: E
2026-06-26 03:51:34,794 - mazeUtils.moveTile - [moveTile.py:90] - DEBUG - [2509.781915] moveTile finished (+162.4 ms)
2026-06-26 03:51:34,882 - __main__ - [main.py:106] - INFO - Current position: (20, 19, 0), front direction: absDirection.NORTH
Layer 0 (altitude=0.0cm, offset=(0.0cm, 0.0cm)):
Known map area: x=20..20, y=19..20
+   +
| @  
+   +
| S |
+---+
mazeAsGraph[0][19][20] = {absDirection.NORTH: (20, 18, 0, 30), absDirection.EAST: (21, 19, 0, 30), absDirection.SOUTH: (20, 20, 0, 30), absDirection.WEST: None}
mazeAsGraph[0][20][20] = {absDirection.NORTH: (20, 19, 0, 30), absDirection.EAST: None, absDirection.SOUTH: None, absDirection.WEST: None}
2026-06-26 03:51:34,890 - mazeUtils.mazeMap - [mazeMap.py:61] - INFO - next goal: (20, 18, 0)
2026-06-26 03:51:34,892 - mazeUtils.mazeMap - [mazeMap.py:61] - INFO - next goal: (20, 20, 0)
2026-06-26 03:51:34,893 - mazeUtils.moveTile - [moveTile.py:88] - DEBUG - [2509.881781] moveTile start direction=absDirection.NORTH position=(20, 19, 0) front=absDirection.NORTH
2026-06-26 03:51:34,898 - mazeUtils.moveTile - [moveTile.py:90] - DEBUG - [2509.886707] moveTile after initial toggle check (+4.9 ms)
2026-06-26 03:51:34,901 - mazeUtils.moveTile - [moveTile.py:90] - DEBUG - [2509.889332] moveTile after tile checks isRedTile=False isUnknownTileAhead=True (+2.6 ms)
2026-06-26 03:51:34,902 - mazeUtils.moveTile - [moveTile.py:79] - DEBUG - Moving to absDirection.NORTH from (20, 19, 0) facing absDirection.NORTH
2026-06-26 03:51:34,903 - mazeUtils.moveTile - [moveTile.py:90] - DEBUG - [2509.891156] moveTile start heading change target=0 (+1.8 ms)
2026-06-26 03:51:34,930 - mazeUtils.moveTile - [moveTile.py:79] - DEBUG - current heading: 359.99 target: 0
2026-06-26 03:51:34,960 - mazeUtils.moveTile - [moveTile.py:435] - DEBUG - stopped turning at heading: 359.99, diff: 0.009999999999990905
2026-06-26 03:51:35,007 - mazeUtils.moveTile - [moveTile.py:79] - DEBUG - Turned to heading: 359.96000000000004 deg
2026-06-26 03:51:35,008 - mazeUtils.moveTile - [moveTile.py:90] - DEBUG - [2509.995868] moveTile finished heading change (+104.7 ms)
2026-06-26 03:51:35,008 - mazeUtils.moveTile - [moveTile.py:90] - DEBUG - [2509.996418] moveTile updated front direction (+0.5 ms)
2026-06-26 03:51:35,029 - mazeUtils.moveTile - [moveTile.py:90] - DEBUG - [2510.017313] moveTile stopped motors before alignment (+20.9 ms)
2026-06-26 03:51:35,178 - mazeUtils.moveTile - [moveTile.py:563] - DEBUG - Direction: absDirection.NORTH, Angle: 0, Distance: 130.38182655286056 cm
2026-06-26 03:51:35,181 - mazeUtils.moveTile - [moveTile.py:563] - DEBUG - Direction: absDirection.EAST, Angle: 270, Distance: 65.04681544879807 cm
2026-06-26 03:51:35,182 - mazeUtils.moveTile - [moveTile.py:563] - DEBUG - Direction: absDirection.SOUTH, Angle: 180, Distance: 52.836143434954955 cm
2026-06-26 03:51:35,183 - mazeUtils.moveTile - [moveTile.py:563] - DEBUG - Direction: absDirection.WEST, Angle: 90, Distance: 16.834557168606697 cm
2026-06-26 03:51:35,205 - mazeUtils.moveTile - [moveTile.py:90] - DEBUG - [2510.193284] moveTile ready for forward move (+176.0 ms)
2026-06-26 03:51:35,215 - mazeUtils.moveTile - [moveTile.py:79] - DEBUG - Turning to 335 deg, current heading: 1.7700000000000387 deg, turnAngle: 26.77000000000004 deg
2026-06-26 03:51:35,241 - mazeUtils.moveTile - [moveTile.py:79] - DEBUG - gyro:1.7900000000000205 deg, derivative: 0.01999999999998181, turnSpeed: 53.58000000000004
2026-06-26 03:51:35,268 - mazeUtils.moveTile - [moveTile.py:79] - DEBUG - gyro:1.8400000000000318 deg, derivative: 0.05000000000001137, turnSpeed: 53.680000000000064
2026-06-26 03:51:35,293 - mazeUtils.moveTile - [moveTile.py:79] - DEBUG - gyro:1.8899999999999864 deg, derivative: 0.049999999999954525, turnSpeed: 53.77999999999997
2026-06-26 03:51:35,321 - mazeUtils.moveTile - [moveTile.py:79] - DEBUG - gyro:1.6800000000000068 deg, derivative: -0.20999999999997954, turnSpeed: 53.360000000000014
2026-06-26 03:51:35,348 - mazeUtils.moveTile - [moveTile.py:79] - DEBUG - gyro:1.3600000000000136 deg, derivative: -0.3199999999999932, turnSpeed: 52.72000000000003
2026-06-26 03:51:35,372 - mazeUtils.moveTile - [moveTile.py:79] - DEBUG - gyro:358.96000000000004 deg, derivative: -2.3999999999999773, turnSpeed: 47.92000000000007
2026-06-26 03:51:35,397 - mazeUtils.moveTile - [moveTile.py:79] - DEBUG - gyro:356.37 deg, derivative: -2.590000000000032, turnSpeed: 42.74000000000001
2026-06-26 03:51:35,422 - mazeUtils.moveTile - [moveTile.py:79] - DEBUG - gyro:354.7 deg, derivative: -1.670000000000016, turnSpeed: 39.39999999999998
2026-06-26 03:51:35,448 - mazeUtils.moveTile - [moveTile.py:79] - DEBUG - gyro:353.07 deg, derivative: -1.6299999999999955, turnSpeed: 36.139999999999986
2026-06-26 03:51:35,478 - mazeUtils.moveTile - [moveTile.py:79] - DEBUG - gyro:351.47 deg, derivative: -1.599999999999966, turnSpeed: 32.940000000000055
2026-06-26 03:51:35,503 - mazeUtils.moveTile - [moveTile.py:79] - DEBUG - gyro:349.96000000000004 deg, derivative: -1.509999999999991, turnSpeed: 29.920000000000073
2026-06-26 03:51:35,529 - mazeUtils.moveTile - [moveTile.py:79] - DEBUG - gyro:348.52000000000004 deg, derivative: -1.4399999999999977, turnSpeed: 27.040000000000077
2026-06-26 03:51:35,557 - mazeUtils.moveTile - [moveTile.py:79] - DEBUG - gyro:347.67 deg, derivative: -0.8500000000000227, turnSpeed: 25.340000000000032
2026-06-26 03:51:35,585 - mazeUtils.moveTile - [moveTile.py:79] - DEBUG - gyro:346.40000000000003 deg, derivative: -1.2699999999999818, turnSpeed: 22.800000000000068
2026-06-26 03:51:35,617 - mazeUtils.moveTile - [moveTile.py:79] - DEBUG - gyro:345.32 deg, derivative: -1.080000000000041, turnSpeed: 20.639999999999986
2026-06-26 03:51:35,645 - mazeUtils.moveTile - [moveTile.py:79] - DEBUG - gyro:344.46000000000004 deg, derivative: -0.8599999999999568, turnSpeed: 18.920000000000073
2026-06-26 03:51:35,670 - mazeUtils.moveTile - [moveTile.py:79] - DEBUG - gyro:343.51 deg, derivative: -0.9500000000000455, turnSpeed: 17.019999999999982
2026-06-26 03:51:35,702 - mazeUtils.moveTile - [moveTile.py:79] - DEBUG - gyro:342.77000000000004 deg, derivative: -0.7399999999999523, turnSpeed: 15.540000000000077
2026-06-26 03:51:35,728 - mazeUtils.moveTile - [moveTile.py:79] - DEBUG - gyro:342.09000000000003 deg, derivative: -0.6800000000000068, turnSpeed: 14.180000000000064
2026-06-26 03:51:35,754 - mazeUtils.moveTile - [moveTile.py:79] - DEBUG - gyro:341.51 deg, derivative: -0.5800000000000409, turnSpeed: 13.019999999999982
2026-06-26 03:51:35,786 - mazeUtils.moveTile - [moveTile.py:79] - DEBUG - gyro:340.68 deg, derivative: -0.8299999999999841, turnSpeed: 11.360000000000014
2026-06-26 03:51:35,815 - mazeUtils.moveTile - [moveTile.py:79] - DEBUG - gyro:339.99 deg, derivative: -0.6899999999999977, turnSpeed: 9.980000000000018
2026-06-26 03:51:35,848 - mazeUtils.moveTile - [moveTile.py:79] - DEBUG - gyro:339.35 deg, derivative: -0.6399999999999864, turnSpeed: 8.700000000000045
2026-06-26 03:51:35,877 - mazeUtils.moveTile - [moveTile.py:79] - DEBUG - gyro:339.01 deg, derivative: -0.34000000000003183, turnSpeed: 8.019999999999982
2026-06-26 03:51:35,903 - mazeUtils.moveTile - [moveTile.py:79] - DEBUG - gyro:338.72 deg, derivative: -0.2899999999999636, turnSpeed: 7.440000000000055
2026-06-26 03:51:35,934 - mazeUtils.moveTile - [moveTile.py:79] - DEBUG - gyro:338.48 deg, derivative: -0.2400000000000091, turnSpeed: 6.960000000000036
2026-06-26 03:51:35,962 - mazeUtils.moveTile - [moveTile.py:79] - DEBUG - gyro:338.22 deg, derivative: -0.2599999999999909, turnSpeed: 6.440000000000055
2026-06-26 03:51:35,994 - mazeUtils.moveTile - [moveTile.py:79] - DEBUG - gyro:337.96000000000004 deg, derivative: -0.2599999999999909, turnSpeed: 5.920000000000073
2026-06-26 03:51:36,022 - mazeUtils.moveTile - [moveTile.py:79] - DEBUG - gyro:337.76 deg, derivative: -0.20000000000004547, turnSpeed: 5.519999999999982
2026-06-26 03:51:36,048 - mazeUtils.moveTile - [moveTile.py:79] - DEBUG - gyro:337.6 deg, derivative: -0.15999999999996817, turnSpeed: 5.2000000000000455
2026-06-26 03:51:36,078 - mazeUtils.moveTile - [moveTile.py:79] - DEBUG - gyro:337.48 deg, derivative: -0.12000000000000455, turnSpeed: 4.960000000000036
2026-06-26 03:51:36,102 - mazeUtils.moveTile - [moveTile.py:79] - DEBUG - gyro:337.35 deg, derivative: -0.12999999999999545, turnSpeed: 4.7000000000000455
2026-06-26 03:51:36,126 - mazeUtils.moveTile - [moveTile.py:79] - DEBUG - gyro:337.28000000000003 deg, derivative: -0.06999999999999318, turnSpeed: 4.560000000000059
2026-06-26 03:51:36,152 - mazeUtils.moveTile - [moveTile.py:79] - DEBUG - gyro:337.19 deg, derivative: -0.09000000000003183, turnSpeed: 4.3799999999999955
2026-06-26 03:51:36,182 - mazeUtils.moveTile - [moveTile.py:79] - DEBUG - gyro:337.11 deg, derivative: -0.07999999999998408, turnSpeed: 4.220000000000027
2026-06-26 03:51:36,207 - mazeUtils.moveTile - [moveTile.py:79] - DEBUG - gyro:337.05 deg, derivative: -0.060000000000002274, turnSpeed: 4.100000000000023
2026-06-26 03:51:36,234 - mazeUtils.moveTile - [moveTile.py:79] - DEBUG - gyro:336.96000000000004 deg, derivative: -0.08999999999997499, turnSpeed: 3.9200000000000728
2026-06-26 03:51:36,258 - mazeUtils.moveTile - [moveTile.py:79] - DEBUG - Turned to heading: 336.96000000000004 deg
2026-06-26 03:51:36,298 - mazeUtils.moveTile - [moveTile.py:90] - DEBUG - [2511.286323] moveTile initialized movement targetSteps=1 (+1093.0 ms)
2026-06-26 03:51:36,299 - mazeUtils.moveTile - [moveTile.py:90] - DEBUG - [2511.287592] moveTile loop start (+1.3 ms)
2026-06-26 03:51:36,309 - picamera2.picamera2 - [picamera2.py:1391] - DEBUG - Execute job: <picamera2.job.Job object at 0x7f90809a90>
2026-06-26 03:51:36,315 - mazeUtils.device.camera - [camera.py:39] - DEBUG - Average HSV: H=161.3, S=17.8, V=228.1
2026-06-26 03:51:36,323 - mazeUtils.moveTile - [moveTile.py:90] - DEBUG - [2511.310899] moveTile calculated motor speeds left=32 right=100 gyroSteer=-96.15999999999985 wallSteer=0.0 (+23.3 ms)
2026-06-26 03:51:36,344 - mazeUtils.moveTile - [moveTile.py:90] - DEBUG - [2511.332190] moveTile applied motor speed left=32 right=100 (+21.3 ms)
2026-06-26 03:51:36,345 - mazeUtils.moveTile - [moveTile.py:90] - DEBUG - [2511.332999] moveTile ramp check isBigRamp=False (+0.8 ms)
2026-06-26 03:51:36,350 - mazeUtils.moveTile - [moveTile.py:90] - DEBUG - [2511.337876] moveTile tile color check tempTileColor=E (+4.9 ms)
2026-06-26 03:51:36,351 - mazeUtils.moveTile - [moveTile.py:90] - DEBUG - [2511.338819] moveTile obstacle check escapeFlag=False (+0.9 ms)
2026-06-26 03:51:36,357 - mazeUtils.moveTile - [moveTile.py:79] - DEBUG - roll: 359.44 deg, practicalMoveTime: 0.05875128777271507 sec
2026-06-26 03:51:36,358 - mazeUtils.moveTile - [moveTile.py:1907] - DEBUG - moveTile loop time: 58.8 ms
2026-06-26 03:51:36,359 - mazeUtils.moveTile - [moveTile.py:90] - DEBUG - [2511.347119] moveTile loop end practicalMoveTime=0.059 (+8.3 ms)
2026-06-26 03:51:36,359 - mazeUtils.moveTile - [moveTile.py:90] - DEBUG - [2511.347794] moveTile loop start (+0.7 ms)
2026-06-26 03:51:36,365 - picamera2.picamera2 - [picamera2.py:1391] - DEBUG - Execute job: <picamera2.job.Job object at 0x7f99933c10>
2026-06-26 03:51:36,373 - mazeUtils.device.camera - [camera.py:39] - DEBUG - Average HSV: H=162.6, S=18.1, V=228.4
2026-06-26 03:51:36,379 - mazeUtils.moveTile - [moveTile.py:90] - DEBUG - [2511.367266] moveTile calculated motor speeds left=33 right=100 gyroSteer=-95.48000000000002 wallSteer=0.0 (+19.5 ms)
2026-06-26 03:51:36,406 - mazeUtils.moveTile - [moveTile.py:90] - DEBUG - [2511.394338] moveTile applied motor speed left=33 right=100 (+27.1 ms)
2026-06-26 03:51:36,407 - mazeUtils.moveTile - [moveTile.py:90] - DEBUG - [2511.395066] moveTile ramp check isBigRamp=False (+0.7 ms)
2026-06-26 03:51:36,410 - mazeUtils.moveTile - [moveTile.py:90] - DEBUG - [2511.398707] moveTile tile color check tempTileColor=E (+3.6 ms)
2026-06-26 03:51:36,411 - mazeUtils.moveTile - [moveTile.py:90] - DEBUG - [2511.399443] moveTile obstacle check escapeFlag=False (+0.7 ms)
2026-06-26 03:51:36,419 - mazeUtils.moveTile - [moveTile.py:79] - DEBUG - roll: 357.11 deg, practicalMoveTime: 0.11896969058143644 sec
2026-06-26 03:51:36,419 - mazeUtils.moveTile - [moveTile.py:1907] - DEBUG - moveTile loop time: 59.7 ms
2026-06-26 03:51:36,420 - mazeUtils.moveTile - [moveTile.py:90] - DEBUG - [2511.408237] moveTile loop end practicalMoveTime=0.119 (+8.8 ms)
2026-06-26 03:51:36,420 - mazeUtils.moveTile - [moveTile.py:90] - DEBUG - [2511.408784] moveTile loop start (+0.5 ms)
2026-06-26 03:51:36,427 - picamera2.picamera2 - [picamera2.py:1391] - DEBUG - Execute job: <picamera2.job.Job object at 0x7f81f82ed0>
2026-06-26 03:51:36,434 - mazeUtils.device.camera - [camera.py:39] - DEBUG - Average HSV: H=160.5, S=17.4, V=228.9
2026-06-26 03:51:36,440 - mazeUtils.moveTile - [moveTile.py:90] - DEBUG - [2511.428274] moveTile calculated motor speeds left=37 right=100 gyroSteer=-89.24000000000001 wallSteer=0.0 (+19.5 ms)
2026-06-26 03:51:36,459 - mazeUtils.moveTile - [moveTile.py:90] - DEBUG - [2511.447142] moveTile applied motor speed left=37 right=100 (+18.9 ms)
2026-06-26 03:51:36,460 - mazeUtils.moveTile - [moveTile.py:90] - DEBUG - [2511.447886] moveTile ramp check isBigRamp=False (+0.7 ms)
2026-06-26 03:51:36,465 - mazeUtils.moveTile - [moveTile.py:90] - DEBUG - [2511.453331] moveTile tile color check tempTileColor=E (+5.4 ms)
2026-06-26 03:51:36,466 - mazeUtils.moveTile - [moveTile.py:90] - DEBUG - [2511.454487] moveTile obstacle check escapeFlag=False (+1.2 ms)
2026-06-26 03:51:36,480 - mazeUtils.moveTile - [moveTile.py:79] - DEBUG - roll: 357.19 deg, practicalMoveTime: 0.1794777481224787 sec
2026-06-26 03:51:36,481 - mazeUtils.moveTile - [moveTile.py:1907] - DEBUG - moveTile loop time: 60.3 ms
2026-06-26 03:51:36,482 - mazeUtils.moveTile - [moveTile.py:90] - DEBUG - [2511.470765] moveTile loop end practicalMoveTime=0.179 (+16.3 ms)
2026-06-26 03:51:36,484 - mazeUtils.moveTile - [moveTile.py:90] - DEBUG - [2511.471864] moveTile loop start (+1.1 ms)
2026-06-26 03:51:36,492 - picamera2.picamera2 - [picamera2.py:1391] - DEBUG - Execute job: <picamera2.job.Job object at 0x7f81ff9dd0>
2026-06-26 03:51:36,499 - mazeUtils.device.camera - [camera.py:39] - DEBUG - Average HSV: H=160.5, S=17.5, V=225.8
2026-06-26 03:51:36,504 - mazeUtils.moveTile - [moveTile.py:90] - DEBUG - [2511.491961] moveTile calculated motor speeds left=48 right=100 gyroSteer=-73.75999999999999 wallSteer=0.0 (+20.1 ms)
2026-06-26 03:51:36,527 - mazeUtils.moveTile - [moveTile.py:90] - DEBUG - [2511.515405] moveTile applied motor speed left=48 right=100 (+23.4 ms)
2026-06-26 03:51:36,528 - mazeUtils.moveTile - [moveTile.py:90] - DEBUG - [2511.516393] moveTile ramp check isBigRamp=False (+1.0 ms)
2026-06-26 03:51:36,533 - mazeUtils.moveTile - [moveTile.py:90] - DEBUG - [2511.520958] moveTile tile color check tempTileColor=E (+4.6 ms)
2026-06-26 03:51:36,533 - mazeUtils.moveTile - [moveTile.py:90] - DEBUG - [2511.521632] moveTile obstacle check escapeFlag=False (+0.7 ms)
2026-06-26 03:51:36,541 - mazeUtils.moveTile - [moveTile.py:79] - DEBUG - roll: 357.45 deg, practicalMoveTime: 0.23945533400887356 sec
2026-06-26 03:51:36,542 - mazeUtils.moveTile - [moveTile.py:1907] - DEBUG - moveTile loop time: 58.1 ms
2026-06-26 03:51:36,542 - mazeUtils.moveTile - [moveTile.py:90] - DEBUG - [2511.530605] moveTile loop end practicalMoveTime=0.239 (+9.0 ms)
2026-06-26 03:51:36,543 - mazeUtils.moveTile - [moveTile.py:90] - DEBUG - [2511.531101] moveTile loop start (+0.5 ms)
2026-06-26 03:51:36,554 - picamera2.picamera2 - [picamera2.py:1391] - DEBUG - Execute job: <picamera2.job.Job object at 0x7f81f82ed0>
2026-06-26 03:51:36,562 - mazeUtils.device.camera - [camera.py:39] - DEBUG - Average HSV: H=159.7, S=17.2, V=224.5
2026-06-26 03:51:36,569 - mazeUtils.moveTile - [moveTile.py:90] - DEBUG - [2511.557339] moveTile calculated motor speeds left=53 right=100 gyroSteer=-66.24000000000001 wallSteer=0.0 (+26.2 ms)
2026-06-26 03:51:36,589 - mazeUtils.moveTile - [moveTile.py:90] - DEBUG - [2511.577670] moveTile applied motor speed left=53 right=100 (+20.3 ms)
2026-06-26 03:51:36,590 - mazeUtils.moveTile - [moveTile.py:90] - DEBUG - [2511.578447] moveTile ramp check isBigRamp=False (+0.8 ms)
2026-06-26 03:51:36,594 - mazeUtils.moveTile - [moveTile.py:90] - DEBUG - [2511.581863] moveTile tile color check tempTileColor=E (+3.4 ms)
2026-06-26 03:51:36,594 - mazeUtils.moveTile - [moveTile.py:90] - DEBUG - [2511.582532] moveTile obstacle check escapeFlag=False (+0.7 ms)
2026-06-26 03:51:36,600 - mazeUtils.moveTile - [moveTile.py:79] - DEBUG - roll: 359.68 deg, practicalMoveTime: 0.2976355070474517 sec
2026-06-26 03:51:36,601 - mazeUtils.moveTile - [moveTile.py:1907] - DEBUG - moveTile loop time: 57.9 ms
2026-06-26 03:51:36,601 - mazeUtils.moveTile - [moveTile.py:90] - DEBUG - [2511.589553] moveTile loop end practicalMoveTime=0.298 (+7.0 ms)
2026-06-26 03:51:36,602 - mazeUtils.moveTile - [moveTile.py:90] - DEBUG - [2511.589956] moveTile loop start (+0.4 ms)
2026-06-26 03:51:36,612 - picamera2.picamera2 - [picamera2.py:1391] - DEBUG - Execute job: <picamera2.job.Job object at 0x7f90809a90>
2026-06-26 03:51:36,618 - mazeUtils.device.camera - [camera.py:39] - DEBUG - Average HSV: H=163.1, S=17.9, V=224.9
2026-06-26 03:51:36,625 - mazeUtils.moveTile - [moveTile.py:90] - DEBUG - [2511.613750] moveTile calculated motor speeds left=57 right=100 gyroSteer=-60.24000000000001 wallSteer=0.0 (+23.8 ms)
2026-06-26 03:51:36,649 - mazeUtils.moveTile - [moveTile.py:90] - DEBUG - [2511.636908] moveTile applied motor speed left=57 right=100 (+23.2 ms)
2026-06-26 03:51:36,650 - mazeUtils.moveTile - [moveTile.py:90] - DEBUG - [2511.637819] moveTile ramp check isBigRamp=False (+0.9 ms)
2026-06-26 03:51:36,654 - mazeUtils.moveTile - [moveTile.py:90] - DEBUG - [2511.642689] moveTile tile color check tempTileColor=E (+4.9 ms)
2026-06-26 03:51:36,655 - mazeUtils.moveTile - [moveTile.py:90] - DEBUG - [2511.643516] moveTile obstacle check escapeFlag=False (+0.8 ms)
2026-06-26 03:51:36,663 - mazeUtils.moveTile - [moveTile.py:79] - DEBUG - roll: 357.28 deg, practicalMoveTime: 0.359593319606781 sec
2026-06-26 03:51:36,664 - mazeUtils.moveTile - [moveTile.py:1907] - DEBUG - moveTile loop time: 62.0 ms
2026-06-26 03:51:36,665 - mazeUtils.moveTile - [moveTile.py:90] - DEBUG - [2511.652873] moveTile loop end practicalMoveTime=0.360 (+9.4 ms)
2026-06-26 03:51:36,666 - mazeUtils.moveTile - [moveTile.py:90] - DEBUG - [2511.653910] moveTile loop start (+1.0 ms)
2026-06-26 03:51:36,671 - picamera2.picamera2 - [picamera2.py:1391] - DEBUG - Execute job: <picamera2.job.Job object at 0x7f9a022310>
2026-06-26 03:51:36,677 - mazeUtils.device.camera - [camera.py:39] - DEBUG - Average HSV: H=159.9, S=17.3, V=224.5
2026-06-26 03:51:36,685 - mazeUtils.moveTile - [moveTile.py:90] - DEBUG - [2511.672826] moveTile calculated motor speeds left=63 right=100 gyroSteer=-52.0 wallSteer=0.0 (+18.9 ms)
2026-06-26 03:51:36,712 - mazeUtils.moveTile - [moveTile.py:90] - DEBUG - [2511.700170] moveTile applied motor speed left=63 right=100 (+27.3 ms)
2026-06-26 03:51:36,713 - mazeUtils.moveTile - [moveTile.py:90] - DEBUG - [2511.700993] moveTile ramp check isBigRamp=False (+0.8 ms)
2026-06-26 03:51:36,716 - mazeUtils.moveTile - [moveTile.py:90] - DEBUG - [2511.704686] moveTile tile color check tempTileColor=E (+3.7 ms)
2026-06-26 03:51:36,717 - mazeUtils.moveTile - [moveTile.py:90] - DEBUG - [2511.705736] moveTile obstacle check escapeFlag=False (+1.0 ms)
2026-06-26 03:51:36,723 - mazeUtils.moveTile - [moveTile.py:79] - DEBUG - roll: 359.74 deg, practicalMoveTime: 0.41835258788241386 sec
2026-06-26 03:51:36,723 - mazeUtils.moveTile - [moveTile.py:1907] - DEBUG - moveTile loop time: 57.8 ms
2026-06-26 03:51:36,725 - mazeUtils.moveTile - [moveTile.py:90] - DEBUG - [2511.712925] moveTile loop end practicalMoveTime=0.418 (+7.2 ms)
2026-06-26 03:51:36,725 - mazeUtils.moveTile - [moveTile.py:90] - DEBUG - [2511.713634] moveTile loop start (+0.7 ms)
2026-06-26 03:51:36,731 - picamera2.picamera2 - [picamera2.py:1391] - DEBUG - Execute job: <picamera2.job.Job object at 0x7f90809890>
2026-06-26 03:51:36,740 - mazeUtils.device.camera - [camera.py:39] - DEBUG - Average HSV: H=163.7, S=17.4, V=223.9
2026-06-26 03:51:36,745 - mazeUtils.moveTile - [moveTile.py:90] - DEBUG - [2511.733239] moveTile calculated motor speeds left=63 right=100 gyroSteer=-52.0 wallSteer=0.0 (+19.6 ms)
2026-06-26 03:51:36,767 - mazeUtils.moveTile - [moveTile.py:90] - DEBUG - [2511.755619] moveTile applied motor speed left=63 right=100 (+22.4 ms)
2026-06-26 03:51:36,768 - mazeUtils.moveTile - [moveTile.py:90] - DEBUG - [2511.756422] moveTile ramp check isBigRamp=False (+0.8 ms)
2026-06-26 03:51:36,772 - mazeUtils.moveTile - [moveTile.py:90] - DEBUG - [2511.760263] moveTile tile color check tempTileColor=E (+3.8 ms)
2026-06-26 03:51:36,773 - mazeUtils.moveTile - [moveTile.py:90] - DEBUG - [2511.761371] moveTile obstacle check escapeFlag=False (+1.1 ms)
2026-06-26 03:51:36,780 - mazeUtils.moveTile - [moveTile.py:79] - DEBUG - roll: 358.31 deg, practicalMoveTime: 0.47446418469375745 sec
2026-06-26 03:51:36,781 - mazeUtils.moveTile - [moveTile.py:1907] - DEBUG - moveTile loop time: 55.2 ms
2026-06-26 03:51:36,781 - mazeUtils.moveTile - [moveTile.py:90] - DEBUG - [2511.769639] moveTile loop end practicalMoveTime=0.474 (+8.3 ms)
2026-06-26 03:51:36,782 - mazeUtils.moveTile - [moveTile.py:90] - DEBUG - [2511.770116] moveTile loop start (+0.5 ms)
2026-06-26 03:51:36,788 - picamera2.picamera2 - [picamera2.py:1391] - DEBUG - Execute job: <picamera2.job.Job object at 0x7f9a022310>
2026-06-26 03:51:36,796 - mazeUtils.device.camera - [camera.py:39] - DEBUG - Average HSV: H=161.5, S=16.9, V=222.5
2026-06-26 03:51:36,802 - mazeUtils.moveTile - [moveTile.py:90] - DEBUG - [2511.789891] moveTile calculated motor speeds left=65 right=100 gyroSteer=-49.51999999999998 wallSteer=0.0 (+19.8 ms)
2026-06-26 03:51:36,822 - mazeUtils.moveTile - [moveTile.py:90] - DEBUG - [2511.809797] moveTile applied motor speed left=65 right=100 (+19.9 ms)
2026-06-26 03:51:36,822 - mazeUtils.moveTile - [moveTile.py:90] - DEBUG - [2511.810614] moveTile ramp check isBigRamp=False (+0.8 ms)
2026-06-26 03:51:36,826 - mazeUtils.moveTile - [moveTile.py:90] - DEBUG - [2511.814692] moveTile tile color check tempTileColor=E (+4.1 ms)
2026-06-26 03:51:36,827 - mazeUtils.moveTile - [moveTile.py:90] - DEBUG - [2511.815415] moveTile obstacle check escapeFlag=False (+0.7 ms)
2026-06-26 03:51:36,835 - mazeUtils.moveTile - [moveTile.py:79] - DEBUG - roll: 359.74 deg, practicalMoveTime: 0.5287443504044784 sec
2026-06-26 03:51:36,836 - mazeUtils.moveTile - [moveTile.py:1907] - DEBUG - moveTile loop time: 53.9 ms
2026-06-26 03:51:36,836 - mazeUtils.moveTile - [moveTile.py:90] - DEBUG - [2511.824628] moveTile loop end practicalMoveTime=0.529 (+9.2 ms)
2026-06-26 03:51:36,837 - mazeUtils.moveTile - [moveTile.py:90] - DEBUG - [2511.825052] moveTile loop start (+0.4 ms)
2026-06-26 03:51:36,847 - picamera2.picamera2 - [picamera2.py:1391] - DEBUG - Execute job: <picamera2.job.Job object at 0x7f81ff9dd0>
2026-06-26 03:51:36,853 - mazeUtils.device.camera - [camera.py:39] - DEBUG - Average HSV: H=160.2, S=16.3, V=221.9
2026-06-26 03:51:36,859 - mazeUtils.moveTile - [moveTile.py:90] - DEBUG - [2511.847753] moveTile calculated motor speeds left=69 right=100 gyroSteer=-43.24000000000001 wallSteer=0.0 (+22.7 ms)
2026-06-26 03:51:36,879 - mazeUtils.moveTile - [moveTile.py:90] - DEBUG - [2511.867372] moveTile applied motor speed left=69 right=100 (+19.6 ms)
2026-06-26 03:51:36,881 - mazeUtils.moveTile - [moveTile.py:90] - DEBUG - [2511.868833] moveTile ramp check isBigRamp=False (+1.5 ms)
2026-06-26 03:51:36,885 - mazeUtils.moveTile - [moveTile.py:90] - DEBUG - [2511.873033] moveTile tile color check tempTileColor=E (+4.2 ms)
2026-06-26 03:51:36,886 - mazeUtils.moveTile - [moveTile.py:90] - DEBUG - [2511.873605] moveTile obstacle check escapeFlag=False (+0.6 ms)
2026-06-26 03:51:36,892 - mazeUtils.moveTile - [moveTile.py:79] - DEBUG - roll: 358.07 deg, practicalMoveTime: 0.5850416172209629 sec
2026-06-26 03:51:36,893 - mazeUtils.moveTile - [moveTile.py:1907] - DEBUG - moveTile loop time: 56.2 ms
2026-06-26 03:51:36,894 - mazeUtils.moveTile - [moveTile.py:90] - DEBUG - [2511.881833] moveTile loop end practicalMoveTime=0.585 (+8.2 ms)
2026-06-26 03:51:36,894 - mazeUtils.moveTile - [moveTile.py:90] - DEBUG - [2511.882313] moveTile loop start (+0.5 ms)
2026-06-26 03:51:36,900 - picamera2.picamera2 - [picamera2.py:1391] - DEBUG - Execute job: <picamera2.job.Job object at 0x7f99bbefd0>
2026-06-26 03:51:36,907 - mazeUtils.device.camera - [camera.py:39] - DEBUG - Average HSV: H=160.0, S=16.6, V=222.2
2026-06-26 03:51:36,913 - mazeUtils.moveTile - [moveTile.py:90] - DEBUG - [2511.901719] moveTile calculated motor speeds left=76 right=100 gyroSteer=-33.680000000000064 wallSteer=0.0 (+19.4 ms)
2026-06-26 03:51:36,936 - mazeUtils.moveTile - [moveTile.py:90] - DEBUG - [2511.924325] moveTile applied motor speed left=76 right=100 (+22.6 ms)
2026-06-26 03:51:36,937 - mazeUtils.moveTile - [moveTile.py:90] - DEBUG - [2511.925093] moveTile ramp check isBigRamp=False (+0.8 ms)
2026-06-26 03:51:36,942 - mazeUtils.moveTile - [moveTile.py:90] - DEBUG - [2511.930381] moveTile tile color check tempTileColor=E (+5.3 ms)
2026-06-26 03:51:36,943 - mazeUtils.moveTile - [moveTile.py:90] - DEBUG - [2511.931189] moveTile obstacle check escapeFlag=False (+0.8 ms)
2026-06-26 03:51:36,948 - mazeUtils.moveTile - [moveTile.py:79] - DEBUG - roll: 359.66999999999996 deg, practicalMoveTime: 0.6395339010072604 sec
2026-06-26 03:51:36,948 - mazeUtils.moveTile - [moveTile.py:1907] - DEBUG - moveTile loop time: 54.3 ms
2026-06-26 03:51:36,949 - mazeUtils.moveTile - [moveTile.py:90] - DEBUG - [2511.937298] moveTile loop end practicalMoveTime=0.640 (+6.1 ms)
2026-06-26 03:51:36,950 - mazeUtils.moveTile - [moveTile.py:90] - DEBUG - [2511.938403] moveTile loop start (+1.1 ms)
2026-06-26 03:51:36,957 - picamera2.picamera2 - [picamera2.py:1391] - DEBUG - Execute job: <picamera2.job.Job object at 0x7f907fbd90>
2026-06-26 03:51:36,962 - mazeUtils.device.camera - [camera.py:39] - DEBUG - Average HSV: H=157.7, S=16.1, V=218.6
2026-06-26 03:51:36,969 - mazeUtils.moveTile - [moveTile.py:90] - DEBUG - [2511.957741] moveTile calculated motor speeds left=80 right=100 gyroSteer=-27.799999999999955 wallSteer=0.0 (+19.3 ms)
2026-06-26 03:51:36,992 - mazeUtils.moveTile - [moveTile.py:90] - DEBUG - [2511.980231] moveTile applied motor speed left=80 right=100 (+22.5 ms)
2026-06-26 03:51:36,993 - mazeUtils.moveTile - [moveTile.py:90] - DEBUG - [2511.980992] moveTile ramp check isBigRamp=False (+0.8 ms)
2026-06-26 03:51:36,997 - mazeUtils.moveTile - [moveTile.py:90] - DEBUG - [2511.985421] moveTile tile color check tempTileColor=E (+4.4 ms)
2026-06-26 03:51:36,998 - mazeUtils.moveTile - [moveTile.py:90] - DEBUG - [2511.986274] moveTile obstacle check escapeFlag=False (+0.9 ms)
2026-06-26 03:51:37,005 - mazeUtils.moveTile - [moveTile.py:79] - DEBUG - roll: 358.37 deg, practicalMoveTime: 0.6956859849575459 sec
2026-06-26 03:51:37,005 - mazeUtils.moveTile - [moveTile.py:1907] - DEBUG - moveTile loop time: 55.3 ms
2026-06-26 03:51:37,007 - mazeUtils.moveTile - [moveTile.py:90] - DEBUG - [2511.994821] moveTile loop end practicalMoveTime=0.696 (+8.5 ms)
2026-06-26 03:51:37,007 - mazeUtils.moveTile - [moveTile.py:90] - DEBUG - [2511.995488] moveTile loop start (+0.7 ms)
2026-06-26 03:51:37,013 - picamera2.picamera2 - [picamera2.py:1391] - DEBUG - Execute job: <picamera2.job.Job object at 0x7f99bdf690>
2026-06-26 03:51:37,022 - mazeUtils.device.camera - [camera.py:39] - DEBUG - Average HSV: H=156.5, S=16.4, V=217.9
2026-06-26 03:51:37,030 - mazeUtils.moveTile - [moveTile.py:90] - DEBUG - [2512.018000] moveTile calculated motor speeds left=83 right=100 gyroSteer=-23.960000000000036 wallSteer=0.0 (+22.5 ms)
2026-06-26 03:51:37,055 - mazeUtils.moveTile - [moveTile.py:90] - DEBUG - [2512.042928] moveTile applied motor speed left=83 right=100 (+24.9 ms)
2026-06-26 03:51:37,056 - mazeUtils.moveTile - [moveTile.py:90] - DEBUG - [2512.043804] moveTile ramp check isBigRamp=False (+0.9 ms)
2026-06-26 03:51:37,060 - mazeUtils.moveTile - [moveTile.py:90] - DEBUG - [2512.048287] moveTile tile color check tempTileColor=E (+4.5 ms)
2026-06-26 03:51:37,061 - mazeUtils.moveTile - [moveTile.py:90] - DEBUG - [2512.049016] moveTile obstacle check escapeFlag=False (+0.7 ms)
2026-06-26 03:51:37,067 - mazeUtils.moveTile - [moveTile.py:79] - DEBUG - roll: 0.5500000000000114 deg, practicalMoveTime: 0.7567940068258305 sec
2026-06-26 03:51:37,068 - mazeUtils.moveTile - [moveTile.py:1907] - DEBUG - moveTile loop time: 60.8 ms
2026-06-26 03:51:37,069 - mazeUtils.moveTile - [moveTile.py:90] - DEBUG - [2512.057225] moveTile loop end practicalMoveTime=0.757 (+8.2 ms)
2026-06-26 03:51:37,070 - mazeUtils.moveTile - [moveTile.py:90] - DEBUG - [2512.057832] moveTile loop start (+0.6 ms)
2026-06-26 03:51:37,075 - picamera2.picamera2 - [picamera2.py:1391] - DEBUG - Execute job: <picamera2.job.Job object at 0x7f6090c650>
2026-06-26 03:51:37,083 - mazeUtils.device.camera - [camera.py:39] - DEBUG - Average HSV: H=159.7, S=16.8, V=216.1
2026-06-26 03:51:37,089 - mazeUtils.moveTile - [moveTile.py:90] - DEBUG - [2512.077170] moveTile calculated motor speeds left=82 right=100 gyroSteer=-14.960000000000036 wallSteer=-10.0 (+19.3 ms)
2026-06-26 03:51:37,111 - mazeUtils.moveTile - [moveTile.py:90] - DEBUG - [2512.099501] moveTile applied motor speed left=82 right=100 (+22.3 ms)
2026-06-26 03:51:37,112 - mazeUtils.moveTile - [moveTile.py:90] - DEBUG - [2512.100461] moveTile ramp check isBigRamp=False (+1.0 ms)
2026-06-26 03:51:37,119 - mazeUtils.moveTile - [moveTile.py:90] - DEBUG - [2512.107077] moveTile tile color check tempTileColor=E (+6.6 ms)
2026-06-26 03:51:37,120 - mazeUtils.moveTile - [moveTile.py:90] - DEBUG - [2512.107863] moveTile obstacle check escapeFlag=False (+0.8 ms)
2026-06-26 03:51:37,127 - mazeUtils.moveTile - [moveTile.py:79] - DEBUG - roll: 358.38 deg, practicalMoveTime: 0.8158344012717502 sec
2026-06-26 03:51:37,128 - mazeUtils.moveTile - [moveTile.py:1907] - DEBUG - moveTile loop time: 58.5 ms
2026-06-26 03:51:37,129 - mazeUtils.moveTile - [moveTile.py:90] - DEBUG - [2512.117145] moveTile loop end practicalMoveTime=0.816 (+9.3 ms)
2026-06-26 03:51:37,129 - mazeUtils.moveTile - [moveTile.py:90] - DEBUG - [2512.117679] moveTile loop start (+0.5 ms)
2026-06-26 03:51:37,136 - picamera2.picamera2 - [picamera2.py:1391] - DEBUG - Execute job: <picamera2.job.Job object at 0x7f81ff9dd0>
2026-06-26 03:51:37,143 - mazeUtils.device.camera - [camera.py:39] - DEBUG - Average HSV: H=150.2, S=15.9, V=214.9
2026-06-26 03:51:37,150 - mazeUtils.moveTile - [moveTile.py:90] - DEBUG - [2512.137864] moveTile calculated motor speeds left=96 right=100 gyroSteer=-12.680000000000064 wallSteer=7.600000000000001 (+20.2 ms)
2026-06-26 03:51:37,170 - mazeUtils.moveTile - [moveTile.py:90] - DEBUG - [2512.158180] moveTile applied motor speed left=96 right=100 (+20.3 ms)
2026-06-26 03:51:37,171 - mazeUtils.moveTile - [moveTile.py:90] - DEBUG - [2512.159111] moveTile ramp check isBigRamp=False (+0.9 ms)
2026-06-26 03:51:37,175 - mazeUtils.moveTile - [moveTile.py:90] - DEBUG - [2512.163021] moveTile tile color check tempTileColor=E (+3.9 ms)
2026-06-26 03:51:37,176 - mazeUtils.moveTile - [moveTile.py:90] - DEBUG - [2512.164255] moveTile obstacle check escapeFlag=False (+1.2 ms)
2026-06-26 03:51:37,188 - mazeUtils.moveTile - [moveTile.py:79] - DEBUG - roll: 358.83 deg, practicalMoveTime: 0.8752274624035722 sec
2026-06-26 03:51:37,189 - mazeUtils.moveTile - [moveTile.py:1907] - DEBUG - moveTile loop time: 59.3 ms
2026-06-26 03:51:37,190 - mazeUtils.moveTile - [moveTile.py:90] - DEBUG - [2512.178681] moveTile loop end practicalMoveTime=0.875 (+14.4 ms)
2026-06-26 03:51:37,191 - mazeUtils.moveTile - [moveTile.py:90] - DEBUG - [2512.179322] moveTile loop start (+0.6 ms)
2026-06-26 03:51:37,197 - picamera2.picamera2 - [picamera2.py:1391] - DEBUG - Execute job: <picamera2.job.Job object at 0x7f81f82ed0>
2026-06-26 03:51:37,205 - mazeUtils.device.camera - [camera.py:39] - DEBUG - Average HSV: H=149.7, S=19.0, V=214.8
2026-06-26 03:51:37,212 - mazeUtils.moveTile - [moveTile.py:90] - DEBUG - [2512.200105] moveTile calculated motor speeds left=100 right=94 gyroSteer=-1.7200000000000273 wallSteer=10.0 (+20.8 ms)
2026-06-26 03:51:37,234 - mazeUtils.moveTile - [moveTile.py:90] - DEBUG - [2512.222182] moveTile applied motor speed left=100 right=94 (+22.1 ms)
2026-06-26 03:51:37,236 - mazeUtils.moveTile - [moveTile.py:90] - DEBUG - [2512.223856] moveTile ramp check isBigRamp=False (+1.7 ms)
2026-06-26 03:51:37,245 - mazeUtils.moveTile - [moveTile.py:90] - DEBUG - [2512.232738] moveTile tile color check tempTileColor=E (+8.9 ms)
2026-06-26 03:51:37,247 - mazeUtils.moveTile - [moveTile.py:90] - DEBUG - [2512.234888] moveTile obstacle check escapeFlag=False (+2.2 ms)
2026-06-26 03:51:37,252 - mazeUtils.moveTile - [moveTile.py:79] - DEBUG - roll: 358.97999999999996 deg, practicalMoveTime: 0.938755558196505 sec
2026-06-26 03:51:37,254 - mazeUtils.moveTile - [moveTile.py:1907] - DEBUG - moveTile loop time: 62.8 ms
2026-06-26 03:51:37,255 - mazeUtils.moveTile - [moveTile.py:90] - DEBUG - [2512.242996] moveTile loop end practicalMoveTime=0.939 (+8.1 ms)
2026-06-26 03:51:37,256 - mazeUtils.moveTile - [moveTile.py:90] - DEBUG - [2512.244423] moveTile loop start (+1.4 ms)
2026-06-26 03:51:37,263 - picamera2.picamera2 - [picamera2.py:1391] - DEBUG - Execute job: <picamera2.job.Job object at 0x7f81ff9dd0>
2026-06-26 03:51:37,273 - mazeUtils.device.camera - [camera.py:39] - DEBUG - Average HSV: H=135.9, S=24.2, V=218.9
2026-06-26 03:51:37,280 - mazeUtils.moveTile - [moveTile.py:90] - DEBUG - [2512.268081] moveTile calculated motor speeds left=100 right=96 gyroSteer=-3.519999999999982 wallSteer=9.2 (+23.7 ms)
2026-06-26 03:51:37,301 - mazeUtils.moveTile - [moveTile.py:90] - DEBUG - [2512.289220] moveTile applied motor speed left=100 right=96 (+21.1 ms)
2026-06-26 03:51:37,302 - mazeUtils.moveTile - [moveTile.py:90] - DEBUG - [2512.290188] moveTile ramp check isBigRamp=False (+1.0 ms)
2026-06-26 03:51:37,306 - mazeUtils.moveTile - [moveTile.py:90] - DEBUG - [2512.293937] moveTile tile color check tempTileColor=E (+3.7 ms)
2026-06-26 03:51:37,307 - mazeUtils.moveTile - [moveTile.py:90] - DEBUG - [2512.295079] moveTile obstacle check escapeFlag=False (+1.1 ms)
2026-06-26 03:51:37,313 - mazeUtils.moveTile - [moveTile.py:1755] - INFO - practicalVerticalMove: -0.6490769432978905 CM
2026-06-26 03:51:37,336 - mazeUtils.moveTile - [moveTile.py:90] - DEBUG - [2512.324180] moveTile finished by time control (+29.1 ms)
2026-06-26 03:51:37,337 - mazeUtils.moveTile - [moveTile.py:90] - DEBUG - [2512.325011] moveTile start final forward adjustment (+29.9 ms)
2026-06-26 03:51:37,372 - mazeUtils.moveTile - [moveTile.py:90] - DEBUG - [2512.360451] moveTile finished final forward adjustment (+35.4 ms)
2026-06-26 03:51:37,373 - mazeUtils.moveTile - [moveTile.py:2117] - INFO - Set moved vertical distance: -0.6490769432978905 cm, past distances: [(-0.537489128716279, False), (0, False), (0, False)]
2026-06-26 03:51:37,374 - mazeUtils.moveTile - [moveTile.py:90] - DEBUG - [2512.362461] moveTile updated moved vertical distance -0.649 (+2.0 ms)
2026-06-26 03:51:37,530 - mazeUtils.moveTile - [moveTile.py:563] - DEBUG - Direction: absDirection.NORTH, Angle: 0, Distance: 103.1255466700386 cm
2026-06-26 03:51:37,532 - mazeUtils.moveTile - [moveTile.py:570] - INFO - angle: 0, result: judgeWallResult.RIGHT_OBSTACLE
2026-06-26 03:51:37,534 - mazeUtils.moveTile - [moveTile.py:563] - DEBUG - Direction: absDirection.EAST, Angle: 270, Distance: 129.29890462345926 cm
2026-06-26 03:51:37,536 - mazeUtils.moveTile - [moveTile.py:563] - DEBUG - Direction: absDirection.SOUTH, Angle: 180, Distance: 82.65300585060488 cm
2026-06-26 03:51:37,537 - mazeUtils.moveTile - [moveTile.py:563] - DEBUG - Direction: absDirection.WEST, Angle: 90, Distance: 23.92161924128929 cm
2026-06-26 03:51:37,538 - mazeUtils.moveTile - [moveTile.py:90] - DEBUG - [2512.525842] moveTile updated map and detected walls (+163.4 ms)
2026-06-26 03:51:37,540 - mazeUtils.moveTile - [moveTile.py:2272] - INFO - Tile color detection, decided tile type: E
2026-06-26 03:51:37,542 - mazeUtils.moveTile - [moveTile.py:90] - DEBUG - [2512.529984] moveTile finished (+167.5 ms)
2026-06-26 03:51:37,632 - __main__ - [main.py:106] - INFO - Current position: (20, 18, 0), front direction: absDirection.NORTH
Layer 0 (altitude=0.0cm, offset=(0.0cm, 0.0cm)):
Known map area: x=20..20, y=18..20
+   +
| @  
+   +
| E  
+   +
| S |
+---+
mazeAsGraph[0][18][20] = {absDirection.NORTH: (20, 17, 0, 30), absDirection.EAST: (21, 18, 0, 30), absDirection.SOUTH: (20, 19, 0, 30), absDirection.WEST: None}
mazeAsGraph[0][19][20] = {absDirection.NORTH: (20, 18, 0, 30), absDirection.EAST: (21, 19, 0, 30), absDirection.SOUTH: (20, 20, 0, 30), absDirection.WEST: None}
mazeAsGraph[0][20][20] = {absDirection.NORTH: (20, 19, 0, 30), absDirection.EAST: None, absDirection.SOUTH: None, absDirection.WEST: None}
2026-06-26 03:51:37,641 - mazeUtils.mazeMap - [mazeMap.py:61] - INFO - next goal: (20, 17, 0)
2026-06-26 03:51:37,642 - mazeUtils.mazeMap - [mazeMap.py:61] - INFO - next goal: (20, 20, 0)
2026-06-26 03:51:37,644 - mazeUtils.moveTile - [moveTile.py:88] - DEBUG - [2512.632246] moveTile start direction=absDirection.NORTH position=(20, 18, 0) front=absDirection.NORTH
2026-06-26 03:51:37,649 - mazeUtils.moveTile - [moveTile.py:90] - DEBUG - [2512.637743] moveTile after initial toggle check (+5.5 ms)
2026-06-26 03:51:37,652 - mazeUtils.moveTile - [moveTile.py:90] - DEBUG - [2512.640367] moveTile after tile checks isRedTile=False isUnknownTileAhead=True (+2.6 ms)
2026-06-26 03:51:37,653 - mazeUtils.moveTile - [moveTile.py:79] - DEBUG - Moving to absDirection.NORTH from (20, 18, 0) facing absDirection.NORTH
2026-06-26 03:51:37,654 - mazeUtils.moveTile - [moveTile.py:90] - DEBUG - [2512.641813] moveTile start heading change target=0 (+1.4 ms)
2026-06-26 03:51:37,681 - mazeUtils.moveTile - [moveTile.py:79] - DEBUG - current heading: 357.14 target: 0
2026-06-26 03:51:37,702 - mazeUtils.moveTile - [moveTile.py:435] - DEBUG - stopped turning at heading: 357.14, diff: 2.8600000000000136
2026-06-26 03:51:37,784 - mazeUtils.moveTile - [moveTile.py:79] - DEBUG - Turned to heading: 358.04 deg
2026-06-26 03:51:37,785 - mazeUtils.moveTile - [moveTile.py:90] - DEBUG - [2512.773204] moveTile finished heading change (+131.4 ms)
2026-06-26 03:51:37,785 - mazeUtils.moveTile - [moveTile.py:90] - DEBUG - [2512.773710] moveTile updated front direction (+0.5 ms)
2026-06-26 03:51:37,804 - mazeUtils.moveTile - [moveTile.py:90] - DEBUG - [2512.792318] moveTile stopped motors before alignment (+18.6 ms)
2026-06-26 03:51:37,963 - mazeUtils.moveTile - [moveTile.py:563] - DEBUG - Direction: absDirection.NORTH, Angle: 0, Distance: 102.53002049355905 cm
2026-06-26 03:51:37,965 - mazeUtils.moveTile - [moveTile.py:563] - DEBUG - Direction: absDirection.EAST, Angle: 270, Distance: 129.89798943717105 cm
2026-06-26 03:51:37,966 - mazeUtils.moveTile - [moveTile.py:563] - DEBUG - Direction: absDirection.SOUTH, Angle: 180, Distance: 81.47505622615611 cm
2026-06-26 03:51:37,967 - mazeUtils.moveTile - [moveTile.py:563] - DEBUG - Direction: absDirection.WEST, Angle: 90, Distance: 23.92161924128929 cm
2026-06-26 03:51:37,989 - mazeUtils.moveTile - [moveTile.py:90] - DEBUG - [2512.977229] moveTile ready for forward move (+184.9 ms)
2026-06-26 03:51:38,000 - mazeUtils.moveTile - [moveTile.py:79] - DEBUG - Turning to 25 deg, current heading: 358.23 deg, turnAngle: -26.769999999999982 deg
2026-06-26 03:51:38,025 - mazeUtils.moveTile - [moveTile.py:79] - DEBUG - gyro:358.23 deg, derivative: 0.0, turnSpeed: -53.539999999999964
2026-06-26 03:51:38,052 - mazeUtils.moveTile - [moveTile.py:79] - DEBUG - gyro:358.22 deg, derivative: -0.009999999999990905, turnSpeed: -53.559999999999945
2026-06-26 03:51:38,076 - mazeUtils.moveTile - [moveTile.py:79] - DEBUG - gyro:358.27000000000004 deg, derivative: 0.05000000000001137, turnSpeed: -53.45999999999992
2026-06-26 03:51:38,103 - mazeUtils.moveTile - [moveTile.py:79] - DEBUG - gyro:358.54 deg, derivative: 0.2699999999999818, turnSpeed: -52.91999999999996
2026-06-26 03:51:38,130 - mazeUtils.moveTile - [moveTile.py:79] - DEBUG - gyro:359.96000000000004 deg, derivative: 1.420000000000016, turnSpeed: -50.07999999999993
2026-06-26 03:51:38,158 - mazeUtils.moveTile - [moveTile.py:79] - DEBUG - gyro:2.819999999999993 deg, derivative: 2.859999999999957, turnSpeed: -44.360000000000014
2026-06-26 03:51:38,185 - mazeUtils.moveTile - [moveTile.py:79] - DEBUG - gyro:5.980000000000018 deg, derivative: 3.160000000000025, turnSpeed: -38.039999999999964
2026-06-26 03:51:38,224 - mazeUtils.moveTile - [moveTile.py:79] - DEBUG - gyro:8.170000000000016 deg, derivative: 2.1899999999999977, turnSpeed: -33.65999999999997
2026-06-26 03:51:38,249 - mazeUtils.moveTile - [moveTile.py:79] - DEBUG - gyro:10.319999999999993 deg, derivative: 2.1499999999999773, turnSpeed: -29.360000000000014
2026-06-26 03:51:38,276 - mazeUtils.moveTile - [moveTile.py:79] - DEBUG - gyro:13.170000000000016 deg, derivative: 2.8500000000000227, turnSpeed: -23.659999999999968
2026-06-26 03:51:38,302 - mazeUtils.moveTile - [moveTile.py:79] - DEBUG - gyro:13.360000000000014 deg, derivative: 0.18999999999999773, turnSpeed: -23.279999999999973
2026-06-26 03:51:38,326 - mazeUtils.moveTile - [moveTile.py:79] - DEBUG - gyro:14.560000000000002 deg, derivative: 1.1999999999999886, turnSpeed: -20.879999999999995
2026-06-26 03:51:38,352 - mazeUtils.moveTile - [moveTile.py:79] - DEBUG - gyro:15.810000000000002 deg, derivative: 1.25, turnSpeed: -18.379999999999995
2026-06-26 03:51:38,383 - mazeUtils.moveTile - [moveTile.py:79] - DEBUG - gyro:16.49000000000001 deg, derivative: 0.6800000000000068, turnSpeed: -17.019999999999982
2026-06-26 03:51:38,414 - mazeUtils.moveTile - [moveTile.py:79] - DEBUG - gyro:17.900000000000034 deg, derivative: 1.410000000000025, turnSpeed: -14.199999999999932
2026-06-26 03:51:38,441 - mazeUtils.moveTile - [moveTile.py:79] - DEBUG - gyro:18.400000000000034 deg, derivative: 0.5, turnSpeed: -13.199999999999932
2026-06-26 03:51:38,469 - mazeUtils.moveTile - [moveTile.py:79] - DEBUG - gyro:18.920000000000016 deg, derivative: 0.5199999999999818, turnSpeed: -12.159999999999968
2026-06-26 03:51:38,496 - mazeUtils.moveTile - [moveTile.py:79] - DEBUG - gyro:19.360000000000014 deg, derivative: 0.4399999999999977, turnSpeed: -11.279999999999973
2026-06-26 03:51:38,525 - mazeUtils.moveTile - [moveTile.py:79] - DEBUG - gyro:19.860000000000014 deg, derivative: 0.5, turnSpeed: -10.279999999999973
2026-06-26 03:51:38,551 - mazeUtils.moveTile - [moveTile.py:79] - DEBUG - gyro:20.5 deg, derivative: 0.6399999999999864, turnSpeed: -9.0
2026-06-26 03:51:38,577 - mazeUtils.moveTile - [moveTile.py:79] - DEBUG - gyro:21.120000000000005 deg, derivative: 0.6200000000000045, turnSpeed: -7.759999999999991
2026-06-26 03:51:38,603 - mazeUtils.moveTile - [moveTile.py:79] - DEBUG - gyro:21.660000000000025 deg, derivative: 0.5400000000000205, turnSpeed: -6.67999999999995
2026-06-26 03:51:38,639 - mazeUtils.moveTile - [moveTile.py:79] - DEBUG - gyro:21.99000000000001 deg, derivative: 0.3299999999999841, turnSpeed: -6.019999999999982
2026-06-26 03:51:38,667 - mazeUtils.moveTile - [moveTile.py:79] - DEBUG - gyro:22.340000000000032 deg, derivative: 0.35000000000002274, turnSpeed: -5.319999999999936
2026-06-26 03:51:38,692 - mazeUtils.moveTile - [moveTile.py:79] - DEBUG - gyro:22.629999999999995 deg, derivative: 0.2899999999999636, turnSpeed: -4.740000000000009
2026-06-26 03:51:38,728 - mazeUtils.moveTile - [moveTile.py:79] - DEBUG - gyro:22.75999999999999 deg, derivative: 0.12999999999999545, turnSpeed: -4.480000000000018
2026-06-26 03:51:38,754 - mazeUtils.moveTile - [moveTile.py:79] - DEBUG - gyro:23.05000000000001 deg, derivative: 0.29000000000002046, turnSpeed: -3.8999999999999773
2026-06-26 03:51:38,774 - mazeUtils.moveTile - [moveTile.py:79] - DEBUG - Turned to heading: 23.05000000000001 deg
2026-06-26 03:51:38,812 - mazeUtils.moveTile - [moveTile.py:90] - DEBUG - [2513.800351] moveTile initialized movement targetSteps=1 (+823.1 ms)
2026-06-26 03:51:38,813 - mazeUtils.moveTile - [moveTile.py:90] - DEBUG - [2513.801649] moveTile loop start (+1.3 ms)
2026-06-26 03:51:38,819 - picamera2.picamera2 - [picamera2.py:1391] - DEBUG - Execute job: <picamera2.job.Job object at 0x7f99bdf9d0>
2026-06-26 03:51:38,826 - mazeUtils.device.camera - [camera.py:39] - DEBUG - Average HSV: H=119.4, S=90.7, V=169.9
2026-06-26 03:51:38,839 - mazeUtils.moveTile - [moveTile.py:90] - DEBUG - [2513.827633] moveTile calculated motor speeds left=100 right=34 gyroSteer=93.84000000000015 wallSteer=0.0 (+26.0 ms)
2026-06-26 03:51:38,867 - mazeUtils.moveTile - [moveTile.py:90] - DEBUG - [2513.854812] moveTile applied motor speed left=100 right=34 (+27.2 ms)
2026-06-26 03:51:38,867 - mazeUtils.moveTile - [moveTile.py:90] - DEBUG - [2513.855521] moveTile ramp check isBigRamp=False (+0.7 ms)
2026-06-26 03:51:38,872 - mazeUtils.moveTile - [moveTile.py:90] - DEBUG - [2513.860330] moveTile tile color check tempTileColor=E (+4.8 ms)
2026-06-26 03:51:38,873 - mazeUtils.moveTile - [moveTile.py:90] - DEBUG - [2513.861736] moveTile obstacle check escapeFlag=False (+1.4 ms)
2026-06-26 03:51:38,882 - mazeUtils.moveTile - [moveTile.py:79] - DEBUG - roll: 358.83 deg, practicalMoveTime: 0.06947735218866113 sec
2026-06-26 03:51:38,883 - mazeUtils.moveTile - [moveTile.py:1907] - DEBUG - moveTile loop time: 69.5 ms
2026-06-26 03:51:38,883 - mazeUtils.moveTile - [moveTile.py:90] - DEBUG - [2513.871803] moveTile loop end practicalMoveTime=0.069 (+10.1 ms)
2026-06-26 03:51:38,884 - mazeUtils.moveTile - [moveTile.py:90] - DEBUG - [2513.872299] moveTile loop start (+0.5 ms)
2026-06-26 03:51:38,889 - picamera2.picamera2 - [picamera2.py:1391] - DEBUG - Execute job: <picamera2.job.Job object at 0x7f99bdf9d0>
2026-06-26 03:51:38,897 - mazeUtils.device.camera - [camera.py:39] - DEBUG - Average HSV: H=120.2, S=89.5, V=166.4
2026-06-26 03:51:38,903 - mazeUtils.moveTile - [moveTile.py:90] - DEBUG - [2513.891015] moveTile calculated motor speeds left=100 right=34 gyroSteer=93.0 wallSteer=0.0 (+18.7 ms)
2026-06-26 03:51:38,923 - mazeUtils.moveTile - [moveTile.py:90] - DEBUG - [2513.911217] moveTile applied motor speed left=100 right=34 (+20.2 ms)
2026-06-26 03:51:38,924 - mazeUtils.moveTile - [moveTile.py:90] - DEBUG - [2513.911975] moveTile ramp check isBigRamp=False (+0.8 ms)
2026-06-26 03:51:38,929 - mazeUtils.moveTile - [moveTile.py:90] - DEBUG - [2513.917220] moveTile tile color check tempTileColor=E (+5.2 ms)
2026-06-26 03:51:38,930 - mazeUtils.moveTile - [moveTile.py:90] - DEBUG - [2513.918167] moveTile obstacle check escapeFlag=False (+0.9 ms)
2026-06-26 03:51:38,935 - mazeUtils.moveTile - [moveTile.py:79] - DEBUG - roll: 356.65 deg, practicalMoveTime: 0.12140567209114896 sec
2026-06-26 03:51:38,936 - mazeUtils.moveTile - [moveTile.py:1907] - DEBUG - moveTile loop time: 51.7 ms
2026-06-26 03:51:38,937 - mazeUtils.moveTile - [moveTile.py:90] - DEBUG - [2513.924812] moveTile loop end practicalMoveTime=0.121 (+6.6 ms)
2026-06-26 03:51:38,937 - mazeUtils.moveTile - [moveTile.py:90] - DEBUG - [2513.925799] moveTile loop start (+1.0 ms)
2026-06-26 03:51:38,945 - picamera2.picamera2 - [picamera2.py:1391] - DEBUG - Execute job: <picamera2.job.Job object at 0x7f6090c650>
2026-06-26 03:51:38,952 - mazeUtils.device.camera - [camera.py:39] - DEBUG - Average HSV: H=118.1, S=96.5, V=175.3
2026-06-26 03:51:38,958 - mazeUtils.moveTile - [moveTile.py:90] - DEBUG - [2513.946184] moveTile calculated motor speeds left=100 right=38 gyroSteer=87.44000000000005 wallSteer=0.0 (+20.4 ms)
2026-06-26 03:51:38,977 - mazeUtils.moveTile - [moveTile.py:90] - DEBUG - [2513.965711] moveTile applied motor speed left=100 right=38 (+19.5 ms)
2026-06-26 03:51:38,978 - mazeUtils.moveTile - [moveTile.py:90] - DEBUG - [2513.966526] moveTile ramp check isBigRamp=False (+0.8 ms)
2026-06-26 03:51:38,983 - mazeUtils.moveTile - [moveTile.py:90] - DEBUG - [2513.971619] moveTile tile color check tempTileColor=E (+5.1 ms)
2026-06-26 03:51:38,985 - mazeUtils.moveTile - [moveTile.py:90] - DEBUG - [2513.972917] moveTile obstacle check escapeFlag=False (+1.3 ms)
2026-06-26 03:51:38,990 - mazeUtils.moveTile - [moveTile.py:79] - DEBUG - roll: 358.12 deg, practicalMoveTime: 0.1755891443951581 sec
2026-06-26 03:51:38,991 - mazeUtils.moveTile - [moveTile.py:1907] - DEBUG - moveTile loop time: 53.3 ms
2026-06-26 03:51:38,991 - mazeUtils.moveTile - [moveTile.py:90] - DEBUG - [2513.979625] moveTile loop end practicalMoveTime=0.176 (+6.7 ms)
2026-06-26 03:51:38,992 - mazeUtils.moveTile - [moveTile.py:90] - DEBUG - [2513.980254] moveTile loop start (+0.6 ms)
2026-06-26 03:51:39,000 - picamera2.picamera2 - [picamera2.py:1391] - DEBUG - Execute job: <picamera2.job.Job object at 0x7f9adaea50>
2026-06-26 03:51:39,006 - mazeUtils.device.camera - [camera.py:39] - DEBUG - Average HSV: H=117.7, S=103.5, V=171.6
2026-06-26 03:51:39,012 - mazeUtils.moveTile - [moveTile.py:90] - DEBUG - [2514.000284] moveTile calculated motor speeds left=100 right=42 gyroSteer=81.60000000000014 wallSteer=0.0 (+20.0 ms)
2026-06-26 03:51:39,035 - mazeUtils.moveTile - [moveTile.py:90] - DEBUG - [2514.023657] moveTile applied motor speed left=100 right=42 (+23.4 ms)
2026-06-26 03:51:39,036 - mazeUtils.moveTile - [moveTile.py:90] - DEBUG - [2514.024509] moveTile ramp check isBigRamp=False (+0.9 ms)
2026-06-26 03:51:39,041 - mazeUtils.moveTile - [moveTile.py:90] - DEBUG - [2514.029241] moveTile tile color check tempTileColor=E (+4.7 ms)
2026-06-26 03:51:39,042 - mazeUtils.moveTile - [moveTile.py:90] - DEBUG - [2514.029933] moveTile obstacle check escapeFlag=False (+0.7 ms)
2026-06-26 03:51:39,050 - mazeUtils.moveTile - [moveTile.py:79] - DEBUG - roll: 359.32 deg, practicalMoveTime: 0.23456664613897432 sec
2026-06-26 03:51:39,051 - mazeUtils.moveTile - [moveTile.py:1907] - DEBUG - moveTile loop time: 58.7 ms
2026-06-26 03:51:39,051 - mazeUtils.moveTile - [moveTile.py:90] - DEBUG - [2514.039527] moveTile loop end practicalMoveTime=0.235 (+9.6 ms)
2026-06-26 03:51:39,052 - mazeUtils.moveTile - [moveTile.py:90] - DEBUG - [2514.039922] moveTile loop start (+0.4 ms)
2026-06-26 03:51:39,063 - picamera2.picamera2 - [picamera2.py:1391] - DEBUG - Execute job: <picamera2.job.Job object at 0x7f90809890>
2026-06-26 03:51:39,070 - mazeUtils.device.camera - [camera.py:39] - DEBUG - Average HSV: H=117.2, S=118.4, V=161.4
2026-06-26 03:51:39,080 - mazeUtils.moveTile - [moveTile.py:90] - DEBUG - [2514.068330] moveTile calculated motor speeds left=100 right=46 gyroSteer=76.40000000000009 wallSteer=0.0 (+28.4 ms)
2026-06-26 03:51:39,105 - mazeUtils.moveTile - [moveTile.py:90] - DEBUG - [2514.093643] moveTile applied motor speed left=100 right=46 (+25.3 ms)
2026-06-26 03:51:39,106 - mazeUtils.moveTile - [moveTile.py:90] - DEBUG - [2514.094377] moveTile ramp check isBigRamp=False (+0.7 ms)
2026-06-26 03:51:39,110 - mazeUtils.moveTile - [moveTile.py:90] - DEBUG - [2514.097798] moveTile tile color check tempTileColor=E (+3.4 ms)
2026-06-26 03:51:39,111 - mazeUtils.moveTile - [moveTile.py:90] - DEBUG - [2514.099266] moveTile obstacle check escapeFlag=False (+1.5 ms)
2026-06-26 03:51:39,118 - mazeUtils.moveTile - [moveTile.py:79] - DEBUG - roll: 359.44 deg, practicalMoveTime: 0.30195748723477617 sec
2026-06-26 03:51:39,119 - mazeUtils.moveTile - [moveTile.py:1907] - DEBUG - moveTile loop time: 67.3 ms
2026-06-26 03:51:39,119 - mazeUtils.moveTile - [moveTile.py:90] - DEBUG - [2514.107812] moveTile loop end practicalMoveTime=0.302 (+8.5 ms)
2026-06-26 03:51:39,120 - mazeUtils.moveTile - [moveTile.py:90] - DEBUG - [2514.108339] moveTile loop start (+0.5 ms)
2026-06-26 03:51:39,127 - picamera2.picamera2 - [picamera2.py:1391] - DEBUG - Execute job: <picamera2.job.Job object at 0x7f6090c650>
2026-06-26 03:51:39,134 - mazeUtils.device.camera - [camera.py:39] - DEBUG - Average HSV: H=115.1, S=156.4, V=153.3
2026-06-26 03:51:39,140 - mazeUtils.moveTile - [moveTile.py:90] - DEBUG - [2514.128070] moveTile calculated motor speeds left=100 right=51 gyroSteer=68.60000000000014 wallSteer=0.0 (+19.7 ms)
2026-06-26 03:51:39,166 - mazeUtils.moveTile - [moveTile.py:90] - DEBUG - [2514.154375] moveTile applied motor speed left=100 right=51 (+26.3 ms)
2026-06-26 03:51:39,167 - mazeUtils.moveTile - [moveTile.py:90] - DEBUG - [2514.155110] moveTile ramp check isBigRamp=False (+0.7 ms)
2026-06-26 03:51:39,170 - mazeUtils.moveTile - [moveTile.py:90] - DEBUG - [2514.158497] moveTile tile color check tempTileColor=E (+3.4 ms)
2026-06-26 03:51:39,171 - mazeUtils.moveTile - [moveTile.py:90] - DEBUG - [2514.159115] moveTile obstacle check escapeFlag=False (+0.6 ms)
2026-06-26 03:51:39,177 - mazeUtils.moveTile - [moveTile.py:79] - DEBUG - roll: 358.75 deg, practicalMoveTime: 0.35945216397680163 sec
2026-06-26 03:51:39,177 - mazeUtils.moveTile - [moveTile.py:1907] - DEBUG - moveTile loop time: 57.3 ms
2026-06-26 03:51:39,178 - mazeUtils.moveTile - [moveTile.py:90] - DEBUG - [2514.166173] moveTile loop end practicalMoveTime=0.359 (+7.1 ms)
2026-06-26 03:51:39,178 - mazeUtils.moveTile - [moveTile.py:90] - DEBUG - [2514.166563] moveTile loop start (+0.4 ms)
2026-06-26 03:51:39,187 - picamera2.picamera2 - [picamera2.py:1391] - DEBUG - Execute job: <picamera2.job.Job object at 0x7f9adaea50>
2026-06-26 03:51:39,194 - mazeUtils.device.camera - [camera.py:39] - DEBUG - Average HSV: H=114.0, S=173.4, V=151.1
2026-06-26 03:51:39,200 - mazeUtils.moveTile - [moveTile.py:90] - DEBUG - [2514.188689] moveTile calculated motor speeds left=100 right=59 gyroSteer=57.88000000000011 wallSteer=0.0 (+22.1 ms)
2026-06-26 03:51:39,220 - mazeUtils.moveTile - [moveTile.py:90] - DEBUG - [2514.208411] moveTile applied motor speed left=100 right=59 (+19.7 ms)
2026-06-26 03:51:39,221 - mazeUtils.moveTile - [moveTile.py:90] - DEBUG - [2514.209418] moveTile ramp check isBigRamp=False (+1.0 ms)
2026-06-26 03:51:39,225 - mazeUtils.moveTile - [moveTile.py:90] - DEBUG - [2514.213049] moveTile tile color check tempTileColor=E (+3.6 ms)
2026-06-26 03:51:39,226 - mazeUtils.moveTile - [moveTile.py:90] - DEBUG - [2514.213894] moveTile obstacle check escapeFlag=False (+0.8 ms)
2026-06-26 03:51:39,232 - mazeUtils.moveTile - [moveTile.py:79] - DEBUG - roll: 357.8 deg, practicalMoveTime: 0.4143143213618936 sec
2026-06-26 03:51:39,233 - mazeUtils.moveTile - [moveTile.py:1907] - DEBUG - moveTile loop time: 55.0 ms
2026-06-26 03:51:39,234 - mazeUtils.moveTile - [moveTile.py:90] - DEBUG - [2514.222324] moveTile loop end practicalMoveTime=0.414 (+8.4 ms)
2026-06-26 03:51:39,235 - mazeUtils.moveTile - [moveTile.py:90] - DEBUG - [2514.222903] moveTile loop start (+0.6 ms)
2026-06-26 03:51:39,241 - picamera2.picamera2 - [picamera2.py:1391] - DEBUG - Execute job: <picamera2.job.Job object at 0x7f99bdf690>
2026-06-26 03:51:39,247 - mazeUtils.device.camera - [camera.py:39] - DEBUG - Average HSV: H=113.8, S=174.7, V=151.2
2026-06-26 03:51:39,251 - mazeUtils.moveTile - [moveTile.py:90] - DEBUG - [2514.239458] moveTile calculated motor speeds left=100 right=64 gyroSteer=51.200000000000045 wallSteer=0.0 (+16.6 ms)
2026-06-26 03:51:39,279 - mazeUtils.moveTile - [moveTile.py:90] - DEBUG - [2514.267340] moveTile applied motor speed left=100 right=64 (+27.9 ms)
2026-06-26 03:51:39,280 - mazeUtils.moveTile - [moveTile.py:90] - DEBUG - [2514.268249] moveTile ramp check isBigRamp=False (+0.9 ms)
2026-06-26 03:51:39,285 - mazeUtils.moveTile - [moveTile.py:90] - DEBUG - [2514.273480] moveTile tile color check tempTileColor=E (+5.2 ms)
2026-06-26 03:51:39,286 - mazeUtils.moveTile - [moveTile.py:90] - DEBUG - [2514.274370] moveTile obstacle check escapeFlag=False (+0.9 ms)
2026-06-26 03:51:39,291 - mazeUtils.moveTile - [moveTile.py:79] - DEBUG - roll: 358.90999999999997 deg, practicalMoveTime: 0.472069094648241 sec
2026-06-26 03:51:39,292 - mazeUtils.moveTile - [moveTile.py:1907] - DEBUG - moveTile loop time: 57.4 ms
2026-06-26 03:51:39,293 - mazeUtils.moveTile - [moveTile.py:90] - DEBUG - [2514.280850] moveTile loop end practicalMoveTime=0.472 (+6.5 ms)
2026-06-26 03:51:39,293 - mazeUtils.moveTile - [moveTile.py:90] - DEBUG - [2514.281254] moveTile loop start (+0.4 ms)
2026-06-26 03:51:39,300 - picamera2.picamera2 - [picamera2.py:1391] - DEBUG - Execute job: <picamera2.job.Job object at 0x7f81fc0490>
2026-06-26 03:51:39,306 - mazeUtils.device.camera - [camera.py:39] - DEBUG - Average HSV: H=114.2, S=174.6, V=147.1
2026-06-26 03:51:39,313 - mazeUtils.moveTile - [moveTile.py:90] - DEBUG - [2514.301555] moveTile calculated motor speeds left=100 right=68 gyroSteer=45.440000000000055 wallSteer=0.0 (+20.3 ms)
2026-06-26 03:51:39,332 - mazeUtils.moveTile - [moveTile.py:90] - DEBUG - [2514.320516] moveTile applied motor speed left=100 right=68 (+19.0 ms)
2026-06-26 03:51:39,333 - mazeUtils.moveTile - [moveTile.py:90] - DEBUG - [2514.321282] moveTile ramp check isBigRamp=False (+0.8 ms)
2026-06-26 03:51:39,336 - mazeUtils.moveTile - [moveTile.py:90] - DEBUG - [2514.324672] moveTile tile color check tempTileColor=E (+3.4 ms)
2026-06-26 03:51:39,337 - mazeUtils.moveTile - [moveTile.py:90] - DEBUG - [2514.325433] moveTile obstacle check escapeFlag=False (+0.8 ms)
2026-06-26 03:51:39,343 - mazeUtils.moveTile - [moveTile.py:79] - DEBUG - roll: 359.0 deg, practicalMoveTime: 0.5227161575018174 sec
2026-06-26 03:51:39,344 - mazeUtils.moveTile - [moveTile.py:1907] - DEBUG - moveTile loop time: 50.6 ms
2026-06-26 03:51:39,344 - mazeUtils.moveTile - [moveTile.py:90] - DEBUG - [2514.332430] moveTile loop end practicalMoveTime=0.523 (+7.0 ms)
2026-06-26 03:51:39,345 - mazeUtils.moveTile - [moveTile.py:90] - DEBUG - [2514.332824] moveTile loop start (+0.4 ms)
2026-06-26 03:51:39,352 - picamera2.picamera2 - [picamera2.py:1391] - DEBUG - Execute job: <picamera2.job.Job object at 0x7f81ff9dd0>
2026-06-26 03:51:39,359 - mazeUtils.device.camera - [camera.py:39] - DEBUG - Average HSV: H=114.2, S=176.4, V=145.8
2026-06-26 03:51:39,365 - mazeUtils.moveTile - [moveTile.py:90] - DEBUG - [2514.352892] moveTile calculated motor speeds left=100 right=70 gyroSteer=42.0 wallSteer=0.0 (+20.1 ms)
2026-06-26 03:51:39,385 - mazeUtils.moveTile - [moveTile.py:90] - DEBUG - [2514.372811] moveTile applied motor speed left=100 right=70 (+19.9 ms)
2026-06-26 03:51:39,385 - mazeUtils.moveTile - [moveTile.py:90] - DEBUG - [2514.373665] moveTile ramp check isBigRamp=False (+0.9 ms)
2026-06-26 03:51:39,390 - mazeUtils.moveTile - [moveTile.py:90] - DEBUG - [2514.377847] moveTile tile color check tempTileColor=E (+4.2 ms)
2026-06-26 03:51:39,390 - mazeUtils.moveTile - [moveTile.py:90] - DEBUG - [2514.378504] moveTile obstacle check escapeFlag=False (+0.7 ms)
2026-06-26 03:51:39,395 - mazeUtils.moveTile - [moveTile.py:79] - DEBUG - roll: 359.06 deg, practicalMoveTime: 0.5740158372993777 sec
2026-06-26 03:51:39,396 - mazeUtils.moveTile - [moveTile.py:1907] - DEBUG - moveTile loop time: 51.7 ms
2026-06-26 03:51:39,397 - mazeUtils.moveTile - [moveTile.py:90] - DEBUG - [2514.385119] moveTile loop end practicalMoveTime=0.574 (+6.6 ms)
2026-06-26 03:51:39,397 - mazeUtils.moveTile - [moveTile.py:90] - DEBUG - [2514.385549] moveTile loop start (+0.4 ms)
2026-06-26 03:51:39,402 - picamera2.picamera2 - [picamera2.py:1391] - DEBUG - Execute job: <picamera2.job.Job object at 0x7f90809890>
2026-06-26 03:51:39,409 - mazeUtils.device.camera - [camera.py:39] - DEBUG - Average HSV: H=113.9, S=177.8, V=149.4
2026-06-26 03:51:39,414 - mazeUtils.moveTile - [moveTile.py:90] - DEBUG - [2514.402288] moveTile calculated motor speeds left=100 right=76 gyroSteer=33.840000000000146 wallSteer=0.0 (+16.7 ms)
2026-06-26 03:51:39,433 - mazeUtils.moveTile - [moveTile.py:90] - DEBUG - [2514.421635] moveTile applied motor speed left=100 right=76 (+19.3 ms)
2026-06-26 03:51:39,434 - mazeUtils.moveTile - [moveTile.py:90] - DEBUG - [2514.422352] moveTile ramp check isBigRamp=False (+0.7 ms)
2026-06-26 03:51:39,438 - mazeUtils.moveTile - [moveTile.py:90] - DEBUG - [2514.425823] moveTile tile color check tempTileColor=E (+3.5 ms)
2026-06-26 03:51:39,439 - mazeUtils.moveTile - [moveTile.py:90] - DEBUG - [2514.426966] moveTile obstacle check escapeFlag=False (+1.1 ms)
2026-06-26 03:51:39,451 - mazeUtils.moveTile - [moveTile.py:79] - DEBUG - roll: 359.02 deg, practicalMoveTime: 0.62889422187687 sec
2026-06-26 03:51:39,452 - mazeUtils.moveTile - [moveTile.py:1907] - DEBUG - moveTile loop time: 54.8 ms
2026-06-26 03:51:39,453 - mazeUtils.moveTile - [moveTile.py:90] - DEBUG - [2514.440938] moveTile loop end practicalMoveTime=0.629 (+14.0 ms)
2026-06-26 03:51:39,453 - mazeUtils.moveTile - [moveTile.py:90] - DEBUG - [2514.441328] moveTile loop start (+0.4 ms)
2026-06-26 03:51:39,459 - picamera2.picamera2 - [picamera2.py:1391] - DEBUG - Execute job: <picamera2.job.Job object at 0x7f99bdf9d0>
2026-06-26 03:51:39,468 - mazeUtils.device.camera - [camera.py:39] - DEBUG - Average HSV: H=113.4, S=182.7, V=152.1
2026-06-26 03:51:39,474 - mazeUtils.moveTile - [moveTile.py:90] - DEBUG - [2514.462758] moveTile calculated motor speeds left=100 right=75 gyroSteer=34.36000000000013 wallSteer=0.0 (+21.4 ms)
2026-06-26 03:51:39,494 - mazeUtils.moveTile - [moveTile.py:90] - DEBUG - [2514.482181] moveTile applied motor speed left=100 right=75 (+19.4 ms)
2026-06-26 03:51:39,495 - mazeUtils.moveTile - [moveTile.py:90] - DEBUG - [2514.482965] moveTile ramp check isBigRamp=False (+0.8 ms)
2026-06-26 03:51:39,499 - mazeUtils.moveTile - [moveTile.py:90] - DEBUG - [2514.487358] moveTile tile color check tempTileColor=E (+4.4 ms)
2026-06-26 03:51:39,500 - mazeUtils.moveTile - [moveTile.py:90] - DEBUG - [2514.488687] moveTile obstacle check escapeFlag=False (+1.3 ms)
2026-06-26 03:51:39,508 - mazeUtils.moveTile - [moveTile.py:79] - DEBUG - roll: 0.060000000000002274 deg, practicalMoveTime: 0.6841705432845652 sec
2026-06-26 03:51:39,508 - mazeUtils.moveTile - [moveTile.py:1907] - DEBUG - moveTile loop time: 55.2 ms
2026-06-26 03:51:39,509 - mazeUtils.moveTile - [moveTile.py:90] - DEBUG - [2514.497157] moveTile loop end practicalMoveTime=0.684 (+8.5 ms)
2026-06-26 03:51:39,509 - mazeUtils.moveTile - [moveTile.py:90] - DEBUG - [2514.497666] moveTile loop start (+0.5 ms)
2026-06-26 03:51:39,515 - picamera2.picamera2 - [picamera2.py:1391] - DEBUG - Execute job: <picamera2.job.Job object at 0x7f9adaea50>
2026-06-26 03:51:39,522 - mazeUtils.device.camera - [camera.py:39] - DEBUG - Average HSV: H=113.9, S=181.4, V=145.0
2026-06-26 03:51:39,529 - mazeUtils.moveTile - [moveTile.py:90] - DEBUG - [2514.517646] moveTile calculated motor speeds left=100 right=76 gyroSteer=33.16000000000008 wallSteer=0.0 (+20.0 ms)
2026-06-26 03:51:39,551 - mazeUtils.moveTile - [moveTile.py:90] - DEBUG - [2514.539406] moveTile applied motor speed left=100 right=76 (+21.8 ms)
2026-06-26 03:51:39,552 - mazeUtils.moveTile - [moveTile.py:90] - DEBUG - [2514.540190] moveTile ramp check isBigRamp=False (+0.8 ms)
2026-06-26 03:51:39,556 - mazeUtils.moveTile - [moveTile.py:90] - DEBUG - [2514.543641] moveTile tile color check tempTileColor=E (+3.5 ms)
2026-06-26 03:51:39,557 - mazeUtils.moveTile - [moveTile.py:90] - DEBUG - [2514.544960] moveTile obstacle check escapeFlag=False (+1.3 ms)
2026-06-26 03:51:39,563 - mazeUtils.moveTile - [moveTile.py:79] - DEBUG - roll: 358.53 deg, practicalMoveTime: 0.7391716980671008 sec
2026-06-26 03:51:39,564 - mazeUtils.moveTile - [moveTile.py:1907] - DEBUG - moveTile loop time: 54.9 ms
2026-06-26 03:51:39,565 - mazeUtils.moveTile - [moveTile.py:90] - DEBUG - [2514.553165] moveTile loop end practicalMoveTime=0.739 (+8.2 ms)
2026-06-26 03:51:39,565 - mazeUtils.moveTile - [moveTile.py:90] - DEBUG - [2514.553624] moveTile loop start (+0.5 ms)
2026-06-26 03:51:39,572 - picamera2.picamera2 - [picamera2.py:1391] - DEBUG - Execute job: <picamera2.job.Job object at 0x7f90809890>
2026-06-26 03:51:39,578 - mazeUtils.device.camera - [camera.py:39] - DEBUG - Average HSV: H=113.0, S=185.3, V=149.8
2026-06-26 03:51:39,591 - mazeUtils.moveTile - [moveTile.py:90] - DEBUG - [2514.578838] moveTile calculated motor speeds left=100 right=80 gyroSteer=27.440000000000055 wallSteer=0.0 (+25.2 ms)
2026-06-26 03:51:39,613 - mazeUtils.moveTile - [moveTile.py:90] - DEBUG - [2514.600990] moveTile applied motor speed left=100 right=80 (+22.2 ms)
2026-06-26 03:51:39,613 - mazeUtils.moveTile - [moveTile.py:90] - DEBUG - [2514.601736] moveTile ramp check isBigRamp=False (+0.7 ms)
2026-06-26 03:51:39,618 - mazeUtils.moveTile - [moveTile.py:90] - DEBUG - [2514.606113] moveTile tile color check tempTileColor=E (+4.4 ms)
2026-06-26 03:51:39,618 - mazeUtils.moveTile - [moveTile.py:90] - DEBUG - [2514.606721] moveTile obstacle check escapeFlag=False (+0.6 ms)
2026-06-26 03:51:39,624 - mazeUtils.moveTile - [moveTile.py:79] - DEBUG - roll: 358.93 deg, practicalMoveTime: 0.7982367398335813 sec
2026-06-26 03:51:39,625 - mazeUtils.moveTile - [moveTile.py:1907] - DEBUG - moveTile loop time: 59.6 ms
2026-06-26 03:51:39,626 - mazeUtils.moveTile - [moveTile.py:90] - DEBUG - [2514.613852] moveTile loop end practicalMoveTime=0.798 (+7.1 ms)
2026-06-26 03:51:39,626 - mazeUtils.moveTile - [moveTile.py:90] - DEBUG - [2514.614315] moveTile loop start (+0.5 ms)
2026-06-26 03:51:39,634 - picamera2.picamera2 - [picamera2.py:1391] - DEBUG - Execute job: <picamera2.job.Job object at 0x7f99bdf9d0>
2026-06-26 03:51:39,640 - mazeUtils.device.camera - [camera.py:39] - DEBUG - Average HSV: H=113.3, S=184.2, V=146.2
2026-06-26 03:51:39,646 - mazeUtils.moveTile - [moveTile.py:90] - DEBUG - [2514.634389] moveTile calculated motor speeds left=100 right=84 gyroSteer=22.039999999999964 wallSteer=0.0 (+20.1 ms)
2026-06-26 03:51:39,668 - mazeUtils.moveTile - [moveTile.py:90] - DEBUG - [2514.656634] moveTile applied motor speed left=100 right=84 (+22.2 ms)
2026-06-26 03:51:39,669 - mazeUtils.moveTile - [moveTile.py:90] - DEBUG - [2514.657350] moveTile ramp check isBigRamp=False (+0.7 ms)
2026-06-26 03:51:39,673 - mazeUtils.moveTile - [moveTile.py:90] - DEBUG - [2514.660842] moveTile tile color check tempTileColor=E (+3.5 ms)
2026-06-26 03:51:39,673 - mazeUtils.moveTile - [moveTile.py:90] - DEBUG - [2514.661520] moveTile obstacle check escapeFlag=False (+0.7 ms)
2026-06-26 03:51:39,684 - mazeUtils.moveTile - [moveTile.py:79] - DEBUG - roll: 359.53 deg, practicalMoveTime: 0.8573253836987202 sec
2026-06-26 03:51:39,685 - mazeUtils.moveTile - [moveTile.py:1907] - DEBUG - moveTile loop time: 58.9 ms
2026-06-26 03:51:39,685 - mazeUtils.moveTile - [moveTile.py:90] - DEBUG - [2514.673802] moveTile loop end practicalMoveTime=0.857 (+12.3 ms)
2026-06-26 03:51:39,686 - mazeUtils.moveTile - [moveTile.py:90] - DEBUG - [2514.674311] moveTile loop start (+0.5 ms)
2026-06-26 03:51:39,691 - picamera2.picamera2 - [picamera2.py:1391] - DEBUG - Execute job: <picamera2.job.Job object at 0x7f6090c650>
2026-06-26 03:51:39,697 - mazeUtils.device.camera - [camera.py:39] - DEBUG - Average HSV: H=113.4, S=184.4, V=142.5
2026-06-26 03:51:39,702 - mazeUtils.moveTile - [moveTile.py:90] - DEBUG - [2514.690649] moveTile calculated motor speeds left=100 right=85 gyroSteer=20.480000000000018 wallSteer=0.0 (+16.3 ms)
2026-06-26 03:51:39,723 - mazeUtils.moveTile - [moveTile.py:90] - DEBUG - [2514.711652] moveTile applied motor speed left=100 right=85 (+21.0 ms)
2026-06-26 03:51:39,725 - mazeUtils.moveTile - [moveTile.py:90] - DEBUG - [2514.712946] moveTile ramp check isBigRamp=False (+1.3 ms)
2026-06-26 03:51:39,729 - mazeUtils.moveTile - [moveTile.py:90] - DEBUG - [2514.717123] moveTile tile color check tempTileColor=E (+4.2 ms)
2026-06-26 03:51:39,730 - mazeUtils.moveTile - [moveTile.py:90] - DEBUG - [2514.717822] moveTile obstacle check escapeFlag=False (+0.7 ms)
2026-06-26 03:51:39,735 - mazeUtils.moveTile - [moveTile.py:79] - DEBUG - roll: 358.46 deg, practicalMoveTime: 0.9074954728675066 sec
2026-06-26 03:51:39,737 - mazeUtils.moveTile - [moveTile.py:1907] - DEBUG - moveTile loop time: 51.1 ms
2026-06-26 03:51:39,738 - mazeUtils.moveTile - [moveTile.py:90] - DEBUG - [2514.726019] moveTile loop end practicalMoveTime=0.907 (+8.2 ms)
2026-06-26 03:51:39,738 - mazeUtils.moveTile - [moveTile.py:90] - DEBUG - [2514.726625] moveTile loop start (+0.6 ms)
2026-06-26 03:51:39,751 - picamera2.picamera2 - [picamera2.py:1391] - DEBUG - Execute job: <picamera2.job.Job object at 0x7f81ff9dd0>
2026-06-26 03:51:39,758 - mazeUtils.device.camera - [camera.py:39] - DEBUG - Average HSV: H=112.7, S=190.9, V=151.5
2026-06-26 03:51:39,771 - mazeUtils.moveTile - [moveTile.py:90] - DEBUG - [2514.759738] moveTile calculated motor speeds left=100 right=92 gyroSteer=12.840000000000146 wallSteer=-2.0 (+33.1 ms)
2026-06-26 03:51:39,791 - mazeUtils.moveTile - [moveTile.py:90] - DEBUG - [2514.779591] moveTile applied motor speed left=100 right=92 (+19.9 ms)
2026-06-26 03:51:39,792 - mazeUtils.moveTile - [moveTile.py:90] - DEBUG - [2514.780747] moveTile ramp check isBigRamp=False (+1.2 ms)
2026-06-26 03:51:39,797 - mazeUtils.moveTile - [moveTile.py:90] - DEBUG - [2514.785367] moveTile tile color check tempTileColor=E (+4.6 ms)
2026-06-26 03:51:39,798 - mazeUtils.moveTile - [moveTile.py:90] - DEBUG - [2514.786188] moveTile obstacle check escapeFlag=False (+0.8 ms)
2026-06-26 03:51:39,804 - mazeUtils.moveTile - [moveTile.py:79] - DEBUG - roll: 358.96999999999997 deg, practicalMoveTime: 0.9745822035456679 sec
2026-06-26 03:51:39,805 - mazeUtils.moveTile - [moveTile.py:1907] - DEBUG - moveTile loop time: 66.7 ms
2026-06-26 03:51:39,806 - mazeUtils.moveTile - [moveTile.py:90] - DEBUG - [2514.793908] moveTile loop end practicalMoveTime=0.975 (+7.7 ms)
2026-06-26 03:51:39,806 - mazeUtils.moveTile - [moveTile.py:90] - DEBUG - [2514.794309] moveTile loop start (+0.4 ms)
2026-06-26 03:51:39,814 - picamera2.picamera2 - [picamera2.py:1391] - DEBUG - Execute job: <picamera2.job.Job object at 0x7f81fc0b50>
2026-06-26 03:51:39,821 - mazeUtils.device.camera - [camera.py:39] - DEBUG - Average HSV: H=112.7, S=192.2, V=153.8
2026-06-26 03:51:39,834 - mazeUtils.moveTile - [moveTile.py:90] - DEBUG - [2514.822373] moveTile calculated motor speeds left=100 right=92 gyroSteer=11.600000000000136 wallSteer=-0.8000000000000007 (+28.1 ms)
2026-06-26 03:51:39,857 - mazeUtils.moveTile - [moveTile.py:90] - DEBUG - [2514.845079] moveTile applied motor speed left=100 right=92 (+22.7 ms)
2026-06-26 03:51:39,858 - mazeUtils.moveTile - [moveTile.py:90] - DEBUG - [2514.845794] moveTile ramp check isBigRamp=False (+0.7 ms)
2026-06-26 03:51:39,863 - mazeUtils.moveTile - [moveTile.py:90] - DEBUG - [2514.850905] moveTile tile color check tempTileColor=E (+5.1 ms)
2026-06-26 03:51:39,864 - mazeUtils.moveTile - [moveTile.py:90] - DEBUG - [2514.852072] moveTile obstacle check escapeFlag=False (+1.2 ms)
2026-06-26 03:51:39,871 - mazeUtils.moveTile - [moveTile.py:1755] - INFO - practicalVerticalMove: -0.7992891942685757 CM
2026-06-26 03:51:39,892 - mazeUtils.moveTile - [moveTile.py:90] - DEBUG - [2514.879901] moveTile finished by time control (+27.8 ms)
2026-06-26 03:51:39,892 - mazeUtils.moveTile - [moveTile.py:90] - DEBUG - [2514.880673] moveTile start final forward adjustment (+28.6 ms)
2026-06-26 03:51:39,927 - mazeUtils.moveTile - [moveTile.py:90] - DEBUG - [2514.915310] moveTile finished final forward adjustment (+34.6 ms)
2026-06-26 03:51:39,928 - mazeUtils.moveTile - [moveTile.py:2117] - INFO - Set moved vertical distance: -0.7992891942685757 cm, past distances: [(-0.6490769432978905, False), (-0.537489128716279, False), (0, False)]
2026-06-26 03:51:39,929 - mazeUtils.moveTile - [moveTile.py:90] - DEBUG - [2514.917202] moveTile updated moved vertical distance -0.799 (+1.9 ms)
2026-06-26 03:51:40,073 - mazeUtils.moveTile - [moveTile.py:563] - DEBUG - Direction: absDirection.NORTH, Angle: 0, Distance: 71.50862983071676 cm
2026-06-26 03:51:40,075 - mazeUtils.moveTile - [moveTile.py:570] - INFO - angle: 0, result: judgeWallResult.NO_WALL
2026-06-26 03:51:40,077 - mazeUtils.moveTile - [moveTile.py:563] - DEBUG - Direction: absDirection.EAST, Angle: 270, Distance: 135.11576800760045 cm
2026-06-26 03:51:40,079 - mazeUtils.moveTile - [moveTile.py:563] - DEBUG - Direction: absDirection.SOUTH, Angle: 180, Distance: 152.00614855183105 cm
2026-06-26 03:51:40,080 - mazeUtils.moveTile - [moveTile.py:563] - DEBUG - Direction: absDirection.WEST, Angle: 90, Distance: 17.773034835247397 cm
2026-06-26 03:51:40,081 - mazeUtils.moveTile - [moveTile.py:90] - DEBUG - [2515.069243] moveTile updated map and detected walls (+152.0 ms)
2026-06-26 03:51:40,086 - mazeUtils.moveTile - [moveTile.py:2272] - INFO - Tile color detection, decided tile type: E
2026-06-26 03:51:40,087 - mazeUtils.moveTile - [moveTile.py:90] - DEBUG - [2515.074875] moveTile finished (+157.7 ms)
2026-06-26 03:51:40,173 - __main__ - [main.py:106] - INFO - Current position: (20, 17, 0), front direction: absDirection.NORTH
Layer 0 (altitude=0.0cm, offset=(0.0cm, 0.0cm)):
Known map area: x=20..20, y=17..20
+   +
| @  
+   +
| E  
+   +
| E  
+   +
| S |
+---+
mazeAsGraph[0][17][20] = {absDirection.NORTH: (20, 16, 0, 30), absDirection.EAST: (21, 17, 0, 30), absDirection.SOUTH: (20, 18, 0, 30), absDirection.WEST: None}
mazeAsGraph[0][18][20] = {absDirection.NORTH: (20, 17, 0, 30), absDirection.EAST: (21, 18, 0, 30), absDirection.SOUTH: (20, 19, 0, 30), absDirection.WEST: None}
mazeAsGraph[0][19][20] = {absDirection.NORTH: (20, 18, 0, 30), absDirection.EAST: (21, 19, 0, 30), absDirection.SOUTH: (20, 20, 0, 30), absDirection.WEST: None}
mazeAsGraph[0][20][20] = {absDirection.NORTH: (20, 19, 0, 30), absDirection.EAST: None, absDirection.SOUTH: None, absDirection.WEST: None}
2026-06-26 03:51:40,180 - mazeUtils.mazeMap - [mazeMap.py:61] - INFO - next goal: (20, 16, 0)
2026-06-26 03:51:40,182 - mazeUtils.mazeMap - [mazeMap.py:61] - INFO - next goal: (20, 20, 0)
2026-06-26 03:51:40,184 - mazeUtils.moveTile - [moveTile.py:88] - DEBUG - [2515.171861] moveTile start direction=absDirection.NORTH position=(20, 17, 0) front=absDirection.NORTH
2026-06-26 03:51:40,191 - mazeUtils.moveTile - [moveTile.py:90] - DEBUG - [2515.179057] moveTile after initial toggle check (+7.2 ms)
2026-06-26 03:51:40,193 - mazeUtils.moveTile - [moveTile.py:90] - DEBUG - [2515.181338] moveTile after tile checks isRedTile=False isUnknownTileAhead=True (+2.3 ms)
2026-06-26 03:51:40,194 - mazeUtils.moveTile - [moveTile.py:79] - DEBUG - Moving to absDirection.NORTH from (20, 17, 0) facing absDirection.NORTH
2026-06-26 03:51:40,194 - mazeUtils.moveTile - [moveTile.py:90] - DEBUG - [2515.182496] moveTile start heading change target=0 (+1.2 ms)
2026-06-26 03:51:40,219 - mazeUtils.moveTile - [moveTile.py:79] - DEBUG - current heading: 2.829999999999984 target: 0
2026-06-26 03:51:40,242 - mazeUtils.moveTile - [moveTile.py:435] - DEBUG - stopped turning at heading: 2.829999999999984, diff: 2.829999999999984
2026-06-26 03:51:40,346 - mazeUtils.moveTile - [moveTile.py:79] - DEBUG - Turned to heading: 1.9800000000000182 deg
2026-06-26 03:51:40,346 - mazeUtils.moveTile - [moveTile.py:90] - DEBUG - [2515.334749] moveTile finished heading change (+152.3 ms)
2026-06-26 03:51:40,347 - mazeUtils.moveTile - [moveTile.py:90] - DEBUG - [2515.335279] moveTile updated front direction (+0.5 ms)
2026-06-26 03:51:40,367 - mazeUtils.moveTile - [moveTile.py:90] - DEBUG - [2515.355566] moveTile stopped motors before alignment (+20.3 ms)
2026-06-26 03:51:40,536 - mazeUtils.moveTile - [moveTile.py:563] - DEBUG - Direction: absDirection.NORTH, Angle: 0, Distance: 72.73421766733853 cm
2026-06-26 03:51:40,539 - mazeUtils.moveTile - [moveTile.py:563] - DEBUG - Direction: absDirection.EAST, Angle: 270, Distance: 135.78031657354333 cm
2026-06-26 03:51:40,541 - mazeUtils.moveTile - [moveTile.py:563] - DEBUG - Direction: absDirection.SOUTH, Angle: 180, Distance: 111.87510020072996 cm
2026-06-26 03:51:40,543 - mazeUtils.moveTile - [moveTile.py:563] - DEBUG - Direction: absDirection.WEST, Angle: 90, Distance: 17.830971442184442 cm
2026-06-26 03:51:40,564 - mazeUtils.moveTile - [moveTile.py:90] - DEBUG - [2515.551843] moveTile ready for forward move (+196.3 ms)
2026-06-26 03:51:40,605 - mazeUtils.moveTile - [moveTile.py:90] - DEBUG - [2515.593226] moveTile initialized movement targetSteps=1 (+41.4 ms)
2026-06-26 03:51:40,606 - mazeUtils.moveTile - [moveTile.py:90] - DEBUG - [2515.594653] moveTile loop start (+1.4 ms)
2026-06-26 03:51:40,613 - picamera2.picamera2 - [picamera2.py:1391] - DEBUG - Execute job: <picamera2.job.Job object at 0x7f81ff9dd0>
2026-06-26 03:51:40,621 - mazeUtils.device.camera - [camera.py:39] - DEBUG - Average HSV: H=112.1, S=193.6, V=158.3
2026-06-26 03:51:40,627 - mazeUtils.moveTile - [moveTile.py:90] - DEBUG - [2515.615285] moveTile calculated motor speeds left=100 right=93 gyroSteer=6.240000000000009 wallSteer=0.3999999999999986 (+20.6 ms)
2026-06-26 03:51:40,646 - mazeUtils.moveTile - [moveTile.py:90] - DEBUG - [2515.634673] moveTile applied motor speed left=100 right=93 (+19.4 ms)
2026-06-26 03:51:40,647 - mazeUtils.moveTile - [moveTile.py:90] - DEBUG - [2515.635469] moveTile ramp check isBigRamp=False (+0.8 ms)
2026-06-26 03:51:40,651 - mazeUtils.moveTile - [moveTile.py:90] - DEBUG - [2515.639386] moveTile tile color check tempTileColor=E (+3.9 ms)
2026-06-26 03:51:40,652 - mazeUtils.moveTile - [moveTile.py:90] - DEBUG - [2515.640520] moveTile obstacle check escapeFlag=False (+1.1 ms)
2026-06-26 03:51:40,677 - mazeUtils.moveTile - [moveTile.py:916] - INFO - Moving backward before dropping rescue kit
2026-06-26 03:51:41,221 - mazeUtils.moveTile - [moveTile.py:925] - INFO - Detected victim info ahead: {<Side.LEFT: 0>: <UnitVStatus.H_VICTIM: 3>, <Side.RIGHT: 1>: <UnitVStatus.NOTHING: 0>}
2026-06-26 03:51:46,385 - mazeUtils.moveTile - [moveTile.py:79] - DEBUG - Turning to 0.3199999999999932 deg, current heading: 0.3199999999999932 deg, turnAngle: 0.0 deg
2026-06-26 03:51:46,409 - mazeUtils.moveTile - [moveTile.py:79] - DEBUG - Turned to heading: 0.3199999999999932 deg
2026-06-26 03:51:47,233 - mazeUtils.moveTile - [moveTile.py:79] - DEBUG - Turning to 0.35000000000002274 deg, current heading: 0.35000000000002274 deg, turnAngle: 0.0 deg
2026-06-26 03:51:47,255 - mazeUtils.moveTile - [moveTile.py:79] - DEBUG - Turned to heading: 0.35000000000002274 deg
2026-06-26 03:51:48,081 - mazeUtils.moveTile - [moveTile.py:79] - DEBUG - Turning to 0.3199999999999932 deg, current heading: 0.36000000000001364 deg, turnAngle: 0.040000000000020464 deg
2026-06-26 03:51:48,101 - mazeUtils.moveTile - [moveTile.py:79] - DEBUG - Turned to heading: 0.36000000000001364 deg
2026-06-26 03:51:48,642 - mazeUtils.moveTile - [moveTile.py:79] - DEBUG - roll: 358.89 deg, practicalMoveTime: 0.0 sec
2026-06-26 03:51:48,644 - mazeUtils.moveTile - [moveTile.py:1907] - DEBUG - moveTile loop time: 8036.7 ms
2026-06-26 03:51:48,644 - mazeUtils.moveTile - [moveTile.py:90] - DEBUG - [2523.632618] moveTile loop end practicalMoveTime=0.000 (+7992.1 ms)
2026-06-26 03:51:48,645 - mazeUtils.moveTile - [moveTile.py:90] - DEBUG - [2523.633033] moveTile loop start (+0.4 ms)
2026-06-26 03:51:48,653 - picamera2.picamera2 - [picamera2.py:1391] - DEBUG - Execute job: <picamera2.job.Job object at 0x7f633fcc90>
2026-06-26 03:51:48,663 - mazeUtils.device.camera - [camera.py:39] - DEBUG - Average HSV: H=112.2, S=194.5, V=142.1
2026-06-26 03:51:48,672 - mazeUtils.moveTile - [moveTile.py:90] - DEBUG - [2523.660122] moveTile calculated motor speeds left=100 right=97 gyroSteer=5.319999999999936 wallSteer=-3.1999999999999993 (+27.1 ms)
2026-06-26 03:51:48,693 - mazeUtils.moveTile - [moveTile.py:90] - DEBUG - [2523.680841] moveTile applied motor speed left=100 right=97 (+20.7 ms)
2026-06-26 03:51:48,694 - mazeUtils.moveTile - [moveTile.py:90] - DEBUG - [2523.682074] moveTile ramp check isBigRamp=False (+1.2 ms)
2026-06-26 03:51:48,700 - mazeUtils.moveTile - [moveTile.py:90] - DEBUG - [2523.688326] moveTile tile color check tempTileColor=E (+6.3 ms)
2026-06-26 03:51:48,701 - mazeUtils.moveTile - [moveTile.py:90] - DEBUG - [2523.689162] moveTile obstacle check escapeFlag=False (+0.8 ms)
2026-06-26 03:51:48,707 - mazeUtils.moveTile - [moveTile.py:79] - DEBUG - roll: 358.02 deg, practicalMoveTime: 0.06355794953741974 sec
2026-06-26 03:51:48,708 - mazeUtils.moveTile - [moveTile.py:1907] - DEBUG - moveTile loop time: 62.6 ms
2026-06-26 03:51:48,708 - mazeUtils.moveTile - [moveTile.py:90] - DEBUG - [2523.696428] moveTile loop end practicalMoveTime=0.064 (+7.3 ms)
2026-06-26 03:51:48,709 - mazeUtils.moveTile - [moveTile.py:90] - DEBUG - [2523.696980] moveTile loop start (+0.6 ms)
2026-06-26 03:51:48,716 - picamera2.picamera2 - [picamera2.py:1391] - DEBUG - Execute job: <picamera2.job.Job object at 0x7f99cde8d0>
2026-06-26 03:51:48,722 - mazeUtils.device.camera - [camera.py:39] - DEBUG - Average HSV: H=112.2, S=194.5, V=140.3
2026-06-26 03:51:48,729 - mazeUtils.moveTile - [moveTile.py:90] - DEBUG - [2523.717289] moveTile calculated motor speeds left=100 right=98 gyroSteer=4.680000000000064 wallSteer=-3.1999999999999993 (+20.3 ms)
2026-06-26 03:51:48,751 - mazeUtils.moveTile - [moveTile.py:90] - DEBUG - [2523.739650] moveTile applied motor speed left=100 right=98 (+22.4 ms)
2026-06-26 03:51:48,753 - mazeUtils.moveTile - [moveTile.py:90] - DEBUG - [2523.741068] moveTile ramp check isBigRamp=False (+1.4 ms)
2026-06-26 03:51:48,759 - mazeUtils.moveTile - [moveTile.py:90] - DEBUG - [2523.747339] moveTile tile color check tempTileColor=E (+6.3 ms)
2026-06-26 03:51:48,760 - mazeUtils.moveTile - [moveTile.py:90] - DEBUG - [2523.748168] moveTile obstacle check escapeFlag=False (+0.8 ms)
2026-06-26 03:51:48,767 - mazeUtils.moveTile - [moveTile.py:79] - DEBUG - roll: 357.95 deg, practicalMoveTime: 0.12258469882395379 sec
2026-06-26 03:51:48,767 - mazeUtils.moveTile - [moveTile.py:1907] - DEBUG - moveTile loop time: 58.7 ms
2026-06-26 03:51:48,768 - mazeUtils.moveTile - [moveTile.py:90] - DEBUG - [2523.756360] moveTile loop end practicalMoveTime=0.123 (+8.2 ms)
2026-06-26 03:51:48,768 - mazeUtils.moveTile - [moveTile.py:90] - DEBUG - [2523.756797] moveTile loop start (+0.4 ms)
2026-06-26 03:51:48,777 - picamera2.picamera2 - [picamera2.py:1391] - DEBUG - Execute job: <picamera2.job.Job object at 0x7f90809890>
2026-06-26 03:51:48,783 - mazeUtils.device.camera - [camera.py:39] - DEBUG - Average HSV: H=112.7, S=191.4, V=137.0
2026-06-26 03:51:48,789 - mazeUtils.moveTile - [moveTile.py:90] - DEBUG - [2523.776948] moveTile calculated motor speeds left=100 right=95 gyroSteer=8.120000000000118 wallSteer=-3.6000000000000014 (+20.2 ms)
2026-06-26 03:51:48,808 - mazeUtils.moveTile - [moveTile.py:90] - DEBUG - [2523.796648] moveTile applied motor speed left=100 right=95 (+19.7 ms)
2026-06-26 03:51:48,809 - mazeUtils.moveTile - [moveTile.py:90] - DEBUG - [2523.797433] moveTile ramp check isBigRamp=False (+0.8 ms)
2026-06-26 03:51:48,814 - mazeUtils.moveTile - [moveTile.py:90] - DEBUG - [2523.802536] moveTile tile color check tempTileColor=E (+5.1 ms)
2026-06-26 03:51:48,816 - mazeUtils.moveTile - [moveTile.py:90] - DEBUG - [2523.804410] moveTile obstacle check escapeFlag=False (+1.9 ms)
2026-06-26 03:51:48,827 - mazeUtils.moveTile - [moveTile.py:79] - DEBUG - roll: 358.13 deg, practicalMoveTime: 0.18165944148747898 sec
2026-06-26 03:51:48,828 - mazeUtils.moveTile - [moveTile.py:1907] - DEBUG - moveTile loop time: 59.7 ms
2026-06-26 03:51:48,829 - mazeUtils.moveTile - [moveTile.py:90] - DEBUG - [2523.817433] moveTile loop end practicalMoveTime=0.182 (+13.0 ms)
2026-06-26 03:51:48,830 - mazeUtils.moveTile - [moveTile.py:90] - DEBUG - [2523.818253] moveTile loop start (+0.8 ms)
2026-06-26 03:51:48,839 - picamera2.picamera2 - [picamera2.py:1391] - DEBUG - Execute job: <picamera2.job.Job object at 0x7f60ce0110>
2026-06-26 03:51:48,846 - mazeUtils.device.camera - [camera.py:39] - DEBUG - Average HSV: H=112.2, S=199.3, V=138.6
2026-06-26 03:51:48,853 - mazeUtils.moveTile - [moveTile.py:90] - DEBUG - [2523.841041] moveTile calculated motor speeds left=100 right=90 gyroSteer=12.480000000000018 wallSteer=-3.1999999999999993 (+22.8 ms)
2026-06-26 03:51:48,873 - mazeUtils.moveTile - [moveTile.py:90] - DEBUG - [2523.861230] moveTile applied motor speed left=100 right=90 (+20.2 ms)
2026-06-26 03:51:48,874 - mazeUtils.moveTile - [moveTile.py:90] - DEBUG - [2523.862198] moveTile ramp check isBigRamp=False (+1.0 ms)
2026-06-26 03:51:48,878 - mazeUtils.moveTile - [moveTile.py:90] - DEBUG - [2523.866141] moveTile tile color check tempTileColor=E (+3.9 ms)
2026-06-26 03:51:48,878 - mazeUtils.moveTile - [moveTile.py:90] - DEBUG - [2523.866784] moveTile obstacle check escapeFlag=False (+0.6 ms)
2026-06-26 03:51:48,884 - mazeUtils.moveTile - [moveTile.py:79] - DEBUG - roll: 357.28999999999996 deg, practicalMoveTime: 0.23713687370287906 sec
2026-06-26 03:51:48,885 - mazeUtils.moveTile - [moveTile.py:1907] - DEBUG - moveTile loop time: 55.1 ms
2026-06-26 03:51:48,886 - mazeUtils.moveTile - [moveTile.py:90] - DEBUG - [2523.873940] moveTile loop end practicalMoveTime=0.237 (+7.2 ms)
2026-06-26 03:51:48,886 - mazeUtils.moveTile - [moveTile.py:90] - DEBUG - [2523.874372] moveTile loop start (+0.4 ms)
2026-06-26 03:51:48,891 - picamera2.picamera2 - [picamera2.py:1391] - DEBUG - Execute job: <picamera2.job.Job object at 0x7f81f82ed0>
2026-06-26 03:51:48,898 - mazeUtils.device.camera - [camera.py:39] - DEBUG - Average HSV: H=111.9, S=203.7, V=143.4
2026-06-26 03:51:48,909 - mazeUtils.moveTile - [moveTile.py:90] - DEBUG - [2523.897585] moveTile calculated motor speeds left=100 right=90 gyroSteer=12.160000000000082 wallSteer=-2.799999999999997 (+23.2 ms)
2026-06-26 03:51:48,931 - mazeUtils.moveTile - [moveTile.py:90] - DEBUG - [2523.919481] moveTile applied motor speed left=100 right=90 (+21.9 ms)
2026-06-26 03:51:48,933 - mazeUtils.moveTile - [moveTile.py:90] - DEBUG - [2523.921306] moveTile ramp check isBigRamp=False (+1.8 ms)
2026-06-26 03:51:48,937 - mazeUtils.moveTile - [moveTile.py:90] - DEBUG - [2523.924860] moveTile tile color check tempTileColor=E (+3.6 ms)
2026-06-26 03:51:48,937 - mazeUtils.moveTile - [moveTile.py:90] - DEBUG - [2523.925424] moveTile obstacle check escapeFlag=False (+0.6 ms)
2026-06-26 03:51:48,943 - mazeUtils.moveTile - [moveTile.py:79] - DEBUG - roll: 358.99 deg, practicalMoveTime: 0.2949653165108178 sec
2026-06-26 03:51:48,944 - mazeUtils.moveTile - [moveTile.py:1907] - DEBUG - moveTile loop time: 57.7 ms
2026-06-26 03:51:48,945 - mazeUtils.moveTile - [moveTile.py:90] - DEBUG - [2523.933288] moveTile loop end practicalMoveTime=0.295 (+7.9 ms)
2026-06-26 03:51:48,945 - mazeUtils.moveTile - [moveTile.py:90] - DEBUG - [2523.933814] moveTile loop start (+0.5 ms)
2026-06-26 03:51:48,953 - picamera2.picamera2 - [picamera2.py:1391] - DEBUG - Execute job: <picamera2.job.Job object at 0x7f633fcc90>
2026-06-26 03:51:48,959 - mazeUtils.device.camera - [camera.py:39] - DEBUG - Average HSV: H=112.2, S=204.8, V=138.8
2026-06-26 03:51:48,966 - mazeUtils.moveTile - [moveTile.py:90] - DEBUG - [2523.953993] moveTile calculated motor speeds left=100 right=91 gyroSteer=13.680000000000064 wallSteer=-5.200000000000003 (+20.2 ms)
2026-06-26 03:51:48,985 - mazeUtils.moveTile - [moveTile.py:90] - DEBUG - [2523.973469] moveTile applied motor speed left=100 right=91 (+19.5 ms)
2026-06-26 03:51:48,986 - mazeUtils.moveTile - [moveTile.py:90] - DEBUG - [2523.974190] moveTile ramp check isBigRamp=False (+0.7 ms)
2026-06-26 03:51:48,989 - mazeUtils.moveTile - [moveTile.py:90] - DEBUG - [2523.977595] moveTile tile color check tempTileColor=E (+3.4 ms)
2026-06-26 03:51:48,990 - mazeUtils.moveTile - [moveTile.py:90] - DEBUG - [2523.978190] moveTile obstacle check escapeFlag=False (+0.6 ms)
2026-06-26 03:51:48,995 - mazeUtils.moveTile - [moveTile.py:79] - DEBUG - roll: 358.34 deg, practicalMoveTime: 0.3464748908399651 sec
2026-06-26 03:51:48,996 - mazeUtils.moveTile - [moveTile.py:1907] - DEBUG - moveTile loop time: 50.7 ms
2026-06-26 03:51:48,997 - mazeUtils.moveTile - [moveTile.py:90] - DEBUG - [2523.985192] moveTile loop end practicalMoveTime=0.346 (+7.0 ms)
2026-06-26 03:51:48,997 - mazeUtils.moveTile - [moveTile.py:90] - DEBUG - [2523.985689] moveTile loop start (+0.5 ms)
2026-06-26 03:51:49,004 - picamera2.picamera2 - [picamera2.py:1391] - DEBUG - Execute job: <picamera2.job.Job object at 0x7f82063a10>
2026-06-26 03:51:49,012 - mazeUtils.device.camera - [camera.py:39] - DEBUG - Average HSV: H=111.8, S=206.1, V=143.6
2026-06-26 03:51:49,021 - mazeUtils.moveTile - [moveTile.py:90] - DEBUG - [2524.008851] moveTile calculated motor speeds left=100 right=89 gyroSteer=12.120000000000118 wallSteer=-1.1999999999999993 (+23.2 ms)
2026-06-26 03:51:49,040 - mazeUtils.moveTile - [moveTile.py:90] - DEBUG - [2524.028064] moveTile applied motor speed left=100 right=89 (+19.2 ms)
2026-06-26 03:51:49,040 - mazeUtils.moveTile - [moveTile.py:90] - DEBUG - [2524.028817] moveTile ramp check isBigRamp=False (+0.8 ms)
2026-06-26 03:51:49,045 - mazeUtils.moveTile - [moveTile.py:90] - DEBUG - [2524.033464] moveTile tile color check tempTileColor=E (+4.6 ms)
2026-06-26 03:51:49,046 - mazeUtils.moveTile - [moveTile.py:90] - DEBUG - [2524.034214] moveTile obstacle check escapeFlag=False (+0.8 ms)
2026-06-26 03:51:49,052 - mazeUtils.moveTile - [moveTile.py:79] - DEBUG - roll: 359.28 deg, practicalMoveTime: 0.40201115336287613 sec
2026-06-26 03:51:49,054 - mazeUtils.moveTile - [moveTile.py:1907] - DEBUG - moveTile loop time: 56.3 ms
2026-06-26 03:51:49,055 - mazeUtils.moveTile - [moveTile.py:90] - DEBUG - [2524.042966] moveTile loop end practicalMoveTime=0.402 (+8.8 ms)
2026-06-26 03:51:49,056 - mazeUtils.moveTile - [moveTile.py:90] - DEBUG - [2524.043852] moveTile loop start (+0.9 ms)
2026-06-26 03:51:49,063 - picamera2.picamera2 - [picamera2.py:1391] - DEBUG - Execute job: <picamera2.job.Job object at 0x7f633fcc90>
2026-06-26 03:51:49,069 - mazeUtils.device.camera - [camera.py:39] - DEBUG - Average HSV: H=112.4, S=204.4, V=133.8
2026-06-26 03:51:49,077 - mazeUtils.moveTile - [moveTile.py:90] - DEBUG - [2524.065554] moveTile calculated motor speeds left=100 right=85 gyroSteer=14.200000000000045 wallSteer=0.3999999999999986 (+21.7 ms)
2026-06-26 03:51:49,101 - mazeUtils.moveTile - [moveTile.py:90] - DEBUG - [2524.089465] moveTile applied motor speed left=100 right=85 (+23.9 ms)
2026-06-26 03:51:49,104 - mazeUtils.moveTile - [moveTile.py:90] - DEBUG - [2524.092078] moveTile ramp check isBigRamp=False (+2.6 ms)
2026-06-26 03:51:49,107 - mazeUtils.moveTile - [moveTile.py:90] - DEBUG - [2524.095731] moveTile tile color check tempTileColor=E (+3.7 ms)
2026-06-26 03:51:49,108 - mazeUtils.moveTile - [moveTile.py:90] - DEBUG - [2524.096395] moveTile obstacle check escapeFlag=False (+0.7 ms)
2026-06-26 03:51:49,115 - mazeUtils.moveTile - [moveTile.py:79] - DEBUG - roll: 358.77 deg, practicalMoveTime: 0.4628222862209689 sec
2026-06-26 03:51:49,115 - mazeUtils.moveTile - [moveTile.py:1907] - DEBUG - moveTile loop time: 59.8 ms
2026-06-26 03:51:49,116 - mazeUtils.moveTile - [moveTile.py:90] - DEBUG - [2524.104321] moveTile loop end practicalMoveTime=0.463 (+7.9 ms)
2026-06-26 03:51:49,116 - mazeUtils.moveTile - [moveTile.py:90] - DEBUG - [2524.104796] moveTile loop start (+0.5 ms)
2026-06-26 03:51:49,122 - picamera2.picamera2 - [picamera2.py:1391] - DEBUG - Execute job: <picamera2.job.Job object at 0x7f82063b90>
2026-06-26 03:51:49,130 - mazeUtils.device.camera - [camera.py:39] - DEBUG - Average HSV: H=112.1, S=206.5, V=137.2
2026-06-26 03:51:49,137 - mazeUtils.moveTile - [moveTile.py:90] - DEBUG - [2524.125663] moveTile calculated motor speeds left=100 right=88 gyroSteer=12.039999999999964 wallSteer=-0.3999999999999986 (+20.9 ms)
2026-06-26 03:51:49,159 - mazeUtils.moveTile - [moveTile.py:90] - DEBUG - [2524.147566] moveTile applied motor speed left=100 right=88 (+21.9 ms)
2026-06-26 03:51:49,160 - mazeUtils.moveTile - [moveTile.py:90] - DEBUG - [2524.148401] moveTile ramp check isBigRamp=False (+0.8 ms)
2026-06-26 03:51:49,164 - mazeUtils.moveTile - [moveTile.py:90] - DEBUG - [2524.152162] moveTile tile color check tempTileColor=E (+3.8 ms)
2026-06-26 03:51:49,165 - mazeUtils.moveTile - [moveTile.py:90] - DEBUG - [2524.153336] moveTile obstacle check escapeFlag=False (+1.2 ms)
2026-06-26 03:51:49,173 - mazeUtils.moveTile - [moveTile.py:79] - DEBUG - roll: 359.12 deg, practicalMoveTime: 0.5200483048083553 sec
2026-06-26 03:51:49,174 - mazeUtils.moveTile - [moveTile.py:1907] - DEBUG - moveTile loop time: 57.4 ms
2026-06-26 03:51:49,175 - mazeUtils.moveTile - [moveTile.py:90] - DEBUG - [2524.163100] moveTile loop end practicalMoveTime=0.520 (+9.8 ms)
2026-06-26 03:51:49,176 - mazeUtils.moveTile - [moveTile.py:90] - DEBUG - [2524.163876] moveTile loop start (+0.8 ms)
2026-06-26 03:51:49,184 - picamera2.picamera2 - [picamera2.py:1391] - DEBUG - Execute job: <picamera2.job.Job object at 0x7f633fcc90>
2026-06-26 03:51:49,190 - mazeUtils.device.camera - [camera.py:39] - DEBUG - Average HSV: H=112.1, S=205.4, V=135.6
2026-06-26 03:51:49,196 - mazeUtils.moveTile - [moveTile.py:90] - DEBUG - [2524.184740] moveTile calculated motor speeds left=100 right=89 gyroSteer=11.400000000000091 wallSteer=-0.8000000000000007 (+20.9 ms)
2026-06-26 03:51:49,220 - mazeUtils.moveTile - [moveTile.py:90] - DEBUG - [2524.208313] moveTile applied motor speed left=100 right=89 (+23.6 ms)
2026-06-26 03:51:49,221 - mazeUtils.moveTile - [moveTile.py:90] - DEBUG - [2524.209098] moveTile ramp check isBigRamp=False (+0.8 ms)
2026-06-26 03:51:49,224 - mazeUtils.moveTile - [moveTile.py:90] - DEBUG - [2524.212761] moveTile tile color check tempTileColor=E (+3.7 ms)
2026-06-26 03:51:49,225 - mazeUtils.moveTile - [moveTile.py:90] - DEBUG - [2524.213619] moveTile obstacle check escapeFlag=False (+0.9 ms)
2026-06-26 03:51:49,232 - mazeUtils.moveTile - [moveTile.py:79] - DEBUG - roll: 359.55 deg, practicalMoveTime: 0.5783787333126614 sec
2026-06-26 03:51:49,233 - mazeUtils.moveTile - [moveTile.py:1907] - DEBUG - moveTile loop time: 57.5 ms
2026-06-26 03:51:49,234 - mazeUtils.moveTile - [moveTile.py:90] - DEBUG - [2524.221914] moveTile loop end practicalMoveTime=0.578 (+8.3 ms)
2026-06-26 03:51:49,234 - mazeUtils.moveTile - [moveTile.py:90] - DEBUG - [2524.222308] moveTile loop start (+0.4 ms)
2026-06-26 03:51:49,241 - picamera2.picamera2 - [picamera2.py:1391] - DEBUG - Execute job: <picamera2.job.Job object at 0x7f82063bd0>
2026-06-26 03:51:49,248 - mazeUtils.device.camera - [camera.py:39] - DEBUG - Average HSV: H=112.0, S=206.0, V=135.1
2026-06-26 03:51:49,257 - mazeUtils.moveTile - [moveTile.py:90] - DEBUG - [2524.245098] moveTile calculated motor speeds left=100 right=88 gyroSteer=12.319999999999936 wallSteer=-0.3999999999999986 (+22.8 ms)
2026-06-26 03:51:49,278 - mazeUtils.moveTile - [moveTile.py:90] - DEBUG - [2524.265975] moveTile applied motor speed left=100 right=88 (+20.9 ms)
2026-06-26 03:51:49,278 - mazeUtils.moveTile - [moveTile.py:90] - DEBUG - [2524.266736] moveTile ramp check isBigRamp=False (+0.8 ms)
2026-06-26 03:51:49,282 - mazeUtils.moveTile - [moveTile.py:90] - DEBUG - [2524.270222] moveTile tile color check tempTileColor=E (+3.5 ms)
2026-06-26 03:51:49,283 - mazeUtils.moveTile - [moveTile.py:90] - DEBUG - [2524.270892] moveTile obstacle check escapeFlag=False (+0.7 ms)
2026-06-26 03:51:49,287 - mazeUtils.moveTile - [moveTile.py:79] - DEBUG - roll: 357.68 deg, practicalMoveTime: 0.6320276619907486 sec
2026-06-26 03:51:49,288 - mazeUtils.moveTile - [moveTile.py:1907] - DEBUG - moveTile loop time: 54.2 ms
2026-06-26 03:51:49,289 - mazeUtils.moveTile - [moveTile.py:90] - DEBUG - [2524.277160] moveTile loop end practicalMoveTime=0.632 (+6.3 ms)
2026-06-26 03:51:49,289 - mazeUtils.moveTile - [moveTile.py:90] - DEBUG - [2524.277568] moveTile loop start (+0.4 ms)
2026-06-26 03:51:49,296 - picamera2.picamera2 - [picamera2.py:1391] - DEBUG - Execute job: <picamera2.job.Job object at 0x7f820611d0>
2026-06-26 03:51:49,303 - mazeUtils.device.camera - [camera.py:39] - DEBUG - Average HSV: H=111.3, S=209.1, V=142.0
2026-06-26 03:51:49,313 - mazeUtils.moveTile - [moveTile.py:90] - DEBUG - [2524.301251] moveTile calculated motor speeds left=100 right=92 gyroSteer=7.319999999999936 wallSteer=0.0 (+23.7 ms)
2026-06-26 03:51:49,333 - mazeUtils.moveTile - [moveTile.py:90] - DEBUG - [2524.321073] moveTile applied motor speed left=100 right=92 (+19.8 ms)
2026-06-26 03:51:49,334 - mazeUtils.moveTile - [moveTile.py:90] - DEBUG - [2524.321835] moveTile ramp check isBigRamp=False (+0.8 ms)
2026-06-26 03:51:49,341 - mazeUtils.moveTile - [moveTile.py:90] - DEBUG - [2524.329713] moveTile tile color check tempTileColor=E (+7.9 ms)
2026-06-26 03:51:49,342 - mazeUtils.moveTile - [moveTile.py:90] - DEBUG - [2524.330471] moveTile obstacle check escapeFlag=False (+0.8 ms)
2026-06-26 03:51:49,347 - mazeUtils.moveTile - [moveTile.py:79] - DEBUG - roll: 359.05 deg, practicalMoveTime: 0.6906910213897379 sec
2026-06-26 03:51:49,348 - mazeUtils.moveTile - [moveTile.py:1907] - DEBUG - moveTile loop time: 58.6 ms
2026-06-26 03:51:49,349 - mazeUtils.moveTile - [moveTile.py:90] - DEBUG - [2524.336842] moveTile loop end practicalMoveTime=0.691 (+6.4 ms)
2026-06-26 03:51:49,349 - mazeUtils.moveTile - [moveTile.py:90] - DEBUG - [2524.337312] moveTile loop start (+0.5 ms)
2026-06-26 03:51:49,357 - picamera2.picamera2 - [picamera2.py:1391] - DEBUG - Execute job: <picamera2.job.Job object at 0x7f81f82ed0>
2026-06-26 03:51:49,363 - mazeUtils.device.camera - [camera.py:39] - DEBUG - Average HSV: H=111.7, S=209.3, V=137.9
2026-06-26 03:51:49,371 - mazeUtils.moveTile - [moveTile.py:90] - DEBUG - [2524.358925] moveTile calculated motor speeds left=100 right=95 gyroSteer=4.440000000000055 wallSteer=0.3999999999999986 (+21.6 ms)
2026-06-26 03:51:49,391 - mazeUtils.moveTile - [moveTile.py:90] - DEBUG - [2524.379380] moveTile applied motor speed left=100 right=95 (+20.5 ms)
2026-06-26 03:51:49,392 - mazeUtils.moveTile - [moveTile.py:90] - DEBUG - [2524.380237] moveTile ramp check isBigRamp=False (+0.9 ms)
2026-06-26 03:51:49,396 - mazeUtils.moveTile - [moveTile.py:90] - DEBUG - [2524.384098] moveTile tile color check tempTileColor=E (+3.9 ms)
2026-06-26 03:51:49,397 - mazeUtils.moveTile - [moveTile.py:90] - DEBUG - [2524.384938] moveTile obstacle check escapeFlag=False (+0.8 ms)
2026-06-26 03:51:49,404 - mazeUtils.moveTile - [moveTile.py:79] - DEBUG - roll: 358.02 deg, practicalMoveTime: 0.7464851127589078 sec
2026-06-26 03:51:49,405 - mazeUtils.moveTile - [moveTile.py:1907] - DEBUG - moveTile loop time: 55.6 ms
2026-06-26 03:51:49,405 - mazeUtils.moveTile - [moveTile.py:90] - DEBUG - [2524.393462] moveTile loop end practicalMoveTime=0.746 (+8.5 ms)
2026-06-26 03:51:49,406 - mazeUtils.moveTile - [moveTile.py:90] - DEBUG - [2524.393916] moveTile loop start (+0.5 ms)
2026-06-26 03:51:49,412 - picamera2.picamera2 - [picamera2.py:1391] - DEBUG - Execute job: <picamera2.job.Job object at 0x7f99cde8d0>
2026-06-26 03:51:49,418 - mazeUtils.device.camera - [camera.py:39] - DEBUG - Average HSV: H=111.5, S=208.9, V=141.2
2026-06-26 03:51:49,428 - mazeUtils.moveTile - [moveTile.py:90] - DEBUG - [2524.416492] moveTile calculated motor speeds left=97 right=100 gyroSteer=-1.2799999999999727 wallSteer=-1.6000000000000014 (+22.6 ms)
2026-06-26 03:51:49,454 - mazeUtils.moveTile - [moveTile.py:90] - DEBUG - [2524.442766] moveTile applied motor speed left=97 right=100 (+26.3 ms)
2026-06-26 03:51:49,455 - mazeUtils.moveTile - [moveTile.py:90] - DEBUG - [2524.443625] moveTile ramp check isBigRamp=False (+0.9 ms)
2026-06-26 03:51:49,461 - mazeUtils.moveTile - [moveTile.py:90] - DEBUG - [2524.449229] moveTile tile color check tempTileColor=E (+5.6 ms)
2026-06-26 03:51:49,462 - mazeUtils.moveTile - [moveTile.py:90] - DEBUG - [2524.449992] moveTile obstacle check escapeFlag=False (+0.8 ms)
2026-06-26 03:51:49,469 - mazeUtils.moveTile - [moveTile.py:79] - DEBUG - roll: 359.49 deg, practicalMoveTime: 0.8102304051191611 sec
2026-06-26 03:51:49,470 - mazeUtils.moveTile - [moveTile.py:1907] - DEBUG - moveTile loop time: 63.8 ms
2026-06-26 03:51:49,471 - mazeUtils.moveTile - [moveTile.py:90] - DEBUG - [2524.459023] moveTile loop end practicalMoveTime=0.810 (+9.0 ms)
2026-06-26 03:51:49,472 - mazeUtils.moveTile - [moveTile.py:90] - DEBUG - [2524.460526] moveTile loop start (+1.5 ms)
2026-06-26 03:51:49,480 - picamera2.picamera2 - [picamera2.py:1391] - DEBUG - Execute job: <picamera2.job.Job object at 0x7f99cde8d0>
2026-06-26 03:51:49,488 - mazeUtils.device.camera - [camera.py:39] - DEBUG - Average HSV: H=111.8, S=203.5, V=140.2
2026-06-26 03:51:49,497 - mazeUtils.moveTile - [moveTile.py:90] - DEBUG - [2524.485318] moveTile calculated motor speeds left=99 right=100 gyroSteer=-0.9600000000000364 wallSteer=0.3999999999999986 (+24.8 ms)
2026-06-26 03:51:49,520 - mazeUtils.moveTile - [moveTile.py:90] - DEBUG - [2524.508256] moveTile applied motor speed left=99 right=100 (+22.9 ms)
2026-06-26 03:51:49,521 - mazeUtils.moveTile - [moveTile.py:90] - DEBUG - [2524.509010] moveTile ramp check isBigRamp=False (+0.8 ms)
2026-06-26 03:51:49,525 - mazeUtils.moveTile - [moveTile.py:90] - DEBUG - [2524.513124] moveTile tile color check tempTileColor=E (+4.1 ms)
2026-06-26 03:51:49,527 - mazeUtils.moveTile - [moveTile.py:90] - DEBUG - [2524.515361] moveTile obstacle check escapeFlag=False (+2.2 ms)
2026-06-26 03:51:49,539 - mazeUtils.moveTile - [moveTile.py:1755] - INFO - practicalVerticalMove: -0.7181950990358628 CM
2026-06-26 03:51:49,561 - mazeUtils.moveTile - [moveTile.py:90] - DEBUG - [2524.549676] moveTile finished by time control (+34.3 ms)
2026-06-26 03:51:49,562 - mazeUtils.moveTile - [moveTile.py:90] - DEBUG - [2524.550548] moveTile start final forward adjustment (+35.2 ms)
2026-06-26 03:51:49,592 - mazeUtils.moveTile - [moveTile.py:90] - DEBUG - [2524.580582] moveTile finished final forward adjustment (+30.0 ms)
2026-06-26 03:51:49,593 - mazeUtils.moveTile - [moveTile.py:2117] - INFO - Set moved vertical distance: -0.7181950990358628 cm, past distances: [(-0.7992891942685757, False), (-0.6490769432978905, False), (-0.537489128716279, False)]
2026-06-26 03:51:49,595 - mazeUtils.moveTile - [moveTile.py:90] - DEBUG - [2524.583308] moveTile updated moved vertical distance -0.718 (+2.7 ms)
2026-06-26 03:51:49,749 - mazeUtils.moveTile - [moveTile.py:563] - DEBUG - Direction: absDirection.NORTH, Angle: 0, Distance: 40.80032237226647 cm
2026-06-26 03:51:49,752 - mazeUtils.moveTile - [moveTile.py:570] - INFO - angle: 0, result: judgeWallResult.NO_WALL
2026-06-26 03:51:49,754 - mazeUtils.moveTile - [moveTile.py:563] - DEBUG - Direction: absDirection.EAST, Angle: 270, Distance: 47.275928779965845 cm
2026-06-26 03:51:49,755 - mazeUtils.moveTile - [moveTile.py:563] - DEBUG - Direction: absDirection.SOUTH, Angle: 180, Distance: 243.06298079510475 cm
2026-06-26 03:51:49,757 - mazeUtils.moveTile - [moveTile.py:563] - DEBUG - Direction: absDirection.WEST, Angle: 90, Distance: 18.79385241571817 cm
2026-06-26 03:51:49,758 - mazeUtils.moveTile - [moveTile.py:90] - DEBUG - [2524.745975] moveTile updated map and detected walls (+162.7 ms)
2026-06-26 03:51:49,762 - mazeUtils.moveTile - [moveTile.py:2272] - INFO - Tile color detection, decided tile type: E
2026-06-26 03:51:49,763 - mazeUtils.moveTile - [moveTile.py:90] - DEBUG - [2524.750871] moveTile finished (+167.6 ms)
2026-06-26 03:51:49,849 - __main__ - [main.py:106] - INFO - Current position: (20, 16, 0), front direction: absDirection.NORTH
Layer 0 (altitude=0.0cm, offset=(0.0cm, 0.0cm)):
Known map area: x=20..20, y=16..20
+   +
| @  
+   +
| E  
+   +
| E  
+   +
| E  
+   +
| S |
+---+
mazeAsGraph[0][16][20] = {absDirection.NORTH: (20, 15, 0, 30), absDirection.EAST: (21, 16, 0, 30), absDirection.SOUTH: (20, 17, 0, 30), absDirection.WEST: None}
mazeAsGraph[0][17][20] = {absDirection.NORTH: (20, 16, 0, 30), absDirection.EAST: (21, 17, 0, 30), absDirection.SOUTH: (20, 18, 0, 30), absDirection.WEST: None}
mazeAsGraph[0][18][20] = {absDirection.NORTH: (20, 17, 0, 30), absDirection.EAST: (21, 18, 0, 30), absDirection.SOUTH: (20, 19, 0, 30), absDirection.WEST: None}
mazeAsGraph[0][19][20] = {absDirection.NORTH: (20, 18, 0, 30), absDirection.EAST: (21, 19, 0, 30), absDirection.SOUTH: (20, 20, 0, 30), absDirection.WEST: None}
mazeAsGraph[0][20][20] = {absDirection.NORTH: (20, 19, 0, 30), absDirection.EAST: None, absDirection.SOUTH: None, absDirection.WEST: None}
2026-06-26 03:51:49,859 - mazeUtils.mazeMap - [mazeMap.py:61] - INFO - next goal: (20, 15, 0)
2026-06-26 03:51:49,862 - mazeUtils.mazeMap - [mazeMap.py:61] - INFO - next goal: (20, 20, 0)
2026-06-26 03:51:49,863 - mazeUtils.moveTile - [moveTile.py:88] - DEBUG - [2524.851635] moveTile start direction=absDirection.NORTH position=(20, 16, 0) front=absDirection.NORTH
2026-06-26 03:51:49,869 - mazeUtils.moveTile - [moveTile.py:90] - DEBUG - [2524.857765] moveTile after initial toggle check (+6.1 ms)
2026-06-26 03:51:49,872 - mazeUtils.moveTile - [moveTile.py:90] - DEBUG - [2524.860302] moveTile after tile checks isRedTile=False isUnknownTileAhead=True (+2.5 ms)
2026-06-26 03:51:49,873 - mazeUtils.moveTile - [moveTile.py:79] - DEBUG - Moving to absDirection.NORTH from (20, 16, 0) facing absDirection.NORTH
2026-06-26 03:51:49,873 - mazeUtils.moveTile - [moveTile.py:90] - DEBUG - [2524.861554] moveTile start heading change target=0 (+1.3 ms)
2026-06-26 03:51:49,900 - mazeUtils.moveTile - [moveTile.py:79] - DEBUG - current heading: 3.0400000000000205 target: 0
2026-06-26 03:51:49,920 - mazeUtils.moveTile - [moveTile.py:435] - DEBUG - stopped turning at heading: 3.0400000000000205, diff: 3.0400000000000205
2026-06-26 03:51:50,003 - mazeUtils.moveTile - [moveTile.py:79] - DEBUG - Turned to heading: 1.8199999999999932 deg
2026-06-26 03:51:50,004 - mazeUtils.moveTile - [moveTile.py:90] - DEBUG - [2524.992202] moveTile finished heading change (+130.6 ms)
2026-06-26 03:51:50,004 - mazeUtils.moveTile - [moveTile.py:90] - DEBUG - [2524.992715] moveTile updated front direction (+0.5 ms)
2026-06-26 03:51:50,025 - mazeUtils.moveTile - [moveTile.py:90] - DEBUG - [2525.013077] moveTile stopped motors before alignment (+20.4 ms)
2026-06-26 03:51:50,180 - mazeUtils.moveTile - [moveTile.py:563] - DEBUG - Direction: absDirection.NORTH, Angle: 0, Distance: 42.66204641753739 cm
2026-06-26 03:51:50,183 - mazeUtils.moveTile - [moveTile.py:563] - DEBUG - Direction: absDirection.EAST, Angle: 270, Distance: 47.23377069470668 cm
2026-06-26 03:51:50,185 - mazeUtils.moveTile - [moveTile.py:563] - DEBUG - Direction: absDirection.SOUTH, Angle: 180, Distance: 141.75850857860036 cm
2026-06-26 03:51:50,187 - mazeUtils.moveTile - [moveTile.py:563] - DEBUG - Direction: absDirection.WEST, Angle: 90, Distance: 18.69988279517529 cm
2026-06-26 03:51:50,208 - mazeUtils.moveTile - [moveTile.py:90] - DEBUG - [2525.196538] moveTile ready for forward move (+183.5 ms)
2026-06-26 03:51:50,248 - mazeUtils.moveTile - [moveTile.py:90] - DEBUG - [2525.236695] moveTile initialized movement targetSteps=1 (+40.2 ms)
2026-06-26 03:51:50,250 - mazeUtils.moveTile - [moveTile.py:90] - DEBUG - [2525.238038] moveTile loop start (+1.3 ms)
2026-06-26 03:51:50,257 - picamera2.picamera2 - [picamera2.py:1391] - DEBUG - Execute job: <picamera2.job.Job object at 0x7f99ba7690>
2026-06-26 03:51:50,263 - mazeUtils.device.camera - [camera.py:39] - DEBUG - Average HSV: H=111.2, S=217.7, V=157.6
2026-06-26 03:51:50,269 - mazeUtils.moveTile - [moveTile.py:90] - DEBUG - [2525.257322] moveTile calculated motor speeds left=100 right=97 gyroSteer=6.480000000000018 wallSteer=-3.6000000000000014 (+19.3 ms)
2026-06-26 03:51:50,289 - mazeUtils.moveTile - [moveTile.py:90] - DEBUG - [2525.277132] moveTile applied motor speed left=100 right=97 (+19.8 ms)
2026-06-26 03:51:50,290 - mazeUtils.moveTile - [moveTile.py:90] - DEBUG - [2525.277987] moveTile ramp check isBigRamp=False (+0.9 ms)
2026-06-26 03:51:50,294 - mazeUtils.moveTile - [moveTile.py:90] - DEBUG - [2525.282073] moveTile tile color check tempTileColor=E (+4.1 ms)
2026-06-26 03:51:50,294 - mazeUtils.moveTile - [moveTile.py:90] - DEBUG - [2525.282700] moveTile obstacle check escapeFlag=False (+0.6 ms)
2026-06-26 03:51:50,300 - mazeUtils.moveTile - [moveTile.py:79] - DEBUG - roll: 0.0 deg, practicalMoveTime: 0.05180132948673916 sec
2026-06-26 03:51:50,301 - mazeUtils.moveTile - [moveTile.py:1907] - DEBUG - moveTile loop time: 51.7 ms
2026-06-26 03:51:50,303 - mazeUtils.moveTile - [moveTile.py:90] - DEBUG - [2525.290872] moveTile loop end practicalMoveTime=0.052 (+8.2 ms)
2026-06-26 03:51:50,303 - mazeUtils.moveTile - [moveTile.py:90] - DEBUG - [2525.291392] moveTile loop start (+0.5 ms)
2026-06-26 03:51:50,312 - picamera2.picamera2 - [picamera2.py:1391] - DEBUG - Execute job: <picamera2.job.Job object at 0x7f82063a10>
2026-06-26 03:51:50,318 - mazeUtils.device.camera - [camera.py:39] - DEBUG - Average HSV: H=111.5, S=217.5, V=154.1
2026-06-26 03:51:50,323 - mazeUtils.moveTile - [moveTile.py:90] - DEBUG - [2525.311422] moveTile calculated motor speeds left=100 right=96 gyroSteer=7.559999999999945 wallSteer=-3.6000000000000014 (+20.0 ms)
2026-06-26 03:51:50,343 - mazeUtils.moveTile - [moveTile.py:90] - DEBUG - [2525.331268] moveTile applied motor speed left=100 right=96 (+19.8 ms)
2026-06-26 03:51:50,344 - mazeUtils.moveTile - [moveTile.py:90] - DEBUG - [2525.332062] moveTile ramp check isBigRamp=False (+0.8 ms)
2026-06-26 03:51:50,348 - mazeUtils.moveTile - [moveTile.py:90] - DEBUG - [2525.336066] moveTile tile color check tempTileColor=E (+4.0 ms)
2026-06-26 03:51:50,348 - mazeUtils.moveTile - [moveTile.py:90] - DEBUG - [2525.336791] moveTile obstacle check escapeFlag=False (+0.7 ms)
2026-06-26 03:51:50,354 - mazeUtils.moveTile - [moveTile.py:79] - DEBUG - roll: 359.26 deg, practicalMoveTime: 0.10393598567934825 sec
2026-06-26 03:51:50,355 - mazeUtils.moveTile - [moveTile.py:1907] - DEBUG - moveTile loop time: 51.3 ms
2026-06-26 03:51:50,355 - mazeUtils.moveTile - [moveTile.py:90] - DEBUG - [2525.343318] moveTile loop end practicalMoveTime=0.104 (+6.5 ms)
2026-06-26 03:51:50,356 - mazeUtils.moveTile - [moveTile.py:90] - DEBUG - [2525.343829] moveTile loop start (+0.5 ms)
2026-06-26 03:51:50,367 - picamera2.picamera2 - [picamera2.py:1391] - DEBUG - Execute job: <picamera2.job.Job object at 0x7f99bdf9d0>
2026-06-26 03:51:50,376 - mazeUtils.device.camera - [camera.py:39] - DEBUG - Average HSV: H=110.8, S=214.5, V=163.6
2026-06-26 03:51:50,383 - mazeUtils.moveTile - [moveTile.py:90] - DEBUG - [2525.371752] moveTile calculated motor speeds left=100 right=98 gyroSteer=2.9200000000000728 wallSteer=-1.6000000000000014 (+27.9 ms)
2026-06-26 03:51:50,406 - mazeUtils.moveTile - [moveTile.py:90] - DEBUG - [2525.393832] moveTile applied motor speed left=100 right=98 (+22.1 ms)
2026-06-26 03:51:50,406 - mazeUtils.moveTile - [moveTile.py:90] - DEBUG - [2525.394557] moveTile ramp check isBigRamp=False (+0.7 ms)
2026-06-26 03:51:50,412 - mazeUtils.moveTile - [moveTile.py:90] - DEBUG - [2525.400065] moveTile tile color check tempTileColor=E (+5.5 ms)
2026-06-26 03:51:50,412 - mazeUtils.moveTile - [moveTile.py:90] - DEBUG - [2525.400802] moveTile obstacle check escapeFlag=False (+0.7 ms)
2026-06-26 03:51:50,424 - mazeUtils.moveTile - [moveTile.py:79] - DEBUG - roll: 0.36000000000001364 deg, practicalMoveTime: 0.17321994791469597 sec
2026-06-26 03:51:50,425 - mazeUtils.moveTile - [moveTile.py:1907] - DEBUG - moveTile loop time: 69.1 ms
2026-06-26 03:51:50,425 - mazeUtils.moveTile - [moveTile.py:90] - DEBUG - [2525.413509] moveTile loop end practicalMoveTime=0.173 (+12.7 ms)
2026-06-26 03:51:50,426 - mazeUtils.moveTile - [moveTile.py:90] - DEBUG - [2525.413907] moveTile loop start (+0.4 ms)
2026-06-26 03:51:50,433 - picamera2.picamera2 - [picamera2.py:1391] - DEBUG - Execute job: <picamera2.job.Job object at 0x7f90809890>
2026-06-26 03:51:50,439 - mazeUtils.device.camera - [camera.py:39] - DEBUG - Average HSV: H=111.3, S=219.6, V=160.2
2026-06-26 03:51:50,445 - mazeUtils.moveTile - [moveTile.py:90] - DEBUG - [2525.432858] moveTile calculated motor speeds left=100 right=94 gyroSteer=9.160000000000082 wallSteer=-3.6000000000000014 (+19.0 ms)
2026-06-26 03:51:50,464 - mazeUtils.moveTile - [moveTile.py:90] - DEBUG - [2525.452386] moveTile applied motor speed left=100 right=94 (+19.5 ms)
2026-06-26 03:51:50,465 - mazeUtils.moveTile - [moveTile.py:90] - DEBUG - [2525.453151] moveTile ramp check isBigRamp=False (+0.8 ms)
2026-06-26 03:51:50,471 - mazeUtils.moveTile - [moveTile.py:90] - DEBUG - [2525.458802] moveTile tile color check tempTileColor=E (+5.7 ms)
2026-06-26 03:51:50,471 - mazeUtils.moveTile - [moveTile.py:90] - DEBUG - [2525.459593] moveTile obstacle check escapeFlag=False (+0.8 ms)
2026-06-26 03:51:50,477 - mazeUtils.moveTile - [moveTile.py:79] - DEBUG - roll: 357.40999999999997 deg, practicalMoveTime: 0.22569534730147578 sec
2026-06-26 03:51:50,478 - mazeUtils.moveTile - [moveTile.py:1907] - DEBUG - moveTile loop time: 52.6 ms
2026-06-26 03:51:50,479 - mazeUtils.moveTile - [moveTile.py:90] - DEBUG - [2525.467499] moveTile loop end practicalMoveTime=0.226 (+7.9 ms)
2026-06-26 03:51:50,480 - mazeUtils.moveTile - [moveTile.py:90] - DEBUG - [2525.467949] moveTile loop start (+0.5 ms)
2026-06-26 03:51:50,486 - picamera2.picamera2 - [picamera2.py:1391] - DEBUG - Execute job: <picamera2.job.Job object at 0x7f99ba7690>
2026-06-26 03:51:50,492 - mazeUtils.device.camera - [camera.py:39] - DEBUG - Average HSV: H=110.3, S=221.5, V=170.0
2026-06-26 03:51:50,499 - mazeUtils.moveTile - [moveTile.py:90] - DEBUG - [2525.487443] moveTile calculated motor speeds left=100 right=91 gyroSteer=10.720000000000027 wallSteer=-2.0 (+19.5 ms)
2026-06-26 03:51:50,524 - mazeUtils.moveTile - [moveTile.py:90] - DEBUG - [2525.512548] moveTile applied motor speed left=100 right=91 (+25.1 ms)
2026-06-26 03:51:50,525 - mazeUtils.moveTile - [moveTile.py:90] - DEBUG - [2525.513507] moveTile ramp check isBigRamp=False (+1.0 ms)
2026-06-26 03:51:50,529 - mazeUtils.moveTile - [moveTile.py:90] - DEBUG - [2525.517775] moveTile tile color check tempTileColor=E (+4.3 ms)
2026-06-26 03:51:50,530 - mazeUtils.moveTile - [moveTile.py:90] - DEBUG - [2525.518493] moveTile obstacle check escapeFlag=False (+0.7 ms)
2026-06-26 03:51:50,536 - mazeUtils.moveTile - [moveTile.py:79] - DEBUG - roll: 359.77 deg, practicalMoveTime: 0.2835705932391264 sec
2026-06-26 03:51:50,538 - mazeUtils.moveTile - [moveTile.py:1907] - DEBUG - moveTile loop time: 58.2 ms
2026-06-26 03:51:50,538 - mazeUtils.moveTile - [moveTile.py:90] - DEBUG - [2525.526807] moveTile loop end practicalMoveTime=0.284 (+8.3 ms)
2026-06-26 03:51:50,539 - mazeUtils.moveTile - [moveTile.py:90] - DEBUG - [2525.527548] moveTile loop start (+0.7 ms)
2026-06-26 03:51:50,548 - picamera2.picamera2 - [picamera2.py:1391] - DEBUG - Execute job: <picamera2.job.Job object at 0x7f82063c90>
2026-06-26 03:51:50,554 - mazeUtils.device.camera - [camera.py:39] - DEBUG - Average HSV: H=110.9, S=222.9, V=166.9
2026-06-26 03:51:50,560 - mazeUtils.moveTile - [moveTile.py:90] - DEBUG - [2525.547868] moveTile calculated motor speeds left=100 right=94 gyroSteer=13.080000000000155 wallSteer=-7.199999999999999 (+20.3 ms)
2026-06-26 03:51:50,580 - mazeUtils.moveTile - [moveTile.py:90] - DEBUG - [2525.568317] moveTile applied motor speed left=100 right=94 (+20.4 ms)
2026-06-26 03:51:50,581 - mazeUtils.moveTile - [moveTile.py:90] - DEBUG - [2525.569062] moveTile ramp check isBigRamp=False (+0.7 ms)
2026-06-26 03:51:50,584 - mazeUtils.moveTile - [moveTile.py:90] - DEBUG - [2525.572486] moveTile tile color check tempTileColor=E (+3.4 ms)
2026-06-26 03:51:50,585 - mazeUtils.moveTile - [moveTile.py:90] - DEBUG - [2525.573151] moveTile obstacle check escapeFlag=False (+0.7 ms)
2026-06-26 03:51:50,591 - mazeUtils.moveTile - [moveTile.py:79] - DEBUG - roll: 358.25 deg, practicalMoveTime: 0.33643267079909017 sec
2026-06-26 03:51:50,592 - mazeUtils.moveTile - [moveTile.py:1907] - DEBUG - moveTile loop time: 52.6 ms
2026-06-26 03:51:50,592 - mazeUtils.moveTile - [moveTile.py:90] - DEBUG - [2525.580761] moveTile loop end practicalMoveTime=0.336 (+7.6 ms)
2026-06-26 03:51:50,593 - mazeUtils.moveTile - [moveTile.py:90] - DEBUG - [2525.581154] moveTile loop start (+0.4 ms)
2026-06-26 03:51:50,600 - picamera2.picamera2 - [picamera2.py:1391] - DEBUG - Execute job: <picamera2.job.Job object at 0x7f81f82ed0>
2026-06-26 03:51:50,606 - mazeUtils.device.camera - [camera.py:39] - DEBUG - Average HSV: H=110.4, S=223.5, V=171.6
2026-06-26 03:51:50,619 - mazeUtils.moveTile - [moveTile.py:90] - DEBUG - [2525.607521] moveTile calculated motor speeds left=100 right=94 gyroSteer=8.720000000000027 wallSteer=-3.1999999999999993 (+26.4 ms)
2026-06-26 03:51:50,638 - mazeUtils.moveTile - [moveTile.py:90] - DEBUG - [2525.626474] moveTile applied motor speed left=100 right=94 (+19.0 ms)
2026-06-26 03:51:50,639 - mazeUtils.moveTile - [moveTile.py:90] - DEBUG - [2525.627218] moveTile ramp check isBigRamp=False (+0.7 ms)
2026-06-26 03:51:50,642 - mazeUtils.moveTile - [moveTile.py:90] - DEBUG - [2525.630629] moveTile tile color check tempTileColor=E (+3.4 ms)
2026-06-26 03:51:50,643 - mazeUtils.moveTile - [moveTile.py:90] - DEBUG - [2525.631310] moveTile obstacle check escapeFlag=False (+0.7 ms)
2026-06-26 03:51:50,650 - mazeUtils.moveTile - [moveTile.py:79] - DEBUG - roll: 359.61 deg, practicalMoveTime: 0.3940136511353673 sec
2026-06-26 03:51:50,650 - mazeUtils.moveTile - [moveTile.py:1907] - DEBUG - moveTile loop time: 57.6 ms
2026-06-26 03:51:50,651 - mazeUtils.moveTile - [moveTile.py:90] - DEBUG - [2525.639238] moveTile loop end practicalMoveTime=0.394 (+7.9 ms)
2026-06-26 03:51:50,651 - mazeUtils.moveTile - [moveTile.py:90] - DEBUG - [2525.639740] moveTile loop start (+0.5 ms)
2026-06-26 03:51:50,657 - picamera2.picamera2 - [picamera2.py:1391] - DEBUG - Execute job: <picamera2.job.Job object at 0x7f99bdf9d0>
2026-06-26 03:51:50,664 - mazeUtils.device.camera - [camera.py:39] - DEBUG - Average HSV: H=110.7, S=226.4, V=172.9
2026-06-26 03:51:50,677 - mazeUtils.moveTile - [moveTile.py:90] - DEBUG - [2525.665476] moveTile calculated motor speeds left=100 right=85 gyroSteer=13.920000000000073 wallSteer=0.3999999999999986 (+25.7 ms)
2026-06-26 03:51:50,699 - mazeUtils.moveTile - [moveTile.py:90] - DEBUG - [2525.686925] moveTile applied motor speed left=100 right=85 (+21.4 ms)
2026-06-26 03:51:50,699 - mazeUtils.moveTile - [moveTile.py:90] - DEBUG - [2525.687658] moveTile ramp check isBigRamp=False (+0.7 ms)
2026-06-26 03:51:50,703 - mazeUtils.moveTile - [moveTile.py:90] - DEBUG - [2525.691475] moveTile tile color check tempTileColor=E (+3.8 ms)
2026-06-26 03:51:50,705 - mazeUtils.moveTile - [moveTile.py:90] - DEBUG - [2525.693086] moveTile obstacle check escapeFlag=False (+1.6 ms)
2026-06-26 03:51:50,710 - mazeUtils.moveTile - [moveTile.py:79] - DEBUG - roll: 358.65 deg, practicalMoveTime: 0.4533399219464491 sec
2026-06-26 03:51:50,711 - mazeUtils.moveTile - [moveTile.py:1907] - DEBUG - moveTile loop time: 59.2 ms
2026-06-26 03:51:50,711 - mazeUtils.moveTile - [moveTile.py:90] - DEBUG - [2525.699457] moveTile loop end practicalMoveTime=0.453 (+6.4 ms)
2026-06-26 03:51:50,712 - mazeUtils.moveTile - [moveTile.py:90] - DEBUG - [2525.699859] moveTile loop start (+0.4 ms)
2026-06-26 03:51:50,719 - picamera2.picamera2 - [picamera2.py:1391] - DEBUG - Execute job: <picamera2.job.Job object at 0x7f90809890>
2026-06-26 03:51:50,727 - mazeUtils.device.camera - [camera.py:39] - DEBUG - Average HSV: H=110.2, S=227.0, V=179.8
2026-06-26 03:51:50,736 - mazeUtils.moveTile - [moveTile.py:90] - DEBUG - [2525.724780] moveTile calculated motor speeds left=100 right=87 gyroSteer=12.88000000000011 wallSteer=-0.3999999999999986 (+24.9 ms)
2026-06-26 03:51:50,761 - mazeUtils.moveTile - [moveTile.py:90] - DEBUG - [2525.748847] moveTile applied motor speed left=100 right=87 (+24.1 ms)
2026-06-26 03:51:50,761 - mazeUtils.moveTile - [moveTile.py:90] - DEBUG - [2525.749567] moveTile ramp check isBigRamp=False (+0.7 ms)
2026-06-26 03:51:50,765 - mazeUtils.moveTile - [moveTile.py:90] - DEBUG - [2525.753046] moveTile tile color check tempTileColor=E (+3.5 ms)
2026-06-26 03:51:50,765 - mazeUtils.moveTile - [moveTile.py:90] - DEBUG - [2525.753737] moveTile obstacle check escapeFlag=False (+0.7 ms)
2026-06-26 03:51:50,770 - mazeUtils.moveTile - [moveTile.py:79] - DEBUG - roll: 358.65999999999997 deg, practicalMoveTime: 0.5126141510675694 sec
2026-06-26 03:51:50,771 - mazeUtils.moveTile - [moveTile.py:1907] - DEBUG - moveTile loop time: 59.1 ms
2026-06-26 03:51:50,771 - mazeUtils.moveTile - [moveTile.py:90] - DEBUG - [2525.759535] moveTile loop end practicalMoveTime=0.513 (+5.8 ms)
2026-06-26 03:51:50,772 - mazeUtils.moveTile - [moveTile.py:90] - DEBUG - [2525.759940] moveTile loop start (+0.4 ms)
2026-06-26 03:51:50,777 - picamera2.picamera2 - [picamera2.py:1391] - DEBUG - Execute job: <picamera2.job.Job object at 0x7f99bdf9d0>
2026-06-26 03:51:50,783 - mazeUtils.device.camera - [camera.py:39] - DEBUG - Average HSV: H=109.8, S=230.0, V=187.8
2026-06-26 03:51:50,789 - mazeUtils.moveTile - [moveTile.py:90] - DEBUG - [2525.777273] moveTile calculated motor speeds left=100 right=89 gyroSteer=13.720000000000027 wallSteer=-2.8000000000000007 (+17.3 ms)
2026-06-26 03:51:50,809 - mazeUtils.moveTile - [moveTile.py:90] - DEBUG - [2525.796912] moveTile applied motor speed left=100 right=89 (+19.6 ms)
2026-06-26 03:51:50,809 - mazeUtils.moveTile - [moveTile.py:90] - DEBUG - [2525.797658] moveTile ramp check isBigRamp=False (+0.7 ms)
2026-06-26 03:51:50,815 - mazeUtils.moveTile - [moveTile.py:90] - DEBUG - [2525.803522] moveTile tile color check tempTileColor=E (+5.9 ms)
2026-06-26 03:51:50,816 - mazeUtils.moveTile - [moveTile.py:90] - DEBUG - [2525.804281] moveTile obstacle check escapeFlag=False (+0.8 ms)
2026-06-26 03:51:50,823 - mazeUtils.moveTile - [moveTile.py:79] - DEBUG - roll: 359.37 deg, practicalMoveTime: 0.5650491000808952 sec
2026-06-26 03:51:50,824 - mazeUtils.moveTile - [moveTile.py:1907] - DEBUG - moveTile loop time: 52.4 ms
2026-06-26 03:51:50,825 - mazeUtils.moveTile - [moveTile.py:90] - DEBUG - [2525.812899] moveTile loop end practicalMoveTime=0.565 (+8.6 ms)
2026-06-26 03:51:50,825 - mazeUtils.moveTile - [moveTile.py:90] - DEBUG - [2525.813318] moveTile loop start (+0.4 ms)
2026-06-26 03:51:50,832 - picamera2.picamera2 - [picamera2.py:1391] - DEBUG - Execute job: <picamera2.job.Job object at 0x7f99ba7690>
2026-06-26 03:51:50,839 - mazeUtils.device.camera - [camera.py:39] - DEBUG - Average HSV: H=109.3, S=233.9, V=195.1
2026-06-26 03:51:50,845 - mazeUtils.moveTile - [moveTile.py:90] - DEBUG - [2525.833482] moveTile calculated motor speeds left=100 right=84 gyroSteer=18.039999999999964 wallSteer=-2.3999999999999986 (+20.2 ms)
2026-06-26 03:51:50,865 - mazeUtils.moveTile - [moveTile.py:90] - DEBUG - [2525.853322] moveTile applied motor speed left=100 right=84 (+19.8 ms)
2026-06-26 03:51:50,866 - mazeUtils.moveTile - [moveTile.py:90] - DEBUG - [2525.854012] moveTile ramp check isBigRamp=False (+0.7 ms)
2026-06-26 03:51:50,869 - mazeUtils.moveTile - [moveTile.py:90] - DEBUG - [2525.857678] moveTile tile color check tempTileColor=E (+3.7 ms)
2026-06-26 03:51:50,872 - mazeUtils.moveTile - [moveTile.py:90] - DEBUG - [2525.860329] moveTile obstacle check escapeFlag=False (+2.7 ms)
2026-06-26 03:51:50,878 - mazeUtils.moveTile - [moveTile.py:79] - DEBUG - roll: 358.39 deg, practicalMoveTime: 0.6186984119770258 sec
2026-06-26 03:51:50,879 - mazeUtils.moveTile - [moveTile.py:1907] - DEBUG - moveTile loop time: 53.5 ms
2026-06-26 03:51:50,879 - mazeUtils.moveTile - [moveTile.py:90] - DEBUG - [2525.867321] moveTile loop end practicalMoveTime=0.619 (+7.0 ms)
2026-06-26 03:51:50,879 - mazeUtils.moveTile - [moveTile.py:90] - DEBUG - [2525.867743] moveTile loop start (+0.4 ms)
2026-06-26 03:51:50,885 - picamera2.picamera2 - [picamera2.py:1391] - DEBUG - Execute job: <picamera2.job.Job object at 0x7f82062b10>
2026-06-26 03:51:50,891 - mazeUtils.device.camera - [camera.py:39] - DEBUG - Average HSV: H=108.9, S=234.4, V=200.1
2026-06-26 03:51:50,898 - mazeUtils.moveTile - [moveTile.py:90] - DEBUG - [2525.886778] moveTile calculated motor speeds left=100 right=91 gyroSteer=11.319999999999936 wallSteer=-2.3999999999999986 (+19.0 ms)
2026-06-26 03:51:50,919 - mazeUtils.moveTile - [moveTile.py:90] - DEBUG - [2525.906867] moveTile applied motor speed left=100 right=91 (+20.1 ms)
2026-06-26 03:51:50,919 - mazeUtils.moveTile - [moveTile.py:90] - DEBUG - [2525.907613] moveTile ramp check isBigRamp=False (+0.7 ms)
2026-06-26 03:51:50,924 - mazeUtils.moveTile - [moveTile.py:90] - DEBUG - [2525.911818] moveTile tile color check tempTileColor=E (+4.2 ms)
2026-06-26 03:51:50,924 - mazeUtils.moveTile - [moveTile.py:90] - DEBUG - [2525.912682] moveTile obstacle check escapeFlag=False (+0.9 ms)
2026-06-26 03:51:50,931 - mazeUtils.moveTile - [moveTile.py:79] - DEBUG - roll: 358.90999999999997 deg, practicalMoveTime: 0.6706165190622309 sec
2026-06-26 03:51:50,932 - mazeUtils.moveTile - [moveTile.py:1907] - DEBUG - moveTile loop time: 52.3 ms
2026-06-26 03:51:50,933 - mazeUtils.moveTile - [moveTile.py:90] - DEBUG - [2525.920864] moveTile loop end practicalMoveTime=0.671 (+8.2 ms)
2026-06-26 03:51:50,933 - mazeUtils.moveTile - [moveTile.py:90] - DEBUG - [2525.921511] moveTile loop start (+0.6 ms)
2026-06-26 03:51:50,941 - picamera2.picamera2 - [picamera2.py:1391] - DEBUG - Execute job: <picamera2.job.Job object at 0x7f81f82ed0>
2026-06-26 03:51:50,947 - mazeUtils.device.camera - [camera.py:39] - DEBUG - Average HSV: H=108.0, S=240.0, V=210.5
2026-06-26 03:51:50,955 - mazeUtils.moveTile - [moveTile.py:90] - DEBUG - [2525.942847] moveTile calculated motor speeds left=100 right=90 gyroSteer=9.6400000000001 wallSteer=0.0 (+21.3 ms)
2026-06-26 03:51:50,975 - mazeUtils.moveTile - [moveTile.py:90] - DEBUG - [2525.963327] moveTile applied motor speed left=100 right=90 (+20.5 ms)
2026-06-26 03:51:50,976 - mazeUtils.moveTile - [moveTile.py:90] - DEBUG - [2525.964795] moveTile ramp check isBigRamp=False (+1.5 ms)
2026-06-26 03:51:50,981 - mazeUtils.moveTile - [moveTile.py:90] - DEBUG - [2525.968863] moveTile tile color check tempTileColor=E (+4.1 ms)
2026-06-26 03:51:50,981 - mazeUtils.moveTile - [moveTile.py:90] - DEBUG - [2525.969723] moveTile obstacle check escapeFlag=False (+0.9 ms)
2026-06-26 03:51:50,989 - mazeUtils.moveTile - [moveTile.py:79] - DEBUG - roll: 359.03 deg, practicalMoveTime: 0.7278155135934553 sec
2026-06-26 03:51:50,991 - mazeUtils.moveTile - [moveTile.py:1907] - DEBUG - moveTile loop time: 57.3 ms
2026-06-26 03:51:50,993 - mazeUtils.moveTile - [moveTile.py:90] - DEBUG - [2525.980909] moveTile loop end practicalMoveTime=0.728 (+11.2 ms)
2026-06-26 03:51:50,994 - mazeUtils.moveTile - [moveTile.py:90] - DEBUG - [2525.982179] moveTile loop start (+1.3 ms)
2026-06-26 03:51:51,000 - picamera2.picamera2 - [picamera2.py:1391] - DEBUG - Execute job: <picamera2.job.Job object at 0x7f82063c10>
2026-06-26 03:51:51,007 - mazeUtils.device.camera - [camera.py:39] - DEBUG - Average HSV: H=107.9, S=241.8, V=206.7
2026-06-26 03:51:51,016 - mazeUtils.moveTile - [moveTile.py:90] - DEBUG - [2526.004143] moveTile calculated motor speeds left=100 right=91 gyroSteer=8.720000000000027 wallSteer=0.0 (+22.0 ms)
2026-06-26 03:51:51,038 - mazeUtils.moveTile - [moveTile.py:90] - DEBUG - [2526.026665] moveTile applied motor speed left=100 right=91 (+22.5 ms)
2026-06-26 03:51:51,039 - mazeUtils.moveTile - [moveTile.py:90] - DEBUG - [2526.027577] moveTile ramp check isBigRamp=False (+0.9 ms)
2026-06-26 03:51:51,044 - mazeUtils.moveTile - [moveTile.py:90] - DEBUG - [2526.031970] moveTile tile color check tempTileColor=E (+4.4 ms)
2026-06-26 03:51:51,044 - mazeUtils.moveTile - [moveTile.py:90] - DEBUG - [2526.032715] moveTile obstacle check escapeFlag=False (+0.7 ms)
2026-06-26 03:51:51,050 - mazeUtils.moveTile - [moveTile.py:79] - DEBUG - roll: 358.88 deg, practicalMoveTime: 0.7872355713190018 sec
2026-06-26 03:51:51,052 - mazeUtils.moveTile - [moveTile.py:1907] - DEBUG - moveTile loop time: 57.6 ms
2026-06-26 03:51:51,052 - mazeUtils.moveTile - [moveTile.py:90] - DEBUG - [2526.040473] moveTile loop end practicalMoveTime=0.787 (+7.8 ms)
2026-06-26 03:51:51,053 - mazeUtils.moveTile - [moveTile.py:90] - DEBUG - [2526.040869] moveTile loop start (+0.4 ms)
2026-06-26 03:51:51,060 - picamera2.picamera2 - [picamera2.py:1391] - DEBUG - Execute job: <picamera2.job.Job object at 0x7f81f82ed0>
2026-06-26 03:51:51,066 - mazeUtils.device.camera - [camera.py:39] - DEBUG - Average HSV: H=109.2, S=254.4, V=204.2
2026-06-26 03:51:51,073 - mazeUtils.moveTile - [moveTile.py:90] - DEBUG - [2526.060850] moveTile calculated motor speeds left=100 right=94 gyroSteer=5.8400000000001455 wallSteer=0.0 (+20.0 ms)
2026-06-26 03:51:51,093 - mazeUtils.moveTile - [moveTile.py:90] - DEBUG - [2526.081688] moveTile applied motor speed left=100 right=94 (+20.8 ms)
2026-06-26 03:51:51,094 - mazeUtils.moveTile - [moveTile.py:90] - DEBUG - [2526.082428] moveTile ramp check isBigRamp=False (+0.7 ms)
2026-06-26 03:51:51,098 - mazeUtils.moveTile - [moveTile.py:90] - DEBUG - [2526.086700] moveTile tile color check tempTileColor=E (+4.3 ms)
2026-06-26 03:51:51,099 - mazeUtils.moveTile - [moveTile.py:90] - DEBUG - [2526.087446] moveTile obstacle check escapeFlag=False (+0.7 ms)
2026-06-26 03:51:51,104 - mazeUtils.moveTile - [moveTile.py:79] - DEBUG - roll: 359.5 deg, practicalMoveTime: 0.8397806461713521 sec
2026-06-26 03:51:51,105 - mazeUtils.moveTile - [moveTile.py:1907] - DEBUG - moveTile loop time: 52.5 ms
2026-06-26 03:51:51,107 - mazeUtils.moveTile - [moveTile.py:90] - DEBUG - [2526.095102] moveTile loop end practicalMoveTime=0.840 (+7.7 ms)
2026-06-26 03:51:51,108 - mazeUtils.moveTile - [moveTile.py:90] - DEBUG - [2526.095868] moveTile loop start (+0.8 ms)
2026-06-26 03:51:51,115 - picamera2.picamera2 - [picamera2.py:1391] - DEBUG - Execute job: <picamera2.job.Job object at 0x7f82062dd0>
2026-06-26 03:51:51,122 - mazeUtils.device.camera - [camera.py:39] - DEBUG - Average HSV: H=111.0, S=255.0, V=202.3
2026-06-26 03:51:51,129 - mazeUtils.moveTile - [moveTile.py:90] - DEBUG - [2526.117371] moveTile calculated motor speeds left=100 right=97 gyroSteer=4.440000000000055 wallSteer=-2.0 (+21.5 ms)
2026-06-26 03:51:51,149 - mazeUtils.moveTile - [moveTile.py:90] - DEBUG - [2526.137707] moveTile applied motor speed left=100 right=97 (+20.3 ms)
2026-06-26 03:51:51,150 - mazeUtils.moveTile - [moveTile.py:90] - DEBUG - [2526.138617] moveTile ramp check isBigRamp=False (+0.9 ms)
2026-06-26 03:51:51,154 - mazeUtils.moveTile - [moveTile.py:90] - DEBUG - [2526.142470] moveTile tile color check tempTileColor=E (+3.9 ms)
2026-06-26 03:51:51,155 - mazeUtils.moveTile - [moveTile.py:90] - DEBUG - [2526.143628] moveTile obstacle check escapeFlag=False (+1.2 ms)
2026-06-26 03:51:51,161 - mazeUtils.moveTile - [moveTile.py:1755] - INFO - practicalVerticalMove: -0.5359801679700619 CM
2026-06-26 03:51:51,182 - mazeUtils.moveTile - [moveTile.py:90] - DEBUG - [2526.170108] moveTile finished by time control (+26.5 ms)
2026-06-26 03:51:51,183 - mazeUtils.moveTile - [moveTile.py:90] - DEBUG - [2526.171079] moveTile start final forward adjustment (+27.5 ms)
2026-06-26 03:51:51,216 - mazeUtils.moveTile - [moveTile.py:79] - DEBUG - Little forward to adjust position
2026-06-26 03:51:51,250 - mazeUtils.moveTile - [moveTile.py:90] - DEBUG - [2526.237828] moveTile finished final forward adjustment (+66.7 ms)
2026-06-26 03:51:51,252 - mazeUtils.moveTile - [moveTile.py:2117] - INFO - Set moved vertical distance: -0.5359801679700619 cm, past distances: [(-0.7181950990358628, False), (-0.7992891942685757, False), (-0.6490769432978905, False)]
2026-06-26 03:51:51,254 - mazeUtils.moveTile - [moveTile.py:90] - DEBUG - [2526.242004] moveTile updated moved vertical distance -0.536 (+4.2 ms)
2026-06-26 03:51:51,411 - mazeUtils.moveTile - [moveTile.py:563] - DEBUG - Direction: absDirection.NORTH, Angle: 0, Distance: 11.400129572140912 cm
2026-06-26 03:51:51,414 - mazeUtils.moveTile - [moveTile.py:570] - INFO - angle: 0, result: judgeWallResult.WALL
2026-06-26 03:51:51,416 - mazeUtils.moveTile - [moveTile.py:573] - DEBUG - Front LiDAR distance: 11.400129572140912 cm, TSD10 distance: 2.1 cm
2026-06-26 03:51:51,417 - mazeUtils.moveTile - [moveTile.py:563] - DEBUG - Direction: absDirection.EAST, Angle: 270, Distance: 47.172566695738304 cm
2026-06-26 03:51:51,418 - mazeUtils.moveTile - [moveTile.py:563] - DEBUG - Direction: absDirection.SOUTH, Angle: 180, Distance: 172.4633176045394 cm
2026-06-26 03:51:51,420 - mazeUtils.moveTile - [moveTile.py:563] - DEBUG - Direction: absDirection.WEST, Angle: 90, Distance: 17.411028412462834 cm
2026-06-26 03:51:51,421 - mazeUtils.moveTile - [moveTile.py:90] - DEBUG - [2526.409230] moveTile updated map and detected walls (+167.2 ms)
2026-06-26 03:51:51,426 - mazeUtils.moveTile - [moveTile.py:2272] - INFO - Tile color detection, decided tile type: E
2026-06-26 03:51:51,429 - mazeUtils.moveTile - [moveTile.py:90] - DEBUG - [2526.416839] moveTile finished (+174.8 ms)
2026-06-26 03:51:51,518 - __main__ - [main.py:106] - INFO - Current position: (20, 15, 0), front direction: absDirection.NORTH
Layer 0 (altitude=0.0cm, offset=(0.0cm, 0.0cm)):
Known map area: x=20..20, y=15..20
+---+
| @  
+   +
| E  
+   +
| E  
+   +
| E  
+   +
| E  
+   +
| S |
+---+
mazeAsGraph[0][15][20] = {absDirection.NORTH: None, absDirection.EAST: (21, 15, 0, 30), absDirection.SOUTH: (20, 16, 0, 30), absDirection.WEST: None}
mazeAsGraph[0][16][20] = {absDirection.NORTH: (20, 15, 0, 30), absDirection.EAST: (21, 16, 0, 30), absDirection.SOUTH: (20, 17, 0, 30), absDirection.WEST: None}
mazeAsGraph[0][17][20] = {absDirection.NORTH: (20, 16, 0, 30), absDirection.EAST: (21, 17, 0, 30), absDirection.SOUTH: (20, 18, 0, 30), absDirection.WEST: None}
mazeAsGraph[0][18][20] = {absDirection.NORTH: (20, 17, 0, 30), absDirection.EAST: (21, 18, 0, 30), absDirection.SOUTH: (20, 19, 0, 30), absDirection.WEST: None}
mazeAsGraph[0][19][20] = {absDirection.NORTH: (20, 18, 0, 30), absDirection.EAST: (21, 19, 0, 30), absDirection.SOUTH: (20, 20, 0, 30), absDirection.WEST: None}
mazeAsGraph[0][20][20] = {absDirection.NORTH: (20, 19, 0, 30), absDirection.EAST: None, absDirection.SOUTH: None, absDirection.WEST: None}
2026-06-26 03:51:51,528 - mazeUtils.mazeMap - [mazeMap.py:61] - INFO - next goal: (21, 15, 0)
2026-06-26 03:51:51,531 - mazeUtils.mazeMap - [mazeMap.py:61] - INFO - next goal: (20, 20, 0)
2026-06-26 03:51:51,533 - mazeUtils.moveTile - [moveTile.py:88] - DEBUG - [2526.520885] moveTile start direction=absDirection.EAST position=(20, 15, 0) front=absDirection.NORTH
2026-06-26 03:51:51,537 - mazeUtils.moveTile - [moveTile.py:90] - DEBUG - [2526.525629] moveTile after initial toggle check (+4.7 ms)
2026-06-26 03:51:51,540 - mazeUtils.moveTile - [moveTile.py:90] - DEBUG - [2526.527993] moveTile after tile checks isRedTile=False isUnknownTileAhead=True (+2.4 ms)
2026-06-26 03:51:51,540 - mazeUtils.moveTile - [moveTile.py:79] - DEBUG - Moving to absDirection.EAST from (20, 15, 0) facing absDirection.NORTH
2026-06-26 03:51:51,541 - mazeUtils.moveTile - [moveTile.py:90] - DEBUG - [2526.529108] moveTile start heading change target=270 (+1.1 ms)
2026-06-26 03:51:51,566 - mazeUtils.moveTile - [moveTile.py:79] - DEBUG - current heading: 1.6200000000000045 target: 270
2026-06-26 03:51:52,659 - mazeUtils.moveTile - [moveTile.py:435] - DEBUG - stopped turning at heading: 274.99, diff: 4.990000000000009
2026-06-26 03:51:52,717 - mazeUtils.moveTile - [moveTile.py:79] - DEBUG - Turned to heading: 271.48 deg
2026-06-26 03:51:52,719 - mazeUtils.moveTile - [moveTile.py:90] - DEBUG - [2527.706698] moveTile finished heading change (+1177.6 ms)
2026-06-26 03:51:52,720 - mazeUtils.moveTile - [moveTile.py:90] - DEBUG - [2527.707912] moveTile updated front direction (+1.2 ms)
2026-06-26 03:51:52,740 - mazeUtils.moveTile - [moveTile.py:90] - DEBUG - [2527.727625] moveTile stopped motors before alignment (+19.7 ms)
2026-06-26 03:51:52,900 - mazeUtils.moveTile - [moveTile.py:563] - DEBUG - Direction: absDirection.NORTH, Angle: 90, Distance: 17.302989212094072 cm
2026-06-26 03:51:52,903 - mazeUtils.moveTile - [moveTile.py:563] - DEBUG - Direction: absDirection.EAST, Angle: 0, Distance: 44.82333872841641 cm
2026-06-26 03:51:52,906 - mazeUtils.moveTile - [moveTile.py:563] - DEBUG - Direction: absDirection.SOUTH, Angle: 270, Distance: 167.49790870819797 cm
2026-06-26 03:51:52,908 - mazeUtils.moveTile - [moveTile.py:563] - DEBUG - Direction: absDirection.WEST, Angle: 180, Distance: 22.976100665689973 cm
2026-06-26 03:51:52,909 - mazeUtils.moveTile - [moveTile.py:90] - DEBUG - [2527.897688] moveTile start backward adjustment behind_wall_dist=22.976100665689973 (+170.1 ms)
2026-06-26 03:51:52,931 - mazeUtils.moveTile - [moveTile.py:79] - DEBUG - Little backward to adjust position
2026-06-26 03:51:53,314 - mazeUtils.moveTile - [moveTile.py:90] - DEBUG - [2528.302738] moveTile finished backward adjustment (+405.1 ms)
2026-06-26 03:51:53,337 - mazeUtils.moveTile - [moveTile.py:90] - DEBUG - [2528.324973] moveTile ready for forward move (+22.2 ms)
2026-06-26 03:51:53,438 - mazeUtils.moveTile - [moveTile.py:90] - DEBUG - [2528.426597] moveTile initialized movement targetSteps=1 (+101.6 ms)
2026-06-26 03:51:53,440 - mazeUtils.moveTile - [moveTile.py:90] - DEBUG - [2528.427925] moveTile loop start (+1.3 ms)
2026-06-26 03:51:53,449 - picamera2.picamera2 - [picamera2.py:1391] - DEBUG - Execute job: <picamera2.job.Job object at 0x7f81fc09d0>
2026-06-26 03:51:53,455 - mazeUtils.device.camera - [camera.py:39] - DEBUG - Average HSV: H=110.3, S=225.2, V=181.5
2026-06-26 03:51:53,465 - mazeUtils.moveTile - [moveTile.py:90] - DEBUG - [2528.452975] moveTile calculated motor speeds left=96 right=100 gyroSteer=-7.039999999999964 wallSteer=3.1999999999999993 (+25.0 ms)
2026-06-26 03:51:53,486 - mazeUtils.moveTile - [moveTile.py:90] - DEBUG - [2528.474676] moveTile applied motor speed left=96 right=100 (+21.7 ms)
2026-06-26 03:51:53,488 - mazeUtils.moveTile - [moveTile.py:90] - DEBUG - [2528.476451] moveTile ramp check isBigRamp=False (+1.8 ms)
2026-06-26 03:51:53,495 - mazeUtils.moveTile - [moveTile.py:90] - DEBUG - [2528.483094] moveTile tile color check tempTileColor=E (+6.6 ms)
2026-06-26 03:51:53,496 - mazeUtils.moveTile - [moveTile.py:90] - DEBUG - [2528.484355] moveTile obstacle check escapeFlag=False (+1.3 ms)
2026-06-26 03:51:53,503 - mazeUtils.moveTile - [moveTile.py:79] - DEBUG - roll: 359.21 deg, practicalMoveTime: 0.06408392815620384 sec
2026-06-26 03:51:53,504 - mazeUtils.moveTile - [moveTile.py:1907] - DEBUG - moveTile loop time: 63.9 ms
2026-06-26 03:51:53,504 - mazeUtils.moveTile - [moveTile.py:90] - DEBUG - [2528.492669] moveTile loop end practicalMoveTime=0.064 (+8.3 ms)
2026-06-26 03:51:53,505 - mazeUtils.moveTile - [moveTile.py:90] - DEBUG - [2528.493193] moveTile loop start (+0.5 ms)
2026-06-26 03:51:53,512 - picamera2.picamera2 - [picamera2.py:1391] - DEBUG - Execute job: <picamera2.job.Job object at 0x7f606f4dd0>
2026-06-26 03:51:53,518 - mazeUtils.device.camera - [camera.py:39] - DEBUG - Average HSV: H=110.5, S=225.2, V=180.2
2026-06-26 03:51:53,524 - mazeUtils.moveTile - [moveTile.py:90] - DEBUG - [2528.512503] moveTile calculated motor speeds left=94 right=100 gyroSteer=-8.440000000000055 wallSteer=3.1999999999999993 (+19.3 ms)
2026-06-26 03:51:53,544 - mazeUtils.moveTile - [moveTile.py:90] - DEBUG - [2528.532038] moveTile applied motor speed left=94 right=100 (+19.5 ms)
2026-06-26 03:51:53,544 - mazeUtils.moveTile - [moveTile.py:90] - DEBUG - [2528.532755] moveTile ramp check isBigRamp=False (+0.7 ms)
2026-06-26 03:51:53,548 - mazeUtils.moveTile - [moveTile.py:90] - DEBUG - [2528.536347] moveTile tile color check tempTileColor=E (+3.6 ms)
2026-06-26 03:51:53,549 - mazeUtils.moveTile - [moveTile.py:90] - DEBUG - [2528.537058] moveTile obstacle check escapeFlag=False (+0.7 ms)
2026-06-26 03:51:53,555 - mazeUtils.moveTile - [moveTile.py:79] - DEBUG - roll: 357.78 deg, practicalMoveTime: 0.11526679832750697 sec
2026-06-26 03:51:53,556 - mazeUtils.moveTile - [moveTile.py:1907] - DEBUG - moveTile loop time: 50.7 ms
2026-06-26 03:51:53,556 - mazeUtils.moveTile - [moveTile.py:90] - DEBUG - [2528.544592] moveTile loop end practicalMoveTime=0.115 (+7.5 ms)
2026-06-26 03:51:53,557 - mazeUtils.moveTile - [moveTile.py:90] - DEBUG - [2528.545010] moveTile loop start (+0.4 ms)
2026-06-26 03:51:53,566 - picamera2.picamera2 - [picamera2.py:1391] - DEBUG - Execute job: <picamera2.job.Job object at 0x7f99bdf9d0>
2026-06-26 03:51:53,573 - mazeUtils.device.camera - [camera.py:39] - DEBUG - Average HSV: H=109.7, S=225.9, V=188.8
2026-06-26 03:51:53,578 - mazeUtils.moveTile - [moveTile.py:90] - DEBUG - [2528.566261] moveTile calculated motor speeds left=96 right=100 gyroSteer=-6.079999999999927 wallSteer=2.8000000000000007 (+21.3 ms)
2026-06-26 03:51:53,598 - mazeUtils.moveTile - [moveTile.py:90] - DEBUG - [2528.586076] moveTile applied motor speed left=96 right=100 (+19.8 ms)
2026-06-26 03:51:53,599 - mazeUtils.moveTile - [moveTile.py:90] - DEBUG - [2528.586938] moveTile ramp check isBigRamp=False (+0.9 ms)
2026-06-26 03:51:53,603 - mazeUtils.moveTile - [moveTile.py:90] - DEBUG - [2528.590834] moveTile tile color check tempTileColor=E (+3.9 ms)
2026-06-26 03:51:53,604 - mazeUtils.moveTile - [moveTile.py:90] - DEBUG - [2528.592485] moveTile obstacle check escapeFlag=False (+1.7 ms)
2026-06-26 03:51:53,617 - mazeUtils.moveTile - [moveTile.py:79] - DEBUG - roll: 358.45 deg, practicalMoveTime: 0.17665925052140963 sec
2026-06-26 03:51:53,618 - mazeUtils.moveTile - [moveTile.py:1907] - DEBUG - moveTile loop time: 61.2 ms
2026-06-26 03:51:53,619 - mazeUtils.moveTile - [moveTile.py:90] - DEBUG - [2528.606879] moveTile loop end practicalMoveTime=0.177 (+14.4 ms)
2026-06-26 03:51:53,619 - mazeUtils.moveTile - [moveTile.py:90] - DEBUG - [2528.607432] moveTile loop start (+0.6 ms)
2026-06-26 03:51:53,630 - picamera2.picamera2 - [picamera2.py:1391] - DEBUG - Execute job: <picamera2.job.Job object at 0x7f99ba7690>
2026-06-26 03:51:53,637 - mazeUtils.device.camera - [camera.py:39] - DEBUG - Average HSV: H=109.9, S=224.2, V=185.6
2026-06-26 03:51:53,642 - mazeUtils.moveTile - [moveTile.py:90] - DEBUG - [2528.630194] moveTile calculated motor speeds left=91 right=100 gyroSteer=-7.720000000000027 wallSteer=-0.3999999999999986 (+22.8 ms)
2026-06-26 03:51:53,668 - mazeUtils.moveTile - [moveTile.py:90] - DEBUG - [2528.655807] moveTile applied motor speed left=91 right=100 (+25.6 ms)
2026-06-26 03:51:53,668 - mazeUtils.moveTile - [moveTile.py:90] - DEBUG - [2528.656602] moveTile ramp check isBigRamp=False (+0.8 ms)
2026-06-26 03:51:53,672 - mazeUtils.moveTile - [moveTile.py:90] - DEBUG - [2528.660192] moveTile tile color check tempTileColor=E (+3.6 ms)
2026-06-26 03:51:53,673 - mazeUtils.moveTile - [moveTile.py:90] - DEBUG - [2528.660823] moveTile obstacle check escapeFlag=False (+0.6 ms)
2026-06-26 03:51:53,678 - mazeUtils.moveTile - [moveTile.py:79] - DEBUG - roll: 359.87 deg, practicalMoveTime: 0.23619021916661978 sec
2026-06-26 03:51:53,679 - mazeUtils.moveTile - [moveTile.py:1907] - DEBUG - moveTile loop time: 59.7 ms
2026-06-26 03:51:53,679 - mazeUtils.moveTile - [moveTile.py:90] - DEBUG - [2528.667695] moveTile loop end practicalMoveTime=0.236 (+6.9 ms)
2026-06-26 03:51:53,680 - mazeUtils.moveTile - [moveTile.py:90] - DEBUG - [2528.668179] moveTile loop start (+0.5 ms)
2026-06-26 03:51:53,691 - picamera2.picamera2 - [picamera2.py:1391] - DEBUG - Execute job: <picamera2.job.Job object at 0x7f82063b10>
2026-06-26 03:51:53,698 - mazeUtils.device.camera - [camera.py:39] - DEBUG - Average HSV: H=110.2, S=224.9, V=187.5
2026-06-26 03:51:53,707 - mazeUtils.moveTile - [moveTile.py:90] - DEBUG - [2528.695033] moveTile calculated motor speeds left=93 right=100 gyroSteer=-7.839999999999918 wallSteer=1.1999999999999993 (+26.9 ms)
2026-06-26 03:51:53,728 - mazeUtils.moveTile - [moveTile.py:90] - DEBUG - [2528.716510] moveTile applied motor speed left=93 right=100 (+21.5 ms)
2026-06-26 03:51:53,729 - mazeUtils.moveTile - [moveTile.py:90] - DEBUG - [2528.717373] moveTile ramp check isBigRamp=False (+0.9 ms)
2026-06-26 03:51:53,732 - mazeUtils.moveTile - [moveTile.py:90] - DEBUG - [2528.720754] moveTile tile color check tempTileColor=E (+3.4 ms)
2026-06-26 03:51:53,733 - mazeUtils.moveTile - [moveTile.py:90] - DEBUG - [2528.721419] moveTile obstacle check escapeFlag=False (+0.7 ms)
2026-06-26 03:51:53,738 - mazeUtils.moveTile - [moveTile.py:79] - DEBUG - roll: 359.46999999999997 deg, practicalMoveTime: 0.29481893290609223 sec
2026-06-26 03:51:53,739 - mazeUtils.moveTile - [moveTile.py:1907] - DEBUG - moveTile loop time: 58.9 ms
2026-06-26 03:51:53,739 - mazeUtils.moveTile - [moveTile.py:90] - DEBUG - [2528.727728] moveTile loop end practicalMoveTime=0.295 (+6.3 ms)
2026-06-26 03:51:53,740 - mazeUtils.moveTile - [moveTile.py:90] - DEBUG - [2528.728224] moveTile loop start (+0.5 ms)
2026-06-26 03:51:53,747 - picamera2.picamera2 - [picamera2.py:1391] - DEBUG - Execute job: <picamera2.job.Job object at 0x7f820611d0>
2026-06-26 03:51:53,754 - mazeUtils.device.camera - [camera.py:39] - DEBUG - Average HSV: H=110.0, S=224.2, V=188.8
2026-06-26 03:51:53,763 - mazeUtils.moveTile - [moveTile.py:90] - DEBUG - [2528.750846] moveTile calculated motor speeds left=91 right=100 gyroSteer=-7.519999999999982 wallSteer=-1.1999999999999993 (+22.6 ms)
2026-06-26 03:51:53,791 - mazeUtils.moveTile - [moveTile.py:90] - DEBUG - [2528.779086] moveTile applied motor speed left=91 right=100 (+28.2 ms)
2026-06-26 03:51:53,792 - mazeUtils.moveTile - [moveTile.py:90] - DEBUG - [2528.780265] moveTile ramp check isBigRamp=False (+1.2 ms)
2026-06-26 03:51:53,795 - mazeUtils.moveTile - [moveTile.py:90] - DEBUG - [2528.783732] moveTile tile color check tempTileColor=E (+3.5 ms)
2026-06-26 03:51:53,796 - mazeUtils.moveTile - [moveTile.py:90] - DEBUG - [2528.784381] moveTile obstacle check escapeFlag=False (+0.6 ms)
2026-06-26 03:51:53,802 - mazeUtils.moveTile - [moveTile.py:79] - DEBUG - roll: 359.26 deg, practicalMoveTime: 0.3577918101309535 sec
2026-06-26 03:51:53,803 - mazeUtils.moveTile - [moveTile.py:1907] - DEBUG - moveTile loop time: 62.7 ms
2026-06-26 03:51:53,803 - mazeUtils.moveTile - [moveTile.py:90] - DEBUG - [2528.791533] moveTile loop end practicalMoveTime=0.358 (+7.2 ms)
2026-06-26 03:51:53,804 - mazeUtils.moveTile - [moveTile.py:90] - DEBUG - [2528.791943] moveTile loop start (+0.4 ms)
2026-06-26 03:51:53,811 - picamera2.picamera2 - [picamera2.py:1391] - DEBUG - Execute job: <picamera2.job.Job object at 0x7f99ba7690>
2026-06-26 03:51:53,817 - mazeUtils.device.camera - [camera.py:39] - DEBUG - Average HSV: H=110.0, S=222.4, V=186.3
2026-06-26 03:51:53,824 - mazeUtils.moveTile - [moveTile.py:90] - DEBUG - [2528.811826] moveTile calculated motor speeds left=97 right=100 gyroSteer=-3.240000000000009 wallSteer=0.8000000000000007 (+19.9 ms)
2026-06-26 03:51:53,846 - mazeUtils.moveTile - [moveTile.py:90] - DEBUG - [2528.834719] moveTile applied motor speed left=97 right=100 (+22.9 ms)
2026-06-26 03:51:53,847 - mazeUtils.moveTile - [moveTile.py:90] - DEBUG - [2528.835488] moveTile ramp check isBigRamp=False (+0.8 ms)
2026-06-26 03:51:53,851 - mazeUtils.moveTile - [moveTile.py:90] - DEBUG - [2528.838936] moveTile tile color check tempTileColor=E (+3.4 ms)
2026-06-26 03:51:53,851 - mazeUtils.moveTile - [moveTile.py:90] - DEBUG - [2528.839546] moveTile obstacle check escapeFlag=False (+0.6 ms)
2026-06-26 03:51:53,857 - mazeUtils.moveTile - [moveTile.py:79] - DEBUG - roll: 359.12 deg, practicalMoveTime: 0.4119954846045223 sec
2026-06-26 03:51:53,859 - mazeUtils.moveTile - [moveTile.py:1907] - DEBUG - moveTile loop time: 55.0 ms
2026-06-26 03:51:53,860 - mazeUtils.moveTile - [moveTile.py:90] - DEBUG - [2528.848075] moveTile loop end practicalMoveTime=0.412 (+8.5 ms)
2026-06-26 03:51:53,860 - mazeUtils.moveTile - [moveTile.py:90] - DEBUG - [2528.848563] moveTile loop start (+0.5 ms)
2026-06-26 03:51:53,869 - picamera2.picamera2 - [picamera2.py:1391] - DEBUG - Execute job: <picamera2.job.Job object at 0x7f633fcc90>
2026-06-26 03:51:53,876 - mazeUtils.device.camera - [camera.py:39] - DEBUG - Average HSV: H=109.9, S=223.5, V=190.4
2026-06-26 03:51:53,881 - mazeUtils.moveTile - [moveTile.py:90] - DEBUG - [2528.869436] moveTile calculated motor speeds left=100 right=92 gyroSteer=0.03999999999996362 wallSteer=7.200000000000003 (+20.9 ms)
2026-06-26 03:51:53,901 - mazeUtils.moveTile - [moveTile.py:90] - DEBUG - [2528.889734] moveTile applied motor speed left=100 right=92 (+20.3 ms)
2026-06-26 03:51:53,903 - mazeUtils.moveTile - [moveTile.py:90] - DEBUG - [2528.890947] moveTile ramp check isBigRamp=False (+1.2 ms)
2026-06-26 03:51:53,907 - mazeUtils.moveTile - [moveTile.py:90] - DEBUG - [2528.895217] moveTile tile color check tempTileColor=E (+4.3 ms)
2026-06-26 03:51:53,908 - mazeUtils.moveTile - [moveTile.py:90] - DEBUG - [2528.895883] moveTile obstacle check escapeFlag=False (+0.7 ms)
2026-06-26 03:51:53,913 - mazeUtils.moveTile - [moveTile.py:79] - DEBUG - roll: 359.16999999999996 deg, practicalMoveTime: 0.465695627927273 sec
2026-06-26 03:51:53,914 - mazeUtils.moveTile - [moveTile.py:1907] - DEBUG - moveTile loop time: 53.4 ms
2026-06-26 03:51:53,915 - mazeUtils.moveTile - [moveTile.py:90] - DEBUG - [2528.903036] moveTile loop end practicalMoveTime=0.466 (+7.2 ms)
2026-06-26 03:51:53,916 - mazeUtils.moveTile - [moveTile.py:90] - DEBUG - [2528.903946] moveTile loop start (+0.9 ms)
2026-06-26 03:51:53,921 - picamera2.picamera2 - [picamera2.py:1391] - DEBUG - Execute job: <picamera2.job.Job object at 0x7f9a022310>
2026-06-26 03:51:53,930 - mazeUtils.device.camera - [camera.py:39] - DEBUG - Average HSV: H=109.7, S=224.7, V=194.3
2026-06-26 03:51:53,935 - mazeUtils.moveTile - [moveTile.py:90] - DEBUG - [2528.922834] moveTile calculated motor speeds left=100 right=98 gyroSteer=3.8400000000001455 wallSteer=-2.8000000000000007 (+18.9 ms)
2026-06-26 03:51:53,956 - mazeUtils.moveTile - [moveTile.py:90] - DEBUG - [2528.944189] moveTile applied motor speed left=100 right=98 (+21.4 ms)
2026-06-26 03:51:53,957 - mazeUtils.moveTile - [moveTile.py:90] - DEBUG - [2528.944949] moveTile ramp check isBigRamp=False (+0.8 ms)
2026-06-26 03:51:53,960 - mazeUtils.moveTile - [moveTile.py:90] - DEBUG - [2528.948401] moveTile tile color check tempTileColor=E (+3.5 ms)
2026-06-26 03:51:53,961 - mazeUtils.moveTile - [moveTile.py:90] - DEBUG - [2528.949095] moveTile obstacle check escapeFlag=False (+0.7 ms)
2026-06-26 03:51:53,966 - mazeUtils.moveTile - [moveTile.py:79] - DEBUG - roll: 359.38 deg, practicalMoveTime: 0.5176241094171496 sec
2026-06-26 03:51:53,967 - mazeUtils.moveTile - [moveTile.py:1907] - DEBUG - moveTile loop time: 50.8 ms
2026-06-26 03:51:53,967 - mazeUtils.moveTile - [moveTile.py:90] - DEBUG - [2528.955322] moveTile loop end practicalMoveTime=0.518 (+6.2 ms)
2026-06-26 03:51:53,967 - mazeUtils.moveTile - [moveTile.py:90] - DEBUG - [2528.955728] moveTile loop start (+0.4 ms)
2026-06-26 03:51:53,975 - picamera2.picamera2 - [picamera2.py:1391] - DEBUG - Execute job: <picamera2.job.Job object at 0x7f99ba7690>
2026-06-26 03:51:53,981 - mazeUtils.device.camera - [camera.py:39] - DEBUG - Average HSV: H=109.7, S=226.4, V=195.4
2026-06-26 03:51:53,990 - mazeUtils.moveTile - [moveTile.py:90] - DEBUG - [2528.978467] moveTile calculated motor speeds left=100 right=91 gyroSteer=3.240000000000009 wallSteer=4.800000000000001 (+22.7 ms)
2026-06-26 03:51:54,019 - mazeUtils.moveTile - [moveTile.py:90] - DEBUG - [2529.007359] moveTile applied motor speed left=100 right=91 (+28.9 ms)
2026-06-26 03:51:54,020 - mazeUtils.moveTile - [moveTile.py:90] - DEBUG - [2529.008442] moveTile ramp check isBigRamp=False (+1.1 ms)
2026-06-26 03:51:54,024 - mazeUtils.moveTile - [moveTile.py:90] - DEBUG - [2529.011989] moveTile tile color check tempTileColor=E (+3.5 ms)
2026-06-26 03:51:54,024 - mazeUtils.moveTile - [moveTile.py:90] - DEBUG - [2529.012591] moveTile obstacle check escapeFlag=False (+0.6 ms)
2026-06-26 03:51:54,030 - mazeUtils.moveTile - [moveTile.py:79] - DEBUG - roll: 359.28 deg, practicalMoveTime: 0.5806533159654061 sec
2026-06-26 03:51:54,031 - mazeUtils.moveTile - [moveTile.py:1907] - DEBUG - moveTile loop time: 63.4 ms
2026-06-26 03:51:54,032 - mazeUtils.moveTile - [moveTile.py:90] - DEBUG - [2529.019894] moveTile loop end practicalMoveTime=0.581 (+7.3 ms)
2026-06-26 03:51:54,032 - mazeUtils.moveTile - [moveTile.py:90] - DEBUG - [2529.020481] moveTile loop start (+0.6 ms)
2026-06-26 03:51:54,038 - picamera2.picamera2 - [picamera2.py:1391] - DEBUG - Execute job: <picamera2.job.Job object at 0x7f81fc09d0>
2026-06-26 03:51:54,045 - mazeUtils.device.camera - [camera.py:39] - DEBUG - Average HSV: H=109.3, S=227.4, V=199.8
2026-06-26 03:51:54,051 - mazeUtils.moveTile - [moveTile.py:90] - DEBUG - [2529.039425] moveTile calculated motor speeds left=100 right=92 gyroSteer=8.039999999999964 wallSteer=-0.3999999999999986 (+18.9 ms)
2026-06-26 03:51:54,074 - mazeUtils.moveTile - [moveTile.py:90] - DEBUG - [2529.061976] moveTile applied motor speed left=100 right=92 (+22.6 ms)
2026-06-26 03:51:54,074 - mazeUtils.moveTile - [moveTile.py:90] - DEBUG - [2529.062708] moveTile ramp check isBigRamp=False (+0.7 ms)
2026-06-26 03:51:54,080 - mazeUtils.moveTile - [moveTile.py:90] - DEBUG - [2529.068302] moveTile tile color check tempTileColor=E (+5.6 ms)
2026-06-26 03:51:54,081 - mazeUtils.moveTile - [moveTile.py:90] - DEBUG - [2529.069033] moveTile obstacle check escapeFlag=False (+0.7 ms)
2026-06-26 03:51:54,089 - mazeUtils.moveTile - [moveTile.py:79] - DEBUG - roll: 359.46999999999997 deg, practicalMoveTime: 0.6383211546701778 sec
2026-06-26 03:51:54,089 - mazeUtils.moveTile - [moveTile.py:1907] - DEBUG - moveTile loop time: 57.2 ms
2026-06-26 03:51:54,090 - mazeUtils.moveTile - [moveTile.py:90] - DEBUG - [2529.078225] moveTile loop end practicalMoveTime=0.638 (+9.2 ms)
2026-06-26 03:51:54,090 - mazeUtils.moveTile - [moveTile.py:90] - DEBUG - [2529.078651] moveTile loop start (+0.4 ms)
2026-06-26 03:51:54,097 - picamera2.picamera2 - [picamera2.py:1391] - DEBUG - Execute job: <picamera2.job.Job object at 0x7f606f4dd0>
2026-06-26 03:51:54,102 - mazeUtils.device.camera - [camera.py:39] - DEBUG - Average HSV: H=109.1, S=227.1, V=201.8
2026-06-26 03:51:54,108 - mazeUtils.moveTile - [moveTile.py:90] - DEBUG - [2529.096619] moveTile calculated motor speeds left=99 right=100 gyroSteer=-0.9199999999998454 wallSteer=0.8000000000000007 (+18.0 ms)
2026-06-26 03:51:54,128 - mazeUtils.moveTile - [moveTile.py:90] - DEBUG - [2529.116575] moveTile applied motor speed left=99 right=100 (+20.0 ms)
2026-06-26 03:51:54,130 - mazeUtils.moveTile - [moveTile.py:90] - DEBUG - [2529.118288] moveTile ramp check isBigRamp=False (+1.7 ms)
2026-06-26 03:51:54,134 - mazeUtils.moveTile - [moveTile.py:90] - DEBUG - [2529.122293] moveTile tile color check tempTileColor=E (+4.0 ms)
2026-06-26 03:51:54,135 - mazeUtils.moveTile - [moveTile.py:90] - DEBUG - [2529.123444] moveTile obstacle check escapeFlag=False (+1.2 ms)
2026-06-26 03:51:54,148 - mazeUtils.moveTile - [moveTile.py:79] - DEBUG - roll: 359.08 deg, practicalMoveTime: 0.6964614874915142 sec
2026-06-26 03:51:54,149 - mazeUtils.moveTile - [moveTile.py:1907] - DEBUG - moveTile loop time: 58.4 ms
2026-06-26 03:51:54,150 - mazeUtils.moveTile - [moveTile.py:90] - DEBUG - [2529.137854] moveTile loop end practicalMoveTime=0.696 (+14.4 ms)
2026-06-26 03:51:54,150 - mazeUtils.moveTile - [moveTile.py:90] - DEBUG - [2529.138520] moveTile loop start (+0.7 ms)
2026-06-26 03:51:54,156 - picamera2.picamera2 - [picamera2.py:1391] - DEBUG - Execute job: <picamera2.job.Job object at 0x7f99ba7690>
2026-06-26 03:51:54,162 - mazeUtils.device.camera - [camera.py:39] - DEBUG - Average HSV: H=108.6, S=228.7, V=207.0
2026-06-26 03:51:54,168 - mazeUtils.moveTile - [moveTile.py:90] - DEBUG - [2529.156143] moveTile calculated motor speeds left=100 right=96 gyroSteer=2.3199999999999363 wallSteer=0.8000000000000007 (+17.6 ms)
2026-06-26 03:51:54,188 - mazeUtils.moveTile - [moveTile.py:90] - DEBUG - [2529.176410] moveTile applied motor speed left=100 right=96 (+20.3 ms)
2026-06-26 03:51:54,189 - mazeUtils.moveTile - [moveTile.py:90] - DEBUG - [2529.177149] moveTile ramp check isBigRamp=False (+0.7 ms)
2026-06-26 03:51:54,192 - mazeUtils.moveTile - [moveTile.py:90] - DEBUG - [2529.180714] moveTile tile color check tempTileColor=E (+3.6 ms)
2026-06-26 03:51:54,193 - mazeUtils.moveTile - [moveTile.py:90] - DEBUG - [2529.181324] moveTile obstacle check escapeFlag=False (+0.6 ms)
2026-06-26 03:51:54,200 - mazeUtils.moveTile - [moveTile.py:79] - DEBUG - roll: 359.53 deg, practicalMoveTime: 0.7475809592452309 sec
2026-06-26 03:51:54,201 - mazeUtils.moveTile - [moveTile.py:1907] - DEBUG - moveTile loop time: 50.9 ms
2026-06-26 03:51:54,202 - mazeUtils.moveTile - [moveTile.py:90] - DEBUG - [2529.190052] moveTile loop end practicalMoveTime=0.748 (+8.7 ms)
2026-06-26 03:51:54,202 - mazeUtils.moveTile - [moveTile.py:90] - DEBUG - [2529.190681] moveTile loop start (+0.6 ms)
2026-06-26 03:51:54,209 - picamera2.picamera2 - [picamera2.py:1391] - DEBUG - Execute job: <picamera2.job.Job object at 0x7f606f4dd0>
2026-06-26 03:51:54,217 - mazeUtils.device.camera - [camera.py:39] - DEBUG - Average HSV: H=108.2, S=228.4, V=209.8
2026-06-26 03:51:54,223 - mazeUtils.moveTile - [moveTile.py:90] - DEBUG - [2529.211258] moveTile calculated motor speeds left=98 right=100 gyroSteer=-1.9600000000000364 wallSteer=0.8000000000000007 (+20.6 ms)
2026-06-26 03:51:54,242 - mazeUtils.moveTile - [moveTile.py:90] - DEBUG - [2529.230707] moveTile applied motor speed left=98 right=100 (+19.4 ms)
2026-06-26 03:51:54,243 - mazeUtils.moveTile - [moveTile.py:90] - DEBUG - [2529.231482] moveTile ramp check isBigRamp=False (+0.8 ms)
2026-06-26 03:51:54,248 - mazeUtils.moveTile - [moveTile.py:90] - DEBUG - [2529.235917] moveTile tile color check tempTileColor=E (+4.4 ms)
2026-06-26 03:51:54,248 - mazeUtils.moveTile - [moveTile.py:90] - DEBUG - [2529.236749] moveTile obstacle check escapeFlag=False (+0.8 ms)
2026-06-26 03:51:54,255 - mazeUtils.moveTile - [moveTile.py:79] - DEBUG - roll: 359.94 deg, practicalMoveTime: 0.8009364927746097 sec
2026-06-26 03:51:54,256 - mazeUtils.moveTile - [moveTile.py:1907] - DEBUG - moveTile loop time: 53.0 ms
2026-06-26 03:51:54,257 - mazeUtils.moveTile - [moveTile.py:90] - DEBUG - [2529.244945] moveTile loop end practicalMoveTime=0.801 (+8.2 ms)
2026-06-26 03:51:54,257 - mazeUtils.moveTile - [moveTile.py:90] - DEBUG - [2529.245703] moveTile loop start (+0.8 ms)
2026-06-26 03:51:54,265 - picamera2.picamera2 - [picamera2.py:1391] - DEBUG - Execute job: <picamera2.job.Job object at 0x7f81fc09d0>
2026-06-26 03:51:54,272 - mazeUtils.device.camera - [camera.py:39] - DEBUG - Average HSV: H=108.0, S=227.5, V=215.0
2026-06-26 03:51:54,279 - mazeUtils.moveTile - [moveTile.py:90] - DEBUG - [2529.266845] moveTile calculated motor speeds left=100 right=96 gyroSteer=2.400000000000091 wallSteer=0.8000000000000007 (+21.1 ms)
2026-06-26 03:51:54,299 - mazeUtils.moveTile - [moveTile.py:90] - DEBUG - [2529.287050] moveTile applied motor speed left=100 right=96 (+20.2 ms)
2026-06-26 03:51:54,300 - mazeUtils.moveTile - [moveTile.py:90] - DEBUG - [2529.287822] moveTile ramp check isBigRamp=False (+0.8 ms)
2026-06-26 03:51:54,304 - mazeUtils.moveTile - [moveTile.py:90] - DEBUG - [2529.292295] moveTile tile color check tempTileColor=E (+4.5 ms)
2026-06-26 03:51:54,305 - mazeUtils.moveTile - [moveTile.py:90] - DEBUG - [2529.292963] moveTile obstacle check escapeFlag=False (+0.7 ms)
2026-06-26 03:51:54,312 - mazeUtils.moveTile - [moveTile.py:1755] - INFO - practicalVerticalMove: -0.4415141381230067 CM
2026-06-26 03:51:54,332 - mazeUtils.moveTile - [moveTile.py:90] - DEBUG - [2529.320760] moveTile finished by time control (+27.8 ms)
2026-06-26 03:51:54,333 - mazeUtils.moveTile - [moveTile.py:90] - DEBUG - [2529.321497] moveTile start final forward adjustment (+28.5 ms)
2026-06-26 03:51:54,362 - mazeUtils.moveTile - [moveTile.py:79] - DEBUG - Little forward to adjust position
2026-06-26 03:51:54,529 - mazeUtils.moveTile - [moveTile.py:90] - DEBUG - [2529.516892] moveTile finished final forward adjustment (+195.4 ms)
2026-06-26 03:51:54,530 - mazeUtils.moveTile - [moveTile.py:2117] - INFO - Set moved vertical distance: -0.4415141381230067 cm, past distances: [(0, False), (0, False), (0, False)]
2026-06-26 03:51:54,530 - mazeUtils.moveTile - [moveTile.py:90] - DEBUG - [2529.518564] moveTile updated moved vertical distance -0.442 (+1.7 ms)
2026-06-26 03:51:54,674 - mazeUtils.moveTile - [moveTile.py:563] - DEBUG - Direction: absDirection.NORTH, Angle: 90, Distance: 17.28454596041491 cm
2026-06-26 03:51:54,676 - mazeUtils.moveTile - [moveTile.py:563] - DEBUG - Direction: absDirection.EAST, Angle: 0, Distance: 13.546454382655657 cm
2026-06-26 03:51:54,678 - mazeUtils.moveTile - [moveTile.py:570] - INFO - angle: 0, result: judgeWallResult.WALL
2026-06-26 03:51:54,679 - mazeUtils.moveTile - [moveTile.py:573] - DEBUG - Front LiDAR distance: 13.546454382655657 cm, TSD10 distance: 2.2 cm
2026-06-26 03:51:54,680 - mazeUtils.moveTile - [moveTile.py:563] - DEBUG - Direction: absDirection.SOUTH, Angle: 270, Distance: 48.38901919252433 cm
2026-06-26 03:51:54,682 - mazeUtils.moveTile - [moveTile.py:563] - DEBUG - Direction: absDirection.WEST, Angle: 180, Distance: 51.91082505715026 cm
2026-06-26 03:51:54,683 - mazeUtils.moveTile - [moveTile.py:90] - DEBUG - [2529.671572] moveTile updated map and detected walls (+153.0 ms)
2026-06-26 03:51:54,687 - mazeUtils.moveTile - [moveTile.py:2272] - INFO - Tile color detection, decided tile type: E
2026-06-26 03:51:54,688 - mazeUtils.moveTile - [moveTile.py:90] - DEBUG - [2529.676368] moveTile finished (+157.8 ms)
2026-06-26 03:51:54,778 - __main__ - [main.py:106] - INFO - Current position: (21, 15, 0), front direction: absDirection.EAST
Layer 0 (altitude=0.0cm, offset=(0.0cm, 0.0cm)):
Known map area: x=20..21, y=15..20
+---+---+
| E   @ |
+   +   +
| E   U  
+   +   +
| E   U  
+   +   +
| E   U  
+   +   +
| E   U  
+   +   +
| S | U  
+---+   +
mazeAsGraph[0][15][20] = {absDirection.NORTH: None, absDirection.EAST: (21, 15, 0, 30), absDirection.SOUTH: (20, 16, 0, 30), absDirection.WEST: None}
mazeAsGraph[0][15][21] = {absDirection.NORTH: None, absDirection.EAST: None, absDirection.SOUTH: (21, 16, 0, 30), absDirection.WEST: (20, 15, 0, 30)}
mazeAsGraph[0][16][20] = {absDirection.NORTH: (20, 15, 0, 30), absDirection.EAST: (21, 16, 0, 30), absDirection.SOUTH: (20, 17, 0, 30), absDirection.WEST: None}
mazeAsGraph[0][17][20] = {absDirection.NORTH: (20, 16, 0, 30), absDirection.EAST: (21, 17, 0, 30), absDirection.SOUTH: (20, 18, 0, 30), absDirection.WEST: None}
mazeAsGraph[0][18][20] = {absDirection.NORTH: (20, 17, 0, 30), absDirection.EAST: (21, 18, 0, 30), absDirection.SOUTH: (20, 19, 0, 30), absDirection.WEST: None}
mazeAsGraph[0][19][20] = {absDirection.NORTH: (20, 18, 0, 30), absDirection.EAST: (21, 19, 0, 30), absDirection.SOUTH: (20, 20, 0, 30), absDirection.WEST: None}
mazeAsGraph[0][20][20] = {absDirection.NORTH: (20, 19, 0, 30), absDirection.EAST: None, absDirection.SOUTH: None, absDirection.WEST: None}
2026-06-26 03:51:54,789 - mazeUtils.mazeMap - [mazeMap.py:61] - INFO - next goal: (21, 16, 0)
2026-06-26 03:51:54,791 - mazeUtils.mazeMap - [mazeMap.py:61] - INFO - next goal: (20, 20, 0)
2026-06-26 03:51:54,793 - mazeUtils.moveTile - [moveTile.py:88] - DEBUG - [2529.781132] moveTile start direction=absDirection.SOUTH position=(21, 15, 0) front=absDirection.EAST
2026-06-26 03:51:54,797 - mazeUtils.moveTile - [moveTile.py:90] - DEBUG - [2529.785738] moveTile after initial toggle check (+4.6 ms)
2026-06-26 03:51:54,800 - mazeUtils.moveTile - [moveTile.py:90] - DEBUG - [2529.788152] moveTile after tile checks isRedTile=False isUnknownTileAhead=True (+2.4 ms)
2026-06-26 03:51:54,801 - mazeUtils.moveTile - [moveTile.py:79] - DEBUG - Moving to absDirection.SOUTH from (21, 15, 0) facing absDirection.EAST
2026-06-26 03:51:54,801 - mazeUtils.moveTile - [moveTile.py:90] - DEBUG - [2529.789522] moveTile start heading change target=180 (+1.4 ms)
2026-06-26 03:51:54,827 - mazeUtils.moveTile - [moveTile.py:79] - DEBUG - current heading: 269.67 target: 180
2026-06-26 03:51:55,839 - mazeUtils.moveTile - [moveTile.py:435] - DEBUG - stopped turning at heading: 185.09, diff: 5.090000000000003
2026-06-26 03:51:55,893 - mazeUtils.moveTile - [moveTile.py:79] - DEBUG - Turned to heading: 179.88000000000002 deg
2026-06-26 03:51:55,895 - mazeUtils.moveTile - [moveTile.py:90] - DEBUG - [2530.882818] moveTile finished heading change (+1093.3 ms)
2026-06-26 03:51:55,895 - mazeUtils.moveTile - [moveTile.py:90] - DEBUG - [2530.883659] moveTile updated front direction (+0.8 ms)
2026-06-26 03:51:55,917 - mazeUtils.moveTile - [moveTile.py:90] - DEBUG - [2530.904948] moveTile stopped motors before alignment (+21.3 ms)
2026-06-26 03:51:56,081 - mazeUtils.moveTile - [moveTile.py:563] - DEBUG - Direction: absDirection.NORTH, Angle: 180, Distance: 20.95838805769997 cm
2026-06-26 03:51:56,083 - mazeUtils.moveTile - [moveTile.py:563] - DEBUG - Direction: absDirection.EAST, Angle: 90, Distance: 16.91820621520665 cm
2026-06-26 03:51:56,084 - mazeUtils.moveTile - [moveTile.py:563] - DEBUG - Direction: absDirection.SOUTH, Angle: 0, Distance: 82.22310431876699 cm
2026-06-26 03:51:56,087 - mazeUtils.moveTile - [moveTile.py:563] - DEBUG - Direction: absDirection.WEST, Angle: 270, Distance: 49.21659956542641 cm
2026-06-26 03:51:56,088 - mazeUtils.moveTile - [moveTile.py:90] - DEBUG - [2531.076375] moveTile start backward adjustment behind_wall_dist=20.95838805769997 (+171.4 ms)
2026-06-26 03:51:56,110 - mazeUtils.moveTile - [moveTile.py:79] - DEBUG - Little backward to adjust position
2026-06-26 03:51:56,304 - mazeUtils.moveTile - [moveTile.py:90] - DEBUG - [2531.292414] moveTile finished backward adjustment (+216.0 ms)
2026-06-26 03:51:56,325 - mazeUtils.moveTile - [moveTile.py:90] - DEBUG - [2531.313517] moveTile ready for forward move (+21.1 ms)
2026-06-26 03:51:56,424 - mazeUtils.moveTile - [moveTile.py:90] - DEBUG - [2531.412339] moveTile initialized movement targetSteps=1 (+98.8 ms)
2026-06-26 03:51:56,425 - mazeUtils.moveTile - [moveTile.py:90] - DEBUG - [2531.413630] moveTile loop start (+1.3 ms)
2026-06-26 03:51:56,430 - picamera2.picamera2 - [picamera2.py:1391] - DEBUG - Execute job: <picamera2.job.Job object at 0x7f99bdf9d0>
2026-06-26 03:51:56,436 - mazeUtils.device.camera - [camera.py:39] - DEBUG - Average HSV: H=113.1, S=182.2, V=159.0
2026-06-26 03:51:56,445 - mazeUtils.moveTile - [moveTile.py:90] - DEBUG - [2531.432822] moveTile calculated motor speeds left=88 right=100 gyroSteer=-11.799999999999955 wallSteer=0.0 (+19.2 ms)
2026-06-26 03:51:56,464 - mazeUtils.moveTile - [moveTile.py:90] - DEBUG - [2531.451996] moveTile applied motor speed left=88 right=100 (+19.2 ms)
2026-06-26 03:51:56,465 - mazeUtils.moveTile - [moveTile.py:90] - DEBUG - [2531.453028] moveTile ramp check isBigRamp=False (+1.0 ms)
2026-06-26 03:51:56,472 - mazeUtils.moveTile - [moveTile.py:90] - DEBUG - [2531.460412] moveTile tile color check tempTileColor=E (+7.4 ms)
2026-06-26 03:51:56,473 - mazeUtils.moveTile - [moveTile.py:90] - DEBUG - [2531.461680] moveTile obstacle check escapeFlag=False (+1.3 ms)
2026-06-26 03:51:56,481 - mazeUtils.moveTile - [moveTile.py:79] - DEBUG - roll: 359.45 deg, practicalMoveTime: 0.05627652660395974 sec
2026-06-26 03:51:56,482 - mazeUtils.moveTile - [moveTile.py:1907] - DEBUG - moveTile loop time: 56.9 ms
2026-06-26 03:51:56,483 - mazeUtils.moveTile - [moveTile.py:90] - DEBUG - [2531.471437] moveTile loop end practicalMoveTime=0.056 (+9.8 ms)
2026-06-26 03:51:56,484 - mazeUtils.moveTile - [moveTile.py:90] - DEBUG - [2531.472293] moveTile loop start (+0.9 ms)
2026-06-26 03:51:56,493 - picamera2.picamera2 - [picamera2.py:1391] - DEBUG - Execute job: <picamera2.job.Job object at 0x7f82062f90>
2026-06-26 03:51:56,499 - mazeUtils.device.camera - [camera.py:39] - DEBUG - Average HSV: H=113.5, S=180.7, V=156.5
2026-06-26 03:51:56,504 - mazeUtils.moveTile - [moveTile.py:90] - DEBUG - [2531.492453] moveTile calculated motor speeds left=88 right=100 gyroSteer=-11.079999999999927 wallSteer=-0.3999999999999986 (+20.2 ms)
2026-06-26 03:51:56,525 - mazeUtils.moveTile - [moveTile.py:90] - DEBUG - [2531.512791] moveTile applied motor speed left=88 right=100 (+20.3 ms)
2026-06-26 03:51:56,525 - mazeUtils.moveTile - [moveTile.py:90] - DEBUG - [2531.513786] moveTile ramp check isBigRamp=False (+1.0 ms)
2026-06-26 03:51:56,530 - mazeUtils.moveTile - [moveTile.py:90] - DEBUG - [2531.518724] moveTile tile color check tempTileColor=E (+4.9 ms)
2026-06-26 03:51:56,532 - mazeUtils.moveTile - [moveTile.py:90] - DEBUG - [2531.520270] moveTile obstacle check escapeFlag=False (+1.5 ms)
2026-06-26 03:51:56,539 - mazeUtils.moveTile - [moveTile.py:79] - DEBUG - roll: 359.63 deg, practicalMoveTime: 0.11281746007132615 sec
2026-06-26 03:51:56,540 - mazeUtils.moveTile - [moveTile.py:1907] - DEBUG - moveTile loop time: 55.7 ms
2026-06-26 03:51:56,541 - mazeUtils.moveTile - [moveTile.py:90] - DEBUG - [2531.528952] moveTile loop end practicalMoveTime=0.113 (+8.7 ms)
2026-06-26 03:51:56,541 - mazeUtils.moveTile - [moveTile.py:90] - DEBUG - [2531.529436] moveTile loop start (+0.5 ms)
2026-06-26 03:51:56,547 - picamera2.picamera2 - [picamera2.py:1391] - DEBUG - Execute job: <picamera2.job.Job object at 0x7f81fc09d0>
2026-06-26 03:51:56,554 - mazeUtils.device.camera - [camera.py:39] - DEBUG - Average HSV: H=113.1, S=182.5, V=161.1
2026-06-26 03:51:56,560 - mazeUtils.moveTile - [moveTile.py:90] - DEBUG - [2531.548459] moveTile calculated motor speeds left=91 right=100 gyroSteer=-10.3599999999999 wallSteer=1.6000000000000014 (+19.0 ms)
2026-06-26 03:51:56,580 - mazeUtils.moveTile - [moveTile.py:90] - DEBUG - [2531.568629] moveTile applied motor speed left=91 right=100 (+20.2 ms)
2026-06-26 03:51:56,581 - mazeUtils.moveTile - [moveTile.py:90] - DEBUG - [2531.569347] moveTile ramp check isBigRamp=False (+0.7 ms)
2026-06-26 03:51:56,585 - mazeUtils.moveTile - [moveTile.py:90] - DEBUG - [2531.573200] moveTile tile color check tempTileColor=E (+3.9 ms)
2026-06-26 03:51:56,586 - mazeUtils.moveTile - [moveTile.py:90] - DEBUG - [2531.574013] moveTile obstacle check escapeFlag=False (+0.8 ms)
2026-06-26 03:51:56,592 - mazeUtils.moveTile - [moveTile.py:79] - DEBUG - roll: 358.2 deg, practicalMoveTime: 0.16473056863067576 sec
2026-06-26 03:51:56,593 - mazeUtils.moveTile - [moveTile.py:1907] - DEBUG - moveTile loop time: 51.6 ms
2026-06-26 03:51:56,593 - mazeUtils.moveTile - [moveTile.py:90] - DEBUG - [2531.581637] moveTile loop end practicalMoveTime=0.165 (+7.6 ms)
2026-06-26 03:51:56,594 - mazeUtils.moveTile - [moveTile.py:90] - DEBUG - [2531.582045] moveTile loop start (+0.4 ms)
2026-06-26 03:51:56,600 - picamera2.picamera2 - [picamera2.py:1391] - DEBUG - Execute job: <picamera2.job.Job object at 0x7f606f4dd0>
2026-06-26 03:51:56,607 - mazeUtils.device.camera - [camera.py:39] - DEBUG - Average HSV: H=112.9, S=182.2, V=162.5
2026-06-26 03:51:56,613 - mazeUtils.moveTile - [moveTile.py:90] - DEBUG - [2531.601197] moveTile calculated motor speeds left=92 right=100 gyroSteer=-9.039999999999964 wallSteer=1.1999999999999993 (+19.2 ms)
2026-06-26 03:51:56,633 - mazeUtils.moveTile - [moveTile.py:90] - DEBUG - [2531.620848] moveTile applied motor speed left=92 right=100 (+19.7 ms)
2026-06-26 03:51:56,633 - mazeUtils.moveTile - [moveTile.py:90] - DEBUG - [2531.621683] moveTile ramp check isBigRamp=False (+0.8 ms)
2026-06-26 03:51:56,638 - mazeUtils.moveTile - [moveTile.py:90] - DEBUG - [2531.626401] moveTile tile color check tempTileColor=E (+4.7 ms)
2026-06-26 03:51:56,639 - mazeUtils.moveTile - [moveTile.py:90] - DEBUG - [2531.627151] moveTile obstacle check escapeFlag=False (+0.8 ms)
2026-06-26 03:51:56,644 - mazeUtils.moveTile - [moveTile.py:79] - DEBUG - roll: 359.18 deg, practicalMoveTime: 0.21548121465898581 sec
2026-06-26 03:51:56,644 - mazeUtils.moveTile - [moveTile.py:1907] - DEBUG - moveTile loop time: 50.6 ms
2026-06-26 03:51:56,645 - mazeUtils.moveTile - [moveTile.py:90] - DEBUG - [2531.633460] moveTile loop end practicalMoveTime=0.215 (+6.3 ms)
2026-06-26 03:51:56,646 - mazeUtils.moveTile - [moveTile.py:90] - DEBUG - [2531.633918] moveTile loop start (+0.5 ms)
2026-06-26 03:51:56,653 - picamera2.picamera2 - [picamera2.py:1391] - DEBUG - Execute job: <picamera2.job.Job object at 0x7f99bbefd0>
2026-06-26 03:51:56,659 - mazeUtils.device.camera - [camera.py:39] - DEBUG - Average HSV: H=113.2, S=184.8, V=166.7
2026-06-26 03:51:56,666 - mazeUtils.moveTile - [moveTile.py:90] - DEBUG - [2531.654271] moveTile calculated motor speeds left=91 right=100 gyroSteer=-9.3599999999999 wallSteer=0.8000000000000007 (+20.4 ms)
2026-06-26 03:51:56,686 - mazeUtils.moveTile - [moveTile.py:90] - DEBUG - [2531.673787] moveTile applied motor speed left=91 right=100 (+19.5 ms)
2026-06-26 03:51:56,686 - mazeUtils.moveTile - [moveTile.py:90] - DEBUG - [2531.674506] moveTile ramp check isBigRamp=False (+0.7 ms)
2026-06-26 03:51:56,690 - mazeUtils.moveTile - [moveTile.py:90] - DEBUG - [2531.678035] moveTile tile color check tempTileColor=E (+3.5 ms)
2026-06-26 03:51:56,691 - mazeUtils.moveTile - [moveTile.py:90] - DEBUG - [2531.679168] moveTile obstacle check escapeFlag=False (+1.1 ms)
2026-06-26 03:51:56,696 - mazeUtils.moveTile - [moveTile.py:79] - DEBUG - roll: 358.16999999999996 deg, practicalMoveTime: 0.26718051740582854 sec
2026-06-26 03:51:56,697 - mazeUtils.moveTile - [moveTile.py:1907] - DEBUG - moveTile loop time: 51.4 ms
2026-06-26 03:51:56,697 - mazeUtils.moveTile - [moveTile.py:90] - DEBUG - [2531.685811] moveTile loop end practicalMoveTime=0.267 (+6.6 ms)
2026-06-26 03:51:56,698 - mazeUtils.moveTile - [moveTile.py:90] - DEBUG - [2531.686198] moveTile loop start (+0.4 ms)
2026-06-26 03:51:56,705 - picamera2.picamera2 - [picamera2.py:1391] - DEBUG - Execute job: <picamera2.job.Job object at 0x7f99bdf9d0>
2026-06-26 03:51:56,712 - mazeUtils.device.camera - [camera.py:39] - DEBUG - Average HSV: H=113.0, S=185.4, V=166.7
2026-06-26 03:51:56,718 - mazeUtils.moveTile - [moveTile.py:90] - DEBUG - [2531.706184] moveTile calculated motor speeds left=88 right=100 gyroSteer=-9.3599999999999 wallSteer=-2.0 (+20.0 ms)
2026-06-26 03:51:56,742 - mazeUtils.moveTile - [moveTile.py:90] - DEBUG - [2531.729894] moveTile applied motor speed left=88 right=100 (+23.7 ms)
2026-06-26 03:51:56,744 - mazeUtils.moveTile - [moveTile.py:90] - DEBUG - [2531.731800] moveTile ramp check isBigRamp=False (+1.9 ms)
2026-06-26 03:51:56,748 - mazeUtils.moveTile - [moveTile.py:90] - DEBUG - [2531.736500] moveTile tile color check tempTileColor=E (+4.7 ms)
2026-06-26 03:51:56,749 - mazeUtils.moveTile - [moveTile.py:90] - DEBUG - [2531.737259] moveTile obstacle check escapeFlag=False (+0.8 ms)
2026-06-26 03:51:56,757 - mazeUtils.moveTile - [moveTile.py:79] - DEBUG - roll: 359.46 deg, practicalMoveTime: 0.3266623538658127 sec
2026-06-26 03:51:56,757 - mazeUtils.moveTile - [moveTile.py:1907] - DEBUG - moveTile loop time: 59.4 ms
2026-06-26 03:51:56,758 - mazeUtils.moveTile - [moveTile.py:90] - DEBUG - [2531.746172] moveTile loop end practicalMoveTime=0.327 (+8.9 ms)
2026-06-26 03:51:56,758 - mazeUtils.moveTile - [moveTile.py:90] - DEBUG - [2531.746556] moveTile loop start (+0.4 ms)
2026-06-26 03:51:56,765 - picamera2.picamera2 - [picamera2.py:1391] - DEBUG - Execute job: <picamera2.job.Job object at 0x7f99bbefd0>
2026-06-26 03:51:56,771 - mazeUtils.device.camera - [camera.py:39] - DEBUG - Average HSV: H=113.2, S=182.0, V=164.6
2026-06-26 03:51:56,784 - mazeUtils.moveTile - [moveTile.py:90] - DEBUG - [2531.771963] moveTile calculated motor speeds left=96 right=100 gyroSteer=-1.4399999999999409 wallSteer=-2.3999999999999986 (+25.4 ms)
2026-06-26 03:51:56,805 - mazeUtils.moveTile - [moveTile.py:90] - DEBUG - [2531.793053] moveTile applied motor speed left=96 right=100 (+21.1 ms)
2026-06-26 03:51:56,805 - mazeUtils.moveTile - [moveTile.py:90] - DEBUG - [2531.793763] moveTile ramp check isBigRamp=False (+0.7 ms)
2026-06-26 03:51:56,810 - mazeUtils.moveTile - [moveTile.py:90] - DEBUG - [2531.798110] moveTile tile color check tempTileColor=E (+4.3 ms)
2026-06-26 03:51:56,811 - mazeUtils.moveTile - [moveTile.py:90] - DEBUG - [2531.798795] moveTile obstacle check escapeFlag=False (+0.7 ms)
2026-06-26 03:51:56,817 - mazeUtils.moveTile - [moveTile.py:79] - DEBUG - roll: 358.25 deg, practicalMoveTime: 0.38570560932731734 sec
2026-06-26 03:51:56,817 - mazeUtils.moveTile - [moveTile.py:1907] - DEBUG - moveTile loop time: 59.0 ms
2026-06-26 03:51:56,818 - mazeUtils.moveTile - [moveTile.py:90] - DEBUG - [2531.806083] moveTile loop end practicalMoveTime=0.386 (+7.3 ms)
2026-06-26 03:51:56,818 - mazeUtils.moveTile - [moveTile.py:90] - DEBUG - [2531.806469] moveTile loop start (+0.4 ms)
2026-06-26 03:51:56,825 - picamera2.picamera2 - [picamera2.py:1391] - DEBUG - Execute job: <picamera2.job.Job object at 0x7f606f4dd0>
2026-06-26 03:51:56,831 - mazeUtils.device.camera - [camera.py:39] - DEBUG - Average HSV: H=113.0, S=181.8, V=168.6
2026-06-26 03:51:56,836 - mazeUtils.moveTile - [moveTile.py:90] - DEBUG - [2531.824714] moveTile calculated motor speeds left=100 right=98 gyroSteer=4.400000000000091 wallSteer=-3.1999999999999993 (+18.2 ms)
2026-06-26 03:51:56,862 - mazeUtils.moveTile - [moveTile.py:90] - DEBUG - [2531.850034] moveTile applied motor speed left=100 right=98 (+25.3 ms)
2026-06-26 03:51:56,863 - mazeUtils.moveTile - [moveTile.py:90] - DEBUG - [2531.851103] moveTile ramp check isBigRamp=False (+1.1 ms)
2026-06-26 03:51:56,868 - mazeUtils.moveTile - [moveTile.py:90] - DEBUG - [2531.856772] moveTile tile color check tempTileColor=E (+5.7 ms)
2026-06-26 03:51:56,869 - mazeUtils.moveTile - [moveTile.py:90] - DEBUG - [2531.857644] moveTile obstacle check escapeFlag=False (+0.9 ms)
2026-06-26 03:51:56,877 - mazeUtils.moveTile - [moveTile.py:79] - DEBUG - roll: 359.21 deg, practicalMoveTime: 0.44533713894347715 sec
2026-06-26 03:51:56,878 - mazeUtils.moveTile - [moveTile.py:1907] - DEBUG - moveTile loop time: 59.7 ms
2026-06-26 03:51:56,879 - mazeUtils.moveTile - [moveTile.py:90] - DEBUG - [2531.866847] moveTile loop end practicalMoveTime=0.445 (+9.2 ms)
2026-06-26 03:51:56,879 - mazeUtils.moveTile - [moveTile.py:90] - DEBUG - [2531.867358] moveTile loop start (+0.5 ms)
2026-06-26 03:51:56,886 - picamera2.picamera2 - [picamera2.py:1391] - DEBUG - Execute job: <picamera2.job.Job object at 0x7f82062f50>
2026-06-26 03:51:56,892 - mazeUtils.device.camera - [camera.py:39] - DEBUG - Average HSV: H=112.7, S=183.6, V=170.7
2026-06-26 03:51:56,898 - mazeUtils.moveTile - [moveTile.py:90] - DEBUG - [2531.886752] moveTile calculated motor speeds left=100 right=93 gyroSteer=10.040000000000077 wallSteer=-4.0 (+19.4 ms)
2026-06-26 03:51:56,918 - mazeUtils.moveTile - [moveTile.py:90] - DEBUG - [2531.906310] moveTile applied motor speed left=100 right=93 (+19.6 ms)
2026-06-26 03:51:56,920 - mazeUtils.moveTile - [moveTile.py:90] - DEBUG - [2531.908197] moveTile ramp check isBigRamp=False (+1.9 ms)
2026-06-26 03:51:56,924 - mazeUtils.moveTile - [moveTile.py:90] - DEBUG - [2531.911983] moveTile tile color check tempTileColor=E (+3.8 ms)
2026-06-26 03:51:56,924 - mazeUtils.moveTile - [moveTile.py:90] - DEBUG - [2531.912687] moveTile obstacle check escapeFlag=False (+0.7 ms)
2026-06-26 03:51:56,931 - mazeUtils.moveTile - [moveTile.py:79] - DEBUG - roll: 359.0 deg, practicalMoveTime: 0.49861057751911864 sec
2026-06-26 03:51:56,932 - mazeUtils.moveTile - [moveTile.py:1907] - DEBUG - moveTile loop time: 53.0 ms
2026-06-26 03:51:56,933 - mazeUtils.moveTile - [moveTile.py:90] - DEBUG - [2531.920942] moveTile loop end practicalMoveTime=0.499 (+8.3 ms)
2026-06-26 03:51:56,933 - mazeUtils.moveTile - [moveTile.py:90] - DEBUG - [2531.921433] moveTile loop start (+0.5 ms)
2026-06-26 03:51:56,938 - picamera2.picamera2 - [picamera2.py:1391] - DEBUG - Execute job: <picamera2.job.Job object at 0x7f99bbefd0>
2026-06-26 03:51:56,945 - mazeUtils.device.camera - [camera.py:39] - DEBUG - Average HSV: H=112.7, S=185.9, V=174.3
2026-06-26 03:51:56,956 - mazeUtils.moveTile - [moveTile.py:90] - DEBUG - [2531.944424] moveTile calculated motor speeds left=100 right=93 gyroSteer=9.280000000000086 wallSteer=-3.1999999999999993 (+23.0 ms)
2026-06-26 03:51:56,976 - mazeUtils.moveTile - [moveTile.py:90] - DEBUG - [2531.964732] moveTile applied motor speed left=100 right=93 (+20.3 ms)
2026-06-26 03:51:56,978 - mazeUtils.moveTile - [moveTile.py:90] - DEBUG - [2531.965736] moveTile ramp check isBigRamp=False (+1.0 ms)
2026-06-26 03:51:56,983 - mazeUtils.moveTile - [moveTile.py:90] - DEBUG - [2531.971760] moveTile tile color check tempTileColor=E (+6.0 ms)
2026-06-26 03:51:56,984 - mazeUtils.moveTile - [moveTile.py:90] - DEBUG - [2531.972400] moveTile obstacle check escapeFlag=False (+0.6 ms)
2026-06-26 03:51:56,989 - mazeUtils.moveTile - [moveTile.py:79] - DEBUG - roll: 358.51 deg, practicalMoveTime: 0.5551501254077752 sec
2026-06-26 03:51:56,991 - mazeUtils.moveTile - [moveTile.py:1907] - DEBUG - moveTile loop time: 57.3 ms
2026-06-26 03:51:56,991 - mazeUtils.moveTile - [moveTile.py:90] - DEBUG - [2531.979554] moveTile loop end practicalMoveTime=0.555 (+7.2 ms)
2026-06-26 03:51:56,992 - mazeUtils.moveTile - [moveTile.py:90] - DEBUG - [2531.980287] moveTile loop start (+0.7 ms)
2026-06-26 03:51:56,998 - picamera2.picamera2 - [picamera2.py:1391] - DEBUG - Execute job: <picamera2.job.Job object at 0x7f99bbefd0>
2026-06-26 03:51:57,005 - mazeUtils.device.camera - [camera.py:39] - DEBUG - Average HSV: H=112.3, S=187.8, V=178.8
2026-06-26 03:51:57,010 - mazeUtils.moveTile - [moveTile.py:90] - DEBUG - [2531.998460] moveTile calculated motor speeds left=100 right=86 gyroSteer=12.960000000000036 wallSteer=0.3999999999999986 (+18.2 ms)
2026-06-26 03:51:57,033 - mazeUtils.moveTile - [moveTile.py:90] - DEBUG - [2532.020875] moveTile applied motor speed left=100 right=86 (+22.4 ms)
2026-06-26 03:51:57,034 - mazeUtils.moveTile - [moveTile.py:90] - DEBUG - [2532.022225] moveTile ramp check isBigRamp=False (+1.3 ms)
2026-06-26 03:51:57,037 - mazeUtils.moveTile - [moveTile.py:90] - DEBUG - [2532.025717] moveTile tile color check tempTileColor=E (+3.5 ms)
2026-06-26 03:51:57,038 - mazeUtils.moveTile - [moveTile.py:90] - DEBUG - [2532.026318] moveTile obstacle check escapeFlag=False (+0.6 ms)
2026-06-26 03:51:57,045 - mazeUtils.moveTile - [moveTile.py:79] - DEBUG - roll: 359.40999999999997 deg, practicalMoveTime: 0.6098347295427808 sec
2026-06-26 03:51:57,046 - mazeUtils.moveTile - [moveTile.py:1907] - DEBUG - moveTile loop time: 54.0 ms
2026-06-26 03:51:57,046 - mazeUtils.moveTile - [moveTile.py:90] - DEBUG - [2532.034812] moveTile loop end practicalMoveTime=0.610 (+8.5 ms)
2026-06-26 03:51:57,047 - mazeUtils.moveTile - [moveTile.py:90] - DEBUG - [2532.035197] moveTile loop start (+0.4 ms)
2026-06-26 03:51:57,055 - picamera2.picamera2 - [picamera2.py:1391] - DEBUG - Execute job: <picamera2.job.Job object at 0x7f99bbefd0>
2026-06-26 03:51:57,061 - mazeUtils.device.camera - [camera.py:39] - DEBUG - Average HSV: H=112.0, S=192.3, V=181.9
2026-06-26 03:51:57,068 - mazeUtils.moveTile - [moveTile.py:90] - DEBUG - [2532.055889] moveTile calculated motor speeds left=100 right=87 gyroSteer=11.720000000000027 wallSteer=0.8000000000000007 (+20.7 ms)
2026-06-26 03:51:57,088 - mazeUtils.moveTile - [moveTile.py:90] - DEBUG - [2532.075868] moveTile applied motor speed left=100 right=87 (+20.0 ms)
2026-06-26 03:51:57,089 - mazeUtils.moveTile - [moveTile.py:90] - DEBUG - [2532.076834] moveTile ramp check isBigRamp=False (+1.0 ms)
2026-06-26 03:51:57,092 - mazeUtils.moveTile - [moveTile.py:90] - DEBUG - [2532.080398] moveTile tile color check tempTileColor=E (+3.6 ms)
2026-06-26 03:51:57,093 - mazeUtils.moveTile - [moveTile.py:90] - DEBUG - [2532.081050] moveTile obstacle check escapeFlag=False (+0.7 ms)
2026-06-26 03:51:57,098 - mazeUtils.moveTile - [moveTile.py:79] - DEBUG - roll: 358.53999999999996 deg, practicalMoveTime: 0.6614575141286666 sec
2026-06-26 03:51:57,100 - mazeUtils.moveTile - [moveTile.py:1907] - DEBUG - moveTile loop time: 52.5 ms
2026-06-26 03:51:57,100 - mazeUtils.moveTile - [moveTile.py:90] - DEBUG - [2532.088657] moveTile loop end practicalMoveTime=0.661 (+7.6 ms)
2026-06-26 03:51:57,102 - mazeUtils.moveTile - [moveTile.py:90] - DEBUG - [2532.089589] moveTile loop start (+0.9 ms)
2026-06-26 03:51:57,110 - picamera2.picamera2 - [picamera2.py:1391] - DEBUG - Execute job: <picamera2.job.Job object at 0x7f820638d0>
2026-06-26 03:51:57,117 - mazeUtils.device.camera - [camera.py:39] - DEBUG - Average HSV: H=111.3, S=195.8, V=190.9
2026-06-26 03:51:57,123 - mazeUtils.moveTile - [moveTile.py:90] - DEBUG - [2532.111103] moveTile calculated motor speeds left=100 right=88 gyroSteer=10.280000000000086 wallSteer=0.8000000000000007 (+21.5 ms)
2026-06-26 03:51:57,142 - mazeUtils.moveTile - [moveTile.py:90] - DEBUG - [2532.130389] moveTile applied motor speed left=100 right=88 (+19.3 ms)
2026-06-26 03:51:57,143 - mazeUtils.moveTile - [moveTile.py:90] - DEBUG - [2532.131132] moveTile ramp check isBigRamp=False (+0.7 ms)
2026-06-26 03:51:57,147 - mazeUtils.moveTile - [moveTile.py:90] - DEBUG - [2532.135052] moveTile tile color check tempTileColor=E (+3.9 ms)
2026-06-26 03:51:57,148 - mazeUtils.moveTile - [moveTile.py:90] - DEBUG - [2532.136077] moveTile obstacle check escapeFlag=False (+1.0 ms)
2026-06-26 03:51:57,156 - mazeUtils.moveTile - [moveTile.py:79] - DEBUG - roll: 0.21999999999997044 deg, practicalMoveTime: 0.717647914971581 sec
2026-06-26 03:51:57,157 - mazeUtils.moveTile - [moveTile.py:1907] - DEBUG - moveTile loop time: 55.5 ms
2026-06-26 03:51:57,158 - mazeUtils.moveTile - [moveTile.py:90] - DEBUG - [2532.146712] moveTile loop end practicalMoveTime=0.718 (+10.6 ms)
2026-06-26 03:51:57,162 - mazeUtils.moveTile - [moveTile.py:90] - DEBUG - [2532.150129] moveTile loop start (+3.4 ms)
2026-06-26 03:51:57,169 - picamera2.picamera2 - [picamera2.py:1391] - DEBUG - Execute job: <picamera2.job.Job object at 0x7f99bdf9d0>
2026-06-26 03:51:57,178 - mazeUtils.device.camera - [camera.py:39] - DEBUG - Average HSV: H=111.0, S=201.3, V=198.4
2026-06-26 03:51:57,187 - mazeUtils.moveTile - [moveTile.py:90] - DEBUG - [2532.174915] moveTile calculated motor speeds left=100 right=89 gyroSteer=9.200000000000045 wallSteer=0.8000000000000007 (+24.8 ms)
2026-06-26 03:51:57,207 - mazeUtils.moveTile - [moveTile.py:90] - DEBUG - [2532.195552] moveTile applied motor speed left=100 right=89 (+20.6 ms)
2026-06-26 03:51:57,208 - mazeUtils.moveTile - [moveTile.py:90] - DEBUG - [2532.196374] moveTile ramp check isBigRamp=False (+0.8 ms)
2026-06-26 03:51:57,212 - mazeUtils.moveTile - [moveTile.py:90] - DEBUG - [2532.200359] moveTile tile color check tempTileColor=E (+4.0 ms)
2026-06-26 03:51:57,214 - mazeUtils.moveTile - [moveTile.py:90] - DEBUG - [2532.201960] moveTile obstacle check escapeFlag=False (+1.6 ms)
2026-06-26 03:51:57,219 - mazeUtils.moveTile - [moveTile.py:79] - DEBUG - roll: 357.97999999999996 deg, practicalMoveTime: 0.7799956200999938 sec
2026-06-26 03:51:57,221 - mazeUtils.moveTile - [moveTile.py:1907] - DEBUG - moveTile loop time: 58.8 ms
2026-06-26 03:51:57,221 - mazeUtils.moveTile - [moveTile.py:90] - DEBUG - [2532.209735] moveTile loop end practicalMoveTime=0.780 (+7.8 ms)
2026-06-26 03:51:57,223 - mazeUtils.moveTile - [moveTile.py:90] - DEBUG - [2532.210961] moveTile loop start (+1.2 ms)
2026-06-26 03:51:57,233 - picamera2.picamera2 - [picamera2.py:1391] - DEBUG - Execute job: <picamera2.job.Job object at 0x7f99bdf9d0>
2026-06-26 03:51:57,239 - mazeUtils.device.camera - [camera.py:39] - DEBUG - Average HSV: H=109.8, S=205.0, V=207.3
2026-06-26 03:51:57,247 - mazeUtils.moveTile - [moveTile.py:90] - DEBUG - [2532.235572] moveTile calculated motor speeds left=100 right=91 gyroSteer=7.2000000000000455 wallSteer=0.8000000000000007 (+24.6 ms)
2026-06-26 03:51:57,275 - mazeUtils.moveTile - [moveTile.py:90] - DEBUG - [2532.262848] moveTile applied motor speed left=100 right=91 (+27.3 ms)
2026-06-26 03:51:57,275 - mazeUtils.moveTile - [moveTile.py:90] - DEBUG - [2532.263658] moveTile ramp check isBigRamp=False (+0.8 ms)
2026-06-26 03:51:57,281 - mazeUtils.moveTile - [moveTile.py:90] - DEBUG - [2532.269063] moveTile tile color check tempTileColor=E (+5.4 ms)
2026-06-26 03:51:57,282 - mazeUtils.moveTile - [moveTile.py:90] - DEBUG - [2532.269953] moveTile obstacle check escapeFlag=False (+0.9 ms)
2026-06-26 03:51:57,290 - mazeUtils.moveTile - [moveTile.py:79] - DEBUG - roll: 0.4300000000000068 deg, practicalMoveTime: 0.8488361292537359 sec
2026-06-26 03:51:57,290 - mazeUtils.moveTile - [moveTile.py:1907] - DEBUG - moveTile loop time: 67.7 ms
2026-06-26 03:51:57,291 - mazeUtils.moveTile - [moveTile.py:90] - DEBUG - [2532.279295] moveTile loop end practicalMoveTime=0.849 (+9.3 ms)
2026-06-26 03:51:57,291 - mazeUtils.moveTile - [moveTile.py:90] - DEBUG - [2532.279735] moveTile loop start (+0.4 ms)
2026-06-26 03:51:57,297 - picamera2.picamera2 - [picamera2.py:1391] - DEBUG - Execute job: <picamera2.job.Job object at 0x7f99bbefd0>
2026-06-26 03:51:57,304 - mazeUtils.device.camera - [camera.py:39] - DEBUG - Average HSV: H=109.5, S=209.5, V=209.7
2026-06-26 03:51:57,317 - mazeUtils.moveTile - [moveTile.py:90] - DEBUG - [2532.304874] moveTile calculated motor speeds left=100 right=89 gyroSteer=9.759999999999991 wallSteer=0.8000000000000007 (+25.1 ms)
2026-06-26 03:51:57,338 - mazeUtils.moveTile - [moveTile.py:90] - DEBUG - [2532.326485] moveTile applied motor speed left=100 right=89 (+21.6 ms)
2026-06-26 03:51:57,339 - mazeUtils.moveTile - [moveTile.py:90] - DEBUG - [2532.327201] moveTile ramp check isBigRamp=False (+0.7 ms)
2026-06-26 03:51:57,342 - mazeUtils.moveTile - [moveTile.py:90] - DEBUG - [2532.330645] moveTile tile color check tempTileColor=E (+3.4 ms)
2026-06-26 03:51:57,343 - mazeUtils.moveTile - [moveTile.py:90] - DEBUG - [2532.331256] moveTile obstacle check escapeFlag=False (+0.6 ms)
2026-06-26 03:51:57,348 - mazeUtils.moveTile - [moveTile.py:1755] - INFO - practicalVerticalMove: -0.5581553925786163 CM
2026-06-26 03:51:57,369 - mazeUtils.moveTile - [moveTile.py:90] - DEBUG - [2532.357718] moveTile finished by time control (+26.5 ms)
2026-06-26 03:51:57,370 - mazeUtils.moveTile - [moveTile.py:90] - DEBUG - [2532.358448] moveTile start final forward adjustment (+27.2 ms)
2026-06-26 03:51:57,399 - mazeUtils.moveTile - [moveTile.py:79] - DEBUG - Little forward to adjust position
2026-06-26 03:51:57,630 - mazeUtils.moveTile - [moveTile.py:90] - DEBUG - [2532.617908] moveTile finished final forward adjustment (+259.5 ms)
2026-06-26 03:51:57,631 - mazeUtils.moveTile - [moveTile.py:2117] - INFO - Set moved vertical distance: -0.5581553925786163 cm, past distances: [(0, False), (0, False), (0, False)]
2026-06-26 03:51:57,631 - mazeUtils.moveTile - [moveTile.py:90] - DEBUG - [2532.619574] moveTile updated moved vertical distance -0.558 (+1.7 ms)
2026-06-26 03:51:57,777 - mazeUtils.moveTile - [moveTile.py:563] - DEBUG - Direction: absDirection.NORTH, Angle: 180, Distance: 53.09263307440383 cm
2026-06-26 03:51:57,779 - mazeUtils.moveTile - [moveTile.py:563] - DEBUG - Direction: absDirection.EAST, Angle: 90, Distance: 17.66732263509446 cm
2026-06-26 03:51:57,780 - mazeUtils.moveTile - [moveTile.py:563] - DEBUG - Direction: absDirection.SOUTH, Angle: 0, Distance: 12.496402047198146 cm
2026-06-26 03:51:57,783 - mazeUtils.moveTile - [moveTile.py:570] - INFO - angle: 0, result: judgeWallResult.WALL
2026-06-26 03:51:57,785 - mazeUtils.moveTile - [moveTile.py:573] - DEBUG - Front LiDAR distance: 12.496402047198146 cm, TSD10 distance: 1.8 cm
2026-06-26 03:51:57,786 - mazeUtils.moveTile - [moveTile.py:563] - DEBUG - Direction: absDirection.WEST, Angle: 270, Distance: 47.93900793081893 cm
2026-06-26 03:51:57,787 - mazeUtils.moveTile - [moveTile.py:90] - DEBUG - [2532.775155] moveTile updated map and detected walls (+155.6 ms)
2026-06-26 03:51:57,790 - mazeUtils.moveTile - [moveTile.py:2272] - INFO - Tile color detection, decided tile type: E
2026-06-26 03:51:57,792 - mazeUtils.moveTile - [moveTile.py:90] - DEBUG - [2532.779930] moveTile finished (+160.4 ms)
2026-06-26 03:51:57,876 - __main__ - [main.py:106] - INFO - Current position: (21, 16, 0), front direction: absDirection.SOUTH
Layer 0 (altitude=0.0cm, offset=(0.0cm, 0.0cm)):
Known map area: x=20..21, y=15..20
+---+---+
| E   E |
+   +   +
| E   @ |
+   +---+
| E   U  
+   +   +
| E   U  
+   +   +
| E   U  
+   +   +
| S | U  
+---+   +
mazeAsGraph[0][15][20] = {absDirection.NORTH: None, absDirection.EAST: (21, 15, 0, 30), absDirection.SOUTH: (20, 16, 0, 30), absDirection.WEST: None}
mazeAsGraph[0][15][21] = {absDirection.NORTH: None, absDirection.EAST: None, absDirection.SOUTH: (21, 16, 0, 30), absDirection.WEST: (20, 15, 0, 30)}
mazeAsGraph[0][16][20] = {absDirection.NORTH: (20, 15, 0, 30), absDirection.EAST: (21, 16, 0, 30), absDirection.SOUTH: (20, 17, 0, 30), absDirection.WEST: None}
mazeAsGraph[0][16][21] = {absDirection.NORTH: (21, 15, 0, 30), absDirection.EAST: None, absDirection.SOUTH: None, absDirection.WEST: (20, 16, 0, 30)}
mazeAsGraph[0][17][20] = {absDirection.NORTH: (20, 16, 0, 30), absDirection.EAST: (21, 17, 0, 30), absDirection.SOUTH: (20, 18, 0, 30), absDirection.WEST: None}
mazeAsGraph[0][18][20] = {absDirection.NORTH: (20, 17, 0, 30), absDirection.EAST: (21, 18, 0, 30), absDirection.SOUTH: (20, 19, 0, 30), absDirection.WEST: None}
mazeAsGraph[0][19][20] = {absDirection.NORTH: (20, 18, 0, 30), absDirection.EAST: (21, 19, 0, 30), absDirection.SOUTH: (20, 20, 0, 30), absDirection.WEST: None}
mazeAsGraph[0][20][20] = {absDirection.NORTH: (20, 19, 0, 30), absDirection.EAST: None, absDirection.SOUTH: None, absDirection.WEST: None}
2026-06-26 03:51:57,888 - mazeUtils.mazeMap - [mazeMap.py:61] - INFO - next goal: (21, 17, 0)
2026-06-26 03:51:57,892 - mazeUtils.mazeMap - [mazeMap.py:61] - INFO - next goal: (20, 20, 0)
2026-06-26 03:51:57,893 - mazeUtils.moveTile - [moveTile.py:88] - DEBUG - [2532.881400] moveTile start direction=absDirection.WEST position=(21, 16, 0) front=absDirection.SOUTH
2026-06-26 03:51:57,899 - mazeUtils.moveTile - [moveTile.py:90] - DEBUG - [2532.887515] moveTile after initial toggle check (+6.1 ms)
2026-06-26 03:51:57,902 - mazeUtils.moveTile - [moveTile.py:90] - DEBUG - [2532.889862] moveTile after tile checks isRedTile=False isUnknownTileAhead=False (+2.3 ms)
2026-06-26 03:51:57,902 - mazeUtils.moveTile - [moveTile.py:79] - DEBUG - Moving to absDirection.WEST from (21, 16, 0) facing absDirection.SOUTH
2026-06-26 03:51:57,903 - mazeUtils.moveTile - [moveTile.py:90] - DEBUG - [2532.890888] moveTile start heading change target=90 (+1.0 ms)
2026-06-26 03:51:57,930 - mazeUtils.moveTile - [moveTile.py:79] - DEBUG - current heading: 180.57000000000002 target: 90
2026-06-26 03:51:58,972 - mazeUtils.moveTile - [moveTile.py:435] - DEBUG - stopped turning at heading: 93.57, diff: 3.569999999999993
2026-06-26 03:51:59,028 - mazeUtils.moveTile - [moveTile.py:79] - DEBUG - Turned to heading: 89.71000000000004 deg
2026-06-26 03:51:59,029 - mazeUtils.moveTile - [moveTile.py:90] - DEBUG - [2534.017474] moveTile finished heading change (+1126.6 ms)
2026-06-26 03:51:59,030 - mazeUtils.moveTile - [moveTile.py:90] - DEBUG - [2534.018255] moveTile updated front direction (+0.8 ms)
2026-06-26 03:51:59,057 - mazeUtils.moveTile - [moveTile.py:90] - DEBUG - [2534.045063] moveTile stopped motors before alignment (+26.8 ms)
2026-06-26 03:51:59,200 - mazeUtils.moveTile - [moveTile.py:563] - DEBUG - Direction: absDirection.NORTH, Angle: 270, Distance: 48.99993417693782 cm
2026-06-26 03:51:59,201 - mazeUtils.moveTile - [moveTile.py:563] - DEBUG - Direction: absDirection.EAST, Angle: 180, Distance: 21.71487748255788 cm
2026-06-26 03:51:59,203 - mazeUtils.moveTile - [moveTile.py:563] - DEBUG - Direction: absDirection.SOUTH, Angle: 90, Distance: 17.787268825713774 cm
2026-06-26 03:51:59,205 - mazeUtils.moveTile - [moveTile.py:563] - DEBUG - Direction: absDirection.WEST, Angle: 0, Distance: 47.24145275576606 cm
2026-06-26 03:51:59,209 - mazeUtils.moveTile - [moveTile.py:90] - DEBUG - [2534.196858] moveTile start backward adjustment behind_wall_dist=21.71487748255788 (+151.8 ms)
2026-06-26 03:51:59,230 - mazeUtils.moveTile - [moveTile.py:79] - DEBUG - Little backward to adjust position
2026-06-26 03:51:59,497 - mazeUtils.moveTile - [moveTile.py:90] - DEBUG - [2534.484767] moveTile finished backward adjustment (+287.9 ms)
2026-06-26 03:51:59,524 - mazeUtils.moveTile - [moveTile.py:90] - DEBUG - [2534.512610] moveTile ready for forward move (+27.8 ms)
2026-06-26 03:51:59,616 - mazeUtils.moveTile - [moveTile.py:1569] - DEBUG - Calculated target steps to next tile: 1 based on distance 30 cm
2026-06-26 03:51:59,617 - mazeUtils.moveTile - [moveTile.py:90] - DEBUG - [2534.604836] moveTile initialized movement targetSteps=1 (+92.2 ms)
2026-06-26 03:51:59,618 - mazeUtils.moveTile - [moveTile.py:90] - DEBUG - [2534.605891] moveTile loop start (+1.1 ms)
2026-06-26 03:51:59,625 - picamera2.picamera2 - [picamera2.py:1391] - DEBUG - Execute job: <picamera2.job.Job object at 0x7f606f4e50>
2026-06-26 03:51:59,633 - mazeUtils.device.camera - [camera.py:39] - DEBUG - Average HSV: H=111.0, S=197.3, V=182.8
2026-06-26 03:51:59,641 - mazeUtils.moveTile - [moveTile.py:90] - DEBUG - [2534.629456] moveTile calculated motor speeds left=89 right=100 gyroSteer=-11.639999999999873 wallSteer=1.6000000000000014 (+23.6 ms)
2026-06-26 03:51:59,662 - mazeUtils.moveTile - [moveTile.py:90] - DEBUG - [2534.650575] moveTile applied motor speed left=89 right=100 (+21.1 ms)
2026-06-26 03:51:59,664 - mazeUtils.moveTile - [moveTile.py:90] - DEBUG - [2534.651974] moveTile ramp check isBigRamp=False (+1.4 ms)
2026-06-26 03:51:59,670 - mazeUtils.moveTile - [moveTile.py:90] - DEBUG - [2534.658315] moveTile tile color check tempTileColor=E (+6.3 ms)
2026-06-26 03:51:59,671 - mazeUtils.moveTile - [moveTile.py:90] - DEBUG - [2534.659170] moveTile obstacle check escapeFlag=False (+0.9 ms)
2026-06-26 03:51:59,677 - mazeUtils.moveTile - [moveTile.py:79] - DEBUG - roll: 0.0 deg, practicalMoveTime: 0.06159242034765019 sec
2026-06-26 03:51:59,678 - mazeUtils.moveTile - [moveTile.py:1907] - DEBUG - moveTile loop time: 60.7 ms
2026-06-26 03:51:59,679 - mazeUtils.moveTile - [moveTile.py:90] - DEBUG - [2534.667536] moveTile loop end practicalMoveTime=0.062 (+8.4 ms)
2026-06-26 03:51:59,680 - mazeUtils.moveTile - [moveTile.py:90] - DEBUG - [2534.668363] moveTile loop start (+0.8 ms)
2026-06-26 03:51:59,688 - picamera2.picamera2 - [picamera2.py:1391] - DEBUG - Execute job: <picamera2.job.Job object at 0x7f99bbefd0>
2026-06-26 03:51:59,697 - mazeUtils.device.camera - [camera.py:39] - DEBUG - Average HSV: H=111.1, S=196.8, V=181.0
2026-06-26 03:51:59,703 - mazeUtils.moveTile - [moveTile.py:90] - DEBUG - [2534.691643] moveTile calculated motor speeds left=90 right=100 gyroSteer=-10.679999999999836 wallSteer=1.6000000000000014 (+23.3 ms)
2026-06-26 03:51:59,724 - mazeUtils.moveTile - [moveTile.py:90] - DEBUG - [2534.712717] moveTile applied motor speed left=90 right=100 (+21.1 ms)
2026-06-26 03:51:59,725 - mazeUtils.moveTile - [moveTile.py:90] - DEBUG - [2534.713671] moveTile ramp check isBigRamp=False (+1.0 ms)
2026-06-26 03:51:59,731 - mazeUtils.moveTile - [moveTile.py:90] - DEBUG - [2534.719590] moveTile tile color check tempTileColor=E (+5.9 ms)
2026-06-26 03:51:59,734 - mazeUtils.moveTile - [moveTile.py:90] - DEBUG - [2534.722726] moveTile obstacle check escapeFlag=False (+3.1 ms)
2026-06-26 03:51:59,741 - mazeUtils.moveTile - [moveTile.py:79] - DEBUG - roll: 358.69 deg, practicalMoveTime: 0.123547565256032 sec
2026-06-26 03:51:59,741 - mazeUtils.moveTile - [moveTile.py:1907] - DEBUG - moveTile loop time: 61.2 ms
2026-06-26 03:51:59,742 - mazeUtils.moveTile - [moveTile.py:90] - DEBUG - [2534.730154] moveTile loop end practicalMoveTime=0.124 (+7.4 ms)
2026-06-26 03:51:59,743 - mazeUtils.moveTile - [moveTile.py:90] - DEBUG - [2534.730905] moveTile loop start (+0.8 ms)
2026-06-26 03:51:59,749 - picamera2.picamera2 - [picamera2.py:1391] - DEBUG - Execute job: <picamera2.job.Job object at 0x7f633fcc90>
2026-06-26 03:51:59,757 - mazeUtils.device.camera - [camera.py:39] - DEBUG - Average HSV: H=110.1, S=200.3, V=186.7
2026-06-26 03:51:59,762 - mazeUtils.moveTile - [moveTile.py:90] - DEBUG - [2534.750179] moveTile calculated motor speeds left=93 right=100 gyroSteer=-7.720000000000027 wallSteer=1.1999999999999993 (+19.3 ms)
2026-06-26 03:51:59,785 - mazeUtils.moveTile - [moveTile.py:90] - DEBUG - [2534.773642] moveTile applied motor speed left=93 right=100 (+23.5 ms)
2026-06-26 03:51:59,786 - mazeUtils.moveTile - [moveTile.py:90] - DEBUG - [2534.774699] moveTile ramp check isBigRamp=False (+1.1 ms)
2026-06-26 03:51:59,792 - mazeUtils.moveTile - [moveTile.py:90] - DEBUG - [2534.780234] moveTile tile color check tempTileColor=E (+5.5 ms)
2026-06-26 03:51:59,793 - mazeUtils.moveTile - [moveTile.py:90] - DEBUG - [2534.781216] moveTile obstacle check escapeFlag=False (+1.0 ms)
2026-06-26 03:51:59,798 - mazeUtils.moveTile - [moveTile.py:79] - DEBUG - roll: 359.26 deg, practicalMoveTime: 0.18041251095925687 sec
2026-06-26 03:51:59,799 - mazeUtils.moveTile - [moveTile.py:1907] - DEBUG - moveTile loop time: 56.7 ms
2026-06-26 03:51:59,800 - mazeUtils.moveTile - [moveTile.py:90] - DEBUG - [2534.788604] moveTile loop end practicalMoveTime=0.180 (+7.4 ms)
2026-06-26 03:51:59,802 - mazeUtils.moveTile - [moveTile.py:90] - DEBUG - [2534.789839] moveTile loop start (+1.2 ms)
2026-06-26 03:51:59,810 - picamera2.picamera2 - [picamera2.py:1391] - DEBUG - Execute job: <picamera2.job.Job object at 0x7f606f4dd0>
2026-06-26 03:51:59,819 - mazeUtils.device.camera - [camera.py:39] - DEBUG - Average HSV: H=110.7, S=199.7, V=181.9
2026-06-26 03:51:59,828 - mazeUtils.moveTile - [moveTile.py:90] - DEBUG - [2534.815911] moveTile calculated motor speeds left=97 right=100 gyroSteer=-3.7200000000000273 wallSteer=1.1999999999999993 (+26.1 ms)
2026-06-26 03:51:59,848 - mazeUtils.moveTile - [moveTile.py:90] - DEBUG - [2534.836199] moveTile applied motor speed left=97 right=100 (+20.3 ms)
2026-06-26 03:51:59,849 - mazeUtils.moveTile - [moveTile.py:90] - DEBUG - [2534.837136] moveTile ramp check isBigRamp=False (+0.9 ms)
2026-06-26 03:51:59,853 - mazeUtils.moveTile - [moveTile.py:90] - DEBUG - [2534.841602] moveTile tile color check tempTileColor=E (+4.5 ms)
2026-06-26 03:51:59,856 - mazeUtils.moveTile - [moveTile.py:90] - DEBUG - [2534.844415] moveTile obstacle check escapeFlag=False (+2.8 ms)
2026-06-26 03:51:59,862 - mazeUtils.moveTile - [moveTile.py:79] - DEBUG - roll: 359.53999999999996 deg, practicalMoveTime: 0.24256199210871096 sec
2026-06-26 03:51:59,863 - mazeUtils.moveTile - [moveTile.py:1907] - DEBUG - moveTile loop time: 61.0 ms
2026-06-26 03:51:59,863 - mazeUtils.moveTile - [moveTile.py:90] - DEBUG - [2534.851588] moveTile loop end practicalMoveTime=0.243 (+7.2 ms)
2026-06-26 03:51:59,865 - mazeUtils.moveTile - [moveTile.py:90] - DEBUG - [2534.853101] moveTile loop start (+1.5 ms)
2026-06-26 03:51:59,876 - picamera2.picamera2 - [picamera2.py:1391] - DEBUG - Execute job: <picamera2.job.Job object at 0x7f99ba7690>
2026-06-26 03:51:59,887 - mazeUtils.device.camera - [camera.py:39] - DEBUG - Average HSV: H=110.5, S=203.5, V=185.0
2026-06-26 03:51:59,900 - mazeUtils.moveTile - [moveTile.py:90] - DEBUG - [2534.888244] moveTile calculated motor speeds left=93 right=100 gyroSteer=-4.279999999999973 wallSteer=-2.0 (+35.1 ms)
2026-06-26 03:51:59,925 - mazeUtils.moveTile - [moveTile.py:90] - DEBUG - [2534.913478] moveTile applied motor speed left=93 right=100 (+25.2 ms)
2026-06-26 03:51:59,927 - mazeUtils.moveTile - [moveTile.py:90] - DEBUG - [2534.915183] moveTile ramp check isBigRamp=False (+1.7 ms)
2026-06-26 03:51:59,934 - mazeUtils.moveTile - [moveTile.py:90] - DEBUG - [2534.921978] moveTile tile color check tempTileColor=E (+6.8 ms)
2026-06-26 03:51:59,935 - mazeUtils.moveTile - [moveTile.py:90] - DEBUG - [2534.922875] moveTile obstacle check escapeFlag=False (+0.9 ms)
2026-06-26 03:51:59,941 - mazeUtils.moveTile - [moveTile.py:79] - DEBUG - roll: 358.18 deg, practicalMoveTime: 0.3212291595343651 sec
2026-06-26 03:51:59,943 - mazeUtils.moveTile - [moveTile.py:1907] - DEBUG - moveTile loop time: 77.8 ms
2026-06-26 03:51:59,944 - mazeUtils.moveTile - [moveTile.py:90] - DEBUG - [2534.932054] moveTile loop end practicalMoveTime=0.321 (+9.2 ms)
2026-06-26 03:51:59,944 - mazeUtils.moveTile - [moveTile.py:90] - DEBUG - [2534.932728] moveTile loop start (+0.7 ms)
2026-06-26 03:51:59,949 - picamera2.picamera2 - [picamera2.py:1391] - DEBUG - Execute job: <picamera2.job.Job object at 0x7f82062e90>
2026-06-26 03:51:59,956 - mazeUtils.device.camera - [camera.py:39] - DEBUG - Average HSV: H=110.9, S=204.3, V=182.9
2026-06-26 03:51:59,963 - mazeUtils.moveTile - [moveTile.py:90] - DEBUG - [2534.951695] moveTile calculated motor speeds left=97 right=100 gyroSteer=0.20000000000004547 wallSteer=-2.3999999999999986 (+19.0 ms)
2026-06-26 03:51:59,987 - mazeUtils.moveTile - [moveTile.py:90] - DEBUG - [2534.974981] moveTile applied motor speed left=97 right=100 (+23.3 ms)
2026-06-26 03:51:59,987 - mazeUtils.moveTile - [moveTile.py:90] - DEBUG - [2534.975767] moveTile ramp check isBigRamp=False (+0.8 ms)
2026-06-26 03:51:59,992 - mazeUtils.moveTile - [moveTile.py:90] - DEBUG - [2534.979806] moveTile tile color check tempTileColor=E (+4.0 ms)
2026-06-26 03:51:59,992 - mazeUtils.moveTile - [moveTile.py:90] - DEBUG - [2534.980551] moveTile obstacle check escapeFlag=False (+0.7 ms)
2026-06-26 03:51:59,998 - mazeUtils.moveTile - [moveTile.py:79] - DEBUG - roll: 359.93 deg, practicalMoveTime: 0.37630408926759856 sec
2026-06-26 03:51:59,999 - mazeUtils.moveTile - [moveTile.py:1907] - DEBUG - moveTile loop time: 54.1 ms
2026-06-26 03:51:59,999 - mazeUtils.moveTile - [moveTile.py:90] - DEBUG - [2534.987627] moveTile loop end practicalMoveTime=0.376 (+7.1 ms)
2026-06-26 03:52:00,000 - mazeUtils.moveTile - [moveTile.py:90] - DEBUG - [2534.988292] moveTile loop start (+0.7 ms)
2026-06-26 03:52:00,007 - picamera2.picamera2 - [picamera2.py:1391] - DEBUG - Execute job: <picamera2.job.Job object at 0x7f606f4dd0>
2026-06-26 03:52:00,014 - mazeUtils.device.camera - [camera.py:39] - DEBUG - Average HSV: H=110.9, S=202.5, V=177.8
2026-06-26 03:52:00,020 - mazeUtils.moveTile - [moveTile.py:90] - DEBUG - [2535.008727] moveTile calculated motor speeds left=99 right=100 gyroSteer=1.5599999999999454 wallSteer=-2.0 (+20.4 ms)
2026-06-26 03:52:00,040 - mazeUtils.moveTile - [moveTile.py:90] - DEBUG - [2535.028081] moveTile applied motor speed left=99 right=100 (+19.4 ms)
2026-06-26 03:52:00,040 - mazeUtils.moveTile - [moveTile.py:90] - DEBUG - [2535.028808] moveTile ramp check isBigRamp=False (+0.7 ms)
2026-06-26 03:52:00,044 - mazeUtils.moveTile - [moveTile.py:90] - DEBUG - [2535.032425] moveTile tile color check tempTileColor=E (+3.6 ms)
2026-06-26 03:52:00,045 - mazeUtils.moveTile - [moveTile.py:90] - DEBUG - [2535.033076] moveTile obstacle check escapeFlag=False (+0.7 ms)
2026-06-26 03:52:00,050 - mazeUtils.moveTile - [moveTile.py:79] - DEBUG - roll: 359.32 deg, practicalMoveTime: 0.4271466004524135 sec
2026-06-26 03:52:00,050 - mazeUtils.moveTile - [moveTile.py:1907] - DEBUG - moveTile loop time: 50.3 ms
2026-06-26 03:52:00,051 - mazeUtils.moveTile - [moveTile.py:90] - DEBUG - [2535.039217] moveTile loop end practicalMoveTime=0.427 (+6.1 ms)
2026-06-26 03:52:00,051 - mazeUtils.moveTile - [moveTile.py:90] - DEBUG - [2535.039707] moveTile loop start (+0.5 ms)
2026-06-26 03:52:00,058 - picamera2.picamera2 - [picamera2.py:1391] - DEBUG - Execute job: <picamera2.job.Job object at 0x7f82062f50>
2026-06-26 03:52:00,065 - mazeUtils.device.camera - [camera.py:39] - DEBUG - Average HSV: H=111.2, S=199.8, V=174.3
2026-06-26 03:52:00,072 - mazeUtils.moveTile - [moveTile.py:90] - DEBUG - [2535.060213] moveTile calculated motor speeds left=100 right=95 gyroSteer=6.360000000000127 wallSteer=-1.6000000000000014 (+20.5 ms)
2026-06-26 03:52:00,091 - mazeUtils.moveTile - [moveTile.py:90] - DEBUG - [2535.079753] moveTile applied motor speed left=100 right=95 (+19.5 ms)
2026-06-26 03:52:00,092 - mazeUtils.moveTile - [moveTile.py:90] - DEBUG - [2535.080598] moveTile ramp check isBigRamp=False (+0.8 ms)
2026-06-26 03:52:00,096 - mazeUtils.moveTile - [moveTile.py:90] - DEBUG - [2535.084787] moveTile tile color check tempTileColor=E (+4.2 ms)
2026-06-26 03:52:00,097 - mazeUtils.moveTile - [moveTile.py:90] - DEBUG - [2535.085625] moveTile obstacle check escapeFlag=False (+0.8 ms)
2026-06-26 03:52:00,103 - mazeUtils.moveTile - [moveTile.py:79] - DEBUG - roll: 359.15 deg, practicalMoveTime: 0.48018060372174975 sec
2026-06-26 03:52:00,104 - mazeUtils.moveTile - [moveTile.py:1907] - DEBUG - moveTile loop time: 52.8 ms
2026-06-26 03:52:00,105 - mazeUtils.moveTile - [moveTile.py:90] - DEBUG - [2535.093043] moveTile loop end practicalMoveTime=0.480 (+7.4 ms)
2026-06-26 03:52:00,105 - mazeUtils.moveTile - [moveTile.py:90] - DEBUG - [2535.093488] moveTile loop start (+0.4 ms)
2026-06-26 03:52:00,113 - picamera2.picamera2 - [picamera2.py:1391] - DEBUG - Execute job: <picamera2.job.Job object at 0x7f99bbefd0>
2026-06-26 03:52:00,121 - mazeUtils.device.camera - [camera.py:39] - DEBUG - Average HSV: H=110.6, S=209.2, V=176.9
2026-06-26 03:52:00,128 - mazeUtils.moveTile - [moveTile.py:90] - DEBUG - [2535.115920] moveTile calculated motor speeds left=96 right=100 gyroSteer=6.079999999999927 wallSteer=-10.0 (+22.4 ms)
2026-06-26 03:52:00,149 - mazeUtils.moveTile - [moveTile.py:90] - DEBUG - [2535.137483] moveTile applied motor speed left=96 right=100 (+21.6 ms)
2026-06-26 03:52:00,150 - mazeUtils.moveTile - [moveTile.py:90] - DEBUG - [2535.138287] moveTile ramp check isBigRamp=False (+0.8 ms)
2026-06-26 03:52:00,154 - mazeUtils.moveTile - [moveTile.py:90] - DEBUG - [2535.142472] moveTile tile color check tempTileColor=E (+4.2 ms)
2026-06-26 03:52:00,155 - mazeUtils.moveTile - [moveTile.py:90] - DEBUG - [2535.143309] moveTile obstacle check escapeFlag=False (+0.8 ms)
2026-06-26 03:52:00,167 - mazeUtils.moveTile - [moveTile.py:79] - DEBUG - roll: 359.62 deg, practicalMoveTime: 0.54306706250261 sec
2026-06-26 03:52:00,168 - mazeUtils.moveTile - [moveTile.py:1907] - DEBUG - moveTile loop time: 62.9 ms
2026-06-26 03:52:00,169 - mazeUtils.moveTile - [moveTile.py:90] - DEBUG - [2535.157113] moveTile loop end practicalMoveTime=0.543 (+13.8 ms)
2026-06-26 03:52:00,169 - mazeUtils.moveTile - [moveTile.py:90] - DEBUG - [2535.157609] moveTile loop start (+0.5 ms)
2026-06-26 03:52:00,180 - picamera2.picamera2 - [picamera2.py:1391] - DEBUG - Execute job: <picamera2.job.Job object at 0x7f633fcc90>
2026-06-26 03:52:00,187 - mazeUtils.device.camera - [camera.py:39] - DEBUG - Average HSV: H=111.2, S=208.8, V=171.5
2026-06-26 03:52:00,194 - mazeUtils.moveTile - [moveTile.py:90] - DEBUG - [2535.182475] moveTile calculated motor speeds left=100 right=96 gyroSteer=3.2799999999999727 wallSteer=0.0 (+24.9 ms)
2026-06-26 03:52:00,219 - mazeUtils.moveTile - [moveTile.py:90] - DEBUG - [2535.207307] moveTile applied motor speed left=100 right=96 (+24.8 ms)
2026-06-26 03:52:00,220 - mazeUtils.moveTile - [moveTile.py:90] - DEBUG - [2535.208589] moveTile ramp check isBigRamp=False (+1.3 ms)
2026-06-26 03:52:00,228 - mazeUtils.moveTile - [moveTile.py:90] - DEBUG - [2535.216315] moveTile tile color check tempTileColor=E (+7.7 ms)
2026-06-26 03:52:00,229 - mazeUtils.moveTile - [moveTile.py:90] - DEBUG - [2535.217161] moveTile obstacle check escapeFlag=False (+0.8 ms)
2026-06-26 03:52:00,235 - mazeUtils.moveTile - [moveTile.py:79] - DEBUG - roll: 359.75 deg, practicalMoveTime: 0.6097558225392165 sec
2026-06-26 03:52:00,236 - mazeUtils.moveTile - [moveTile.py:1907] - DEBUG - moveTile loop time: 66.5 ms
2026-06-26 03:52:00,236 - mazeUtils.moveTile - [moveTile.py:90] - DEBUG - [2535.224727] moveTile loop end practicalMoveTime=0.610 (+7.6 ms)
2026-06-26 03:52:00,237 - mazeUtils.moveTile - [moveTile.py:90] - DEBUG - [2535.225153] moveTile loop start (+0.4 ms)
2026-06-26 03:52:00,243 - picamera2.picamera2 - [picamera2.py:1391] - DEBUG - Execute job: <picamera2.job.Job object at 0x7f606f4dd0>
2026-06-26 03:52:00,249 - mazeUtils.device.camera - [camera.py:39] - DEBUG - Average HSV: H=110.9, S=208.4, V=174.1
2026-06-26 03:52:00,254 - mazeUtils.moveTile - [moveTile.py:90] - DEBUG - [2535.241958] moveTile calculated motor speeds left=100 right=95 gyroSteer=4.8400000000001455 wallSteer=0.0 (+16.8 ms)
2026-06-26 03:52:00,275 - mazeUtils.moveTile - [moveTile.py:90] - DEBUG - [2535.262906] moveTile applied motor speed left=100 right=95 (+20.9 ms)
2026-06-26 03:52:00,276 - mazeUtils.moveTile - [moveTile.py:90] - DEBUG - [2535.264305] moveTile ramp check isBigRamp=False (+1.4 ms)
2026-06-26 03:52:00,280 - mazeUtils.moveTile - [moveTile.py:90] - DEBUG - [2535.268297] moveTile tile color check tempTileColor=E (+4.0 ms)
2026-06-26 03:52:00,281 - mazeUtils.moveTile - [moveTile.py:90] - DEBUG - [2535.269047] moveTile obstacle check escapeFlag=False (+0.8 ms)
2026-06-26 03:52:00,287 - mazeUtils.moveTile - [moveTile.py:79] - DEBUG - roll: 359.96999999999997 deg, practicalMoveTime: 0.6608001137958334 sec
2026-06-26 03:52:00,288 - mazeUtils.moveTile - [moveTile.py:1907] - DEBUG - moveTile loop time: 51.5 ms
2026-06-26 03:52:00,290 - mazeUtils.moveTile - [moveTile.py:90] - DEBUG - [2535.278081] moveTile loop end practicalMoveTime=0.661 (+9.0 ms)
2026-06-26 03:52:00,291 - mazeUtils.moveTile - [moveTile.py:90] - DEBUG - [2535.278815] moveTile loop start (+0.7 ms)
2026-06-26 03:52:00,297 - picamera2.picamera2 - [picamera2.py:1391] - DEBUG - Execute job: <picamera2.job.Job object at 0x7f82062b10>
2026-06-26 03:52:00,304 - mazeUtils.device.camera - [camera.py:39] - DEBUG - Average HSV: H=111.0, S=210.2, V=176.5
2026-06-26 03:52:00,312 - mazeUtils.moveTile - [moveTile.py:90] - DEBUG - [2535.300416] moveTile calculated motor speeds left=100 right=93 gyroSteer=6.599999999999909 wallSteer=0.0 (+21.6 ms)
2026-06-26 03:52:00,332 - mazeUtils.moveTile - [moveTile.py:90] - DEBUG - [2535.320615] moveTile applied motor speed left=100 right=93 (+20.2 ms)
2026-06-26 03:52:00,333 - mazeUtils.moveTile - [moveTile.py:90] - DEBUG - [2535.321564] moveTile ramp check isBigRamp=False (+0.9 ms)
2026-06-26 03:52:00,341 - mazeUtils.moveTile - [moveTile.py:90] - DEBUG - [2535.329418] moveTile tile color check tempTileColor=E (+7.9 ms)
2026-06-26 03:52:00,342 - mazeUtils.moveTile - [moveTile.py:90] - DEBUG - [2535.330304] moveTile obstacle check escapeFlag=False (+0.9 ms)
2026-06-26 03:52:00,347 - mazeUtils.moveTile - [moveTile.py:79] - DEBUG - roll: 0.20999999999997954 deg, practicalMoveTime: 0.719665474685797 sec
2026-06-26 03:52:00,349 - mazeUtils.moveTile - [moveTile.py:1907] - DEBUG - moveTile loop time: 58.0 ms
2026-06-26 03:52:00,350 - mazeUtils.moveTile - [moveTile.py:90] - DEBUG - [2535.337786] moveTile loop end practicalMoveTime=0.720 (+7.5 ms)
2026-06-26 03:52:00,350 - mazeUtils.moveTile - [moveTile.py:90] - DEBUG - [2535.338498] moveTile loop start (+0.7 ms)
2026-06-26 03:52:00,357 - picamera2.picamera2 - [picamera2.py:1391] - DEBUG - Execute job: <picamera2.job.Job object at 0x7f606f4e50>
2026-06-26 03:52:00,366 - mazeUtils.device.camera - [camera.py:39] - DEBUG - Average HSV: H=110.3, S=213.0, V=183.1
2026-06-26 03:52:00,371 - mazeUtils.moveTile - [moveTile.py:90] - DEBUG - [2535.359082] moveTile calculated motor speeds left=100 right=91 gyroSteer=8.559999999999945 wallSteer=0.0 (+20.6 ms)
2026-06-26 03:52:00,395 - mazeUtils.moveTile - [moveTile.py:90] - DEBUG - [2535.383370] moveTile applied motor speed left=100 right=91 (+24.3 ms)
2026-06-26 03:52:00,396 - mazeUtils.moveTile - [moveTile.py:90] - DEBUG - [2535.384166] moveTile ramp check isBigRamp=False (+0.8 ms)
2026-06-26 03:52:00,400 - mazeUtils.moveTile - [moveTile.py:90] - DEBUG - [2535.387942] moveTile tile color check tempTileColor=E (+3.8 ms)
2026-06-26 03:52:00,400 - mazeUtils.moveTile - [moveTile.py:90] - DEBUG - [2535.388792] moveTile obstacle check escapeFlag=False (+0.9 ms)
2026-06-26 03:52:00,406 - mazeUtils.moveTile - [moveTile.py:79] - DEBUG - roll: 359.89 deg, practicalMoveTime: 0.7766422481871762 sec
2026-06-26 03:52:00,407 - mazeUtils.moveTile - [moveTile.py:1907] - DEBUG - moveTile loop time: 56.4 ms
2026-06-26 03:52:00,408 - mazeUtils.moveTile - [moveTile.py:90] - DEBUG - [2535.396231] moveTile loop end practicalMoveTime=0.777 (+7.4 ms)
2026-06-26 03:52:00,409 - mazeUtils.moveTile - [moveTile.py:90] - DEBUG - [2535.397158] moveTile loop start (+0.9 ms)
2026-06-26 03:52:00,415 - picamera2.picamera2 - [picamera2.py:1391] - DEBUG - Execute job: <picamera2.job.Job object at 0x7f606f4dd0>
2026-06-26 03:52:00,422 - mazeUtils.device.camera - [camera.py:39] - DEBUG - Average HSV: H=110.1, S=213.7, V=186.4
2026-06-26 03:52:00,431 - mazeUtils.moveTile - [moveTile.py:90] - DEBUG - [2535.419390] moveTile calculated motor speeds left=100 right=95 gyroSteer=4.599999999999909 wallSteer=0.0 (+22.2 ms)
2026-06-26 03:52:00,450 - mazeUtils.moveTile - [moveTile.py:90] - DEBUG - [2535.438774] moveTile applied motor speed left=100 right=95 (+19.4 ms)
2026-06-26 03:52:00,451 - mazeUtils.moveTile - [moveTile.py:90] - DEBUG - [2535.439506] moveTile ramp check isBigRamp=False (+0.7 ms)
2026-06-26 03:52:00,456 - mazeUtils.moveTile - [moveTile.py:90] - DEBUG - [2535.444441] moveTile tile color check tempTileColor=E (+4.9 ms)
2026-06-26 03:52:00,457 - mazeUtils.moveTile - [moveTile.py:90] - DEBUG - [2535.445617] moveTile obstacle check escapeFlag=False (+1.2 ms)
2026-06-26 03:52:00,464 - mazeUtils.moveTile - [moveTile.py:79] - DEBUG - roll: 359.43 deg, practicalMoveTime: 0.8333921064951787 sec
2026-06-26 03:52:00,464 - mazeUtils.moveTile - [moveTile.py:1907] - DEBUG - moveTile loop time: 55.5 ms
2026-06-26 03:52:00,465 - mazeUtils.moveTile - [moveTile.py:90] - DEBUG - [2535.453202] moveTile loop end practicalMoveTime=0.833 (+7.6 ms)
2026-06-26 03:52:00,465 - mazeUtils.moveTile - [moveTile.py:90] - DEBUG - [2535.453659] moveTile loop start (+0.5 ms)
2026-06-26 03:52:00,473 - picamera2.picamera2 - [picamera2.py:1391] - DEBUG - Execute job: <picamera2.job.Job object at 0x7f633fcc90>
2026-06-26 03:52:00,480 - mazeUtils.device.camera - [camera.py:39] - DEBUG - Average HSV: H=109.0, S=221.0, V=199.4
2026-06-26 03:52:00,485 - mazeUtils.moveTile - [moveTile.py:90] - DEBUG - [2535.473766] moveTile calculated motor speeds left=100 right=89 gyroSteer=10.279999999999973 wallSteer=0.0 (+20.1 ms)
2026-06-26 03:52:00,506 - mazeUtils.moveTile - [moveTile.py:90] - DEBUG - [2535.493977] moveTile applied motor speed left=100 right=89 (+20.2 ms)
2026-06-26 03:52:00,506 - mazeUtils.moveTile - [moveTile.py:90] - DEBUG - [2535.494712] moveTile ramp check isBigRamp=False (+0.7 ms)
2026-06-26 03:52:00,510 - mazeUtils.moveTile - [moveTile.py:90] - DEBUG - [2535.498092] moveTile tile color check tempTileColor=E (+3.4 ms)
2026-06-26 03:52:00,512 - mazeUtils.moveTile - [moveTile.py:90] - DEBUG - [2535.500110] moveTile obstacle check escapeFlag=False (+2.0 ms)
2026-06-26 03:52:00,517 - mazeUtils.moveTile - [moveTile.py:1755] - INFO - practicalVerticalMove: -0.3548459760830454 CM
2026-06-26 03:52:00,537 - mazeUtils.moveTile - [moveTile.py:90] - DEBUG - [2535.525714] moveTile finished by time control (+25.6 ms)
2026-06-26 03:52:00,538 - mazeUtils.moveTile - [moveTile.py:90] - DEBUG - [2535.526462] moveTile start final forward adjustment (+26.4 ms)
2026-06-26 03:52:00,571 - mazeUtils.moveTile - [moveTile.py:79] - DEBUG - Little forward to adjust position
2026-06-26 03:52:00,915 - mazeUtils.moveTile - [moveTile.py:90] - DEBUG - [2535.903068] moveTile finished final forward adjustment (+376.6 ms)
2026-06-26 03:52:01,087 - mazeUtils.moveTile - [moveTile.py:563] - DEBUG - Direction: absDirection.NORTH, Angle: 270, Distance: 47.39020087637466 cm
2026-06-26 03:52:01,089 - mazeUtils.moveTile - [moveTile.py:563] - DEBUG - Direction: absDirection.EAST, Angle: 180, Distance: 53.319102663384875 cm
2026-06-26 03:52:01,091 - mazeUtils.moveTile - [moveTile.py:563] - DEBUG - Direction: absDirection.SOUTH, Angle: 90, Distance: 138.16567816008782 cm
2026-06-26 03:52:01,092 - mazeUtils.moveTile - [moveTile.py:563] - DEBUG - Direction: absDirection.WEST, Angle: 0, Distance: 12.17962580981544 cm
2026-06-26 03:52:01,095 - mazeUtils.moveTile - [moveTile.py:635] - DEBUG - Front LiDAR distance: 12.17962580981544 cm, TSD10 distance: 1.9 cm
2026-06-26 03:52:01,096 - mazeUtils.moveTile - [moveTile.py:90] - DEBUG - [2536.084470] moveTile updated map and detected walls (+181.4 ms)
2026-06-26 03:52:01,100 - mazeUtils.moveTile - [moveTile.py:2272] - INFO - Tile color detection, decided tile type: E
2026-06-26 03:52:01,101 - mazeUtils.moveTile - [moveTile.py:90] - DEBUG - [2536.089624] moveTile finished (+186.6 ms)
2026-06-26 03:52:01,199 - __main__ - [main.py:106] - INFO - Current position: (20, 16, 0), front direction: absDirection.WEST
Layer 0 (altitude=0.0cm, offset=(0.0cm, 0.0cm)):
Known map area: x=20..21, y=15..20
+---+---+
| E   E |
+   +   +
| @   E |
+   +---+
| E   U  
+   +   +
| E   U  
+   +   +
| E   U  
+   +   +
| S | U  
+---+   +
mazeAsGraph[0][15][20] = {absDirection.NORTH: None, absDirection.EAST: (21, 15, 0, 30), absDirection.SOUTH: (20, 16, 0, 30), absDirection.WEST: None}
mazeAsGraph[0][15][21] = {absDirection.NORTH: None, absDirection.EAST: None, absDirection.SOUTH: (21, 16, 0, 30), absDirection.WEST: (20, 15, 0, 30)}
mazeAsGraph[0][16][20] = {absDirection.NORTH: (20, 15, 0, 30), absDirection.EAST: (21, 16, 0, 30), absDirection.SOUTH: (20, 17, 0, 30), absDirection.WEST: None}
mazeAsGraph[0][16][21] = {absDirection.NORTH: (21, 15, 0, 30), absDirection.EAST: None, absDirection.SOUTH: None, absDirection.WEST: (20, 16, 0, 30)}
mazeAsGraph[0][17][20] = {absDirection.NORTH: (20, 16, 0, 30), absDirection.EAST: (21, 17, 0, 30), absDirection.SOUTH: (20, 18, 0, 30), absDirection.WEST: None}
mazeAsGraph[0][18][20] = {absDirection.NORTH: (20, 17, 0, 30), absDirection.EAST: (21, 18, 0, 30), absDirection.SOUTH: (20, 19, 0, 30), absDirection.WEST: None}
mazeAsGraph[0][19][20] = {absDirection.NORTH: (20, 18, 0, 30), absDirection.EAST: (21, 19, 0, 30), absDirection.SOUTH: (20, 20, 0, 30), absDirection.WEST: None}
mazeAsGraph[0][20][20] = {absDirection.NORTH: (20, 19, 0, 30), absDirection.EAST: None, absDirection.SOUTH: None, absDirection.WEST: None}
2026-06-26 03:52:01,207 - mazeUtils.moveTile - [moveTile.py:88] - DEBUG - [2536.195155] moveTile start direction=absDirection.SOUTH position=(20, 16, 0) front=absDirection.WEST
2026-06-26 03:52:01,212 - mazeUtils.moveTile - [moveTile.py:90] - DEBUG - [2536.200403] moveTile after initial toggle check (+5.2 ms)
2026-06-26 03:52:01,215 - mazeUtils.moveTile - [moveTile.py:90] - DEBUG - [2536.202822] moveTile after tile checks isRedTile=False isUnknownTileAhead=False (+2.4 ms)
2026-06-26 03:52:01,215 - mazeUtils.moveTile - [moveTile.py:79] - DEBUG - Moving to absDirection.SOUTH from (20, 16, 0) facing absDirection.WEST
2026-06-26 03:52:01,216 - mazeUtils.moveTile - [moveTile.py:90] - DEBUG - [2536.204502] moveTile start heading change target=180 (+1.7 ms)
2026-06-26 03:52:01,221 - mazeUtils.moveTile - [moveTile.py:79] - DEBUG - Turning to 180 deg, current heading: 91.58000000000004 deg, turnAngle: -88.41999999999996 deg
2026-06-26 03:52:01,260 - mazeUtils.moveTile - [moveTile.py:79] - DEBUG - gyro:91.59000000000003 deg, derivative: 0.009999999999990905, turnSpeed: -100
2026-06-26 03:52:01,294 - mazeUtils.moveTile - [moveTile.py:79] - DEBUG - gyro:91.61000000000001 deg, derivative: 0.01999999999998181, turnSpeed: -100
2026-06-26 03:52:01,320 - mazeUtils.moveTile - [moveTile.py:79] - DEBUG - gyro:91.53000000000003 deg, derivative: -0.07999999999998408, turnSpeed: -100
2026-06-26 03:52:01,345 - mazeUtils.moveTile - [moveTile.py:79] - DEBUG - gyro:92.35000000000002 deg, derivative: 0.8199999999999932, turnSpeed: -100
2026-06-26 03:52:01,374 - mazeUtils.moveTile - [moveTile.py:79] - DEBUG - gyro:94.10000000000002 deg, derivative: 1.75, turnSpeed: -100
2026-06-26 03:52:01,402 - mazeUtils.moveTile - [moveTile.py:79] - DEBUG - gyro:98.05000000000001 deg, derivative: 3.9499999999999886, turnSpeed: -100
2026-06-26 03:52:01,430 - mazeUtils.moveTile - [moveTile.py:79] - DEBUG - gyro:100.85000000000002 deg, derivative: 2.8000000000000114, turnSpeed: -100
2026-06-26 03:52:01,455 - mazeUtils.moveTile - [moveTile.py:79] - DEBUG - gyro:104.12 deg, derivative: 3.269999999999982, turnSpeed: -100
2026-06-26 03:52:01,480 - mazeUtils.moveTile - [moveTile.py:79] - DEBUG - gyro:106.73000000000002 deg, derivative: 2.6100000000000136, turnSpeed: -100
2026-06-26 03:52:01,508 - mazeUtils.moveTile - [moveTile.py:79] - DEBUG - gyro:110.22000000000003 deg, derivative: 3.490000000000009, turnSpeed: -100
2026-06-26 03:52:01,533 - mazeUtils.moveTile - [moveTile.py:79] - DEBUG - gyro:114.29000000000002 deg, derivative: 4.069999999999993, turnSpeed: -100
2026-06-26 03:52:01,567 - mazeUtils.moveTile - [moveTile.py:79] - DEBUG - gyro:117.64000000000001 deg, derivative: 3.3499999999999943, turnSpeed: -100
2026-06-26 03:52:01,596 - mazeUtils.moveTile - [moveTile.py:79] - DEBUG - gyro:121.82 deg, derivative: 4.179999999999978, turnSpeed: -100
2026-06-26 03:52:01,620 - mazeUtils.moveTile - [moveTile.py:79] - DEBUG - gyro:126.36000000000001 deg, derivative: 4.5400000000000205, turnSpeed: -100
2026-06-26 03:52:01,649 - mazeUtils.moveTile - [moveTile.py:79] - DEBUG - gyro:130.19 deg, derivative: 3.829999999999984, turnSpeed: -99.62
2026-06-26 03:52:01,683 - mazeUtils.moveTile - [moveTile.py:79] - DEBUG - gyro:132.41000000000003 deg, derivative: 2.2200000000000273, turnSpeed: -95.17999999999995
2026-06-26 03:52:01,710 - mazeUtils.moveTile - [moveTile.py:79] - DEBUG - gyro:136.60000000000002 deg, derivative: 4.189999999999998, turnSpeed: -86.79999999999995
2026-06-26 03:52:01,736 - mazeUtils.moveTile - [moveTile.py:79] - DEBUG - gyro:140.19 deg, derivative: 3.589999999999975, turnSpeed: -79.62
2026-06-26 03:52:01,761 - mazeUtils.moveTile - [moveTile.py:79] - DEBUG - gyro:143.21 deg, derivative: 3.0200000000000102, turnSpeed: -73.57999999999998
2026-06-26 03:52:01,790 - mazeUtils.moveTile - [moveTile.py:79] - DEBUG - gyro:146.02 deg, derivative: 2.8100000000000023, turnSpeed: -67.95999999999998
2026-06-26 03:52:01,817 - mazeUtils.moveTile - [moveTile.py:79] - DEBUG - gyro:152.25 deg, derivative: 6.22999999999999, turnSpeed: -55.5
2026-06-26 03:52:01,844 - mazeUtils.moveTile - [moveTile.py:79] - DEBUG - gyro:152.72 deg, derivative: 0.46999999999999886, turnSpeed: -54.56
2026-06-26 03:52:01,876 - mazeUtils.moveTile - [moveTile.py:79] - DEBUG - gyro:154.88000000000002 deg, derivative: 2.160000000000025, turnSpeed: -50.23999999999995
2026-06-26 03:52:01,900 - mazeUtils.moveTile - [moveTile.py:79] - DEBUG - gyro:157.22 deg, derivative: 2.339999999999975, turnSpeed: -45.56
2026-06-26 03:52:01,927 - mazeUtils.moveTile - [moveTile.py:79] - DEBUG - gyro:159.26000000000002 deg, derivative: 2.0400000000000205, turnSpeed: -41.47999999999996
2026-06-26 03:52:01,951 - mazeUtils.moveTile - [moveTile.py:79] - DEBUG - gyro:161.52 deg, derivative: 2.259999999999991, turnSpeed: -36.95999999999998
2026-06-26 03:52:01,980 - mazeUtils.moveTile - [moveTile.py:79] - DEBUG - gyro:162.5 deg, derivative: 0.9799999999999898, turnSpeed: -35.0
2026-06-26 03:52:02,007 - mazeUtils.moveTile - [moveTile.py:79] - DEBUG - gyro:164.17000000000002 deg, derivative: 1.670000000000016, turnSpeed: -31.659999999999968
2026-06-26 03:52:02,033 - mazeUtils.moveTile - [moveTile.py:79] - DEBUG - gyro:165.46 deg, derivative: 1.289999999999992, turnSpeed: -29.079999999999984
2026-06-26 03:52:02,065 - mazeUtils.moveTile - [moveTile.py:79] - DEBUG - gyro:166.53 deg, derivative: 1.0699999999999932, turnSpeed: -26.939999999999998
2026-06-26 03:52:02,092 - mazeUtils.moveTile - [moveTile.py:79] - DEBUG - gyro:168.0 deg, derivative: 1.4699999999999989, turnSpeed: -24.0
2026-06-26 03:52:02,128 - mazeUtils.moveTile - [moveTile.py:79] - DEBUG - gyro:169.28 deg, derivative: 1.2800000000000011, turnSpeed: -21.439999999999998
2026-06-26 03:52:02,163 - mazeUtils.moveTile - [moveTile.py:79] - DEBUG - gyro:170.36 deg, derivative: 1.0800000000000125, turnSpeed: -19.279999999999973
2026-06-26 03:52:02,196 - mazeUtils.moveTile - [moveTile.py:79] - DEBUG - gyro:171.63000000000002 deg, derivative: 1.2700000000000102, turnSpeed: -16.739999999999952
2026-06-26 03:52:02,222 - mazeUtils.moveTile - [moveTile.py:79] - DEBUG - gyro:172.91000000000003 deg, derivative: 1.2800000000000011, turnSpeed: -14.17999999999995
2026-06-26 03:52:02,253 - mazeUtils.moveTile - [moveTile.py:79] - DEBUG - gyro:173.88000000000002 deg, derivative: 0.9699999999999989, turnSpeed: -12.239999999999952
2026-06-26 03:52:02,280 - mazeUtils.moveTile - [moveTile.py:79] - DEBUG - gyro:175.13000000000002 deg, derivative: 1.25, turnSpeed: -9.739999999999952
2026-06-26 03:52:02,305 - mazeUtils.moveTile - [moveTile.py:79] - DEBUG - gyro:175.93 deg, derivative: 0.799999999999983, turnSpeed: -8.139999999999986
2026-06-26 03:52:02,334 - mazeUtils.moveTile - [moveTile.py:79] - DEBUG - gyro:176.41000000000003 deg, derivative: 0.4800000000000182, turnSpeed: -7.17999999999995
2026-06-26 03:52:02,358 - mazeUtils.moveTile - [moveTile.py:79] - DEBUG - gyro:176.65 deg, derivative: 0.23999999999998067, turnSpeed: -6.699999999999989
2026-06-26 03:52:02,385 - mazeUtils.moveTile - [moveTile.py:79] - DEBUG - gyro:176.95000000000002 deg, derivative: 0.30000000000001137, turnSpeed: -6.099999999999966
2026-06-26 03:52:02,408 - mazeUtils.moveTile - [moveTile.py:79] - DEBUG - gyro:177.21 deg, derivative: 0.2599999999999909, turnSpeed: -5.579999999999984
2026-06-26 03:52:02,438 - mazeUtils.moveTile - [moveTile.py:79] - DEBUG - gyro:177.43 deg, derivative: 0.21999999999999886, turnSpeed: -5.139999999999986
2026-06-26 03:52:02,464 - mazeUtils.moveTile - [moveTile.py:79] - DEBUG - gyro:177.71 deg, derivative: 0.28000000000000114, turnSpeed: -4.579999999999984
2026-06-26 03:52:02,491 - mazeUtils.moveTile - [moveTile.py:79] - DEBUG - gyro:177.93 deg, derivative: 0.21999999999999886, turnSpeed: -4.139999999999986
2026-06-26 03:52:02,519 - mazeUtils.moveTile - [moveTile.py:79] - DEBUG - gyro:178.09 deg, derivative: 0.1599999999999966, turnSpeed: -3.819999999999993
2026-06-26 03:52:02,542 - mazeUtils.moveTile - [moveTile.py:79] - DEBUG - Turned to heading: 178.09 deg
2026-06-26 03:52:02,543 - mazeUtils.moveTile - [moveTile.py:90] - DEBUG - [2537.531424] moveTile finished heading change (+1326.9 ms)
2026-06-26 03:52:02,544 - mazeUtils.moveTile - [moveTile.py:90] - DEBUG - [2537.531917] moveTile updated front direction (+0.5 ms)
2026-06-26 03:52:02,565 - mazeUtils.moveTile - [moveTile.py:90] - DEBUG - [2537.553595] moveTile stopped motors before alignment (+21.7 ms)
2026-06-26 03:52:02,718 - mazeUtils.moveTile - [moveTile.py:563] - DEBUG - Direction: absDirection.NORTH, Angle: 180, Distance: 54.31423276449693 cm
2026-06-26 03:52:02,720 - mazeUtils.moveTile - [moveTile.py:563] - DEBUG - Direction: absDirection.EAST, Angle: 90, Distance: 47.73092166885827 cm
2026-06-26 03:52:02,721 - mazeUtils.moveTile - [moveTile.py:563] - DEBUG - Direction: absDirection.SOUTH, Angle: 0, Distance: 131.1200734550066 cm
2026-06-26 03:52:02,724 - mazeUtils.moveTile - [moveTile.py:563] - DEBUG - Direction: absDirection.WEST, Angle: 270, Distance: 17.691637985316152 cm
2026-06-26 03:52:02,744 - mazeUtils.moveTile - [moveTile.py:90] - DEBUG - [2537.732045] moveTile ready for forward move (+178.5 ms)
2026-06-26 03:52:02,818 - mazeUtils.moveTile - [moveTile.py:1569] - DEBUG - Calculated target steps to next tile: 1 based on distance 30 cm
2026-06-26 03:52:02,819 - mazeUtils.moveTile - [moveTile.py:90] - DEBUG - [2537.807077] moveTile initialized movement targetSteps=1 (+75.0 ms)
2026-06-26 03:52:02,820 - mazeUtils.moveTile - [moveTile.py:90] - DEBUG - [2537.808214] moveTile loop start (+1.1 ms)
2026-06-26 03:52:02,829 - picamera2.picamera2 - [picamera2.py:1391] - DEBUG - Execute job: <picamera2.job.Job object at 0x7f99ba7690>
2026-06-26 03:52:02,837 - mazeUtils.device.camera - [camera.py:39] - DEBUG - Average HSV: H=114.6, S=153.7, V=147.7
2026-06-26 03:52:02,848 - mazeUtils.moveTile - [moveTile.py:90] - DEBUG - [2537.835982] moveTile calculated motor speeds left=94 right=100 gyroSteer=-6.439999999999941 wallSteer=0.8000000000000007 (+27.8 ms)
2026-06-26 03:52:02,869 - mazeUtils.moveTile - [moveTile.py:90] - DEBUG - [2537.856792] moveTile applied motor speed left=94 right=100 (+20.8 ms)
2026-06-26 03:52:02,870 - mazeUtils.moveTile - [moveTile.py:90] - DEBUG - [2537.857850] moveTile ramp check isBigRamp=False (+1.1 ms)
2026-06-26 03:52:02,876 - mazeUtils.moveTile - [moveTile.py:90] - DEBUG - [2537.864324] moveTile tile color check tempTileColor=E (+6.5 ms)
2026-06-26 03:52:02,877 - mazeUtils.moveTile - [moveTile.py:90] - DEBUG - [2537.865755] moveTile obstacle check escapeFlag=False (+1.4 ms)
2026-06-26 03:52:02,884 - mazeUtils.moveTile - [moveTile.py:79] - DEBUG - roll: 359.63 deg, practicalMoveTime: 0.06541209273654254 sec
2026-06-26 03:52:02,885 - mazeUtils.moveTile - [moveTile.py:1907] - DEBUG - moveTile loop time: 64.5 ms
2026-06-26 03:52:02,885 - mazeUtils.moveTile - [moveTile.py:90] - DEBUG - [2537.873431] moveTile loop end practicalMoveTime=0.065 (+7.7 ms)
2026-06-26 03:52:02,886 - mazeUtils.moveTile - [moveTile.py:90] - DEBUG - [2537.873953] moveTile loop start (+0.5 ms)
2026-06-26 03:52:02,892 - picamera2.picamera2 - [picamera2.py:1391] - DEBUG - Execute job: <picamera2.job.Job object at 0x7f99bbefd0>
2026-06-26 03:52:02,898 - mazeUtils.device.camera - [camera.py:39] - DEBUG - Average HSV: H=115.4, S=151.2, V=143.5
2026-06-26 03:52:02,910 - mazeUtils.moveTile - [moveTile.py:90] - DEBUG - [2537.898779] moveTile calculated motor speeds left=94 right=100 gyroSteer=-7.0 wallSteer=1.1999999999999993 (+24.8 ms)
2026-06-26 03:52:02,938 - mazeUtils.moveTile - [moveTile.py:90] - DEBUG - [2537.926492] moveTile applied motor speed left=94 right=100 (+27.7 ms)
2026-06-26 03:52:02,939 - mazeUtils.moveTile - [moveTile.py:90] - DEBUG - [2537.927249] moveTile ramp check isBigRamp=False (+0.8 ms)
2026-06-26 03:52:02,943 - mazeUtils.moveTile - [moveTile.py:90] - DEBUG - [2537.930799] moveTile tile color check tempTileColor=E (+3.5 ms)
2026-06-26 03:52:02,943 - mazeUtils.moveTile - [moveTile.py:90] - DEBUG - [2537.931481] moveTile obstacle check escapeFlag=False (+0.7 ms)
2026-06-26 03:52:02,949 - mazeUtils.moveTile - [moveTile.py:79] - DEBUG - roll: 357.77 deg, practicalMoveTime: 0.12938024698345776 sec
2026-06-26 03:52:02,949 - mazeUtils.moveTile - [moveTile.py:1907] - DEBUG - moveTile loop time: 63.7 ms
2026-06-26 03:52:02,950 - mazeUtils.moveTile - [moveTile.py:90] - DEBUG - [2537.938311] moveTile loop end practicalMoveTime=0.129 (+6.8 ms)
2026-06-26 03:52:02,950 - mazeUtils.moveTile - [moveTile.py:90] - DEBUG - [2537.938716] moveTile loop start (+0.4 ms)
2026-06-26 03:52:02,958 - picamera2.picamera2 - [picamera2.py:1391] - DEBUG - Execute job: <picamera2.job.Job object at 0x7f633fcc90>
2026-06-26 03:52:02,965 - mazeUtils.device.camera - [camera.py:39] - DEBUG - Average HSV: H=114.0, S=158.8, V=154.7
2026-06-26 03:52:02,971 - mazeUtils.moveTile - [moveTile.py:90] - DEBUG - [2537.958895] moveTile calculated motor speeds left=94 right=100 gyroSteer=-7.1200000000000045 wallSteer=1.6000000000000014 (+20.2 ms)
2026-06-26 03:52:02,994 - mazeUtils.moveTile - [moveTile.py:90] - DEBUG - [2537.982141] moveTile applied motor speed left=94 right=100 (+23.2 ms)
2026-06-26 03:52:02,995 - mazeUtils.moveTile - [moveTile.py:90] - DEBUG - [2537.982876] moveTile ramp check isBigRamp=False (+0.7 ms)
2026-06-26 03:52:03,000 - mazeUtils.moveTile - [moveTile.py:90] - DEBUG - [2537.987863] moveTile tile color check tempTileColor=E (+5.0 ms)
2026-06-26 03:52:03,000 - mazeUtils.moveTile - [moveTile.py:90] - DEBUG - [2537.988749] moveTile obstacle check escapeFlag=False (+0.9 ms)
2026-06-26 03:52:03,006 - mazeUtils.moveTile - [moveTile.py:79] - DEBUG - roll: 358.65999999999997 deg, practicalMoveTime: 0.18538346033897973 sec
2026-06-26 03:52:03,006 - mazeUtils.moveTile - [moveTile.py:1907] - DEBUG - moveTile loop time: 55.9 ms
2026-06-26 03:52:03,007 - mazeUtils.moveTile - [moveTile.py:90] - DEBUG - [2537.995119] moveTile loop end practicalMoveTime=0.185 (+6.4 ms)
2026-06-26 03:52:03,008 - mazeUtils.moveTile - [moveTile.py:90] - DEBUG - [2537.995575] moveTile loop start (+0.5 ms)
2026-06-26 03:52:03,016 - picamera2.picamera2 - [picamera2.py:1391] - DEBUG - Execute job: <picamera2.job.Job object at 0x7f6090c650>
2026-06-26 03:52:03,024 - mazeUtils.device.camera - [camera.py:39] - DEBUG - Average HSV: H=114.8, S=154.2, V=150.2
2026-06-26 03:52:03,029 - mazeUtils.moveTile - [moveTile.py:90] - DEBUG - [2538.017132] moveTile calculated motor speeds left=96 right=100 gyroSteer=-6.0 wallSteer=2.0 (+21.6 ms)
2026-06-26 03:52:03,050 - mazeUtils.moveTile - [moveTile.py:90] - DEBUG - [2538.037892] moveTile applied motor speed left=96 right=100 (+20.8 ms)
2026-06-26 03:52:03,050 - mazeUtils.moveTile - [moveTile.py:90] - DEBUG - [2538.038698] moveTile ramp check isBigRamp=False (+0.8 ms)
2026-06-26 03:52:03,055 - mazeUtils.moveTile - [moveTile.py:90] - DEBUG - [2538.043658] moveTile tile color check tempTileColor=E (+5.0 ms)
2026-06-26 03:52:03,056 - mazeUtils.moveTile - [moveTile.py:90] - DEBUG - [2538.044732] moveTile obstacle check escapeFlag=False (+1.1 ms)
2026-06-26 03:52:03,062 - mazeUtils.moveTile - [moveTile.py:79] - DEBUG - roll: 357.8 deg, practicalMoveTime: 0.24053167578254658 sec
2026-06-26 03:52:03,062 - mazeUtils.moveTile - [moveTile.py:1907] - DEBUG - moveTile loop time: 55.1 ms
2026-06-26 03:52:03,063 - mazeUtils.moveTile - [moveTile.py:90] - DEBUG - [2538.051222] moveTile loop end practicalMoveTime=0.241 (+6.5 ms)
2026-06-26 03:52:03,063 - mazeUtils.moveTile - [moveTile.py:90] - DEBUG - [2538.051638] moveTile loop start (+0.4 ms)
2026-06-26 03:52:03,072 - picamera2.picamera2 - [picamera2.py:1391] - DEBUG - Execute job: <picamera2.job.Job object at 0x7f82062b50>
2026-06-26 03:52:03,079 - mazeUtils.device.camera - [camera.py:39] - DEBUG - Average HSV: H=114.4, S=154.0, V=151.4
2026-06-26 03:52:03,089 - mazeUtils.moveTile - [moveTile.py:90] - DEBUG - [2538.076806] moveTile calculated motor speeds left=100 right=97 gyroSteer=0.08000000000004093 wallSteer=2.0 (+25.2 ms)
2026-06-26 03:52:03,110 - mazeUtils.moveTile - [moveTile.py:90] - DEBUG - [2538.098553] moveTile applied motor speed left=100 right=97 (+21.7 ms)
2026-06-26 03:52:03,112 - mazeUtils.moveTile - [moveTile.py:90] - DEBUG - [2538.099889] moveTile ramp check isBigRamp=False (+1.3 ms)
2026-06-26 03:52:03,120 - mazeUtils.moveTile - [moveTile.py:90] - DEBUG - [2538.107925] moveTile tile color check tempTileColor=E (+8.0 ms)
2026-06-26 03:52:03,121 - mazeUtils.moveTile - [moveTile.py:90] - DEBUG - [2538.109373] moveTile obstacle check escapeFlag=False (+1.4 ms)
2026-06-26 03:52:03,129 - mazeUtils.moveTile - [moveTile.py:79] - DEBUG - roll: 0.08999999999997499 deg, practicalMoveTime: 0.3071259810371729 sec
2026-06-26 03:52:03,130 - mazeUtils.moveTile - [moveTile.py:1907] - DEBUG - moveTile loop time: 66.7 ms
2026-06-26 03:52:03,131 - mazeUtils.moveTile - [moveTile.py:90] - DEBUG - [2538.119170] moveTile loop end practicalMoveTime=0.307 (+9.8 ms)
2026-06-26 03:52:03,131 - mazeUtils.moveTile - [moveTile.py:90] - DEBUG - [2538.119662] moveTile loop start (+0.5 ms)
2026-06-26 03:52:03,137 - picamera2.picamera2 - [picamera2.py:1391] - DEBUG - Execute job: <picamera2.job.Job object at 0x7f82062f50>
2026-06-26 03:52:03,144 - mazeUtils.device.camera - [camera.py:39] - DEBUG - Average HSV: H=116.1, S=142.1, V=141.2
2026-06-26 03:52:03,157 - mazeUtils.moveTile - [moveTile.py:90] - DEBUG - [2538.144975] moveTile calculated motor speeds left=91 right=100 gyroSteer=-3.9599999999999227 wallSteer=-4.399999999999999 (+25.3 ms)
2026-06-26 03:52:03,178 - mazeUtils.moveTile - [moveTile.py:90] - DEBUG - [2538.166663] moveTile applied motor speed left=91 right=100 (+21.7 ms)
2026-06-26 03:52:03,179 - mazeUtils.moveTile - [moveTile.py:90] - DEBUG - [2538.167401] moveTile ramp check isBigRamp=False (+0.7 ms)
2026-06-26 03:52:03,184 - mazeUtils.moveTile - [moveTile.py:90] - DEBUG - [2538.172117] moveTile tile color check tempTileColor=E (+4.7 ms)
2026-06-26 03:52:03,185 - mazeUtils.moveTile - [moveTile.py:90] - DEBUG - [2538.173524] moveTile obstacle check escapeFlag=False (+1.4 ms)
2026-06-26 03:52:03,190 - mazeUtils.moveTile - [moveTile.py:79] - DEBUG - roll: 359.0 deg, practicalMoveTime: 0.3670737857663162 sec
2026-06-26 03:52:03,191 - mazeUtils.moveTile - [moveTile.py:1907] - DEBUG - moveTile loop time: 59.5 ms
2026-06-26 03:52:03,191 - mazeUtils.moveTile - [moveTile.py:90] - DEBUG - [2538.179725] moveTile loop end practicalMoveTime=0.367 (+6.2 ms)
2026-06-26 03:52:03,192 - mazeUtils.moveTile - [moveTile.py:90] - DEBUG - [2538.180249] moveTile loop start (+0.5 ms)
2026-06-26 03:52:03,199 - picamera2.picamera2 - [picamera2.py:1391] - DEBUG - Execute job: <picamera2.job.Job object at 0x7f6090c650>
2026-06-26 03:52:03,205 - mazeUtils.device.camera - [camera.py:39] - DEBUG - Average HSV: H=115.5, S=144.5, V=143.2
2026-06-26 03:52:03,210 - mazeUtils.moveTile - [moveTile.py:90] - DEBUG - [2538.198252] moveTile calculated motor speeds left=100 right=98 gyroSteer=-1.3199999999999363 wallSteer=3.1999999999999993 (+18.0 ms)
2026-06-26 03:52:03,234 - mazeUtils.moveTile - [moveTile.py:90] - DEBUG - [2538.222704] moveTile applied motor speed left=100 right=98 (+24.5 ms)
2026-06-26 03:52:03,235 - mazeUtils.moveTile - [moveTile.py:90] - DEBUG - [2538.223432] moveTile ramp check isBigRamp=False (+0.7 ms)
2026-06-26 03:52:03,239 - mazeUtils.moveTile - [moveTile.py:90] - DEBUG - [2538.226860] moveTile tile color check tempTileColor=E (+3.4 ms)
2026-06-26 03:52:03,240 - mazeUtils.moveTile - [moveTile.py:90] - DEBUG - [2538.228545] moveTile obstacle check escapeFlag=False (+1.7 ms)
2026-06-26 03:52:03,247 - mazeUtils.moveTile - [moveTile.py:79] - DEBUG - roll: 359.89 deg, practicalMoveTime: 0.422562403103318 sec
2026-06-26 03:52:03,247 - mazeUtils.moveTile - [moveTile.py:1907] - DEBUG - moveTile loop time: 55.2 ms
2026-06-26 03:52:03,248 - mazeUtils.moveTile - [moveTile.py:90] - DEBUG - [2538.236123] moveTile loop end practicalMoveTime=0.423 (+7.6 ms)
2026-06-26 03:52:03,248 - mazeUtils.moveTile - [moveTile.py:90] - DEBUG - [2538.236557] moveTile loop start (+0.4 ms)
2026-06-26 03:52:03,255 - picamera2.picamera2 - [picamera2.py:1391] - DEBUG - Execute job: <picamera2.job.Job object at 0x7f81fc09d0>
2026-06-26 03:52:03,261 - mazeUtils.device.camera - [camera.py:39] - DEBUG - Average HSV: H=116.4, S=136.0, V=139.4
2026-06-26 03:52:03,269 - mazeUtils.moveTile - [moveTile.py:90] - DEBUG - [2538.256967] moveTile calculated motor speeds left=100 right=98 gyroSteer=0.6400000000001 wallSteer=1.1999999999999993 (+20.4 ms)
2026-06-26 03:52:03,288 - mazeUtils.moveTile - [moveTile.py:90] - DEBUG - [2538.276701] moveTile applied motor speed left=100 right=98 (+19.7 ms)
2026-06-26 03:52:03,290 - mazeUtils.moveTile - [moveTile.py:90] - DEBUG - [2538.278000] moveTile ramp check isBigRamp=False (+1.3 ms)
2026-06-26 03:52:03,294 - mazeUtils.moveTile - [moveTile.py:90] - DEBUG - [2538.282676] moveTile tile color check tempTileColor=E (+4.7 ms)
2026-06-26 03:52:03,295 - mazeUtils.moveTile - [moveTile.py:90] - DEBUG - [2538.283550] moveTile obstacle check escapeFlag=False (+0.9 ms)
2026-06-26 03:52:03,301 - mazeUtils.moveTile - [moveTile.py:79] - DEBUG - roll: 358.87 deg, practicalMoveTime: 0.4762417802511111 sec
2026-06-26 03:52:03,302 - mazeUtils.moveTile - [moveTile.py:1907] - DEBUG - moveTile loop time: 54.0 ms
2026-06-26 03:52:03,303 - mazeUtils.moveTile - [moveTile.py:90] - DEBUG - [2538.291231] moveTile loop end practicalMoveTime=0.476 (+7.7 ms)
2026-06-26 03:52:03,303 - mazeUtils.moveTile - [moveTile.py:90] - DEBUG - [2538.291766] moveTile loop start (+0.5 ms)
2026-06-26 03:52:03,312 - picamera2.picamera2 - [picamera2.py:1391] - DEBUG - Execute job: <picamera2.job.Job object at 0x7f99ba7690>
2026-06-26 03:52:03,318 - mazeUtils.device.camera - [camera.py:39] - DEBUG - Average HSV: H=116.1, S=135.9, V=141.4
2026-06-26 03:52:03,324 - mazeUtils.moveTile - [moveTile.py:90] - DEBUG - [2538.312596] moveTile calculated motor speeds left=97 right=100 gyroSteer=-0.4399999999999409 wallSteer=-1.6000000000000014 (+20.8 ms)
2026-06-26 03:52:03,345 - mazeUtils.moveTile - [moveTile.py:90] - DEBUG - [2538.333310] moveTile applied motor speed left=97 right=100 (+20.7 ms)
2026-06-26 03:52:03,346 - mazeUtils.moveTile - [moveTile.py:90] - DEBUG - [2538.334028] moveTile ramp check isBigRamp=False (+0.7 ms)
2026-06-26 03:52:03,350 - mazeUtils.moveTile - [moveTile.py:90] - DEBUG - [2538.338364] moveTile tile color check tempTileColor=E (+4.3 ms)
2026-06-26 03:52:03,351 - mazeUtils.moveTile - [moveTile.py:90] - DEBUG - [2538.339393] moveTile obstacle check escapeFlag=False (+1.0 ms)
2026-06-26 03:52:03,359 - mazeUtils.moveTile - [moveTile.py:79] - DEBUG - roll: 359.59999999999997 deg, practicalMoveTime: 0.5330941872613549 sec
2026-06-26 03:52:03,360 - mazeUtils.moveTile - [moveTile.py:1907] - DEBUG - moveTile loop time: 56.7 ms
2026-06-26 03:52:03,361 - mazeUtils.moveTile - [moveTile.py:90] - DEBUG - [2538.349365] moveTile loop end practicalMoveTime=0.533 (+10.0 ms)
2026-06-26 03:52:03,362 - mazeUtils.moveTile - [moveTile.py:90] - DEBUG - [2538.350048] moveTile loop start (+0.7 ms)
2026-06-26 03:52:03,367 - picamera2.picamera2 - [picamera2.py:1391] - DEBUG - Execute job: <picamera2.job.Job object at 0x7f81fc09d0>
2026-06-26 03:52:03,375 - mazeUtils.device.camera - [camera.py:39] - DEBUG - Average HSV: H=117.0, S=122.9, V=149.7
2026-06-26 03:52:03,386 - mazeUtils.moveTile - [moveTile.py:90] - DEBUG - [2538.374289] moveTile calculated motor speeds left=93 right=100 gyroSteer=-5.079999999999927 wallSteer=-1.6000000000000014 (+24.2 ms)
2026-06-26 03:52:03,408 - mazeUtils.moveTile - [moveTile.py:90] - DEBUG - [2538.396267] moveTile applied motor speed left=93 right=100 (+22.0 ms)
2026-06-26 03:52:03,410 - mazeUtils.moveTile - [moveTile.py:90] - DEBUG - [2538.398093] moveTile ramp check isBigRamp=False (+1.8 ms)
2026-06-26 03:52:03,413 - mazeUtils.moveTile - [moveTile.py:90] - DEBUG - [2538.401790] moveTile tile color check tempTileColor=E (+3.7 ms)
2026-06-26 03:52:03,414 - mazeUtils.moveTile - [moveTile.py:90] - DEBUG - [2538.402393] moveTile obstacle check escapeFlag=False (+0.6 ms)
2026-06-26 03:52:03,422 - mazeUtils.moveTile - [moveTile.py:79] - DEBUG - roll: 358.05 deg, practicalMoveTime: 0.5946811078616662 sec
2026-06-26 03:52:03,423 - mazeUtils.moveTile - [moveTile.py:1907] - DEBUG - moveTile loop time: 60.9 ms
2026-06-26 03:52:03,423 - mazeUtils.moveTile - [moveTile.py:90] - DEBUG - [2538.411515] moveTile loop end practicalMoveTime=0.595 (+9.1 ms)
2026-06-26 03:52:03,424 - mazeUtils.moveTile - [moveTile.py:90] - DEBUG - [2538.411910] moveTile loop start (+0.4 ms)
2026-06-26 03:52:03,434 - picamera2.picamera2 - [picamera2.py:1391] - DEBUG - Execute job: <picamera2.job.Job object at 0x7f633fcc90>
2026-06-26 03:52:03,442 - mazeUtils.device.camera - [camera.py:39] - DEBUG - Average HSV: H=119.1, S=85.6, V=169.0
2026-06-26 03:52:03,449 - mazeUtils.moveTile - [moveTile.py:90] - DEBUG - [2538.437721] moveTile calculated motor speeds left=100 right=99 gyroSteer=-0.4799999999999045 wallSteer=0.8000000000000007 (+25.8 ms)
2026-06-26 03:52:03,470 - mazeUtils.moveTile - [moveTile.py:90] - DEBUG - [2538.458282] moveTile applied motor speed left=100 right=99 (+20.6 ms)
2026-06-26 03:52:03,471 - mazeUtils.moveTile - [moveTile.py:90] - DEBUG - [2538.459027] moveTile ramp check isBigRamp=False (+0.7 ms)
2026-06-26 03:52:03,475 - mazeUtils.moveTile - [moveTile.py:90] - DEBUG - [2538.462931] moveTile tile color check tempTileColor=E (+3.9 ms)
2026-06-26 03:52:03,475 - mazeUtils.moveTile - [moveTile.py:90] - DEBUG - [2538.463729] moveTile obstacle check escapeFlag=False (+0.8 ms)
2026-06-26 03:52:03,482 - mazeUtils.moveTile - [moveTile.py:79] - DEBUG - roll: 359.68 deg, practicalMoveTime: 0.6539062680617038 sec
2026-06-26 03:52:03,483 - mazeUtils.moveTile - [moveTile.py:1907] - DEBUG - moveTile loop time: 59.2 ms
2026-06-26 03:52:03,483 - mazeUtils.moveTile - [moveTile.py:90] - DEBUG - [2538.471713] moveTile loop end practicalMoveTime=0.654 (+8.0 ms)
2026-06-26 03:52:03,484 - mazeUtils.moveTile - [moveTile.py:90] - DEBUG - [2538.472231] moveTile loop start (+0.5 ms)
2026-06-26 03:52:03,491 - picamera2.picamera2 - [picamera2.py:1391] - DEBUG - Execute job: <picamera2.job.Job object at 0x7f6090c650>
2026-06-26 03:52:03,498 - mazeUtils.device.camera - [camera.py:39] - DEBUG - Average HSV: H=121.5, S=74.7, V=171.8
2026-06-26 03:52:03,504 - mazeUtils.moveTile - [moveTile.py:90] - DEBUG - [2538.492265] moveTile calculated motor speeds left=100 right=98 gyroSteer=1.1600000000000819 wallSteer=0.8000000000000007 (+20.0 ms)
2026-06-26 03:52:03,524 - mazeUtils.moveTile - [moveTile.py:90] - DEBUG - [2538.512400] moveTile applied motor speed left=100 right=98 (+20.1 ms)
2026-06-26 03:52:03,525 - mazeUtils.moveTile - [moveTile.py:90] - DEBUG - [2538.513117] moveTile ramp check isBigRamp=False (+0.7 ms)
2026-06-26 03:52:03,531 - mazeUtils.moveTile - [moveTile.py:90] - DEBUG - [2538.518814] moveTile tile color check tempTileColor=E (+5.7 ms)
2026-06-26 03:52:03,531 - mazeUtils.moveTile - [moveTile.py:90] - DEBUG - [2538.519465] moveTile obstacle check escapeFlag=False (+0.7 ms)
2026-06-26 03:52:03,538 - mazeUtils.moveTile - [moveTile.py:79] - DEBUG - roll: 358.4 deg, practicalMoveTime: 0.7088609478185626 sec
2026-06-26 03:52:03,539 - mazeUtils.moveTile - [moveTile.py:1907] - DEBUG - moveTile loop time: 54.7 ms
2026-06-26 03:52:03,539 - mazeUtils.moveTile - [moveTile.py:90] - DEBUG - [2538.527626] moveTile loop end practicalMoveTime=0.709 (+8.2 ms)
2026-06-26 03:52:03,540 - mazeUtils.moveTile - [moveTile.py:90] - DEBUG - [2538.528207] moveTile loop start (+0.6 ms)
2026-06-26 03:52:03,546 - picamera2.picamera2 - [picamera2.py:1391] - DEBUG - Execute job: <picamera2.job.Job object at 0x7f99ba7690>
2026-06-26 03:52:03,553 - mazeUtils.device.camera - [camera.py:39] - DEBUG - Average HSV: H=121.6, S=72.5, V=174.7
2026-06-26 03:52:03,560 - mazeUtils.moveTile - [moveTile.py:90] - DEBUG - [2538.548755] moveTile calculated motor speeds left=99 right=100 gyroSteer=1.5200000000000955 wallSteer=-1.6000000000000014 (+20.5 ms)
2026-06-26 03:52:03,581 - mazeUtils.moveTile - [moveTile.py:90] - DEBUG - [2538.569045] moveTile applied motor speed left=99 right=100 (+20.3 ms)
2026-06-26 03:52:03,582 - mazeUtils.moveTile - [moveTile.py:90] - DEBUG - [2538.569917] moveTile ramp check isBigRamp=False (+0.9 ms)
2026-06-26 03:52:03,585 - mazeUtils.moveTile - [moveTile.py:90] - DEBUG - [2538.573721] moveTile tile color check tempTileColor=E (+3.8 ms)
2026-06-26 03:52:03,586 - mazeUtils.moveTile - [moveTile.py:90] - DEBUG - [2538.574590] moveTile obstacle check escapeFlag=False (+0.9 ms)
2026-06-26 03:52:03,592 - mazeUtils.moveTile - [moveTile.py:79] - DEBUG - roll: 358.53999999999996 deg, practicalMoveTime: 0.7620145472753057 sec
2026-06-26 03:52:03,593 - mazeUtils.moveTile - [moveTile.py:1907] - DEBUG - moveTile loop time: 52.9 ms
2026-06-26 03:52:03,593 - mazeUtils.moveTile - [moveTile.py:90] - DEBUG - [2538.581644] moveTile loop end practicalMoveTime=0.762 (+7.1 ms)
2026-06-26 03:52:03,594 - mazeUtils.moveTile - [moveTile.py:90] - DEBUG - [2538.582015] moveTile loop start (+0.4 ms)
2026-06-26 03:52:03,601 - picamera2.picamera2 - [picamera2.py:1391] - DEBUG - Execute job: <picamera2.job.Job object at 0x7f81fc09d0>
2026-06-26 03:52:03,607 - mazeUtils.device.camera - [camera.py:39] - DEBUG - Average HSV: H=127.5, S=55.4, V=183.3
2026-06-26 03:52:03,616 - mazeUtils.moveTile - [moveTile.py:90] - DEBUG - [2538.604045] moveTile calculated motor speeds left=99 right=100 gyroSteer=2.0 wallSteer=-2.8000000000000007 (+22.0 ms)
2026-06-26 03:52:03,643 - mazeUtils.moveTile - [moveTile.py:90] - DEBUG - [2538.630841] moveTile applied motor speed left=99 right=100 (+26.8 ms)
2026-06-26 03:52:03,644 - mazeUtils.moveTile - [moveTile.py:90] - DEBUG - [2538.631846] moveTile ramp check isBigRamp=False (+1.0 ms)
2026-06-26 03:52:03,648 - mazeUtils.moveTile - [moveTile.py:90] - DEBUG - [2538.636286] moveTile tile color check tempTileColor=E (+4.4 ms)
2026-06-26 03:52:03,649 - mazeUtils.moveTile - [moveTile.py:90] - DEBUG - [2538.637241] moveTile obstacle check escapeFlag=False (+1.0 ms)
2026-06-26 03:52:03,656 - mazeUtils.moveTile - [moveTile.py:79] - DEBUG - roll: 357.51 deg, practicalMoveTime: 0.8252745162973687 sec
2026-06-26 03:52:03,657 - mazeUtils.moveTile - [moveTile.py:1907] - DEBUG - moveTile loop time: 63.5 ms
2026-06-26 03:52:03,658 - mazeUtils.moveTile - [moveTile.py:90] - DEBUG - [2538.646300] moveTile loop end practicalMoveTime=0.825 (+9.1 ms)
2026-06-26 03:52:03,659 - mazeUtils.moveTile - [moveTile.py:90] - DEBUG - [2538.646891] moveTile loop start (+0.6 ms)
2026-06-26 03:52:03,665 - picamera2.picamera2 - [picamera2.py:1391] - DEBUG - Execute job: <picamera2.job.Job object at 0x7f820638d0>
2026-06-26 03:52:03,671 - mazeUtils.device.camera - [camera.py:39] - DEBUG - Average HSV: H=149.3, S=17.2, V=212.9
2026-06-26 03:52:03,677 - mazeUtils.moveTile - [moveTile.py:90] - DEBUG - [2538.665330] moveTile calculated motor speeds left=100 right=97 gyroSteer=5.6400000000001 wallSteer=-2.8000000000000007 (+18.4 ms)
2026-06-26 03:52:03,700 - mazeUtils.moveTile - [moveTile.py:90] - DEBUG - [2538.687835] moveTile applied motor speed left=100 right=97 (+22.5 ms)
2026-06-26 03:52:03,701 - mazeUtils.moveTile - [moveTile.py:90] - DEBUG - [2538.688887] moveTile ramp check isBigRamp=False (+1.1 ms)
2026-06-26 03:52:03,705 - mazeUtils.moveTile - [moveTile.py:90] - DEBUG - [2538.693596] moveTile tile color check tempTileColor=E (+4.7 ms)
2026-06-26 03:52:03,706 - mazeUtils.moveTile - [moveTile.py:90] - DEBUG - [2538.694656] moveTile obstacle check escapeFlag=False (+1.1 ms)
2026-06-26 03:52:03,711 - mazeUtils.moveTile - [moveTile.py:1755] - INFO - practicalVerticalMove: -0.64759099204813 CM
2026-06-26 03:52:03,734 - mazeUtils.moveTile - [moveTile.py:90] - DEBUG - [2538.722530] moveTile finished by time control (+27.9 ms)
2026-06-26 03:52:03,735 - mazeUtils.moveTile - [moveTile.py:90] - DEBUG - [2538.723295] moveTile start final forward adjustment (+28.6 ms)
2026-06-26 03:52:03,772 - mazeUtils.moveTile - [moveTile.py:90] - DEBUG - [2538.759951] moveTile finished final forward adjustment (+36.7 ms)
2026-06-26 03:52:03,918 - mazeUtils.moveTile - [moveTile.py:563] - DEBUG - Direction: absDirection.NORTH, Angle: 180, Distance: 92.49103913149182 cm
2026-06-26 03:52:03,920 - mazeUtils.moveTile - [moveTile.py:563] - DEBUG - Direction: absDirection.EAST, Angle: 90, Distance: 135.76845810739042 cm
2026-06-26 03:52:03,923 - mazeUtils.moveTile - [moveTile.py:563] - DEBUG - Direction: absDirection.SOUTH, Angle: 0, Distance: 102.70713224963526 cm
2026-06-26 03:52:03,925 - mazeUtils.moveTile - [moveTile.py:563] - DEBUG - Direction: absDirection.WEST, Angle: 270, Distance: 17.431097979664774 cm
2026-06-26 03:52:03,927 - mazeUtils.moveTile - [moveTile.py:90] - DEBUG - [2538.914874] moveTile updated map and detected walls (+154.9 ms)
2026-06-26 03:52:03,931 - mazeUtils.moveTile - [moveTile.py:2272] - INFO - Tile color detection, decided tile type: E
2026-06-26 03:52:03,932 - mazeUtils.moveTile - [moveTile.py:90] - DEBUG - [2538.920421] moveTile finished (+160.5 ms)
2026-06-26 03:52:04,022 - __main__ - [main.py:106] - INFO - Current position: (20, 17, 0), front direction: absDirection.SOUTH
Layer 0 (altitude=0.0cm, offset=(0.0cm, 0.0cm)):
Known map area: x=20..21, y=15..20
+---+---+
| E   E |
+   +   +
| E   E |
+   +---+
| @   U  
+   +   +
| E   U  
+   +   +
| E   U  
+   +   +
| S | U  
+---+   +
mazeAsGraph[0][15][20] = {absDirection.NORTH: None, absDirection.EAST: (21, 15, 0, 30), absDirection.SOUTH: (20, 16, 0, 30), absDirection.WEST: None}
mazeAsGraph[0][15][21] = {absDirection.NORTH: None, absDirection.EAST: None, absDirection.SOUTH: (21, 16, 0, 30), absDirection.WEST: (20, 15, 0, 30)}
mazeAsGraph[0][16][20] = {absDirection.NORTH: (20, 15, 0, 30), absDirection.EAST: (21, 16, 0, 30), absDirection.SOUTH: (20, 17, 0, 30), absDirection.WEST: None}
mazeAsGraph[0][16][21] = {absDirection.NORTH: (21, 15, 0, 30), absDirection.EAST: None, absDirection.SOUTH: None, absDirection.WEST: (20, 16, 0, 30)}
mazeAsGraph[0][17][20] = {absDirection.NORTH: (20, 16, 0, 30), absDirection.EAST: (21, 17, 0, 30), absDirection.SOUTH: (20, 18, 0, 30), absDirection.WEST: None}
mazeAsGraph[0][18][20] = {absDirection.NORTH: (20, 17, 0, 30), absDirection.EAST: (21, 18, 0, 30), absDirection.SOUTH: (20, 19, 0, 30), absDirection.WEST: None}
mazeAsGraph[0][19][20] = {absDirection.NORTH: (20, 18, 0, 30), absDirection.EAST: (21, 19, 0, 30), absDirection.SOUTH: (20, 20, 0, 30), absDirection.WEST: None}
mazeAsGraph[0][20][20] = {absDirection.NORTH: (20, 19, 0, 30), absDirection.EAST: None, absDirection.SOUTH: None, absDirection.WEST: None}
2026-06-26 03:52:04,032 - mazeUtils.moveTile - [moveTile.py:88] - DEBUG - [2539.019823] moveTile start direction=absDirection.EAST position=(20, 17, 0) front=absDirection.SOUTH
2026-06-26 03:52:04,043 - mazeUtils.moveTile - [moveTile.py:90] - DEBUG - [2539.031711] moveTile after initial toggle check (+11.9 ms)
2026-06-26 03:52:04,046 - mazeUtils.moveTile - [moveTile.py:90] - DEBUG - [2539.034610] moveTile after tile checks isRedTile=False isUnknownTileAhead=True (+2.9 ms)
2026-06-26 03:52:04,047 - mazeUtils.moveTile - [moveTile.py:79] - DEBUG - Moving to absDirection.EAST from (20, 17, 0) facing absDirection.SOUTH
2026-06-26 03:52:04,048 - mazeUtils.moveTile - [moveTile.py:90] - DEBUG - [2539.036425] moveTile start heading change target=270 (+1.8 ms)
2026-06-26 03:52:04,055 - mazeUtils.moveTile - [moveTile.py:79] - DEBUG - Turning to 270 deg, current heading: 181.95000000000002 deg, turnAngle: -88.04999999999998 deg
2026-06-26 03:52:04,081 - mazeUtils.moveTile - [moveTile.py:79] - DEBUG - gyro:182.02 deg, derivative: 0.06999999999999318, turnSpeed: -100
2026-06-26 03:52:04,107 - mazeUtils.moveTile - [moveTile.py:79] - DEBUG - gyro:182.23000000000002 deg, derivative: 0.21000000000000796, turnSpeed: -100
2026-06-26 03:52:04,133 - mazeUtils.moveTile - [moveTile.py:79] - DEBUG - gyro:182.18 deg, derivative: -0.05000000000001137, turnSpeed: -100
2026-06-26 03:52:04,170 - mazeUtils.moveTile - [moveTile.py:79] - DEBUG - gyro:181.70000000000002 deg, derivative: -0.47999999999998977, turnSpeed: -100
2026-06-26 03:52:04,201 - mazeUtils.moveTile - [moveTile.py:79] - DEBUG - gyro:184.04000000000002 deg, derivative: 2.3400000000000034, turnSpeed: -100
2026-06-26 03:52:04,227 - mazeUtils.moveTile - [moveTile.py:79] - DEBUG - gyro:189.19 deg, derivative: 5.149999999999977, turnSpeed: -100
2026-06-26 03:52:04,264 - mazeUtils.moveTile - [moveTile.py:79] - DEBUG - gyro:192.62 deg, derivative: 3.430000000000007, turnSpeed: -100
2026-06-26 03:52:04,293 - mazeUtils.moveTile - [moveTile.py:79] - DEBUG - gyro:196.99 deg, derivative: 4.3700000000000045, turnSpeed: -100
2026-06-26 03:52:04,326 - mazeUtils.moveTile - [moveTile.py:79] - DEBUG - gyro:200.81 deg, derivative: 3.819999999999993, turnSpeed: -100
2026-06-26 03:52:04,350 - mazeUtils.moveTile - [moveTile.py:79] - DEBUG - gyro:203.85000000000002 deg, derivative: 3.0400000000000205, turnSpeed: -100
2026-06-26 03:52:04,378 - mazeUtils.moveTile - [moveTile.py:79] - DEBUG - gyro:206.43 deg, derivative: 2.579999999999984, turnSpeed: -100
2026-06-26 03:52:04,409 - mazeUtils.moveTile - [moveTile.py:79] - DEBUG - gyro:209.0 deg, derivative: 2.569999999999993, turnSpeed: -100
2026-06-26 03:52:04,443 - mazeUtils.moveTile - [moveTile.py:79] - DEBUG - gyro:212.72 deg, derivative: 3.719999999999999, turnSpeed: -100
2026-06-26 03:52:04,476 - mazeUtils.moveTile - [moveTile.py:79] - DEBUG - gyro:217.53 deg, derivative: 4.810000000000002, turnSpeed: -100
2026-06-26 03:52:04,506 - mazeUtils.moveTile - [moveTile.py:79] - DEBUG - gyro:222.25 deg, derivative: 4.719999999999999, turnSpeed: -95.5
2026-06-26 03:52:04,532 - mazeUtils.moveTile - [moveTile.py:79] - DEBUG - gyro:226.95000000000002 deg, derivative: 4.700000000000017, turnSpeed: -86.09999999999997
2026-06-26 03:52:04,557 - mazeUtils.moveTile - [moveTile.py:79] - DEBUG - gyro:230.14000000000001 deg, derivative: 3.1899999999999977, turnSpeed: -79.71999999999997
2026-06-26 03:52:04,585 - mazeUtils.moveTile - [moveTile.py:79] - DEBUG - gyro:233.01000000000002 deg, derivative: 2.8700000000000045, turnSpeed: -73.97999999999996
2026-06-26 03:52:04,612 - mazeUtils.moveTile - [moveTile.py:79] - DEBUG - gyro:235.57000000000002 deg, derivative: 2.5600000000000023, turnSpeed: -68.85999999999996
2026-06-26 03:52:04,645 - mazeUtils.moveTile - [moveTile.py:79] - DEBUG - gyro:238.27 deg, derivative: 2.6999999999999886, turnSpeed: -63.45999999999998
2026-06-26 03:52:04,675 - mazeUtils.moveTile - [moveTile.py:79] - DEBUG - gyro:240.65 deg, derivative: 2.3799999999999955, turnSpeed: -58.69999999999999
2026-06-26 03:52:04,701 - mazeUtils.moveTile - [moveTile.py:79] - DEBUG - gyro:242.60000000000002 deg, derivative: 1.950000000000017, turnSpeed: -54.799999999999955
2026-06-26 03:52:04,726 - mazeUtils.moveTile - [moveTile.py:79] - DEBUG - gyro:245.48000000000002 deg, derivative: 2.8799999999999955, turnSpeed: -49.039999999999964
2026-06-26 03:52:04,751 - mazeUtils.moveTile - [moveTile.py:79] - DEBUG - gyro:248.37 deg, derivative: 2.8899999999999864, turnSpeed: -43.25999999999999
2026-06-26 03:52:04,776 - mazeUtils.moveTile - [moveTile.py:79] - DEBUG - gyro:250.58 deg, derivative: 2.210000000000008, turnSpeed: -38.839999999999975
2026-06-26 03:52:04,803 - mazeUtils.moveTile - [moveTile.py:79] - DEBUG - gyro:253.66000000000003 deg, derivative: 3.0800000000000125, turnSpeed: -32.67999999999995
2026-06-26 03:52:04,831 - mazeUtils.moveTile - [moveTile.py:79] - DEBUG - gyro:254.8 deg, derivative: 1.1399999999999864, turnSpeed: -30.399999999999977
2026-06-26 03:52:04,858 - mazeUtils.moveTile - [moveTile.py:79] - DEBUG - gyro:256.95000000000005 deg, derivative: 2.150000000000034, turnSpeed: -26.09999999999991
2026-06-26 03:52:04,883 - mazeUtils.moveTile - [moveTile.py:79] - DEBUG - gyro:257.70000000000005 deg, derivative: 0.75, turnSpeed: -24.59999999999991
2026-06-26 03:52:04,912 - mazeUtils.moveTile - [moveTile.py:79] - DEBUG - gyro:258.68 deg, derivative: 0.9799999999999613, turnSpeed: -22.639999999999986
2026-06-26 03:52:04,940 - mazeUtils.moveTile - [moveTile.py:79] - DEBUG - gyro:259.48 deg, derivative: 0.8000000000000114, turnSpeed: -21.039999999999964
2026-06-26 03:52:04,972 - mazeUtils.moveTile - [moveTile.py:79] - DEBUG - gyro:260.5 deg, derivative: 1.0199999999999818, turnSpeed: -19.0
2026-06-26 03:52:05,001 - mazeUtils.moveTile - [moveTile.py:79] - DEBUG - gyro:261.48 deg, derivative: 0.9800000000000182, turnSpeed: -17.039999999999964
2026-06-26 03:52:05,025 - mazeUtils.moveTile - [moveTile.py:79] - DEBUG - gyro:262.70000000000005 deg, derivative: 1.2200000000000273, turnSpeed: -14.599999999999909
2026-06-26 03:52:05,053 - mazeUtils.moveTile - [moveTile.py:79] - DEBUG - gyro:263.56 deg, derivative: 0.8599999999999568, turnSpeed: -12.879999999999995
2026-06-26 03:52:05,077 - mazeUtils.moveTile - [moveTile.py:79] - DEBUG - gyro:264.33000000000004 deg, derivative: 0.7700000000000387, turnSpeed: -11.339999999999918
2026-06-26 03:52:05,100 - mazeUtils.moveTile - [moveTile.py:79] - DEBUG - gyro:265.25 deg, derivative: 0.9199999999999591, turnSpeed: -9.5
2026-06-26 03:52:05,126 - mazeUtils.moveTile - [moveTile.py:79] - DEBUG - gyro:265.68 deg, derivative: 0.4300000000000068, turnSpeed: -8.639999999999986
2026-06-26 03:52:05,158 - mazeUtils.moveTile - [moveTile.py:79] - DEBUG - gyro:266.45 deg, derivative: 0.7699999999999818, turnSpeed: -7.100000000000023
2026-06-26 03:52:05,189 - mazeUtils.moveTile - [moveTile.py:79] - DEBUG - gyro:267.09000000000003 deg, derivative: 0.6400000000000432, turnSpeed: -5.819999999999936
2026-06-26 03:52:05,217 - mazeUtils.moveTile - [moveTile.py:79] - DEBUG - gyro:267.67 deg, derivative: 0.5799999999999841, turnSpeed: -4.659999999999968
2026-06-26 03:52:05,248 - mazeUtils.moveTile - [moveTile.py:79] - DEBUG - gyro:268.0 deg, derivative: 0.3299999999999841, turnSpeed: -4.0
2026-06-26 03:52:05,268 - mazeUtils.moveTile - [moveTile.py:79] - DEBUG - Turned to heading: 268.0 deg
2026-06-26 03:52:05,269 - mazeUtils.moveTile - [moveTile.py:90] - DEBUG - [2540.257679] moveTile finished heading change (+1221.3 ms)
2026-06-26 03:52:05,270 - mazeUtils.moveTile - [moveTile.py:90] - DEBUG - [2540.258196] moveTile updated front direction (+0.5 ms)
2026-06-26 03:52:05,289 - mazeUtils.moveTile - [moveTile.py:90] - DEBUG - [2540.277501] moveTile stopped motors before alignment (+19.3 ms)
2026-06-26 03:52:05,437 - mazeUtils.moveTile - [moveTile.py:563] - DEBUG - Direction: absDirection.NORTH, Angle: 90, Distance: 84.3402612716996 cm
2026-06-26 03:52:05,438 - mazeUtils.moveTile - [moveTile.py:563] - DEBUG - Direction: absDirection.EAST, Angle: 0, Distance: 131.89999389648438 cm
2026-06-26 03:52:05,442 - mazeUtils.moveTile - [moveTile.py:563] - DEBUG - Direction: absDirection.SOUTH, Angle: 270, Distance: 102.13739561928172 cm
2026-06-26 03:52:05,443 - mazeUtils.moveTile - [moveTile.py:563] - DEBUG - Direction: absDirection.WEST, Angle: 180, Distance: 21.612930278075893 cm
2026-06-26 03:52:05,444 - mazeUtils.moveTile - [moveTile.py:90] - DEBUG - [2540.432425] moveTile start backward adjustment behind_wall_dist=21.612930278075893 (+154.9 ms)
2026-06-26 03:52:05,467 - mazeUtils.moveTile - [moveTile.py:79] - DEBUG - Little backward to adjust position
2026-06-26 03:52:05,685 - mazeUtils.moveTile - [moveTile.py:90] - DEBUG - [2540.673733] moveTile finished backward adjustment (+241.3 ms)
2026-06-26 03:52:05,711 - mazeUtils.moveTile - [moveTile.py:90] - DEBUG - [2540.698846] moveTile ready for forward move (+25.1 ms)
2026-06-26 03:52:05,720 - mazeUtils.moveTile - [moveTile.py:79] - DEBUG - Turning to 295 deg, current heading: 269.41 deg, turnAngle: -25.589999999999975 deg
2026-06-26 03:52:05,748 - mazeUtils.moveTile - [moveTile.py:79] - DEBUG - gyro:269.33 deg, derivative: -0.08000000000004093, turnSpeed: -51.34000000000003
2026-06-26 03:52:05,776 - mazeUtils.moveTile - [moveTile.py:79] - DEBUG - gyro:269.18 deg, derivative: -0.14999999999997726, turnSpeed: -51.639999999999986
2026-06-26 03:52:05,805 - mazeUtils.moveTile - [moveTile.py:79] - DEBUG - gyro:268.64 deg, derivative: -0.5400000000000205, turnSpeed: -52.72000000000003
2026-06-26 03:52:05,830 - mazeUtils.moveTile - [moveTile.py:79] - DEBUG - gyro:268.81 deg, derivative: 0.17000000000001592, turnSpeed: -52.379999999999995
2026-06-26 03:52:05,860 - mazeUtils.moveTile - [moveTile.py:79] - DEBUG - gyro:270.61 deg, derivative: 1.8000000000000114, turnSpeed: -48.77999999999997
2026-06-26 03:52:05,886 - mazeUtils.moveTile - [moveTile.py:79] - DEBUG - gyro:274.92 deg, derivative: 4.310000000000002, turnSpeed: -40.15999999999997
2026-06-26 03:52:05,914 - mazeUtils.moveTile - [moveTile.py:79] - DEBUG - gyro:277.13 deg, derivative: 2.2099999999999795, turnSpeed: -35.74000000000001
2026-06-26 03:52:05,943 - mazeUtils.moveTile - [moveTile.py:79] - DEBUG - gyro:280.12 deg, derivative: 2.990000000000009, turnSpeed: -29.75999999999999
2026-06-26 03:52:05,969 - mazeUtils.moveTile - [moveTile.py:79] - DEBUG - gyro:282.01 deg, derivative: 1.8899999999999864, turnSpeed: -25.980000000000018
2026-06-26 03:52:06,002 - mazeUtils.moveTile - [moveTile.py:79] - DEBUG - gyro:283.69 deg, derivative: 1.6800000000000068, turnSpeed: -22.620000000000005
2026-06-26 03:52:06,031 - mazeUtils.moveTile - [moveTile.py:79] - DEBUG - gyro:284.89 deg, derivative: 1.1999999999999886, turnSpeed: -20.220000000000027
2026-06-26 03:52:06,058 - mazeUtils.moveTile - [moveTile.py:79] - DEBUG - gyro:285.93 deg, derivative: 1.0400000000000205, turnSpeed: -18.139999999999986
2026-06-26 03:52:06,091 - mazeUtils.moveTile - [moveTile.py:79] - DEBUG - gyro:286.78000000000003 deg, derivative: 0.8500000000000227, turnSpeed: -16.43999999999994
2026-06-26 03:52:06,122 - mazeUtils.moveTile - [moveTile.py:79] - DEBUG - gyro:287.38 deg, derivative: 0.5999999999999659, turnSpeed: -15.240000000000009
2026-06-26 03:52:06,149 - mazeUtils.moveTile - [moveTile.py:79] - DEBUG - gyro:288.14 deg, derivative: 0.7599999999999909, turnSpeed: -13.720000000000027
2026-06-26 03:52:06,180 - mazeUtils.moveTile - [moveTile.py:79] - DEBUG - gyro:288.81 deg, derivative: 0.6700000000000159, turnSpeed: -12.379999999999995
2026-06-26 03:52:06,203 - mazeUtils.moveTile - [moveTile.py:79] - DEBUG - gyro:289.54 deg, derivative: 0.7300000000000182, turnSpeed: -10.919999999999959
2026-06-26 03:52:06,229 - mazeUtils.moveTile - [moveTile.py:79] - DEBUG - gyro:290.8 deg, derivative: 1.259999999999991, turnSpeed: -8.399999999999977
2026-06-26 03:52:06,255 - mazeUtils.moveTile - [moveTile.py:79] - DEBUG - gyro:290.91 deg, derivative: 0.11000000000001364, turnSpeed: -8.17999999999995
2026-06-26 03:52:06,280 - mazeUtils.moveTile - [moveTile.py:79] - DEBUG - gyro:291.61 deg, derivative: 0.6999999999999886, turnSpeed: -6.779999999999973
2026-06-26 03:52:06,308 - mazeUtils.moveTile - [moveTile.py:79] - DEBUG - gyro:291.88 deg, derivative: 0.2699999999999818, turnSpeed: -6.240000000000009
2026-06-26 03:52:06,335 - mazeUtils.moveTile - [moveTile.py:79] - DEBUG - gyro:292.3 deg, derivative: 0.4200000000000159, turnSpeed: -5.399999999999977
2026-06-26 03:52:06,362 - mazeUtils.moveTile - [moveTile.py:79] - DEBUG - gyro:292.45 deg, derivative: 0.14999999999997726, turnSpeed: -5.100000000000023
2026-06-26 03:52:06,393 - mazeUtils.moveTile - [moveTile.py:79] - DEBUG - gyro:292.64 deg, derivative: 0.18999999999999773, turnSpeed: -4.720000000000027
2026-06-26 03:52:06,419 - mazeUtils.moveTile - [moveTile.py:79] - DEBUG - gyro:292.94 deg, derivative: 0.30000000000001137, turnSpeed: -4.1200000000000045
2026-06-26 03:52:06,450 - mazeUtils.moveTile - [moveTile.py:79] - DEBUG - gyro:293.26 deg, derivative: 0.3199999999999932, turnSpeed: -3.480000000000018
2026-06-26 03:52:06,473 - mazeUtils.moveTile - [moveTile.py:79] - DEBUG - Turned to heading: 293.26 deg
2026-06-26 03:52:06,507 - mazeUtils.moveTile - [moveTile.py:90] - DEBUG - [2541.495507] moveTile initialized movement targetSteps=1 (+796.7 ms)
2026-06-26 03:52:06,509 - mazeUtils.moveTile - [moveTile.py:90] - DEBUG - [2541.497079] moveTile loop start (+1.6 ms)
2026-06-26 03:52:06,516 - picamera2.picamera2 - [picamera2.py:1391] - DEBUG - Execute job: <picamera2.job.Job object at 0x7f99bdf690>
2026-06-26 03:52:06,522 - mazeUtils.device.camera - [camera.py:39] - DEBUG - Average HSV: H=113.8, S=155.6, V=172.9
2026-06-26 03:52:06,529 - mazeUtils.moveTile - [moveTile.py:90] - DEBUG - [2541.517318] moveTile calculated motor speeds left=100 right=33 gyroSteer=94.44000000000005 wallSteer=0.0 (+20.2 ms)
2026-06-26 03:52:06,551 - mazeUtils.moveTile - [moveTile.py:90] - DEBUG - [2541.538886] moveTile applied motor speed left=100 right=33 (+21.6 ms)
2026-06-26 03:52:06,552 - mazeUtils.moveTile - [moveTile.py:90] - DEBUG - [2541.540154] moveTile ramp check isBigRamp=False (+1.3 ms)
2026-06-26 03:52:06,557 - mazeUtils.moveTile - [moveTile.py:90] - DEBUG - [2541.545240] moveTile tile color check tempTileColor=E (+5.1 ms)
2026-06-26 03:52:06,558 - mazeUtils.moveTile - [moveTile.py:90] - DEBUG - [2541.545958] moveTile obstacle check escapeFlag=False (+0.7 ms)
2026-06-26 03:52:06,564 - mazeUtils.moveTile - [moveTile.py:79] - DEBUG - roll: 358.33 deg, practicalMoveTime: 0.05641075301960804 sec
2026-06-26 03:52:06,565 - mazeUtils.moveTile - [moveTile.py:1907] - DEBUG - moveTile loop time: 56.2 ms
2026-06-26 03:52:06,566 - mazeUtils.moveTile - [moveTile.py:90] - DEBUG - [2541.553904] moveTile loop end practicalMoveTime=0.056 (+7.9 ms)
2026-06-26 03:52:06,566 - mazeUtils.moveTile - [moveTile.py:90] - DEBUG - [2541.554359] moveTile loop start (+0.5 ms)
2026-06-26 03:52:06,573 - picamera2.picamera2 - [picamera2.py:1391] - DEBUG - Execute job: <picamera2.job.Job object at 0x7f6090c650>
2026-06-26 03:52:06,580 - mazeUtils.device.camera - [camera.py:39] - DEBUG - Average HSV: H=114.1, S=154.4, V=171.1
2026-06-26 03:52:06,587 - mazeUtils.moveTile - [moveTile.py:90] - DEBUG - [2541.575252] moveTile calculated motor speeds left=100 right=32 gyroSteer=95.79999999999995 wallSteer=0.0 (+20.9 ms)
2026-06-26 03:52:06,608 - mazeUtils.moveTile - [moveTile.py:90] - DEBUG - [2541.596292] moveTile applied motor speed left=100 right=32 (+21.0 ms)
2026-06-26 03:52:06,609 - mazeUtils.moveTile - [moveTile.py:90] - DEBUG - [2541.597025] moveTile ramp check isBigRamp=False (+0.7 ms)
2026-06-26 03:52:06,613 - mazeUtils.moveTile - [moveTile.py:90] - DEBUG - [2541.601430] moveTile tile color check tempTileColor=E (+4.4 ms)
2026-06-26 03:52:06,614 - mazeUtils.moveTile - [moveTile.py:90] - DEBUG - [2541.602329] moveTile obstacle check escapeFlag=False (+0.9 ms)
2026-06-26 03:52:06,619 - mazeUtils.moveTile - [moveTile.py:79] - DEBUG - roll: 358.91999999999996 deg, practicalMoveTime: 0.11046145395132387 sec
2026-06-26 03:52:06,620 - mazeUtils.moveTile - [moveTile.py:1907] - DEBUG - moveTile loop time: 53.9 ms
2026-06-26 03:52:06,621 - mazeUtils.moveTile - [moveTile.py:90] - DEBUG - [2541.608842] moveTile loop end practicalMoveTime=0.110 (+6.5 ms)
2026-06-26 03:52:06,621 - mazeUtils.moveTile - [moveTile.py:90] - DEBUG - [2541.609321] moveTile loop start (+0.5 ms)
2026-06-26 03:52:06,630 - picamera2.picamera2 - [picamera2.py:1391] - DEBUG - Execute job: <picamera2.job.Job object at 0x7f99bdf690>
2026-06-26 03:52:06,636 - mazeUtils.device.camera - [camera.py:39] - DEBUG - Average HSV: H=114.1, S=155.5, V=174.0
2026-06-26 03:52:06,644 - mazeUtils.moveTile - [moveTile.py:90] - DEBUG - [2541.632680] moveTile calculated motor speeds left=100 right=37 gyroSteer=89.0 wallSteer=0.0 (+23.4 ms)
2026-06-26 03:52:06,666 - mazeUtils.moveTile - [moveTile.py:90] - DEBUG - [2541.654213] moveTile applied motor speed left=100 right=37 (+21.5 ms)
2026-06-26 03:52:06,667 - mazeUtils.moveTile - [moveTile.py:90] - DEBUG - [2541.654998] moveTile ramp check isBigRamp=False (+0.8 ms)
2026-06-26 03:52:06,670 - mazeUtils.moveTile - [moveTile.py:90] - DEBUG - [2541.658454] moveTile tile color check tempTileColor=E (+3.5 ms)
2026-06-26 03:52:06,671 - mazeUtils.moveTile - [moveTile.py:90] - DEBUG - [2541.659131] moveTile obstacle check escapeFlag=False (+0.7 ms)
2026-06-26 03:52:06,677 - mazeUtils.moveTile - [moveTile.py:79] - DEBUG - roll: 0.2899999999999636 deg, practicalMoveTime: 0.1672524947317664 sec
2026-06-26 03:52:06,678 - mazeUtils.moveTile - [moveTile.py:1907] - DEBUG - moveTile loop time: 56.6 ms
2026-06-26 03:52:06,678 - mazeUtils.moveTile - [moveTile.py:90] - DEBUG - [2541.666529] moveTile loop end practicalMoveTime=0.167 (+7.4 ms)
2026-06-26 03:52:06,679 - mazeUtils.moveTile - [moveTile.py:90] - DEBUG - [2541.666965] moveTile loop start (+0.4 ms)
2026-06-26 03:52:06,686 - picamera2.picamera2 - [picamera2.py:1391] - DEBUG - Execute job: <picamera2.job.Job object at 0x7f82062dd0>
2026-06-26 03:52:06,692 - mazeUtils.device.camera - [camera.py:39] - DEBUG - Average HSV: H=114.9, S=150.6, V=171.0
2026-06-26 03:52:06,702 - mazeUtils.moveTile - [moveTile.py:90] - DEBUG - [2541.690057] moveTile calculated motor speeds left=100 right=44 gyroSteer=78.96000000000004 wallSteer=0.0 (+23.1 ms)
2026-06-26 03:52:06,724 - mazeUtils.moveTile - [moveTile.py:90] - DEBUG - [2541.711886] moveTile applied motor speed left=100 right=44 (+21.8 ms)
2026-06-26 03:52:06,724 - mazeUtils.moveTile - [moveTile.py:90] - DEBUG - [2541.712650] moveTile ramp check isBigRamp=False (+0.8 ms)
2026-06-26 03:52:06,728 - mazeUtils.moveTile - [moveTile.py:90] - DEBUG - [2541.716485] moveTile tile color check tempTileColor=E (+3.8 ms)
2026-06-26 03:52:06,729 - mazeUtils.moveTile - [moveTile.py:90] - DEBUG - [2541.717414] moveTile obstacle check escapeFlag=False (+0.9 ms)
2026-06-26 03:52:06,735 - mazeUtils.moveTile - [moveTile.py:79] - DEBUG - roll: 358.95 deg, practicalMoveTime: 0.22429196906206306 sec
2026-06-26 03:52:06,736 - mazeUtils.moveTile - [moveTile.py:1907] - DEBUG - moveTile loop time: 56.9 ms
2026-06-26 03:52:06,736 - mazeUtils.moveTile - [moveTile.py:90] - DEBUG - [2541.724802] moveTile loop end practicalMoveTime=0.224 (+7.4 ms)
2026-06-26 03:52:06,737 - mazeUtils.moveTile - [moveTile.py:90] - DEBUG - [2541.725252] moveTile loop start (+0.4 ms)
2026-06-26 03:52:06,742 - picamera2.picamera2 - [picamera2.py:1391] - DEBUG - Execute job: <picamera2.job.Job object at 0x7f6090c650>
2026-06-26 03:52:06,748 - mazeUtils.device.camera - [camera.py:39] - DEBUG - Average HSV: H=113.6, S=158.6, V=181.9
2026-06-26 03:52:06,756 - mazeUtils.moveTile - [moveTile.py:90] - DEBUG - [2541.744266] moveTile calculated motor speeds left=100 right=52 gyroSteer=67.27999999999997 wallSteer=0.0 (+19.0 ms)
2026-06-26 03:52:06,778 - mazeUtils.moveTile - [moveTile.py:90] - DEBUG - [2541.765909] moveTile applied motor speed left=100 right=52 (+21.6 ms)
2026-06-26 03:52:06,779 - mazeUtils.moveTile - [moveTile.py:90] - DEBUG - [2541.767645] moveTile ramp check isBigRamp=False (+1.7 ms)
2026-06-26 03:52:06,783 - mazeUtils.moveTile - [moveTile.py:90] - DEBUG - [2541.771677] moveTile tile color check tempTileColor=E (+4.0 ms)
2026-06-26 03:52:06,784 - mazeUtils.moveTile - [moveTile.py:90] - DEBUG - [2541.772316] moveTile obstacle check escapeFlag=False (+0.6 ms)
2026-06-26 03:52:06,791 - mazeUtils.moveTile - [moveTile.py:79] - DEBUG - roll: 0.19999999999998863 deg, practicalMoveTime: 0.2791288564501641 sec
2026-06-26 03:52:06,791 - mazeUtils.moveTile - [moveTile.py:1907] - DEBUG - moveTile loop time: 54.3 ms
2026-06-26 03:52:06,792 - mazeUtils.moveTile - [moveTile.py:90] - DEBUG - [2541.780386] moveTile loop end practicalMoveTime=0.279 (+8.1 ms)
2026-06-26 03:52:06,793 - mazeUtils.moveTile - [moveTile.py:90] - DEBUG - [2541.780881] moveTile loop start (+0.5 ms)
2026-06-26 03:52:06,800 - picamera2.picamera2 - [picamera2.py:1391] - DEBUG - Execute job: <picamera2.job.Job object at 0x7f82063fd0>
2026-06-26 03:52:06,807 - mazeUtils.device.camera - [camera.py:39] - DEBUG - Average HSV: H=114.5, S=154.2, V=181.5
2026-06-26 03:52:06,813 - mazeUtils.moveTile - [moveTile.py:90] - DEBUG - [2541.801145] moveTile calculated motor speeds left=100 right=57 gyroSteer=60.6400000000001 wallSteer=0.0 (+20.3 ms)
2026-06-26 03:52:06,833 - mazeUtils.moveTile - [moveTile.py:90] - DEBUG - [2541.821093] moveTile applied motor speed left=100 right=57 (+19.9 ms)
2026-06-26 03:52:06,834 - mazeUtils.moveTile - [moveTile.py:90] - DEBUG - [2541.821873] moveTile ramp check isBigRamp=False (+0.8 ms)
2026-06-26 03:52:06,837 - mazeUtils.moveTile - [moveTile.py:90] - DEBUG - [2541.825619] moveTile tile color check tempTileColor=E (+3.7 ms)
2026-06-26 03:52:06,838 - mazeUtils.moveTile - [moveTile.py:90] - DEBUG - [2541.826309] moveTile obstacle check escapeFlag=False (+0.7 ms)
2026-06-26 03:52:06,843 - mazeUtils.moveTile - [moveTile.py:79] - DEBUG - roll: 357.97999999999996 deg, practicalMoveTime: 0.33077399308246846 sec
2026-06-26 03:52:06,844 - mazeUtils.moveTile - [moveTile.py:1907] - DEBUG - moveTile loop time: 51.3 ms
2026-06-26 03:52:06,844 - mazeUtils.moveTile - [moveTile.py:90] - DEBUG - [2541.832775] moveTile loop end practicalMoveTime=0.331 (+6.5 ms)
2026-06-26 03:52:06,845 - mazeUtils.moveTile - [moveTile.py:90] - DEBUG - [2541.833179] moveTile loop start (+0.4 ms)
2026-06-26 03:52:06,856 - picamera2.picamera2 - [picamera2.py:1391] - DEBUG - Execute job: <picamera2.job.Job object at 0x7f99bdf690>
2026-06-26 03:52:06,863 - mazeUtils.device.camera - [camera.py:39] - DEBUG - Average HSV: H=113.2, S=161.8, V=189.2
2026-06-26 03:52:06,871 - mazeUtils.moveTile - [moveTile.py:90] - DEBUG - [2541.859739] moveTile calculated motor speeds left=100 right=61 gyroSteer=54.600000000000136 wallSteer=0.0 (+26.6 ms)
2026-06-26 03:52:06,893 - mazeUtils.moveTile - [moveTile.py:90] - DEBUG - [2541.881420] moveTile applied motor speed left=100 right=61 (+21.7 ms)
2026-06-26 03:52:06,894 - mazeUtils.moveTile - [moveTile.py:90] - DEBUG - [2541.882213] moveTile ramp check isBigRamp=False (+0.8 ms)
2026-06-26 03:52:06,898 - mazeUtils.moveTile - [moveTile.py:90] - DEBUG - [2541.885868] moveTile tile color check tempTileColor=E (+3.7 ms)
2026-06-26 03:52:06,898 - mazeUtils.moveTile - [moveTile.py:90] - DEBUG - [2541.886696] moveTile obstacle check escapeFlag=False (+0.8 ms)
2026-06-26 03:52:06,906 - mazeUtils.moveTile - [moveTile.py:79] - DEBUG - roll: 0.2400000000000091 deg, practicalMoveTime: 0.39297836443958056 sec
2026-06-26 03:52:06,907 - mazeUtils.moveTile - [moveTile.py:1907] - DEBUG - moveTile loop time: 62.1 ms
2026-06-26 03:52:06,908 - mazeUtils.moveTile - [moveTile.py:90] - DEBUG - [2541.895979] moveTile loop end practicalMoveTime=0.393 (+9.3 ms)
2026-06-26 03:52:06,908 - mazeUtils.moveTile - [moveTile.py:90] - DEBUG - [2541.896589] moveTile loop start (+0.6 ms)
2026-06-26 03:52:06,914 - picamera2.picamera2 - [picamera2.py:1391] - DEBUG - Execute job: <picamera2.job.Job object at 0x7f99bdf690>
2026-06-26 03:52:06,920 - mazeUtils.device.camera - [camera.py:39] - DEBUG - Average HSV: H=113.9, S=159.1, V=189.8
2026-06-26 03:52:06,928 - mazeUtils.moveTile - [moveTile.py:90] - DEBUG - [2541.915939] moveTile calculated motor speeds left=100 right=66 gyroSteer=47.40000000000009 wallSteer=0.0 (+19.3 ms)
2026-06-26 03:52:06,954 - mazeUtils.moveTile - [moveTile.py:90] - DEBUG - [2541.942124] moveTile applied motor speed left=100 right=66 (+26.2 ms)
2026-06-26 03:52:06,956 - mazeUtils.moveTile - [moveTile.py:90] - DEBUG - [2541.944472] moveTile ramp check isBigRamp=False (+2.3 ms)
2026-06-26 03:52:06,960 - mazeUtils.moveTile - [moveTile.py:90] - DEBUG - [2541.948451] moveTile tile color check tempTileColor=E (+4.0 ms)
2026-06-26 03:52:06,961 - mazeUtils.moveTile - [moveTile.py:90] - DEBUG - [2541.949231] moveTile obstacle check escapeFlag=False (+0.8 ms)
2026-06-26 03:52:06,966 - mazeUtils.moveTile - [moveTile.py:79] - DEBUG - roll: 358.28 deg, practicalMoveTime: 0.45149749967002534 sec
2026-06-26 03:52:06,966 - mazeUtils.moveTile - [moveTile.py:1907] - DEBUG - moveTile loop time: 58.1 ms
2026-06-26 03:52:06,967 - mazeUtils.moveTile - [moveTile.py:90] - DEBUG - [2541.955283] moveTile loop end practicalMoveTime=0.451 (+6.1 ms)
2026-06-26 03:52:06,968 - mazeUtils.moveTile - [moveTile.py:90] - DEBUG - [2541.955837] moveTile loop start (+0.6 ms)
2026-06-26 03:52:06,975 - picamera2.picamera2 - [picamera2.py:1391] - DEBUG - Execute job: <picamera2.job.Job object at 0x7f99bdf690>
2026-06-26 03:52:06,982 - mazeUtils.device.camera - [camera.py:39] - DEBUG - Average HSV: H=113.0, S=161.9, V=198.3
2026-06-26 03:52:06,989 - mazeUtils.moveTile - [moveTile.py:90] - DEBUG - [2541.977329] moveTile calculated motor speeds left=100 right=73 gyroSteer=38.319999999999936 wallSteer=0.0 (+21.5 ms)
2026-06-26 03:52:07,009 - mazeUtils.moveTile - [moveTile.py:90] - DEBUG - [2541.997210] moveTile applied motor speed left=100 right=73 (+19.9 ms)
2026-06-26 03:52:07,010 - mazeUtils.moveTile - [moveTile.py:90] - DEBUG - [2541.997990] moveTile ramp check isBigRamp=False (+0.8 ms)
2026-06-26 03:52:07,015 - mazeUtils.moveTile - [moveTile.py:90] - DEBUG - [2542.003109] moveTile tile color check tempTileColor=E (+5.1 ms)
2026-06-26 03:52:07,016 - mazeUtils.moveTile - [moveTile.py:90] - DEBUG - [2542.004269] moveTile obstacle check escapeFlag=False (+1.2 ms)
2026-06-26 03:52:07,029 - mazeUtils.moveTile - [moveTile.py:79] - DEBUG - roll: 359.7 deg, practicalMoveTime: 0.5138872476060763 sec
2026-06-26 03:52:07,030 - mazeUtils.moveTile - [moveTile.py:1907] - DEBUG - moveTile loop time: 62.3 ms
2026-06-26 03:52:07,030 - mazeUtils.moveTile - [moveTile.py:90] - DEBUG - [2542.018710] moveTile loop end practicalMoveTime=0.514 (+14.4 ms)
2026-06-26 03:52:07,031 - mazeUtils.moveTile - [moveTile.py:90] - DEBUG - [2542.019117] moveTile loop start (+0.4 ms)
2026-06-26 03:52:07,036 - picamera2.picamera2 - [picamera2.py:1391] - DEBUG - Execute job: <picamera2.job.Job object at 0x7f99bdf690>
2026-06-26 03:52:07,042 - mazeUtils.device.camera - [camera.py:39] - DEBUG - Average HSV: H=114.0, S=157.9, V=193.8
2026-06-26 03:52:07,050 - mazeUtils.moveTile - [moveTile.py:90] - DEBUG - [2542.038520] moveTile calculated motor speeds left=100 right=78 gyroSteer=30.840000000000146 wallSteer=0.0 (+19.4 ms)
2026-06-26 03:52:07,072 - mazeUtils.moveTile - [moveTile.py:90] - DEBUG - [2542.060576] moveTile applied motor speed left=100 right=78 (+22.1 ms)
2026-06-26 03:52:07,074 - mazeUtils.moveTile - [moveTile.py:90] - DEBUG - [2542.062221] moveTile ramp check isBigRamp=False (+1.6 ms)
2026-06-26 03:52:07,078 - mazeUtils.moveTile - [moveTile.py:90] - DEBUG - [2542.066299] moveTile tile color check tempTileColor=E (+4.1 ms)
2026-06-26 03:52:07,079 - mazeUtils.moveTile - [moveTile.py:90] - DEBUG - [2542.067146] moveTile obstacle check escapeFlag=False (+0.8 ms)
2026-06-26 03:52:07,084 - mazeUtils.moveTile - [moveTile.py:79] - DEBUG - roll: 359.49 deg, practicalMoveTime: 0.5679819478782451 sec
2026-06-26 03:52:07,085 - mazeUtils.moveTile - [moveTile.py:1907] - DEBUG - moveTile loop time: 54.4 ms
2026-06-26 03:52:07,086 - mazeUtils.moveTile - [moveTile.py:90] - DEBUG - [2542.074083] moveTile loop end practicalMoveTime=0.568 (+6.9 ms)
2026-06-26 03:52:07,086 - mazeUtils.moveTile - [moveTile.py:90] - DEBUG - [2542.074483] moveTile loop start (+0.4 ms)
2026-06-26 03:52:07,094 - picamera2.picamera2 - [picamera2.py:1391] - DEBUG - Execute job: <picamera2.job.Job object at 0x7f6090c650>
2026-06-26 03:52:07,100 - mazeUtils.device.camera - [camera.py:39] - DEBUG - Average HSV: H=112.8, S=164.1, V=200.1
2026-06-26 03:52:07,106 - mazeUtils.moveTile - [moveTile.py:90] - DEBUG - [2542.093918] moveTile calculated motor speeds left=100 right=77 gyroSteer=31.960000000000036 wallSteer=0.0 (+19.4 ms)
2026-06-26 03:52:07,125 - mazeUtils.moveTile - [moveTile.py:90] - DEBUG - [2542.113250] moveTile applied motor speed left=100 right=77 (+19.3 ms)
2026-06-26 03:52:07,126 - mazeUtils.moveTile - [moveTile.py:90] - DEBUG - [2542.114347] moveTile ramp check isBigRamp=False (+1.1 ms)
2026-06-26 03:52:07,129 - mazeUtils.moveTile - [moveTile.py:90] - DEBUG - [2542.117794] moveTile tile color check tempTileColor=E (+3.4 ms)
2026-06-26 03:52:07,130 - mazeUtils.moveTile - [moveTile.py:90] - DEBUG - [2542.118376] moveTile obstacle check escapeFlag=False (+0.6 ms)
2026-06-26 03:52:07,136 - mazeUtils.moveTile - [moveTile.py:79] - DEBUG - roll: 0.7099999999999795 deg, practicalMoveTime: 0.6182839072497142 sec
2026-06-26 03:52:07,137 - mazeUtils.moveTile - [moveTile.py:1907] - DEBUG - moveTile loop time: 50.7 ms
2026-06-26 03:52:07,138 - mazeUtils.moveTile - [moveTile.py:90] - DEBUG - [2542.125981] moveTile loop end practicalMoveTime=0.618 (+7.6 ms)
2026-06-26 03:52:07,138 - mazeUtils.moveTile - [moveTile.py:90] - DEBUG - [2542.126677] moveTile loop start (+0.7 ms)
2026-06-26 03:52:07,147 - picamera2.picamera2 - [picamera2.py:1391] - DEBUG - Execute job: <picamera2.job.Job object at 0x7f99bdf690>
2026-06-26 03:52:07,155 - mazeUtils.device.camera - [camera.py:39] - DEBUG - Average HSV: H=113.6, S=160.7, V=197.2
2026-06-26 03:52:07,167 - mazeUtils.moveTile - [moveTile.py:90] - DEBUG - [2542.155441] moveTile calculated motor speeds left=100 right=82 gyroSteer=24.440000000000055 wallSteer=0.0 (+28.8 ms)
2026-06-26 03:52:07,190 - mazeUtils.moveTile - [moveTile.py:90] - DEBUG - [2542.177938] moveTile applied motor speed left=100 right=82 (+22.5 ms)
2026-06-26 03:52:07,190 - mazeUtils.moveTile - [moveTile.py:90] - DEBUG - [2542.178760] moveTile ramp check isBigRamp=False (+0.8 ms)
2026-06-26 03:52:07,194 - mazeUtils.moveTile - [moveTile.py:90] - DEBUG - [2542.182341] moveTile tile color check tempTileColor=E (+3.6 ms)
2026-06-26 03:52:07,195 - mazeUtils.moveTile - [moveTile.py:90] - DEBUG - [2542.183059] moveTile obstacle check escapeFlag=False (+0.7 ms)
2026-06-26 03:52:07,200 - mazeUtils.moveTile - [moveTile.py:79] - DEBUG - roll: 358.01 deg, practicalMoveTime: 0.680930652313297 sec
2026-06-26 03:52:07,201 - mazeUtils.moveTile - [moveTile.py:1907] - DEBUG - moveTile loop time: 62.2 ms
2026-06-26 03:52:07,201 - mazeUtils.moveTile - [moveTile.py:90] - DEBUG - [2542.189506] moveTile loop end practicalMoveTime=0.681 (+6.4 ms)
2026-06-26 03:52:07,202 - mazeUtils.moveTile - [moveTile.py:90] - DEBUG - [2542.189948] moveTile loop start (+0.4 ms)
2026-06-26 03:52:07,209 - picamera2.picamera2 - [picamera2.py:1391] - DEBUG - Execute job: <picamera2.job.Job object at 0x7f81fc0490>
2026-06-26 03:52:07,215 - mazeUtils.device.camera - [camera.py:39] - DEBUG - Average HSV: H=112.5, S=164.5, V=203.5
2026-06-26 03:52:07,222 - mazeUtils.moveTile - [moveTile.py:90] - DEBUG - [2542.210180] moveTile calculated motor speeds left=100 right=84 gyroSteer=21.440000000000055 wallSteer=0.0 (+20.2 ms)
2026-06-26 03:52:07,244 - mazeUtils.moveTile - [moveTile.py:90] - DEBUG - [2542.232488] moveTile applied motor speed left=100 right=84 (+22.3 ms)
2026-06-26 03:52:07,245 - mazeUtils.moveTile - [moveTile.py:90] - DEBUG - [2542.233287] moveTile ramp check isBigRamp=False (+0.8 ms)
2026-06-26 03:52:07,250 - mazeUtils.moveTile - [moveTile.py:90] - DEBUG - [2542.237986] moveTile tile color check tempTileColor=E (+4.7 ms)
2026-06-26 03:52:07,251 - mazeUtils.moveTile - [moveTile.py:90] - DEBUG - [2542.239086] moveTile obstacle check escapeFlag=False (+1.1 ms)
2026-06-26 03:52:07,260 - mazeUtils.moveTile - [moveTile.py:79] - DEBUG - roll: 359.99 deg, practicalMoveTime: 0.7396381505417386 sec
2026-06-26 03:52:07,261 - mazeUtils.moveTile - [moveTile.py:1907] - DEBUG - moveTile loop time: 59.0 ms
2026-06-26 03:52:07,264 - mazeUtils.moveTile - [moveTile.py:90] - DEBUG - [2542.251840] moveTile loop end practicalMoveTime=0.740 (+12.8 ms)
2026-06-26 03:52:07,264 - mazeUtils.moveTile - [moveTile.py:90] - DEBUG - [2542.252605] moveTile loop start (+0.8 ms)
2026-06-26 03:52:07,271 - picamera2.picamera2 - [picamera2.py:1391] - DEBUG - Execute job: <picamera2.job.Job object at 0x7f82063890>
2026-06-26 03:52:07,279 - mazeUtils.device.camera - [camera.py:39] - DEBUG - Average HSV: H=113.1, S=160.8, V=200.4
2026-06-26 03:52:07,287 - mazeUtils.moveTile - [moveTile.py:90] - DEBUG - [2542.275360] moveTile calculated motor speeds left=100 right=94 gyroSteer=15.319999999999936 wallSteer=-7.199999999999999 (+22.8 ms)
2026-06-26 03:52:07,309 - mazeUtils.moveTile - [moveTile.py:90] - DEBUG - [2542.297627] moveTile applied motor speed left=100 right=94 (+22.3 ms)
2026-06-26 03:52:07,310 - mazeUtils.moveTile - [moveTile.py:90] - DEBUG - [2542.298575] moveTile ramp check isBigRamp=False (+0.9 ms)
2026-06-26 03:52:07,315 - mazeUtils.moveTile - [moveTile.py:90] - DEBUG - [2542.303169] moveTile tile color check tempTileColor=E (+4.6 ms)
2026-06-26 03:52:07,316 - mazeUtils.moveTile - [moveTile.py:90] - DEBUG - [2542.303830] moveTile obstacle check escapeFlag=False (+0.7 ms)
2026-06-26 03:52:07,321 - mazeUtils.moveTile - [moveTile.py:79] - DEBUG - roll: 358.06 deg, practicalMoveTime: 0.7993741630443827 sec
2026-06-26 03:52:07,321 - mazeUtils.moveTile - [moveTile.py:1907] - DEBUG - moveTile loop time: 56.9 ms
2026-06-26 03:52:07,322 - mazeUtils.moveTile - [moveTile.py:90] - DEBUG - [2542.310104] moveTile loop end practicalMoveTime=0.799 (+6.3 ms)
2026-06-26 03:52:07,322 - mazeUtils.moveTile - [moveTile.py:90] - DEBUG - [2542.310564] moveTile loop start (+0.5 ms)
2026-06-26 03:52:07,329 - picamera2.picamera2 - [picamera2.py:1391] - DEBUG - Execute job: <picamera2.job.Job object at 0x7f82063250>
2026-06-26 03:52:07,335 - mazeUtils.device.camera - [camera.py:39] - DEBUG - Average HSV: H=111.9, S=167.6, V=204.1
2026-06-26 03:52:07,343 - mazeUtils.moveTile - [moveTile.py:90] - DEBUG - [2542.331006] moveTile calculated motor speeds left=100 right=94 gyroSteer=17.480000000000018 wallSteer=-10.0 (+20.4 ms)
2026-06-26 03:52:07,365 - mazeUtils.moveTile - [moveTile.py:90] - DEBUG - [2542.353172] moveTile applied motor speed left=100 right=94 (+22.2 ms)
2026-06-26 03:52:07,366 - mazeUtils.moveTile - [moveTile.py:90] - DEBUG - [2542.353882] moveTile ramp check isBigRamp=False (+0.7 ms)
2026-06-26 03:52:07,369 - mazeUtils.moveTile - [moveTile.py:90] - DEBUG - [2542.357296] moveTile tile color check tempTileColor=E (+3.4 ms)
2026-06-26 03:52:07,370 - mazeUtils.moveTile - [moveTile.py:90] - DEBUG - [2542.357890] moveTile obstacle check escapeFlag=False (+0.6 ms)
2026-06-26 03:52:07,375 - mazeUtils.moveTile - [moveTile.py:79] - DEBUG - roll: 359.09 deg, practicalMoveTime: 0.8533408578570051 sec
2026-06-26 03:52:07,376 - mazeUtils.moveTile - [moveTile.py:1907] - DEBUG - moveTile loop time: 53.9 ms
2026-06-26 03:52:07,377 - mazeUtils.moveTile - [moveTile.py:90] - DEBUG - [2542.364979] moveTile loop end practicalMoveTime=0.853 (+7.1 ms)
2026-06-26 03:52:07,377 - mazeUtils.moveTile - [moveTile.py:90] - DEBUG - [2542.365375] moveTile loop start (+0.4 ms)
2026-06-26 03:52:07,384 - picamera2.picamera2 - [picamera2.py:1391] - DEBUG - Execute job: <picamera2.job.Job object at 0x7f81fc0490>
2026-06-26 03:52:07,390 - mazeUtils.device.camera - [camera.py:39] - DEBUG - Average HSV: H=112.9, S=161.7, V=199.0
2026-06-26 03:52:07,397 - mazeUtils.moveTile - [moveTile.py:90] - DEBUG - [2542.385297] moveTile calculated motor speeds left=100 right=96 gyroSteer=15.120000000000118 wallSteer=-10.0 (+19.9 ms)
2026-06-26 03:52:07,416 - mazeUtils.moveTile - [moveTile.py:90] - DEBUG - [2542.404695] moveTile applied motor speed left=100 right=96 (+19.4 ms)
2026-06-26 03:52:07,417 - mazeUtils.moveTile - [moveTile.py:90] - DEBUG - [2542.405449] moveTile ramp check isBigRamp=False (+0.8 ms)
2026-06-26 03:52:07,421 - mazeUtils.moveTile - [moveTile.py:90] - DEBUG - [2542.409747] moveTile tile color check tempTileColor=E (+4.3 ms)
2026-06-26 03:52:07,422 - mazeUtils.moveTile - [moveTile.py:90] - DEBUG - [2542.410371] moveTile obstacle check escapeFlag=False (+0.6 ms)
2026-06-26 03:52:07,427 - mazeUtils.moveTile - [moveTile.py:79] - DEBUG - roll: 0.19999999999998863 deg, practicalMoveTime: 0.9042436226772791 sec
2026-06-26 03:52:07,428 - mazeUtils.moveTile - [moveTile.py:1907] - DEBUG - moveTile loop time: 51.2 ms
2026-06-26 03:52:07,429 - mazeUtils.moveTile - [moveTile.py:90] - DEBUG - [2542.417741] moveTile loop end practicalMoveTime=0.904 (+7.4 ms)
2026-06-26 03:52:07,430 - mazeUtils.moveTile - [moveTile.py:90] - DEBUG - [2542.418288] moveTile loop start (+0.5 ms)
2026-06-26 03:52:07,440 - picamera2.picamera2 - [picamera2.py:1391] - DEBUG - Execute job: <picamera2.job.Job object at 0x7f82062b50>
2026-06-26 03:52:07,446 - mazeUtils.device.camera - [camera.py:39] - DEBUG - Average HSV: H=118.5, S=76.2, V=220.6
2026-06-26 03:52:07,452 - mazeUtils.moveTile - [moveTile.py:90] - DEBUG - [2542.440444] moveTile calculated motor speeds left=100 right=94 gyroSteer=17.24000000000001 wallSteer=-10.0 (+22.2 ms)
2026-06-26 03:52:07,473 - mazeUtils.moveTile - [moveTile.py:90] - DEBUG - [2542.461054] moveTile applied motor speed left=100 right=94 (+20.6 ms)
2026-06-26 03:52:07,473 - mazeUtils.moveTile - [moveTile.py:90] - DEBUG - [2542.461790] moveTile ramp check isBigRamp=False (+0.7 ms)
2026-06-26 03:52:07,477 - mazeUtils.moveTile - [moveTile.py:90] - DEBUG - [2542.465299] moveTile tile color check tempTileColor=E (+3.5 ms)
2026-06-26 03:52:07,478 - mazeUtils.moveTile - [moveTile.py:90] - DEBUG - [2542.466397] moveTile obstacle check escapeFlag=False (+1.1 ms)
2026-06-26 03:52:07,486 - mazeUtils.moveTile - [moveTile.py:79] - DEBUG - roll: 359.4 deg, practicalMoveTime: 0.9615389515969862 sec
2026-06-26 03:52:07,487 - mazeUtils.moveTile - [moveTile.py:1907] - DEBUG - moveTile loop time: 57.0 ms
2026-06-26 03:52:07,488 - mazeUtils.moveTile - [moveTile.py:90] - DEBUG - [2542.476285] moveTile loop end practicalMoveTime=0.962 (+9.9 ms)
2026-06-26 03:52:07,489 - mazeUtils.moveTile - [moveTile.py:90] - DEBUG - [2542.477095] moveTile loop start (+0.8 ms)
2026-06-26 03:52:07,497 - picamera2.picamera2 - [picamera2.py:1391] - DEBUG - Execute job: <picamera2.job.Job object at 0x7f6090c650>
2026-06-26 03:52:07,503 - mazeUtils.device.camera - [camera.py:39] - DEBUG - Average HSV: H=122.3, S=42.4, V=227.2
2026-06-26 03:52:07,510 - mazeUtils.moveTile - [moveTile.py:90] - DEBUG - [2542.498617] moveTile calculated motor speeds left=100 right=98 gyroSteer=12.840000000000146 wallSteer=-10.0 (+21.5 ms)
2026-06-26 03:52:07,530 - mazeUtils.moveTile - [moveTile.py:90] - DEBUG - [2542.518752] moveTile applied motor speed left=100 right=98 (+20.1 ms)
2026-06-26 03:52:07,531 - mazeUtils.moveTile - [moveTile.py:90] - DEBUG - [2542.519545] moveTile ramp check isBigRamp=False (+0.8 ms)
2026-06-26 03:52:07,535 - mazeUtils.moveTile - [moveTile.py:90] - DEBUG - [2542.523457] moveTile tile color check tempTileColor=E (+3.9 ms)
2026-06-26 03:52:07,536 - mazeUtils.moveTile - [moveTile.py:90] - DEBUG - [2542.524629] moveTile obstacle check escapeFlag=False (+1.2 ms)
2026-06-26 03:52:07,544 - mazeUtils.moveTile - [moveTile.py:1755] - INFO - practicalVerticalMove: -0.5210256990531283 CM
2026-06-26 03:52:07,566 - mazeUtils.moveTile - [moveTile.py:90] - DEBUG - [2542.554003] moveTile finished by time control (+29.4 ms)
2026-06-26 03:52:07,566 - mazeUtils.moveTile - [moveTile.py:90] - DEBUG - [2542.554753] moveTile start final forward adjustment (+30.1 ms)
2026-06-26 03:52:07,596 - mazeUtils.moveTile - [moveTile.py:90] - DEBUG - [2542.584439] moveTile finished final forward adjustment (+29.7 ms)
2026-06-26 03:52:07,597 - mazeUtils.moveTile - [moveTile.py:2117] - INFO - Set moved vertical distance: -0.5210256990531283 cm, past distances: [(0, False), (0, False), (0, False)]
2026-06-26 03:52:07,598 - mazeUtils.moveTile - [moveTile.py:90] - DEBUG - [2542.586782] moveTile updated moved vertical distance -0.521 (+2.3 ms)
2026-06-26 03:52:07,740 - mazeUtils.moveTile - [moveTile.py:563] - DEBUG - Direction: absDirection.NORTH, Angle: 90, Distance: 19.30644655519308 cm
2026-06-26 03:52:07,742 - mazeUtils.moveTile - [moveTile.py:563] - DEBUG - Direction: absDirection.EAST, Angle: 0, Distance: 133.34296374706346 cm
2026-06-26 03:52:07,743 - mazeUtils.moveTile - [moveTile.py:570] - INFO - angle: 0, result: judgeWallResult.NO_WALL
2026-06-26 03:52:07,746 - mazeUtils.moveTile - [moveTile.py:563] - DEBUG - Direction: absDirection.SOUTH, Angle: 270, Distance: 14.716556840027353 cm
2026-06-26 03:52:07,747 - mazeUtils.moveTile - [moveTile.py:563] - DEBUG - Direction: absDirection.WEST, Angle: 180, Distance: 52.117896367375884 cm
2026-06-26 03:52:07,748 - mazeUtils.moveTile - [moveTile.py:90] - DEBUG - [2542.736564] moveTile updated map and detected walls (+149.8 ms)
2026-06-26 03:52:07,751 - mazeUtils.moveTile - [moveTile.py:2272] - INFO - Tile color detection, decided tile type: E
2026-06-26 03:52:07,753 - mazeUtils.moveTile - [moveTile.py:90] - DEBUG - [2542.741026] moveTile finished (+154.2 ms)
2026-06-26 03:52:07,843 - __main__ - [main.py:106] - INFO - Current position: (21, 17, 0), front direction: absDirection.EAST
Layer 0 (altitude=0.0cm, offset=(0.0cm, 0.0cm)):
Known map area: x=20..21, y=15..20
+---+---+
| E   E |
+   +   +
| E   E |
+   +---+
| E   @  
+   +---+
| E   U  
+   +   +
| E   U  
+   +   +
| S | U  
+---+   +
mazeAsGraph[0][15][20] = {absDirection.NORTH: None, absDirection.EAST: (21, 15, 0, 30), absDirection.SOUTH: (20, 16, 0, 30), absDirection.WEST: None}
mazeAsGraph[0][15][21] = {absDirection.NORTH: None, absDirection.EAST: None, absDirection.SOUTH: (21, 16, 0, 30), absDirection.WEST: (20, 15, 0, 30)}
mazeAsGraph[0][16][20] = {absDirection.NORTH: (20, 15, 0, 30), absDirection.EAST: (21, 16, 0, 30), absDirection.SOUTH: (20, 17, 0, 30), absDirection.WEST: None}
mazeAsGraph[0][16][21] = {absDirection.NORTH: (21, 15, 0, 30), absDirection.EAST: None, absDirection.SOUTH: None, absDirection.WEST: (20, 16, 0, 30)}
mazeAsGraph[0][17][20] = {absDirection.NORTH: (20, 16, 0, 30), absDirection.EAST: (21, 17, 0, 30), absDirection.SOUTH: (20, 18, 0, 30), absDirection.WEST: None}
mazeAsGraph[0][17][21] = {absDirection.NORTH: None, absDirection.EAST: (22, 17, 0, 30), absDirection.SOUTH: None, absDirection.WEST: (20, 17, 0, 30)}
mazeAsGraph[0][18][20] = {absDirection.NORTH: (20, 17, 0, 30), absDirection.EAST: (21, 18, 0, 30), absDirection.SOUTH: (20, 19, 0, 30), absDirection.WEST: None}
mazeAsGraph[0][19][20] = {absDirection.NORTH: (20, 18, 0, 30), absDirection.EAST: (21, 19, 0, 30), absDirection.SOUTH: (20, 20, 0, 30), absDirection.WEST: None}
mazeAsGraph[0][20][20] = {absDirection.NORTH: (20, 19, 0, 30), absDirection.EAST: None, absDirection.SOUTH: None, absDirection.WEST: None}
2026-06-26 03:52:07,852 - mazeUtils.mazeMap - [mazeMap.py:61] - INFO - next goal: (22, 17, 0)
2026-06-26 03:52:07,855 - mazeUtils.mazeMap - [mazeMap.py:61] - INFO - next goal: (20, 20, 0)
2026-06-26 03:52:07,856 - mazeUtils.moveTile - [moveTile.py:88] - DEBUG - [2542.844682] moveTile start direction=absDirection.EAST position=(21, 17, 0) front=absDirection.EAST
2026-06-26 03:52:07,863 - mazeUtils.moveTile - [moveTile.py:90] - DEBUG - [2542.850834] moveTile after initial toggle check (+6.2 ms)
2026-06-26 03:52:07,865 - mazeUtils.moveTile - [moveTile.py:90] - DEBUG - [2542.853270] moveTile after tile checks isRedTile=False isUnknownTileAhead=True (+2.4 ms)
2026-06-26 03:52:07,866 - mazeUtils.moveTile - [moveTile.py:79] - DEBUG - Moving to absDirection.EAST from (21, 17, 0) facing absDirection.EAST
2026-06-26 03:52:07,866 - mazeUtils.moveTile - [moveTile.py:90] - DEBUG - [2542.854378] moveTile start heading change target=270 (+1.1 ms)
2026-06-26 03:52:07,890 - mazeUtils.moveTile - [moveTile.py:79] - DEBUG - current heading: 275.35 target: 270
2026-06-26 03:52:07,912 - mazeUtils.moveTile - [moveTile.py:435] - DEBUG - stopped turning at heading: 275.35, diff: 5.350000000000023
2026-06-26 03:52:08,170 - mazeUtils.moveTile - [moveTile.py:79] - DEBUG - Turned to heading: 271.98 deg
2026-06-26 03:52:08,171 - mazeUtils.moveTile - [moveTile.py:90] - DEBUG - [2543.159260] moveTile finished heading change (+304.9 ms)
2026-06-26 03:52:08,171 - mazeUtils.moveTile - [moveTile.py:90] - DEBUG - [2543.159777] moveTile updated front direction (+0.5 ms)
2026-06-26 03:52:08,193 - mazeUtils.moveTile - [moveTile.py:90] - DEBUG - [2543.181465] moveTile stopped motors before alignment (+21.7 ms)
2026-06-26 03:52:08,332 - mazeUtils.moveTile - [moveTile.py:563] - DEBUG - Direction: absDirection.NORTH, Angle: 90, Distance: 18.936854309908174 cm
2026-06-26 03:52:08,334 - mazeUtils.moveTile - [moveTile.py:563] - DEBUG - Direction: absDirection.EAST, Angle: 0, Distance: 131.3652257636197 cm
2026-06-26 03:52:08,337 - mazeUtils.moveTile - [moveTile.py:563] - DEBUG - Direction: absDirection.SOUTH, Angle: 270, Distance: 15.222849427835715 cm
2026-06-26 03:52:08,339 - mazeUtils.moveTile - [moveTile.py:563] - DEBUG - Direction: absDirection.WEST, Angle: 180, Distance: 51.92768433851831 cm
2026-06-26 03:52:08,361 - mazeUtils.moveTile - [moveTile.py:90] - DEBUG - [2543.349399] moveTile ready for forward move (+167.9 ms)
2026-06-26 03:52:08,401 - mazeUtils.moveTile - [moveTile.py:90] - DEBUG - [2543.389401] moveTile initialized movement targetSteps=1 (+40.0 ms)
2026-06-26 03:52:08,403 - mazeUtils.moveTile - [moveTile.py:90] - DEBUG - [2543.391190] moveTile loop start (+1.8 ms)
2026-06-26 03:52:08,409 - picamera2.picamera2 - [picamera2.py:1391] - DEBUG - Execute job: <picamera2.job.Job object at 0x7f99bdf690>
2026-06-26 03:52:08,416 - mazeUtils.device.camera - [camera.py:39] - DEBUG - Average HSV: H=124.9, S=39.7, V=222.6
2026-06-26 03:52:08,425 - mazeUtils.moveTile - [moveTile.py:90] - DEBUG - [2543.413027] moveTile calculated motor speeds left=95 right=100 gyroSteer=5.2000000000000455 wallSteer=-10.0 (+21.8 ms)
2026-06-26 03:52:08,445 - mazeUtils.moveTile - [moveTile.py:90] - DEBUG - [2543.433582] moveTile applied motor speed left=95 right=100 (+20.6 ms)
2026-06-26 03:52:08,446 - mazeUtils.moveTile - [moveTile.py:90] - DEBUG - [2543.434778] moveTile ramp check isBigRamp=False (+1.2 ms)
2026-06-26 03:52:08,453 - mazeUtils.moveTile - [moveTile.py:90] - DEBUG - [2543.440799] moveTile tile color check tempTileColor=E (+6.0 ms)
2026-06-26 03:52:08,453 - mazeUtils.moveTile - [moveTile.py:90] - DEBUG - [2543.441702] moveTile obstacle check escapeFlag=False (+0.9 ms)
2026-06-26 03:52:08,481 - mazeUtils.moveTile - [moveTile.py:916] - INFO - Moving backward before dropping rescue kit
2026-06-26 03:52:09,022 - mazeUtils.moveTile - [moveTile.py:925] - INFO - Detected victim info ahead: {<Side.LEFT: 0>: <UnitVStatus.G_VICTIM: 4>, <Side.RIGHT: 1>: <UnitVStatus.NOTHING: 0>}
2026-06-26 03:52:14,162 - mazeUtils.moveTile - [moveTile.py:79] - DEBUG - Turning to 275.03000000000003 deg, current heading: 275.03000000000003 deg, turnAngle: 0.0 deg
2026-06-26 03:52:14,183 - mazeUtils.moveTile - [moveTile.py:79] - DEBUG - Turned to heading: 275.03000000000003 deg
2026-06-26 03:52:14,729 - mazeUtils.moveTile - [moveTile.py:79] - DEBUG - roll: 358.15 deg, practicalMoveTime: 0.0 sec
2026-06-26 03:52:14,730 - mazeUtils.moveTile - [moveTile.py:1907] - DEBUG - moveTile loop time: 6326.9 ms
2026-06-26 03:52:14,731 - mazeUtils.moveTile - [moveTile.py:90] - DEBUG - [2549.719085] moveTile loop end practicalMoveTime=0.000 (+6277.4 ms)
2026-06-26 03:52:14,732 - mazeUtils.moveTile - [moveTile.py:90] - DEBUG - [2549.719834] moveTile loop start (+0.7 ms)
2026-06-26 03:52:14,744 - picamera2.picamera2 - [picamera2.py:1391] - DEBUG - Execute job: <picamera2.job.Job object at 0x7f82062b50>
2026-06-26 03:52:14,750 - mazeUtils.device.camera - [camera.py:39] - DEBUG - Average HSV: H=129.6, S=32.9, V=223.2
2026-06-26 03:52:14,756 - mazeUtils.moveTile - [moveTile.py:90] - DEBUG - [2549.744077] moveTile calculated motor speeds left=100 right=75 gyroSteer=24.480000000000018 wallSteer=0.0 (+24.2 ms)
2026-06-26 03:52:14,776 - mazeUtils.moveTile - [moveTile.py:90] - DEBUG - [2549.764132] moveTile applied motor speed left=100 right=75 (+20.1 ms)
2026-06-26 03:52:14,777 - mazeUtils.moveTile - [moveTile.py:90] - DEBUG - [2549.765068] moveTile ramp check isBigRamp=False (+0.9 ms)
2026-06-26 03:52:14,783 - mazeUtils.moveTile - [moveTile.py:90] - DEBUG - [2549.771388] moveTile tile color check tempTileColor=E (+6.3 ms)
2026-06-26 03:52:14,784 - mazeUtils.moveTile - [moveTile.py:90] - DEBUG - [2549.772756] moveTile obstacle check escapeFlag=False (+1.4 ms)
2026-06-26 03:52:14,792 - mazeUtils.moveTile - [moveTile.py:79] - DEBUG - roll: 357.84 deg, practicalMoveTime: 0.06232225775732354 sec
2026-06-26 03:52:14,793 - mazeUtils.moveTile - [moveTile.py:1907] - DEBUG - moveTile loop time: 61.5 ms
2026-06-26 03:52:14,794 - mazeUtils.moveTile - [moveTile.py:90] - DEBUG - [2549.782032] moveTile loop end practicalMoveTime=0.062 (+9.3 ms)
2026-06-26 03:52:14,795 - mazeUtils.moveTile - [moveTile.py:90] - DEBUG - [2549.783001] moveTile loop start (+1.0 ms)
2026-06-26 03:52:14,802 - picamera2.picamera2 - [picamera2.py:1391] - DEBUG - Execute job: <picamera2.job.Job object at 0x7f82062e90>
2026-06-26 03:52:14,810 - mazeUtils.device.camera - [camera.py:39] - DEBUG - Average HSV: H=129.2, S=32.6, V=224.6
2026-06-26 03:52:14,816 - mazeUtils.moveTile - [moveTile.py:90] - DEBUG - [2549.804145] moveTile calculated motor speeds left=100 right=74 gyroSteer=25.799999999999955 wallSteer=0.0 (+21.1 ms)
2026-06-26 03:52:14,842 - mazeUtils.moveTile - [moveTile.py:90] - DEBUG - [2549.830029] moveTile applied motor speed left=100 right=74 (+25.9 ms)
2026-06-26 03:52:14,843 - mazeUtils.moveTile - [moveTile.py:90] - DEBUG - [2549.830829] moveTile ramp check isBigRamp=False (+0.8 ms)
2026-06-26 03:52:14,847 - mazeUtils.moveTile - [moveTile.py:90] - DEBUG - [2549.835275] moveTile tile color check tempTileColor=E (+4.4 ms)
2026-06-26 03:52:14,848 - mazeUtils.moveTile - [moveTile.py:90] - DEBUG - [2549.835946] moveTile obstacle check escapeFlag=False (+0.7 ms)
2026-06-26 03:52:14,854 - mazeUtils.moveTile - [moveTile.py:79] - DEBUG - roll: 358.65 deg, practicalMoveTime: 0.12330384454062189 sec
2026-06-26 03:52:14,855 - mazeUtils.moveTile - [moveTile.py:1907] - DEBUG - moveTile loop time: 60.3 ms
2026-06-26 03:52:14,855 - mazeUtils.moveTile - [moveTile.py:90] - DEBUG - [2549.843790] moveTile loop end practicalMoveTime=0.123 (+7.8 ms)
2026-06-26 03:52:14,857 - mazeUtils.moveTile - [moveTile.py:90] - DEBUG - [2549.844961] moveTile loop start (+1.2 ms)
2026-06-26 03:52:14,863 - picamera2.picamera2 - [picamera2.py:1391] - DEBUG - Execute job: <picamera2.job.Job object at 0x7f82063550>
2026-06-26 03:52:14,869 - mazeUtils.device.camera - [camera.py:39] - DEBUG - Average HSV: H=130.7, S=30.4, V=224.7
2026-06-26 03:52:14,877 - mazeUtils.moveTile - [moveTile.py:90] - DEBUG - [2549.864927] moveTile calculated motor speeds left=100 right=79 gyroSteer=20.920000000000073 wallSteer=0.0 (+20.0 ms)
2026-06-26 03:52:14,904 - mazeUtils.moveTile - [moveTile.py:90] - DEBUG - [2549.892372] moveTile applied motor speed left=100 right=79 (+27.4 ms)
2026-06-26 03:52:14,905 - mazeUtils.moveTile - [moveTile.py:90] - DEBUG - [2549.893096] moveTile ramp check isBigRamp=False (+0.7 ms)
2026-06-26 03:52:14,910 - mazeUtils.moveTile - [moveTile.py:90] - DEBUG - [2549.898290] moveTile tile color check tempTileColor=E (+5.2 ms)
2026-06-26 03:52:14,911 - mazeUtils.moveTile - [moveTile.py:90] - DEBUG - [2549.899129] moveTile obstacle check escapeFlag=False (+0.8 ms)
2026-06-26 03:52:14,918 - mazeUtils.moveTile - [moveTile.py:79] - DEBUG - roll: 357.25 deg, practicalMoveTime: 0.18627394792585628 sec
2026-06-26 03:52:14,919 - mazeUtils.moveTile - [moveTile.py:1907] - DEBUG - moveTile loop time: 62.2 ms
2026-06-26 03:52:14,920 - mazeUtils.moveTile - [moveTile.py:90] - DEBUG - [2549.908695] moveTile loop end practicalMoveTime=0.186 (+9.6 ms)
2026-06-26 03:52:14,921 - mazeUtils.moveTile - [moveTile.py:90] - DEBUG - [2549.909225] moveTile loop start (+0.5 ms)
2026-06-26 03:52:14,926 - picamera2.picamera2 - [picamera2.py:1391] - DEBUG - Execute job: <picamera2.job.Job object at 0x7f82063c90>
2026-06-26 03:52:14,932 - mazeUtils.device.camera - [camera.py:39] - DEBUG - Average HSV: H=131.5, S=23.6, V=235.4
2026-06-26 03:52:14,939 - mazeUtils.moveTile - [moveTile.py:90] - DEBUG - [2549.927665] moveTile calculated motor speeds left=100 right=90 gyroSteer=18.680000000000064 wallSteer=-8.8 (+18.4 ms)
2026-06-26 03:52:14,960 - mazeUtils.moveTile - [moveTile.py:90] - DEBUG - [2549.948268] moveTile applied motor speed left=100 right=90 (+20.6 ms)
2026-06-26 03:52:14,961 - mazeUtils.moveTile - [moveTile.py:90] - DEBUG - [2549.949092] moveTile ramp check isBigRamp=False (+0.8 ms)
2026-06-26 03:52:14,965 - mazeUtils.moveTile - [moveTile.py:90] - DEBUG - [2549.953318] moveTile tile color check tempTileColor=E (+4.2 ms)
2026-06-26 03:52:14,966 - mazeUtils.moveTile - [moveTile.py:90] - DEBUG - [2549.954118] moveTile obstacle check escapeFlag=False (+0.8 ms)
2026-06-26 03:52:14,972 - mazeUtils.moveTile - [moveTile.py:79] - DEBUG - roll: 358.34 deg, practicalMoveTime: 0.239095921355702 sec
2026-06-26 03:52:14,973 - mazeUtils.moveTile - [moveTile.py:1907] - DEBUG - moveTile loop time: 51.9 ms
2026-06-26 03:52:14,973 - mazeUtils.moveTile - [moveTile.py:90] - DEBUG - [2549.961751] moveTile loop end practicalMoveTime=0.239 (+7.6 ms)
2026-06-26 03:52:14,974 - mazeUtils.moveTile - [moveTile.py:90] - DEBUG - [2549.962686] moveTile loop start (+0.9 ms)
2026-06-26 03:52:14,982 - picamera2.picamera2 - [picamera2.py:1391] - DEBUG - Execute job: <picamera2.job.Job object at 0x7f82063b90>
2026-06-26 03:52:14,987 - mazeUtils.device.camera - [camera.py:39] - DEBUG - Average HSV: H=131.5, S=23.5, V=233.4
2026-06-26 03:52:14,993 - mazeUtils.moveTile - [moveTile.py:90] - DEBUG - [2549.981068] moveTile calculated motor speeds left=100 right=95 gyroSteer=13.799999999999955 wallSteer=-9.2 (+18.4 ms)
2026-06-26 03:52:15,015 - mazeUtils.moveTile - [moveTile.py:90] - DEBUG - [2550.002873] moveTile applied motor speed left=100 right=95 (+21.8 ms)
2026-06-26 03:52:15,015 - mazeUtils.moveTile - [moveTile.py:90] - DEBUG - [2550.003613] moveTile ramp check isBigRamp=False (+0.7 ms)
2026-06-26 03:52:15,019 - mazeUtils.moveTile - [moveTile.py:90] - DEBUG - [2550.007334] moveTile tile color check tempTileColor=E (+3.7 ms)
2026-06-26 03:52:15,020 - mazeUtils.moveTile - [moveTile.py:90] - DEBUG - [2550.007886] moveTile obstacle check escapeFlag=False (+0.6 ms)
2026-06-26 03:52:15,025 - mazeUtils.moveTile - [moveTile.py:79] - DEBUG - roll: 357.22999999999996 deg, practicalMoveTime: 0.2906373353600625 sec
2026-06-26 03:52:15,026 - mazeUtils.moveTile - [moveTile.py:1907] - DEBUG - moveTile loop time: 51.1 ms
2026-06-26 03:52:15,026 - mazeUtils.moveTile - [moveTile.py:90] - DEBUG - [2550.014616] moveTile loop end practicalMoveTime=0.291 (+6.7 ms)
2026-06-26 03:52:15,027 - mazeUtils.moveTile - [moveTile.py:90] - DEBUG - [2550.015146] moveTile loop start (+0.5 ms)
2026-06-26 03:52:15,032 - picamera2.picamera2 - [picamera2.py:1391] - DEBUG - Execute job: <picamera2.job.Job object at 0x7f82063850>
2026-06-26 03:52:15,039 - mazeUtils.device.camera - [camera.py:39] - DEBUG - Average HSV: H=130.0, S=24.2, V=236.3
2026-06-26 03:52:15,051 - mazeUtils.moveTile - [moveTile.py:90] - DEBUG - [2550.039505] moveTile calculated motor speeds left=100 right=93 gyroSteer=15.160000000000082 wallSteer=-8.8 (+24.4 ms)
2026-06-26 03:52:15,071 - mazeUtils.moveTile - [moveTile.py:90] - DEBUG - [2550.059030] moveTile applied motor speed left=100 right=93 (+19.5 ms)
2026-06-26 03:52:15,071 - mazeUtils.moveTile - [moveTile.py:90] - DEBUG - [2550.059762] moveTile ramp check isBigRamp=False (+0.7 ms)
2026-06-26 03:52:15,076 - mazeUtils.moveTile - [moveTile.py:90] - DEBUG - [2550.064209] moveTile tile color check tempTileColor=E (+4.4 ms)
2026-06-26 03:52:15,077 - mazeUtils.moveTile - [moveTile.py:90] - DEBUG - [2550.065738] moveTile obstacle check escapeFlag=False (+1.5 ms)
2026-06-26 03:52:15,084 - mazeUtils.moveTile - [moveTile.py:79] - DEBUG - roll: 358.72999999999996 deg, practicalMoveTime: 0.3489628976335663 sec
2026-06-26 03:52:15,085 - mazeUtils.moveTile - [moveTile.py:1907] - DEBUG - moveTile loop time: 57.9 ms
2026-06-26 03:52:15,085 - mazeUtils.moveTile - [moveTile.py:90] - DEBUG - [2550.073735] moveTile loop end practicalMoveTime=0.349 (+8.0 ms)
2026-06-26 03:52:15,086 - mazeUtils.moveTile - [moveTile.py:90] - DEBUG - [2550.074154] moveTile loop start (+0.4 ms)
2026-06-26 03:52:15,096 - picamera2.picamera2 - [picamera2.py:1391] - DEBUG - Execute job: <picamera2.job.Job object at 0x7f82063850>
2026-06-26 03:52:15,102 - mazeUtils.device.camera - [camera.py:39] - DEBUG - Average HSV: H=134.4, S=22.1, V=230.6
2026-06-26 03:52:15,109 - mazeUtils.moveTile - [moveTile.py:90] - DEBUG - [2550.097301] moveTile calculated motor speeds left=100 right=93 gyroSteer=15.120000000000118 wallSteer=-8.8 (+23.1 ms)
2026-06-26 03:52:15,129 - mazeUtils.moveTile - [moveTile.py:90] - DEBUG - [2550.117556] moveTile applied motor speed left=100 right=93 (+20.3 ms)
2026-06-26 03:52:15,130 - mazeUtils.moveTile - [moveTile.py:90] - DEBUG - [2550.118385] moveTile ramp check isBigRamp=False (+0.8 ms)
2026-06-26 03:52:15,137 - mazeUtils.moveTile - [moveTile.py:90] - DEBUG - [2550.124843] moveTile tile color check tempTileColor=E (+6.5 ms)
2026-06-26 03:52:15,137 - mazeUtils.moveTile - [moveTile.py:90] - DEBUG - [2550.125710] moveTile obstacle check escapeFlag=False (+0.9 ms)
2026-06-26 03:52:15,145 - mazeUtils.moveTile - [moveTile.py:79] - DEBUG - roll: 357.46 deg, practicalMoveTime: 0.40893474532680724 sec
2026-06-26 03:52:15,146 - mazeUtils.moveTile - [moveTile.py:1907] - DEBUG - moveTile loop time: 60.1 ms
2026-06-26 03:52:15,147 - mazeUtils.moveTile - [moveTile.py:90] - DEBUG - [2550.135102] moveTile loop end practicalMoveTime=0.409 (+9.4 ms)
2026-06-26 03:52:15,147 - mazeUtils.moveTile - [moveTile.py:90] - DEBUG - [2550.135733] moveTile loop start (+0.6 ms)
2026-06-26 03:52:15,158 - picamera2.picamera2 - [picamera2.py:1391] - DEBUG - Execute job: <picamera2.job.Job object at 0x7f820611d0>
2026-06-26 03:52:15,164 - mazeUtils.device.camera - [camera.py:39] - DEBUG - Average HSV: H=131.1, S=23.9, V=232.4
2026-06-26 03:52:15,170 - mazeUtils.moveTile - [moveTile.py:90] - DEBUG - [2550.158175] moveTile calculated motor speeds left=100 right=88 gyroSteer=15.279999999999973 wallSteer=-3.6000000000000014 (+22.4 ms)
2026-06-26 03:52:15,196 - mazeUtils.moveTile - [moveTile.py:90] - DEBUG - [2550.184227] moveTile applied motor speed left=100 right=88 (+26.1 ms)
2026-06-26 03:52:15,197 - mazeUtils.moveTile - [moveTile.py:90] - DEBUG - [2550.184958] moveTile ramp check isBigRamp=False (+0.7 ms)
2026-06-26 03:52:15,200 - mazeUtils.moveTile - [moveTile.py:90] - DEBUG - [2550.188763] moveTile tile color check tempTileColor=E (+3.8 ms)
2026-06-26 03:52:15,202 - mazeUtils.moveTile - [moveTile.py:90] - DEBUG - [2550.190000] moveTile obstacle check escapeFlag=False (+1.2 ms)
2026-06-26 03:52:15,209 - mazeUtils.moveTile - [moveTile.py:79] - DEBUG - roll: 359.21999999999997 deg, practicalMoveTime: 0.47117198080006684 sec
2026-06-26 03:52:15,209 - mazeUtils.moveTile - [moveTile.py:1907] - DEBUG - moveTile loop time: 61.9 ms
2026-06-26 03:52:15,210 - mazeUtils.moveTile - [moveTile.py:90] - DEBUG - [2550.198356] moveTile loop end practicalMoveTime=0.471 (+8.4 ms)
2026-06-26 03:52:15,211 - mazeUtils.moveTile - [moveTile.py:90] - DEBUG - [2550.199356] moveTile loop start (+1.0 ms)
2026-06-26 03:52:15,216 - picamera2.picamera2 - [picamera2.py:1391] - DEBUG - Execute job: <picamera2.job.Job object at 0x7f82063850>
2026-06-26 03:52:15,223 - mazeUtils.device.camera - [camera.py:39] - DEBUG - Average HSV: H=131.6, S=25.1, V=227.9
2026-06-26 03:52:15,236 - mazeUtils.moveTile - [moveTile.py:90] - DEBUG - [2550.224186] moveTile calculated motor speeds left=100 right=89 gyroSteer=14.480000000000018 wallSteer=-4.0 (+24.8 ms)
2026-06-26 03:52:15,263 - mazeUtils.moveTile - [moveTile.py:90] - DEBUG - [2550.251052] moveTile applied motor speed left=100 right=89 (+26.9 ms)
2026-06-26 03:52:15,263 - mazeUtils.moveTile - [moveTile.py:90] - DEBUG - [2550.251812] moveTile ramp check isBigRamp=False (+0.8 ms)
2026-06-26 03:52:15,267 - mazeUtils.moveTile - [moveTile.py:90] - DEBUG - [2550.255521] moveTile tile color check tempTileColor=E (+3.7 ms)
2026-06-26 03:52:15,268 - mazeUtils.moveTile - [moveTile.py:90] - DEBUG - [2550.256229] moveTile obstacle check escapeFlag=False (+0.7 ms)
2026-06-26 03:52:15,274 - mazeUtils.moveTile - [moveTile.py:79] - DEBUG - roll: 357.68 deg, practicalMoveTime: 0.5353916751150288 sec
2026-06-26 03:52:15,275 - mazeUtils.moveTile - [moveTile.py:1907] - DEBUG - moveTile loop time: 63.4 ms
2026-06-26 03:52:15,275 - mazeUtils.moveTile - [moveTile.py:90] - DEBUG - [2550.263409] moveTile loop end practicalMoveTime=0.535 (+7.2 ms)
2026-06-26 03:52:15,276 - mazeUtils.moveTile - [moveTile.py:90] - DEBUG - [2550.263901] moveTile loop start (+0.5 ms)
2026-06-26 03:52:15,282 - picamera2.picamera2 - [picamera2.py:1391] - DEBUG - Execute job: <picamera2.job.Job object at 0x7f820611d0>
2026-06-26 03:52:15,289 - mazeUtils.device.camera - [camera.py:39] - DEBUG - Average HSV: H=129.2, S=25.6, V=231.4
2026-06-26 03:52:15,299 - mazeUtils.moveTile - [moveTile.py:90] - DEBUG - [2550.287169] moveTile calculated motor speeds left=100 right=86 gyroSteer=17.360000000000127 wallSteer=-4.0 (+23.3 ms)
2026-06-26 03:52:15,321 - mazeUtils.moveTile - [moveTile.py:90] - DEBUG - [2550.309030] moveTile applied motor speed left=100 right=86 (+21.9 ms)
2026-06-26 03:52:15,321 - mazeUtils.moveTile - [moveTile.py:90] - DEBUG - [2550.309765] moveTile ramp check isBigRamp=False (+0.7 ms)
2026-06-26 03:52:15,327 - mazeUtils.moveTile - [moveTile.py:90] - DEBUG - [2550.315757] moveTile tile color check tempTileColor=E (+6.0 ms)
2026-06-26 03:52:15,329 - mazeUtils.moveTile - [moveTile.py:90] - DEBUG - [2550.317385] moveTile obstacle check escapeFlag=False (+1.6 ms)
2026-06-26 03:52:15,337 - mazeUtils.moveTile - [moveTile.py:79] - DEBUG - roll: 359.63 deg, practicalMoveTime: 0.5976336585537214 sec
2026-06-26 03:52:15,338 - mazeUtils.moveTile - [moveTile.py:1907] - DEBUG - moveTile loop time: 62.7 ms
2026-06-26 03:52:15,339 - mazeUtils.moveTile - [moveTile.py:90] - DEBUG - [2550.327252] moveTile loop end practicalMoveTime=0.598 (+9.9 ms)
2026-06-26 03:52:15,340 - mazeUtils.moveTile - [moveTile.py:90] - DEBUG - [2550.327844] moveTile loop start (+0.6 ms)
2026-06-26 03:52:15,350 - picamera2.picamera2 - [picamera2.py:1391] - DEBUG - Execute job: <picamera2.job.Job object at 0x7f633fcc90>
2026-06-26 03:52:15,360 - mazeUtils.device.camera - [camera.py:39] - DEBUG - Average HSV: H=132.5, S=25.0, V=226.4
2026-06-26 03:52:15,365 - mazeUtils.moveTile - [moveTile.py:90] - DEBUG - [2550.353150] moveTile calculated motor speeds left=100 right=90 gyroSteer=10.6400000000001 wallSteer=-1.6000000000000014 (+25.3 ms)
2026-06-26 03:52:15,385 - mazeUtils.moveTile - [moveTile.py:90] - DEBUG - [2550.372953] moveTile applied motor speed left=100 right=90 (+19.8 ms)
2026-06-26 03:52:15,385 - mazeUtils.moveTile - [moveTile.py:90] - DEBUG - [2550.373695] moveTile ramp check isBigRamp=False (+0.7 ms)
2026-06-26 03:52:15,389 - mazeUtils.moveTile - [moveTile.py:90] - DEBUG - [2550.377191] moveTile tile color check tempTileColor=E (+3.5 ms)
2026-06-26 03:52:15,390 - mazeUtils.moveTile - [moveTile.py:90] - DEBUG - [2550.378378] moveTile obstacle check escapeFlag=False (+1.2 ms)
2026-06-26 03:52:15,397 - mazeUtils.moveTile - [moveTile.py:79] - DEBUG - roll: 357.65999999999997 deg, practicalMoveTime: 0.6564765306128204 sec
2026-06-26 03:52:15,398 - mazeUtils.moveTile - [moveTile.py:1907] - DEBUG - moveTile loop time: 58.6 ms
2026-06-26 03:52:15,399 - mazeUtils.moveTile - [moveTile.py:90] - DEBUG - [2550.387559] moveTile loop end practicalMoveTime=0.656 (+9.2 ms)
2026-06-26 03:52:15,400 - mazeUtils.moveTile - [moveTile.py:90] - DEBUG - [2550.388617] moveTile loop start (+1.1 ms)
2026-06-26 03:52:15,408 - picamera2.picamera2 - [picamera2.py:1391] - DEBUG - Execute job: <picamera2.job.Job object at 0x7f633fcc90>
2026-06-26 03:52:15,415 - mazeUtils.device.camera - [camera.py:39] - DEBUG - Average HSV: H=130.5, S=25.4, V=229.5
2026-06-26 03:52:15,424 - mazeUtils.moveTile - [moveTile.py:90] - DEBUG - [2550.412486] moveTile calculated motor speeds left=100 right=91 gyroSteer=10.440000000000055 wallSteer=-1.6000000000000014 (+23.9 ms)
2026-06-26 03:52:15,445 - mazeUtils.moveTile - [moveTile.py:90] - DEBUG - [2550.433550] moveTile applied motor speed left=100 right=91 (+21.1 ms)
2026-06-26 03:52:15,446 - mazeUtils.moveTile - [moveTile.py:90] - DEBUG - [2550.434678] moveTile ramp check isBigRamp=False (+1.1 ms)
2026-06-26 03:52:15,450 - mazeUtils.moveTile - [moveTile.py:90] - DEBUG - [2550.438170] moveTile tile color check tempTileColor=E (+3.5 ms)
2026-06-26 03:52:15,451 - mazeUtils.moveTile - [moveTile.py:90] - DEBUG - [2550.438861] moveTile obstacle check escapeFlag=False (+0.7 ms)
2026-06-26 03:52:15,457 - mazeUtils.moveTile - [moveTile.py:79] - DEBUG - roll: 359.02 deg, practicalMoveTime: 0.7148700297627578 sec
2026-06-26 03:52:15,457 - mazeUtils.moveTile - [moveTile.py:1907] - DEBUG - moveTile loop time: 57.1 ms
2026-06-26 03:52:15,458 - mazeUtils.moveTile - [moveTile.py:90] - DEBUG - [2550.446222] moveTile loop end practicalMoveTime=0.715 (+7.4 ms)
2026-06-26 03:52:15,458 - mazeUtils.moveTile - [moveTile.py:90] - DEBUG - [2550.446634] moveTile loop start (+0.4 ms)
2026-06-26 03:52:15,467 - picamera2.picamera2 - [picamera2.py:1391] - DEBUG - Execute job: <picamera2.job.Job object at 0x7f82062b50>
2026-06-26 03:52:15,475 - mazeUtils.device.camera - [camera.py:39] - DEBUG - Average HSV: H=129.7, S=49.4, V=201.6
2026-06-26 03:52:15,480 - mazeUtils.moveTile - [moveTile.py:90] - DEBUG - [2550.468768] moveTile calculated motor speeds left=100 right=96 gyroSteer=7.6400000000001 wallSteer=-4.0 (+22.1 ms)
2026-06-26 03:52:15,501 - mazeUtils.moveTile - [moveTile.py:90] - DEBUG - [2550.489389] moveTile applied motor speed left=100 right=96 (+20.6 ms)
2026-06-26 03:52:15,502 - mazeUtils.moveTile - [moveTile.py:90] - DEBUG - [2550.490121] moveTile ramp check isBigRamp=False (+0.7 ms)
2026-06-26 03:52:15,505 - mazeUtils.moveTile - [moveTile.py:90] - DEBUG - [2550.493677] moveTile tile color check tempTileColor=E (+3.6 ms)
2026-06-26 03:52:15,506 - mazeUtils.moveTile - [moveTile.py:90] - DEBUG - [2550.494420] moveTile obstacle check escapeFlag=False (+0.7 ms)
2026-06-26 03:52:15,513 - mazeUtils.moveTile - [moveTile.py:79] - DEBUG - roll: 358.01 deg, practicalMoveTime: 0.7698330851970745 sec
2026-06-26 03:52:15,513 - mazeUtils.moveTile - [moveTile.py:1907] - DEBUG - moveTile loop time: 55.0 ms
2026-06-26 03:52:15,514 - mazeUtils.moveTile - [moveTile.py:90] - DEBUG - [2550.502258] moveTile loop end practicalMoveTime=0.770 (+7.8 ms)
2026-06-26 03:52:15,514 - mazeUtils.moveTile - [moveTile.py:90] - DEBUG - [2550.502698] moveTile loop start (+0.4 ms)
2026-06-26 03:52:15,523 - picamera2.picamera2 - [picamera2.py:1391] - DEBUG - Execute job: <picamera2.job.Job object at 0x7f82063a50>
2026-06-26 03:52:15,531 - mazeUtils.device.camera - [camera.py:39] - DEBUG - Average HSV: H=130.7, S=39.8, V=213.6
2026-06-26 03:52:15,544 - mazeUtils.moveTile - [moveTile.py:90] - DEBUG - [2550.532090] moveTile calculated motor speeds left=100 right=96 gyroSteer=8.120000000000118 wallSteer=-4.799999999999997 (+29.4 ms)
2026-06-26 03:52:15,563 - mazeUtils.moveTile - [moveTile.py:90] - DEBUG - [2550.551309] moveTile applied motor speed left=100 right=96 (+19.2 ms)
2026-06-26 03:52:15,564 - mazeUtils.moveTile - [moveTile.py:90] - DEBUG - [2550.552109] moveTile ramp check isBigRamp=False (+0.8 ms)
2026-06-26 03:52:15,568 - mazeUtils.moveTile - [moveTile.py:90] - DEBUG - [2550.555915] moveTile tile color check tempTileColor=E (+3.8 ms)
2026-06-26 03:52:15,568 - mazeUtils.moveTile - [moveTile.py:90] - DEBUG - [2550.556609] moveTile obstacle check escapeFlag=False (+0.7 ms)
2026-06-26 03:52:15,576 - mazeUtils.moveTile - [moveTile.py:79] - DEBUG - roll: 357.44 deg, practicalMoveTime: 0.8326008513832366 sec
2026-06-26 03:52:15,577 - mazeUtils.moveTile - [moveTile.py:1907] - DEBUG - moveTile loop time: 62.6 ms
2026-06-26 03:52:15,578 - mazeUtils.moveTile - [moveTile.py:90] - DEBUG - [2550.565913] moveTile loop end practicalMoveTime=0.833 (+9.3 ms)
2026-06-26 03:52:15,578 - mazeUtils.moveTile - [moveTile.py:90] - DEBUG - [2550.566393] moveTile loop start (+0.5 ms)
2026-06-26 03:52:15,584 - picamera2.picamera2 - [picamera2.py:1391] - DEBUG - Execute job: <picamera2.job.Job object at 0x7f82063b10>
2026-06-26 03:52:15,591 - mazeUtils.device.camera - [camera.py:39] - DEBUG - Average HSV: H=128.1, S=32.0, V=228.6
2026-06-26 03:52:15,596 - mazeUtils.moveTile - [moveTile.py:90] - DEBUG - [2550.583797] moveTile calculated motor speeds left=98 right=100 gyroSteer=3.3199999999999363 wallSteer=-5.200000000000003 (+17.4 ms)
2026-06-26 03:52:15,616 - mazeUtils.moveTile - [moveTile.py:90] - DEBUG - [2550.604272] moveTile applied motor speed left=98 right=100 (+20.5 ms)
2026-06-26 03:52:15,617 - mazeUtils.moveTile - [moveTile.py:90] - DEBUG - [2550.605392] moveTile ramp check isBigRamp=False (+1.1 ms)
2026-06-26 03:52:15,623 - mazeUtils.moveTile - [moveTile.py:90] - DEBUG - [2550.611092] moveTile tile color check tempTileColor=E (+5.7 ms)
2026-06-26 03:52:15,623 - mazeUtils.moveTile - [moveTile.py:90] - DEBUG - [2550.611797] moveTile obstacle check escapeFlag=False (+0.7 ms)
2026-06-26 03:52:15,630 - mazeUtils.moveTile - [moveTile.py:1755] - INFO - practicalVerticalMove: -1.051019883676985 CM
2026-06-26 03:52:15,653 - mazeUtils.moveTile - [moveTile.py:90] - DEBUG - [2550.641406] moveTile finished by time control (+29.6 ms)
2026-06-26 03:52:15,654 - mazeUtils.moveTile - [moveTile.py:90] - DEBUG - [2550.642116] moveTile start final forward adjustment (+30.3 ms)
2026-06-26 03:52:15,684 - mazeUtils.moveTile - [moveTile.py:90] - DEBUG - [2550.672329] moveTile finished final forward adjustment (+30.2 ms)
2026-06-26 03:52:15,685 - mazeUtils.moveTile - [moveTile.py:2117] - INFO - Set moved vertical distance: -1.051019883676985 cm, past distances: [(-0.5210256990531283, False), (0, False), (0, False)]
2026-06-26 03:52:15,686 - mazeUtils.moveTile - [moveTile.py:90] - DEBUG - [2550.674539] moveTile updated moved vertical distance -1.051 (+2.2 ms)
2026-06-26 03:52:15,833 - mazeUtils.moveTile - [moveTile.py:563] - DEBUG - Direction: absDirection.NORTH, Angle: 90, Distance: 19.63957720828263 cm
2026-06-26 03:52:15,835 - mazeUtils.moveTile - [moveTile.py:563] - DEBUG - Direction: absDirection.EAST, Angle: 0, Distance: 100.50862025796683 cm
2026-06-26 03:52:15,837 - mazeUtils.moveTile - [moveTile.py:570] - INFO - angle: 0, result: judgeWallResult.NO_WALL
2026-06-26 03:52:15,839 - mazeUtils.moveTile - [moveTile.py:563] - DEBUG - Direction: absDirection.SOUTH, Angle: 270, Distance: 47.18137836515276 cm
2026-06-26 03:52:15,840 - mazeUtils.moveTile - [moveTile.py:563] - DEBUG - Direction: absDirection.WEST, Angle: 180, Distance: 83.43831059305144 cm
2026-06-26 03:52:15,842 - mazeUtils.moveTile - [moveTile.py:90] - DEBUG - [2550.829943] moveTile updated map and detected walls (+155.4 ms)
2026-06-26 03:52:15,844 - mazeUtils.moveTile - [moveTile.py:2272] - INFO - Tile color detection, decided tile type: E
2026-06-26 03:52:15,846 - mazeUtils.moveTile - [moveTile.py:90] - DEBUG - [2550.833973] moveTile finished (+159.4 ms)
2026-06-26 03:52:15,933 - __main__ - [main.py:106] - INFO - Current position: (22, 17, 0), front direction: absDirection.EAST
Layer 0 (altitude=0.0cm, offset=(0.0cm, 0.0cm)):
Known map area: x=20..22, y=15..20
+---+---+   +
| E   E | U  
+   +   +   +
| E   E | U  
+   +---+---+
| E   E   @  
+   +---+   +
| E   U   U  
+   +   +   +
| E   U   U  
+   +   +   +
| S | U   U  
+---+   +   +
mazeAsGraph[0][15][20] = {absDirection.NORTH: None, absDirection.EAST: (21, 15, 0, 30), absDirection.SOUTH: (20, 16, 0, 30), absDirection.WEST: None}
mazeAsGraph[0][15][21] = {absDirection.NORTH: None, absDirection.EAST: None, absDirection.SOUTH: (21, 16, 0, 30), absDirection.WEST: (20, 15, 0, 30)}
mazeAsGraph[0][16][20] = {absDirection.NORTH: (20, 15, 0, 30), absDirection.EAST: (21, 16, 0, 30), absDirection.SOUTH: (20, 17, 0, 30), absDirection.WEST: None}
mazeAsGraph[0][16][21] = {absDirection.NORTH: (21, 15, 0, 30), absDirection.EAST: None, absDirection.SOUTH: None, absDirection.WEST: (20, 16, 0, 30)}
mazeAsGraph[0][17][20] = {absDirection.NORTH: (20, 16, 0, 30), absDirection.EAST: (21, 17, 0, 30), absDirection.SOUTH: (20, 18, 0, 30), absDirection.WEST: None}
mazeAsGraph[0][17][21] = {absDirection.NORTH: None, absDirection.EAST: (22, 17, 0, 30), absDirection.SOUTH: None, absDirection.WEST: (20, 17, 0, 30)}
mazeAsGraph[0][17][22] = {absDirection.NORTH: None, absDirection.EAST: (23, 17, 0, 30), absDirection.SOUTH: (22, 18, 0, 30), absDirection.WEST: (21, 17, 0, 30)}
mazeAsGraph[0][18][20] = {absDirection.NORTH: (20, 17, 0, 30), absDirection.EAST: (21, 18, 0, 30), absDirection.SOUTH: (20, 19, 0, 30), absDirection.WEST: None}
mazeAsGraph[0][19][20] = {absDirection.NORTH: (20, 18, 0, 30), absDirection.EAST: (21, 19, 0, 30), absDirection.SOUTH: (20, 20, 0, 30), absDirection.WEST: None}
mazeAsGraph[0][20][20] = {absDirection.NORTH: (20, 19, 0, 30), absDirection.EAST: None, absDirection.SOUTH: None, absDirection.WEST: None}
2026-06-26 03:52:15,942 - mazeUtils.mazeMap - [mazeMap.py:61] - INFO - next goal: (23, 17, 0)
2026-06-26 03:52:15,945 - mazeUtils.mazeMap - [mazeMap.py:61] - INFO - next goal: (20, 20, 0)
2026-06-26 03:52:15,947 - mazeUtils.moveTile - [moveTile.py:88] - DEBUG - [2550.934879] moveTile start direction=absDirection.EAST position=(22, 17, 0) front=absDirection.EAST
2026-06-26 03:52:15,951 - mazeUtils.moveTile - [moveTile.py:90] - DEBUG - [2550.939698] moveTile after initial toggle check (+4.8 ms)
2026-06-26 03:52:15,954 - mazeUtils.moveTile - [moveTile.py:90] - DEBUG - [2550.942028] moveTile after tile checks isRedTile=False isUnknownTileAhead=True (+2.3 ms)
2026-06-26 03:52:15,954 - mazeUtils.moveTile - [moveTile.py:79] - DEBUG - Moving to absDirection.EAST from (22, 17, 0) facing absDirection.EAST
2026-06-26 03:52:15,955 - mazeUtils.moveTile - [moveTile.py:90] - DEBUG - [2550.942990] moveTile start heading change target=270 (+1.0 ms)
2026-06-26 03:52:15,980 - mazeUtils.moveTile - [moveTile.py:79] - DEBUG - current heading: 271.58 target: 270
2026-06-26 03:52:16,002 - mazeUtils.moveTile - [moveTile.py:435] - DEBUG - stopped turning at heading: 271.58, diff: 1.579999999999984
2026-06-26 03:52:16,051 - mazeUtils.moveTile - [moveTile.py:79] - DEBUG - Turned to heading: 271.38 deg
2026-06-26 03:52:16,052 - mazeUtils.moveTile - [moveTile.py:90] - DEBUG - [2551.040315] moveTile finished heading change (+97.3 ms)
2026-06-26 03:52:16,053 - mazeUtils.moveTile - [moveTile.py:90] - DEBUG - [2551.040944] moveTile updated front direction (+0.6 ms)
2026-06-26 03:52:16,072 - mazeUtils.moveTile - [moveTile.py:90] - DEBUG - [2551.060459] moveTile stopped motors before alignment (+19.5 ms)
2026-06-26 03:52:16,232 - mazeUtils.moveTile - [moveTile.py:563] - DEBUG - Direction: absDirection.NORTH, Angle: 90, Distance: 19.60973823044947 cm
2026-06-26 03:52:16,234 - mazeUtils.moveTile - [moveTile.py:563] - DEBUG - Direction: absDirection.EAST, Angle: 0, Distance: 99.51344997508485 cm
2026-06-26 03:52:16,237 - mazeUtils.moveTile - [moveTile.py:563] - DEBUG - Direction: absDirection.SOUTH, Angle: 270, Distance: 46.99227392865947 cm
2026-06-26 03:52:16,238 - mazeUtils.moveTile - [moveTile.py:563] - DEBUG - Direction: absDirection.WEST, Angle: 180, Distance: 82.87643147394452 cm
2026-06-26 03:52:16,260 - mazeUtils.moveTile - [moveTile.py:90] - DEBUG - [2551.247877] moveTile ready for forward move (+187.4 ms)
2026-06-26 03:52:16,300 - mazeUtils.moveTile - [moveTile.py:90] - DEBUG - [2551.287922] moveTile initialized movement targetSteps=1 (+40.0 ms)
2026-06-26 03:52:16,301 - mazeUtils.moveTile - [moveTile.py:90] - DEBUG - [2551.289337] moveTile loop start (+1.4 ms)
2026-06-26 03:52:16,307 - picamera2.picamera2 - [picamera2.py:1391] - DEBUG - Execute job: <picamera2.job.Job object at 0x7f81fc09d0>
2026-06-26 03:52:16,313 - mazeUtils.device.camera - [camera.py:39] - DEBUG - Average HSV: H=127.5, S=31.0, V=229.7
2026-06-26 03:52:16,321 - mazeUtils.moveTile - [moveTile.py:90] - DEBUG - [2551.309055] moveTile calculated motor speeds left=98 right=100 gyroSteer=3.8400000000001455 wallSteer=-5.200000000000003 (+19.7 ms)
2026-06-26 03:52:16,341 - mazeUtils.moveTile - [moveTile.py:90] - DEBUG - [2551.329478] moveTile applied motor speed left=98 right=100 (+20.4 ms)
2026-06-26 03:52:16,342 - mazeUtils.moveTile - [moveTile.py:90] - DEBUG - [2551.330261] moveTile ramp check isBigRamp=False (+0.8 ms)
2026-06-26 03:52:16,346 - mazeUtils.moveTile - [moveTile.py:90] - DEBUG - [2551.333912] moveTile tile color check tempTileColor=E (+3.7 ms)
2026-06-26 03:52:16,346 - mazeUtils.moveTile - [moveTile.py:90] - DEBUG - [2551.334788] moveTile obstacle check escapeFlag=False (+0.9 ms)
2026-06-26 03:52:16,353 - mazeUtils.moveTile - [moveTile.py:79] - DEBUG - roll: 358.4 deg, practicalMoveTime: 0.05327518147407841 sec
2026-06-26 03:52:16,354 - mazeUtils.moveTile - [moveTile.py:1907] - DEBUG - moveTile loop time: 52.8 ms
2026-06-26 03:52:16,354 - mazeUtils.moveTile - [moveTile.py:90] - DEBUG - [2551.342649] moveTile loop end practicalMoveTime=0.053 (+7.9 ms)
2026-06-26 03:52:16,355 - mazeUtils.moveTile - [moveTile.py:90] - DEBUG - [2551.343571] moveTile loop start (+0.9 ms)
2026-06-26 03:52:16,362 - picamera2.picamera2 - [picamera2.py:1391] - DEBUG - Execute job: <picamera2.job.Job object at 0x7f82063250>
2026-06-26 03:52:16,370 - mazeUtils.device.camera - [camera.py:39] - DEBUG - Average HSV: H=128.3, S=30.2, V=229.5
2026-06-26 03:52:16,375 - mazeUtils.moveTile - [moveTile.py:90] - DEBUG - [2551.363492] moveTile calculated motor speeds left=96 right=100 gyroSteer=1.4800000000000182 wallSteer=-5.200000000000003 (+19.9 ms)
2026-06-26 03:52:16,395 - mazeUtils.moveTile - [moveTile.py:90] - DEBUG - [2551.383204] moveTile applied motor speed left=96 right=100 (+19.7 ms)
2026-06-26 03:52:16,396 - mazeUtils.moveTile - [moveTile.py:90] - DEBUG - [2551.383937] moveTile ramp check isBigRamp=False (+0.7 ms)
2026-06-26 03:52:16,399 - mazeUtils.moveTile - [moveTile.py:90] - DEBUG - [2551.387527] moveTile tile color check tempTileColor=E (+3.6 ms)
2026-06-26 03:52:16,400 - mazeUtils.moveTile - [moveTile.py:90] - DEBUG - [2551.388741] moveTile obstacle check escapeFlag=False (+1.2 ms)
2026-06-26 03:52:16,406 - mazeUtils.moveTile - [moveTile.py:79] - DEBUG - roll: 357.78 deg, practicalMoveTime: 0.10574171112744053 sec
2026-06-26 03:52:16,407 - mazeUtils.moveTile - [moveTile.py:1907] - DEBUG - moveTile loop time: 51.9 ms
2026-06-26 03:52:16,408 - mazeUtils.moveTile - [moveTile.py:90] - DEBUG - [2551.396083] moveTile loop end practicalMoveTime=0.106 (+7.3 ms)
2026-06-26 03:52:16,408 - mazeUtils.moveTile - [moveTile.py:90] - DEBUG - [2551.396590] moveTile loop start (+0.5 ms)
2026-06-26 03:52:16,415 - picamera2.picamera2 - [picamera2.py:1391] - DEBUG - Execute job: <picamera2.job.Job object at 0x7f81fc09d0>
2026-06-26 03:52:16,421 - mazeUtils.device.camera - [camera.py:39] - DEBUG - Average HSV: H=126.9, S=30.6, V=231.2
2026-06-26 03:52:16,428 - mazeUtils.moveTile - [moveTile.py:90] - DEBUG - [2551.416278] moveTile calculated motor speeds left=97 right=100 gyroSteer=0.36000000000012733 wallSteer=-3.1999999999999993 (+19.7 ms)
2026-06-26 03:52:16,456 - mazeUtils.moveTile - [moveTile.py:90] - DEBUG - [2551.444352] moveTile applied motor speed left=97 right=100 (+28.1 ms)
2026-06-26 03:52:16,457 - mazeUtils.moveTile - [moveTile.py:90] - DEBUG - [2551.445475] moveTile ramp check isBigRamp=False (+1.1 ms)
2026-06-26 03:52:16,461 - mazeUtils.moveTile - [moveTile.py:90] - DEBUG - [2551.449149] moveTile tile color check tempTileColor=E (+3.7 ms)
2026-06-26 03:52:16,462 - mazeUtils.moveTile - [moveTile.py:90] - DEBUG - [2551.450179] moveTile obstacle check escapeFlag=False (+1.0 ms)
2026-06-26 03:52:16,467 - mazeUtils.moveTile - [moveTile.py:79] - DEBUG - roll: 358.86 deg, practicalMoveTime: 0.1652970840531462 sec
2026-06-26 03:52:16,468 - mazeUtils.moveTile - [moveTile.py:1907] - DEBUG - moveTile loop time: 59.6 ms
2026-06-26 03:52:16,469 - mazeUtils.moveTile - [moveTile.py:90] - DEBUG - [2551.456883] moveTile loop end practicalMoveTime=0.165 (+6.7 ms)
2026-06-26 03:52:16,469 - mazeUtils.moveTile - [moveTile.py:90] - DEBUG - [2551.457452] moveTile loop start (+0.6 ms)
2026-06-26 03:52:16,477 - picamera2.picamera2 - [picamera2.py:1391] - DEBUG - Execute job: <picamera2.job.Job object at 0x7f82063090>
2026-06-26 03:52:16,483 - mazeUtils.device.camera - [camera.py:39] - DEBUG - Average HSV: H=125.6, S=33.0, V=230.3
2026-06-26 03:52:16,492 - mazeUtils.moveTile - [moveTile.py:90] - DEBUG - [2551.479809] moveTile calculated motor speeds left=96 right=100 gyroSteer=0.31999999999993634 wallSteer=-3.6000000000000014 (+22.4 ms)
2026-06-26 03:52:16,518 - mazeUtils.moveTile - [moveTile.py:90] - DEBUG - [2551.505891] moveTile applied motor speed left=96 right=100 (+26.1 ms)
2026-06-26 03:52:16,518 - mazeUtils.moveTile - [moveTile.py:90] - DEBUG - [2551.506704] moveTile ramp check isBigRamp=False (+0.8 ms)
2026-06-26 03:52:16,522 - mazeUtils.moveTile - [moveTile.py:90] - DEBUG - [2551.510261] moveTile tile color check tempTileColor=E (+3.6 ms)
2026-06-26 03:52:16,523 - mazeUtils.moveTile - [moveTile.py:90] - DEBUG - [2551.511323] moveTile obstacle check escapeFlag=False (+1.1 ms)
2026-06-26 03:52:16,529 - mazeUtils.moveTile - [moveTile.py:79] - DEBUG - roll: 0.6499999999999773 deg, practicalMoveTime: 0.2259636868295688 sec
2026-06-26 03:52:16,529 - mazeUtils.moveTile - [moveTile.py:1907] - DEBUG - moveTile loop time: 60.2 ms
2026-06-26 03:52:16,530 - mazeUtils.moveTile - [moveTile.py:90] - DEBUG - [2551.518275] moveTile loop end practicalMoveTime=0.226 (+7.0 ms)
2026-06-26 03:52:16,530 - mazeUtils.moveTile - [moveTile.py:90] - DEBUG - [2551.518755] moveTile loop start (+0.5 ms)
2026-06-26 03:52:16,537 - picamera2.picamera2 - [picamera2.py:1391] - DEBUG - Execute job: <picamera2.job.Job object at 0x7f82063090>
2026-06-26 03:52:16,545 - mazeUtils.device.camera - [camera.py:39] - DEBUG - Average HSV: H=129.8, S=33.5, V=222.8
2026-06-26 03:52:16,551 - mazeUtils.moveTile - [moveTile.py:90] - DEBUG - [2551.539089] moveTile calculated motor speeds left=100 right=98 gyroSteer=5.759999999999991 wallSteer=-4.0 (+20.3 ms)
2026-06-26 03:52:16,571 - mazeUtils.moveTile - [moveTile.py:90] - DEBUG - [2551.559459] moveTile applied motor speed left=100 right=98 (+20.4 ms)
2026-06-26 03:52:16,572 - mazeUtils.moveTile - [moveTile.py:90] - DEBUG - [2551.560259] moveTile ramp check isBigRamp=False (+0.8 ms)
2026-06-26 03:52:16,575 - mazeUtils.moveTile - [moveTile.py:90] - DEBUG - [2551.563764] moveTile tile color check tempTileColor=E (+3.5 ms)
2026-06-26 03:52:16,576 - mazeUtils.moveTile - [moveTile.py:90] - DEBUG - [2551.564515] moveTile obstacle check escapeFlag=False (+0.8 ms)
2026-06-26 03:52:16,581 - mazeUtils.moveTile - [moveTile.py:79] - DEBUG - roll: 0.0999999999999659 deg, practicalMoveTime: 0.2775373270726453 sec
2026-06-26 03:52:16,582 - mazeUtils.moveTile - [moveTile.py:1907] - DEBUG - moveTile loop time: 51.4 ms
2026-06-26 03:52:16,582 - mazeUtils.moveTile - [moveTile.py:90] - DEBUG - [2551.570668] moveTile loop end practicalMoveTime=0.278 (+6.2 ms)
2026-06-26 03:52:16,583 - mazeUtils.moveTile - [moveTile.py:90] - DEBUG - [2551.571040] moveTile loop start (+0.4 ms)
2026-06-26 03:52:16,589 - picamera2.picamera2 - [picamera2.py:1391] - DEBUG - Execute job: <picamera2.job.Job object at 0x7f820638d0>
2026-06-26 03:52:16,595 - mazeUtils.device.camera - [camera.py:39] - DEBUG - Average HSV: H=128.1, S=33.7, V=225.3
2026-06-26 03:52:16,602 - mazeUtils.moveTile - [moveTile.py:90] - DEBUG - [2551.590190] moveTile calculated motor speeds left=93 right=100 gyroSteer=-0.20000000000004547 wallSteer=-6.0 (+19.2 ms)
2026-06-26 03:52:16,622 - mazeUtils.moveTile - [moveTile.py:90] - DEBUG - [2551.610466] moveTile applied motor speed left=93 right=100 (+20.3 ms)
2026-06-26 03:52:16,623 - mazeUtils.moveTile - [moveTile.py:90] - DEBUG - [2551.611204] moveTile ramp check isBigRamp=False (+0.7 ms)
2026-06-26 03:52:16,627 - mazeUtils.moveTile - [moveTile.py:90] - DEBUG - [2551.615276] moveTile tile color check tempTileColor=E (+4.1 ms)
2026-06-26 03:52:16,628 - mazeUtils.moveTile - [moveTile.py:90] - DEBUG - [2551.616411] moveTile obstacle check escapeFlag=False (+1.1 ms)
2026-06-26 03:52:16,633 - mazeUtils.moveTile - [moveTile.py:79] - DEBUG - roll: 0.8999999999999773 deg, practicalMoveTime: 0.3283044980048241 sec
2026-06-26 03:52:16,634 - mazeUtils.moveTile - [moveTile.py:1907] - DEBUG - moveTile loop time: 51.2 ms
2026-06-26 03:52:16,635 - mazeUtils.moveTile - [moveTile.py:90] - DEBUG - [2551.623099] moveTile loop end practicalMoveTime=0.328 (+6.7 ms)
2026-06-26 03:52:16,635 - mazeUtils.moveTile - [moveTile.py:90] - DEBUG - [2551.623672] moveTile loop start (+0.6 ms)
2026-06-26 03:52:16,641 - picamera2.picamera2 - [picamera2.py:1391] - DEBUG - Execute job: <picamera2.job.Job object at 0x7f99ba7690>
2026-06-26 03:52:16,648 - mazeUtils.device.camera - [camera.py:39] - DEBUG - Average HSV: H=128.4, S=34.8, V=221.4
2026-06-26 03:52:16,660 - mazeUtils.moveTile - [moveTile.py:90] - DEBUG - [2551.648063] moveTile calculated motor speeds left=100 right=97 gyroSteer=7.6400000000001 wallSteer=-5.600000000000001 (+24.4 ms)
2026-06-26 03:52:16,682 - mazeUtils.moveTile - [moveTile.py:90] - DEBUG - [2551.670635] moveTile applied motor speed left=100 right=97 (+22.6 ms)
2026-06-26 03:52:16,683 - mazeUtils.moveTile - [moveTile.py:90] - DEBUG - [2551.671427] moveTile ramp check isBigRamp=False (+0.8 ms)
2026-06-26 03:52:16,687 - mazeUtils.moveTile - [moveTile.py:90] - DEBUG - [2551.675709] moveTile tile color check tempTileColor=E (+4.3 ms)
2026-06-26 03:52:16,688 - mazeUtils.moveTile - [moveTile.py:90] - DEBUG - [2551.676374] moveTile obstacle check escapeFlag=False (+0.7 ms)
2026-06-26 03:52:16,693 - mazeUtils.moveTile - [moveTile.py:79] - DEBUG - roll: 359.84999999999997 deg, practicalMoveTime: 0.3869677701445778 sec
2026-06-26 03:52:16,694 - mazeUtils.moveTile - [moveTile.py:1907] - DEBUG - moveTile loop time: 58.4 ms
2026-06-26 03:52:16,695 - mazeUtils.moveTile - [moveTile.py:90] - DEBUG - [2551.682857] moveTile loop end practicalMoveTime=0.387 (+6.5 ms)
2026-06-26 03:52:16,696 - mazeUtils.moveTile - [moveTile.py:90] - DEBUG - [2551.683939] moveTile loop start (+1.1 ms)
2026-06-26 03:52:16,703 - picamera2.picamera2 - [picamera2.py:1391] - DEBUG - Execute job: <picamera2.job.Job object at 0x7f82062bd0>
2026-06-26 03:52:16,710 - mazeUtils.device.camera - [camera.py:39] - DEBUG - Average HSV: H=126.5, S=38.7, V=222.3
2026-06-26 03:52:16,716 - mazeUtils.moveTile - [moveTile.py:90] - DEBUG - [2551.704489] moveTile calculated motor speeds left=100 right=96 gyroSteer=8.6400000000001 wallSteer=-5.200000000000003 (+20.5 ms)
2026-06-26 03:52:16,739 - mazeUtils.moveTile - [moveTile.py:90] - DEBUG - [2551.727272] moveTile applied motor speed left=100 right=96 (+22.8 ms)
2026-06-26 03:52:16,740 - mazeUtils.moveTile - [moveTile.py:90] - DEBUG - [2551.727983] moveTile ramp check isBigRamp=False (+0.7 ms)
2026-06-26 03:52:16,743 - mazeUtils.moveTile - [moveTile.py:90] - DEBUG - [2551.731652] moveTile tile color check tempTileColor=E (+3.7 ms)
2026-06-26 03:52:16,745 - mazeUtils.moveTile - [moveTile.py:90] - DEBUG - [2551.733000] moveTile obstacle check escapeFlag=False (+1.3 ms)
2026-06-26 03:52:16,755 - mazeUtils.moveTile - [moveTile.py:79] - DEBUG - roll: 1.4599999999999795 deg, practicalMoveTime: 0.4483070736390763 sec
2026-06-26 03:52:16,757 - mazeUtils.moveTile - [moveTile.py:1907] - DEBUG - moveTile loop time: 61.2 ms
2026-06-26 03:52:16,758 - mazeUtils.moveTile - [moveTile.py:90] - DEBUG - [2551.745845] moveTile loop end practicalMoveTime=0.448 (+12.8 ms)
2026-06-26 03:52:16,758 - mazeUtils.moveTile - [moveTile.py:90] - DEBUG - [2551.746492] moveTile loop start (+0.6 ms)
2026-06-26 03:52:16,765 - picamera2.picamera2 - [picamera2.py:1391] - DEBUG - Execute job: <picamera2.job.Job object at 0x7f81fc0ad0>
2026-06-26 03:52:16,771 - mazeUtils.device.camera - [camera.py:39] - DEBUG - Average HSV: H=127.7, S=40.6, V=213.4
2026-06-26 03:52:16,778 - mazeUtils.moveTile - [moveTile.py:90] - DEBUG - [2551.765794] moveTile calculated motor speeds left=100 right=96 gyroSteer=8.720000000000027 wallSteer=-5.200000000000003 (+19.3 ms)
2026-06-26 03:52:16,798 - mazeUtils.moveTile - [moveTile.py:90] - DEBUG - [2551.786698] moveTile applied motor speed left=100 right=96 (+20.9 ms)
2026-06-26 03:52:16,800 - mazeUtils.moveTile - [moveTile.py:90] - DEBUG - [2551.787894] moveTile ramp check isBigRamp=False (+1.2 ms)
2026-06-26 03:52:16,805 - mazeUtils.moveTile - [moveTile.py:90] - DEBUG - [2551.793587] moveTile tile color check tempTileColor=E (+5.7 ms)
2026-06-26 03:52:16,806 - mazeUtils.moveTile - [moveTile.py:90] - DEBUG - [2551.794750] moveTile obstacle check escapeFlag=False (+1.2 ms)
2026-06-26 03:52:16,819 - mazeUtils.moveTile - [moveTile.py:79] - DEBUG - roll: 0.5099999999999909 deg, practicalMoveTime: 0.5104341603699964 sec
2026-06-26 03:52:16,820 - mazeUtils.moveTile - [moveTile.py:1907] - DEBUG - moveTile loop time: 61.8 ms
2026-06-26 03:52:16,821 - mazeUtils.moveTile - [moveTile.py:90] - DEBUG - [2551.808929] moveTile loop end practicalMoveTime=0.510 (+14.2 ms)
2026-06-26 03:52:16,821 - mazeUtils.moveTile - [moveTile.py:90] - DEBUG - [2551.809401] moveTile loop start (+0.5 ms)
2026-06-26 03:52:16,826 - picamera2.picamera2 - [picamera2.py:1391] - DEBUG - Execute job: <picamera2.job.Job object at 0x7f81fc0ad0>
2026-06-26 03:52:16,833 - mazeUtils.device.camera - [camera.py:39] - DEBUG - Average HSV: H=125.9, S=44.0, V=213.2
2026-06-26 03:52:16,839 - mazeUtils.moveTile - [moveTile.py:90] - DEBUG - [2551.827019] moveTile calculated motor speeds left=100 right=94 gyroSteer=11.080000000000155 wallSteer=-6.0 (+17.6 ms)
2026-06-26 03:52:16,859 - mazeUtils.moveTile - [moveTile.py:90] - DEBUG - [2551.847567] moveTile applied motor speed left=100 right=94 (+20.5 ms)
2026-06-26 03:52:16,860 - mazeUtils.moveTile - [moveTile.py:90] - DEBUG - [2551.848371] moveTile ramp check isBigRamp=False (+0.8 ms)
2026-06-26 03:52:16,864 - mazeUtils.moveTile - [moveTile.py:90] - DEBUG - [2551.851882] moveTile tile color check tempTileColor=E (+3.5 ms)
2026-06-26 03:52:16,864 - mazeUtils.moveTile - [moveTile.py:90] - DEBUG - [2551.852475] moveTile obstacle check escapeFlag=False (+0.6 ms)
2026-06-26 03:52:16,872 - mazeUtils.moveTile - [moveTile.py:79] - DEBUG - roll: 359.32 deg, practicalMoveTime: 0.5619422068166914 sec
2026-06-26 03:52:16,873 - mazeUtils.moveTile - [moveTile.py:1907] - DEBUG - moveTile loop time: 51.3 ms
2026-06-26 03:52:16,873 - mazeUtils.moveTile - [moveTile.py:90] - DEBUG - [2551.861267] moveTile loop end practicalMoveTime=0.562 (+8.8 ms)
2026-06-26 03:52:16,873 - mazeUtils.moveTile - [moveTile.py:90] - DEBUG - [2551.861776] moveTile loop start (+0.5 ms)
2026-06-26 03:52:16,880 - picamera2.picamera2 - [picamera2.py:1391] - DEBUG - Execute job: <picamera2.job.Job object at 0x7f99ba7690>
2026-06-26 03:52:16,886 - mazeUtils.device.camera - [camera.py:39] - DEBUG - Average HSV: H=124.1, S=49.6, V=211.1
2026-06-26 03:52:16,899 - mazeUtils.moveTile - [moveTile.py:90] - DEBUG - [2551.887138] moveTile calculated motor speeds left=100 right=95 gyroSteer=11.319999999999936 wallSteer=-6.799999999999997 (+25.4 ms)
2026-06-26 03:52:16,920 - mazeUtils.moveTile - [moveTile.py:90] - DEBUG - [2551.908630] moveTile applied motor speed left=100 right=95 (+21.5 ms)
2026-06-26 03:52:16,921 - mazeUtils.moveTile - [moveTile.py:90] - DEBUG - [2551.909382] moveTile ramp check isBigRamp=False (+0.8 ms)
2026-06-26 03:52:16,926 - mazeUtils.moveTile - [moveTile.py:90] - DEBUG - [2551.913806] moveTile tile color check tempTileColor=E (+4.4 ms)
2026-06-26 03:52:16,926 - mazeUtils.moveTile - [moveTile.py:90] - DEBUG - [2551.914610] moveTile obstacle check escapeFlag=False (+0.8 ms)
2026-06-26 03:52:16,931 - mazeUtils.moveTile - [moveTile.py:79] - DEBUG - roll: 359.02 deg, practicalMoveTime: 0.6207701320934628 sec
2026-06-26 03:52:16,932 - mazeUtils.moveTile - [moveTile.py:1907] - DEBUG - moveTile loop time: 58.7 ms
2026-06-26 03:52:16,933 - mazeUtils.moveTile - [moveTile.py:90] - DEBUG - [2551.921612] moveTile loop end practicalMoveTime=0.621 (+7.0 ms)
2026-06-26 03:52:16,934 - mazeUtils.moveTile - [moveTile.py:90] - DEBUG - [2551.922264] moveTile loop start (+0.7 ms)
2026-06-26 03:52:16,940 - picamera2.picamera2 - [picamera2.py:1391] - DEBUG - Execute job: <picamera2.job.Job object at 0x7f81fc0ad0>
2026-06-26 03:52:16,948 - mazeUtils.device.camera - [camera.py:39] - DEBUG - Average HSV: H=121.9, S=52.1, V=211.5
2026-06-26 03:52:16,954 - mazeUtils.moveTile - [moveTile.py:90] - DEBUG - [2551.942132] moveTile calculated motor speeds left=100 right=93 gyroSteer=13.160000000000082 wallSteer=-6.799999999999997 (+19.9 ms)
2026-06-26 03:52:16,977 - mazeUtils.moveTile - [moveTile.py:90] - DEBUG - [2551.965233] moveTile applied motor speed left=100 right=93 (+23.1 ms)
2026-06-26 03:52:16,978 - mazeUtils.moveTile - [moveTile.py:90] - DEBUG - [2551.966084] moveTile ramp check isBigRamp=False (+0.9 ms)
2026-06-26 03:52:16,982 - mazeUtils.moveTile - [moveTile.py:90] - DEBUG - [2551.970283] moveTile tile color check tempTileColor=E (+4.2 ms)
2026-06-26 03:52:16,983 - mazeUtils.moveTile - [moveTile.py:90] - DEBUG - [2551.971011] moveTile obstacle check escapeFlag=False (+0.7 ms)
2026-06-26 03:52:16,989 - mazeUtils.moveTile - [moveTile.py:79] - DEBUG - roll: 359.53 deg, practicalMoveTime: 0.6770816182688915 sec
2026-06-26 03:52:16,989 - mazeUtils.moveTile - [moveTile.py:1907] - DEBUG - moveTile loop time: 55.4 ms
2026-06-26 03:52:16,990 - mazeUtils.moveTile - [moveTile.py:90] - DEBUG - [2551.978187] moveTile loop end practicalMoveTime=0.677 (+7.2 ms)
2026-06-26 03:52:16,990 - mazeUtils.moveTile - [moveTile.py:90] - DEBUG - [2551.978574] moveTile loop start (+0.4 ms)
2026-06-26 03:52:16,997 - picamera2.picamera2 - [picamera2.py:1391] - DEBUG - Execute job: <picamera2.job.Job object at 0x7f82062dd0>
2026-06-26 03:52:17,004 - mazeUtils.device.camera - [camera.py:39] - DEBUG - Average HSV: H=119.6, S=55.0, V=216.0
2026-06-26 03:52:17,010 - mazeUtils.moveTile - [moveTile.py:90] - DEBUG - [2551.998756] moveTile calculated motor speeds left=100 right=90 gyroSteer=14.6400000000001 wallSteer=-5.200000000000003 (+20.2 ms)
2026-06-26 03:52:17,030 - mazeUtils.moveTile - [moveTile.py:90] - DEBUG - [2552.018299] moveTile applied motor speed left=100 right=90 (+19.5 ms)
2026-06-26 03:52:17,031 - mazeUtils.moveTile - [moveTile.py:90] - DEBUG - [2552.019050] moveTile ramp check isBigRamp=False (+0.8 ms)
2026-06-26 03:52:17,034 - mazeUtils.moveTile - [moveTile.py:90] - DEBUG - [2552.022614] moveTile tile color check tempTileColor=E (+3.6 ms)
2026-06-26 03:52:17,035 - mazeUtils.moveTile - [moveTile.py:90] - DEBUG - [2552.023282] moveTile obstacle check escapeFlag=False (+0.7 ms)
2026-06-26 03:52:17,040 - mazeUtils.moveTile - [moveTile.py:969] - DEBUG - Detected victim info during movement: {<Side.LEFT: 0>: <UnitVStatus.R_VICTIM: 6>, <Side.RIGHT: 1>: <UnitVStatus.NOTHING: 0>}
2026-06-26 03:52:17,041 - mazeUtils.moveTile - [moveTile.py:79] - DEBUG - roll: 358.83 deg, practicalMoveTime: 0.7283470518679501 sec
2026-06-26 03:52:17,041 - mazeUtils.moveTile - [moveTile.py:1907] - DEBUG - moveTile loop time: 51.0 ms
2026-06-26 03:52:17,042 - mazeUtils.moveTile - [moveTile.py:90] - DEBUG - [2552.030104] moveTile loop end practicalMoveTime=0.728 (+6.8 ms)
2026-06-26 03:52:17,042 - mazeUtils.moveTile - [moveTile.py:90] - DEBUG - [2552.030489] moveTile loop start (+0.4 ms)
2026-06-26 03:52:17,051 - picamera2.picamera2 - [picamera2.py:1391] - DEBUG - Execute job: <picamera2.job.Job object at 0x7f81fc0ad0>
2026-06-26 03:52:17,059 - mazeUtils.device.camera - [camera.py:39] - DEBUG - Average HSV: H=159.8, S=181.3, V=162.8
2026-06-26 03:52:17,065 - mazeUtils.moveTile - [moveTile.py:90] - DEBUG - [2552.053734] moveTile calculated motor speeds left=100 right=91 gyroSteer=13.200000000000045 wallSteer=-4.799999999999997 (+23.2 ms)
2026-06-26 03:52:17,086 - mazeUtils.moveTile - [moveTile.py:90] - DEBUG - [2552.073781] moveTile applied motor speed left=100 right=91 (+20.0 ms)
2026-06-26 03:52:17,087 - mazeUtils.moveTile - [moveTile.py:90] - DEBUG - [2552.075187] moveTile ramp check isBigRamp=False (+1.4 ms)
2026-06-26 03:52:17,091 - mazeUtils.moveTile - [moveTile.py:90] - DEBUG - [2552.079500] moveTile tile color check tempTileColor=E (+4.3 ms)
2026-06-26 03:52:17,092 - mazeUtils.moveTile - [moveTile.py:90] - DEBUG - [2552.080350] moveTile obstacle check escapeFlag=False (+0.9 ms)
2026-06-26 03:52:17,101 - mazeUtils.moveTile - [moveTile.py:969] - DEBUG - Detected victim info during movement: {<Side.LEFT: 0>: <UnitVStatus.R_VICTIM: 6>, <Side.RIGHT: 1>: <UnitVStatus.NOTHING: 0>}
2026-06-26 03:52:17,102 - mazeUtils.moveTile - [moveTile.py:79] - DEBUG - roll: 359.76 deg, practicalMoveTime: 0.7892624987963509 sec
2026-06-26 03:52:17,103 - mazeUtils.moveTile - [moveTile.py:1907] - DEBUG - moveTile loop time: 60.7 ms
2026-06-26 03:52:17,103 - mazeUtils.moveTile - [moveTile.py:90] - DEBUG - [2552.091691] moveTile loop end practicalMoveTime=0.789 (+11.3 ms)
2026-06-26 03:52:17,104 - mazeUtils.moveTile - [moveTile.py:90] - DEBUG - [2552.092228] moveTile loop start (+0.5 ms)
2026-06-26 03:52:17,114 - picamera2.picamera2 - [picamera2.py:1391] - DEBUG - Execute job: <picamera2.job.Job object at 0x7f81fc09d0>
2026-06-26 03:52:17,121 - mazeUtils.device.camera - [camera.py:39] - DEBUG - Average HSV: H=171.6, S=238.0, V=149.4
2026-06-26 03:52:17,128 - mazeUtils.moveTile - [moveTile.py:90] - DEBUG - [2552.116481] moveTile calculated motor speeds left=100 right=86 gyroSteer=16.319999999999936 wallSteer=-3.1999999999999993 (+24.3 ms)
2026-06-26 03:52:17,152 - mazeUtils.moveTile - [moveTile.py:90] - DEBUG - [2552.140667] moveTile applied motor speed left=100 right=86 (+24.2 ms)
2026-06-26 03:52:17,153 - mazeUtils.moveTile - [moveTile.py:90] - DEBUG - [2552.141692] moveTile ramp check isBigRamp=False (+1.0 ms)
2026-06-26 03:52:17,159 - mazeUtils.moveTile - [moveTile.py:90] - DEBUG - [2552.147035] moveTile tile color check tempTileColor=E (+5.3 ms)
2026-06-26 03:52:17,160 - mazeUtils.moveTile - [moveTile.py:90] - DEBUG - [2552.147804] moveTile obstacle check escapeFlag=False (+0.8 ms)
2026-06-26 03:52:17,167 - mazeUtils.moveTile - [moveTile.py:969] - DEBUG - Detected victim info during movement: {<Side.LEFT: 0>: <UnitVStatus.R_VICTIM: 6>, <Side.RIGHT: 1>: <UnitVStatus.NOTHING: 0>}
2026-06-26 03:52:17,168 - mazeUtils.moveTile - [moveTile.py:79] - DEBUG - roll: 359.01 deg, practicalMoveTime: 0.8538772278173241 sec
2026-06-26 03:52:17,169 - mazeUtils.moveTile - [moveTile.py:1907] - DEBUG - moveTile loop time: 64.6 ms
2026-06-26 03:52:17,169 - mazeUtils.moveTile - [moveTile.py:90] - DEBUG - [2552.157483] moveTile loop end practicalMoveTime=0.854 (+9.7 ms)
2026-06-26 03:52:17,170 - mazeUtils.moveTile - [moveTile.py:90] - DEBUG - [2552.157990] moveTile loop start (+0.5 ms)
2026-06-26 03:52:17,175 - picamera2.picamera2 - [picamera2.py:1391] - DEBUG - Execute job: <picamera2.job.Job object at 0x7f82063c90>
2026-06-26 03:52:17,183 - mazeUtils.device.camera - [camera.py:39] - DEBUG - Average HSV: H=171.1, S=235.2, V=145.2
2026-06-26 03:52:17,192 - mazeUtils.moveTile - [moveTile.py:90] - DEBUG - [2552.180374] moveTile calculated motor speeds left=100 right=87 gyroSteer=14.840000000000146 wallSteer=-2.0 (+22.4 ms)
2026-06-26 03:52:17,219 - mazeUtils.moveTile - [moveTile.py:90] - DEBUG - [2552.207234] moveTile applied motor speed left=100 right=87 (+26.9 ms)
2026-06-26 03:52:17,220 - mazeUtils.moveTile - [moveTile.py:90] - DEBUG - [2552.208408] moveTile ramp check isBigRamp=False (+1.2 ms)
2026-06-26 03:52:17,225 - mazeUtils.moveTile - [moveTile.py:90] - DEBUG - [2552.212940] moveTile tile color check tempTileColor=E (+4.5 ms)
2026-06-26 03:52:17,226 - mazeUtils.moveTile - [moveTile.py:90] - DEBUG - [2552.213829] moveTile obstacle check escapeFlag=False (+0.9 ms)
2026-06-26 03:52:17,233 - mazeUtils.moveTile - [moveTile.py:1755] - INFO - practicalVerticalMove: -0.21969755527612536 CM
2026-06-26 03:52:17,253 - mazeUtils.moveTile - [moveTile.py:90] - DEBUG - [2552.241505] moveTile finished by time control (+27.7 ms)
2026-06-26 03:52:17,254 - mazeUtils.moveTile - [moveTile.py:90] - DEBUG - [2552.242324] moveTile start final forward adjustment (+28.5 ms)
2026-06-26 03:52:17,289 - mazeUtils.moveTile - [moveTile.py:90] - DEBUG - [2552.277371] moveTile finished final forward adjustment (+35.0 ms)
2026-06-26 03:52:17,290 - mazeUtils.moveTile - [moveTile.py:2117] - INFO - Set moved vertical distance: -0.21969755527612536 cm, past distances: [(-1.051019883676985, False), (-0.5210256990531283, False), (0, False)]
2026-06-26 03:52:17,291 - mazeUtils.moveTile - [moveTile.py:90] - DEBUG - [2552.279525] moveTile updated moved vertical distance -0.220 (+2.2 ms)
2026-06-26 03:52:17,448 - mazeUtils.moveTile - [moveTile.py:563] - DEBUG - Direction: absDirection.NORTH, Angle: 90, Distance: 19.592080200614998 cm
2026-06-26 03:52:17,450 - mazeUtils.moveTile - [moveTile.py:563] - DEBUG - Direction: absDirection.EAST, Angle: 0, Distance: 43.31982838437323 cm
2026-06-26 03:52:17,453 - mazeUtils.moveTile - [moveTile.py:570] - INFO - angle: 0, result: judgeWallResult.NO_WALL
2026-06-26 03:52:17,457 - mazeUtils.moveTile - [moveTile.py:563] - DEBUG - Direction: absDirection.SOUTH, Angle: 270, Distance: 45.65071278216737 cm
2026-06-26 03:52:17,458 - mazeUtils.moveTile - [moveTile.py:563] - DEBUG - Direction: absDirection.WEST, Angle: 180, Distance: 114.37001796735143 cm
2026-06-26 03:52:17,459 - mazeUtils.moveTile - [moveTile.py:90] - DEBUG - [2552.447629] moveTile updated map and detected walls (+168.1 ms)
2026-06-26 03:52:17,461 - mazeUtils.moveTile - [moveTile.py:2222] - INFO - Decided victim on Side.LEFT side: UnitVStatus.R_VICTIM
2026-06-26 03:52:17,462 - mazeUtils.moveTile - [moveTile.py:2225] - INFO - Moving backward before dropping rescue kit
2026-06-26 03:52:23,211 - mazeUtils.moveTile - [moveTile.py:79] - DEBUG - Turning to 270.78000000000003 deg, current heading: 270.78000000000003 deg, turnAngle: 0.0 deg
2026-06-26 03:52:23,236 - mazeUtils.moveTile - [moveTile.py:79] - DEBUG - Turned to heading: 270.78000000000003 deg
2026-06-26 03:52:24,055 - mazeUtils.moveTile - [moveTile.py:79] - DEBUG - Turning to 270.81 deg, current heading: 270.81 deg, turnAngle: 0.0 deg
2026-06-26 03:52:24,075 - mazeUtils.moveTile - [moveTile.py:79] - DEBUG - Turned to heading: 270.81 deg
2026-06-26 03:52:24,894 - mazeUtils.moveTile - [moveTile.py:79] - DEBUG - Turning to 270.78000000000003 deg, current heading: 270.84000000000003 deg, turnAngle: 0.060000000000002274 deg
2026-06-26 03:52:24,914 - mazeUtils.moveTile - [moveTile.py:79] - DEBUG - Turned to heading: 270.84000000000003 deg
2026-06-26 03:52:25,461 - mazeUtils.moveTile - [moveTile.py:2272] - INFO - Tile color detection, decided tile type: E
2026-06-26 03:52:25,462 - mazeUtils.moveTile - [moveTile.py:90] - DEBUG - [2560.450603] moveTile finished (+8171.1 ms)
2026-06-26 03:52:25,555 - __main__ - [main.py:106] - INFO - Current position: (23, 17, 0), front direction: absDirection.EAST
Layer 0 (altitude=0.0cm, offset=(0.0cm, 0.0cm)):
Known map area: x=20..23, y=15..20
+---+---+   +   +
| E   E | U   U  
+   +   +   +   +
| E   E | U   U  
+   +---+---+---+
| E   E   E   @  
+   +---+   +   +
| E   U   U   U  
+   +   +   +   +
| E   U   U   U  
+   +   +   +   +
| S | U   U   U  
+---+   +   +   +
mazeAsGraph[0][15][20] = {absDirection.NORTH: None, absDirection.EAST: (21, 15, 0, 30), absDirection.SOUTH: (20, 16, 0, 30), absDirection.WEST: None}
mazeAsGraph[0][15][21] = {absDirection.NORTH: None, absDirection.EAST: None, absDirection.SOUTH: (21, 16, 0, 30), absDirection.WEST: (20, 15, 0, 30)}
mazeAsGraph[0][16][20] = {absDirection.NORTH: (20, 15, 0, 30), absDirection.EAST: (21, 16, 0, 30), absDirection.SOUTH: (20, 17, 0, 30), absDirection.WEST: None}
mazeAsGraph[0][16][21] = {absDirection.NORTH: (21, 15, 0, 30), absDirection.EAST: None, absDirection.SOUTH: None, absDirection.WEST: (20, 16, 0, 30)}
mazeAsGraph[0][17][20] = {absDirection.NORTH: (20, 16, 0, 30), absDirection.EAST: (21, 17, 0, 30), absDirection.SOUTH: (20, 18, 0, 30), absDirection.WEST: None}
mazeAsGraph[0][17][21] = {absDirection.NORTH: None, absDirection.EAST: (22, 17, 0, 30), absDirection.SOUTH: None, absDirection.WEST: (20, 17, 0, 30)}
mazeAsGraph[0][17][22] = {absDirection.NORTH: None, absDirection.EAST: (23, 17, 0, 30), absDirection.SOUTH: (22, 18, 0, 30), absDirection.WEST: (21, 17, 0, 30)}
mazeAsGraph[0][17][23] = {absDirection.NORTH: None, absDirection.EAST: (24, 17, 0, 30), absDirection.SOUTH: (23, 18, 0, 30), absDirection.WEST: (22, 17, 0, 30)}
mazeAsGraph[0][18][20] = {absDirection.NORTH: (20, 17, 0, 30), absDirection.EAST: (21, 18, 0, 30), absDirection.SOUTH: (20, 19, 0, 30), absDirection.WEST: None}
mazeAsGraph[0][19][20] = {absDirection.NORTH: (20, 18, 0, 30), absDirection.EAST: (21, 19, 0, 30), absDirection.SOUTH: (20, 20, 0, 30), absDirection.WEST: None}
mazeAsGraph[0][20][20] = {absDirection.NORTH: (20, 19, 0, 30), absDirection.EAST: None, absDirection.SOUTH: None, absDirection.WEST: None}
2026-06-26 03:52:25,566 - mazeUtils.mazeMap - [mazeMap.py:61] - INFO - next goal: (24, 17, 0)
2026-06-26 03:52:25,570 - mazeUtils.mazeMap - [mazeMap.py:61] - INFO - next goal: (20, 20, 0)
2026-06-26 03:52:25,571 - mazeUtils.moveTile - [moveTile.py:88] - DEBUG - [2560.559414] moveTile start direction=absDirection.EAST position=(23, 17, 0) front=absDirection.EAST
2026-06-26 03:52:25,578 - mazeUtils.moveTile - [moveTile.py:90] - DEBUG - [2560.566393] moveTile after initial toggle check (+7.0 ms)
2026-06-26 03:52:25,581 - mazeUtils.moveTile - [moveTile.py:90] - DEBUG - [2560.569072] moveTile after tile checks isRedTile=False isUnknownTileAhead=True (+2.7 ms)
2026-06-26 03:52:25,582 - mazeUtils.moveTile - [moveTile.py:79] - DEBUG - Moving to absDirection.EAST from (23, 17, 0) facing absDirection.EAST
2026-06-26 03:52:25,582 - mazeUtils.moveTile - [moveTile.py:90] - DEBUG - [2560.570579] moveTile start heading change target=270 (+1.5 ms)
2026-06-26 03:52:25,608 - mazeUtils.moveTile - [moveTile.py:79] - DEBUG - current heading: 271.75 target: 270
2026-06-26 03:52:25,629 - mazeUtils.moveTile - [moveTile.py:435] - DEBUG - stopped turning at heading: 271.75, diff: 1.75
2026-06-26 03:52:25,677 - mazeUtils.moveTile - [moveTile.py:79] - DEBUG - Turned to heading: 271.34000000000003 deg
2026-06-26 03:52:25,679 - mazeUtils.moveTile - [moveTile.py:90] - DEBUG - [2560.667255] moveTile finished heading change (+96.7 ms)
2026-06-26 03:52:25,680 - mazeUtils.moveTile - [moveTile.py:90] - DEBUG - [2560.667895] moveTile updated front direction (+0.6 ms)
2026-06-26 03:52:25,700 - mazeUtils.moveTile - [moveTile.py:90] - DEBUG - [2560.688149] moveTile stopped motors before alignment (+20.3 ms)
2026-06-26 03:52:25,844 - mazeUtils.moveTile - [moveTile.py:563] - DEBUG - Direction: absDirection.NORTH, Angle: 90, Distance: 19.666787454525924 cm
2026-06-26 03:52:25,846 - mazeUtils.moveTile - [moveTile.py:563] - DEBUG - Direction: absDirection.EAST, Angle: 0, Distance: 42.00713684588901 cm
2026-06-26 03:52:25,850 - mazeUtils.moveTile - [moveTile.py:563] - DEBUG - Direction: absDirection.SOUTH, Angle: 270, Distance: 45.94830833246718 cm
2026-06-26 03:52:25,851 - mazeUtils.moveTile - [moveTile.py:563] - DEBUG - Direction: absDirection.WEST, Angle: 180, Distance: 113.66582113255807 cm
2026-06-26 03:52:25,873 - mazeUtils.moveTile - [moveTile.py:90] - DEBUG - [2560.860953] moveTile ready for forward move (+172.8 ms)
2026-06-26 03:52:25,908 - mazeUtils.moveTile - [moveTile.py:90] - DEBUG - [2560.896243] moveTile initialized movement targetSteps=1 (+35.3 ms)
2026-06-26 03:52:25,910 - mazeUtils.moveTile - [moveTile.py:90] - DEBUG - [2560.898246] moveTile loop start (+2.0 ms)
2026-06-26 03:52:25,915 - picamera2.picamera2 - [picamera2.py:1391] - DEBUG - Execute job: <picamera2.job.Job object at 0x7f81fc0550>
2026-06-26 03:52:25,923 - mazeUtils.device.camera - [camera.py:39] - DEBUG - Average HSV: H=170.4, S=232.2, V=156.2
2026-06-26 03:52:25,930 - mazeUtils.moveTile - [moveTile.py:90] - DEBUG - [2560.918103] moveTile calculated motor speeds left=96 right=100 gyroSteer=0.36000000000012733 wallSteer=-4.0 (+19.9 ms)
2026-06-26 03:52:25,951 - mazeUtils.moveTile - [moveTile.py:90] - DEBUG - [2560.939087] moveTile applied motor speed left=96 right=100 (+21.0 ms)
2026-06-26 03:52:25,952 - mazeUtils.moveTile - [moveTile.py:90] - DEBUG - [2560.940564] moveTile ramp check isBigRamp=False (+1.5 ms)
2026-06-26 03:52:25,956 - mazeUtils.moveTile - [moveTile.py:90] - DEBUG - [2560.944263] moveTile tile color check tempTileColor=E (+3.7 ms)
2026-06-26 03:52:25,957 - mazeUtils.moveTile - [moveTile.py:90] - DEBUG - [2560.944957] moveTile obstacle check escapeFlag=False (+0.7 ms)
2026-06-26 03:52:25,964 - mazeUtils.moveTile - [moveTile.py:79] - DEBUG - roll: 358.88 deg, practicalMoveTime: 0.055626227747935124 sec
2026-06-26 03:52:25,965 - mazeUtils.moveTile - [moveTile.py:1907] - DEBUG - moveTile loop time: 54.6 ms
2026-06-26 03:52:25,965 - mazeUtils.moveTile - [moveTile.py:90] - DEBUG - [2560.953356] moveTile loop end practicalMoveTime=0.056 (+8.4 ms)
2026-06-26 03:52:25,965 - mazeUtils.moveTile - [moveTile.py:90] - DEBUG - [2560.953750] moveTile loop start (+0.4 ms)
2026-06-26 03:52:25,972 - picamera2.picamera2 - [picamera2.py:1391] - DEBUG - Execute job: <picamera2.job.Job object at 0x7f81fc0550>
2026-06-26 03:52:25,978 - mazeUtils.device.camera - [camera.py:39] - DEBUG - Average HSV: H=170.4, S=231.8, V=156.0
2026-06-26 03:52:25,983 - mazeUtils.moveTile - [moveTile.py:90] - DEBUG - [2560.971726] moveTile calculated motor speeds left=93 right=100 gyroSteer=-0.5199999999999818 wallSteer=-6.399999999999999 (+18.0 ms)
2026-06-26 03:52:26,011 - mazeUtils.moveTile - [moveTile.py:90] - DEBUG - [2560.999242] moveTile applied motor speed left=93 right=100 (+27.5 ms)
2026-06-26 03:52:26,012 - mazeUtils.moveTile - [moveTile.py:90] - DEBUG - [2561.000074] moveTile ramp check isBigRamp=False (+0.8 ms)
2026-06-26 03:52:26,015 - mazeUtils.moveTile - [moveTile.py:90] - DEBUG - [2561.003622] moveTile tile color check tempTileColor=E (+3.5 ms)
2026-06-26 03:52:26,017 - mazeUtils.moveTile - [moveTile.py:90] - DEBUG - [2561.004873] moveTile obstacle check escapeFlag=False (+1.3 ms)
2026-06-26 03:52:26,023 - mazeUtils.moveTile - [moveTile.py:79] - DEBUG - roll: 357.28 deg, practicalMoveTime: 0.11373487656614875 sec
2026-06-26 03:52:26,024 - mazeUtils.moveTile - [moveTile.py:1907] - DEBUG - moveTile loop time: 58.1 ms
2026-06-26 03:52:26,024 - mazeUtils.moveTile - [moveTile.py:90] - DEBUG - [2561.012558] moveTile loop end practicalMoveTime=0.114 (+7.7 ms)
2026-06-26 03:52:26,025 - mazeUtils.moveTile - [moveTile.py:90] - DEBUG - [2561.013013] moveTile loop start (+0.5 ms)
2026-06-26 03:52:26,032 - picamera2.picamera2 - [picamera2.py:1391] - DEBUG - Execute job: <picamera2.job.Job object at 0x7f606f4dd0>
2026-06-26 03:52:26,038 - mazeUtils.device.camera - [camera.py:39] - DEBUG - Average HSV: H=170.5, S=233.1, V=154.6
2026-06-26 03:52:26,043 - mazeUtils.moveTile - [moveTile.py:90] - DEBUG - [2561.031394] moveTile calculated motor speeds left=92 right=100 gyroSteer=-3.2799999999999727 wallSteer=-4.399999999999999 (+18.4 ms)
2026-06-26 03:52:26,064 - mazeUtils.moveTile - [moveTile.py:90] - DEBUG - [2561.052199] moveTile applied motor speed left=92 right=100 (+20.8 ms)
2026-06-26 03:52:26,065 - mazeUtils.moveTile - [moveTile.py:90] - DEBUG - [2561.053047] moveTile ramp check isBigRamp=False (+0.8 ms)
2026-06-26 03:52:26,069 - mazeUtils.moveTile - [moveTile.py:90] - DEBUG - [2561.057770] moveTile tile color check tempTileColor=R (+4.7 ms)
2026-06-26 03:52:26,070 - mazeUtils.moveTile - [moveTile.py:90] - DEBUG - [2561.058410] moveTile obstacle check escapeFlag=False (+0.6 ms)
2026-06-26 03:52:26,075 - mazeUtils.moveTile - [moveTile.py:79] - DEBUG - roll: 357.45 deg, practicalMoveTime: 0.16506915330102265 sec
2026-06-26 03:52:26,076 - mazeUtils.moveTile - [moveTile.py:1907] - DEBUG - moveTile loop time: 51.6 ms
2026-06-26 03:52:26,077 - mazeUtils.moveTile - [moveTile.py:90] - DEBUG - [2561.065185] moveTile loop end practicalMoveTime=0.165 (+6.8 ms)
2026-06-26 03:52:26,077 - mazeUtils.moveTile - [moveTile.py:90] - DEBUG - [2561.065614] moveTile loop start (+0.4 ms)
2026-06-26 03:52:26,082 - picamera2.picamera2 - [picamera2.py:1391] - DEBUG - Execute job: <picamera2.job.Job object at 0x7f81fc0ad0>
2026-06-26 03:52:26,089 - mazeUtils.device.camera - [camera.py:39] - DEBUG - Average HSV: H=169.8, S=231.7, V=151.8
2026-06-26 03:52:26,097 - mazeUtils.moveTile - [moveTile.py:90] - DEBUG - [2561.085735] moveTile calculated motor speeds left=92 right=100 gyroSteer=-1.599999999999909 wallSteer=-6.399999999999999 (+20.1 ms)
2026-06-26 03:52:26,120 - mazeUtils.moveTile - [moveTile.py:90] - DEBUG - [2561.108548] moveTile applied motor speed left=92 right=100 (+22.8 ms)
2026-06-26 03:52:26,122 - mazeUtils.moveTile - [moveTile.py:90] - DEBUG - [2561.109916] moveTile ramp check isBigRamp=False (+1.4 ms)
2026-06-26 03:52:26,125 - mazeUtils.moveTile - [moveTile.py:90] - DEBUG - [2561.113677] moveTile tile color check tempTileColor=R (+3.8 ms)
2026-06-26 03:52:26,126 - mazeUtils.moveTile - [moveTile.py:90] - DEBUG - [2561.114325] moveTile obstacle check escapeFlag=False (+0.6 ms)
2026-06-26 03:52:26,133 - mazeUtils.moveTile - [moveTile.py:79] - DEBUG - roll: 358.66999999999996 deg, practicalMoveTime: 0.22145535935536778 sec
2026-06-26 03:52:26,134 - mazeUtils.moveTile - [moveTile.py:1907] - DEBUG - moveTile loop time: 56.3 ms
2026-06-26 03:52:26,134 - mazeUtils.moveTile - [moveTile.py:90] - DEBUG - [2561.122520] moveTile loop end practicalMoveTime=0.221 (+8.2 ms)
2026-06-26 03:52:26,135 - mazeUtils.moveTile - [moveTile.py:90] - DEBUG - [2561.122915] moveTile loop start (+0.4 ms)
2026-06-26 03:52:26,142 - picamera2.picamera2 - [picamera2.py:1391] - DEBUG - Execute job: <picamera2.job.Job object at 0x7f81fc0550>
2026-06-26 03:52:26,149 - mazeUtils.device.camera - [camera.py:39] - DEBUG - Average HSV: H=168.9, S=230.1, V=144.4
2026-06-26 03:52:26,161 - mazeUtils.moveTile - [moveTile.py:90] - DEBUG - [2561.149049] moveTile calculated motor speeds left=91 right=100 gyroSteer=-2.519999999999982 wallSteer=-5.600000000000001 (+26.1 ms)
2026-06-26 03:52:26,183 - mazeUtils.moveTile - [moveTile.py:90] - DEBUG - [2561.171168] moveTile applied motor speed left=91 right=100 (+22.1 ms)
2026-06-26 03:52:26,184 - mazeUtils.moveTile - [moveTile.py:90] - DEBUG - [2561.171917] moveTile ramp check isBigRamp=False (+0.7 ms)
2026-06-26 03:52:26,189 - mazeUtils.moveTile - [moveTile.py:90] - DEBUG - [2561.177031] moveTile tile color check tempTileColor=R (+5.1 ms)
2026-06-26 03:52:26,190 - mazeUtils.moveTile - [moveTile.py:90] - DEBUG - [2561.178275] moveTile obstacle check escapeFlag=False (+1.2 ms)
2026-06-26 03:52:26,198 - mazeUtils.moveTile - [moveTile.py:79] - DEBUG - roll: 359.87 deg, practicalMoveTime: 0.2860118680748862 sec
2026-06-26 03:52:26,199 - mazeUtils.moveTile - [moveTile.py:1907] - DEBUG - moveTile loop time: 64.5 ms
2026-06-26 03:52:26,200 - mazeUtils.moveTile - [moveTile.py:90] - DEBUG - [2561.188185] moveTile loop end practicalMoveTime=0.286 (+9.9 ms)
2026-06-26 03:52:26,201 - mazeUtils.moveTile - [moveTile.py:90] - DEBUG - [2561.189186] moveTile loop start (+1.0 ms)
2026-06-26 03:52:26,207 - picamera2.picamera2 - [picamera2.py:1391] - DEBUG - Execute job: <picamera2.job.Job object at 0x7f90809a90>
2026-06-26 03:52:26,214 - mazeUtils.device.camera - [camera.py:39] - DEBUG - Average HSV: H=167.4, S=217.9, V=144.5
2026-06-26 03:52:26,221 - mazeUtils.moveTile - [moveTile.py:90] - DEBUG - [2561.209226] moveTile calculated motor speeds left=90 right=100 gyroSteer=0.6800000000000637 wallSteer=-10.0 (+20.0 ms)
2026-06-26 03:52:26,240 - mazeUtils.moveTile - [moveTile.py:90] - DEBUG - [2561.228708] moveTile applied motor speed left=90 right=100 (+19.5 ms)
2026-06-26 03:52:26,241 - mazeUtils.moveTile - [moveTile.py:90] - DEBUG - [2561.229444] moveTile ramp check isBigRamp=False (+0.7 ms)
2026-06-26 03:52:26,246 - mazeUtils.moveTile - [moveTile.py:90] - DEBUG - [2561.234086] moveTile tile color check tempTileColor=R (+4.6 ms)
2026-06-26 03:52:26,246 - mazeUtils.moveTile - [moveTile.py:90] - DEBUG - [2561.234806] moveTile obstacle check escapeFlag=False (+0.7 ms)
2026-06-26 03:52:26,252 - mazeUtils.moveTile - [moveTile.py:79] - DEBUG - roll: 359.02 deg, practicalMoveTime: 0.3389432047539029 sec
2026-06-26 03:52:26,253 - mazeUtils.moveTile - [moveTile.py:1907] - DEBUG - moveTile loop time: 52.1 ms
2026-06-26 03:52:26,254 - mazeUtils.moveTile - [moveTile.py:90] - DEBUG - [2561.241868] moveTile loop end practicalMoveTime=0.339 (+7.1 ms)
2026-06-26 03:52:26,254 - mazeUtils.moveTile - [moveTile.py:90] - DEBUG - [2561.242318] moveTile loop start (+0.5 ms)
2026-06-26 03:52:26,264 - picamera2.picamera2 - [picamera2.py:1391] - DEBUG - Execute job: <picamera2.job.Job object at 0x7f81fc0550>
2026-06-26 03:52:26,270 - mazeUtils.device.camera - [camera.py:39] - DEBUG - Average HSV: H=166.2, S=223.8, V=140.5
2026-06-26 03:52:26,278 - mazeUtils.moveTile - [moveTile.py:90] - DEBUG - [2561.266049] moveTile calculated motor speeds left=100 right=99 gyroSteer=5.559999999999945 wallSteer=-4.800000000000001 (+23.7 ms)
2026-06-26 03:52:26,299 - mazeUtils.moveTile - [moveTile.py:90] - DEBUG - [2561.286830] moveTile applied motor speed left=100 right=99 (+20.8 ms)
2026-06-26 03:52:26,300 - mazeUtils.moveTile - [moveTile.py:90] - DEBUG - [2561.288174] moveTile ramp check isBigRamp=False (+1.3 ms)
2026-06-26 03:52:26,304 - mazeUtils.moveTile - [moveTile.py:90] - DEBUG - [2561.291825] moveTile tile color check tempTileColor=R (+3.7 ms)
2026-06-26 03:52:26,304 - mazeUtils.moveTile - [moveTile.py:90] - DEBUG - [2561.292455] moveTile obstacle check escapeFlag=False (+0.6 ms)
2026-06-26 03:52:26,312 - mazeUtils.moveTile - [moveTile.py:79] - DEBUG - roll: 358.88 deg, practicalMoveTime: 0.3977513290610603 sec
2026-06-26 03:52:26,313 - mazeUtils.moveTile - [moveTile.py:1907] - DEBUG - moveTile loop time: 58.7 ms
2026-06-26 03:52:26,313 - mazeUtils.moveTile - [moveTile.py:90] - DEBUG - [2561.301633] moveTile loop end practicalMoveTime=0.398 (+9.2 ms)
2026-06-26 03:52:26,314 - mazeUtils.moveTile - [moveTile.py:90] - DEBUG - [2561.302070] moveTile loop start (+0.4 ms)
2026-06-26 03:52:26,320 - picamera2.picamera2 - [picamera2.py:1391] - DEBUG - Execute job: <picamera2.job.Job object at 0x7f60ce0110>
2026-06-26 03:52:26,327 - mazeUtils.device.camera - [camera.py:39] - DEBUG - Average HSV: H=164.0, S=210.2, V=139.9
2026-06-26 03:52:26,334 - mazeUtils.moveTile - [moveTile.py:90] - DEBUG - [2561.322442] moveTile calculated motor speeds left=100 right=94 gyroSteer=9.799999999999955 wallSteer=-4.0 (+20.4 ms)
2026-06-26 03:52:26,358 - mazeUtils.moveTile - [moveTile.py:90] - DEBUG - [2561.346302] moveTile applied motor speed left=100 right=94 (+23.9 ms)
2026-06-26 03:52:26,359 - mazeUtils.moveTile - [moveTile.py:90] - DEBUG - [2561.347446] moveTile ramp check isBigRamp=False (+1.1 ms)
2026-06-26 03:52:26,363 - mazeUtils.moveTile - [moveTile.py:90] - DEBUG - [2561.351244] moveTile tile color check tempTileColor=R (+3.8 ms)
2026-06-26 03:52:26,364 - mazeUtils.moveTile - [moveTile.py:90] - DEBUG - [2561.351868] moveTile obstacle check escapeFlag=False (+0.6 ms)
2026-06-26 03:52:26,375 - mazeUtils.moveTile - [moveTile.py:79] - DEBUG - roll: 358.07 deg, practicalMoveTime: 0.4599603020416631 sec
2026-06-26 03:52:26,376 - mazeUtils.moveTile - [moveTile.py:1907] - DEBUG - moveTile loop time: 62.1 ms
2026-06-26 03:52:26,377 - mazeUtils.moveTile - [moveTile.py:90] - DEBUG - [2561.364920] moveTile loop end practicalMoveTime=0.460 (+13.1 ms)
2026-06-26 03:52:26,377 - mazeUtils.moveTile - [moveTile.py:90] - DEBUG - [2561.365337] moveTile loop start (+0.4 ms)
2026-06-26 03:52:26,387 - picamera2.picamera2 - [picamera2.py:1391] - DEBUG - Execute job: <picamera2.job.Job object at 0x7f81fc0ad0>
2026-06-26 03:52:26,393 - mazeUtils.device.camera - [camera.py:39] - DEBUG - Average HSV: H=162.2, S=217.2, V=134.1
2026-06-26 03:52:26,401 - mazeUtils.moveTile - [moveTile.py:90] - DEBUG - [2561.388894] moveTile calculated motor speeds left=100 right=95 gyroSteer=9.0 wallSteer=-4.0 (+23.6 ms)
2026-06-26 03:52:26,423 - mazeUtils.moveTile - [moveTile.py:90] - DEBUG - [2561.411115] moveTile applied motor speed left=100 right=95 (+22.2 ms)
2026-06-26 03:52:26,424 - mazeUtils.moveTile - [moveTile.py:90] - DEBUG - [2561.411876] moveTile ramp check isBigRamp=False (+0.8 ms)
2026-06-26 03:52:26,428 - mazeUtils.moveTile - [moveTile.py:90] - DEBUG - [2561.415818] moveTile tile color check tempTileColor=R (+3.9 ms)
2026-06-26 03:52:26,428 - mazeUtils.moveTile - [moveTile.py:90] - DEBUG - [2561.416593] moveTile obstacle check escapeFlag=False (+0.8 ms)
2026-06-26 03:52:26,433 - mazeUtils.moveTile - [moveTile.py:79] - DEBUG - roll: 359.95 deg, practicalMoveTime: 0.5168384161118725 sec
2026-06-26 03:52:26,434 - mazeUtils.moveTile - [moveTile.py:1907] - DEBUG - moveTile loop time: 56.5 ms
2026-06-26 03:52:26,434 - mazeUtils.moveTile - [moveTile.py:90] - DEBUG - [2561.422349] moveTile loop end practicalMoveTime=0.517 (+5.8 ms)
2026-06-26 03:52:26,434 - mazeUtils.moveTile - [moveTile.py:90] - DEBUG - [2561.422736] moveTile loop start (+0.4 ms)
2026-06-26 03:52:26,445 - picamera2.picamera2 - [picamera2.py:1391] - DEBUG - Execute job: <picamera2.job.Job object at 0x7f90809a90>
2026-06-26 03:52:26,452 - mazeUtils.device.camera - [camera.py:39] - DEBUG - Average HSV: H=159.6, S=205.0, V=137.6
2026-06-26 03:52:26,458 - mazeUtils.moveTile - [moveTile.py:90] - DEBUG - [2561.445995] moveTile calculated motor speeds left=100 right=95 gyroSteer=8.720000000000027 wallSteer=-4.399999999999999 (+23.3 ms)
2026-06-26 03:52:26,478 - mazeUtils.moveTile - [moveTile.py:90] - DEBUG - [2561.466163] moveTile applied motor speed left=100 right=95 (+20.2 ms)
2026-06-26 03:52:26,479 - mazeUtils.moveTile - [moveTile.py:90] - DEBUG - [2561.466911] moveTile ramp check isBigRamp=False (+0.7 ms)
2026-06-26 03:52:26,482 - mazeUtils.moveTile - [moveTile.py:90] - DEBUG - [2561.470434] moveTile tile color check tempTileColor=R (+3.5 ms)
2026-06-26 03:52:26,483 - mazeUtils.moveTile - [moveTile.py:90] - DEBUG - [2561.471790] moveTile obstacle check escapeFlag=False (+1.4 ms)
2026-06-26 03:52:26,492 - mazeUtils.moveTile - [moveTile.py:79] - DEBUG - roll: 358.68 deg, practicalMoveTime: 0.5749564726628512 sec
2026-06-26 03:52:26,493 - mazeUtils.moveTile - [moveTile.py:1907] - DEBUG - moveTile loop time: 58.2 ms
2026-06-26 03:52:26,494 - mazeUtils.moveTile - [moveTile.py:90] - DEBUG - [2561.482039] moveTile loop end practicalMoveTime=0.575 (+10.2 ms)
2026-06-26 03:52:26,494 - mazeUtils.moveTile - [moveTile.py:90] - DEBUG - [2561.482552] moveTile loop start (+0.5 ms)
2026-06-26 03:52:26,499 - picamera2.picamera2 - [picamera2.py:1391] - DEBUG - Execute job: <picamera2.job.Job object at 0x7f81fc0550>
2026-06-26 03:52:26,505 - mazeUtils.device.camera - [camera.py:39] - DEBUG - Average HSV: H=158.7, S=213.5, V=136.8
2026-06-26 03:52:26,519 - mazeUtils.moveTile - [moveTile.py:90] - DEBUG - [2561.507412] moveTile calculated motor speeds left=100 right=95 gyroSteer=9.039999999999964 wallSteer=-4.800000000000001 (+24.9 ms)
2026-06-26 03:52:26,541 - mazeUtils.moveTile - [moveTile.py:90] - DEBUG - [2561.529323] moveTile applied motor speed left=100 right=95 (+21.9 ms)
2026-06-26 03:52:26,542 - mazeUtils.moveTile - [moveTile.py:90] - DEBUG - [2561.530106] moveTile ramp check isBigRamp=False (+0.8 ms)
2026-06-26 03:52:26,547 - mazeUtils.moveTile - [moveTile.py:90] - DEBUG - [2561.534792] moveTile tile color check tempTileColor=R (+4.7 ms)
2026-06-26 03:52:26,547 - mazeUtils.moveTile - [moveTile.py:90] - DEBUG - [2561.535587] moveTile obstacle check escapeFlag=False (+0.8 ms)
2026-06-26 03:52:26,552 - mazeUtils.moveTile - [moveTile.py:79] - DEBUG - roll: 358.71 deg, practicalMoveTime: 0.6342834241925889 sec
2026-06-26 03:52:26,553 - mazeUtils.moveTile - [moveTile.py:1907] - DEBUG - moveTile loop time: 58.6 ms
2026-06-26 03:52:26,554 - mazeUtils.moveTile - [moveTile.py:90] - DEBUG - [2561.542351] moveTile loop end practicalMoveTime=0.634 (+6.8 ms)
2026-06-26 03:52:26,555 - mazeUtils.moveTile - [moveTile.py:90] - DEBUG - [2561.543018] moveTile loop start (+0.7 ms)
2026-06-26 03:52:26,561 - picamera2.picamera2 - [picamera2.py:1391] - DEBUG - Execute job: <picamera2.job.Job object at 0x7f81fc0ad0>
2026-06-26 03:52:26,567 - mazeUtils.device.camera - [camera.py:39] - DEBUG - Average HSV: H=159.0, S=217.7, V=138.0
2026-06-26 03:52:26,574 - mazeUtils.moveTile - [moveTile.py:90] - DEBUG - [2561.561886] moveTile calculated motor speeds left=100 right=91 gyroSteer=13.6400000000001 wallSteer=-4.800000000000001 (+18.9 ms)
2026-06-26 03:52:26,594 - mazeUtils.moveTile - [moveTile.py:90] - DEBUG - [2561.582518] moveTile applied motor speed left=100 right=91 (+20.6 ms)
2026-06-26 03:52:26,595 - mazeUtils.moveTile - [moveTile.py:90] - DEBUG - [2561.583335] moveTile ramp check isBigRamp=False (+0.8 ms)
2026-06-26 03:52:26,599 - mazeUtils.moveTile - [moveTile.py:90] - DEBUG - [2561.586875] moveTile tile color check tempTileColor=R (+3.5 ms)
2026-06-26 03:52:26,599 - mazeUtils.moveTile - [moveTile.py:90] - DEBUG - [2561.587586] moveTile obstacle check escapeFlag=False (+0.7 ms)
2026-06-26 03:52:26,605 - mazeUtils.moveTile - [moveTile.py:79] - DEBUG - roll: 359.27 deg, practicalMoveTime: 0.6861511093586744 sec
2026-06-26 03:52:26,606 - mazeUtils.moveTile - [moveTile.py:1907] - DEBUG - moveTile loop time: 50.9 ms
2026-06-26 03:52:26,606 - mazeUtils.moveTile - [moveTile.py:90] - DEBUG - [2561.594518] moveTile loop end practicalMoveTime=0.686 (+6.9 ms)
2026-06-26 03:52:26,607 - mazeUtils.moveTile - [moveTile.py:90] - DEBUG - [2561.594975] moveTile loop start (+0.5 ms)
2026-06-26 03:52:26,616 - picamera2.picamera2 - [picamera2.py:1391] - DEBUG - Execute job: <picamera2.job.Job object at 0x7f99ba7690>
2026-06-26 03:52:26,622 - mazeUtils.device.camera - [camera.py:39] - DEBUG - Average HSV: H=151.3, S=210.4, V=134.4
2026-06-26 03:52:26,628 - mazeUtils.moveTile - [moveTile.py:90] - DEBUG - [2561.616470] moveTile calculated motor speeds left=100 right=94 gyroSteer=11.519999999999982 wallSteer=-6.399999999999999 (+21.5 ms)
2026-06-26 03:52:26,649 - mazeUtils.moveTile - [moveTile.py:90] - DEBUG - [2561.636944] moveTile applied motor speed left=100 right=94 (+20.5 ms)
2026-06-26 03:52:26,649 - mazeUtils.moveTile - [moveTile.py:90] - DEBUG - [2561.637689] moveTile ramp check isBigRamp=False (+0.7 ms)
2026-06-26 03:52:26,653 - mazeUtils.moveTile - [moveTile.py:90] - DEBUG - [2561.641267] moveTile tile color check tempTileColor=R (+3.6 ms)
2026-06-26 03:52:26,653 - mazeUtils.moveTile - [moveTile.py:90] - DEBUG - [2561.641812] moveTile obstacle check escapeFlag=False (+0.5 ms)
2026-06-26 03:52:26,658 - mazeUtils.moveTile - [moveTile.py:79] - DEBUG - roll: 358.11 deg, practicalMoveTime: 0.7385167853614666 sec
2026-06-26 03:52:26,660 - mazeUtils.moveTile - [moveTile.py:1907] - DEBUG - moveTile loop time: 52.8 ms
2026-06-26 03:52:26,660 - mazeUtils.moveTile - [moveTile.py:90] - DEBUG - [2561.648730] moveTile loop end practicalMoveTime=0.739 (+6.9 ms)
2026-06-26 03:52:26,661 - mazeUtils.moveTile - [moveTile.py:90] - DEBUG - [2561.649355] moveTile loop start (+0.6 ms)
2026-06-26 03:52:26,666 - picamera2.picamera2 - [picamera2.py:1391] - DEBUG - Execute job: <picamera2.job.Job object at 0x7f81fc0550>
2026-06-26 03:52:26,672 - mazeUtils.device.camera - [camera.py:39] - DEBUG - Average HSV: H=128.5, S=176.2, V=149.2
2026-06-26 03:52:26,681 - mazeUtils.moveTile - [moveTile.py:90] - DEBUG - [2561.668795] moveTile calculated motor speeds left=100 right=96 gyroSteer=7.440000000000055 wallSteer=-4.399999999999999 (+19.4 ms)
2026-06-26 03:52:26,708 - mazeUtils.moveTile - [moveTile.py:90] - DEBUG - [2561.695981] moveTile applied motor speed left=100 right=96 (+27.2 ms)
2026-06-26 03:52:26,708 - mazeUtils.moveTile - [moveTile.py:90] - DEBUG - [2561.696761] moveTile ramp check isBigRamp=False (+0.8 ms)
2026-06-26 03:52:26,712 - mazeUtils.moveTile - [moveTile.py:90] - DEBUG - [2561.700315] moveTile tile color check tempTileColor=R (+3.6 ms)
2026-06-26 03:52:26,713 - mazeUtils.moveTile - [moveTile.py:90] - DEBUG - [2561.701416] moveTile obstacle check escapeFlag=False (+1.1 ms)
2026-06-26 03:52:26,719 - mazeUtils.moveTile - [moveTile.py:79] - DEBUG - roll: 358.13 deg, practicalMoveTime: 0.7981071880144898 sec
2026-06-26 03:52:26,720 - mazeUtils.moveTile - [moveTile.py:1907] - DEBUG - moveTile loop time: 59.0 ms
2026-06-26 03:52:26,721 - mazeUtils.moveTile - [moveTile.py:90] - DEBUG - [2561.708997] moveTile loop end practicalMoveTime=0.798 (+7.6 ms)
2026-06-26 03:52:26,721 - mazeUtils.moveTile - [moveTile.py:90] - DEBUG - [2561.709412] moveTile loop start (+0.4 ms)
2026-06-26 03:52:26,727 - picamera2.picamera2 - [picamera2.py:1391] - DEBUG - Execute job: <picamera2.job.Job object at 0x7f90809a90>
2026-06-26 03:52:26,733 - mazeUtils.device.camera - [camera.py:39] - DEBUG - Average HSV: H=118.3, S=168.8, V=181.1
2026-06-26 03:52:26,738 - mazeUtils.moveTile - [moveTile.py:90] - DEBUG - [2561.726374] moveTile calculated motor speeds left=95 right=100 gyroSteer=2.160000000000082 wallSteer=-6.399999999999999 (+17.0 ms)
2026-06-26 03:52:26,758 - mazeUtils.moveTile - [moveTile.py:90] - DEBUG - [2561.746566] moveTile applied motor speed left=95 right=100 (+20.2 ms)
2026-06-26 03:52:26,759 - mazeUtils.moveTile - [moveTile.py:90] - DEBUG - [2561.747324] moveTile ramp check isBigRamp=False (+0.8 ms)
2026-06-26 03:52:26,762 - mazeUtils.moveTile - [moveTile.py:90] - DEBUG - [2561.750774] moveTile tile color check tempTileColor=R (+3.5 ms)
2026-06-26 03:52:26,763 - mazeUtils.moveTile - [moveTile.py:90] - DEBUG - [2561.751504] moveTile obstacle check escapeFlag=False (+0.7 ms)
2026-06-26 03:52:26,790 - mazeUtils.moveTile - [moveTile.py:90] - DEBUG - [2561.778271] moveTile finished by front distance control (+26.8 ms)
2026-06-26 03:52:26,791 - mazeUtils.moveTile - [moveTile.py:90] - DEBUG - [2561.779228] moveTile start final forward adjustment (+27.7 ms)
2026-06-26 03:52:26,820 - mazeUtils.moveTile - [moveTile.py:79] - DEBUG - Little forward to adjust position
2026-06-26 03:52:26,854 - mazeUtils.moveTile - [moveTile.py:90] - DEBUG - [2561.841942] moveTile finished final forward adjustment (+62.7 ms)
2026-06-26 03:52:26,855 - mazeUtils.moveTile - [moveTile.py:2117] - INFO - Set moved vertical distance: -0.6694072796119444 cm, past distances: [(-0.21969755527612536, False), (-1.051019883676985, False), (-0.5210256990531283, False)]
2026-06-26 03:52:26,856 - mazeUtils.moveTile - [moveTile.py:90] - DEBUG - [2561.843930] moveTile updated moved vertical distance -0.669 (+2.0 ms)
2026-06-26 03:52:26,996 - mazeUtils.moveTile - [moveTile.py:563] - DEBUG - Direction: absDirection.NORTH, Angle: 90, Distance: 82.69295062915994 cm
2026-06-26 03:52:26,998 - mazeUtils.moveTile - [moveTile.py:563] - DEBUG - Direction: absDirection.EAST, Angle: 0, Distance: 11.33754922781832 cm
2026-06-26 03:52:27,003 - mazeUtils.moveTile - [moveTile.py:570] - INFO - angle: 0, result: judgeWallResult.WALL
2026-06-26 03:52:27,005 - mazeUtils.moveTile - [moveTile.py:573] - DEBUG - Front LiDAR distance: 11.33754922781832 cm, TSD10 distance: 1.9 cm
2026-06-26 03:52:27,006 - mazeUtils.moveTile - [moveTile.py:563] - DEBUG - Direction: absDirection.SOUTH, Angle: 270, Distance: 14.476673781442287 cm
2026-06-26 03:52:27,008 - mazeUtils.moveTile - [moveTile.py:563] - DEBUG - Direction: absDirection.WEST, Angle: 180, Distance: 142.58420408587065 cm
2026-06-26 03:52:27,009 - mazeUtils.moveTile - [moveTile.py:90] - DEBUG - [2561.997537] moveTile updated map and detected walls (+153.6 ms)
2026-06-26 03:52:27,012 - mazeUtils.moveTile - [moveTile.py:2272] - INFO - Tile color detection, decided tile type: R
2026-06-26 03:52:27,013 - mazeUtils.moveTile - [moveTile.py:2280] - INFO - Moved to (24, 17, 0), Tile type: R, Wall types: {<absDirection.NORTH: 0>: <wallType.NO_WALL: 1>, <absDirection.EAST: 270>: <wallType.WALL: 2>, <absDirection.SOUTH: 180>: <wallType.WALL: 2>, <absDirection.WEST: 90>: <wallType.NO_WALL: 1>}
2026-06-26 03:52:27,014 - mazeUtils.moveTile - [moveTile.py:90] - DEBUG - [2562.002397] moveTile finished (+158.5 ms)
2026-06-26 03:52:27,105 - __main__ - [main.py:106] - INFO - Current position: (24, 17, 0), front direction: absDirection.EAST
Layer 0 (altitude=0.0cm, offset=(0.0cm, 0.0cm)):
Known map area: x=20..24, y=15..20
+---+---+   +   +   +
| E   E | U   U   U  
+   +   +   +   +   +
| E   E | U   U   U  
+   +---+---+---+   +
| E   E   E   E   @ |
+   +---+   +   +---+
| E   U   U   U   U  
+   +   +   +   +   +
| E   U   U   U   U  
+   +   +   +   +   +
| S | U   U   U   U  
+---+   +   +   +   +
mazeAsGraph[0][15][20] = {absDirection.NORTH: None, absDirection.EAST: (21, 15, 0, 30), absDirection.SOUTH: (20, 16, 0, 30), absDirection.WEST: None}
mazeAsGraph[0][15][21] = {absDirection.NORTH: None, absDirection.EAST: None, absDirection.SOUTH: (21, 16, 0, 30), absDirection.WEST: (20, 15, 0, 30)}
mazeAsGraph[0][16][20] = {absDirection.NORTH: (20, 15, 0, 30), absDirection.EAST: (21, 16, 0, 30), absDirection.SOUTH: (20, 17, 0, 30), absDirection.WEST: None}
mazeAsGraph[0][16][21] = {absDirection.NORTH: (21, 15, 0, 30), absDirection.EAST: None, absDirection.SOUTH: None, absDirection.WEST: (20, 16, 0, 30)}
mazeAsGraph[0][17][20] = {absDirection.NORTH: (20, 16, 0, 30), absDirection.EAST: (21, 17, 0, 30), absDirection.SOUTH: (20, 18, 0, 30), absDirection.WEST: None}
mazeAsGraph[0][17][21] = {absDirection.NORTH: None, absDirection.EAST: (22, 17, 0, 30), absDirection.SOUTH: None, absDirection.WEST: (20, 17, 0, 30)}
mazeAsGraph[0][17][22] = {absDirection.NORTH: None, absDirection.EAST: (23, 17, 0, 30), absDirection.SOUTH: (22, 18, 0, 30), absDirection.WEST: (21, 17, 0, 30)}
mazeAsGraph[0][17][23] = {absDirection.NORTH: None, absDirection.EAST: (24, 17, 0, 30), absDirection.SOUTH: (23, 18, 0, 30), absDirection.WEST: (22, 17, 0, 30)}
mazeAsGraph[0][17][24] = {absDirection.NORTH: (24, 16, 0, 30), absDirection.EAST: None, absDirection.SOUTH: None, absDirection.WEST: (23, 17, 0, 30)}
mazeAsGraph[0][18][20] = {absDirection.NORTH: (20, 17, 0, 30), absDirection.EAST: (21, 18, 0, 30), absDirection.SOUTH: (20, 19, 0, 30), absDirection.WEST: None}
mazeAsGraph[0][19][20] = {absDirection.NORTH: (20, 18, 0, 30), absDirection.EAST: (21, 19, 0, 30), absDirection.SOUTH: (20, 20, 0, 30), absDirection.WEST: None}
mazeAsGraph[0][20][20] = {absDirection.NORTH: (20, 19, 0, 30), absDirection.EAST: None, absDirection.SOUTH: None, absDirection.WEST: None}
2026-06-26 03:52:27,114 - mazeUtils.mazeMap - [mazeMap.py:61] - INFO - next goal: (23, 18, 0)
2026-06-26 03:52:27,118 - mazeUtils.mazeMap - [mazeMap.py:61] - INFO - next goal: (20, 20, 0)
2026-06-26 03:52:27,120 - mazeUtils.moveTile - [moveTile.py:88] - DEBUG - [2562.108365] moveTile start direction=absDirection.WEST position=(24, 17, 0) front=absDirection.EAST
2026-06-26 03:52:27,125 - mazeUtils.moveTile - [moveTile.py:90] - DEBUG - [2562.113242] moveTile after initial toggle check (+4.9 ms)
2026-06-26 03:52:27,127 - mazeUtils.moveTile - [moveTile.py:90] - DEBUG - [2562.115748] moveTile after tile checks isRedTile=True isUnknownTileAhead=False (+2.5 ms)
2026-06-26 03:52:27,129 - mazeUtils.moveTile - [moveTile.py:79] - DEBUG - Moving to absDirection.WEST from (24, 17, 0) facing absDirection.EAST
2026-06-26 03:52:27,129 - mazeUtils.moveTile - [moveTile.py:90] - DEBUG - [2562.117743] moveTile start heading change target=90 (+2.0 ms)
2026-06-26 03:52:27,159 - mazeUtils.moveTile - [moveTile.py:79] - DEBUG - current heading: 271.33 target: 0
2026-06-26 03:52:28,204 - mazeUtils.moveTile - [moveTile.py:435] - DEBUG - stopped turning at heading: 354.72, diff: 5.279999999999973
2026-06-26 03:52:28,274 - mazeUtils.moveTile - [moveTile.py:79] - DEBUG - Turned to heading: 359.66 deg
2026-06-26 03:52:28,281 - mazeUtils.moveTile - [moveTile.py:79] - DEBUG - Turning to 90 deg, current heading: 0.36000000000001364 deg, turnAngle: -89.63999999999999 deg
2026-06-26 03:52:28,311 - mazeUtils.moveTile - [moveTile.py:79] - DEBUG - gyro:0.8700000000000045 deg, derivative: 0.5099999999999909, turnSpeed: -100
2026-06-26 03:52:28,344 - mazeUtils.moveTile - [moveTile.py:79] - DEBUG - gyro:0.9800000000000182 deg, derivative: 0.11000000000001364, turnSpeed: -100
2026-06-26 03:52:28,373 - mazeUtils.moveTile - [moveTile.py:79] - DEBUG - gyro:0.660000000000025 deg, derivative: -0.3199999999999932, turnSpeed: -100
2026-06-26 03:52:28,400 - mazeUtils.moveTile - [moveTile.py:79] - DEBUG - gyro:1.160000000000025 deg, derivative: 0.5, turnSpeed: -100
2026-06-26 03:52:28,426 - mazeUtils.moveTile - [moveTile.py:79] - DEBUG - gyro:3.1899999999999977 deg, derivative: 2.0299999999999727, turnSpeed: -100
2026-06-26 03:52:28,454 - mazeUtils.moveTile - [moveTile.py:79] - DEBUG - gyro:6.840000000000032 deg, derivative: 3.650000000000034, turnSpeed: -100
2026-06-26 03:52:28,481 - mazeUtils.moveTile - [moveTile.py:79] - DEBUG - gyro:11.980000000000018 deg, derivative: 5.139999999999986, turnSpeed: -100
2026-06-26 03:52:28,504 - mazeUtils.moveTile - [moveTile.py:79] - DEBUG - gyro:15.300000000000011 deg, derivative: 3.319999999999993, turnSpeed: -100
2026-06-26 03:52:28,529 - mazeUtils.moveTile - [moveTile.py:79] - DEBUG - gyro:18.25999999999999 deg, derivative: 2.9599999999999795, turnSpeed: -100
2026-06-26 03:52:28,560 - mazeUtils.moveTile - [moveTile.py:79] - DEBUG - gyro:21.900000000000034 deg, derivative: 3.640000000000043, turnSpeed: -100
2026-06-26 03:52:28,586 - mazeUtils.moveTile - [moveTile.py:79] - DEBUG - gyro:26.69999999999999 deg, derivative: 4.7999999999999545, turnSpeed: -100
2026-06-26 03:52:28,613 - mazeUtils.moveTile - [moveTile.py:79] - DEBUG - gyro:28.879999999999995 deg, derivative: 2.180000000000007, turnSpeed: -100
2026-06-26 03:52:28,644 - mazeUtils.moveTile - [moveTile.py:79] - DEBUG - gyro:32.76999999999998 deg, derivative: 3.8899999999999864, turnSpeed: -100
2026-06-26 03:52:28,677 - mazeUtils.moveTile - [moveTile.py:79] - DEBUG - gyro:35.69 deg, derivative: 2.920000000000016, turnSpeed: -100
2026-06-26 03:52:28,703 - mazeUtils.moveTile - [moveTile.py:79] - DEBUG - gyro:40.120000000000005 deg, derivative: 4.430000000000007, turnSpeed: -99.75999999999999
2026-06-26 03:52:28,738 - mazeUtils.moveTile - [moveTile.py:79] - DEBUG - gyro:44.59000000000003 deg, derivative: 4.470000000000027, turnSpeed: -90.81999999999994
2026-06-26 03:52:28,763 - mazeUtils.moveTile - [moveTile.py:79] - DEBUG - gyro:48.78000000000003 deg, derivative: 4.189999999999998, turnSpeed: -82.43999999999994
2026-06-26 03:52:28,790 - mazeUtils.moveTile - [moveTile.py:79] - DEBUG - gyro:53.370000000000005 deg, derivative: 4.589999999999975, turnSpeed: -73.25999999999999
2026-06-26 03:52:28,824 - mazeUtils.moveTile - [moveTile.py:79] - DEBUG - gyro:56.410000000000025 deg, derivative: 3.0400000000000205, turnSpeed: -67.17999999999995
2026-06-26 03:52:28,852 - mazeUtils.moveTile - [moveTile.py:79] - DEBUG - gyro:60.00999999999999 deg, derivative: 3.599999999999966, turnSpeed: -59.98000000000002
2026-06-26 03:52:28,879 - mazeUtils.moveTile - [moveTile.py:79] - DEBUG - gyro:62.29000000000002 deg, derivative: 2.2800000000000296, turnSpeed: -55.41999999999996
2026-06-26 03:52:28,911 - mazeUtils.moveTile - [moveTile.py:79] - DEBUG - gyro:65.22000000000003 deg, derivative: 2.930000000000007, turnSpeed: -49.559999999999945
2026-06-26 03:52:28,938 - mazeUtils.moveTile - [moveTile.py:79] - DEBUG - gyro:67.94 deg, derivative: 2.7199999999999704, turnSpeed: -44.120000000000005
2026-06-26 03:52:28,964 - mazeUtils.moveTile - [moveTile.py:79] - DEBUG - gyro:71.63 deg, derivative: 3.6899999999999977, turnSpeed: -36.74000000000001
2026-06-26 03:52:28,990 - mazeUtils.moveTile - [moveTile.py:79] - DEBUG - gyro:73.23000000000002 deg, derivative: 1.6000000000000227, turnSpeed: -33.539999999999964
2026-06-26 03:52:29,028 - mazeUtils.moveTile - [moveTile.py:79] - DEBUG - gyro:75.85000000000002 deg, derivative: 2.6200000000000045, turnSpeed: -28.299999999999955
2026-06-26 03:52:29,056 - mazeUtils.moveTile - [moveTile.py:79] - DEBUG - gyro:77.04000000000002 deg, derivative: 1.1899999999999977, turnSpeed: -25.91999999999996
2026-06-26 03:52:29,088 - mazeUtils.moveTile - [moveTile.py:79] - DEBUG - gyro:77.83000000000004 deg, derivative: 0.7900000000000205, turnSpeed: -24.339999999999918
2026-06-26 03:52:29,115 - mazeUtils.moveTile - [moveTile.py:79] - DEBUG - gyro:78.29000000000002 deg, derivative: 0.45999999999997954, turnSpeed: -23.41999999999996
2026-06-26 03:52:29,140 - mazeUtils.moveTile - [moveTile.py:79] - DEBUG - gyro:79.56 deg, derivative: 1.2699999999999818, turnSpeed: -20.879999999999995
2026-06-26 03:52:29,167 - mazeUtils.moveTile - [moveTile.py:79] - DEBUG - gyro:80.32 deg, derivative: 0.7599999999999909, turnSpeed: -19.360000000000014
2026-06-26 03:52:29,193 - mazeUtils.moveTile - [moveTile.py:79] - DEBUG - gyro:81.69 deg, derivative: 1.3700000000000045, turnSpeed: -16.620000000000005
2026-06-26 03:52:29,218 - mazeUtils.moveTile - [moveTile.py:79] - DEBUG - gyro:82.67000000000002 deg, derivative: 0.9800000000000182, turnSpeed: -14.659999999999968
2026-06-26 03:52:29,245 - mazeUtils.moveTile - [moveTile.py:79] - DEBUG - gyro:83.75999999999999 deg, derivative: 1.089999999999975, turnSpeed: -12.480000000000018
2026-06-26 03:52:29,270 - mazeUtils.moveTile - [moveTile.py:79] - DEBUG - gyro:84.5 deg, derivative: 0.7400000000000091, turnSpeed: -11.0
2026-06-26 03:52:29,311 - mazeUtils.moveTile - [moveTile.py:79] - DEBUG - gyro:85.24000000000001 deg, derivative: 0.7400000000000091, turnSpeed: -9.519999999999982
2026-06-26 03:52:29,339 - mazeUtils.moveTile - [moveTile.py:79] - DEBUG - gyro:85.66000000000003 deg, derivative: 0.4200000000000159, turnSpeed: -8.67999999999995
2026-06-26 03:52:29,366 - mazeUtils.moveTile - [moveTile.py:79] - DEBUG - gyro:86.61000000000001 deg, derivative: 0.9499999999999886, turnSpeed: -6.779999999999973
2026-06-26 03:52:29,391 - mazeUtils.moveTile - [moveTile.py:79] - DEBUG - gyro:86.67000000000002 deg, derivative: 0.060000000000002274, turnSpeed: -6.659999999999968
2026-06-26 03:52:29,416 - mazeUtils.moveTile - [moveTile.py:79] - DEBUG - gyro:86.94 deg, derivative: 0.2699999999999818, turnSpeed: -6.1200000000000045
2026-06-26 03:52:29,445 - mazeUtils.moveTile - [moveTile.py:79] - DEBUG - gyro:87.17000000000002 deg, derivative: 0.2300000000000182, turnSpeed: -5.659999999999968
2026-06-26 03:52:29,471 - mazeUtils.moveTile - [moveTile.py:79] - DEBUG - gyro:87.38 deg, derivative: 0.20999999999997954, turnSpeed: -5.240000000000009
2026-06-26 03:52:29,507 - mazeUtils.moveTile - [moveTile.py:79] - DEBUG - gyro:87.67000000000002 deg, derivative: 0.29000000000002046, turnSpeed: -4.659999999999968
2026-06-26 03:52:29,534 - mazeUtils.moveTile - [moveTile.py:79] - DEBUG - gyro:87.94 deg, derivative: 0.2699999999999818, turnSpeed: -4.1200000000000045
2026-06-26 03:52:29,559 - mazeUtils.moveTile - [moveTile.py:79] - DEBUG - gyro:88.20000000000005 deg, derivative: 0.26000000000004775, turnSpeed: -3.599999999999909
2026-06-26 03:52:29,578 - mazeUtils.moveTile - [moveTile.py:79] - DEBUG - Turned to heading: 88.20000000000005 deg
2026-06-26 03:52:29,580 - mazeUtils.moveTile - [moveTile.py:90] - DEBUG - [2564.567822] moveTile finished heading change (+2450.1 ms)
2026-06-26 03:52:29,580 - mazeUtils.moveTile - [moveTile.py:90] - DEBUG - [2564.568760] moveTile updated front direction (+0.9 ms)
2026-06-26 03:52:29,600 - mazeUtils.moveTile - [moveTile.py:90] - DEBUG - [2564.588335] moveTile stopped motors before alignment (+19.6 ms)
2026-06-26 03:52:29,762 - mazeUtils.moveTile - [moveTile.py:563] - DEBUG - Direction: absDirection.NORTH, Angle: 270, Distance: 48.02835407290525 cm
2026-06-26 03:52:29,764 - mazeUtils.moveTile - [moveTile.py:563] - DEBUG - Direction: absDirection.EAST, Angle: 180, Distance: 20.976404387811343 cm
2026-06-26 03:52:29,765 - mazeUtils.moveTile - [moveTile.py:563] - DEBUG - Direction: absDirection.SOUTH, Angle: 90, Distance: 18.699882795175288 cm
2026-06-26 03:52:29,766 - mazeUtils.moveTile - [moveTile.py:563] - DEBUG - Direction: absDirection.WEST, Angle: 0, Distance: 133.1188551090448 cm
2026-06-26 03:52:29,767 - mazeUtils.moveTile - [moveTile.py:90] - DEBUG - [2564.755479] moveTile start backward adjustment behind_wall_dist=20.976404387811343 (+167.1 ms)
2026-06-26 03:52:29,788 - mazeUtils.moveTile - [moveTile.py:79] - DEBUG - Little backward to adjust position
2026-06-26 03:52:29,927 - mazeUtils.moveTile - [moveTile.py:90] - DEBUG - [2564.915394] moveTile finished backward adjustment (+159.9 ms)
2026-06-26 03:52:29,948 - mazeUtils.moveTile - [moveTile.py:90] - DEBUG - [2564.935900] moveTile ready for forward move (+20.5 ms)
2026-06-26 03:52:30,047 - mazeUtils.moveTile - [moveTile.py:1569] - DEBUG - Calculated target steps to next tile: 1 based on distance 30 cm
2026-06-26 03:52:30,047 - mazeUtils.moveTile - [moveTile.py:90] - DEBUG - [2565.035541] moveTile initialized movement targetSteps=1 (+99.6 ms)
2026-06-26 03:52:30,048 - mazeUtils.moveTile - [moveTile.py:90] - DEBUG - [2565.036525] moveTile loop start (+1.0 ms)
2026-06-26 03:52:30,056 - picamera2.picamera2 - [picamera2.py:1391] - DEBUG - Execute job: <picamera2.job.Job object at 0x7f99ba7690>
2026-06-26 03:52:30,063 - mazeUtils.device.camera - [camera.py:39] - DEBUG - Average HSV: H=171.9, S=232.3, V=154.8
2026-06-26 03:52:30,069 - mazeUtils.moveTile - [moveTile.py:90] - DEBUG - [2565.057576] moveTile calculated motor speeds left=96 right=100 gyroSteer=-2.3199999999999363 wallSteer=-0.8000000000000007 (+21.1 ms)
2026-06-26 03:52:30,089 - mazeUtils.moveTile - [moveTile.py:90] - DEBUG - [2565.077334] moveTile applied motor speed left=96 right=100 (+19.8 ms)
2026-06-26 03:52:30,090 - mazeUtils.moveTile - [moveTile.py:90] - DEBUG - [2565.078228] moveTile ramp check isBigRamp=False (+0.9 ms)
2026-06-26 03:52:30,096 - mazeUtils.moveTile - [moveTile.py:90] - DEBUG - [2565.084050] moveTile tile color check tempTileColor=R (+5.8 ms)
2026-06-26 03:52:30,097 - mazeUtils.moveTile - [moveTile.py:90] - DEBUG - [2565.084888] moveTile obstacle check escapeFlag=False (+0.8 ms)
2026-06-26 03:52:30,103 - mazeUtils.moveTile - [moveTile.py:79] - DEBUG - roll: 0.13999999999998636 deg, practicalMoveTime: 0.05670761975702109 sec
2026-06-26 03:52:30,105 - mazeUtils.moveTile - [moveTile.py:1907] - DEBUG - moveTile loop time: 56.3 ms
2026-06-26 03:52:30,105 - mazeUtils.moveTile - [moveTile.py:90] - DEBUG - [2565.093511] moveTile loop end practicalMoveTime=0.057 (+8.6 ms)
2026-06-26 03:52:30,106 - mazeUtils.moveTile - [moveTile.py:90] - DEBUG - [2565.093915] moveTile loop start (+0.4 ms)
2026-06-26 03:52:30,116 - picamera2.picamera2 - [picamera2.py:1391] - DEBUG - Execute job: <picamera2.job.Job object at 0x7f81fc0550>
2026-06-26 03:52:30,122 - mazeUtils.device.camera - [camera.py:39] - DEBUG - Average HSV: H=171.7, S=230.0, V=155.4
2026-06-26 03:52:30,128 - mazeUtils.moveTile - [moveTile.py:90] - DEBUG - [2565.115893] moveTile calculated motor speeds left=95 right=100 gyroSteer=-2.3599999999999 wallSteer=-2.3999999999999986 (+22.0 ms)
2026-06-26 03:52:30,153 - mazeUtils.moveTile - [moveTile.py:90] - DEBUG - [2565.141230] moveTile applied motor speed left=95 right=100 (+25.3 ms)
2026-06-26 03:52:30,154 - mazeUtils.moveTile - [moveTile.py:90] - DEBUG - [2565.141977] moveTile ramp check isBigRamp=False (+0.7 ms)
2026-06-26 03:52:30,157 - mazeUtils.moveTile - [moveTile.py:90] - DEBUG - [2565.145425] moveTile tile color check tempTileColor=R (+3.4 ms)
2026-06-26 03:52:30,158 - mazeUtils.moveTile - [moveTile.py:90] - DEBUG - [2565.146015] moveTile obstacle check escapeFlag=False (+0.6 ms)
2026-06-26 03:52:30,164 - mazeUtils.moveTile - [moveTile.py:79] - DEBUG - roll: 359.28 deg, practicalMoveTime: 0.11572144082259353 sec
2026-06-26 03:52:30,165 - mazeUtils.moveTile - [moveTile.py:1907] - DEBUG - moveTile loop time: 59.7 ms
2026-06-26 03:52:30,166 - mazeUtils.moveTile - [moveTile.py:90] - DEBUG - [2565.154289] moveTile loop end practicalMoveTime=0.116 (+8.3 ms)
2026-06-26 03:52:30,166 - mazeUtils.moveTile - [moveTile.py:90] - DEBUG - [2565.154744] moveTile loop start (+0.5 ms)
2026-06-26 03:52:30,178 - picamera2.picamera2 - [picamera2.py:1391] - DEBUG - Execute job: <picamera2.job.Job object at 0x7f82063e50>
2026-06-26 03:52:30,184 - mazeUtils.device.camera - [camera.py:39] - DEBUG - Average HSV: H=163.3, S=191.4, V=167.6
2026-06-26 03:52:30,191 - mazeUtils.moveTile - [moveTile.py:90] - DEBUG - [2565.178910] moveTile calculated motor speeds left=91 right=100 gyroSteer=-5.240000000000009 wallSteer=-2.8000000000000007 (+24.2 ms)
2026-06-26 03:52:30,216 - mazeUtils.moveTile - [moveTile.py:90] - DEBUG - [2565.204381] moveTile applied motor speed left=91 right=100 (+25.5 ms)
2026-06-26 03:52:30,217 - mazeUtils.moveTile - [moveTile.py:90] - DEBUG - [2565.205122] moveTile ramp check isBigRamp=False (+0.7 ms)
2026-06-26 03:52:30,223 - mazeUtils.moveTile - [moveTile.py:90] - DEBUG - [2565.210011] moveTile tile color check tempTileColor=R (+4.9 ms)
2026-06-26 03:52:30,224 - mazeUtils.moveTile - [moveTile.py:90] - DEBUG - [2565.212098] moveTile obstacle check escapeFlag=False (+2.1 ms)
2026-06-26 03:52:30,230 - mazeUtils.moveTile - [moveTile.py:79] - DEBUG - roll: 357.99 deg, practicalMoveTime: 0.17996247700874532 sec
2026-06-26 03:52:30,231 - mazeUtils.moveTile - [moveTile.py:1907] - DEBUG - moveTile loop time: 64.0 ms
2026-06-26 03:52:30,231 - mazeUtils.moveTile - [moveTile.py:90] - DEBUG - [2565.219442] moveTile loop end practicalMoveTime=0.180 (+7.3 ms)
2026-06-26 03:52:30,232 - mazeUtils.moveTile - [moveTile.py:90] - DEBUG - [2565.219853] moveTile loop start (+0.4 ms)
2026-06-26 03:52:30,240 - picamera2.picamera2 - [picamera2.py:1391] - DEBUG - Execute job: <picamera2.job.Job object at 0x7f81fc0550>
2026-06-26 03:52:30,246 - mazeUtils.device.camera - [camera.py:39] - DEBUG - Average HSV: H=120.5, S=47.4, V=221.6
2026-06-26 03:52:30,257 - mazeUtils.moveTile - [moveTile.py:90] - DEBUG - [2565.245741] moveTile calculated motor speeds left=97 right=100 gyroSteer=-1.0799999999999272 wallSteer=-1.1999999999999993 (+25.9 ms)
2026-06-26 03:52:30,286 - mazeUtils.moveTile - [moveTile.py:90] - DEBUG - [2565.273923] moveTile applied motor speed left=97 right=100 (+28.2 ms)
2026-06-26 03:52:30,286 - mazeUtils.moveTile - [moveTile.py:90] - DEBUG - [2565.274654] moveTile ramp check isBigRamp=False (+0.7 ms)
2026-06-26 03:52:30,290 - mazeUtils.moveTile - [moveTile.py:90] - DEBUG - [2565.278331] moveTile tile color check tempTileColor=R (+3.7 ms)
2026-06-26 03:52:30,291 - mazeUtils.moveTile - [moveTile.py:90] - DEBUG - [2565.278957] moveTile obstacle check escapeFlag=False (+0.6 ms)
2026-06-26 03:52:30,298 - mazeUtils.moveTile - [moveTile.py:79] - DEBUG - roll: 359.57 deg, practicalMoveTime: 0.24689822420294322 sec
2026-06-26 03:52:30,299 - mazeUtils.moveTile - [moveTile.py:1907] - DEBUG - moveTile loop time: 67.2 ms
2026-06-26 03:52:30,299 - mazeUtils.moveTile - [moveTile.py:90] - DEBUG - [2565.287741] moveTile loop end practicalMoveTime=0.247 (+8.8 ms)
2026-06-26 03:52:30,300 - mazeUtils.moveTile - [moveTile.py:90] - DEBUG - [2565.288290] moveTile loop start (+0.5 ms)
2026-06-26 03:52:30,306 - picamera2.picamera2 - [picamera2.py:1391] - DEBUG - Execute job: <picamera2.job.Job object at 0x7f820631d0>
2026-06-26 03:52:30,312 - mazeUtils.device.camera - [camera.py:39] - DEBUG - Average HSV: H=121.7, S=45.5, V=222.6
2026-06-26 03:52:30,317 - mazeUtils.moveTile - [moveTile.py:90] - DEBUG - [2565.305784] moveTile calculated motor speeds left=100 right=97 gyroSteer=5.720000000000027 wallSteer=-2.8000000000000007 (+17.5 ms)
2026-06-26 03:52:30,338 - mazeUtils.moveTile - [moveTile.py:90] - DEBUG - [2565.326116] moveTile applied motor speed left=100 right=97 (+20.3 ms)
2026-06-26 03:52:30,339 - mazeUtils.moveTile - [moveTile.py:90] - DEBUG - [2565.326883] moveTile ramp check isBigRamp=False (+0.8 ms)
2026-06-26 03:52:30,343 - mazeUtils.moveTile - [moveTile.py:90] - DEBUG - [2565.330966] moveTile tile color check tempTileColor=R (+4.1 ms)
2026-06-26 03:52:30,344 - mazeUtils.moveTile - [moveTile.py:90] - DEBUG - [2565.331963] moveTile obstacle check escapeFlag=False (+1.0 ms)
2026-06-26 03:52:30,352 - mazeUtils.moveTile - [moveTile.py:79] - DEBUG - roll: 359.95 deg, practicalMoveTime: 0.2995646284271221 sec
2026-06-26 03:52:30,353 - mazeUtils.moveTile - [moveTile.py:1907] - DEBUG - moveTile loop time: 52.7 ms
2026-06-26 03:52:30,353 - mazeUtils.moveTile - [moveTile.py:90] - DEBUG - [2565.341654] moveTile loop end practicalMoveTime=0.300 (+9.7 ms)
2026-06-26 03:52:30,354 - mazeUtils.moveTile - [moveTile.py:90] - DEBUG - [2565.342106] moveTile loop start (+0.5 ms)
2026-06-26 03:52:30,365 - picamera2.picamera2 - [picamera2.py:1391] - DEBUG - Execute job: <picamera2.job.Job object at 0x7f633fcc90>
2026-06-26 03:52:30,371 - mazeUtils.device.camera - [camera.py:39] - DEBUG - Average HSV: H=122.8, S=42.9, V=220.9
2026-06-26 03:52:30,377 - mazeUtils.moveTile - [moveTile.py:90] - DEBUG - [2565.365043] moveTile calculated motor speeds left=100 right=95 gyroSteer=5.0 wallSteer=-0.3999999999999986 (+22.9 ms)
2026-06-26 03:52:30,402 - mazeUtils.moveTile - [moveTile.py:90] - DEBUG - [2565.390520] moveTile applied motor speed left=100 right=95 (+25.5 ms)
2026-06-26 03:52:30,403 - mazeUtils.moveTile - [moveTile.py:90] - DEBUG - [2565.391253] moveTile ramp check isBigRamp=False (+0.7 ms)
2026-06-26 03:52:30,406 - mazeUtils.moveTile - [moveTile.py:90] - DEBUG - [2565.394667] moveTile tile color check tempTileColor=R (+3.4 ms)
2026-06-26 03:52:30,407 - mazeUtils.moveTile - [moveTile.py:90] - DEBUG - [2565.395183] moveTile obstacle check escapeFlag=False (+0.5 ms)
2026-06-26 03:52:30,412 - mazeUtils.moveTile - [moveTile.py:79] - DEBUG - roll: 0.6699999999999591 deg, practicalMoveTime: 0.3582815548473679 sec
2026-06-26 03:52:30,413 - mazeUtils.moveTile - [moveTile.py:1907] - DEBUG - moveTile loop time: 59.0 ms
2026-06-26 03:52:30,413 - mazeUtils.moveTile - [moveTile.py:90] - DEBUG - [2565.401694] moveTile loop end practicalMoveTime=0.358 (+6.5 ms)
2026-06-26 03:52:30,414 - mazeUtils.moveTile - [moveTile.py:90] - DEBUG - [2565.402110] moveTile loop start (+0.4 ms)
2026-06-26 03:52:30,426 - picamera2.picamera2 - [picamera2.py:1391] - DEBUG - Execute job: <picamera2.job.Job object at 0x7f81fc09d0>
2026-06-26 03:52:30,432 - mazeUtils.device.camera - [camera.py:39] - DEBUG - Average HSV: H=125.0, S=38.2, V=221.8
2026-06-26 03:52:30,438 - mazeUtils.moveTile - [moveTile.py:90] - DEBUG - [2565.426386] moveTile calculated motor speeds left=100 right=94 gyroSteer=5.400000000000091 wallSteer=-0.3999999999999986 (+24.3 ms)
2026-06-26 03:52:30,465 - mazeUtils.moveTile - [moveTile.py:90] - DEBUG - [2565.453251] moveTile applied motor speed left=100 right=94 (+26.9 ms)
2026-06-26 03:52:30,466 - mazeUtils.moveTile - [moveTile.py:90] - DEBUG - [2565.454056] moveTile ramp check isBigRamp=False (+0.8 ms)
2026-06-26 03:52:30,470 - mazeUtils.moveTile - [moveTile.py:90] - DEBUG - [2565.458555] moveTile tile color check tempTileColor=R (+4.5 ms)
2026-06-26 03:52:30,471 - mazeUtils.moveTile - [moveTile.py:90] - DEBUG - [2565.459435] moveTile obstacle check escapeFlag=False (+0.9 ms)
2026-06-26 03:52:30,476 - mazeUtils.moveTile - [moveTile.py:79] - DEBUG - roll: 358.86 deg, practicalMoveTime: 0.4217354071258057 sec
2026-06-26 03:52:30,477 - mazeUtils.moveTile - [moveTile.py:1907] - DEBUG - moveTile loop time: 63.2 ms
2026-06-26 03:52:30,478 - mazeUtils.moveTile - [moveTile.py:90] - DEBUG - [2565.465883] moveTile loop end practicalMoveTime=0.422 (+6.4 ms)
2026-06-26 03:52:30,478 - mazeUtils.moveTile - [moveTile.py:90] - DEBUG - [2565.466298] moveTile loop start (+0.4 ms)
2026-06-26 03:52:30,485 - picamera2.picamera2 - [picamera2.py:1391] - DEBUG - Execute job: <picamera2.job.Job object at 0x7f99ba7690>
2026-06-26 03:52:30,491 - mazeUtils.device.camera - [camera.py:39] - DEBUG - Average HSV: H=122.8, S=38.5, V=226.2
2026-06-26 03:52:30,507 - mazeUtils.moveTile - [moveTile.py:90] - DEBUG - [2565.494961] moveTile calculated motor speeds left=99 right=100 gyroSteer=1.240000000000009 wallSteer=-2.0 (+28.7 ms)
2026-06-26 03:52:30,533 - mazeUtils.moveTile - [moveTile.py:90] - DEBUG - [2565.521331] moveTile applied motor speed left=99 right=100 (+26.4 ms)
2026-06-26 03:52:30,534 - mazeUtils.moveTile - [moveTile.py:90] - DEBUG - [2565.522079] moveTile ramp check isBigRamp=False (+0.7 ms)
2026-06-26 03:52:30,538 - mazeUtils.moveTile - [moveTile.py:90] - DEBUG - [2565.525858] moveTile tile color check tempTileColor=E (+3.8 ms)
2026-06-26 03:52:30,538 - mazeUtils.moveTile - [moveTile.py:90] - DEBUG - [2565.526698] moveTile obstacle check escapeFlag=False (+0.8 ms)
2026-06-26 03:52:30,547 - mazeUtils.moveTile - [moveTile.py:79] - DEBUG - roll: 0.5799999999999841 deg, practicalMoveTime: 0.4920057118792468 sec
2026-06-26 03:52:30,549 - mazeUtils.moveTile - [moveTile.py:1907] - DEBUG - moveTile loop time: 70.5 ms
2026-06-26 03:52:30,549 - mazeUtils.moveTile - [moveTile.py:90] - DEBUG - [2565.537408] moveTile loop end practicalMoveTime=0.492 (+10.7 ms)
2026-06-26 03:52:30,550 - mazeUtils.moveTile - [moveTile.py:90] - DEBUG - [2565.537848] moveTile loop start (+0.4 ms)
2026-06-26 03:52:30,559 - picamera2.picamera2 - [picamera2.py:1391] - DEBUG - Execute job: <picamera2.job.Job object at 0x7f81fc09d0>
2026-06-26 03:52:30,565 - mazeUtils.device.camera - [camera.py:39] - DEBUG - Average HSV: H=126.4, S=34.2, V=223.8
2026-06-26 03:52:30,571 - mazeUtils.moveTile - [moveTile.py:90] - DEBUG - [2565.558953] moveTile calculated motor speeds left=98 right=100 gyroSteer=4.400000000000091 wallSteer=-6.0 (+21.1 ms)
2026-06-26 03:52:30,592 - mazeUtils.moveTile - [moveTile.py:90] - DEBUG - [2565.580636] moveTile applied motor speed left=98 right=100 (+21.7 ms)
2026-06-26 03:52:30,593 - mazeUtils.moveTile - [moveTile.py:90] - DEBUG - [2565.581376] moveTile ramp check isBigRamp=False (+0.7 ms)
2026-06-26 03:52:30,597 - mazeUtils.moveTile - [moveTile.py:90] - DEBUG - [2565.584850] moveTile tile color check tempTileColor=E (+3.5 ms)
2026-06-26 03:52:30,597 - mazeUtils.moveTile - [moveTile.py:90] - DEBUG - [2565.585446] moveTile obstacle check escapeFlag=False (+0.6 ms)
2026-06-26 03:52:30,604 - mazeUtils.moveTile - [moveTile.py:79] - DEBUG - roll: 359.03999999999996 deg, practicalMoveTime: 0.5473344846229241 sec
2026-06-26 03:52:30,605 - mazeUtils.moveTile - [moveTile.py:1907] - DEBUG - moveTile loop time: 55.7 ms
2026-06-26 03:52:30,606 - mazeUtils.moveTile - [moveTile.py:90] - DEBUG - [2565.594790] moveTile loop end practicalMoveTime=0.547 (+9.3 ms)
2026-06-26 03:52:30,607 - mazeUtils.moveTile - [moveTile.py:90] - DEBUG - [2565.595472] moveTile loop start (+0.7 ms)
2026-06-26 03:52:30,615 - picamera2.picamera2 - [picamera2.py:1391] - DEBUG - Execute job: <picamera2.job.Job object at 0x7f99ba7690>
2026-06-26 03:52:30,621 - mazeUtils.device.camera - [camera.py:39] - DEBUG - Average HSV: H=125.3, S=34.0, V=227.9
2026-06-26 03:52:30,626 - mazeUtils.moveTile - [moveTile.py:90] - DEBUG - [2565.614237] moveTile calculated motor speeds left=100 right=97 gyroSteer=6.680000000000064 wallSteer=-4.0 (+18.8 ms)
2026-06-26 03:52:30,653 - mazeUtils.moveTile - [moveTile.py:90] - DEBUG - [2565.640984] moveTile applied motor speed left=100 right=97 (+26.7 ms)
2026-06-26 03:52:30,654 - mazeUtils.moveTile - [moveTile.py:90] - DEBUG - [2565.642156] moveTile ramp check isBigRamp=False (+1.2 ms)
2026-06-26 03:52:30,657 - mazeUtils.moveTile - [moveTile.py:90] - DEBUG - [2565.645744] moveTile tile color check tempTileColor=E (+3.6 ms)
2026-06-26 03:52:30,658 - mazeUtils.moveTile - [moveTile.py:90] - DEBUG - [2565.646366] moveTile obstacle check escapeFlag=False (+0.6 ms)
2026-06-26 03:52:30,663 - mazeUtils.moveTile - [moveTile.py:79] - DEBUG - roll: 0.7599999999999909 deg, practicalMoveTime: 0.6044568685948339 sec
2026-06-26 03:52:30,664 - mazeUtils.moveTile - [moveTile.py:1907] - DEBUG - moveTile loop time: 56.6 ms
2026-06-26 03:52:30,664 - mazeUtils.moveTile - [moveTile.py:90] - DEBUG - [2565.652756] moveTile loop end practicalMoveTime=0.604 (+6.4 ms)
2026-06-26 03:52:30,665 - mazeUtils.moveTile - [moveTile.py:90] - DEBUG - [2565.653168] moveTile loop start (+0.4 ms)
2026-06-26 03:52:30,671 - picamera2.picamera2 - [picamera2.py:1391] - DEBUG - Execute job: <picamera2.job.Job object at 0x7f81fc0550>
2026-06-26 03:52:30,679 - mazeUtils.device.camera - [camera.py:39] - DEBUG - Average HSV: H=128.8, S=31.0, V=224.8
2026-06-26 03:52:30,687 - mazeUtils.moveTile - [moveTile.py:90] - DEBUG - [2565.675408] moveTile calculated motor speeds left=100 right=92 gyroSteer=9.960000000000036 wallSteer=-2.8000000000000007 (+22.2 ms)
2026-06-26 03:52:30,707 - mazeUtils.moveTile - [moveTile.py:90] - DEBUG - [2565.695559] moveTile applied motor speed left=100 right=92 (+20.2 ms)
2026-06-26 03:52:30,708 - mazeUtils.moveTile - [moveTile.py:90] - DEBUG - [2565.696386] moveTile ramp check isBigRamp=False (+0.8 ms)
2026-06-26 03:52:30,712 - mazeUtils.moveTile - [moveTile.py:90] - DEBUG - [2565.700567] moveTile tile color check tempTileColor=E (+4.2 ms)
2026-06-26 03:52:30,713 - mazeUtils.moveTile - [moveTile.py:90] - DEBUG - [2565.701256] moveTile obstacle check escapeFlag=False (+0.7 ms)
2026-06-26 03:52:30,719 - mazeUtils.moveTile - [moveTile.py:79] - DEBUG - roll: 358.96 deg, practicalMoveTime: 0.6598157342344837 sec
2026-06-26 03:52:30,721 - mazeUtils.moveTile - [moveTile.py:1907] - DEBUG - moveTile loop time: 55.6 ms
2026-06-26 03:52:30,721 - mazeUtils.moveTile - [moveTile.py:90] - DEBUG - [2565.709405] moveTile loop end practicalMoveTime=0.660 (+8.1 ms)
2026-06-26 03:52:30,721 - mazeUtils.moveTile - [moveTile.py:90] - DEBUG - [2565.709812] moveTile loop start (+0.4 ms)
2026-06-26 03:52:30,728 - picamera2.picamera2 - [picamera2.py:1391] - DEBUG - Execute job: <picamera2.job.Job object at 0x7f82063bd0>
2026-06-26 03:52:30,734 - mazeUtils.device.camera - [camera.py:39] - DEBUG - Average HSV: H=126.8, S=31.3, V=228.1
2026-06-26 03:52:30,741 - mazeUtils.moveTile - [moveTile.py:90] - DEBUG - [2565.728957] moveTile calculated motor speeds left=100 right=96 gyroSteer=6.440000000000055 wallSteer=-2.8000000000000007 (+19.1 ms)
2026-06-26 03:52:30,761 - mazeUtils.moveTile - [moveTile.py:90] - DEBUG - [2565.748866] moveTile applied motor speed left=100 right=96 (+19.9 ms)
2026-06-26 03:52:30,761 - mazeUtils.moveTile - [moveTile.py:90] - DEBUG - [2565.749650] moveTile ramp check isBigRamp=False (+0.8 ms)
2026-06-26 03:52:30,765 - mazeUtils.moveTile - [moveTile.py:90] - DEBUG - [2565.753071] moveTile tile color check tempTileColor=E (+3.4 ms)
2026-06-26 03:52:30,765 - mazeUtils.moveTile - [moveTile.py:90] - DEBUG - [2565.753667] moveTile obstacle check escapeFlag=False (+0.6 ms)
2026-06-26 03:52:30,770 - mazeUtils.moveTile - [moveTile.py:79] - DEBUG - roll: 0.44999999999998863 deg, practicalMoveTime: 0.7096524374544853 sec
2026-06-26 03:52:30,772 - mazeUtils.moveTile - [moveTile.py:1907] - DEBUG - moveTile loop time: 50.0 ms
2026-06-26 03:52:30,772 - mazeUtils.moveTile - [moveTile.py:90] - DEBUG - [2565.760609] moveTile loop end practicalMoveTime=0.710 (+6.9 ms)
2026-06-26 03:52:30,773 - mazeUtils.moveTile - [moveTile.py:90] - DEBUG - [2565.761075] moveTile loop start (+0.5 ms)
2026-06-26 03:52:30,785 - picamera2.picamera2 - [picamera2.py:1391] - DEBUG - Execute job: <picamera2.job.Job object at 0x7f82063b10>
2026-06-26 03:52:30,791 - mazeUtils.device.camera - [camera.py:39] - DEBUG - Average HSV: H=130.4, S=28.9, V=225.0
2026-06-26 03:52:30,796 - mazeUtils.moveTile - [moveTile.py:90] - DEBUG - [2565.784379] moveTile calculated motor speeds left=100 right=94 gyroSteer=6.480000000000018 wallSteer=-0.8000000000000007 (+23.3 ms)
2026-06-26 03:52:30,822 - mazeUtils.moveTile - [moveTile.py:90] - DEBUG - [2565.809843] moveTile applied motor speed left=100 right=94 (+25.5 ms)
2026-06-26 03:52:30,822 - mazeUtils.moveTile - [moveTile.py:90] - DEBUG - [2565.810570] moveTile ramp check isBigRamp=False (+0.7 ms)
2026-06-26 03:52:30,826 - mazeUtils.moveTile - [moveTile.py:90] - DEBUG - [2565.813988] moveTile tile color check tempTileColor=E (+3.4 ms)
2026-06-26 03:52:30,826 - mazeUtils.moveTile - [moveTile.py:90] - DEBUG - [2565.814587] moveTile obstacle check escapeFlag=False (+0.6 ms)
2026-06-26 03:52:30,832 - mazeUtils.moveTile - [moveTile.py:79] - DEBUG - roll: 359.39 deg, practicalMoveTime: 0.769493894164054 sec
2026-06-26 03:52:30,832 - mazeUtils.moveTile - [moveTile.py:1907] - DEBUG - moveTile loop time: 59.6 ms
2026-06-26 03:52:30,833 - mazeUtils.moveTile - [moveTile.py:90] - DEBUG - [2565.821329] moveTile loop end practicalMoveTime=0.769 (+6.7 ms)
2026-06-26 03:52:30,834 - mazeUtils.moveTile - [moveTile.py:90] - DEBUG - [2565.821846] moveTile loop start (+0.5 ms)
2026-06-26 03:52:30,842 - picamera2.picamera2 - [picamera2.py:1391] - DEBUG - Execute job: <picamera2.job.Job object at 0x7f90809a90>
2026-06-26 03:52:30,848 - mazeUtils.device.camera - [camera.py:39] - DEBUG - Average HSV: H=128.8, S=28.8, V=228.0
2026-06-26 03:52:30,854 - mazeUtils.moveTile - [moveTile.py:90] - DEBUG - [2565.842627] moveTile calculated motor speeds left=100 right=98 gyroSteer=3.160000000000082 wallSteer=-1.1999999999999993 (+20.8 ms)
2026-06-26 03:52:30,878 - mazeUtils.moveTile - [moveTile.py:90] - DEBUG - [2565.866251] moveTile applied motor speed left=100 right=98 (+23.6 ms)
2026-06-26 03:52:30,880 - mazeUtils.moveTile - [moveTile.py:90] - DEBUG - [2565.867967] moveTile ramp check isBigRamp=False (+1.7 ms)
2026-06-26 03:52:30,887 - mazeUtils.moveTile - [moveTile.py:90] - DEBUG - [2565.875536] moveTile tile color check tempTileColor=E (+7.6 ms)
2026-06-26 03:52:30,888 - mazeUtils.moveTile - [moveTile.py:90] - DEBUG - [2565.876390] moveTile obstacle check escapeFlag=False (+0.9 ms)
2026-06-26 03:52:30,893 - mazeUtils.moveTile - [moveTile.py:969] - DEBUG - Detected victim info during movement: {<Side.LEFT: 0>: <UnitVStatus.NOTHING: 0>, <Side.RIGHT: 1>: <UnitVStatus.R_VICTIM: 6>}
2026-06-26 03:52:30,894 - mazeUtils.moveTile - [moveTile.py:79] - DEBUG - roll: 0.060000000000002274 deg, practicalMoveTime: 0.8305626577924486 sec
2026-06-26 03:52:30,894 - mazeUtils.moveTile - [moveTile.py:1907] - DEBUG - moveTile loop time: 60.6 ms
2026-06-26 03:52:30,895 - mazeUtils.moveTile - [moveTile.py:90] - DEBUG - [2565.882920] moveTile loop end practicalMoveTime=0.831 (+6.5 ms)
2026-06-26 03:52:30,895 - mazeUtils.moveTile - [moveTile.py:90] - DEBUG - [2565.883303] moveTile loop start (+0.4 ms)
2026-06-26 03:52:30,901 - picamera2.picamera2 - [picamera2.py:1391] - DEBUG - Execute job: <picamera2.job.Job object at 0x7f99ba7690>
2026-06-26 03:52:30,907 - mazeUtils.device.camera - [camera.py:39] - DEBUG - Average HSV: H=128.7, S=28.2, V=228.4
2026-06-26 03:52:30,914 - mazeUtils.moveTile - [moveTile.py:90] - DEBUG - [2565.902689] moveTile calculated motor speeds left=100 right=98 gyroSteer=3.9200000000000728 wallSteer=-2.0 (+19.4 ms)
2026-06-26 03:52:30,939 - mazeUtils.moveTile - [moveTile.py:90] - DEBUG - [2565.927719] moveTile applied motor speed left=100 right=98 (+25.0 ms)
2026-06-26 03:52:30,940 - mazeUtils.moveTile - [moveTile.py:90] - DEBUG - [2565.928527] moveTile ramp check isBigRamp=False (+0.8 ms)
2026-06-26 03:52:30,944 - mazeUtils.moveTile - [moveTile.py:90] - DEBUG - [2565.932102] moveTile tile color check tempTileColor=E (+3.6 ms)
2026-06-26 03:52:30,945 - mazeUtils.moveTile - [moveTile.py:90] - DEBUG - [2565.933556] moveTile obstacle check escapeFlag=False (+1.5 ms)
2026-06-26 03:52:30,952 - mazeUtils.moveTile - [moveTile.py:1755] - INFO - practicalVerticalMove: -0.16670473159543941 CM
2026-06-26 03:52:30,975 - mazeUtils.moveTile - [moveTile.py:90] - DEBUG - [2565.963769] moveTile finished by time control (+30.2 ms)
2026-06-26 03:52:30,976 - mazeUtils.moveTile - [moveTile.py:90] - DEBUG - [2565.964541] moveTile start final forward adjustment (+31.0 ms)
2026-06-26 03:52:31,005 - mazeUtils.moveTile - [moveTile.py:90] - DEBUG - [2565.992961] moveTile finished final forward adjustment (+28.4 ms)
2026-06-26 03:52:31,155 - mazeUtils.moveTile - [moveTile.py:563] - DEBUG - Direction: absDirection.NORTH, Angle: 270, Distance: 16.57551959653115 cm
2026-06-26 03:52:31,156 - mazeUtils.moveTile - [moveTile.py:563] - DEBUG - Direction: absDirection.EAST, Angle: 180, Distance: 78.57259218955637 cm
2026-06-26 03:52:31,158 - mazeUtils.moveTile - [moveTile.py:563] - DEBUG - Direction: absDirection.SOUTH, Angle: 90, Distance: 49.16696593116447 cm
2026-06-26 03:52:31,159 - mazeUtils.moveTile - [moveTile.py:563] - DEBUG - Direction: absDirection.WEST, Angle: 0, Distance: 104.48810109189789 cm
2026-06-26 03:52:31,161 - mazeUtils.moveTile - [moveTile.py:90] - DEBUG - [2566.149438] moveTile updated map and detected walls (+156.5 ms)
2026-06-26 03:52:31,167 - mazeUtils.moveTile - [moveTile.py:2272] - INFO - Tile color detection, decided tile type: E
2026-06-26 03:52:31,168 - mazeUtils.moveTile - [moveTile.py:90] - DEBUG - [2566.156297] moveTile finished (+163.3 ms)
2026-06-26 03:52:31,265 - __main__ - [main.py:106] - INFO - Current position: (23, 17, 0), front direction: absDirection.WEST
Layer 0 (altitude=0.0cm, offset=(0.0cm, 0.0cm)):
Known map area: x=20..24, y=15..20
+---+---+   +   +   +
| E   E | U   U   U  
+   +   +   +   +   +
| E   E | U   U   U  
+   +---+---+---+   +
| E   E   E   @   R |
+   +---+   +   +---+
| E   U   U   U   U  
+   +   +   +   +   +
| E   U   U   U   U  
+   +   +   +   +   +
| S | U   U   U   U  
+---+   +   +   +   +
mazeAsGraph[0][15][20] = {absDirection.NORTH: None, absDirection.EAST: (21, 15, 0, 30), absDirection.SOUTH: (20, 16, 0, 30), absDirection.WEST: None}
mazeAsGraph[0][15][21] = {absDirection.NORTH: None, absDirection.EAST: None, absDirection.SOUTH: (21, 16, 0, 30), absDirection.WEST: (20, 15, 0, 30)}
mazeAsGraph[0][16][20] = {absDirection.NORTH: (20, 15, 0, 30), absDirection.EAST: (21, 16, 0, 30), absDirection.SOUTH: (20, 17, 0, 30), absDirection.WEST: None}
mazeAsGraph[0][16][21] = {absDirection.NORTH: (21, 15, 0, 30), absDirection.EAST: None, absDirection.SOUTH: None, absDirection.WEST: (20, 16, 0, 30)}
mazeAsGraph[0][17][20] = {absDirection.NORTH: (20, 16, 0, 30), absDirection.EAST: (21, 17, 0, 30), absDirection.SOUTH: (20, 18, 0, 30), absDirection.WEST: None}
mazeAsGraph[0][17][21] = {absDirection.NORTH: None, absDirection.EAST: (22, 17, 0, 30), absDirection.SOUTH: None, absDirection.WEST: (20, 17, 0, 30)}
mazeAsGraph[0][17][22] = {absDirection.NORTH: None, absDirection.EAST: (23, 17, 0, 30), absDirection.SOUTH: (22, 18, 0, 30), absDirection.WEST: (21, 17, 0, 30)}
mazeAsGraph[0][17][23] = {absDirection.NORTH: None, absDirection.EAST: (24, 17, 0, 30), absDirection.SOUTH: (23, 18, 0, 30), absDirection.WEST: (22, 17, 0, 30)}
mazeAsGraph[0][17][24] = {absDirection.NORTH: (24, 16, 0, 30), absDirection.EAST: None, absDirection.SOUTH: None, absDirection.WEST: (23, 17, 0, 30)}
mazeAsGraph[0][18][20] = {absDirection.NORTH: (20, 17, 0, 30), absDirection.EAST: (21, 18, 0, 30), absDirection.SOUTH: (20, 19, 0, 30), absDirection.WEST: None}
mazeAsGraph[0][19][20] = {absDirection.NORTH: (20, 18, 0, 30), absDirection.EAST: (21, 19, 0, 30), absDirection.SOUTH: (20, 20, 0, 30), absDirection.WEST: None}
mazeAsGraph[0][20][20] = {absDirection.NORTH: (20, 19, 0, 30), absDirection.EAST: None, absDirection.SOUTH: None, absDirection.WEST: None}
2026-06-26 03:52:31,272 - mazeUtils.moveTile - [moveTile.py:88] - DEBUG - [2566.260577] moveTile start direction=absDirection.SOUTH position=(23, 17, 0) front=absDirection.WEST
2026-06-26 03:52:31,283 - mazeUtils.moveTile - [moveTile.py:90] - DEBUG - [2566.270993] moveTile after initial toggle check (+10.4 ms)
2026-06-26 03:52:31,285 - mazeUtils.moveTile - [moveTile.py:90] - DEBUG - [2566.273669] moveTile after tile checks isRedTile=False isUnknownTileAhead=True (+2.7 ms)
2026-06-26 03:52:31,286 - mazeUtils.moveTile - [moveTile.py:79] - DEBUG - Moving to absDirection.SOUTH from (23, 17, 0) facing absDirection.WEST
2026-06-26 03:52:31,287 - mazeUtils.moveTile - [moveTile.py:90] - DEBUG - [2566.275010] moveTile start heading change target=180 (+1.3 ms)
2026-06-26 03:52:31,294 - mazeUtils.moveTile - [moveTile.py:79] - DEBUG - Turning to 180 deg, current heading: 91.69 deg, turnAngle: -88.31 deg
2026-06-26 03:52:31,319 - mazeUtils.moveTile - [moveTile.py:79] - DEBUG - gyro:91.83000000000004 deg, derivative: 0.1400000000000432, turnSpeed: -100
2026-06-26 03:52:31,346 - mazeUtils.moveTile - [moveTile.py:79] - DEBUG - gyro:91.78000000000003 deg, derivative: -0.05000000000001137, turnSpeed: -100
2026-06-26 03:52:31,375 - mazeUtils.moveTile - [moveTile.py:79] - DEBUG - gyro:91.5 deg, derivative: -0.28000000000002956, turnSpeed: -100
2026-06-26 03:52:31,402 - mazeUtils.moveTile - [moveTile.py:79] - DEBUG - gyro:91.91000000000003 deg, derivative: 0.410000000000025, turnSpeed: -100
2026-06-26 03:52:31,429 - mazeUtils.moveTile - [moveTile.py:79] - DEBUG - gyro:96.14999999999998 deg, derivative: 4.239999999999952, turnSpeed: -100
2026-06-26 03:52:31,454 - mazeUtils.moveTile - [moveTile.py:79] - DEBUG - gyro:96.58000000000004 deg, derivative: 0.43000000000006366, turnSpeed: -100
2026-06-26 03:52:31,488 - mazeUtils.moveTile - [moveTile.py:79] - DEBUG - gyro:100.13999999999999 deg, derivative: 3.5599999999999454, turnSpeed: -100
2026-06-26 03:52:31,517 - mazeUtils.moveTile - [moveTile.py:79] - DEBUG - gyro:105.04000000000002 deg, derivative: 4.900000000000034, turnSpeed: -100
2026-06-26 03:52:31,548 - mazeUtils.moveTile - [moveTile.py:79] - DEBUG - gyro:110.50999999999999 deg, derivative: 5.46999999999997, turnSpeed: -100
2026-06-26 03:52:31,577 - mazeUtils.moveTile - [moveTile.py:79] - DEBUG - gyro:114.79000000000002 deg, derivative: 4.28000000000003, turnSpeed: -100
2026-06-26 03:52:31,605 - mazeUtils.moveTile - [moveTile.py:79] - DEBUG - gyro:120.54000000000002 deg, derivative: 5.75, turnSpeed: -100
2026-06-26 03:52:31,643 - mazeUtils.moveTile - [moveTile.py:79] - DEBUG - gyro:124.08000000000001 deg, derivative: 3.539999999999992, turnSpeed: -100
2026-06-26 03:52:31,671 - mazeUtils.moveTile - [moveTile.py:79] - DEBUG - gyro:128.95000000000002 deg, derivative: 4.8700000000000045, turnSpeed: -100
2026-06-26 03:52:31,699 - mazeUtils.moveTile - [moveTile.py:79] - DEBUG - gyro:132.87 deg, derivative: 3.9199999999999875, turnSpeed: -94.25999999999999
2026-06-26 03:52:31,725 - mazeUtils.moveTile - [moveTile.py:79] - DEBUG - gyro:137.63 deg, derivative: 4.759999999999991, turnSpeed: -84.74000000000001
2026-06-26 03:52:31,748 - mazeUtils.moveTile - [moveTile.py:79] - DEBUG - gyro:140.65 deg, derivative: 3.0200000000000102, turnSpeed: -78.69999999999999
2026-06-26 03:52:31,772 - mazeUtils.moveTile - [moveTile.py:79] - DEBUG - gyro:143.35000000000002 deg, derivative: 2.700000000000017, turnSpeed: -73.29999999999995
2026-06-26 03:52:31,799 - mazeUtils.moveTile - [moveTile.py:79] - DEBUG - gyro:146.62 deg, derivative: 3.269999999999982, turnSpeed: -66.75999999999999
2026-06-26 03:52:31,824 - mazeUtils.moveTile - [moveTile.py:79] - DEBUG - gyro:149.08 deg, derivative: 2.460000000000008, turnSpeed: -61.839999999999975
2026-06-26 03:52:31,853 - mazeUtils.moveTile - [moveTile.py:79] - DEBUG - gyro:151.75 deg, derivative: 2.6699999999999875, turnSpeed: -56.5
2026-06-26 03:52:31,878 - mazeUtils.moveTile - [moveTile.py:79] - DEBUG - gyro:154.05 deg, derivative: 2.3000000000000114, turnSpeed: -51.89999999999998
2026-06-26 03:52:31,905 - mazeUtils.moveTile - [moveTile.py:79] - DEBUG - gyro:155.15 deg, derivative: 1.0999999999999943, turnSpeed: -49.69999999999999
2026-06-26 03:52:31,940 - mazeUtils.moveTile - [moveTile.py:79] - DEBUG - gyro:156.84 deg, derivative: 1.6899999999999977, turnSpeed: -46.31999999999999
2026-06-26 03:52:31,968 - mazeUtils.moveTile - [moveTile.py:79] - DEBUG - gyro:159.84 deg, derivative: 3.0, turnSpeed: -40.31999999999999
2026-06-26 03:52:31,993 - mazeUtils.moveTile - [moveTile.py:79] - DEBUG - gyro:162.23000000000002 deg, derivative: 2.390000000000015, turnSpeed: -35.539999999999964
2026-06-26 03:52:32,018 - mazeUtils.moveTile - [moveTile.py:79] - DEBUG - gyro:163.64000000000001 deg, derivative: 1.4099999999999966, turnSpeed: -32.71999999999997
2026-06-26 03:52:32,044 - mazeUtils.moveTile - [moveTile.py:79] - DEBUG - gyro:165.23000000000002 deg, derivative: 1.5900000000000034, turnSpeed: -29.539999999999964
2026-06-26 03:52:32,072 - mazeUtils.moveTile - [moveTile.py:79] - DEBUG - gyro:166.0 deg, derivative: 0.7699999999999818, turnSpeed: -28.0
2026-06-26 03:52:32,099 - mazeUtils.moveTile - [moveTile.py:79] - DEBUG - gyro:167.01000000000002 deg, derivative: 1.0100000000000193, turnSpeed: -25.97999999999996
2026-06-26 03:52:32,135 - mazeUtils.moveTile - [moveTile.py:79] - DEBUG - gyro:168.07000000000002 deg, derivative: 1.0600000000000023, turnSpeed: -23.859999999999957
2026-06-26 03:52:32,162 - mazeUtils.moveTile - [moveTile.py:79] - DEBUG - gyro:169.28 deg, derivative: 1.2099999999999795, turnSpeed: -21.439999999999998
2026-06-26 03:52:32,187 - mazeUtils.moveTile - [moveTile.py:79] - DEBUG - gyro:170.3 deg, derivative: 1.0200000000000102, turnSpeed: -19.399999999999977
2026-06-26 03:52:32,216 - mazeUtils.moveTile - [moveTile.py:79] - DEBUG - gyro:170.97 deg, derivative: 0.6699999999999875, turnSpeed: -18.060000000000002
2026-06-26 03:52:32,244 - mazeUtils.moveTile - [moveTile.py:79] - DEBUG - gyro:171.48000000000002 deg, derivative: 0.5100000000000193, turnSpeed: -17.039999999999964
2026-06-26 03:52:32,282 - mazeUtils.moveTile - [moveTile.py:79] - DEBUG - gyro:172.52 deg, derivative: 1.039999999999992, turnSpeed: -14.95999999999998
2026-06-26 03:52:32,311 - mazeUtils.moveTile - [moveTile.py:79] - DEBUG - gyro:173.96 deg, derivative: 1.4399999999999977, turnSpeed: -12.079999999999984
2026-06-26 03:52:32,338 - mazeUtils.moveTile - [moveTile.py:79] - DEBUG - gyro:174.94 deg, derivative: 0.9799999999999898, turnSpeed: -10.120000000000005
2026-06-26 03:52:32,365 - mazeUtils.moveTile - [moveTile.py:79] - DEBUG - gyro:176.20000000000002 deg, derivative: 1.2600000000000193, turnSpeed: -7.599999999999966
2026-06-26 03:52:32,399 - mazeUtils.moveTile - [moveTile.py:79] - DEBUG - gyro:176.29000000000002 deg, derivative: 0.09000000000000341, turnSpeed: -7.419999999999959
2026-06-26 03:52:32,426 - mazeUtils.moveTile - [moveTile.py:79] - DEBUG - gyro:176.83 deg, derivative: 0.539999999999992, turnSpeed: -6.339999999999975
2026-06-26 03:52:32,453 - mazeUtils.moveTile - [moveTile.py:79] - DEBUG - gyro:177.24 deg, derivative: 0.4099999999999966, turnSpeed: -5.519999999999982
2026-06-26 03:52:32,488 - mazeUtils.moveTile - [moveTile.py:79] - DEBUG - gyro:177.61 deg, derivative: 0.37000000000000455, turnSpeed: -4.779999999999973
2026-06-26 03:52:32,516 - mazeUtils.moveTile - [moveTile.py:79] - DEBUG - gyro:177.94 deg, derivative: 0.3299999999999841, turnSpeed: -4.1200000000000045
2026-06-26 03:52:32,545 - mazeUtils.moveTile - [moveTile.py:79] - DEBUG - gyro:178.15 deg, derivative: 0.21000000000000796, turnSpeed: -3.6999999999999886
2026-06-26 03:52:32,565 - mazeUtils.moveTile - [moveTile.py:79] - DEBUG - Turned to heading: 178.15 deg
2026-06-26 03:52:32,566 - mazeUtils.moveTile - [moveTile.py:90] - DEBUG - [2567.554390] moveTile finished heading change (+1279.4 ms)
2026-06-26 03:52:32,567 - mazeUtils.moveTile - [moveTile.py:90] - DEBUG - [2567.554949] moveTile updated front direction (+0.6 ms)
2026-06-26 03:52:32,587 - mazeUtils.moveTile - [moveTile.py:90] - DEBUG - [2567.575139] moveTile stopped motors before alignment (+20.2 ms)
2026-06-26 03:52:32,753 - mazeUtils.moveTile - [moveTile.py:563] - DEBUG - Direction: absDirection.NORTH, Angle: 180, Distance: 21.143083967682937 cm
2026-06-26 03:52:32,755 - mazeUtils.moveTile - [moveTile.py:563] - DEBUG - Direction: absDirection.EAST, Angle: 90, Distance: 47.80524083821281 cm
2026-06-26 03:52:32,757 - mazeUtils.moveTile - [moveTile.py:563] - DEBUG - Direction: absDirection.SOUTH, Angle: 0, Distance: 45.17929970910099 cm
2026-06-26 03:52:32,760 - mazeUtils.moveTile - [moveTile.py:563] - DEBUG - Direction: absDirection.WEST, Angle: 270, Distance: 108.53337882304695 cm
2026-06-26 03:52:32,762 - mazeUtils.moveTile - [moveTile.py:90] - DEBUG - [2567.749925] moveTile start backward adjustment behind_wall_dist=21.143083967682937 (+174.8 ms)
2026-06-26 03:52:32,780 - mazeUtils.moveTile - [moveTile.py:79] - DEBUG - Little backward to adjust position
2026-06-26 03:52:33,018 - mazeUtils.moveTile - [moveTile.py:90] - DEBUG - [2568.006498] moveTile finished backward adjustment (+256.6 ms)
2026-06-26 03:52:33,039 - mazeUtils.moveTile - [moveTile.py:90] - DEBUG - [2568.027578] moveTile ready for forward move (+21.1 ms)
2026-06-26 03:52:33,143 - mazeUtils.moveTile - [moveTile.py:90] - DEBUG - [2568.130982] moveTile initialized movement targetSteps=1 (+103.4 ms)
2026-06-26 03:52:33,144 - mazeUtils.moveTile - [moveTile.py:90] - DEBUG - [2568.132308] moveTile loop start (+1.3 ms)
2026-06-26 03:52:33,159 - picamera2.picamera2 - [picamera2.py:1391] - DEBUG - Execute job: <picamera2.job.Job object at 0x7f606f4dd0>
2026-06-26 03:52:33,165 - mazeUtils.device.camera - [camera.py:39] - DEBUG - Average HSV: H=137.0, S=51.7, V=125.3
2026-06-26 03:52:33,172 - mazeUtils.moveTile - [moveTile.py:90] - DEBUG - [2568.160652] moveTile calculated motor speeds left=93 right=100 gyroSteer=-6.559999999999945 wallSteer=0.0 (+28.3 ms)
2026-06-26 03:52:33,193 - mazeUtils.moveTile - [moveTile.py:90] - DEBUG - [2568.181008] moveTile applied motor speed left=93 right=100 (+20.4 ms)
2026-06-26 03:52:33,194 - mazeUtils.moveTile - [moveTile.py:90] - DEBUG - [2568.182481] moveTile ramp check isBigRamp=False (+1.5 ms)
2026-06-26 03:52:33,200 - mazeUtils.moveTile - [moveTile.py:90] - DEBUG - [2568.188109] moveTile tile color check tempTileColor=E (+5.6 ms)
2026-06-26 03:52:33,201 - mazeUtils.moveTile - [moveTile.py:90] - DEBUG - [2568.188909] moveTile obstacle check escapeFlag=False (+0.8 ms)
2026-06-26 03:52:33,207 - mazeUtils.moveTile - [moveTile.py:79] - DEBUG - roll: 358.45 deg, practicalMoveTime: 0.06378713809495108 sec
2026-06-26 03:52:33,208 - mazeUtils.moveTile - [moveTile.py:1907] - DEBUG - moveTile loop time: 63.6 ms
2026-06-26 03:52:33,209 - mazeUtils.moveTile - [moveTile.py:90] - DEBUG - [2568.196827] moveTile loop end practicalMoveTime=0.064 (+7.9 ms)
2026-06-26 03:52:33,209 - mazeUtils.moveTile - [moveTile.py:90] - DEBUG - [2568.197380] moveTile loop start (+0.6 ms)
2026-06-26 03:52:33,214 - picamera2.picamera2 - [picamera2.py:1391] - DEBUG - Execute job: <picamera2.job.Job object at 0x7f82063bd0>
2026-06-26 03:52:33,221 - mazeUtils.device.camera - [camera.py:39] - DEBUG - Average HSV: H=135.3, S=56.7, V=110.7
2026-06-26 03:52:33,225 - mazeUtils.moveTile - [moveTile.py:90] - DEBUG - [2568.213738] moveTile calculated motor speeds left=94 right=100 gyroSteer=-5.919999999999959 wallSteer=0.0 (+16.4 ms)
2026-06-26 03:52:33,246 - mazeUtils.moveTile - [moveTile.py:90] - DEBUG - [2568.233942] moveTile applied motor speed left=94 right=100 (+20.2 ms)
2026-06-26 03:52:33,247 - mazeUtils.moveTile - [moveTile.py:90] - DEBUG - [2568.235146] moveTile ramp check isBigRamp=False (+1.2 ms)
2026-06-26 03:52:33,252 - mazeUtils.moveTile - [moveTile.py:90] - DEBUG - [2568.240094] moveTile tile color check tempTileColor=E (+4.9 ms)
2026-06-26 03:52:33,253 - mazeUtils.moveTile - [moveTile.py:90] - DEBUG - [2568.240823] moveTile obstacle check escapeFlag=False (+0.7 ms)
2026-06-26 03:52:33,260 - mazeUtils.moveTile - [moveTile.py:79] - DEBUG - roll: 359.71999999999997 deg, practicalMoveTime: 0.11556256832248857 sec
2026-06-26 03:52:33,260 - mazeUtils.moveTile - [moveTile.py:1907] - DEBUG - moveTile loop time: 51.3 ms
2026-06-26 03:52:33,261 - mazeUtils.moveTile - [moveTile.py:90] - DEBUG - [2568.249186] moveTile loop end practicalMoveTime=0.116 (+8.4 ms)
2026-06-26 03:52:33,261 - mazeUtils.moveTile - [moveTile.py:90] - DEBUG - [2568.249573] moveTile loop start (+0.4 ms)
2026-06-26 03:52:33,270 - picamera2.picamera2 - [picamera2.py:1391] - DEBUG - Execute job: <picamera2.job.Job object at 0x7f606f4dd0>
2026-06-26 03:52:33,277 - mazeUtils.device.camera - [camera.py:39] - DEBUG - Average HSV: H=122.4, S=97.5, V=32.4
2026-06-26 03:52:33,281 - mazeUtils.moveTile - [moveTile.py:90] - DEBUG - [2568.269315] moveTile calculated motor speeds left=95 right=100 gyroSteer=-4.919999999999959 wallSteer=0.0 (+19.7 ms)
2026-06-26 03:52:33,302 - mazeUtils.moveTile - [moveTile.py:90] - DEBUG - [2568.290224] moveTile applied motor speed left=95 right=100 (+20.9 ms)
2026-06-26 03:52:33,303 - mazeUtils.moveTile - [moveTile.py:90] - DEBUG - [2568.291271] moveTile ramp check isBigRamp=False (+1.0 ms)
2026-06-26 03:52:33,308 - mazeUtils.moveTile - [moveTile.py:90] - DEBUG - [2568.296488] moveTile tile color check tempTileColor=E (+5.2 ms)
2026-06-26 03:52:33,309 - mazeUtils.moveTile - [moveTile.py:90] - DEBUG - [2568.297288] moveTile obstacle check escapeFlag=False (+0.8 ms)
2026-06-26 03:52:33,315 - mazeUtils.moveTile - [moveTile.py:79] - DEBUG - roll: 357.47999999999996 deg, practicalMoveTime: 0.1700924146618402 sec
2026-06-26 03:52:33,316 - mazeUtils.moveTile - [moveTile.py:1907] - DEBUG - moveTile loop time: 54.9 ms
2026-06-26 03:52:33,317 - mazeUtils.moveTile - [moveTile.py:90] - DEBUG - [2568.305735] moveTile loop end practicalMoveTime=0.170 (+8.4 ms)
2026-06-26 03:52:33,318 - mazeUtils.moveTile - [moveTile.py:90] - DEBUG - [2568.306240] moveTile loop start (+0.5 ms)
2026-06-26 03:52:33,324 - picamera2.picamera2 - [picamera2.py:1391] - DEBUG - Execute job: <picamera2.job.Job object at 0x7f81fc0490>
2026-06-26 03:52:33,331 - mazeUtils.device.camera - [camera.py:39] - DEBUG - Average HSV: H=121.5, S=96.6, V=30.7
2026-06-26 03:52:33,336 - mazeUtils.moveTile - [moveTile.py:90] - DEBUG - [2568.324712] moveTile calculated motor speeds left=95 right=100 gyroSteer=-4.519999999999982 wallSteer=0.0 (+18.5 ms)
2026-06-26 03:52:33,358 - mazeUtils.moveTile - [moveTile.py:90] - DEBUG - [2568.346465] moveTile applied motor speed left=95 right=100 (+21.8 ms)
2026-06-26 03:52:33,359 - mazeUtils.moveTile - [moveTile.py:90] - DEBUG - [2568.347230] moveTile ramp check isBigRamp=False (+0.8 ms)
2026-06-26 03:52:33,363 - mazeUtils.moveTile - [moveTile.py:90] - DEBUG - [2568.351239] moveTile tile color check tempTileColor=E (+4.0 ms)
2026-06-26 03:52:33,364 - mazeUtils.moveTile - [moveTile.py:90] - DEBUG - [2568.352389] moveTile obstacle check escapeFlag=False (+1.1 ms)
2026-06-26 03:52:33,371 - mazeUtils.moveTile - [moveTile.py:79] - DEBUG - roll: 359.53 deg, practicalMoveTime: 0.2247965332269942 sec
2026-06-26 03:52:33,372 - mazeUtils.moveTile - [moveTile.py:1907] - DEBUG - moveTile loop time: 53.9 ms
2026-06-26 03:52:33,372 - mazeUtils.moveTile - [moveTile.py:90] - DEBUG - [2568.360763] moveTile loop end practicalMoveTime=0.225 (+8.4 ms)
2026-06-26 03:52:33,373 - mazeUtils.moveTile - [moveTile.py:90] - DEBUG - [2568.361201] moveTile loop start (+0.4 ms)
2026-06-26 03:52:33,379 - picamera2.picamera2 - [picamera2.py:1391] - DEBUG - Execute job: <picamera2.job.Job object at 0x7f81fc0490>
2026-06-26 03:52:33,387 - mazeUtils.device.camera - [camera.py:39] - DEBUG - Average HSV: H=119.5, S=118.0, V=35.1
2026-06-26 03:52:33,396 - mazeUtils.moveTile - [moveTile.py:90] - DEBUG - [2568.383948] moveTile calculated motor speeds left=94 right=100 gyroSteer=-5.3599999999999 wallSteer=0.0 (+22.7 ms)
2026-06-26 03:52:33,417 - mazeUtils.moveTile - [moveTile.py:90] - DEBUG - [2568.405379] moveTile applied motor speed left=94 right=100 (+21.4 ms)
2026-06-26 03:52:33,418 - mazeUtils.moveTile - [moveTile.py:90] - DEBUG - [2568.406193] moveTile ramp check isBigRamp=False (+0.8 ms)
2026-06-26 03:52:33,424 - mazeUtils.moveTile - [moveTile.py:90] - DEBUG - [2568.412331] moveTile tile color check tempTileColor=E (+6.1 ms)
2026-06-26 03:52:33,425 - mazeUtils.moveTile - [moveTile.py:90] - DEBUG - [2568.413076] moveTile obstacle check escapeFlag=False (+0.7 ms)
2026-06-26 03:52:33,431 - mazeUtils.moveTile - [moveTile.py:79] - DEBUG - roll: 357.9 deg, practicalMoveTime: 0.2839831878231448 sec
2026-06-26 03:52:33,432 - mazeUtils.moveTile - [moveTile.py:1907] - DEBUG - moveTile loop time: 59.2 ms
2026-06-26 03:52:33,433 - mazeUtils.moveTile - [moveTile.py:90] - DEBUG - [2568.421222] moveTile loop end practicalMoveTime=0.284 (+8.1 ms)
2026-06-26 03:52:33,433 - mazeUtils.moveTile - [moveTile.py:90] - DEBUG - [2568.421752] moveTile loop start (+0.5 ms)
2026-06-26 03:52:33,439 - picamera2.picamera2 - [picamera2.py:1391] - DEBUG - Execute job: <picamera2.job.Job object at 0x7f90809a90>
2026-06-26 03:52:33,447 - mazeUtils.device.camera - [camera.py:39] - DEBUG - Average HSV: H=118.5, S=129.7, V=35.4
2026-06-26 03:52:33,459 - mazeUtils.moveTile - [moveTile.py:90] - DEBUG - [2568.447183] moveTile calculated motor speeds left=98 right=100 gyroSteer=-1.5599999999999454 wallSteer=0.0 (+25.4 ms)
2026-06-26 03:52:33,480 - mazeUtils.moveTile - [moveTile.py:90] - DEBUG - [2568.467904] moveTile applied motor speed left=98 right=100 (+20.7 ms)
2026-06-26 03:52:33,481 - mazeUtils.moveTile - [moveTile.py:90] - DEBUG - [2568.468823] moveTile ramp check isBigRamp=False (+0.9 ms)
2026-06-26 03:52:33,485 - mazeUtils.moveTile - [moveTile.py:90] - DEBUG - [2568.473475] moveTile tile color check tempTileColor=E (+4.7 ms)
2026-06-26 03:52:33,486 - mazeUtils.moveTile - [moveTile.py:90] - DEBUG - [2568.474164] moveTile obstacle check escapeFlag=False (+0.7 ms)
2026-06-26 03:52:33,491 - mazeUtils.moveTile - [moveTile.py:79] - DEBUG - roll: 0.3199999999999932 deg, practicalMoveTime: 0.3428141746580014 sec
2026-06-26 03:52:33,493 - mazeUtils.moveTile - [moveTile.py:1907] - DEBUG - moveTile loop time: 59.0 ms
2026-06-26 03:52:33,493 - mazeUtils.moveTile - [moveTile.py:90] - DEBUG - [2568.481442] moveTile loop end practicalMoveTime=0.343 (+7.3 ms)
2026-06-26 03:52:33,494 - mazeUtils.moveTile - [moveTile.py:90] - DEBUG - [2568.481928] moveTile loop start (+0.5 ms)
2026-06-26 03:52:33,501 - picamera2.picamera2 - [picamera2.py:1391] - DEBUG - Execute job: <picamera2.job.Job object at 0x7f81fc0550>
2026-06-26 03:52:33,507 - mazeUtils.device.camera - [camera.py:39] - DEBUG - Average HSV: H=116.2, S=160.9, V=40.9
2026-06-26 03:52:33,514 - mazeUtils.moveTile - [moveTile.py:90] - DEBUG - [2568.502584] moveTile calculated motor speeds left=100 right=95 gyroSteer=4.040000000000077 wallSteer=0.0 (+20.7 ms)
2026-06-26 03:52:33,534 - mazeUtils.moveTile - [moveTile.py:90] - DEBUG - [2568.522097] moveTile applied motor speed left=100 right=95 (+19.5 ms)
2026-06-26 03:52:33,535 - mazeUtils.moveTile - [moveTile.py:90] - DEBUG - [2568.522843] moveTile ramp check isBigRamp=False (+0.7 ms)
2026-06-26 03:52:33,539 - mazeUtils.moveTile - [moveTile.py:90] - DEBUG - [2568.527739] moveTile tile color check tempTileColor=E (+4.9 ms)
2026-06-26 03:52:33,540 - mazeUtils.moveTile - [moveTile.py:90] - DEBUG - [2568.528708] moveTile obstacle check escapeFlag=False (+1.0 ms)
2026-06-26 03:52:33,549 - mazeUtils.moveTile - [moveTile.py:79] - DEBUG - roll: 358.81 deg, practicalMoveTime: 0.3994585565225721 sec
2026-06-26 03:52:33,550 - mazeUtils.moveTile - [moveTile.py:1907] - DEBUG - moveTile loop time: 56.4 ms
2026-06-26 03:52:33,551 - mazeUtils.moveTile - [moveTile.py:90] - DEBUG - [2568.538949] moveTile loop end practicalMoveTime=0.399 (+10.2 ms)
2026-06-26 03:52:33,551 - mazeUtils.moveTile - [moveTile.py:90] - DEBUG - [2568.539465] moveTile loop start (+0.5 ms)
2026-06-26 03:52:33,557 - picamera2.picamera2 - [picamera2.py:1391] - DEBUG - Execute job: <picamera2.job.Job object at 0x7f606f4dd0>
2026-06-26 03:52:33,563 - mazeUtils.device.camera - [camera.py:39] - DEBUG - Average HSV: H=116.2, S=163.5, V=39.9
2026-06-26 03:52:33,568 - mazeUtils.moveTile - [moveTile.py:90] - DEBUG - [2568.556719] moveTile calculated motor speeds left=100 right=95 gyroSteer=4.080000000000041 wallSteer=0.0 (+17.3 ms)
2026-06-26 03:52:33,588 - mazeUtils.moveTile - [moveTile.py:90] - DEBUG - [2568.576499] moveTile applied motor speed left=100 right=95 (+19.8 ms)
2026-06-26 03:52:33,589 - mazeUtils.moveTile - [moveTile.py:90] - DEBUG - [2568.577334] moveTile ramp check isBigRamp=False (+0.8 ms)
2026-06-26 03:52:33,612 - mazeUtils.moveTile - [moveTile.py:240] - INFO - Black tile detected! Stopping movement. Starting escape maneuver.
2026-06-26 03:52:34,226 - mazeUtils.moveTile - [moveTile.py:79] - DEBUG - Escape maneuver complete.
2026-06-26 03:52:34,227 - mazeUtils.moveTile - [moveTile.py:90] - DEBUG - [2569.215142] moveTile escaped from black tile (+637.8 ms)
2026-06-26 03:52:34,276 - __main__ - [main.py:106] - INFO - Current position: (23, 17, 0), front direction: absDirection.SOUTH
Layer 0 (altitude=0.0cm, offset=(0.0cm, 0.0cm)):
Known map area: x=20..24, y=15..20
+---+---+   +   +   +
| E   E | U   U   U  
+   +   +   +   +   +
| E   E | U   U   U  
+   +---+---+---+   +
| E   E   E   @   R |
+   +---+   +   +---+
| E   U   U   B   U  
+   +   +   +   +   +
| E   U   U   U   U  
+   +   +   +   +   +
| S | U   U   U   U  
+---+   +   +   +   +
mazeAsGraph[0][15][20] = {absDirection.NORTH: None, absDirection.EAST: (21, 15, 0, 30), absDirection.SOUTH: (20, 16, 0, 30), absDirection.WEST: None}
mazeAsGraph[0][15][21] = {absDirection.NORTH: None, absDirection.EAST: None, absDirection.SOUTH: (21, 16, 0, 30), absDirection.WEST: (20, 15, 0, 30)}
mazeAsGraph[0][16][20] = {absDirection.NORTH: (20, 15, 0, 30), absDirection.EAST: (21, 16, 0, 30), absDirection.SOUTH: (20, 17, 0, 30), absDirection.WEST: None}
mazeAsGraph[0][16][21] = {absDirection.NORTH: (21, 15, 0, 30), absDirection.EAST: None, absDirection.SOUTH: None, absDirection.WEST: (20, 16, 0, 30)}
mazeAsGraph[0][17][20] = {absDirection.NORTH: (20, 16, 0, 30), absDirection.EAST: (21, 17, 0, 30), absDirection.SOUTH: (20, 18, 0, 30), absDirection.WEST: None}
mazeAsGraph[0][17][21] = {absDirection.NORTH: None, absDirection.EAST: (22, 17, 0, 30), absDirection.SOUTH: None, absDirection.WEST: (20, 17, 0, 30)}
mazeAsGraph[0][17][22] = {absDirection.NORTH: None, absDirection.EAST: (23, 17, 0, 30), absDirection.SOUTH: (22, 18, 0, 30), absDirection.WEST: (21, 17, 0, 30)}
mazeAsGraph[0][17][23] = {absDirection.NORTH: None, absDirection.EAST: (24, 17, 0, 30), absDirection.SOUTH: None, absDirection.WEST: (22, 17, 0, 30)}
mazeAsGraph[0][17][24] = {absDirection.NORTH: (24, 16, 0, 30), absDirection.EAST: None, absDirection.SOUTH: None, absDirection.WEST: (23, 17, 0, 30)}
mazeAsGraph[0][18][20] = {absDirection.NORTH: (20, 17, 0, 30), absDirection.EAST: (21, 18, 0, 30), absDirection.SOUTH: (20, 19, 0, 30), absDirection.WEST: None}
mazeAsGraph[0][18][23] = {absDirection.NORTH: None, absDirection.EAST: None, absDirection.SOUTH: None, absDirection.WEST: None}
mazeAsGraph[0][19][20] = {absDirection.NORTH: (20, 18, 0, 30), absDirection.EAST: (21, 19, 0, 30), absDirection.SOUTH: (20, 20, 0, 30), absDirection.WEST: None}
mazeAsGraph[0][20][20] = {absDirection.NORTH: (20, 19, 0, 30), absDirection.EAST: None, absDirection.SOUTH: None, absDirection.WEST: None}
2026-06-26 03:52:34,282 - __main__ - [main.py:115] - WARNING - Position did not change after movement. Possible error in movement or wall detection.
2026-06-26 03:52:34,285 - mazeUtils.mazeMap - [mazeMap.py:61] - INFO - next goal: (22, 18, 0)
2026-06-26 03:52:34,288 - mazeUtils.mazeMap - [mazeMap.py:61] - INFO - next goal: (20, 20, 0)
2026-06-26 03:52:34,290 - mazeUtils.moveTile - [moveTile.py:88] - DEBUG - [2569.277812] moveTile start direction=absDirection.WEST position=(23, 17, 0) front=absDirection.SOUTH
2026-06-26 03:52:34,294 - mazeUtils.moveTile - [moveTile.py:90] - DEBUG - [2569.282767] moveTile after initial toggle check (+5.0 ms)
2026-06-26 03:52:34,297 - mazeUtils.moveTile - [moveTile.py:90] - DEBUG - [2569.285092] moveTile after tile checks isRedTile=False isUnknownTileAhead=False (+2.3 ms)
2026-06-26 03:52:34,297 - mazeUtils.moveTile - [moveTile.py:79] - DEBUG - Moving to absDirection.WEST from (23, 17, 0) facing absDirection.SOUTH
2026-06-26 03:52:34,298 - mazeUtils.moveTile - [moveTile.py:90] - DEBUG - [2569.286184] moveTile start heading change target=90 (+1.1 ms)
2026-06-26 03:52:34,303 - mazeUtils.moveTile - [moveTile.py:79] - DEBUG - Turning to 90 deg, current heading: 178.03 deg, turnAngle: 88.03 deg
2026-06-26 03:52:34,336 - mazeUtils.moveTile - [moveTile.py:79] - DEBUG - gyro:178.60000000000002 deg, derivative: 0.5700000000000216, turnSpeed: 100
2026-06-26 03:52:34,367 - mazeUtils.moveTile - [moveTile.py:79] - DEBUG - gyro:178.82000000000002 deg, derivative: 0.21999999999999886, turnSpeed: 100
2026-06-26 03:52:34,392 - mazeUtils.moveTile - [moveTile.py:79] - DEBUG - gyro:178.78 deg, derivative: -0.040000000000020464, turnSpeed: 100
2026-06-26 03:52:34,423 - mazeUtils.moveTile - [moveTile.py:79] - DEBUG - gyro:178.77 deg, derivative: -0.009999999999990905, turnSpeed: 100
2026-06-26 03:52:34,451 - mazeUtils.moveTile - [moveTile.py:79] - DEBUG - gyro:177.85000000000002 deg, derivative: -0.9199999999999875, turnSpeed: 100
2026-06-26 03:52:34,484 - mazeUtils.moveTile - [moveTile.py:79] - DEBUG - gyro:175.26000000000002 deg, derivative: -2.5900000000000034, turnSpeed: 100
2026-06-26 03:52:34,518 - mazeUtils.moveTile - [moveTile.py:79] - DEBUG - gyro:172.51000000000002 deg, derivative: -2.75, turnSpeed: 100
2026-06-26 03:52:34,545 - mazeUtils.moveTile - [moveTile.py:79] - DEBUG - gyro:167.92000000000002 deg, derivative: -4.590000000000003, turnSpeed: 100
2026-06-26 03:52:34,582 - mazeUtils.moveTile - [moveTile.py:79] - DEBUG - gyro:163.35000000000002 deg, derivative: -4.569999999999993, turnSpeed: 100
2026-06-26 03:52:34,609 - mazeUtils.moveTile - [moveTile.py:79] - DEBUG - gyro:161.08 deg, derivative: -2.2700000000000102, turnSpeed: 100
2026-06-26 03:52:34,635 - mazeUtils.moveTile - [moveTile.py:79] - DEBUG - gyro:157.93 deg, derivative: -3.1500000000000057, turnSpeed: 100
2026-06-26 03:52:34,660 - mazeUtils.moveTile - [moveTile.py:79] - DEBUG - gyro:155.48000000000002 deg, derivative: -2.4499999999999886, turnSpeed: 100
2026-06-26 03:52:34,689 - mazeUtils.moveTile - [moveTile.py:79] - DEBUG - gyro:151.92000000000002 deg, derivative: -3.5600000000000023, turnSpeed: 100
2026-06-26 03:52:34,716 - mazeUtils.moveTile - [moveTile.py:79] - DEBUG - gyro:148.79000000000002 deg, derivative: -3.1299999999999955, turnSpeed: 100
2026-06-26 03:52:34,743 - mazeUtils.moveTile - [moveTile.py:79] - DEBUG - gyro:143.3 deg, derivative: -5.490000000000009, turnSpeed: 100
2026-06-26 03:52:34,774 - mazeUtils.moveTile - [moveTile.py:79] - DEBUG - gyro:140.5 deg, derivative: -2.8000000000000114, turnSpeed: 100
2026-06-26 03:52:34,802 - mazeUtils.moveTile - [moveTile.py:79] - DEBUG - gyro:136.04000000000002 deg, derivative: -4.4599999999999795, turnSpeed: 92.08000000000004
2026-06-26 03:52:34,832 - mazeUtils.moveTile - [moveTile.py:79] - DEBUG - gyro:132.25 deg, derivative: -3.7900000000000205, turnSpeed: 84.5
2026-06-26 03:52:34,860 - mazeUtils.moveTile - [moveTile.py:79] - DEBUG - gyro:127.59000000000003 deg, derivative: -4.659999999999968, turnSpeed: 75.18000000000006
2026-06-26 03:52:34,886 - mazeUtils.moveTile - [moveTile.py:79] - DEBUG - gyro:123.27000000000001 deg, derivative: -4.320000000000022, turnSpeed: 66.54000000000002
2026-06-26 03:52:34,913 - mazeUtils.moveTile - [moveTile.py:79] - DEBUG - gyro:120.07 deg, derivative: -3.200000000000017, turnSpeed: 60.139999999999986
2026-06-26 03:52:34,940 - mazeUtils.moveTile - [moveTile.py:79] - DEBUG - gyro:115.84000000000003 deg, derivative: -4.229999999999961, turnSpeed: 51.680000000000064
2026-06-26 03:52:34,966 - mazeUtils.moveTile - [moveTile.py:79] - DEBUG - gyro:113.94 deg, derivative: -1.900000000000034, turnSpeed: 47.879999999999995
2026-06-26 03:52:34,995 - mazeUtils.moveTile - [moveTile.py:79] - DEBUG - gyro:111.66000000000003 deg, derivative: -2.2799999999999727, turnSpeed: 43.32000000000005
2026-06-26 03:52:35,021 - mazeUtils.moveTile - [moveTile.py:79] - DEBUG - gyro:109.44 deg, derivative: -2.2200000000000273, turnSpeed: 38.879999999999995
2026-06-26 03:52:35,049 - mazeUtils.moveTile - [moveTile.py:79] - DEBUG - gyro:108.35000000000002 deg, derivative: -1.089999999999975, turnSpeed: 36.700000000000045
2026-06-26 03:52:35,076 - mazeUtils.moveTile - [moveTile.py:79] - DEBUG - gyro:107.44 deg, derivative: -0.910000000000025, turnSpeed: 34.879999999999995
2026-06-26 03:52:35,102 - mazeUtils.moveTile - [moveTile.py:79] - DEBUG - gyro:106.07 deg, derivative: -1.3700000000000045, turnSpeed: 32.139999999999986
2026-06-26 03:52:35,130 - mazeUtils.moveTile - [moveTile.py:79] - DEBUG - gyro:104.75999999999999 deg, derivative: -1.3100000000000023, turnSpeed: 29.519999999999982
2026-06-26 03:52:35,156 - mazeUtils.moveTile - [moveTile.py:79] - DEBUG - gyro:103.11000000000001 deg, derivative: -1.6499999999999773, turnSpeed: 26.220000000000027
2026-06-26 03:52:35,184 - mazeUtils.moveTile - [moveTile.py:79] - DEBUG - gyro:101.09000000000003 deg, derivative: -2.019999999999982, turnSpeed: 22.180000000000064
2026-06-26 03:52:35,215 - mazeUtils.moveTile - [moveTile.py:79] - DEBUG - gyro:100.43 deg, derivative: -0.660000000000025, turnSpeed: 20.860000000000014
2026-06-26 03:52:35,240 - mazeUtils.moveTile - [moveTile.py:79] - DEBUG - gyro:99.10000000000002 deg, derivative: -1.329999999999984, turnSpeed: 18.200000000000045
2026-06-26 03:52:35,268 - mazeUtils.moveTile - [moveTile.py:79] - DEBUG - gyro:98.37 deg, derivative: -0.7300000000000182, turnSpeed: 16.74000000000001
2026-06-26 03:52:35,300 - mazeUtils.moveTile - [moveTile.py:79] - DEBUG - gyro:97.54000000000002 deg, derivative: -0.8299999999999841, turnSpeed: 15.080000000000041
2026-06-26 03:52:35,329 - mazeUtils.moveTile - [moveTile.py:79] - DEBUG - gyro:96.91000000000003 deg, derivative: -0.6299999999999955, turnSpeed: 13.82000000000005
2026-06-26 03:52:35,355 - mazeUtils.moveTile - [moveTile.py:79] - DEBUG - gyro:96.00999999999999 deg, derivative: -0.9000000000000341, turnSpeed: 12.019999999999982
2026-06-26 03:52:35,383 - mazeUtils.moveTile - [moveTile.py:79] - DEBUG - gyro:95.06 deg, derivative: -0.9499999999999886, turnSpeed: 10.120000000000005
2026-06-26 03:52:35,419 - mazeUtils.moveTile - [moveTile.py:79] - DEBUG - gyro:95.0 deg, derivative: -0.060000000000002274, turnSpeed: 10.0
2026-06-26 03:52:35,447 - mazeUtils.moveTile - [moveTile.py:79] - DEBUG - gyro:94.48000000000002 deg, derivative: -0.5199999999999818, turnSpeed: 8.960000000000036
2026-06-26 03:52:35,472 - mazeUtils.moveTile - [moveTile.py:79] - DEBUG - gyro:93.89999999999998 deg, derivative: -0.5800000000000409, turnSpeed: 7.7999999999999545
2026-06-26 03:52:35,498 - mazeUtils.moveTile - [moveTile.py:79] - DEBUG - gyro:93.45000000000005 deg, derivative: -0.4499999999999318, turnSpeed: 6.900000000000091
2026-06-26 03:52:35,527 - mazeUtils.moveTile - [moveTile.py:79] - DEBUG - gyro:93.08000000000004 deg, derivative: -0.37000000000000455, turnSpeed: 6.160000000000082
2026-06-26 03:52:35,555 - mazeUtils.moveTile - [moveTile.py:79] - DEBUG - gyro:92.76999999999998 deg, derivative: -0.3100000000000591, turnSpeed: 5.539999999999964
2026-06-26 03:52:35,581 - mazeUtils.moveTile - [moveTile.py:79] - DEBUG - gyro:92.45000000000005 deg, derivative: -0.31999999999993634, turnSpeed: 4.900000000000091
2026-06-26 03:52:35,616 - mazeUtils.moveTile - [moveTile.py:79] - DEBUG - gyro:92.21000000000004 deg, derivative: -0.2400000000000091, turnSpeed: 4.420000000000073
2026-06-26 03:52:35,641 - mazeUtils.moveTile - [moveTile.py:79] - DEBUG - gyro:91.93 deg, derivative: -0.28000000000002956, turnSpeed: 3.8600000000000136
2026-06-26 03:52:35,661 - mazeUtils.moveTile - [moveTile.py:79] - DEBUG - Turned to heading: 91.93 deg
2026-06-26 03:52:35,662 - mazeUtils.moveTile - [moveTile.py:90] - DEBUG - [2570.650070] moveTile finished heading change (+1363.9 ms)
2026-06-26 03:52:35,662 - mazeUtils.moveTile - [moveTile.py:90] - DEBUG - [2570.650530] moveTile updated front direction (+0.5 ms)
2026-06-26 03:52:35,683 - mazeUtils.moveTile - [moveTile.py:90] - DEBUG - [2570.671382] moveTile stopped motors before alignment (+20.9 ms)
2026-06-26 03:52:35,824 - mazeUtils.moveTile - [moveTile.py:563] - DEBUG - Direction: absDirection.NORTH, Angle: 270, Distance: 18.699882795175288 cm
2026-06-26 03:52:35,825 - mazeUtils.moveTile - [moveTile.py:563] - DEBUG - Direction: absDirection.EAST, Angle: 180, Distance: 49.93836595608775 cm
2026-06-26 03:52:35,827 - mazeUtils.moveTile - [moveTile.py:563] - DEBUG - Direction: absDirection.SOUTH, Angle: 90, Distance: 47.45447734968837 cm
2026-06-26 03:52:35,828 - mazeUtils.moveTile - [moveTile.py:563] - DEBUG - Direction: absDirection.WEST, Angle: 0, Distance: 104.91213277200345 cm
2026-06-26 03:52:35,857 - mazeUtils.moveTile - [moveTile.py:90] - DEBUG - [2570.844880] moveTile ready for forward move (+173.5 ms)
2026-06-26 03:52:35,927 - mazeUtils.moveTile - [moveTile.py:1569] - DEBUG - Calculated target steps to next tile: 1 based on distance 30 cm
2026-06-26 03:52:35,927 - mazeUtils.moveTile - [moveTile.py:90] - DEBUG - [2570.915584] moveTile initialized movement targetSteps=1 (+70.7 ms)
2026-06-26 03:52:35,928 - mazeUtils.moveTile - [moveTile.py:90] - DEBUG - [2570.916613] moveTile loop start (+1.0 ms)
2026-06-26 03:52:35,934 - picamera2.picamera2 - [picamera2.py:1391] - DEBUG - Execute job: <picamera2.job.Job object at 0x7f81fc0550>
2026-06-26 03:52:35,941 - mazeUtils.device.camera - [camera.py:39] - DEBUG - Average HSV: H=132.9, S=23.6, V=235.7
2026-06-26 03:52:35,947 - mazeUtils.moveTile - [moveTile.py:90] - DEBUG - [2570.935321] moveTile calculated motor speeds left=100 right=94 gyroSteer=4.720000000000027 wallSteer=0.8000000000000007 (+18.7 ms)
2026-06-26 03:52:35,967 - mazeUtils.moveTile - [moveTile.py:90] - DEBUG - [2570.955292] moveTile applied motor speed left=100 right=94 (+20.0 ms)
2026-06-26 03:52:35,968 - mazeUtils.moveTile - [moveTile.py:90] - DEBUG - [2570.956647] moveTile ramp check isBigRamp=False (+1.4 ms)
2026-06-26 03:52:35,972 - mazeUtils.moveTile - [moveTile.py:90] - DEBUG - [2570.960549] moveTile tile color check tempTileColor=E (+3.9 ms)
2026-06-26 03:52:35,973 - mazeUtils.moveTile - [moveTile.py:90] - DEBUG - [2570.961207] moveTile obstacle check escapeFlag=False (+0.7 ms)
2026-06-26 03:52:35,979 - mazeUtils.moveTile - [moveTile.py:79] - DEBUG - roll: 358.05 deg, practicalMoveTime: 0.05224912630130868 sec
2026-06-26 03:52:35,980 - mazeUtils.moveTile - [moveTile.py:1907] - DEBUG - moveTile loop time: 51.4 ms
2026-06-26 03:52:35,980 - mazeUtils.moveTile - [moveTile.py:90] - DEBUG - [2570.968765] moveTile loop end practicalMoveTime=0.052 (+7.6 ms)
2026-06-26 03:52:35,981 - mazeUtils.moveTile - [moveTile.py:90] - DEBUG - [2570.969350] moveTile loop start (+0.6 ms)
2026-06-26 03:52:35,989 - picamera2.picamera2 - [picamera2.py:1391] - DEBUG - Execute job: <picamera2.job.Job object at 0x7f81fc0550>
2026-06-26 03:52:35,995 - mazeUtils.device.camera - [camera.py:39] - DEBUG - Average HSV: H=133.8, S=23.0, V=234.9
2026-06-26 03:52:36,000 - mazeUtils.moveTile - [moveTile.py:90] - DEBUG - [2570.988757] moveTile calculated motor speeds left=100 right=95 gyroSteer=3.6400000000001 wallSteer=0.8000000000000007 (+19.4 ms)
2026-06-26 03:52:36,021 - mazeUtils.moveTile - [moveTile.py:90] - DEBUG - [2571.008994] moveTile applied motor speed left=100 right=95 (+20.2 ms)
2026-06-26 03:52:36,021 - mazeUtils.moveTile - [moveTile.py:90] - DEBUG - [2571.009773] moveTile ramp check isBigRamp=False (+0.8 ms)
2026-06-26 03:52:36,025 - mazeUtils.moveTile - [moveTile.py:90] - DEBUG - [2571.013531] moveTile tile color check tempTileColor=E (+3.8 ms)
2026-06-26 03:52:36,026 - mazeUtils.moveTile - [moveTile.py:90] - DEBUG - [2571.014724] moveTile obstacle check escapeFlag=False (+1.2 ms)
2026-06-26 03:52:36,031 - mazeUtils.moveTile - [moveTile.py:79] - DEBUG - roll: 358.01 deg, practicalMoveTime: 0.10370412018962005 sec
2026-06-26 03:52:36,032 - mazeUtils.moveTile - [moveTile.py:1907] - DEBUG - moveTile loop time: 51.0 ms
2026-06-26 03:52:36,033 - mazeUtils.moveTile - [moveTile.py:90] - DEBUG - [2571.021492] moveTile loop end practicalMoveTime=0.104 (+6.8 ms)
2026-06-26 03:52:36,034 - mazeUtils.moveTile - [moveTile.py:90] - DEBUG - [2571.021981] moveTile loop start (+0.5 ms)
2026-06-26 03:52:36,042 - picamera2.picamera2 - [picamera2.py:1391] - DEBUG - Execute job: <picamera2.job.Job object at 0x7f81fc09d0>
2026-06-26 03:52:36,048 - mazeUtils.device.camera - [camera.py:39] - DEBUG - Average HSV: H=133.4, S=23.1, V=234.5
2026-06-26 03:52:36,053 - mazeUtils.moveTile - [moveTile.py:90] - DEBUG - [2571.041727] moveTile calculated motor speeds left=100 right=96 gyroSteer=0.9200000000000728 wallSteer=2.3999999999999986 (+19.7 ms)
2026-06-26 03:52:36,079 - mazeUtils.moveTile - [moveTile.py:90] - DEBUG - [2571.067077] moveTile applied motor speed left=100 right=96 (+25.4 ms)
2026-06-26 03:52:36,079 - mazeUtils.moveTile - [moveTile.py:90] - DEBUG - [2571.067811] moveTile ramp check isBigRamp=False (+0.7 ms)
2026-06-26 03:52:36,085 - mazeUtils.moveTile - [moveTile.py:90] - DEBUG - [2571.072764] moveTile tile color check tempTileColor=E (+5.0 ms)
2026-06-26 03:52:36,085 - mazeUtils.moveTile - [moveTile.py:90] - DEBUG - [2571.073651] moveTile obstacle check escapeFlag=False (+0.9 ms)
2026-06-26 03:52:36,092 - mazeUtils.moveTile - [moveTile.py:79] - DEBUG - roll: 357.86 deg, practicalMoveTime: 0.16360794267169276 sec
2026-06-26 03:52:36,093 - mazeUtils.moveTile - [moveTile.py:1907] - DEBUG - moveTile loop time: 59.2 ms
2026-06-26 03:52:36,094 - mazeUtils.moveTile - [moveTile.py:90] - DEBUG - [2571.081890] moveTile loop end practicalMoveTime=0.164 (+8.2 ms)
2026-06-26 03:52:36,095 - mazeUtils.moveTile - [moveTile.py:90] - DEBUG - [2571.082854] moveTile loop start (+1.0 ms)
2026-06-26 03:52:36,100 - picamera2.picamera2 - [picamera2.py:1391] - DEBUG - Execute job: <picamera2.job.Job object at 0x7f90809890>
2026-06-26 03:52:36,106 - mazeUtils.device.camera - [camera.py:39] - DEBUG - Average HSV: H=133.3, S=21.0, V=236.2
2026-06-26 03:52:36,111 - mazeUtils.moveTile - [moveTile.py:90] - DEBUG - [2571.099162] moveTile calculated motor speeds left=100 right=96 gyroSteer=0.36000000000012733 wallSteer=2.8000000000000007 (+16.3 ms)
2026-06-26 03:52:36,131 - mazeUtils.moveTile - [moveTile.py:90] - DEBUG - [2571.119232] moveTile applied motor speed left=100 right=96 (+20.1 ms)
2026-06-26 03:52:36,132 - mazeUtils.moveTile - [moveTile.py:90] - DEBUG - [2571.119945] moveTile ramp check isBigRamp=False (+0.7 ms)
2026-06-26 03:52:36,135 - mazeUtils.moveTile - [moveTile.py:90] - DEBUG - [2571.123595] moveTile tile color check tempTileColor=E (+3.6 ms)
2026-06-26 03:52:36,136 - mazeUtils.moveTile - [moveTile.py:90] - DEBUG - [2571.124422] moveTile obstacle check escapeFlag=False (+0.8 ms)
2026-06-26 03:52:36,141 - mazeUtils.moveTile - [moveTile.py:79] - DEBUG - roll: 358.14 deg, practicalMoveTime: 0.21159546313020283 sec
2026-06-26 03:52:36,142 - mazeUtils.moveTile - [moveTile.py:1907] - DEBUG - moveTile loop time: 47.2 ms
2026-06-26 03:52:36,142 - mazeUtils.moveTile - [moveTile.py:90] - DEBUG - [2571.130692] moveTile loop end practicalMoveTime=0.212 (+6.3 ms)
2026-06-26 03:52:36,143 - mazeUtils.moveTile - [moveTile.py:90] - DEBUG - [2571.131219] moveTile loop start (+0.5 ms)
2026-06-26 03:52:36,150 - picamera2.picamera2 - [picamera2.py:1391] - DEBUG - Execute job: <picamera2.job.Job object at 0x7f81fc0550>
2026-06-26 03:52:36,156 - mazeUtils.device.camera - [camera.py:39] - DEBUG - Average HSV: H=132.0, S=21.4, V=237.2
2026-06-26 03:52:36,162 - mazeUtils.moveTile - [moveTile.py:90] - DEBUG - [2571.150384] moveTile calculated motor speeds left=100 right=97 gyroSteer=-1.0399999999999636 wallSteer=3.1999999999999993 (+19.2 ms)
2026-06-26 03:52:36,190 - mazeUtils.moveTile - [moveTile.py:90] - DEBUG - [2571.178298] moveTile applied motor speed left=100 right=97 (+27.9 ms)
2026-06-26 03:52:36,191 - mazeUtils.moveTile - [moveTile.py:90] - DEBUG - [2571.179068] moveTile ramp check isBigRamp=False (+0.8 ms)
2026-06-26 03:52:36,195 - mazeUtils.moveTile - [moveTile.py:90] - DEBUG - [2571.182860] moveTile tile color check tempTileColor=E (+3.8 ms)
2026-06-26 03:52:36,195 - mazeUtils.moveTile - [moveTile.py:90] - DEBUG - [2571.183523] moveTile obstacle check escapeFlag=False (+0.7 ms)
2026-06-26 03:52:36,202 - mazeUtils.moveTile - [moveTile.py:79] - DEBUG - roll: 357.86 deg, practicalMoveTime: 0.2717030363027803 sec
2026-06-26 03:52:36,203 - mazeUtils.moveTile - [moveTile.py:1907] - DEBUG - moveTile loop time: 60.3 ms
2026-06-26 03:52:36,204 - mazeUtils.moveTile - [moveTile.py:90] - DEBUG - [2571.192221] moveTile loop end practicalMoveTime=0.272 (+8.7 ms)
2026-06-26 03:52:36,204 - mazeUtils.moveTile - [moveTile.py:90] - DEBUG - [2571.192645] moveTile loop start (+0.4 ms)
2026-06-26 03:52:36,210 - picamera2.picamera2 - [picamera2.py:1391] - DEBUG - Execute job: <picamera2.job.Job object at 0x7f99ba7690>
2026-06-26 03:52:36,217 - mazeUtils.device.camera - [camera.py:39] - DEBUG - Average HSV: H=131.7, S=19.5, V=240.5
2026-06-26 03:52:36,222 - mazeUtils.moveTile - [moveTile.py:90] - DEBUG - [2571.210385] moveTile calculated motor speeds left=100 right=94 gyroSteer=1.4400000000000546 wallSteer=3.6000000000000014 (+17.7 ms)
2026-06-26 03:52:36,242 - mazeUtils.moveTile - [moveTile.py:90] - DEBUG - [2571.230757] moveTile applied motor speed left=100 right=94 (+20.4 ms)
2026-06-26 03:52:36,243 - mazeUtils.moveTile - [moveTile.py:90] - DEBUG - [2571.231482] moveTile ramp check isBigRamp=False (+0.7 ms)
2026-06-26 03:52:36,247 - mazeUtils.moveTile - [moveTile.py:90] - DEBUG - [2571.235385] moveTile tile color check tempTileColor=E (+3.9 ms)
2026-06-26 03:52:36,248 - mazeUtils.moveTile - [moveTile.py:90] - DEBUG - [2571.236097] moveTile obstacle check escapeFlag=False (+0.7 ms)
2026-06-26 03:52:36,252 - mazeUtils.moveTile - [moveTile.py:79] - DEBUG - roll: 358.55 deg, practicalMoveTime: 0.3206534474293521 sec
2026-06-26 03:52:36,253 - mazeUtils.moveTile - [moveTile.py:1907] - DEBUG - moveTile loop time: 48.7 ms
2026-06-26 03:52:36,254 - mazeUtils.moveTile - [moveTile.py:90] - DEBUG - [2571.241950] moveTile loop end practicalMoveTime=0.321 (+5.9 ms)
2026-06-26 03:52:36,254 - mazeUtils.moveTile - [moveTile.py:90] - DEBUG - [2571.242423] moveTile loop start (+0.5 ms)
2026-06-26 03:52:36,263 - picamera2.picamera2 - [picamera2.py:1391] - DEBUG - Execute job: <picamera2.job.Job object at 0x7f82062f50>
2026-06-26 03:52:36,269 - mazeUtils.device.camera - [camera.py:39] - DEBUG - Average HSV: H=133.4, S=18.8, V=239.4
2026-06-26 03:52:36,275 - mazeUtils.moveTile - [moveTile.py:90] - DEBUG - [2571.262825] moveTile calculated motor speeds left=100 right=93 gyroSteer=5.0 wallSteer=1.1999999999999993 (+20.4 ms)
2026-06-26 03:52:36,301 - mazeUtils.moveTile - [moveTile.py:90] - DEBUG - [2571.289117] moveTile applied motor speed left=100 right=93 (+26.3 ms)
2026-06-26 03:52:36,302 - mazeUtils.moveTile - [moveTile.py:90] - DEBUG - [2571.290277] moveTile ramp check isBigRamp=False (+1.2 ms)
2026-06-26 03:52:36,308 - mazeUtils.moveTile - [moveTile.py:90] - DEBUG - [2571.296596] moveTile tile color check tempTileColor=E (+6.3 ms)
2026-06-26 03:52:36,309 - mazeUtils.moveTile - [moveTile.py:90] - DEBUG - [2571.297282] moveTile obstacle check escapeFlag=False (+0.7 ms)
2026-06-26 03:52:36,314 - mazeUtils.moveTile - [moveTile.py:79] - DEBUG - roll: 359.15999999999997 deg, practicalMoveTime: 0.3811920491912074 sec
2026-06-26 03:52:36,315 - mazeUtils.moveTile - [moveTile.py:1907] - DEBUG - moveTile loop time: 60.9 ms
2026-06-26 03:52:36,316 - mazeUtils.moveTile - [moveTile.py:90] - DEBUG - [2571.304055] moveTile loop end practicalMoveTime=0.381 (+6.8 ms)
2026-06-26 03:52:36,316 - mazeUtils.moveTile - [moveTile.py:90] - DEBUG - [2571.304607] moveTile loop start (+0.6 ms)
2026-06-26 03:52:36,321 - picamera2.picamera2 - [picamera2.py:1391] - DEBUG - Execute job: <picamera2.job.Job object at 0x7f81fc09d0>
2026-06-26 03:52:36,328 - mazeUtils.device.camera - [camera.py:39] - DEBUG - Average HSV: H=134.1, S=17.5, V=240.7
2026-06-26 03:52:36,335 - mazeUtils.moveTile - [moveTile.py:90] - DEBUG - [2571.323610] moveTile calculated motor speeds left=98 right=100 gyroSteer=-2.1599999999998545 wallSteer=0.8000000000000007 (+19.0 ms)
2026-06-26 03:52:36,355 - mazeUtils.moveTile - [moveTile.py:90] - DEBUG - [2571.343332] moveTile applied motor speed left=98 right=100 (+19.7 ms)
2026-06-26 03:52:36,356 - mazeUtils.moveTile - [moveTile.py:90] - DEBUG - [2571.344112] moveTile ramp check isBigRamp=False (+0.8 ms)
2026-06-26 03:52:36,359 - mazeUtils.moveTile - [moveTile.py:90] - DEBUG - [2571.347600] moveTile tile color check tempTileColor=E (+3.5 ms)
2026-06-26 03:52:36,361 - mazeUtils.moveTile - [moveTile.py:90] - DEBUG - [2571.349044] moveTile obstacle check escapeFlag=False (+1.4 ms)
2026-06-26 03:52:36,367 - mazeUtils.moveTile - [moveTile.py:79] - DEBUG - roll: 358.21999999999997 deg, practicalMoveTime: 0.43340241918531847 sec
2026-06-26 03:52:36,368 - mazeUtils.moveTile - [moveTile.py:1907] - DEBUG - moveTile loop time: 51.9 ms
2026-06-26 03:52:36,369 - mazeUtils.moveTile - [moveTile.py:90] - DEBUG - [2571.357110] moveTile loop end practicalMoveTime=0.433 (+8.1 ms)
2026-06-26 03:52:36,369 - mazeUtils.moveTile - [moveTile.py:90] - DEBUG - [2571.357509] moveTile loop start (+0.4 ms)
2026-06-26 03:52:36,378 - picamera2.picamera2 - [picamera2.py:1391] - DEBUG - Execute job: <picamera2.job.Job object at 0x7f81fc09d0>
2026-06-26 03:52:36,385 - mazeUtils.device.camera - [camera.py:39] - DEBUG - Average HSV: H=131.8, S=18.7, V=242.6
2026-06-26 03:52:36,392 - mazeUtils.moveTile - [moveTile.py:90] - DEBUG - [2571.380279] moveTile calculated motor speeds left=100 right=97 gyroSteer=0.4800000000000182 wallSteer=2.3999999999999986 (+22.8 ms)
2026-06-26 03:52:36,415 - mazeUtils.moveTile - [moveTile.py:90] - DEBUG - [2571.403506] moveTile applied motor speed left=100 right=97 (+23.2 ms)
2026-06-26 03:52:36,417 - mazeUtils.moveTile - [moveTile.py:90] - DEBUG - [2571.404825] moveTile ramp check isBigRamp=False (+1.3 ms)
2026-06-26 03:52:36,421 - mazeUtils.moveTile - [moveTile.py:90] - DEBUG - [2571.409726] moveTile tile color check tempTileColor=E (+4.9 ms)
2026-06-26 03:52:36,422 - mazeUtils.moveTile - [moveTile.py:90] - DEBUG - [2571.410425] moveTile obstacle check escapeFlag=False (+0.7 ms)
2026-06-26 03:52:36,429 - mazeUtils.moveTile - [moveTile.py:79] - DEBUG - roll: 356.76 deg, practicalMoveTime: 0.49359558739686377 sec
2026-06-26 03:52:36,430 - mazeUtils.moveTile - [moveTile.py:1907] - DEBUG - moveTile loop time: 60.5 ms
2026-06-26 03:52:36,430 - mazeUtils.moveTile - [moveTile.py:90] - DEBUG - [2571.418644] moveTile loop end practicalMoveTime=0.494 (+8.2 ms)
2026-06-26 03:52:36,431 - mazeUtils.moveTile - [moveTile.py:90] - DEBUG - [2571.419055] moveTile loop start (+0.4 ms)
2026-06-26 03:52:36,437 - picamera2.picamera2 - [picamera2.py:1391] - DEBUG - Execute job: <picamera2.job.Job object at 0x7f606f4dd0>
2026-06-26 03:52:36,443 - mazeUtils.device.camera - [camera.py:39] - DEBUG - Average HSV: H=129.6, S=19.5, V=245.9
2026-06-26 03:52:36,451 - mazeUtils.moveTile - [moveTile.py:90] - DEBUG - [2571.439108] moveTile calculated motor speeds left=100 right=98 gyroSteer=1.800000000000182 wallSteer=-0.3999999999999986 (+20.1 ms)
2026-06-26 03:52:36,470 - mazeUtils.moveTile - [moveTile.py:90] - DEBUG - [2571.458406] moveTile applied motor speed left=100 right=98 (+19.3 ms)
2026-06-26 03:52:36,471 - mazeUtils.moveTile - [moveTile.py:90] - DEBUG - [2571.459174] moveTile ramp check isBigRamp=False (+0.8 ms)
2026-06-26 03:52:36,476 - mazeUtils.moveTile - [moveTile.py:90] - DEBUG - [2571.464168] moveTile tile color check tempTileColor=E (+5.0 ms)
2026-06-26 03:52:36,477 - mazeUtils.moveTile - [moveTile.py:90] - DEBUG - [2571.465048] moveTile obstacle check escapeFlag=False (+0.9 ms)
2026-06-26 03:52:36,483 - mazeUtils.moveTile - [moveTile.py:79] - DEBUG - roll: 357.56 deg, practicalMoveTime: 0.5469398641858568 sec
2026-06-26 03:52:36,485 - mazeUtils.moveTile - [moveTile.py:1907] - DEBUG - moveTile loop time: 53.8 ms
2026-06-26 03:52:36,485 - mazeUtils.moveTile - [moveTile.py:90] - DEBUG - [2571.473681] moveTile loop end practicalMoveTime=0.547 (+8.6 ms)
2026-06-26 03:52:36,486 - mazeUtils.moveTile - [moveTile.py:90] - DEBUG - [2571.474118] moveTile loop start (+0.4 ms)
2026-06-26 03:52:36,494 - picamera2.picamera2 - [picamera2.py:1391] - DEBUG - Execute job: <picamera2.job.Job object at 0x7f81fc0550>
2026-06-26 03:52:36,501 - mazeUtils.device.camera - [camera.py:39] - DEBUG - Average HSV: H=127.9, S=20.1, V=247.6
2026-06-26 03:52:36,508 - mazeUtils.moveTile - [moveTile.py:90] - DEBUG - [2571.495948] moveTile calculated motor speeds left=100 right=92 gyroSteer=6.2000000000000455 wallSteer=1.1999999999999993 (+21.8 ms)
2026-06-26 03:52:36,532 - mazeUtils.moveTile - [moveTile.py:90] - DEBUG - [2571.520306] moveTile applied motor speed left=100 right=92 (+24.4 ms)
2026-06-26 03:52:36,533 - mazeUtils.moveTile - [moveTile.py:90] - DEBUG - [2571.521148] moveTile ramp check isBigRamp=False (+0.8 ms)
2026-06-26 03:52:36,537 - mazeUtils.moveTile - [moveTile.py:90] - DEBUG - [2571.524907] moveTile tile color check tempTileColor=E (+3.8 ms)
2026-06-26 03:52:36,537 - mazeUtils.moveTile - [moveTile.py:90] - DEBUG - [2571.525541] moveTile obstacle check escapeFlag=False (+0.6 ms)
2026-06-26 03:52:36,542 - mazeUtils.moveTile - [moveTile.py:79] - DEBUG - roll: 357.65 deg, practicalMoveTime: 0.6040924591339858 sec
2026-06-26 03:52:36,543 - mazeUtils.moveTile - [moveTile.py:1907] - DEBUG - moveTile loop time: 56.8 ms
2026-06-26 03:52:36,543 - mazeUtils.moveTile - [moveTile.py:90] - DEBUG - [2571.531452] moveTile loop end practicalMoveTime=0.604 (+5.9 ms)
2026-06-26 03:52:36,544 - mazeUtils.moveTile - [moveTile.py:90] - DEBUG - [2571.532066] moveTile loop start (+0.6 ms)
2026-06-26 03:52:36,550 - picamera2.picamera2 - [picamera2.py:1391] - DEBUG - Execute job: <picamera2.job.Job object at 0x7f81fc09d0>
2026-06-26 03:52:36,557 - mazeUtils.device.camera - [camera.py:39] - DEBUG - Average HSV: H=128.8, S=19.0, V=248.3
2026-06-26 03:52:36,564 - mazeUtils.moveTile - [moveTile.py:90] - DEBUG - [2571.551838] moveTile calculated motor speeds left=100 right=96 gyroSteer=2.3600000000001273 wallSteer=1.6000000000000014 (+19.8 ms)
2026-06-26 03:52:36,584 - mazeUtils.moveTile - [moveTile.py:90] - DEBUG - [2571.572235] moveTile applied motor speed left=100 right=96 (+20.4 ms)
2026-06-26 03:52:36,585 - mazeUtils.moveTile - [moveTile.py:90] - DEBUG - [2571.573045] moveTile ramp check isBigRamp=False (+0.8 ms)
2026-06-26 03:52:36,588 - mazeUtils.moveTile - [moveTile.py:90] - DEBUG - [2571.576544] moveTile tile color check tempTileColor=E (+3.5 ms)
2026-06-26 03:52:36,589 - mazeUtils.moveTile - [moveTile.py:90] - DEBUG - [2571.577087] moveTile obstacle check escapeFlag=False (+0.5 ms)
2026-06-26 03:52:36,593 - mazeUtils.moveTile - [moveTile.py:79] - DEBUG - roll: 357.24 deg, practicalMoveTime: 0.6544732960633554 sec
2026-06-26 03:52:36,595 - mazeUtils.moveTile - [moveTile.py:1907] - DEBUG - moveTile loop time: 50.7 ms
2026-06-26 03:52:36,595 - mazeUtils.moveTile - [moveTile.py:90] - DEBUG - [2571.583429] moveTile loop end practicalMoveTime=0.654 (+6.3 ms)
2026-06-26 03:52:36,596 - mazeUtils.moveTile - [moveTile.py:90] - DEBUG - [2571.583856] moveTile loop start (+0.4 ms)
2026-06-26 03:52:36,601 - picamera2.picamera2 - [picamera2.py:1391] - DEBUG - Execute job: <picamera2.job.Job object at 0x7f90809890>
2026-06-26 03:52:36,607 - mazeUtils.device.camera - [camera.py:39] - DEBUG - Average HSV: H=130.2, S=19.8, V=245.4
2026-06-26 03:52:36,612 - mazeUtils.moveTile - [moveTile.py:90] - DEBUG - [2571.600455] moveTile calculated motor speeds left=100 right=94 gyroSteer=5.079999999999927 wallSteer=0.0 (+16.6 ms)
2026-06-26 03:52:36,632 - mazeUtils.moveTile - [moveTile.py:90] - DEBUG - [2571.619814] moveTile applied motor speed left=100 right=94 (+19.4 ms)
2026-06-26 03:52:36,633 - mazeUtils.moveTile - [moveTile.py:90] - DEBUG - [2571.620868] moveTile ramp check isBigRamp=False (+1.1 ms)
2026-06-26 03:52:36,637 - mazeUtils.moveTile - [moveTile.py:90] - DEBUG - [2571.625212] moveTile tile color check tempTileColor=E (+4.3 ms)
2026-06-26 03:52:36,638 - mazeUtils.moveTile - [moveTile.py:90] - DEBUG - [2571.626258] moveTile obstacle check escapeFlag=False (+1.0 ms)
2026-06-26 03:52:36,643 - mazeUtils.moveTile - [moveTile.py:79] - DEBUG - roll: 357.78999999999996 deg, practicalMoveTime: 0.7026768223844171 sec
2026-06-26 03:52:36,644 - mazeUtils.moveTile - [moveTile.py:1907] - DEBUG - moveTile loop time: 48.0 ms
2026-06-26 03:52:36,644 - mazeUtils.moveTile - [moveTile.py:90] - DEBUG - [2571.632587] moveTile loop end practicalMoveTime=0.703 (+6.3 ms)
2026-06-26 03:52:36,645 - mazeUtils.moveTile - [moveTile.py:90] - DEBUG - [2571.633024] moveTile loop start (+0.4 ms)
2026-06-26 03:52:36,652 - picamera2.picamera2 - [picamera2.py:1391] - DEBUG - Execute job: <picamera2.job.Job object at 0x7f99ba7690>
2026-06-26 03:52:36,658 - mazeUtils.device.camera - [camera.py:39] - DEBUG - Average HSV: H=126.5, S=27.7, V=235.1
2026-06-26 03:52:36,670 - mazeUtils.moveTile - [moveTile.py:90] - DEBUG - [2571.658247] moveTile calculated motor speeds left=100 right=97 gyroSteer=2.6800000000000637 wallSteer=0.0 (+25.2 ms)
2026-06-26 03:52:36,690 - mazeUtils.moveTile - [moveTile.py:90] - DEBUG - [2571.678322] moveTile applied motor speed left=100 right=97 (+20.1 ms)
2026-06-26 03:52:36,691 - mazeUtils.moveTile - [moveTile.py:90] - DEBUG - [2571.679068] moveTile ramp check isBigRamp=False (+0.7 ms)
2026-06-26 03:52:36,695 - mazeUtils.moveTile - [moveTile.py:90] - DEBUG - [2571.683793] moveTile tile color check tempTileColor=E (+4.7 ms)
2026-06-26 03:52:36,697 - mazeUtils.moveTile - [moveTile.py:90] - DEBUG - [2571.685056] moveTile obstacle check escapeFlag=False (+1.3 ms)
2026-06-26 03:52:36,708 - mazeUtils.moveTile - [moveTile.py:79] - DEBUG - roll: 357.33 deg, practicalMoveTime: 0.7671464207731802 sec
2026-06-26 03:52:36,710 - mazeUtils.moveTile - [moveTile.py:1907] - DEBUG - moveTile loop time: 64.7 ms
2026-06-26 03:52:36,710 - mazeUtils.moveTile - [moveTile.py:90] - DEBUG - [2571.698328] moveTile loop end practicalMoveTime=0.767 (+13.3 ms)
2026-06-26 03:52:36,710 - mazeUtils.moveTile - [moveTile.py:90] - DEBUG - [2571.698745] moveTile loop start (+0.4 ms)
2026-06-26 03:52:36,716 - picamera2.picamera2 - [picamera2.py:1391] - DEBUG - Execute job: <picamera2.job.Job object at 0x7f82062e90>
2026-06-26 03:52:36,722 - mazeUtils.device.camera - [camera.py:39] - DEBUG - Average HSV: H=123.9, S=32.7, V=231.2
2026-06-26 03:52:36,728 - mazeUtils.moveTile - [moveTile.py:90] - DEBUG - [2571.716199] moveTile calculated motor speeds left=100 right=93 gyroSteer=5.480000000000018 wallSteer=1.1999999999999993 (+17.5 ms)
2026-06-26 03:52:36,748 - mazeUtils.moveTile - [moveTile.py:90] - DEBUG - [2571.735824] moveTile applied motor speed left=100 right=93 (+19.6 ms)
2026-06-26 03:52:36,748 - mazeUtils.moveTile - [moveTile.py:90] - DEBUG - [2571.736668] moveTile ramp check isBigRamp=False (+0.8 ms)
2026-06-26 03:52:36,752 - mazeUtils.moveTile - [moveTile.py:90] - DEBUG - [2571.740353] moveTile tile color check tempTileColor=E (+3.7 ms)
2026-06-26 03:52:36,753 - mazeUtils.moveTile - [moveTile.py:90] - DEBUG - [2571.740975] moveTile obstacle check escapeFlag=False (+0.6 ms)
2026-06-26 03:52:36,761 - mazeUtils.moveTile - [moveTile.py:79] - DEBUG - roll: 358.66999999999996 deg, practicalMoveTime: 0.818240814136891 sec
2026-06-26 03:52:36,762 - mazeUtils.moveTile - [moveTile.py:1907] - DEBUG - moveTile loop time: 51.0 ms
2026-06-26 03:52:36,762 - mazeUtils.moveTile - [moveTile.py:90] - DEBUG - [2571.750355] moveTile loop end practicalMoveTime=0.818 (+9.4 ms)
2026-06-26 03:52:36,763 - mazeUtils.moveTile - [moveTile.py:90] - DEBUG - [2571.750837] moveTile loop start (+0.5 ms)
2026-06-26 03:52:36,770 - picamera2.picamera2 - [picamera2.py:1391] - DEBUG - Execute job: <picamera2.job.Job object at 0x7f99ba7690>
2026-06-26 03:52:36,775 - mazeUtils.device.camera - [camera.py:39] - DEBUG - Average HSV: H=124.4, S=33.7, V=229.8
2026-06-26 03:52:36,782 - mazeUtils.moveTile - [moveTile.py:90] - DEBUG - [2571.770325] moveTile calculated motor speeds left=100 right=93 gyroSteer=6.960000000000036 wallSteer=-0.3999999999999986 (+19.5 ms)
2026-06-26 03:52:36,803 - mazeUtils.moveTile - [moveTile.py:90] - DEBUG - [2571.791262] moveTile applied motor speed left=100 right=93 (+20.9 ms)
2026-06-26 03:52:36,804 - mazeUtils.moveTile - [moveTile.py:90] - DEBUG - [2571.791992] moveTile ramp check isBigRamp=False (+0.7 ms)
2026-06-26 03:52:36,807 - mazeUtils.moveTile - [moveTile.py:90] - DEBUG - [2571.795491] moveTile tile color check tempTileColor=E (+3.5 ms)
2026-06-26 03:52:36,808 - mazeUtils.moveTile - [moveTile.py:90] - DEBUG - [2571.795996] moveTile obstacle check escapeFlag=False (+0.5 ms)
2026-06-26 03:52:36,814 - mazeUtils.moveTile - [moveTile.py:1755] - INFO - practicalVerticalMove: -1.1563915891116863 CM
2026-06-26 03:52:36,841 - mazeUtils.moveTile - [moveTile.py:90] - DEBUG - [2571.829041] moveTile finished by time control (+33.0 ms)
2026-06-26 03:52:36,841 - mazeUtils.moveTile - [moveTile.py:90] - DEBUG - [2571.829778] moveTile start final forward adjustment (+33.8 ms)
2026-06-26 03:52:36,871 - mazeUtils.moveTile - [moveTile.py:90] - DEBUG - [2571.858868] moveTile finished final forward adjustment (+29.1 ms)
2026-06-26 03:52:37,023 - mazeUtils.moveTile - [moveTile.py:563] - DEBUG - Direction: absDirection.NORTH, Angle: 270, Distance: 17.11785476693702 cm
2026-06-26 03:52:37,025 - mazeUtils.moveTile - [moveTile.py:563] - DEBUG - Direction: absDirection.EAST, Angle: 180, Distance: 106.63820532676976 cm
2026-06-26 03:52:37,025 - mazeUtils.moveTile - [moveTile.py:563] - DEBUG - Direction: absDirection.SOUTH, Angle: 90, Distance: 47.641518679597645 cm
2026-06-26 03:52:37,026 - mazeUtils.moveTile - [moveTile.py:563] - DEBUG - Direction: absDirection.WEST, Angle: 0, Distance: 76.94444665202518 cm
2026-06-26 03:52:37,031 - mazeUtils.moveTile - [moveTile.py:90] - DEBUG - [2572.018866] moveTile updated map and detected walls (+160.0 ms)
2026-06-26 03:52:37,034 - mazeUtils.moveTile - [moveTile.py:2272] - INFO - Tile color detection, decided tile type: E
2026-06-26 03:52:37,036 - mazeUtils.moveTile - [moveTile.py:90] - DEBUG - [2572.024055] moveTile finished (+165.2 ms)
2026-06-26 03:52:37,128 - __main__ - [main.py:106] - INFO - Current position: (22, 17, 0), front direction: absDirection.WEST
Layer 0 (altitude=0.0cm, offset=(0.0cm, 0.0cm)):
Known map area: x=20..24, y=15..20
+---+---+   +   +   +
| E   E | U   U   U  
+   +   +   +   +   +
| E   E | U   U   U  
+   +---+---+---+   +
| E   E   @   E   R |
+   +---+   +   +---+
| E   U   U   B   U  
+   +   +   +   +   +
| E   U   U   U   U  
+   +   +   +   +   +
| S | U   U   U   U  
+---+   +   +   +   +
mazeAsGraph[0][15][20] = {absDirection.NORTH: None, absDirection.EAST: (21, 15, 0, 30), absDirection.SOUTH: (20, 16, 0, 30), absDirection.WEST: None}
mazeAsGraph[0][15][21] = {absDirection.NORTH: None, absDirection.EAST: None, absDirection.SOUTH: (21, 16, 0, 30), absDirection.WEST: (20, 15, 0, 30)}
mazeAsGraph[0][16][20] = {absDirection.NORTH: (20, 15, 0, 30), absDirection.EAST: (21, 16, 0, 30), absDirection.SOUTH: (20, 17, 0, 30), absDirection.WEST: None}
mazeAsGraph[0][16][21] = {absDirection.NORTH: (21, 15, 0, 30), absDirection.EAST: None, absDirection.SOUTH: None, absDirection.WEST: (20, 16, 0, 30)}
mazeAsGraph[0][17][20] = {absDirection.NORTH: (20, 16, 0, 30), absDirection.EAST: (21, 17, 0, 30), absDirection.SOUTH: (20, 18, 0, 30), absDirection.WEST: None}
mazeAsGraph[0][17][21] = {absDirection.NORTH: None, absDirection.EAST: (22, 17, 0, 30), absDirection.SOUTH: None, absDirection.WEST: (20, 17, 0, 30)}
mazeAsGraph[0][17][22] = {absDirection.NORTH: None, absDirection.EAST: (23, 17, 0, 30), absDirection.SOUTH: (22, 18, 0, 30), absDirection.WEST: (21, 17, 0, 30)}
mazeAsGraph[0][17][23] = {absDirection.NORTH: None, absDirection.EAST: (24, 17, 0, 30), absDirection.SOUTH: None, absDirection.WEST: (22, 17, 0, 30)}
mazeAsGraph[0][17][24] = {absDirection.NORTH: (24, 16, 0, 30), absDirection.EAST: None, absDirection.SOUTH: None, absDirection.WEST: (23, 17, 0, 30)}
mazeAsGraph[0][18][20] = {absDirection.NORTH: (20, 17, 0, 30), absDirection.EAST: (21, 18, 0, 30), absDirection.SOUTH: (20, 19, 0, 30), absDirection.WEST: None}
mazeAsGraph[0][18][23] = {absDirection.NORTH: None, absDirection.EAST: None, absDirection.SOUTH: None, absDirection.WEST: None}
mazeAsGraph[0][19][20] = {absDirection.NORTH: (20, 18, 0, 30), absDirection.EAST: (21, 19, 0, 30), absDirection.SOUTH: (20, 20, 0, 30), absDirection.WEST: None}
mazeAsGraph[0][20][20] = {absDirection.NORTH: (20, 19, 0, 30), absDirection.EAST: None, absDirection.SOUTH: None, absDirection.WEST: None}
2026-06-26 03:52:37,134 - mazeUtils.moveTile - [moveTile.py:88] - DEBUG - [2572.122360] moveTile start direction=absDirection.SOUTH position=(22, 17, 0) front=absDirection.WEST
2026-06-26 03:52:37,146 - mazeUtils.moveTile - [moveTile.py:90] - DEBUG - [2572.134179] moveTile after initial toggle check (+11.8 ms)
2026-06-26 03:52:37,148 - mazeUtils.moveTile - [moveTile.py:90] - DEBUG - [2572.136463] moveTile after tile checks isRedTile=False isUnknownTileAhead=True (+2.3 ms)
2026-06-26 03:52:37,149 - mazeUtils.moveTile - [moveTile.py:79] - DEBUG - Moving to absDirection.SOUTH from (22, 17, 0) facing absDirection.WEST
2026-06-26 03:52:37,149 - mazeUtils.moveTile - [moveTile.py:90] - DEBUG - [2572.137728] moveTile start heading change target=180 (+1.3 ms)
2026-06-26 03:52:37,154 - mazeUtils.moveTile - [moveTile.py:79] - DEBUG - Turning to 180 deg, current heading: 93.21000000000004 deg, turnAngle: -86.78999999999996 deg
2026-06-26 03:52:37,181 - mazeUtils.moveTile - [moveTile.py:79] - DEBUG - gyro:93.20000000000005 deg, derivative: -0.009999999999990905, turnSpeed: -100
2026-06-26 03:52:37,208 - mazeUtils.moveTile - [moveTile.py:79] - DEBUG - gyro:93.19 deg, derivative: -0.010000000000047748, turnSpeed: -100
2026-06-26 03:52:37,245 - mazeUtils.moveTile - [moveTile.py:79] - DEBUG - gyro:92.99000000000001 deg, derivative: -0.19999999999998863, turnSpeed: -100
2026-06-26 03:52:37,269 - mazeUtils.moveTile - [moveTile.py:79] - DEBUG - gyro:93.22000000000003 deg, derivative: 0.2300000000000182, turnSpeed: -100
2026-06-26 03:52:37,298 - mazeUtils.moveTile - [moveTile.py:79] - DEBUG - gyro:95.43 deg, derivative: 2.2099999999999795, turnSpeed: -100
2026-06-26 03:52:37,326 - mazeUtils.moveTile - [moveTile.py:79] - DEBUG - gyro:99.07 deg, derivative: 3.6399999999999864, turnSpeed: -100
2026-06-26 03:52:37,351 - mazeUtils.moveTile - [moveTile.py:79] - DEBUG - gyro:104.34000000000003 deg, derivative: 5.270000000000039, turnSpeed: -100
2026-06-26 03:52:37,376 - mazeUtils.moveTile - [moveTile.py:79] - DEBUG - gyro:108.18 deg, derivative: 3.839999999999975, turnSpeed: -100
2026-06-26 03:52:37,407 - mazeUtils.moveTile - [moveTile.py:79] - DEBUG - gyro:111.73000000000002 deg, derivative: 3.5500000000000114, turnSpeed: -100
2026-06-26 03:52:37,436 - mazeUtils.moveTile - [moveTile.py:79] - DEBUG - gyro:117.15 deg, derivative: 5.4199999999999875, turnSpeed: -100
2026-06-26 03:52:37,467 - mazeUtils.moveTile - [moveTile.py:79] - DEBUG - gyro:121.02000000000001 deg, derivative: 3.8700000000000045, turnSpeed: -100
2026-06-26 03:52:37,497 - mazeUtils.moveTile - [moveTile.py:79] - DEBUG - gyro:124.75999999999999 deg, derivative: 3.7399999999999807, turnSpeed: -100
2026-06-26 03:52:37,525 - mazeUtils.moveTile - [moveTile.py:79] - DEBUG - gyro:128.20000000000002 deg, derivative: 3.440000000000026, turnSpeed: -100
2026-06-26 03:52:37,561 - mazeUtils.moveTile - [moveTile.py:79] - DEBUG - gyro:131.42000000000002 deg, derivative: 3.219999999999999, turnSpeed: -97.15999999999997
2026-06-26 03:52:37,585 - mazeUtils.moveTile - [moveTile.py:79] - DEBUG - gyro:135.23000000000002 deg, derivative: 3.8100000000000023, turnSpeed: -89.53999999999996
2026-06-26 03:52:37,611 - mazeUtils.moveTile - [moveTile.py:79] - DEBUG - gyro:139.69 deg, derivative: 4.4599999999999795, turnSpeed: -80.62
2026-06-26 03:52:37,638 - mazeUtils.moveTile - [moveTile.py:79] - DEBUG - gyro:144.44 deg, derivative: 4.75, turnSpeed: -71.12
2026-06-26 03:52:37,662 - mazeUtils.moveTile - [moveTile.py:79] - DEBUG - gyro:147.42000000000002 deg, derivative: 2.980000000000018, turnSpeed: -65.15999999999997
2026-06-26 03:52:37,690 - mazeUtils.moveTile - [moveTile.py:79] - DEBUG - gyro:151.17000000000002 deg, derivative: 3.75, turnSpeed: -57.65999999999997
2026-06-26 03:52:37,724 - mazeUtils.moveTile - [moveTile.py:79] - DEBUG - gyro:154.33 deg, derivative: 3.1599999999999966, turnSpeed: -51.339999999999975
2026-06-26 03:52:37,753 - mazeUtils.moveTile - [moveTile.py:79] - DEBUG - gyro:157.17000000000002 deg, derivative: 2.8400000000000034, turnSpeed: -45.65999999999997
2026-06-26 03:52:37,784 - mazeUtils.moveTile - [moveTile.py:79] - DEBUG - gyro:160.14000000000001 deg, derivative: 2.969999999999999, turnSpeed: -39.71999999999997
2026-06-26 03:52:37,808 - mazeUtils.moveTile - [moveTile.py:79] - DEBUG - gyro:161.85000000000002 deg, derivative: 1.710000000000008, turnSpeed: -36.299999999999955
2026-06-26 03:52:37,833 - mazeUtils.moveTile - [moveTile.py:79] - DEBUG - gyro:163.08 deg, derivative: 1.2299999999999898, turnSpeed: -33.839999999999975
2026-06-26 03:52:37,860 - mazeUtils.moveTile - [moveTile.py:79] - DEBUG - gyro:164.92000000000002 deg, derivative: 1.8400000000000034, turnSpeed: -30.159999999999968
2026-06-26 03:52:37,888 - mazeUtils.moveTile - [moveTile.py:79] - DEBUG - gyro:165.94 deg, derivative: 1.0199999999999818, turnSpeed: -28.120000000000005
2026-06-26 03:52:37,918 - mazeUtils.moveTile - [moveTile.py:79] - DEBUG - gyro:167.65 deg, derivative: 1.710000000000008, turnSpeed: -24.69999999999999
2026-06-26 03:52:37,951 - mazeUtils.moveTile - [moveTile.py:79] - DEBUG - gyro:168.98000000000002 deg, derivative: 1.3300000000000125, turnSpeed: -22.039999999999964
2026-06-26 03:52:37,979 - mazeUtils.moveTile - [moveTile.py:79] - DEBUG - gyro:169.97 deg, derivative: 0.9899999999999807, turnSpeed: -20.060000000000002
2026-06-26 03:52:38,005 - mazeUtils.moveTile - [moveTile.py:79] - DEBUG - gyro:171.10000000000002 deg, derivative: 1.1300000000000239, turnSpeed: -17.799999999999955
2026-06-26 03:52:38,031 - mazeUtils.moveTile - [moveTile.py:79] - DEBUG - gyro:171.65 deg, derivative: 0.549999999999983, turnSpeed: -16.69999999999999
2026-06-26 03:52:38,069 - mazeUtils.moveTile - [moveTile.py:79] - DEBUG - gyro:172.23000000000002 deg, derivative: 0.5800000000000125, turnSpeed: -15.539999999999964
2026-06-26 03:52:38,093 - mazeUtils.moveTile - [moveTile.py:79] - DEBUG - gyro:173.65 deg, derivative: 1.4199999999999875, turnSpeed: -12.699999999999989
2026-06-26 03:52:38,120 - mazeUtils.moveTile - [moveTile.py:79] - DEBUG - gyro:174.29000000000002 deg, derivative: 0.6400000000000148, turnSpeed: -11.419999999999959
2026-06-26 03:52:38,149 - mazeUtils.moveTile - [moveTile.py:79] - DEBUG - gyro:175.45000000000002 deg, derivative: 1.1599999999999966, turnSpeed: -9.099999999999966
2026-06-26 03:52:38,175 - mazeUtils.moveTile - [moveTile.py:79] - DEBUG - gyro:175.93 deg, derivative: 0.47999999999998977, turnSpeed: -8.139999999999986
2026-06-26 03:52:38,202 - mazeUtils.moveTile - [moveTile.py:79] - DEBUG - gyro:176.46 deg, derivative: 0.5300000000000011, turnSpeed: -7.079999999999984
2026-06-26 03:52:38,241 - mazeUtils.moveTile - [moveTile.py:79] - DEBUG - gyro:176.73000000000002 deg, derivative: 0.27000000000001023, turnSpeed: -6.539999999999964
2026-06-26 03:52:38,269 - mazeUtils.moveTile - [moveTile.py:79] - DEBUG - gyro:177.43 deg, derivative: 0.6999999999999886, turnSpeed: -5.139999999999986
2026-06-26 03:52:38,296 - mazeUtils.moveTile - [moveTile.py:79] - DEBUG - gyro:177.87 deg, derivative: 0.4399999999999977, turnSpeed: -4.259999999999991
2026-06-26 03:52:38,333 - mazeUtils.moveTile - [moveTile.py:79] - DEBUG - gyro:178.22 deg, derivative: 0.3499999999999943, turnSpeed: -3.5600000000000023
2026-06-26 03:52:38,356 - mazeUtils.moveTile - [moveTile.py:79] - DEBUG - Turned to heading: 178.22 deg
2026-06-26 03:52:38,358 - mazeUtils.moveTile - [moveTile.py:90] - DEBUG - [2573.346051] moveTile finished heading change (+1208.3 ms)
2026-06-26 03:52:38,358 - mazeUtils.moveTile - [moveTile.py:90] - DEBUG - [2573.346615] moveTile updated front direction (+0.6 ms)
2026-06-26 03:52:38,383 - mazeUtils.moveTile - [moveTile.py:90] - DEBUG - [2573.371454] moveTile stopped motors before alignment (+24.8 ms)
2026-06-26 03:52:38,543 - mazeUtils.moveTile - [moveTile.py:563] - DEBUG - Direction: absDirection.NORTH, Angle: 180, Distance: 20.76720727783286 cm
2026-06-26 03:52:38,544 - mazeUtils.moveTile - [moveTile.py:563] - DEBUG - Direction: absDirection.EAST, Angle: 90, Distance: 104.99663359419665 cm
2026-06-26 03:52:38,545 - mazeUtils.moveTile - [moveTile.py:563] - DEBUG - Direction: absDirection.SOUTH, Angle: 0, Distance: 45.88147674873075 cm
2026-06-26 03:52:38,548 - mazeUtils.moveTile - [moveTile.py:563] - DEBUG - Direction: absDirection.WEST, Angle: 270, Distance: 78.63120966129239 cm
2026-06-26 03:52:38,549 - mazeUtils.moveTile - [moveTile.py:90] - DEBUG - [2573.537621] moveTile start backward adjustment behind_wall_dist=20.76720727783286 (+166.2 ms)
2026-06-26 03:52:38,571 - mazeUtils.moveTile - [moveTile.py:79] - DEBUG - Little backward to adjust position
2026-06-26 03:52:38,706 - mazeUtils.moveTile - [moveTile.py:90] - DEBUG - [2573.694538] moveTile finished backward adjustment (+156.9 ms)
2026-06-26 03:52:38,728 - mazeUtils.moveTile - [moveTile.py:90] - DEBUG - [2573.716576] moveTile ready for forward move (+22.0 ms)
2026-06-26 03:52:38,829 - mazeUtils.moveTile - [moveTile.py:90] - DEBUG - [2573.817167] moveTile initialized movement targetSteps=1 (+100.6 ms)
2026-06-26 03:52:38,831 - mazeUtils.moveTile - [moveTile.py:90] - DEBUG - [2573.818968] moveTile loop start (+1.8 ms)
2026-06-26 03:52:38,838 - picamera2.picamera2 - [picamera2.py:1391] - DEBUG - Execute job: <picamera2.job.Job object at 0x7f81fc09d0>
2026-06-26 03:52:38,845 - mazeUtils.device.camera - [camera.py:39] - DEBUG - Average HSV: H=161.4, S=16.0, V=226.9
2026-06-26 03:52:38,850 - mazeUtils.moveTile - [moveTile.py:90] - DEBUG - [2573.838382] moveTile calculated motor speeds left=94 right=100 gyroSteer=-5.599999999999909 wallSteer=0.0 (+19.4 ms)
2026-06-26 03:52:38,870 - mazeUtils.moveTile - [moveTile.py:90] - DEBUG - [2573.858070] moveTile applied motor speed left=94 right=100 (+19.7 ms)
2026-06-26 03:52:38,871 - mazeUtils.moveTile - [moveTile.py:90] - DEBUG - [2573.858841] moveTile ramp check isBigRamp=False (+0.8 ms)
2026-06-26 03:52:38,875 - mazeUtils.moveTile - [moveTile.py:90] - DEBUG - [2573.862825] moveTile tile color check tempTileColor=E (+4.0 ms)
2026-06-26 03:52:38,876 - mazeUtils.moveTile - [moveTile.py:90] - DEBUG - [2573.864102] moveTile obstacle check escapeFlag=False (+1.3 ms)
2026-06-26 03:52:38,882 - mazeUtils.moveTile - [moveTile.py:79] - DEBUG - roll: 359.15 deg, practicalMoveTime: 0.05252845738923858 sec
2026-06-26 03:52:38,883 - mazeUtils.moveTile - [moveTile.py:1907] - DEBUG - moveTile loop time: 52.2 ms
2026-06-26 03:52:38,884 - mazeUtils.moveTile - [moveTile.py:90] - DEBUG - [2573.871850] moveTile loop end practicalMoveTime=0.053 (+7.7 ms)
2026-06-26 03:52:38,885 - mazeUtils.moveTile - [moveTile.py:90] - DEBUG - [2573.872995] moveTile loop start (+1.1 ms)
2026-06-26 03:52:38,893 - picamera2.picamera2 - [picamera2.py:1391] - DEBUG - Execute job: <picamera2.job.Job object at 0x7f99ba7690>
2026-06-26 03:52:38,899 - mazeUtils.device.camera - [camera.py:39] - DEBUG - Average HSV: H=163.7, S=16.2, V=227.1
2026-06-26 03:52:38,905 - mazeUtils.moveTile - [moveTile.py:90] - DEBUG - [2573.893354] moveTile calculated motor speeds left=96 right=100 gyroSteer=-3.0799999999999272 wallSteer=0.0 (+20.4 ms)
2026-06-26 03:52:38,932 - mazeUtils.moveTile - [moveTile.py:90] - DEBUG - [2573.920708] moveTile applied motor speed left=96 right=100 (+27.4 ms)
2026-06-26 03:52:38,933 - mazeUtils.moveTile - [moveTile.py:90] - DEBUG - [2573.921500] moveTile ramp check isBigRamp=False (+0.8 ms)
2026-06-26 03:52:38,937 - mazeUtils.moveTile - [moveTile.py:90] - DEBUG - [2573.925110] moveTile tile color check tempTileColor=E (+3.6 ms)
2026-06-26 03:52:38,938 - mazeUtils.moveTile - [moveTile.py:90] - DEBUG - [2573.926371] moveTile obstacle check escapeFlag=False (+1.3 ms)
2026-06-26 03:52:38,946 - mazeUtils.moveTile - [moveTile.py:79] - DEBUG - roll: 358.32 deg, practicalMoveTime: 0.11507151457718764 sec
2026-06-26 03:52:38,946 - mazeUtils.moveTile - [moveTile.py:1907] - DEBUG - moveTile loop time: 61.6 ms
2026-06-26 03:52:38,947 - mazeUtils.moveTile - [moveTile.py:90] - DEBUG - [2573.935110] moveTile loop end practicalMoveTime=0.115 (+8.7 ms)
2026-06-26 03:52:38,947 - mazeUtils.moveTile - [moveTile.py:90] - DEBUG - [2573.935498] moveTile loop start (+0.4 ms)
2026-06-26 03:52:38,954 - picamera2.picamera2 - [picamera2.py:1391] - DEBUG - Execute job: <picamera2.job.Job object at 0x7f81fc0ad0>
2026-06-26 03:52:38,960 - mazeUtils.device.camera - [camera.py:39] - DEBUG - Average HSV: H=162.2, S=15.6, V=227.0
2026-06-26 03:52:38,967 - mazeUtils.moveTile - [moveTile.py:90] - DEBUG - [2573.955189] moveTile calculated motor speeds left=90 right=100 gyroSteer=-9.399999999999977 wallSteer=0.0 (+19.7 ms)
2026-06-26 03:52:38,990 - mazeUtils.moveTile - [moveTile.py:90] - DEBUG - [2573.978048] moveTile applied motor speed left=90 right=100 (+22.9 ms)
2026-06-26 03:52:38,990 - mazeUtils.moveTile - [moveTile.py:90] - DEBUG - [2573.978797] moveTile ramp check isBigRamp=False (+0.7 ms)
2026-06-26 03:52:38,994 - mazeUtils.moveTile - [moveTile.py:90] - DEBUG - [2573.982339] moveTile tile color check tempTileColor=E (+3.5 ms)
2026-06-26 03:52:38,995 - mazeUtils.moveTile - [moveTile.py:90] - DEBUG - [2573.983493] moveTile obstacle check escapeFlag=False (+1.2 ms)
2026-06-26 03:52:39,001 - mazeUtils.moveTile - [moveTile.py:79] - DEBUG - roll: 358.86 deg, practicalMoveTime: 0.169644992741056 sec
2026-06-26 03:52:39,002 - mazeUtils.moveTile - [moveTile.py:1907] - DEBUG - moveTile loop time: 54.7 ms
2026-06-26 03:52:39,003 - mazeUtils.moveTile - [moveTile.py:90] - DEBUG - [2573.990960] moveTile loop end practicalMoveTime=0.170 (+7.5 ms)
2026-06-26 03:52:39,003 - mazeUtils.moveTile - [moveTile.py:90] - DEBUG - [2573.991534] moveTile loop start (+0.6 ms)
2026-06-26 03:52:39,009 - picamera2.picamera2 - [picamera2.py:1391] - DEBUG - Execute job: <picamera2.job.Job object at 0x7f81fc0550>
2026-06-26 03:52:39,015 - mazeUtils.device.camera - [camera.py:39] - DEBUG - Average HSV: H=163.7, S=14.9, V=229.7
2026-06-26 03:52:39,021 - mazeUtils.moveTile - [moveTile.py:90] - DEBUG - [2574.008820] moveTile calculated motor speeds left=95 right=100 gyroSteer=-4.439999999999941 wallSteer=0.0 (+17.3 ms)
2026-06-26 03:52:39,046 - mazeUtils.moveTile - [moveTile.py:90] - DEBUG - [2574.034036] moveTile applied motor speed left=95 right=100 (+25.2 ms)
2026-06-26 03:52:39,046 - mazeUtils.moveTile - [moveTile.py:90] - DEBUG - [2574.034767] moveTile ramp check isBigRamp=False (+0.7 ms)
2026-06-26 03:52:39,050 - mazeUtils.moveTile - [moveTile.py:90] - DEBUG - [2574.038160] moveTile tile color check tempTileColor=E (+3.4 ms)
2026-06-26 03:52:39,050 - mazeUtils.moveTile - [moveTile.py:90] - DEBUG - [2574.038786] moveTile obstacle check escapeFlag=False (+0.6 ms)
2026-06-26 03:52:39,055 - mazeUtils.moveTile - [moveTile.py:79] - DEBUG - roll: 358.61 deg, practicalMoveTime: 0.22271163233392804 sec
2026-06-26 03:52:39,057 - mazeUtils.moveTile - [moveTile.py:1907] - DEBUG - moveTile loop time: 53.8 ms
2026-06-26 03:52:39,058 - mazeUtils.moveTile - [moveTile.py:90] - DEBUG - [2574.046112] moveTile loop end practicalMoveTime=0.223 (+7.3 ms)
2026-06-26 03:52:39,059 - mazeUtils.moveTile - [moveTile.py:90] - DEBUG - [2574.047110] moveTile loop start (+1.0 ms)
2026-06-26 03:52:39,065 - picamera2.picamera2 - [picamera2.py:1391] - DEBUG - Execute job: <picamera2.job.Job object at 0x7f82063bd0>
2026-06-26 03:52:39,071 - mazeUtils.device.camera - [camera.py:39] - DEBUG - Average HSV: H=165.6, S=16.3, V=229.4
2026-06-26 03:52:39,078 - mazeUtils.moveTile - [moveTile.py:90] - DEBUG - [2574.066369] moveTile calculated motor speeds left=94 right=100 gyroSteer=-5.759999999999991 wallSteer=0.0 (+19.3 ms)
2026-06-26 03:52:39,101 - mazeUtils.moveTile - [moveTile.py:90] - DEBUG - [2574.088972] moveTile applied motor speed left=94 right=100 (+22.6 ms)
2026-06-26 03:52:39,102 - mazeUtils.moveTile - [moveTile.py:90] - DEBUG - [2574.090115] moveTile ramp check isBigRamp=False (+1.1 ms)
2026-06-26 03:52:39,106 - mazeUtils.moveTile - [moveTile.py:90] - DEBUG - [2574.094172] moveTile tile color check tempTileColor=E (+4.1 ms)
2026-06-26 03:52:39,107 - mazeUtils.moveTile - [moveTile.py:90] - DEBUG - [2574.094849] moveTile obstacle check escapeFlag=False (+0.7 ms)
2026-06-26 03:52:39,118 - mazeUtils.moveTile - [moveTile.py:79] - DEBUG - roll: 357.68 deg, practicalMoveTime: 0.28348723376593515 sec
2026-06-26 03:52:39,119 - mazeUtils.moveTile - [moveTile.py:1907] - DEBUG - moveTile loop time: 60.4 ms
2026-06-26 03:52:39,120 - mazeUtils.moveTile - [moveTile.py:90] - DEBUG - [2574.108306] moveTile loop end practicalMoveTime=0.283 (+13.5 ms)
2026-06-26 03:52:39,120 - mazeUtils.moveTile - [moveTile.py:90] - DEBUG - [2574.108776] moveTile loop start (+0.5 ms)
2026-06-26 03:52:39,131 - picamera2.picamera2 - [picamera2.py:1391] - DEBUG - Execute job: <picamera2.job.Job object at 0x7f81fc0550>
2026-06-26 03:52:39,137 - mazeUtils.device.camera - [camera.py:39] - DEBUG - Average HSV: H=164.3, S=15.5, V=230.6
2026-06-26 03:52:39,142 - mazeUtils.moveTile - [moveTile.py:90] - DEBUG - [2574.130692] moveTile calculated motor speeds left=97 right=100 gyroSteer=-2.759999999999991 wallSteer=0.0 (+21.9 ms)
2026-06-26 03:52:39,161 - mazeUtils.moveTile - [moveTile.py:90] - DEBUG - [2574.149592] moveTile applied motor speed left=97 right=100 (+18.9 ms)
2026-06-26 03:52:39,162 - mazeUtils.moveTile - [moveTile.py:90] - DEBUG - [2574.150293] moveTile ramp check isBigRamp=False (+0.7 ms)
2026-06-26 03:52:39,168 - mazeUtils.moveTile - [moveTile.py:90] - DEBUG - [2574.156052] moveTile tile color check tempTileColor=E (+5.8 ms)
2026-06-26 03:52:39,169 - mazeUtils.moveTile - [moveTile.py:90] - DEBUG - [2574.156870] moveTile obstacle check escapeFlag=False (+0.8 ms)
2026-06-26 03:52:39,179 - mazeUtils.moveTile - [moveTile.py:79] - DEBUG - roll: 359.61 deg, practicalMoveTime: 0.3435162521393276 sec
2026-06-26 03:52:39,180 - mazeUtils.moveTile - [moveTile.py:1907] - DEBUG - moveTile loop time: 59.7 ms
2026-06-26 03:52:39,181 - mazeUtils.moveTile - [moveTile.py:90] - DEBUG - [2574.169027] moveTile loop end practicalMoveTime=0.344 (+12.2 ms)
2026-06-26 03:52:39,181 - mazeUtils.moveTile - [moveTile.py:90] - DEBUG - [2574.169421] moveTile loop start (+0.4 ms)
2026-06-26 03:52:39,190 - picamera2.picamera2 - [picamera2.py:1391] - DEBUG - Execute job: <picamera2.job.Job object at 0x7f81fc0ad0>
2026-06-26 03:52:39,195 - mazeUtils.device.camera - [camera.py:39] - DEBUG - Average HSV: H=165.2, S=15.7, V=231.5
2026-06-26 03:52:39,201 - mazeUtils.moveTile - [moveTile.py:90] - DEBUG - [2574.189009] moveTile calculated motor speeds left=94 right=100 gyroSteer=-5.919999999999959 wallSteer=0.0 (+19.6 ms)
2026-06-26 03:52:39,226 - mazeUtils.moveTile - [moveTile.py:90] - DEBUG - [2574.213937] moveTile applied motor speed left=94 right=100 (+24.9 ms)
2026-06-26 03:52:39,226 - mazeUtils.moveTile - [moveTile.py:90] - DEBUG - [2574.214652] moveTile ramp check isBigRamp=False (+0.7 ms)
2026-06-26 03:52:39,232 - mazeUtils.moveTile - [moveTile.py:90] - DEBUG - [2574.220581] moveTile tile color check tempTileColor=E (+5.9 ms)
2026-06-26 03:52:39,233 - mazeUtils.moveTile - [moveTile.py:90] - DEBUG - [2574.221631] moveTile obstacle check escapeFlag=False (+1.1 ms)
2026-06-26 03:52:39,240 - mazeUtils.moveTile - [moveTile.py:79] - DEBUG - roll: 358.53 deg, practicalMoveTime: 0.40335175898961895 sec
2026-06-26 03:52:39,241 - mazeUtils.moveTile - [moveTile.py:1907] - DEBUG - moveTile loop time: 59.8 ms
2026-06-26 03:52:39,242 - mazeUtils.moveTile - [moveTile.py:90] - DEBUG - [2574.230305] moveTile loop end practicalMoveTime=0.403 (+8.7 ms)
2026-06-26 03:52:39,243 - mazeUtils.moveTile - [moveTile.py:90] - DEBUG - [2574.230931] moveTile loop start (+0.6 ms)
2026-06-26 03:52:39,250 - picamera2.picamera2 - [picamera2.py:1391] - DEBUG - Execute job: <picamera2.job.Job object at 0x7f90809a90>
2026-06-26 03:52:39,256 - mazeUtils.device.camera - [camera.py:39] - DEBUG - Average HSV: H=166.4, S=15.3, V=234.6
2026-06-26 03:52:39,262 - mazeUtils.moveTile - [moveTile.py:90] - DEBUG - [2574.250196] moveTile calculated motor speeds left=91 right=100 gyroSteer=-8.839999999999918 wallSteer=0.0 (+19.3 ms)
2026-06-26 03:52:39,283 - mazeUtils.moveTile - [moveTile.py:90] - DEBUG - [2574.271506] moveTile applied motor speed left=91 right=100 (+21.3 ms)
2026-06-26 03:52:39,284 - mazeUtils.moveTile - [moveTile.py:90] - DEBUG - [2574.272759] moveTile ramp check isBigRamp=False (+1.3 ms)
2026-06-26 03:52:39,288 - mazeUtils.moveTile - [moveTile.py:90] - DEBUG - [2574.276636] moveTile tile color check tempTileColor=E (+3.9 ms)
2026-06-26 03:52:39,290 - mazeUtils.moveTile - [moveTile.py:90] - DEBUG - [2574.277513] moveTile obstacle check escapeFlag=False (+0.9 ms)
2026-06-26 03:52:39,297 - mazeUtils.moveTile - [moveTile.py:79] - DEBUG - roll: 0.40999999999996817 deg, practicalMoveTime: 0.4590242316760574 sec
2026-06-26 03:52:39,298 - mazeUtils.moveTile - [moveTile.py:1907] - DEBUG - moveTile loop time: 54.9 ms
2026-06-26 03:52:39,298 - mazeUtils.moveTile - [moveTile.py:90] - DEBUG - [2574.286332] moveTile loop end practicalMoveTime=0.459 (+8.8 ms)
2026-06-26 03:52:39,299 - mazeUtils.moveTile - [moveTile.py:90] - DEBUG - [2574.286825] moveTile loop start (+0.5 ms)
2026-06-26 03:52:39,305 - picamera2.picamera2 - [picamera2.py:1391] - DEBUG - Execute job: <picamera2.job.Job object at 0x7f606f4dd0>
2026-06-26 03:52:39,312 - mazeUtils.device.camera - [camera.py:39] - DEBUG - Average HSV: H=166.8, S=16.2, V=236.1
2026-06-26 03:52:39,319 - mazeUtils.moveTile - [moveTile.py:90] - DEBUG - [2574.307426] moveTile calculated motor speeds left=89 right=100 gyroSteer=-9.799999999999955 wallSteer=-1.1999999999999993 (+20.6 ms)
2026-06-26 03:52:39,340 - mazeUtils.moveTile - [moveTile.py:90] - DEBUG - [2574.328773] moveTile applied motor speed left=89 right=100 (+21.3 ms)
2026-06-26 03:52:39,341 - mazeUtils.moveTile - [moveTile.py:90] - DEBUG - [2574.329608] moveTile ramp check isBigRamp=False (+0.8 ms)
2026-06-26 03:52:39,346 - mazeUtils.moveTile - [moveTile.py:90] - DEBUG - [2574.333871] moveTile tile color check tempTileColor=E (+4.3 ms)
2026-06-26 03:52:39,346 - mazeUtils.moveTile - [moveTile.py:90] - DEBUG - [2574.334501] moveTile obstacle check escapeFlag=False (+0.6 ms)
2026-06-26 03:52:39,353 - mazeUtils.moveTile - [moveTile.py:79] - DEBUG - roll: 358.40999999999997 deg, practicalMoveTime: 0.5138771468362417 sec
2026-06-26 03:52:39,354 - mazeUtils.moveTile - [moveTile.py:1907] - DEBUG - moveTile loop time: 55.2 ms
2026-06-26 03:52:39,355 - mazeUtils.moveTile - [moveTile.py:90] - DEBUG - [2574.342866] moveTile loop end practicalMoveTime=0.514 (+8.4 ms)
2026-06-26 03:52:39,355 - mazeUtils.moveTile - [moveTile.py:90] - DEBUG - [2574.343484] moveTile loop start (+0.6 ms)
2026-06-26 03:52:39,363 - picamera2.picamera2 - [picamera2.py:1391] - DEBUG - Execute job: <picamera2.job.Job object at 0x7f99ba7690>
2026-06-26 03:52:39,370 - mazeUtils.device.camera - [camera.py:39] - DEBUG - Average HSV: H=165.0, S=15.3, V=237.8
2026-06-26 03:52:39,375 - mazeUtils.moveTile - [moveTile.py:90] - DEBUG - [2574.363605] moveTile calculated motor speeds left=96 right=100 gyroSteer=-0.15999999999996817 wallSteer=-3.6000000000000014 (+20.1 ms)
2026-06-26 03:52:39,396 - mazeUtils.moveTile - [moveTile.py:90] - DEBUG - [2574.384466] moveTile applied motor speed left=96 right=100 (+20.9 ms)
2026-06-26 03:52:39,397 - mazeUtils.moveTile - [moveTile.py:90] - DEBUG - [2574.385323] moveTile ramp check isBigRamp=False (+0.9 ms)
2026-06-26 03:52:39,401 - mazeUtils.moveTile - [moveTile.py:90] - DEBUG - [2574.389528] moveTile tile color check tempTileColor=E (+4.2 ms)
2026-06-26 03:52:39,402 - mazeUtils.moveTile - [moveTile.py:90] - DEBUG - [2574.390189] moveTile obstacle check escapeFlag=False (+0.7 ms)
2026-06-26 03:52:39,411 - mazeUtils.moveTile - [moveTile.py:79] - DEBUG - roll: 358.74 deg, practicalMoveTime: 0.5707237188580316 sec
2026-06-26 03:52:39,412 - mazeUtils.moveTile - [moveTile.py:1907] - DEBUG - moveTile loop time: 56.3 ms
2026-06-26 03:52:39,412 - mazeUtils.moveTile - [moveTile.py:90] - DEBUG - [2574.400429] moveTile loop end practicalMoveTime=0.571 (+10.2 ms)
2026-06-26 03:52:39,413 - mazeUtils.moveTile - [moveTile.py:90] - DEBUG - [2574.400847] moveTile loop start (+0.4 ms)
2026-06-26 03:52:39,419 - picamera2.picamera2 - [picamera2.py:1391] - DEBUG - Execute job: <picamera2.job.Job object at 0x7f606f4dd0>
2026-06-26 03:52:39,425 - mazeUtils.device.camera - [camera.py:39] - DEBUG - Average HSV: H=168.0, S=16.6, V=241.6
2026-06-26 03:52:39,431 - mazeUtils.moveTile - [moveTile.py:90] - DEBUG - [2574.418922] moveTile calculated motor speeds left=100 right=97 gyroSteer=2.5200000000000955 wallSteer=0.0 (+18.1 ms)
2026-06-26 03:52:39,450 - mazeUtils.moveTile - [moveTile.py:90] - DEBUG - [2574.438592] moveTile applied motor speed left=100 right=97 (+19.7 ms)
2026-06-26 03:52:39,451 - mazeUtils.moveTile - [moveTile.py:90] - DEBUG - [2574.439748] moveTile ramp check isBigRamp=False (+1.2 ms)
2026-06-26 03:52:39,457 - mazeUtils.moveTile - [moveTile.py:90] - DEBUG - [2574.444960] moveTile tile color check tempTileColor=E (+5.2 ms)
2026-06-26 03:52:39,457 - mazeUtils.moveTile - [moveTile.py:90] - DEBUG - [2574.445653] moveTile obstacle check escapeFlag=False (+0.7 ms)
2026-06-26 03:52:39,464 - mazeUtils.moveTile - [moveTile.py:79] - DEBUG - roll: 358.81 deg, practicalMoveTime: 0.6231318258439407 sec
2026-06-26 03:52:39,465 - mazeUtils.moveTile - [moveTile.py:1907] - DEBUG - moveTile loop time: 52.6 ms
2026-06-26 03:52:39,466 - mazeUtils.moveTile - [moveTile.py:90] - DEBUG - [2574.454046] moveTile loop end practicalMoveTime=0.623 (+8.4 ms)
2026-06-26 03:52:39,466 - mazeUtils.moveTile - [moveTile.py:90] - DEBUG - [2574.454472] moveTile loop start (+0.4 ms)
2026-06-26 03:52:39,475 - picamera2.picamera2 - [picamera2.py:1391] - DEBUG - Execute job: <picamera2.job.Job object at 0x7f81fc0ad0>
2026-06-26 03:52:39,481 - mazeUtils.device.camera - [camera.py:39] - DEBUG - Average HSV: H=169.2, S=18.9, V=245.4
2026-06-26 03:52:39,487 - mazeUtils.moveTile - [moveTile.py:90] - DEBUG - [2574.475046] moveTile calculated motor speeds left=100 right=97 gyroSteer=2.2000000000000455 wallSteer=0.0 (+20.6 ms)
2026-06-26 03:52:39,514 - mazeUtils.moveTile - [moveTile.py:90] - DEBUG - [2574.502133] moveTile applied motor speed left=100 right=97 (+27.1 ms)
2026-06-26 03:52:39,515 - mazeUtils.moveTile - [moveTile.py:90] - DEBUG - [2574.502876] moveTile ramp check isBigRamp=False (+0.7 ms)
2026-06-26 03:52:39,520 - mazeUtils.moveTile - [moveTile.py:90] - DEBUG - [2574.508338] moveTile tile color check tempTileColor=E (+5.5 ms)
2026-06-26 03:52:39,521 - mazeUtils.moveTile - [moveTile.py:90] - DEBUG - [2574.509628] moveTile obstacle check escapeFlag=False (+1.3 ms)
2026-06-26 03:52:39,528 - mazeUtils.moveTile - [moveTile.py:79] - DEBUG - roll: 359.43 deg, practicalMoveTime: 0.6854252926676181 sec
2026-06-26 03:52:39,528 - mazeUtils.moveTile - [moveTile.py:1907] - DEBUG - moveTile loop time: 62.2 ms
2026-06-26 03:52:39,529 - mazeUtils.moveTile - [moveTile.py:90] - DEBUG - [2574.517271] moveTile loop end practicalMoveTime=0.685 (+7.6 ms)
2026-06-26 03:52:39,529 - mazeUtils.moveTile - [moveTile.py:90] - DEBUG - [2574.517806] moveTile loop start (+0.5 ms)
2026-06-26 03:52:39,535 - picamera2.picamera2 - [picamera2.py:1391] - DEBUG - Execute job: <picamera2.job.Job object at 0x7f90809a90>
2026-06-26 03:52:39,542 - mazeUtils.device.camera - [camera.py:39] - DEBUG - Average HSV: H=168.5, S=19.8, V=245.8
2026-06-26 03:52:39,551 - mazeUtils.moveTile - [moveTile.py:90] - DEBUG - [2574.539772] moveTile calculated motor speeds left=100 right=90 gyroSteer=9.759999999999991 wallSteer=0.0 (+22.0 ms)
2026-06-26 03:52:39,573 - mazeUtils.moveTile - [moveTile.py:90] - DEBUG - [2574.560792] moveTile applied motor speed left=100 right=90 (+21.0 ms)
2026-06-26 03:52:39,573 - mazeUtils.moveTile - [moveTile.py:90] - DEBUG - [2574.561551] moveTile ramp check isBigRamp=False (+0.8 ms)
2026-06-26 03:52:39,577 - mazeUtils.moveTile - [moveTile.py:90] - DEBUG - [2574.565104] moveTile tile color check tempTileColor=E (+3.6 ms)
2026-06-26 03:52:39,578 - mazeUtils.moveTile - [moveTile.py:90] - DEBUG - [2574.565856] moveTile obstacle check escapeFlag=False (+0.8 ms)
2026-06-26 03:52:39,587 - mazeUtils.moveTile - [moveTile.py:79] - DEBUG - roll: 358.61 deg, practicalMoveTime: 0.744312465112961 sec
2026-06-26 03:52:39,588 - mazeUtils.moveTile - [moveTile.py:1907] - DEBUG - moveTile loop time: 58.8 ms
2026-06-26 03:52:39,589 - mazeUtils.moveTile - [moveTile.py:90] - DEBUG - [2574.577171] moveTile loop end practicalMoveTime=0.744 (+11.3 ms)
2026-06-26 03:52:39,589 - mazeUtils.moveTile - [moveTile.py:90] - DEBUG - [2574.577584] moveTile loop start (+0.4 ms)
2026-06-26 03:52:39,598 - picamera2.picamera2 - [picamera2.py:1391] - DEBUG - Execute job: <picamera2.job.Job object at 0x7f81fc09d0>
2026-06-26 03:52:39,604 - mazeUtils.device.camera - [camera.py:39] - DEBUG - Average HSV: H=156.0, S=20.2, V=233.6
2026-06-26 03:52:39,609 - mazeUtils.moveTile - [moveTile.py:90] - DEBUG - [2574.597579] moveTile calculated motor speeds left=100 right=87 gyroSteer=12.120000000000005 wallSteer=0.0 (+20.0 ms)
2026-06-26 03:52:39,632 - mazeUtils.moveTile - [moveTile.py:90] - DEBUG - [2574.620105] moveTile applied motor speed left=100 right=87 (+22.5 ms)
2026-06-26 03:52:39,633 - mazeUtils.moveTile - [moveTile.py:90] - DEBUG - [2574.621201] moveTile ramp check isBigRamp=False (+1.1 ms)
2026-06-26 03:52:39,640 - mazeUtils.moveTile - [moveTile.py:90] - DEBUG - [2574.628188] moveTile tile color check tempTileColor=E (+7.0 ms)
2026-06-26 03:52:39,641 - mazeUtils.moveTile - [moveTile.py:215] - WARNING - Escape from obstacle on Side.LEFT side
2026-06-26 03:52:40,328 - mazeUtils.moveTile - [moveTile.py:1735] - DEBUG - Obstacle escape adjustment: 0.07391377741026332
2026-06-26 03:52:40,429 - mazeUtils.moveTile - [moveTile.py:90] - DEBUG - [2575.417038] moveTile obstacle check escapeFlag=True (+788.8 ms)
2026-06-26 03:52:40,435 - mazeUtils.moveTile - [moveTile.py:79] - DEBUG - roll: 358.65999999999997 deg, practicalMoveTime: 0.6865700199531722 sec
2026-06-26 03:52:40,436 - mazeUtils.moveTile - [moveTile.py:1907] - DEBUG - moveTile loop time: 846.2 ms
2026-06-26 03:52:40,437 - mazeUtils.moveTile - [moveTile.py:90] - DEBUG - [2575.425428] moveTile loop end practicalMoveTime=0.687 (+8.4 ms)
2026-06-26 03:52:40,438 - mazeUtils.moveTile - [moveTile.py:90] - DEBUG - [2575.425927] moveTile loop start (+0.5 ms)
2026-06-26 03:52:40,443 - picamera2.picamera2 - [picamera2.py:1391] - DEBUG - Execute job: <picamera2.job.Job object at 0x7f90809a90>
2026-06-26 03:52:40,449 - mazeUtils.device.camera - [camera.py:39] - DEBUG - Average HSV: H=156.4, S=14.6, V=247.7
2026-06-26 03:52:40,459 - mazeUtils.moveTile - [moveTile.py:90] - DEBUG - [2575.447332] moveTile calculated motor speeds left=69 right=100 gyroSteer=-30.519999999999982 wallSteer=0.0 (+21.4 ms)
2026-06-26 03:52:40,481 - mazeUtils.moveTile - [moveTile.py:90] - DEBUG - [2575.469159] moveTile applied motor speed left=69 right=100 (+21.8 ms)
2026-06-26 03:52:40,482 - mazeUtils.moveTile - [moveTile.py:90] - DEBUG - [2575.469916] moveTile ramp check isBigRamp=False (+0.8 ms)
2026-06-26 03:52:40,487 - mazeUtils.moveTile - [moveTile.py:90] - DEBUG - [2575.474814] moveTile tile color check tempTileColor=E (+4.9 ms)
2026-06-26 03:52:40,488 - mazeUtils.moveTile - [moveTile.py:215] - WARNING - Escape from obstacle on Side.LEFT side
2026-06-26 03:52:41,174 - mazeUtils.moveTile - [moveTile.py:1735] - DEBUG - Obstacle escape adjustment: 0.0738494328149981
2026-06-26 03:52:41,276 - mazeUtils.moveTile - [moveTile.py:90] - DEBUG - [2576.263971] moveTile obstacle check escapeFlag=True (+789.2 ms)
2026-06-26 03:52:41,284 - mazeUtils.moveTile - [moveTile.py:79] - DEBUG - roll: 358.05 deg, practicalMoveTime: 0.6292166355329392 sec
2026-06-26 03:52:41,284 - mazeUtils.moveTile - [moveTile.py:1907] - DEBUG - moveTile loop time: 846.7 ms
2026-06-26 03:52:41,285 - mazeUtils.moveTile - [moveTile.py:90] - DEBUG - [2576.273326] moveTile loop end practicalMoveTime=0.629 (+9.4 ms)
2026-06-26 03:52:41,286 - mazeUtils.moveTile - [moveTile.py:90] - DEBUG - [2576.273833] moveTile loop start (+0.5 ms)
2026-06-26 03:52:41,292 - picamera2.picamera2 - [picamera2.py:1391] - DEBUG - Execute job: <picamera2.job.Job object at 0x7f81fc09d0>
2026-06-26 03:52:41,299 - mazeUtils.device.camera - [camera.py:39] - DEBUG - Average HSV: H=160.5, S=12.8, V=250.0
2026-06-26 03:52:41,314 - mazeUtils.moveTile - [moveTile.py:90] - DEBUG - [2576.301950] moveTile calculated motor speeds left=18 right=100 gyroSteer=-81.24000000000001 wallSteer=0.0 (+28.1 ms)
2026-06-26 03:52:41,336 - mazeUtils.moveTile - [moveTile.py:90] - DEBUG - [2576.323821] moveTile applied motor speed left=18 right=100 (+21.9 ms)
2026-06-26 03:52:41,337 - mazeUtils.moveTile - [moveTile.py:90] - DEBUG - [2576.324823] moveTile ramp check isBigRamp=False (+1.0 ms)
2026-06-26 03:52:41,341 - mazeUtils.moveTile - [moveTile.py:90] - DEBUG - [2576.328855] moveTile tile color check tempTileColor=E (+4.0 ms)
2026-06-26 03:52:41,341 - mazeUtils.moveTile - [moveTile.py:215] - WARNING - Escape from obstacle on Side.LEFT side
2026-06-26 03:52:42,024 - mazeUtils.moveTile - [moveTile.py:1735] - DEBUG - Obstacle escape adjustment: 0.0738944025321304
2026-06-26 03:52:42,125 - mazeUtils.moveTile - [moveTile.py:90] - DEBUG - [2577.112831] moveTile obstacle check escapeFlag=True (+784.0 ms)
2026-06-26 03:52:42,139 - mazeUtils.moveTile - [moveTile.py:79] - DEBUG - roll: 359.21 deg, practicalMoveTime: 0.5760512588181842 sec
2026-06-26 03:52:42,140 - mazeUtils.moveTile - [moveTile.py:1907] - DEBUG - moveTile loop time: 854.4 ms
2026-06-26 03:52:42,141 - mazeUtils.moveTile - [moveTile.py:90] - DEBUG - [2577.128998] moveTile loop end practicalMoveTime=0.576 (+16.2 ms)
2026-06-26 03:52:42,142 - mazeUtils.moveTile - [moveTile.py:90] - DEBUG - [2577.129934] moveTile loop start (+0.9 ms)
2026-06-26 03:52:42,153 - picamera2.picamera2 - [picamera2.py:1391] - DEBUG - Execute job: <picamera2.job.Job object at 0x7f81fc0ad0>
2026-06-26 03:52:42,162 - mazeUtils.device.camera - [camera.py:39] - DEBUG - Average HSV: H=163.6, S=12.1, V=250.2
2026-06-26 03:52:42,170 - mazeUtils.moveTile - [moveTile.py:90] - DEBUG - [2577.157842] moveTile calculated motor speeds left=-23 right=100 gyroSteer=-123.67999999999995 wallSteer=0.0 (+27.9 ms)
2026-06-26 03:52:42,190 - mazeUtils.moveTile - [moveTile.py:90] - DEBUG - [2577.178319] moveTile applied motor speed left=-23 right=100 (+20.5 ms)
2026-06-26 03:52:42,191 - mazeUtils.moveTile - [moveTile.py:90] - DEBUG - [2577.179146] moveTile ramp check isBigRamp=False (+0.8 ms)
2026-06-26 03:52:42,197 - mazeUtils.moveTile - [moveTile.py:90] - DEBUG - [2577.184847] moveTile tile color check tempTileColor=E (+5.7 ms)
2026-06-26 03:52:42,197 - mazeUtils.moveTile - [moveTile.py:90] - DEBUG - [2577.185558] moveTile obstacle check escapeFlag=False (+0.7 ms)
2026-06-26 03:52:42,205 - mazeUtils.moveTile - [moveTile.py:79] - DEBUG - roll: 358.4 deg, practicalMoveTime: 0.6403855240655678 sec
2026-06-26 03:52:42,206 - mazeUtils.moveTile - [moveTile.py:1907] - DEBUG - moveTile loop time: 63.8 ms
2026-06-26 03:52:42,207 - mazeUtils.moveTile - [moveTile.py:90] - DEBUG - [2577.194920] moveTile loop end practicalMoveTime=0.640 (+9.4 ms)
2026-06-26 03:52:42,207 - mazeUtils.moveTile - [moveTile.py:90] - DEBUG - [2577.195398] moveTile loop start (+0.5 ms)
2026-06-26 03:52:42,214 - picamera2.picamera2 - [picamera2.py:1391] - DEBUG - Execute job: <picamera2.job.Job object at 0x7f90809a90>
2026-06-26 03:52:42,220 - mazeUtils.device.camera - [camera.py:39] - DEBUG - Average HSV: H=155.3, S=11.4, V=249.3
2026-06-26 03:52:42,228 - mazeUtils.moveTile - [moveTile.py:90] - DEBUG - [2577.216624] moveTile calculated motor speeds left=-23 right=100 gyroSteer=-123.43999999999994 wallSteer=0.0 (+21.2 ms)
2026-06-26 03:52:42,253 - mazeUtils.moveTile - [moveTile.py:90] - DEBUG - [2577.241598] moveTile applied motor speed left=-23 right=100 (+25.0 ms)
2026-06-26 03:52:42,254 - mazeUtils.moveTile - [moveTile.py:90] - DEBUG - [2577.242430] moveTile ramp check isBigRamp=False (+0.8 ms)
2026-06-26 03:52:42,258 - mazeUtils.moveTile - [moveTile.py:90] - DEBUG - [2577.246012] moveTile tile color check tempTileColor=E (+3.6 ms)
2026-06-26 03:52:42,258 - mazeUtils.moveTile - [moveTile.py:90] - DEBUG - [2577.246786] moveTile obstacle check escapeFlag=False (+0.8 ms)
2026-06-26 03:52:42,265 - mazeUtils.moveTile - [moveTile.py:79] - DEBUG - roll: 359.09 deg, practicalMoveTime: 0.6995719292061505 sec
2026-06-26 03:52:42,266 - mazeUtils.moveTile - [moveTile.py:1907] - DEBUG - moveTile loop time: 58.5 ms
2026-06-26 03:52:42,266 - mazeUtils.moveTile - [moveTile.py:90] - DEBUG - [2577.254569] moveTile loop end practicalMoveTime=0.700 (+7.8 ms)
2026-06-26 03:52:42,267 - mazeUtils.moveTile - [moveTile.py:90] - DEBUG - [2577.255079] moveTile loop start (+0.5 ms)
2026-06-26 03:52:42,278 - picamera2.picamera2 - [picamera2.py:1391] - DEBUG - Execute job: <picamera2.job.Job object at 0x7f99ba7690>
2026-06-26 03:52:42,285 - mazeUtils.device.camera - [camera.py:39] - DEBUG - Average HSV: H=157.6, S=12.1, V=247.7
2026-06-26 03:52:42,292 - mazeUtils.moveTile - [moveTile.py:90] - DEBUG - [2577.280439] moveTile calculated motor speeds left=-15 right=100 gyroSteer=-115.07999999999993 wallSteer=0.0 (+25.4 ms)
2026-06-26 03:52:42,315 - mazeUtils.moveTile - [moveTile.py:90] - DEBUG - [2577.303424] moveTile applied motor speed left=-15 right=100 (+23.0 ms)
2026-06-26 03:52:42,316 - mazeUtils.moveTile - [moveTile.py:90] - DEBUG - [2577.304382] moveTile ramp check isBigRamp=False (+1.0 ms)
2026-06-26 03:52:42,320 - mazeUtils.moveTile - [moveTile.py:90] - DEBUG - [2577.308673] moveTile tile color check tempTileColor=E (+4.3 ms)
2026-06-26 03:52:42,321 - mazeUtils.moveTile - [moveTile.py:90] - DEBUG - [2577.309363] moveTile obstacle check escapeFlag=False (+0.7 ms)
2026-06-26 03:52:42,327 - mazeUtils.moveTile - [moveTile.py:79] - DEBUG - roll: 359.3 deg, practicalMoveTime: 0.7608141345341137 sec
2026-06-26 03:52:42,328 - mazeUtils.moveTile - [moveTile.py:1907] - DEBUG - moveTile loop time: 61.3 ms
2026-06-26 03:52:42,329 - mazeUtils.moveTile - [moveTile.py:90] - DEBUG - [2577.317014] moveTile loop end practicalMoveTime=0.761 (+7.7 ms)
2026-06-26 03:52:42,329 - mazeUtils.moveTile - [moveTile.py:90] - DEBUG - [2577.317416] moveTile loop start (+0.4 ms)
2026-06-26 03:52:42,337 - picamera2.picamera2 - [picamera2.py:1391] - DEBUG - Execute job: <picamera2.job.Job object at 0x7f90809a90>
2026-06-26 03:52:42,344 - mazeUtils.device.camera - [camera.py:39] - DEBUG - Average HSV: H=143.1, S=14.1, V=238.9
2026-06-26 03:52:42,349 - mazeUtils.moveTile - [moveTile.py:90] - DEBUG - [2577.337257] moveTile calculated motor speeds left=0 right=100 gyroSteer=-100.59999999999991 wallSteer=0.0 (+19.8 ms)
2026-06-26 03:52:42,369 - mazeUtils.moveTile - [moveTile.py:90] - DEBUG - [2577.357416] moveTile applied motor speed left=0 right=100 (+20.2 ms)
2026-06-26 03:52:42,370 - mazeUtils.moveTile - [moveTile.py:90] - DEBUG - [2577.358136] moveTile ramp check isBigRamp=False (+0.7 ms)
2026-06-26 03:52:42,373 - mazeUtils.moveTile - [moveTile.py:90] - DEBUG - [2577.361687] moveTile tile color check tempTileColor=E (+3.6 ms)
2026-06-26 03:52:42,374 - mazeUtils.moveTile - [moveTile.py:90] - DEBUG - [2577.362241] moveTile obstacle check escapeFlag=False (+0.6 ms)
2026-06-26 03:52:42,380 - mazeUtils.moveTile - [moveTile.py:79] - DEBUG - roll: 358.99 deg, practicalMoveTime: 0.8129459852428811 sec
2026-06-26 03:52:42,382 - mazeUtils.moveTile - [moveTile.py:1907] - DEBUG - moveTile loop time: 52.5 ms
2026-06-26 03:52:42,383 - mazeUtils.moveTile - [moveTile.py:90] - DEBUG - [2577.370853] moveTile loop end practicalMoveTime=0.813 (+8.6 ms)
2026-06-26 03:52:42,383 - mazeUtils.moveTile - [moveTile.py:90] - DEBUG - [2577.371664] moveTile loop start (+0.8 ms)
2026-06-26 03:52:42,390 - picamera2.picamera2 - [picamera2.py:1391] - DEBUG - Execute job: <picamera2.job.Job object at 0x7f820631d0>
2026-06-26 03:52:42,396 - mazeUtils.device.camera - [camera.py:39] - DEBUG - Average HSV: H=138.2, S=16.7, V=240.3
2026-06-26 03:52:42,402 - mazeUtils.moveTile - [moveTile.py:90] - DEBUG - [2577.390576] moveTile calculated motor speeds left=9 right=100 gyroSteer=-90.95999999999992 wallSteer=0.0 (+18.9 ms)
2026-06-26 03:52:42,428 - mazeUtils.moveTile - [moveTile.py:90] - DEBUG - [2577.416643] moveTile applied motor speed left=9 right=100 (+26.1 ms)
2026-06-26 03:52:42,429 - mazeUtils.moveTile - [moveTile.py:90] - DEBUG - [2577.417372] moveTile ramp check isBigRamp=False (+0.7 ms)
2026-06-26 03:52:42,433 - mazeUtils.moveTile - [moveTile.py:90] - DEBUG - [2577.421263] moveTile tile color check tempTileColor=E (+3.9 ms)
2026-06-26 03:52:42,434 - mazeUtils.moveTile - [moveTile.py:90] - DEBUG - [2577.422465] moveTile obstacle check escapeFlag=False (+1.2 ms)
2026-06-26 03:52:42,439 - mazeUtils.moveTile - [moveTile.py:1755] - INFO - practicalVerticalMove: -0.8642874311312556 CM
2026-06-26 03:52:42,460 - mazeUtils.moveTile - [moveTile.py:90] - DEBUG - [2577.448612] moveTile finished by time control (+26.1 ms)
2026-06-26 03:52:42,461 - mazeUtils.moveTile - [moveTile.py:90] - DEBUG - [2577.449424] moveTile start final forward adjustment (+27.0 ms)
2026-06-26 03:52:42,493 - mazeUtils.moveTile - [moveTile.py:79] - DEBUG - Little forward to adjust position
2026-06-26 03:52:42,911 - mazeUtils.moveTile - [moveTile.py:90] - DEBUG - [2577.899078] moveTile finished final forward adjustment (+449.7 ms)
2026-06-26 03:52:42,912 - mazeUtils.moveTile - [moveTile.py:2117] - INFO - Set moved vertical distance: -0.8642874311312556 cm, past distances: [(0, False), (0, False), (0, False)]
2026-06-26 03:52:42,913 - mazeUtils.moveTile - [moveTile.py:90] - DEBUG - [2577.900966] moveTile updated moved vertical distance -0.864 (+1.9 ms)
2026-06-26 03:52:43,070 - mazeUtils.moveTile - [moveTile.py:563] - DEBUG - Direction: absDirection.NORTH, Angle: 180, Distance: 59.576513591683735 cm
2026-06-26 03:52:43,072 - mazeUtils.moveTile - [moveTile.py:563] - DEBUG - Direction: absDirection.EAST, Angle: 90, Distance: 52.949040233561746 cm
2026-06-26 03:52:43,073 - mazeUtils.moveTile - [moveTile.py:563] - DEBUG - Direction: absDirection.SOUTH, Angle: 0, Distance: 14.321480938629495 cm
2026-06-26 03:52:43,074 - mazeUtils.moveTile - [moveTile.py:570] - INFO - angle: 0, result: judgeWallResult.WALL
2026-06-26 03:52:43,076 - mazeUtils.moveTile - [moveTile.py:573] - DEBUG - Front LiDAR distance: 14.321480938629495 cm, TSD10 distance: 3.2 cm
2026-06-26 03:52:43,077 - mazeUtils.moveTile - [moveTile.py:563] - DEBUG - Direction: absDirection.WEST, Angle: 270, Distance: 74.64843068372012 cm
2026-06-26 03:52:43,078 - mazeUtils.moveTile - [moveTile.py:90] - DEBUG - [2578.065878] moveTile updated map and detected walls (+164.9 ms)
2026-06-26 03:52:43,081 - mazeUtils.moveTile - [moveTile.py:2272] - INFO - Tile color detection, decided tile type: E
2026-06-26 03:52:43,082 - mazeUtils.moveTile - [moveTile.py:90] - DEBUG - [2578.070411] moveTile finished (+169.4 ms)
2026-06-26 03:52:43,180 - __main__ - [main.py:106] - INFO - Current position: (22, 18, 0), front direction: absDirection.SOUTH
Layer 0 (altitude=0.0cm, offset=(0.0cm, 0.0cm)):
Known map area: x=20..24, y=15..20
+---+---+   +   +   +
| E   E | U   U   U  
+   +   +   +   +   +
| E   E | U   U   U  
+   +---+---+---+   +
| E   E   E   E   R |
+   +---+   +   +---+
| E   U   @   B   U  
+   +   +---+   +   +
| E   U   U   U   U  
+   +   +   +   +   +
| S | U   U   U   U  
+---+   +   +   +   +
mazeAsGraph[0][15][20] = {absDirection.NORTH: None, absDirection.EAST: (21, 15, 0, 30), absDirection.SOUTH: (20, 16, 0, 30), absDirection.WEST: None}
mazeAsGraph[0][15][21] = {absDirection.NORTH: None, absDirection.EAST: None, absDirection.SOUTH: (21, 16, 0, 30), absDirection.WEST: (20, 15, 0, 30)}
mazeAsGraph[0][16][20] = {absDirection.NORTH: (20, 15, 0, 30), absDirection.EAST: (21, 16, 0, 30), absDirection.SOUTH: (20, 17, 0, 30), absDirection.WEST: None}
mazeAsGraph[0][16][21] = {absDirection.NORTH: (21, 15, 0, 30), absDirection.EAST: None, absDirection.SOUTH: None, absDirection.WEST: (20, 16, 0, 30)}
mazeAsGraph[0][17][20] = {absDirection.NORTH: (20, 16, 0, 30), absDirection.EAST: (21, 17, 0, 30), absDirection.SOUTH: (20, 18, 0, 30), absDirection.WEST: None}
mazeAsGraph[0][17][21] = {absDirection.NORTH: None, absDirection.EAST: (22, 17, 0, 30), absDirection.SOUTH: None, absDirection.WEST: (20, 17, 0, 30)}
mazeAsGraph[0][17][22] = {absDirection.NORTH: None, absDirection.EAST: (23, 17, 0, 30), absDirection.SOUTH: (22, 18, 0, 30), absDirection.WEST: (21, 17, 0, 30)}
mazeAsGraph[0][17][23] = {absDirection.NORTH: None, absDirection.EAST: (24, 17, 0, 30), absDirection.SOUTH: None, absDirection.WEST: (22, 17, 0, 30)}
mazeAsGraph[0][17][24] = {absDirection.NORTH: (24, 16, 0, 30), absDirection.EAST: None, absDirection.SOUTH: None, absDirection.WEST: (23, 17, 0, 30)}
mazeAsGraph[0][18][20] = {absDirection.NORTH: (20, 17, 0, 30), absDirection.EAST: (21, 18, 0, 30), absDirection.SOUTH: (20, 19, 0, 30), absDirection.WEST: None}
mazeAsGraph[0][18][22] = {absDirection.NORTH: (22, 17, 0, 30), absDirection.EAST: None, absDirection.SOUTH: None, absDirection.WEST: (21, 18, 0, 30)}
mazeAsGraph[0][18][23] = {absDirection.NORTH: None, absDirection.EAST: None, absDirection.SOUTH: None, absDirection.WEST: None}
mazeAsGraph[0][19][20] = {absDirection.NORTH: (20, 18, 0, 30), absDirection.EAST: (21, 19, 0, 30), absDirection.SOUTH: (20, 20, 0, 30), absDirection.WEST: None}
mazeAsGraph[0][20][20] = {absDirection.NORTH: (20, 19, 0, 30), absDirection.EAST: None, absDirection.SOUTH: None, absDirection.WEST: None}
2026-06-26 03:52:43,188 - mazeUtils.mazeMap - [mazeMap.py:61] - INFO - next goal: (21, 18, 0)
2026-06-26 03:52:43,191 - mazeUtils.mazeMap - [mazeMap.py:61] - INFO - next goal: (20, 20, 0)
2026-06-26 03:52:43,193 - mazeUtils.moveTile - [moveTile.py:88] - DEBUG - [2578.180816] moveTile start direction=absDirection.WEST position=(22, 18, 0) front=absDirection.SOUTH
2026-06-26 03:52:43,199 - mazeUtils.moveTile - [moveTile.py:90] - DEBUG - [2578.187089] moveTile after initial toggle check (+6.3 ms)
2026-06-26 03:52:43,202 - mazeUtils.moveTile - [moveTile.py:90] - DEBUG - [2578.189816] moveTile after tile checks isRedTile=False isUnknownTileAhead=True (+2.7 ms)
2026-06-26 03:52:43,202 - mazeUtils.moveTile - [moveTile.py:79] - DEBUG - Moving to absDirection.WEST from (22, 18, 0) facing absDirection.SOUTH
2026-06-26 03:52:43,203 - mazeUtils.moveTile - [moveTile.py:90] - DEBUG - [2578.191311] moveTile start heading change target=90 (+1.5 ms)
2026-06-26 03:52:43,211 - mazeUtils.moveTile - [moveTile.py:79] - DEBUG - Turning to 90 deg, current heading: 166.96 deg, turnAngle: 76.96000000000001 deg
2026-06-26 03:52:43,242 - mazeUtils.moveTile - [moveTile.py:79] - DEBUG - gyro:166.89000000000001 deg, derivative: -0.06999999999999318, turnSpeed: 100
2026-06-26 03:52:43,267 - mazeUtils.moveTile - [moveTile.py:79] - DEBUG - gyro:166.86 deg, derivative: -0.030000000000001137, turnSpeed: 100
2026-06-26 03:52:43,308 - mazeUtils.moveTile - [moveTile.py:79] - DEBUG - gyro:166.96 deg, derivative: 0.09999999999999432, turnSpeed: 100
2026-06-26 03:52:43,337 - mazeUtils.moveTile - [moveTile.py:79] - DEBUG - gyro:166.38000000000002 deg, derivative: -0.5799999999999841, turnSpeed: 100
2026-06-26 03:52:43,368 - mazeUtils.moveTile - [moveTile.py:79] - DEBUG - gyro:164.15 deg, derivative: -2.230000000000018, turnSpeed: 100
2026-06-26 03:52:43,399 - mazeUtils.moveTile - [moveTile.py:79] - DEBUG - gyro:161.22 deg, derivative: -2.930000000000007, turnSpeed: 100
2026-06-26 03:52:43,426 - mazeUtils.moveTile - [moveTile.py:79] - DEBUG - gyro:157.34 deg, derivative: -3.8799999999999955, turnSpeed: 100
2026-06-26 03:52:43,463 - mazeUtils.moveTile - [moveTile.py:79] - DEBUG - gyro:154.12 deg, derivative: -3.219999999999999, turnSpeed: 100
2026-06-26 03:52:43,490 - mazeUtils.moveTile - [moveTile.py:79] - DEBUG - gyro:149.42000000000002 deg, derivative: -4.699999999999989, turnSpeed: 100
2026-06-26 03:52:43,517 - mazeUtils.moveTile - [moveTile.py:79] - DEBUG - gyro:144.3 deg, derivative: -5.1200000000000045, turnSpeed: 100
2026-06-26 03:52:43,553 - mazeUtils.moveTile - [moveTile.py:79] - DEBUG - gyro:141.29000000000002 deg, derivative: -3.009999999999991, turnSpeed: 100
2026-06-26 03:52:43,580 - mazeUtils.moveTile - [moveTile.py:79] - DEBUG - gyro:136.68 deg, derivative: -4.610000000000014, turnSpeed: 93.36000000000001
2026-06-26 03:52:43,606 - mazeUtils.moveTile - [moveTile.py:79] - DEBUG - gyro:131.38 deg, derivative: -5.300000000000011, turnSpeed: 82.75999999999999
2026-06-26 03:52:43,631 - mazeUtils.moveTile - [moveTile.py:79] - DEBUG - gyro:127.95000000000002 deg, derivative: -3.4299999999999784, turnSpeed: 75.90000000000003
2026-06-26 03:52:43,658 - mazeUtils.moveTile - [moveTile.py:79] - DEBUG - gyro:125.29000000000002 deg, derivative: -2.6599999999999966, turnSpeed: 70.58000000000004
2026-06-26 03:52:43,683 - mazeUtils.moveTile - [moveTile.py:79] - DEBUG - gyro:121.36000000000001 deg, derivative: -3.930000000000007, turnSpeed: 62.72000000000003
2026-06-26 03:52:43,711 - mazeUtils.moveTile - [moveTile.py:79] - DEBUG - gyro:119.42000000000002 deg, derivative: -1.9399999999999977, turnSpeed: 58.84000000000003
2026-06-26 03:52:43,738 - mazeUtils.moveTile - [moveTile.py:79] - DEBUG - gyro:116.68 deg, derivative: -2.740000000000009, turnSpeed: 53.360000000000014
2026-06-26 03:52:43,766 - mazeUtils.moveTile - [moveTile.py:79] - DEBUG - gyro:114.25999999999999 deg, derivative: -2.420000000000016, turnSpeed: 48.51999999999998
2026-06-26 03:52:43,793 - mazeUtils.moveTile - [moveTile.py:79] - DEBUG - gyro:112.25 deg, derivative: -2.009999999999991, turnSpeed: 44.5
2026-06-26 03:52:43,819 - mazeUtils.moveTile - [moveTile.py:79] - DEBUG - gyro:110.84000000000003 deg, derivative: -1.4099999999999682, turnSpeed: 41.680000000000064
2026-06-26 03:52:43,848 - mazeUtils.moveTile - [moveTile.py:79] - DEBUG - gyro:109.38 deg, derivative: -1.4600000000000364, turnSpeed: 38.75999999999999
2026-06-26 03:52:43,874 - mazeUtils.moveTile - [moveTile.py:79] - DEBUG - gyro:107.32 deg, derivative: -2.0600000000000023, turnSpeed: 34.639999999999986
2026-06-26 03:52:43,898 - mazeUtils.moveTile - [moveTile.py:79] - DEBUG - gyro:105.9 deg, derivative: -1.4199999999999875, turnSpeed: 31.80000000000001
2026-06-26 03:52:43,927 - mazeUtils.moveTile - [moveTile.py:79] - DEBUG - gyro:104.45000000000002 deg, derivative: -1.4499999999999886, turnSpeed: 28.900000000000034
2026-06-26 03:52:43,955 - mazeUtils.moveTile - [moveTile.py:79] - DEBUG - gyro:103.12 deg, derivative: -1.3300000000000125, turnSpeed: 26.24000000000001
2026-06-26 03:52:43,981 - mazeUtils.moveTile - [moveTile.py:79] - DEBUG - gyro:100.64999999999998 deg, derivative: -2.4700000000000273, turnSpeed: 21.299999999999955
2026-06-26 03:52:44,006 - mazeUtils.moveTile - [moveTile.py:79] - DEBUG - gyro:99.36000000000001 deg, derivative: -1.2899999999999636, turnSpeed: 18.720000000000027
2026-06-26 03:52:44,034 - mazeUtils.moveTile - [moveTile.py:79] - DEBUG - gyro:97.99000000000001 deg, derivative: -1.3700000000000045, turnSpeed: 15.980000000000018
2026-06-26 03:52:44,058 - mazeUtils.moveTile - [moveTile.py:79] - DEBUG - gyro:97.05000000000001 deg, derivative: -0.9399999999999977, turnSpeed: 14.100000000000023
2026-06-26 03:52:44,085 - mazeUtils.moveTile - [moveTile.py:79] - DEBUG - gyro:95.54000000000002 deg, derivative: -1.509999999999991, turnSpeed: 11.080000000000041
2026-06-26 03:52:44,109 - mazeUtils.moveTile - [moveTile.py:79] - DEBUG - gyro:94.54000000000002 deg, derivative: -1.0, turnSpeed: 9.080000000000041
2026-06-26 03:52:44,134 - mazeUtils.moveTile - [moveTile.py:79] - DEBUG - gyro:94.25 deg, derivative: -0.29000000000002046, turnSpeed: 8.5
2026-06-26 03:52:44,163 - mazeUtils.moveTile - [moveTile.py:79] - DEBUG - gyro:94.00999999999999 deg, derivative: -0.2400000000000091, turnSpeed: 8.019999999999982
2026-06-26 03:52:44,189 - mazeUtils.moveTile - [moveTile.py:79] - DEBUG - gyro:93.34000000000003 deg, derivative: -0.6699999999999591, turnSpeed: 6.680000000000064
2026-06-26 03:52:44,217 - mazeUtils.moveTile - [moveTile.py:79] - DEBUG - gyro:93.39999999999998 deg, derivative: 0.05999999999994543, turnSpeed: 6.7999999999999545
2026-06-26 03:52:44,247 - mazeUtils.moveTile - [moveTile.py:79] - DEBUG - gyro:93.5 deg, derivative: 0.10000000000002274, turnSpeed: 7.0
2026-06-26 03:52:44,273 - mazeUtils.moveTile - [moveTile.py:79] - DEBUG - gyro:93.41000000000003 deg, derivative: -0.08999999999997499, turnSpeed: 6.82000000000005
2026-06-26 03:52:44,301 - mazeUtils.moveTile - [moveTile.py:79] - DEBUG - gyro:93.23000000000002 deg, derivative: -0.18000000000000682, turnSpeed: 6.460000000000036
2026-06-26 03:52:44,331 - mazeUtils.moveTile - [moveTile.py:79] - DEBUG - gyro:92.88 deg, derivative: -0.35000000000002274, turnSpeed: 5.759999999999991
2026-06-26 03:52:44,365 - mazeUtils.moveTile - [moveTile.py:79] - DEBUG - gyro:92.76999999999998 deg, derivative: -0.11000000000001364, turnSpeed: 5.539999999999964
2026-06-26 03:52:44,392 - mazeUtils.moveTile - [moveTile.py:79] - DEBUG - gyro:92.60000000000002 deg, derivative: -0.16999999999995907, turnSpeed: 5.2000000000000455
2026-06-26 03:52:44,422 - mazeUtils.moveTile - [moveTile.py:79] - DEBUG - gyro:92.24000000000001 deg, derivative: -0.36000000000001364, turnSpeed: 4.480000000000018
2026-06-26 03:52:44,448 - mazeUtils.moveTile - [moveTile.py:79] - DEBUG - gyro:91.95000000000005 deg, derivative: -0.2899999999999636, turnSpeed: 3.900000000000091
2026-06-26 03:52:44,471 - mazeUtils.moveTile - [moveTile.py:79] - DEBUG - Turned to heading: 91.95000000000005 deg
2026-06-26 03:52:44,471 - mazeUtils.moveTile - [moveTile.py:90] - DEBUG - [2579.459596] moveTile finished heading change (+1268.3 ms)
2026-06-26 03:52:44,472 - mazeUtils.moveTile - [moveTile.py:90] - DEBUG - [2579.460097] moveTile updated front direction (+0.5 ms)
2026-06-26 03:52:44,496 - mazeUtils.moveTile - [moveTile.py:90] - DEBUG - [2579.484232] moveTile stopped motors before alignment (+24.1 ms)
2026-06-26 03:52:44,652 - mazeUtils.moveTile - [moveTile.py:563] - DEBUG - Direction: absDirection.NORTH, Angle: 270, Distance: 46.12504625933933 cm
2026-06-26 03:52:44,653 - mazeUtils.moveTile - [moveTile.py:563] - DEBUG - Direction: absDirection.EAST, Angle: 180, Distance: 91.77695382248233 cm
2026-06-26 03:52:44,654 - mazeUtils.moveTile - [moveTile.py:563] - DEBUG - Direction: absDirection.SOUTH, Angle: 90, Distance: 80.04271245172183 cm
2026-06-26 03:52:44,655 - mazeUtils.moveTile - [moveTile.py:679] - WARNING - Inconsistent wall detection at absDirection.SOUTH: distance=80.04271245172183 cm, map wall type=wallType.WALL
2026-06-26 03:52:44,656 - mazeUtils.moveTile - [moveTile.py:563] - DEBUG - Direction: absDirection.WEST, Angle: 0, Distance: 65.43269122350071 cm
2026-06-26 03:52:44,678 - mazeUtils.moveTile - [moveTile.py:90] - DEBUG - [2579.666694] moveTile ready for forward move (+182.5 ms)
2026-06-26 03:52:44,714 - mazeUtils.moveTile - [moveTile.py:90] - DEBUG - [2579.702452] moveTile initialized movement targetSteps=1 (+35.8 ms)
2026-06-26 03:52:44,716 - mazeUtils.moveTile - [moveTile.py:90] - DEBUG - [2579.703810] moveTile loop start (+1.4 ms)
2026-06-26 03:52:44,727 - picamera2.picamera2 - [picamera2.py:1391] - DEBUG - Execute job: <picamera2.job.Job object at 0x7f82062bd0>
2026-06-26 03:52:44,733 - mazeUtils.device.camera - [camera.py:39] - DEBUG - Average HSV: H=137.6, S=13.2, V=253.7
2026-06-26 03:52:44,742 - mazeUtils.moveTile - [moveTile.py:90] - DEBUG - [2579.729822] moveTile calculated motor speeds left=100 right=96 gyroSteer=6.320000000000164 wallSteer=-3.1999999999999993 (+26.0 ms)
2026-06-26 03:52:44,761 - mazeUtils.moveTile - [moveTile.py:90] - DEBUG - [2579.749419] moveTile applied motor speed left=100 right=96 (+19.6 ms)
2026-06-26 03:52:44,762 - mazeUtils.moveTile - [moveTile.py:90] - DEBUG - [2579.750469] moveTile ramp check isBigRamp=False (+1.0 ms)
2026-06-26 03:52:44,766 - mazeUtils.moveTile - [moveTile.py:90] - DEBUG - [2579.754430] moveTile tile color check tempTileColor=E (+4.0 ms)
2026-06-26 03:52:44,767 - mazeUtils.moveTile - [moveTile.py:90] - DEBUG - [2579.755240] moveTile obstacle check escapeFlag=False (+0.8 ms)
2026-06-26 03:52:44,774 - mazeUtils.moveTile - [moveTile.py:79] - DEBUG - roll: 358.41999999999996 deg, practicalMoveTime: 0.05939999388515798 sec
2026-06-26 03:52:44,775 - mazeUtils.moveTile - [moveTile.py:1907] - DEBUG - moveTile loop time: 59.0 ms
2026-06-26 03:52:44,775 - mazeUtils.moveTile - [moveTile.py:90] - DEBUG - [2579.763566] moveTile loop end practicalMoveTime=0.059 (+8.3 ms)
2026-06-26 03:52:44,776 - mazeUtils.moveTile - [moveTile.py:90] - DEBUG - [2579.764186] moveTile loop start (+0.6 ms)
2026-06-26 03:52:44,787 - picamera2.picamera2 - [picamera2.py:1391] - DEBUG - Execute job: <picamera2.job.Job object at 0x7f81fc0ad0>
2026-06-26 03:52:44,796 - mazeUtils.device.camera - [camera.py:39] - DEBUG - Average HSV: H=139.0, S=13.1, V=253.0
2026-06-26 03:52:44,801 - mazeUtils.moveTile - [moveTile.py:90] - DEBUG - [2579.789416] moveTile calculated motor speeds left=100 right=96 gyroSteer=6.480000000000018 wallSteer=-3.1999999999999993 (+25.2 ms)
2026-06-26 03:52:44,824 - mazeUtils.moveTile - [moveTile.py:90] - DEBUG - [2579.812158] moveTile applied motor speed left=100 right=96 (+22.7 ms)
2026-06-26 03:52:44,825 - mazeUtils.moveTile - [moveTile.py:90] - DEBUG - [2579.812908] moveTile ramp check isBigRamp=False (+0.7 ms)
2026-06-26 03:52:44,829 - mazeUtils.moveTile - [moveTile.py:90] - DEBUG - [2579.816794] moveTile tile color check tempTileColor=E (+3.9 ms)
2026-06-26 03:52:44,829 - mazeUtils.moveTile - [moveTile.py:90] - DEBUG - [2579.817659] moveTile obstacle check escapeFlag=False (+0.9 ms)
2026-06-26 03:52:44,835 - mazeUtils.moveTile - [moveTile.py:79] - DEBUG - roll: 357.07 deg, practicalMoveTime: 0.11941552193096752 sec
2026-06-26 03:52:44,835 - mazeUtils.moveTile - [moveTile.py:1907] - DEBUG - moveTile loop time: 59.5 ms
2026-06-26 03:52:44,836 - mazeUtils.moveTile - [moveTile.py:90] - DEBUG - [2579.824376] moveTile loop end practicalMoveTime=0.119 (+6.7 ms)
2026-06-26 03:52:44,836 - mazeUtils.moveTile - [moveTile.py:90] - DEBUG - [2579.824790] moveTile loop start (+0.4 ms)
2026-06-26 03:52:44,843 - picamera2.picamera2 - [picamera2.py:1391] - DEBUG - Execute job: <picamera2.job.Job object at 0x7f99ba7690>
2026-06-26 03:52:44,850 - mazeUtils.device.camera - [camera.py:39] - DEBUG - Average HSV: H=139.1, S=13.9, V=251.8
2026-06-26 03:52:44,857 - mazeUtils.moveTile - [moveTile.py:90] - DEBUG - [2579.845108] moveTile calculated motor speeds left=100 right=91 gyroSteer=18.360000000000127 wallSteer=-10.0 (+20.3 ms)
2026-06-26 03:52:44,877 - mazeUtils.moveTile - [moveTile.py:90] - DEBUG - [2579.865595] moveTile applied motor speed left=100 right=91 (+20.5 ms)
2026-06-26 03:52:44,878 - mazeUtils.moveTile - [moveTile.py:90] - DEBUG - [2579.866444] moveTile ramp check isBigRamp=False (+0.8 ms)
2026-06-26 03:52:44,886 - mazeUtils.moveTile - [moveTile.py:90] - DEBUG - [2579.873819] moveTile tile color check tempTileColor=E (+7.4 ms)
2026-06-26 03:52:44,887 - mazeUtils.moveTile - [moveTile.py:90] - DEBUG - [2579.875195] moveTile obstacle check escapeFlag=False (+1.4 ms)
2026-06-26 03:52:44,896 - mazeUtils.moveTile - [moveTile.py:79] - DEBUG - roll: 358.49 deg, practicalMoveTime: 0.18024397813081816 sec
2026-06-26 03:52:44,897 - mazeUtils.moveTile - [moveTile.py:1907] - DEBUG - moveTile loop time: 60.7 ms
2026-06-26 03:52:44,898 - mazeUtils.moveTile - [moveTile.py:90] - DEBUG - [2579.886091] moveTile loop end practicalMoveTime=0.180 (+10.9 ms)
2026-06-26 03:52:44,898 - mazeUtils.moveTile - [moveTile.py:90] - DEBUG - [2579.886522] moveTile loop start (+0.4 ms)
2026-06-26 03:52:44,908 - picamera2.picamera2 - [picamera2.py:1391] - DEBUG - Execute job: <picamera2.job.Job object at 0x7f81fc0550>
2026-06-26 03:52:44,914 - mazeUtils.device.camera - [camera.py:39] - DEBUG - Average HSV: H=139.8, S=13.6, V=250.5
2026-06-26 03:52:44,922 - mazeUtils.moveTile - [moveTile.py:90] - DEBUG - [2579.910169] moveTile calculated motor speeds left=100 right=78 gyroSteer=21.24000000000001 wallSteer=0.0 (+23.6 ms)
2026-06-26 03:52:44,944 - mazeUtils.moveTile - [moveTile.py:90] - DEBUG - [2579.932304] moveTile applied motor speed left=100 right=78 (+22.1 ms)
2026-06-26 03:52:44,945 - mazeUtils.moveTile - [moveTile.py:90] - DEBUG - [2579.933170] moveTile ramp check isBigRamp=False (+0.9 ms)
2026-06-26 03:52:44,952 - mazeUtils.moveTile - [moveTile.py:90] - DEBUG - [2579.940146] moveTile tile color check tempTileColor=E (+7.0 ms)
2026-06-26 03:52:44,953 - mazeUtils.moveTile - [moveTile.py:90] - DEBUG - [2579.941447] moveTile obstacle check escapeFlag=False (+1.3 ms)
2026-06-26 03:52:44,959 - mazeUtils.moveTile - [moveTile.py:79] - DEBUG - roll: 0.06999999999999318 deg, practicalMoveTime: 0.2422856701643357 sec
2026-06-26 03:52:44,960 - mazeUtils.moveTile - [moveTile.py:1907] - DEBUG - moveTile loop time: 62.0 ms
2026-06-26 03:52:44,961 - mazeUtils.moveTile - [moveTile.py:90] - DEBUG - [2579.949096] moveTile loop end practicalMoveTime=0.242 (+7.6 ms)
2026-06-26 03:52:44,961 - mazeUtils.moveTile - [moveTile.py:90] - DEBUG - [2579.949570] moveTile loop start (+0.5 ms)
2026-06-26 03:52:44,969 - picamera2.picamera2 - [picamera2.py:1391] - DEBUG - Execute job: <picamera2.job.Job object at 0x7f81fc09d0>
2026-06-26 03:52:44,976 - mazeUtils.device.camera - [camera.py:39] - DEBUG - Average HSV: H=144.4, S=12.0, V=248.4
2026-06-26 03:52:44,984 - mazeUtils.moveTile - [moveTile.py:90] - DEBUG - [2579.972221] moveTile calculated motor speeds left=100 right=78 gyroSteer=21.800000000000182 wallSteer=0.0 (+22.7 ms)
2026-06-26 03:52:45,003 - mazeUtils.moveTile - [moveTile.py:90] - DEBUG - [2579.991731] moveTile applied motor speed left=100 right=78 (+19.5 ms)
2026-06-26 03:52:45,004 - mazeUtils.moveTile - [moveTile.py:90] - DEBUG - [2579.992634] moveTile ramp check isBigRamp=False (+0.9 ms)
2026-06-26 03:52:45,012 - mazeUtils.moveTile - [moveTile.py:90] - DEBUG - [2580.000243] moveTile tile color check tempTileColor=E (+7.6 ms)
2026-06-26 03:52:45,013 - mazeUtils.moveTile - [moveTile.py:90] - DEBUG - [2580.001011] moveTile obstacle check escapeFlag=False (+0.8 ms)
2026-06-26 03:52:45,019 - mazeUtils.moveTile - [moveTile.py:79] - DEBUG - roll: 359.65 deg, practicalMoveTime: 0.30068053548850954 sec
2026-06-26 03:52:45,020 - mazeUtils.moveTile - [moveTile.py:1907] - DEBUG - moveTile loop time: 58.3 ms
2026-06-26 03:52:45,020 - mazeUtils.moveTile - [moveTile.py:90] - DEBUG - [2580.008460] moveTile loop end practicalMoveTime=0.301 (+7.4 ms)
2026-06-26 03:52:45,021 - mazeUtils.moveTile - [moveTile.py:90] - DEBUG - [2580.008859] moveTile loop start (+0.4 ms)
2026-06-26 03:52:45,028 - picamera2.picamera2 - [picamera2.py:1391] - DEBUG - Execute job: <picamera2.job.Job object at 0x7f81fc0550>
2026-06-26 03:52:45,035 - mazeUtils.device.camera - [camera.py:39] - DEBUG - Average HSV: H=143.8, S=12.5, V=246.4
2026-06-26 03:52:45,041 - mazeUtils.moveTile - [moveTile.py:90] - DEBUG - [2580.029489] moveTile calculated motor speeds left=100 right=86 gyroSteer=17.720000000000027 wallSteer=-4.399999999999999 (+20.6 ms)
2026-06-26 03:52:45,065 - mazeUtils.moveTile - [moveTile.py:90] - DEBUG - [2580.053137] moveTile applied motor speed left=100 right=86 (+23.6 ms)
2026-06-26 03:52:45,066 - mazeUtils.moveTile - [moveTile.py:90] - DEBUG - [2580.053891] moveTile ramp check isBigRamp=False (+0.8 ms)
2026-06-26 03:52:45,069 - mazeUtils.moveTile - [moveTile.py:90] - DEBUG - [2580.057343] moveTile tile color check tempTileColor=E (+3.5 ms)
2026-06-26 03:52:45,070 - mazeUtils.moveTile - [moveTile.py:90] - DEBUG - [2580.058449] moveTile obstacle check escapeFlag=False (+1.1 ms)
2026-06-26 03:52:45,078 - mazeUtils.moveTile - [moveTile.py:79] - DEBUG - roll: 0.47999999999996135 deg, practicalMoveTime: 0.358989093351461 sec
2026-06-26 03:52:45,079 - mazeUtils.moveTile - [moveTile.py:1907] - DEBUG - moveTile loop time: 58.2 ms
2026-06-26 03:52:45,079 - mazeUtils.moveTile - [moveTile.py:90] - DEBUG - [2580.067545] moveTile loop end practicalMoveTime=0.359 (+9.1 ms)
2026-06-26 03:52:45,080 - mazeUtils.moveTile - [moveTile.py:90] - DEBUG - [2580.067921] moveTile loop start (+0.4 ms)
2026-06-26 03:52:45,087 - picamera2.picamera2 - [picamera2.py:1391] - DEBUG - Execute job: <picamera2.job.Job object at 0x7f81fc0550>
2026-06-26 03:52:45,093 - mazeUtils.device.camera - [camera.py:39] - DEBUG - Average HSV: H=140.1, S=13.2, V=247.6
2026-06-26 03:52:45,100 - mazeUtils.moveTile - [moveTile.py:90] - DEBUG - [2580.088237] moveTile calculated motor speeds left=100 right=90 gyroSteer=13.840000000000146 wallSteer=-4.399999999999999 (+20.3 ms)
2026-06-26 03:52:45,120 - mazeUtils.moveTile - [moveTile.py:90] - DEBUG - [2580.108231] moveTile applied motor speed left=100 right=90 (+20.0 ms)
2026-06-26 03:52:45,121 - mazeUtils.moveTile - [moveTile.py:90] - DEBUG - [2580.109002] moveTile ramp check isBigRamp=False (+0.8 ms)
2026-06-26 03:52:45,125 - mazeUtils.moveTile - [moveTile.py:90] - DEBUG - [2580.112858] moveTile tile color check tempTileColor=E (+3.9 ms)
2026-06-26 03:52:45,125 - mazeUtils.moveTile - [moveTile.py:90] - DEBUG - [2580.113455] moveTile obstacle check escapeFlag=False (+0.6 ms)
2026-06-26 03:52:45,131 - mazeUtils.moveTile - [moveTile.py:79] - DEBUG - roll: 0.2400000000000091 deg, practicalMoveTime: 0.4113934161895505 sec
2026-06-26 03:52:45,132 - mazeUtils.moveTile - [moveTile.py:1907] - DEBUG - moveTile loop time: 52.4 ms
2026-06-26 03:52:45,133 - mazeUtils.moveTile - [moveTile.py:90] - DEBUG - [2580.121033] moveTile loop end practicalMoveTime=0.411 (+7.6 ms)
2026-06-26 03:52:45,133 - mazeUtils.moveTile - [moveTile.py:90] - DEBUG - [2580.121511] moveTile loop start (+0.5 ms)
2026-06-26 03:52:45,139 - picamera2.picamera2 - [picamera2.py:1391] - DEBUG - Execute job: <picamera2.job.Job object at 0x7f81fc0ad0>
2026-06-26 03:52:45,147 - mazeUtils.device.camera - [camera.py:39] - DEBUG - Average HSV: H=137.9, S=14.1, V=247.6
2026-06-26 03:52:45,155 - mazeUtils.moveTile - [moveTile.py:90] - DEBUG - [2580.143414] moveTile calculated motor speeds left=100 right=90 gyroSteer=15.279999999999973 wallSteer=-5.600000000000001 (+21.9 ms)
2026-06-26 03:52:45,181 - mazeUtils.moveTile - [moveTile.py:90] - DEBUG - [2580.169180] moveTile applied motor speed left=100 right=90 (+25.8 ms)
2026-06-26 03:52:45,182 - mazeUtils.moveTile - [moveTile.py:90] - DEBUG - [2580.169937] moveTile ramp check isBigRamp=False (+0.8 ms)
2026-06-26 03:52:45,185 - mazeUtils.moveTile - [moveTile.py:90] - DEBUG - [2580.173419] moveTile tile color check tempTileColor=E (+3.5 ms)
2026-06-26 03:52:45,186 - mazeUtils.moveTile - [moveTile.py:90] - DEBUG - [2580.173973] moveTile obstacle check escapeFlag=False (+0.6 ms)
2026-06-26 03:52:45,192 - mazeUtils.moveTile - [moveTile.py:79] - DEBUG - roll: 359.75 deg, practicalMoveTime: 0.47058113556545067 sec
2026-06-26 03:52:45,193 - mazeUtils.moveTile - [moveTile.py:1907] - DEBUG - moveTile loop time: 59.7 ms
2026-06-26 03:52:45,194 - mazeUtils.moveTile - [moveTile.py:90] - DEBUG - [2580.181957] moveTile loop end practicalMoveTime=0.471 (+8.0 ms)
2026-06-26 03:52:45,194 - mazeUtils.moveTile - [moveTile.py:90] - DEBUG - [2580.182435] moveTile loop start (+0.5 ms)
2026-06-26 03:52:45,200 - picamera2.picamera2 - [picamera2.py:1391] - DEBUG - Execute job: <picamera2.job.Job object at 0x7f99ba7690>
2026-06-26 03:52:45,207 - mazeUtils.device.camera - [camera.py:39] - DEBUG - Average HSV: H=139.6, S=14.6, V=243.2
2026-06-26 03:52:45,213 - mazeUtils.moveTile - [moveTile.py:90] - DEBUG - [2580.201485] moveTile calculated motor speeds left=100 right=95 gyroSteer=8.720000000000027 wallSteer=-4.0 (+19.1 ms)
2026-06-26 03:52:45,233 - mazeUtils.moveTile - [moveTile.py:90] - DEBUG - [2580.221308] moveTile applied motor speed left=100 right=95 (+19.8 ms)
2026-06-26 03:52:45,234 - mazeUtils.moveTile - [moveTile.py:90] - DEBUG - [2580.222043] moveTile ramp check isBigRamp=False (+0.7 ms)
2026-06-26 03:52:45,239 - mazeUtils.moveTile - [moveTile.py:90] - DEBUG - [2580.227701] moveTile tile color check tempTileColor=E (+5.7 ms)
2026-06-26 03:52:45,241 - mazeUtils.moveTile - [moveTile.py:90] - DEBUG - [2580.229161] moveTile obstacle check escapeFlag=False (+1.5 ms)
2026-06-26 03:52:45,248 - mazeUtils.moveTile - [moveTile.py:79] - DEBUG - roll: 359.01 deg, practicalMoveTime: 0.5259318211377423 sec
2026-06-26 03:52:45,249 - mazeUtils.moveTile - [moveTile.py:1907] - DEBUG - moveTile loop time: 55.1 ms
2026-06-26 03:52:45,250 - mazeUtils.moveTile - [moveTile.py:90] - DEBUG - [2580.238366] moveTile loop end practicalMoveTime=0.526 (+9.2 ms)
2026-06-26 03:52:45,251 - mazeUtils.moveTile - [moveTile.py:90] - DEBUG - [2580.239321] moveTile loop start (+1.0 ms)
2026-06-26 03:52:45,256 - picamera2.picamera2 - [picamera2.py:1391] - DEBUG - Execute job: <picamera2.job.Job object at 0x7f81fc0ad0>
2026-06-26 03:52:45,263 - mazeUtils.device.camera - [camera.py:39] - DEBUG - Average HSV: H=137.0, S=15.5, V=243.0
2026-06-26 03:52:45,279 - mazeUtils.moveTile - [moveTile.py:90] - DEBUG - [2580.267298] moveTile calculated motor speeds left=100 right=94 gyroSteer=10.079999999999927 wallSteer=-4.800000000000001 (+28.0 ms)
2026-06-26 03:52:45,305 - mazeUtils.moveTile - [moveTile.py:90] - DEBUG - [2580.293040] moveTile applied motor speed left=100 right=94 (+25.7 ms)
2026-06-26 03:52:45,305 - mazeUtils.moveTile - [moveTile.py:90] - DEBUG - [2580.293800] moveTile ramp check isBigRamp=False (+0.8 ms)
2026-06-26 03:52:45,310 - mazeUtils.moveTile - [moveTile.py:90] - DEBUG - [2580.297957] moveTile tile color check tempTileColor=E (+4.2 ms)
2026-06-26 03:52:45,311 - mazeUtils.moveTile - [moveTile.py:90] - DEBUG - [2580.299174] moveTile obstacle check escapeFlag=False (+1.2 ms)
2026-06-26 03:52:45,320 - mazeUtils.moveTile - [moveTile.py:79] - DEBUG - roll: 359.12 deg, practicalMoveTime: 0.5959724838139855 sec
2026-06-26 03:52:45,321 - mazeUtils.moveTile - [moveTile.py:1907] - DEBUG - moveTile loop time: 69.7 ms
2026-06-26 03:52:45,321 - mazeUtils.moveTile - [moveTile.py:90] - DEBUG - [2580.309626] moveTile loop end practicalMoveTime=0.596 (+10.5 ms)
2026-06-26 03:52:45,322 - mazeUtils.moveTile - [moveTile.py:90] - DEBUG - [2580.310028] moveTile loop start (+0.4 ms)
2026-06-26 03:52:45,331 - picamera2.picamera2 - [picamera2.py:1391] - DEBUG - Execute job: <picamera2.job.Job object at 0x7f81fc0ad0>
2026-06-26 03:52:45,338 - mazeUtils.device.camera - [camera.py:39] - DEBUG - Average HSV: H=138.9, S=14.6, V=240.9
2026-06-26 03:52:45,347 - mazeUtils.moveTile - [moveTile.py:90] - DEBUG - [2580.335081] moveTile calculated motor speeds left=100 right=95 gyroSteer=12.320000000000164 wallSteer=-7.600000000000001 (+25.1 ms)
2026-06-26 03:52:45,367 - mazeUtils.moveTile - [moveTile.py:90] - DEBUG - [2580.355572] moveTile applied motor speed left=100 right=95 (+20.5 ms)
2026-06-26 03:52:45,368 - mazeUtils.moveTile - [moveTile.py:90] - DEBUG - [2580.356368] moveTile ramp check isBigRamp=False (+0.8 ms)
2026-06-26 03:52:45,372 - mazeUtils.moveTile - [moveTile.py:90] - DEBUG - [2580.359843] moveTile tile color check tempTileColor=E (+3.5 ms)
2026-06-26 03:52:45,372 - mazeUtils.moveTile - [moveTile.py:90] - DEBUG - [2580.360597] moveTile obstacle check escapeFlag=False (+0.8 ms)
2026-06-26 03:52:45,380 - mazeUtils.moveTile - [moveTile.py:79] - DEBUG - roll: 359.58 deg, practicalMoveTime: 0.6545201234371618 sec
2026-06-26 03:52:45,381 - mazeUtils.moveTile - [moveTile.py:1907] - DEBUG - moveTile loop time: 59.2 ms
2026-06-26 03:52:45,382 - mazeUtils.moveTile - [moveTile.py:90] - DEBUG - [2580.370019] moveTile loop end practicalMoveTime=0.655 (+9.4 ms)
2026-06-26 03:52:45,382 - mazeUtils.moveTile - [moveTile.py:90] - DEBUG - [2580.370621] moveTile loop start (+0.6 ms)
2026-06-26 03:52:45,390 - picamera2.picamera2 - [picamera2.py:1391] - DEBUG - Execute job: <picamera2.job.Job object at 0x7f81fc09d0>
2026-06-26 03:52:45,396 - mazeUtils.device.camera - [camera.py:39] - DEBUG - Average HSV: H=140.1, S=14.7, V=240.0
2026-06-26 03:52:45,402 - mazeUtils.moveTile - [moveTile.py:90] - DEBUG - [2580.390660] moveTile calculated motor speeds left=100 right=91 gyroSteer=14.6400000000001 wallSteer=-6.0 (+20.0 ms)
2026-06-26 03:52:45,429 - mazeUtils.moveTile - [moveTile.py:90] - DEBUG - [2580.417658] moveTile applied motor speed left=100 right=91 (+27.0 ms)
2026-06-26 03:52:45,431 - mazeUtils.moveTile - [moveTile.py:90] - DEBUG - [2580.418796] moveTile ramp check isBigRamp=False (+1.1 ms)
2026-06-26 03:52:45,435 - mazeUtils.moveTile - [moveTile.py:90] - DEBUG - [2580.423062] moveTile tile color check tempTileColor=E (+4.3 ms)
2026-06-26 03:52:45,436 - mazeUtils.moveTile - [moveTile.py:90] - DEBUG - [2580.423985] moveTile obstacle check escapeFlag=False (+0.9 ms)
2026-06-26 03:52:45,463 - mazeUtils.moveTile - [moveTile.py:916] - INFO - Moving backward before dropping rescue kit
2026-06-26 03:52:46,008 - mazeUtils.moveTile - [moveTile.py:925] - INFO - Detected victim info ahead: {<Side.LEFT: 0>: <UnitVStatus.NOTHING: 0>, <Side.RIGHT: 1>: <UnitVStatus.Y_VICTIM: 5>}
2026-06-26 03:52:51,178 - mazeUtils.moveTile - [moveTile.py:79] - DEBUG - Turning to 92.14999999999998 deg, current heading: 92.14999999999998 deg, turnAngle: 0.0 deg
2026-06-26 03:52:51,199 - mazeUtils.moveTile - [moveTile.py:79] - DEBUG - Turned to heading: 92.14999999999998 deg
2026-06-26 03:52:52,014 - mazeUtils.moveTile - [moveTile.py:79] - DEBUG - Turning to 92.14999999999998 deg, current heading: 92.16000000000003 deg, turnAngle: 0.010000000000047748 deg
2026-06-26 03:52:52,035 - mazeUtils.moveTile - [moveTile.py:79] - DEBUG - Turned to heading: 92.16000000000003 deg
2026-06-26 03:52:52,575 - mazeUtils.moveTile - [moveTile.py:79] - DEBUG - roll: 359.38 deg, practicalMoveTime: 0.6545201234371618 sec
2026-06-26 03:52:52,576 - mazeUtils.moveTile - [moveTile.py:1907] - DEBUG - moveTile loop time: 7193.2 ms
2026-06-26 03:52:52,577 - mazeUtils.moveTile - [moveTile.py:90] - DEBUG - [2587.565059] moveTile loop end practicalMoveTime=0.655 (+7141.1 ms)
2026-06-26 03:52:52,577 - mazeUtils.moveTile - [moveTile.py:90] - DEBUG - [2587.565584] moveTile loop start (+0.5 ms)
2026-06-26 03:52:52,584 - picamera2.picamera2 - [picamera2.py:1391] - DEBUG - Execute job: <picamera2.job.Job object at 0x7f81ff9dd0>
2026-06-26 03:52:52,591 - mazeUtils.device.camera - [camera.py:39] - DEBUG - Average HSV: H=136.6, S=16.9, V=239.5
2026-06-26 03:52:52,598 - mazeUtils.moveTile - [moveTile.py:90] - DEBUG - [2587.585942] moveTile calculated motor speeds left=100 right=97 gyroSteer=11.759999999999991 wallSteer=-8.799999999999997 (+20.4 ms)
2026-06-26 03:52:52,618 - mazeUtils.moveTile - [moveTile.py:90] - DEBUG - [2587.605946] moveTile applied motor speed left=100 right=97 (+20.0 ms)
2026-06-26 03:52:52,619 - mazeUtils.moveTile - [moveTile.py:90] - DEBUG - [2587.607589] moveTile ramp check isBigRamp=False (+1.6 ms)
2026-06-26 03:52:52,624 - mazeUtils.moveTile - [moveTile.py:90] - DEBUG - [2587.611888] moveTile tile color check tempTileColor=E (+4.3 ms)
2026-06-26 03:52:52,624 - mazeUtils.moveTile - [moveTile.py:90] - DEBUG - [2587.612641] moveTile obstacle check escapeFlag=False (+0.8 ms)
2026-06-26 03:52:52,638 - mazeUtils.moveTile - [moveTile.py:79] - DEBUG - roll: 359.09999999999997 deg, practicalMoveTime: 0.716307668456566 sec
2026-06-26 03:52:52,639 - mazeUtils.moveTile - [moveTile.py:1907] - DEBUG - moveTile loop time: 61.4 ms
2026-06-26 03:52:52,639 - mazeUtils.moveTile - [moveTile.py:90] - DEBUG - [2587.627688] moveTile loop end practicalMoveTime=0.716 (+15.0 ms)
2026-06-26 03:52:52,640 - mazeUtils.moveTile - [moveTile.py:90] - DEBUG - [2587.628354] moveTile loop start (+0.7 ms)
2026-06-26 03:52:52,649 - picamera2.picamera2 - [picamera2.py:1391] - DEBUG - Execute job: <picamera2.job.Job object at 0x7f81fc09d0>
2026-06-26 03:52:52,655 - mazeUtils.device.camera - [camera.py:39] - DEBUG - Average HSV: H=135.9, S=17.1, V=239.4
2026-06-26 03:52:52,665 - mazeUtils.moveTile - [moveTile.py:90] - DEBUG - [2587.653631] moveTile calculated motor speeds left=100 right=93 gyroSteer=12.039999999999964 wallSteer=-5.600000000000001 (+25.3 ms)
2026-06-26 03:52:52,686 - mazeUtils.moveTile - [moveTile.py:90] - DEBUG - [2587.674188] moveTile applied motor speed left=100 right=93 (+20.6 ms)
2026-06-26 03:52:52,687 - mazeUtils.moveTile - [moveTile.py:90] - DEBUG - [2587.674951] moveTile ramp check isBigRamp=False (+0.8 ms)
2026-06-26 03:52:52,691 - mazeUtils.moveTile - [moveTile.py:90] - DEBUG - [2587.679660] moveTile tile color check tempTileColor=E (+4.7 ms)
2026-06-26 03:52:52,692 - mazeUtils.moveTile - [moveTile.py:90] - DEBUG - [2587.680502] moveTile obstacle check escapeFlag=False (+0.8 ms)
2026-06-26 03:52:52,698 - mazeUtils.moveTile - [moveTile.py:79] - DEBUG - roll: 358.53 deg, practicalMoveTime: 0.7750683806759316 sec
2026-06-26 03:52:52,699 - mazeUtils.moveTile - [moveTile.py:1907] - DEBUG - moveTile loop time: 58.4 ms
2026-06-26 03:52:52,699 - mazeUtils.moveTile - [moveTile.py:90] - DEBUG - [2587.687316] moveTile loop end practicalMoveTime=0.775 (+6.8 ms)
2026-06-26 03:52:52,699 - mazeUtils.moveTile - [moveTile.py:90] - DEBUG - [2587.687710] moveTile loop start (+0.4 ms)
2026-06-26 03:52:52,707 - picamera2.picamera2 - [picamera2.py:1391] - DEBUG - Execute job: <picamera2.job.Job object at 0x7f81fc09d0>
2026-06-26 03:52:52,713 - mazeUtils.device.camera - [camera.py:39] - DEBUG - Average HSV: H=136.7, S=16.5, V=239.5
2026-06-26 03:52:52,719 - mazeUtils.moveTile - [moveTile.py:90] - DEBUG - [2587.707407] moveTile calculated motor speeds left=100 right=95 gyroSteer=8.840000000000146 wallSteer=-4.0 (+19.7 ms)
2026-06-26 03:52:52,739 - mazeUtils.moveTile - [moveTile.py:90] - DEBUG - [2587.727558] moveTile applied motor speed left=100 right=95 (+20.2 ms)
2026-06-26 03:52:52,740 - mazeUtils.moveTile - [moveTile.py:90] - DEBUG - [2587.728378] moveTile ramp check isBigRamp=False (+0.8 ms)
2026-06-26 03:52:52,744 - mazeUtils.moveTile - [moveTile.py:90] - DEBUG - [2587.732760] moveTile tile color check tempTileColor=E (+4.4 ms)
2026-06-26 03:52:52,746 - mazeUtils.moveTile - [moveTile.py:90] - DEBUG - [2587.733865] moveTile obstacle check escapeFlag=False (+1.1 ms)
2026-06-26 03:52:52,752 - mazeUtils.moveTile - [moveTile.py:79] - DEBUG - roll: 359.52 deg, practicalMoveTime: 0.8286215761385787 sec
2026-06-26 03:52:52,753 - mazeUtils.moveTile - [moveTile.py:1907] - DEBUG - moveTile loop time: 53.6 ms
2026-06-26 03:52:52,754 - mazeUtils.moveTile - [moveTile.py:90] - DEBUG - [2587.742188] moveTile loop end practicalMoveTime=0.829 (+8.3 ms)
2026-06-26 03:52:52,754 - mazeUtils.moveTile - [moveTile.py:90] - DEBUG - [2587.742640] moveTile loop start (+0.5 ms)
2026-06-26 03:52:52,766 - picamera2.picamera2 - [picamera2.py:1391] - DEBUG - Execute job: <picamera2.job.Job object at 0x7f81fc0bd0>
2026-06-26 03:52:52,772 - mazeUtils.device.camera - [camera.py:39] - DEBUG - Average HSV: H=135.9, S=17.2, V=237.2
2026-06-26 03:52:52,779 - mazeUtils.moveTile - [moveTile.py:90] - DEBUG - [2587.767379] moveTile calculated motor speeds left=100 right=93 gyroSteer=10.079999999999927 wallSteer=-3.1999999999999993 (+24.7 ms)
2026-06-26 03:52:52,806 - mazeUtils.moveTile - [moveTile.py:90] - DEBUG - [2587.793934] moveTile applied motor speed left=100 right=93 (+26.6 ms)
2026-06-26 03:52:52,806 - mazeUtils.moveTile - [moveTile.py:90] - DEBUG - [2587.794660] moveTile ramp check isBigRamp=False (+0.7 ms)
2026-06-26 03:52:52,810 - mazeUtils.moveTile - [moveTile.py:90] - DEBUG - [2587.798242] moveTile tile color check tempTileColor=E (+3.6 ms)
2026-06-26 03:52:52,811 - mazeUtils.moveTile - [moveTile.py:90] - DEBUG - [2587.798973] moveTile obstacle check escapeFlag=False (+0.7 ms)
2026-06-26 03:52:52,819 - mazeUtils.moveTile - [moveTile.py:1755] - INFO - practicalVerticalMove: -0.4151447334621197 CM
2026-06-26 03:52:52,846 - mazeUtils.moveTile - [moveTile.py:90] - DEBUG - [2587.834171] moveTile finished by time control (+35.2 ms)
2026-06-26 03:52:52,847 - mazeUtils.moveTile - [moveTile.py:90] - DEBUG - [2587.834892] moveTile start final forward adjustment (+35.9 ms)
2026-06-26 03:52:52,876 - mazeUtils.moveTile - [moveTile.py:90] - DEBUG - [2587.864055] moveTile finished final forward adjustment (+29.2 ms)
2026-06-26 03:52:52,877 - mazeUtils.moveTile - [moveTile.py:2117] - INFO - Set moved vertical distance: -0.4151447334621197 cm, past distances: [(0, False), (0, False), (0, False)]
2026-06-26 03:52:52,878 - mazeUtils.moveTile - [moveTile.py:90] - DEBUG - [2587.866375] moveTile updated moved vertical distance -0.415 (+2.3 ms)
2026-06-26 03:52:53,032 - mazeUtils.moveTile - [moveTile.py:563] - DEBUG - Direction: absDirection.NORTH, Angle: 270, Distance: 104.980504968404 cm
2026-06-26 03:52:53,034 - mazeUtils.moveTile - [moveTile.py:563] - DEBUG - Direction: absDirection.EAST, Angle: 180, Distance: 124.1347477404097 cm
2026-06-26 03:52:53,036 - mazeUtils.moveTile - [moveTile.py:563] - DEBUG - Direction: absDirection.SOUTH, Angle: 90, Distance: 79.03279505293018 cm
2026-06-26 03:52:53,037 - mazeUtils.moveTile - [moveTile.py:563] - DEBUG - Direction: absDirection.WEST, Angle: 0, Distance: 33.73496652007126 cm
2026-06-26 03:52:53,038 - mazeUtils.device.LiDAR - [LiDAR.py:305] - WARNING - Both left and right obstacles detected, returning LEFT_OBSTACLE as default.
2026-06-26 03:52:53,039 - mazeUtils.moveTile - [moveTile.py:570] - INFO - angle: 0, result: judgeWallResult.LEFT_OBSTACLE
2026-06-26 03:52:53,040 - mazeUtils.moveTile - [moveTile.py:90] - DEBUG - [2588.028759] moveTile updated map and detected walls (+162.4 ms)
2026-06-26 03:52:53,045 - mazeUtils.moveTile - [moveTile.py:2272] - INFO - Tile color detection, decided tile type: E
2026-06-26 03:52:53,046 - mazeUtils.moveTile - [moveTile.py:90] - DEBUG - [2588.034493] moveTile finished (+168.1 ms)
2026-06-26 03:52:53,134 - __main__ - [main.py:106] - INFO - Current position: (21, 18, 0), front direction: absDirection.WEST
Layer 0 (altitude=0.0cm, offset=(0.0cm, 0.0cm)):
Known map area: x=20..24, y=15..20
+---+---+   +   +   +
| E   E | U   U   U  
+   +   +   +   +   +
| E   E | U   U   U  
+   +---+---+---+   +
| E   E   E   E   R |
+   +---+---+   +---+
| E   @   E   B   U  
+   +   +---+   +   +
| E   U   U   U   U  
+   +   +   +   +   +
| S | U   U   U   U  
+---+   +   +   +   +
mazeAsGraph[0][15][20] = {absDirection.NORTH: None, absDirection.EAST: (21, 15, 0, 30), absDirection.SOUTH: (20, 16, 0, 30), absDirection.WEST: None}
mazeAsGraph[0][15][21] = {absDirection.NORTH: None, absDirection.EAST: None, absDirection.SOUTH: (21, 16, 0, 30), absDirection.WEST: (20, 15, 0, 30)}
mazeAsGraph[0][16][20] = {absDirection.NORTH: (20, 15, 0, 30), absDirection.EAST: (21, 16, 0, 30), absDirection.SOUTH: (20, 17, 0, 30), absDirection.WEST: None}
mazeAsGraph[0][16][21] = {absDirection.NORTH: (21, 15, 0, 30), absDirection.EAST: None, absDirection.SOUTH: None, absDirection.WEST: (20, 16, 0, 30)}
mazeAsGraph[0][17][20] = {absDirection.NORTH: (20, 16, 0, 30), absDirection.EAST: (21, 17, 0, 30), absDirection.SOUTH: (20, 18, 0, 30), absDirection.WEST: None}
mazeAsGraph[0][17][21] = {absDirection.NORTH: None, absDirection.EAST: (22, 17, 0, 30), absDirection.SOUTH: (21, 18, 0, 30), absDirection.WEST: (20, 17, 0, 30)}
mazeAsGraph[0][17][22] = {absDirection.NORTH: None, absDirection.EAST: (23, 17, 0, 30), absDirection.SOUTH: None, absDirection.WEST: (21, 17, 0, 30)}
mazeAsGraph[0][17][23] = {absDirection.NORTH: None, absDirection.EAST: (24, 17, 0, 30), absDirection.SOUTH: None, absDirection.WEST: (22, 17, 0, 30)}
mazeAsGraph[0][17][24] = {absDirection.NORTH: (24, 16, 0, 30), absDirection.EAST: None, absDirection.SOUTH: None, absDirection.WEST: (23, 17, 0, 30)}
mazeAsGraph[0][18][20] = {absDirection.NORTH: (20, 17, 0, 30), absDirection.EAST: (21, 18, 0, 30), absDirection.SOUTH: (20, 19, 0, 30), absDirection.WEST: None}
mazeAsGraph[0][18][21] = {absDirection.NORTH: (21, 17, 0, 30), absDirection.EAST: (22, 18, 0, 30), absDirection.SOUTH: (21, 19, 0, 30), absDirection.WEST: (20, 18, 0, 30)}
mazeAsGraph[0][18][22] = {absDirection.NORTH: None, absDirection.EAST: None, absDirection.SOUTH: None, absDirection.WEST: (21, 18, 0, 30)}
mazeAsGraph[0][18][23] = {absDirection.NORTH: None, absDirection.EAST: None, absDirection.SOUTH: None, absDirection.WEST: None}
mazeAsGraph[0][19][20] = {absDirection.NORTH: (20, 18, 0, 30), absDirection.EAST: (21, 19, 0, 30), absDirection.SOUTH: (20, 20, 0, 30), absDirection.WEST: None}
mazeAsGraph[0][20][20] = {absDirection.NORTH: (20, 19, 0, 30), absDirection.EAST: None, absDirection.SOUTH: None, absDirection.WEST: None}
2026-06-26 03:52:53,140 - mazeUtils.mazeMap - [mazeMap.py:61] - INFO - next goal: (21, 19, 0)
2026-06-26 03:52:53,144 - mazeUtils.mazeMap - [mazeMap.py:61] - INFO - next goal: (20, 20, 0)
2026-06-26 03:52:53,145 - mazeUtils.moveTile - [moveTile.py:88] - DEBUG - [2588.133493] moveTile start direction=absDirection.SOUTH position=(21, 18, 0) front=absDirection.WEST
2026-06-26 03:52:53,150 - mazeUtils.moveTile - [moveTile.py:90] - DEBUG - [2588.138106] moveTile after initial toggle check (+4.6 ms)
2026-06-26 03:52:53,152 - mazeUtils.moveTile - [moveTile.py:90] - DEBUG - [2588.140477] moveTile after tile checks isRedTile=False isUnknownTileAhead=True (+2.4 ms)
2026-06-26 03:52:53,153 - mazeUtils.moveTile - [moveTile.py:79] - DEBUG - Moving to absDirection.SOUTH from (21, 18, 0) facing absDirection.WEST
2026-06-26 03:52:53,154 - mazeUtils.moveTile - [moveTile.py:90] - DEBUG - [2588.142026] moveTile start heading change target=180 (+1.5 ms)
2026-06-26 03:52:53,160 - mazeUtils.moveTile - [moveTile.py:79] - DEBUG - Turning to 180 deg, current heading: 93.95000000000005 deg, turnAngle: -86.04999999999995 deg
2026-06-26 03:52:53,187 - mazeUtils.moveTile - [moveTile.py:79] - DEBUG - gyro:93.95000000000005 deg, derivative: 0.0, turnSpeed: -100
2026-06-26 03:52:53,214 - mazeUtils.moveTile - [moveTile.py:79] - DEBUG - gyro:93.84000000000003 deg, derivative: -0.11000000000001364, turnSpeed: -100
2026-06-26 03:52:53,242 - mazeUtils.moveTile - [moveTile.py:79] - DEBUG - gyro:93.95000000000005 deg, derivative: 0.11000000000001364, turnSpeed: -100
2026-06-26 03:52:53,268 - mazeUtils.moveTile - [moveTile.py:79] - DEBUG - gyro:94.04000000000002 deg, derivative: 0.08999999999997499, turnSpeed: -100
2026-06-26 03:52:53,295 - mazeUtils.moveTile - [moveTile.py:79] - DEBUG - gyro:96.18 deg, derivative: 2.1399999999999864, turnSpeed: -100
2026-06-26 03:52:53,324 - mazeUtils.moveTile - [moveTile.py:79] - DEBUG - gyro:98.53000000000003 deg, derivative: 2.3500000000000227, turnSpeed: -100
2026-06-26 03:52:53,350 - mazeUtils.moveTile - [moveTile.py:79] - DEBUG - gyro:104.07 deg, derivative: 5.539999999999964, turnSpeed: -100
2026-06-26 03:52:53,375 - mazeUtils.moveTile - [moveTile.py:79] - DEBUG - gyro:108.25999999999999 deg, derivative: 4.189999999999998, turnSpeed: -100
2026-06-26 03:52:53,400 - mazeUtils.moveTile - [moveTile.py:79] - DEBUG - gyro:111.9 deg, derivative: 3.640000000000015, turnSpeed: -100
2026-06-26 03:52:53,424 - mazeUtils.moveTile - [moveTile.py:79] - DEBUG - gyro:115.31 deg, derivative: 3.4099999999999966, turnSpeed: -100
2026-06-26 03:52:53,452 - mazeUtils.moveTile - [moveTile.py:79] - DEBUG - gyro:117.81 deg, derivative: 2.5, turnSpeed: -100
2026-06-26 03:52:53,476 - mazeUtils.moveTile - [moveTile.py:79] - DEBUG - gyro:120.47000000000003 deg, derivative: 2.660000000000025, turnSpeed: -100
2026-06-26 03:52:53,504 - mazeUtils.moveTile - [moveTile.py:79] - DEBUG - gyro:123.22000000000003 deg, derivative: 2.75, turnSpeed: -100
2026-06-26 03:52:53,532 - mazeUtils.moveTile - [moveTile.py:79] - DEBUG - gyro:126.81 deg, derivative: 3.589999999999975, turnSpeed: -100
2026-06-26 03:52:53,570 - mazeUtils.moveTile - [moveTile.py:79] - DEBUG - gyro:128.68 deg, derivative: 1.8700000000000045, turnSpeed: -100
2026-06-26 03:52:53,598 - mazeUtils.moveTile - [moveTile.py:79] - DEBUG - gyro:132.86 deg, derivative: 4.180000000000007, turnSpeed: -94.27999999999997
2026-06-26 03:52:53,625 - mazeUtils.moveTile - [moveTile.py:79] - DEBUG - gyro:137.38 deg, derivative: 4.519999999999982, turnSpeed: -85.24000000000001
2026-06-26 03:52:53,653 - mazeUtils.moveTile - [moveTile.py:79] - DEBUG - gyro:140.74 deg, derivative: 3.3600000000000136, turnSpeed: -78.51999999999998
2026-06-26 03:52:53,678 - mazeUtils.moveTile - [moveTile.py:79] - DEBUG - gyro:144.04000000000002 deg, derivative: 3.3000000000000114, turnSpeed: -71.91999999999996
2026-06-26 03:52:53,705 - mazeUtils.moveTile - [moveTile.py:79] - DEBUG - gyro:147.99 deg, derivative: 3.9499999999999886, turnSpeed: -64.01999999999998
2026-06-26 03:52:53,729 - mazeUtils.moveTile - [moveTile.py:79] - DEBUG - gyro:149.83 deg, derivative: 1.8400000000000034, turnSpeed: -60.339999999999975
2026-06-26 03:52:53,758 - mazeUtils.moveTile - [moveTile.py:79] - DEBUG - gyro:151.14000000000001 deg, derivative: 1.3100000000000023, turnSpeed: -57.71999999999997
2026-06-26 03:52:53,790 - mazeUtils.moveTile - [moveTile.py:79] - DEBUG - gyro:153.55 deg, derivative: 2.4099999999999966, turnSpeed: -52.89999999999998
2026-06-26 03:52:53,819 - mazeUtils.moveTile - [moveTile.py:79] - DEBUG - gyro:156.14000000000001 deg, derivative: 2.5900000000000034, turnSpeed: -47.71999999999997
2026-06-26 03:52:53,842 - mazeUtils.moveTile - [moveTile.py:79] - DEBUG - gyro:158.22 deg, derivative: 2.079999999999984, turnSpeed: -43.56
2026-06-26 03:52:53,871 - mazeUtils.moveTile - [moveTile.py:79] - DEBUG - gyro:160.26000000000002 deg, derivative: 2.0400000000000205, turnSpeed: -39.47999999999996
2026-06-26 03:52:53,906 - mazeUtils.moveTile - [moveTile.py:79] - DEBUG - gyro:161.86 deg, derivative: 1.5999999999999943, turnSpeed: -36.27999999999997
2026-06-26 03:52:53,930 - mazeUtils.moveTile - [moveTile.py:79] - DEBUG - gyro:164.04000000000002 deg, derivative: 2.180000000000007, turnSpeed: -31.91999999999996
2026-06-26 03:52:53,964 - mazeUtils.moveTile - [moveTile.py:79] - DEBUG - gyro:166.38000000000002 deg, derivative: 2.3400000000000034, turnSpeed: -27.239999999999952
2026-06-26 03:52:53,991 - mazeUtils.moveTile - [moveTile.py:79] - DEBUG - gyro:167.99 deg, derivative: 1.6099999999999852, turnSpeed: -24.019999999999982
2026-06-26 03:52:54,022 - mazeUtils.moveTile - [moveTile.py:79] - DEBUG - gyro:169.45000000000002 deg, derivative: 1.460000000000008, turnSpeed: -21.099999999999966
2026-06-26 03:52:54,053 - mazeUtils.moveTile - [moveTile.py:79] - DEBUG - gyro:170.49 deg, derivative: 1.039999999999992, turnSpeed: -19.019999999999982
2026-06-26 03:52:54,080 - mazeUtils.moveTile - [moveTile.py:79] - DEBUG - gyro:171.48000000000002 deg, derivative: 0.9900000000000091, turnSpeed: -17.039999999999964
2026-06-26 03:52:54,111 - mazeUtils.moveTile - [moveTile.py:79] - DEBUG - gyro:172.3 deg, derivative: 0.8199999999999932, turnSpeed: -15.399999999999977
2026-06-26 03:52:54,138 - mazeUtils.moveTile - [moveTile.py:79] - DEBUG - gyro:172.59 deg, derivative: 0.28999999999999204, turnSpeed: -14.819999999999993
2026-06-26 03:52:54,170 - mazeUtils.moveTile - [moveTile.py:79] - DEBUG - gyro:173.34 deg, derivative: 0.75, turnSpeed: -13.319999999999993
2026-06-26 03:52:54,194 - mazeUtils.moveTile - [moveTile.py:79] - DEBUG - gyro:174.06 deg, derivative: 0.7199999999999989, turnSpeed: -11.879999999999995
2026-06-26 03:52:54,221 - mazeUtils.moveTile - [moveTile.py:79] - DEBUG - gyro:174.58 deg, derivative: 0.5200000000000102, turnSpeed: -10.839999999999975
2026-06-26 03:52:54,254 - mazeUtils.moveTile - [moveTile.py:79] - DEBUG - gyro:175.07000000000002 deg, derivative: 0.4900000000000091, turnSpeed: -9.859999999999957
2026-06-26 03:52:54,285 - mazeUtils.moveTile - [moveTile.py:79] - DEBUG - gyro:175.47 deg, derivative: 0.39999999999997726, turnSpeed: -9.060000000000002
2026-06-26 03:52:54,315 - mazeUtils.moveTile - [moveTile.py:79] - DEBUG - gyro:175.88000000000002 deg, derivative: 0.410000000000025, turnSpeed: -8.239999999999952
2026-06-26 03:52:54,344 - mazeUtils.moveTile - [moveTile.py:79] - DEBUG - gyro:176.09 deg, derivative: 0.20999999999997954, turnSpeed: -7.819999999999993
2026-06-26 03:52:54,376 - mazeUtils.moveTile - [moveTile.py:79] - DEBUG - gyro:176.53 deg, derivative: 0.4399999999999977, turnSpeed: -6.939999999999998
2026-06-26 03:52:54,406 - mazeUtils.moveTile - [moveTile.py:79] - DEBUG - gyro:176.91000000000003 deg, derivative: 0.3800000000000239, turnSpeed: -6.17999999999995
2026-06-26 03:52:54,434 - mazeUtils.moveTile - [moveTile.py:79] - DEBUG - gyro:177.32000000000002 deg, derivative: 0.4099999999999966, turnSpeed: -5.359999999999957
2026-06-26 03:52:54,472 - mazeUtils.moveTile - [moveTile.py:79] - DEBUG - gyro:177.44 deg, derivative: 0.11999999999997613, turnSpeed: -5.1200000000000045
2026-06-26 03:52:54,500 - mazeUtils.moveTile - [moveTile.py:79] - DEBUG - gyro:177.73000000000002 deg, derivative: 0.29000000000002046, turnSpeed: -4.539999999999964
2026-06-26 03:52:54,525 - mazeUtils.moveTile - [moveTile.py:79] - DEBUG - gyro:177.93 deg, derivative: 0.19999999999998863, turnSpeed: -4.139999999999986
2026-06-26 03:52:54,557 - mazeUtils.moveTile - [moveTile.py:79] - DEBUG - gyro:178.09 deg, derivative: 0.1599999999999966, turnSpeed: -3.819999999999993
2026-06-26 03:52:54,579 - mazeUtils.moveTile - [moveTile.py:79] - DEBUG - Turned to heading: 178.09 deg
2026-06-26 03:52:54,580 - mazeUtils.moveTile - [moveTile.py:90] - DEBUG - [2589.568105] moveTile finished heading change (+1426.1 ms)
2026-06-26 03:52:54,581 - mazeUtils.moveTile - [moveTile.py:90] - DEBUG - [2589.568921] moveTile updated front direction (+0.8 ms)
2026-06-26 03:52:54,601 - mazeUtils.moveTile - [moveTile.py:90] - DEBUG - [2589.589775] moveTile stopped motors before alignment (+20.9 ms)
2026-06-26 03:52:54,744 - mazeUtils.moveTile - [moveTile.py:563] - DEBUG - Direction: absDirection.NORTH, Angle: 180, Distance: 109.08617951665997 cm
2026-06-26 03:52:54,746 - mazeUtils.moveTile - [moveTile.py:563] - DEBUG - Direction: absDirection.EAST, Angle: 90, Distance: 119.13534052551393 cm
2026-06-26 03:52:54,748 - mazeUtils.moveTile - [moveTile.py:563] - DEBUG - Direction: absDirection.SOUTH, Angle: 0, Distance: 75.68306664952773 cm
2026-06-26 03:52:54,750 - mazeUtils.moveTile - [moveTile.py:563] - DEBUG - Direction: absDirection.WEST, Angle: 270, Distance: 37.18814431212913 cm
2026-06-26 03:52:54,772 - mazeUtils.moveTile - [moveTile.py:90] - DEBUG - [2589.759941] moveTile ready for forward move (+170.2 ms)
2026-06-26 03:52:54,780 - mazeUtils.moveTile - [moveTile.py:79] - DEBUG - Turning to 155 deg, current heading: 178.46 deg, turnAngle: 23.460000000000008 deg
2026-06-26 03:52:54,808 - mazeUtils.moveTile - [moveTile.py:79] - DEBUG - gyro:178.46 deg, derivative: 0.0, turnSpeed: 46.920000000000016
2026-06-26 03:52:54,836 - mazeUtils.moveTile - [moveTile.py:79] - DEBUG - gyro:178.45000000000002 deg, derivative: -0.009999999999990905, turnSpeed: 46.900000000000034
2026-06-26 03:52:54,863 - mazeUtils.moveTile - [moveTile.py:79] - DEBUG - gyro:178.46 deg, derivative: 0.009999999999990905, turnSpeed: 46.920000000000016
2026-06-26 03:52:54,895 - mazeUtils.moveTile - [moveTile.py:79] - DEBUG - gyro:178.23000000000002 deg, derivative: -0.22999999999998977, turnSpeed: 46.460000000000036
2026-06-26 03:52:54,919 - mazeUtils.moveTile - [moveTile.py:79] - DEBUG - gyro:177.84 deg, derivative: -0.3900000000000148, turnSpeed: 45.68000000000001
2026-06-26 03:52:54,951 - mazeUtils.moveTile - [moveTile.py:79] - DEBUG - gyro:175.97 deg, derivative: -1.8700000000000045, turnSpeed: 41.94
2026-06-26 03:52:54,982 - mazeUtils.moveTile - [moveTile.py:79] - DEBUG - gyro:172.89000000000001 deg, derivative: -3.079999999999984, turnSpeed: 35.78000000000003
2026-06-26 03:52:55,008 - mazeUtils.moveTile - [moveTile.py:79] - DEBUG - gyro:170.47 deg, derivative: -2.420000000000016, turnSpeed: 30.939999999999998
2026-06-26 03:52:55,040 - mazeUtils.moveTile - [moveTile.py:79] - DEBUG - gyro:169.28 deg, derivative: -1.1899999999999977, turnSpeed: 28.560000000000002
2026-06-26 03:52:55,070 - mazeUtils.moveTile - [moveTile.py:79] - DEBUG - gyro:167.95000000000002 deg, derivative: -1.329999999999984, turnSpeed: 25.900000000000034
2026-06-26 03:52:55,096 - mazeUtils.moveTile - [moveTile.py:79] - DEBUG - gyro:166.48000000000002 deg, derivative: -1.4699999999999989, turnSpeed: 22.960000000000036
2026-06-26 03:52:55,122 - mazeUtils.moveTile - [moveTile.py:79] - DEBUG - gyro:165.37 deg, derivative: -1.1100000000000136, turnSpeed: 20.74000000000001
2026-06-26 03:52:55,153 - mazeUtils.moveTile - [moveTile.py:79] - DEBUG - gyro:164.32000000000002 deg, derivative: -1.049999999999983, turnSpeed: 18.640000000000043
2026-06-26 03:52:55,180 - mazeUtils.moveTile - [moveTile.py:79] - DEBUG - gyro:163.3 deg, derivative: -1.0200000000000102, turnSpeed: 16.600000000000023
2026-06-26 03:52:55,211 - mazeUtils.moveTile - [moveTile.py:79] - DEBUG - gyro:162.66000000000003 deg, derivative: -0.6399999999999864, turnSpeed: 15.32000000000005
2026-06-26 03:52:55,241 - mazeUtils.moveTile - [moveTile.py:79] - DEBUG - gyro:161.87 deg, derivative: -0.7900000000000205, turnSpeed: 13.740000000000009
2026-06-26 03:52:55,271 - mazeUtils.moveTile - [moveTile.py:79] - DEBUG - gyro:161.11 deg, derivative: -0.7599999999999909, turnSpeed: 12.220000000000027
2026-06-26 03:52:55,302 - mazeUtils.moveTile - [moveTile.py:79] - DEBUG - gyro:160.62 deg, derivative: -0.4900000000000091, turnSpeed: 11.240000000000009
2026-06-26 03:52:55,329 - mazeUtils.moveTile - [moveTile.py:79] - DEBUG - gyro:159.84 deg, derivative: -0.7800000000000011, turnSpeed: 9.680000000000007
2026-06-26 03:52:55,366 - mazeUtils.moveTile - [moveTile.py:79] - DEBUG - gyro:159.61 deg, derivative: -0.22999999999998977, turnSpeed: 9.220000000000027
2026-06-26 03:52:55,394 - mazeUtils.moveTile - [moveTile.py:79] - DEBUG - gyro:159.29000000000002 deg, derivative: -0.3199999999999932, turnSpeed: 8.580000000000041
2026-06-26 03:52:55,421 - mazeUtils.moveTile - [moveTile.py:79] - DEBUG - gyro:158.84 deg, derivative: -0.45000000000001705, turnSpeed: 7.680000000000007
2026-06-26 03:52:55,460 - mazeUtils.moveTile - [moveTile.py:79] - DEBUG - gyro:158.70000000000002 deg, derivative: -0.13999999999998636, turnSpeed: 7.400000000000034
2026-06-26 03:52:55,489 - mazeUtils.moveTile - [moveTile.py:79] - DEBUG - gyro:158.27 deg, derivative: -0.4300000000000068, turnSpeed: 6.5400000000000205
2026-06-26 03:52:55,520 - mazeUtils.moveTile - [moveTile.py:79] - DEBUG - gyro:157.96 deg, derivative: -0.3100000000000023, turnSpeed: 5.920000000000016
2026-06-26 03:52:55,549 - mazeUtils.moveTile - [moveTile.py:79] - DEBUG - gyro:157.75 deg, derivative: -0.21000000000000796, turnSpeed: 5.5
2026-06-26 03:52:55,573 - mazeUtils.moveTile - [moveTile.py:79] - DEBUG - gyro:157.52 deg, derivative: -0.22999999999998977, turnSpeed: 5.0400000000000205
2026-06-26 03:52:55,601 - mazeUtils.moveTile - [moveTile.py:79] - DEBUG - gyro:157.36 deg, derivative: -0.1599999999999966, turnSpeed: 4.720000000000027
2026-06-26 03:52:55,628 - mazeUtils.moveTile - [moveTile.py:79] - DEBUG - gyro:157.24 deg, derivative: -0.12000000000000455, turnSpeed: 4.480000000000018
2026-06-26 03:52:55,655 - mazeUtils.moveTile - [moveTile.py:79] - DEBUG - gyro:157.0 deg, derivative: -0.2400000000000091, turnSpeed: 4.0
2026-06-26 03:52:55,677 - mazeUtils.moveTile - [moveTile.py:79] - DEBUG - Turned to heading: 157.0 deg
2026-06-26 03:52:55,712 - mazeUtils.moveTile - [moveTile.py:90] - DEBUG - [2590.700605] moveTile initialized movement targetSteps=1 (+940.7 ms)
2026-06-26 03:52:55,714 - mazeUtils.moveTile - [moveTile.py:90] - DEBUG - [2590.702206] moveTile loop start (+1.6 ms)
2026-06-26 03:52:55,719 - picamera2.picamera2 - [picamera2.py:1391] - DEBUG - Execute job: <picamera2.job.Job object at 0x7f81fc09d0>
2026-06-26 03:52:55,726 - mazeUtils.device.camera - [camera.py:39] - DEBUG - Average HSV: H=169.3, S=20.5, V=225.4
2026-06-26 03:52:55,733 - mazeUtils.moveTile - [moveTile.py:90] - DEBUG - [2590.721507] moveTile calculated motor speeds left=34 right=100 gyroSteer=-94.0 wallSteer=0.0 (+19.3 ms)
2026-06-26 03:52:55,755 - mazeUtils.moveTile - [moveTile.py:90] - DEBUG - [2590.743191] moveTile applied motor speed left=34 right=100 (+21.7 ms)
2026-06-26 03:52:55,758 - mazeUtils.moveTile - [moveTile.py:90] - DEBUG - [2590.746071] moveTile ramp check isBigRamp=False (+2.9 ms)
2026-06-26 03:52:55,763 - mazeUtils.moveTile - [moveTile.py:90] - DEBUG - [2590.751409] moveTile tile color check tempTileColor=E (+5.3 ms)
2026-06-26 03:52:55,764 - mazeUtils.moveTile - [moveTile.py:90] - DEBUG - [2590.752172] moveTile obstacle check escapeFlag=False (+0.8 ms)
2026-06-26 03:52:55,771 - mazeUtils.moveTile - [moveTile.py:79] - DEBUG - roll: 359.24 deg, practicalMoveTime: 0.05860940679440764 sec
2026-06-26 03:52:55,772 - mazeUtils.moveTile - [moveTile.py:1907] - DEBUG - moveTile loop time: 58.0 ms
2026-06-26 03:52:55,773 - mazeUtils.moveTile - [moveTile.py:90] - DEBUG - [2590.760803] moveTile loop end practicalMoveTime=0.059 (+8.6 ms)
2026-06-26 03:52:55,773 - mazeUtils.moveTile - [moveTile.py:90] - DEBUG - [2590.761347] moveTile loop start (+0.5 ms)
2026-06-26 03:52:55,780 - picamera2.picamera2 - [picamera2.py:1391] - DEBUG - Execute job: <picamera2.job.Job object at 0x7f6090eed0>
2026-06-26 03:52:55,786 - mazeUtils.device.camera - [camera.py:39] - DEBUG - Average HSV: H=167.4, S=21.1, V=224.5
2026-06-26 03:52:55,793 - mazeUtils.moveTile - [moveTile.py:90] - DEBUG - [2590.781153] moveTile calculated motor speeds left=32 right=100 gyroSteer=-96.91999999999996 wallSteer=0.0 (+19.8 ms)
2026-06-26 03:52:55,819 - mazeUtils.moveTile - [moveTile.py:90] - DEBUG - [2590.806858] moveTile applied motor speed left=32 right=100 (+25.7 ms)
2026-06-26 03:52:55,819 - mazeUtils.moveTile - [moveTile.py:90] - DEBUG - [2590.807603] moveTile ramp check isBigRamp=False (+0.7 ms)
2026-06-26 03:52:55,823 - mazeUtils.moveTile - [moveTile.py:90] - DEBUG - [2590.811466] moveTile tile color check tempTileColor=E (+3.9 ms)
2026-06-26 03:52:55,824 - mazeUtils.moveTile - [moveTile.py:90] - DEBUG - [2590.812287] moveTile obstacle check escapeFlag=False (+0.8 ms)
2026-06-26 03:52:55,830 - mazeUtils.moveTile - [moveTile.py:79] - DEBUG - roll: 356.52 deg, practicalMoveTime: 0.11669570272891533 sec
2026-06-26 03:52:55,831 - mazeUtils.moveTile - [moveTile.py:1907] - DEBUG - moveTile loop time: 57.9 ms
2026-06-26 03:52:55,831 - mazeUtils.moveTile - [moveTile.py:90] - DEBUG - [2590.819818] moveTile loop end practicalMoveTime=0.117 (+7.5 ms)
2026-06-26 03:52:55,832 - mazeUtils.moveTile - [moveTile.py:90] - DEBUG - [2590.820413] moveTile loop start (+0.6 ms)
2026-06-26 03:52:55,839 - picamera2.picamera2 - [picamera2.py:1391] - DEBUG - Execute job: <picamera2.job.Job object at 0x7f6090c650>
2026-06-26 03:52:55,845 - mazeUtils.device.camera - [camera.py:39] - DEBUG - Average HSV: H=170.1, S=19.6, V=225.0
2026-06-26 03:52:55,849 - mazeUtils.moveTile - [moveTile.py:90] - DEBUG - [2590.837650] moveTile calculated motor speeds left=33 right=100 gyroSteer=-94.95999999999992 wallSteer=0.0 (+17.2 ms)
2026-06-26 03:52:55,870 - mazeUtils.moveTile - [moveTile.py:90] - DEBUG - [2590.857848] moveTile applied motor speed left=33 right=100 (+20.2 ms)
2026-06-26 03:52:55,870 - mazeUtils.moveTile - [moveTile.py:90] - DEBUG - [2590.858713] moveTile ramp check isBigRamp=False (+0.9 ms)
2026-06-26 03:52:55,875 - mazeUtils.moveTile - [moveTile.py:90] - DEBUG - [2590.863557] moveTile tile color check tempTileColor=E (+4.8 ms)
2026-06-26 03:52:55,876 - mazeUtils.moveTile - [moveTile.py:90] - DEBUG - [2590.864299] moveTile obstacle check escapeFlag=False (+0.7 ms)
2026-06-26 03:52:55,881 - mazeUtils.moveTile - [moveTile.py:79] - DEBUG - roll: 357.83 deg, practicalMoveTime: 0.1663559164556851 sec
2026-06-26 03:52:55,882 - mazeUtils.moveTile - [moveTile.py:1907] - DEBUG - moveTile loop time: 50.1 ms
2026-06-26 03:52:55,883 - mazeUtils.moveTile - [moveTile.py:90] - DEBUG - [2590.871286] moveTile loop end practicalMoveTime=0.166 (+7.0 ms)
2026-06-26 03:52:55,884 - mazeUtils.moveTile - [moveTile.py:90] - DEBUG - [2590.872124] moveTile loop start (+0.8 ms)
2026-06-26 03:52:55,891 - picamera2.picamera2 - [picamera2.py:1391] - DEBUG - Execute job: <picamera2.job.Job object at 0x7f81fc09d0>
2026-06-26 03:52:55,897 - mazeUtils.device.camera - [camera.py:39] - DEBUG - Average HSV: H=170.2, S=19.6, V=223.7
2026-06-26 03:52:55,903 - mazeUtils.moveTile - [moveTile.py:90] - DEBUG - [2590.891696] moveTile calculated motor speeds left=43 right=100 gyroSteer=-80.15999999999997 wallSteer=0.0 (+19.6 ms)
2026-06-26 03:52:55,924 - mazeUtils.moveTile - [moveTile.py:90] - DEBUG - [2590.912198] moveTile applied motor speed left=43 right=100 (+20.5 ms)
2026-06-26 03:52:55,925 - mazeUtils.moveTile - [moveTile.py:90] - DEBUG - [2590.912937] moveTile ramp check isBigRamp=False (+0.7 ms)
2026-06-26 03:52:55,928 - mazeUtils.moveTile - [moveTile.py:90] - DEBUG - [2590.916345] moveTile tile color check tempTileColor=E (+3.4 ms)
2026-06-26 03:52:55,929 - mazeUtils.moveTile - [moveTile.py:90] - DEBUG - [2590.917057] moveTile obstacle check escapeFlag=False (+0.7 ms)
2026-06-26 03:52:55,935 - mazeUtils.moveTile - [moveTile.py:79] - DEBUG - roll: 356.9 deg, practicalMoveTime: 0.21920797792408578 sec
2026-06-26 03:52:55,936 - mazeUtils.moveTile - [moveTile.py:1907] - DEBUG - moveTile loop time: 52.2 ms
2026-06-26 03:52:55,937 - mazeUtils.moveTile - [moveTile.py:90] - DEBUG - [2590.924901] moveTile loop end practicalMoveTime=0.219 (+7.8 ms)
2026-06-26 03:52:55,937 - mazeUtils.moveTile - [moveTile.py:90] - DEBUG - [2590.925361] moveTile loop start (+0.5 ms)
2026-06-26 03:52:55,946 - picamera2.picamera2 - [picamera2.py:1391] - DEBUG - Execute job: <picamera2.job.Job object at 0x7f81fc0bd0>
2026-06-26 03:52:55,952 - mazeUtils.device.camera - [camera.py:39] - DEBUG - Average HSV: H=171.5, S=20.7, V=222.5
2026-06-26 03:52:55,959 - mazeUtils.moveTile - [moveTile.py:90] - DEBUG - [2590.947181] moveTile calculated motor speeds left=51 right=100 gyroSteer=-68.79999999999995 wallSteer=0.0 (+21.8 ms)
2026-06-26 03:52:55,978 - mazeUtils.moveTile - [moveTile.py:90] - DEBUG - [2590.966735] moveTile applied motor speed left=51 right=100 (+19.6 ms)
2026-06-26 03:52:55,979 - mazeUtils.moveTile - [moveTile.py:90] - DEBUG - [2590.967440] moveTile ramp check isBigRamp=False (+0.7 ms)
2026-06-26 03:52:55,983 - mazeUtils.moveTile - [moveTile.py:90] - DEBUG - [2590.970912] moveTile tile color check tempTileColor=E (+3.5 ms)
2026-06-26 03:52:55,983 - mazeUtils.moveTile - [moveTile.py:90] - DEBUG - [2590.971555] moveTile obstacle check escapeFlag=False (+0.6 ms)
2026-06-26 03:52:55,990 - mazeUtils.moveTile - [moveTile.py:79] - DEBUG - roll: 0.5799999999999841 deg, practicalMoveTime: 0.2731188230410151 sec
2026-06-26 03:52:55,991 - mazeUtils.moveTile - [moveTile.py:1907] - DEBUG - moveTile loop time: 53.8 ms
2026-06-26 03:52:55,991 - mazeUtils.moveTile - [moveTile.py:90] - DEBUG - [2590.979663] moveTile loop end practicalMoveTime=0.273 (+8.1 ms)
2026-06-26 03:52:55,992 - mazeUtils.moveTile - [moveTile.py:90] - DEBUG - [2590.980282] moveTile loop start (+0.6 ms)
2026-06-26 03:52:56,000 - picamera2.picamera2 - [picamera2.py:1391] - DEBUG - Execute job: <picamera2.job.Job object at 0x7f6090eed0>
2026-06-26 03:52:56,006 - mazeUtils.device.camera - [camera.py:39] - DEBUG - Average HSV: H=149.9, S=22.8, V=221.9
2026-06-26 03:52:56,013 - mazeUtils.moveTile - [moveTile.py:90] - DEBUG - [2591.001084] moveTile calculated motor speeds left=56 right=100 gyroSteer=-61.67999999999995 wallSteer=0.0 (+20.8 ms)
2026-06-26 03:52:56,039 - mazeUtils.moveTile - [moveTile.py:90] - DEBUG - [2591.027064] moveTile applied motor speed left=56 right=100 (+26.0 ms)
2026-06-26 03:52:56,040 - mazeUtils.moveTile - [moveTile.py:90] - DEBUG - [2591.028118] moveTile ramp check isBigRamp=False (+1.1 ms)
2026-06-26 03:52:56,045 - mazeUtils.moveTile - [moveTile.py:90] - DEBUG - [2591.032808] moveTile tile color check tempTileColor=E (+4.7 ms)
2026-06-26 03:52:56,046 - mazeUtils.moveTile - [moveTile.py:90] - DEBUG - [2591.033996] moveTile obstacle check escapeFlag=False (+1.2 ms)
2026-06-26 03:52:56,051 - mazeUtils.moveTile - [moveTile.py:79] - DEBUG - roll: 0.75 deg, practicalMoveTime: 0.33281380525487386 sec
2026-06-26 03:52:56,051 - mazeUtils.moveTile - [moveTile.py:1907] - DEBUG - moveTile loop time: 59.4 ms
2026-06-26 03:52:56,052 - mazeUtils.moveTile - [moveTile.py:90] - DEBUG - [2591.040344] moveTile loop end practicalMoveTime=0.333 (+6.3 ms)
2026-06-26 03:52:56,052 - mazeUtils.moveTile - [moveTile.py:90] - DEBUG - [2591.040805] moveTile loop start (+0.5 ms)
2026-06-26 03:52:56,062 - picamera2.picamera2 - [picamera2.py:1391] - DEBUG - Execute job: <picamera2.job.Job object at 0x7f81fc09d0>
2026-06-26 03:52:56,068 - mazeUtils.device.camera - [camera.py:39] - DEBUG - Average HSV: H=157.6, S=22.2, V=221.7
2026-06-26 03:52:56,074 - mazeUtils.moveTile - [moveTile.py:90] - DEBUG - [2591.062791] moveTile calculated motor speeds left=63 right=100 gyroSteer=-51.83999999999992 wallSteer=0.0 (+22.0 ms)
2026-06-26 03:52:56,102 - mazeUtils.moveTile - [moveTile.py:90] - DEBUG - [2591.090095] moveTile applied motor speed left=63 right=100 (+27.3 ms)
2026-06-26 03:52:56,103 - mazeUtils.moveTile - [moveTile.py:90] - DEBUG - [2591.091129] moveTile ramp check isBigRamp=False (+1.0 ms)
2026-06-26 03:52:56,108 - mazeUtils.moveTile - [moveTile.py:90] - DEBUG - [2591.095819] moveTile tile color check tempTileColor=E (+4.7 ms)
2026-06-26 03:52:56,108 - mazeUtils.moveTile - [moveTile.py:90] - DEBUG - [2591.096771] moveTile obstacle check escapeFlag=False (+1.0 ms)
2026-06-26 03:52:56,116 - mazeUtils.moveTile - [moveTile.py:79] - DEBUG - roll: 0.3199999999999932 deg, practicalMoveTime: 0.3973467111658901 sec
2026-06-26 03:52:56,117 - mazeUtils.moveTile - [moveTile.py:1907] - DEBUG - moveTile loop time: 64.7 ms
2026-06-26 03:52:56,118 - mazeUtils.moveTile - [moveTile.py:90] - DEBUG - [2591.106744] moveTile loop end practicalMoveTime=0.397 (+10.0 ms)
2026-06-26 03:52:56,119 - mazeUtils.moveTile - [moveTile.py:90] - DEBUG - [2591.107356] moveTile loop start (+0.6 ms)
2026-06-26 03:52:56,126 - picamera2.picamera2 - [picamera2.py:1391] - DEBUG - Execute job: <picamera2.job.Job object at 0x7f82062e50>
2026-06-26 03:52:56,135 - mazeUtils.device.camera - [camera.py:39] - DEBUG - Average HSV: H=167.5, S=21.4, V=221.8
2026-06-26 03:52:56,143 - mazeUtils.moveTile - [moveTile.py:90] - DEBUG - [2591.130938] moveTile calculated motor speeds left=70 right=100 gyroSteer=-42.0 wallSteer=0.0 (+23.6 ms)
2026-06-26 03:52:56,170 - mazeUtils.moveTile - [moveTile.py:90] - DEBUG - [2591.158329] moveTile applied motor speed left=70 right=100 (+27.4 ms)
2026-06-26 03:52:56,171 - mazeUtils.moveTile - [moveTile.py:90] - DEBUG - [2591.159160] moveTile ramp check isBigRamp=False (+0.8 ms)
2026-06-26 03:52:56,174 - mazeUtils.moveTile - [moveTile.py:90] - DEBUG - [2591.162781] moveTile tile color check tempTileColor=E (+3.6 ms)
2026-06-26 03:52:56,175 - mazeUtils.moveTile - [moveTile.py:90] - DEBUG - [2591.163615] moveTile obstacle check escapeFlag=False (+0.8 ms)
2026-06-26 03:52:56,181 - mazeUtils.moveTile - [moveTile.py:79] - DEBUG - roll: 358.91999999999996 deg, practicalMoveTime: 0.46117183118559185 sec
2026-06-26 03:52:56,182 - mazeUtils.moveTile - [moveTile.py:1907] - DEBUG - moveTile loop time: 62.9 ms
2026-06-26 03:52:56,183 - mazeUtils.moveTile - [moveTile.py:90] - DEBUG - [2591.170871] moveTile loop end practicalMoveTime=0.461 (+7.3 ms)
2026-06-26 03:52:56,183 - mazeUtils.moveTile - [moveTile.py:90] - DEBUG - [2591.171327] moveTile loop start (+0.5 ms)
2026-06-26 03:52:56,190 - picamera2.picamera2 - [picamera2.py:1391] - DEBUG - Execute job: <picamera2.job.Job object at 0x7f6090c650>
2026-06-26 03:52:56,195 - mazeUtils.device.camera - [camera.py:39] - DEBUG - Average HSV: H=168.8, S=19.2, V=222.9
2026-06-26 03:52:56,201 - mazeUtils.moveTile - [moveTile.py:90] - DEBUG - [2591.189084] moveTile calculated motor speeds left=74 right=100 gyroSteer=-36.83999999999992 wallSteer=0.0 (+17.8 ms)
2026-06-26 03:52:56,220 - mazeUtils.moveTile - [moveTile.py:90] - DEBUG - [2591.208688] moveTile applied motor speed left=74 right=100 (+19.6 ms)
2026-06-26 03:52:56,221 - mazeUtils.moveTile - [moveTile.py:90] - DEBUG - [2591.209701] moveTile ramp check isBigRamp=False (+1.0 ms)
2026-06-26 03:52:56,228 - mazeUtils.moveTile - [moveTile.py:90] - DEBUG - [2591.216255] moveTile tile color check tempTileColor=E (+6.6 ms)
2026-06-26 03:52:56,229 - mazeUtils.moveTile - [moveTile.py:90] - DEBUG - [2591.217139] moveTile obstacle check escapeFlag=False (+0.9 ms)
2026-06-26 03:52:56,234 - mazeUtils.moveTile - [moveTile.py:79] - DEBUG - roll: 1.329999999999984 deg, practicalMoveTime: 0.5131340446990451 sec
2026-06-26 03:52:56,235 - mazeUtils.moveTile - [moveTile.py:1907] - DEBUG - moveTile loop time: 52.2 ms
2026-06-26 03:52:56,236 - mazeUtils.moveTile - [moveTile.py:90] - DEBUG - [2591.224434] moveTile loop end practicalMoveTime=0.513 (+7.3 ms)
2026-06-26 03:52:56,237 - mazeUtils.moveTile - [moveTile.py:90] - DEBUG - [2591.224954] moveTile loop start (+0.5 ms)
2026-06-26 03:52:56,243 - picamera2.picamera2 - [picamera2.py:1391] - DEBUG - Execute job: <picamera2.job.Job object at 0x7f6090eed0>
2026-06-26 03:52:56,250 - mazeUtils.device.camera - [camera.py:39] - DEBUG - Average HSV: H=170.9, S=20.8, V=220.6
2026-06-26 03:52:56,255 - mazeUtils.moveTile - [moveTile.py:90] - DEBUG - [2591.243735] moveTile calculated motor speeds left=75 right=100 gyroSteer=-35.639999999999986 wallSteer=0.0 (+18.8 ms)
2026-06-26 03:52:56,275 - mazeUtils.moveTile - [moveTile.py:90] - DEBUG - [2591.263660] moveTile applied motor speed left=75 right=100 (+19.9 ms)
2026-06-26 03:52:56,276 - mazeUtils.moveTile - [moveTile.py:90] - DEBUG - [2591.264500] moveTile ramp check isBigRamp=False (+0.8 ms)
2026-06-26 03:52:56,281 - mazeUtils.moveTile - [moveTile.py:90] - DEBUG - [2591.269207] moveTile tile color check tempTileColor=E (+4.7 ms)
2026-06-26 03:52:56,282 - mazeUtils.moveTile - [moveTile.py:90] - DEBUG - [2591.270798] moveTile obstacle check escapeFlag=False (+1.6 ms)
2026-06-26 03:52:56,287 - mazeUtils.moveTile - [moveTile.py:79] - DEBUG - roll: 359.46 deg, practicalMoveTime: 0.5652062401947069 sec
2026-06-26 03:52:56,289 - mazeUtils.moveTile - [moveTile.py:1907] - DEBUG - moveTile loop time: 51.7 ms
2026-06-26 03:52:56,289 - mazeUtils.moveTile - [moveTile.py:90] - DEBUG - [2591.277538] moveTile loop end practicalMoveTime=0.565 (+6.7 ms)
2026-06-26 03:52:56,290 - mazeUtils.moveTile - [moveTile.py:90] - DEBUG - [2591.278260] moveTile loop start (+0.7 ms)
2026-06-26 03:52:56,296 - picamera2.picamera2 - [picamera2.py:1391] - DEBUG - Execute job: <picamera2.job.Job object at 0x7f6090eed0>
2026-06-26 03:52:56,302 - mazeUtils.device.camera - [camera.py:39] - DEBUG - Average HSV: H=168.3, S=20.3, V=220.9
2026-06-26 03:52:56,309 - mazeUtils.moveTile - [moveTile.py:90] - DEBUG - [2591.297783] moveTile calculated motor speeds left=78 right=100 gyroSteer=-30.519999999999982 wallSteer=0.0 (+19.5 ms)
2026-06-26 03:52:56,334 - mazeUtils.moveTile - [moveTile.py:90] - DEBUG - [2591.322383] moveTile applied motor speed left=78 right=100 (+24.6 ms)
2026-06-26 03:52:56,336 - mazeUtils.moveTile - [moveTile.py:90] - DEBUG - [2591.323891] moveTile ramp check isBigRamp=False (+1.5 ms)
2026-06-26 03:52:56,341 - mazeUtils.moveTile - [moveTile.py:90] - DEBUG - [2591.329153] moveTile tile color check tempTileColor=E (+5.3 ms)
2026-06-26 03:52:56,342 - mazeUtils.moveTile - [moveTile.py:90] - DEBUG - [2591.329905] moveTile obstacle check escapeFlag=False (+0.8 ms)
2026-06-26 03:52:56,349 - mazeUtils.moveTile - [moveTile.py:79] - DEBUG - roll: 355.76 deg, practicalMoveTime: 0.6252748617595411 sec
2026-06-26 03:52:56,350 - mazeUtils.moveTile - [moveTile.py:1907] - DEBUG - moveTile loop time: 59.6 ms
2026-06-26 03:52:56,350 - mazeUtils.moveTile - [moveTile.py:90] - DEBUG - [2591.338718] moveTile loop end practicalMoveTime=0.625 (+8.8 ms)
2026-06-26 03:52:56,351 - mazeUtils.moveTile - [moveTile.py:90] - DEBUG - [2591.339470] moveTile loop start (+0.8 ms)
2026-06-26 03:52:56,356 - picamera2.picamera2 - [picamera2.py:1391] - DEBUG - Execute job: <picamera2.job.Job object at 0x7f81fc0bd0>
2026-06-26 03:52:56,362 - mazeUtils.device.camera - [camera.py:39] - DEBUG - Average HSV: H=164.8, S=18.7, V=219.9
2026-06-26 03:52:56,370 - mazeUtils.moveTile - [moveTile.py:90] - DEBUG - [2591.358240] moveTile calculated motor speeds left=79 right=100 gyroSteer=-28.59999999999991 wallSteer=0.0 (+18.8 ms)
2026-06-26 03:52:56,391 - mazeUtils.moveTile - [moveTile.py:90] - DEBUG - [2591.379218] moveTile applied motor speed left=79 right=100 (+21.0 ms)
2026-06-26 03:52:56,392 - mazeUtils.moveTile - [moveTile.py:90] - DEBUG - [2591.380678] moveTile ramp check isBigRamp=False (+1.5 ms)
2026-06-26 03:52:56,396 - mazeUtils.moveTile - [moveTile.py:90] - DEBUG - [2591.384719] moveTile tile color check tempTileColor=E (+4.0 ms)
2026-06-26 03:52:56,398 - mazeUtils.moveTile - [moveTile.py:90] - DEBUG - [2591.385892] moveTile obstacle check escapeFlag=False (+1.2 ms)
2026-06-26 03:52:56,403 - mazeUtils.moveTile - [moveTile.py:79] - DEBUG - roll: 355.68 deg, practicalMoveTime: 0.6781183290128011 sec
2026-06-26 03:52:56,404 - mazeUtils.moveTile - [moveTile.py:1907] - DEBUG - moveTile loop time: 52.3 ms
2026-06-26 03:52:56,404 - mazeUtils.moveTile - [moveTile.py:90] - DEBUG - [2591.392490] moveTile loop end practicalMoveTime=0.678 (+6.6 ms)
2026-06-26 03:52:56,405 - mazeUtils.moveTile - [moveTile.py:90] - DEBUG - [2591.392984] moveTile loop start (+0.5 ms)
2026-06-26 03:52:56,413 - picamera2.picamera2 - [picamera2.py:1391] - DEBUG - Execute job: <picamera2.job.Job object at 0x7f81fc09d0>
2026-06-26 03:52:56,419 - mazeUtils.device.camera - [camera.py:39] - DEBUG - Average HSV: H=163.3, S=18.6, V=221.8
2026-06-26 03:52:56,425 - mazeUtils.moveTile - [moveTile.py:90] - DEBUG - [2591.413256] moveTile calculated motor speeds left=84 right=100 gyroSteer=-22.24000000000001 wallSteer=0.0 (+20.3 ms)
2026-06-26 03:52:56,445 - mazeUtils.moveTile - [moveTile.py:90] - DEBUG - [2591.433670] moveTile applied motor speed left=84 right=100 (+20.4 ms)
2026-06-26 03:52:56,446 - mazeUtils.moveTile - [moveTile.py:90] - DEBUG - [2591.434495] moveTile ramp check isBigRamp=False (+0.8 ms)
2026-06-26 03:52:56,452 - mazeUtils.moveTile - [moveTile.py:90] - DEBUG - [2591.440098] moveTile tile color check tempTileColor=E (+5.6 ms)
2026-06-26 03:52:56,452 - mazeUtils.moveTile - [moveTile.py:90] - DEBUG - [2591.440805] moveTile obstacle check escapeFlag=False (+0.7 ms)
2026-06-26 03:52:56,458 - mazeUtils.moveTile - [moveTile.py:79] - DEBUG - roll: 356.09999999999997 deg, practicalMoveTime: 0.7325002335571543 sec
2026-06-26 03:52:56,459 - mazeUtils.moveTile - [moveTile.py:1907] - DEBUG - moveTile loop time: 54.7 ms
2026-06-26 03:52:56,460 - mazeUtils.moveTile - [moveTile.py:90] - DEBUG - [2591.448423] moveTile loop end practicalMoveTime=0.733 (+7.6 ms)
2026-06-26 03:52:56,461 - mazeUtils.moveTile - [moveTile.py:90] - DEBUG - [2591.448840] moveTile loop start (+0.4 ms)
2026-06-26 03:52:56,467 - picamera2.picamera2 - [picamera2.py:1391] - DEBUG - Execute job: <picamera2.job.Job object at 0x7f82062e90>
2026-06-26 03:52:56,473 - mazeUtils.device.camera - [camera.py:39] - DEBUG - Average HSV: H=163.2, S=18.6, V=221.6
2026-06-26 03:52:56,482 - mazeUtils.moveTile - [moveTile.py:90] - DEBUG - [2591.470273] moveTile calculated motor speeds left=87 right=100 gyroSteer=-17.839999999999918 wallSteer=0.0 (+21.4 ms)
2026-06-26 03:52:56,510 - mazeUtils.moveTile - [moveTile.py:90] - DEBUG - [2591.498491] moveTile applied motor speed left=87 right=100 (+28.2 ms)
2026-06-26 03:52:56,511 - mazeUtils.moveTile - [moveTile.py:90] - DEBUG - [2591.499647] moveTile ramp check isBigRamp=False (+1.2 ms)
2026-06-26 03:52:56,516 - mazeUtils.moveTile - [moveTile.py:90] - DEBUG - [2591.504529] moveTile tile color check tempTileColor=E (+4.9 ms)
2026-06-26 03:52:56,517 - mazeUtils.moveTile - [moveTile.py:90] - DEBUG - [2591.505297] moveTile obstacle check escapeFlag=False (+0.8 ms)
2026-06-26 03:52:56,523 - mazeUtils.moveTile - [moveTile.py:79] - DEBUG - roll: 356.41999999999996 deg, practicalMoveTime: 0.7957658541495939 sec
2026-06-26 03:52:56,524 - mazeUtils.moveTile - [moveTile.py:1907] - DEBUG - moveTile loop time: 63.1 ms
2026-06-26 03:52:56,525 - mazeUtils.moveTile - [moveTile.py:90] - DEBUG - [2591.513199] moveTile loop end practicalMoveTime=0.796 (+7.9 ms)
2026-06-26 03:52:56,526 - mazeUtils.moveTile - [moveTile.py:90] - DEBUG - [2591.513828] moveTile loop start (+0.6 ms)
2026-06-26 03:52:56,531 - picamera2.picamera2 - [picamera2.py:1391] - DEBUG - Execute job: <picamera2.job.Job object at 0x7f81fc0bd0>
2026-06-26 03:52:56,537 - mazeUtils.device.camera - [camera.py:39] - DEBUG - Average HSV: H=158.9, S=16.9, V=219.8
2026-06-26 03:52:56,545 - mazeUtils.moveTile - [moveTile.py:90] - DEBUG - [2591.533088] moveTile calculated motor speeds left=89 right=100 gyroSteer=-15.559999999999945 wallSteer=0.0 (+19.3 ms)
2026-06-26 03:52:56,565 - mazeUtils.moveTile - [moveTile.py:90] - DEBUG - [2591.552833] moveTile applied motor speed left=89 right=100 (+19.7 ms)
2026-06-26 03:52:56,565 - mazeUtils.moveTile - [moveTile.py:90] - DEBUG - [2591.553566] moveTile ramp check isBigRamp=False (+0.7 ms)
2026-06-26 03:52:56,570 - mazeUtils.moveTile - [moveTile.py:90] - DEBUG - [2591.557994] moveTile tile color check tempTileColor=E (+4.4 ms)
2026-06-26 03:52:56,571 - mazeUtils.moveTile - [moveTile.py:90] - DEBUG - [2591.558784] moveTile obstacle check escapeFlag=False (+0.8 ms)
2026-06-26 03:52:56,578 - mazeUtils.moveTile - [moveTile.py:79] - DEBUG - roll: 357.82 deg, practicalMoveTime: 0.8493232763499194 sec
2026-06-26 03:52:56,579 - mazeUtils.moveTile - [moveTile.py:1907] - DEBUG - moveTile loop time: 53.2 ms
2026-06-26 03:52:56,580 - mazeUtils.moveTile - [moveTile.py:90] - DEBUG - [2591.567850] moveTile loop end practicalMoveTime=0.849 (+9.1 ms)
2026-06-26 03:52:56,581 - mazeUtils.moveTile - [moveTile.py:90] - DEBUG - [2591.569120] moveTile loop start (+1.3 ms)
2026-06-26 03:52:56,586 - picamera2.picamera2 - [picamera2.py:1391] - DEBUG - Execute job: <picamera2.job.Job object at 0x7f81fc09d0>
2026-06-26 03:52:56,592 - mazeUtils.device.camera - [camera.py:39] - DEBUG - Average HSV: H=157.1, S=16.3, V=220.4
2026-06-26 03:52:56,597 - mazeUtils.moveTile - [moveTile.py:90] - DEBUG - [2591.585358] moveTile calculated motor speeds left=90 right=100 gyroSteer=-14.0 wallSteer=0.0 (+16.2 ms)
2026-06-26 03:52:56,618 - mazeUtils.moveTile - [moveTile.py:90] - DEBUG - [2591.605936] moveTile applied motor speed left=90 right=100 (+20.6 ms)
2026-06-26 03:52:56,619 - mazeUtils.moveTile - [moveTile.py:90] - DEBUG - [2591.607095] moveTile ramp check isBigRamp=False (+1.2 ms)
2026-06-26 03:52:56,622 - mazeUtils.moveTile - [moveTile.py:90] - DEBUG - [2591.610658] moveTile tile color check tempTileColor=E (+3.6 ms)
2026-06-26 03:52:56,623 - mazeUtils.moveTile - [moveTile.py:90] - DEBUG - [2591.611201] moveTile obstacle check escapeFlag=False (+0.5 ms)
2026-06-26 03:52:56,633 - mazeUtils.moveTile - [moveTile.py:79] - DEBUG - roll: 358.99 deg, practicalMoveTime: 0.903130949464291 sec
2026-06-26 03:52:56,633 - mazeUtils.moveTile - [moveTile.py:1907] - DEBUG - moveTile loop time: 52.6 ms
2026-06-26 03:52:56,634 - mazeUtils.moveTile - [moveTile.py:90] - DEBUG - [2591.622248] moveTile loop end practicalMoveTime=0.903 (+11.0 ms)
2026-06-26 03:52:56,634 - mazeUtils.moveTile - [moveTile.py:90] - DEBUG - [2591.622645] moveTile loop start (+0.4 ms)
2026-06-26 03:52:56,641 - picamera2.picamera2 - [picamera2.py:1391] - DEBUG - Execute job: <picamera2.job.Job object at 0x7f6090c650>
2026-06-26 03:52:56,647 - mazeUtils.device.camera - [camera.py:39] - DEBUG - Average HSV: H=156.1, S=16.0, V=217.8
2026-06-26 03:52:56,654 - mazeUtils.moveTile - [moveTile.py:90] - DEBUG - [2591.642207] moveTile calculated motor speeds left=95 right=100 gyroSteer=-6.839999999999918 wallSteer=0.0 (+19.6 ms)
2026-06-26 03:52:56,674 - mazeUtils.moveTile - [moveTile.py:90] - DEBUG - [2591.662449] moveTile applied motor speed left=95 right=100 (+20.2 ms)
2026-06-26 03:52:56,675 - mazeUtils.moveTile - [moveTile.py:90] - DEBUG - [2591.663146] moveTile ramp check isBigRamp=False (+0.7 ms)
2026-06-26 03:52:56,678 - mazeUtils.moveTile - [moveTile.py:90] - DEBUG - [2591.666708] moveTile tile color check tempTileColor=E (+3.6 ms)
2026-06-26 03:52:56,679 - mazeUtils.moveTile - [moveTile.py:90] - DEBUG - [2591.667614] moveTile obstacle check escapeFlag=False (+0.9 ms)
2026-06-26 03:52:56,687 - mazeUtils.moveTile - [moveTile.py:79] - DEBUG - roll: 359.40999999999997 deg, practicalMoveTime: 0.9561288338449015 sec
2026-06-26 03:52:56,687 - mazeUtils.moveTile - [moveTile.py:1907] - DEBUG - moveTile loop time: 52.9 ms
2026-06-26 03:52:56,688 - mazeUtils.moveTile - [moveTile.py:90] - DEBUG - [2591.676304] moveTile loop end practicalMoveTime=0.956 (+8.7 ms)
2026-06-26 03:52:56,689 - mazeUtils.moveTile - [moveTile.py:90] - DEBUG - [2591.676832] moveTile loop start (+0.5 ms)
2026-06-26 03:52:56,695 - picamera2.picamera2 - [picamera2.py:1391] - DEBUG - Execute job: <picamera2.job.Job object at 0x7f6090eed0>
2026-06-26 03:52:56,701 - mazeUtils.device.camera - [camera.py:39] - DEBUG - Average HSV: H=157.9, S=17.8, V=214.3
2026-06-26 03:52:56,709 - mazeUtils.moveTile - [moveTile.py:90] - DEBUG - [2591.696903] moveTile calculated motor speeds left=97 right=100 gyroSteer=-3.3199999999999363 wallSteer=0.0 (+20.1 ms)
2026-06-26 03:52:56,730 - mazeUtils.moveTile - [moveTile.py:90] - DEBUG - [2591.718395] moveTile applied motor speed left=97 right=100 (+21.5 ms)
2026-06-26 03:52:56,731 - mazeUtils.moveTile - [moveTile.py:90] - DEBUG - [2591.719481] moveTile ramp check isBigRamp=False (+1.1 ms)
2026-06-26 03:52:56,735 - mazeUtils.moveTile - [moveTile.py:90] - DEBUG - [2591.723363] moveTile tile color check tempTileColor=E (+3.9 ms)
2026-06-26 03:52:56,736 - mazeUtils.moveTile - [moveTile.py:90] - DEBUG - [2591.724679] moveTile obstacle check escapeFlag=False (+1.3 ms)
2026-06-26 03:52:56,741 - mazeUtils.moveTile - [moveTile.py:1755] - INFO - practicalVerticalMove: -0.9421017191629202 CM
2026-06-26 03:52:56,762 - mazeUtils.moveTile - [moveTile.py:90] - DEBUG - [2591.750722] moveTile finished by time control (+26.0 ms)
2026-06-26 03:52:56,763 - mazeUtils.moveTile - [moveTile.py:90] - DEBUG - [2591.751455] moveTile start final forward adjustment (+26.8 ms)
2026-06-26 03:52:56,793 - mazeUtils.moveTile - [moveTile.py:90] - DEBUG - [2591.780940] moveTile finished final forward adjustment (+29.5 ms)
2026-06-26 03:52:56,794 - mazeUtils.moveTile - [moveTile.py:2117] - INFO - Set moved vertical distance: -0.9421017191629202 cm, past distances: [(0, False), (0, False), (0, False)]
2026-06-26 03:52:56,794 - mazeUtils.moveTile - [moveTile.py:90] - DEBUG - [2591.782760] moveTile updated moved vertical distance -0.942 (+1.8 ms)
2026-06-26 03:52:56,935 - mazeUtils.moveTile - [moveTile.py:563] - DEBUG - Direction: absDirection.NORTH, Angle: 180, Distance: 138.99478003441294 cm
2026-06-26 03:52:56,937 - mazeUtils.moveTile - [moveTile.py:563] - DEBUG - Direction: absDirection.EAST, Angle: 90, Distance: 53.28056873084671 cm
2026-06-26 03:52:56,938 - mazeUtils.moveTile - [moveTile.py:563] - DEBUG - Direction: absDirection.SOUTH, Angle: 0, Distance: 47.7486880677655 cm
2026-06-26 03:52:56,941 - mazeUtils.moveTile - [moveTile.py:570] - INFO - angle: 0, result: judgeWallResult.LEFT_OBSTACLE
2026-06-26 03:52:56,943 - mazeUtils.moveTile - [moveTile.py:563] - DEBUG - Direction: absDirection.WEST, Angle: 270, Distance: 32.90655401261524 cm
2026-06-26 03:52:56,944 - mazeUtils.moveTile - [moveTile.py:90] - DEBUG - [2591.932329] moveTile updated map and detected walls (+149.6 ms)
2026-06-26 03:52:56,947 - mazeUtils.moveTile - [moveTile.py:2272] - INFO - Tile color detection, decided tile type: E
2026-06-26 03:52:56,949 - mazeUtils.moveTile - [moveTile.py:90] - DEBUG - [2591.937487] moveTile finished (+154.7 ms)
2026-06-26 03:52:57,042 - __main__ - [main.py:106] - INFO - Current position: (21, 19, 0), front direction: absDirection.SOUTH
Layer 0 (altitude=0.0cm, offset=(0.0cm, 0.0cm)):
Known map area: x=20..24, y=15..20
+---+---+   +   +   +
| E   E | U   U   U  
+   +   +   +   +   +
| E   E | U   U   U  
+   +---+---+---+   +
| E   E   E   E   R |
+   +---+---+   +---+
| E   E   E   B   U  
+   +   +---+   +   +
| E   @   U   U   U  
+   +   +   +   +   +
| S | U   U   U   U  
+---+   +   +   +   +
mazeAsGraph[0][15][20] = {absDirection.NORTH: None, absDirection.EAST: (21, 15, 0, 30), absDirection.SOUTH: (20, 16, 0, 30), absDirection.WEST: None}
mazeAsGraph[0][15][21] = {absDirection.NORTH: None, absDirection.EAST: None, absDirection.SOUTH: (21, 16, 0, 30), absDirection.WEST: (20, 15, 0, 30)}
mazeAsGraph[0][16][20] = {absDirection.NORTH: (20, 15, 0, 30), absDirection.EAST: (21, 16, 0, 30), absDirection.SOUTH: (20, 17, 0, 30), absDirection.WEST: None}
mazeAsGraph[0][16][21] = {absDirection.NORTH: (21, 15, 0, 30), absDirection.EAST: None, absDirection.SOUTH: None, absDirection.WEST: (20, 16, 0, 30)}
mazeAsGraph[0][17][20] = {absDirection.NORTH: (20, 16, 0, 30), absDirection.EAST: (21, 17, 0, 30), absDirection.SOUTH: (20, 18, 0, 30), absDirection.WEST: None}
mazeAsGraph[0][17][21] = {absDirection.NORTH: None, absDirection.EAST: (22, 17, 0, 30), absDirection.SOUTH: (21, 18, 0, 30), absDirection.WEST: (20, 17, 0, 30)}
mazeAsGraph[0][17][22] = {absDirection.NORTH: None, absDirection.EAST: (23, 17, 0, 30), absDirection.SOUTH: None, absDirection.WEST: (21, 17, 0, 30)}
mazeAsGraph[0][17][23] = {absDirection.NORTH: None, absDirection.EAST: (24, 17, 0, 30), absDirection.SOUTH: None, absDirection.WEST: (22, 17, 0, 30)}
mazeAsGraph[0][17][24] = {absDirection.NORTH: (24, 16, 0, 30), absDirection.EAST: None, absDirection.SOUTH: None, absDirection.WEST: (23, 17, 0, 30)}
mazeAsGraph[0][18][20] = {absDirection.NORTH: (20, 17, 0, 30), absDirection.EAST: (21, 18, 0, 30), absDirection.SOUTH: (20, 19, 0, 30), absDirection.WEST: None}
mazeAsGraph[0][18][21] = {absDirection.NORTH: (21, 17, 0, 30), absDirection.EAST: (22, 18, 0, 30), absDirection.SOUTH: (21, 19, 0, 30), absDirection.WEST: (20, 18, 0, 30)}
mazeAsGraph[0][18][22] = {absDirection.NORTH: None, absDirection.EAST: None, absDirection.SOUTH: None, absDirection.WEST: (21, 18, 0, 30)}
mazeAsGraph[0][18][23] = {absDirection.NORTH: None, absDirection.EAST: None, absDirection.SOUTH: None, absDirection.WEST: None}
mazeAsGraph[0][19][20] = {absDirection.NORTH: (20, 18, 0, 30), absDirection.EAST: (21, 19, 0, 30), absDirection.SOUTH: (20, 20, 0, 30), absDirection.WEST: None}
mazeAsGraph[0][19][21] = {absDirection.NORTH: (21, 18, 0, 30), absDirection.EAST: (22, 19, 0, 30), absDirection.SOUTH: (21, 20, 0, 30), absDirection.WEST: (20, 19, 0, 30)}
mazeAsGraph[0][20][20] = {absDirection.NORTH: (20, 19, 0, 30), absDirection.EAST: None, absDirection.SOUTH: None, absDirection.WEST: None}
2026-06-26 03:52:57,049 - mazeUtils.mazeMap - [mazeMap.py:61] - INFO - next goal: (21, 20, 0)
2026-06-26 03:52:57,051 - mazeUtils.mazeMap - [mazeMap.py:61] - INFO - next goal: (20, 20, 0)
2026-06-26 03:52:57,053 - mazeUtils.moveTile - [moveTile.py:88] - DEBUG - [2592.041394] moveTile start direction=absDirection.SOUTH position=(21, 19, 0) front=absDirection.SOUTH
2026-06-26 03:52:57,060 - mazeUtils.moveTile - [moveTile.py:90] - DEBUG - [2592.048703] moveTile after initial toggle check (+7.3 ms)
2026-06-26 03:52:57,063 - mazeUtils.moveTile - [moveTile.py:90] - DEBUG - [2592.051309] moveTile after tile checks isRedTile=False isUnknownTileAhead=True (+2.6 ms)
2026-06-26 03:52:57,064 - mazeUtils.moveTile - [moveTile.py:79] - DEBUG - Moving to absDirection.SOUTH from (21, 19, 0) facing absDirection.SOUTH
2026-06-26 03:52:57,065 - mazeUtils.moveTile - [moveTile.py:90] - DEBUG - [2592.052891] moveTile start heading change target=180 (+1.6 ms)
2026-06-26 03:52:57,096 - mazeUtils.moveTile - [moveTile.py:79] - DEBUG - current heading: 179.39000000000001 target: 180
2026-06-26 03:52:57,121 - mazeUtils.moveTile - [moveTile.py:435] - DEBUG - stopped turning at heading: 179.39000000000001, diff: 0.6099999999999852
2026-06-26 03:52:57,166 - mazeUtils.moveTile - [moveTile.py:79] - DEBUG - Turned to heading: 179.24 deg
2026-06-26 03:52:57,167 - mazeUtils.moveTile - [moveTile.py:90] - DEBUG - [2592.155329] moveTile finished heading change (+102.4 ms)
2026-06-26 03:52:57,167 - mazeUtils.moveTile - [moveTile.py:90] - DEBUG - [2592.155780] moveTile updated front direction (+0.5 ms)
2026-06-26 03:52:57,190 - mazeUtils.moveTile - [moveTile.py:90] - DEBUG - [2592.177952] moveTile stopped motors before alignment (+22.2 ms)
2026-06-26 03:52:57,334 - mazeUtils.moveTile - [moveTile.py:563] - DEBUG - Direction: absDirection.NORTH, Angle: 180, Distance: 139.15333850601974 cm
2026-06-26 03:52:57,338 - mazeUtils.moveTile - [moveTile.py:563] - DEBUG - Direction: absDirection.EAST, Angle: 90, Distance: 53.89455880916106 cm
2026-06-26 03:52:57,340 - mazeUtils.moveTile - [moveTile.py:563] - DEBUG - Direction: absDirection.SOUTH, Angle: 0, Distance: 46.138906246730954 cm
2026-06-26 03:52:57,343 - mazeUtils.moveTile - [moveTile.py:563] - DEBUG - Direction: absDirection.WEST, Angle: 270, Distance: 32.24218198518985 cm
2026-06-26 03:52:57,363 - mazeUtils.moveTile - [moveTile.py:90] - DEBUG - [2592.351720] moveTile ready for forward move (+173.8 ms)
2026-06-26 03:52:57,378 - mazeUtils.moveTile - [moveTile.py:79] - DEBUG - Turning to 155 deg, current heading: 180.46 deg, turnAngle: 25.460000000000008 deg
2026-06-26 03:52:57,406 - mazeUtils.moveTile - [moveTile.py:79] - DEBUG - gyro:180.52 deg, derivative: 0.060000000000002274, turnSpeed: 51.04000000000002
2026-06-26 03:52:57,434 - mazeUtils.moveTile - [moveTile.py:79] - DEBUG - gyro:180.61 deg, derivative: 0.09000000000000341, turnSpeed: 51.22000000000003
2026-06-26 03:52:57,461 - mazeUtils.moveTile - [moveTile.py:79] - DEBUG - gyro:180.8 deg, derivative: 0.18999999999999773, turnSpeed: 51.60000000000002
2026-06-26 03:52:57,493 - mazeUtils.moveTile - [moveTile.py:79] - DEBUG - gyro:180.33 deg, derivative: -0.46999999999999886, turnSpeed: 50.660000000000025
2026-06-26 03:52:57,517 - mazeUtils.moveTile - [moveTile.py:79] - DEBUG - gyro:178.65 deg, derivative: -1.6800000000000068, turnSpeed: 47.30000000000001
2026-06-26 03:52:57,544 - mazeUtils.moveTile - [moveTile.py:79] - DEBUG - gyro:175.93 deg, derivative: -2.719999999999999, turnSpeed: 41.860000000000014
2026-06-26 03:52:57,575 - mazeUtils.moveTile - [moveTile.py:79] - DEBUG - gyro:173.94 deg, derivative: -1.990000000000009, turnSpeed: 37.879999999999995
2026-06-26 03:52:57,604 - mazeUtils.moveTile - [moveTile.py:79] - DEBUG - gyro:171.91000000000003 deg, derivative: -2.0299999999999727, turnSpeed: 33.82000000000005
2026-06-26 03:52:57,629 - mazeUtils.moveTile - [moveTile.py:79] - DEBUG - gyro:170.48000000000002 deg, derivative: -1.4300000000000068, turnSpeed: 30.960000000000036
2026-06-26 03:52:57,655 - mazeUtils.moveTile - [moveTile.py:79] - DEBUG - gyro:169.36 deg, derivative: -1.1200000000000045, turnSpeed: 28.720000000000027
2026-06-26 03:52:57,684 - mazeUtils.moveTile - [moveTile.py:79] - DEBUG - gyro:167.85000000000002 deg, derivative: -1.509999999999991, turnSpeed: 25.700000000000045
2026-06-26 03:52:57,722 - mazeUtils.moveTile - [moveTile.py:79] - DEBUG - gyro:166.44 deg, derivative: -1.410000000000025, turnSpeed: 22.879999999999995
2026-06-26 03:52:57,750 - mazeUtils.moveTile - [moveTile.py:79] - DEBUG - gyro:164.76000000000002 deg, derivative: -1.6799999999999784, turnSpeed: 19.52000000000004
2026-06-26 03:52:57,777 - mazeUtils.moveTile - [moveTile.py:79] - DEBUG - gyro:163.94 deg, derivative: -0.8200000000000216, turnSpeed: 17.879999999999995
2026-06-26 03:52:57,804 - mazeUtils.moveTile - [moveTile.py:79] - DEBUG - gyro:163.01000000000002 deg, derivative: -0.9299999999999784, turnSpeed: 16.02000000000004
2026-06-26 03:52:57,832 - mazeUtils.moveTile - [moveTile.py:79] - DEBUG - gyro:162.63000000000002 deg, derivative: -0.37999999999999545, turnSpeed: 15.260000000000048
2026-06-26 03:52:57,857 - mazeUtils.moveTile - [moveTile.py:79] - DEBUG - gyro:162.11 deg, derivative: -0.5200000000000102, turnSpeed: 14.220000000000027
2026-06-26 03:52:57,888 - mazeUtils.moveTile - [moveTile.py:79] - DEBUG - gyro:161.67000000000002 deg, derivative: -0.4399999999999977, turnSpeed: 13.340000000000032
2026-06-26 03:52:57,915 - mazeUtils.moveTile - [moveTile.py:79] - DEBUG - gyro:161.0 deg, derivative: -0.6700000000000159, turnSpeed: 12.0
2026-06-26 03:52:57,946 - mazeUtils.moveTile - [moveTile.py:79] - DEBUG - gyro:160.43 deg, derivative: -0.5699999999999932, turnSpeed: 10.860000000000014
2026-06-26 03:52:57,974 - mazeUtils.moveTile - [moveTile.py:79] - DEBUG - gyro:159.87 deg, derivative: -0.5600000000000023, turnSpeed: 9.740000000000009
2026-06-26 03:52:58,004 - mazeUtils.moveTile - [moveTile.py:79] - DEBUG - gyro:159.43 deg, derivative: -0.4399999999999977, turnSpeed: 8.860000000000014
2026-06-26 03:52:58,032 - mazeUtils.moveTile - [moveTile.py:79] - DEBUG - gyro:159.0 deg, derivative: -0.4300000000000068, turnSpeed: 8.0
2026-06-26 03:52:58,063 - mazeUtils.moveTile - [moveTile.py:79] - DEBUG - gyro:158.66000000000003 deg, derivative: -0.339999999999975, turnSpeed: 7.32000000000005
2026-06-26 03:52:58,092 - mazeUtils.moveTile - [moveTile.py:79] - DEBUG - gyro:158.38000000000002 deg, derivative: -0.28000000000000114, turnSpeed: 6.760000000000048
2026-06-26 03:52:58,125 - mazeUtils.moveTile - [moveTile.py:79] - DEBUG - gyro:158.06 deg, derivative: -0.3200000000000216, turnSpeed: 6.1200000000000045
2026-06-26 03:52:58,153 - mazeUtils.moveTile - [moveTile.py:79] - DEBUG - gyro:157.76000000000002 deg, derivative: -0.29999999999998295, turnSpeed: 5.520000000000039
2026-06-26 03:52:58,179 - mazeUtils.moveTile - [moveTile.py:79] - DEBUG - gyro:157.51000000000002 deg, derivative: -0.25, turnSpeed: 5.020000000000039
2026-06-26 03:52:58,209 - mazeUtils.moveTile - [moveTile.py:79] - DEBUG - gyro:157.31 deg, derivative: -0.20000000000001705, turnSpeed: 4.6200000000000045
2026-06-26 03:52:58,236 - mazeUtils.moveTile - [moveTile.py:79] - DEBUG - gyro:157.10000000000002 deg, derivative: -0.20999999999997954, turnSpeed: 4.2000000000000455
2026-06-26 03:52:58,268 - mazeUtils.moveTile - [moveTile.py:79] - DEBUG - gyro:156.95000000000002 deg, derivative: -0.15000000000000568, turnSpeed: 3.900000000000034
2026-06-26 03:52:58,291 - mazeUtils.moveTile - [moveTile.py:79] - DEBUG - Turned to heading: 156.95000000000002 deg
2026-06-26 03:52:58,329 - mazeUtils.moveTile - [moveTile.py:90] - DEBUG - [2593.317134] moveTile initialized movement targetSteps=1 (+965.4 ms)
2026-06-26 03:52:58,330 - mazeUtils.moveTile - [moveTile.py:90] - DEBUG - [2593.318485] moveTile loop start (+1.4 ms)
2026-06-26 03:52:58,339 - picamera2.picamera2 - [picamera2.py:1391] - DEBUG - Execute job: <picamera2.job.Job object at 0x7f82062f50>
2026-06-26 03:52:58,345 - mazeUtils.device.camera - [camera.py:39] - DEBUG - Average HSV: H=155.0, S=17.7, V=214.9
2026-06-26 03:52:58,352 - mazeUtils.moveTile - [moveTile.py:90] - DEBUG - [2593.340387] moveTile calculated motor speeds left=34 right=100 gyroSteer=-93.95999999999992 wallSteer=0.0 (+21.9 ms)
2026-06-26 03:52:58,373 - mazeUtils.moveTile - [moveTile.py:90] - DEBUG - [2593.361477] moveTile applied motor speed left=34 right=100 (+21.1 ms)
2026-06-26 03:52:58,375 - mazeUtils.moveTile - [moveTile.py:90] - DEBUG - [2593.362976] moveTile ramp check isBigRamp=False (+1.5 ms)
2026-06-26 03:52:58,379 - mazeUtils.moveTile - [moveTile.py:90] - DEBUG - [2593.367383] moveTile tile color check tempTileColor=E (+4.4 ms)
2026-06-26 03:52:58,380 - mazeUtils.moveTile - [moveTile.py:90] - DEBUG - [2593.368139] moveTile obstacle check escapeFlag=False (+0.8 ms)
2026-06-26 03:52:58,390 - mazeUtils.moveTile - [moveTile.py:79] - DEBUG - roll: 358.33 deg, practicalMoveTime: 0.06112283128235105 sec
2026-06-26 03:52:58,392 - mazeUtils.moveTile - [moveTile.py:1907] - DEBUG - moveTile loop time: 61.2 ms
2026-06-26 03:52:58,392 - mazeUtils.moveTile - [moveTile.py:90] - DEBUG - [2593.380722] moveTile loop end practicalMoveTime=0.061 (+12.6 ms)
2026-06-26 03:52:58,394 - mazeUtils.moveTile - [moveTile.py:90] - DEBUG - [2593.381984] moveTile loop start (+1.3 ms)
2026-06-26 03:52:58,399 - picamera2.picamera2 - [picamera2.py:1391] - DEBUG - Execute job: <picamera2.job.Job object at 0x7f9a022310>
2026-06-26 03:52:58,405 - mazeUtils.device.camera - [camera.py:39] - DEBUG - Average HSV: H=156.3, S=17.9, V=214.7
2026-06-26 03:52:58,411 - mazeUtils.moveTile - [moveTile.py:90] - DEBUG - [2593.399675] moveTile calculated motor speeds left=35 right=100 gyroSteer=-92.79999999999995 wallSteer=0.0 (+17.7 ms)
2026-06-26 03:52:58,431 - mazeUtils.moveTile - [moveTile.py:90] - DEBUG - [2593.419267] moveTile applied motor speed left=35 right=100 (+19.6 ms)
2026-06-26 03:52:58,432 - mazeUtils.moveTile - [moveTile.py:90] - DEBUG - [2593.420121] moveTile ramp check isBigRamp=False (+0.9 ms)
2026-06-26 03:52:58,435 - mazeUtils.moveTile - [moveTile.py:90] - DEBUG - [2593.423729] moveTile tile color check tempTileColor=E (+3.6 ms)
2026-06-26 03:52:58,436 - mazeUtils.moveTile - [moveTile.py:215] - WARNING - Escape from obstacle on Side.LEFT side
2026-06-26 03:52:59,119 - mazeUtils.moveTile - [moveTile.py:1735] - DEBUG - Obstacle escape adjustment: 0.07274461947579519
2026-06-26 03:52:59,220 - mazeUtils.moveTile - [moveTile.py:90] - DEBUG - [2594.208642] moveTile obstacle check escapeFlag=True (+784.9 ms)
2026-06-26 03:52:59,227 - mazeUtils.moveTile - [moveTile.py:79] - DEBUG - roll: 359.96 deg, practicalMoveTime: -0.004297503983401667 sec
2026-06-26 03:52:59,228 - mazeUtils.moveTile - [moveTile.py:1907] - DEBUG - moveTile loop time: 833.8 ms
2026-06-26 03:52:59,229 - mazeUtils.moveTile - [moveTile.py:90] - DEBUG - [2594.216983] moveTile loop end practicalMoveTime=-0.004 (+8.3 ms)
2026-06-26 03:52:59,229 - mazeUtils.moveTile - [moveTile.py:90] - DEBUG - [2594.217479] moveTile loop start (+0.5 ms)
2026-06-26 03:52:59,235 - picamera2.picamera2 - [picamera2.py:1391] - DEBUG - Execute job: <picamera2.job.Job object at 0x7f81ff9dd0>
2026-06-26 03:52:59,242 - mazeUtils.device.camera - [camera.py:39] - DEBUG - Average HSV: H=158.2, S=16.3, V=217.6
2026-06-26 03:52:59,250 - mazeUtils.moveTile - [moveTile.py:90] - DEBUG - [2594.237930] moveTile calculated motor speeds left=16 right=100 gyroSteer=-119.24000000000001 wallSteer=0.0 (+20.5 ms)
2026-06-26 03:52:59,274 - mazeUtils.moveTile - [moveTile.py:90] - DEBUG - [2594.262404] moveTile applied motor speed left=16 right=100 (+24.5 ms)
2026-06-26 03:52:59,275 - mazeUtils.moveTile - [moveTile.py:90] - DEBUG - [2594.263585] moveTile ramp check isBigRamp=False (+1.2 ms)
2026-06-26 03:52:59,279 - mazeUtils.moveTile - [moveTile.py:90] - DEBUG - [2594.267427] moveTile tile color check tempTileColor=E (+3.8 ms)
2026-06-26 03:52:59,280 - mazeUtils.moveTile - [moveTile.py:215] - WARNING - Escape from obstacle on Side.LEFT side
2026-06-26 03:52:59,969 - mazeUtils.moveTile - [moveTile.py:1735] - DEBUG - Obstacle escape adjustment: 0.07413356017795784
2026-06-26 03:53:00,071 - mazeUtils.moveTile - [moveTile.py:90] - DEBUG - [2595.059312] moveTile obstacle check escapeFlag=True (+791.9 ms)
2026-06-26 03:53:00,078 - mazeUtils.moveTile - [moveTile.py:79] - DEBUG - roll: 358.03 deg, practicalMoveTime: -0.062005009579922825 sec
2026-06-26 03:53:00,079 - mazeUtils.moveTile - [moveTile.py:1907] - DEBUG - moveTile loop time: 850.0 ms
2026-06-26 03:53:00,080 - mazeUtils.moveTile - [moveTile.py:90] - DEBUG - [2595.068176] moveTile loop end practicalMoveTime=-0.062 (+8.9 ms)
2026-06-26 03:53:00,080 - mazeUtils.moveTile - [moveTile.py:90] - DEBUG - [2595.068667] moveTile loop start (+0.5 ms)
2026-06-26 03:53:00,086 - picamera2.picamera2 - [picamera2.py:1391] - DEBUG - Execute job: <picamera2.job.Job object at 0x7f6090c650>
2026-06-26 03:53:00,094 - mazeUtils.device.camera - [camera.py:39] - DEBUG - Average HSV: H=145.2, S=16.7, V=216.2
2026-06-26 03:53:00,105 - mazeUtils.moveTile - [moveTile.py:90] - DEBUG - [2595.093368] moveTile calculated motor speeds left=-14 right=100 gyroSteer=-163.19999999999993 wallSteer=0.0 (+24.7 ms)
2026-06-26 03:53:00,130 - mazeUtils.moveTile - [moveTile.py:90] - DEBUG - [2595.118627] moveTile applied motor speed left=-14 right=100 (+25.3 ms)
2026-06-26 03:53:00,131 - mazeUtils.moveTile - [moveTile.py:90] - DEBUG - [2595.119433] moveTile ramp check isBigRamp=False (+0.8 ms)
2026-06-26 03:53:00,139 - mazeUtils.moveTile - [moveTile.py:90] - DEBUG - [2595.127519] moveTile tile color check tempTileColor=E (+8.1 ms)
2026-06-26 03:53:00,140 - mazeUtils.moveTile - [moveTile.py:90] - DEBUG - [2595.128292] moveTile obstacle check escapeFlag=False (+0.8 ms)
2026-06-26 03:53:00,146 - mazeUtils.moveTile - [moveTile.py:79] - DEBUG - roll: 358.15 deg, practicalMoveTime: 0.004878739286105278 sec
2026-06-26 03:53:00,147 - mazeUtils.moveTile - [moveTile.py:1907] - DEBUG - moveTile loop time: 66.6 ms
2026-06-26 03:53:00,147 - mazeUtils.moveTile - [moveTile.py:90] - DEBUG - [2595.135820] moveTile loop end practicalMoveTime=0.005 (+7.5 ms)
2026-06-26 03:53:00,148 - mazeUtils.moveTile - [moveTile.py:90] - DEBUG - [2595.136665] moveTile loop start (+0.8 ms)
2026-06-26 03:53:00,155 - picamera2.picamera2 - [picamera2.py:1391] - DEBUG - Execute job: <picamera2.job.Job object at 0x7f6090eed0>
2026-06-26 03:53:00,162 - mazeUtils.device.camera - [camera.py:39] - DEBUG - Average HSV: H=143.6, S=19.9, V=212.8
2026-06-26 03:53:00,168 - mazeUtils.moveTile - [moveTile.py:90] - DEBUG - [2595.156398] moveTile calculated motor speeds left=-11 right=100 gyroSteer=-159.39999999999998 wallSteer=0.0 (+19.7 ms)
2026-06-26 03:53:00,189 - mazeUtils.moveTile - [moveTile.py:90] - DEBUG - [2595.177075] moveTile applied motor speed left=-11 right=100 (+20.7 ms)
2026-06-26 03:53:00,189 - mazeUtils.moveTile - [moveTile.py:90] - DEBUG - [2595.177786] moveTile ramp check isBigRamp=False (+0.7 ms)
2026-06-26 03:53:00,193 - mazeUtils.moveTile - [moveTile.py:90] - DEBUG - [2595.181426] moveTile tile color check tempTileColor=E (+3.6 ms)
2026-06-26 03:53:00,194 - mazeUtils.moveTile - [moveTile.py:90] - DEBUG - [2595.182112] moveTile obstacle check escapeFlag=False (+0.7 ms)
2026-06-26 03:53:00,202 - mazeUtils.moveTile - [moveTile.py:79] - DEBUG - roll: 358.55 deg, practicalMoveTime: 0.059595673339832574 sec
2026-06-26 03:53:00,203 - mazeUtils.moveTile - [moveTile.py:1907] - DEBUG - moveTile loop time: 54.4 ms
2026-06-26 03:53:00,203 - mazeUtils.moveTile - [moveTile.py:90] - DEBUG - [2595.191536] moveTile loop end practicalMoveTime=0.060 (+9.4 ms)
2026-06-26 03:53:00,204 - mazeUtils.moveTile - [moveTile.py:90] - DEBUG - [2595.191921] moveTile loop start (+0.4 ms)
2026-06-26 03:53:00,211 - picamera2.picamera2 - [picamera2.py:1391] - DEBUG - Execute job: <picamera2.job.Job object at 0x7f81ff9dd0>
2026-06-26 03:53:00,217 - mazeUtils.device.camera - [camera.py:39] - DEBUG - Average HSV: H=137.5, S=23.1, V=216.4
2026-06-26 03:53:00,224 - mazeUtils.moveTile - [moveTile.py:90] - DEBUG - [2595.212289] moveTile calculated motor speeds left=-6 right=100 gyroSteer=-152.39999999999998 wallSteer=0.0 (+20.4 ms)
2026-06-26 03:53:00,250 - mazeUtils.moveTile - [moveTile.py:90] - DEBUG - [2595.237822] moveTile applied motor speed left=-6 right=100 (+25.5 ms)
2026-06-26 03:53:00,250 - mazeUtils.moveTile - [moveTile.py:90] - DEBUG - [2595.238652] moveTile ramp check isBigRamp=False (+0.8 ms)
2026-06-26 03:53:00,256 - mazeUtils.moveTile - [moveTile.py:90] - DEBUG - [2595.244077] moveTile tile color check tempTileColor=E (+5.4 ms)
2026-06-26 03:53:00,257 - mazeUtils.moveTile - [moveTile.py:90] - DEBUG - [2595.245023] moveTile obstacle check escapeFlag=False (+0.9 ms)
2026-06-26 03:53:00,265 - mazeUtils.moveTile - [moveTile.py:79] - DEBUG - roll: 359.08 deg, practicalMoveTime: 0.12140196022359256 sec
2026-06-26 03:53:00,266 - mazeUtils.moveTile - [moveTile.py:1907] - DEBUG - moveTile loop time: 62.3 ms
2026-06-26 03:53:00,267 - mazeUtils.moveTile - [moveTile.py:90] - DEBUG - [2595.255212] moveTile loop end practicalMoveTime=0.121 (+10.2 ms)
2026-06-26 03:53:00,268 - mazeUtils.moveTile - [moveTile.py:90] - DEBUG - [2595.255854] moveTile loop start (+0.6 ms)
2026-06-26 03:53:00,276 - picamera2.picamera2 - [picamera2.py:1391] - DEBUG - Execute job: <picamera2.job.Job object at 0x7f6090c650>
2026-06-26 03:53:00,280 - mazeUtils.device.camera - [camera.py:39] - DEBUG - Average HSV: H=137.3, S=23.5, V=216.3
2026-06-26 03:53:00,285 - mazeUtils.moveTile - [moveTile.py:90] - DEBUG - [2595.272862] moveTile calculated motor speeds left=7 right=100 gyroSteer=-132.3599999999999 wallSteer=0.0 (+17.0 ms)
2026-06-26 03:53:00,307 - mazeUtils.moveTile - [moveTile.py:90] - DEBUG - [2595.295550] moveTile applied motor speed left=7 right=100 (+22.7 ms)
2026-06-26 03:53:00,308 - mazeUtils.moveTile - [moveTile.py:90] - DEBUG - [2595.295956] moveTile ramp check isBigRamp=False (+0.4 ms)
2026-06-26 03:53:00,312 - mazeUtils.moveTile - [moveTile.py:90] - DEBUG - [2595.299857] moveTile tile color check tempTileColor=E (+3.9 ms)
2026-06-26 03:53:00,312 - mazeUtils.moveTile - [moveTile.py:90] - DEBUG - [2595.300542] moveTile obstacle check escapeFlag=False (+0.7 ms)
2026-06-26 03:53:00,316 - mazeUtils.moveTile - [moveTile.py:79] - DEBUG - roll: 359.2 deg, practicalMoveTime: 0.1716197163613864 sec
2026-06-26 03:53:00,317 - mazeUtils.moveTile - [moveTile.py:1907] - DEBUG - moveTile loop time: 49.2 ms
2026-06-26 03:53:00,317 - mazeUtils.moveTile - [moveTile.py:90] - DEBUG - [2595.305228] moveTile loop end practicalMoveTime=0.172 (+4.7 ms)
2026-06-26 03:53:00,317 - mazeUtils.moveTile - [moveTile.py:90] - DEBUG - [2595.305372] moveTile loop start (+0.1 ms)
2026-06-26 03:53:00,322 - picamera2.picamera2 - [picamera2.py:1391] - DEBUG - Execute job: <picamera2.job.Job object at 0x7f820632d0>
2026-06-26 03:53:00,325 - mazeUtils.device.camera - [camera.py:39] - DEBUG - Average HSV: H=139.0, S=23.5, V=214.0
2026-06-26 03:53:00,330 - mazeUtils.moveTile - [moveTile.py:90] - DEBUG - [2595.318513] moveTile calculated motor speeds left=16 right=100 gyroSteer=-118.75999999999999 wallSteer=0.0 (+13.1 ms)
2026-06-26 03:53:00,356 - mazeUtils.moveTile - [moveTile.py:90] - DEBUG - [2595.343890] moveTile applied motor speed left=16 right=100 (+25.4 ms)
2026-06-26 03:53:00,356 - mazeUtils.moveTile - [moveTile.py:90] - DEBUG - [2595.344289] moveTile ramp check isBigRamp=False (+0.4 ms)
2026-06-26 03:53:00,359 - mazeUtils.moveTile - [moveTile.py:90] - DEBUG - [2595.347609] moveTile tile color check tempTileColor=E (+3.3 ms)
2026-06-26 03:53:00,360 - mazeUtils.moveTile - [moveTile.py:90] - DEBUG - [2595.347945] moveTile obstacle check escapeFlag=False (+0.3 ms)
2026-06-26 03:53:00,365 - mazeUtils.moveTile - [moveTile.py:79] - DEBUG - roll: 359.88 deg, practicalMoveTime: 0.21943629142682264 sec
2026-06-26 03:53:00,365 - mazeUtils.moveTile - [moveTile.py:1907] - DEBUG - moveTile loop time: 47.9 ms
2026-06-26 03:53:00,365 - mazeUtils.moveTile - [moveTile.py:90] - DEBUG - [2595.353773] moveTile loop end practicalMoveTime=0.219 (+5.8 ms)
2026-06-26 03:53:00,366 - mazeUtils.moveTile - [moveTile.py:90] - DEBUG - [2595.354001] moveTile loop start (+0.2 ms)
2026-06-26 03:53:00,371 - picamera2.picamera2 - [picamera2.py:1391] - DEBUG - Execute job: <picamera2.job.Job object at 0x7f6090eed0>
2026-06-26 03:53:00,374 - mazeUtils.device.camera - [camera.py:39] - DEBUG - Average HSV: H=144.1, S=23.7, V=206.6
2026-06-26 03:53:00,379 - mazeUtils.moveTile - [moveTile.py:90] - DEBUG - [2595.366963] moveTile calculated motor speeds left=25 right=100 gyroSteer=-105.71999999999991 wallSteer=0.0 (+13.0 ms)
2026-06-26 03:53:00,398 - mazeUtils.moveTile - [moveTile.py:90] - DEBUG - [2595.386691] moveTile applied motor speed left=25 right=100 (+19.7 ms)
2026-06-26 03:53:00,399 - mazeUtils.moveTile - [moveTile.py:90] - DEBUG - [2595.387400] moveTile ramp check isBigRamp=False (+0.7 ms)
2026-06-26 03:53:00,404 - mazeUtils.moveTile - [moveTile.py:90] - DEBUG - [2595.391819] moveTile tile color check tempTileColor=E (+4.4 ms)
2026-06-26 03:53:00,405 - mazeUtils.moveTile - [moveTile.py:90] - DEBUG - [2595.393479] moveTile obstacle check escapeFlag=False (+1.7 ms)
2026-06-26 03:53:00,410 - mazeUtils.moveTile - [moveTile.py:79] - DEBUG - roll: 357.81 deg, practicalMoveTime: 0.26445046443221126 sec
2026-06-26 03:53:00,411 - mazeUtils.moveTile - [moveTile.py:1907] - DEBUG - moveTile loop time: 45.1 ms
2026-06-26 03:53:00,411 - mazeUtils.moveTile - [moveTile.py:90] - DEBUG - [2595.399695] moveTile loop end practicalMoveTime=0.264 (+6.2 ms)
2026-06-26 03:53:00,412 - mazeUtils.moveTile - [moveTile.py:90] - DEBUG - [2595.400204] moveTile loop start (+0.5 ms)
2026-06-26 03:53:00,418 - picamera2.picamera2 - [picamera2.py:1391] - DEBUG - Execute job: <picamera2.job.Job object at 0x7f82062b10>
2026-06-26 03:53:00,426 - mazeUtils.device.camera - [camera.py:39] - DEBUG - Average HSV: H=137.8, S=25.3, V=211.8
2026-06-26 03:53:00,433 - mazeUtils.moveTile - [moveTile.py:90] - DEBUG - [2595.420983] moveTile calculated motor speeds left=30 right=100 gyroSteer=-99.3599999999999 wallSteer=0.0 (+20.8 ms)
2026-06-26 03:53:00,453 - mazeUtils.moveTile - [moveTile.py:90] - DEBUG - [2595.440852] moveTile applied motor speed left=30 right=100 (+19.9 ms)
2026-06-26 03:53:00,453 - mazeUtils.moveTile - [moveTile.py:90] - DEBUG - [2595.441572] moveTile ramp check isBigRamp=False (+0.7 ms)
2026-06-26 03:53:00,458 - mazeUtils.moveTile - [moveTile.py:90] - DEBUG - [2595.445853] moveTile tile color check tempTileColor=E (+4.3 ms)
2026-06-26 03:53:00,459 - mazeUtils.moveTile - [moveTile.py:90] - DEBUG - [2595.447106] moveTile obstacle check escapeFlag=False (+1.3 ms)
2026-06-26 03:53:00,464 - mazeUtils.moveTile - [moveTile.py:79] - DEBUG - roll: 0.01999999999998181 deg, practicalMoveTime: 0.3172043907948822 sec
2026-06-26 03:53:00,465 - mazeUtils.moveTile - [moveTile.py:1907] - DEBUG - moveTile loop time: 52.6 ms
2026-06-26 03:53:00,465 - mazeUtils.moveTile - [moveTile.py:90] - DEBUG - [2595.453353] moveTile loop end practicalMoveTime=0.317 (+6.2 ms)
2026-06-26 03:53:00,465 - mazeUtils.moveTile - [moveTile.py:90] - DEBUG - [2595.453751] moveTile loop start (+0.4 ms)
2026-06-26 03:53:00,472 - picamera2.picamera2 - [picamera2.py:1391] - DEBUG - Execute job: <picamera2.job.Job object at 0x7f9a022310>
2026-06-26 03:53:00,478 - mazeUtils.device.camera - [camera.py:39] - DEBUG - Average HSV: H=142.5, S=25.3, V=206.8
2026-06-26 03:53:00,482 - mazeUtils.moveTile - [moveTile.py:90] - DEBUG - [2595.470341] moveTile calculated motor speeds left=38 right=100 gyroSteer=-88.19999999999993 wallSteer=0.0 (+16.6 ms)
2026-06-26 03:53:00,502 - mazeUtils.moveTile - [moveTile.py:90] - DEBUG - [2595.490679] moveTile applied motor speed left=38 right=100 (+20.3 ms)
2026-06-26 03:53:00,503 - mazeUtils.moveTile - [moveTile.py:90] - DEBUG - [2595.491443] moveTile ramp check isBigRamp=False (+0.8 ms)
2026-06-26 03:53:00,508 - mazeUtils.moveTile - [moveTile.py:90] - DEBUG - [2595.496319] moveTile tile color check tempTileColor=E (+4.9 ms)
2026-06-26 03:53:00,509 - mazeUtils.moveTile - [moveTile.py:90] - DEBUG - [2595.497364] moveTile obstacle check escapeFlag=False (+1.0 ms)
2026-06-26 03:53:00,518 - mazeUtils.moveTile - [moveTile.py:79] - DEBUG - roll: 358.91999999999996 deg, practicalMoveTime: 0.37085860089589023 sec
2026-06-26 03:53:00,519 - mazeUtils.moveTile - [moveTile.py:1907] - DEBUG - moveTile loop time: 53.6 ms
2026-06-26 03:53:00,520 - mazeUtils.moveTile - [moveTile.py:90] - DEBUG - [2595.507937] moveTile loop end practicalMoveTime=0.371 (+10.6 ms)
2026-06-26 03:53:00,521 - mazeUtils.moveTile - [moveTile.py:90] - DEBUG - [2595.509167] moveTile loop start (+1.2 ms)
2026-06-26 03:53:00,528 - picamera2.picamera2 - [picamera2.py:1391] - DEBUG - Execute job: <picamera2.job.Job object at 0x7f82062b50>
2026-06-26 03:53:00,534 - mazeUtils.device.camera - [camera.py:39] - DEBUG - Average HSV: H=138.7, S=24.0, V=213.7
2026-06-26 03:53:00,540 - mazeUtils.moveTile - [moveTile.py:90] - DEBUG - [2595.528148] moveTile calculated motor speeds left=46 right=100 gyroSteer=-76.51999999999998 wallSteer=0.0 (+19.0 ms)
2026-06-26 03:53:00,563 - mazeUtils.moveTile - [moveTile.py:90] - DEBUG - [2595.550996] moveTile applied motor speed left=46 right=100 (+22.8 ms)
2026-06-26 03:53:00,564 - mazeUtils.moveTile - [moveTile.py:90] - DEBUG - [2595.551939] moveTile ramp check isBigRamp=False (+0.9 ms)
2026-06-26 03:53:00,568 - mazeUtils.moveTile - [moveTile.py:90] - DEBUG - [2595.556655] moveTile tile color check tempTileColor=E (+4.7 ms)
2026-06-26 03:53:00,569 - mazeUtils.moveTile - [moveTile.py:90] - DEBUG - [2595.557663] moveTile obstacle check escapeFlag=False (+1.0 ms)
2026-06-26 03:53:00,577 - mazeUtils.moveTile - [moveTile.py:79] - DEBUG - roll: 359.55 deg, practicalMoveTime: 0.42831858112336363 sec
2026-06-26 03:53:00,578 - mazeUtils.moveTile - [moveTile.py:1907] - DEBUG - moveTile loop time: 57.4 ms
2026-06-26 03:53:00,579 - mazeUtils.moveTile - [moveTile.py:90] - DEBUG - [2595.567481] moveTile loop end practicalMoveTime=0.428 (+9.8 ms)
2026-06-26 03:53:00,580 - mazeUtils.moveTile - [moveTile.py:90] - DEBUG - [2595.568495] moveTile loop start (+1.0 ms)
2026-06-26 03:53:00,589 - picamera2.picamera2 - [picamera2.py:1391] - DEBUG - Execute job: <picamera2.job.Job object at 0x7f81ff9dd0>
2026-06-26 03:53:00,595 - mazeUtils.device.camera - [camera.py:39] - DEBUG - Average HSV: H=141.7, S=24.8, V=208.7
2026-06-26 03:53:00,600 - mazeUtils.moveTile - [moveTile.py:90] - DEBUG - [2595.588186] moveTile calculated motor speeds left=51 right=100 gyroSteer=-69.3599999999999 wallSteer=0.0 (+19.7 ms)
2026-06-26 03:53:00,624 - mazeUtils.moveTile - [moveTile.py:90] - DEBUG - [2595.612170] moveTile applied motor speed left=51 right=100 (+24.0 ms)
2026-06-26 03:53:00,625 - mazeUtils.moveTile - [moveTile.py:90] - DEBUG - [2595.612900] moveTile ramp check isBigRamp=False (+0.7 ms)
2026-06-26 03:53:00,628 - mazeUtils.moveTile - [moveTile.py:90] - DEBUG - [2595.616538] moveTile tile color check tempTileColor=E (+3.6 ms)
2026-06-26 03:53:00,629 - mazeUtils.moveTile - [moveTile.py:90] - DEBUG - [2595.617289] moveTile obstacle check escapeFlag=False (+0.8 ms)
2026-06-26 03:53:00,635 - mazeUtils.moveTile - [moveTile.py:79] - DEBUG - roll: 358.25 deg, practicalMoveTime: 0.4849729950447883 sec
2026-06-26 03:53:00,636 - mazeUtils.moveTile - [moveTile.py:1907] - DEBUG - moveTile loop time: 55.6 ms
2026-06-26 03:53:00,636 - mazeUtils.moveTile - [moveTile.py:90] - DEBUG - [2595.624679] moveTile loop end practicalMoveTime=0.485 (+7.4 ms)
2026-06-26 03:53:00,637 - mazeUtils.moveTile - [moveTile.py:90] - DEBUG - [2595.625130] moveTile loop start (+0.5 ms)
2026-06-26 03:53:00,644 - picamera2.picamera2 - [picamera2.py:1391] - DEBUG - Execute job: <picamera2.job.Job object at 0x7f99bbefd0>
2026-06-26 03:53:00,650 - mazeUtils.device.camera - [camera.py:39] - DEBUG - Average HSV: H=141.3, S=24.5, V=209.6
2026-06-26 03:53:00,659 - mazeUtils.moveTile - [moveTile.py:90] - DEBUG - [2595.647767] moveTile calculated motor speeds left=55 right=100 gyroSteer=-62.95999999999992 wallSteer=0.0 (+22.6 ms)
2026-06-26 03:53:00,681 - mazeUtils.moveTile - [moveTile.py:90] - DEBUG - [2595.669028] moveTile applied motor speed left=55 right=100 (+21.3 ms)
2026-06-26 03:53:00,681 - mazeUtils.moveTile - [moveTile.py:90] - DEBUG - [2595.669796] moveTile ramp check isBigRamp=False (+0.8 ms)
2026-06-26 03:53:00,685 - mazeUtils.moveTile - [moveTile.py:90] - DEBUG - [2595.673550] moveTile tile color check tempTileColor=E (+3.8 ms)
2026-06-26 03:53:00,686 - mazeUtils.moveTile - [moveTile.py:90] - DEBUG - [2595.674391] moveTile obstacle check escapeFlag=False (+0.8 ms)
2026-06-26 03:53:00,693 - mazeUtils.moveTile - [moveTile.py:79] - DEBUG - roll: 0.05000000000001137 deg, practicalMoveTime: 0.541610331416326 sec
2026-06-26 03:53:00,693 - mazeUtils.moveTile - [moveTile.py:1907] - DEBUG - moveTile loop time: 56.5 ms
2026-06-26 03:53:00,694 - mazeUtils.moveTile - [moveTile.py:90] - DEBUG - [2595.682169] moveTile loop end practicalMoveTime=0.542 (+7.8 ms)
2026-06-26 03:53:00,694 - mazeUtils.moveTile - [moveTile.py:90] - DEBUG - [2595.682589] moveTile loop start (+0.4 ms)
2026-06-26 03:53:00,701 - picamera2.picamera2 - [picamera2.py:1391] - DEBUG - Execute job: <picamera2.job.Job object at 0x7f6090c650>
2026-06-26 03:53:00,710 - mazeUtils.device.camera - [camera.py:39] - DEBUG - Average HSV: H=140.0, S=26.3, V=208.3
2026-06-26 03:53:00,717 - mazeUtils.moveTile - [moveTile.py:90] - DEBUG - [2595.705338] moveTile calculated motor speeds left=60 right=100 gyroSteer=-56.51999999999998 wallSteer=0.0 (+22.7 ms)
2026-06-26 03:53:00,738 - mazeUtils.moveTile - [moveTile.py:90] - DEBUG - [2595.726340] moveTile applied motor speed left=60 right=100 (+21.0 ms)
2026-06-26 03:53:00,739 - mazeUtils.moveTile - [moveTile.py:90] - DEBUG - [2595.727127] moveTile ramp check isBigRamp=False (+0.8 ms)
2026-06-26 03:53:00,742 - mazeUtils.moveTile - [moveTile.py:90] - DEBUG - [2595.730587] moveTile tile color check tempTileColor=E (+3.5 ms)
2026-06-26 03:53:00,743 - mazeUtils.moveTile - [moveTile.py:90] - DEBUG - [2595.731672] moveTile obstacle check escapeFlag=False (+1.1 ms)
2026-06-26 03:53:00,750 - mazeUtils.moveTile - [moveTile.py:79] - DEBUG - roll: 359.19 deg, practicalMoveTime: 0.5977734005807356 sec
2026-06-26 03:53:00,750 - mazeUtils.moveTile - [moveTile.py:1907] - DEBUG - moveTile loop time: 56.1 ms
2026-06-26 03:53:00,751 - mazeUtils.moveTile - [moveTile.py:90] - DEBUG - [2595.739198] moveTile loop end practicalMoveTime=0.598 (+7.5 ms)
2026-06-26 03:53:00,751 - mazeUtils.moveTile - [moveTile.py:90] - DEBUG - [2595.739610] moveTile loop start (+0.4 ms)
2026-06-26 03:53:00,760 - picamera2.picamera2 - [picamera2.py:1391] - DEBUG - Execute job: <picamera2.job.Job object at 0x7f6090eed0>
2026-06-26 03:53:00,766 - mazeUtils.device.camera - [camera.py:39] - DEBUG - Average HSV: H=138.9, S=29.1, V=204.2
2026-06-26 03:53:00,772 - mazeUtils.moveTile - [moveTile.py:90] - DEBUG - [2595.760203] moveTile calculated motor speeds left=64 right=100 gyroSteer=-50.120000000000005 wallSteer=0.0 (+20.6 ms)
2026-06-26 03:53:00,792 - mazeUtils.moveTile - [moveTile.py:90] - DEBUG - [2595.780392] moveTile applied motor speed left=64 right=100 (+20.2 ms)
2026-06-26 03:53:00,793 - mazeUtils.moveTile - [moveTile.py:90] - DEBUG - [2595.781140] moveTile ramp check isBigRamp=False (+0.7 ms)
2026-06-26 03:53:00,796 - mazeUtils.moveTile - [moveTile.py:90] - DEBUG - [2595.784654] moveTile tile color check tempTileColor=E (+3.5 ms)
2026-06-26 03:53:00,797 - mazeUtils.moveTile - [moveTile.py:90] - DEBUG - [2595.785269] moveTile obstacle check escapeFlag=False (+0.6 ms)
2026-06-26 03:53:00,803 - mazeUtils.moveTile - [moveTile.py:79] - DEBUG - roll: 358.49 deg, practicalMoveTime: 0.6505846009839539 sec
2026-06-26 03:53:00,805 - mazeUtils.moveTile - [moveTile.py:1907] - DEBUG - moveTile loop time: 53.3 ms
2026-06-26 03:53:00,805 - mazeUtils.moveTile - [moveTile.py:90] - DEBUG - [2595.793478] moveTile loop end practicalMoveTime=0.651 (+8.2 ms)
2026-06-26 03:53:00,806 - mazeUtils.moveTile - [moveTile.py:90] - DEBUG - [2595.793888] moveTile loop start (+0.4 ms)
2026-06-26 03:53:00,811 - picamera2.picamera2 - [picamera2.py:1391] - DEBUG - Execute job: <picamera2.job.Job object at 0x7f82062b10>
2026-06-26 03:53:00,818 - mazeUtils.device.camera - [camera.py:39] - DEBUG - Average HSV: H=136.1, S=31.6, V=204.3
2026-06-26 03:53:00,825 - mazeUtils.moveTile - [moveTile.py:90] - DEBUG - [2595.813318] moveTile calculated motor speeds left=69 right=100 gyroSteer=-43.3599999999999 wallSteer=0.0 (+19.4 ms)
2026-06-26 03:53:00,849 - mazeUtils.moveTile - [moveTile.py:90] - DEBUG - [2595.837658] moveTile applied motor speed left=69 right=100 (+24.3 ms)
2026-06-26 03:53:00,850 - mazeUtils.moveTile - [moveTile.py:90] - DEBUG - [2595.838687] moveTile ramp check isBigRamp=False (+1.0 ms)
2026-06-26 03:53:00,854 - mazeUtils.moveTile - [moveTile.py:90] - DEBUG - [2595.842575] moveTile tile color check tempTileColor=E (+3.9 ms)
2026-06-26 03:53:00,855 - mazeUtils.moveTile - [moveTile.py:90] - DEBUG - [2595.843563] moveTile obstacle check escapeFlag=False (+1.0 ms)
2026-06-26 03:53:00,865 - mazeUtils.moveTile - [moveTile.py:79] - DEBUG - roll: 358.97999999999996 deg, practicalMoveTime: 0.7111238188666806 sec
2026-06-26 03:53:00,866 - mazeUtils.moveTile - [moveTile.py:1907] - DEBUG - moveTile loop time: 60.7 ms
2026-06-26 03:53:00,867 - mazeUtils.moveTile - [moveTile.py:90] - DEBUG - [2595.855553] moveTile loop end practicalMoveTime=0.711 (+12.0 ms)
2026-06-26 03:53:00,868 - mazeUtils.moveTile - [moveTile.py:90] - DEBUG - [2595.856318] moveTile loop start (+0.8 ms)
2026-06-26 03:53:00,877 - picamera2.picamera2 - [picamera2.py:1391] - DEBUG - Execute job: <picamera2.job.Job object at 0x7f6090eed0>
2026-06-26 03:53:00,883 - mazeUtils.device.camera - [camera.py:39] - DEBUG - Average HSV: H=135.5, S=33.1, V=206.1
2026-06-26 03:53:00,893 - mazeUtils.moveTile - [moveTile.py:90] - DEBUG - [2595.881199] moveTile calculated motor speeds left=76 right=100 gyroSteer=-33.95999999999992 wallSteer=0.0 (+24.9 ms)
2026-06-26 03:53:00,914 - mazeUtils.moveTile - [moveTile.py:90] - DEBUG - [2595.902057] moveTile applied motor speed left=76 right=100 (+20.9 ms)
2026-06-26 03:53:00,915 - mazeUtils.moveTile - [moveTile.py:90] - DEBUG - [2595.902912] moveTile ramp check isBigRamp=False (+0.9 ms)
2026-06-26 03:53:00,919 - mazeUtils.moveTile - [moveTile.py:90] - DEBUG - [2595.907566] moveTile tile color check tempTileColor=E (+4.7 ms)
2026-06-26 03:53:00,920 - mazeUtils.moveTile - [moveTile.py:90] - DEBUG - [2595.908287] moveTile obstacle check escapeFlag=False (+0.7 ms)
2026-06-26 03:53:00,926 - mazeUtils.moveTile - [moveTile.py:79] - DEBUG - roll: 359.99 deg, practicalMoveTime: 0.7705286054417857 sec
2026-06-26 03:53:00,927 - mazeUtils.moveTile - [moveTile.py:1907] - DEBUG - moveTile loop time: 58.6 ms
2026-06-26 03:53:00,927 - mazeUtils.moveTile - [moveTile.py:90] - DEBUG - [2595.915521] moveTile loop end practicalMoveTime=0.771 (+7.2 ms)
2026-06-26 03:53:00,928 - mazeUtils.moveTile - [moveTile.py:90] - DEBUG - [2595.915985] moveTile loop start (+0.5 ms)
2026-06-26 03:53:00,936 - picamera2.picamera2 - [picamera2.py:1391] - DEBUG - Execute job: <picamera2.job.Job object at 0x7f99bbefd0>
2026-06-26 03:53:00,944 - mazeUtils.device.camera - [camera.py:39] - DEBUG - Average HSV: H=133.0, S=36.3, V=207.6
2026-06-26 03:53:00,953 - mazeUtils.moveTile - [moveTile.py:90] - DEBUG - [2595.941213] moveTile calculated motor speeds left=79 right=100 gyroSteer=-29.719999999999914 wallSteer=0.0 (+25.2 ms)
2026-06-26 03:53:00,973 - mazeUtils.moveTile - [moveTile.py:90] - DEBUG - [2595.960905] moveTile applied motor speed left=79 right=100 (+19.7 ms)
2026-06-26 03:53:00,973 - mazeUtils.moveTile - [moveTile.py:90] - DEBUG - [2595.961684] moveTile ramp check isBigRamp=False (+0.8 ms)
2026-06-26 03:53:00,980 - mazeUtils.moveTile - [moveTile.py:90] - DEBUG - [2595.968137] moveTile tile color check tempTileColor=E (+6.5 ms)
2026-06-26 03:53:00,981 - mazeUtils.moveTile - [moveTile.py:90] - DEBUG - [2595.968857] moveTile obstacle check escapeFlag=False (+0.7 ms)
2026-06-26 03:53:00,987 - mazeUtils.moveTile - [moveTile.py:79] - DEBUG - roll: 359.02 deg, practicalMoveTime: 0.8304615001579542 sec
2026-06-26 03:53:00,989 - mazeUtils.moveTile - [moveTile.py:1907] - DEBUG - moveTile loop time: 60.8 ms
2026-06-26 03:53:00,990 - mazeUtils.moveTile - [moveTile.py:90] - DEBUG - [2595.978027] moveTile loop end practicalMoveTime=0.830 (+9.2 ms)
2026-06-26 03:53:00,990 - mazeUtils.moveTile - [moveTile.py:90] - DEBUG - [2595.978519] moveTile loop start (+0.5 ms)
2026-06-26 03:53:01,001 - picamera2.picamera2 - [picamera2.py:1391] - DEBUG - Execute job: <picamera2.job.Job object at 0x7f82062b50>
2026-06-26 03:53:01,007 - mazeUtils.device.camera - [camera.py:39] - DEBUG - Average HSV: H=129.2, S=40.6, V=212.5
2026-06-26 03:53:01,014 - mazeUtils.moveTile - [moveTile.py:90] - DEBUG - [2596.002463] moveTile calculated motor speeds left=81 right=100 gyroSteer=-26.639999999999986 wallSteer=0.0 (+23.9 ms)
2026-06-26 03:53:01,034 - mazeUtils.moveTile - [moveTile.py:90] - DEBUG - [2596.021958] moveTile applied motor speed left=81 right=100 (+19.5 ms)
2026-06-26 03:53:01,034 - mazeUtils.moveTile - [moveTile.py:90] - DEBUG - [2596.022699] moveTile ramp check isBigRamp=False (+0.7 ms)
2026-06-26 03:53:01,038 - mazeUtils.moveTile - [moveTile.py:90] - DEBUG - [2596.026160] moveTile tile color check tempTileColor=E (+3.5 ms)
2026-06-26 03:53:01,039 - mazeUtils.moveTile - [moveTile.py:90] - DEBUG - [2596.026826] moveTile obstacle check escapeFlag=False (+0.7 ms)
2026-06-26 03:53:01,046 - mazeUtils.moveTile - [moveTile.py:79] - DEBUG - roll: 357.99 deg, practicalMoveTime: 0.8875662068158547 sec
2026-06-26 03:53:01,047 - mazeUtils.moveTile - [moveTile.py:1907] - DEBUG - moveTile loop time: 56.3 ms
2026-06-26 03:53:01,048 - mazeUtils.moveTile - [moveTile.py:90] - DEBUG - [2596.035988] moveTile loop end practicalMoveTime=0.888 (+9.2 ms)
2026-06-26 03:53:01,049 - mazeUtils.moveTile - [moveTile.py:90] - DEBUG - [2596.036973] moveTile loop start (+1.0 ms)
2026-06-26 03:53:01,057 - picamera2.picamera2 - [picamera2.py:1391] - DEBUG - Execute job: <picamera2.job.Job object at 0x7f99bbefd0>
2026-06-26 03:53:01,064 - mazeUtils.device.camera - [camera.py:39] - DEBUG - Average HSV: H=125.1, S=44.5, V=219.5
2026-06-26 03:53:01,072 - mazeUtils.moveTile - [moveTile.py:90] - DEBUG - [2596.060387] moveTile calculated motor speeds left=85 right=100 gyroSteer=-20.75999999999999 wallSteer=0.0 (+23.4 ms)
2026-06-26 03:53:01,097 - mazeUtils.moveTile - [moveTile.py:90] - DEBUG - [2596.085526] moveTile applied motor speed left=85 right=100 (+25.1 ms)
2026-06-26 03:53:01,099 - mazeUtils.moveTile - [moveTile.py:90] - DEBUG - [2596.087053] moveTile ramp check isBigRamp=False (+1.5 ms)
2026-06-26 03:53:01,103 - mazeUtils.moveTile - [moveTile.py:90] - DEBUG - [2596.091413] moveTile tile color check tempTileColor=E (+4.4 ms)
2026-06-26 03:53:01,104 - mazeUtils.moveTile - [moveTile.py:90] - DEBUG - [2596.092290] moveTile obstacle check escapeFlag=False (+0.9 ms)
2026-06-26 03:53:01,109 - mazeUtils.moveTile - [moveTile.py:79] - DEBUG - roll: 358.45 deg, practicalMoveTime: 0.9501745278612284 sec
2026-06-26 03:53:01,110 - mazeUtils.moveTile - [moveTile.py:1907] - DEBUG - moveTile loop time: 61.3 ms
2026-06-26 03:53:01,111 - mazeUtils.moveTile - [moveTile.py:90] - DEBUG - [2596.098997] moveTile loop end practicalMoveTime=0.950 (+6.7 ms)
2026-06-26 03:53:01,111 - mazeUtils.moveTile - [moveTile.py:90] - DEBUG - [2596.099535] moveTile loop start (+0.5 ms)
2026-06-26 03:53:01,118 - picamera2.picamera2 - [picamera2.py:1391] - DEBUG - Execute job: <picamera2.job.Job object at 0x7f6090eed0>
2026-06-26 03:53:01,126 - mazeUtils.device.camera - [camera.py:39] - DEBUG - Average HSV: H=121.9, S=49.1, V=228.8
2026-06-26 03:53:01,134 - mazeUtils.moveTile - [moveTile.py:90] - DEBUG - [2596.122682] moveTile calculated motor speeds left=99 right=100 gyroSteer=-10.759999999999991 wallSteer=10.0 (+23.1 ms)
2026-06-26 03:53:01,154 - mazeUtils.moveTile - [moveTile.py:90] - DEBUG - [2596.142719] moveTile applied motor speed left=99 right=100 (+20.0 ms)
2026-06-26 03:53:01,156 - mazeUtils.moveTile - [moveTile.py:90] - DEBUG - [2596.143882] moveTile ramp check isBigRamp=False (+1.2 ms)
2026-06-26 03:53:01,160 - mazeUtils.moveTile - [moveTile.py:90] - DEBUG - [2596.148427] moveTile tile color check tempTileColor=E (+4.5 ms)
2026-06-26 03:53:01,161 - mazeUtils.moveTile - [moveTile.py:90] - DEBUG - [2596.149147] moveTile obstacle check escapeFlag=False (+0.7 ms)
2026-06-26 03:53:01,167 - mazeUtils.moveTile - [moveTile.py:1755] - INFO - practicalVerticalMove: -0.7556777045203935 CM
2026-06-26 03:53:01,189 - mazeUtils.moveTile - [moveTile.py:90] - DEBUG - [2596.177210] moveTile finished by time control (+28.1 ms)
2026-06-26 03:53:01,190 - mazeUtils.moveTile - [moveTile.py:90] - DEBUG - [2596.178400] moveTile start final forward adjustment (+29.3 ms)
2026-06-26 03:53:01,218 - mazeUtils.moveTile - [moveTile.py:79] - DEBUG - Little forward to adjust position
2026-06-26 03:53:01,669 - mazeUtils.moveTile - [moveTile.py:90] - DEBUG - [2596.656902] moveTile finished final forward adjustment (+478.5 ms)
2026-06-26 03:53:01,670 - mazeUtils.moveTile - [moveTile.py:2117] - INFO - Set moved vertical distance: -0.7556777045203935 cm, past distances: [(-0.9421017191629202, False), (0, False), (0, False)]
2026-06-26 03:53:01,670 - mazeUtils.moveTile - [moveTile.py:90] - DEBUG - [2596.658621] moveTile updated moved vertical distance -0.756 (+1.7 ms)
2026-06-26 03:53:01,812 - mazeUtils.moveTile - [moveTile.py:563] - DEBUG - Direction: absDirection.NORTH, Angle: 180, Distance: 170.1999969482422 cm
2026-06-26 03:53:01,814 - mazeUtils.moveTile - [moveTile.py:563] - DEBUG - Direction: absDirection.EAST, Angle: 90, Distance: 15.744592073926196 cm
2026-06-26 03:53:01,815 - mazeUtils.moveTile - [moveTile.py:563] - DEBUG - Direction: absDirection.SOUTH, Angle: 0, Distance: 13.694066410273278 cm
2026-06-26 03:53:01,817 - mazeUtils.moveTile - [moveTile.py:570] - INFO - angle: 0, result: judgeWallResult.WALL
2026-06-26 03:53:01,818 - mazeUtils.moveTile - [moveTile.py:573] - DEBUG - Front LiDAR distance: 13.694066410273278 cm, TSD10 distance: 1.9 cm
2026-06-26 03:53:01,819 - mazeUtils.moveTile - [moveTile.py:563] - DEBUG - Direction: absDirection.WEST, Angle: 270, Distance: 19.417486991338517 cm
2026-06-26 03:53:01,821 - mazeUtils.moveTile - [moveTile.py:90] - DEBUG - [2596.808929] moveTile updated map and detected walls (+150.3 ms)
2026-06-26 03:53:01,824 - mazeUtils.moveTile - [moveTile.py:2272] - INFO - Tile color detection, decided tile type: E
2026-06-26 03:53:01,825 - mazeUtils.moveTile - [moveTile.py:90] - DEBUG - [2596.813428] moveTile finished (+154.8 ms)
2026-06-26 03:53:01,917 - __main__ - [main.py:106] - INFO - Current position: (21, 20, 0), front direction: absDirection.SOUTH
Layer 0 (altitude=0.0cm, offset=(0.0cm, 0.0cm)):
Known map area: x=20..24, y=15..20
+---+---+   +   +   +
| E   E | U   U   U  
+   +   +   +   +   +
| E   E | U   U   U  
+   +---+---+---+   +
| E   E   E   E   R |
+   +---+---+   +---+
| E   E   E   B   U  
+   +   +---+   +   +
| E   E   U   U   U  
+   +   +   +   +   +
| S | @ | U   U   U  
+---+---+   +   +   +
mazeAsGraph[0][15][20] = {absDirection.NORTH: None, absDirection.EAST: (21, 15, 0, 30), absDirection.SOUTH: (20, 16, 0, 30), absDirection.WEST: None}
mazeAsGraph[0][15][21] = {absDirection.NORTH: None, absDirection.EAST: None, absDirection.SOUTH: (21, 16, 0, 30), absDirection.WEST: (20, 15, 0, 30)}
mazeAsGraph[0][16][20] = {absDirection.NORTH: (20, 15, 0, 30), absDirection.EAST: (21, 16, 0, 30), absDirection.SOUTH: (20, 17, 0, 30), absDirection.WEST: None}
mazeAsGraph[0][16][21] = {absDirection.NORTH: (21, 15, 0, 30), absDirection.EAST: None, absDirection.SOUTH: None, absDirection.WEST: (20, 16, 0, 30)}
mazeAsGraph[0][17][20] = {absDirection.NORTH: (20, 16, 0, 30), absDirection.EAST: (21, 17, 0, 30), absDirection.SOUTH: (20, 18, 0, 30), absDirection.WEST: None}
mazeAsGraph[0][17][21] = {absDirection.NORTH: None, absDirection.EAST: (22, 17, 0, 30), absDirection.SOUTH: (21, 18, 0, 30), absDirection.WEST: (20, 17, 0, 30)}
mazeAsGraph[0][17][22] = {absDirection.NORTH: None, absDirection.EAST: (23, 17, 0, 30), absDirection.SOUTH: None, absDirection.WEST: (21, 17, 0, 30)}
mazeAsGraph[0][17][23] = {absDirection.NORTH: None, absDirection.EAST: (24, 17, 0, 30), absDirection.SOUTH: None, absDirection.WEST: (22, 17, 0, 30)}
mazeAsGraph[0][17][24] = {absDirection.NORTH: (24, 16, 0, 30), absDirection.EAST: None, absDirection.SOUTH: None, absDirection.WEST: (23, 17, 0, 30)}
mazeAsGraph[0][18][20] = {absDirection.NORTH: (20, 17, 0, 30), absDirection.EAST: (21, 18, 0, 30), absDirection.SOUTH: (20, 19, 0, 30), absDirection.WEST: None}
mazeAsGraph[0][18][21] = {absDirection.NORTH: (21, 17, 0, 30), absDirection.EAST: (22, 18, 0, 30), absDirection.SOUTH: (21, 19, 0, 30), absDirection.WEST: (20, 18, 0, 30)}
mazeAsGraph[0][18][22] = {absDirection.NORTH: None, absDirection.EAST: None, absDirection.SOUTH: None, absDirection.WEST: (21, 18, 0, 30)}
mazeAsGraph[0][18][23] = {absDirection.NORTH: None, absDirection.EAST: None, absDirection.SOUTH: None, absDirection.WEST: None}
mazeAsGraph[0][19][20] = {absDirection.NORTH: (20, 18, 0, 30), absDirection.EAST: (21, 19, 0, 30), absDirection.SOUTH: (20, 20, 0, 30), absDirection.WEST: None}
mazeAsGraph[0][19][21] = {absDirection.NORTH: (21, 18, 0, 30), absDirection.EAST: (22, 19, 0, 30), absDirection.SOUTH: (21, 20, 0, 30), absDirection.WEST: (20, 19, 0, 30)}
mazeAsGraph[0][20][20] = {absDirection.NORTH: (20, 19, 0, 30), absDirection.EAST: None, absDirection.SOUTH: None, absDirection.WEST: None}
mazeAsGraph[0][20][21] = {absDirection.NORTH: (21, 19, 0, 30), absDirection.EAST: None, absDirection.SOUTH: None, absDirection.WEST: None}
2026-06-26 03:53:01,926 - mazeUtils.mazeMap - [mazeMap.py:61] - INFO - next goal: (22, 19, 0)
2026-06-26 03:53:01,928 - mazeUtils.mazeMap - [mazeMap.py:61] - INFO - next goal: (20, 20, 0)
2026-06-26 03:53:01,929 - mazeUtils.moveTile - [moveTile.py:88] - DEBUG - [2596.917758] moveTile start direction=absDirection.NORTH position=(21, 20, 0) front=absDirection.SOUTH
2026-06-26 03:53:01,935 - mazeUtils.moveTile - [moveTile.py:90] - DEBUG - [2596.923496] moveTile after initial toggle check (+5.7 ms)
2026-06-26 03:53:01,938 - mazeUtils.moveTile - [moveTile.py:90] - DEBUG - [2596.925898] moveTile after tile checks isRedTile=False isUnknownTileAhead=False (+2.4 ms)
2026-06-26 03:53:01,938 - mazeUtils.moveTile - [moveTile.py:79] - DEBUG - Moving to absDirection.NORTH from (21, 20, 0) facing absDirection.SOUTH
2026-06-26 03:53:01,939 - mazeUtils.moveTile - [moveTile.py:90] - DEBUG - [2596.927048] moveTile start heading change target=0 (+1.1 ms)
2026-06-26 03:53:01,966 - mazeUtils.moveTile - [moveTile.py:79] - DEBUG - current heading: 177.56 target: 270
2026-06-26 03:53:03,094 - mazeUtils.moveTile - [moveTile.py:435] - DEBUG - stopped turning at heading: 264.59000000000003, diff: 5.409999999999968
2026-06-26 03:53:03,146 - mazeUtils.moveTile - [moveTile.py:79] - DEBUG - Turned to heading: 268.18 deg
2026-06-26 03:53:03,175 - mazeUtils.moveTile - [moveTile.py:79] - DEBUG - current heading: 270.04 target: 0
2026-06-26 03:53:04,191 - mazeUtils.moveTile - [moveTile.py:435] - DEBUG - stopped turning at heading: 354.69, diff: 5.310000000000002
2026-06-26 03:53:04,243 - mazeUtils.moveTile - [moveTile.py:79] - DEBUG - Turned to heading: 358.29 deg
2026-06-26 03:53:04,244 - mazeUtils.moveTile - [moveTile.py:90] - DEBUG - [2599.231845] moveTile finished heading change (+2304.8 ms)
2026-06-26 03:53:04,244 - mazeUtils.moveTile - [moveTile.py:90] - DEBUG - [2599.232487] moveTile updated front direction (+0.6 ms)
2026-06-26 03:53:04,265 - mazeUtils.moveTile - [moveTile.py:90] - DEBUG - [2599.253104] moveTile stopped motors before alignment (+20.6 ms)
2026-06-26 03:53:04,435 - mazeUtils.moveTile - [moveTile.py:563] - DEBUG - Direction: absDirection.NORTH, Angle: 0, Distance: 159.5810027013564 cm
2026-06-26 03:53:04,439 - mazeUtils.moveTile - [moveTile.py:563] - DEBUG - Direction: absDirection.EAST, Angle: 270, Distance: 16.935309867559674 cm
2026-06-26 03:53:04,441 - mazeUtils.moveTile - [moveTile.py:563] - DEBUG - Direction: absDirection.SOUTH, Angle: 180, Distance: 24.48893074733559 cm
2026-06-26 03:53:04,442 - mazeUtils.moveTile - [moveTile.py:563] - DEBUG - Direction: absDirection.WEST, Angle: 90, Distance: 17.527745572240374 cm
2026-06-26 03:53:04,442 - mazeUtils.moveTile - [moveTile.py:90] - DEBUG - [2599.430617] moveTile start backward adjustment behind_wall_dist=24.48893074733559 (+177.5 ms)
2026-06-26 03:53:04,465 - mazeUtils.moveTile - [moveTile.py:79] - DEBUG - Little backward to adjust position
2026-06-26 03:53:04,843 - mazeUtils.moveTile - [moveTile.py:90] - DEBUG - [2599.831472] moveTile finished backward adjustment (+400.9 ms)
2026-06-26 03:53:04,864 - mazeUtils.moveTile - [moveTile.py:90] - DEBUG - [2599.852080] moveTile ready for forward move (+20.6 ms)
2026-06-26 03:53:04,963 - mazeUtils.moveTile - [moveTile.py:1569] - DEBUG - Calculated target steps to next tile: 1 based on distance 30 cm
2026-06-26 03:53:04,964 - mazeUtils.moveTile - [moveTile.py:90] - DEBUG - [2599.952577] moveTile initialized movement targetSteps=1 (+100.5 ms)
2026-06-26 03:53:04,965 - mazeUtils.moveTile - [moveTile.py:90] - DEBUG - [2599.953647] moveTile loop start (+1.1 ms)
2026-06-26 03:53:04,973 - picamera2.picamera2 - [picamera2.py:1391] - DEBUG - Execute job: <picamera2.job.Job object at 0x7f6090c650>
2026-06-26 03:53:04,984 - mazeUtils.device.camera - [camera.py:39] - DEBUG - Average HSV: H=140.4, S=19.8, V=220.3
2026-06-26 03:53:04,991 - mazeUtils.moveTile - [moveTile.py:90] - DEBUG - [2599.977998] moveTile calculated motor speeds left=98 right=100 gyroSteer=-0.31999999999993634 wallSteer=-1.1999999999999993 (+24.4 ms)
2026-06-26 03:53:05,011 - mazeUtils.moveTile - [moveTile.py:90] - DEBUG - [2599.999740] moveTile applied motor speed left=98 right=100 (+21.7 ms)
2026-06-26 03:53:05,012 - mazeUtils.moveTile - [moveTile.py:90] - DEBUG - [2600.000585] moveTile ramp check isBigRamp=False (+0.8 ms)
2026-06-26 03:53:05,016 - mazeUtils.moveTile - [moveTile.py:90] - DEBUG - [2600.004465] moveTile tile color check tempTileColor=E (+3.9 ms)
2026-06-26 03:53:05,017 - mazeUtils.moveTile - [moveTile.py:90] - DEBUG - [2600.005447] moveTile obstacle check escapeFlag=False (+1.0 ms)
2026-06-26 03:53:05,025 - mazeUtils.moveTile - [moveTile.py:79] - DEBUG - roll: 358.31 deg, practicalMoveTime: 0.06177785864186966 sec
2026-06-26 03:53:05,026 - mazeUtils.moveTile - [moveTile.py:1907] - DEBUG - moveTile loop time: 60.7 ms
2026-06-26 03:53:05,027 - mazeUtils.moveTile - [moveTile.py:90] - DEBUG - [2600.014955] moveTile loop end practicalMoveTime=0.062 (+9.5 ms)
2026-06-26 03:53:05,027 - mazeUtils.moveTile - [moveTile.py:90] - DEBUG - [2600.015413] moveTile loop start (+0.5 ms)
2026-06-26 03:53:05,033 - picamera2.picamera2 - [picamera2.py:1391] - DEBUG - Execute job: <picamera2.job.Job object at 0x7f90809890>
2026-06-26 03:53:05,038 - mazeUtils.device.camera - [camera.py:39] - DEBUG - Average HSV: H=140.5, S=19.5, V=221.0
2026-06-26 03:53:05,045 - mazeUtils.moveTile - [moveTile.py:90] - DEBUG - [2600.033179] moveTile calculated motor speeds left=100 right=99 gyroSteer=1.3199999999999363 wallSteer=-1.1999999999999993 (+17.8 ms)
2026-06-26 03:53:05,065 - mazeUtils.moveTile - [moveTile.py:90] - DEBUG - [2600.053297] moveTile applied motor speed left=100 right=99 (+20.1 ms)
2026-06-26 03:53:05,066 - mazeUtils.moveTile - [moveTile.py:90] - DEBUG - [2600.054020] moveTile ramp check isBigRamp=False (+0.7 ms)
2026-06-26 03:53:05,069 - mazeUtils.moveTile - [moveTile.py:90] - DEBUG - [2600.057417] moveTile tile color check tempTileColor=E (+3.4 ms)
2026-06-26 03:53:05,070 - mazeUtils.moveTile - [moveTile.py:90] - DEBUG - [2600.057959] moveTile obstacle check escapeFlag=False (+0.5 ms)
2026-06-26 03:53:05,074 - mazeUtils.moveTile - [moveTile.py:79] - DEBUG - roll: 358.63 deg, practicalMoveTime: 0.1099417988280961 sec
2026-06-26 03:53:05,076 - mazeUtils.moveTile - [moveTile.py:1907] - DEBUG - moveTile loop time: 48.5 ms
2026-06-26 03:53:05,076 - mazeUtils.moveTile - [moveTile.py:90] - DEBUG - [2600.064695] moveTile loop end practicalMoveTime=0.110 (+6.7 ms)
2026-06-26 03:53:05,079 - mazeUtils.moveTile - [moveTile.py:90] - DEBUG - [2600.066943] moveTile loop start (+2.2 ms)
2026-06-26 03:53:05,087 - picamera2.picamera2 - [picamera2.py:1391] - DEBUG - Execute job: <picamera2.job.Job object at 0x7f82062e50>
2026-06-26 03:53:05,094 - mazeUtils.device.camera - [camera.py:39] - DEBUG - Average HSV: H=141.4, S=19.0, V=221.0
2026-06-26 03:53:05,100 - mazeUtils.moveTile - [moveTile.py:90] - DEBUG - [2600.087995] moveTile calculated motor speeds left=95 right=100 gyroSteer=-0.15999999999985448 wallSteer=-4.400000000000002 (+21.1 ms)
2026-06-26 03:53:05,120 - mazeUtils.moveTile - [moveTile.py:90] - DEBUG - [2600.108564] moveTile applied motor speed left=95 right=100 (+20.6 ms)
2026-06-26 03:53:05,121 - mazeUtils.moveTile - [moveTile.py:90] - DEBUG - [2600.109388] moveTile ramp check isBigRamp=False (+0.8 ms)
2026-06-26 03:53:05,125 - mazeUtils.moveTile - [moveTile.py:90] - DEBUG - [2600.113705] moveTile tile color check tempTileColor=E (+4.3 ms)
2026-06-26 03:53:05,126 - mazeUtils.moveTile - [moveTile.py:90] - DEBUG - [2600.114470] moveTile obstacle check escapeFlag=False (+0.8 ms)
2026-06-26 03:53:05,134 - mazeUtils.moveTile - [moveTile.py:79] - DEBUG - roll: 358.22999999999996 deg, practicalMoveTime: 0.16799313658491383 sec
2026-06-26 03:53:05,135 - mazeUtils.moveTile - [moveTile.py:1907] - DEBUG - moveTile loop time: 55.9 ms
2026-06-26 03:53:05,135 - mazeUtils.moveTile - [moveTile.py:90] - DEBUG - [2600.123417] moveTile loop end practicalMoveTime=0.168 (+8.9 ms)
2026-06-26 03:53:05,135 - mazeUtils.moveTile - [moveTile.py:90] - DEBUG - [2600.123820] moveTile loop start (+0.4 ms)
2026-06-26 03:53:05,141 - picamera2.picamera2 - [picamera2.py:1391] - DEBUG - Execute job: <picamera2.job.Job object at 0x7f6090c650>
2026-06-26 03:53:05,149 - mazeUtils.device.camera - [camera.py:39] - DEBUG - Average HSV: H=143.6, S=18.3, V=218.3
2026-06-26 03:53:05,155 - mazeUtils.moveTile - [moveTile.py:90] - DEBUG - [2600.143564] moveTile calculated motor speeds left=98 right=100 gyroSteer=1.7200000000000273 wallSteer=-2.8000000000000007 (+19.7 ms)
2026-06-26 03:53:05,181 - mazeUtils.moveTile - [moveTile.py:90] - DEBUG - [2600.169686] moveTile applied motor speed left=98 right=100 (+26.1 ms)
2026-06-26 03:53:05,182 - mazeUtils.moveTile - [moveTile.py:90] - DEBUG - [2600.170513] moveTile ramp check isBigRamp=False (+0.8 ms)
2026-06-26 03:53:05,188 - mazeUtils.moveTile - [moveTile.py:90] - DEBUG - [2600.176514] moveTile tile color check tempTileColor=E (+6.0 ms)
2026-06-26 03:53:05,189 - mazeUtils.moveTile - [moveTile.py:90] - DEBUG - [2600.177766] moveTile obstacle check escapeFlag=False (+1.3 ms)
2026-06-26 03:53:05,197 - mazeUtils.moveTile - [moveTile.py:79] - DEBUG - roll: 359.68 deg, practicalMoveTime: 0.22997040392037288 sec
2026-06-26 03:53:05,198 - mazeUtils.moveTile - [moveTile.py:1907] - DEBUG - moveTile loop time: 62.0 ms
2026-06-26 03:53:05,198 - mazeUtils.moveTile - [moveTile.py:90] - DEBUG - [2600.186586] moveTile loop end practicalMoveTime=0.230 (+8.8 ms)
2026-06-26 03:53:05,199 - mazeUtils.moveTile - [moveTile.py:90] - DEBUG - [2600.187646] moveTile loop start (+1.1 ms)
2026-06-26 03:53:05,204 - picamera2.picamera2 - [picamera2.py:1391] - DEBUG - Execute job: <picamera2.job.Job object at 0x7f6090c650>
2026-06-26 03:53:05,210 - mazeUtils.device.camera - [camera.py:39] - DEBUG - Average HSV: H=147.5, S=16.3, V=218.6
2026-06-26 03:53:05,215 - mazeUtils.moveTile - [moveTile.py:90] - DEBUG - [2600.203565] moveTile calculated motor speeds left=100 right=97 gyroSteer=4.039999999999964 wallSteer=-2.0 (+15.9 ms)
2026-06-26 03:53:05,235 - mazeUtils.moveTile - [moveTile.py:90] - DEBUG - [2600.223257] moveTile applied motor speed left=100 right=97 (+19.7 ms)
2026-06-26 03:53:05,236 - mazeUtils.moveTile - [moveTile.py:90] - DEBUG - [2600.223998] moveTile ramp check isBigRamp=False (+0.7 ms)
2026-06-26 03:53:05,239 - mazeUtils.moveTile - [moveTile.py:90] - DEBUG - [2600.227592] moveTile tile color check tempTileColor=E (+3.6 ms)
2026-06-26 03:53:05,240 - mazeUtils.moveTile - [moveTile.py:90] - DEBUG - [2600.228307] moveTile obstacle check escapeFlag=False (+0.7 ms)
2026-06-26 03:53:05,245 - mazeUtils.moveTile - [moveTile.py:79] - DEBUG - roll: 0.4300000000000068 deg, practicalMoveTime: 0.2774550005616232 sec
2026-06-26 03:53:05,246 - mazeUtils.moveTile - [moveTile.py:1907] - DEBUG - moveTile loop time: 46.8 ms
2026-06-26 03:53:05,247 - mazeUtils.moveTile - [moveTile.py:90] - DEBUG - [2600.235125] moveTile loop end practicalMoveTime=0.277 (+6.8 ms)
2026-06-26 03:53:05,247 - mazeUtils.moveTile - [moveTile.py:90] - DEBUG - [2600.235708] moveTile loop start (+0.6 ms)
2026-06-26 03:53:05,253 - picamera2.picamera2 - [picamera2.py:1391] - DEBUG - Execute job: <picamera2.job.Job object at 0x7f90809890>
2026-06-26 03:53:05,260 - mazeUtils.device.camera - [camera.py:39] - DEBUG - Average HSV: H=149.7, S=16.5, V=216.6
2026-06-26 03:53:05,265 - mazeUtils.moveTile - [moveTile.py:90] - DEBUG - [2600.253440] moveTile calculated motor speeds left=100 right=98 gyroSteer=3.9200000000000728 wallSteer=-2.8000000000000007 (+17.7 ms)
2026-06-26 03:53:05,288 - mazeUtils.moveTile - [moveTile.py:90] - DEBUG - [2600.276744] moveTile applied motor speed left=100 right=98 (+23.3 ms)
2026-06-26 03:53:05,289 - mazeUtils.moveTile - [moveTile.py:90] - DEBUG - [2600.277478] moveTile ramp check isBigRamp=False (+0.7 ms)
2026-06-26 03:53:05,293 - mazeUtils.moveTile - [moveTile.py:90] - DEBUG - [2600.281062] moveTile tile color check tempTileColor=E (+3.6 ms)
2026-06-26 03:53:05,294 - mazeUtils.moveTile - [moveTile.py:90] - DEBUG - [2600.281829] moveTile obstacle check escapeFlag=False (+0.8 ms)
2026-06-26 03:53:05,302 - mazeUtils.moveTile - [moveTile.py:79] - DEBUG - roll: 1.490000000000009 deg, practicalMoveTime: 0.3323353701927814 sec
2026-06-26 03:53:05,304 - mazeUtils.moveTile - [moveTile.py:1907] - DEBUG - moveTile loop time: 56.3 ms
2026-06-26 03:53:05,305 - mazeUtils.moveTile - [moveTile.py:90] - DEBUG - [2600.292899] moveTile loop end practicalMoveTime=0.332 (+11.1 ms)
2026-06-26 03:53:05,306 - mazeUtils.moveTile - [moveTile.py:90] - DEBUG - [2600.294116] moveTile loop start (+1.2 ms)
2026-06-26 03:53:05,320 - picamera2.picamera2 - [picamera2.py:1391] - DEBUG - Execute job: <picamera2.job.Job object at 0x7f6090eed0>
2026-06-26 03:53:05,326 - mazeUtils.device.camera - [camera.py:39] - DEBUG - Average HSV: H=160.2, S=18.2, V=217.1
2026-06-26 03:53:05,331 - mazeUtils.moveTile - [moveTile.py:90] - DEBUG - [2600.319366] moveTile calculated motor speeds left=100 right=99 gyroSteer=3.3600000000001273 wallSteer=-2.400000000000002 (+25.3 ms)
2026-06-26 03:53:05,357 - mazeUtils.moveTile - [moveTile.py:90] - DEBUG - [2600.345355] moveTile applied motor speed left=100 right=99 (+26.0 ms)
2026-06-26 03:53:05,358 - mazeUtils.moveTile - [moveTile.py:90] - DEBUG - [2600.346063] moveTile ramp check isBigRamp=False (+0.7 ms)
2026-06-26 03:53:05,361 - mazeUtils.moveTile - [moveTile.py:90] - DEBUG - [2600.349576] moveTile tile color check tempTileColor=E (+3.5 ms)
2026-06-26 03:53:05,362 - mazeUtils.moveTile - [moveTile.py:90] - DEBUG - [2600.350163] moveTile obstacle check escapeFlag=False (+0.6 ms)
2026-06-26 03:53:05,371 - mazeUtils.moveTile - [moveTile.py:79] - DEBUG - roll: 2.8100000000000023 deg, practicalMoveTime: 0.3989326396290185 sec
2026-06-26 03:53:05,371 - mazeUtils.moveTile - [moveTile.py:1907] - DEBUG - moveTile loop time: 65.4 ms
2026-06-26 03:53:05,372 - mazeUtils.moveTile - [moveTile.py:90] - DEBUG - [2600.360307] moveTile loop end practicalMoveTime=0.399 (+10.1 ms)
2026-06-26 03:53:05,373 - mazeUtils.moveTile - [moveTile.py:90] - DEBUG - [2600.360839] moveTile loop start (+0.5 ms)
2026-06-26 03:53:05,378 - picamera2.picamera2 - [picamera2.py:1391] - DEBUG - Execute job: <picamera2.job.Job object at 0x7f6090c650>
2026-06-26 03:53:05,384 - mazeUtils.device.camera - [camera.py:39] - DEBUG - Average HSV: H=162.0, S=18.4, V=217.8
2026-06-26 03:53:05,390 - mazeUtils.moveTile - [moveTile.py:90] - DEBUG - [2600.377835] moveTile calculated motor speeds left=100 right=93 gyroSteer=8.360000000000127 wallSteer=-2.0 (+17.0 ms)
2026-06-26 03:53:05,410 - mazeUtils.moveTile - [moveTile.py:90] - DEBUG - [2600.398095] moveTile applied motor speed left=100 right=93 (+20.3 ms)
2026-06-26 03:53:05,411 - mazeUtils.moveTile - [moveTile.py:90] - DEBUG - [2600.398961] moveTile ramp check isBigRamp=False (+0.9 ms)
2026-06-26 03:53:05,415 - mazeUtils.moveTile - [moveTile.py:90] - DEBUG - [2600.402927] moveTile tile color check tempTileColor=E (+4.0 ms)
2026-06-26 03:53:05,416 - mazeUtils.moveTile - [moveTile.py:90] - DEBUG - [2600.403821] moveTile obstacle check escapeFlag=False (+0.9 ms)
2026-06-26 03:53:05,421 - mazeUtils.moveTile - [moveTile.py:79] - DEBUG - roll: 359.59 deg, practicalMoveTime: 0.4483203506056965 sec
2026-06-26 03:53:05,422 - mazeUtils.moveTile - [moveTile.py:1907] - DEBUG - moveTile loop time: 49.2 ms
2026-06-26 03:53:05,423 - mazeUtils.moveTile - [moveTile.py:90] - DEBUG - [2600.411237] moveTile loop end practicalMoveTime=0.448 (+7.4 ms)
2026-06-26 03:53:05,424 - mazeUtils.moveTile - [moveTile.py:90] - DEBUG - [2600.411966] moveTile loop start (+0.7 ms)
2026-06-26 03:53:05,429 - picamera2.picamera2 - [picamera2.py:1391] - DEBUG - Execute job: <picamera2.job.Job object at 0x7f90809890>
2026-06-26 03:53:05,437 - mazeUtils.device.camera - [camera.py:39] - DEBUG - Average HSV: H=158.5, S=17.2, V=217.9
2026-06-26 03:53:05,443 - mazeUtils.moveTile - [moveTile.py:90] - DEBUG - [2600.431226] moveTile calculated motor speeds left=100 right=90 gyroSteer=8.319999999999936 wallSteer=1.6000000000000014 (+19.3 ms)
2026-06-26 03:53:05,464 - mazeUtils.moveTile - [moveTile.py:90] - DEBUG - [2600.451949] moveTile applied motor speed left=100 right=90 (+20.7 ms)
2026-06-26 03:53:05,464 - mazeUtils.moveTile - [moveTile.py:90] - DEBUG - [2600.452715] moveTile ramp check isBigRamp=False (+0.8 ms)
2026-06-26 03:53:05,468 - mazeUtils.moveTile - [moveTile.py:90] - DEBUG - [2600.456587] moveTile tile color check tempTileColor=E (+3.9 ms)
2026-06-26 03:53:05,469 - mazeUtils.moveTile - [moveTile.py:90] - DEBUG - [2600.457444] moveTile obstacle check escapeFlag=False (+0.9 ms)
2026-06-26 03:53:05,476 - mazeUtils.moveTile - [moveTile.py:79] - DEBUG - roll: 1.8100000000000023 deg, practicalMoveTime: 0.5023196805880391 sec
2026-06-26 03:53:05,477 - mazeUtils.moveTile - [moveTile.py:1907] - DEBUG - moveTile loop time: 53.1 ms
2026-06-26 03:53:05,477 - mazeUtils.moveTile - [moveTile.py:90] - DEBUG - [2600.465678] moveTile loop end practicalMoveTime=0.502 (+8.2 ms)
2026-06-26 03:53:05,478 - mazeUtils.moveTile - [moveTile.py:90] - DEBUG - [2600.466156] moveTile loop start (+0.5 ms)
2026-06-26 03:53:05,485 - picamera2.picamera2 - [picamera2.py:1391] - DEBUG - Execute job: <picamera2.job.Job object at 0x7f6090c650>
2026-06-26 03:53:05,491 - mazeUtils.device.camera - [camera.py:39] - DEBUG - Average HSV: H=164.0, S=18.3, V=217.8
2026-06-26 03:53:05,498 - mazeUtils.moveTile - [moveTile.py:90] - DEBUG - [2600.486083] moveTile calculated motor speeds left=100 right=87 gyroSteer=10.279999999999973 wallSteer=2.3999999999999986 (+19.9 ms)
2026-06-26 03:53:05,520 - mazeUtils.moveTile - [moveTile.py:90] - DEBUG - [2600.508520] moveTile applied motor speed left=100 right=87 (+22.4 ms)
2026-06-26 03:53:05,521 - mazeUtils.moveTile - [moveTile.py:90] - DEBUG - [2600.509243] moveTile ramp check isBigRamp=False (+0.7 ms)
2026-06-26 03:53:05,527 - mazeUtils.moveTile - [moveTile.py:90] - DEBUG - [2600.514851] moveTile tile color check tempTileColor=E (+5.6 ms)
2026-06-26 03:53:05,527 - mazeUtils.moveTile - [moveTile.py:90] - DEBUG - [2600.515590] moveTile obstacle check escapeFlag=False (+0.7 ms)
2026-06-26 03:53:05,533 - mazeUtils.moveTile - [moveTile.py:79] - DEBUG - roll: 0.5099999999999909 deg, practicalMoveTime: 0.5582918787317765 sec
2026-06-26 03:53:05,534 - mazeUtils.moveTile - [moveTile.py:1907] - DEBUG - moveTile loop time: 55.8 ms
2026-06-26 03:53:05,534 - mazeUtils.moveTile - [moveTile.py:90] - DEBUG - [2600.522483] moveTile loop end practicalMoveTime=0.558 (+6.9 ms)
2026-06-26 03:53:05,535 - mazeUtils.moveTile - [moveTile.py:90] - DEBUG - [2600.522886] moveTile loop start (+0.4 ms)
2026-06-26 03:53:05,542 - picamera2.picamera2 - [picamera2.py:1391] - DEBUG - Execute job: <picamera2.job.Job object at 0x7f6090eed0>
2026-06-26 03:53:05,548 - mazeUtils.device.camera - [camera.py:39] - DEBUG - Average HSV: H=158.4, S=16.6, V=217.9
2026-06-26 03:53:05,554 - mazeUtils.moveTile - [moveTile.py:90] - DEBUG - [2600.542706] moveTile calculated motor speeds left=100 right=84 gyroSteer=12.519999999999982 wallSteer=2.8000000000000007 (+19.8 ms)
2026-06-26 03:53:05,575 - mazeUtils.moveTile - [moveTile.py:90] - DEBUG - [2600.563311] moveTile applied motor speed left=100 right=84 (+20.6 ms)
2026-06-26 03:53:05,576 - mazeUtils.moveTile - [moveTile.py:90] - DEBUG - [2600.564117] moveTile ramp check isBigRamp=False (+0.8 ms)
2026-06-26 03:53:05,580 - mazeUtils.moveTile - [moveTile.py:90] - DEBUG - [2600.567848] moveTile tile color check tempTileColor=E (+3.7 ms)
2026-06-26 03:53:05,580 - mazeUtils.moveTile - [moveTile.py:90] - DEBUG - [2600.568540] moveTile obstacle check escapeFlag=False (+0.7 ms)
2026-06-26 03:53:05,585 - mazeUtils.moveTile - [moveTile.py:79] - DEBUG - roll: 2.8799999999999955 deg, practicalMoveTime: 0.6097046828703052 sec
2026-06-26 03:53:05,586 - mazeUtils.moveTile - [moveTile.py:1907] - DEBUG - moveTile loop time: 51.6 ms
2026-06-26 03:53:05,588 - mazeUtils.moveTile - [moveTile.py:90] - DEBUG - [2600.576090] moveTile loop end practicalMoveTime=0.610 (+7.5 ms)
2026-06-26 03:53:05,589 - mazeUtils.moveTile - [moveTile.py:90] - DEBUG - [2600.576893] moveTile loop start (+0.8 ms)
2026-06-26 03:53:05,596 - picamera2.picamera2 - [picamera2.py:1391] - DEBUG - Execute job: <picamera2.job.Job object at 0x7f82062b50>
2026-06-26 03:53:05,602 - mazeUtils.device.camera - [camera.py:39] - DEBUG - Average HSV: H=164.1, S=17.4, V=218.3
2026-06-26 03:53:05,609 - mazeUtils.moveTile - [moveTile.py:90] - DEBUG - [2600.597456] moveTile calculated motor speeds left=100 right=85 gyroSteer=13.200000000000045 wallSteer=1.1999999999999993 (+20.6 ms)
2026-06-26 03:53:05,628 - mazeUtils.moveTile - [moveTile.py:90] - DEBUG - [2600.616716] moveTile applied motor speed left=100 right=85 (+19.3 ms)
2026-06-26 03:53:05,629 - mazeUtils.moveTile - [moveTile.py:90] - DEBUG - [2600.617499] moveTile ramp check isBigRamp=False (+0.8 ms)
2026-06-26 03:53:05,635 - mazeUtils.moveTile - [moveTile.py:90] - DEBUG - [2600.623506] moveTile tile color check tempTileColor=E (+6.0 ms)
2026-06-26 03:53:05,636 - mazeUtils.moveTile - [moveTile.py:90] - DEBUG - [2600.624352] moveTile obstacle check escapeFlag=False (+0.8 ms)
2026-06-26 03:53:05,641 - mazeUtils.moveTile - [moveTile.py:79] - DEBUG - roll: 359.84999999999997 deg, practicalMoveTime: 0.664183675047601 sec
2026-06-26 03:53:05,642 - mazeUtils.moveTile - [moveTile.py:1907] - DEBUG - moveTile loop time: 53.1 ms
2026-06-26 03:53:05,642 - mazeUtils.moveTile - [moveTile.py:90] - DEBUG - [2600.630792] moveTile loop end practicalMoveTime=0.664 (+6.4 ms)
2026-06-26 03:53:05,643 - mazeUtils.moveTile - [moveTile.py:90] - DEBUG - [2600.631750] moveTile loop start (+1.0 ms)
2026-06-26 03:53:05,650 - picamera2.picamera2 - [picamera2.py:1391] - DEBUG - Execute job: <picamera2.job.Job object at 0x7f9a022310>
2026-06-26 03:53:05,656 - mazeUtils.device.camera - [camera.py:39] - DEBUG - Average HSV: H=157.3, S=15.6, V=219.5
2026-06-26 03:53:05,665 - mazeUtils.moveTile - [moveTile.py:90] - DEBUG - [2600.653656] moveTile calculated motor speeds left=100 right=91 gyroSteer=7.440000000000055 wallSteer=0.8000000000000007 (+21.9 ms)
2026-06-26 03:53:05,688 - mazeUtils.moveTile - [moveTile.py:90] - DEBUG - [2600.676093] moveTile applied motor speed left=100 right=91 (+22.4 ms)
2026-06-26 03:53:05,689 - mazeUtils.moveTile - [moveTile.py:90] - DEBUG - [2600.676841] moveTile ramp check isBigRamp=False (+0.7 ms)
2026-06-26 03:53:05,692 - mazeUtils.moveTile - [moveTile.py:90] - DEBUG - [2600.680578] moveTile tile color check tempTileColor=E (+3.7 ms)
2026-06-26 03:53:05,693 - mazeUtils.moveTile - [moveTile.py:90] - DEBUG - [2600.681641] moveTile obstacle check escapeFlag=False (+1.1 ms)
2026-06-26 03:53:05,700 - mazeUtils.moveTile - [moveTile.py:79] - DEBUG - roll: 359.3 deg, practicalMoveTime: 0.7224786465320637 sec
2026-06-26 03:53:05,701 - mazeUtils.moveTile - [moveTile.py:1907] - DEBUG - moveTile loop time: 57.5 ms
2026-06-26 03:53:05,702 - mazeUtils.moveTile - [moveTile.py:90] - DEBUG - [2600.689948] moveTile loop end practicalMoveTime=0.722 (+8.3 ms)
2026-06-26 03:53:05,702 - mazeUtils.moveTile - [moveTile.py:90] - DEBUG - [2600.690423] moveTile loop start (+0.5 ms)
2026-06-26 03:53:05,710 - picamera2.picamera2 - [picamera2.py:1391] - DEBUG - Execute job: <picamera2.job.Job object at 0x7f6090c650>
2026-06-26 03:53:05,717 - mazeUtils.device.camera - [camera.py:39] - DEBUG - Average HSV: H=154.0, S=15.2, V=218.2
2026-06-26 03:53:05,723 - mazeUtils.moveTile - [moveTile.py:90] - DEBUG - [2600.710843] moveTile calculated motor speeds left=100 right=95 gyroSteer=4.039999999999964 wallSteer=0.3999999999999986 (+20.4 ms)
2026-06-26 03:53:05,742 - mazeUtils.moveTile - [moveTile.py:90] - DEBUG - [2600.730582] moveTile applied motor speed left=100 right=95 (+19.7 ms)
2026-06-26 03:53:05,743 - mazeUtils.moveTile - [moveTile.py:90] - DEBUG - [2600.731690] moveTile ramp check isBigRamp=False (+1.1 ms)
2026-06-26 03:53:05,747 - mazeUtils.moveTile - [moveTile.py:90] - DEBUG - [2600.735334] moveTile tile color check tempTileColor=E (+3.6 ms)
2026-06-26 03:53:05,748 - mazeUtils.moveTile - [moveTile.py:90] - DEBUG - [2600.735994] moveTile obstacle check escapeFlag=False (+0.7 ms)
2026-06-26 03:53:05,754 - mazeUtils.moveTile - [moveTile.py:79] - DEBUG - roll: 356.18 deg, practicalMoveTime: 0.7753141773484208 sec
2026-06-26 03:53:05,755 - mazeUtils.moveTile - [moveTile.py:1907] - DEBUG - moveTile loop time: 52.6 ms
2026-06-26 03:53:05,755 - mazeUtils.moveTile - [moveTile.py:90] - DEBUG - [2600.743635] moveTile loop end practicalMoveTime=0.775 (+7.6 ms)
2026-06-26 03:53:05,756 - mazeUtils.moveTile - [moveTile.py:90] - DEBUG - [2600.744282] moveTile loop start (+0.6 ms)
2026-06-26 03:53:05,765 - picamera2.picamera2 - [picamera2.py:1391] - DEBUG - Execute job: <picamera2.job.Job object at 0x7f82062e90>
2026-06-26 03:53:05,772 - mazeUtils.device.camera - [camera.py:39] - DEBUG - Average HSV: H=147.4, S=15.5, V=220.1
2026-06-26 03:53:05,778 - mazeUtils.moveTile - [moveTile.py:90] - DEBUG - [2600.765865] moveTile calculated motor speeds left=100 right=92 gyroSteer=4.680000000000064 wallSteer=2.3999999999999986 (+21.6 ms)
2026-06-26 03:53:05,801 - mazeUtils.moveTile - [moveTile.py:90] - DEBUG - [2600.788961] moveTile applied motor speed left=100 right=92 (+23.1 ms)
2026-06-26 03:53:05,801 - mazeUtils.moveTile - [moveTile.py:90] - DEBUG - [2600.789705] moveTile ramp check isBigRamp=False (+0.7 ms)
2026-06-26 03:53:05,805 - mazeUtils.moveTile - [moveTile.py:90] - DEBUG - [2600.793609] moveTile tile color check tempTileColor=E (+3.9 ms)
2026-06-26 03:53:05,806 - mazeUtils.moveTile - [moveTile.py:90] - DEBUG - [2600.794713] moveTile obstacle check escapeFlag=False (+1.1 ms)
2026-06-26 03:53:05,814 - mazeUtils.moveTile - [moveTile.py:79] - DEBUG - roll: 357.58 deg, practicalMoveTime: 0.834583666020014 sec
2026-06-26 03:53:05,815 - mazeUtils.moveTile - [moveTile.py:1907] - DEBUG - moveTile loop time: 59.4 ms
2026-06-26 03:53:05,816 - mazeUtils.moveTile - [moveTile.py:90] - DEBUG - [2600.804484] moveTile loop end practicalMoveTime=0.835 (+9.8 ms)
2026-06-26 03:53:05,817 - mazeUtils.moveTile - [moveTile.py:90] - DEBUG - [2600.804925] moveTile loop start (+0.4 ms)
2026-06-26 03:53:05,826 - picamera2.picamera2 - [picamera2.py:1391] - DEBUG - Execute job: <picamera2.job.Job object at 0x7f82062b10>
2026-06-26 03:53:05,832 - mazeUtils.device.camera - [camera.py:39] - DEBUG - Average HSV: H=152.6, S=15.2, V=220.6
2026-06-26 03:53:05,837 - mazeUtils.moveTile - [moveTile.py:90] - DEBUG - [2600.824824] moveTile calculated motor speeds left=100 right=97 gyroSteer=0.8400000000001455 wallSteer=2.0 (+19.9 ms)
2026-06-26 03:53:05,865 - mazeUtils.moveTile - [moveTile.py:90] - DEBUG - [2600.852916] moveTile applied motor speed left=100 right=97 (+28.1 ms)
2026-06-26 03:53:05,866 - mazeUtils.moveTile - [moveTile.py:90] - DEBUG - [2600.853959] moveTile ramp check isBigRamp=False (+1.0 ms)
2026-06-26 03:53:05,870 - mazeUtils.moveTile - [moveTile.py:90] - DEBUG - [2600.858240] moveTile tile color check tempTileColor=E (+4.3 ms)
2026-06-26 03:53:05,871 - mazeUtils.moveTile - [moveTile.py:90] - DEBUG - [2600.859127] moveTile obstacle check escapeFlag=False (+0.9 ms)
2026-06-26 03:53:05,877 - mazeUtils.moveTile - [moveTile.py:1755] - INFO - practicalVerticalMove: -0.20551932755351396 CM
2026-06-26 03:53:05,897 - mazeUtils.moveTile - [moveTile.py:90] - DEBUG - [2600.885128] moveTile finished by time control (+26.0 ms)
2026-06-26 03:53:05,898 - mazeUtils.moveTile - [moveTile.py:90] - DEBUG - [2600.885899] moveTile start final forward adjustment (+26.8 ms)
2026-06-26 03:53:05,928 - mazeUtils.moveTile - [moveTile.py:90] - DEBUG - [2600.916312] moveTile finished final forward adjustment (+30.4 ms)
2026-06-26 03:53:06,083 - mazeUtils.moveTile - [moveTile.py:563] - DEBUG - Direction: absDirection.NORTH, Angle: 0, Distance: 132.294643746004 cm
2026-06-26 03:53:06,085 - mazeUtils.moveTile - [moveTile.py:563] - DEBUG - Direction: absDirection.EAST, Angle: 270, Distance: 68.92246066523958 cm
2026-06-26 03:53:06,086 - mazeUtils.moveTile - [moveTile.py:563] - DEBUG - Direction: absDirection.SOUTH, Angle: 180, Distance: 151.07699284071674 cm
2026-06-26 03:53:06,087 - mazeUtils.moveTile - [moveTile.py:563] - DEBUG - Direction: absDirection.WEST, Angle: 90, Distance: 16.509061945593356 cm
2026-06-26 03:53:06,088 - mazeUtils.moveTile - [moveTile.py:679] - WARNING - Inconsistent wall detection at absDirection.WEST: distance=16.509061945593356 cm, map wall type=wallType.NO_WALL
2026-06-26 03:53:06,089 - mazeUtils.moveTile - [moveTile.py:90] - DEBUG - [2601.077191] moveTile updated map and detected walls (+160.9 ms)
2026-06-26 03:53:06,092 - mazeUtils.moveTile - [moveTile.py:2272] - INFO - Tile color detection, decided tile type: E
2026-06-26 03:53:06,093 - mazeUtils.moveTile - [moveTile.py:90] - DEBUG - [2601.081351] moveTile finished (+165.0 ms)
2026-06-26 03:53:06,185 - __main__ - [main.py:106] - INFO - Current position: (21, 19, 0), front direction: absDirection.NORTH
Layer 0 (altitude=0.0cm, offset=(0.0cm, 0.0cm)):
Known map area: x=20..24, y=15..20
+---+---+   +   +   +
| E   E | U   U   U  
+   +   +   +   +   +
| E   E | U   U   U  
+   +---+---+---+   +
| E   E   E   E   R |
+   +---+---+   +---+
| E   E   E   B   U  
+   +   +---+   +   +
| E   @   U   U   U  
+   +   +   +   +   +
| S | E | U   U   U  
+---+---+   +   +   +
mazeAsGraph[0][15][20] = {absDirection.NORTH: None, absDirection.EAST: (21, 15, 0, 30), absDirection.SOUTH: (20, 16, 0, 30), absDirection.WEST: None}
mazeAsGraph[0][15][21] = {absDirection.NORTH: None, absDirection.EAST: None, absDirection.SOUTH: (21, 16, 0, 30), absDirection.WEST: (20, 15, 0, 30)}
mazeAsGraph[0][16][20] = {absDirection.NORTH: (20, 15, 0, 30), absDirection.EAST: (21, 16, 0, 30), absDirection.SOUTH: (20, 17, 0, 30), absDirection.WEST: None}
mazeAsGraph[0][16][21] = {absDirection.NORTH: (21, 15, 0, 30), absDirection.EAST: None, absDirection.SOUTH: None, absDirection.WEST: (20, 16, 0, 30)}
mazeAsGraph[0][17][20] = {absDirection.NORTH: (20, 16, 0, 30), absDirection.EAST: (21, 17, 0, 30), absDirection.SOUTH: (20, 18, 0, 30), absDirection.WEST: None}
mazeAsGraph[0][17][21] = {absDirection.NORTH: None, absDirection.EAST: (22, 17, 0, 30), absDirection.SOUTH: (21, 18, 0, 30), absDirection.WEST: (20, 17, 0, 30)}
mazeAsGraph[0][17][22] = {absDirection.NORTH: None, absDirection.EAST: (23, 17, 0, 30), absDirection.SOUTH: None, absDirection.WEST: (21, 17, 0, 30)}
mazeAsGraph[0][17][23] = {absDirection.NORTH: None, absDirection.EAST: (24, 17, 0, 30), absDirection.SOUTH: None, absDirection.WEST: (22, 17, 0, 30)}
mazeAsGraph[0][17][24] = {absDirection.NORTH: (24, 16, 0, 30), absDirection.EAST: None, absDirection.SOUTH: None, absDirection.WEST: (23, 17, 0, 30)}
mazeAsGraph[0][18][20] = {absDirection.NORTH: (20, 17, 0, 30), absDirection.EAST: (21, 18, 0, 30), absDirection.SOUTH: (20, 19, 0, 30), absDirection.WEST: None}
mazeAsGraph[0][18][21] = {absDirection.NORTH: (21, 17, 0, 30), absDirection.EAST: (22, 18, 0, 30), absDirection.SOUTH: (21, 19, 0, 30), absDirection.WEST: (20, 18, 0, 30)}
mazeAsGraph[0][18][22] = {absDirection.NORTH: None, absDirection.EAST: None, absDirection.SOUTH: None, absDirection.WEST: (21, 18, 0, 30)}
mazeAsGraph[0][18][23] = {absDirection.NORTH: None, absDirection.EAST: None, absDirection.SOUTH: None, absDirection.WEST: None}
mazeAsGraph[0][19][20] = {absDirection.NORTH: (20, 18, 0, 30), absDirection.EAST: (21, 19, 0, 30), absDirection.SOUTH: (20, 20, 0, 30), absDirection.WEST: None}
mazeAsGraph[0][19][21] = {absDirection.NORTH: (21, 18, 0, 30), absDirection.EAST: (22, 19, 0, 30), absDirection.SOUTH: (21, 20, 0, 30), absDirection.WEST: (20, 19, 0, 30)}
mazeAsGraph[0][20][20] = {absDirection.NORTH: (20, 19, 0, 30), absDirection.EAST: None, absDirection.SOUTH: None, absDirection.WEST: None}
mazeAsGraph[0][20][21] = {absDirection.NORTH: (21, 19, 0, 30), absDirection.EAST: None, absDirection.SOUTH: None, absDirection.WEST: None}
2026-06-26 03:53:06,192 - mazeUtils.moveTile - [moveTile.py:88] - DEBUG - [2601.180453] moveTile start direction=absDirection.EAST position=(21, 19, 0) front=absDirection.NORTH
2026-06-26 03:53:06,197 - mazeUtils.moveTile - [moveTile.py:90] - DEBUG - [2601.185240] moveTile after initial toggle check (+4.8 ms)
2026-06-26 03:53:06,200 - mazeUtils.moveTile - [moveTile.py:90] - DEBUG - [2601.187856] moveTile after tile checks isRedTile=False isUnknownTileAhead=True (+2.6 ms)
2026-06-26 03:53:06,200 - mazeUtils.moveTile - [moveTile.py:79] - DEBUG - Moving to absDirection.EAST from (21, 19, 0) facing absDirection.NORTH
2026-06-26 03:53:06,201 - mazeUtils.moveTile - [moveTile.py:90] - DEBUG - [2601.189256] moveTile start heading change target=270 (+1.4 ms)
2026-06-26 03:53:06,205 - mazeUtils.moveTile - [moveTile.py:79] - DEBUG - Turning to 270 deg, current heading: 1.579999999999984 deg, turnAngle: 91.57999999999998 deg
2026-06-26 03:53:06,237 - mazeUtils.moveTile - [moveTile.py:79] - DEBUG - gyro:1.6000000000000227 deg, derivative: 0.020000000000038654, turnSpeed: 100
2026-06-26 03:53:06,266 - mazeUtils.moveTile - [moveTile.py:79] - DEBUG - gyro:1.6000000000000227 deg, derivative: 0.0, turnSpeed: 100
2026-06-26 03:53:06,298 - mazeUtils.moveTile - [moveTile.py:79] - DEBUG - gyro:1.400000000000034 deg, derivative: -0.19999999999998863, turnSpeed: 100
2026-06-26 03:53:06,328 - mazeUtils.moveTile - [moveTile.py:79] - DEBUG - gyro:1.009999999999991 deg, derivative: -0.3900000000000432, turnSpeed: 100
2026-06-26 03:53:06,355 - mazeUtils.moveTile - [moveTile.py:79] - DEBUG - gyro:358.15000000000003 deg, derivative: -2.859999999999957, turnSpeed: 100
2026-06-26 03:53:06,385 - mazeUtils.moveTile - [moveTile.py:79] - DEBUG - gyro:355.11 deg, derivative: -3.0400000000000205, turnSpeed: 100
2026-06-26 03:53:06,413 - mazeUtils.moveTile - [moveTile.py:79] - DEBUG - gyro:350.24 deg, derivative: -4.8700000000000045, turnSpeed: 100
2026-06-26 03:53:06,444 - mazeUtils.moveTile - [moveTile.py:79] - DEBUG - gyro:347.21000000000004 deg, derivative: -3.0299999999999727, turnSpeed: 100
2026-06-26 03:53:06,468 - mazeUtils.moveTile - [moveTile.py:79] - DEBUG - gyro:343.33 deg, derivative: -3.8800000000000523, turnSpeed: 100
2026-06-26 03:53:06,491 - mazeUtils.moveTile - [moveTile.py:79] - DEBUG - gyro:340.16 deg, derivative: -3.169999999999959, turnSpeed: 100
2026-06-26 03:53:06,523 - mazeUtils.moveTile - [moveTile.py:79] - DEBUG - gyro:337.16 deg, derivative: -3.0, turnSpeed: 100
2026-06-26 03:53:06,548 - mazeUtils.moveTile - [moveTile.py:79] - DEBUG - gyro:333.68 deg, derivative: -3.480000000000018, turnSpeed: 100
2026-06-26 03:53:06,575 - mazeUtils.moveTile - [moveTile.py:79] - DEBUG - gyro:329.82 deg, derivative: -3.8600000000000136, turnSpeed: 100
2026-06-26 03:53:06,602 - mazeUtils.moveTile - [moveTile.py:79] - DEBUG - gyro:325.34000000000003 deg, derivative: -4.479999999999961, turnSpeed: 100
2026-06-26 03:53:06,635 - mazeUtils.moveTile - [moveTile.py:79] - DEBUG - gyro:322.49 deg, derivative: -2.8500000000000227, turnSpeed: 100
2026-06-26 03:53:06,663 - mazeUtils.moveTile - [moveTile.py:79] - DEBUG - gyro:317.0 deg, derivative: -5.490000000000009, turnSpeed: 94.0
2026-06-26 03:53:06,695 - mazeUtils.moveTile - [moveTile.py:79] - DEBUG - gyro:313.88 deg, derivative: -3.1200000000000045, turnSpeed: 87.75999999999999
2026-06-26 03:53:06,720 - mazeUtils.moveTile - [moveTile.py:79] - DEBUG - gyro:309.84000000000003 deg, derivative: -4.039999999999964, turnSpeed: 79.68000000000006
2026-06-26 03:53:06,747 - mazeUtils.moveTile - [moveTile.py:79] - DEBUG - gyro:307.05 deg, derivative: -2.7900000000000205, turnSpeed: 74.10000000000002
2026-06-26 03:53:06,778 - mazeUtils.moveTile - [moveTile.py:79] - DEBUG - gyro:304.57 deg, derivative: -2.480000000000018, turnSpeed: 69.13999999999999
2026-06-26 03:53:06,808 - mazeUtils.moveTile - [moveTile.py:79] - DEBUG - gyro:301.06 deg, derivative: -3.509999999999991, turnSpeed: 62.120000000000005
2026-06-26 03:53:06,835 - mazeUtils.moveTile - [moveTile.py:79] - DEBUG - gyro:297.61 deg, derivative: -3.4499999999999886, turnSpeed: 55.22000000000003
2026-06-26 03:53:06,859 - mazeUtils.moveTile - [moveTile.py:79] - DEBUG - gyro:294.48 deg, derivative: -3.1299999999999955, turnSpeed: 48.960000000000036
2026-06-26 03:53:06,888 - mazeUtils.moveTile - [moveTile.py:79] - DEBUG - gyro:291.96000000000004 deg, derivative: -2.519999999999982, turnSpeed: 43.92000000000007
2026-06-26 03:53:06,920 - mazeUtils.moveTile - [moveTile.py:79] - DEBUG - gyro:289.17 deg, derivative: -2.7900000000000205, turnSpeed: 38.34000000000003
2026-06-26 03:53:06,944 - mazeUtils.moveTile - [moveTile.py:79] - DEBUG - gyro:287.27000000000004 deg, derivative: -1.8999999999999773, turnSpeed: 34.54000000000008
2026-06-26 03:53:06,970 - mazeUtils.moveTile - [moveTile.py:79] - DEBUG - gyro:285.61 deg, derivative: -1.660000000000025, turnSpeed: 31.220000000000027
2026-06-26 03:53:06,998 - mazeUtils.moveTile - [moveTile.py:79] - DEBUG - gyro:284.16 deg, derivative: -1.4499999999999886, turnSpeed: 28.32000000000005
2026-06-26 03:53:07,026 - mazeUtils.moveTile - [moveTile.py:79] - DEBUG - gyro:282.67 deg, derivative: -1.490000000000009, turnSpeed: 25.340000000000032
2026-06-26 03:53:07,050 - mazeUtils.moveTile - [moveTile.py:79] - DEBUG - gyro:281.21000000000004 deg, derivative: -1.4599999999999795, turnSpeed: 22.420000000000073
2026-06-26 03:53:07,080 - mazeUtils.moveTile - [moveTile.py:79] - DEBUG - gyro:280.19 deg, derivative: -1.0200000000000387, turnSpeed: 20.379999999999995
2026-06-26 03:53:07,107 - mazeUtils.moveTile - [moveTile.py:79] - DEBUG - gyro:278.85 deg, derivative: -1.339999999999975, turnSpeed: 17.700000000000045
2026-06-26 03:53:07,140 - mazeUtils.moveTile - [moveTile.py:79] - DEBUG - gyro:278.08 deg, derivative: -0.7700000000000387, turnSpeed: 16.159999999999968
2026-06-26 03:53:07,168 - mazeUtils.moveTile - [moveTile.py:79] - DEBUG - gyro:277.1 deg, derivative: -0.9799999999999613, turnSpeed: 14.200000000000045
2026-06-26 03:53:07,194 - mazeUtils.moveTile - [moveTile.py:79] - DEBUG - gyro:276.15000000000003 deg, derivative: -0.9499999999999886, turnSpeed: 12.300000000000068
2026-06-26 03:53:07,224 - mazeUtils.moveTile - [moveTile.py:79] - DEBUG - gyro:275.51 deg, derivative: -0.6400000000000432, turnSpeed: 11.019999999999982
2026-06-26 03:53:07,251 - mazeUtils.moveTile - [moveTile.py:79] - DEBUG - gyro:274.85 deg, derivative: -0.6599999999999682, turnSpeed: 9.700000000000045
2026-06-26 03:53:07,283 - mazeUtils.moveTile - [moveTile.py:79] - DEBUG - gyro:274.26 deg, derivative: -0.5900000000000318, turnSpeed: 8.519999999999982
2026-06-26 03:53:07,313 - mazeUtils.moveTile - [moveTile.py:79] - DEBUG - gyro:273.65000000000003 deg, derivative: -0.6099999999999568, turnSpeed: 7.300000000000068
2026-06-26 03:53:07,340 - mazeUtils.moveTile - [moveTile.py:79] - DEBUG - gyro:273.17 deg, derivative: -0.4800000000000182, turnSpeed: 6.340000000000032
2026-06-26 03:53:07,367 - mazeUtils.moveTile - [moveTile.py:79] - DEBUG - gyro:272.72 deg, derivative: -0.44999999999998863, turnSpeed: 5.440000000000055
2026-06-26 03:53:07,398 - mazeUtils.moveTile - [moveTile.py:79] - DEBUG - gyro:272.52000000000004 deg, derivative: -0.19999999999998863, turnSpeed: 5.040000000000077
2026-06-26 03:53:07,426 - mazeUtils.moveTile - [moveTile.py:79] - DEBUG - gyro:272.3 deg, derivative: -0.22000000000002728, turnSpeed: 4.600000000000023
2026-06-26 03:53:07,458 - mazeUtils.moveTile - [moveTile.py:79] - DEBUG - gyro:272.12 deg, derivative: -0.18000000000000682, turnSpeed: 4.240000000000009
2026-06-26 03:53:07,487 - mazeUtils.moveTile - [moveTile.py:79] - DEBUG - gyro:271.94 deg, derivative: -0.18000000000000682, turnSpeed: 3.8799999999999955
2026-06-26 03:53:07,506 - mazeUtils.moveTile - [moveTile.py:79] - DEBUG - Turned to heading: 271.94 deg
2026-06-26 03:53:07,507 - mazeUtils.moveTile - [moveTile.py:90] - DEBUG - [2602.495102] moveTile finished heading change (+1305.8 ms)
2026-06-26 03:53:07,507 - mazeUtils.moveTile - [moveTile.py:90] - DEBUG - [2602.495584] moveTile updated front direction (+0.5 ms)
2026-06-26 03:53:07,527 - mazeUtils.moveTile - [moveTile.py:90] - DEBUG - [2602.515122] moveTile stopped motors before alignment (+19.5 ms)
2026-06-26 03:53:07,682 - mazeUtils.moveTile - [moveTile.py:563] - DEBUG - Direction: absDirection.NORTH, Angle: 90, Distance: 136.1132086346239 cm
2026-06-26 03:53:07,683 - mazeUtils.moveTile - [moveTile.py:563] - DEBUG - Direction: absDirection.EAST, Angle: 0, Distance: 62.97219411586595 cm
2026-06-26 03:53:07,686 - mazeUtils.moveTile - [moveTile.py:563] - DEBUG - Direction: absDirection.SOUTH, Angle: 270, Distance: 47.15951262237611 cm
2026-06-26 03:53:07,688 - mazeUtils.moveTile - [moveTile.py:563] - DEBUG - Direction: absDirection.WEST, Angle: 180, Distance: 22.64659251940468 cm
2026-06-26 03:53:07,690 - mazeUtils.moveTile - [moveTile.py:679] - WARNING - Inconsistent wall detection at absDirection.WEST: distance=22.64659251940468 cm, map wall type=wallType.NO_WALL
2026-06-26 03:53:07,712 - mazeUtils.moveTile - [moveTile.py:90] - DEBUG - [2602.699798] moveTile ready for forward move (+184.7 ms)
2026-06-26 03:53:07,718 - mazeUtils.moveTile - [moveTile.py:79] - DEBUG - Turning to 245 deg, current heading: 271.53000000000003 deg, turnAngle: 26.53000000000003 deg
2026-06-26 03:53:07,747 - mazeUtils.moveTile - [moveTile.py:79] - DEBUG - gyro:271.53000000000003 deg, derivative: 0.0, turnSpeed: 53.06000000000006
2026-06-26 03:53:07,777 - mazeUtils.moveTile - [moveTile.py:79] - DEBUG - gyro:271.53000000000003 deg, derivative: 0.0, turnSpeed: 53.06000000000006
2026-06-26 03:53:07,809 - mazeUtils.moveTile - [moveTile.py:79] - DEBUG - gyro:271.52000000000004 deg, derivative: -0.009999999999990905, turnSpeed: 53.04000000000008
2026-06-26 03:53:07,839 - mazeUtils.moveTile - [moveTile.py:79] - DEBUG - gyro:270.85 deg, derivative: -0.6700000000000159, turnSpeed: 51.700000000000045
2026-06-26 03:53:07,862 - mazeUtils.moveTile - [moveTile.py:79] - DEBUG - gyro:267.78000000000003 deg, derivative: -3.069999999999993, turnSpeed: 45.56000000000006
2026-06-26 03:53:07,891 - mazeUtils.moveTile - [moveTile.py:79] - DEBUG - gyro:264.5 deg, derivative: -3.2800000000000296, turnSpeed: 39.0
2026-06-26 03:53:07,921 - mazeUtils.moveTile - [moveTile.py:79] - DEBUG - gyro:261.87 deg, derivative: -2.6299999999999955, turnSpeed: 33.74000000000001
2026-06-26 03:53:07,947 - mazeUtils.moveTile - [moveTile.py:79] - DEBUG - gyro:258.66 deg, derivative: -3.2099999999999795, turnSpeed: 27.32000000000005
2026-06-26 03:53:07,981 - mazeUtils.moveTile - [moveTile.py:79] - DEBUG - gyro:257.35 deg, derivative: -1.3100000000000023, turnSpeed: 24.700000000000045
2026-06-26 03:53:08,010 - mazeUtils.moveTile - [moveTile.py:79] - DEBUG - gyro:256.11 deg, derivative: -1.240000000000009, turnSpeed: 22.220000000000027
2026-06-26 03:53:08,038 - mazeUtils.moveTile - [moveTile.py:79] - DEBUG - gyro:255.28 deg, derivative: -0.8300000000000125, turnSpeed: 20.560000000000002
2026-06-26 03:53:08,070 - mazeUtils.moveTile - [moveTile.py:79] - DEBUG - gyro:254.5 deg, derivative: -0.7800000000000011, turnSpeed: 19.0
2026-06-26 03:53:08,100 - mazeUtils.moveTile - [moveTile.py:79] - DEBUG - gyro:253.75 deg, derivative: -0.75, turnSpeed: 17.5
2026-06-26 03:53:08,131 - mazeUtils.moveTile - [moveTile.py:79] - DEBUG - gyro:252.77 deg, derivative: -0.9799999999999898, turnSpeed: 15.54000000000002
2026-06-26 03:53:08,155 - mazeUtils.moveTile - [moveTile.py:79] - DEBUG - gyro:252.08 deg, derivative: -0.6899999999999977, turnSpeed: 14.160000000000025
2026-06-26 03:53:08,180 - mazeUtils.moveTile - [moveTile.py:79] - DEBUG - gyro:251.61 deg, derivative: -0.46999999999999886, turnSpeed: 13.220000000000027
2026-06-26 03:53:08,205 - mazeUtils.moveTile - [moveTile.py:79] - DEBUG - gyro:251.07000000000002 deg, derivative: -0.539999999999992, turnSpeed: 12.140000000000043
2026-06-26 03:53:08,237 - mazeUtils.moveTile - [moveTile.py:79] - DEBUG - gyro:250.44 deg, derivative: -0.6300000000000239, turnSpeed: 10.879999999999995
2026-06-26 03:53:08,266 - mazeUtils.moveTile - [moveTile.py:79] - DEBUG - gyro:249.79000000000002 deg, derivative: -0.6499999999999773, turnSpeed: 9.580000000000041
2026-06-26 03:53:08,292 - mazeUtils.moveTile - [moveTile.py:79] - DEBUG - gyro:249.21 deg, derivative: -0.5800000000000125, turnSpeed: 8.420000000000016
2026-06-26 03:53:08,323 - mazeUtils.moveTile - [moveTile.py:79] - DEBUG - gyro:248.74 deg, derivative: -0.46999999999999886, turnSpeed: 7.480000000000018
2026-06-26 03:53:08,352 - mazeUtils.moveTile - [moveTile.py:79] - DEBUG - gyro:248.48000000000002 deg, derivative: -0.2599999999999909, turnSpeed: 6.960000000000036
2026-06-26 03:53:08,379 - mazeUtils.moveTile - [moveTile.py:79] - DEBUG - gyro:248.06 deg, derivative: -0.4200000000000159, turnSpeed: 6.1200000000000045
2026-06-26 03:53:08,405 - mazeUtils.moveTile - [moveTile.py:79] - DEBUG - gyro:247.83 deg, derivative: -0.22999999999998977, turnSpeed: 5.660000000000025
2026-06-26 03:53:08,430 - mazeUtils.moveTile - [moveTile.py:79] - DEBUG - gyro:247.61 deg, derivative: -0.21999999999999886, turnSpeed: 5.220000000000027
2026-06-26 03:53:08,458 - mazeUtils.moveTile - [moveTile.py:79] - DEBUG - gyro:247.46 deg, derivative: -0.15000000000000568, turnSpeed: 4.920000000000016
2026-06-26 03:53:08,485 - mazeUtils.moveTile - [moveTile.py:79] - DEBUG - gyro:247.22 deg, derivative: -0.2400000000000091, turnSpeed: 4.439999999999998
2026-06-26 03:53:08,510 - mazeUtils.moveTile - [moveTile.py:79] - DEBUG - gyro:247.05 deg, derivative: -0.1699999999999875, turnSpeed: 4.100000000000023
2026-06-26 03:53:08,534 - mazeUtils.moveTile - [moveTile.py:79] - DEBUG - gyro:246.86 deg, derivative: -0.18999999999999773, turnSpeed: 3.7200000000000273
2026-06-26 03:53:08,557 - mazeUtils.moveTile - [moveTile.py:79] - DEBUG - Turned to heading: 246.86 deg
2026-06-26 03:53:08,595 - mazeUtils.moveTile - [moveTile.py:90] - DEBUG - [2603.583174] moveTile initialized movement targetSteps=1 (+883.4 ms)
2026-06-26 03:53:08,596 - mazeUtils.moveTile - [moveTile.py:90] - DEBUG - [2603.584483] moveTile loop start (+1.3 ms)
2026-06-26 03:53:08,606 - picamera2.picamera2 - [picamera2.py:1391] - DEBUG - Execute job: <picamera2.job.Job object at 0x7f99bbefd0>
2026-06-26 03:53:08,613 - mazeUtils.device.camera - [camera.py:39] - DEBUG - Average HSV: H=12.7, S=26.3, V=221.5
2026-06-26 03:53:08,619 - mazeUtils.moveTile - [moveTile.py:90] - DEBUG - [2603.607064] moveTile calculated motor speeds left=33 right=100 gyroSteer=-94.51999999999998 wallSteer=0.0 (+22.6 ms)
2026-06-26 03:53:08,638 - mazeUtils.moveTile - [moveTile.py:90] - DEBUG - [2603.626652] moveTile applied motor speed left=33 right=100 (+19.6 ms)
2026-06-26 03:53:08,639 - mazeUtils.moveTile - [moveTile.py:90] - DEBUG - [2603.627401] moveTile ramp check isBigRamp=False (+0.7 ms)
2026-06-26 03:53:08,644 - mazeUtils.moveTile - [moveTile.py:90] - DEBUG - [2603.632239] moveTile tile color check tempTileColor=E (+4.8 ms)
2026-06-26 03:53:08,645 - mazeUtils.moveTile - [moveTile.py:90] - DEBUG - [2603.633040] moveTile obstacle check escapeFlag=False (+0.8 ms)
2026-06-26 03:53:08,654 - mazeUtils.moveTile - [moveTile.py:79] - DEBUG - roll: 359.15 deg, practicalMoveTime: 0.05932772339902946 sec
2026-06-26 03:53:08,655 - mazeUtils.moveTile - [moveTile.py:1907] - DEBUG - moveTile loop time: 58.9 ms
2026-06-26 03:53:08,656 - mazeUtils.moveTile - [moveTile.py:90] - DEBUG - [2603.643930] moveTile loop end practicalMoveTime=0.059 (+10.9 ms)
2026-06-26 03:53:08,656 - mazeUtils.moveTile - [moveTile.py:90] - DEBUG - [2603.644449] moveTile loop start (+0.5 ms)
2026-06-26 03:53:08,667 - picamera2.picamera2 - [picamera2.py:1391] - DEBUG - Execute job: <picamera2.job.Job object at 0x7f6090eed0>
2026-06-26 03:53:08,673 - mazeUtils.device.camera - [camera.py:39] - DEBUG - Average HSV: H=6.5, S=28.0, V=221.5
2026-06-26 03:53:08,678 - mazeUtils.moveTile - [moveTile.py:90] - DEBUG - [2603.666365] moveTile calculated motor speeds left=32 right=100 gyroSteer=-96.59999999999991 wallSteer=0.0 (+21.9 ms)
2026-06-26 03:53:08,698 - mazeUtils.moveTile - [moveTile.py:90] - DEBUG - [2603.686658] moveTile applied motor speed left=32 right=100 (+20.3 ms)
2026-06-26 03:53:08,699 - mazeUtils.moveTile - [moveTile.py:90] - DEBUG - [2603.687443] moveTile ramp check isBigRamp=False (+0.8 ms)
2026-06-26 03:53:08,703 - mazeUtils.moveTile - [moveTile.py:90] - DEBUG - [2603.691622] moveTile tile color check tempTileColor=E (+4.2 ms)
2026-06-26 03:53:08,704 - mazeUtils.moveTile - [moveTile.py:90] - DEBUG - [2603.692446] moveTile obstacle check escapeFlag=False (+0.8 ms)
2026-06-26 03:53:08,710 - mazeUtils.moveTile - [moveTile.py:79] - DEBUG - roll: 359.4 deg, practicalMoveTime: 0.1143116115146605 sec
2026-06-26 03:53:08,711 - mazeUtils.moveTile - [moveTile.py:1907] - DEBUG - moveTile loop time: 54.8 ms
2026-06-26 03:53:08,711 - mazeUtils.moveTile - [moveTile.py:90] - DEBUG - [2603.699790] moveTile loop end practicalMoveTime=0.114 (+7.3 ms)
2026-06-26 03:53:08,712 - mazeUtils.moveTile - [moveTile.py:90] - DEBUG - [2603.700286] moveTile loop start (+0.5 ms)
2026-06-26 03:53:08,719 - picamera2.picamera2 - [picamera2.py:1391] - DEBUG - Execute job: <picamera2.job.Job object at 0x7f99bbefd0>
2026-06-26 03:53:08,726 - mazeUtils.device.camera - [camera.py:39] - DEBUG - Average HSV: H=8.5, S=25.0, V=222.3
2026-06-26 03:53:08,739 - mazeUtils.moveTile - [moveTile.py:90] - DEBUG - [2603.727028] moveTile calculated motor speeds left=34 right=100 gyroSteer=-94.0 wallSteer=0.0 (+26.7 ms)
2026-06-26 03:53:08,766 - mazeUtils.moveTile - [moveTile.py:90] - DEBUG - [2603.754422] moveTile applied motor speed left=34 right=100 (+27.4 ms)
2026-06-26 03:53:08,767 - mazeUtils.moveTile - [moveTile.py:90] - DEBUG - [2603.755152] moveTile ramp check isBigRamp=False (+0.7 ms)
2026-06-26 03:53:08,770 - mazeUtils.moveTile - [moveTile.py:90] - DEBUG - [2603.758528] moveTile tile color check tempTileColor=E (+3.4 ms)
2026-06-26 03:53:08,771 - mazeUtils.moveTile - [moveTile.py:90] - DEBUG - [2603.759125] moveTile obstacle check escapeFlag=False (+0.6 ms)
2026-06-26 03:53:08,779 - mazeUtils.moveTile - [moveTile.py:79] - DEBUG - roll: 357.45 deg, practicalMoveTime: 0.18241329566514303 sec
2026-06-26 03:53:08,780 - mazeUtils.moveTile - [moveTile.py:1907] - DEBUG - moveTile loop time: 68.1 ms
2026-06-26 03:53:08,781 - mazeUtils.moveTile - [moveTile.py:90] - DEBUG - [2603.768992] moveTile loop end practicalMoveTime=0.182 (+9.9 ms)
2026-06-26 03:53:08,781 - mazeUtils.moveTile - [moveTile.py:90] - DEBUG - [2603.769403] moveTile loop start (+0.4 ms)
2026-06-26 03:53:08,791 - picamera2.picamera2 - [picamera2.py:1391] - DEBUG - Execute job: <picamera2.job.Job object at 0x7f6090eed0>
2026-06-26 03:53:08,798 - mazeUtils.device.camera - [camera.py:39] - DEBUG - Average HSV: H=35.5, S=22.2, V=223.7
2026-06-26 03:53:08,804 - mazeUtils.moveTile - [moveTile.py:90] - DEBUG - [2603.792731] moveTile calculated motor speeds left=50 right=100 gyroSteer=-70.95999999999992 wallSteer=0.0 (+23.3 ms)
2026-06-26 03:53:08,825 - mazeUtils.moveTile - [moveTile.py:90] - DEBUG - [2603.812787] moveTile applied motor speed left=50 right=100 (+20.1 ms)
2026-06-26 03:53:08,825 - mazeUtils.moveTile - [moveTile.py:90] - DEBUG - [2603.813615] moveTile ramp check isBigRamp=False (+0.8 ms)
2026-06-26 03:53:08,829 - mazeUtils.moveTile - [moveTile.py:90] - DEBUG - [2603.817329] moveTile tile color check tempTileColor=E (+3.7 ms)
2026-06-26 03:53:08,830 - mazeUtils.moveTile - [moveTile.py:90] - DEBUG - [2603.818151] moveTile obstacle check escapeFlag=False (+0.8 ms)
2026-06-26 03:53:08,837 - mazeUtils.moveTile - [moveTile.py:79] - DEBUG - roll: 1.0500000000000114 deg, practicalMoveTime: 0.238930728414942 sec
2026-06-26 03:53:08,838 - mazeUtils.moveTile - [moveTile.py:1907] - DEBUG - moveTile loop time: 56.6 ms
2026-06-26 03:53:08,839 - mazeUtils.moveTile - [moveTile.py:90] - DEBUG - [2603.826981] moveTile loop end practicalMoveTime=0.239 (+8.8 ms)
2026-06-26 03:53:08,840 - mazeUtils.moveTile - [moveTile.py:90] - DEBUG - [2603.827816] moveTile loop start (+0.8 ms)
2026-06-26 03:53:08,845 - picamera2.picamera2 - [picamera2.py:1391] - DEBUG - Execute job: <picamera2.job.Job object at 0x7f82062e90>
2026-06-26 03:53:08,853 - mazeUtils.device.camera - [camera.py:39] - DEBUG - Average HSV: H=143.0, S=17.6, V=226.2
2026-06-26 03:53:08,859 - mazeUtils.moveTile - [moveTile.py:90] - DEBUG - [2603.847000] moveTile calculated motor speeds left=56 right=100 gyroSteer=-62.27999999999997 wallSteer=0.0 (+19.2 ms)
2026-06-26 03:53:08,883 - mazeUtils.moveTile - [moveTile.py:90] - DEBUG - [2603.870978] moveTile applied motor speed left=56 right=100 (+24.0 ms)
2026-06-26 03:53:08,884 - mazeUtils.moveTile - [moveTile.py:90] - DEBUG - [2603.872188] moveTile ramp check isBigRamp=False (+1.2 ms)
2026-06-26 03:53:08,889 - mazeUtils.moveTile - [moveTile.py:90] - DEBUG - [2603.876931] moveTile tile color check tempTileColor=E (+4.7 ms)
2026-06-26 03:53:08,890 - mazeUtils.moveTile - [moveTile.py:90] - DEBUG - [2603.877967] moveTile obstacle check escapeFlag=False (+1.0 ms)
2026-06-26 03:53:08,897 - mazeUtils.moveTile - [moveTile.py:79] - DEBUG - roll: 0.7400000000000091 deg, practicalMoveTime: 0.2976333312514066 sec
2026-06-26 03:53:08,897 - mazeUtils.moveTile - [moveTile.py:1907] - DEBUG - moveTile loop time: 57.8 ms
2026-06-26 03:53:08,898 - mazeUtils.moveTile - [moveTile.py:90] - DEBUG - [2603.886355] moveTile loop end practicalMoveTime=0.298 (+8.4 ms)
2026-06-26 03:53:08,899 - mazeUtils.moveTile - [moveTile.py:90] - DEBUG - [2603.886976] moveTile loop start (+0.6 ms)
2026-06-26 03:53:08,905 - picamera2.picamera2 - [picamera2.py:1391] - DEBUG - Execute job: <picamera2.job.Job object at 0x7f9a022310>
2026-06-26 03:53:08,914 - mazeUtils.device.camera - [camera.py:39] - DEBUG - Average HSV: H=136.5, S=21.9, V=228.1
2026-06-26 03:53:08,919 - mazeUtils.moveTile - [moveTile.py:90] - DEBUG - [2603.907109] moveTile calculated motor speeds left=51 right=100 gyroSteer=-69.03999999999996 wallSteer=0.0 (+20.1 ms)
2026-06-26 03:53:08,944 - mazeUtils.moveTile - [moveTile.py:90] - DEBUG - [2603.932076] moveTile applied motor speed left=51 right=100 (+25.0 ms)
2026-06-26 03:53:08,945 - mazeUtils.moveTile - [moveTile.py:90] - DEBUG - [2603.933164] moveTile ramp check isBigRamp=False (+1.1 ms)
2026-06-26 03:53:08,951 - mazeUtils.moveTile - [moveTile.py:90] - DEBUG - [2603.939145] moveTile tile color check tempTileColor=E (+6.0 ms)
2026-06-26 03:53:08,952 - mazeUtils.moveTile - [moveTile.py:215] - WARNING - Escape from obstacle on Side.RIGHT side
2026-06-26 03:53:09,637 - mazeUtils.moveTile - [moveTile.py:1735] - DEBUG - Obstacle escape adjustment: 0.07392859395715286
2026-06-26 03:53:09,738 - mazeUtils.moveTile - [moveTile.py:90] - DEBUG - [2604.726566] moveTile obstacle check escapeFlag=True (+787.4 ms)
2026-06-26 03:53:09,745 - mazeUtils.moveTile - [moveTile.py:79] - DEBUG - roll: 1.7299999999999613 deg, practicalMoveTime: 0.24209370639325148 sec
2026-06-26 03:53:09,746 - mazeUtils.moveTile - [moveTile.py:1907] - DEBUG - moveTile loop time: 847.6 ms
2026-06-26 03:53:09,747 - mazeUtils.moveTile - [moveTile.py:90] - DEBUG - [2604.735224] moveTile loop end practicalMoveTime=0.242 (+8.7 ms)
2026-06-26 03:53:09,748 - mazeUtils.moveTile - [moveTile.py:90] - DEBUG - [2604.735942] moveTile loop start (+0.7 ms)
2026-06-26 03:53:09,754 - picamera2.picamera2 - [picamera2.py:1391] - DEBUG - Execute job: <picamera2.job.Job object at 0x7f99bbefd0>
2026-06-26 03:53:09,762 - mazeUtils.device.camera - [camera.py:39] - DEBUG - Average HSV: H=153.3, S=10.4, V=242.4
2026-06-26 03:53:09,769 - mazeUtils.moveTile - [moveTile.py:90] - DEBUG - [2604.756915] moveTile calculated motor speeds left=100 right=96 gyroSteer=5.440000000000055 wallSteer=0.0 (+21.0 ms)
2026-06-26 03:53:09,788 - mazeUtils.moveTile - [moveTile.py:90] - DEBUG - [2604.776645] moveTile applied motor speed left=100 right=96 (+19.7 ms)
2026-06-26 03:53:09,789 - mazeUtils.moveTile - [moveTile.py:90] - DEBUG - [2604.777427] moveTile ramp check isBigRamp=False (+0.8 ms)
2026-06-26 03:53:09,794 - mazeUtils.moveTile - [moveTile.py:90] - DEBUG - [2604.782444] moveTile tile color check tempTileColor=E (+5.0 ms)
2026-06-26 03:53:09,795 - mazeUtils.moveTile - [moveTile.py:90] - DEBUG - [2604.783291] moveTile obstacle check escapeFlag=False (+0.8 ms)
2026-06-26 03:53:09,806 - mazeUtils.moveTile - [moveTile.py:79] - DEBUG - roll: 0.46999999999997044 deg, practicalMoveTime: 0.3017495111510076 sec
2026-06-26 03:53:09,807 - mazeUtils.moveTile - [moveTile.py:1907] - DEBUG - moveTile loop time: 59.4 ms
2026-06-26 03:53:09,808 - mazeUtils.moveTile - [moveTile.py:90] - DEBUG - [2604.796451] moveTile loop end practicalMoveTime=0.302 (+13.2 ms)
2026-06-26 03:53:09,809 - mazeUtils.moveTile - [moveTile.py:90] - DEBUG - [2604.797035] moveTile loop start (+0.6 ms)
2026-06-26 03:53:09,820 - picamera2.picamera2 - [picamera2.py:1391] - DEBUG - Execute job: <picamera2.job.Job object at 0x7f820631d0>
2026-06-26 03:53:09,826 - mazeUtils.device.camera - [camera.py:39] - DEBUG - Average HSV: H=147.0, S=12.2, V=236.8
2026-06-26 03:53:09,834 - mazeUtils.moveTile - [moveTile.py:90] - DEBUG - [2604.822014] moveTile calculated motor speeds left=100 right=96 gyroSteer=5.319999999999936 wallSteer=0.0 (+25.0 ms)
2026-06-26 03:53:09,857 - mazeUtils.moveTile - [moveTile.py:90] - DEBUG - [2604.844829] moveTile applied motor speed left=100 right=96 (+22.8 ms)
2026-06-26 03:53:09,857 - mazeUtils.moveTile - [moveTile.py:90] - DEBUG - [2604.845585] moveTile ramp check isBigRamp=False (+0.8 ms)
2026-06-26 03:53:09,861 - mazeUtils.moveTile - [moveTile.py:90] - DEBUG - [2604.849125] moveTile tile color check tempTileColor=E (+3.5 ms)
2026-06-26 03:53:09,862 - mazeUtils.moveTile - [moveTile.py:90] - DEBUG - [2604.850535] moveTile obstacle check escapeFlag=False (+1.4 ms)
2026-06-26 03:53:09,871 - mazeUtils.moveTile - [moveTile.py:79] - DEBUG - roll: 0.18000000000000682 deg, practicalMoveTime: 0.36503779848660706 sec
2026-06-26 03:53:09,872 - mazeUtils.moveTile - [moveTile.py:1907] - DEBUG - moveTile loop time: 62.9 ms
2026-06-26 03:53:09,872 - mazeUtils.moveTile - [moveTile.py:90] - DEBUG - [2604.860745] moveTile loop end practicalMoveTime=0.365 (+10.2 ms)
2026-06-26 03:53:09,873 - mazeUtils.moveTile - [moveTile.py:90] - DEBUG - [2604.861362] moveTile loop start (+0.6 ms)
2026-06-26 03:53:09,885 - picamera2.picamera2 - [picamera2.py:1391] - DEBUG - Execute job: <picamera2.job.Job object at 0x7f99bbefd0>
2026-06-26 03:53:09,891 - mazeUtils.device.camera - [camera.py:39] - DEBUG - Average HSV: H=149.5, S=10.6, V=244.8
2026-06-26 03:53:09,899 - mazeUtils.moveTile - [moveTile.py:90] - DEBUG - [2604.887449] moveTile calculated motor speeds left=100 right=95 gyroSteer=5.120000000000118 wallSteer=2.0 (+26.1 ms)
2026-06-26 03:53:09,926 - mazeUtils.moveTile - [moveTile.py:90] - DEBUG - [2604.913870] moveTile applied motor speed left=100 right=95 (+26.4 ms)
2026-06-26 03:53:09,926 - mazeUtils.moveTile - [moveTile.py:90] - DEBUG - [2604.914594] moveTile ramp check isBigRamp=False (+0.7 ms)
2026-06-26 03:53:09,930 - mazeUtils.moveTile - [moveTile.py:90] - DEBUG - [2604.918698] moveTile tile color check tempTileColor=E (+4.1 ms)
2026-06-26 03:53:09,932 - mazeUtils.moveTile - [moveTile.py:90] - DEBUG - [2604.920242] moveTile obstacle check escapeFlag=False (+1.5 ms)
2026-06-26 03:53:09,939 - mazeUtils.moveTile - [moveTile.py:79] - DEBUG - roll: 357.3 deg, practicalMoveTime: 0.43171543944130153 sec
2026-06-26 03:53:09,939 - mazeUtils.moveTile - [moveTile.py:1907] - DEBUG - moveTile loop time: 66.2 ms
2026-06-26 03:53:09,940 - mazeUtils.moveTile - [moveTile.py:90] - DEBUG - [2604.928122] moveTile loop end practicalMoveTime=0.432 (+7.9 ms)
2026-06-26 03:53:09,941 - mazeUtils.moveTile - [moveTile.py:90] - DEBUG - [2604.928785] moveTile loop start (+0.7 ms)
2026-06-26 03:53:09,946 - picamera2.picamera2 - [picamera2.py:1391] - DEBUG - Execute job: <picamera2.job.Job object at 0x7f6090eed0>
2026-06-26 03:53:09,953 - mazeUtils.device.camera - [camera.py:39] - DEBUG - Average HSV: H=142.2, S=12.4, V=247.8
2026-06-26 03:53:09,960 - mazeUtils.moveTile - [moveTile.py:90] - DEBUG - [2604.948786] moveTile calculated motor speeds left=100 right=99 gyroSteer=4.720000000000027 wallSteer=-3.6000000000000014 (+20.0 ms)
2026-06-26 03:53:09,980 - mazeUtils.moveTile - [moveTile.py:90] - DEBUG - [2604.967949] moveTile applied motor speed left=100 right=99 (+19.2 ms)
2026-06-26 03:53:09,981 - mazeUtils.moveTile - [moveTile.py:90] - DEBUG - [2604.968998] moveTile ramp check isBigRamp=False (+1.0 ms)
2026-06-26 03:53:09,986 - mazeUtils.moveTile - [moveTile.py:90] - DEBUG - [2604.974011] moveTile tile color check tempTileColor=E (+5.0 ms)
2026-06-26 03:53:09,988 - mazeUtils.moveTile - [moveTile.py:215] - WARNING - Escape from obstacle on Side.LEFT side
2026-06-26 03:53:10,667 - mazeUtils.moveTile - [moveTile.py:1735] - DEBUG - Obstacle escape adjustment: 0.07270670051958526
2026-06-26 03:53:10,768 - mazeUtils.moveTile - [moveTile.py:90] - DEBUG - [2605.756140] moveTile obstacle check escapeFlag=True (+782.1 ms)
2026-06-26 03:53:10,776 - mazeUtils.moveTile - [moveTile.py:79] - DEBUG - roll: 358.37 deg, practicalMoveTime: 0.3694187366092623 sec
2026-06-26 03:53:10,778 - mazeUtils.moveTile - [moveTile.py:1907] - DEBUG - moveTile loop time: 837.4 ms
2026-06-26 03:53:10,779 - mazeUtils.moveTile - [moveTile.py:90] - DEBUG - [2605.766920] moveTile loop end practicalMoveTime=0.369 (+10.8 ms)
2026-06-26 03:53:10,779 - mazeUtils.moveTile - [moveTile.py:90] - DEBUG - [2605.767545] moveTile loop start (+0.6 ms)
2026-06-26 03:53:10,788 - picamera2.picamera2 - [picamera2.py:1391] - DEBUG - Execute job: <picamera2.job.Job object at 0x7f9a022310>
2026-06-26 03:53:10,794 - mazeUtils.device.camera - [camera.py:39] - DEBUG - Average HSV: H=162.2, S=13.0, V=236.7
2026-06-26 03:53:10,799 - mazeUtils.moveTile - [moveTile.py:90] - DEBUG - [2605.787583] moveTile calculated motor speeds left=49 right=100 gyroSteer=-72.15999999999997 wallSteer=0.0 (+20.0 ms)
2026-06-26 03:53:10,823 - mazeUtils.moveTile - [moveTile.py:90] - DEBUG - [2605.811187] moveTile applied motor speed left=49 right=100 (+23.6 ms)
2026-06-26 03:53:10,824 - mazeUtils.moveTile - [moveTile.py:90] - DEBUG - [2605.811947] moveTile ramp check isBigRamp=False (+0.8 ms)
2026-06-26 03:53:10,827 - mazeUtils.moveTile - [moveTile.py:90] - DEBUG - [2605.815561] moveTile tile color check tempTileColor=E (+3.6 ms)
2026-06-26 03:53:10,829 - mazeUtils.moveTile - [moveTile.py:90] - DEBUG - [2605.816856] moveTile obstacle check escapeFlag=False (+1.3 ms)
2026-06-26 03:53:10,835 - mazeUtils.moveTile - [moveTile.py:79] - DEBUG - roll: 356.32 deg, practicalMoveTime: 0.425875356367631 sec
2026-06-26 03:53:10,835 - mazeUtils.moveTile - [moveTile.py:1907] - DEBUG - moveTile loop time: 56.1 ms
2026-06-26 03:53:10,836 - mazeUtils.moveTile - [moveTile.py:90] - DEBUG - [2605.824427] moveTile loop end practicalMoveTime=0.426 (+7.6 ms)
2026-06-26 03:53:10,837 - mazeUtils.moveTile - [moveTile.py:90] - DEBUG - [2605.824914] moveTile loop start (+0.5 ms)
2026-06-26 03:53:10,843 - picamera2.picamera2 - [picamera2.py:1391] - DEBUG - Execute job: <picamera2.job.Job object at 0x7f99bbefd0>
2026-06-26 03:53:10,852 - mazeUtils.device.camera - [camera.py:39] - DEBUG - Average HSV: H=151.2, S=11.9, V=235.6
2026-06-26 03:53:10,858 - mazeUtils.moveTile - [moveTile.py:90] - DEBUG - [2605.845842] moveTile calculated motor speeds left=40 right=100 gyroSteer=-84.51999999999998 wallSteer=0.0 (+20.9 ms)
2026-06-26 03:53:10,876 - mazeUtils.moveTile - [moveTile.py:90] - DEBUG - [2605.864729] moveTile applied motor speed left=40 right=100 (+18.9 ms)
2026-06-26 03:53:10,877 - mazeUtils.moveTile - [moveTile.py:90] - DEBUG - [2605.865448] moveTile ramp check isBigRamp=False (+0.7 ms)
2026-06-26 03:53:10,882 - mazeUtils.moveTile - [moveTile.py:90] - DEBUG - [2605.870034] moveTile tile color check tempTileColor=E (+4.6 ms)
2026-06-26 03:53:10,883 - mazeUtils.moveTile - [moveTile.py:90] - DEBUG - [2605.870858] moveTile obstacle check escapeFlag=False (+0.8 ms)
2026-06-26 03:53:10,890 - mazeUtils.moveTile - [moveTile.py:79] - DEBUG - roll: 356.36 deg, practicalMoveTime: 0.48009254963141934 sec
2026-06-26 03:53:10,891 - mazeUtils.moveTile - [moveTile.py:1907] - DEBUG - moveTile loop time: 53.9 ms
2026-06-26 03:53:10,891 - mazeUtils.moveTile - [moveTile.py:90] - DEBUG - [2605.879337] moveTile loop end practicalMoveTime=0.480 (+8.5 ms)
2026-06-26 03:53:10,892 - mazeUtils.moveTile - [moveTile.py:90] - DEBUG - [2605.879831] moveTile loop start (+0.5 ms)
2026-06-26 03:53:10,898 - picamera2.picamera2 - [picamera2.py:1391] - DEBUG - Execute job: <picamera2.job.Job object at 0x7f9a022310>
2026-06-26 03:53:10,905 - mazeUtils.device.camera - [camera.py:39] - DEBUG - Average HSV: H=154.1, S=11.8, V=235.5
2026-06-26 03:53:10,911 - mazeUtils.moveTile - [moveTile.py:90] - DEBUG - [2605.899138] moveTile calculated motor speeds left=45 right=100 gyroSteer=-78.39999999999998 wallSteer=0.0 (+19.3 ms)
2026-06-26 03:53:10,931 - mazeUtils.moveTile - [moveTile.py:90] - DEBUG - [2605.919315] moveTile applied motor speed left=45 right=100 (+20.2 ms)
2026-06-26 03:53:10,932 - mazeUtils.moveTile - [moveTile.py:90] - DEBUG - [2605.920432] moveTile ramp check isBigRamp=False (+1.1 ms)
2026-06-26 03:53:10,936 - mazeUtils.moveTile - [moveTile.py:90] - DEBUG - [2605.924380] moveTile tile color check tempTileColor=E (+3.9 ms)
2026-06-26 03:53:10,937 - mazeUtils.moveTile - [moveTile.py:90] - DEBUG - [2605.925032] moveTile obstacle check escapeFlag=False (+0.7 ms)
2026-06-26 03:53:10,942 - mazeUtils.moveTile - [moveTile.py:79] - DEBUG - roll: 355.08 deg, practicalMoveTime: 0.5312058766235889 sec
2026-06-26 03:53:10,943 - mazeUtils.moveTile - [moveTile.py:1907] - DEBUG - moveTile loop time: 51.3 ms
2026-06-26 03:53:10,944 - mazeUtils.moveTile - [moveTile.py:90] - DEBUG - [2605.932054] moveTile loop end practicalMoveTime=0.531 (+7.0 ms)
2026-06-26 03:53:10,945 - mazeUtils.moveTile - [moveTile.py:90] - DEBUG - [2605.933110] moveTile loop start (+1.1 ms)
2026-06-26 03:53:10,952 - picamera2.picamera2 - [picamera2.py:1391] - DEBUG - Execute job: <picamera2.job.Job object at 0x7f6090eed0>
2026-06-26 03:53:10,959 - mazeUtils.device.camera - [camera.py:39] - DEBUG - Average HSV: H=150.1, S=11.8, V=236.0
2026-06-26 03:53:10,965 - mazeUtils.moveTile - [moveTile.py:90] - DEBUG - [2605.952854] moveTile calculated motor speeds left=54 right=100 gyroSteer=-64.88 wallSteer=0.0 (+19.7 ms)
2026-06-26 03:53:10,989 - mazeUtils.moveTile - [moveTile.py:90] - DEBUG - [2605.976858] moveTile applied motor speed left=54 right=100 (+24.0 ms)
2026-06-26 03:53:10,989 - mazeUtils.moveTile - [moveTile.py:90] - DEBUG - [2605.977587] moveTile ramp check isBigRamp=False (+0.7 ms)
2026-06-26 03:53:10,993 - mazeUtils.moveTile - [moveTile.py:90] - DEBUG - [2605.981115] moveTile tile color check tempTileColor=E (+3.5 ms)
2026-06-26 03:53:10,993 - mazeUtils.moveTile - [moveTile.py:90] - DEBUG - [2605.981795] moveTile obstacle check escapeFlag=False (+0.7 ms)
2026-06-26 03:53:10,999 - mazeUtils.moveTile - [moveTile.py:79] - DEBUG - roll: 356.74 deg, practicalMoveTime: 0.5873539847099617 sec
2026-06-26 03:53:11,000 - mazeUtils.moveTile - [moveTile.py:1907] - DEBUG - moveTile loop time: 55.3 ms
2026-06-26 03:53:11,001 - mazeUtils.moveTile - [moveTile.py:90] - DEBUG - [2605.989015] moveTile loop end practicalMoveTime=0.587 (+7.2 ms)
2026-06-26 03:53:11,001 - mazeUtils.moveTile - [moveTile.py:90] - DEBUG - [2605.989423] moveTile loop start (+0.4 ms)
2026-06-26 03:53:11,008 - picamera2.picamera2 - [picamera2.py:1391] - DEBUG - Execute job: <picamera2.job.Job object at 0x7f99bbefd0>
2026-06-26 03:53:11,015 - mazeUtils.device.camera - [camera.py:39] - DEBUG - Average HSV: H=147.5, S=11.7, V=238.9
2026-06-26 03:53:11,024 - mazeUtils.moveTile - [moveTile.py:90] - DEBUG - [2606.012433] moveTile calculated motor speeds left=59 right=100 gyroSteer=-57.719999999999914 wallSteer=0.0 (+23.0 ms)
2026-06-26 03:53:11,048 - mazeUtils.moveTile - [moveTile.py:90] - DEBUG - [2606.036367] moveTile applied motor speed left=59 right=100 (+23.9 ms)
2026-06-26 03:53:11,049 - mazeUtils.moveTile - [moveTile.py:90] - DEBUG - [2606.037365] moveTile ramp check isBigRamp=False (+1.0 ms)
2026-06-26 03:53:11,053 - mazeUtils.moveTile - [moveTile.py:90] - DEBUG - [2606.041752] moveTile tile color check tempTileColor=E (+4.4 ms)
2026-06-26 03:53:11,054 - mazeUtils.moveTile - [moveTile.py:90] - DEBUG - [2606.042520] moveTile obstacle check escapeFlag=False (+0.8 ms)
2026-06-26 03:53:11,061 - mazeUtils.moveTile - [moveTile.py:79] - DEBUG - roll: 356.96 deg, practicalMoveTime: 0.6482441698819595 sec
2026-06-26 03:53:11,062 - mazeUtils.moveTile - [moveTile.py:1907] - DEBUG - moveTile loop time: 61.1 ms
2026-06-26 03:53:11,063 - mazeUtils.moveTile - [moveTile.py:90] - DEBUG - [2606.051032] moveTile loop end practicalMoveTime=0.648 (+8.5 ms)
2026-06-26 03:53:11,064 - mazeUtils.moveTile - [moveTile.py:90] - DEBUG - [2606.051934] moveTile loop start (+0.9 ms)
2026-06-26 03:53:11,070 - picamera2.picamera2 - [picamera2.py:1391] - DEBUG - Execute job: <picamera2.job.Job object at 0x7f90809890>
2026-06-26 03:53:11,076 - mazeUtils.device.camera - [camera.py:39] - DEBUG - Average HSV: H=144.5, S=12.2, V=240.7
2026-06-26 03:53:11,082 - mazeUtils.moveTile - [moveTile.py:90] - DEBUG - [2606.070461] moveTile calculated motor speeds left=62 right=100 gyroSteer=-53.27999999999997 wallSteer=0.0 (+18.5 ms)
2026-06-26 03:53:11,103 - mazeUtils.moveTile - [moveTile.py:90] - DEBUG - [2606.091621] moveTile applied motor speed left=62 right=100 (+21.2 ms)
2026-06-26 03:53:11,105 - mazeUtils.moveTile - [moveTile.py:90] - DEBUG - [2606.092857] moveTile ramp check isBigRamp=False (+1.2 ms)
2026-06-26 03:53:11,109 - mazeUtils.moveTile - [moveTile.py:90] - DEBUG - [2606.097701] moveTile tile color check tempTileColor=E (+4.8 ms)
2026-06-26 03:53:11,111 - mazeUtils.moveTile - [moveTile.py:90] - DEBUG - [2606.098904] moveTile obstacle check escapeFlag=False (+1.2 ms)
2026-06-26 03:53:11,118 - mazeUtils.moveTile - [moveTile.py:79] - DEBUG - roll: 357.58 deg, practicalMoveTime: 0.7039077310833253 sec
2026-06-26 03:53:11,119 - mazeUtils.moveTile - [moveTile.py:1907] - DEBUG - moveTile loop time: 55.2 ms
2026-06-26 03:53:11,119 - mazeUtils.moveTile - [moveTile.py:90] - DEBUG - [2606.107659] moveTile loop end practicalMoveTime=0.704 (+8.8 ms)
2026-06-26 03:53:11,120 - mazeUtils.moveTile - [moveTile.py:90] - DEBUG - [2606.108294] moveTile loop start (+0.6 ms)
2026-06-26 03:53:11,126 - picamera2.picamera2 - [picamera2.py:1391] - DEBUG - Execute job: <picamera2.job.Job object at 0x7f9a022310>
2026-06-26 03:53:11,132 - mazeUtils.device.camera - [camera.py:39] - DEBUG - Average HSV: H=143.5, S=12.6, V=241.8
2026-06-26 03:53:11,140 - mazeUtils.moveTile - [moveTile.py:90] - DEBUG - [2606.128093] moveTile calculated motor speeds left=63 right=100 gyroSteer=-52.51999999999998 wallSteer=0.0 (+19.8 ms)
2026-06-26 03:53:11,160 - mazeUtils.moveTile - [moveTile.py:90] - DEBUG - [2606.148461] moveTile applied motor speed left=63 right=100 (+20.4 ms)
2026-06-26 03:53:11,161 - mazeUtils.moveTile - [moveTile.py:90] - DEBUG - [2606.149420] moveTile ramp check isBigRamp=False (+1.0 ms)
2026-06-26 03:53:11,166 - mazeUtils.moveTile - [moveTile.py:90] - DEBUG - [2606.154670] moveTile tile color check tempTileColor=E (+5.3 ms)
2026-06-26 03:53:11,167 - mazeUtils.moveTile - [moveTile.py:90] - DEBUG - [2606.155355] moveTile obstacle check escapeFlag=False (+0.7 ms)
2026-06-26 03:53:11,172 - mazeUtils.moveTile - [moveTile.py:79] - DEBUG - roll: 357.97999999999996 deg, practicalMoveTime: 0.7569990810632461 sec
2026-06-26 03:53:11,173 - mazeUtils.moveTile - [moveTile.py:1907] - DEBUG - moveTile loop time: 53.0 ms
2026-06-26 03:53:11,175 - mazeUtils.moveTile - [moveTile.py:90] - DEBUG - [2606.163415] moveTile loop end practicalMoveTime=0.757 (+8.1 ms)
2026-06-26 03:53:11,176 - mazeUtils.moveTile - [moveTile.py:90] - DEBUG - [2606.164082] moveTile loop start (+0.7 ms)
2026-06-26 03:53:11,183 - picamera2.picamera2 - [picamera2.py:1391] - DEBUG - Execute job: <picamera2.job.Job object at 0x7f90809890>
2026-06-26 03:53:11,190 - mazeUtils.device.camera - [camera.py:39] - DEBUG - Average HSV: H=142.3, S=12.9, V=242.7
2026-06-26 03:53:11,195 - mazeUtils.moveTile - [moveTile.py:90] - DEBUG - [2606.183265] moveTile calculated motor speeds left=68 right=100 gyroSteer=-45.319999999999936 wallSteer=0.0 (+19.2 ms)
2026-06-26 03:53:11,220 - mazeUtils.moveTile - [moveTile.py:90] - DEBUG - [2606.208650] moveTile applied motor speed left=68 right=100 (+25.4 ms)
2026-06-26 03:53:11,221 - mazeUtils.moveTile - [moveTile.py:90] - DEBUG - [2606.209537] moveTile ramp check isBigRamp=False (+0.9 ms)
2026-06-26 03:53:11,226 - mazeUtils.moveTile - [moveTile.py:90] - DEBUG - [2606.214020] moveTile tile color check tempTileColor=E (+4.5 ms)
2026-06-26 03:53:11,226 - mazeUtils.moveTile - [moveTile.py:90] - DEBUG - [2606.214751] moveTile obstacle check escapeFlag=False (+0.7 ms)
2026-06-26 03:53:11,234 - mazeUtils.moveTile - [moveTile.py:79] - DEBUG - roll: 358.28 deg, practicalMoveTime: 0.8176509523391029 sec
2026-06-26 03:53:11,236 - mazeUtils.moveTile - [moveTile.py:1907] - DEBUG - moveTile loop time: 59.7 ms
2026-06-26 03:53:11,236 - mazeUtils.moveTile - [moveTile.py:90] - DEBUG - [2606.224783] moveTile loop end practicalMoveTime=0.818 (+10.0 ms)
2026-06-26 03:53:11,237 - mazeUtils.moveTile - [moveTile.py:90] - DEBUG - [2606.225663] moveTile loop start (+0.9 ms)
2026-06-26 03:53:11,252 - picamera2.picamera2 - [picamera2.py:1391] - DEBUG - Execute job: <picamera2.job.Job object at 0x7f6090eed0>
2026-06-26 03:53:11,257 - mazeUtils.device.camera - [camera.py:39] - DEBUG - Average HSV: H=135.7, S=23.3, V=235.1
2026-06-26 03:53:11,263 - mazeUtils.moveTile - [moveTile.py:90] - DEBUG - [2606.251214] moveTile calculated motor speeds left=78 right=100 gyroSteer=-30.480000000000018 wallSteer=0.0 (+25.6 ms)
2026-06-26 03:53:11,289 - mazeUtils.moveTile - [moveTile.py:90] - DEBUG - [2606.277455] moveTile applied motor speed left=78 right=100 (+26.2 ms)
2026-06-26 03:53:11,291 - mazeUtils.moveTile - [moveTile.py:90] - DEBUG - [2606.279432] moveTile ramp check isBigRamp=False (+2.0 ms)
2026-06-26 03:53:11,295 - mazeUtils.moveTile - [moveTile.py:90] - DEBUG - [2606.283402] moveTile tile color check tempTileColor=E (+4.0 ms)
2026-06-26 03:53:11,296 - mazeUtils.moveTile - [moveTile.py:90] - DEBUG - [2606.284245] moveTile obstacle check escapeFlag=False (+0.8 ms)
2026-06-26 03:53:11,302 - mazeUtils.moveTile - [moveTile.py:79] - DEBUG - roll: 358.72999999999996 deg, practicalMoveTime: 0.8837448654820059 sec
2026-06-26 03:53:11,303 - mazeUtils.moveTile - [moveTile.py:1907] - DEBUG - moveTile loop time: 65.1 ms
2026-06-26 03:53:11,303 - mazeUtils.moveTile - [moveTile.py:90] - DEBUG - [2606.291307] moveTile loop end practicalMoveTime=0.884 (+7.1 ms)
2026-06-26 03:53:11,303 - mazeUtils.moveTile - [moveTile.py:90] - DEBUG - [2606.291708] moveTile loop start (+0.4 ms)
2026-06-26 03:53:11,311 - picamera2.picamera2 - [picamera2.py:1391] - DEBUG - Execute job: <picamera2.job.Job object at 0x7f90809890>
2026-06-26 03:53:11,317 - mazeUtils.device.camera - [camera.py:39] - DEBUG - Average HSV: H=126.0, S=40.4, V=220.0
2026-06-26 03:53:11,323 - mazeUtils.moveTile - [moveTile.py:90] - DEBUG - [2606.311668] moveTile calculated motor speeds left=79 right=100 gyroSteer=-28.639999999999873 wallSteer=0.0 (+20.0 ms)
2026-06-26 03:53:11,351 - mazeUtils.moveTile - [moveTile.py:90] - DEBUG - [2606.339444] moveTile applied motor speed left=79 right=100 (+27.8 ms)
2026-06-26 03:53:11,352 - mazeUtils.moveTile - [moveTile.py:90] - DEBUG - [2606.340212] moveTile ramp check isBigRamp=False (+0.8 ms)
2026-06-26 03:53:11,356 - mazeUtils.moveTile - [moveTile.py:90] - DEBUG - [2606.344678] moveTile tile color check tempTileColor=E (+4.5 ms)
2026-06-26 03:53:11,357 - mazeUtils.moveTile - [moveTile.py:90] - DEBUG - [2606.345272] moveTile obstacle check escapeFlag=False (+0.6 ms)
2026-06-26 03:53:11,364 - mazeUtils.moveTile - [moveTile.py:79] - DEBUG - roll: 358.15 deg, practicalMoveTime: 0.9446156410965377 sec
2026-06-26 03:53:11,364 - mazeUtils.moveTile - [moveTile.py:1907] - DEBUG - moveTile loop time: 60.9 ms
2026-06-26 03:53:11,365 - mazeUtils.moveTile - [moveTile.py:90] - DEBUG - [2606.353187] moveTile loop end practicalMoveTime=0.945 (+7.9 ms)
2026-06-26 03:53:11,365 - mazeUtils.moveTile - [moveTile.py:90] - DEBUG - [2606.353593] moveTile loop start (+0.4 ms)
2026-06-26 03:53:11,372 - picamera2.picamera2 - [picamera2.py:1391] - DEBUG - Execute job: <picamera2.job.Job object at 0x7f82063a10>
2026-06-26 03:53:11,379 - mazeUtils.device.camera - [camera.py:39] - DEBUG - Average HSV: H=120.8, S=43.2, V=231.2
2026-06-26 03:53:11,385 - mazeUtils.moveTile - [moveTile.py:90] - DEBUG - [2606.373125] moveTile calculated motor speeds left=85 right=100 gyroSteer=-20.920000000000073 wallSteer=0.0 (+19.5 ms)
2026-06-26 03:53:11,404 - mazeUtils.moveTile - [moveTile.py:90] - DEBUG - [2606.392343] moveTile applied motor speed left=85 right=100 (+19.2 ms)
2026-06-26 03:53:11,405 - mazeUtils.moveTile - [moveTile.py:90] - DEBUG - [2606.393066] moveTile ramp check isBigRamp=False (+0.7 ms)
2026-06-26 03:53:11,409 - mazeUtils.moveTile - [moveTile.py:90] - DEBUG - [2606.396941] moveTile tile color check tempTileColor=E (+3.9 ms)
2026-06-26 03:53:11,410 - mazeUtils.moveTile - [moveTile.py:90] - DEBUG - [2606.397869] moveTile obstacle check escapeFlag=False (+0.9 ms)
2026-06-26 03:53:11,415 - mazeUtils.moveTile - [moveTile.py:1755] - INFO - practicalVerticalMove: -1.1521135542443028 CM
2026-06-26 03:53:11,438 - mazeUtils.moveTile - [moveTile.py:90] - DEBUG - [2606.426389] moveTile finished by time control (+28.5 ms)
2026-06-26 03:53:11,439 - mazeUtils.moveTile - [moveTile.py:90] - DEBUG - [2606.427098] moveTile start final forward adjustment (+29.2 ms)
2026-06-26 03:53:11,469 - mazeUtils.moveTile - [moveTile.py:90] - DEBUG - [2606.457373] moveTile finished final forward adjustment (+30.3 ms)
2026-06-26 03:53:11,470 - mazeUtils.moveTile - [moveTile.py:2117] - INFO - Set moved vertical distance: -1.1521135542443028 cm, past distances: [(0, False), (0, False), (0, False)]
2026-06-26 03:53:11,471 - mazeUtils.moveTile - [moveTile.py:90] - DEBUG - [2606.459036] moveTile updated moved vertical distance -1.152 (+1.7 ms)
2026-06-26 03:53:11,619 - mazeUtils.moveTile - [moveTile.py:563] - DEBUG - Direction: absDirection.NORTH, Angle: 90, Distance: 86.68103904533378 cm
2026-06-26 03:53:11,620 - mazeUtils.moveTile - [moveTile.py:563] - DEBUG - Direction: absDirection.EAST, Angle: 0, Distance: 33.472140335810174 cm
2026-06-26 03:53:11,622 - mazeUtils.device.LiDAR - [LiDAR.py:305] - WARNING - Both left and right obstacles detected, returning LEFT_OBSTACLE as default.
2026-06-26 03:53:11,623 - mazeUtils.moveTile - [moveTile.py:570] - INFO - angle: 0, result: judgeWallResult.LEFT_OBSTACLE
2026-06-26 03:53:11,625 - mazeUtils.moveTile - [moveTile.py:563] - DEBUG - Direction: absDirection.SOUTH, Angle: 270, Distance: 44.46771066125707 cm
2026-06-26 03:53:11,627 - mazeUtils.moveTile - [moveTile.py:563] - DEBUG - Direction: absDirection.WEST, Angle: 180, Distance: 61.364156999142516 cm
2026-06-26 03:53:11,629 - mazeUtils.moveTile - [moveTile.py:90] - DEBUG - [2606.617250] moveTile updated map and detected walls (+158.2 ms)
2026-06-26 03:53:11,633 - mazeUtils.moveTile - [moveTile.py:2272] - INFO - Tile color detection, decided tile type: E
2026-06-26 03:53:11,634 - mazeUtils.moveTile - [moveTile.py:90] - DEBUG - [2606.622295] moveTile finished (+163.3 ms)
2026-06-26 03:53:11,727 - __main__ - [main.py:106] - INFO - Current position: (22, 19, 0), front direction: absDirection.EAST
Layer 0 (altitude=0.0cm, offset=(0.0cm, 0.0cm)):
Known map area: x=20..24, y=15..20
+---+---+   +   +   +
| E   E | U   U   U  
+   +   +   +   +   +
| E   E | U   U   U  
+   +---+---+---+   +
| E   E   E   E   R |
+   +---+---+   +---+
| E   E   E   B   U  
+   +   +---+   +   +
| E   E   @   U   U  
+   +   +   +   +   +
| S | E | U   U   U  
+---+---+   +   +   +
mazeAsGraph[0][15][20] = {absDirection.NORTH: None, absDirection.EAST: (21, 15, 0, 30), absDirection.SOUTH: (20, 16, 0, 30), absDirection.WEST: None}
mazeAsGraph[0][15][21] = {absDirection.NORTH: None, absDirection.EAST: None, absDirection.SOUTH: (21, 16, 0, 30), absDirection.WEST: (20, 15, 0, 30)}
mazeAsGraph[0][16][20] = {absDirection.NORTH: (20, 15, 0, 30), absDirection.EAST: (21, 16, 0, 30), absDirection.SOUTH: (20, 17, 0, 30), absDirection.WEST: None}
mazeAsGraph[0][16][21] = {absDirection.NORTH: (21, 15, 0, 30), absDirection.EAST: None, absDirection.SOUTH: None, absDirection.WEST: (20, 16, 0, 30)}
mazeAsGraph[0][17][20] = {absDirection.NORTH: (20, 16, 0, 30), absDirection.EAST: (21, 17, 0, 30), absDirection.SOUTH: (20, 18, 0, 30), absDirection.WEST: None}
mazeAsGraph[0][17][21] = {absDirection.NORTH: None, absDirection.EAST: (22, 17, 0, 30), absDirection.SOUTH: (21, 18, 0, 30), absDirection.WEST: (20, 17, 0, 30)}
mazeAsGraph[0][17][22] = {absDirection.NORTH: None, absDirection.EAST: (23, 17, 0, 30), absDirection.SOUTH: None, absDirection.WEST: (21, 17, 0, 30)}
mazeAsGraph[0][17][23] = {absDirection.NORTH: None, absDirection.EAST: (24, 17, 0, 30), absDirection.SOUTH: None, absDirection.WEST: (22, 17, 0, 30)}
mazeAsGraph[0][17][24] = {absDirection.NORTH: (24, 16, 0, 30), absDirection.EAST: None, absDirection.SOUTH: None, absDirection.WEST: (23, 17, 0, 30)}
mazeAsGraph[0][18][20] = {absDirection.NORTH: (20, 17, 0, 30), absDirection.EAST: (21, 18, 0, 30), absDirection.SOUTH: (20, 19, 0, 30), absDirection.WEST: None}
mazeAsGraph[0][18][21] = {absDirection.NORTH: (21, 17, 0, 30), absDirection.EAST: (22, 18, 0, 30), absDirection.SOUTH: (21, 19, 0, 30), absDirection.WEST: (20, 18, 0, 30)}
mazeAsGraph[0][18][22] = {absDirection.NORTH: None, absDirection.EAST: None, absDirection.SOUTH: (22, 19, 0, 30), absDirection.WEST: (21, 18, 0, 30)}
mazeAsGraph[0][18][23] = {absDirection.NORTH: None, absDirection.EAST: None, absDirection.SOUTH: None, absDirection.WEST: None}
mazeAsGraph[0][19][20] = {absDirection.NORTH: (20, 18, 0, 30), absDirection.EAST: (21, 19, 0, 30), absDirection.SOUTH: (20, 20, 0, 30), absDirection.WEST: None}
mazeAsGraph[0][19][21] = {absDirection.NORTH: (21, 18, 0, 30), absDirection.EAST: (22, 19, 0, 30), absDirection.SOUTH: (21, 20, 0, 30), absDirection.WEST: (20, 19, 0, 30)}
mazeAsGraph[0][19][22] = {absDirection.NORTH: (22, 18, 0, 30), absDirection.EAST: (23, 19, 0, 30), absDirection.SOUTH: (22, 20, 0, 30), absDirection.WEST: (21, 19, 0, 30)}
mazeAsGraph[0][20][20] = {absDirection.NORTH: (20, 19, 0, 30), absDirection.EAST: None, absDirection.SOUTH: None, absDirection.WEST: None}
mazeAsGraph[0][20][21] = {absDirection.NORTH: (21, 19, 0, 30), absDirection.EAST: None, absDirection.SOUTH: None, absDirection.WEST: None}
2026-06-26 03:53:11,735 - mazeUtils.mazeMap - [mazeMap.py:61] - INFO - next goal: (23, 19, 0)
2026-06-26 03:53:11,739 - mazeUtils.mazeMap - [mazeMap.py:61] - INFO - next goal: (20, 20, 0)
2026-06-26 03:53:11,740 - mazeUtils.moveTile - [moveTile.py:88] - DEBUG - [2606.728682] moveTile start direction=absDirection.EAST position=(22, 19, 0) front=absDirection.EAST
2026-06-26 03:53:11,745 - mazeUtils.moveTile - [moveTile.py:90] - DEBUG - [2606.733622] moveTile after initial toggle check (+4.9 ms)
2026-06-26 03:53:11,748 - mazeUtils.moveTile - [moveTile.py:90] - DEBUG - [2606.736214] moveTile after tile checks isRedTile=False isUnknownTileAhead=True (+2.6 ms)
2026-06-26 03:53:11,749 - mazeUtils.moveTile - [moveTile.py:79] - DEBUG - Moving to absDirection.EAST from (22, 19, 0) facing absDirection.EAST
2026-06-26 03:53:11,750 - mazeUtils.moveTile - [moveTile.py:90] - DEBUG - [2606.738321] moveTile start heading change target=270 (+2.1 ms)
2026-06-26 03:53:11,782 - mazeUtils.moveTile - [moveTile.py:79] - DEBUG - current heading: 258.83000000000004 target: 270
2026-06-26 03:53:11,928 - mazeUtils.moveTile - [moveTile.py:435] - DEBUG - stopped turning at heading: 266.48, diff: 3.519999999999982
2026-06-26 03:53:11,989 - mazeUtils.moveTile - [moveTile.py:79] - DEBUG - Turned to heading: 269.51 deg
2026-06-26 03:53:11,990 - mazeUtils.moveTile - [moveTile.py:90] - DEBUG - [2606.978078] moveTile finished heading change (+239.8 ms)
2026-06-26 03:53:11,990 - mazeUtils.moveTile - [moveTile.py:90] - DEBUG - [2606.978558] moveTile updated front direction (+0.5 ms)
2026-06-26 03:53:12,011 - mazeUtils.moveTile - [moveTile.py:90] - DEBUG - [2606.999483] moveTile stopped motors before alignment (+20.9 ms)
2026-06-26 03:53:12,161 - mazeUtils.moveTile - [moveTile.py:563] - DEBUG - Direction: absDirection.NORTH, Angle: 90, Distance: 84.00852173211736 cm
2026-06-26 03:53:12,163 - mazeUtils.moveTile - [moveTile.py:563] - DEBUG - Direction: absDirection.EAST, Angle: 0, Distance: 32.865757892121074 cm
2026-06-26 03:53:12,165 - mazeUtils.device.LiDAR - [LiDAR.py:305] - WARNING - Both left and right obstacles detected, returning LEFT_OBSTACLE as default.
2026-06-26 03:53:12,167 - mazeUtils.moveTile - [moveTile.py:563] - DEBUG - Direction: absDirection.SOUTH, Angle: 270, Distance: 42.32201497513433 cm
2026-06-26 03:53:12,169 - mazeUtils.moveTile - [moveTile.py:563] - DEBUG - Direction: absDirection.WEST, Angle: 180, Distance: 53.2805687308467 cm
2026-06-26 03:53:12,189 - mazeUtils.moveTile - [moveTile.py:90] - DEBUG - [2607.176788] moveTile ready for forward move (+177.3 ms)
2026-06-26 03:53:12,191 - mazeUtils.device.LiDAR - [LiDAR.py:305] - WARNING - Both left and right obstacles detected, returning LEFT_OBSTACLE as default.
2026-06-26 03:53:12,197 - mazeUtils.moveTile - [moveTile.py:79] - DEBUG - Turning to 245 deg, current heading: 269.55 deg, turnAngle: 24.55000000000001 deg
2026-06-26 03:53:12,228 - mazeUtils.moveTile - [moveTile.py:79] - DEBUG - gyro:269.52000000000004 deg, derivative: -0.029999999999972715, turnSpeed: 49.04000000000008
2026-06-26 03:53:12,264 - mazeUtils.moveTile - [moveTile.py:79] - DEBUG - gyro:269.52000000000004 deg, derivative: 0.0, turnSpeed: 49.04000000000008
2026-06-26 03:53:12,290 - mazeUtils.moveTile - [moveTile.py:79] - DEBUG - gyro:269.88 deg, derivative: 0.3599999999999568, turnSpeed: 49.75999999999999
2026-06-26 03:53:12,315 - mazeUtils.moveTile - [moveTile.py:79] - DEBUG - gyro:269.51 deg, derivative: -0.37000000000000455, turnSpeed: 49.01999999999998
2026-06-26 03:53:12,350 - mazeUtils.moveTile - [moveTile.py:79] - DEBUG - gyro:268.15000000000003 deg, derivative: -1.3599999999999568, turnSpeed: 46.30000000000007
2026-06-26 03:53:12,378 - mazeUtils.moveTile - [moveTile.py:79] - DEBUG - gyro:265.03 deg, derivative: -3.1200000000000614, turnSpeed: 40.059999999999945
2026-06-26 03:53:12,405 - mazeUtils.moveTile - [moveTile.py:79] - DEBUG - gyro:262.35 deg, derivative: -2.67999999999995, turnSpeed: 34.700000000000045
2026-06-26 03:53:12,430 - mazeUtils.moveTile - [moveTile.py:79] - DEBUG - gyro:260.16 deg, derivative: -2.1899999999999977, turnSpeed: 30.32000000000005
2026-06-26 03:53:12,457 - mazeUtils.moveTile - [moveTile.py:79] - DEBUG - gyro:258.85 deg, derivative: -1.3100000000000023, turnSpeed: 27.700000000000045
2026-06-26 03:53:12,483 - mazeUtils.moveTile - [moveTile.py:79] - DEBUG - gyro:257.45000000000005 deg, derivative: -1.3999999999999773, turnSpeed: 24.90000000000009
2026-06-26 03:53:12,510 - mazeUtils.moveTile - [moveTile.py:79] - DEBUG - gyro:256.94 deg, derivative: -0.5100000000000477, turnSpeed: 23.879999999999995
2026-06-26 03:53:12,540 - mazeUtils.moveTile - [moveTile.py:79] - DEBUG - gyro:256.22 deg, derivative: -0.7199999999999704, turnSpeed: 22.440000000000055
2026-06-26 03:53:12,571 - mazeUtils.moveTile - [moveTile.py:79] - DEBUG - gyro:255.68 deg, derivative: -0.5400000000000205, turnSpeed: 21.360000000000014
2026-06-26 03:53:12,597 - mazeUtils.moveTile - [moveTile.py:79] - DEBUG - gyro:254.97 deg, derivative: -0.710000000000008, turnSpeed: 19.939999999999998
2026-06-26 03:53:12,624 - mazeUtils.moveTile - [moveTile.py:79] - DEBUG - gyro:254.51000000000002 deg, derivative: -0.45999999999997954, turnSpeed: 19.02000000000004
2026-06-26 03:53:12,653 - mazeUtils.moveTile - [moveTile.py:79] - DEBUG - gyro:253.89000000000001 deg, derivative: -0.6200000000000045, turnSpeed: 17.78000000000003
2026-06-26 03:53:12,679 - mazeUtils.moveTile - [moveTile.py:79] - DEBUG - gyro:253.14000000000001 deg, derivative: -0.75, turnSpeed: 16.28000000000003
2026-06-26 03:53:12,703 - mazeUtils.moveTile - [moveTile.py:79] - DEBUG - gyro:252.72 deg, derivative: -0.4200000000000159, turnSpeed: 15.439999999999998
2026-06-26 03:53:12,729 - mazeUtils.moveTile - [moveTile.py:79] - DEBUG - gyro:252.18 deg, derivative: -0.539999999999992, turnSpeed: 14.360000000000014
2026-06-26 03:53:12,755 - mazeUtils.moveTile - [moveTile.py:79] - DEBUG - gyro:251.9 deg, derivative: -0.28000000000000114, turnSpeed: 13.800000000000011
2026-06-26 03:53:12,780 - mazeUtils.moveTile - [moveTile.py:79] - DEBUG - gyro:251.83 deg, derivative: -0.06999999999999318, turnSpeed: 13.660000000000025
2026-06-26 03:53:12,805 - mazeUtils.moveTile - [moveTile.py:79] - DEBUG - gyro:251.31 deg, derivative: -0.5200000000000102, turnSpeed: 12.620000000000005
2026-06-26 03:53:12,835 - mazeUtils.moveTile - [moveTile.py:79] - DEBUG - gyro:251.16000000000003 deg, derivative: -0.14999999999997726, turnSpeed: 12.32000000000005
2026-06-26 03:53:12,860 - mazeUtils.moveTile - [moveTile.py:79] - DEBUG - gyro:250.79000000000002 deg, derivative: -0.37000000000000455, turnSpeed: 11.580000000000041
2026-06-26 03:53:12,883 - mazeUtils.moveTile - [moveTile.py:79] - DEBUG - gyro:250.41000000000003 deg, derivative: -0.37999999999999545, turnSpeed: 10.82000000000005
2026-06-26 03:53:12,909 - mazeUtils.moveTile - [moveTile.py:79] - DEBUG - gyro:250.12 deg, derivative: -0.29000000000002046, turnSpeed: 10.240000000000009
2026-06-26 03:53:12,937 - mazeUtils.moveTile - [moveTile.py:79] - DEBUG - gyro:249.83 deg, derivative: -0.28999999999999204, turnSpeed: 9.660000000000025
2026-06-26 03:53:12,962 - mazeUtils.moveTile - [moveTile.py:79] - DEBUG - gyro:249.47 deg, derivative: -0.36000000000001364, turnSpeed: 8.939999999999998
2026-06-26 03:53:12,987 - mazeUtils.moveTile - [moveTile.py:79] - DEBUG - gyro:249.33 deg, derivative: -0.13999999999998636, turnSpeed: 8.660000000000025
2026-06-26 03:53:13,015 - mazeUtils.moveTile - [moveTile.py:79] - DEBUG - gyro:249.14000000000001 deg, derivative: -0.18999999999999773, turnSpeed: 8.28000000000003
2026-06-26 03:53:13,041 - mazeUtils.moveTile - [moveTile.py:79] - DEBUG - gyro:248.91000000000003 deg, derivative: -0.22999999999998977, turnSpeed: 7.82000000000005
2026-06-26 03:53:13,070 - mazeUtils.moveTile - [moveTile.py:79] - DEBUG - gyro:248.8 deg, derivative: -0.11000000000001364, turnSpeed: 7.600000000000023
2026-06-26 03:53:13,097 - mazeUtils.moveTile - [moveTile.py:79] - DEBUG - gyro:248.44 deg, derivative: -0.36000000000001364, turnSpeed: 6.8799999999999955
2026-06-26 03:53:13,128 - mazeUtils.moveTile - [moveTile.py:79] - DEBUG - gyro:248.41000000000003 deg, derivative: -0.029999999999972715, turnSpeed: 6.82000000000005
2026-06-26 03:53:13,164 - mazeUtils.moveTile - [moveTile.py:79] - DEBUG - gyro:248.26000000000002 deg, derivative: -0.15000000000000568, turnSpeed: 6.520000000000039
2026-06-26 03:53:13,191 - mazeUtils.moveTile - [moveTile.py:79] - DEBUG - gyro:248.05 deg, derivative: -0.21000000000000796, turnSpeed: 6.100000000000023
2026-06-26 03:53:13,216 - mazeUtils.moveTile - [moveTile.py:79] - DEBUG - gyro:248.04000000000002 deg, derivative: -0.009999999999990905, turnSpeed: 6.080000000000041
2026-06-26 03:53:13,253 - mazeUtils.moveTile - [moveTile.py:79] - DEBUG - gyro:247.97 deg, derivative: -0.0700000000000216, turnSpeed: 5.939999999999998
2026-06-26 03:53:13,281 - mazeUtils.moveTile - [moveTile.py:79] - DEBUG - gyro:247.84 deg, derivative: -0.12999999999999545, turnSpeed: 5.680000000000007
2026-06-26 03:53:13,307 - mazeUtils.moveTile - [moveTile.py:79] - DEBUG - gyro:247.71 deg, derivative: -0.12999999999999545, turnSpeed: 5.420000000000016
2026-06-26 03:53:13,342 - mazeUtils.moveTile - [moveTile.py:79] - DEBUG - gyro:247.65 deg, derivative: -0.060000000000002274, turnSpeed: 5.300000000000011
2026-06-26 03:53:13,369 - mazeUtils.moveTile - [moveTile.py:79] - DEBUG - gyro:247.58 deg, derivative: -0.06999999999999318, turnSpeed: 5.160000000000025
2026-06-26 03:53:13,404 - mazeUtils.moveTile - [moveTile.py:79] - DEBUG - gyro:247.51000000000002 deg, derivative: -0.06999999999999318, turnSpeed: 5.020000000000039
2026-06-26 03:53:13,431 - mazeUtils.moveTile - [moveTile.py:79] - DEBUG - gyro:247.43 deg, derivative: -0.0800000000000125, turnSpeed: 4.860000000000014
2026-06-26 03:53:13,456 - mazeUtils.moveTile - [moveTile.py:79] - DEBUG - gyro:247.35000000000002 deg, derivative: -0.07999999999998408, turnSpeed: 4.7000000000000455
2026-06-26 03:53:13,496 - mazeUtils.moveTile - [moveTile.py:79] - DEBUG - gyro:247.25 deg, derivative: -0.10000000000002274, turnSpeed: 4.5
2026-06-26 03:53:13,523 - mazeUtils.moveTile - [moveTile.py:79] - DEBUG - gyro:247.08 deg, derivative: -0.1699999999999875, turnSpeed: 4.160000000000025
2026-06-26 03:53:13,560 - mazeUtils.moveTile - [moveTile.py:79] - DEBUG - gyro:246.96 deg, derivative: -0.12000000000000455, turnSpeed: 3.920000000000016
2026-06-26 03:53:13,582 - mazeUtils.moveTile - [moveTile.py:79] - DEBUG - Turned to heading: 246.96 deg
2026-06-26 03:53:13,615 - mazeUtils.moveTile - [moveTile.py:90] - DEBUG - [2608.603771] moveTile initialized movement targetSteps=1 (+1427.0 ms)
2026-06-26 03:53:13,617 - mazeUtils.moveTile - [moveTile.py:90] - DEBUG - [2608.605297] moveTile loop start (+1.5 ms)
2026-06-26 03:53:13,622 - picamera2.picamera2 - [picamera2.py:1391] - DEBUG - Execute job: <picamera2.job.Job object at 0x7f6090eed0>
2026-06-26 03:53:13,628 - mazeUtils.device.camera - [camera.py:39] - DEBUG - Average HSV: H=119.8, S=40.5, V=230.4
2026-06-26 03:53:13,636 - mazeUtils.moveTile - [moveTile.py:90] - DEBUG - [2608.624288] moveTile calculated motor speeds left=33 right=100 gyroSteer=-94.51999999999998 wallSteer=0.0 (+19.0 ms)
2026-06-26 03:53:13,663 - mazeUtils.moveTile - [moveTile.py:90] - DEBUG - [2608.651239] moveTile applied motor speed left=33 right=100 (+27.0 ms)
2026-06-26 03:53:13,664 - mazeUtils.moveTile - [moveTile.py:90] - DEBUG - [2608.652215] moveTile ramp check isBigRamp=False (+1.0 ms)
2026-06-26 03:53:13,672 - mazeUtils.moveTile - [moveTile.py:90] - DEBUG - [2608.659995] moveTile tile color check tempTileColor=E (+7.8 ms)
2026-06-26 03:53:13,673 - mazeUtils.moveTile - [moveTile.py:90] - DEBUG - [2608.660838] moveTile obstacle check escapeFlag=False (+0.8 ms)
2026-06-26 03:53:13,698 - mazeUtils.moveTile - [moveTile.py:90] - DEBUG - [2608.686257] moveTile finished by front distance control (+25.4 ms)
2026-06-26 03:53:13,699 - mazeUtils.moveTile - [moveTile.py:90] - DEBUG - [2608.686994] moveTile start final forward adjustment (+26.2 ms)
2026-06-26 03:53:13,733 - mazeUtils.moveTile - [moveTile.py:90] - DEBUG - [2608.721284] moveTile finished final forward adjustment (+34.3 ms)
2026-06-26 03:53:13,734 - mazeUtils.moveTile - [moveTile.py:2117] - INFO - Set moved vertical distance: 0.0 cm, past distances: [(-1.1521135542443028, False), (0, False), (0, False)]
2026-06-26 03:53:13,735 - mazeUtils.moveTile - [moveTile.py:90] - DEBUG - [2608.722913] moveTile updated moved vertical distance 0.000 (+1.6 ms)
2026-06-26 03:53:13,888 - mazeUtils.moveTile - [moveTile.py:563] - DEBUG - Direction: absDirection.NORTH, Angle: 90, Distance: 86.4533477306375 cm
2026-06-26 03:53:13,892 - mazeUtils.moveTile - [moveTile.py:563] - DEBUG - Direction: absDirection.EAST, Angle: 0, Distance: 49.072411909484266 cm
2026-06-26 03:53:13,894 - mazeUtils.moveTile - [moveTile.py:570] - INFO - angle: 0, result: judgeWallResult.WALL
2026-06-26 03:53:13,895 - mazeUtils.moveTile - [moveTile.py:573] - DEBUG - Front LiDAR distance: 49.072411909484266 cm, TSD10 distance: 1.9 cm
2026-06-26 03:53:13,897 - mazeUtils.moveTile - [moveTile.py:580] - DEBUG - Detected ramp at absDirection.EAST due to TSD10 distance: 19 mm
2026-06-26 03:53:13,898 - mazeUtils.moveTile - [moveTile.py:563] - DEBUG - Direction: absDirection.SOUTH, Angle: 270, Distance: 44.73860620458039 cm
2026-06-26 03:53:13,903 - mazeUtils.moveTile - [moveTile.py:563] - DEBUG - Direction: absDirection.WEST, Angle: 180, Distance: 72.16839614407206 cm
2026-06-26 03:53:13,906 - mazeUtils.moveTile - [moveTile.py:90] - DEBUG - [2608.891857] moveTile updated map and detected walls (+168.9 ms)
2026-06-26 03:53:13,912 - mazeUtils.moveTile - [moveTile.py:2272] - INFO - Tile color detection, decided tile type: E
2026-06-26 03:53:13,913 - mazeUtils.moveTile - [moveTile.py:90] - DEBUG - [2608.901133] moveTile finished (+178.2 ms)
2026-06-26 03:53:14,011 - __main__ - [main.py:106] - INFO - Current position: (23, 19, 0), front direction: absDirection.EAST
Layer 0 (altitude=0.0cm, offset=(0.0cm, 0.0cm)):
Known map area: x=20..24, y=15..20
+---+---+   +   +   +
| E   E | U   U   U  
+   +   +   +   +   +
| E   E | U   U   U  
+   +---+---+---+   +
| E   E   E   E   R |
+   +---+---+   +---+
| E   E   E   B   U  
+   +   +---+   +   +
| E   E   E   @   U  
+   +   +   +   +   +
| S | E | U   U   U  
+---+---+   +   +   +
mazeAsGraph[0][15][20] = {absDirection.NORTH: None, absDirection.EAST: (21, 15, 0, 30), absDirection.SOUTH: (20, 16, 0, 30), absDirection.WEST: None}
mazeAsGraph[0][15][21] = {absDirection.NORTH: None, absDirection.EAST: None, absDirection.SOUTH: (21, 16, 0, 30), absDirection.WEST: (20, 15, 0, 30)}
mazeAsGraph[0][16][20] = {absDirection.NORTH: (20, 15, 0, 30), absDirection.EAST: (21, 16, 0, 30), absDirection.SOUTH: (20, 17, 0, 30), absDirection.WEST: None}
mazeAsGraph[0][16][21] = {absDirection.NORTH: (21, 15, 0, 30), absDirection.EAST: None, absDirection.SOUTH: None, absDirection.WEST: (20, 16, 0, 30)}
mazeAsGraph[0][17][20] = {absDirection.NORTH: (20, 16, 0, 30), absDirection.EAST: (21, 17, 0, 30), absDirection.SOUTH: (20, 18, 0, 30), absDirection.WEST: None}
mazeAsGraph[0][17][21] = {absDirection.NORTH: None, absDirection.EAST: (22, 17, 0, 30), absDirection.SOUTH: (21, 18, 0, 30), absDirection.WEST: (20, 17, 0, 30)}
mazeAsGraph[0][17][22] = {absDirection.NORTH: None, absDirection.EAST: (23, 17, 0, 30), absDirection.SOUTH: None, absDirection.WEST: (21, 17, 0, 30)}
mazeAsGraph[0][17][23] = {absDirection.NORTH: None, absDirection.EAST: (24, 17, 0, 30), absDirection.SOUTH: None, absDirection.WEST: (22, 17, 0, 30)}
mazeAsGraph[0][17][24] = {absDirection.NORTH: (24, 16, 0, 30), absDirection.EAST: None, absDirection.SOUTH: None, absDirection.WEST: (23, 17, 0, 30)}
mazeAsGraph[0][18][20] = {absDirection.NORTH: (20, 17, 0, 30), absDirection.EAST: (21, 18, 0, 30), absDirection.SOUTH: (20, 19, 0, 30), absDirection.WEST: None}
mazeAsGraph[0][18][21] = {absDirection.NORTH: (21, 17, 0, 30), absDirection.EAST: (22, 18, 0, 30), absDirection.SOUTH: (21, 19, 0, 30), absDirection.WEST: (20, 18, 0, 30)}
mazeAsGraph[0][18][22] = {absDirection.NORTH: None, absDirection.EAST: None, absDirection.SOUTH: (22, 19, 0, 30), absDirection.WEST: (21, 18, 0, 30)}
mazeAsGraph[0][18][23] = {absDirection.NORTH: None, absDirection.EAST: None, absDirection.SOUTH: None, absDirection.WEST: None}
mazeAsGraph[0][19][20] = {absDirection.NORTH: (20, 18, 0, 30), absDirection.EAST: (21, 19, 0, 30), absDirection.SOUTH: (20, 20, 0, 30), absDirection.WEST: None}
mazeAsGraph[0][19][21] = {absDirection.NORTH: (21, 18, 0, 30), absDirection.EAST: (22, 19, 0, 30), absDirection.SOUTH: (21, 20, 0, 30), absDirection.WEST: (20, 19, 0, 30)}
mazeAsGraph[0][19][22] = {absDirection.NORTH: (22, 18, 0, 30), absDirection.EAST: (23, 19, 0, 30), absDirection.SOUTH: (22, 20, 0, 30), absDirection.WEST: (21, 19, 0, 30)}
mazeAsGraph[0][19][23] = {absDirection.NORTH: None, absDirection.EAST: (24, 19, 0, 30), absDirection.SOUTH: (23, 20, 0, 30), absDirection.WEST: (22, 19, 0, 30)}
mazeAsGraph[0][20][20] = {absDirection.NORTH: (20, 19, 0, 30), absDirection.EAST: None, absDirection.SOUTH: None, absDirection.WEST: None}
mazeAsGraph[0][20][21] = {absDirection.NORTH: (21, 19, 0, 30), absDirection.EAST: None, absDirection.SOUTH: None, absDirection.WEST: None}
2026-06-26 03:53:14,020 - mazeUtils.mazeMap - [mazeMap.py:61] - INFO - next goal: (24, 19, 0)
2026-06-26 03:53:14,024 - mazeUtils.mazeMap - [mazeMap.py:61] - INFO - next goal: (20, 20, 0)
2026-06-26 03:53:14,025 - mazeUtils.moveTile - [moveTile.py:88] - DEBUG - [2609.013606] moveTile start direction=absDirection.EAST position=(23, 19, 0) front=absDirection.EAST
2026-06-26 03:53:14,031 - mazeUtils.moveTile - [moveTile.py:90] - DEBUG - [2609.019536] moveTile after initial toggle check (+5.9 ms)
2026-06-26 03:53:14,034 - mazeUtils.moveTile - [moveTile.py:90] - DEBUG - [2609.022151] moveTile after tile checks isRedTile=False isUnknownTileAhead=True (+2.6 ms)
2026-06-26 03:53:14,035 - mazeUtils.moveTile - [moveTile.py:79] - DEBUG - Moving to absDirection.EAST from (23, 19, 0) facing absDirection.EAST
2026-06-26 03:53:14,035 - mazeUtils.moveTile - [moveTile.py:90] - DEBUG - [2609.023581] moveTile start heading change target=270 (+1.4 ms)
2026-06-26 03:53:14,071 - mazeUtils.moveTile - [moveTile.py:79] - DEBUG - current heading: 242.33 target: 270
2026-06-26 03:53:14,370 - mazeUtils.moveTile - [moveTile.py:435] - DEBUG - stopped turning at heading: 265.12, diff: 4.8799999999999955
2026-06-26 03:53:14,425 - mazeUtils.moveTile - [moveTile.py:79] - DEBUG - Turned to heading: 269.03000000000003 deg
2026-06-26 03:53:14,426 - mazeUtils.moveTile - [moveTile.py:90] - DEBUG - [2609.414294] moveTile finished heading change (+390.7 ms)
2026-06-26 03:53:14,427 - mazeUtils.moveTile - [moveTile.py:90] - DEBUG - [2609.415170] moveTile updated front direction (+0.9 ms)
2026-06-26 03:53:14,450 - mazeUtils.moveTile - [moveTile.py:90] - DEBUG - [2609.438645] moveTile stopped motors before alignment (+23.5 ms)
2026-06-26 03:53:14,607 - mazeUtils.moveTile - [moveTile.py:563] - DEBUG - Direction: absDirection.NORTH, Angle: 90, Distance: 84.01427369177802 cm
2026-06-26 03:53:14,609 - mazeUtils.moveTile - [moveTile.py:563] - DEBUG - Direction: absDirection.EAST, Angle: 0, Distance: 33.614218017916656 cm
2026-06-26 03:53:14,611 - mazeUtils.moveTile - [moveTile.py:635] - DEBUG - Front LiDAR distance: 33.614218017916656 cm, TSD10 distance: 13.5 cm
2026-06-26 03:53:14,612 - mazeUtils.moveTile - [moveTile.py:648] - WARNING - inconsistent wall detection: LiDAR indicates wall, but map indicates no wall. distance: 33.614218017916656 cm
2026-06-26 03:53:14,634 - mazeUtils.moveTile - [moveTile.py:90] - DEBUG - [2609.622735] moveTile ready for forward move (+184.1 ms)
2026-06-26 03:53:14,679 - mazeUtils.moveTile - [moveTile.py:90] - DEBUG - [2609.667408] moveTile initialized movement targetSteps=1 (+44.7 ms)
2026-06-26 03:53:14,680 - mazeUtils.moveTile - [moveTile.py:90] - DEBUG - [2609.668702] moveTile loop start (+1.3 ms)
2026-06-26 03:53:14,691 - picamera2.picamera2 - [picamera2.py:1391] - DEBUG - Execute job: <picamera2.job.Job object at 0x7f6090c650>
2026-06-26 03:53:14,698 - mazeUtils.device.camera - [camera.py:39] - DEBUG - Average HSV: H=116.7, S=24.4, V=248.8
2026-06-26 03:53:14,704 - mazeUtils.moveTile - [moveTile.py:90] - DEBUG - [2609.692584] moveTile calculated motor speeds left=100 right=95 gyroSteer=4.480000000000018 wallSteer=0.0 (+23.9 ms)
2026-06-26 03:53:14,727 - mazeUtils.moveTile - [moveTile.py:90] - DEBUG - [2609.715079] moveTile applied motor speed left=100 right=95 (+22.5 ms)
2026-06-26 03:53:14,728 - mazeUtils.moveTile - [moveTile.py:90] - DEBUG - [2609.716537] moveTile ramp check isBigRamp=False (+1.5 ms)
2026-06-26 03:53:14,732 - mazeUtils.moveTile - [moveTile.py:90] - DEBUG - [2609.720204] moveTile tile color check tempTileColor=E (+3.7 ms)
2026-06-26 03:53:14,733 - mazeUtils.moveTile - [moveTile.py:215] - WARNING - Escape from obstacle on Side.RIGHT side
2026-06-26 03:53:15,418 - mazeUtils.moveTile - [moveTile.py:1735] - DEBUG - Obstacle escape adjustment: 0.07378693253893952
2026-06-26 03:53:15,519 - mazeUtils.moveTile - [moveTile.py:90] - DEBUG - [2610.507278] moveTile obstacle check escapeFlag=True (+787.1 ms)
2026-06-26 03:53:15,526 - mazeUtils.moveTile - [moveTile.py:79] - DEBUG - roll: 355.91999999999996 deg, practicalMoveTime: -0.056684886211493965 sec
2026-06-26 03:53:15,527 - mazeUtils.moveTile - [moveTile.py:1907] - DEBUG - moveTile loop time: 846.5 ms
2026-06-26 03:53:15,528 - mazeUtils.moveTile - [moveTile.py:90] - DEBUG - [2610.515952] moveTile loop end practicalMoveTime=-0.057 (+8.7 ms)
2026-06-26 03:53:15,529 - mazeUtils.moveTile - [moveTile.py:90] - DEBUG - [2610.517144] moveTile loop start (+1.2 ms)
2026-06-26 03:53:15,536 - picamera2.picamera2 - [picamera2.py:1391] - DEBUG - Execute job: <picamera2.job.Job object at 0x7f82062e90>
2026-06-26 03:53:15,543 - mazeUtils.device.camera - [camera.py:39] - DEBUG - Average HSV: H=127.7, S=39.9, V=213.0
2026-06-26 03:53:15,550 - mazeUtils.moveTile - [moveTile.py:90] - DEBUG - [2610.538612] moveTile calculated motor speeds left=100 right=40 gyroSteer=59.799999999999955 wallSteer=0.0 (+21.5 ms)
2026-06-26 03:53:15,573 - mazeUtils.moveTile - [moveTile.py:90] - DEBUG - [2610.561566] moveTile applied motor speed left=100 right=40 (+23.0 ms)
2026-06-26 03:53:15,574 - mazeUtils.moveTile - [moveTile.py:90] - DEBUG - [2610.562488] moveTile ramp check isBigRamp=False (+0.9 ms)
2026-06-26 03:53:15,580 - mazeUtils.moveTile - [moveTile.py:90] - DEBUG - [2610.568214] moveTile tile color check tempTileColor=E (+5.7 ms)
2026-06-26 03:53:15,581 - mazeUtils.moveTile - [moveTile.py:90] - DEBUG - [2610.568954] moveTile obstacle check escapeFlag=False (+0.7 ms)
2026-06-26 03:53:15,587 - mazeUtils.moveTile - [moveTile.py:79] - DEBUG - roll: 356.84999999999997 deg, practicalMoveTime: 0.0029602369690207506 sec
2026-06-26 03:53:15,588 - mazeUtils.moveTile - [moveTile.py:1907] - DEBUG - moveTile loop time: 59.2 ms
2026-06-26 03:53:15,589 - mazeUtils.moveTile - [moveTile.py:90] - DEBUG - [2610.577040] moveTile loop end practicalMoveTime=0.003 (+8.1 ms)
2026-06-26 03:53:15,589 - mazeUtils.moveTile - [moveTile.py:90] - DEBUG - [2610.577533] moveTile loop start (+0.5 ms)
2026-06-26 03:53:15,595 - picamera2.picamera2 - [picamera2.py:1391] - DEBUG - Execute job: <picamera2.job.Job object at 0x7f6090eed0>
2026-06-26 03:53:15,601 - mazeUtils.device.camera - [camera.py:39] - DEBUG - Average HSV: H=112.2, S=10.6, V=255.0
2026-06-26 03:53:15,608 - mazeUtils.moveTile - [moveTile.py:90] - DEBUG - [2610.596105] moveTile calculated motor speeds left=100 right=40 gyroSteer=59.51999999999998 wallSteer=0.0 (+18.6 ms)
2026-06-26 03:53:15,628 - mazeUtils.moveTile - [moveTile.py:90] - DEBUG - [2610.616291] moveTile applied motor speed left=100 right=40 (+20.2 ms)
2026-06-26 03:53:15,629 - mazeUtils.moveTile - [moveTile.py:90] - DEBUG - [2610.617022] moveTile ramp check isBigRamp=False (+0.7 ms)
2026-06-26 03:53:15,632 - mazeUtils.moveTile - [moveTile.py:90] - DEBUG - [2610.620699] moveTile tile color check tempTileColor=E (+3.7 ms)
2026-06-26 03:53:15,634 - mazeUtils.moveTile - [moveTile.py:90] - DEBUG - [2610.622122] moveTile obstacle check escapeFlag=False (+1.4 ms)
2026-06-26 03:53:15,640 - mazeUtils.moveTile - [moveTile.py:79] - DEBUG - roll: 355.21999999999997 deg, practicalMoveTime: 0.05463444476949653 sec
2026-06-26 03:53:15,641 - mazeUtils.moveTile - [moveTile.py:1907] - DEBUG - moveTile loop time: 51.5 ms
2026-06-26 03:53:15,641 - mazeUtils.moveTile - [moveTile.py:90] - DEBUG - [2610.629629] moveTile loop end practicalMoveTime=0.055 (+7.5 ms)
2026-06-26 03:53:15,642 - mazeUtils.moveTile - [moveTile.py:90] - DEBUG - [2610.630110] moveTile loop start (+0.5 ms)
2026-06-26 03:53:15,651 - picamera2.picamera2 - [picamera2.py:1391] - DEBUG - Execute job: <picamera2.job.Job object at 0x7f6090c650>
2026-06-26 03:53:15,659 - mazeUtils.device.camera - [camera.py:39] - DEBUG - Average HSV: H=157.6, S=13.1, V=237.5
2026-06-26 03:53:15,664 - mazeUtils.moveTile - [moveTile.py:90] - DEBUG - [2610.652725] moveTile calculated motor speeds left=100 right=40 gyroSteer=59.12000000000012 wallSteer=0.0 (+22.6 ms)
2026-06-26 03:53:15,689 - mazeUtils.moveTile - [moveTile.py:90] - DEBUG - [2610.677584] moveTile applied motor speed left=100 right=40 (+24.9 ms)
2026-06-26 03:53:15,690 - mazeUtils.moveTile - [moveTile.py:90] - DEBUG - [2610.678727] moveTile ramp check isBigRamp=False (+1.1 ms)
2026-06-26 03:53:15,694 - mazeUtils.moveTile - [moveTile.py:90] - DEBUG - [2610.682798] moveTile tile color check tempTileColor=E (+4.1 ms)
2026-06-26 03:53:15,695 - mazeUtils.moveTile - [moveTile.py:90] - DEBUG - [2610.683435] moveTile obstacle check escapeFlag=False (+0.6 ms)
2026-06-26 03:53:15,707 - mazeUtils.moveTile - [moveTile.py:79] - DEBUG - roll: 356.09 deg, practicalMoveTime: 0.12023045135183025 sec
2026-06-26 03:53:15,708 - mazeUtils.moveTile - [moveTile.py:1907] - DEBUG - moveTile loop time: 65.6 ms
2026-06-26 03:53:15,708 - mazeUtils.moveTile - [moveTile.py:90] - DEBUG - [2610.696397] moveTile loop end practicalMoveTime=0.120 (+13.0 ms)
2026-06-26 03:53:15,708 - mazeUtils.moveTile - [moveTile.py:90] - DEBUG - [2610.696821] moveTile loop start (+0.4 ms)
2026-06-26 03:53:15,715 - picamera2.picamera2 - [picamera2.py:1391] - DEBUG - Execute job: <picamera2.job.Job object at 0x7f820632d0>
2026-06-26 03:53:15,722 - mazeUtils.device.camera - [camera.py:39] - DEBUG - Average HSV: H=121.9, S=49.7, V=210.2
2026-06-26 03:53:15,735 - mazeUtils.moveTile - [moveTile.py:90] - DEBUG - [2610.723584] moveTile calculated motor speeds left=100 right=63 gyroSteer=36.12000000000012 wallSteer=0.0 (+26.8 ms)
2026-06-26 03:53:15,761 - mazeUtils.moveTile - [moveTile.py:90] - DEBUG - [2610.749731] moveTile applied motor speed left=100 right=63 (+26.1 ms)
2026-06-26 03:53:15,762 - mazeUtils.moveTile - [moveTile.py:90] - DEBUG - [2610.750455] moveTile ramp check isBigRamp=False (+0.7 ms)
2026-06-26 03:53:15,766 - mazeUtils.moveTile - [moveTile.py:90] - DEBUG - [2610.753892] moveTile tile color check tempTileColor=E (+3.4 ms)
2026-06-26 03:53:15,766 - mazeUtils.moveTile - [moveTile.py:90] - DEBUG - [2610.754584] moveTile obstacle check escapeFlag=False (+0.7 ms)
2026-06-26 03:53:15,773 - mazeUtils.moveTile - [moveTile.py:79] - DEBUG - roll: 357.72999999999996 deg, practicalMoveTime: 0.18597248600321098 sec
2026-06-26 03:53:15,774 - mazeUtils.moveTile - [moveTile.py:1907] - DEBUG - moveTile loop time: 65.6 ms
2026-06-26 03:53:15,775 - mazeUtils.moveTile - [moveTile.py:90] - DEBUG - [2610.762965] moveTile loop end practicalMoveTime=0.186 (+8.4 ms)
2026-06-26 03:53:15,775 - mazeUtils.moveTile - [moveTile.py:90] - DEBUG - [2610.763374] moveTile loop start (+0.4 ms)
2026-06-26 03:53:15,783 - picamera2.picamera2 - [picamera2.py:1391] - DEBUG - Execute job: <picamera2.job.Job object at 0x7f6090c650>
2026-06-26 03:53:15,791 - mazeUtils.device.camera - [camera.py:39] - DEBUG - Average HSV: H=118.8, S=85.4, V=173.9
2026-06-26 03:53:15,798 - mazeUtils.moveTile - [moveTile.py:90] - DEBUG - [2610.786269] moveTile calculated motor speeds left=100 right=72 gyroSteer=27.319999999999936 wallSteer=0.0 (+22.9 ms)
2026-06-26 03:53:15,818 - mazeUtils.moveTile - [moveTile.py:90] - DEBUG - [2610.806518] moveTile applied motor speed left=100 right=72 (+20.2 ms)
2026-06-26 03:53:15,819 - mazeUtils.moveTile - [moveTile.py:90] - DEBUG - [2610.807786] moveTile ramp check isBigRamp=False (+1.3 ms)
2026-06-26 03:53:15,823 - mazeUtils.moveTile - [moveTile.py:90] - DEBUG - [2610.811503] moveTile tile color check tempTileColor=E (+3.7 ms)
2026-06-26 03:53:15,824 - mazeUtils.moveTile - [moveTile.py:90] - DEBUG - [2610.812171] moveTile obstacle check escapeFlag=False (+0.7 ms)
2026-06-26 03:53:15,831 - mazeUtils.moveTile - [moveTile.py:79] - DEBUG - roll: 0.37999999999999545 deg, practicalMoveTime: 0.2423715535919842 sec
2026-06-26 03:53:15,832 - mazeUtils.moveTile - [moveTile.py:1907] - DEBUG - moveTile loop time: 56.4 ms
2026-06-26 03:53:15,832 - mazeUtils.moveTile - [moveTile.py:90] - DEBUG - [2610.820382] moveTile loop end practicalMoveTime=0.242 (+8.2 ms)
2026-06-26 03:53:15,832 - mazeUtils.moveTile - [moveTile.py:90] - DEBUG - [2610.820800] moveTile loop start (+0.4 ms)
2026-06-26 03:53:15,841 - picamera2.picamera2 - [picamera2.py:1391] - DEBUG - Execute job: <picamera2.job.Job object at 0x7f6090c650>
2026-06-26 03:53:15,849 - mazeUtils.device.camera - [camera.py:39] - DEBUG - Average HSV: H=112.7, S=18.4, V=252.2
2026-06-26 03:53:15,857 - mazeUtils.moveTile - [moveTile.py:90] - DEBUG - [2610.844958] moveTile calculated motor speeds left=100 right=69 gyroSteer=30.519999999999982 wallSteer=0.0 (+24.2 ms)
2026-06-26 03:53:15,877 - mazeUtils.moveTile - [moveTile.py:90] - DEBUG - [2610.865443] moveTile applied motor speed left=100 right=69 (+20.5 ms)
2026-06-26 03:53:15,878 - mazeUtils.moveTile - [moveTile.py:90] - DEBUG - [2610.866649] moveTile ramp check isBigRamp=False (+1.2 ms)
2026-06-26 03:53:15,886 - mazeUtils.moveTile - [moveTile.py:90] - DEBUG - [2610.874427] moveTile tile color check tempTileColor=E (+7.8 ms)
2026-06-26 03:53:15,888 - mazeUtils.moveTile - [moveTile.py:90] - DEBUG - [2610.875891] moveTile obstacle check escapeFlag=False (+1.5 ms)
2026-06-26 03:53:15,893 - mazeUtils.moveTile - [moveTile.py:79] - DEBUG - roll: 5.5 deg, practicalMoveTime: 0.30376680964731473 sec
2026-06-26 03:53:15,894 - mazeUtils.moveTile - [moveTile.py:1907] - DEBUG - moveTile loop time: 61.3 ms
2026-06-26 03:53:15,895 - mazeUtils.moveTile - [moveTile.py:90] - DEBUG - [2610.883211] moveTile loop end practicalMoveTime=0.304 (+7.3 ms)
2026-06-26 03:53:15,896 - mazeUtils.moveTile - [moveTile.py:90] - DEBUG - [2610.883844] moveTile loop start (+0.6 ms)
2026-06-26 03:53:15,904 - picamera2.picamera2 - [picamera2.py:1391] - DEBUG - Execute job: <picamera2.job.Job object at 0x7f6090eed0>
2026-06-26 03:53:15,911 - mazeUtils.device.camera - [camera.py:39] - DEBUG - Average HSV: H=117.3, S=70.3, V=218.5
2026-06-26 03:53:15,917 - mazeUtils.moveTile - [moveTile.py:90] - DEBUG - [2610.905703] moveTile calculated motor speeds left=100 right=72 gyroSteer=27.720000000000027 wallSteer=0.0 (+21.9 ms)
2026-06-26 03:53:15,944 - mazeUtils.moveTile - [moveTile.py:90] - DEBUG - [2610.932300] moveTile applied motor speed left=100 right=72 (+26.6 ms)
2026-06-26 03:53:15,945 - mazeUtils.moveTile - [moveTile.py:90] - DEBUG - [2610.933050] moveTile ramp check isBigRamp=False (+0.8 ms)
2026-06-26 03:53:15,950 - mazeUtils.moveTile - [moveTile.py:90] - DEBUG - [2610.938321] moveTile tile color check tempTileColor=E (+5.3 ms)
2026-06-26 03:53:15,951 - mazeUtils.moveTile - [moveTile.py:90] - DEBUG - [2610.938980] moveTile obstacle check escapeFlag=False (+0.7 ms)
2026-06-26 03:53:15,958 - mazeUtils.moveTile - [moveTile.py:79] - DEBUG - roll: 8.229999999999961 deg, practicalMoveTime: 0.36716221020342216 sec
2026-06-26 03:53:15,959 - mazeUtils.moveTile - [moveTile.py:1907] - DEBUG - moveTile loop time: 63.0 ms
2026-06-26 03:53:15,959 - mazeUtils.moveTile - [moveTile.py:90] - DEBUG - [2610.947444] moveTile loop end practicalMoveTime=0.367 (+8.5 ms)
2026-06-26 03:53:15,960 - mazeUtils.moveTile - [moveTile.py:90] - DEBUG - [2610.947847] moveTile loop start (+0.4 ms)
2026-06-26 03:53:15,965 - picamera2.picamera2 - [picamera2.py:1391] - DEBUG - Execute job: <picamera2.job.Job object at 0x7f82063e50>
2026-06-26 03:53:15,972 - mazeUtils.device.camera - [camera.py:39] - DEBUG - Average HSV: H=128.0, S=17.8, V=248.5
2026-06-26 03:53:15,985 - mazeUtils.moveTile - [moveTile.py:90] - DEBUG - [2610.973425] moveTile calculated motor speeds left=100 right=79 gyroSteer=20.080000000000155 wallSteer=0.0 (+25.6 ms)
2026-06-26 03:53:16,007 - mazeUtils.moveTile - [moveTile.py:90] - DEBUG - [2610.995661] moveTile applied motor speed left=100 right=79 (+22.2 ms)
2026-06-26 03:53:16,008 - mazeUtils.moveTile - [moveTile.py:90] - DEBUG - [2610.996488] moveTile ramp check isBigRamp=False (+0.8 ms)
2026-06-26 03:53:16,014 - mazeUtils.moveTile - [moveTile.py:90] - DEBUG - [2611.002609] moveTile tile color check tempTileColor=E (+6.1 ms)
2026-06-26 03:53:16,015 - mazeUtils.moveTile - [moveTile.py:90] - DEBUG - [2611.003326] moveTile obstacle check escapeFlag=False (+0.7 ms)
2026-06-26 03:53:16,023 - mazeUtils.moveTile - [moveTile.py:79] - DEBUG - roll: 13.019999999999982 deg, practicalMoveTime: 0.41775010493185893 sec
2026-06-26 03:53:16,024 - mazeUtils.moveTile - [moveTile.py:1907] - DEBUG - moveTile loop time: 64.3 ms
2026-06-26 03:53:16,025 - mazeUtils.moveTile - [moveTile.py:90] - DEBUG - [2611.012911] moveTile loop end practicalMoveTime=0.418 (+9.6 ms)
2026-06-26 03:53:16,025 - mazeUtils.moveTile - [moveTile.py:90] - DEBUG - [2611.013448] moveTile loop start (+0.5 ms)
2026-06-26 03:53:16,030 - picamera2.picamera2 - [picamera2.py:1391] - DEBUG - Execute job: <picamera2.job.Job object at 0x7f6090eed0>
2026-06-26 03:53:16,037 - mazeUtils.device.camera - [camera.py:39] - DEBUG - Average HSV: H=115.8, S=66.6, V=233.2
2026-06-26 03:53:16,044 - mazeUtils.moveTile - [moveTile.py:90] - DEBUG - [2611.032476] moveTile calculated motor speeds left=100 right=93 gyroSteer=16.319999999999936 wallSteer=-10.0 (+19.0 ms)
2026-06-26 03:53:16,065 - mazeUtils.moveTile - [moveTile.py:90] - DEBUG - [2611.052791] moveTile applied motor speed left=100 right=93 (+20.3 ms)
2026-06-26 03:53:16,066 - mazeUtils.moveTile - [moveTile.py:90] - DEBUG - [2611.054392] moveTile ramp check isBigRamp=True (+1.6 ms)
2026-06-26 03:53:16,072 - mazeUtils.moveTile - [moveTile.py:90] - DEBUG - [2611.060270] moveTile tile color check tempTileColor=E (+5.9 ms)
2026-06-26 03:53:16,074 - mazeUtils.moveTile - [moveTile.py:90] - DEBUG - [2611.062023] moveTile obstacle check escapeFlag=False (+1.8 ms)
2026-06-26 03:53:16,082 - mazeUtils.moveTile - [moveTile.py:79] - DEBUG - roll: 13.939999999999998 deg, practicalMoveTime: 0.46293353395660064 sec
2026-06-26 03:53:16,083 - mazeUtils.moveTile - [moveTile.py:1907] - DEBUG - moveTile loop time: 58.1 ms
2026-06-26 03:53:16,084 - mazeUtils.moveTile - [moveTile.py:90] - DEBUG - [2611.072485] moveTile loop end practicalMoveTime=0.463 (+10.5 ms)
2026-06-26 03:53:16,085 - mazeUtils.moveTile - [moveTile.py:90] - DEBUG - [2611.073261] moveTile loop start (+0.8 ms)
2026-06-26 03:53:16,090 - picamera2.picamera2 - [picamera2.py:1391] - DEBUG - Execute job: <picamera2.job.Job object at 0x7f82062dd0>
2026-06-26 03:53:16,097 - mazeUtils.device.camera - [camera.py:39] - DEBUG - Average HSV: H=125.7, S=32.3, V=241.9
2026-06-26 03:53:16,103 - mazeUtils.moveTile - [moveTile.py:90] - DEBUG - [2611.090995] moveTile calculated motor speeds left=100 right=97 gyroSteer=12.080000000000155 wallSteer=-10.0 (+17.7 ms)
2026-06-26 03:53:16,123 - mazeUtils.moveTile - [moveTile.py:90] - DEBUG - [2611.111495] moveTile applied motor speed left=100 right=97 (+20.5 ms)
2026-06-26 03:53:16,125 - mazeUtils.moveTile - [moveTile.py:90] - DEBUG - [2611.112880] moveTile ramp check isBigRamp=True (+1.4 ms)
2026-06-26 03:53:16,131 - mazeUtils.moveTile - [moveTile.py:90] - DEBUG - [2611.119046] moveTile tile color check tempTileColor=E (+6.2 ms)
2026-06-26 03:53:16,131 - mazeUtils.moveTile - [moveTile.py:90] - DEBUG - [2611.119677] moveTile obstacle check escapeFlag=False (+0.6 ms)
2026-06-26 03:53:16,138 - mazeUtils.moveTile - [moveTile.py:79] - DEBUG - roll: 17.269999999999982 deg, practicalMoveTime: 0.5046105996214574 sec
2026-06-26 03:53:16,138 - mazeUtils.moveTile - [moveTile.py:1907] - DEBUG - moveTile loop time: 53.4 ms
2026-06-26 03:53:16,139 - mazeUtils.moveTile - [moveTile.py:90] - DEBUG - [2611.127170] moveTile loop end practicalMoveTime=0.505 (+7.5 ms)
2026-06-26 03:53:16,139 - mazeUtils.moveTile - [moveTile.py:90] - DEBUG - [2611.127560] moveTile loop start (+0.4 ms)
2026-06-26 03:53:16,145 - picamera2.picamera2 - [picamera2.py:1391] - DEBUG - Execute job: <picamera2.job.Job object at 0x7f820638d0>
2026-06-26 03:53:16,152 - mazeUtils.device.camera - [camera.py:39] - DEBUG - Average HSV: H=114.5, S=70.7, V=238.6
2026-06-26 03:53:16,158 - mazeUtils.moveTile - [moveTile.py:90] - DEBUG - [2611.146326] moveTile calculated motor speeds left=100 right=98 gyroSteer=11.600000000000136 wallSteer=-10.0 (+18.8 ms)
2026-06-26 03:53:16,183 - mazeUtils.moveTile - [moveTile.py:90] - DEBUG - [2611.171485] moveTile applied motor speed left=100 right=98 (+25.2 ms)
2026-06-26 03:53:16,184 - mazeUtils.moveTile - [moveTile.py:90] - DEBUG - [2611.172305] moveTile ramp check isBigRamp=True (+0.8 ms)
2026-06-26 03:53:16,189 - mazeUtils.moveTile - [moveTile.py:90] - DEBUG - [2611.177092] moveTile tile color check tempTileColor=E (+4.8 ms)
2026-06-26 03:53:16,190 - mazeUtils.moveTile - [moveTile.py:90] - DEBUG - [2611.178023] moveTile obstacle check escapeFlag=False (+0.9 ms)
2026-06-26 03:53:16,197 - mazeUtils.moveTile - [moveTile.py:79] - DEBUG - roll: 22.96999999999997 deg, practicalMoveTime: 0.5481351905498567 sec
2026-06-26 03:53:16,198 - mazeUtils.moveTile - [moveTile.py:1907] - DEBUG - moveTile loop time: 58.4 ms
2026-06-26 03:53:16,198 - mazeUtils.moveTile - [moveTile.py:90] - DEBUG - [2611.186619] moveTile loop end practicalMoveTime=0.548 (+8.6 ms)
2026-06-26 03:53:16,199 - mazeUtils.moveTile - [moveTile.py:90] - DEBUG - [2611.187592] moveTile loop start (+1.0 ms)
2026-06-26 03:53:16,207 - picamera2.picamera2 - [picamera2.py:1391] - DEBUG - Execute job: <picamera2.job.Job object at 0x7f81fc0490>
2026-06-26 03:53:16,214 - mazeUtils.device.camera - [camera.py:39] - DEBUG - Average HSV: H=113.6, S=71.0, V=245.5
2026-06-26 03:53:16,220 - mazeUtils.moveTile - [moveTile.py:90] - DEBUG - [2611.208338] moveTile calculated motor speeds left=100 right=97 gyroSteer=12.400000000000091 wallSteer=-10.0 (+20.7 ms)
2026-06-26 03:53:16,247 - mazeUtils.moveTile - [moveTile.py:90] - DEBUG - [2611.235534] moveTile applied motor speed left=100 right=97 (+27.2 ms)
2026-06-26 03:53:16,249 - mazeUtils.moveTile - [moveTile.py:90] - DEBUG - [2611.237686] moveTile ramp check isBigRamp=True (+2.2 ms)
2026-06-26 03:53:16,253 - mazeUtils.moveTile - [moveTile.py:90] - DEBUG - [2611.241677] moveTile tile color check tempTileColor=E (+4.0 ms)
2026-06-26 03:53:16,254 - mazeUtils.moveTile - [moveTile.py:90] - DEBUG - [2611.242337] moveTile obstacle check escapeFlag=False (+0.7 ms)
2026-06-26 03:53:16,260 - mazeUtils.moveTile - [moveTile.py:79] - DEBUG - roll: 27.21999999999997 deg, practicalMoveTime: 0.5943735015080487 sec
2026-06-26 03:53:16,261 - mazeUtils.moveTile - [moveTile.py:1907] - DEBUG - moveTile loop time: 61.9 ms
2026-06-26 03:53:16,262 - mazeUtils.moveTile - [moveTile.py:90] - DEBUG - [2611.250048] moveTile loop end practicalMoveTime=0.594 (+7.7 ms)
2026-06-26 03:53:16,262 - mazeUtils.moveTile - [moveTile.py:90] - DEBUG - [2611.250447] moveTile loop start (+0.4 ms)
2026-06-26 03:53:16,268 - picamera2.picamera2 - [picamera2.py:1391] - DEBUG - Execute job: <picamera2.job.Job object at 0x7f6090c650>
2026-06-26 03:53:16,275 - mazeUtils.device.camera - [camera.py:39] - DEBUG - Average HSV: H=113.6, S=60.5, V=249.9
2026-06-26 03:53:16,288 - mazeUtils.moveTile - [moveTile.py:90] - DEBUG - [2611.275880] moveTile calculated motor speeds left=100 right=99 gyroSteer=10.519999999999982 wallSteer=-10.0 (+25.4 ms)
2026-06-26 03:53:16,316 - mazeUtils.moveTile - [moveTile.py:90] - DEBUG - [2611.304253] moveTile applied motor speed left=100 right=99 (+28.4 ms)
2026-06-26 03:53:16,317 - mazeUtils.moveTile - [moveTile.py:90] - DEBUG - [2611.304979] moveTile ramp check isBigRamp=True (+0.7 ms)
2026-06-26 03:53:16,321 - mazeUtils.moveTile - [moveTile.py:90] - DEBUG - [2611.309150] moveTile tile color check tempTileColor=E (+4.2 ms)
2026-06-26 03:53:16,323 - mazeUtils.moveTile - [moveTile.py:90] - DEBUG - [2611.310987] moveTile obstacle check escapeFlag=False (+1.8 ms)
2026-06-26 03:53:16,330 - mazeUtils.moveTile - [moveTile.py:79] - DEBUG - roll: 30.25 deg, practicalMoveTime: 0.6419232561664923 sec
2026-06-26 03:53:16,331 - mazeUtils.moveTile - [moveTile.py:1907] - DEBUG - moveTile loop time: 68.9 ms
2026-06-26 03:53:16,332 - mazeUtils.moveTile - [moveTile.py:90] - DEBUG - [2611.320167] moveTile loop end practicalMoveTime=0.642 (+9.2 ms)
2026-06-26 03:53:16,333 - mazeUtils.moveTile - [moveTile.py:90] - DEBUG - [2611.321713] moveTile loop start (+1.5 ms)
2026-06-26 03:53:16,339 - picamera2.picamera2 - [picamera2.py:1391] - DEBUG - Execute job: <picamera2.job.Job object at 0x7f6090eed0>
2026-06-26 03:53:16,345 - mazeUtils.device.camera - [camera.py:39] - DEBUG - Average HSV: H=115.1, S=70.9, V=234.5
2026-06-26 03:53:16,352 - mazeUtils.moveTile - [moveTile.py:90] - DEBUG - [2611.340458] moveTile calculated motor speeds left=100 right=98 gyroSteer=11.559999999999945 wallSteer=-10.0 (+18.7 ms)
2026-06-26 03:53:16,373 - mazeUtils.moveTile - [moveTile.py:90] - DEBUG - [2611.361392] moveTile applied motor speed left=100 right=98 (+20.9 ms)
2026-06-26 03:53:16,374 - mazeUtils.moveTile - [moveTile.py:90] - DEBUG - [2611.362158] moveTile ramp check isBigRamp=True (+0.8 ms)
2026-06-26 03:53:16,378 - mazeUtils.moveTile - [moveTile.py:90] - DEBUG - [2611.366277] moveTile tile color check tempTileColor=E (+4.1 ms)
2026-06-26 03:53:16,379 - mazeUtils.moveTile - [moveTile.py:90] - DEBUG - [2611.367111] moveTile obstacle check escapeFlag=False (+0.8 ms)
2026-06-26 03:53:16,385 - mazeUtils.moveTile - [moveTile.py:79] - DEBUG - roll: 30.5 deg, practicalMoveTime: 0.6787256607022877 sec
2026-06-26 03:53:16,385 - mazeUtils.moveTile - [moveTile.py:1907] - DEBUG - moveTile loop time: 51.9 ms
2026-06-26 03:53:16,386 - mazeUtils.moveTile - [moveTile.py:90] - DEBUG - [2611.374162] moveTile loop end practicalMoveTime=0.679 (+7.1 ms)
2026-06-26 03:53:16,386 - mazeUtils.moveTile - [moveTile.py:90] - DEBUG - [2611.374599] moveTile loop start (+0.4 ms)
2026-06-26 03:53:16,395 - picamera2.picamera2 - [picamera2.py:1391] - DEBUG - Execute job: <picamera2.job.Job object at 0x7f6090c650>
2026-06-26 03:53:16,401 - mazeUtils.device.camera - [camera.py:39] - DEBUG - Average HSV: H=116.5, S=90.5, V=212.8
2026-06-26 03:53:16,408 - mazeUtils.moveTile - [moveTile.py:90] - DEBUG - [2611.395834] moveTile calculated motor speeds left=100 right=94 gyroSteer=15.680000000000064 wallSteer=-10.0 (+21.2 ms)
2026-06-26 03:53:16,433 - mazeUtils.moveTile - [moveTile.py:90] - DEBUG - [2611.420977] moveTile applied motor speed left=100 right=94 (+25.1 ms)
2026-06-26 03:53:16,433 - mazeUtils.moveTile - [moveTile.py:90] - DEBUG - [2611.421703] moveTile ramp check isBigRamp=True (+0.7 ms)
2026-06-26 03:53:16,438 - mazeUtils.moveTile - [moveTile.py:90] - DEBUG - [2611.426431] moveTile tile color check tempTileColor=E (+4.7 ms)
2026-06-26 03:53:16,439 - mazeUtils.moveTile - [moveTile.py:90] - DEBUG - [2611.427657] moveTile obstacle check escapeFlag=False (+1.2 ms)
2026-06-26 03:53:16,445 - mazeUtils.moveTile - [moveTile.py:79] - DEBUG - roll: 31.039999999999964 deg, practicalMoveTime: 0.7199757430376624 sec
2026-06-26 03:53:16,446 - mazeUtils.moveTile - [moveTile.py:1907] - DEBUG - moveTile loop time: 59.8 ms
2026-06-26 03:53:16,447 - mazeUtils.moveTile - [moveTile.py:90] - DEBUG - [2611.435073] moveTile loop end practicalMoveTime=0.720 (+7.4 ms)
2026-06-26 03:53:16,447 - mazeUtils.moveTile - [moveTile.py:90] - DEBUG - [2611.435636] moveTile loop start (+0.6 ms)
2026-06-26 03:53:16,453 - picamera2.picamera2 - [picamera2.py:1391] - DEBUG - Execute job: <picamera2.job.Job object at 0x7f81fc0490>
2026-06-26 03:53:16,459 - mazeUtils.device.camera - [camera.py:39] - DEBUG - Average HSV: H=116.2, S=113.6, V=193.4
2026-06-26 03:53:16,473 - mazeUtils.moveTile - [moveTile.py:90] - DEBUG - [2611.461125] moveTile calculated motor speeds left=100 right=92 gyroSteer=17.840000000000146 wallSteer=-10.0 (+25.5 ms)
2026-06-26 03:53:16,500 - mazeUtils.moveTile - [moveTile.py:90] - DEBUG - [2611.488729] moveTile applied motor speed left=100 right=92 (+27.6 ms)
2026-06-26 03:53:16,501 - mazeUtils.moveTile - [moveTile.py:90] - DEBUG - [2611.489457] moveTile ramp check isBigRamp=True (+0.7 ms)
2026-06-26 03:53:16,505 - mazeUtils.moveTile - [moveTile.py:90] - DEBUG - [2611.492867] moveTile tile color check tempTileColor=E (+3.4 ms)
2026-06-26 03:53:16,505 - mazeUtils.moveTile - [moveTile.py:90] - DEBUG - [2611.493407] moveTile obstacle check escapeFlag=False (+0.5 ms)
2026-06-26 03:53:16,511 - mazeUtils.moveTile - [moveTile.py:79] - DEBUG - roll: 30.379999999999995 deg, practicalMoveTime: 0.7648873375464281 sec
2026-06-26 03:53:16,512 - mazeUtils.moveTile - [moveTile.py:1907] - DEBUG - moveTile loop time: 64.9 ms
2026-06-26 03:53:16,513 - mazeUtils.moveTile - [moveTile.py:90] - DEBUG - [2611.501013] moveTile loop end practicalMoveTime=0.765 (+7.6 ms)
2026-06-26 03:53:16,513 - mazeUtils.moveTile - [moveTile.py:90] - DEBUG - [2611.501479] moveTile loop start (+0.5 ms)
2026-06-26 03:53:16,520 - picamera2.picamera2 - [picamera2.py:1391] - DEBUG - Execute job: <picamera2.job.Job object at 0x7f82063a50>
2026-06-26 03:53:16,528 - mazeUtils.device.camera - [camera.py:39] - DEBUG - Average HSV: H=116.1, S=112.4, V=195.8
2026-06-26 03:53:16,533 - mazeUtils.moveTile - [moveTile.py:90] - DEBUG - [2611.521637] moveTile calculated motor speeds left=100 right=77 gyroSteer=22.75999999999999 wallSteer=0.0 (+20.2 ms)
2026-06-26 03:53:16,553 - mazeUtils.moveTile - [moveTile.py:90] - DEBUG - [2611.541493] moveTile applied motor speed left=100 right=77 (+19.9 ms)
2026-06-26 03:53:16,554 - mazeUtils.moveTile - [moveTile.py:90] - DEBUG - [2611.542590] moveTile ramp check isBigRamp=True (+1.1 ms)
2026-06-26 03:53:16,560 - mazeUtils.moveTile - [moveTile.py:90] - DEBUG - [2611.548702] moveTile tile color check tempTileColor=E (+6.1 ms)
2026-06-26 03:53:16,561 - mazeUtils.moveTile - [moveTile.py:90] - DEBUG - [2611.549648] moveTile obstacle check escapeFlag=False (+0.9 ms)
2026-06-26 03:53:16,566 - mazeUtils.moveTile - [moveTile.py:79] - DEBUG - roll: 30.44999999999999 deg, practicalMoveTime: 0.8021235668526255 sec
2026-06-26 03:53:16,567 - mazeUtils.moveTile - [moveTile.py:1907] - DEBUG - moveTile loop time: 53.7 ms
2026-06-26 03:53:16,567 - mazeUtils.moveTile - [moveTile.py:90] - DEBUG - [2611.555729] moveTile loop end practicalMoveTime=0.802 (+6.1 ms)
2026-06-26 03:53:16,568 - mazeUtils.moveTile - [moveTile.py:90] - DEBUG - [2611.556205] moveTile loop start (+0.5 ms)
2026-06-26 03:53:16,579 - picamera2.picamera2 - [picamera2.py:1391] - DEBUG - Execute job: <picamera2.job.Job object at 0x7f6090c650>
2026-06-26 03:53:16,586 - mazeUtils.device.camera - [camera.py:39] - DEBUG - Average HSV: H=115.9, S=114.3, V=196.4
2026-06-26 03:53:16,591 - mazeUtils.moveTile - [moveTile.py:90] - DEBUG - [2611.579253] moveTile calculated motor speeds left=100 right=79 gyroSteer=20.160000000000082 wallSteer=0.0 (+23.0 ms)
2026-06-26 03:53:16,611 - mazeUtils.moveTile - [moveTile.py:90] - DEBUG - [2611.599207] moveTile applied motor speed left=100 right=79 (+20.0 ms)
2026-06-26 03:53:16,612 - mazeUtils.moveTile - [moveTile.py:90] - DEBUG - [2611.599981] moveTile ramp check isBigRamp=True (+0.8 ms)
2026-06-26 03:53:16,616 - mazeUtils.moveTile - [moveTile.py:90] - DEBUG - [2611.604620] moveTile tile color check tempTileColor=E (+4.6 ms)
2026-06-26 03:53:16,618 - mazeUtils.moveTile - [moveTile.py:90] - DEBUG - [2611.606156] moveTile obstacle check escapeFlag=False (+1.5 ms)
2026-06-26 03:53:16,624 - mazeUtils.moveTile - [moveTile.py:90] - DEBUG - [2611.611919] moveTile loop start (+5.8 ms)
2026-06-26 03:53:16,629 - picamera2.picamera2 - [picamera2.py:1391] - DEBUG - Execute job: <picamera2.job.Job object at 0x7f6090eed0>
2026-06-26 03:53:16,636 - mazeUtils.device.camera - [camera.py:39] - DEBUG - Average HSV: H=115.7, S=115.7, V=197.6
2026-06-26 03:53:16,644 - mazeUtils.moveTile - [moveTile.py:90] - DEBUG - [2611.631902] moveTile calculated motor speeds left=100 right=79 gyroSteer=20.160000000000082 wallSteer=0.0 (+20.0 ms)
2026-06-26 03:53:16,664 - mazeUtils.moveTile - [moveTile.py:90] - DEBUG - [2611.652469] moveTile applied motor speed left=100 right=79 (+20.6 ms)
2026-06-26 03:53:16,665 - mazeUtils.moveTile - [moveTile.py:90] - DEBUG - [2611.653209] moveTile ramp check isBigRamp=True (+0.7 ms)
2026-06-26 03:53:16,669 - mazeUtils.moveTile - [moveTile.py:90] - DEBUG - [2611.657378] moveTile tile color check tempTileColor=E (+4.2 ms)
2026-06-26 03:53:16,672 - mazeUtils.moveTile - [moveTile.py:90] - DEBUG - [2611.659860] moveTile obstacle check escapeFlag=False (+2.5 ms)
2026-06-26 03:53:16,676 - mazeUtils.moveTile - [moveTile.py:79] - DEBUG - roll: 30.74000000000001 deg, practicalMoveTime: 0.8770343035603783 sec
2026-06-26 03:53:16,677 - mazeUtils.moveTile - [moveTile.py:1907] - DEBUG - moveTile loop time: 53.4 ms
2026-06-26 03:53:16,678 - mazeUtils.moveTile - [moveTile.py:90] - DEBUG - [2611.665857] moveTile loop end practicalMoveTime=0.877 (+6.0 ms)
2026-06-26 03:53:16,678 - mazeUtils.moveTile - [moveTile.py:90] - DEBUG - [2611.666297] moveTile loop start (+0.4 ms)
2026-06-26 03:53:16,683 - picamera2.picamera2 - [picamera2.py:1391] - DEBUG - Execute job: <picamera2.job.Job object at 0x7f820638d0>
2026-06-26 03:53:16,690 - mazeUtils.device.camera - [camera.py:39] - DEBUG - Average HSV: H=115.5, S=116.8, V=200.0
2026-06-26 03:53:16,696 - mazeUtils.moveTile - [moveTile.py:90] - DEBUG - [2611.684435] moveTile calculated motor speeds left=100 right=77 gyroSteer=22.40000000000009 wallSteer=0.0 (+18.1 ms)
2026-06-26 03:53:16,717 - mazeUtils.moveTile - [moveTile.py:90] - DEBUG - [2611.704951] moveTile applied motor speed left=100 right=77 (+20.5 ms)
2026-06-26 03:53:16,717 - mazeUtils.moveTile - [moveTile.py:90] - DEBUG - [2611.705726] moveTile ramp check isBigRamp=True (+0.8 ms)
2026-06-26 03:53:16,723 - mazeUtils.moveTile - [moveTile.py:90] - DEBUG - [2611.711056] moveTile tile color check tempTileColor=E (+5.3 ms)
2026-06-26 03:53:16,724 - mazeUtils.moveTile - [moveTile.py:90] - DEBUG - [2611.712212] moveTile obstacle check escapeFlag=False (+1.2 ms)
2026-06-26 03:53:16,733 - mazeUtils.moveTile - [moveTile.py:79] - DEBUG - roll: 30.74000000000001 deg, practicalMoveTime: 0.915226150313477 sec
2026-06-26 03:53:16,734 - mazeUtils.moveTile - [moveTile.py:1907] - DEBUG - moveTile loop time: 55.9 ms
2026-06-26 03:53:16,735 - mazeUtils.moveTile - [moveTile.py:90] - DEBUG - [2611.722946] moveTile loop end practicalMoveTime=0.915 (+10.7 ms)
2026-06-26 03:53:16,735 - mazeUtils.moveTile - [moveTile.py:90] - DEBUG - [2611.723447] moveTile loop start (+0.5 ms)
2026-06-26 03:53:16,743 - picamera2.picamera2 - [picamera2.py:1391] - DEBUG - Execute job: <picamera2.job.Job object at 0x7f82062e50>
2026-06-26 03:53:16,749 - mazeUtils.device.camera - [camera.py:39] - DEBUG - Average HSV: H=115.4, S=117.2, V=202.0
2026-06-26 03:53:16,754 - mazeUtils.moveTile - [moveTile.py:90] - DEBUG - [2611.742152] moveTile calculated motor speeds left=100 right=96 gyroSteer=13.120000000000118 wallSteer=-10.0 (+18.7 ms)
2026-06-26 03:53:16,774 - mazeUtils.moveTile - [moveTile.py:90] - DEBUG - [2611.762644] moveTile applied motor speed left=100 right=96 (+20.5 ms)
2026-06-26 03:53:16,775 - mazeUtils.moveTile - [moveTile.py:90] - DEBUG - [2611.763367] moveTile ramp check isBigRamp=True (+0.7 ms)
2026-06-26 03:53:16,779 - mazeUtils.moveTile - [moveTile.py:90] - DEBUG - [2611.767373] moveTile tile color check tempTileColor=E (+4.0 ms)
2026-06-26 03:53:16,780 - mazeUtils.moveTile - [moveTile.py:90] - DEBUG - [2611.768438] moveTile obstacle check escapeFlag=False (+1.1 ms)
2026-06-26 03:53:16,788 - mazeUtils.moveTile - [moveTile.py:79] - DEBUG - roll: 31.41999999999996 deg, practicalMoveTime: 0.9518786284696443 sec
2026-06-26 03:53:16,789 - mazeUtils.moveTile - [moveTile.py:1907] - DEBUG - moveTile loop time: 53.8 ms
2026-06-26 03:53:16,790 - mazeUtils.moveTile - [moveTile.py:90] - DEBUG - [2611.777891] moveTile loop end practicalMoveTime=0.952 (+9.5 ms)
2026-06-26 03:53:16,790 - mazeUtils.moveTile - [moveTile.py:90] - DEBUG - [2611.778407] moveTile loop start (+0.5 ms)
2026-06-26 03:53:16,796 - picamera2.picamera2 - [picamera2.py:1391] - DEBUG - Execute job: <picamera2.job.Job object at 0x7f82063f10>
2026-06-26 03:53:16,802 - mazeUtils.device.camera - [camera.py:39] - DEBUG - Average HSV: H=115.3, S=116.7, V=204.7
2026-06-26 03:53:16,811 - mazeUtils.moveTile - [moveTile.py:90] - DEBUG - [2611.799041] moveTile calculated motor speeds left=100 right=94 gyroSteer=15.480000000000018 wallSteer=-10.0 (+20.6 ms)
2026-06-26 03:53:16,832 - mazeUtils.moveTile - [moveTile.py:90] - DEBUG - [2611.819773] moveTile applied motor speed left=100 right=94 (+20.7 ms)
2026-06-26 03:53:16,832 - mazeUtils.moveTile - [moveTile.py:90] - DEBUG - [2611.820594] moveTile ramp check isBigRamp=True (+0.8 ms)
2026-06-26 03:53:16,836 - mazeUtils.moveTile - [moveTile.py:90] - DEBUG - [2611.824265] moveTile tile color check tempTileColor=E (+3.7 ms)
2026-06-26 03:53:16,837 - mazeUtils.moveTile - [moveTile.py:90] - DEBUG - [2611.825637] moveTile obstacle check escapeFlag=False (+1.4 ms)
2026-06-26 03:53:16,842 - mazeUtils.moveTile - [moveTile.py:79] - DEBUG - roll: 31.379999999999995 deg, practicalMoveTime: 0.9881623622262004 sec
2026-06-26 03:53:16,843 - mazeUtils.moveTile - [moveTile.py:1907] - DEBUG - moveTile loop time: 52.7 ms
2026-06-26 03:53:16,843 - mazeUtils.moveTile - [moveTile.py:90] - DEBUG - [2611.831714] moveTile loop end practicalMoveTime=0.988 (+6.1 ms)
2026-06-26 03:53:16,844 - mazeUtils.moveTile - [moveTile.py:90] - DEBUG - [2611.832353] moveTile loop start (+0.6 ms)
2026-06-26 03:53:16,850 - picamera2.picamera2 - [picamera2.py:1391] - DEBUG - Execute job: <picamera2.job.Job object at 0x7f6090eed0>
2026-06-26 03:53:16,856 - mazeUtils.device.camera - [camera.py:39] - DEBUG - Average HSV: H=115.2, S=117.4, V=205.1
2026-06-26 03:53:16,861 - mazeUtils.moveTile - [moveTile.py:90] - DEBUG - [2611.848943] moveTile calculated motor speeds left=100 right=92 gyroSteer=17.799999999999955 wallSteer=-10.0 (+16.6 ms)
2026-06-26 03:53:16,883 - mazeUtils.moveTile - [moveTile.py:90] - DEBUG - [2611.871037] moveTile applied motor speed left=100 right=92 (+22.1 ms)
2026-06-26 03:53:16,884 - mazeUtils.moveTile - [moveTile.py:90] - DEBUG - [2611.871844] moveTile ramp check isBigRamp=True (+0.8 ms)
2026-06-26 03:53:16,888 - mazeUtils.moveTile - [moveTile.py:90] - DEBUG - [2611.876243] moveTile tile color check tempTileColor=E (+4.4 ms)
2026-06-26 03:53:16,889 - mazeUtils.moveTile - [moveTile.py:90] - DEBUG - [2611.876965] moveTile obstacle check escapeFlag=False (+0.7 ms)
2026-06-26 03:53:16,894 - mazeUtils.moveTile - [moveTile.py:79] - DEBUG - roll: 29.579999999999984 deg, practicalMoveTime: 1.0233186776889058 sec
2026-06-26 03:53:16,895 - mazeUtils.moveTile - [moveTile.py:1907] - DEBUG - moveTile loop time: 51.1 ms
2026-06-26 03:53:16,896 - mazeUtils.moveTile - [moveTile.py:90] - DEBUG - [2611.884097] moveTile loop end practicalMoveTime=1.023 (+7.1 ms)
2026-06-26 03:53:16,897 - mazeUtils.moveTile - [moveTile.py:90] - DEBUG - [2611.885129] moveTile loop start (+1.0 ms)
2026-06-26 03:53:16,905 - picamera2.picamera2 - [picamera2.py:1391] - DEBUG - Execute job: <picamera2.job.Job object at 0x7f81fc0490>
2026-06-26 03:53:16,911 - mazeUtils.device.camera - [camera.py:39] - DEBUG - Average HSV: H=114.8, S=121.9, V=206.8
2026-06-26 03:53:16,918 - mazeUtils.moveTile - [moveTile.py:90] - DEBUG - [2611.905865] moveTile calculated motor speeds left=100 right=93 gyroSteer=16.480000000000018 wallSteer=-10.0 (+20.7 ms)
2026-06-26 03:53:16,938 - mazeUtils.moveTile - [moveTile.py:90] - DEBUG - [2611.925971] moveTile applied motor speed left=100 right=93 (+20.1 ms)
2026-06-26 03:53:16,938 - mazeUtils.moveTile - [moveTile.py:90] - DEBUG - [2611.926754] moveTile ramp check isBigRamp=True (+0.8 ms)
2026-06-26 03:53:16,943 - mazeUtils.moveTile - [moveTile.py:90] - DEBUG - [2611.931390] moveTile tile color check tempTileColor=E (+4.6 ms)
2026-06-26 03:53:16,944 - mazeUtils.moveTile - [moveTile.py:90] - DEBUG - [2611.932173] moveTile obstacle check escapeFlag=False (+0.8 ms)
2026-06-26 03:53:16,951 - mazeUtils.moveTile - [moveTile.py:79] - DEBUG - roll: 23.810000000000002 deg, practicalMoveTime: 1.0634156793853768 sec
2026-06-26 03:53:16,952 - mazeUtils.moveTile - [moveTile.py:1907] - DEBUG - moveTile loop time: 54.6 ms
2026-06-26 03:53:16,952 - mazeUtils.moveTile - [moveTile.py:90] - DEBUG - [2611.940549] moveTile loop end practicalMoveTime=1.063 (+8.4 ms)
2026-06-26 03:53:16,953 - mazeUtils.moveTile - [moveTile.py:90] - DEBUG - [2611.941021] moveTile loop start (+0.5 ms)
2026-06-26 03:53:16,958 - picamera2.picamera2 - [picamera2.py:1391] - DEBUG - Execute job: <picamera2.job.Job object at 0x7f6090eed0>
2026-06-26 03:53:16,964 - mazeUtils.device.camera - [camera.py:39] - DEBUG - Average HSV: H=113.7, S=142.2, V=213.1
2026-06-26 03:53:16,971 - mazeUtils.moveTile - [moveTile.py:90] - DEBUG - [2611.959337] moveTile calculated motor speeds left=100 right=91 gyroSteer=18.720000000000027 wallSteer=-10.0 (+18.3 ms)
2026-06-26 03:53:16,993 - mazeUtils.moveTile - [moveTile.py:90] - DEBUG - [2611.981669] moveTile applied motor speed left=100 right=91 (+22.3 ms)
2026-06-26 03:53:16,994 - mazeUtils.moveTile - [moveTile.py:90] - DEBUG - [2611.982439] moveTile ramp check isBigRamp=True (+0.8 ms)
2026-06-26 03:53:16,998 - mazeUtils.moveTile - [moveTile.py:90] - DEBUG - [2611.986197] moveTile tile color check tempTileColor=E (+3.8 ms)
2026-06-26 03:53:16,999 - mazeUtils.moveTile - [moveTile.py:90] - DEBUG - [2611.986838] moveTile obstacle check escapeFlag=False (+0.6 ms)
2026-06-26 03:53:17,003 - mazeUtils.moveTile - [moveTile.py:79] - DEBUG - roll: 19.860000000000014 deg, practicalMoveTime: 1.1020147596521557 sec
2026-06-26 03:53:17,005 - mazeUtils.moveTile - [moveTile.py:1907] - DEBUG - moveTile loop time: 51.8 ms
2026-06-26 03:53:17,005 - mazeUtils.moveTile - [moveTile.py:90] - DEBUG - [2611.993452] moveTile loop end practicalMoveTime=1.102 (+6.6 ms)
2026-06-26 03:53:17,006 - mazeUtils.moveTile - [moveTile.py:90] - DEBUG - [2611.993953] moveTile loop start (+0.5 ms)
2026-06-26 03:53:17,012 - picamera2.picamera2 - [picamera2.py:1391] - DEBUG - Execute job: <picamera2.job.Job object at 0x7f6090c650>
2026-06-26 03:53:17,019 - mazeUtils.device.camera - [camera.py:39] - DEBUG - Average HSV: H=113.5, S=155.9, V=209.5
2026-06-26 03:53:17,027 - mazeUtils.moveTile - [moveTile.py:90] - DEBUG - [2612.015668] moveTile calculated motor speeds left=100 right=95 gyroSteer=15.0 wallSteer=-10.0 (+21.7 ms)
2026-06-26 03:53:17,047 - mazeUtils.moveTile - [moveTile.py:90] - DEBUG - [2612.035042] moveTile applied motor speed left=100 right=95 (+19.4 ms)
2026-06-26 03:53:17,048 - mazeUtils.moveTile - [moveTile.py:90] - DEBUG - [2612.035849] moveTile ramp check isBigRamp=True (+0.8 ms)
2026-06-26 03:53:17,052 - mazeUtils.moveTile - [moveTile.py:90] - DEBUG - [2612.040378] moveTile tile color check tempTileColor=L (+4.5 ms)
2026-06-26 03:53:17,053 - mazeUtils.moveTile - [moveTile.py:90] - DEBUG - [2612.041467] moveTile obstacle check escapeFlag=False (+1.1 ms)
2026-06-26 03:53:17,058 - mazeUtils.moveTile - [moveTile.py:79] - DEBUG - roll: 12.039999999999964 deg, practicalMoveTime: 1.1437580162052892 sec
2026-06-26 03:53:17,059 - mazeUtils.moveTile - [moveTile.py:1907] - DEBUG - moveTile loop time: 53.5 ms
2026-06-26 03:53:17,060 - mazeUtils.moveTile - [moveTile.py:90] - DEBUG - [2612.048241] moveTile loop end practicalMoveTime=1.144 (+6.8 ms)
2026-06-26 03:53:17,061 - mazeUtils.moveTile - [moveTile.py:90] - DEBUG - [2612.048858] moveTile loop start (+0.6 ms)
2026-06-26 03:53:17,069 - picamera2.picamera2 - [picamera2.py:1391] - DEBUG - Execute job: <picamera2.job.Job object at 0x7f81fc0490>
2026-06-26 03:53:17,076 - mazeUtils.device.camera - [camera.py:39] - DEBUG - Average HSV: H=113.6, S=241.3, V=182.4
2026-06-26 03:53:17,082 - mazeUtils.moveTile - [moveTile.py:90] - DEBUG - [2612.070182] moveTile calculated motor speeds left=100 right=93 gyroSteer=16.680000000000064 wallSteer=-10.0 (+21.3 ms)
2026-06-26 03:53:17,103 - mazeUtils.moveTile - [moveTile.py:90] - DEBUG - [2612.091369] moveTile applied motor speed left=100 right=93 (+21.2 ms)
2026-06-26 03:53:17,105 - mazeUtils.moveTile - [moveTile.py:90] - DEBUG - [2612.092857] moveTile ramp check isBigRamp=False (+1.5 ms)
2026-06-26 03:53:17,108 - mazeUtils.moveTile - [moveTile.py:90] - DEBUG - [2612.096699] moveTile tile color check tempTileColor=L (+3.8 ms)
2026-06-26 03:53:17,109 - mazeUtils.moveTile - [moveTile.py:90] - DEBUG - [2612.097428] moveTile obstacle check escapeFlag=False (+0.7 ms)
2026-06-26 03:53:17,114 - mazeUtils.moveTile - [moveTile.py:79] - DEBUG - roll: 10.759999999999991 deg, practicalMoveTime: 1.186428030035137 sec
2026-06-26 03:53:17,115 - mazeUtils.moveTile - [moveTile.py:1907] - DEBUG - moveTile loop time: 53.9 ms
2026-06-26 03:53:17,115 - mazeUtils.moveTile - [moveTile.py:90] - DEBUG - [2612.103360] moveTile loop end practicalMoveTime=1.186 (+5.9 ms)
2026-06-26 03:53:17,115 - mazeUtils.moveTile - [moveTile.py:90] - DEBUG - [2612.103798] moveTile loop start (+0.4 ms)
2026-06-26 03:53:17,123 - picamera2.picamera2 - [picamera2.py:1391] - DEBUG - Execute job: <picamera2.job.Job object at 0x7f6090eed0>
2026-06-26 03:53:17,130 - mazeUtils.device.camera - [camera.py:39] - DEBUG - Average HSV: H=113.5, S=235.8, V=186.1
2026-06-26 03:53:17,136 - mazeUtils.moveTile - [moveTile.py:90] - DEBUG - [2612.123990] moveTile calculated motor speeds left=100 right=97 gyroSteer=12.080000000000155 wallSteer=-10.0 (+20.2 ms)
2026-06-26 03:53:17,157 - mazeUtils.moveTile - [moveTile.py:90] - DEBUG - [2612.144879] moveTile applied motor speed left=100 right=97 (+20.9 ms)
2026-06-26 03:53:17,157 - mazeUtils.moveTile - [moveTile.py:90] - DEBUG - [2612.145761] moveTile ramp check isBigRamp=False (+0.9 ms)
2026-06-26 03:53:17,161 - mazeUtils.moveTile - [moveTile.py:90] - DEBUG - [2612.149746] moveTile tile color check tempTileColor=L (+4.0 ms)
2026-06-26 03:53:17,162 - mazeUtils.moveTile - [moveTile.py:90] - DEBUG - [2612.150381] moveTile obstacle check escapeFlag=False (+0.6 ms)
2026-06-26 03:53:17,168 - mazeUtils.moveTile - [moveTile.py:79] - DEBUG - roll: 4.740000000000009 deg, practicalMoveTime: 1.2284353837781383 sec
2026-06-26 03:53:17,169 - mazeUtils.moveTile - [moveTile.py:1907] - DEBUG - moveTile loop time: 53.4 ms
2026-06-26 03:53:17,170 - mazeUtils.moveTile - [moveTile.py:90] - DEBUG - [2612.157837] moveTile loop end practicalMoveTime=1.228 (+7.5 ms)
2026-06-26 03:53:17,170 - mazeUtils.moveTile - [moveTile.py:90] - DEBUG - [2612.158247] moveTile loop start (+0.4 ms)
2026-06-26 03:53:17,178 - picamera2.picamera2 - [picamera2.py:1391] - DEBUG - Execute job: <picamera2.job.Job object at 0x7f82063550>
2026-06-26 03:53:17,185 - mazeUtils.device.camera - [camera.py:39] - DEBUG - Average HSV: H=114.8, S=254.9, V=192.6
2026-06-26 03:53:17,192 - mazeUtils.moveTile - [moveTile.py:90] - DEBUG - [2612.179794] moveTile calculated motor speeds left=100 right=96 gyroSteer=12.960000000000036 wallSteer=-9.599999999999998 (+21.5 ms)
2026-06-26 03:53:17,211 - mazeUtils.moveTile - [moveTile.py:90] - DEBUG - [2612.199496] moveTile applied motor speed left=100 right=96 (+19.7 ms)
2026-06-26 03:53:17,212 - mazeUtils.moveTile - [moveTile.py:90] - DEBUG - [2612.200605] moveTile ramp check isBigRamp=False (+1.1 ms)
2026-06-26 03:53:17,216 - mazeUtils.moveTile - [moveTile.py:90] - DEBUG - [2612.204107] moveTile tile color check tempTileColor=L (+3.5 ms)
2026-06-26 03:53:17,216 - mazeUtils.moveTile - [moveTile.py:90] - DEBUG - [2612.204717] moveTile obstacle check escapeFlag=False (+0.6 ms)
2026-06-26 03:53:17,226 - mazeUtils.moveTile - [moveTile.py:79] - DEBUG - roll: 2.269999999999982 deg, practicalMoveTime: 1.284891848282038 sec
2026-06-26 03:53:17,226 - mazeUtils.moveTile - [moveTile.py:1907] - DEBUG - moveTile loop time: 56.4 ms
2026-06-26 03:53:17,227 - mazeUtils.moveTile - [moveTile.py:90] - DEBUG - [2612.215232] moveTile loop end practicalMoveTime=1.285 (+10.5 ms)
2026-06-26 03:53:17,227 - mazeUtils.moveTile - [moveTile.py:90] - DEBUG - [2612.215651] moveTile loop start (+0.4 ms)
2026-06-26 03:53:17,234 - picamera2.picamera2 - [picamera2.py:1391] - DEBUG - Execute job: <picamera2.job.Job object at 0x7f82063f10>
2026-06-26 03:53:17,240 - mazeUtils.device.camera - [camera.py:39] - DEBUG - Average HSV: H=115.8, S=254.9, V=197.4
2026-06-26 03:53:17,247 - mazeUtils.moveTile - [moveTile.py:90] - DEBUG - [2612.235029] moveTile calculated motor speeds left=100 right=94 gyroSteer=14.600000000000136 wallSteer=-8.8 (+19.4 ms)
2026-06-26 03:53:17,273 - mazeUtils.moveTile - [moveTile.py:90] - DEBUG - [2612.261600] moveTile applied motor speed left=100 right=94 (+26.6 ms)
2026-06-26 03:53:17,274 - mazeUtils.moveTile - [moveTile.py:90] - DEBUG - [2612.262341] moveTile ramp check isBigRamp=False (+0.7 ms)
2026-06-26 03:53:17,278 - mazeUtils.moveTile - [moveTile.py:90] - DEBUG - [2612.265796] moveTile tile color check tempTileColor=L (+3.5 ms)
2026-06-26 03:53:17,279 - mazeUtils.moveTile - [moveTile.py:90] - DEBUG - [2612.266988] moveTile obstacle check escapeFlag=False (+1.2 ms)
2026-06-26 03:53:17,286 - mazeUtils.moveTile - [moveTile.py:79] - DEBUG - roll: 0.5999999999999659 deg, practicalMoveTime: 1.344330566569424 sec
2026-06-26 03:53:17,287 - mazeUtils.moveTile - [moveTile.py:1907] - DEBUG - moveTile loop time: 59.4 ms
2026-06-26 03:53:17,287 - mazeUtils.moveTile - [moveTile.py:90] - DEBUG - [2612.275575] moveTile loop end practicalMoveTime=1.344 (+8.6 ms)
2026-06-26 03:53:17,288 - mazeUtils.moveTile - [moveTile.py:90] - DEBUG - [2612.275999] moveTile loop start (+0.4 ms)
2026-06-26 03:53:17,294 - picamera2.picamera2 - [picamera2.py:1391] - DEBUG - Execute job: <picamera2.job.Job object at 0x7f6090eed0>
2026-06-26 03:53:17,300 - mazeUtils.device.camera - [camera.py:39] - DEBUG - Average HSV: H=115.8, S=254.9, V=200.9
2026-06-26 03:53:17,315 - mazeUtils.moveTile - [moveTile.py:90] - DEBUG - [2612.303208] moveTile calculated motor speeds left=100 right=96 gyroSteer=10.720000000000027 wallSteer=-7.199999999999999 (+27.2 ms)
2026-06-26 03:53:17,341 - mazeUtils.moveTile - [moveTile.py:90] - DEBUG - [2612.329017] moveTile applied motor speed left=100 right=96 (+25.8 ms)
2026-06-26 03:53:17,342 - mazeUtils.moveTile - [moveTile.py:90] - DEBUG - [2612.330298] moveTile ramp check isBigRamp=False (+1.3 ms)
2026-06-26 03:53:17,347 - mazeUtils.moveTile - [moveTile.py:90] - DEBUG - [2612.335205] moveTile tile color check tempTileColor=L (+4.9 ms)
2026-06-26 03:53:17,348 - mazeUtils.moveTile - [moveTile.py:90] - DEBUG - [2612.335905] moveTile obstacle check escapeFlag=False (+0.7 ms)
2026-06-26 03:53:17,355 - mazeUtils.moveTile - [moveTile.py:79] - DEBUG - roll: 359.12 deg, practicalMoveTime: 1.4124636971789422 sec
2026-06-26 03:53:17,356 - mazeUtils.moveTile - [moveTile.py:1907] - DEBUG - moveTile loop time: 68.2 ms
2026-06-26 03:53:17,357 - mazeUtils.moveTile - [moveTile.py:90] - DEBUG - [2612.345085] moveTile loop end practicalMoveTime=1.412 (+9.2 ms)
2026-06-26 03:53:17,357 - mazeUtils.moveTile - [moveTile.py:90] - DEBUG - [2612.345565] moveTile loop start (+0.5 ms)
2026-06-26 03:53:17,371 - picamera2.picamera2 - [picamera2.py:1391] - DEBUG - Execute job: <picamera2.job.Job object at 0x7f81fc0490>
2026-06-26 03:53:17,377 - mazeUtils.device.camera - [camera.py:39] - DEBUG - Average HSV: H=116.5, S=254.9, V=205.2
2026-06-26 03:53:17,382 - mazeUtils.moveTile - [moveTile.py:90] - DEBUG - [2612.370465] moveTile calculated motor speeds left=100 right=96 gyroSteer=12.440000000000055 wallSteer=-9.2 (+24.9 ms)
2026-06-26 03:53:17,406 - mazeUtils.moveTile - [moveTile.py:90] - DEBUG - [2612.394115] moveTile applied motor speed left=100 right=96 (+23.7 ms)
2026-06-26 03:53:17,407 - mazeUtils.moveTile - [moveTile.py:90] - DEBUG - [2612.395358] moveTile ramp check isBigRamp=False (+1.2 ms)
2026-06-26 03:53:17,412 - mazeUtils.moveTile - [moveTile.py:90] - DEBUG - [2612.400639] moveTile tile color check tempTileColor=L (+5.3 ms)
2026-06-26 03:53:17,413 - mazeUtils.moveTile - [moveTile.py:90] - DEBUG - [2612.401729] moveTile obstacle check escapeFlag=False (+1.1 ms)
2026-06-26 03:53:17,420 - mazeUtils.moveTile - [moveTile.py:79] - DEBUG - roll: 358.78999999999996 deg, practicalMoveTime: 1.4760200514933512 sec
2026-06-26 03:53:17,421 - mazeUtils.moveTile - [moveTile.py:1907] - DEBUG - moveTile loop time: 63.2 ms
2026-06-26 03:53:17,421 - mazeUtils.moveTile - [moveTile.py:90] - DEBUG - [2612.409672] moveTile loop end practicalMoveTime=1.476 (+7.9 ms)
2026-06-26 03:53:17,422 - mazeUtils.moveTile - [moveTile.py:90] - DEBUG - [2612.410330] moveTile loop start (+0.7 ms)
2026-06-26 03:53:17,427 - picamera2.picamera2 - [picamera2.py:1391] - DEBUG - Execute job: <picamera2.job.Job object at 0x7f82062e90>
2026-06-26 03:53:17,434 - mazeUtils.device.camera - [camera.py:39] - DEBUG - Average HSV: H=116.4, S=254.9, V=208.9
2026-06-26 03:53:17,447 - mazeUtils.moveTile - [moveTile.py:90] - DEBUG - [2612.435223] moveTile calculated motor speeds left=100 right=95 gyroSteer=13.519999999999982 wallSteer=-9.2 (+24.9 ms)
2026-06-26 03:53:17,474 - mazeUtils.moveTile - [moveTile.py:90] - DEBUG - [2612.462046] moveTile applied motor speed left=100 right=95 (+26.8 ms)
2026-06-26 03:53:17,474 - mazeUtils.moveTile - [moveTile.py:90] - DEBUG - [2612.462773] moveTile ramp check isBigRamp=False (+0.7 ms)
2026-06-26 03:53:17,478 - mazeUtils.moveTile - [moveTile.py:90] - DEBUG - [2612.466327] moveTile tile color check tempTileColor=L (+3.6 ms)
2026-06-26 03:53:17,479 - mazeUtils.moveTile - [moveTile.py:90] - DEBUG - [2612.467011] moveTile obstacle check escapeFlag=False (+0.7 ms)
2026-06-26 03:53:17,485 - mazeUtils.moveTile - [moveTile.py:79] - DEBUG - roll: 358.2 deg, practicalMoveTime: 1.5405108439833701 sec
2026-06-26 03:53:17,486 - mazeUtils.moveTile - [moveTile.py:1907] - DEBUG - moveTile loop time: 63.9 ms
2026-06-26 03:53:17,487 - mazeUtils.moveTile - [moveTile.py:90] - DEBUG - [2612.474930] moveTile loop end practicalMoveTime=1.541 (+7.9 ms)
2026-06-26 03:53:17,487 - mazeUtils.moveTile - [moveTile.py:90] - DEBUG - [2612.475393] moveTile loop start (+0.5 ms)
2026-06-26 03:53:17,493 - picamera2.picamera2 - [picamera2.py:1391] - DEBUG - Execute job: <picamera2.job.Job object at 0x7f82063f10>
2026-06-26 03:53:17,499 - mazeUtils.device.camera - [camera.py:39] - DEBUG - Average HSV: H=116.9, S=254.9, V=213.5
2026-06-26 03:53:17,506 - mazeUtils.moveTile - [moveTile.py:90] - DEBUG - [2612.494756] moveTile calculated motor speeds left=99 right=100 gyroSteer=8.840000000000146 wallSteer=-9.599999999999998 (+19.4 ms)
2026-06-26 03:53:17,526 - mazeUtils.moveTile - [moveTile.py:90] - DEBUG - [2612.514427] moveTile applied motor speed left=99 right=100 (+19.7 ms)
2026-06-26 03:53:17,527 - mazeUtils.moveTile - [moveTile.py:90] - DEBUG - [2612.515193] moveTile ramp check isBigRamp=False (+0.8 ms)
2026-06-26 03:53:17,532 - mazeUtils.moveTile - [moveTile.py:90] - DEBUG - [2612.520245] moveTile tile color check tempTileColor=L (+5.1 ms)
2026-06-26 03:53:17,533 - mazeUtils.moveTile - [moveTile.py:90] - DEBUG - [2612.521300] moveTile obstacle check escapeFlag=False (+1.1 ms)
2026-06-26 03:53:17,546 - mazeUtils.moveTile - [moveTile.py:79] - DEBUG - roll: 358.96 deg, practicalMoveTime: 1.6003370617294128 sec
2026-06-26 03:53:17,547 - mazeUtils.moveTile - [moveTile.py:1907] - DEBUG - moveTile loop time: 60.1 ms
2026-06-26 03:53:17,548 - mazeUtils.moveTile - [moveTile.py:90] - DEBUG - [2612.536679] moveTile loop end practicalMoveTime=1.600 (+15.4 ms)
2026-06-26 03:53:17,549 - mazeUtils.moveTile - [moveTile.py:90] - DEBUG - [2612.537449] moveTile loop start (+0.8 ms)
2026-06-26 03:53:17,559 - picamera2.picamera2 - [picamera2.py:1391] - DEBUG - Execute job: <picamera2.job.Job object at 0x7f820638d0>
2026-06-26 03:53:17,566 - mazeUtils.device.camera - [camera.py:39] - DEBUG - Average HSV: H=115.0, S=237.6, V=195.4
2026-06-26 03:53:17,573 - mazeUtils.moveTile - [moveTile.py:90] - DEBUG - [2612.561161] moveTile calculated motor speeds left=99 right=100 gyroSteer=9.279999999999973 wallSteer=-9.599999999999998 (+23.7 ms)
2026-06-26 03:53:17,594 - mazeUtils.moveTile - [moveTile.py:90] - DEBUG - [2612.582069] moveTile applied motor speed left=99 right=100 (+20.9 ms)
2026-06-26 03:53:17,595 - mazeUtils.moveTile - [moveTile.py:90] - DEBUG - [2612.582885] moveTile ramp check isBigRamp=False (+0.8 ms)
2026-06-26 03:53:17,599 - mazeUtils.moveTile - [moveTile.py:90] - DEBUG - [2612.587147] moveTile tile color check tempTileColor=L (+4.3 ms)
2026-06-26 03:53:17,599 - mazeUtils.moveTile - [moveTile.py:90] - DEBUG - [2612.587813] moveTile obstacle check escapeFlag=False (+0.7 ms)
2026-06-26 03:53:17,609 - mazeUtils.moveTile - [moveTile.py:1755] - INFO - practicalVerticalMove: 14.017067868431875 CM
2026-06-26 03:53:17,636 - mazeUtils.moveTile - [moveTile.py:90] - DEBUG - [2612.624351] moveTile finished by time control (+36.5 ms)
2026-06-26 03:53:17,637 - mazeUtils.moveTile - [moveTile.py:90] - DEBUG - [2612.625116] moveTile start final forward adjustment (+37.3 ms)
2026-06-26 03:53:17,665 - mazeUtils.moveTile - [moveTile.py:79] - DEBUG - Little forward to adjust position
2026-06-26 03:53:17,832 - mazeUtils.moveTile - [moveTile.py:90] - DEBUG - [2612.820120] moveTile finished final forward adjustment (+195.0 ms)
2026-06-26 03:53:17,833 - mazeUtils.moveTile - [moveTile.py:2025] - INFO - Set slope for tile at absDirection.EAST, horizontal: 30 cm, vertical: 15 cm based on roll 31.279999999999973 deg
2026-06-26 03:53:17,982 - mazeUtils.moveTile - [moveTile.py:563] - DEBUG - Direction: absDirection.NORTH, Angle: 90, Distance: 19.308884582753883 cm
2026-06-26 03:53:17,983 - mazeUtils.moveTile - [moveTile.py:563] - DEBUG - Direction: absDirection.EAST, Angle: 0, Distance: 13.291898189972647 cm
2026-06-26 03:53:17,985 - mazeUtils.moveTile - [moveTile.py:570] - INFO - angle: 0, result: judgeWallResult.WALL
2026-06-26 03:53:17,986 - mazeUtils.moveTile - [moveTile.py:573] - DEBUG - Front LiDAR distance: 13.291898189972647 cm, TSD10 distance: 2.0 cm
2026-06-26 03:53:17,988 - mazeUtils.moveTile - [moveTile.py:563] - DEBUG - Direction: absDirection.SOUTH, Angle: 270, Distance: 16.357470636494757 cm
2026-06-26 03:53:17,989 - mazeUtils.moveTile - [moveTile.py:563] - DEBUG - Direction: absDirection.WEST, Angle: 180, Distance: 192.4546927452314 cm
2026-06-26 03:53:17,990 - mazeUtils.moveTile - [moveTile.py:90] - DEBUG - [2612.978465] moveTile updated map and detected walls (+158.3 ms)
2026-06-26 03:53:17,993 - mazeUtils.moveTile - [moveTile.py:2272] - INFO - Tile color detection, decided tile type: L
2026-06-26 03:53:23,203 - mazeUtils.moveTile - [moveTile.py:2280] - INFO - Moved to (23, 19, 1), Tile type: L, Wall types: {<absDirection.NORTH: 0>: <wallType.WALL: 2>, <absDirection.EAST: 270>: <wallType.WALL: 2>, <absDirection.SOUTH: 180>: <wallType.WALL: 2>, <absDirection.WEST: 90>: <wallType.NO_WALL: 1>}
2026-06-26 03:53:23,204 - mazeUtils.moveTile - [moveTile.py:90] - DEBUG - [2618.191946] moveTile finished (+5371.8 ms)
2026-06-26 03:53:23,331 - __main__ - [main.py:106] - INFO - Current position: (23, 19, 1), front direction: absDirection.EAST
Layer 0 (altitude=0.0cm, offset=(0.0cm, 0.0cm)):
Known map area: x=20..24, y=15..20
+---+---+   +   +   +
| E   E | U   U   U  
+   +   +   +   +   +
| E   E | U   U   U  
+   +---+---+---+   +
| E   E   E   E   R |
+   +---+---+   +---+
| E   E   E   B   U  
+   +   +---+   +   +
| E   E   E   E   U  
+   +   +   +   +   +
| S | E | U   U   U  
+---+---+   +   +   +
Layer 1 (altitude=15.0cm, offset=(60.0cm, 0.0cm)):
Known map area: x=23..23, y=19..19
+---+
  @ |
+---+
mazeAsGraph[0][15][20] = {absDirection.NORTH: None, absDirection.EAST: (21, 15, 0, 30), absDirection.SOUTH: (20, 16, 0, 30), absDirection.WEST: None}
mazeAsGraph[0][15][21] = {absDirection.NORTH: None, absDirection.EAST: None, absDirection.SOUTH: (21, 16, 0, 30), absDirection.WEST: (20, 15, 0, 30)}
mazeAsGraph[0][16][20] = {absDirection.NORTH: (20, 15, 0, 30), absDirection.EAST: (21, 16, 0, 30), absDirection.SOUTH: (20, 17, 0, 30), absDirection.WEST: None}
mazeAsGraph[0][16][21] = {absDirection.NORTH: (21, 15, 0, 30), absDirection.EAST: None, absDirection.SOUTH: None, absDirection.WEST: (20, 16, 0, 30)}
mazeAsGraph[0][17][20] = {absDirection.NORTH: (20, 16, 0, 30), absDirection.EAST: (21, 17, 0, 30), absDirection.SOUTH: (20, 18, 0, 30), absDirection.WEST: None}
mazeAsGraph[0][17][21] = {absDirection.NORTH: None, absDirection.EAST: (22, 17, 0, 30), absDirection.SOUTH: (21, 18, 0, 30), absDirection.WEST: (20, 17, 0, 30)}
mazeAsGraph[0][17][22] = {absDirection.NORTH: None, absDirection.EAST: (23, 17, 0, 30), absDirection.SOUTH: None, absDirection.WEST: (21, 17, 0, 30)}
mazeAsGraph[0][17][23] = {absDirection.NORTH: None, absDirection.EAST: (24, 17, 0, 30), absDirection.SOUTH: None, absDirection.WEST: (22, 17, 0, 30)}
mazeAsGraph[0][17][24] = {absDirection.NORTH: (24, 16, 0, 30), absDirection.EAST: None, absDirection.SOUTH: None, absDirection.WEST: (23, 17, 0, 30)}
mazeAsGraph[0][18][20] = {absDirection.NORTH: (20, 17, 0, 30), absDirection.EAST: (21, 18, 0, 30), absDirection.SOUTH: (20, 19, 0, 30), absDirection.WEST: None}
mazeAsGraph[0][18][21] = {absDirection.NORTH: (21, 17, 0, 30), absDirection.EAST: (22, 18, 0, 30), absDirection.SOUTH: (21, 19, 0, 30), absDirection.WEST: (20, 18, 0, 30)}
mazeAsGraph[0][18][22] = {absDirection.NORTH: None, absDirection.EAST: None, absDirection.SOUTH: (22, 19, 0, 30), absDirection.WEST: (21, 18, 0, 30)}
mazeAsGraph[0][18][23] = {absDirection.NORTH: None, absDirection.EAST: None, absDirection.SOUTH: None, absDirection.WEST: None}
mazeAsGraph[0][19][20] = {absDirection.NORTH: (20, 18, 0, 30), absDirection.EAST: (21, 19, 0, 30), absDirection.SOUTH: (20, 20, 0, 30), absDirection.WEST: None}
mazeAsGraph[0][19][21] = {absDirection.NORTH: (21, 18, 0, 30), absDirection.EAST: (22, 19, 0, 30), absDirection.SOUTH: (21, 20, 0, 30), absDirection.WEST: (20, 19, 0, 30)}
mazeAsGraph[0][19][22] = {absDirection.NORTH: (22, 18, 0, 30), absDirection.EAST: (23, 19, 0, 30), absDirection.SOUTH: (22, 20, 0, 30), absDirection.WEST: (21, 19, 0, 30)}
mazeAsGraph[0][19][23] = {absDirection.NORTH: None, absDirection.EAST: (23, 19, 1, 60), absDirection.SOUTH: (23, 20, 0, 30), absDirection.WEST: (22, 19, 0, 30)}
mazeAsGraph[0][20][20] = {absDirection.NORTH: (20, 19, 0, 30), absDirection.EAST: None, absDirection.SOUTH: None, absDirection.WEST: None}
mazeAsGraph[0][20][21] = {absDirection.NORTH: (21, 19, 0, 30), absDirection.EAST: None, absDirection.SOUTH: None, absDirection.WEST: None}
mazeAsGraph[1][19][23] = {absDirection.NORTH: None, absDirection.EAST: None, absDirection.SOUTH: None, absDirection.WEST: (23, 19, 0, 60)}
2026-06-26 03:53:23,341 - mazeUtils.mazeMap - [mazeMap.py:61] - INFO - next goal: (23, 20, 0)
2026-06-26 03:53:23,345 - mazeUtils.mazeMap - [mazeMap.py:61] - INFO - next goal: (20, 20, 0)
2026-06-26 03:53:23,347 - mazeUtils.moveTile - [moveTile.py:88] - DEBUG - [2618.335720] moveTile start direction=absDirection.WEST position=(23, 19, 1) front=absDirection.EAST
2026-06-26 03:53:23,359 - mazeUtils.moveTile - [moveTile.py:90] - DEBUG - [2618.347750] moveTile after initial toggle check (+12.0 ms)
2026-06-26 03:53:23,362 - mazeUtils.moveTile - [moveTile.py:90] - DEBUG - [2618.350651] moveTile after tile checks isRedTile=False isUnknownTileAhead=False (+2.9 ms)
2026-06-26 03:53:23,363 - mazeUtils.moveTile - [moveTile.py:79] - DEBUG - Moving to absDirection.WEST from (23, 19, 1) facing absDirection.EAST
2026-06-26 03:53:23,364 - mazeUtils.moveTile - [moveTile.py:90] - DEBUG - [2618.352141] moveTile start heading change target=90 (+1.5 ms)
2026-06-26 03:53:23,390 - mazeUtils.moveTile - [moveTile.py:79] - DEBUG - current heading: 273.06 target: 0
2026-06-26 03:53:24,314 - mazeUtils.moveTile - [moveTile.py:435] - DEBUG - stopped turning at heading: 355.07, diff: 4.930000000000007
2026-06-26 03:53:24,364 - mazeUtils.moveTile - [moveTile.py:79] - DEBUG - Turned to heading: 358.37 deg
2026-06-26 03:53:24,393 - mazeUtils.moveTile - [moveTile.py:79] - DEBUG - current heading: 359.93 target: 90
2026-06-26 03:53:25,368 - mazeUtils.moveTile - [moveTile.py:435] - DEBUG - stopped turning at heading: 85.69, diff: 4.310000000000002
2026-06-26 03:53:25,414 - mazeUtils.moveTile - [moveTile.py:79] - DEBUG - Turned to heading: 88.33000000000004 deg
2026-06-26 03:53:25,415 - mazeUtils.moveTile - [moveTile.py:90] - DEBUG - [2620.403762] moveTile finished heading change (+2051.6 ms)
2026-06-26 03:53:25,417 - mazeUtils.moveTile - [moveTile.py:90] - DEBUG - [2620.405023] moveTile updated front direction (+1.3 ms)
2026-06-26 03:53:25,436 - mazeUtils.moveTile - [moveTile.py:90] - DEBUG - [2620.424231] moveTile stopped motors before alignment (+19.2 ms)
2026-06-26 03:53:25,595 - mazeUtils.moveTile - [moveTile.py:563] - DEBUG - Direction: absDirection.NORTH, Angle: 270, Distance: 18.626714857246405 cm
2026-06-26 03:53:25,597 - mazeUtils.moveTile - [moveTile.py:563] - DEBUG - Direction: absDirection.EAST, Angle: 180, Distance: 25.84154707161248 cm
2026-06-26 03:53:25,599 - mazeUtils.moveTile - [moveTile.py:563] - DEBUG - Direction: absDirection.SOUTH, Angle: 90, Distance: 17.30922750817399 cm
2026-06-26 03:53:25,600 - mazeUtils.moveTile - [moveTile.py:563] - DEBUG - Direction: absDirection.WEST, Angle: 0, Distance: 182.30464506840042 cm
2026-06-26 03:53:25,603 - mazeUtils.moveTile - [moveTile.py:90] - DEBUG - [2620.590913] moveTile start backward adjustment behind_wall_dist=25.84154707161248 (+166.7 ms)
2026-06-26 03:53:25,626 - mazeUtils.moveTile - [moveTile.py:79] - DEBUG - Little backward to adjust position
2026-06-26 03:53:26,097 - mazeUtils.moveTile - [moveTile.py:90] - DEBUG - [2621.084976] moveTile finished backward adjustment (+494.1 ms)
2026-06-26 03:53:26,118 - mazeUtils.moveTile - [moveTile.py:90] - DEBUG - [2621.106082] moveTile ready for forward move (+21.1 ms)
2026-06-26 03:53:26,218 - mazeUtils.moveTile - [moveTile.py:1569] - DEBUG - Calculated target steps to next tile: 2 based on distance 60 cm
2026-06-26 03:53:26,218 - mazeUtils.moveTile - [moveTile.py:90] - DEBUG - [2621.206589] moveTile initialized movement targetSteps=2 (+100.5 ms)
2026-06-26 03:53:26,219 - mazeUtils.moveTile - [moveTile.py:90] - DEBUG - [2621.207548] moveTile loop start (+1.0 ms)
2026-06-26 03:53:26,233 - picamera2.picamera2 - [picamera2.py:1391] - DEBUG - Execute job: <picamera2.job.Job object at 0x7f99ba7690>
2026-06-26 03:53:26,242 - mazeUtils.device.camera - [camera.py:39] - DEBUG - Average HSV: H=118.4, S=231.7, V=206.4
2026-06-26 03:53:26,247 - mazeUtils.moveTile - [moveTile.py:90] - DEBUG - [2621.235322] moveTile calculated motor speeds left=100 right=87 gyroSteer=11.200000000000045 wallSteer=1.5999999999999979 (+27.8 ms)
2026-06-26 03:53:26,273 - mazeUtils.moveTile - [moveTile.py:90] - DEBUG - [2621.261748] moveTile applied motor speed left=100 right=87 (+26.4 ms)
2026-06-26 03:53:26,275 - mazeUtils.moveTile - [moveTile.py:90] - DEBUG - [2621.263049] moveTile ramp check isBigRamp=False (+1.3 ms)
2026-06-26 03:53:26,280 - mazeUtils.moveTile - [moveTile.py:90] - DEBUG - [2621.268787] moveTile tile color check tempTileColor=L (+5.7 ms)
2026-06-26 03:53:26,281 - mazeUtils.moveTile - [moveTile.py:90] - DEBUG - [2621.269657] moveTile obstacle check escapeFlag=False (+0.9 ms)
2026-06-26 03:53:26,287 - mazeUtils.moveTile - [moveTile.py:79] - DEBUG - roll: 0.6399999999999864 deg, practicalMoveTime: 0.06928890149872166 sec
2026-06-26 03:53:26,288 - mazeUtils.moveTile - [moveTile.py:1907] - DEBUG - moveTile loop time: 68.4 ms
2026-06-26 03:53:26,288 - mazeUtils.moveTile - [moveTile.py:90] - DEBUG - [2621.276610] moveTile loop end practicalMoveTime=0.069 (+7.0 ms)
2026-06-26 03:53:26,289 - mazeUtils.moveTile - [moveTile.py:90] - DEBUG - [2621.277103] moveTile loop start (+0.5 ms)
2026-06-26 03:53:26,294 - picamera2.picamera2 - [picamera2.py:1391] - DEBUG - Execute job: <picamera2.job.Job object at 0x7f81fc0490>
2026-06-26 03:53:26,300 - mazeUtils.device.camera - [camera.py:39] - DEBUG - Average HSV: H=118.5, S=188.5, V=214.2
2026-06-26 03:53:26,308 - mazeUtils.moveTile - [moveTile.py:90] - DEBUG - [2621.296771] moveTile calculated motor speeds left=100 right=87 gyroSteer=10.920000000000073 wallSteer=1.1999999999999993 (+19.7 ms)
2026-06-26 03:53:26,335 - mazeUtils.moveTile - [moveTile.py:90] - DEBUG - [2621.323664] moveTile applied motor speed left=100 right=87 (+26.9 ms)
2026-06-26 03:53:26,336 - mazeUtils.moveTile - [moveTile.py:90] - DEBUG - [2621.324471] moveTile ramp check isBigRamp=False (+0.8 ms)
2026-06-26 03:53:26,340 - mazeUtils.moveTile - [moveTile.py:90] - DEBUG - [2621.327952] moveTile tile color check tempTileColor=L (+3.5 ms)
2026-06-26 03:53:26,340 - mazeUtils.moveTile - [moveTile.py:90] - DEBUG - [2621.328620] moveTile obstacle check escapeFlag=False (+0.7 ms)
2026-06-26 03:53:26,344 - mazeUtils.moveTile - [moveTile.py:79] - DEBUG - roll: 359.82 deg, practicalMoveTime: 0.12591967837861442 sec
2026-06-26 03:53:26,345 - mazeUtils.moveTile - [moveTile.py:1907] - DEBUG - moveTile loop time: 56.5 ms
2026-06-26 03:53:26,346 - mazeUtils.moveTile - [moveTile.py:90] - DEBUG - [2621.334396] moveTile loop end practicalMoveTime=0.126 (+5.8 ms)
2026-06-26 03:53:26,347 - mazeUtils.moveTile - [moveTile.py:90] - DEBUG - [2621.335375] moveTile loop start (+1.0 ms)
2026-06-26 03:53:26,352 - picamera2.picamera2 - [picamera2.py:1391] - DEBUG - Execute job: <picamera2.job.Job object at 0x7f81ff9dd0>
2026-06-26 03:53:26,358 - mazeUtils.device.camera - [camera.py:39] - DEBUG - Average HSV: H=118.0, S=90.3, V=239.4
2026-06-26 03:53:26,364 - mazeUtils.moveTile - [moveTile.py:90] - DEBUG - [2621.352094] moveTile calculated motor speeds left=100 right=88 gyroSteer=12.320000000000164 wallSteer=-0.8000000000000007 (+16.7 ms)
2026-06-26 03:53:26,386 - mazeUtils.moveTile - [moveTile.py:90] - DEBUG - [2621.374421] moveTile applied motor speed left=100 right=88 (+22.3 ms)
2026-06-26 03:53:26,387 - mazeUtils.moveTile - [moveTile.py:90] - DEBUG - [2621.375147] moveTile ramp check isBigRamp=False (+0.7 ms)
2026-06-26 03:53:26,394 - mazeUtils.moveTile - [moveTile.py:90] - DEBUG - [2621.382236] moveTile tile color check tempTileColor=L (+7.1 ms)
2026-06-26 03:53:26,396 - mazeUtils.moveTile - [moveTile.py:90] - DEBUG - [2621.383947] moveTile obstacle check escapeFlag=False (+1.7 ms)
2026-06-26 03:53:26,402 - mazeUtils.moveTile - [moveTile.py:79] - DEBUG - roll: 358.53 deg, practicalMoveTime: 0.18258386550460812 sec
2026-06-26 03:53:26,403 - mazeUtils.moveTile - [moveTile.py:1907] - DEBUG - moveTile loop time: 55.8 ms
2026-06-26 03:53:26,405 - mazeUtils.moveTile - [moveTile.py:90] - DEBUG - [2621.393371] moveTile loop end practicalMoveTime=0.183 (+9.4 ms)
2026-06-26 03:53:26,406 - mazeUtils.moveTile - [moveTile.py:90] - DEBUG - [2621.394317] moveTile loop start (+0.9 ms)
2026-06-26 03:53:26,417 - picamera2.picamera2 - [picamera2.py:1391] - DEBUG - Execute job: <picamera2.job.Job object at 0x7f820631d0>
2026-06-26 03:53:26,423 - mazeUtils.device.camera - [camera.py:39] - DEBUG - Average HSV: H=119.6, S=21.6, V=254.7
2026-06-26 03:53:26,431 - mazeUtils.moveTile - [moveTile.py:90] - DEBUG - [2621.419043] moveTile calculated motor speeds left=100 right=86 gyroSteer=14.0 wallSteer=-0.8000000000000007 (+24.7 ms)
2026-06-26 03:53:26,454 - mazeUtils.moveTile - [moveTile.py:90] - DEBUG - [2621.442010] moveTile applied motor speed left=100 right=86 (+23.0 ms)
2026-06-26 03:53:26,455 - mazeUtils.moveTile - [moveTile.py:90] - DEBUG - [2621.443536] moveTile ramp check isBigRamp=False (+1.5 ms)
2026-06-26 03:53:26,459 - mazeUtils.moveTile - [moveTile.py:90] - DEBUG - [2621.447787] moveTile tile color check tempTileColor=L (+4.3 ms)
2026-06-26 03:53:26,460 - mazeUtils.moveTile - [moveTile.py:90] - DEBUG - [2621.448524] moveTile obstacle check escapeFlag=False (+0.7 ms)
2026-06-26 03:53:26,467 - mazeUtils.moveTile - [moveTile.py:79] - DEBUG - roll: 358.43 deg, practicalMoveTime: 0.24652696544233402 sec
2026-06-26 03:53:26,468 - mazeUtils.moveTile - [moveTile.py:1907] - DEBUG - moveTile loop time: 61.8 ms
2026-06-26 03:53:26,468 - mazeUtils.moveTile - [moveTile.py:90] - DEBUG - [2621.456700] moveTile loop end practicalMoveTime=0.247 (+8.2 ms)
2026-06-26 03:53:26,469 - mazeUtils.moveTile - [moveTile.py:90] - DEBUG - [2621.457168] moveTile loop start (+0.5 ms)
2026-06-26 03:53:26,476 - picamera2.picamera2 - [picamera2.py:1391] - DEBUG - Execute job: <picamera2.job.Job object at 0x7f81fc0490>
2026-06-26 03:53:26,483 - mazeUtils.device.camera - [camera.py:39] - DEBUG - Average HSV: H=119.9, S=18.4, V=244.5
2026-06-26 03:53:26,496 - mazeUtils.moveTile - [moveTile.py:90] - DEBUG - [2621.484561] moveTile calculated motor speeds left=100 right=90 gyroSteer=9.720000000000027 wallSteer=0.0 (+27.4 ms)
2026-06-26 03:53:26,522 - mazeUtils.moveTile - [moveTile.py:90] - DEBUG - [2621.510661] moveTile applied motor speed left=100 right=90 (+26.1 ms)
2026-06-26 03:53:26,523 - mazeUtils.moveTile - [moveTile.py:90] - DEBUG - [2621.511389] moveTile ramp check isBigRamp=False (+0.7 ms)
2026-06-26 03:53:26,526 - mazeUtils.moveTile - [moveTile.py:90] - DEBUG - [2621.514776] moveTile tile color check tempTileColor=L (+3.4 ms)
2026-06-26 03:53:26,527 - mazeUtils.moveTile - [moveTile.py:90] - DEBUG - [2621.515408] moveTile obstacle check escapeFlag=False (+0.6 ms)
2026-06-26 03:53:26,534 - mazeUtils.moveTile - [moveTile.py:79] - DEBUG - roll: 0.37000000000000455 deg, practicalMoveTime: 0.31202763826243785 sec
2026-06-26 03:53:26,534 - mazeUtils.moveTile - [moveTile.py:1907] - DEBUG - moveTile loop time: 65.3 ms
2026-06-26 03:53:26,535 - mazeUtils.moveTile - [moveTile.py:90] - DEBUG - [2621.523097] moveTile loop end practicalMoveTime=0.312 (+7.7 ms)
2026-06-26 03:53:26,535 - mazeUtils.moveTile - [moveTile.py:90] - DEBUG - [2621.523522] moveTile loop start (+0.4 ms)
2026-06-26 03:53:26,542 - picamera2.picamera2 - [picamera2.py:1391] - DEBUG - Execute job: <picamera2.job.Job object at 0x7f82063e50>
2026-06-26 03:53:26,549 - mazeUtils.device.camera - [camera.py:39] - DEBUG - Average HSV: H=67.1, S=14.9, V=246.7
2026-06-26 03:53:26,555 - mazeUtils.moveTile - [moveTile.py:90] - DEBUG - [2621.543201] moveTile calculated motor speeds left=100 right=88 gyroSteer=10.720000000000027 wallSteer=1.2000000000000028 (+19.7 ms)
2026-06-26 03:53:26,578 - mazeUtils.moveTile - [moveTile.py:90] - DEBUG - [2621.566434] moveTile applied motor speed left=100 right=88 (+23.2 ms)
2026-06-26 03:53:26,579 - mazeUtils.moveTile - [moveTile.py:90] - DEBUG - [2621.567317] moveTile ramp check isBigRamp=False (+0.9 ms)
2026-06-26 03:53:26,585 - mazeUtils.moveTile - [moveTile.py:90] - DEBUG - [2621.573445] moveTile tile color check tempTileColor=E (+6.1 ms)
2026-06-26 03:53:26,586 - mazeUtils.moveTile - [moveTile.py:90] - DEBUG - [2621.574143] moveTile obstacle check escapeFlag=False (+0.7 ms)
2026-06-26 03:53:26,591 - mazeUtils.moveTile - [moveTile.py:79] - DEBUG - roll: 358.8 deg, practicalMoveTime: 0.3686878339731738 sec
2026-06-26 03:53:26,592 - mazeUtils.moveTile - [moveTile.py:1907] - DEBUG - moveTile loop time: 56.6 ms
2026-06-26 03:53:26,592 - mazeUtils.moveTile - [moveTile.py:90] - DEBUG - [2621.580673] moveTile loop end practicalMoveTime=0.369 (+6.5 ms)
2026-06-26 03:53:26,593 - mazeUtils.moveTile - [moveTile.py:90] - DEBUG - [2621.581062] moveTile loop start (+0.4 ms)
2026-06-26 03:53:26,599 - picamera2.picamera2 - [picamera2.py:1391] - DEBUG - Execute job: <picamera2.job.Job object at 0x7f81fc0550>
2026-06-26 03:53:26,606 - mazeUtils.device.camera - [camera.py:39] - DEBUG - Average HSV: H=94.0, S=14.1, V=248.5
2026-06-26 03:53:26,613 - mazeUtils.moveTile - [moveTile.py:90] - DEBUG - [2621.601285] moveTile calculated motor speeds left=100 right=97 gyroSteer=1.6800000000000637 wallSteer=0.8000000000000007 (+20.2 ms)
2026-06-26 03:53:26,635 - mazeUtils.moveTile - [moveTile.py:90] - DEBUG - [2621.623059] moveTile applied motor speed left=100 right=97 (+21.8 ms)
2026-06-26 03:53:26,636 - mazeUtils.moveTile - [moveTile.py:90] - DEBUG - [2621.624192] moveTile ramp check isBigRamp=False (+1.1 ms)
2026-06-26 03:53:26,641 - mazeUtils.moveTile - [moveTile.py:90] - DEBUG - [2621.628825] moveTile tile color check tempTileColor=E (+4.6 ms)
2026-06-26 03:53:26,642 - mazeUtils.moveTile - [moveTile.py:90] - DEBUG - [2621.629587] moveTile obstacle check escapeFlag=False (+0.8 ms)
2026-06-26 03:53:26,648 - mazeUtils.moveTile - [moveTile.py:79] - DEBUG - roll: 359.57 deg, practicalMoveTime: 0.42439063520114156 sec
2026-06-26 03:53:26,649 - mazeUtils.moveTile - [moveTile.py:1907] - DEBUG - moveTile loop time: 55.7 ms
2026-06-26 03:53:26,649 - mazeUtils.moveTile - [moveTile.py:90] - DEBUG - [2621.637354] moveTile loop end practicalMoveTime=0.424 (+7.8 ms)
2026-06-26 03:53:26,649 - mazeUtils.moveTile - [moveTile.py:90] - DEBUG - [2621.637789] moveTile loop start (+0.4 ms)
2026-06-26 03:53:26,657 - picamera2.picamera2 - [picamera2.py:1391] - DEBUG - Execute job: <picamera2.job.Job object at 0x7f81fc0550>
2026-06-26 03:53:26,663 - mazeUtils.device.camera - [camera.py:39] - DEBUG - Average HSV: H=139.2, S=12.6, V=252.3
2026-06-26 03:53:26,669 - mazeUtils.moveTile - [moveTile.py:90] - DEBUG - [2621.657440] moveTile calculated motor speeds left=99 right=100 gyroSteer=-1.759999999999991 wallSteer=0.8000000000000007 (+19.7 ms)
2026-06-26 03:53:26,695 - mazeUtils.moveTile - [moveTile.py:90] - DEBUG - [2621.683023] moveTile applied motor speed left=99 right=100 (+25.6 ms)
2026-06-26 03:53:26,695 - mazeUtils.moveTile - [moveTile.py:90] - DEBUG - [2621.683738] moveTile ramp check isBigRamp=False (+0.7 ms)
2026-06-26 03:53:26,699 - mazeUtils.moveTile - [moveTile.py:90] - DEBUG - [2621.687389] moveTile tile color check tempTileColor=E (+3.7 ms)
2026-06-26 03:53:26,700 - mazeUtils.moveTile - [moveTile.py:90] - DEBUG - [2621.688160] moveTile obstacle check escapeFlag=False (+0.8 ms)
2026-06-26 03:53:26,705 - mazeUtils.moveTile - [moveTile.py:79] - DEBUG - roll: 357.22999999999996 deg, practicalMoveTime: 0.4804138716269162 sec
2026-06-26 03:53:26,706 - mazeUtils.moveTile - [moveTile.py:1907] - DEBUG - moveTile loop time: 56.0 ms
2026-06-26 03:53:26,706 - mazeUtils.moveTile - [moveTile.py:90] - DEBUG - [2621.694407] moveTile loop end practicalMoveTime=0.480 (+6.2 ms)
2026-06-26 03:53:26,707 - mazeUtils.moveTile - [moveTile.py:90] - DEBUG - [2621.694866] moveTile loop start (+0.5 ms)
2026-06-26 03:53:26,714 - picamera2.picamera2 - [picamera2.py:1391] - DEBUG - Execute job: <picamera2.job.Job object at 0x7f81ff9dd0>
2026-06-26 03:53:26,721 - mazeUtils.device.camera - [camera.py:39] - DEBUG - Average HSV: H=153.0, S=13.2, V=251.5
2026-06-26 03:53:26,727 - mazeUtils.moveTile - [moveTile.py:90] - DEBUG - [2621.715140] moveTile calculated motor speeds left=100 right=99 gyroSteer=-0.7599999999999909 wallSteer=0.8000000000000007 (+20.3 ms)
2026-06-26 03:53:26,746 - mazeUtils.moveTile - [moveTile.py:90] - DEBUG - [2621.734325] moveTile applied motor speed left=100 right=99 (+19.2 ms)
2026-06-26 03:53:26,747 - mazeUtils.moveTile - [moveTile.py:90] - DEBUG - [2621.735344] moveTile ramp check isBigRamp=False (+1.0 ms)
2026-06-26 03:53:26,752 - mazeUtils.moveTile - [moveTile.py:90] - DEBUG - [2621.739818] moveTile tile color check tempTileColor=E (+4.5 ms)
2026-06-26 03:53:26,752 - mazeUtils.moveTile - [moveTile.py:90] - DEBUG - [2621.740575] moveTile obstacle check escapeFlag=False (+0.8 ms)
2026-06-26 03:53:26,757 - mazeUtils.moveTile - [moveTile.py:79] - DEBUG - roll: 356.59999999999997 deg, practicalMoveTime: 0.531892289840034 sec
2026-06-26 03:53:26,758 - mazeUtils.moveTile - [moveTile.py:1907] - DEBUG - moveTile loop time: 51.8 ms
2026-06-26 03:53:26,759 - mazeUtils.moveTile - [moveTile.py:90] - DEBUG - [2621.747327] moveTile loop end practicalMoveTime=0.532 (+6.8 ms)
2026-06-26 03:53:26,760 - mazeUtils.moveTile - [moveTile.py:90] - DEBUG - [2621.747822] moveTile loop start (+0.5 ms)
2026-06-26 03:53:26,767 - picamera2.picamera2 - [picamera2.py:1391] - DEBUG - Execute job: <picamera2.job.Job object at 0x7f82062e90>
2026-06-26 03:53:26,774 - mazeUtils.device.camera - [camera.py:39] - DEBUG - Average HSV: H=168.3, S=13.1, V=252.1
2026-06-26 03:53:26,780 - mazeUtils.moveTile - [moveTile.py:90] - DEBUG - [2621.768380] moveTile calculated motor speeds left=97 right=100 gyroSteer=-2.759999999999991 wallSteer=0.0 (+20.6 ms)
2026-06-26 03:53:26,803 - mazeUtils.moveTile - [moveTile.py:90] - DEBUG - [2621.791115] moveTile applied motor speed left=97 right=100 (+22.7 ms)
2026-06-26 03:53:26,804 - mazeUtils.moveTile - [moveTile.py:90] - DEBUG - [2621.791872] moveTile ramp check isBigRamp=False (+0.8 ms)
2026-06-26 03:53:26,809 - mazeUtils.moveTile - [moveTile.py:90] - DEBUG - [2621.796905] moveTile tile color check tempTileColor=E (+5.0 ms)
2026-06-26 03:53:26,809 - mazeUtils.moveTile - [moveTile.py:90] - DEBUG - [2621.797606] moveTile obstacle check escapeFlag=False (+0.7 ms)
2026-06-26 03:53:26,816 - mazeUtils.moveTile - [moveTile.py:79] - DEBUG - roll: 356.7 deg, practicalMoveTime: 0.588896886273622 sec
2026-06-26 03:53:26,816 - mazeUtils.moveTile - [moveTile.py:1907] - DEBUG - moveTile loop time: 56.8 ms
2026-06-26 03:53:26,817 - mazeUtils.moveTile - [moveTile.py:90] - DEBUG - [2621.805400] moveTile loop end practicalMoveTime=0.589 (+7.8 ms)
2026-06-26 03:53:26,818 - mazeUtils.moveTile - [moveTile.py:90] - DEBUG - [2621.805856] moveTile loop start (+0.5 ms)
2026-06-26 03:53:26,823 - picamera2.picamera2 - [picamera2.py:1391] - DEBUG - Execute job: <picamera2.job.Job object at 0x7f82062f50>
2026-06-26 03:53:26,829 - mazeUtils.device.camera - [camera.py:39] - DEBUG - Average HSV: H=168.3, S=12.3, V=251.5
2026-06-26 03:53:26,837 - mazeUtils.moveTile - [moveTile.py:90] - DEBUG - [2621.825000] moveTile calculated motor speeds left=100 right=98 gyroSteer=-0.35999999999989996 wallSteer=2.0 (+19.1 ms)
2026-06-26 03:53:26,857 - mazeUtils.moveTile - [moveTile.py:90] - DEBUG - [2621.845582] moveTile applied motor speed left=100 right=98 (+20.6 ms)
2026-06-26 03:53:26,858 - mazeUtils.moveTile - [moveTile.py:90] - DEBUG - [2621.846440] moveTile ramp check isBigRamp=False (+0.9 ms)
2026-06-26 03:53:26,862 - mazeUtils.moveTile - [moveTile.py:90] - DEBUG - [2621.850768] moveTile tile color check tempTileColor=E (+4.3 ms)
2026-06-26 03:53:26,863 - mazeUtils.moveTile - [moveTile.py:90] - DEBUG - [2621.851476] moveTile obstacle check escapeFlag=False (+0.7 ms)
2026-06-26 03:53:26,869 - mazeUtils.moveTile - [moveTile.py:79] - DEBUG - roll: 353.89 deg, practicalMoveTime: 0.641284959576688 sec
2026-06-26 03:53:26,870 - mazeUtils.moveTile - [moveTile.py:1907] - DEBUG - moveTile loop time: 52.2 ms
2026-06-26 03:53:26,870 - mazeUtils.moveTile - [moveTile.py:90] - DEBUG - [2621.858726] moveTile loop end practicalMoveTime=0.641 (+7.2 ms)
2026-06-26 03:53:26,871 - mazeUtils.moveTile - [moveTile.py:90] - DEBUG - [2621.859259] moveTile loop start (+0.5 ms)
2026-06-26 03:53:26,878 - picamera2.picamera2 - [picamera2.py:1391] - DEBUG - Execute job: <picamera2.job.Job object at 0x7f81fc0490>
2026-06-26 03:53:26,885 - mazeUtils.device.camera - [camera.py:39] - DEBUG - Average HSV: H=168.3, S=12.4, V=253.3
2026-06-26 03:53:26,891 - mazeUtils.moveTile - [moveTile.py:90] - DEBUG - [2621.879121] moveTile calculated motor speeds left=100 right=99 gyroSteer=-1.199999999999818 wallSteer=2.0 (+19.9 ms)
2026-06-26 03:53:26,917 - mazeUtils.moveTile - [moveTile.py:90] - DEBUG - [2621.905037] moveTile applied motor speed left=100 right=99 (+25.9 ms)
2026-06-26 03:53:26,918 - mazeUtils.moveTile - [moveTile.py:90] - DEBUG - [2621.906203] moveTile ramp check isBigRamp=False (+1.2 ms)
2026-06-26 03:53:26,922 - mazeUtils.moveTile - [moveTile.py:90] - DEBUG - [2621.910397] moveTile tile color check tempTileColor=E (+4.2 ms)
2026-06-26 03:53:26,923 - mazeUtils.moveTile - [moveTile.py:90] - DEBUG - [2621.911094] moveTile obstacle check escapeFlag=False (+0.7 ms)
2026-06-26 03:53:26,929 - mazeUtils.moveTile - [moveTile.py:79] - DEBUG - roll: 350.76 deg, practicalMoveTime: 0.6996109391567148 sec
2026-06-26 03:53:26,929 - mazeUtils.moveTile - [moveTile.py:1907] - DEBUG - moveTile loop time: 58.4 ms
2026-06-26 03:53:26,930 - mazeUtils.moveTile - [moveTile.py:90] - DEBUG - [2621.918419] moveTile loop end practicalMoveTime=0.700 (+7.3 ms)
2026-06-26 03:53:26,931 - mazeUtils.moveTile - [moveTile.py:90] - DEBUG - [2621.919424] moveTile loop start (+1.0 ms)
2026-06-26 03:53:26,937 - picamera2.picamera2 - [picamera2.py:1391] - DEBUG - Execute job: <picamera2.job.Job object at 0x7f81ff9dd0>
2026-06-26 03:53:26,943 - mazeUtils.device.camera - [camera.py:39] - DEBUG - Average HSV: H=165.2, S=11.7, V=253.9
2026-06-26 03:53:26,951 - mazeUtils.moveTile - [moveTile.py:90] - DEBUG - [2621.939746] moveTile calculated motor speeds left=100 right=92 gyroSteer=4.160000000000082 wallSteer=3.1999999999999993 (+20.3 ms)
2026-06-26 03:53:26,974 - mazeUtils.moveTile - [moveTile.py:90] - DEBUG - [2621.962301] moveTile applied motor speed left=100 right=92 (+22.6 ms)
2026-06-26 03:53:26,975 - mazeUtils.moveTile - [moveTile.py:90] - DEBUG - [2621.963034] moveTile ramp check isBigRamp=False (+0.7 ms)
2026-06-26 03:53:26,978 - mazeUtils.moveTile - [moveTile.py:90] - DEBUG - [2621.966710] moveTile tile color check tempTileColor=E (+3.7 ms)
2026-06-26 03:53:26,980 - mazeUtils.moveTile - [moveTile.py:90] - DEBUG - [2621.968539] moveTile obstacle check escapeFlag=False (+1.8 ms)
2026-06-26 03:53:26,988 - mazeUtils.moveTile - [moveTile.py:79] - DEBUG - roll: 344.14 deg, practicalMoveTime: 0.7629935608890701 sec
2026-06-26 03:53:26,989 - mazeUtils.moveTile - [moveTile.py:1907] - DEBUG - moveTile loop time: 57.9 ms
2026-06-26 03:53:26,990 - mazeUtils.moveTile - [moveTile.py:90] - DEBUG - [2621.978112] moveTile loop end practicalMoveTime=0.763 (+9.6 ms)
2026-06-26 03:53:26,990 - mazeUtils.moveTile - [moveTile.py:90] - DEBUG - [2621.978569] moveTile loop start (+0.5 ms)
2026-06-26 03:53:27,000 - picamera2.picamera2 - [picamera2.py:1391] - DEBUG - Execute job: <picamera2.job.Job object at 0x7f82062dd0>
2026-06-26 03:53:27,006 - mazeUtils.device.camera - [camera.py:39] - DEBUG - Average HSV: H=152.3, S=10.4, V=254.1
2026-06-26 03:53:27,015 - mazeUtils.moveTile - [moveTile.py:90] - DEBUG - [2622.002952] moveTile calculated motor speeds left=100 right=91 gyroSteer=4.400000000000091 wallSteer=3.6000000000000014 (+24.4 ms)
2026-06-26 03:53:27,035 - mazeUtils.moveTile - [moveTile.py:90] - DEBUG - [2622.022954] moveTile applied motor speed left=100 right=91 (+20.0 ms)
2026-06-26 03:53:27,035 - mazeUtils.moveTile - [moveTile.py:90] - DEBUG - [2622.023697] moveTile ramp check isBigRamp=True (+0.7 ms)
2026-06-26 03:53:27,040 - mazeUtils.moveTile - [moveTile.py:90] - DEBUG - [2622.027987] moveTile tile color check tempTileColor=E (+4.3 ms)
2026-06-26 03:53:27,041 - mazeUtils.moveTile - [moveTile.py:90] - DEBUG - [2622.029238] moveTile obstacle check escapeFlag=False (+1.3 ms)
2026-06-26 03:53:27,048 - mazeUtils.moveTile - [moveTile.py:79] - DEBUG - roll: 339.01 deg, practicalMoveTime: 0.8247230516447734 sec
2026-06-26 03:53:27,049 - mazeUtils.moveTile - [moveTile.py:1907] - DEBUG - moveTile loop time: 58.8 ms
2026-06-26 03:53:27,050 - mazeUtils.moveTile - [moveTile.py:90] - DEBUG - [2622.038553] moveTile loop end practicalMoveTime=0.825 (+9.3 ms)
2026-06-26 03:53:27,051 - mazeUtils.moveTile - [moveTile.py:90] - DEBUG - [2622.039202] moveTile loop start (+0.6 ms)
2026-06-26 03:53:27,062 - picamera2.picamera2 - [picamera2.py:1391] - DEBUG - Execute job: <picamera2.job.Job object at 0x7f82063f10>
2026-06-26 03:53:27,068 - mazeUtils.device.camera - [camera.py:39] - DEBUG - Average HSV: H=115.5, S=6.7, V=255.0
2026-06-26 03:53:27,079 - mazeUtils.moveTile - [moveTile.py:90] - DEBUG - [2622.067572] moveTile calculated motor speeds left=100 right=87 gyroSteer=8.079999999999927 wallSteer=4.0 (+28.4 ms)
2026-06-26 03:53:27,107 - mazeUtils.moveTile - [moveTile.py:90] - DEBUG - [2622.094873] moveTile applied motor speed left=100 right=87 (+27.3 ms)
2026-06-26 03:53:27,108 - mazeUtils.moveTile - [moveTile.py:90] - DEBUG - [2622.096480] moveTile ramp check isBigRamp=True (+1.6 ms)
2026-06-26 03:53:27,113 - mazeUtils.moveTile - [moveTile.py:90] - DEBUG - [2622.101582] moveTile tile color check tempTileColor=E (+5.1 ms)
2026-06-26 03:53:27,114 - mazeUtils.moveTile - [moveTile.py:90] - DEBUG - [2622.102298] moveTile obstacle check escapeFlag=False (+0.7 ms)
2026-06-26 03:53:27,121 - mazeUtils.moveTile - [moveTile.py:79] - DEBUG - roll: 332.65999999999997 deg, practicalMoveTime: 0.8965880815665918 sec
2026-06-26 03:53:27,123 - mazeUtils.moveTile - [moveTile.py:1907] - DEBUG - moveTile loop time: 71.7 ms
2026-06-26 03:53:27,123 - mazeUtils.moveTile - [moveTile.py:90] - DEBUG - [2622.111537] moveTile loop end practicalMoveTime=0.897 (+9.2 ms)
2026-06-26 03:53:27,124 - mazeUtils.moveTile - [moveTile.py:90] - DEBUG - [2622.111940] moveTile loop start (+0.4 ms)
2026-06-26 03:53:27,128 - picamera2.picamera2 - [picamera2.py:1391] - DEBUG - Execute job: <picamera2.job.Job object at 0x7f82062b10>
2026-06-26 03:53:27,135 - mazeUtils.device.camera - [camera.py:39] - DEBUG - Average HSV: H=90.2, S=14.0, V=254.3
2026-06-26 03:53:27,143 - mazeUtils.moveTile - [moveTile.py:90] - DEBUG - [2622.131368] moveTile calculated motor speeds left=100 right=87 gyroSteer=8.200000000000045 wallSteer=4.400000000000002 (+19.4 ms)
2026-06-26 03:53:27,162 - mazeUtils.moveTile - [moveTile.py:90] - DEBUG - [2622.150665] moveTile applied motor speed left=100 right=87 (+19.3 ms)
2026-06-26 03:53:27,163 - mazeUtils.moveTile - [moveTile.py:90] - DEBUG - [2622.151436] moveTile ramp check isBigRamp=True (+0.8 ms)
2026-06-26 03:53:27,168 - mazeUtils.moveTile - [moveTile.py:90] - DEBUG - [2622.156106] moveTile tile color check tempTileColor=E (+4.7 ms)
2026-06-26 03:53:27,169 - mazeUtils.moveTile - [moveTile.py:90] - DEBUG - [2622.156964] moveTile obstacle check escapeFlag=False (+0.9 ms)
2026-06-26 03:53:27,175 - mazeUtils.moveTile - [moveTile.py:79] - DEBUG - roll: 328.55 deg, practicalMoveTime: 0.9474100714099972 sec
2026-06-26 03:53:27,177 - mazeUtils.moveTile - [moveTile.py:1907] - DEBUG - moveTile loop time: 52.8 ms
2026-06-26 03:53:27,177 - mazeUtils.moveTile - [moveTile.py:90] - DEBUG - [2622.165554] moveTile loop end practicalMoveTime=0.947 (+8.6 ms)
2026-06-26 03:53:27,178 - mazeUtils.moveTile - [moveTile.py:90] - DEBUG - [2622.166061] moveTile loop start (+0.5 ms)
2026-06-26 03:53:27,186 - picamera2.picamera2 - [picamera2.py:1391] - DEBUG - Execute job: <picamera2.job.Job object at 0x7f81fc0490>
2026-06-26 03:53:27,192 - mazeUtils.device.camera - [camera.py:39] - DEBUG - Average HSV: H=109.5, S=18.9, V=253.7
2026-06-26 03:53:27,197 - mazeUtils.moveTile - [moveTile.py:90] - DEBUG - [2622.185618] moveTile calculated motor speeds left=100 right=87 gyroSteer=9.0 wallSteer=4.0 (+19.6 ms)
2026-06-26 03:53:27,217 - mazeUtils.moveTile - [moveTile.py:90] - DEBUG - [2622.205589] moveTile applied motor speed left=100 right=87 (+20.0 ms)
2026-06-26 03:53:27,218 - mazeUtils.moveTile - [moveTile.py:90] - DEBUG - [2622.206327] moveTile ramp check isBigRamp=True (+0.7 ms)
2026-06-26 03:53:27,221 - mazeUtils.moveTile - [moveTile.py:90] - DEBUG - [2622.209715] moveTile tile color check tempTileColor=E (+3.4 ms)
2026-06-26 03:53:27,222 - mazeUtils.moveTile - [moveTile.py:90] - DEBUG - [2622.210309] moveTile obstacle check escapeFlag=False (+0.6 ms)
2026-06-26 03:53:27,229 - mazeUtils.moveTile - [moveTile.py:79] - DEBUG - roll: 325.65999999999997 deg, practicalMoveTime: 0.9954424427613958 sec
2026-06-26 03:53:27,230 - mazeUtils.moveTile - [moveTile.py:1907] - DEBUG - moveTile loop time: 52.3 ms
2026-06-26 03:53:27,231 - mazeUtils.moveTile - [moveTile.py:90] - DEBUG - [2622.219268] moveTile loop end practicalMoveTime=0.995 (+9.0 ms)
2026-06-26 03:53:27,232 - mazeUtils.moveTile - [moveTile.py:90] - DEBUG - [2622.219986] moveTile loop start (+0.7 ms)
2026-06-26 03:53:27,239 - picamera2.picamera2 - [picamera2.py:1391] - DEBUG - Execute job: <picamera2.job.Job object at 0x7f99ba7690>
2026-06-26 03:53:27,246 - mazeUtils.device.camera - [camera.py:39] - DEBUG - Average HSV: H=118.4, S=89.8, V=252.5
2026-06-26 03:53:27,252 - mazeUtils.moveTile - [moveTile.py:90] - DEBUG - [2622.240454] moveTile calculated motor speeds left=100 right=91 gyroSteer=4.720000000000027 wallSteer=4.0 (+20.5 ms)
2026-06-26 03:53:27,275 - mazeUtils.moveTile - [moveTile.py:90] - DEBUG - [2622.263263] moveTile applied motor speed left=100 right=91 (+22.8 ms)
2026-06-26 03:53:27,276 - mazeUtils.moveTile - [moveTile.py:90] - DEBUG - [2622.264507] moveTile ramp check isBigRamp=True (+1.2 ms)
2026-06-26 03:53:27,282 - mazeUtils.moveTile - [moveTile.py:90] - DEBUG - [2622.270551] moveTile tile color check tempTileColor=E (+6.0 ms)
2026-06-26 03:53:27,283 - mazeUtils.moveTile - [moveTile.py:90] - DEBUG - [2622.271296] moveTile obstacle check escapeFlag=False (+0.7 ms)
2026-06-26 03:53:27,288 - mazeUtils.moveTile - [moveTile.py:79] - DEBUG - roll: 327.32 deg, practicalMoveTime: 1.0468211039808029 sec
2026-06-26 03:53:27,289 - mazeUtils.moveTile - [moveTile.py:1907] - DEBUG - moveTile loop time: 57.5 ms
2026-06-26 03:53:27,290 - mazeUtils.moveTile - [moveTile.py:90] - DEBUG - [2622.278090] moveTile loop end practicalMoveTime=1.047 (+6.8 ms)
2026-06-26 03:53:27,290 - mazeUtils.moveTile - [moveTile.py:90] - DEBUG - [2622.278561] moveTile loop start (+0.5 ms)
2026-06-26 03:53:27,296 - picamera2.picamera2 - [picamera2.py:1391] - DEBUG - Execute job: <picamera2.job.Job object at 0x7f81fc0490>
2026-06-26 03:53:27,303 - mazeUtils.device.camera - [camera.py:39] - DEBUG - Average HSV: H=113.1, S=114.1, V=221.0
2026-06-26 03:53:27,309 - mazeUtils.moveTile - [moveTile.py:90] - DEBUG - [2622.297410] moveTile calculated motor speeds left=100 right=90 gyroSteer=5.240000000000009 wallSteer=4.0 (+18.8 ms)
2026-06-26 03:53:27,330 - mazeUtils.moveTile - [moveTile.py:90] - DEBUG - [2622.318014] moveTile applied motor speed left=100 right=90 (+20.6 ms)
2026-06-26 03:53:27,330 - mazeUtils.moveTile - [moveTile.py:90] - DEBUG - [2622.318780] moveTile ramp check isBigRamp=True (+0.8 ms)
2026-06-26 03:53:27,334 - mazeUtils.moveTile - [moveTile.py:90] - DEBUG - [2622.322191] moveTile tile color check tempTileColor=E (+3.4 ms)
2026-06-26 03:53:27,334 - mazeUtils.moveTile - [moveTile.py:90] - DEBUG - [2622.322771] moveTile obstacle check escapeFlag=False (+0.6 ms)
2026-06-26 03:53:27,344 - mazeUtils.moveTile - [moveTile.py:79] - DEBUG - roll: 329.28999999999996 deg, practicalMoveTime: 1.098409699793546 sec
2026-06-26 03:53:27,345 - mazeUtils.moveTile - [moveTile.py:1907] - DEBUG - moveTile loop time: 54.6 ms
2026-06-26 03:53:27,345 - mazeUtils.moveTile - [moveTile.py:90] - DEBUG - [2622.333683] moveTile loop end practicalMoveTime=1.098 (+10.9 ms)
2026-06-26 03:53:27,346 - mazeUtils.moveTile - [moveTile.py:90] - DEBUG - [2622.334134] moveTile loop start (+0.5 ms)
2026-06-26 03:53:27,361 - picamera2.picamera2 - [picamera2.py:1391] - DEBUG - Execute job: <picamera2.job.Job object at 0x7f81ff9dd0>
2026-06-26 03:53:27,368 - mazeUtils.device.camera - [camera.py:39] - DEBUG - Average HSV: H=118.4, S=77.4, V=225.1
2026-06-26 03:53:27,373 - mazeUtils.moveTile - [moveTile.py:90] - DEBUG - [2622.361193] moveTile calculated motor speeds left=100 right=94 gyroSteer=2.160000000000082 wallSteer=3.6000000000000014 (+27.1 ms)
2026-06-26 03:53:27,396 - mazeUtils.moveTile - [moveTile.py:90] - DEBUG - [2622.384635] moveTile applied motor speed left=100 right=94 (+23.4 ms)
2026-06-26 03:53:27,397 - mazeUtils.moveTile - [moveTile.py:90] - DEBUG - [2622.385335] moveTile ramp check isBigRamp=True (+0.7 ms)
2026-06-26 03:53:27,400 - mazeUtils.moveTile - [moveTile.py:90] - DEBUG - [2622.388703] moveTile tile color check tempTileColor=E (+3.4 ms)
2026-06-26 03:53:27,401 - mazeUtils.moveTile - [moveTile.py:90] - DEBUG - [2622.389294] moveTile obstacle check escapeFlag=False (+0.6 ms)
2026-06-26 03:53:27,408 - mazeUtils.moveTile - [moveTile.py:79] - DEBUG - roll: 319.73 deg, practicalMoveTime: 1.1553600099749435 sec
2026-06-26 03:53:27,408 - mazeUtils.moveTile - [moveTile.py:1907] - DEBUG - moveTile loop time: 62.6 ms
2026-06-26 03:53:27,409 - mazeUtils.moveTile - [moveTile.py:90] - DEBUG - [2622.397237] moveTile loop end practicalMoveTime=1.155 (+7.9 ms)
2026-06-26 03:53:27,409 - mazeUtils.moveTile - [moveTile.py:90] - DEBUG - [2622.397629] moveTile loop start (+0.4 ms)
2026-06-26 03:53:27,417 - picamera2.picamera2 - [picamera2.py:1391] - DEBUG - Execute job: <picamera2.job.Job object at 0x7f99ba7690>
2026-06-26 03:53:27,423 - mazeUtils.device.camera - [camera.py:39] - DEBUG - Average HSV: H=107.3, S=203.9, V=219.1
2026-06-26 03:53:27,428 - mazeUtils.moveTile - [moveTile.py:90] - DEBUG - [2622.416763] moveTile calculated motor speeds left=100 right=98 gyroSteer=-4.119999999999891 wallSteer=5.199999999999999 (+19.1 ms)
2026-06-26 03:53:27,448 - mazeUtils.moveTile - [moveTile.py:90] - DEBUG - [2622.436284] moveTile applied motor speed left=100 right=98 (+19.5 ms)
2026-06-26 03:53:27,449 - mazeUtils.moveTile - [moveTile.py:90] - DEBUG - [2622.437042] moveTile ramp check isBigRamp=True (+0.8 ms)
2026-06-26 03:53:27,453 - mazeUtils.moveTile - [moveTile.py:90] - DEBUG - [2622.441744] moveTile tile color check tempTileColor=E (+4.7 ms)
2026-06-26 03:53:27,454 - mazeUtils.moveTile - [moveTile.py:90] - DEBUG - [2622.442451] moveTile obstacle check escapeFlag=False (+0.7 ms)
2026-06-26 03:53:27,459 - mazeUtils.moveTile - [moveTile.py:79] - DEBUG - roll: 316.62 deg, practicalMoveTime: 1.1961621711833106 sec
2026-06-26 03:53:27,460 - mazeUtils.moveTile - [moveTile.py:1907] - DEBUG - moveTile loop time: 50.7 ms
2026-06-26 03:53:27,461 - mazeUtils.moveTile - [moveTile.py:90] - DEBUG - [2622.448990] moveTile loop end practicalMoveTime=1.196 (+6.5 ms)
2026-06-26 03:53:27,461 - mazeUtils.moveTile - [moveTile.py:90] - DEBUG - [2622.449556] moveTile loop start (+0.6 ms)
2026-06-26 03:53:27,467 - picamera2.picamera2 - [picamera2.py:1391] - DEBUG - Execute job: <picamera2.job.Job object at 0x7f81fc0550>
2026-06-26 03:53:27,474 - mazeUtils.device.camera - [camera.py:39] - DEBUG - Average HSV: H=107.2, S=210.9, V=210.0
2026-06-26 03:53:27,482 - mazeUtils.moveTile - [moveTile.py:90] - DEBUG - [2622.470058] moveTile calculated motor speeds left=95 right=100 gyroSteer=-4.7999999999999545 wallSteer=0.0 (+20.5 ms)
2026-06-26 03:53:27,505 - mazeUtils.moveTile - [moveTile.py:90] - DEBUG - [2622.493712] moveTile applied motor speed left=95 right=100 (+23.7 ms)
2026-06-26 03:53:27,506 - mazeUtils.moveTile - [moveTile.py:90] - DEBUG - [2622.494731] moveTile ramp check isBigRamp=True (+1.0 ms)
2026-06-26 03:53:27,511 - mazeUtils.moveTile - [moveTile.py:90] - DEBUG - [2622.498913] moveTile tile color check tempTileColor=E (+4.2 ms)
2026-06-26 03:53:27,512 - mazeUtils.moveTile - [moveTile.py:90] - DEBUG - [2622.500051] moveTile obstacle check escapeFlag=False (+1.1 ms)
2026-06-26 03:53:27,519 - mazeUtils.moveTile - [moveTile.py:79] - DEBUG - roll: 310.71999999999997 deg, practicalMoveTime: 1.239553053044908 sec
2026-06-26 03:53:27,520 - mazeUtils.moveTile - [moveTile.py:1907] - DEBUG - moveTile loop time: 58.3 ms
2026-06-26 03:53:27,520 - mazeUtils.moveTile - [moveTile.py:90] - DEBUG - [2622.508721] moveTile loop end practicalMoveTime=1.240 (+8.7 ms)
2026-06-26 03:53:27,521 - mazeUtils.moveTile - [moveTile.py:90] - DEBUG - [2622.509198] moveTile loop start (+0.5 ms)
2026-06-26 03:53:27,527 - picamera2.picamera2 - [picamera2.py:1391] - DEBUG - Execute job: <picamera2.job.Job object at 0x7f81fc0490>
2026-06-26 03:53:27,535 - mazeUtils.device.camera - [camera.py:39] - DEBUG - Average HSV: H=123.8, S=90.8, V=28.8
2026-06-26 03:53:27,541 - mazeUtils.moveTile - [moveTile.py:90] - DEBUG - [2622.529234] moveTile calculated motor speeds left=100 right=96 gyroSteer=3.3600000000001273 wallSteer=0.0 (+20.0 ms)
2026-06-26 03:53:27,561 - mazeUtils.moveTile - [moveTile.py:90] - DEBUG - [2622.549483] moveTile applied motor speed left=100 right=96 (+20.2 ms)
2026-06-26 03:53:27,562 - mazeUtils.moveTile - [moveTile.py:90] - DEBUG - [2622.550227] moveTile ramp check isBigRamp=True (+0.7 ms)
2026-06-26 03:53:27,566 - mazeUtils.moveTile - [moveTile.py:90] - DEBUG - [2622.554653] moveTile tile color check tempTileColor=E (+4.4 ms)
2026-06-26 03:53:27,567 - mazeUtils.moveTile - [moveTile.py:90] - DEBUG - [2622.555349] moveTile obstacle check escapeFlag=False (+0.7 ms)
2026-06-26 03:53:27,594 - mazeUtils.moveTile - [moveTile.py:1814] - INFO - Front wall detected on down ramp, stopping movement
2026-06-26 03:53:31,263 - __main__ - [main.py:174] - INFO - Program interrupted by user.
2026-06-26 03:53:32,331 - mazeUtils.device.stm - [stm.py:216] - DEBUG - ACK resynchronized: type=STS_MOTOR dropped=3B seq=242
2026-06-26 03:53:32,364 - picamera2.picamera2 - [picamera2.py:1391] - DEBUG - Execute job: <picamera2.job.Job object at 0x7fa85b7390>
2026-06-26 03:53:32,387 - picamera2.picamera2 - [picamera2.py:1323] - INFO - Camera stopped
2026-06-26 03:53:32,589 - picamera2.picamera2 - [picamera2.py:1329] - DEBUG - Camera was not started
2026-06-26 03:53:32,795 - picamera2.picamera2 - [picamera2.py:723] - INFO - Camera closed successfully.
2026-06-26 03:53:33,327 - picamera2.picamera2 - [picamera2.py:500] - DEBUG - Resources now free: <picamera2.picamera2.Picamera2 object at 0x7f99a55610>
