2026-06-18 01:14:39,837 - root - [logging_config.py:61] - INFO - Logging initialized. Log file: /home/tuton/Kanto2026RPi/src/config/../logs/robot_20260618_011438.log
2026-06-18 01:14:41,878 - mazeUtils.device.LiDAR - [LiDAR.py:36] - INFO - Available ports: <ydlidar.Str2strMap; proxy of <Swig Object of type 'std::map< std::string,std::string > *' at 0x7f8c6b1a70> >
2026-06-18 01:14:45,935 - mazeUtils.moveTile - [moveTile.py:527] - DEBUG - Direction: absDirection.NORTH, Angle: 0, Distance: 108.8100120405353 cm
2026-06-18 01:14:45,936 - mazeUtils.moveTile - [moveTile.py:550] - DEBUG - Front LiDAR distance: 108.8100120405353 cm, TSD10 distance: 100.0 cm
2026-06-18 01:14:45,937 - mazeUtils.moveTile - [moveTile.py:527] - DEBUG - Direction: absDirection.EAST, Angle: 270, Distance: 16.19386951703763 cm
2026-06-18 01:14:45,938 - mazeUtils.moveTile - [moveTile.py:527] - DEBUG - Direction: absDirection.SOUTH, Angle: 180, Distance: 16.25959860734203 cm
2026-06-18 01:14:45,939 - mazeUtils.moveTile - [moveTile.py:527] - DEBUG - Direction: absDirection.WEST, Angle: 90, Distance: 17.38030416114152 cm
2026-06-18 01:14:45,940 - __main__ - [main.py:69] - INFO - Initial Map:
2026-06-18 01:14:45,954 - __main__ - [main.py:70] - INFO - Current position: (20, 20, 0), front direction: absDirection.NORTH
Layer 0 (altitude=0.0cm, offset=(0.0cm, 0.0cm)):
Known map area: x=20..20, y=20..20
+   +
| @ |
+---+
mazeAsGraph[0][20][20] = {absDirection.NORTH: (20, 19, 0, 30), absDirection.EAST: None, absDirection.SOUTH: None, absDirection.WEST: None}
2026-06-18 01:14:45,956 - mazeUtils.mazeMap - [mazeMap.py:61] - INFO - next goal: (20, 19, 0)
2026-06-18 01:14:45,957 - __main__ - [main.py:73] - INFO - Next Direction: [<absDirection.NORTH: 0>]
2026-06-18 01:14:45,957 - __main__ - [main.py:74] - INFO - Exploration started.
2026-06-18 01:14:45,958 - mazeUtils.moveTile - [moveTile.py:88] - DEBUG - [2860.247649] moveTile start direction=absDirection.NORTH position=(20, 20, 0) front=absDirection.NORTH
2026-06-18 01:14:45,965 - mazeUtils.moveTile - [moveTile.py:90] - DEBUG - [2860.254966] moveTile after initial toggle check (+7.3 ms)
2026-06-18 01:14:45,968 - mazeUtils.moveTile - [moveTile.py:90] - DEBUG - [2860.257112] moveTile after tile checks isRedTile=False isUnknownTileAhead=True (+2.1 ms)
2026-06-18 01:14:45,968 - mazeUtils.moveTile - [moveTile.py:79] - DEBUG - Moving to absDirection.NORTH from (20, 20, 0) facing absDirection.NORTH
2026-06-18 01:14:45,968 - mazeUtils.moveTile - [moveTile.py:90] - DEBUG - [2860.257764] moveTile updated front direction (+0.7 ms)
2026-06-18 01:14:45,990 - mazeUtils.moveTile - [moveTile.py:90] - DEBUG - [2860.279652] moveTile acquired initial LiDAR scan (+21.9 ms)
2026-06-18 01:14:46,032 - mazeUtils.moveTile - [moveTile.py:90] - DEBUG - [2860.322020] moveTile stopped motors before alignment (+42.4 ms)
2026-06-18 01:14:46,093 - mazeUtils.moveTile - [moveTile.py:90] - DEBUG - [2860.382368] moveTile start backward adjustment behind_wall_dist=16.350942322652262 (+60.3 ms)
2026-06-18 01:14:46,231 - mazeUtils.moveTile - [moveTile.py:79] - DEBUG - Little backward to adjust position
2026-06-18 01:14:46,593 - mazeUtils.moveTile - [moveTile.py:90] - DEBUG - [2860.882420] moveTile finished backward adjustment (+500.1 ms)
2026-06-18 01:14:46,636 - mazeUtils.moveTile - [moveTile.py:90] - DEBUG - [2860.925473] moveTile ready for forward move (+43.1 ms)
2026-06-18 01:14:46,736 - mazeUtils.moveTile - [moveTile.py:90] - DEBUG - [2861.025729] moveTile initialized movement targetSteps=1 (+100.3 ms)
2026-06-18 01:14:46,740 - mazeUtils.moveTile - [moveTile.py:90] - DEBUG - [2861.029998] moveTile loop start (+4.3 ms)
2026-06-18 01:14:46,748 - picamera2.picamera2 - [picamera2.py:1391] - DEBUG - Execute job: <picamera2.job.Job object at 0x7f76233450>
2026-06-18 01:14:46,759 - mazeUtils.device.camera - [camera.py:39] - DEBUG - Average HSV: H=165.7, S=20.2, V=220.1
2026-06-18 01:14:46,765 - mazeUtils.moveTile - [moveTile.py:90] - DEBUG - [2861.054066] moveTile calculated motor speeds left=95 right=100 gyroSteer=-0.4399999999999977 wallSteer=-3.599999999999998 (+24.1 ms)
2026-06-18 01:14:46,808 - mazeUtils.moveTile - [moveTile.py:90] - DEBUG - [2861.097063] moveTile applied motor speed left=95 right=100 (+43.0 ms)
2026-06-18 01:14:46,808 - mazeUtils.moveTile - [moveTile.py:90] - DEBUG - [2861.097635] moveTile ramp check isBigRamp=False (+0.6 ms)
2026-06-18 01:14:46,812 - mazeUtils.moveTile - [moveTile.py:90] - DEBUG - [2861.101946] moveTile tile color check tempTileColor=E (+4.3 ms)
2026-06-18 01:14:46,813 - mazeUtils.moveTile - [moveTile.py:90] - DEBUG - [2861.102557] moveTile obstacle check escapeFlag=False (+0.6 ms)
2026-06-18 01:14:46,814 - mazeUtils.moveTile - [moveTile.py:79] - DEBUG - roll: 0.4200000000000159 deg, practicalMoveTime: 0.07761842084591321 sec
2026-06-18 01:14:46,815 - mazeUtils.moveTile - [moveTile.py:1306] - DEBUG - moveTile loop time: 74.0 ms
2026-06-18 01:14:46,815 - mazeUtils.moveTile - [moveTile.py:90] - DEBUG - [2861.104509] moveTile loop end practicalMoveTime=0.078 (+2.0 ms)
2026-06-18 01:14:46,815 - mazeUtils.moveTile - [moveTile.py:90] - DEBUG - [2861.104792] moveTile loop start (+0.3 ms)
2026-06-18 01:14:46,821 - picamera2.picamera2 - [picamera2.py:1391] - DEBUG - Execute job: <picamera2.job.Job object at 0x7f8005a890>
2026-06-18 01:14:46,830 - mazeUtils.device.camera - [camera.py:39] - DEBUG - Average HSV: H=166.2, S=20.6, V=219.3
2026-06-18 01:14:46,836 - mazeUtils.moveTile - [moveTile.py:90] - DEBUG - [2861.125168] moveTile calculated motor speeds left=98 right=100 gyroSteer=-0.7049999999999841 wallSteer=-0.3999999999999986 (+20.4 ms)
2026-06-18 01:14:46,877 - mazeUtils.moveTile - [moveTile.py:90] - DEBUG - [2861.166145] moveTile applied motor speed left=98 right=100 (+41.0 ms)
2026-06-18 01:14:46,877 - mazeUtils.moveTile - [moveTile.py:90] - DEBUG - [2861.166674] moveTile ramp check isBigRamp=False (+0.5 ms)
2026-06-18 01:14:46,880 - mazeUtils.moveTile - [moveTile.py:90] - DEBUG - [2861.169453] moveTile tile color check tempTileColor=E (+2.8 ms)
2026-06-18 01:14:46,880 - mazeUtils.moveTile - [moveTile.py:90] - DEBUG - [2861.169892] moveTile obstacle check escapeFlag=False (+0.4 ms)
2026-06-18 01:14:46,881 - mazeUtils.moveTile - [moveTile.py:79] - DEBUG - roll: 0.3199999999999932 deg, practicalMoveTime: 0.14393518323608184 sec
2026-06-18 01:14:46,881 - mazeUtils.moveTile - [moveTile.py:1306] - DEBUG - moveTile loop time: 66.0 ms
2026-06-18 01:14:46,882 - mazeUtils.moveTile - [moveTile.py:90] - DEBUG - [2861.171113] moveTile loop end practicalMoveTime=0.144 (+1.2 ms)
2026-06-18 01:14:46,882 - mazeUtils.moveTile - [moveTile.py:90] - DEBUG - [2861.171445] moveTile loop start (+0.3 ms)
2026-06-18 01:14:46,887 - picamera2.picamera2 - [picamera2.py:1391] - DEBUG - Execute job: <picamera2.job.Job object at 0x7f8005a890>
2026-06-18 01:14:46,892 - mazeUtils.device.camera - [camera.py:39] - DEBUG - Average HSV: H=166.7, S=19.5, V=222.5
2026-06-18 01:14:46,900 - mazeUtils.moveTile - [moveTile.py:90] - DEBUG - [2861.189717] moveTile calculated motor speeds left=98 right=100 gyroSteer=-0.38999999999998636 wallSteer=-0.8000000000000007 (+18.3 ms)
2026-06-18 01:14:46,940 - mazeUtils.moveTile - [moveTile.py:90] - DEBUG - [2861.229658] moveTile applied motor speed left=98 right=100 (+39.9 ms)
2026-06-18 01:14:46,941 - mazeUtils.moveTile - [moveTile.py:90] - DEBUG - [2861.230261] moveTile ramp check isBigRamp=False (+0.6 ms)
2026-06-18 01:14:46,943 - mazeUtils.moveTile - [moveTile.py:90] - DEBUG - [2861.233052] moveTile tile color check tempTileColor=E (+2.8 ms)
2026-06-18 01:14:46,944 - mazeUtils.moveTile - [moveTile.py:90] - DEBUG - [2861.233503] moveTile obstacle check escapeFlag=False (+0.5 ms)
2026-06-18 01:14:46,945 - mazeUtils.moveTile - [moveTile.py:79] - DEBUG - roll: 0.17000000000001592 deg, practicalMoveTime: 0.20722407015181823 sec
2026-06-18 01:14:46,945 - mazeUtils.moveTile - [moveTile.py:1306] - DEBUG - moveTile loop time: 63.2 ms
2026-06-18 01:14:46,945 - mazeUtils.moveTile - [moveTile.py:90] - DEBUG - [2861.234991] moveTile loop end practicalMoveTime=0.207 (+1.5 ms)
2026-06-18 01:14:46,946 - mazeUtils.moveTile - [moveTile.py:90] - DEBUG - [2861.235338] moveTile loop start (+0.3 ms)
2026-06-18 01:14:46,952 - picamera2.picamera2 - [picamera2.py:1391] - DEBUG - Execute job: <picamera2.job.Job object at 0x7f7622efd0>
2026-06-18 01:14:46,957 - mazeUtils.device.camera - [camera.py:39] - DEBUG - Average HSV: H=166.6, S=19.0, V=225.6
2026-06-18 01:14:46,964 - mazeUtils.moveTile - [moveTile.py:90] - DEBUG - [2861.253652] moveTile calculated motor speeds left=99 right=100 gyroSteer=0.25499999999999545 wallSteer=-0.8000000000000007 (+18.3 ms)
2026-06-18 01:14:47,005 - mazeUtils.moveTile - [moveTile.py:90] - DEBUG - [2861.294334] moveTile applied motor speed left=99 right=100 (+40.7 ms)
2026-06-18 01:14:47,005 - mazeUtils.moveTile - [moveTile.py:90] - DEBUG - [2861.294927] moveTile ramp check isBigRamp=False (+0.6 ms)
2026-06-18 01:14:47,008 - mazeUtils.moveTile - [moveTile.py:90] - DEBUG - [2861.297883] moveTile tile color check tempTileColor=E (+3.0 ms)
2026-06-18 01:14:47,009 - mazeUtils.moveTile - [moveTile.py:90] - DEBUG - [2861.298747] moveTile obstacle check escapeFlag=False (+0.9 ms)
2026-06-18 01:14:47,010 - mazeUtils.moveTile - [moveTile.py:79] - DEBUG - roll: 0.4399999999999977 deg, practicalMoveTime: 0.27220480668413466 sec
2026-06-18 01:14:47,012 - mazeUtils.moveTile - [moveTile.py:1306] - DEBUG - moveTile loop time: 66.3 ms
2026-06-18 01:14:47,012 - mazeUtils.moveTile - [moveTile.py:90] - DEBUG - [2861.302063] moveTile loop end practicalMoveTime=0.272 (+3.3 ms)
2026-06-18 01:14:47,013 - mazeUtils.moveTile - [moveTile.py:90] - DEBUG - [2861.302326] moveTile loop start (+0.3 ms)
2026-06-18 01:14:47,020 - picamera2.picamera2 - [picamera2.py:1391] - DEBUG - Execute job: <picamera2.job.Job object at 0x7f76233490>
2026-06-18 01:14:47,026 - mazeUtils.device.camera - [camera.py:39] - DEBUG - Average HSV: H=164.6, S=17.8, V=227.5
2026-06-18 01:14:47,031 - mazeUtils.moveTile - [moveTile.py:90] - DEBUG - [2861.320827] moveTile calculated motor speeds left=99 right=100 gyroSteer=0.030000000000001137 wallSteer=-0.8000000000000007 (+18.5 ms)
2026-06-18 01:14:47,170 - mazeUtils.moveTile - [moveTile.py:90] - DEBUG - [2861.459099] moveTile applied motor speed left=99 right=100 (+138.3 ms)
2026-06-18 01:14:47,170 - mazeUtils.moveTile - [moveTile.py:90] - DEBUG - [2861.459702] moveTile ramp check isBigRamp=False (+0.6 ms)
2026-06-18 01:14:47,174 - mazeUtils.moveTile - [moveTile.py:90] - DEBUG - [2861.463507] moveTile tile color check tempTileColor=E (+3.8 ms)
2026-06-18 01:14:47,175 - mazeUtils.moveTile - [moveTile.py:90] - DEBUG - [2861.464873] moveTile obstacle check escapeFlag=False (+1.4 ms)
2026-06-18 01:14:47,176 - mazeUtils.moveTile - [moveTile.py:79] - DEBUG - roll: 0.29000000000002046 deg, practicalMoveTime: 0.4361870048931437 sec
2026-06-18 01:14:47,177 - mazeUtils.moveTile - [moveTile.py:1306] - DEBUG - moveTile loop time: 163.8 ms
2026-06-18 01:14:47,177 - mazeUtils.moveTile - [moveTile.py:90] - DEBUG - [2861.466499] moveTile loop end practicalMoveTime=0.436 (+1.6 ms)
2026-06-18 01:14:47,177 - mazeUtils.moveTile - [moveTile.py:90] - DEBUG - [2861.466794] moveTile loop start (+0.3 ms)
2026-06-18 01:14:47,182 - picamera2.picamera2 - [picamera2.py:1391] - DEBUG - Execute job: <picamera2.job.Job object at 0x7f7622d790>
2026-06-18 01:14:47,188 - mazeUtils.device.camera - [camera.py:39] - DEBUG - Average HSV: H=163.4, S=17.6, V=226.3
2026-06-18 01:14:47,194 - mazeUtils.moveTile - [moveTile.py:90] - DEBUG - [2861.483276] moveTile calculated motor speeds left=95 right=100 gyroSteer=-0.37999999999999545 wallSteer=-4.400000000000002 (+16.5 ms)
2026-06-18 01:14:47,234 - mazeUtils.moveTile - [moveTile.py:90] - DEBUG - [2861.523286] moveTile applied motor speed left=95 right=100 (+40.0 ms)
2026-06-18 01:14:47,234 - mazeUtils.moveTile - [moveTile.py:90] - DEBUG - [2861.523864] moveTile ramp check isBigRamp=False (+0.6 ms)
2026-06-18 01:14:47,238 - mazeUtils.moveTile - [moveTile.py:90] - DEBUG - [2861.527572] moveTile tile color check tempTileColor=E (+3.7 ms)
2026-06-18 01:14:47,239 - mazeUtils.moveTile - [moveTile.py:90] - DEBUG - [2861.528555] moveTile obstacle check escapeFlag=False (+1.0 ms)
2026-06-18 01:14:47,240 - mazeUtils.moveTile - [moveTile.py:79] - DEBUG - roll: 0.7800000000000296 deg, practicalMoveTime: 0.4992516962360315 sec
2026-06-18 01:14:47,240 - mazeUtils.moveTile - [moveTile.py:1306] - DEBUG - moveTile loop time: 63.3 ms
2026-06-18 01:14:47,241 - mazeUtils.moveTile - [moveTile.py:90] - DEBUG - [2861.530417] moveTile loop end practicalMoveTime=0.499 (+1.9 ms)
2026-06-18 01:14:47,241 - mazeUtils.moveTile - [moveTile.py:90] - DEBUG - [2861.530728] moveTile loop start (+0.3 ms)
2026-06-18 01:14:47,245 - picamera2.picamera2 - [picamera2.py:1391] - DEBUG - Execute job: <picamera2.job.Job object at 0x7f7622efd0>
2026-06-18 01:14:47,251 - mazeUtils.device.camera - [camera.py:39] - DEBUG - Average HSV: H=166.9, S=18.8, V=227.1
2026-06-18 01:14:47,258 - mazeUtils.moveTile - [moveTile.py:90] - DEBUG - [2861.547533] moveTile calculated motor speeds left=95 right=100 gyroSteer=-0.03499999999999659 wallSteer=-4.800000000000001 (+16.8 ms)
2026-06-18 01:14:47,298 - mazeUtils.moveTile - [moveTile.py:90] - DEBUG - [2861.587512] moveTile applied motor speed left=95 right=100 (+40.0 ms)
2026-06-18 01:14:47,299 - mazeUtils.moveTile - [moveTile.py:90] - DEBUG - [2861.588342] moveTile ramp check isBigRamp=False (+0.8 ms)
2026-06-18 01:14:47,302 - mazeUtils.moveTile - [moveTile.py:90] - DEBUG - [2861.591370] moveTile tile color check tempTileColor=E (+3.0 ms)
2026-06-18 01:14:47,303 - mazeUtils.moveTile - [moveTile.py:90] - DEBUG - [2861.592462] moveTile obstacle check escapeFlag=False (+1.1 ms)
2026-06-18 01:14:47,304 - mazeUtils.moveTile - [moveTile.py:79] - DEBUG - roll: 0.29000000000002046 deg, practicalMoveTime: 0.5623371594414668 sec
2026-06-18 01:14:47,304 - mazeUtils.moveTile - [moveTile.py:1306] - DEBUG - moveTile loop time: 63.2 ms
2026-06-18 01:14:47,305 - mazeUtils.moveTile - [moveTile.py:90] - DEBUG - [2861.594307] moveTile loop end practicalMoveTime=0.562 (+1.8 ms)
2026-06-18 01:14:47,305 - mazeUtils.moveTile - [moveTile.py:90] - DEBUG - [2861.594580] moveTile loop start (+0.3 ms)
2026-06-18 01:14:47,311 - picamera2.picamera2 - [picamera2.py:1391] - DEBUG - Execute job: <picamera2.job.Job object at 0x7f7fe4b710>
2026-06-18 01:14:47,317 - mazeUtils.device.camera - [camera.py:39] - DEBUG - Average HSV: H=166.5, S=18.7, V=227.3
2026-06-18 01:14:47,322 - mazeUtils.moveTile - [moveTile.py:90] - DEBUG - [2861.611963] moveTile calculated motor speeds left=93 right=100 gyroSteer=0.12999999999999545 wallSteer=-6.399999999999999 (+17.4 ms)
2026-06-18 01:14:47,365 - mazeUtils.moveTile - [moveTile.py:90] - DEBUG - [2861.654555] moveTile applied motor speed left=93 right=100 (+42.6 ms)
2026-06-18 01:14:47,365 - mazeUtils.moveTile - [moveTile.py:90] - DEBUG - [2861.655082] moveTile ramp check isBigRamp=False (+0.5 ms)
2026-06-18 01:14:47,368 - mazeUtils.moveTile - [moveTile.py:90] - DEBUG - [2861.657830] moveTile tile color check tempTileColor=E (+2.7 ms)
2026-06-18 01:14:47,369 - mazeUtils.moveTile - [moveTile.py:90] - DEBUG - [2861.658205] moveTile obstacle check escapeFlag=False (+0.4 ms)
2026-06-18 01:14:47,369 - mazeUtils.moveTile - [moveTile.py:79] - DEBUG - roll: 0.5200000000000387 deg, practicalMoveTime: 0.626989800632994 sec
2026-06-18 01:14:47,370 - mazeUtils.moveTile - [moveTile.py:1306] - DEBUG - moveTile loop time: 64.5 ms
2026-06-18 01:14:47,370 - mazeUtils.moveTile - [moveTile.py:90] - DEBUG - [2861.659467] moveTile loop end practicalMoveTime=0.627 (+1.3 ms)
2026-06-18 01:14:47,371 - mazeUtils.moveTile - [moveTile.py:90] - DEBUG - [2861.660109] moveTile loop start (+0.6 ms)
2026-06-18 01:14:47,376 - picamera2.picamera2 - [picamera2.py:1391] - DEBUG - Execute job: <picamera2.job.Job object at 0x7f7622d790>
2026-06-18 01:14:47,381 - mazeUtils.device.camera - [camera.py:39] - DEBUG - Average HSV: H=162.1, S=16.4, V=228.7
2026-06-18 01:14:47,386 - mazeUtils.moveTile - [moveTile.py:90] - DEBUG - [2861.675645] moveTile calculated motor speeds left=98 right=100 gyroSteer=0.5049999999999955 wallSteer=-2.0 (+15.5 ms)
2026-06-18 01:14:47,427 - mazeUtils.moveTile - [moveTile.py:90] - DEBUG - [2861.716121] moveTile applied motor speed left=98 right=100 (+40.5 ms)
2026-06-18 01:14:47,427 - mazeUtils.moveTile - [moveTile.py:90] - DEBUG - [2861.716752] moveTile ramp check isBigRamp=False (+0.6 ms)
2026-06-18 01:14:47,430 - mazeUtils.moveTile - [moveTile.py:90] - DEBUG - [2861.719562] moveTile tile color check tempTileColor=E (+2.8 ms)
2026-06-18 01:14:47,430 - mazeUtils.moveTile - [moveTile.py:90] - DEBUG - [2861.719927] moveTile obstacle check escapeFlag=False (+0.4 ms)
2026-06-18 01:14:47,431 - mazeUtils.moveTile - [moveTile.py:79] - DEBUG - roll: 359.57 deg, practicalMoveTime: 0.6883312661556319 sec
2026-06-18 01:14:47,431 - mazeUtils.moveTile - [moveTile.py:1306] - DEBUG - moveTile loop time: 60.8 ms
2026-06-18 01:14:47,432 - mazeUtils.moveTile - [moveTile.py:90] - DEBUG - [2861.721235] moveTile loop end practicalMoveTime=0.688 (+1.3 ms)
2026-06-18 01:14:47,432 - mazeUtils.moveTile - [moveTile.py:90] - DEBUG - [2861.721506] moveTile loop start (+0.3 ms)
2026-06-18 01:14:47,439 - picamera2.picamera2 - [picamera2.py:1391] - DEBUG - Execute job: <picamera2.job.Job object at 0x7f7622efd0>
2026-06-18 01:14:47,443 - mazeUtils.device.camera - [camera.py:39] - DEBUG - Average HSV: H=163.0, S=17.3, V=227.5
2026-06-18 01:14:47,448 - mazeUtils.moveTile - [moveTile.py:90] - DEBUG - [2861.738055] moveTile calculated motor speeds left=99 right=100 gyroSteer=0.2849999999999966 wallSteer=-0.8000000000000007 (+16.5 ms)
2026-06-18 01:14:47,490 - mazeUtils.moveTile - [moveTile.py:90] - DEBUG - [2861.779788] moveTile applied motor speed left=99 right=100 (+41.7 ms)
2026-06-18 01:14:47,491 - mazeUtils.moveTile - [moveTile.py:90] - DEBUG - [2861.780711] moveTile ramp check isBigRamp=False (+0.9 ms)
2026-06-18 01:14:47,494 - mazeUtils.moveTile - [moveTile.py:90] - DEBUG - [2861.783585] moveTile tile color check tempTileColor=E (+2.9 ms)
2026-06-18 01:14:47,494 - mazeUtils.moveTile - [moveTile.py:90] - DEBUG - [2861.783964] moveTile obstacle check escapeFlag=False (+0.4 ms)
2026-06-18 01:14:47,495 - mazeUtils.moveTile - [moveTile.py:79] - DEBUG - roll: 0.12999999999999545 deg, practicalMoveTime: 0.751880382745388 sec
2026-06-18 01:14:47,495 - mazeUtils.moveTile - [moveTile.py:1306] - DEBUG - moveTile loop time: 63.4 ms
2026-06-18 01:14:47,496 - mazeUtils.moveTile - [moveTile.py:90] - DEBUG - [2861.785254] moveTile loop end practicalMoveTime=0.752 (+1.3 ms)
2026-06-18 01:14:47,496 - mazeUtils.moveTile - [moveTile.py:90] - DEBUG - [2861.785517] moveTile loop start (+0.3 ms)
2026-06-18 01:14:47,502 - picamera2.picamera2 - [picamera2.py:1391] - DEBUG - Execute job: <picamera2.job.Job object at 0x7f76233490>
2026-06-18 01:14:47,507 - mazeUtils.device.camera - [camera.py:39] - DEBUG - Average HSV: H=167.2, S=18.3, V=225.4
2026-06-18 01:14:47,512 - mazeUtils.moveTile - [moveTile.py:90] - DEBUG - [2861.801286] moveTile calculated motor speeds left=99 right=100 gyroSteer=0.08500000000000796 wallSteer=-0.3999999999999986 (+15.8 ms)
2026-06-18 01:14:47,552 - mazeUtils.moveTile - [moveTile.py:90] - DEBUG - [2861.841417] moveTile applied motor speed left=99 right=100 (+40.1 ms)
2026-06-18 01:14:47,552 - mazeUtils.moveTile - [moveTile.py:90] - DEBUG - [2861.841974] moveTile ramp check isBigRamp=False (+0.6 ms)
2026-06-18 01:14:47,555 - mazeUtils.moveTile - [moveTile.py:90] - DEBUG - [2861.844714] moveTile tile color check tempTileColor=E (+2.7 ms)
2026-06-18 01:14:47,555 - mazeUtils.moveTile - [moveTile.py:90] - DEBUG - [2861.845076] moveTile obstacle check escapeFlag=False (+0.4 ms)
2026-06-18 01:14:47,556 - mazeUtils.moveTile - [moveTile.py:79] - DEBUG - roll: 359.45 deg, practicalMoveTime: 0.8124111173420538 sec
2026-06-18 01:14:47,556 - mazeUtils.moveTile - [moveTile.py:1306] - DEBUG - moveTile loop time: 60.4 ms
2026-06-18 01:14:47,557 - mazeUtils.moveTile - [moveTile.py:90] - DEBUG - [2861.846201] moveTile loop end practicalMoveTime=0.812 (+1.1 ms)
2026-06-18 01:14:47,557 - mazeUtils.moveTile - [moveTile.py:90] - DEBUG - [2861.846593] moveTile loop start (+0.4 ms)
2026-06-18 01:14:47,561 - picamera2.picamera2 - [picamera2.py:1391] - DEBUG - Execute job: <picamera2.job.Job object at 0x7f66e6a190>
2026-06-18 01:14:47,566 - mazeUtils.device.camera - [camera.py:39] - DEBUG - Average HSV: H=167.7, S=18.7, V=225.1
2026-06-18 01:14:47,572 - mazeUtils.moveTile - [moveTile.py:90] - DEBUG - [2861.861374] moveTile calculated motor speeds left=100 right=99 gyroSteer=0.42500000000001137 wallSteer=-0.3999999999999986 (+14.8 ms)
2026-06-18 01:14:47,614 - mazeUtils.moveTile - [moveTile.py:90] - DEBUG - [2861.903406] moveTile applied motor speed left=100 right=99 (+42.0 ms)
2026-06-18 01:14:47,614 - mazeUtils.moveTile - [moveTile.py:90] - DEBUG - [2861.903964] moveTile ramp check isBigRamp=False (+0.6 ms)
2026-06-18 01:14:47,617 - mazeUtils.moveTile - [moveTile.py:90] - DEBUG - [2861.906855] moveTile tile color check tempTileColor=E (+2.9 ms)
2026-06-18 01:14:47,618 - mazeUtils.moveTile - [moveTile.py:90] - DEBUG - [2861.907285] moveTile obstacle check escapeFlag=False (+0.4 ms)
2026-06-18 01:14:47,618 - mazeUtils.moveTile - [moveTile.py:1253] - INFO - practicalVerticalMove: 0.13119474180888205 CM
2026-06-18 01:14:47,659 - mazeUtils.moveTile - [moveTile.py:90] - DEBUG - [2861.948541] moveTile finished by time control (+41.3 ms)
2026-06-18 01:14:47,660 - mazeUtils.moveTile - [moveTile.py:90] - DEBUG - [2861.949106] moveTile start final forward adjustment (+41.8 ms)
2026-06-18 01:14:47,707 - mazeUtils.moveTile - [moveTile.py:90] - DEBUG - [2861.996427] moveTile finished final forward adjustment (+47.3 ms)
2026-06-18 01:14:47,708 - mazeUtils.moveTile - [moveTile.py:1499] - INFO - Set moved vertical distance: 0.13119474180888205 cm, past distances: [(0, False), (0, False), (0, False)]
2026-06-18 01:14:47,708 - mazeUtils.moveTile - [moveTile.py:90] - DEBUG - [2861.997640] moveTile updated moved vertical distance 0.131 (+1.2 ms)
2026-06-18 01:14:47,727 - mazeUtils.moveTile - [moveTile.py:527] - DEBUG - Direction: absDirection.NORTH, Angle: 0, Distance: 75.63323546696176 cm
2026-06-18 01:14:47,728 - mazeUtils.moveTile - [moveTile.py:550] - DEBUG - Front LiDAR distance: 75.63323546696176 cm, TSD10 distance: 62.1 cm
2026-06-18 01:14:47,730 - mazeUtils.moveTile - [moveTile.py:527] - DEBUG - Direction: absDirection.EAST, Angle: 270, Distance: 16.56007359789555 cm
2026-06-18 01:14:47,732 - mazeUtils.moveTile - [moveTile.py:527] - DEBUG - Direction: absDirection.SOUTH, Angle: 180, Distance: 53.07983972734325 cm
2026-06-18 01:14:47,734 - mazeUtils.moveTile - [moveTile.py:527] - DEBUG - Direction: absDirection.WEST, Angle: 90, Distance: 17.36413979892184 cm
2026-06-18 01:14:47,735 - mazeUtils.moveTile - [moveTile.py:90] - DEBUG - [2862.024513] moveTile updated map and detected walls (+26.9 ms)
2026-06-18 01:14:47,738 - mazeUtils.moveTile - [moveTile.py:1620] - INFO - Tile color detection counts: {}, decided tile type: E
2026-06-18 01:14:47,739 - mazeUtils.moveTile - [moveTile.py:90] - DEBUG - [2862.028365] moveTile finished (+30.7 ms)
2026-06-18 01:14:47,828 - mazeUtils.mazeMap - [mazeMap.py:61] - INFO - next goal: (20, 18, 0)
2026-06-18 01:14:47,829 - mazeUtils.moveTile - [moveTile.py:88] - DEBUG - [2862.118780] moveTile start direction=absDirection.NORTH position=(20, 19, 0) front=absDirection.NORTH
2026-06-18 01:14:47,834 - mazeUtils.moveTile - [moveTile.py:90] - DEBUG - [2862.123265] moveTile after initial toggle check (+4.5 ms)
2026-06-18 01:14:47,837 - mazeUtils.moveTile - [moveTile.py:90] - DEBUG - [2862.126372] moveTile after tile checks isRedTile=False isUnknownTileAhead=True (+3.1 ms)
2026-06-18 01:14:47,838 - mazeUtils.moveTile - [moveTile.py:79] - DEBUG - Moving to absDirection.NORTH from (20, 19, 0) facing absDirection.NORTH
2026-06-18 01:14:47,839 - mazeUtils.moveTile - [moveTile.py:90] - DEBUG - [2862.128553] moveTile updated front direction (+2.2 ms)
2026-06-18 01:14:47,843 - mazeUtils.moveTile - [moveTile.py:90] - DEBUG - [2862.132807] moveTile acquired initial LiDAR scan (+4.3 ms)
2026-06-18 01:14:47,884 - mazeUtils.moveTile - [moveTile.py:90] - DEBUG - [2862.173764] moveTile stopped motors before alignment (+41.0 ms)
2026-06-18 01:14:47,931 - mazeUtils.moveTile - [moveTile.py:90] - DEBUG - [2862.220500] moveTile ready for forward move (+46.7 ms)
2026-06-18 01:14:48,031 - mazeUtils.moveTile - [moveTile.py:90] - DEBUG - [2862.320612] moveTile initialized movement targetSteps=1 (+100.1 ms)
2026-06-18 01:14:48,035 - mazeUtils.moveTile - [moveTile.py:90] - DEBUG - [2862.324825] moveTile loop start (+4.2 ms)
2026-06-18 01:14:48,041 - picamera2.picamera2 - [picamera2.py:1391] - DEBUG - Execute job: <picamera2.job.Job object at 0x7f8c978610>
2026-06-18 01:14:48,047 - mazeUtils.device.camera - [camera.py:39] - DEBUG - Average HSV: H=150.7, S=19.3, V=225.1
2026-06-18 01:14:48,052 - mazeUtils.moveTile - [moveTile.py:90] - DEBUG - [2862.341850] moveTile calculated motor speeds left=100 right=99 gyroSteer=1.0150000000000148 wallSteer=-0.8000000000000007 (+17.0 ms)
2026-06-18 01:14:48,095 - mazeUtils.moveTile - [moveTile.py:90] - DEBUG - [2862.384956] moveTile applied motor speed left=100 right=99 (+43.1 ms)
2026-06-18 01:14:48,096 - mazeUtils.moveTile - [moveTile.py:90] - DEBUG - [2862.385575] moveTile ramp check isBigRamp=False (+0.6 ms)
2026-06-18 01:14:48,099 - mazeUtils.moveTile - [moveTile.py:90] - DEBUG - [2862.388439] moveTile tile color check tempTileColor=E (+2.9 ms)
2026-06-18 01:14:48,099 - mazeUtils.moveTile - [moveTile.py:90] - DEBUG - [2862.388972] moveTile obstacle check escapeFlag=False (+0.5 ms)
2026-06-18 01:14:48,100 - mazeUtils.moveTile - [moveTile.py:79] - DEBUG - roll: 359.52000000000004 deg, practicalMoveTime: 0.06884667072849511 sec
2026-06-18 01:14:48,100 - mazeUtils.moveTile - [moveTile.py:1306] - DEBUG - moveTile loop time: 65.2 ms
2026-06-18 01:14:48,101 - mazeUtils.moveTile - [moveTile.py:90] - DEBUG - [2862.390350] moveTile loop end practicalMoveTime=0.069 (+1.4 ms)
2026-06-18 01:14:48,102 - mazeUtils.moveTile - [moveTile.py:90] - DEBUG - [2862.391235] moveTile loop start (+0.9 ms)
2026-06-18 01:14:48,108 - picamera2.picamera2 - [picamera2.py:1391] - DEBUG - Execute job: <picamera2.job.Job object at 0x7f66ea0d10>
2026-06-18 01:14:48,113 - mazeUtils.device.camera - [camera.py:39] - DEBUG - Average HSV: H=168.1, S=18.2, V=225.4
2026-06-18 01:14:48,117 - mazeUtils.moveTile - [moveTile.py:90] - DEBUG - [2862.406757] moveTile calculated motor speeds left=99 right=100 gyroSteer=0.6949999999999932 wallSteer=-0.8000000000000007 (+15.5 ms)
2026-06-18 01:14:48,157 - mazeUtils.moveTile - [moveTile.py:90] - DEBUG - [2862.447053] moveTile applied motor speed left=99 right=100 (+40.3 ms)
2026-06-18 01:14:48,158 - mazeUtils.moveTile - [moveTile.py:90] - DEBUG - [2862.447604] moveTile ramp check isBigRamp=False (+0.6 ms)
2026-06-18 01:14:48,161 - mazeUtils.moveTile - [moveTile.py:90] - DEBUG - [2862.450342] moveTile tile color check tempTileColor=E (+2.7 ms)
2026-06-18 01:14:48,161 - mazeUtils.moveTile - [moveTile.py:90] - DEBUG - [2862.450711] moveTile obstacle check escapeFlag=False (+0.4 ms)
2026-06-18 01:14:48,162 - mazeUtils.moveTile - [moveTile.py:79] - DEBUG - roll: 0.25 deg, practicalMoveTime: 0.13034234311042592 sec
2026-06-18 01:14:48,163 - mazeUtils.moveTile - [moveTile.py:1306] - DEBUG - moveTile loop time: 60.8 ms
2026-06-18 01:14:48,163 - mazeUtils.moveTile - [moveTile.py:90] - DEBUG - [2862.452724] moveTile loop end practicalMoveTime=0.130 (+2.0 ms)
2026-06-18 01:14:48,164 - mazeUtils.moveTile - [moveTile.py:90] - DEBUG - [2862.453134] moveTile loop start (+0.4 ms)
2026-06-18 01:14:48,169 - picamera2.picamera2 - [picamera2.py:1391] - DEBUG - Execute job: <picamera2.job.Job object at 0x7f7fdfcc10>
2026-06-18 01:14:48,174 - mazeUtils.device.camera - [camera.py:39] - DEBUG - Average HSV: H=169.2, S=19.1, V=223.9
2026-06-18 01:14:48,178 - mazeUtils.moveTile - [moveTile.py:90] - DEBUG - [2862.467590] moveTile calculated motor speeds left=96 right=100 gyroSteer=0.8900000000000148 wallSteer=-4.800000000000001 (+14.5 ms)
2026-06-18 01:14:48,219 - mazeUtils.moveTile - [moveTile.py:90] - DEBUG - [2862.508319] moveTile applied motor speed left=96 right=100 (+40.7 ms)
2026-06-18 01:14:48,219 - mazeUtils.moveTile - [moveTile.py:90] - DEBUG - [2862.508890] moveTile ramp check isBigRamp=False (+0.6 ms)
2026-06-18 01:14:48,222 - mazeUtils.moveTile - [moveTile.py:90] - DEBUG - [2862.511725] moveTile tile color check tempTileColor=E (+2.8 ms)
2026-06-18 01:14:48,223 - mazeUtils.moveTile - [moveTile.py:90] - DEBUG - [2862.512336] moveTile obstacle check escapeFlag=False (+0.6 ms)
2026-06-18 01:14:48,223 - mazeUtils.moveTile - [moveTile.py:79] - DEBUG - roll: 0.8300000000000409 deg, practicalMoveTime: 0.19113603927647654 sec
2026-06-18 01:14:48,224 - mazeUtils.moveTile - [moveTile.py:1306] - DEBUG - moveTile loop time: 60.4 ms
2026-06-18 01:14:48,224 - mazeUtils.moveTile - [moveTile.py:90] - DEBUG - [2862.513831] moveTile loop end practicalMoveTime=0.191 (+1.5 ms)
2026-06-18 01:14:48,224 - mazeUtils.moveTile - [moveTile.py:90] - DEBUG - [2862.514062] moveTile loop start (+0.2 ms)
2026-06-18 01:14:48,230 - picamera2.picamera2 - [picamera2.py:1391] - DEBUG - Execute job: <picamera2.job.Job object at 0x7f67e72c50>
2026-06-18 01:14:48,235 - mazeUtils.device.camera - [camera.py:39] - DEBUG - Average HSV: H=171.1, S=19.6, V=223.3
2026-06-18 01:14:48,241 - mazeUtils.moveTile - [moveTile.py:90] - DEBUG - [2862.530427] moveTile calculated motor speeds left=96 right=100 gyroSteer=1.2150000000000034 wallSteer=-4.399999999999999 (+16.4 ms)
2026-06-18 01:14:48,280 - mazeUtils.moveTile - [moveTile.py:90] - DEBUG - [2862.569980] moveTile applied motor speed left=96 right=100 (+39.6 ms)
2026-06-18 01:14:48,281 - mazeUtils.moveTile - [moveTile.py:90] - DEBUG - [2862.570756] moveTile ramp check isBigRamp=False (+0.8 ms)
2026-06-18 01:14:48,285 - mazeUtils.moveTile - [moveTile.py:90] - DEBUG - [2862.574388] moveTile tile color check tempTileColor=E (+3.6 ms)
2026-06-18 01:14:48,285 - mazeUtils.moveTile - [moveTile.py:90] - DEBUG - [2862.574817] moveTile obstacle check escapeFlag=False (+0.4 ms)
2026-06-18 01:14:48,286 - mazeUtils.moveTile - [moveTile.py:79] - DEBUG - roll: 359.63 deg, practicalMoveTime: 0.25286656744515174 sec
2026-06-18 01:14:48,286 - mazeUtils.moveTile - [moveTile.py:1306] - DEBUG - moveTile loop time: 61.6 ms
2026-06-18 01:14:48,286 - mazeUtils.moveTile - [moveTile.py:90] - DEBUG - [2862.576070] moveTile loop end practicalMoveTime=0.253 (+1.3 ms)
2026-06-18 01:14:48,287 - mazeUtils.moveTile - [moveTile.py:90] - DEBUG - [2862.576372] moveTile loop start (+0.3 ms)
2026-06-18 01:14:48,292 - picamera2.picamera2 - [picamera2.py:1391] - DEBUG - Execute job: <picamera2.job.Job object at 0x7f54d7c150>
2026-06-18 01:14:48,297 - mazeUtils.device.camera - [camera.py:39] - DEBUG - Average HSV: H=171.6, S=20.0, V=221.9
2026-06-18 01:14:48,303 - mazeUtils.moveTile - [moveTile.py:90] - DEBUG - [2862.592122] moveTile calculated motor speeds left=97 right=100 gyroSteer=1.1350000000000193 wallSteer=-3.6000000000000014 (+15.8 ms)
2026-06-18 01:14:48,343 - mazeUtils.moveTile - [moveTile.py:90] - DEBUG - [2862.632270] moveTile applied motor speed left=97 right=100 (+40.1 ms)
2026-06-18 01:14:48,343 - mazeUtils.moveTile - [moveTile.py:90] - DEBUG - [2862.633048] moveTile ramp check isBigRamp=False (+0.8 ms)
2026-06-18 01:14:48,348 - mazeUtils.moveTile - [moveTile.py:90] - DEBUG - [2862.637367] moveTile tile color check tempTileColor=E (+4.3 ms)
2026-06-18 01:14:48,348 - mazeUtils.moveTile - [moveTile.py:90] - DEBUG - [2862.637775] moveTile obstacle check escapeFlag=False (+0.4 ms)
2026-06-18 01:14:48,349 - mazeUtils.moveTile - [moveTile.py:79] - DEBUG - roll: 0.6299999999999955 deg, practicalMoveTime: 0.31531558525031067 sec
2026-06-18 01:14:48,349 - mazeUtils.moveTile - [moveTile.py:1306] - DEBUG - moveTile loop time: 62.2 ms
2026-06-18 01:14:48,349 - mazeUtils.moveTile - [moveTile.py:90] - DEBUG - [2862.638901] moveTile loop end practicalMoveTime=0.315 (+1.1 ms)
2026-06-18 01:14:48,350 - mazeUtils.moveTile - [moveTile.py:90] - DEBUG - [2862.639165] moveTile loop start (+0.3 ms)
2026-06-18 01:14:48,354 - picamera2.picamera2 - [picamera2.py:1391] - DEBUG - Execute job: <picamera2.job.Job object at 0x7f7ff13f90>
2026-06-18 01:14:48,358 - mazeUtils.device.camera - [camera.py:39] - DEBUG - Average HSV: H=171.8, S=20.0, V=222.2
2026-06-18 01:14:48,364 - mazeUtils.moveTile - [moveTile.py:90] - DEBUG - [2862.653666] moveTile calculated motor speeds left=99 right=100 gyroSteer=1.2750000000000057 wallSteer=-2.0 (+14.5 ms)
2026-06-18 01:14:48,404 - mazeUtils.moveTile - [moveTile.py:90] - DEBUG - [2862.693414] moveTile applied motor speed left=99 right=100 (+39.7 ms)
2026-06-18 01:14:48,404 - mazeUtils.moveTile - [moveTile.py:90] - DEBUG - [2862.693969] moveTile ramp check isBigRamp=False (+0.6 ms)
2026-06-18 01:14:48,408 - mazeUtils.moveTile - [moveTile.py:90] - DEBUG - [2862.697084] moveTile tile color check tempTileColor=E (+3.1 ms)
2026-06-18 01:14:48,408 - mazeUtils.moveTile - [moveTile.py:90] - DEBUG - [2862.697571] moveTile obstacle check escapeFlag=False (+0.5 ms)
2026-06-18 01:14:48,409 - mazeUtils.moveTile - [moveTile.py:79] - DEBUG - roll: 0.11000000000001364 deg, practicalMoveTime: 0.37470912012458096 sec
2026-06-18 01:14:48,409 - mazeUtils.moveTile - [moveTile.py:1306] - DEBUG - moveTile loop time: 59.3 ms
2026-06-18 01:14:48,409 - mazeUtils.moveTile - [moveTile.py:90] - DEBUG - [2862.698730] moveTile loop end practicalMoveTime=0.375 (+1.2 ms)
2026-06-18 01:14:48,409 - mazeUtils.moveTile - [moveTile.py:90] - DEBUG - [2862.698970] moveTile loop start (+0.2 ms)
2026-06-18 01:14:48,414 - picamera2.picamera2 - [picamera2.py:1391] - DEBUG - Execute job: <picamera2.job.Job object at 0x7f7fdfcc10>
2026-06-18 01:14:48,419 - mazeUtils.device.camera - [camera.py:39] - DEBUG - Average HSV: H=166.6, S=20.1, V=221.0
2026-06-18 01:14:48,423 - mazeUtils.moveTile - [moveTile.py:90] - DEBUG - [2862.712557] moveTile calculated motor speeds left=98 right=100 gyroSteer=1.8100000000000023 wallSteer=-3.6000000000000014 (+13.6 ms)
2026-06-18 01:14:48,464 - mazeUtils.moveTile - [moveTile.py:90] - DEBUG - [2862.753410] moveTile applied motor speed left=98 right=100 (+40.9 ms)
2026-06-18 01:14:48,464 - mazeUtils.moveTile - [moveTile.py:90] - DEBUG - [2862.753965] moveTile ramp check isBigRamp=False (+0.6 ms)
2026-06-18 01:14:48,468 - mazeUtils.moveTile - [moveTile.py:90] - DEBUG - [2862.757342] moveTile tile color check tempTileColor=E (+3.4 ms)
2026-06-18 01:14:48,468 - mazeUtils.moveTile - [moveTile.py:90] - DEBUG - [2862.757869] moveTile obstacle check escapeFlag=False (+0.5 ms)
2026-06-18 01:14:48,469 - mazeUtils.moveTile - [moveTile.py:79] - DEBUG - roll: 1.5500000000000114 deg, practicalMoveTime: 0.4345159870600004 sec
2026-06-18 01:14:48,469 - mazeUtils.moveTile - [moveTile.py:1306] - DEBUG - moveTile loop time: 59.8 ms
2026-06-18 01:14:48,470 - mazeUtils.moveTile - [moveTile.py:90] - DEBUG - [2862.759135] moveTile loop end practicalMoveTime=0.435 (+1.3 ms)
2026-06-18 01:14:48,470 - mazeUtils.moveTile - [moveTile.py:90] - DEBUG - [2862.759387] moveTile loop start (+0.3 ms)
2026-06-18 01:14:48,475 - picamera2.picamera2 - [picamera2.py:1391] - DEBUG - Execute job: <picamera2.job.Job object at 0x7f54d7c150>
2026-06-18 01:14:48,480 - mazeUtils.device.camera - [camera.py:39] - DEBUG - Average HSV: H=142.6, S=20.8, V=219.4
2026-06-18 01:14:48,485 - mazeUtils.moveTile - [moveTile.py:90] - DEBUG - [2862.774563] moveTile calculated motor speeds left=98 right=100 gyroSteer=2.085000000000008 wallSteer=-3.1999999999999993 (+15.2 ms)
2026-06-18 01:14:48,525 - mazeUtils.moveTile - [moveTile.py:90] - DEBUG - [2862.814988] moveTile applied motor speed left=98 right=100 (+40.4 ms)
2026-06-18 01:14:48,526 - mazeUtils.moveTile - [moveTile.py:90] - DEBUG - [2862.815527] moveTile ramp check isBigRamp=False (+0.5 ms)
2026-06-18 01:14:48,529 - mazeUtils.moveTile - [moveTile.py:90] - DEBUG - [2862.818586] moveTile tile color check tempTileColor=E (+3.1 ms)
2026-06-18 01:14:48,531 - mazeUtils.moveTile - [moveTile.py:90] - DEBUG - [2862.820126] moveTile obstacle check escapeFlag=False (+1.5 ms)
2026-06-18 01:14:48,532 - mazeUtils.moveTile - [moveTile.py:79] - DEBUG - roll: 359.40000000000003 deg, practicalMoveTime: 0.4970132753618643 sec
2026-06-18 01:14:48,532 - mazeUtils.moveTile - [moveTile.py:1306] - DEBUG - moveTile loop time: 62.6 ms
2026-06-18 01:14:48,533 - mazeUtils.moveTile - [moveTile.py:90] - DEBUG - [2862.822570] moveTile loop end practicalMoveTime=0.497 (+2.4 ms)
2026-06-18 01:14:48,533 - mazeUtils.moveTile - [moveTile.py:90] - DEBUG - [2862.822909] moveTile loop start (+0.3 ms)
2026-06-18 01:14:48,540 - picamera2.picamera2 - [picamera2.py:1391] - DEBUG - Execute job: <picamera2.job.Job object at 0x7f66e6a190>
2026-06-18 01:14:48,544 - mazeUtils.device.camera - [camera.py:39] - DEBUG - Average HSV: H=168.8, S=22.6, V=215.6
2026-06-18 01:14:48,549 - mazeUtils.moveTile - [moveTile.py:90] - DEBUG - [2862.838290] moveTile calculated motor speeds left=99 right=100 gyroSteer=1.8149999999999977 wallSteer=-2.0 (+15.4 ms)
2026-06-18 01:14:48,589 - mazeUtils.moveTile - [moveTile.py:90] - DEBUG - [2862.879032] moveTile applied motor speed left=99 right=100 (+40.7 ms)
2026-06-18 01:14:48,590 - mazeUtils.moveTile - [moveTile.py:90] - DEBUG - [2862.879613] moveTile ramp check isBigRamp=False (+0.6 ms)
2026-06-18 01:14:48,594 - mazeUtils.moveTile - [moveTile.py:90] - DEBUG - [2862.883103] moveTile tile color check tempTileColor=E (+3.5 ms)
2026-06-18 01:14:48,594 - mazeUtils.moveTile - [moveTile.py:90] - DEBUG - [2862.883950] moveTile obstacle check escapeFlag=False (+0.8 ms)
2026-06-18 01:14:48,595 - mazeUtils.moveTile - [moveTile.py:79] - DEBUG - roll: 359.96000000000004 deg, practicalMoveTime: 0.559551645512875 sec
2026-06-18 01:14:48,595 - mazeUtils.moveTile - [moveTile.py:1306] - DEBUG - moveTile loop time: 62.0 ms
2026-06-18 01:14:48,596 - mazeUtils.moveTile - [moveTile.py:90] - DEBUG - [2862.885280] moveTile loop end practicalMoveTime=0.560 (+1.3 ms)
2026-06-18 01:14:48,596 - mazeUtils.moveTile - [moveTile.py:90] - DEBUG - [2862.885634] moveTile loop start (+0.4 ms)
2026-06-18 01:14:48,602 - picamera2.picamera2 - [picamera2.py:1391] - DEBUG - Execute job: <picamera2.job.Job object at 0x7f66eacdd0>
2026-06-18 01:14:48,607 - mazeUtils.device.camera - [camera.py:39] - DEBUG - Average HSV: H=165.4, S=23.5, V=214.6
2026-06-18 01:14:48,612 - mazeUtils.moveTile - [moveTile.py:90] - DEBUG - [2862.901826] moveTile calculated motor speeds left=99 right=100 gyroSteer=1.710000000000008 wallSteer=-2.0 (+16.2 ms)
2026-06-18 01:14:48,653 - mazeUtils.moveTile - [moveTile.py:90] - DEBUG - [2862.942332] moveTile applied motor speed left=99 right=100 (+40.5 ms)
2026-06-18 01:14:48,653 - mazeUtils.moveTile - [moveTile.py:90] - DEBUG - [2862.942909] moveTile ramp check isBigRamp=False (+0.6 ms)
2026-06-18 01:14:48,657 - mazeUtils.moveTile - [moveTile.py:90] - DEBUG - [2862.946477] moveTile tile color check tempTileColor=E (+3.6 ms)
2026-06-18 01:14:48,658 - mazeUtils.moveTile - [moveTile.py:90] - DEBUG - [2862.947237] moveTile obstacle check escapeFlag=False (+0.8 ms)
2026-06-18 01:14:48,658 - mazeUtils.moveTile - [moveTile.py:79] - DEBUG - roll: 359.07 deg, practicalMoveTime: 0.622264874139173 sec
2026-06-18 01:14:48,659 - mazeUtils.moveTile - [moveTile.py:1306] - DEBUG - moveTile loop time: 62.6 ms
2026-06-18 01:14:48,659 - mazeUtils.moveTile - [moveTile.py:90] - DEBUG - [2862.948592] moveTile loop end practicalMoveTime=0.622 (+1.4 ms)
2026-06-18 01:14:48,659 - mazeUtils.moveTile - [moveTile.py:90] - DEBUG - [2862.948834] moveTile loop start (+0.2 ms)
2026-06-18 01:14:48,665 - picamera2.picamera2 - [picamera2.py:1391] - DEBUG - Execute job: <picamera2.job.Job object at 0x7f66ea2a10>
2026-06-18 01:14:48,669 - mazeUtils.device.camera - [camera.py:39] - DEBUG - Average HSV: H=165.2, S=23.4, V=213.3
2026-06-18 01:14:48,675 - mazeUtils.moveTile - [moveTile.py:90] - DEBUG - [2862.964100] moveTile calculated motor speeds left=100 right=99 gyroSteer=1.7750000000000057 wallSteer=-1.1999999999999993 (+15.3 ms)
2026-06-18 01:14:48,715 - mazeUtils.moveTile - [moveTile.py:90] - DEBUG - [2863.004709] moveTile applied motor speed left=100 right=99 (+40.6 ms)
2026-06-18 01:14:48,716 - mazeUtils.moveTile - [moveTile.py:90] - DEBUG - [2863.005298] moveTile ramp check isBigRamp=False (+0.6 ms)
2026-06-18 01:14:48,720 - mazeUtils.moveTile - [moveTile.py:90] - DEBUG - [2863.009110] moveTile tile color check tempTileColor=E (+3.8 ms)
2026-06-18 01:14:48,720 - mazeUtils.moveTile - [moveTile.py:90] - DEBUG - [2863.009687] moveTile obstacle check escapeFlag=False (+0.6 ms)
2026-06-18 01:14:48,721 - mazeUtils.moveTile - [moveTile.py:79] - DEBUG - roll: 0.27000000000003865 deg, practicalMoveTime: 0.684134523707823 sec
2026-06-18 01:14:48,721 - mazeUtils.moveTile - [moveTile.py:1306] - DEBUG - moveTile loop time: 61.7 ms
2026-06-18 01:14:48,721 - mazeUtils.moveTile - [moveTile.py:90] - DEBUG - [2863.010919] moveTile loop end practicalMoveTime=0.684 (+1.2 ms)
2026-06-18 01:14:48,722 - mazeUtils.moveTile - [moveTile.py:90] - DEBUG - [2863.011169] moveTile loop start (+0.2 ms)
2026-06-18 01:14:48,727 - picamera2.picamera2 - [picamera2.py:1391] - DEBUG - Execute job: <picamera2.job.Job object at 0x7f66ea0d10>
2026-06-18 01:14:48,731 - mazeUtils.device.camera - [camera.py:39] - DEBUG - Average HSV: H=166.9, S=47.7, V=170.5
2026-06-18 01:14:48,736 - mazeUtils.moveTile - [moveTile.py:90] - DEBUG - [2863.025477] moveTile calculated motor speeds left=100 right=99 gyroSteer=1.5600000000000023 wallSteer=-1.1999999999999993 (+14.3 ms)
2026-06-18 01:14:48,777 - mazeUtils.moveTile - [moveTile.py:90] - DEBUG - [2863.066536] moveTile applied motor speed left=100 right=99 (+41.1 ms)
2026-06-18 01:14:48,778 - mazeUtils.moveTile - [moveTile.py:90] - DEBUG - [2863.067098] moveTile ramp check isBigRamp=False (+0.6 ms)
2026-06-18 01:14:48,780 - mazeUtils.moveTile - [moveTile.py:90] - DEBUG - [2863.070039] moveTile tile color check tempTileColor=E (+2.9 ms)
2026-06-18 01:14:48,782 - mazeUtils.moveTile - [moveTile.py:90] - DEBUG - [2863.071925] moveTile obstacle check escapeFlag=False (+1.9 ms)
2026-06-18 01:14:48,783 - mazeUtils.moveTile - [moveTile.py:79] - DEBUG - roll: 358.87 deg, practicalMoveTime: 0.7460729209656082 sec
2026-06-18 01:14:48,783 - mazeUtils.moveTile - [moveTile.py:1306] - DEBUG - moveTile loop time: 61.8 ms
2026-06-18 01:14:48,784 - mazeUtils.moveTile - [moveTile.py:90] - DEBUG - [2863.073294] moveTile loop end practicalMoveTime=0.746 (+1.4 ms)
2026-06-18 01:14:48,784 - mazeUtils.moveTile - [moveTile.py:90] - DEBUG - [2863.073572] moveTile loop start (+0.3 ms)
2026-06-18 01:14:48,788 - picamera2.picamera2 - [picamera2.py:1391] - DEBUG - Execute job: <picamera2.job.Job object at 0x7f7fdfcc10>
2026-06-18 01:14:48,793 - mazeUtils.device.camera - [camera.py:39] - DEBUG - Average HSV: H=168.2, S=22.8, V=214.9
2026-06-18 01:14:48,797 - mazeUtils.moveTile - [moveTile.py:90] - DEBUG - [2863.086985] moveTile calculated motor speeds left=100 right=98 gyroSteer=2.3600000000000136 wallSteer=-0.8000000000000007 (+13.4 ms)
2026-06-18 01:14:48,839 - mazeUtils.moveTile - [moveTile.py:90] - DEBUG - [2863.128231] moveTile applied motor speed left=100 right=98 (+41.2 ms)
2026-06-18 01:14:48,839 - mazeUtils.moveTile - [moveTile.py:90] - DEBUG - [2863.128772] moveTile ramp check isBigRamp=False (+0.5 ms)
2026-06-18 01:14:48,843 - mazeUtils.moveTile - [moveTile.py:90] - DEBUG - [2863.132097] moveTile tile color check tempTileColor=E (+3.3 ms)
2026-06-18 01:14:48,843 - mazeUtils.moveTile - [moveTile.py:90] - DEBUG - [2863.132590] moveTile obstacle check escapeFlag=False (+0.5 ms)
2026-06-18 01:14:48,844 - mazeUtils.moveTile - [moveTile.py:79] - DEBUG - roll: 359.98 deg, practicalMoveTime: 0.8061982682547107 sec
2026-06-18 01:14:48,845 - mazeUtils.moveTile - [moveTile.py:1306] - DEBUG - moveTile loop time: 60.5 ms
2026-06-18 01:14:48,845 - mazeUtils.moveTile - [moveTile.py:90] - DEBUG - [2863.134762] moveTile loop end practicalMoveTime=0.806 (+2.2 ms)
2026-06-18 01:14:48,846 - mazeUtils.moveTile - [moveTile.py:90] - DEBUG - [2863.135484] moveTile loop start (+0.7 ms)
2026-06-18 01:14:48,853 - picamera2.picamera2 - [picamera2.py:1391] - DEBUG - Execute job: <picamera2.job.Job object at 0x7f66ea0d10>
2026-06-18 01:14:48,857 - mazeUtils.device.camera - [camera.py:39] - DEBUG - Average HSV: H=168.4, S=23.1, V=213.5
2026-06-18 01:14:48,863 - mazeUtils.moveTile - [moveTile.py:90] - DEBUG - [2863.152415] moveTile calculated motor speeds left=100 right=97 gyroSteer=1.9099999999999966 wallSteer=0.8000000000000007 (+16.9 ms)
2026-06-18 01:14:48,903 - mazeUtils.moveTile - [moveTile.py:90] - DEBUG - [2863.192769] moveTile applied motor speed left=100 right=97 (+40.4 ms)
2026-06-18 01:14:48,904 - mazeUtils.moveTile - [moveTile.py:90] - DEBUG - [2863.193805] moveTile ramp check isBigRamp=False (+1.0 ms)
2026-06-18 01:14:48,907 - mazeUtils.moveTile - [moveTile.py:90] - DEBUG - [2863.196764] moveTile tile color check tempTileColor=E (+3.0 ms)
2026-06-18 01:14:48,908 - mazeUtils.moveTile - [moveTile.py:90] - DEBUG - [2863.197310] moveTile obstacle check escapeFlag=False (+0.5 ms)
2026-06-18 01:14:48,908 - mazeUtils.moveTile - [moveTile.py:1253] - INFO - practicalVerticalMove: -0.002946754299619784 CM
2026-06-18 01:14:48,949 - mazeUtils.moveTile - [moveTile.py:90] - DEBUG - [2863.237933] moveTile finished by time control (+40.6 ms)
2026-06-18 01:14:48,949 - mazeUtils.moveTile - [moveTile.py:90] - DEBUG - [2863.238820] moveTile start final forward adjustment (+41.5 ms)
2026-06-18 01:14:48,995 - mazeUtils.moveTile - [moveTile.py:90] - DEBUG - [2863.284785] moveTile finished final forward adjustment (+46.0 ms)
2026-06-18 01:14:48,996 - mazeUtils.moveTile - [moveTile.py:1499] - INFO - Set moved vertical distance: -0.002946754299619784 cm, past distances: [(0.13119474180888205, False), (0, False), (0, False)]
2026-06-18 01:14:48,997 - mazeUtils.moveTile - [moveTile.py:90] - DEBUG - [2863.286165] moveTile updated moved vertical distance -0.003 (+1.4 ms)
2026-06-18 01:14:49,023 - mazeUtils.moveTile - [moveTile.py:527] - DEBUG - Direction: absDirection.NORTH, Angle: 0, Distance: 44.74860820225195 cm
2026-06-18 01:14:49,024 - mazeUtils.moveTile - [moveTile.py:550] - DEBUG - Front LiDAR distance: 44.74860820225195 cm, TSD10 distance: 30.1 cm
2026-06-18 01:14:49,026 - mazeUtils.moveTile - [moveTile.py:527] - DEBUG - Direction: absDirection.EAST, Angle: 270, Distance: 18.336160554585067 cm
2026-06-18 01:14:49,028 - mazeUtils.moveTile - [moveTile.py:527] - DEBUG - Direction: absDirection.SOUTH, Angle: 180, Distance: 84.78594239212647 cm
2026-06-18 01:14:49,030 - mazeUtils.moveTile - [moveTile.py:527] - DEBUG - Direction: absDirection.WEST, Angle: 90, Distance: 134.77750415019673 cm
2026-06-18 01:14:49,031 - mazeUtils.moveTile - [moveTile.py:90] - DEBUG - [2863.320361] moveTile updated map and detected walls (+34.2 ms)
2026-06-18 01:14:49,033 - mazeUtils.moveTile - [moveTile.py:1620] - INFO - Tile color detection counts: {}, decided tile type: E
2026-06-18 01:14:49,034 - mazeUtils.moveTile - [moveTile.py:90] - DEBUG - [2863.323646] moveTile finished (+37.5 ms)
2026-06-18 01:14:49,125 - mazeUtils.mazeMap - [mazeMap.py:61] - INFO - next goal: (20, 17, 0)
2026-06-18 01:14:49,126 - mazeUtils.moveTile - [moveTile.py:88] - DEBUG - [2863.415579] moveTile start direction=absDirection.NORTH position=(20, 18, 0) front=absDirection.NORTH
2026-06-18 01:14:49,132 - mazeUtils.moveTile - [moveTile.py:90] - DEBUG - [2863.421944] moveTile after initial toggle check (+6.4 ms)
2026-06-18 01:14:49,135 - mazeUtils.moveTile - [moveTile.py:90] - DEBUG - [2863.424118] moveTile after tile checks isRedTile=False isUnknownTileAhead=True (+2.2 ms)
2026-06-18 01:14:49,136 - mazeUtils.moveTile - [moveTile.py:79] - DEBUG - Moving to absDirection.NORTH from (20, 18, 0) facing absDirection.NORTH
2026-06-18 01:14:49,137 - mazeUtils.moveTile - [moveTile.py:90] - DEBUG - [2863.426101] moveTile updated front direction (+2.0 ms)
2026-06-18 01:14:49,141 - mazeUtils.moveTile - [moveTile.py:90] - DEBUG - [2863.430526] moveTile acquired initial LiDAR scan (+4.4 ms)
2026-06-18 01:14:49,183 - mazeUtils.moveTile - [moveTile.py:90] - DEBUG - [2863.472986] moveTile stopped motors before alignment (+42.5 ms)
2026-06-18 01:14:49,230 - mazeUtils.moveTile - [moveTile.py:90] - DEBUG - [2863.519278] moveTile ready for forward move (+46.3 ms)
2026-06-18 01:14:49,327 - mazeUtils.moveTile - [moveTile.py:90] - DEBUG - [2863.616152] moveTile initialized movement targetSteps=1 (+96.9 ms)
2026-06-18 01:14:49,329 - mazeUtils.moveTile - [moveTile.py:90] - DEBUG - [2863.618745] moveTile loop start (+2.6 ms)
2026-06-18 01:14:49,335 - picamera2.picamera2 - [picamera2.py:1391] - DEBUG - Execute job: <picamera2.job.Job object at 0x7f7fe4b010>
2026-06-18 01:14:49,340 - mazeUtils.device.camera - [camera.py:39] - DEBUG - Average HSV: H=168.0, S=25.4, V=210.4
2026-06-18 01:14:49,345 - mazeUtils.moveTile - [moveTile.py:90] - DEBUG - [2863.634845] moveTile calculated motor speeds left=100 right=96 gyroSteer=1.6450000000000102 wallSteer=2.0 (+16.1 ms)
2026-06-18 01:14:49,385 - mazeUtils.moveTile - [moveTile.py:90] - DEBUG - [2863.674424] moveTile applied motor speed left=100 right=96 (+39.6 ms)
2026-06-18 01:14:49,387 - mazeUtils.moveTile - [moveTile.py:90] - DEBUG - [2863.676181] moveTile ramp check isBigRamp=False (+1.8 ms)
2026-06-18 01:14:49,391 - mazeUtils.moveTile - [moveTile.py:90] - DEBUG - [2863.680189] moveTile tile color check tempTileColor=E (+4.0 ms)
2026-06-18 01:14:49,391 - mazeUtils.moveTile - [moveTile.py:90] - DEBUG - [2863.680760] moveTile obstacle check escapeFlag=False (+0.6 ms)
2026-06-18 01:14:49,392 - mazeUtils.moveTile - [moveTile.py:79] - DEBUG - roll: 0.660000000000025 deg, practicalMoveTime: 0.06521364491930509 sec
2026-06-18 01:14:49,392 - mazeUtils.moveTile - [moveTile.py:1306] - DEBUG - moveTile loop time: 63.2 ms
2026-06-18 01:14:49,393 - mazeUtils.moveTile - [moveTile.py:90] - DEBUG - [2863.682344] moveTile loop end practicalMoveTime=0.065 (+1.6 ms)
2026-06-18 01:14:49,393 - mazeUtils.moveTile - [moveTile.py:90] - DEBUG - [2863.682702] moveTile loop start (+0.4 ms)
2026-06-18 01:14:49,399 - picamera2.picamera2 - [picamera2.py:1391] - DEBUG - Execute job: <picamera2.job.Job object at 0x7f66ea2b90>
2026-06-18 01:14:49,404 - mazeUtils.device.camera - [camera.py:39] - DEBUG - Average HSV: H=166.9, S=25.9, V=208.7
2026-06-18 01:14:49,412 - mazeUtils.moveTile - [moveTile.py:90] - DEBUG - [2863.701392] moveTile calculated motor speeds left=100 right=96 gyroSteer=1.8799999999999955 wallSteer=2.0 (+18.7 ms)
2026-06-18 01:14:49,452 - mazeUtils.moveTile - [moveTile.py:90] - DEBUG - [2863.741533] moveTile applied motor speed left=100 right=96 (+40.1 ms)
2026-06-18 01:14:49,452 - mazeUtils.moveTile - [moveTile.py:90] - DEBUG - [2863.742048] moveTile ramp check isBigRamp=False (+0.5 ms)
2026-06-18 01:14:49,455 - mazeUtils.moveTile - [moveTile.py:90] - DEBUG - [2863.744941] moveTile tile color check tempTileColor=E (+2.9 ms)
2026-06-18 01:14:49,456 - mazeUtils.moveTile - [moveTile.py:90] - DEBUG - [2863.745349] moveTile obstacle check escapeFlag=False (+0.4 ms)
2026-06-18 01:14:49,456 - mazeUtils.moveTile - [moveTile.py:79] - DEBUG - roll: 3.0500000000000114 deg, practicalMoveTime: 0.1289655078066868 sec
2026-06-18 01:14:49,457 - mazeUtils.moveTile - [moveTile.py:1306] - DEBUG - moveTile loop time: 63.5 ms
2026-06-18 01:14:49,457 - mazeUtils.moveTile - [moveTile.py:90] - DEBUG - [2863.746466] moveTile loop end practicalMoveTime=0.129 (+1.1 ms)
2026-06-18 01:14:49,457 - mazeUtils.moveTile - [moveTile.py:90] - DEBUG - [2863.746723] moveTile loop start (+0.3 ms)
2026-06-18 01:14:49,464 - picamera2.picamera2 - [picamera2.py:1391] - DEBUG - Execute job: <picamera2.job.Job object at 0x7f8c978610>
2026-06-18 01:14:49,469 - mazeUtils.device.camera - [camera.py:39] - DEBUG - Average HSV: H=164.6, S=24.9, V=207.9
2026-06-18 01:14:49,473 - mazeUtils.moveTile - [moveTile.py:90] - DEBUG - [2863.762166] moveTile calculated motor speeds left=100 right=95 gyroSteer=2.25 wallSteer=2.3999999999999986 (+15.4 ms)
2026-06-18 01:14:49,514 - mazeUtils.moveTile - [moveTile.py:90] - DEBUG - [2863.803457] moveTile applied motor speed left=100 right=95 (+41.3 ms)
2026-06-18 01:14:49,514 - mazeUtils.moveTile - [moveTile.py:90] - DEBUG - [2863.803979] moveTile ramp check isBigRamp=False (+0.5 ms)
2026-06-18 01:14:49,517 - mazeUtils.moveTile - [moveTile.py:90] - DEBUG - [2863.806824] moveTile tile color check tempTileColor=E (+2.8 ms)
2026-06-18 01:14:49,518 - mazeUtils.moveTile - [moveTile.py:90] - DEBUG - [2863.807225] moveTile obstacle check escapeFlag=False (+0.4 ms)
2026-06-18 01:14:49,518 - mazeUtils.moveTile - [moveTile.py:79] - DEBUG - roll: 2.5400000000000205 deg, practicalMoveTime: 0.19033965737326855 sec
2026-06-18 01:14:49,519 - mazeUtils.moveTile - [moveTile.py:1306] - DEBUG - moveTile loop time: 61.7 ms
2026-06-18 01:14:49,519 - mazeUtils.moveTile - [moveTile.py:90] - DEBUG - [2863.808853] moveTile loop end practicalMoveTime=0.190 (+1.6 ms)
2026-06-18 01:14:49,520 - mazeUtils.moveTile - [moveTile.py:90] - DEBUG - [2863.809175] moveTile loop start (+0.3 ms)
2026-06-18 01:14:49,525 - picamera2.picamera2 - [picamera2.py:1391] - DEBUG - Execute job: <picamera2.job.Job object at 0x7f66ea0d10>
2026-06-18 01:14:49,530 - mazeUtils.device.camera - [camera.py:39] - DEBUG - Average HSV: H=166.4, S=25.8, V=207.3
2026-06-18 01:14:49,535 - mazeUtils.moveTile - [moveTile.py:90] - DEBUG - [2863.824385] moveTile calculated motor speeds left=100 right=95 gyroSteer=1.8900000000000148 wallSteer=2.3999999999999986 (+15.2 ms)
2026-06-18 01:14:49,576 - mazeUtils.moveTile - [moveTile.py:90] - DEBUG - [2863.865066] moveTile applied motor speed left=100 right=95 (+40.7 ms)
2026-06-18 01:14:49,576 - mazeUtils.moveTile - [moveTile.py:90] - DEBUG - [2863.865629] moveTile ramp check isBigRamp=False (+0.6 ms)
2026-06-18 01:14:49,579 - mazeUtils.moveTile - [moveTile.py:90] - DEBUG - [2863.868679] moveTile tile color check tempTileColor=E (+3.0 ms)
2026-06-18 01:14:49,579 - mazeUtils.moveTile - [moveTile.py:90] - DEBUG - [2863.869084] moveTile obstacle check escapeFlag=False (+0.4 ms)
2026-06-18 01:14:49,580 - mazeUtils.moveTile - [moveTile.py:79] - DEBUG - roll: 3.6000000000000227 deg, practicalMoveTime: 0.2513938122796598 sec
2026-06-18 01:14:49,580 - mazeUtils.moveTile - [moveTile.py:1306] - DEBUG - moveTile loop time: 60.8 ms
2026-06-18 01:14:49,581 - mazeUtils.moveTile - [moveTile.py:90] - DEBUG - [2863.870488] moveTile loop end practicalMoveTime=0.251 (+1.4 ms)
2026-06-18 01:14:49,581 - mazeUtils.moveTile - [moveTile.py:90] - DEBUG - [2863.870801] moveTile loop start (+0.3 ms)
2026-06-18 01:14:49,587 - picamera2.picamera2 - [picamera2.py:1391] - DEBUG - Execute job: <picamera2.job.Job object at 0x7f66ea0d10>
2026-06-18 01:14:49,592 - mazeUtils.device.camera - [camera.py:39] - DEBUG - Average HSV: H=163.9, S=23.7, V=208.0
2026-06-18 01:14:49,596 - mazeUtils.moveTile - [moveTile.py:90] - DEBUG - [2863.885736] moveTile calculated motor speeds left=100 right=95 gyroSteer=2.219999999999999 wallSteer=2.3999999999999986 (+14.9 ms)
2026-06-18 01:14:49,637 - mazeUtils.moveTile - [moveTile.py:90] - DEBUG - [2863.926105] moveTile applied motor speed left=100 right=95 (+40.4 ms)
2026-06-18 01:14:49,637 - mazeUtils.moveTile - [moveTile.py:90] - DEBUG - [2863.926974] moveTile ramp check isBigRamp=False (+0.9 ms)
2026-06-18 01:14:49,640 - mazeUtils.moveTile - [moveTile.py:90] - DEBUG - [2863.929803] moveTile tile color check tempTileColor=E (+2.8 ms)
2026-06-18 01:14:49,641 - mazeUtils.moveTile - [moveTile.py:90] - DEBUG - [2863.930204] moveTile obstacle check escapeFlag=False (+0.4 ms)
2026-06-18 01:14:49,641 - mazeUtils.moveTile - [moveTile.py:79] - DEBUG - roll: 2.5 deg, practicalMoveTime: 0.31194213160179485 sec
2026-06-18 01:14:49,642 - mazeUtils.moveTile - [moveTile.py:1306] - DEBUG - moveTile loop time: 60.3 ms
2026-06-18 01:14:49,642 - mazeUtils.moveTile - [moveTile.py:90] - DEBUG - [2863.931379] moveTile loop end practicalMoveTime=0.312 (+1.2 ms)
2026-06-18 01:14:49,642 - mazeUtils.moveTile - [moveTile.py:90] - DEBUG - [2863.931637] moveTile loop start (+0.3 ms)
2026-06-18 01:14:49,648 - picamera2.picamera2 - [picamera2.py:1391] - DEBUG - Execute job: <picamera2.job.Job object at 0x7f7fe4a8d0>
2026-06-18 01:14:49,653 - mazeUtils.device.camera - [camera.py:39] - DEBUG - Average HSV: H=163.4, S=23.6, V=207.4
2026-06-18 01:14:49,659 - mazeUtils.moveTile - [moveTile.py:90] - DEBUG - [2863.948331] moveTile calculated motor speeds left=100 right=89 gyroSteer=1.9749999999999943 wallSteer=8.399999999999999 (+16.7 ms)
2026-06-18 01:14:49,699 - mazeUtils.moveTile - [moveTile.py:90] - DEBUG - [2863.988661] moveTile applied motor speed left=100 right=89 (+40.3 ms)
2026-06-18 01:14:49,700 - mazeUtils.moveTile - [moveTile.py:90] - DEBUG - [2863.989259] moveTile ramp check isBigRamp=False (+0.6 ms)
2026-06-18 01:14:49,704 - mazeUtils.moveTile - [moveTile.py:90] - DEBUG - [2863.993406] moveTile tile color check tempTileColor=E (+4.1 ms)
2026-06-18 01:14:49,704 - mazeUtils.moveTile - [moveTile.py:90] - DEBUG - [2863.993896] moveTile obstacle check escapeFlag=False (+0.5 ms)
2026-06-18 01:14:49,705 - mazeUtils.moveTile - [moveTile.py:79] - DEBUG - roll: 3.0200000000000387 deg, practicalMoveTime: 0.3751707814943728 sec
2026-06-18 01:14:49,705 - mazeUtils.moveTile - [moveTile.py:1306] - DEBUG - moveTile loop time: 63.3 ms
2026-06-18 01:14:49,706 - mazeUtils.moveTile - [moveTile.py:90] - DEBUG - [2863.995306] moveTile loop end practicalMoveTime=0.375 (+1.4 ms)
2026-06-18 01:14:49,706 - mazeUtils.moveTile - [moveTile.py:90] - DEBUG - [2863.995768] moveTile loop start (+0.5 ms)
2026-06-18 01:14:49,713 - picamera2.picamera2 - [picamera2.py:1391] - DEBUG - Execute job: <picamera2.job.Job object at 0x7f66ea2910>
2026-06-18 01:14:49,720 - mazeUtils.device.camera - [camera.py:39] - DEBUG - Average HSV: H=161.3, S=25.4, V=204.6
2026-06-18 01:14:49,725 - mazeUtils.moveTile - [moveTile.py:90] - DEBUG - [2864.014781] moveTile calculated motor speeds left=100 right=96 gyroSteer=2.230000000000018 wallSteer=1.1999999999999993 (+19.0 ms)
2026-06-18 01:14:49,765 - mazeUtils.moveTile - [moveTile.py:90] - DEBUG - [2864.054867] moveTile applied motor speed left=100 right=96 (+40.1 ms)
2026-06-18 01:14:49,766 - mazeUtils.moveTile - [moveTile.py:90] - DEBUG - [2864.055522] moveTile ramp check isBigRamp=False (+0.7 ms)
2026-06-18 01:14:49,769 - mazeUtils.moveTile - [moveTile.py:90] - DEBUG - [2864.058740] moveTile tile color check tempTileColor=E (+3.2 ms)
2026-06-18 01:14:49,770 - mazeUtils.moveTile - [moveTile.py:90] - DEBUG - [2864.059261] moveTile obstacle check escapeFlag=False (+0.5 ms)
2026-06-18 01:14:49,770 - mazeUtils.moveTile - [moveTile.py:79] - DEBUG - roll: 2.4600000000000364 deg, practicalMoveTime: 0.4399491995989788 sec
2026-06-18 01:14:49,771 - mazeUtils.moveTile - [moveTile.py:1306] - DEBUG - moveTile loop time: 65.0 ms
2026-06-18 01:14:49,772 - mazeUtils.moveTile - [moveTile.py:90] - DEBUG - [2864.061409] moveTile loop end practicalMoveTime=0.440 (+2.1 ms)
2026-06-18 01:14:49,772 - mazeUtils.moveTile - [moveTile.py:90] - DEBUG - [2864.061944] moveTile loop start (+0.5 ms)
2026-06-18 01:14:49,780 - picamera2.picamera2 - [picamera2.py:1391] - DEBUG - Execute job: <picamera2.job.Job object at 0x7f7fe4ab50>
2026-06-18 01:14:49,784 - mazeUtils.device.camera - [camera.py:39] - DEBUG - Average HSV: H=161.1, S=26.7, V=201.8
2026-06-18 01:14:49,789 - mazeUtils.moveTile - [moveTile.py:90] - DEBUG - [2864.078476] moveTile calculated motor speeds left=100 right=95 gyroSteer=1.9850000000000136 wallSteer=2.8000000000000007 (+16.5 ms)
2026-06-18 01:14:49,829 - mazeUtils.moveTile - [moveTile.py:90] - DEBUG - [2864.119008] moveTile applied motor speed left=100 right=95 (+40.5 ms)
2026-06-18 01:14:49,830 - mazeUtils.moveTile - [moveTile.py:90] - DEBUG - [2864.119561] moveTile ramp check isBigRamp=False (+0.6 ms)
2026-06-18 01:14:49,835 - mazeUtils.moveTile - [moveTile.py:90] - DEBUG - [2864.124168] moveTile tile color check tempTileColor=E (+4.6 ms)
2026-06-18 01:14:49,835 - mazeUtils.moveTile - [moveTile.py:90] - DEBUG - [2864.124674] moveTile obstacle check escapeFlag=False (+0.5 ms)
2026-06-18 01:14:49,836 - mazeUtils.moveTile - [moveTile.py:79] - DEBUG - roll: 1.3100000000000023 deg, practicalMoveTime: 0.5043072979150582 sec
2026-06-18 01:14:49,836 - mazeUtils.moveTile - [moveTile.py:1306] - DEBUG - moveTile loop time: 63.8 ms
2026-06-18 01:14:49,837 - mazeUtils.moveTile - [moveTile.py:90] - DEBUG - [2864.126357] moveTile loop end practicalMoveTime=0.504 (+1.7 ms)
2026-06-18 01:14:49,838 - mazeUtils.moveTile - [moveTile.py:90] - DEBUG - [2864.127143] moveTile loop start (+0.8 ms)
2026-06-18 01:14:49,843 - picamera2.picamera2 - [picamera2.py:1391] - DEBUG - Execute job: <picamera2.job.Job object at 0x7f66ea23d0>
2026-06-18 01:14:49,848 - mazeUtils.device.camera - [camera.py:39] - DEBUG - Average HSV: H=157.5, S=26.5, V=198.6
2026-06-18 01:14:49,853 - mazeUtils.moveTile - [moveTile.py:90] - DEBUG - [2864.143034] moveTile calculated motor speeds left=100 right=93 gyroSteer=1.9250000000000114 wallSteer=4.399999999999999 (+15.9 ms)
2026-06-18 01:14:49,893 - mazeUtils.moveTile - [moveTile.py:90] - DEBUG - [2864.182982] moveTile applied motor speed left=100 right=93 (+39.9 ms)
2026-06-18 01:14:49,894 - mazeUtils.moveTile - [moveTile.py:90] - DEBUG - [2864.183596] moveTile ramp check isBigRamp=False (+0.6 ms)
2026-06-18 01:14:49,897 - mazeUtils.moveTile - [moveTile.py:90] - DEBUG - [2864.186740] moveTile tile color check tempTileColor=E (+3.1 ms)
2026-06-18 01:14:49,898 - mazeUtils.moveTile - [moveTile.py:90] - DEBUG - [2864.187247] moveTile obstacle check escapeFlag=False (+0.5 ms)
2026-06-18 01:14:49,898 - mazeUtils.moveTile - [moveTile.py:79] - DEBUG - roll: 359.95 deg, practicalMoveTime: 0.5662758393063618 sec
2026-06-18 01:14:49,899 - mazeUtils.moveTile - [moveTile.py:1306] - DEBUG - moveTile loop time: 61.7 ms
2026-06-18 01:14:49,900 - mazeUtils.moveTile - [moveTile.py:90] - DEBUG - [2864.189410] moveTile loop end practicalMoveTime=0.566 (+2.2 ms)
2026-06-18 01:14:49,900 - mazeUtils.moveTile - [moveTile.py:90] - DEBUG - [2864.189799] moveTile loop start (+0.4 ms)
2026-06-18 01:14:49,905 - picamera2.picamera2 - [picamera2.py:1391] - DEBUG - Execute job: <picamera2.job.Job object at 0x7f66ea0d10>
2026-06-18 01:14:49,910 - mazeUtils.device.camera - [camera.py:39] - DEBUG - Average HSV: H=155.6, S=28.1, V=194.8
2026-06-18 01:14:49,915 - mazeUtils.moveTile - [moveTile.py:90] - DEBUG - [2864.204694] moveTile calculated motor speeds left=100 right=93 gyroSteer=2.125 wallSteer=4.399999999999999 (+14.9 ms)
2026-06-18 01:14:49,955 - mazeUtils.moveTile - [moveTile.py:90] - DEBUG - [2864.244897] moveTile applied motor speed left=100 right=93 (+40.2 ms)
2026-06-18 01:14:49,956 - mazeUtils.moveTile - [moveTile.py:90] - DEBUG - [2864.245442] moveTile ramp check isBigRamp=False (+0.5 ms)
2026-06-18 01:14:49,959 - mazeUtils.moveTile - [moveTile.py:90] - DEBUG - [2864.248362] moveTile tile color check tempTileColor=E (+2.9 ms)
2026-06-18 01:14:49,959 - mazeUtils.moveTile - [moveTile.py:90] - DEBUG - [2864.248959] moveTile obstacle check escapeFlag=False (+0.6 ms)
2026-06-18 01:14:49,960 - mazeUtils.moveTile - [moveTile.py:79] - DEBUG - roll: 0.2400000000000091 deg, practicalMoveTime: 0.6270477251276525 sec
2026-06-18 01:14:49,961 - mazeUtils.moveTile - [moveTile.py:1306] - DEBUG - moveTile loop time: 60.7 ms
2026-06-18 01:14:49,961 - mazeUtils.moveTile - [moveTile.py:90] - DEBUG - [2864.251016] moveTile loop end practicalMoveTime=0.627 (+2.1 ms)
2026-06-18 01:14:49,962 - mazeUtils.moveTile - [moveTile.py:90] - DEBUG - [2864.251518] moveTile loop start (+0.5 ms)
2026-06-18 01:14:49,968 - picamera2.picamera2 - [picamera2.py:1391] - DEBUG - Execute job: <picamera2.job.Job object at 0x7f7fe4b010>
2026-06-18 01:14:49,973 - mazeUtils.device.camera - [camera.py:39] - DEBUG - Average HSV: H=153.0, S=28.3, V=193.5
2026-06-18 01:14:49,979 - mazeUtils.moveTile - [moveTile.py:90] - DEBUG - [2864.268830] moveTile calculated motor speeds left=100 right=91 gyroSteer=2.200000000000017 wallSteer=6.399999999999999 (+17.3 ms)
2026-06-18 01:14:50,019 - mazeUtils.moveTile - [moveTile.py:90] - DEBUG - [2864.308905] moveTile applied motor speed left=100 right=91 (+40.1 ms)
2026-06-18 01:14:50,020 - mazeUtils.moveTile - [moveTile.py:90] - DEBUG - [2864.309493] moveTile ramp check isBigRamp=False (+0.6 ms)
2026-06-18 01:14:50,023 - mazeUtils.moveTile - [moveTile.py:90] - DEBUG - [2864.312468] moveTile tile color check tempTileColor=E (+3.0 ms)
2026-06-18 01:14:50,024 - mazeUtils.moveTile - [moveTile.py:90] - DEBUG - [2864.313411] moveTile obstacle check escapeFlag=False (+0.9 ms)
2026-06-18 01:14:50,025 - mazeUtils.moveTile - [moveTile.py:79] - DEBUG - roll: 1.5699999999999932 deg, practicalMoveTime: 0.6904902102330623 sec
2026-06-18 01:14:50,025 - mazeUtils.moveTile - [moveTile.py:1306] - DEBUG - moveTile loop time: 63.2 ms
2026-06-18 01:14:50,026 - mazeUtils.moveTile - [moveTile.py:90] - DEBUG - [2864.315112] moveTile loop end practicalMoveTime=0.690 (+1.7 ms)
2026-06-18 01:14:50,026 - mazeUtils.moveTile - [moveTile.py:90] - DEBUG - [2864.315367] moveTile loop start (+0.3 ms)
2026-06-18 01:14:50,031 - picamera2.picamera2 - [picamera2.py:1391] - DEBUG - Execute job: <picamera2.job.Job object at 0x7f66ea2b90>
2026-06-18 01:14:50,037 - mazeUtils.device.camera - [camera.py:39] - DEBUG - Average HSV: H=147.9, S=29.9, V=196.1
2026-06-18 01:14:50,041 - mazeUtils.moveTile - [moveTile.py:90] - DEBUG - [2864.331016] moveTile calculated motor speeds left=100 right=91 gyroSteer=1.950000000000017 wallSteer=6.399999999999999 (+15.6 ms)
2026-06-18 01:14:50,082 - mazeUtils.moveTile - [moveTile.py:90] - DEBUG - [2864.371131] moveTile applied motor speed left=100 right=91 (+40.1 ms)
2026-06-18 01:14:50,082 - mazeUtils.moveTile - [moveTile.py:90] - DEBUG - [2864.371736] moveTile ramp check isBigRamp=False (+0.6 ms)
2026-06-18 01:14:50,085 - mazeUtils.moveTile - [moveTile.py:90] - DEBUG - [2864.374812] moveTile tile color check tempTileColor=E (+3.1 ms)
2026-06-18 01:14:50,086 - mazeUtils.moveTile - [moveTile.py:90] - DEBUG - [2864.375805] moveTile obstacle check escapeFlag=False (+1.0 ms)
2026-06-18 01:14:50,087 - mazeUtils.moveTile - [moveTile.py:79] - DEBUG - roll: 0.4200000000000159 deg, practicalMoveTime: 0.7521636249168241 sec
2026-06-18 01:14:50,088 - mazeUtils.moveTile - [moveTile.py:1306] - DEBUG - moveTile loop time: 61.8 ms
2026-06-18 01:14:50,088 - mazeUtils.moveTile - [moveTile.py:90] - DEBUG - [2864.377575] moveTile loop end practicalMoveTime=0.752 (+1.8 ms)
2026-06-18 01:14:50,089 - mazeUtils.moveTile - [moveTile.py:90] - DEBUG - [2864.378314] moveTile loop start (+0.7 ms)
2026-06-18 01:14:50,095 - picamera2.picamera2 - [picamera2.py:1391] - DEBUG - Execute job: <picamera2.job.Job object at 0x7f7fe4b310>
2026-06-18 01:14:50,101 - mazeUtils.device.camera - [camera.py:39] - DEBUG - Average HSV: H=143.3, S=47.0, V=173.3
2026-06-18 01:14:50,105 - mazeUtils.moveTile - [moveTile.py:90] - DEBUG - [2864.394463] moveTile calculated motor speeds left=100 right=91 gyroSteer=1.8400000000000034 wallSteer=6.799999999999997 (+16.1 ms)
2026-06-18 01:14:50,146 - mazeUtils.moveTile - [moveTile.py:90] - DEBUG - [2864.435147] moveTile applied motor speed left=100 right=91 (+40.7 ms)
2026-06-18 01:14:50,146 - mazeUtils.moveTile - [moveTile.py:90] - DEBUG - [2864.435782] moveTile ramp check isBigRamp=False (+0.6 ms)
2026-06-18 01:14:50,150 - mazeUtils.moveTile - [moveTile.py:90] - DEBUG - [2864.439187] moveTile tile color check tempTileColor=E (+3.4 ms)
2026-06-18 01:14:50,150 - mazeUtils.moveTile - [moveTile.py:90] - DEBUG - [2864.440053] moveTile obstacle check escapeFlag=False (+0.9 ms)
2026-06-18 01:14:50,152 - mazeUtils.moveTile - [moveTile.py:79] - DEBUG - roll: 1.6000000000000227 deg, practicalMoveTime: 0.8158983313746528 sec
2026-06-18 01:14:50,152 - mazeUtils.moveTile - [moveTile.py:1306] - DEBUG - moveTile loop time: 63.1 ms
2026-06-18 01:14:50,152 - mazeUtils.moveTile - [moveTile.py:90] - DEBUG - [2864.441832] moveTile loop end practicalMoveTime=0.816 (+1.8 ms)
2026-06-18 01:14:50,153 - mazeUtils.moveTile - [moveTile.py:90] - DEBUG - [2864.442103] moveTile loop start (+0.3 ms)
2026-06-18 01:14:50,157 - picamera2.picamera2 - [picamera2.py:1391] - DEBUG - Execute job: <picamera2.job.Job object at 0x7f7fe4b110>
2026-06-18 01:14:50,162 - mazeUtils.device.camera - [camera.py:39] - DEBUG - Average HSV: H=130.2, S=80.4, V=147.0
2026-06-18 01:14:50,170 - mazeUtils.moveTile - [moveTile.py:90] - DEBUG - [2864.459438] moveTile calculated motor speeds left=100 right=91 gyroSteer=1.4399999999999977 wallSteer=7.200000000000003 (+17.3 ms)
2026-06-18 01:14:50,213 - mazeUtils.moveTile - [moveTile.py:90] - DEBUG - [2864.502095] moveTile applied motor speed left=100 right=91 (+42.7 ms)
2026-06-18 01:14:50,213 - mazeUtils.moveTile - [moveTile.py:90] - DEBUG - [2864.502656] moveTile ramp check isBigRamp=False (+0.6 ms)
2026-06-18 01:14:50,216 - mazeUtils.moveTile - [moveTile.py:90] - DEBUG - [2864.505511] moveTile tile color check tempTileColor=E (+2.9 ms)
2026-06-18 01:14:50,216 - mazeUtils.moveTile - [moveTile.py:90] - DEBUG - [2864.505922] moveTile obstacle check escapeFlag=False (+0.4 ms)
2026-06-18 01:14:50,217 - mazeUtils.moveTile - [moveTile.py:1253] - INFO - practicalVerticalMove: 0.9914895663394735 CM
2026-06-18 01:14:50,257 - mazeUtils.moveTile - [moveTile.py:90] - DEBUG - [2864.546136] moveTile finished by time control (+40.2 ms)
2026-06-18 01:14:50,257 - mazeUtils.moveTile - [moveTile.py:90] - DEBUG - [2864.546666] moveTile start final forward adjustment (+40.7 ms)
2026-06-18 01:14:50,304 - mazeUtils.moveTile - [moveTile.py:79] - DEBUG - Little forward to adjust position
2026-06-18 01:14:50,355 - mazeUtils.moveTile - [moveTile.py:90] - DEBUG - [2864.644932] moveTile finished final forward adjustment (+98.3 ms)
2026-06-18 01:14:50,356 - mazeUtils.moveTile - [moveTile.py:1499] - INFO - Set moved vertical distance: 0.9914895663394735 cm, past distances: [(-0.002946754299619784, False), (0.13119474180888205, False), (0, False)]
2026-06-18 01:14:50,357 - mazeUtils.moveTile - [moveTile.py:90] - DEBUG - [2864.646494] moveTile updated moved vertical distance 0.991 (+1.6 ms)
2026-06-18 01:14:50,398 - mazeUtils.moveTile - [moveTile.py:527] - DEBUG - Direction: absDirection.NORTH, Angle: 0, Distance: 10.715134129812842 cm
2026-06-18 01:14:50,399 - mazeUtils.moveTile - [moveTile.py:550] - DEBUG - Front LiDAR distance: 10.715134129812842 cm, TSD10 distance: 1.6 cm
2026-06-18 01:14:50,401 - mazeUtils.moveTile - [moveTile.py:527] - DEBUG - Direction: absDirection.EAST, Angle: 270, Distance: 21.018349368712443 cm
2026-06-18 01:14:50,402 - mazeUtils.moveTile - [moveTile.py:527] - DEBUG - Direction: absDirection.SOUTH, Angle: 180, Distance: 114.72638737607481 cm
2026-06-18 01:14:50,404 - mazeUtils.moveTile - [moveTile.py:527] - DEBUG - Direction: absDirection.WEST, Angle: 90, Distance: 46.53337468564444 cm
2026-06-18 01:14:50,404 - mazeUtils.moveTile - [moveTile.py:90] - DEBUG - [2864.693977] moveTile updated map and detected walls (+47.5 ms)
2026-06-18 01:14:50,406 - mazeUtils.moveTile - [moveTile.py:1620] - INFO - Tile color detection counts: {}, decided tile type: E
2026-06-18 01:14:50,407 - mazeUtils.moveTile - [moveTile.py:90] - DEBUG - [2864.696899] moveTile finished (+50.4 ms)
2026-06-18 01:14:50,498 - mazeUtils.mazeMap - [mazeMap.py:61] - INFO - next goal: (19, 17, 0)
2026-06-18 01:14:50,499 - mazeUtils.moveTile - [moveTile.py:88] - DEBUG - [2864.789048] moveTile start direction=absDirection.WEST position=(20, 17, 0) front=absDirection.NORTH
2026-06-18 01:14:50,506 - mazeUtils.moveTile - [moveTile.py:90] - DEBUG - [2864.795454] moveTile after initial toggle check (+6.4 ms)
2026-06-18 01:14:50,509 - mazeUtils.moveTile - [moveTile.py:90] - DEBUG - [2864.798814] moveTile after tile checks isRedTile=False isUnknownTileAhead=True (+3.4 ms)
2026-06-18 01:14:50,510 - mazeUtils.moveTile - [moveTile.py:79] - DEBUG - Moving to absDirection.WEST from (20, 17, 0) facing absDirection.NORTH
2026-06-18 01:14:50,510 - mazeUtils.moveTile - [moveTile.py:90] - DEBUG - [2864.799811] moveTile start heading change target=90 (+1.0 ms)
2026-06-18 01:14:50,556 - mazeUtils.moveTile - [moveTile.py:79] - DEBUG - current heading: 3.920000000000016 target: 45
2026-06-18 01:14:51,023 - mazeUtils.moveTile - [moveTile.py:402] - DEBUG - stopped turning at heading: 35.28000000000003, diff: 9.71999999999997
2026-06-18 01:14:52,186 - mazeUtils.moveTile - [moveTile.py:79] - DEBUG - Turned to heading: 44.5 deg
2026-06-18 01:14:52,741 - mazeUtils.moveTile - [moveTile.py:79] - DEBUG - current heading: 44.74000000000001 target: 90
2026-06-18 01:14:53,230 - mazeUtils.moveTile - [moveTile.py:402] - DEBUG - stopped turning at heading: 81.07, diff: 8.930000000000007
2026-06-18 01:14:54,220 - mazeUtils.moveTile - [moveTile.py:79] - DEBUG - Turned to heading: 89.52000000000004 deg
2026-06-18 01:14:54,220 - mazeUtils.moveTile - [moveTile.py:90] - DEBUG - [2868.509645] moveTile finished heading change (+3709.8 ms)
2026-06-18 01:14:54,220 - mazeUtils.moveTile - [moveTile.py:90] - DEBUG - [2868.509870] moveTile updated front direction (+0.2 ms)
2026-06-18 01:14:54,223 - mazeUtils.moveTile - [moveTile.py:90] - DEBUG - [2868.512307] moveTile acquired initial LiDAR scan (+2.4 ms)
2026-06-18 01:14:54,265 - mazeUtils.moveTile - [moveTile.py:90] - DEBUG - [2868.554079] moveTile stopped motors before alignment (+41.8 ms)
2026-06-18 01:14:54,308 - mazeUtils.moveTile - [moveTile.py:90] - DEBUG - [2868.597998] moveTile ready for forward move (+43.9 ms)
2026-06-18 01:14:54,407 - mazeUtils.moveTile - [moveTile.py:90] - DEBUG - [2868.696958] moveTile initialized movement targetSteps=1 (+99.0 ms)
2026-06-18 01:14:54,409 - mazeUtils.moveTile - [moveTile.py:90] - DEBUG - [2868.698582] moveTile loop start (+1.6 ms)
2026-06-18 01:14:54,414 - picamera2.picamera2 - [picamera2.py:1391] - DEBUG - Execute job: <picamera2.job.Job object at 0x7f67f28910>
2026-06-18 01:14:54,418 - mazeUtils.device.camera - [camera.py:39] - DEBUG - Average HSV: H=101.4, S=37.8, V=194.2
2026-06-18 01:14:54,424 - mazeUtils.moveTile - [moveTile.py:90] - DEBUG - [2868.713164] moveTile calculated motor speeds left=91 right=100 gyroSteer=-0.060000000000002274 wallSteer=-8.0 (+14.6 ms)
2026-06-18 01:14:54,464 - mazeUtils.moveTile - [moveTile.py:90] - DEBUG - [2868.753533] moveTile applied motor speed left=91 right=100 (+40.4 ms)
2026-06-18 01:14:54,464 - mazeUtils.moveTile - [moveTile.py:90] - DEBUG - [2868.753953] moveTile ramp check isBigRamp=False (+0.4 ms)
2026-06-18 01:14:54,469 - mazeUtils.moveTile - [moveTile.py:90] - DEBUG - [2868.758161] moveTile tile color check tempTileColor=E (+4.2 ms)
2026-06-18 01:14:54,469 - mazeUtils.moveTile - [moveTile.py:90] - DEBUG - [2868.758653] moveTile obstacle check escapeFlag=False (+0.5 ms)
2026-06-18 01:14:54,509 - mazeUtils.moveTile - [moveTile.py:767] - INFO - Detected victim info ahead: {<Side.LEFT: 0>: <UnitVStatus.NOTHING: 0>, <Side.RIGHT: 1>: <UnitVStatus.R_VICTIM: 6>}
2026-06-18 01:15:04,597 - mazeUtils.moveTile - [moveTile.py:79] - DEBUG - Turning to 90.61000000000001 deg, current heading: 90.61000000000001 deg, turnAngle: 0.0 deg
2026-06-18 01:15:04,638 - mazeUtils.moveTile - [moveTile.py:79] - DEBUG - Turned to heading: 90.61000000000001 deg
2026-06-18 01:15:05,455 - mazeUtils.moveTile - [moveTile.py:79] - DEBUG - Turning to 90.66000000000003 deg, current heading: 90.65000000000003 deg, turnAngle: -0.009999999999990905 deg
2026-06-18 01:15:05,495 - mazeUtils.moveTile - [moveTile.py:79] - DEBUG - Turned to heading: 90.65000000000003 deg
2026-06-18 01:15:06,304 - mazeUtils.moveTile - [moveTile.py:79] - DEBUG - Turning to 90.61000000000001 deg, current heading: 90.66000000000003 deg, turnAngle: 0.05000000000001137 deg
2026-06-18 01:15:06,345 - mazeUtils.moveTile - [moveTile.py:79] - DEBUG - Turned to heading: 90.66000000000003 deg
2026-06-18 01:15:06,346 - mazeUtils.moveTile - [moveTile.py:79] - DEBUG - roll: 0.36000000000001364 deg, practicalMoveTime: 0.0 sec
2026-06-18 01:15:06,346 - mazeUtils.moveTile - [moveTile.py:1306] - DEBUG - moveTile loop time: 11937.3 ms
2026-06-18 01:15:06,347 - mazeUtils.moveTile - [moveTile.py:90] - DEBUG - [2880.636440] moveTile loop end practicalMoveTime=0.000 (+11877.8 ms)
2026-06-18 01:15:06,348 - mazeUtils.moveTile - [moveTile.py:90] - DEBUG - [2880.637454] moveTile loop start (+1.0 ms)
2026-06-18 01:15:06,354 - picamera2.picamera2 - [picamera2.py:1391] - DEBUG - Execute job: <picamera2.job.Job object at 0x7f54c54950>
2026-06-18 01:15:06,358 - mazeUtils.device.camera - [camera.py:39] - DEBUG - Average HSV: H=84.0, S=39.3, V=198.3
2026-06-18 01:15:06,363 - mazeUtils.moveTile - [moveTile.py:90] - DEBUG - [2880.652331] moveTile calculated motor speeds left=93 right=100 gyroSteer=0.3300000000000125 wallSteer=-7.199999999999999 (+14.9 ms)
2026-06-18 01:15:06,403 - mazeUtils.moveTile - [moveTile.py:90] - DEBUG - [2880.692914] moveTile applied motor speed left=93 right=100 (+40.6 ms)
2026-06-18 01:15:06,404 - mazeUtils.moveTile - [moveTile.py:90] - DEBUG - [2880.693509] moveTile ramp check isBigRamp=False (+0.6 ms)
2026-06-18 01:15:06,407 - mazeUtils.moveTile - [moveTile.py:90] - DEBUG - [2880.696766] moveTile tile color check tempTileColor=E (+3.3 ms)
2026-06-18 01:15:06,408 - mazeUtils.moveTile - [moveTile.py:90] - DEBUG - [2880.697935] moveTile obstacle check escapeFlag=False (+1.2 ms)
2026-06-18 01:15:06,409 - mazeUtils.moveTile - [moveTile.py:79] - DEBUG - roll: 0.35000000000002274 deg, practicalMoveTime: 0.06281902406765685 sec
2026-06-18 01:15:06,410 - mazeUtils.moveTile - [moveTile.py:1306] - DEBUG - moveTile loop time: 62.3 ms
2026-06-18 01:15:06,411 - mazeUtils.moveTile - [moveTile.py:90] - DEBUG - [2880.700266] moveTile loop end practicalMoveTime=0.063 (+2.3 ms)
2026-06-18 01:15:06,411 - mazeUtils.moveTile - [moveTile.py:90] - DEBUG - [2880.700581] moveTile loop start (+0.3 ms)
2026-06-18 01:15:06,415 - picamera2.picamera2 - [picamera2.py:1391] - DEBUG - Execute job: <picamera2.job.Job object at 0x7f54c54a50>
2026-06-18 01:15:06,421 - mazeUtils.device.camera - [camera.py:39] - DEBUG - Average HSV: H=80.5, S=39.4, V=198.3
2026-06-18 01:15:06,428 - mazeUtils.moveTile - [moveTile.py:90] - DEBUG - [2880.717345] moveTile calculated motor speeds left=92 right=100 gyroSteer=0.18500000000000227 wallSteer=-7.600000000000001 (+16.8 ms)
2026-06-18 01:15:06,468 - mazeUtils.moveTile - [moveTile.py:90] - DEBUG - [2880.757270] moveTile applied motor speed left=92 right=100 (+39.9 ms)
2026-06-18 01:15:06,468 - mazeUtils.moveTile - [moveTile.py:90] - DEBUG - [2880.757829] moveTile ramp check isBigRamp=False (+0.6 ms)
2026-06-18 01:15:06,471 - mazeUtils.moveTile - [moveTile.py:90] - DEBUG - [2880.760681] moveTile tile color check tempTileColor=E (+2.9 ms)
2026-06-18 01:15:06,472 - mazeUtils.moveTile - [moveTile.py:90] - DEBUG - [2880.761147] moveTile obstacle check escapeFlag=False (+0.5 ms)
2026-06-18 01:15:06,472 - mazeUtils.moveTile - [moveTile.py:79] - DEBUG - roll: 0.37000000000000455 deg, practicalMoveTime: 0.12461511597848755 sec
2026-06-18 01:15:06,472 - mazeUtils.moveTile - [moveTile.py:1306] - DEBUG - moveTile loop time: 61.4 ms
2026-06-18 01:15:06,473 - mazeUtils.moveTile - [moveTile.py:90] - DEBUG - [2880.762365] moveTile loop end practicalMoveTime=0.125 (+1.2 ms)
2026-06-18 01:15:06,473 - mazeUtils.moveTile - [moveTile.py:90] - DEBUG - [2880.762657] moveTile loop start (+0.3 ms)
2026-06-18 01:15:06,480 - picamera2.picamera2 - [picamera2.py:1391] - DEBUG - Execute job: <picamera2.job.Job object at 0x7f8c978610>
2026-06-18 01:15:06,485 - mazeUtils.device.camera - [camera.py:39] - DEBUG - Average HSV: H=81.3, S=37.2, V=199.8
2026-06-18 01:15:06,489 - mazeUtils.moveTile - [moveTile.py:90] - DEBUG - [2880.778704] moveTile calculated motor speeds left=92 right=100 gyroSteer=-0.4350000000000023 wallSteer=-7.199999999999999 (+16.0 ms)
2026-06-18 01:15:06,529 - mazeUtils.moveTile - [moveTile.py:90] - DEBUG - [2880.818979] moveTile applied motor speed left=92 right=100 (+40.3 ms)
2026-06-18 01:15:06,530 - mazeUtils.moveTile - [moveTile.py:90] - DEBUG - [2880.819550] moveTile ramp check isBigRamp=False (+0.6 ms)
2026-06-18 01:15:06,534 - mazeUtils.moveTile - [moveTile.py:90] - DEBUG - [2880.823087] moveTile tile color check tempTileColor=E (+3.5 ms)
2026-06-18 01:15:06,534 - mazeUtils.moveTile - [moveTile.py:90] - DEBUG - [2880.823728] moveTile obstacle check escapeFlag=False (+0.6 ms)
2026-06-18 01:15:06,535 - mazeUtils.moveTile - [moveTile.py:79] - DEBUG - roll: 0.6200000000000045 deg, practicalMoveTime: 0.1869076208469678 sec
2026-06-18 01:15:06,535 - mazeUtils.moveTile - [moveTile.py:1306] - DEBUG - moveTile loop time: 62.1 ms
2026-06-18 01:15:06,535 - mazeUtils.moveTile - [moveTile.py:90] - DEBUG - [2880.825072] moveTile loop end practicalMoveTime=0.187 (+1.3 ms)
2026-06-18 01:15:06,536 - mazeUtils.moveTile - [moveTile.py:90] - DEBUG - [2880.825313] moveTile loop start (+0.2 ms)
2026-06-18 01:15:06,541 - picamera2.picamera2 - [picamera2.py:1391] - DEBUG - Execute job: <picamera2.job.Job object at 0x7f54c54b10>
2026-06-18 01:15:06,546 - mazeUtils.device.camera - [camera.py:39] - DEBUG - Average HSV: H=81.4, S=37.3, V=201.6
2026-06-18 01:15:06,551 - mazeUtils.moveTile - [moveTile.py:90] - DEBUG - [2880.840141] moveTile calculated motor speeds left=92 right=100 gyroSteer=-0.05500000000000682 wallSteer=-7.199999999999999 (+14.8 ms)
2026-06-18 01:15:06,591 - mazeUtils.moveTile - [moveTile.py:90] - DEBUG - [2880.880614] moveTile applied motor speed left=92 right=100 (+40.5 ms)
2026-06-18 01:15:06,592 - mazeUtils.moveTile - [moveTile.py:90] - DEBUG - [2880.881148] moveTile ramp check isBigRamp=False (+0.5 ms)
2026-06-18 01:15:06,595 - mazeUtils.moveTile - [moveTile.py:90] - DEBUG - [2880.884306] moveTile tile color check tempTileColor=E (+3.2 ms)
2026-06-18 01:15:06,595 - mazeUtils.moveTile - [moveTile.py:90] - DEBUG - [2880.885039] moveTile obstacle check escapeFlag=False (+0.7 ms)
2026-06-18 01:15:06,596 - mazeUtils.moveTile - [moveTile.py:79] - DEBUG - roll: 0.10000000000002274 deg, practicalMoveTime: 0.24764275401944283 sec
2026-06-18 01:15:06,596 - mazeUtils.moveTile - [moveTile.py:1306] - DEBUG - moveTile loop time: 60.6 ms
2026-06-18 01:15:06,597 - mazeUtils.moveTile - [moveTile.py:90] - DEBUG - [2880.886147] moveTile loop end practicalMoveTime=0.248 (+1.1 ms)
2026-06-18 01:15:06,597 - mazeUtils.moveTile - [moveTile.py:90] - DEBUG - [2880.886361] moveTile loop start (+0.2 ms)
2026-06-18 01:15:06,603 - picamera2.picamera2 - [picamera2.py:1391] - DEBUG - Execute job: <picamera2.job.Job object at 0x7f66ea3510>
2026-06-18 01:15:06,607 - mazeUtils.device.camera - [camera.py:39] - DEBUG - Average HSV: H=91.8, S=36.1, V=202.5
2026-06-18 01:15:06,613 - mazeUtils.moveTile - [moveTile.py:90] - DEBUG - [2880.902655] moveTile calculated motor speeds left=93 right=100 gyroSteer=0.23500000000001364 wallSteer=-6.399999999999999 (+16.3 ms)
2026-06-18 01:15:06,654 - mazeUtils.moveTile - [moveTile.py:90] - DEBUG - [2880.943142] moveTile applied motor speed left=93 right=100 (+40.5 ms)
2026-06-18 01:15:06,654 - mazeUtils.moveTile - [moveTile.py:90] - DEBUG - [2880.943688] moveTile ramp check isBigRamp=False (+0.5 ms)
2026-06-18 01:15:06,657 - mazeUtils.moveTile - [moveTile.py:90] - DEBUG - [2880.946474] moveTile tile color check tempTileColor=E (+2.8 ms)
2026-06-18 01:15:06,657 - mazeUtils.moveTile - [moveTile.py:90] - DEBUG - [2880.946895] moveTile obstacle check escapeFlag=False (+0.4 ms)
2026-06-18 01:15:06,658 - mazeUtils.moveTile - [moveTile.py:79] - DEBUG - roll: 1.0900000000000318 deg, practicalMoveTime: 0.3090966567163662 sec
2026-06-18 01:15:06,660 - mazeUtils.moveTile - [moveTile.py:1306] - DEBUG - moveTile loop time: 63.1 ms
2026-06-18 01:15:06,660 - mazeUtils.moveTile - [moveTile.py:90] - DEBUG - [2880.949959] moveTile loop end practicalMoveTime=0.309 (+3.1 ms)
2026-06-18 01:15:06,661 - mazeUtils.moveTile - [moveTile.py:90] - DEBUG - [2880.950346] moveTile loop start (+0.4 ms)
2026-06-18 01:15:06,667 - picamera2.picamera2 - [picamera2.py:1391] - DEBUG - Execute job: <picamera2.job.Job object at 0x7f66ea3450>
2026-06-18 01:15:06,672 - mazeUtils.device.camera - [camera.py:39] - DEBUG - Average HSV: H=110.8, S=35.8, V=203.8
2026-06-18 01:15:06,677 - mazeUtils.moveTile - [moveTile.py:90] - DEBUG - [2880.966272] moveTile calculated motor speeds left=95 right=100 gyroSteer=0.2400000000000091 wallSteer=-5.199999999999999 (+15.9 ms)
2026-06-18 01:15:06,717 - mazeUtils.moveTile - [moveTile.py:90] - DEBUG - [2881.006337] moveTile applied motor speed left=95 right=100 (+40.1 ms)
2026-06-18 01:15:06,717 - mazeUtils.moveTile - [moveTile.py:90] - DEBUG - [2881.006917] moveTile ramp check isBigRamp=False (+0.6 ms)
2026-06-18 01:15:06,721 - mazeUtils.moveTile - [moveTile.py:90] - DEBUG - [2881.010672] moveTile tile color check tempTileColor=E (+3.8 ms)
2026-06-18 01:15:06,722 - mazeUtils.moveTile - [moveTile.py:90] - DEBUG - [2881.011892] moveTile obstacle check escapeFlag=False (+1.2 ms)
2026-06-18 01:15:06,724 - mazeUtils.moveTile - [moveTile.py:79] - DEBUG - roll: 0.7300000000000182 deg, practicalMoveTime: 0.3730038609799591 sec
2026-06-18 01:15:06,725 - mazeUtils.moveTile - [moveTile.py:1306] - DEBUG - moveTile loop time: 63.9 ms
2026-06-18 01:15:06,726 - mazeUtils.moveTile - [moveTile.py:90] - DEBUG - [2881.015192] moveTile loop end practicalMoveTime=0.373 (+3.3 ms)
2026-06-18 01:15:06,726 - mazeUtils.moveTile - [moveTile.py:90] - DEBUG - [2881.015580] moveTile loop start (+0.4 ms)
2026-06-18 01:15:06,731 - picamera2.picamera2 - [picamera2.py:1391] - DEBUG - Execute job: <picamera2.job.Job object at 0x7f8c978610>
2026-06-18 01:15:06,737 - mazeUtils.device.camera - [camera.py:39] - DEBUG - Average HSV: H=111.5, S=36.2, V=204.8
2026-06-18 01:15:06,743 - mazeUtils.moveTile - [moveTile.py:90] - DEBUG - [2881.032408] moveTile calculated motor speeds left=95 right=100 gyroSteer=0.3900000000000148 wallSteer=-5.199999999999999 (+16.8 ms)
2026-06-18 01:15:06,784 - mazeUtils.moveTile - [moveTile.py:90] - DEBUG - [2881.073649] moveTile applied motor speed left=95 right=100 (+41.2 ms)
2026-06-18 01:15:06,785 - mazeUtils.moveTile - [moveTile.py:90] - DEBUG - [2881.074280] moveTile ramp check isBigRamp=False (+0.6 ms)
2026-06-18 01:15:06,788 - mazeUtils.moveTile - [moveTile.py:90] - DEBUG - [2881.077506] moveTile tile color check tempTileColor=E (+3.2 ms)
2026-06-18 01:15:06,788 - mazeUtils.moveTile - [moveTile.py:90] - DEBUG - [2881.077998] moveTile obstacle check escapeFlag=False (+0.5 ms)
2026-06-18 01:15:06,789 - mazeUtils.moveTile - [moveTile.py:79] - DEBUG - roll: 1.990000000000009 deg, practicalMoveTime: 0.43731660942739936 sec
2026-06-18 01:15:06,790 - mazeUtils.moveTile - [moveTile.py:1306] - DEBUG - moveTile loop time: 63.6 ms
2026-06-18 01:15:06,790 - mazeUtils.moveTile - [moveTile.py:90] - DEBUG - [2881.079502] moveTile loop end practicalMoveTime=0.437 (+1.5 ms)
2026-06-18 01:15:06,790 - mazeUtils.moveTile - [moveTile.py:90] - DEBUG - [2881.079738] moveTile loop start (+0.2 ms)
2026-06-18 01:15:06,796 - picamera2.picamera2 - [picamera2.py:1391] - DEBUG - Execute job: <picamera2.job.Job object at 0x7f54c54a90>
2026-06-18 01:15:06,800 - mazeUtils.device.camera - [camera.py:39] - DEBUG - Average HSV: H=140.7, S=34.6, V=204.3
2026-06-18 01:15:06,806 - mazeUtils.moveTile - [moveTile.py:90] - DEBUG - [2881.095581] moveTile calculated motor speeds left=100 right=99 gyroSteer=0.5200000000000102 wallSteer=0.0 (+15.8 ms)
2026-06-18 01:15:06,847 - mazeUtils.moveTile - [moveTile.py:90] - DEBUG - [2881.136399] moveTile applied motor speed left=100 right=99 (+40.8 ms)
2026-06-18 01:15:06,848 - mazeUtils.moveTile - [moveTile.py:90] - DEBUG - [2881.137226] moveTile ramp check isBigRamp=False (+0.8 ms)
2026-06-18 01:15:06,851 - mazeUtils.moveTile - [moveTile.py:90] - DEBUG - [2881.140310] moveTile tile color check tempTileColor=E (+3.1 ms)
2026-06-18 01:15:06,851 - mazeUtils.moveTile - [moveTile.py:90] - DEBUG - [2881.140709] moveTile obstacle check escapeFlag=False (+0.4 ms)
2026-06-18 01:15:06,852 - mazeUtils.moveTile - [moveTile.py:79] - DEBUG - roll: 1.1999999999999886 deg, practicalMoveTime: 0.49918791711646165 sec
2026-06-18 01:15:06,852 - mazeUtils.moveTile - [moveTile.py:1306] - DEBUG - moveTile loop time: 61.8 ms
2026-06-18 01:15:06,852 - mazeUtils.moveTile - [moveTile.py:90] - DEBUG - [2881.141802] moveTile loop end practicalMoveTime=0.499 (+1.1 ms)
2026-06-18 01:15:06,852 - mazeUtils.moveTile - [moveTile.py:90] - DEBUG - [2881.142037] moveTile loop start (+0.2 ms)
2026-06-18 01:15:06,858 - picamera2.picamera2 - [picamera2.py:1391] - DEBUG - Execute job: <picamera2.job.Job object at 0x7f54c54ad0>
2026-06-18 01:15:06,863 - mazeUtils.device.camera - [camera.py:39] - DEBUG - Average HSV: H=123.4, S=34.9, V=206.6
2026-06-18 01:15:06,868 - mazeUtils.moveTile - [moveTile.py:90] - DEBUG - [2881.157169] moveTile calculated motor speeds left=98 right=100 gyroSteer=0.9050000000000011 wallSteer=-2.0 (+15.1 ms)
2026-06-18 01:15:06,908 - mazeUtils.moveTile - [moveTile.py:90] - DEBUG - [2881.197857] moveTile applied motor speed left=98 right=100 (+40.7 ms)
2026-06-18 01:15:06,910 - mazeUtils.moveTile - [moveTile.py:90] - DEBUG - [2881.199411] moveTile ramp check isBigRamp=False (+1.6 ms)
2026-06-18 01:15:06,913 - mazeUtils.moveTile - [moveTile.py:90] - DEBUG - [2881.202564] moveTile tile color check tempTileColor=E (+3.2 ms)
2026-06-18 01:15:06,914 - mazeUtils.moveTile - [moveTile.py:90] - DEBUG - [2881.203251] moveTile obstacle check escapeFlag=False (+0.7 ms)
2026-06-18 01:15:06,915 - mazeUtils.moveTile - [moveTile.py:79] - DEBUG - roll: 1.2200000000000273 deg, practicalMoveTime: 0.561551944857914 sec
2026-06-18 01:15:06,915 - mazeUtils.moveTile - [moveTile.py:1306] - DEBUG - moveTile loop time: 62.5 ms
2026-06-18 01:15:06,915 - mazeUtils.moveTile - [moveTile.py:90] - DEBUG - [2881.204826] moveTile loop end practicalMoveTime=0.562 (+1.6 ms)
2026-06-18 01:15:06,915 - mazeUtils.moveTile - [moveTile.py:90] - DEBUG - [2881.205091] moveTile loop start (+0.3 ms)
2026-06-18 01:15:06,920 - picamera2.picamera2 - [picamera2.py:1391] - DEBUG - Execute job: <picamera2.job.Job object at 0x7f8c978610>
2026-06-18 01:15:06,925 - mazeUtils.device.camera - [camera.py:39] - DEBUG - Average HSV: H=149.5, S=33.5, V=206.6
2026-06-18 01:15:06,930 - mazeUtils.moveTile - [moveTile.py:90] - DEBUG - [2881.219678] moveTile calculated motor speeds left=96 right=100 gyroSteer=0.5100000000000193 wallSteer=-4.399999999999999 (+14.6 ms)
2026-06-18 01:15:06,973 - mazeUtils.moveTile - [moveTile.py:90] - DEBUG - [2881.262634] moveTile applied motor speed left=96 right=100 (+43.0 ms)
2026-06-18 01:15:06,974 - mazeUtils.moveTile - [moveTile.py:90] - DEBUG - [2881.263172] moveTile ramp check isBigRamp=False (+0.5 ms)
2026-06-18 01:15:06,976 - mazeUtils.moveTile - [moveTile.py:90] - DEBUG - [2881.265902] moveTile tile color check tempTileColor=E (+2.7 ms)
2026-06-18 01:15:06,977 - mazeUtils.moveTile - [moveTile.py:90] - DEBUG - [2881.266271] moveTile obstacle check escapeFlag=False (+0.4 ms)
2026-06-18 01:15:06,977 - mazeUtils.moveTile - [moveTile.py:79] - DEBUG - roll: 1.4700000000000273 deg, practicalMoveTime: 0.6237167667923634 sec
2026-06-18 01:15:06,978 - mazeUtils.moveTile - [moveTile.py:1306] - DEBUG - moveTile loop time: 62.0 ms
2026-06-18 01:15:06,978 - mazeUtils.moveTile - [moveTile.py:90] - DEBUG - [2881.267399] moveTile loop end practicalMoveTime=0.624 (+1.1 ms)
2026-06-18 01:15:06,978 - mazeUtils.moveTile - [moveTile.py:90] - DEBUG - [2881.267636] moveTile loop start (+0.2 ms)
2026-06-18 01:15:06,984 - picamera2.picamera2 - [picamera2.py:1391] - DEBUG - Execute job: <picamera2.job.Job object at 0x7f54c54a50>
2026-06-18 01:15:06,989 - mazeUtils.device.camera - [camera.py:39] - DEBUG - Average HSV: H=133.0, S=32.0, V=209.5
2026-06-18 01:15:06,994 - mazeUtils.moveTile - [moveTile.py:90] - DEBUG - [2881.283773] moveTile calculated motor speeds left=96 right=100 gyroSteer=0.575000000000017 wallSteer=-4.0 (+16.1 ms)
2026-06-18 01:15:07,034 - mazeUtils.moveTile - [moveTile.py:90] - DEBUG - [2881.324054] moveTile applied motor speed left=96 right=100 (+40.3 ms)
2026-06-18 01:15:07,035 - mazeUtils.moveTile - [moveTile.py:90] - DEBUG - [2881.324582] moveTile ramp check isBigRamp=False (+0.5 ms)
2026-06-18 01:15:07,040 - mazeUtils.moveTile - [moveTile.py:90] - DEBUG - [2881.329822] moveTile tile color check tempTileColor=E (+5.2 ms)
2026-06-18 01:15:07,041 - mazeUtils.moveTile - [moveTile.py:90] - DEBUG - [2881.330391] moveTile obstacle check escapeFlag=False (+0.6 ms)
2026-06-18 01:15:07,041 - mazeUtils.moveTile - [moveTile.py:79] - DEBUG - roll: 1.420000000000016 deg, practicalMoveTime: 0.6873862013842863 sec
2026-06-18 01:15:07,042 - mazeUtils.moveTile - [moveTile.py:1306] - DEBUG - moveTile loop time: 63.6 ms
2026-06-18 01:15:07,042 - mazeUtils.moveTile - [moveTile.py:90] - DEBUG - [2881.331535] moveTile loop end practicalMoveTime=0.687 (+1.1 ms)
2026-06-18 01:15:07,042 - mazeUtils.moveTile - [moveTile.py:90] - DEBUG - [2881.331766] moveTile loop start (+0.2 ms)
2026-06-18 01:15:07,048 - picamera2.picamera2 - [picamera2.py:1391] - DEBUG - Execute job: <picamera2.job.Job object at 0x7f8c978610>
2026-06-18 01:15:07,053 - mazeUtils.device.camera - [camera.py:39] - DEBUG - Average HSV: H=160.5, S=31.5, V=210.2
2026-06-18 01:15:07,059 - mazeUtils.moveTile - [moveTile.py:90] - DEBUG - [2881.348065] moveTile calculated motor speeds left=100 right=99 gyroSteer=0.34499999999999886 wallSteer=0.0 (+16.3 ms)
2026-06-18 01:15:07,099 - mazeUtils.moveTile - [moveTile.py:90] - DEBUG - [2881.388446] moveTile applied motor speed left=100 right=99 (+40.4 ms)
2026-06-18 01:15:07,099 - mazeUtils.moveTile - [moveTile.py:90] - DEBUG - [2881.389027] moveTile ramp check isBigRamp=False (+0.6 ms)
2026-06-18 01:15:07,102 - mazeUtils.moveTile - [moveTile.py:90] - DEBUG - [2881.391829] moveTile tile color check tempTileColor=E (+2.8 ms)
2026-06-18 01:15:07,103 - mazeUtils.moveTile - [moveTile.py:90] - DEBUG - [2881.392249] moveTile obstacle check escapeFlag=False (+0.4 ms)
2026-06-18 01:15:07,103 - mazeUtils.moveTile - [moveTile.py:79] - DEBUG - roll: 1.0300000000000296 deg, practicalMoveTime: 0.7487724029801868 sec
2026-06-18 01:15:07,104 - mazeUtils.moveTile - [moveTile.py:1306] - DEBUG - moveTile loop time: 61.3 ms
2026-06-18 01:15:07,104 - mazeUtils.moveTile - [moveTile.py:90] - DEBUG - [2881.393351] moveTile loop end practicalMoveTime=0.749 (+1.1 ms)
2026-06-18 01:15:07,104 - mazeUtils.moveTile - [moveTile.py:90] - DEBUG - [2881.393588] moveTile loop start (+0.2 ms)
2026-06-18 01:15:07,109 - picamera2.picamera2 - [picamera2.py:1391] - DEBUG - Execute job: <picamera2.job.Job object at 0x7f66ea3510>
2026-06-18 01:15:07,113 - mazeUtils.device.camera - [camera.py:39] - DEBUG - Average HSV: H=170.1, S=31.0, V=209.5
2026-06-18 01:15:07,119 - mazeUtils.moveTile - [moveTile.py:90] - DEBUG - [2881.408258] moveTile calculated motor speeds left=99 right=100 gyroSteer=0.2950000000000159 wallSteer=-0.3999999999999986 (+14.7 ms)
2026-06-18 01:15:07,159 - mazeUtils.moveTile - [moveTile.py:90] - DEBUG - [2881.448497] moveTile applied motor speed left=99 right=100 (+40.2 ms)
2026-06-18 01:15:07,160 - mazeUtils.moveTile - [moveTile.py:90] - DEBUG - [2881.449126] moveTile ramp check isBigRamp=False (+0.6 ms)
2026-06-18 01:15:07,165 - mazeUtils.moveTile - [moveTile.py:90] - DEBUG - [2881.454536] moveTile tile color check tempTileColor=E (+5.4 ms)
2026-06-18 01:15:07,166 - mazeUtils.moveTile - [moveTile.py:90] - DEBUG - [2881.455532] moveTile obstacle check escapeFlag=False (+1.0 ms)
2026-06-18 01:15:07,167 - mazeUtils.moveTile - [moveTile.py:79] - DEBUG - roll: 1.0699999999999932 deg, practicalMoveTime: 0.8118162079481349 sec
2026-06-18 01:15:07,167 - mazeUtils.moveTile - [moveTile.py:1306] - DEBUG - moveTile loop time: 63.1 ms
2026-06-18 01:15:07,167 - mazeUtils.moveTile - [moveTile.py:90] - DEBUG - [2881.457042] moveTile loop end practicalMoveTime=0.812 (+1.5 ms)
2026-06-18 01:15:07,168 - mazeUtils.moveTile - [moveTile.py:90] - DEBUG - [2881.457305] moveTile loop start (+0.3 ms)
2026-06-18 01:15:07,173 - picamera2.picamera2 - [picamera2.py:1391] - DEBUG - Execute job: <picamera2.job.Job object at 0x7f54c54ad0>
2026-06-18 01:15:07,177 - mazeUtils.device.camera - [camera.py:39] - DEBUG - Average HSV: H=167.7, S=29.0, V=211.5
2026-06-18 01:15:07,183 - mazeUtils.moveTile - [moveTile.py:90] - DEBUG - [2881.472197] moveTile calculated motor speeds left=100 right=99 gyroSteer=0.28000000000000114 wallSteer=0.0 (+14.9 ms)
2026-06-18 01:15:07,223 - mazeUtils.moveTile - [moveTile.py:90] - DEBUG - [2881.512258] moveTile applied motor speed left=100 right=99 (+40.1 ms)
2026-06-18 01:15:07,223 - mazeUtils.moveTile - [moveTile.py:90] - DEBUG - [2881.512846] moveTile ramp check isBigRamp=False (+0.6 ms)
2026-06-18 01:15:07,227 - mazeUtils.moveTile - [moveTile.py:90] - DEBUG - [2881.516824] moveTile tile color check tempTileColor=E (+4.0 ms)
2026-06-18 01:15:07,228 - mazeUtils.moveTile - [moveTile.py:90] - DEBUG - [2881.517262] moveTile obstacle check escapeFlag=False (+0.4 ms)
2026-06-18 01:15:07,228 - mazeUtils.moveTile - [moveTile.py:1253] - INFO - practicalVerticalMove: 0.5471004189191147 CM
2026-06-18 01:15:07,270 - mazeUtils.moveTile - [moveTile.py:90] - DEBUG - [2881.559611] moveTile finished by time control (+42.3 ms)
2026-06-18 01:15:07,271 - mazeUtils.moveTile - [moveTile.py:90] - DEBUG - [2881.560207] moveTile start final forward adjustment (+42.9 ms)
2026-06-18 01:15:07,317 - mazeUtils.moveTile - [moveTile.py:79] - DEBUG - Little forward to adjust position
2026-06-18 01:15:07,478 - mazeUtils.moveTile - [moveTile.py:90] - DEBUG - [2881.767296] moveTile finished final forward adjustment (+207.1 ms)
2026-06-18 01:15:07,479 - mazeUtils.moveTile - [moveTile.py:1499] - INFO - Set moved vertical distance: 0.5471004189191147 cm, past distances: [(0.9914895663394735, False), (-0.002946754299619784, False), (0.13119474180888205, False)]
2026-06-18 01:15:07,479 - mazeUtils.moveTile - [moveTile.py:90] - DEBUG - [2881.768880] moveTile updated moved vertical distance 0.547 (+1.6 ms)
2026-06-18 01:15:07,546 - mazeUtils.moveTile - [moveTile.py:527] - DEBUG - Direction: absDirection.NORTH, Angle: 270, Distance: 19.41444763676781 cm
2026-06-18 01:15:07,549 - mazeUtils.moveTile - [moveTile.py:527] - DEBUG - Direction: absDirection.EAST, Angle: 180, Distance: 52.24732295428227 cm
2026-06-18 01:15:07,551 - mazeUtils.moveTile - [moveTile.py:527] - DEBUG - Direction: absDirection.SOUTH, Angle: 90, Distance: 73.78058258098046 cm
2026-06-18 01:15:07,553 - mazeUtils.moveTile - [moveTile.py:527] - DEBUG - Direction: absDirection.WEST, Angle: 0, Distance: 13.946534617857088 cm
2026-06-18 01:15:07,553 - mazeUtils.moveTile - [moveTile.py:550] - DEBUG - Front LiDAR distance: 13.946534617857088 cm, TSD10 distance: 2.1 cm
2026-06-18 01:15:07,554 - mazeUtils.moveTile - [moveTile.py:90] - DEBUG - [2881.843438] moveTile updated map and detected walls (+74.6 ms)
2026-06-18 01:15:07,558 - mazeUtils.moveTile - [moveTile.py:1620] - INFO - Tile color detection counts: {}, decided tile type: E
2026-06-18 01:15:07,559 - mazeUtils.moveTile - [moveTile.py:90] - DEBUG - [2881.848504] moveTile finished (+79.6 ms)
2026-06-18 01:15:07,647 - mazeUtils.mazeMap - [mazeMap.py:61] - INFO - next goal: (19, 18, 0)
2026-06-18 01:15:07,648 - mazeUtils.moveTile - [moveTile.py:88] - DEBUG - [2881.937233] moveTile start direction=absDirection.SOUTH position=(19, 17, 0) front=absDirection.WEST
2026-06-18 01:15:07,652 - mazeUtils.moveTile - [moveTile.py:90] - DEBUG - [2881.941491] moveTile after initial toggle check (+4.3 ms)
2026-06-18 01:15:07,654 - mazeUtils.moveTile - [moveTile.py:90] - DEBUG - [2881.943417] moveTile after tile checks isRedTile=False isUnknownTileAhead=True (+1.9 ms)
2026-06-18 01:15:07,654 - mazeUtils.moveTile - [moveTile.py:79] - DEBUG - Moving to absDirection.SOUTH from (19, 17, 0) facing absDirection.WEST
2026-06-18 01:15:07,655 - mazeUtils.moveTile - [moveTile.py:90] - DEBUG - [2881.944359] moveTile start heading change target=180 (+0.9 ms)
2026-06-18 01:15:07,701 - mazeUtils.moveTile - [moveTile.py:79] - DEBUG - current heading: 93.32 target: 135
2026-06-18 01:15:08,163 - mazeUtils.moveTile - [moveTile.py:402] - DEBUG - stopped turning at heading: 125.25, diff: 9.75
2026-06-18 01:15:09,226 - mazeUtils.moveTile - [moveTile.py:79] - DEBUG - Turned to heading: 134.5 deg
2026-06-18 01:15:09,782 - mazeUtils.moveTile - [moveTile.py:79] - DEBUG - current heading: 134.77 target: 180
2026-06-18 01:15:10,194 - mazeUtils.moveTile - [moveTile.py:402] - DEBUG - stopped turning at heading: 171.19, diff: 8.810000000000002
2026-06-18 01:15:10,797 - mazeUtils.moveTile - [moveTile.py:79] - DEBUG - Turned to heading: 179.53000000000003 deg
2026-06-18 01:15:10,798 - mazeUtils.moveTile - [moveTile.py:90] - DEBUG - [2885.087487] moveTile finished heading change (+3143.1 ms)
2026-06-18 01:15:10,798 - mazeUtils.moveTile - [moveTile.py:90] - DEBUG - [2885.087843] moveTile updated front direction (+0.4 ms)
2026-06-18 01:15:10,803 - mazeUtils.moveTile - [moveTile.py:90] - DEBUG - [2885.092530] moveTile acquired initial LiDAR scan (+4.7 ms)
2026-06-18 01:15:10,845 - mazeUtils.moveTile - [moveTile.py:90] - DEBUG - [2885.134143] moveTile stopped motors before alignment (+41.6 ms)
2026-06-18 01:15:10,851 - mazeUtils.moveTile - [moveTile.py:90] - DEBUG - [2885.140783] moveTile start backward adjustment behind_wall_dist=16.609464980927918 (+6.6 ms)
2026-06-18 01:15:10,893 - mazeUtils.moveTile - [moveTile.py:79] - DEBUG - Little backward to adjust position
2026-06-18 01:15:11,225 - mazeUtils.moveTile - [moveTile.py:90] - DEBUG - [2885.514955] moveTile finished backward adjustment (+374.2 ms)
2026-06-18 01:15:11,267 - mazeUtils.moveTile - [moveTile.py:90] - DEBUG - [2885.556266] moveTile ready for forward move (+41.3 ms)
2026-06-18 01:15:11,369 - mazeUtils.moveTile - [moveTile.py:90] - DEBUG - [2885.658440] moveTile initialized movement targetSteps=1 (+102.2 ms)
2026-06-18 01:15:11,370 - mazeUtils.moveTile - [moveTile.py:90] - DEBUG - [2885.659781] moveTile loop start (+1.3 ms)
2026-06-18 01:15:11,376 - picamera2.picamera2 - [picamera2.py:1391] - DEBUG - Execute job: <picamera2.job.Job object at 0x7f761eebd0>
2026-06-18 01:15:11,381 - mazeUtils.device.camera - [camera.py:39] - DEBUG - Average HSV: H=157.3, S=16.3, V=240.7
2026-06-18 01:15:11,386 - mazeUtils.moveTile - [moveTile.py:90] - DEBUG - [2885.675325] moveTile calculated motor speeds left=100 right=96 gyroSteer=0.18000000000000682 wallSteer=3.1999999999999993 (+15.5 ms)
2026-06-18 01:15:11,527 - mazeUtils.moveTile - [moveTile.py:90] - DEBUG - [2885.816281] moveTile applied motor speed left=100 right=96 (+141.0 ms)
2026-06-18 01:15:11,528 - mazeUtils.moveTile - [moveTile.py:90] - DEBUG - [2885.817797] moveTile ramp check isBigRamp=False (+1.5 ms)
2026-06-18 01:15:11,532 - mazeUtils.moveTile - [moveTile.py:90] - DEBUG - [2885.821375] moveTile tile color check tempTileColor=E (+3.6 ms)
2026-06-18 01:15:11,532 - mazeUtils.moveTile - [moveTile.py:90] - DEBUG - [2885.821870] moveTile obstacle check escapeFlag=False (+0.5 ms)
2026-06-18 01:15:11,533 - mazeUtils.moveTile - [moveTile.py:79] - DEBUG - roll: 0.7200000000000273 deg, practicalMoveTime: 0.16386311770661263 sec
2026-06-18 01:15:11,533 - mazeUtils.moveTile - [moveTile.py:1306] - DEBUG - moveTile loop time: 163.0 ms
2026-06-18 01:15:11,534 - mazeUtils.moveTile - [moveTile.py:90] - DEBUG - [2885.823120] moveTile loop end practicalMoveTime=0.164 (+1.3 ms)
2026-06-18 01:15:11,534 - mazeUtils.moveTile - [moveTile.py:90] - DEBUG - [2885.823383] moveTile loop start (+0.3 ms)
2026-06-18 01:15:11,539 - picamera2.picamera2 - [picamera2.py:1391] - DEBUG - Execute job: <picamera2.job.Job object at 0x7f66ea3450>
2026-06-18 01:15:11,544 - mazeUtils.device.camera - [camera.py:39] - DEBUG - Average HSV: H=107.7, S=16.8, V=239.1
2026-06-18 01:15:11,548 - mazeUtils.moveTile - [moveTile.py:90] - DEBUG - [2885.837965] moveTile calculated motor speeds left=100 right=97 gyroSteer=0.4900000000000091 wallSteer=2.0 (+14.6 ms)
2026-06-18 01:15:11,591 - mazeUtils.moveTile - [moveTile.py:90] - DEBUG - [2885.880537] moveTile applied motor speed left=100 right=97 (+42.6 ms)
2026-06-18 01:15:11,592 - mazeUtils.moveTile - [moveTile.py:90] - DEBUG - [2885.881118] moveTile ramp check isBigRamp=False (+0.6 ms)
2026-06-18 01:15:11,594 - mazeUtils.moveTile - [moveTile.py:90] - DEBUG - [2885.883927] moveTile tile color check tempTileColor=E (+2.8 ms)
2026-06-18 01:15:11,595 - mazeUtils.moveTile - [moveTile.py:90] - DEBUG - [2885.884400] moveTile obstacle check escapeFlag=False (+0.5 ms)
2026-06-18 01:15:11,595 - mazeUtils.moveTile - [moveTile.py:79] - DEBUG - roll: 0.17000000000001592 deg, practicalMoveTime: 0.22590031259168603 sec
2026-06-18 01:15:11,596 - mazeUtils.moveTile - [moveTile.py:1306] - DEBUG - moveTile loop time: 61.9 ms
2026-06-18 01:15:11,596 - mazeUtils.moveTile - [moveTile.py:90] - DEBUG - [2885.885622] moveTile loop end practicalMoveTime=0.226 (+1.2 ms)
2026-06-18 01:15:11,596 - mazeUtils.moveTile - [moveTile.py:90] - DEBUG - [2885.885880] moveTile loop start (+0.3 ms)
2026-06-18 01:15:11,603 - picamera2.picamera2 - [picamera2.py:1391] - DEBUG - Execute job: <picamera2.job.Job object at 0x7f54c68050>
2026-06-18 01:15:11,607 - mazeUtils.device.camera - [camera.py:39] - DEBUG - Average HSV: H=93.1, S=15.9, V=241.9
2026-06-18 01:15:11,613 - mazeUtils.moveTile - [moveTile.py:90] - DEBUG - [2885.902618] moveTile calculated motor speeds left=100 right=95 gyroSteer=0.8900000000000148 wallSteer=4.0 (+16.7 ms)
2026-06-18 01:15:11,653 - mazeUtils.moveTile - [moveTile.py:90] - DEBUG - [2885.942457] moveTile applied motor speed left=100 right=95 (+39.8 ms)
2026-06-18 01:15:11,654 - mazeUtils.moveTile - [moveTile.py:90] - DEBUG - [2885.943321] moveTile ramp check isBigRamp=False (+0.9 ms)
2026-06-18 01:15:11,658 - mazeUtils.moveTile - [moveTile.py:90] - DEBUG - [2885.947261] moveTile tile color check tempTileColor=E (+3.9 ms)
2026-06-18 01:15:11,658 - mazeUtils.moveTile - [moveTile.py:90] - DEBUG - [2885.947676] moveTile obstacle check escapeFlag=False (+0.4 ms)
2026-06-18 01:15:11,659 - mazeUtils.moveTile - [moveTile.py:79] - DEBUG - roll: 0.160000000000025 deg, practicalMoveTime: 0.2887314694306907 sec
2026-06-18 01:15:11,659 - mazeUtils.moveTile - [moveTile.py:1306] - DEBUG - moveTile loop time: 62.7 ms
2026-06-18 01:15:11,659 - mazeUtils.moveTile - [moveTile.py:90] - DEBUG - [2885.949070] moveTile loop end practicalMoveTime=0.289 (+1.4 ms)
2026-06-18 01:15:11,660 - mazeUtils.moveTile - [moveTile.py:90] - DEBUG - [2885.949399] moveTile loop start (+0.3 ms)
2026-06-18 01:15:11,665 - picamera2.picamera2 - [picamera2.py:1391] - DEBUG - Execute job: <picamera2.job.Job object at 0x7f66ea3450>
2026-06-18 01:15:11,670 - mazeUtils.device.camera - [camera.py:39] - DEBUG - Average HSV: H=69.0, S=16.6, V=244.6
2026-06-18 01:15:11,677 - mazeUtils.moveTile - [moveTile.py:90] - DEBUG - [2885.966629] moveTile calculated motor speeds left=100 right=95 gyroSteer=0.5500000000000114 wallSteer=4.0 (+17.2 ms)
2026-06-18 01:15:11,717 - mazeUtils.moveTile - [moveTile.py:90] - DEBUG - [2886.006356] moveTile applied motor speed left=100 right=95 (+39.7 ms)
2026-06-18 01:15:11,717 - mazeUtils.moveTile - [moveTile.py:90] - DEBUG - [2886.006899] moveTile ramp check isBigRamp=False (+0.5 ms)
2026-06-18 01:15:11,722 - mazeUtils.moveTile - [moveTile.py:90] - DEBUG - [2886.011466] moveTile tile color check tempTileColor=E (+4.6 ms)
2026-06-18 01:15:11,722 - mazeUtils.moveTile - [moveTile.py:90] - DEBUG - [2886.011966] moveTile obstacle check escapeFlag=False (+0.5 ms)
2026-06-18 01:15:11,723 - mazeUtils.moveTile - [moveTile.py:79] - DEBUG - roll: 1.3199999999999932 deg, practicalMoveTime: 0.352981573301549 sec
2026-06-18 01:15:11,724 - mazeUtils.moveTile - [moveTile.py:1306] - DEBUG - moveTile loop time: 64.1 ms
2026-06-18 01:15:11,725 - mazeUtils.moveTile - [moveTile.py:90] - DEBUG - [2886.014094] moveTile loop end practicalMoveTime=0.353 (+2.1 ms)
2026-06-18 01:15:11,725 - mazeUtils.moveTile - [moveTile.py:90] - DEBUG - [2886.014849] moveTile loop start (+0.8 ms)
2026-06-18 01:15:11,731 - picamera2.picamera2 - [picamera2.py:1391] - DEBUG - Execute job: <picamera2.job.Job object at 0x7f7fe55990>
2026-06-18 01:15:11,735 - mazeUtils.device.camera - [camera.py:39] - DEBUG - Average HSV: H=53.0, S=16.7, V=243.8
2026-06-18 01:15:11,742 - mazeUtils.moveTile - [moveTile.py:90] - DEBUG - [2886.031406] moveTile calculated motor speeds left=100 right=89 gyroSteer=0.8700000000000045 wallSteer=9.600000000000001 (+16.6 ms)
2026-06-18 01:15:11,782 - mazeUtils.moveTile - [moveTile.py:90] - DEBUG - [2886.071884] moveTile applied motor speed left=100 right=89 (+40.5 ms)
2026-06-18 01:15:11,783 - mazeUtils.moveTile - [moveTile.py:90] - DEBUG - [2886.072531] moveTile ramp check isBigRamp=False (+0.6 ms)
2026-06-18 01:15:11,787 - mazeUtils.moveTile - [moveTile.py:90] - DEBUG - [2886.076118] moveTile tile color check tempTileColor=E (+3.6 ms)
2026-06-18 01:15:11,787 - mazeUtils.moveTile - [moveTile.py:90] - DEBUG - [2886.076672] moveTile obstacle check escapeFlag=False (+0.6 ms)
2026-06-18 01:15:11,788 - mazeUtils.moveTile - [moveTile.py:79] - DEBUG - roll: 1.1000000000000227 deg, practicalMoveTime: 0.4166836206087608 sec
2026-06-18 01:15:11,788 - mazeUtils.moveTile - [moveTile.py:1306] - DEBUG - moveTile loop time: 63.0 ms
2026-06-18 01:15:11,789 - mazeUtils.moveTile - [moveTile.py:90] - DEBUG - [2886.078826] moveTile loop end practicalMoveTime=0.417 (+2.2 ms)
2026-06-18 01:15:11,790 - mazeUtils.moveTile - [moveTile.py:90] - DEBUG - [2886.079326] moveTile loop start (+0.5 ms)
2026-06-18 01:15:11,796 - picamera2.picamera2 - [picamera2.py:1391] - DEBUG - Execute job: <picamera2.job.Job object at 0x7f54c68e50>
2026-06-18 01:15:11,802 - mazeUtils.device.camera - [camera.py:39] - DEBUG - Average HSV: H=14.5, S=17.8, V=244.6
2026-06-18 01:15:11,808 - mazeUtils.moveTile - [moveTile.py:90] - DEBUG - [2886.097705] moveTile calculated motor speeds left=100 right=89 gyroSteer=0.18999999999999773 wallSteer=10.0 (+18.4 ms)
2026-06-18 01:15:11,849 - mazeUtils.moveTile - [moveTile.py:90] - DEBUG - [2886.138129] moveTile applied motor speed left=100 right=89 (+40.4 ms)
2026-06-18 01:15:11,850 - mazeUtils.moveTile - [moveTile.py:90] - DEBUG - [2886.139117] moveTile ramp check isBigRamp=False (+1.0 ms)
2026-06-18 01:15:11,855 - mazeUtils.moveTile - [moveTile.py:90] - DEBUG - [2886.144226] moveTile tile color check tempTileColor=E (+5.1 ms)
2026-06-18 01:15:11,855 - mazeUtils.moveTile - [moveTile.py:90] - DEBUG - [2886.144835] moveTile obstacle check escapeFlag=False (+0.6 ms)
2026-06-18 01:15:11,856 - mazeUtils.moveTile - [moveTile.py:79] - DEBUG - roll: 359.41 deg, practicalMoveTime: 0.4842044737212906 sec
2026-06-18 01:15:11,856 - mazeUtils.moveTile - [moveTile.py:1306] - DEBUG - moveTile loop time: 66.5 ms
2026-06-18 01:15:11,857 - mazeUtils.moveTile - [moveTile.py:90] - DEBUG - [2886.146179] moveTile loop end practicalMoveTime=0.484 (+1.3 ms)
2026-06-18 01:15:11,857 - mazeUtils.moveTile - [moveTile.py:90] - DEBUG - [2886.146444] moveTile loop start (+0.3 ms)
2026-06-18 01:15:11,862 - picamera2.picamera2 - [picamera2.py:1391] - DEBUG - Execute job: <picamera2.job.Job object at 0x7f66ea3450>
2026-06-18 01:15:11,867 - mazeUtils.device.camera - [camera.py:39] - DEBUG - Average HSV: H=9.2, S=18.6, V=247.1
2026-06-18 01:15:11,873 - mazeUtils.moveTile - [moveTile.py:90] - DEBUG - [2886.162423] moveTile calculated motor speeds left=100 right=99 gyroSteer=0.4650000000000034 wallSteer=0.0 (+16.0 ms)
2026-06-18 01:15:11,913 - mazeUtils.moveTile - [moveTile.py:90] - DEBUG - [2886.202274] moveTile applied motor speed left=100 right=99 (+39.9 ms)
2026-06-18 01:15:11,913 - mazeUtils.moveTile - [moveTile.py:90] - DEBUG - [2886.202877] moveTile ramp check isBigRamp=False (+0.6 ms)
2026-06-18 01:15:11,916 - mazeUtils.moveTile - [moveTile.py:90] - DEBUG - [2886.205852] moveTile tile color check tempTileColor=E (+3.0 ms)
2026-06-18 01:15:11,917 - mazeUtils.moveTile - [moveTile.py:90] - DEBUG - [2886.206306] moveTile obstacle check escapeFlag=False (+0.5 ms)
2026-06-18 01:15:11,917 - mazeUtils.moveTile - [moveTile.py:79] - DEBUG - roll: 358.64000000000004 deg, practicalMoveTime: 0.5450253199310038 sec
2026-06-18 01:15:11,918 - mazeUtils.moveTile - [moveTile.py:1306] - DEBUG - moveTile loop time: 60.7 ms
2026-06-18 01:15:11,918 - mazeUtils.moveTile - [moveTile.py:90] - DEBUG - [2886.207408] moveTile loop end practicalMoveTime=0.545 (+1.1 ms)
2026-06-18 01:15:11,918 - mazeUtils.moveTile - [moveTile.py:90] - DEBUG - [2886.207643] moveTile loop start (+0.2 ms)
2026-06-18 01:15:11,922 - picamera2.picamera2 - [picamera2.py:1391] - DEBUG - Execute job: <picamera2.job.Job object at 0x7f54c68090>
2026-06-18 01:15:11,927 - mazeUtils.device.camera - [camera.py:39] - DEBUG - Average HSV: H=34.6, S=16.7, V=248.1
2026-06-18 01:15:11,932 - mazeUtils.moveTile - [moveTile.py:90] - DEBUG - [2886.221207] moveTile calculated motor speeds left=100 right=99 gyroSteer=0.13500000000000512 wallSteer=0.0 (+13.6 ms)
2026-06-18 01:15:11,973 - mazeUtils.moveTile - [moveTile.py:90] - DEBUG - [2886.262149] moveTile applied motor speed left=100 right=99 (+40.9 ms)
2026-06-18 01:15:11,973 - mazeUtils.moveTile - [moveTile.py:90] - DEBUG - [2886.262712] moveTile ramp check isBigRamp=False (+0.6 ms)
2026-06-18 01:15:11,979 - mazeUtils.moveTile - [moveTile.py:90] - DEBUG - [2886.268383] moveTile tile color check tempTileColor=E (+5.7 ms)
2026-06-18 01:15:11,979 - mazeUtils.moveTile - [moveTile.py:90] - DEBUG - [2886.268942] moveTile obstacle check escapeFlag=False (+0.6 ms)
2026-06-18 01:15:11,980 - mazeUtils.moveTile - [moveTile.py:79] - DEBUG - roll: 358.36 deg, practicalMoveTime: 0.6072575845324721 sec
2026-06-18 01:15:11,980 - mazeUtils.moveTile - [moveTile.py:1306] - DEBUG - moveTile loop time: 62.4 ms
2026-06-18 01:15:11,981 - mazeUtils.moveTile - [moveTile.py:90] - DEBUG - [2886.270518] moveTile loop end practicalMoveTime=0.607 (+1.6 ms)
2026-06-18 01:15:11,981 - mazeUtils.moveTile - [moveTile.py:90] - DEBUG - [2886.270914] moveTile loop start (+0.4 ms)
2026-06-18 01:15:11,986 - picamera2.picamera2 - [picamera2.py:1391] - DEBUG - Execute job: <picamera2.job.Job object at 0x7f54c680d0>
2026-06-18 01:15:11,991 - mazeUtils.device.camera - [camera.py:39] - DEBUG - Average HSV: H=24.1, S=15.7, V=249.2
2026-06-18 01:15:11,996 - mazeUtils.moveTile - [moveTile.py:90] - DEBUG - [2886.285786] moveTile calculated motor speeds left=100 right=99 gyroSteer=0.3500000000000085 wallSteer=0.0 (+14.9 ms)
2026-06-18 01:15:12,036 - mazeUtils.moveTile - [moveTile.py:90] - DEBUG - [2886.325831] moveTile applied motor speed left=100 right=99 (+40.0 ms)
2026-06-18 01:15:12,037 - mazeUtils.moveTile - [moveTile.py:90] - DEBUG - [2886.326440] moveTile ramp check isBigRamp=False (+0.6 ms)
2026-06-18 01:15:12,042 - mazeUtils.moveTile - [moveTile.py:90] - DEBUG - [2886.331294] moveTile tile color check tempTileColor=E (+4.9 ms)
2026-06-18 01:15:12,042 - mazeUtils.moveTile - [moveTile.py:90] - DEBUG - [2886.331845] moveTile obstacle check escapeFlag=False (+0.6 ms)
2026-06-18 01:15:12,043 - mazeUtils.moveTile - [moveTile.py:79] - DEBUG - roll: 359.32 deg, practicalMoveTime: 0.6695779575481968 sec
2026-06-18 01:15:12,043 - mazeUtils.moveTile - [moveTile.py:1306] - DEBUG - moveTile loop time: 61.9 ms
2026-06-18 01:15:12,044 - mazeUtils.moveTile - [moveTile.py:90] - DEBUG - [2886.333163] moveTile loop end practicalMoveTime=0.670 (+1.3 ms)
2026-06-18 01:15:12,044 - mazeUtils.moveTile - [moveTile.py:90] - DEBUG - [2886.333427] moveTile loop start (+0.3 ms)
2026-06-18 01:15:12,050 - picamera2.picamera2 - [picamera2.py:1391] - DEBUG - Execute job: <picamera2.job.Job object at 0x7f54c68ed0>
2026-06-18 01:15:12,056 - mazeUtils.device.camera - [camera.py:39] - DEBUG - Average HSV: H=16.2, S=16.9, V=249.8
2026-06-18 01:15:12,061 - mazeUtils.moveTile - [moveTile.py:90] - DEBUG - [2886.350157] moveTile calculated motor speeds left=99 right=100 gyroSteer=-0.3849999999999909 wallSteer=0.0 (+16.7 ms)
2026-06-18 01:15:12,104 - mazeUtils.moveTile - [moveTile.py:90] - DEBUG - [2886.393483] moveTile applied motor speed left=99 right=100 (+43.3 ms)
2026-06-18 01:15:12,104 - mazeUtils.moveTile - [moveTile.py:90] - DEBUG - [2886.394050] moveTile ramp check isBigRamp=False (+0.6 ms)
2026-06-18 01:15:12,110 - mazeUtils.moveTile - [moveTile.py:90] - DEBUG - [2886.399826] moveTile tile color check tempTileColor=E (+5.8 ms)
2026-06-18 01:15:12,111 - mazeUtils.moveTile - [moveTile.py:90] - DEBUG - [2886.400298] moveTile obstacle check escapeFlag=False (+0.5 ms)
2026-06-18 01:15:12,111 - mazeUtils.moveTile - [moveTile.py:79] - DEBUG - roll: 358.71000000000004 deg, practicalMoveTime: 0.7375693822803769 sec
2026-06-18 01:15:12,112 - mazeUtils.moveTile - [moveTile.py:1306] - DEBUG - moveTile loop time: 68.0 ms
2026-06-18 01:15:12,112 - mazeUtils.moveTile - [moveTile.py:90] - DEBUG - [2886.401791] moveTile loop end practicalMoveTime=0.738 (+1.5 ms)
2026-06-18 01:15:12,113 - mazeUtils.moveTile - [moveTile.py:90] - DEBUG - [2886.402116] moveTile loop start (+0.3 ms)
2026-06-18 01:15:12,117 - picamera2.picamera2 - [picamera2.py:1391] - DEBUG - Execute job: <picamera2.job.Job object at 0x7f761eebd0>
2026-06-18 01:15:12,122 - mazeUtils.device.camera - [camera.py:39] - DEBUG - Average HSV: H=8.7, S=17.3, V=248.3
2026-06-18 01:15:12,128 - mazeUtils.moveTile - [moveTile.py:90] - DEBUG - [2886.417915] moveTile calculated motor speeds left=100 right=100 gyroSteer=0.0 wallSteer=0.0 (+15.8 ms)
2026-06-18 01:15:12,170 - mazeUtils.moveTile - [moveTile.py:90] - DEBUG - [2886.459273] moveTile applied motor speed left=100 right=100 (+41.4 ms)
2026-06-18 01:15:12,170 - mazeUtils.moveTile - [moveTile.py:90] - DEBUG - [2886.459842] moveTile ramp check isBigRamp=False (+0.6 ms)
2026-06-18 01:15:12,173 - mazeUtils.moveTile - [moveTile.py:90] - DEBUG - [2886.462777] moveTile tile color check tempTileColor=E (+2.9 ms)
2026-06-18 01:15:12,174 - mazeUtils.moveTile - [moveTile.py:90] - DEBUG - [2886.463784] moveTile obstacle check escapeFlag=False (+1.0 ms)
2026-06-18 01:15:12,175 - mazeUtils.moveTile - [moveTile.py:79] - DEBUG - roll: 0.9700000000000273 deg, practicalMoveTime: 0.8010027593740412 sec
2026-06-18 01:15:12,176 - mazeUtils.moveTile - [moveTile.py:1306] - DEBUG - moveTile loop time: 63.6 ms
2026-06-18 01:15:12,176 - mazeUtils.moveTile - [moveTile.py:90] - DEBUG - [2886.466081] moveTile loop end practicalMoveTime=0.801 (+2.3 ms)
2026-06-18 01:15:12,177 - mazeUtils.moveTile - [moveTile.py:90] - DEBUG - [2886.466328] moveTile loop start (+0.2 ms)
2026-06-18 01:15:12,181 - picamera2.picamera2 - [picamera2.py:1391] - DEBUG - Execute job: <picamera2.job.Job object at 0x7f7fe55990>
2026-06-18 01:15:12,186 - mazeUtils.device.camera - [camera.py:39] - DEBUG - Average HSV: H=31.5, S=16.4, V=250.1
2026-06-18 01:15:12,191 - mazeUtils.moveTile - [moveTile.py:90] - DEBUG - [2886.480617] moveTile calculated motor speeds left=99 right=100 gyroSteer=-0.1599999999999966 wallSteer=0.0 (+14.3 ms)
2026-06-18 01:15:12,231 - mazeUtils.moveTile - [moveTile.py:90] - DEBUG - [2886.521024] moveTile applied motor speed left=99 right=100 (+40.4 ms)
2026-06-18 01:15:12,232 - mazeUtils.moveTile - [moveTile.py:90] - DEBUG - [2886.521592] moveTile ramp check isBigRamp=False (+0.6 ms)
2026-06-18 01:15:12,236 - mazeUtils.moveTile - [moveTile.py:90] - DEBUG - [2886.525218] moveTile tile color check tempTileColor=E (+3.6 ms)
2026-06-18 01:15:12,236 - mazeUtils.moveTile - [moveTile.py:90] - DEBUG - [2886.525682] moveTile obstacle check escapeFlag=False (+0.5 ms)
2026-06-18 01:15:12,236 - mazeUtils.moveTile - [moveTile.py:1253] - INFO - practicalVerticalMove: 0.00018345400797598199 CM
2026-06-18 01:15:12,278 - mazeUtils.moveTile - [moveTile.py:90] - DEBUG - [2886.567272] moveTile finished by time control (+41.6 ms)
2026-06-18 01:15:12,278 - mazeUtils.moveTile - [moveTile.py:90] - DEBUG - [2886.567951] moveTile start final forward adjustment (+42.3 ms)
2026-06-18 01:15:12,325 - mazeUtils.moveTile - [moveTile.py:90] - DEBUG - [2886.614695] moveTile finished final forward adjustment (+46.7 ms)
2026-06-18 01:15:12,326 - mazeUtils.moveTile - [moveTile.py:1499] - INFO - Set moved vertical distance: 0.00018345400797598199 cm, past distances: [(0.5471004189191147, False), (0.9914895663394735, False), (-0.002946754299619784, False)]
2026-06-18 01:15:12,327 - mazeUtils.moveTile - [moveTile.py:90] - DEBUG - [2886.616642] moveTile updated moved vertical distance 0.000 (+1.9 ms)
2026-06-18 01:15:12,342 - mazeUtils.moveTile - [moveTile.py:527] - DEBUG - Direction: absDirection.NORTH, Angle: 180, Distance: 54.43847371859137 cm
2026-06-18 01:15:12,345 - mazeUtils.moveTile - [moveTile.py:527] - DEBUG - Direction: absDirection.EAST, Angle: 90, Distance: 45.76438927231076 cm
2026-06-18 01:15:12,347 - mazeUtils.moveTile - [moveTile.py:527] - DEBUG - Direction: absDirection.SOUTH, Angle: 0, Distance: 43.544386884180916 cm
2026-06-18 01:15:12,347 - mazeUtils.moveTile - [moveTile.py:550] - DEBUG - Front LiDAR distance: 43.544386884180916 cm, TSD10 distance: 16.8 cm
2026-06-18 01:15:12,350 - mazeUtils.moveTile - [moveTile.py:527] - DEBUG - Direction: absDirection.WEST, Angle: 270, Distance: 110.14544270836156 cm
2026-06-18 01:15:12,352 - mazeUtils.moveTile - [moveTile.py:90] - DEBUG - [2886.641106] moveTile updated map and detected walls (+24.5 ms)
2026-06-18 01:15:12,355 - mazeUtils.moveTile - [moveTile.py:1620] - INFO - Tile color detection counts: {}, decided tile type: E
2026-06-18 01:15:12,356 - mazeUtils.moveTile - [moveTile.py:90] - DEBUG - [2886.645831] moveTile finished (+29.2 ms)
2026-06-18 01:15:12,448 - mazeUtils.mazeMap - [mazeMap.py:61] - INFO - next goal: (19, 19, 0)
2026-06-18 01:15:12,449 - mazeUtils.moveTile - [moveTile.py:88] - DEBUG - [2886.738618] moveTile start direction=absDirection.SOUTH position=(19, 18, 0) front=absDirection.SOUTH
2026-06-18 01:15:12,456 - mazeUtils.moveTile - [moveTile.py:90] - DEBUG - [2886.745297] moveTile after initial toggle check (+6.7 ms)
2026-06-18 01:15:12,459 - mazeUtils.moveTile - [moveTile.py:90] - DEBUG - [2886.748723] moveTile after tile checks isRedTile=False isUnknownTileAhead=True (+3.4 ms)
2026-06-18 01:15:12,460 - mazeUtils.moveTile - [moveTile.py:79] - DEBUG - Moving to absDirection.SOUTH from (19, 18, 0) facing absDirection.SOUTH
2026-06-18 01:15:12,460 - mazeUtils.moveTile - [moveTile.py:90] - DEBUG - [2886.749921] moveTile updated front direction (+1.2 ms)
2026-06-18 01:15:12,464 - mazeUtils.moveTile - [moveTile.py:90] - DEBUG - [2886.753511] moveTile acquired initial LiDAR scan (+3.6 ms)
2026-06-18 01:15:12,505 - mazeUtils.moveTile - [moveTile.py:90] - DEBUG - [2886.794828] moveTile stopped motors before alignment (+41.3 ms)
2026-06-18 01:15:12,563 - mazeUtils.moveTile - [moveTile.py:90] - DEBUG - [2886.852219] moveTile ready for forward move (+57.4 ms)
2026-06-18 01:15:12,666 - mazeUtils.moveTile - [moveTile.py:90] - DEBUG - [2886.955776] moveTile initialized movement targetSteps=1 (+103.6 ms)
2026-06-18 01:15:12,668 - mazeUtils.moveTile - [moveTile.py:90] - DEBUG - [2886.957116] moveTile loop start (+1.3 ms)
2026-06-18 01:15:12,674 - picamera2.picamera2 - [picamera2.py:1391] - DEBUG - Execute job: <picamera2.job.Job object at 0x7f8c53a090>
2026-06-18 01:15:12,679 - mazeUtils.device.camera - [camera.py:39] - DEBUG - Average HSV: H=152.4, S=9.3, V=252.7
2026-06-18 01:15:12,684 - mazeUtils.moveTile - [moveTile.py:90] - DEBUG - [2886.974015] moveTile calculated motor speeds left=100 right=98 gyroSteer=1.9550000000000125 wallSteer=0.0 (+16.9 ms)
2026-06-18 01:15:12,725 - mazeUtils.moveTile - [moveTile.py:90] - DEBUG - [2887.014296] moveTile applied motor speed left=100 right=98 (+40.3 ms)
2026-06-18 01:15:12,726 - mazeUtils.moveTile - [moveTile.py:90] - DEBUG - [2887.015403] moveTile ramp check isBigRamp=False (+1.1 ms)
2026-06-18 01:15:12,729 - mazeUtils.moveTile - [moveTile.py:90] - DEBUG - [2887.018522] moveTile tile color check tempTileColor=E (+3.1 ms)
2026-06-18 01:15:12,729 - mazeUtils.moveTile - [moveTile.py:90] - DEBUG - [2887.019001] moveTile obstacle check escapeFlag=False (+0.5 ms)
2026-06-18 01:15:12,730 - mazeUtils.moveTile - [moveTile.py:79] - DEBUG - roll: 0.9300000000000068 deg, practicalMoveTime: 0.06365533473194598 sec
2026-06-18 01:15:12,730 - mazeUtils.moveTile - [moveTile.py:1306] - DEBUG - moveTile loop time: 62.8 ms
2026-06-18 01:15:12,731 - mazeUtils.moveTile - [moveTile.py:90] - DEBUG - [2887.020330] moveTile loop end practicalMoveTime=0.064 (+1.3 ms)
2026-06-18 01:15:12,731 - mazeUtils.moveTile - [moveTile.py:90] - DEBUG - [2887.020606] moveTile loop start (+0.3 ms)
2026-06-18 01:15:12,737 - picamera2.picamera2 - [picamera2.py:1391] - DEBUG - Execute job: <picamera2.job.Job object at 0x7f66e0d750>
2026-06-18 01:15:12,742 - mazeUtils.device.camera - [camera.py:39] - DEBUG - Average HSV: H=152.0, S=9.0, V=253.5
2026-06-18 01:15:12,746 - mazeUtils.moveTile - [moveTile.py:90] - DEBUG - [2887.035888] moveTile calculated motor speeds left=100 right=98 gyroSteer=1.2900000000000063 wallSteer=0.0 (+15.3 ms)
2026-06-18 01:15:12,787 - mazeUtils.moveTile - [moveTile.py:90] - DEBUG - [2887.076674] moveTile applied motor speed left=100 right=98 (+40.8 ms)
2026-06-18 01:15:12,788 - mazeUtils.moveTile - [moveTile.py:90] - DEBUG - [2887.077474] moveTile ramp check isBigRamp=False (+0.8 ms)
2026-06-18 01:15:12,791 - mazeUtils.moveTile - [moveTile.py:90] - DEBUG - [2887.080904] moveTile tile color check tempTileColor=E (+3.4 ms)
2026-06-18 01:15:12,792 - mazeUtils.moveTile - [moveTile.py:90] - DEBUG - [2887.081622] moveTile obstacle check escapeFlag=False (+0.7 ms)
2026-06-18 01:15:12,793 - mazeUtils.moveTile - [moveTile.py:79] - DEBUG - roll: 0.5500000000000114 deg, practicalMoveTime: 0.12593669629454787 sec
2026-06-18 01:15:12,793 - mazeUtils.moveTile - [moveTile.py:1306] - DEBUG - moveTile loop time: 62.2 ms
2026-06-18 01:15:12,794 - mazeUtils.moveTile - [moveTile.py:90] - DEBUG - [2887.083285] moveTile loop end practicalMoveTime=0.126 (+1.7 ms)
2026-06-18 01:15:12,794 - mazeUtils.moveTile - [moveTile.py:90] - DEBUG - [2887.083682] moveTile loop start (+0.4 ms)
2026-06-18 01:15:12,801 - picamera2.picamera2 - [picamera2.py:1391] - DEBUG - Execute job: <picamera2.job.Job object at 0x7f66e8bfd0>
2026-06-18 01:15:12,805 - mazeUtils.device.camera - [camera.py:39] - DEBUG - Average HSV: H=149.4, S=8.9, V=254.0
2026-06-18 01:15:12,811 - mazeUtils.moveTile - [moveTile.py:90] - DEBUG - [2887.100390] moveTile calculated motor speeds left=100 right=99 gyroSteer=0.8000000000000114 wallSteer=0.0 (+16.7 ms)
2026-06-18 01:15:12,851 - mazeUtils.moveTile - [moveTile.py:90] - DEBUG - [2887.140305] moveTile applied motor speed left=100 right=99 (+39.9 ms)
2026-06-18 01:15:12,851 - mazeUtils.moveTile - [moveTile.py:90] - DEBUG - [2887.140916] moveTile ramp check isBigRamp=False (+0.6 ms)
2026-06-18 01:15:12,854 - mazeUtils.moveTile - [moveTile.py:90] - DEBUG - [2887.143810] moveTile tile color check tempTileColor=E (+2.9 ms)
2026-06-18 01:15:12,855 - mazeUtils.moveTile - [moveTile.py:90] - DEBUG - [2887.144372] moveTile obstacle check escapeFlag=False (+0.6 ms)
2026-06-18 01:15:12,855 - mazeUtils.moveTile - [moveTile.py:79] - DEBUG - roll: 0.4900000000000091 deg, practicalMoveTime: 0.18793279637972587 sec
2026-06-18 01:15:12,856 - mazeUtils.moveTile - [moveTile.py:1306] - DEBUG - moveTile loop time: 61.6 ms
2026-06-18 01:15:12,856 - mazeUtils.moveTile - [moveTile.py:90] - DEBUG - [2887.145599] moveTile loop end practicalMoveTime=0.188 (+1.2 ms)
2026-06-18 01:15:12,856 - mazeUtils.moveTile - [moveTile.py:90] - DEBUG - [2887.145857] moveTile loop start (+0.3 ms)
2026-06-18 01:15:12,863 - picamera2.picamera2 - [picamera2.py:1391] - DEBUG - Execute job: <picamera2.job.Job object at 0x7f8c978610>
2026-06-18 01:15:12,867 - mazeUtils.device.camera - [camera.py:39] - DEBUG - Average HSV: H=148.9, S=9.4, V=252.4
2026-06-18 01:15:12,872 - mazeUtils.moveTile - [moveTile.py:90] - DEBUG - [2887.161473] moveTile calculated motor speeds left=100 right=98 gyroSteer=1.2650000000000148 wallSteer=0.0 (+15.6 ms)
2026-06-18 01:15:12,913 - mazeUtils.moveTile - [moveTile.py:90] - DEBUG - [2887.202705] moveTile applied motor speed left=100 right=98 (+41.2 ms)
2026-06-18 01:15:12,914 - mazeUtils.moveTile - [moveTile.py:90] - DEBUG - [2887.203652] moveTile ramp check isBigRamp=False (+0.9 ms)
2026-06-18 01:15:12,917 - mazeUtils.moveTile - [moveTile.py:90] - DEBUG - [2887.207051] moveTile tile color check tempTileColor=E (+3.4 ms)
2026-06-18 01:15:12,918 - mazeUtils.moveTile - [moveTile.py:90] - DEBUG - [2887.207547] moveTile obstacle check escapeFlag=False (+0.5 ms)
2026-06-18 01:15:12,919 - mazeUtils.moveTile - [moveTile.py:79] - DEBUG - roll: 1.490000000000009 deg, practicalMoveTime: 0.25078227932033653 sec
2026-06-18 01:15:12,919 - mazeUtils.moveTile - [moveTile.py:1306] - DEBUG - moveTile loop time: 62.8 ms
2026-06-18 01:15:12,920 - mazeUtils.moveTile - [moveTile.py:90] - DEBUG - [2887.209125] moveTile loop end practicalMoveTime=0.251 (+1.6 ms)
2026-06-18 01:15:12,920 - mazeUtils.moveTile - [moveTile.py:90] - DEBUG - [2887.209414] moveTile loop start (+0.3 ms)
2026-06-18 01:15:12,925 - picamera2.picamera2 - [picamera2.py:1391] - DEBUG - Execute job: <picamera2.job.Job object at 0x7f7fe19e50>
2026-06-18 01:15:12,930 - mazeUtils.device.camera - [camera.py:39] - DEBUG - Average HSV: H=145.0, S=9.6, V=253.8
2026-06-18 01:15:12,935 - mazeUtils.moveTile - [moveTile.py:90] - DEBUG - [2887.224928] moveTile calculated motor speeds left=100 right=99 gyroSteer=0.9650000000000034 wallSteer=0.0 (+15.5 ms)
2026-06-18 01:15:12,977 - mazeUtils.moveTile - [moveTile.py:90] - DEBUG - [2887.266716] moveTile applied motor speed left=100 right=99 (+41.8 ms)
2026-06-18 01:15:12,978 - mazeUtils.moveTile - [moveTile.py:90] - DEBUG - [2887.267505] moveTile ramp check isBigRamp=False (+0.8 ms)
2026-06-18 01:15:12,981 - mazeUtils.moveTile - [moveTile.py:90] - DEBUG - [2887.270323] moveTile tile color check tempTileColor=E (+2.8 ms)
2026-06-18 01:15:12,981 - mazeUtils.moveTile - [moveTile.py:90] - DEBUG - [2887.270741] moveTile obstacle check escapeFlag=False (+0.4 ms)
2026-06-18 01:15:12,982 - mazeUtils.moveTile - [moveTile.py:79] - DEBUG - roll: 0.9600000000000364 deg, practicalMoveTime: 0.3133030662979736 sec
2026-06-18 01:15:12,982 - mazeUtils.moveTile - [moveTile.py:1306] - DEBUG - moveTile loop time: 62.3 ms
2026-06-18 01:15:12,982 - mazeUtils.moveTile - [moveTile.py:90] - DEBUG - [2887.272000] moveTile loop end practicalMoveTime=0.313 (+1.3 ms)
2026-06-18 01:15:12,983 - mazeUtils.moveTile - [moveTile.py:90] - DEBUG - [2887.272332] moveTile loop start (+0.3 ms)
2026-06-18 01:15:12,987 - picamera2.picamera2 - [picamera2.py:1391] - DEBUG - Execute job: <picamera2.job.Job object at 0x7f8c978610>
2026-06-18 01:15:12,992 - mazeUtils.device.camera - [camera.py:39] - DEBUG - Average HSV: H=151.9, S=4.1, V=255.0
2026-06-18 01:15:12,996 - mazeUtils.moveTile - [moveTile.py:90] - DEBUG - [2887.285880] moveTile calculated motor speeds left=100 right=89 gyroSteer=0.9099999999999966 wallSteer=9.600000000000001 (+13.5 ms)
2026-06-18 01:15:13,037 - mazeUtils.moveTile - [moveTile.py:90] - DEBUG - [2887.326202] moveTile applied motor speed left=100 right=89 (+40.3 ms)
2026-06-18 01:15:13,037 - mazeUtils.moveTile - [moveTile.py:90] - DEBUG - [2887.326798] moveTile ramp check isBigRamp=False (+0.6 ms)
2026-06-18 01:15:13,041 - mazeUtils.moveTile - [moveTile.py:90] - DEBUG - [2887.330389] moveTile tile color check tempTileColor=E (+3.6 ms)
2026-06-18 01:15:13,041 - mazeUtils.moveTile - [moveTile.py:90] - DEBUG - [2887.330951] moveTile obstacle check escapeFlag=False (+0.6 ms)
2026-06-18 01:15:13,042 - mazeUtils.moveTile - [moveTile.py:79] - DEBUG - roll: 6.110000000000014 deg, practicalMoveTime: 0.37264284685043053 sec
2026-06-18 01:15:13,042 - mazeUtils.moveTile - [moveTile.py:1306] - DEBUG - moveTile loop time: 59.5 ms
2026-06-18 01:15:13,043 - mazeUtils.moveTile - [moveTile.py:90] - DEBUG - [2887.332488] moveTile loop end practicalMoveTime=0.373 (+1.5 ms)
2026-06-18 01:15:13,043 - mazeUtils.moveTile - [moveTile.py:90] - DEBUG - [2887.332929] moveTile loop start (+0.4 ms)
2026-06-18 01:15:13,050 - picamera2.picamera2 - [picamera2.py:1391] - DEBUG - Execute job: <picamera2.job.Job object at 0x7f7fe1ac50>
2026-06-18 01:15:13,055 - mazeUtils.device.camera - [camera.py:39] - DEBUG - Average HSV: H=155.9, S=6.8, V=254.5
2026-06-18 01:15:13,059 - mazeUtils.moveTile - [moveTile.py:90] - DEBUG - [2887.348621] moveTile calculated motor speeds left=92 right=100 gyroSteer=0.9300000000000068 wallSteer=-8.8 (+15.7 ms)
2026-06-18 01:15:13,100 - mazeUtils.moveTile - [moveTile.py:90] - DEBUG - [2887.389419] moveTile applied motor speed left=92 right=100 (+40.8 ms)
2026-06-18 01:15:13,100 - mazeUtils.moveTile - [moveTile.py:90] - DEBUG - [2887.390031] moveTile ramp check isBigRamp=False (+0.6 ms)
2026-06-18 01:15:13,104 - mazeUtils.moveTile - [moveTile.py:90] - DEBUG - [2887.393352] moveTile tile color check tempTileColor=E (+3.3 ms)
2026-06-18 01:15:13,104 - mazeUtils.moveTile - [moveTile.py:90] - DEBUG - [2887.393844] moveTile obstacle check escapeFlag=False (+0.5 ms)
2026-06-18 01:15:13,105 - mazeUtils.moveTile - [moveTile.py:79] - DEBUG - roll: 8.259999999999991 deg, practicalMoveTime: 0.43445013460596094 sec
2026-06-18 01:15:13,105 - mazeUtils.moveTile - [moveTile.py:1306] - DEBUG - moveTile loop time: 61.7 ms
2026-06-18 01:15:13,105 - mazeUtils.moveTile - [moveTile.py:90] - DEBUG - [2887.394963] moveTile loop end practicalMoveTime=0.434 (+1.1 ms)
2026-06-18 01:15:13,106 - mazeUtils.moveTile - [moveTile.py:90] - DEBUG - [2887.395197] moveTile loop start (+0.2 ms)
2026-06-18 01:15:13,111 - picamera2.picamera2 - [picamera2.py:1391] - DEBUG - Execute job: <picamera2.job.Job object at 0x7f7fe55990>
2026-06-18 01:15:13,116 - mazeUtils.device.camera - [camera.py:39] - DEBUG - Average HSV: H=136.4, S=12.0, V=253.0
2026-06-18 01:15:13,121 - mazeUtils.moveTile - [moveTile.py:90] - DEBUG - [2887.410870] moveTile calculated motor speeds left=100 right=89 gyroSteer=0.875 wallSteer=10.0 (+15.7 ms)
2026-06-18 01:15:13,161 - mazeUtils.moveTile - [moveTile.py:90] - DEBUG - [2887.450881] moveTile applied motor speed left=100 right=89 (+40.0 ms)
2026-06-18 01:15:13,162 - mazeUtils.moveTile - [moveTile.py:90] - DEBUG - [2887.451614] moveTile ramp check isBigRamp=False (+0.7 ms)
2026-06-18 01:15:13,167 - mazeUtils.moveTile - [moveTile.py:90] - DEBUG - [2887.456307] moveTile tile color check tempTileColor=E (+4.7 ms)
2026-06-18 01:15:13,167 - mazeUtils.moveTile - [moveTile.py:90] - DEBUG - [2887.456821] moveTile obstacle check escapeFlag=False (+0.5 ms)
2026-06-18 01:15:13,168 - mazeUtils.moveTile - [moveTile.py:79] - DEBUG - roll: 13.560000000000002 deg, practicalMoveTime: 0.47701742869814895 sec
2026-06-18 01:15:13,168 - mazeUtils.moveTile - [moveTile.py:1306] - DEBUG - moveTile loop time: 62.5 ms
2026-06-18 01:15:13,168 - mazeUtils.moveTile - [moveTile.py:90] - DEBUG - [2887.457952] moveTile loop end practicalMoveTime=0.477 (+1.1 ms)
2026-06-18 01:15:13,169 - mazeUtils.moveTile - [moveTile.py:90] - DEBUG - [2887.458191] moveTile loop start (+0.2 ms)
2026-06-18 01:15:13,173 - picamera2.picamera2 - [picamera2.py:1391] - DEBUG - Execute job: <picamera2.job.Job object at 0x7f7fe1ac50>
2026-06-18 01:15:13,178 - mazeUtils.device.camera - [camera.py:39] - DEBUG - Average HSV: H=133.0, S=13.8, V=252.8
2026-06-18 01:15:13,182 - mazeUtils.moveTile - [moveTile.py:90] - DEBUG - [2887.471813] moveTile calculated motor speeds left=100 right=88 gyroSteer=1.0800000000000125 wallSteer=10.0 (+13.6 ms)
2026-06-18 01:15:13,223 - mazeUtils.moveTile - [moveTile.py:90] - DEBUG - [2887.512861] moveTile applied motor speed left=100 right=88 (+41.0 ms)
2026-06-18 01:15:13,224 - mazeUtils.moveTile - [moveTile.py:90] - DEBUG - [2887.513427] moveTile ramp check isBigRamp=True (+0.6 ms)
2026-06-18 01:15:13,227 - mazeUtils.moveTile - [moveTile.py:90] - DEBUG - [2887.516447] moveTile tile color check tempTileColor=E (+3.0 ms)
2026-06-18 01:15:13,228 - mazeUtils.moveTile - [moveTile.py:90] - DEBUG - [2887.517162] moveTile obstacle check escapeFlag=False (+0.7 ms)
2026-06-18 01:15:13,228 - mazeUtils.moveTile - [moveTile.py:79] - DEBUG - roll: 18.54000000000002 deg, practicalMoveTime: 0.5168080813725686 sec
2026-06-18 01:15:13,229 - mazeUtils.moveTile - [moveTile.py:1306] - DEBUG - moveTile loop time: 59.9 ms
2026-06-18 01:15:13,229 - mazeUtils.moveTile - [moveTile.py:90] - DEBUG - [2887.518393] moveTile loop end practicalMoveTime=0.517 (+1.2 ms)
2026-06-18 01:15:13,229 - mazeUtils.moveTile - [moveTile.py:90] - DEBUG - [2887.518629] moveTile loop start (+0.2 ms)
2026-06-18 01:15:13,237 - picamera2.picamera2 - [picamera2.py:1391] - DEBUG - Execute job: <picamera2.job.Job object at 0x7f67e72c50>
2026-06-18 01:15:13,243 - mazeUtils.device.camera - [camera.py:39] - DEBUG - Average HSV: H=131.7, S=14.4, V=250.6
2026-06-18 01:15:13,250 - mazeUtils.moveTile - [moveTile.py:90] - DEBUG - [2887.538732] moveTile calculated motor speeds left=100 right=88 gyroSteer=1.2849999999999966 wallSteer=10.0 (+20.1 ms)
2026-06-18 01:15:13,292 - mazeUtils.moveTile - [moveTile.py:90] - DEBUG - [2887.581175] moveTile applied motor speed left=100 right=88 (+42.4 ms)
2026-06-18 01:15:13,292 - mazeUtils.moveTile - [moveTile.py:90] - DEBUG - [2887.581682] moveTile ramp check isBigRamp=True (+0.5 ms)
2026-06-18 01:15:13,295 - mazeUtils.moveTile - [moveTile.py:90] - DEBUG - [2887.584783] moveTile tile color check tempTileColor=E (+3.1 ms)
2026-06-18 01:15:13,296 - mazeUtils.moveTile - [moveTile.py:90] - DEBUG - [2887.585251] moveTile obstacle check escapeFlag=False (+0.5 ms)
2026-06-18 01:15:13,296 - mazeUtils.moveTile - [moveTile.py:79] - DEBUG - roll: 21.870000000000005 deg, practicalMoveTime: 0.5607058087235881 sec
2026-06-18 01:15:13,297 - mazeUtils.moveTile - [moveTile.py:1306] - DEBUG - moveTile loop time: 67.6 ms
2026-06-18 01:15:13,297 - mazeUtils.moveTile - [moveTile.py:90] - DEBUG - [2887.586801] moveTile loop end practicalMoveTime=0.561 (+1.5 ms)
2026-06-18 01:15:13,298 - mazeUtils.moveTile - [moveTile.py:90] - DEBUG - [2887.587147] moveTile loop start (+0.3 ms)
2026-06-18 01:15:13,304 - picamera2.picamera2 - [picamera2.py:1391] - DEBUG - Execute job: <picamera2.job.Job object at 0x7f8c978610>
2026-06-18 01:15:13,307 - mazeUtils.device.camera - [camera.py:39] - DEBUG - Average HSV: H=130.1, S=15.3, V=248.4
2026-06-18 01:15:13,314 - mazeUtils.moveTile - [moveTile.py:90] - DEBUG - [2887.603141] moveTile calculated motor speeds left=100 right=89 gyroSteer=0.29000000000000625 wallSteer=10.0 (+16.0 ms)
2026-06-18 01:15:13,354 - mazeUtils.moveTile - [moveTile.py:90] - DEBUG - [2887.643647] moveTile applied motor speed left=100 right=89 (+40.5 ms)
2026-06-18 01:15:13,354 - mazeUtils.moveTile - [moveTile.py:90] - DEBUG - [2887.644092] moveTile ramp check isBigRamp=True (+0.4 ms)
2026-06-18 01:15:13,360 - mazeUtils.moveTile - [moveTile.py:90] - DEBUG - [2887.649340] moveTile tile color check tempTileColor=E (+5.2 ms)
2026-06-18 01:15:13,360 - mazeUtils.moveTile - [moveTile.py:90] - DEBUG - [2887.649715] moveTile obstacle check escapeFlag=False (+0.4 ms)
2026-06-18 01:15:13,360 - mazeUtils.moveTile - [moveTile.py:79] - DEBUG - roll: 26.640000000000043 deg, practicalMoveTime: 0.6005954394639048 sec
2026-06-18 01:15:13,361 - mazeUtils.moveTile - [moveTile.py:1306] - DEBUG - moveTile loop time: 63.1 ms
2026-06-18 01:15:13,361 - mazeUtils.moveTile - [moveTile.py:90] - DEBUG - [2887.650446] moveTile loop end practicalMoveTime=0.601 (+0.7 ms)
2026-06-18 01:15:13,361 - mazeUtils.moveTile - [moveTile.py:90] - DEBUG - [2887.650609] moveTile loop start (+0.2 ms)
2026-06-18 01:15:13,365 - picamera2.picamera2 - [picamera2.py:1391] - DEBUG - Execute job: <picamera2.job.Job object at 0x7f7fe55990>
2026-06-18 01:15:13,368 - mazeUtils.device.camera - [camera.py:39] - DEBUG - Average HSV: H=129.9, S=15.5, V=247.0
2026-06-18 01:15:13,373 - mazeUtils.moveTile - [moveTile.py:90] - DEBUG - [2887.662108] moveTile calculated motor speeds left=100 right=89 gyroSteer=0.30000000000001137 wallSteer=10.0 (+11.5 ms)
2026-06-18 01:15:13,413 - mazeUtils.moveTile - [moveTile.py:90] - DEBUG - [2887.702415] moveTile applied motor speed left=100 right=89 (+40.3 ms)
2026-06-18 01:15:13,413 - mazeUtils.moveTile - [moveTile.py:90] - DEBUG - [2887.702803] moveTile ramp check isBigRamp=True (+0.4 ms)
2026-06-18 01:15:13,418 - mazeUtils.moveTile - [moveTile.py:90] - DEBUG - [2887.708032] moveTile tile color check tempTileColor=E (+5.2 ms)
2026-06-18 01:15:13,419 - mazeUtils.moveTile - [moveTile.py:90] - DEBUG - [2887.708586] moveTile obstacle check escapeFlag=False (+0.6 ms)
2026-06-18 01:15:13,419 - mazeUtils.moveTile - [moveTile.py:79] - DEBUG - roll: 28.08000000000004 deg, practicalMoveTime: 0.6368338189407818 sec
2026-06-18 01:15:13,420 - mazeUtils.moveTile - [moveTile.py:1306] - DEBUG - moveTile loop time: 59.0 ms
2026-06-18 01:15:13,420 - mazeUtils.moveTile - [moveTile.py:90] - DEBUG - [2887.709909] moveTile loop end practicalMoveTime=0.637 (+1.3 ms)
2026-06-18 01:15:13,421 - mazeUtils.moveTile - [moveTile.py:90] - DEBUG - [2887.710208] moveTile loop start (+0.3 ms)
2026-06-18 01:15:13,425 - picamera2.picamera2 - [picamera2.py:1391] - DEBUG - Execute job: <picamera2.job.Job object at 0x7f8c53a090>
2026-06-18 01:15:13,428 - mazeUtils.device.camera - [camera.py:39] - DEBUG - Average HSV: H=129.3, S=16.0, V=245.1
2026-06-18 01:15:13,435 - mazeUtils.moveTile - [moveTile.py:90] - DEBUG - [2887.724204] moveTile calculated motor speeds left=100 right=90 gyroSteer=-0.35499999999998977 wallSteer=10.0 (+14.0 ms)
2026-06-18 01:15:13,475 - mazeUtils.moveTile - [moveTile.py:90] - DEBUG - [2887.764829] moveTile applied motor speed left=100 right=90 (+40.6 ms)
2026-06-18 01:15:13,476 - mazeUtils.moveTile - [moveTile.py:90] - DEBUG - [2887.765207] moveTile ramp check isBigRamp=True (+0.4 ms)
2026-06-18 01:15:13,478 - mazeUtils.moveTile - [moveTile.py:90] - DEBUG - [2887.767768] moveTile tile color check tempTileColor=E (+2.6 ms)
2026-06-18 01:15:13,479 - mazeUtils.moveTile - [moveTile.py:90] - DEBUG - [2887.768171] moveTile obstacle check escapeFlag=False (+0.4 ms)
2026-06-18 01:15:13,479 - mazeUtils.moveTile - [moveTile.py:79] - DEBUG - roll: 26.54000000000002 deg, practicalMoveTime: 0.6736832013424974 sec
2026-06-18 01:15:13,479 - mazeUtils.moveTile - [moveTile.py:1306] - DEBUG - moveTile loop time: 58.5 ms
2026-06-18 01:15:13,479 - mazeUtils.moveTile - [moveTile.py:90] - DEBUG - [2887.768945] moveTile loop end practicalMoveTime=0.674 (+0.8 ms)
2026-06-18 01:15:13,479 - mazeUtils.moveTile - [moveTile.py:90] - DEBUG - [2887.769084] moveTile loop start (+0.1 ms)
2026-06-18 01:15:13,483 - picamera2.picamera2 - [picamera2.py:1391] - DEBUG - Execute job: <picamera2.job.Job object at 0x7f7fe1a390>
2026-06-18 01:15:13,486 - mazeUtils.device.camera - [camera.py:39] - DEBUG - Average HSV: H=128.7, S=16.6, V=245.6
2026-06-18 01:15:13,491 - mazeUtils.moveTile - [moveTile.py:90] - DEBUG - [2887.781005] moveTile calculated motor speeds left=100 right=90 gyroSteer=-0.9950000000000045 wallSteer=10.0 (+11.9 ms)
2026-06-18 01:15:13,532 - mazeUtils.moveTile - [moveTile.py:90] - DEBUG - [2887.821338] moveTile applied motor speed left=100 right=90 (+40.3 ms)
2026-06-18 01:15:13,532 - mazeUtils.moveTile - [moveTile.py:90] - DEBUG - [2887.821728] moveTile ramp check isBigRamp=True (+0.4 ms)
2026-06-18 01:15:13,535 - mazeUtils.moveTile - [moveTile.py:90] - DEBUG - [2887.824433] moveTile tile color check tempTileColor=E (+2.7 ms)
2026-06-18 01:15:13,535 - mazeUtils.moveTile - [moveTile.py:90] - DEBUG - [2887.824787] moveTile obstacle check escapeFlag=False (+0.4 ms)
2026-06-18 01:15:13,536 - mazeUtils.moveTile - [moveTile.py:79] - DEBUG - roll: 28.170000000000016 deg, practicalMoveTime: 0.7084612630166119 sec
2026-06-18 01:15:13,536 - mazeUtils.moveTile - [moveTile.py:1306] - DEBUG - moveTile loop time: 56.3 ms
2026-06-18 01:15:13,536 - mazeUtils.moveTile - [moveTile.py:90] - DEBUG - [2887.825594] moveTile loop end practicalMoveTime=0.708 (+0.8 ms)
2026-06-18 01:15:13,536 - mazeUtils.moveTile - [moveTile.py:90] - DEBUG - [2887.825763] moveTile loop start (+0.2 ms)
2026-06-18 01:15:13,540 - picamera2.picamera2 - [picamera2.py:1391] - DEBUG - Execute job: <picamera2.job.Job object at 0x7f8c53a090>
2026-06-18 01:15:13,543 - mazeUtils.device.camera - [camera.py:39] - DEBUG - Average HSV: H=129.0, S=16.6, V=242.6
2026-06-18 01:15:13,547 - mazeUtils.moveTile - [moveTile.py:90] - DEBUG - [2887.837061] moveTile calculated motor speeds left=100 right=91 gyroSteer=-1.704999999999984 wallSteer=10.0 (+11.3 ms)
2026-06-18 01:15:13,588 - mazeUtils.moveTile - [moveTile.py:90] - DEBUG - [2887.877541] moveTile applied motor speed left=100 right=91 (+40.5 ms)
2026-06-18 01:15:13,588 - mazeUtils.moveTile - [moveTile.py:90] - DEBUG - [2887.877919] moveTile ramp check isBigRamp=True (+0.4 ms)
2026-06-18 01:15:13,591 - mazeUtils.moveTile - [moveTile.py:90] - DEBUG - [2887.880693] moveTile tile color check tempTileColor=E (+2.8 ms)
2026-06-18 01:15:13,591 - mazeUtils.moveTile - [moveTile.py:90] - DEBUG - [2887.881048] moveTile obstacle check escapeFlag=False (+0.4 ms)
2026-06-18 01:15:13,592 - mazeUtils.moveTile - [moveTile.py:79] - DEBUG - roll: 28.99000000000001 deg, practicalMoveTime: 0.7427042680165279 sec
2026-06-18 01:15:13,592 - mazeUtils.moveTile - [moveTile.py:1306] - DEBUG - moveTile loop time: 55.8 ms
2026-06-18 01:15:13,592 - mazeUtils.moveTile - [moveTile.py:90] - DEBUG - [2887.881785] moveTile loop end practicalMoveTime=0.743 (+0.7 ms)
2026-06-18 01:15:13,592 - mazeUtils.moveTile - [moveTile.py:90] - DEBUG - [2887.881941] moveTile loop start (+0.2 ms)
2026-06-18 01:15:13,597 - picamera2.picamera2 - [picamera2.py:1391] - DEBUG - Execute job: <picamera2.job.Job object at 0x7f76b96450>
2026-06-18 01:15:13,600 - mazeUtils.device.camera - [camera.py:39] - DEBUG - Average HSV: H=128.1, S=17.3, V=243.7
2026-06-18 01:15:13,605 - mazeUtils.moveTile - [moveTile.py:90] - DEBUG - [2887.894896] moveTile calculated motor speeds left=100 right=92 gyroSteer=-2.0999999999999943 wallSteer=10.0 (+13.0 ms)
2026-06-18 01:15:13,647 - mazeUtils.moveTile - [moveTile.py:90] - DEBUG - [2887.936341] moveTile applied motor speed left=100 right=92 (+41.4 ms)
2026-06-18 01:15:13,647 - mazeUtils.moveTile - [moveTile.py:90] - DEBUG - [2887.936740] moveTile ramp check isBigRamp=True (+0.4 ms)
2026-06-18 01:15:13,650 - mazeUtils.moveTile - [moveTile.py:90] - DEBUG - [2887.939766] moveTile tile color check tempTileColor=E (+3.0 ms)
2026-06-18 01:15:13,651 - mazeUtils.moveTile - [moveTile.py:90] - DEBUG - [2887.940483] moveTile obstacle check escapeFlag=False (+0.7 ms)
2026-06-18 01:15:13,651 - mazeUtils.moveTile - [moveTile.py:79] - DEBUG - roll: 26.79000000000002 deg, practicalMoveTime: 0.7797539701306935 sec
2026-06-18 01:15:13,652 - mazeUtils.moveTile - [moveTile.py:1306] - DEBUG - moveTile loop time: 59.4 ms
2026-06-18 01:15:13,652 - mazeUtils.moveTile - [moveTile.py:90] - DEBUG - [2887.941545] moveTile loop end practicalMoveTime=0.780 (+1.1 ms)
2026-06-18 01:15:13,652 - mazeUtils.moveTile - [moveTile.py:90] - DEBUG - [2887.941684] moveTile loop start (+0.1 ms)
2026-06-18 01:15:13,658 - picamera2.picamera2 - [picamera2.py:1391] - DEBUG - Execute job: <picamera2.job.Job object at 0x7f67e72c50>
2026-06-18 01:15:13,661 - mazeUtils.device.camera - [camera.py:39] - DEBUG - Average HSV: H=130.4, S=17.3, V=239.9
2026-06-18 01:15:13,667 - mazeUtils.moveTile - [moveTile.py:90] - DEBUG - [2887.957016] moveTile calculated motor speeds left=100 right=92 gyroSteer=-2.019999999999996 wallSteer=9.2 (+15.3 ms)
2026-06-18 01:15:13,708 - mazeUtils.moveTile - [moveTile.py:90] - DEBUG - [2887.997633] moveTile applied motor speed left=100 right=92 (+40.6 ms)
2026-06-18 01:15:13,708 - mazeUtils.moveTile - [moveTile.py:90] - DEBUG - [2887.998040] moveTile ramp check isBigRamp=True (+0.4 ms)
2026-06-18 01:15:13,713 - mazeUtils.moveTile - [moveTile.py:90] - DEBUG - [2888.002246] moveTile tile color check tempTileColor=E (+4.2 ms)
2026-06-18 01:15:13,713 - mazeUtils.moveTile - [moveTile.py:90] - DEBUG - [2888.002683] moveTile obstacle check escapeFlag=False (+0.4 ms)
2026-06-18 01:15:13,714 - mazeUtils.moveTile - [moveTile.py:90] - DEBUG - [2888.003187] moveTile loop start (+0.5 ms)
2026-06-18 01:15:13,720 - picamera2.picamera2 - [picamera2.py:1391] - DEBUG - Execute job: <picamera2.job.Job object at 0x7f7fe1a390>
2026-06-18 01:15:13,723 - mazeUtils.device.camera - [camera.py:39] - DEBUG - Average HSV: H=112.0, S=13.8, V=251.6
2026-06-18 01:15:13,729 - mazeUtils.moveTile - [moveTile.py:90] - DEBUG - [2888.018808] moveTile calculated motor speeds left=100 right=93 gyroSteer=-2.1299999999999955 wallSteer=8.399999999999999 (+15.6 ms)
2026-06-18 01:15:13,770 - mazeUtils.moveTile - [moveTile.py:90] - DEBUG - [2888.059496] moveTile applied motor speed left=100 right=93 (+40.7 ms)
2026-06-18 01:15:13,770 - mazeUtils.moveTile - [moveTile.py:90] - DEBUG - [2888.060071] moveTile ramp check isBigRamp=True (+0.6 ms)
2026-06-18 01:15:13,776 - mazeUtils.moveTile - [moveTile.py:90] - DEBUG - [2888.065104] moveTile tile color check tempTileColor=E (+5.0 ms)
2026-06-18 01:15:13,776 - mazeUtils.moveTile - [moveTile.py:90] - DEBUG - [2888.065779] moveTile obstacle check escapeFlag=False (+0.7 ms)
2026-06-18 01:15:13,777 - mazeUtils.moveTile - [moveTile.py:79] - DEBUG - roll: 27.650000000000034 deg, practicalMoveTime: 0.857264925368979 sec
2026-06-18 01:15:13,777 - mazeUtils.moveTile - [moveTile.py:1306] - DEBUG - moveTile loop time: 63.5 ms
2026-06-18 01:15:13,777 - mazeUtils.moveTile - [moveTile.py:90] - DEBUG - [2888.066864] moveTile loop end practicalMoveTime=0.857 (+1.1 ms)
2026-06-18 01:15:13,777 - mazeUtils.moveTile - [moveTile.py:90] - DEBUG - [2888.066991] moveTile loop start (+0.1 ms)
2026-06-18 01:15:13,781 - picamera2.picamera2 - [picamera2.py:1391] - DEBUG - Execute job: <picamera2.job.Job object at 0x7f66e8ba10>
2026-06-18 01:15:13,784 - mazeUtils.device.camera - [camera.py:39] - DEBUG - Average HSV: H=114.0, S=20.8, V=220.3
2026-06-18 01:15:13,791 - mazeUtils.moveTile - [moveTile.py:90] - DEBUG - [2888.080369] moveTile calculated motor speeds left=100 right=93 gyroSteer=-1.829999999999984 wallSteer=8.0 (+13.4 ms)
2026-06-18 01:15:13,831 - mazeUtils.moveTile - [moveTile.py:90] - DEBUG - [2888.120827] moveTile applied motor speed left=100 right=93 (+40.5 ms)
2026-06-18 01:15:13,832 - mazeUtils.moveTile - [moveTile.py:90] - DEBUG - [2888.121224] moveTile ramp check isBigRamp=True (+0.4 ms)
2026-06-18 01:15:13,834 - mazeUtils.moveTile - [moveTile.py:90] - DEBUG - [2888.123806] moveTile tile color check tempTileColor=E (+2.6 ms)
2026-06-18 01:15:13,835 - mazeUtils.moveTile - [moveTile.py:90] - DEBUG - [2888.124149] moveTile obstacle check escapeFlag=False (+0.3 ms)
2026-06-18 01:15:13,835 - mazeUtils.moveTile - [moveTile.py:79] - DEBUG - roll: 27.439999999999998 deg, practicalMoveTime: 0.8931584465776273 sec
2026-06-18 01:15:13,835 - mazeUtils.moveTile - [moveTile.py:1306] - DEBUG - moveTile loop time: 57.8 ms
2026-06-18 01:15:13,835 - mazeUtils.moveTile - [moveTile.py:90] - DEBUG - [2888.124992] moveTile loop end practicalMoveTime=0.893 (+0.8 ms)
2026-06-18 01:15:13,836 - mazeUtils.moveTile - [moveTile.py:90] - DEBUG - [2888.125163] moveTile loop start (+0.2 ms)
2026-06-18 01:15:13,841 - picamera2.picamera2 - [picamera2.py:1391] - DEBUG - Execute job: <picamera2.job.Job object at 0x7f8c53a090>
2026-06-18 01:15:13,844 - mazeUtils.device.camera - [camera.py:39] - DEBUG - Average HSV: H=132.1, S=22.3, V=211.8
2026-06-18 01:15:13,850 - mazeUtils.moveTile - [moveTile.py:90] - DEBUG - [2888.139921] moveTile calculated motor speeds left=100 right=94 gyroSteer=-1.8899999999999864 wallSteer=7.199999999999999 (+14.8 ms)
2026-06-18 01:15:13,891 - mazeUtils.moveTile - [moveTile.py:90] - DEBUG - [2888.180223] moveTile applied motor speed left=100 right=94 (+40.3 ms)
2026-06-18 01:15:13,891 - mazeUtils.moveTile - [moveTile.py:90] - DEBUG - [2888.180581] moveTile ramp check isBigRamp=True (+0.4 ms)
2026-06-18 01:15:13,894 - mazeUtils.moveTile - [moveTile.py:90] - DEBUG - [2888.183206] moveTile tile color check tempTileColor=E (+2.6 ms)
2026-06-18 01:15:13,894 - mazeUtils.moveTile - [moveTile.py:90] - DEBUG - [2888.183537] moveTile obstacle check escapeFlag=False (+0.3 ms)
2026-06-18 01:15:13,894 - mazeUtils.moveTile - [moveTile.py:79] - DEBUG - roll: 27.430000000000007 deg, practicalMoveTime: 0.9298246069749269 sec
2026-06-18 01:15:13,895 - mazeUtils.moveTile - [moveTile.py:1306] - DEBUG - moveTile loop time: 59.0 ms
2026-06-18 01:15:13,895 - mazeUtils.moveTile - [moveTile.py:90] - DEBUG - [2888.184326] moveTile loop end practicalMoveTime=0.930 (+0.8 ms)
2026-06-18 01:15:13,895 - mazeUtils.moveTile - [moveTile.py:90] - DEBUG - [2888.184459] moveTile loop start (+0.1 ms)
2026-06-18 01:15:13,900 - picamera2.picamera2 - [picamera2.py:1391] - DEBUG - Execute job: <picamera2.job.Job object at 0x7f67e72c50>
2026-06-18 01:15:13,903 - mazeUtils.device.camera - [camera.py:39] - DEBUG - Average HSV: H=129.0, S=40.7, V=195.8
2026-06-18 01:15:13,909 - mazeUtils.moveTile - [moveTile.py:90] - DEBUG - [2888.198658] moveTile calculated motor speeds left=100 right=95 gyroSteer=-1.7949999999999875 wallSteer=6.0 (+14.2 ms)
2026-06-18 01:15:13,950 - mazeUtils.moveTile - [moveTile.py:90] - DEBUG - [2888.239280] moveTile applied motor speed left=100 right=95 (+40.6 ms)
2026-06-18 01:15:13,950 - mazeUtils.moveTile - [moveTile.py:90] - DEBUG - [2888.239689] moveTile ramp check isBigRamp=True (+0.4 ms)
2026-06-18 01:15:13,953 - mazeUtils.moveTile - [moveTile.py:90] - DEBUG - [2888.242375] moveTile tile color check tempTileColor=E (+2.7 ms)
2026-06-18 01:15:13,953 - mazeUtils.moveTile - [moveTile.py:90] - DEBUG - [2888.242731] moveTile obstacle check escapeFlag=False (+0.4 ms)
2026-06-18 01:15:13,954 - mazeUtils.moveTile - [moveTile.py:79] - DEBUG - roll: 27.69999999999999 deg, practicalMoveTime: 0.9663177857060454 sec
2026-06-18 01:15:13,954 - mazeUtils.moveTile - [moveTile.py:1306] - DEBUG - moveTile loop time: 58.9 ms
2026-06-18 01:15:13,954 - mazeUtils.moveTile - [moveTile.py:90] - DEBUG - [2888.243478] moveTile loop end practicalMoveTime=0.966 (+0.7 ms)
2026-06-18 01:15:13,954 - mazeUtils.moveTile - [moveTile.py:90] - DEBUG - [2888.243611] moveTile loop start (+0.1 ms)
2026-06-18 01:15:13,959 - picamera2.picamera2 - [picamera2.py:1391] - DEBUG - Execute job: <picamera2.job.Job object at 0x7f66e8bfd0>
2026-06-18 01:15:13,962 - mazeUtils.device.camera - [camera.py:39] - DEBUG - Average HSV: H=129.9, S=37.3, V=198.9
2026-06-18 01:15:13,969 - mazeUtils.moveTile - [moveTile.py:90] - DEBUG - [2888.258091] moveTile calculated motor speeds left=100 right=95 gyroSteer=-1.4650000000000034 wallSteer=5.599999999999998 (+14.5 ms)
2026-06-18 01:15:14,009 - mazeUtils.moveTile - [moveTile.py:90] - DEBUG - [2888.298765] moveTile applied motor speed left=100 right=95 (+40.7 ms)
2026-06-18 01:15:14,010 - mazeUtils.moveTile - [moveTile.py:90] - DEBUG - [2888.299164] moveTile ramp check isBigRamp=True (+0.4 ms)
2026-06-18 01:15:14,012 - mazeUtils.moveTile - [moveTile.py:90] - DEBUG - [2888.301736] moveTile tile color check tempTileColor=E (+2.6 ms)
2026-06-18 01:15:14,012 - mazeUtils.moveTile - [moveTile.py:90] - DEBUG - [2888.302012] moveTile obstacle check escapeFlag=False (+0.3 ms)
2026-06-18 01:15:14,013 - mazeUtils.moveTile - [moveTile.py:79] - DEBUG - roll: 28.24000000000001 deg, practicalMoveTime: 1.0026789103959453 sec
2026-06-18 01:15:14,013 - mazeUtils.moveTile - [moveTile.py:1306] - DEBUG - moveTile loop time: 59.0 ms
2026-06-18 01:15:14,013 - mazeUtils.moveTile - [moveTile.py:90] - DEBUG - [2888.302823] moveTile loop end practicalMoveTime=1.003 (+0.8 ms)
2026-06-18 01:15:14,014 - mazeUtils.moveTile - [moveTile.py:90] - DEBUG - [2888.303220] moveTile loop start (+0.4 ms)
2026-06-18 01:15:14,019 - picamera2.picamera2 - [picamera2.py:1391] - DEBUG - Execute job: <picamera2.job.Job object at 0x7f7fe1ac50>
2026-06-18 01:15:14,022 - mazeUtils.device.camera - [camera.py:39] - DEBUG - Average HSV: H=125.3, S=54.5, V=192.2
2026-06-18 01:15:14,028 - mazeUtils.moveTile - [moveTile.py:90] - DEBUG - [2888.317381] moveTile calculated motor speeds left=100 right=96 gyroSteer=-2.0349999999999966 wallSteer=5.199999999999999 (+14.2 ms)
2026-06-18 01:15:14,068 - mazeUtils.moveTile - [moveTile.py:90] - DEBUG - [2888.357856] moveTile applied motor speed left=100 right=96 (+40.5 ms)
2026-06-18 01:15:14,069 - mazeUtils.moveTile - [moveTile.py:90] - DEBUG - [2888.358218] moveTile ramp check isBigRamp=True (+0.4 ms)
2026-06-18 01:15:14,071 - mazeUtils.moveTile - [moveTile.py:90] - DEBUG - [2888.360792] moveTile tile color check tempTileColor=E (+2.6 ms)
2026-06-18 01:15:14,072 - mazeUtils.moveTile - [moveTile.py:90] - DEBUG - [2888.361147] moveTile obstacle check escapeFlag=False (+0.4 ms)
2026-06-18 01:15:14,072 - mazeUtils.moveTile - [moveTile.py:79] - DEBUG - roll: 28.590000000000032 deg, practicalMoveTime: 1.0388180653045644 sec
2026-06-18 01:15:14,072 - mazeUtils.moveTile - [moveTile.py:1306] - DEBUG - moveTile loop time: 58.5 ms
2026-06-18 01:15:14,072 - mazeUtils.moveTile - [moveTile.py:90] - DEBUG - [2888.361882] moveTile loop end practicalMoveTime=1.039 (+0.7 ms)
2026-06-18 01:15:14,072 - mazeUtils.moveTile - [moveTile.py:90] - DEBUG - [2888.362037] moveTile loop start (+0.2 ms)
2026-06-18 01:15:14,077 - picamera2.picamera2 - [picamera2.py:1391] - DEBUG - Execute job: <picamera2.job.Job object at 0x7f7fe1ac50>
2026-06-18 01:15:14,080 - mazeUtils.device.camera - [camera.py:39] - DEBUG - Average HSV: H=125.0, S=54.4, V=195.0
2026-06-18 01:15:14,084 - mazeUtils.moveTile - [moveTile.py:90] - DEBUG - [2888.373774] moveTile calculated motor speeds left=100 right=97 gyroSteer=-1.5749999999999886 wallSteer=4.400000000000002 (+11.7 ms)
2026-06-18 01:15:14,126 - mazeUtils.moveTile - [moveTile.py:90] - DEBUG - [2888.415251] moveTile applied motor speed left=100 right=97 (+41.5 ms)
2026-06-18 01:15:14,126 - mazeUtils.moveTile - [moveTile.py:90] - DEBUG - [2888.415649] moveTile ramp check isBigRamp=True (+0.4 ms)
2026-06-18 01:15:14,130 - mazeUtils.moveTile - [moveTile.py:90] - DEBUG - [2888.419407] moveTile tile color check tempTileColor=E (+3.8 ms)
2026-06-18 01:15:14,130 - mazeUtils.moveTile - [moveTile.py:90] - DEBUG - [2888.419750] moveTile obstacle check escapeFlag=False (+0.3 ms)
2026-06-18 01:15:14,131 - mazeUtils.moveTile - [moveTile.py:79] - DEBUG - roll: 28.78000000000003 deg, practicalMoveTime: 1.0746256299983998 sec
2026-06-18 01:15:14,131 - mazeUtils.moveTile - [moveTile.py:1306] - DEBUG - moveTile loop time: 58.3 ms
2026-06-18 01:15:14,131 - mazeUtils.moveTile - [moveTile.py:90] - DEBUG - [2888.420550] moveTile loop end practicalMoveTime=1.075 (+0.8 ms)
2026-06-18 01:15:14,131 - mazeUtils.moveTile - [moveTile.py:90] - DEBUG - [2888.420715] moveTile loop start (+0.2 ms)
2026-06-18 01:15:14,137 - picamera2.picamera2 - [picamera2.py:1391] - DEBUG - Execute job: <picamera2.job.Job object at 0x7f7fe1ac50>
2026-06-18 01:15:14,141 - mazeUtils.device.camera - [camera.py:39] - DEBUG - Average HSV: H=123.6, S=57.5, V=197.0
2026-06-18 01:15:14,147 - mazeUtils.moveTile - [moveTile.py:90] - DEBUG - [2888.436361] moveTile calculated motor speeds left=100 right=99 gyroSteer=-2.269999999999996 wallSteer=3.1999999999999993 (+15.6 ms)
2026-06-18 01:15:14,187 - mazeUtils.moveTile - [moveTile.py:90] - DEBUG - [2888.476763] moveTile applied motor speed left=100 right=99 (+40.4 ms)
2026-06-18 01:15:14,188 - mazeUtils.moveTile - [moveTile.py:90] - DEBUG - [2888.477165] moveTile ramp check isBigRamp=True (+0.4 ms)
2026-06-18 01:15:14,190 - mazeUtils.moveTile - [moveTile.py:90] - DEBUG - [2888.479727] moveTile tile color check tempTileColor=E (+2.6 ms)
2026-06-18 01:15:14,190 - mazeUtils.moveTile - [moveTile.py:90] - DEBUG - [2888.480041] moveTile obstacle check escapeFlag=False (+0.3 ms)
2026-06-18 01:15:14,191 - mazeUtils.moveTile - [moveTile.py:79] - DEBUG - roll: 29.180000000000007 deg, practicalMoveTime: 1.1112985324080342 sec
2026-06-18 01:15:14,191 - mazeUtils.moveTile - [moveTile.py:1306] - DEBUG - moveTile loop time: 60.2 ms
2026-06-18 01:15:14,192 - mazeUtils.moveTile - [moveTile.py:90] - DEBUG - [2888.481130] moveTile loop end practicalMoveTime=1.111 (+1.1 ms)
2026-06-18 01:15:14,192 - mazeUtils.moveTile - [moveTile.py:90] - DEBUG - [2888.481339] moveTile loop start (+0.2 ms)
2026-06-18 01:15:14,196 - picamera2.picamera2 - [picamera2.py:1391] - DEBUG - Execute job: <picamera2.job.Job object at 0x7f8c53a090>
2026-06-18 01:15:14,199 - mazeUtils.device.camera - [camera.py:39] - DEBUG - Average HSV: H=123.4, S=57.0, V=198.8
2026-06-18 01:15:14,203 - mazeUtils.moveTile - [moveTile.py:90] - DEBUG - [2888.492544] moveTile calculated motor speeds left=97 right=100 gyroSteer=-2.819999999999993 wallSteer=0.0 (+11.2 ms)
2026-06-18 01:15:14,244 - mazeUtils.moveTile - [moveTile.py:90] - DEBUG - [2888.533823] moveTile applied motor speed left=97 right=100 (+41.3 ms)
2026-06-18 01:15:14,245 - mazeUtils.moveTile - [moveTile.py:90] - DEBUG - [2888.534391] moveTile ramp check isBigRamp=True (+0.6 ms)
2026-06-18 01:15:14,248 - mazeUtils.moveTile - [moveTile.py:90] - DEBUG - [2888.537279] moveTile tile color check tempTileColor=E (+2.9 ms)
2026-06-18 01:15:14,248 - mazeUtils.moveTile - [moveTile.py:90] - DEBUG - [2888.537601] moveTile obstacle check escapeFlag=False (+0.3 ms)
2026-06-18 01:15:14,248 - mazeUtils.moveTile - [moveTile.py:79] - DEBUG - roll: 27.970000000000027 deg, practicalMoveTime: 1.1465066476528367 sec
2026-06-18 01:15:14,249 - mazeUtils.moveTile - [moveTile.py:1306] - DEBUG - moveTile loop time: 56.9 ms
2026-06-18 01:15:14,249 - mazeUtils.moveTile - [moveTile.py:90] - DEBUG - [2888.538470] moveTile loop end practicalMoveTime=1.147 (+0.9 ms)
2026-06-18 01:15:14,249 - mazeUtils.moveTile - [moveTile.py:90] - DEBUG - [2888.538634] moveTile loop start (+0.2 ms)
2026-06-18 01:15:14,256 - picamera2.picamera2 - [picamera2.py:1391] - DEBUG - Execute job: <picamera2.job.Job object at 0x7f66e8ba10>
2026-06-18 01:15:14,259 - mazeUtils.device.camera - [camera.py:39] - DEBUG - Average HSV: H=123.0, S=58.1, V=199.1
2026-06-18 01:15:14,264 - mazeUtils.moveTile - [moveTile.py:90] - DEBUG - [2888.554003] moveTile calculated motor speeds left=96 right=100 gyroSteer=-3.0600000000000023 wallSteer=0.0 (+15.4 ms)
2026-06-18 01:15:14,305 - mazeUtils.moveTile - [moveTile.py:90] - DEBUG - [2888.594812] moveTile applied motor speed left=96 right=100 (+40.8 ms)
2026-06-18 01:15:14,306 - mazeUtils.moveTile - [moveTile.py:90] - DEBUG - [2888.595249] moveTile ramp check isBigRamp=True (+0.4 ms)
2026-06-18 01:15:14,309 - mazeUtils.moveTile - [moveTile.py:90] - DEBUG - [2888.598261] moveTile tile color check tempTileColor=E (+3.0 ms)
2026-06-18 01:15:14,309 - mazeUtils.moveTile - [moveTile.py:90] - DEBUG - [2888.598804] moveTile obstacle check escapeFlag=False (+0.5 ms)
2026-06-18 01:15:14,310 - mazeUtils.moveTile - [moveTile.py:79] - DEBUG - roll: 27.55000000000001 deg, practicalMoveTime: 1.1843469530464639 sec
2026-06-18 01:15:14,310 - mazeUtils.moveTile - [moveTile.py:1306] - DEBUG - moveTile loop time: 61.1 ms
2026-06-18 01:15:14,311 - mazeUtils.moveTile - [moveTile.py:90] - DEBUG - [2888.600295] moveTile loop end practicalMoveTime=1.184 (+1.5 ms)
2026-06-18 01:15:14,311 - mazeUtils.moveTile - [moveTile.py:90] - DEBUG - [2888.600508] moveTile loop start (+0.2 ms)
2026-06-18 01:15:14,319 - picamera2.picamera2 - [picamera2.py:1391] - DEBUG - Execute job: <picamera2.job.Job object at 0x7f8c53a090>
2026-06-18 01:15:14,322 - mazeUtils.device.camera - [camera.py:39] - DEBUG - Average HSV: H=123.4, S=56.0, V=200.9
2026-06-18 01:15:14,327 - mazeUtils.moveTile - [moveTile.py:90] - DEBUG - [2888.616142] moveTile calculated motor speeds left=97 right=100 gyroSteer=-2.8799999999999955 wallSteer=0.0 (+15.6 ms)
2026-06-18 01:15:14,367 - mazeUtils.moveTile - [moveTile.py:90] - DEBUG - [2888.656583] moveTile applied motor speed left=97 right=100 (+40.4 ms)
2026-06-18 01:15:14,367 - mazeUtils.moveTile - [moveTile.py:90] - DEBUG - [2888.656992] moveTile ramp check isBigRamp=True (+0.4 ms)
2026-06-18 01:15:14,370 - mazeUtils.moveTile - [moveTile.py:90] - DEBUG - [2888.659716] moveTile tile color check tempTileColor=E (+2.7 ms)
2026-06-18 01:15:14,371 - mazeUtils.moveTile - [moveTile.py:90] - DEBUG - [2888.660236] moveTile obstacle check escapeFlag=False (+0.5 ms)
2026-06-18 01:15:14,371 - mazeUtils.moveTile - [moveTile.py:79] - DEBUG - roll: 23.5 deg, practicalMoveTime: 1.2233449376073204 sec
2026-06-18 01:15:14,371 - mazeUtils.moveTile - [moveTile.py:1306] - DEBUG - moveTile loop time: 60.3 ms
2026-06-18 01:15:14,371 - mazeUtils.moveTile - [moveTile.py:90] - DEBUG - [2888.660975] moveTile loop end practicalMoveTime=1.223 (+0.7 ms)
2026-06-18 01:15:14,371 - mazeUtils.moveTile - [moveTile.py:90] - DEBUG - [2888.661111] moveTile loop start (+0.1 ms)
2026-06-18 01:15:14,376 - picamera2.picamera2 - [picamera2.py:1391] - DEBUG - Execute job: <picamera2.job.Job object at 0x7f7fe55990>
2026-06-18 01:15:14,380 - mazeUtils.device.camera - [camera.py:39] - DEBUG - Average HSV: H=126.1, S=44.2, V=206.9
2026-06-18 01:15:14,386 - mazeUtils.moveTile - [moveTile.py:90] - DEBUG - [2888.675433] moveTile calculated motor speeds left=97 right=100 gyroSteer=-2.9950000000000045 wallSteer=0.0 (+14.3 ms)
2026-06-18 01:15:14,427 - mazeUtils.moveTile - [moveTile.py:90] - DEBUG - [2888.716111] moveTile applied motor speed left=97 right=100 (+40.7 ms)
2026-06-18 01:15:14,427 - mazeUtils.moveTile - [moveTile.py:90] - DEBUG - [2888.716530] moveTile ramp check isBigRamp=True (+0.4 ms)
2026-06-18 01:15:14,430 - mazeUtils.moveTile - [moveTile.py:90] - DEBUG - [2888.719149] moveTile tile color check tempTileColor=E (+2.6 ms)
2026-06-18 01:15:14,430 - mazeUtils.moveTile - [moveTile.py:90] - DEBUG - [2888.719507] moveTile obstacle check escapeFlag=False (+0.4 ms)
2026-06-18 01:15:14,430 - mazeUtils.moveTile - [moveTile.py:79] - DEBUG - roll: 17.870000000000005 deg, practicalMoveTime: 1.2626298822760798 sec
2026-06-18 01:15:14,431 - mazeUtils.moveTile - [moveTile.py:1306] - DEBUG - moveTile loop time: 59.0 ms
2026-06-18 01:15:14,431 - mazeUtils.moveTile - [moveTile.py:90] - DEBUG - [2888.720352] moveTile loop end practicalMoveTime=1.263 (+0.8 ms)
2026-06-18 01:15:14,431 - mazeUtils.moveTile - [moveTile.py:90] - DEBUG - [2888.720501] moveTile loop start (+0.1 ms)
2026-06-18 01:15:14,436 - picamera2.picamera2 - [picamera2.py:1391] - DEBUG - Execute job: <picamera2.job.Job object at 0x7f76b96450>
2026-06-18 01:15:14,439 - mazeUtils.device.camera - [camera.py:39] - DEBUG - Average HSV: H=126.3, S=29.5, V=222.4
2026-06-18 01:15:14,445 - mazeUtils.moveTile - [moveTile.py:90] - DEBUG - [2888.735083] moveTile calculated motor speeds left=97 right=100 gyroSteer=-2.634999999999991 wallSteer=0.0 (+14.6 ms)
2026-06-18 01:15:14,486 - mazeUtils.moveTile - [moveTile.py:90] - DEBUG - [2888.775799] moveTile applied motor speed left=97 right=100 (+40.7 ms)
2026-06-18 01:15:14,487 - mazeUtils.moveTile - [moveTile.py:90] - DEBUG - [2888.776178] moveTile ramp check isBigRamp=False (+0.4 ms)
2026-06-18 01:15:14,489 - mazeUtils.moveTile - [moveTile.py:90] - DEBUG - [2888.778758] moveTile tile color check tempTileColor=E (+2.6 ms)
2026-06-18 01:15:14,490 - mazeUtils.moveTile - [moveTile.py:90] - DEBUG - [2888.779110] moveTile obstacle check escapeFlag=False (+0.4 ms)
2026-06-18 01:15:14,490 - mazeUtils.moveTile - [moveTile.py:79] - DEBUG - roll: 12.640000000000043 deg, practicalMoveTime: 1.3030750303136918 sec
2026-06-18 01:15:14,490 - mazeUtils.moveTile - [moveTile.py:1306] - DEBUG - moveTile loop time: 59.1 ms
2026-06-18 01:15:14,490 - mazeUtils.moveTile - [moveTile.py:90] - DEBUG - [2888.779817] moveTile loop end practicalMoveTime=1.303 (+0.7 ms)
2026-06-18 01:15:14,490 - mazeUtils.moveTile - [moveTile.py:90] - DEBUG - [2888.779954] moveTile loop start (+0.1 ms)
2026-06-18 01:15:14,497 - picamera2.picamera2 - [picamera2.py:1391] - DEBUG - Execute job: <picamera2.job.Job object at 0x7f8c978610>
2026-06-18 01:15:14,500 - mazeUtils.device.camera - [camera.py:39] - DEBUG - Average HSV: H=125.4, S=26.2, V=229.1
2026-06-18 01:15:14,507 - mazeUtils.moveTile - [moveTile.py:90] - DEBUG - [2888.796465] moveTile calculated motor speeds left=97 right=100 gyroSteer=-2.644999999999996 wallSteer=0.0 (+16.5 ms)
2026-06-18 01:15:14,548 - mazeUtils.moveTile - [moveTile.py:90] - DEBUG - [2888.837959] moveTile applied motor speed left=97 right=100 (+41.5 ms)
2026-06-18 01:15:14,549 - mazeUtils.moveTile - [moveTile.py:90] - DEBUG - [2888.838342] moveTile ramp check isBigRamp=False (+0.4 ms)
2026-06-18 01:15:14,552 - mazeUtils.moveTile - [moveTile.py:90] - DEBUG - [2888.841324] moveTile tile color check tempTileColor=E (+3.0 ms)
2026-06-18 01:15:14,552 - mazeUtils.moveTile - [moveTile.py:90] - DEBUG - [2888.841733] moveTile obstacle check escapeFlag=False (+0.4 ms)
2026-06-18 01:15:14,552 - mazeUtils.moveTile - [moveTile.py:79] - DEBUG - roll: 7.699999999999989 deg, practicalMoveTime: 1.3648699552808417 sec
2026-06-18 01:15:14,553 - mazeUtils.moveTile - [moveTile.py:1306] - DEBUG - moveTile loop time: 62.3 ms
2026-06-18 01:15:14,553 - mazeUtils.moveTile - [moveTile.py:90] - DEBUG - [2888.842471] moveTile loop end practicalMoveTime=1.365 (+0.7 ms)
2026-06-18 01:15:14,553 - mazeUtils.moveTile - [moveTile.py:90] - DEBUG - [2888.842611] moveTile loop start (+0.1 ms)
2026-06-18 01:15:14,559 - picamera2.picamera2 - [picamera2.py:1391] - DEBUG - Execute job: <picamera2.job.Job object at 0x7f66e0d750>
2026-06-18 01:15:14,562 - mazeUtils.device.camera - [camera.py:39] - DEBUG - Average HSV: H=125.3, S=25.7, V=229.9
2026-06-18 01:15:14,568 - mazeUtils.moveTile - [moveTile.py:90] - DEBUG - [2888.857452] moveTile calculated motor speeds left=98 right=100 gyroSteer=-2.4099999999999966 wallSteer=0.8000000000000007 (+14.8 ms)
2026-06-18 01:15:14,608 - mazeUtils.moveTile - [moveTile.py:90] - DEBUG - [2888.897386] moveTile applied motor speed left=98 right=100 (+39.9 ms)
2026-06-18 01:15:14,608 - mazeUtils.moveTile - [moveTile.py:90] - DEBUG - [2888.897925] moveTile ramp check isBigRamp=False (+0.5 ms)
2026-06-18 01:15:14,611 - mazeUtils.moveTile - [moveTile.py:90] - DEBUG - [2888.900692] moveTile tile color check tempTileColor=E (+2.8 ms)
2026-06-18 01:15:14,611 - mazeUtils.moveTile - [moveTile.py:90] - DEBUG - [2888.900962] moveTile obstacle check escapeFlag=False (+0.3 ms)
2026-06-18 01:15:14,612 - mazeUtils.moveTile - [moveTile.py:79] - DEBUG - roll: 0.9700000000000273 deg, practicalMoveTime: 1.4238319559435584 sec
2026-06-18 01:15:14,612 - mazeUtils.moveTile - [moveTile.py:1306] - DEBUG - moveTile loop time: 59.0 ms
2026-06-18 01:15:14,612 - mazeUtils.moveTile - [moveTile.py:90] - DEBUG - [2888.901768] moveTile loop end practicalMoveTime=1.424 (+0.8 ms)
2026-06-18 01:15:14,613 - mazeUtils.moveTile - [moveTile.py:90] - DEBUG - [2888.902525] moveTile loop start (+0.8 ms)
2026-06-18 01:15:14,617 - picamera2.picamera2 - [picamera2.py:1391] - DEBUG - Execute job: <picamera2.job.Job object at 0x7f67e72ed0>
2026-06-18 01:15:14,621 - mazeUtils.device.camera - [camera.py:39] - DEBUG - Average HSV: H=124.2, S=27.2, V=231.5
2026-06-18 01:15:14,626 - mazeUtils.moveTile - [moveTile.py:90] - DEBUG - [2888.916057] moveTile calculated motor speeds left=96 right=100 gyroSteer=-3.3400000000000034 wallSteer=0.0 (+13.5 ms)
2026-06-18 01:15:14,668 - mazeUtils.moveTile - [moveTile.py:90] - DEBUG - [2888.957083] moveTile applied motor speed left=96 right=100 (+41.0 ms)
2026-06-18 01:15:14,668 - mazeUtils.moveTile - [moveTile.py:90] - DEBUG - [2888.957505] moveTile ramp check isBigRamp=False (+0.4 ms)
2026-06-18 01:15:14,671 - mazeUtils.moveTile - [moveTile.py:90] - DEBUG - [2888.960281] moveTile tile color check tempTileColor=E (+2.8 ms)
2026-06-18 01:15:14,671 - mazeUtils.moveTile - [moveTile.py:90] - DEBUG - [2888.960973] moveTile obstacle check escapeFlag=False (+0.7 ms)
2026-06-18 01:15:14,672 - mazeUtils.moveTile - [moveTile.py:79] - DEBUG - roll: 0.03000000000002956 deg, practicalMoveTime: 1.4836003860898637 sec
2026-06-18 01:15:14,672 - mazeUtils.moveTile - [moveTile.py:1306] - DEBUG - moveTile loop time: 59.2 ms
2026-06-18 01:15:14,672 - mazeUtils.moveTile - [moveTile.py:90] - DEBUG - [2888.961934] moveTile loop end practicalMoveTime=1.484 (+1.0 ms)
2026-06-18 01:15:14,673 - mazeUtils.moveTile - [moveTile.py:90] - DEBUG - [2888.962143] moveTile loop start (+0.2 ms)
2026-06-18 01:15:14,676 - picamera2.picamera2 - [picamera2.py:1391] - DEBUG - Execute job: <picamera2.job.Job object at 0x7f66e8bf50>
2026-06-18 01:15:14,680 - mazeUtils.device.camera - [camera.py:39] - DEBUG - Average HSV: H=122.3, S=30.5, V=232.8
2026-06-18 01:15:14,686 - mazeUtils.moveTile - [moveTile.py:90] - DEBUG - [2888.975915] moveTile calculated motor speeds left=97 right=100 gyroSteer=-2.5600000000000023 wallSteer=0.0 (+13.8 ms)
2026-06-18 01:15:14,727 - mazeUtils.moveTile - [moveTile.py:90] - DEBUG - [2889.016142] moveTile applied motor speed left=97 right=100 (+40.2 ms)
2026-06-18 01:15:14,727 - mazeUtils.moveTile - [moveTile.py:90] - DEBUG - [2889.016542] moveTile ramp check isBigRamp=False (+0.4 ms)
2026-06-18 01:15:14,730 - mazeUtils.moveTile - [moveTile.py:90] - DEBUG - [2889.019176] moveTile tile color check tempTileColor=E (+2.6 ms)
2026-06-18 01:15:14,730 - mazeUtils.moveTile - [moveTile.py:90] - DEBUG - [2889.019481] moveTile obstacle check escapeFlag=False (+0.3 ms)
2026-06-18 01:15:14,730 - mazeUtils.moveTile - [moveTile.py:79] - DEBUG - roll: 0.7900000000000205 deg, practicalMoveTime: 1.5416304816582258 sec
2026-06-18 01:15:14,731 - mazeUtils.moveTile - [moveTile.py:1306] - DEBUG - moveTile loop time: 58.0 ms
2026-06-18 01:15:14,731 - mazeUtils.moveTile - [moveTile.py:90] - DEBUG - [2889.020303] moveTile loop end practicalMoveTime=1.542 (+0.8 ms)
2026-06-18 01:15:14,731 - mazeUtils.moveTile - [moveTile.py:90] - DEBUG - [2889.020448] moveTile loop start (+0.1 ms)
2026-06-18 01:15:14,737 - picamera2.picamera2 - [picamera2.py:1391] - DEBUG - Execute job: <picamera2.job.Job object at 0x7f8c53a090>
2026-06-18 01:15:14,740 - mazeUtils.device.camera - [camera.py:39] - DEBUG - Average HSV: H=121.1, S=31.8, V=236.8
2026-06-18 01:15:14,747 - mazeUtils.moveTile - [moveTile.py:90] - DEBUG - [2889.036547] moveTile calculated motor speeds left=97 right=100 gyroSteer=-2.894999999999996 wallSteer=0.0 (+16.1 ms)
2026-06-18 01:15:14,787 - mazeUtils.moveTile - [moveTile.py:90] - DEBUG - [2889.076207] moveTile applied motor speed left=97 right=100 (+39.7 ms)
2026-06-18 01:15:14,787 - mazeUtils.moveTile - [moveTile.py:90] - DEBUG - [2889.076571] moveTile ramp check isBigRamp=False (+0.4 ms)
2026-06-18 01:15:14,790 - mazeUtils.moveTile - [moveTile.py:90] - DEBUG - [2889.079212] moveTile tile color check tempTileColor=E (+2.6 ms)
2026-06-18 01:15:14,790 - mazeUtils.moveTile - [moveTile.py:90] - DEBUG - [2889.079513] moveTile obstacle check escapeFlag=False (+0.3 ms)
2026-06-18 01:15:14,790 - mazeUtils.moveTile - [moveTile.py:1253] - INFO - practicalVerticalMove: 17.35166317486997 CM
2026-06-18 01:15:14,832 - mazeUtils.moveTile - [moveTile.py:90] - DEBUG - [2889.121430] moveTile finished by time control (+41.9 ms)
2026-06-18 01:15:14,832 - mazeUtils.moveTile - [moveTile.py:90] - DEBUG - [2889.121820] moveTile start final forward adjustment (+42.3 ms)
2026-06-18 01:15:14,876 - mazeUtils.moveTile - [moveTile.py:79] - DEBUG - Little forward to adjust position
2026-06-18 01:15:15,051 - mazeUtils.moveTile - [moveTile.py:90] - DEBUG - [2889.340463] moveTile finished final forward adjustment (+218.6 ms)
2026-06-18 01:15:15,123 - mazeUtils.moveTile - [moveTile.py:527] - DEBUG - Direction: absDirection.NORTH, Angle: 180, Distance: 171.27509576741454 cm
2026-06-18 01:15:15,124 - mazeUtils.moveTile - [moveTile.py:527] - DEBUG - Direction: absDirection.EAST, Angle: 90, Distance: 19.783500264391733 cm
2026-06-18 01:15:15,125 - mazeUtils.moveTile - [moveTile.py:527] - DEBUG - Direction: absDirection.SOUTH, Angle: 0, Distance: 13.186093507965705 cm
2026-06-18 01:15:15,125 - mazeUtils.moveTile - [moveTile.py:550] - DEBUG - Front LiDAR distance: 13.186093507965705 cm, TSD10 distance: 1.6 cm
2026-06-18 01:15:15,126 - mazeUtils.moveTile - [moveTile.py:527] - DEBUG - Direction: absDirection.WEST, Angle: 270, Distance: 38.30211239252942 cm
2026-06-18 01:15:15,127 - mazeUtils.moveTile - [moveTile.py:90] - DEBUG - [2889.416226] moveTile updated map and detected walls (+75.8 ms)
2026-06-18 01:15:15,128 - mazeUtils.moveTile - [moveTile.py:1620] - INFO - Tile color detection counts: {}, decided tile type: E
2026-06-18 01:15:15,128 - mazeUtils.moveTile - [moveTile.py:90] - DEBUG - [2889.418077] moveTile finished (+77.6 ms)
2026-06-18 01:15:15,219 - mazeUtils.mazeMap - [mazeMap.py:61] - INFO - next goal: (18, 18, 1)
2026-06-18 01:15:15,219 - mazeUtils.moveTile - [moveTile.py:88] - DEBUG - [2889.508765] moveTile start direction=absDirection.WEST position=(19, 18, 1) front=absDirection.SOUTH
2026-06-18 01:15:15,224 - mazeUtils.moveTile - [moveTile.py:90] - DEBUG - [2889.513673] moveTile after initial toggle check (+4.9 ms)
2026-06-18 01:15:15,226 - mazeUtils.moveTile - [moveTile.py:90] - DEBUG - [2889.515344] moveTile after tile checks isRedTile=False isUnknownTileAhead=True (+1.7 ms)
2026-06-18 01:15:15,226 - mazeUtils.moveTile - [moveTile.py:79] - DEBUG - Moving to absDirection.WEST from (19, 18, 1) facing absDirection.SOUTH
2026-06-18 01:15:15,227 - mazeUtils.moveTile - [moveTile.py:90] - DEBUG - [2889.516554] moveTile start heading change target=90 (+1.2 ms)
2026-06-18 01:15:15,275 - mazeUtils.moveTile - [moveTile.py:79] - DEBUG - current heading: 177.94 target: 135
2026-06-18 01:15:15,783 - mazeUtils.moveTile - [moveTile.py:402] - DEBUG - stopped turning at heading: 144.35000000000002, diff: 9.350000000000023
2026-06-18 01:15:16,257 - mazeUtils.moveTile - [moveTile.py:79] - DEBUG - Turned to heading: 135.48000000000002 deg
2026-06-18 01:15:16,808 - mazeUtils.moveTile - [moveTile.py:79] - DEBUG - current heading: 135.10000000000002 target: 90
2026-06-18 01:15:17,301 - mazeUtils.moveTile - [moveTile.py:402] - DEBUG - stopped turning at heading: 99.99000000000001, diff: 9.990000000000009
2026-06-18 01:15:18,646 - mazeUtils.moveTile - [moveTile.py:79] - DEBUG - Turned to heading: 90.49000000000001 deg
2026-06-18 01:15:18,646 - mazeUtils.moveTile - [moveTile.py:90] - DEBUG - [2892.935997] moveTile finished heading change (+3419.4 ms)
2026-06-18 01:15:18,647 - mazeUtils.moveTile - [moveTile.py:90] - DEBUG - [2892.936369] moveTile updated front direction (+0.4 ms)
2026-06-18 01:15:18,650 - mazeUtils.moveTile - [moveTile.py:90] - DEBUG - [2892.939190] moveTile acquired initial LiDAR scan (+2.8 ms)
2026-06-18 01:15:18,690 - mazeUtils.moveTile - [moveTile.py:90] - DEBUG - [2892.979331] moveTile stopped motors before alignment (+40.1 ms)
2026-06-18 01:15:18,700 - mazeUtils.moveTile - [moveTile.py:90] - DEBUG - [2892.989840] moveTile start backward adjustment behind_wall_dist=29.007224400629006 (+10.5 ms)
2026-06-18 01:15:18,741 - mazeUtils.moveTile - [moveTile.py:79] - DEBUG - Little backward to adjust position
2026-06-18 01:15:19,499 - mazeUtils.moveTile - [moveTile.py:90] - DEBUG - [2893.788489] moveTile finished backward adjustment (+798.6 ms)
2026-06-18 01:15:19,541 - mazeUtils.moveTile - [moveTile.py:90] - DEBUG - [2893.830149] moveTile ready for forward move (+41.7 ms)
2026-06-18 01:15:19,641 - mazeUtils.moveTile - [moveTile.py:90] - DEBUG - [2893.930239] moveTile initialized movement targetSteps=1 (+100.1 ms)
2026-06-18 01:15:19,643 - mazeUtils.moveTile - [moveTile.py:90] - DEBUG - [2893.932480] moveTile loop start (+2.2 ms)
2026-06-18 01:15:19,647 - picamera2.picamera2 - [picamera2.py:1391] - DEBUG - Execute job: <picamera2.job.Job object at 0x7f7fe19e50>
2026-06-18 01:15:19,650 - mazeUtils.device.camera - [camera.py:39] - DEBUG - Average HSV: H=124.2, S=28.2, V=227.2
2026-06-18 01:15:19,654 - mazeUtils.moveTile - [moveTile.py:90] - DEBUG - [2893.943792] moveTile calculated motor speeds left=100 right=90 gyroSteer=-0.025000000000005684 wallSteer=9.2 (+11.3 ms)
2026-06-18 01:15:19,695 - mazeUtils.moveTile - [moveTile.py:90] - DEBUG - [2893.984973] moveTile applied motor speed left=100 right=90 (+41.2 ms)
2026-06-18 01:15:19,696 - mazeUtils.moveTile - [moveTile.py:90] - DEBUG - [2893.985463] moveTile ramp check isBigRamp=False (+0.5 ms)
2026-06-18 01:15:19,698 - mazeUtils.moveTile - [moveTile.py:90] - DEBUG - [2893.988086] moveTile tile color check tempTileColor=E (+2.6 ms)
2026-06-18 01:15:19,699 - mazeUtils.moveTile - [moveTile.py:90] - DEBUG - [2893.988339] moveTile obstacle check escapeFlag=False (+0.3 ms)
2026-06-18 01:15:19,699 - mazeUtils.moveTile - [moveTile.py:79] - DEBUG - roll: 0.9700000000000273 deg, practicalMoveTime: 0.058328374893486 sec
2026-06-18 01:15:19,699 - mazeUtils.moveTile - [moveTile.py:1306] - DEBUG - moveTile loop time: 56.4 ms
2026-06-18 01:15:19,699 - mazeUtils.moveTile - [moveTile.py:90] - DEBUG - [2893.989071] moveTile loop end practicalMoveTime=0.058 (+0.7 ms)
2026-06-18 01:15:19,700 - mazeUtils.moveTile - [moveTile.py:90] - DEBUG - [2893.989244] moveTile loop start (+0.2 ms)
2026-06-18 01:15:19,705 - picamera2.picamera2 - [picamera2.py:1391] - DEBUG - Execute job: <picamera2.job.Job object at 0x7f7fe1be10>
2026-06-18 01:15:19,708 - mazeUtils.device.camera - [camera.py:39] - DEBUG - Average HSV: H=125.6, S=24.8, V=229.8
2026-06-18 01:15:19,714 - mazeUtils.moveTile - [moveTile.py:90] - DEBUG - [2894.003571] moveTile calculated motor speeds left=100 right=91 gyroSteer=-0.6099999999999852 wallSteer=9.2 (+14.3 ms)
2026-06-18 01:15:19,755 - mazeUtils.moveTile - [moveTile.py:90] - DEBUG - [2894.044615] moveTile applied motor speed left=100 right=91 (+41.0 ms)
2026-06-18 01:15:19,755 - mazeUtils.moveTile - [moveTile.py:90] - DEBUG - [2894.045036] moveTile ramp check isBigRamp=False (+0.4 ms)
2026-06-18 01:15:19,758 - mazeUtils.moveTile - [moveTile.py:90] - DEBUG - [2894.047653] moveTile tile color check tempTileColor=E (+2.6 ms)
2026-06-18 01:15:19,759 - mazeUtils.moveTile - [moveTile.py:90] - DEBUG - [2894.048352] moveTile obstacle check escapeFlag=False (+0.7 ms)
2026-06-18 01:15:19,759 - mazeUtils.moveTile - [moveTile.py:79] - DEBUG - roll: 1.170000000000016 deg, practicalMoveTime: 0.11815538614545283 sec
2026-06-18 01:15:19,759 - mazeUtils.moveTile - [moveTile.py:1306] - DEBUG - moveTile loop time: 59.7 ms
2026-06-18 01:15:19,760 - mazeUtils.moveTile - [moveTile.py:90] - DEBUG - [2894.049144] moveTile loop end practicalMoveTime=0.118 (+0.8 ms)
2026-06-18 01:15:19,760 - mazeUtils.moveTile - [moveTile.py:90] - DEBUG - [2894.049270] moveTile loop start (+0.1 ms)
2026-06-18 01:15:19,765 - picamera2.picamera2 - [picamera2.py:1391] - DEBUG - Execute job: <picamera2.job.Job object at 0x7f7fe19e50>
2026-06-18 01:15:19,768 - mazeUtils.device.camera - [camera.py:39] - DEBUG - Average HSV: H=124.6, S=15.7, V=247.8
2026-06-18 01:15:19,774 - mazeUtils.moveTile - [moveTile.py:90] - DEBUG - [2894.064050] moveTile calculated motor speeds left=100 right=90 gyroSteer=-0.17499999999998295 wallSteer=9.2 (+14.8 ms)
2026-06-18 01:15:19,815 - mazeUtils.moveTile - [moveTile.py:90] - DEBUG - [2894.104299] moveTile applied motor speed left=100 right=90 (+40.2 ms)
2026-06-18 01:15:19,815 - mazeUtils.moveTile - [moveTile.py:90] - DEBUG - [2894.104746] moveTile ramp check isBigRamp=False (+0.4 ms)
2026-06-18 01:15:19,818 - mazeUtils.moveTile - [moveTile.py:90] - DEBUG - [2894.107374] moveTile tile color check tempTileColor=E (+2.6 ms)
2026-06-18 01:15:19,818 - mazeUtils.moveTile - [moveTile.py:90] - DEBUG - [2894.107632] moveTile obstacle check escapeFlag=False (+0.3 ms)
2026-06-18 01:15:19,818 - mazeUtils.moveTile - [moveTile.py:79] - DEBUG - roll: 0.3300000000000409 deg, practicalMoveTime: 0.17704785147080493 sec
2026-06-18 01:15:19,819 - mazeUtils.moveTile - [moveTile.py:1306] - DEBUG - moveTile loop time: 59.0 ms
2026-06-18 01:15:19,819 - mazeUtils.moveTile - [moveTile.py:90] - DEBUG - [2894.108412] moveTile loop end practicalMoveTime=0.177 (+0.8 ms)
2026-06-18 01:15:19,819 - mazeUtils.moveTile - [moveTile.py:90] - DEBUG - [2894.108549] moveTile loop start (+0.1 ms)
2026-06-18 01:15:19,824 - picamera2.picamera2 - [picamera2.py:1391] - DEBUG - Execute job: <picamera2.job.Job object at 0x7f7fe55990>
2026-06-18 01:15:19,827 - mazeUtils.device.camera - [camera.py:39] - DEBUG - Average HSV: H=128.9, S=12.1, V=246.1
2026-06-18 01:15:19,831 - mazeUtils.moveTile - [moveTile.py:90] - DEBUG - [2894.120787] moveTile calculated motor speeds left=100 right=91 gyroSteer=-0.9099999999999966 wallSteer=9.2 (+12.2 ms)
2026-06-18 01:15:19,871 - mazeUtils.moveTile - [moveTile.py:90] - DEBUG - [2894.160912] moveTile applied motor speed left=100 right=91 (+40.1 ms)
2026-06-18 01:15:19,872 - mazeUtils.moveTile - [moveTile.py:90] - DEBUG - [2894.161315] moveTile ramp check isBigRamp=False (+0.4 ms)
2026-06-18 01:15:19,876 - mazeUtils.moveTile - [moveTile.py:90] - DEBUG - [2894.165935] moveTile tile color check tempTileColor=E (+4.6 ms)
2026-06-18 01:15:19,877 - mazeUtils.moveTile - [moveTile.py:90] - DEBUG - [2894.166306] moveTile obstacle check escapeFlag=False (+0.4 ms)
2026-06-18 01:15:19,877 - mazeUtils.moveTile - [moveTile.py:79] - DEBUG - roll: 0.8700000000000045 deg, practicalMoveTime: 0.235464397136485 sec
2026-06-18 01:15:19,877 - mazeUtils.moveTile - [moveTile.py:1306] - DEBUG - moveTile loop time: 58.4 ms
2026-06-18 01:15:19,878 - mazeUtils.moveTile - [moveTile.py:90] - DEBUG - [2894.167160] moveTile loop end practicalMoveTime=0.235 (+0.9 ms)
2026-06-18 01:15:19,878 - mazeUtils.moveTile - [moveTile.py:90] - DEBUG - [2894.167297] moveTile loop start (+0.1 ms)
2026-06-18 01:15:19,883 - picamera2.picamera2 - [picamera2.py:1391] - DEBUG - Execute job: <picamera2.job.Job object at 0x7f7fe1a2d0>
2026-06-18 01:15:19,886 - mazeUtils.device.camera - [camera.py:39] - DEBUG - Average HSV: H=128.4, S=13.3, V=247.5
2026-06-18 01:15:19,890 - mazeUtils.moveTile - [moveTile.py:90] - DEBUG - [2894.179914] moveTile calculated motor speeds left=100 right=91 gyroSteer=-0.7849999999999966 wallSteer=9.2 (+12.6 ms)
2026-06-18 01:15:19,931 - mazeUtils.moveTile - [moveTile.py:90] - DEBUG - [2894.220520] moveTile applied motor speed left=100 right=91 (+40.6 ms)
2026-06-18 01:15:19,931 - mazeUtils.moveTile - [moveTile.py:90] - DEBUG - [2894.220937] moveTile ramp check isBigRamp=False (+0.4 ms)
2026-06-18 01:15:19,934 - mazeUtils.moveTile - [moveTile.py:90] - DEBUG - [2894.223502] moveTile tile color check tempTileColor=E (+2.6 ms)
2026-06-18 01:15:19,934 - mazeUtils.moveTile - [moveTile.py:90] - DEBUG - [2894.223719] moveTile obstacle check escapeFlag=False (+0.2 ms)
2026-06-18 01:15:19,934 - mazeUtils.moveTile - [moveTile.py:79] - DEBUG - roll: 1.170000000000016 deg, practicalMoveTime: 0.2924276447644061 sec
2026-06-18 01:15:19,935 - mazeUtils.moveTile - [moveTile.py:1306] - DEBUG - moveTile loop time: 57.0 ms
2026-06-18 01:15:19,935 - mazeUtils.moveTile - [moveTile.py:90] - DEBUG - [2894.224505] moveTile loop end practicalMoveTime=0.292 (+0.8 ms)
2026-06-18 01:15:19,935 - mazeUtils.moveTile - [moveTile.py:90] - DEBUG - [2894.224644] moveTile loop start (+0.1 ms)
2026-06-18 01:15:19,940 - picamera2.picamera2 - [picamera2.py:1391] - DEBUG - Execute job: <picamera2.job.Job object at 0x7f7fe1bbd0>
2026-06-18 01:15:19,943 - mazeUtils.device.camera - [camera.py:39] - DEBUG - Average HSV: H=127.5, S=13.8, V=248.3
2026-06-18 01:15:19,950 - mazeUtils.moveTile - [moveTile.py:90] - DEBUG - [2894.239164] moveTile calculated motor speeds left=100 right=92 gyroSteer=-1.2800000000000011 wallSteer=9.2 (+14.5 ms)
2026-06-18 01:15:19,990 - mazeUtils.moveTile - [moveTile.py:90] - DEBUG - [2894.279720] moveTile applied motor speed left=100 right=92 (+40.6 ms)
2026-06-18 01:15:19,991 - mazeUtils.moveTile - [moveTile.py:90] - DEBUG - [2894.280114] moveTile ramp check isBigRamp=False (+0.4 ms)
2026-06-18 01:15:19,993 - mazeUtils.moveTile - [moveTile.py:90] - DEBUG - [2894.282804] moveTile tile color check tempTileColor=E (+2.7 ms)
2026-06-18 01:15:19,994 - mazeUtils.moveTile - [moveTile.py:90] - DEBUG - [2894.283152] moveTile obstacle check escapeFlag=False (+0.3 ms)
2026-06-18 01:15:19,994 - mazeUtils.moveTile - [moveTile.py:79] - DEBUG - roll: 1.5 deg, practicalMoveTime: 0.3515180305033845 sec
2026-06-18 01:15:19,994 - mazeUtils.moveTile - [moveTile.py:1306] - DEBUG - moveTile loop time: 59.1 ms
2026-06-18 01:15:19,994 - mazeUtils.moveTile - [moveTile.py:90] - DEBUG - [2894.283927] moveTile loop end practicalMoveTime=0.352 (+0.8 ms)
2026-06-18 01:15:19,995 - mazeUtils.moveTile - [moveTile.py:90] - DEBUG - [2894.284128] moveTile loop start (+0.2 ms)
2026-06-18 01:15:20,000 - picamera2.picamera2 - [picamera2.py:1391] - DEBUG - Execute job: <picamera2.job.Job object at 0x7f7fe19350>
2026-06-18 01:15:20,003 - mazeUtils.device.camera - [camera.py:39] - DEBUG - Average HSV: H=124.7, S=17.3, V=245.6
2026-06-18 01:15:20,009 - mazeUtils.moveTile - [moveTile.py:90] - DEBUG - [2894.298871] moveTile calculated motor speeds left=100 right=91 gyroSteer=-0.924999999999983 wallSteer=9.2 (+14.7 ms)
2026-06-18 01:15:20,050 - mazeUtils.moveTile - [moveTile.py:90] - DEBUG - [2894.339167] moveTile applied motor speed left=100 right=91 (+40.3 ms)
2026-06-18 01:15:20,050 - mazeUtils.moveTile - [moveTile.py:90] - DEBUG - [2894.339664] moveTile ramp check isBigRamp=False (+0.5 ms)
2026-06-18 01:15:20,053 - mazeUtils.moveTile - [moveTile.py:90] - DEBUG - [2894.342213] moveTile tile color check tempTileColor=E (+2.5 ms)
2026-06-18 01:15:20,053 - mazeUtils.moveTile - [moveTile.py:90] - DEBUG - [2894.342441] moveTile obstacle check escapeFlag=False (+0.2 ms)
2026-06-18 01:15:20,053 - mazeUtils.moveTile - [moveTile.py:79] - DEBUG - roll: 7.53000000000003 deg, practicalMoveTime: 0.40994448883725754 sec
2026-06-18 01:15:20,053 - mazeUtils.moveTile - [moveTile.py:1306] - DEBUG - moveTile loop time: 58.8 ms
2026-06-18 01:15:20,054 - mazeUtils.moveTile - [moveTile.py:90] - DEBUG - [2894.343119] moveTile loop end practicalMoveTime=0.410 (+0.7 ms)
2026-06-18 01:15:20,054 - mazeUtils.moveTile - [moveTile.py:90] - DEBUG - [2894.343260] moveTile loop start (+0.1 ms)
2026-06-18 01:15:20,059 - picamera2.picamera2 - [picamera2.py:1391] - DEBUG - Execute job: <picamera2.job.Job object at 0x7f7fe19e50>
2026-06-18 01:15:20,062 - mazeUtils.device.camera - [camera.py:39] - DEBUG - Average HSV: H=124.2, S=18.5, V=243.6
2026-06-18 01:15:20,068 - mazeUtils.moveTile - [moveTile.py:90] - DEBUG - [2894.357741] moveTile calculated motor speeds left=100 right=92 gyroSteer=-1.9449999999999932 wallSteer=9.2 (+14.5 ms)
2026-06-18 01:15:20,109 - mazeUtils.moveTile - [moveTile.py:90] - DEBUG - [2894.398323] moveTile applied motor speed left=100 right=92 (+40.6 ms)
2026-06-18 01:15:20,109 - mazeUtils.moveTile - [moveTile.py:90] - DEBUG - [2894.398719] moveTile ramp check isBigRamp=False (+0.4 ms)
2026-06-18 01:15:20,112 - mazeUtils.moveTile - [moveTile.py:90] - DEBUG - [2894.401390] moveTile tile color check tempTileColor=E (+2.7 ms)
2026-06-18 01:15:20,112 - mazeUtils.moveTile - [moveTile.py:90] - DEBUG - [2894.401852] moveTile obstacle check escapeFlag=False (+0.5 ms)
2026-06-18 01:15:20,113 - mazeUtils.moveTile - [moveTile.py:79] - DEBUG - roll: 9.0 deg, practicalMoveTime: 0.46863680522314977 sec
2026-06-18 01:15:20,113 - mazeUtils.moveTile - [moveTile.py:1306] - DEBUG - moveTile loop time: 59.7 ms
2026-06-18 01:15:20,114 - mazeUtils.moveTile - [moveTile.py:90] - DEBUG - [2894.403149] moveTile loop end practicalMoveTime=0.469 (+1.3 ms)
2026-06-18 01:15:20,114 - mazeUtils.moveTile - [moveTile.py:90] - DEBUG - [2894.403297] moveTile loop start (+0.1 ms)
2026-06-18 01:15:20,118 - picamera2.picamera2 - [picamera2.py:1391] - DEBUG - Execute job: <picamera2.job.Job object at 0x7f7fe1bbd0>
2026-06-18 01:15:20,121 - mazeUtils.device.camera - [camera.py:39] - DEBUG - Average HSV: H=123.7, S=22.0, V=238.6
2026-06-18 01:15:20,128 - mazeUtils.moveTile - [moveTile.py:90] - DEBUG - [2894.417242] moveTile calculated motor speeds left=100 right=91 gyroSteer=-1.4050000000000011 wallSteer=10.0 (+13.9 ms)
2026-06-18 01:15:20,168 - mazeUtils.moveTile - [moveTile.py:90] - DEBUG - [2894.457648] moveTile applied motor speed left=100 right=91 (+40.4 ms)
2026-06-18 01:15:20,168 - mazeUtils.moveTile - [moveTile.py:90] - DEBUG - [2894.458010] moveTile ramp check isBigRamp=False (+0.4 ms)
2026-06-18 01:15:20,171 - mazeUtils.moveTile - [moveTile.py:90] - DEBUG - [2894.460613] moveTile tile color check tempTileColor=E (+2.6 ms)
2026-06-18 01:15:20,171 - mazeUtils.moveTile - [moveTile.py:90] - DEBUG - [2894.460956] moveTile obstacle check escapeFlag=False (+0.3 ms)
2026-06-18 01:15:20,172 - mazeUtils.moveTile - [moveTile.py:79] - DEBUG - roll: 13.430000000000007 deg, practicalMoveTime: 0.508328408895385 sec
2026-06-18 01:15:20,172 - mazeUtils.moveTile - [moveTile.py:1306] - DEBUG - moveTile loop time: 58.2 ms
2026-06-18 01:15:20,172 - mazeUtils.moveTile - [moveTile.py:90] - DEBUG - [2894.461687] moveTile loop end practicalMoveTime=0.508 (+0.7 ms)
2026-06-18 01:15:20,172 - mazeUtils.moveTile - [moveTile.py:90] - DEBUG - [2894.461827] moveTile loop start (+0.1 ms)
2026-06-18 01:15:20,176 - picamera2.picamera2 - [picamera2.py:1391] - DEBUG - Execute job: <picamera2.job.Job object at 0x7f7fe55990>
2026-06-18 01:15:20,179 - mazeUtils.device.camera - [camera.py:39] - DEBUG - Average HSV: H=146.7, S=51.5, V=161.2
2026-06-18 01:15:20,184 - mazeUtils.moveTile - [moveTile.py:90] - DEBUG - [2894.473548] moveTile calculated motor speeds left=100 right=93 gyroSteer=-1.710000000000008 wallSteer=8.399999999999999 (+11.7 ms)
2026-06-18 01:15:20,224 - mazeUtils.moveTile - [moveTile.py:90] - DEBUG - [2894.513627] moveTile applied motor speed left=100 right=93 (+40.1 ms)
2026-06-18 01:15:20,224 - mazeUtils.moveTile - [moveTile.py:90] - DEBUG - [2894.514052] moveTile ramp check isBigRamp=True (+0.4 ms)
2026-06-18 01:15:20,228 - mazeUtils.moveTile - [moveTile.py:90] - DEBUG - [2894.517906] moveTile tile color check tempTileColor=E (+3.9 ms)
2026-06-18 01:15:20,229 - mazeUtils.moveTile - [moveTile.py:90] - DEBUG - [2894.518247] moveTile obstacle check escapeFlag=False (+0.3 ms)
2026-06-18 01:15:20,229 - mazeUtils.moveTile - [moveTile.py:79] - DEBUG - roll: 16.140000000000043 deg, practicalMoveTime: 0.5466452900226643 sec
2026-06-18 01:15:20,229 - mazeUtils.moveTile - [moveTile.py:1306] - DEBUG - moveTile loop time: 56.9 ms
2026-06-18 01:15:20,229 - mazeUtils.moveTile - [moveTile.py:90] - DEBUG - [2894.518945] moveTile loop end practicalMoveTime=0.547 (+0.7 ms)
2026-06-18 01:15:20,229 - mazeUtils.moveTile - [moveTile.py:90] - DEBUG - [2894.519083] moveTile loop start (+0.1 ms)
2026-06-18 01:15:20,233 - picamera2.picamera2 - [picamera2.py:1391] - DEBUG - Execute job: <picamera2.job.Job object at 0x7f7fe19350>
2026-06-18 01:15:20,237 - mazeUtils.device.camera - [camera.py:39] - DEBUG - Average HSV: H=116.9, S=16.2, V=233.3
2026-06-18 01:15:20,241 - mazeUtils.moveTile - [moveTile.py:90] - DEBUG - [2894.530384] moveTile calculated motor speeds left=100 right=92 gyroSteer=-1.7949999999999875 wallSteer=8.8 (+11.3 ms)
2026-06-18 01:15:20,281 - mazeUtils.moveTile - [moveTile.py:90] - DEBUG - [2894.570974] moveTile applied motor speed left=100 right=92 (+40.6 ms)
2026-06-18 01:15:20,282 - mazeUtils.moveTile - [moveTile.py:90] - DEBUG - [2894.571331] moveTile ramp check isBigRamp=True (+0.4 ms)
2026-06-18 01:15:20,284 - mazeUtils.moveTile - [moveTile.py:90] - DEBUG - [2894.574035] moveTile tile color check tempTileColor=E (+2.7 ms)
2026-06-18 01:15:20,285 - mazeUtils.moveTile - [moveTile.py:90] - DEBUG - [2894.574405] moveTile obstacle check escapeFlag=False (+0.4 ms)
2026-06-18 01:15:20,285 - mazeUtils.moveTile - [moveTile.py:79] - DEBUG - roll: 20.379999999999995 deg, practicalMoveTime: 0.5833161006390583 sec
2026-06-18 01:15:20,285 - mazeUtils.moveTile - [moveTile.py:1306] - DEBUG - moveTile loop time: 55.9 ms
2026-06-18 01:15:20,286 - mazeUtils.moveTile - [moveTile.py:90] - DEBUG - [2894.575160] moveTile loop end practicalMoveTime=0.583 (+0.8 ms)
2026-06-18 01:15:20,286 - mazeUtils.moveTile - [moveTile.py:90] - DEBUG - [2894.575305] moveTile loop start (+0.1 ms)
2026-06-18 01:15:20,291 - picamera2.picamera2 - [picamera2.py:1391] - DEBUG - Execute job: <picamera2.job.Job object at 0x7f7fe55990>
2026-06-18 01:15:20,293 - mazeUtils.device.camera - [camera.py:39] - DEBUG - Average HSV: H=121.6, S=24.9, V=228.3
2026-06-18 01:15:20,297 - mazeUtils.moveTile - [moveTile.py:90] - DEBUG - [2894.587043] moveTile calculated motor speeds left=100 right=92 gyroSteer=-1.7450000000000045 wallSteer=8.8 (+11.7 ms)
2026-06-18 01:15:20,338 - mazeUtils.moveTile - [moveTile.py:90] - DEBUG - [2894.627495] moveTile applied motor speed left=100 right=92 (+40.5 ms)
2026-06-18 01:15:20,338 - mazeUtils.moveTile - [moveTile.py:90] - DEBUG - [2894.627901] moveTile ramp check isBigRamp=True (+0.4 ms)
2026-06-18 01:15:20,341 - mazeUtils.moveTile - [moveTile.py:90] - DEBUG - [2894.630523] moveTile tile color check tempTileColor=E (+2.6 ms)
2026-06-18 01:15:20,341 - mazeUtils.moveTile - [moveTile.py:90] - DEBUG - [2894.630789] moveTile obstacle check escapeFlag=False (+0.3 ms)
2026-06-18 01:15:20,342 - mazeUtils.moveTile - [moveTile.py:79] - DEBUG - roll: 23.560000000000002 deg, practicalMoveTime: 0.6192977233952371 sec
2026-06-18 01:15:20,342 - mazeUtils.moveTile - [moveTile.py:1306] - DEBUG - moveTile loop time: 56.0 ms
2026-06-18 01:15:20,342 - mazeUtils.moveTile - [moveTile.py:90] - DEBUG - [2894.631525] moveTile loop end practicalMoveTime=0.619 (+0.7 ms)
2026-06-18 01:15:20,342 - mazeUtils.moveTile - [moveTile.py:90] - DEBUG - [2894.631697] moveTile loop start (+0.2 ms)
2026-06-18 01:15:20,347 - picamera2.picamera2 - [picamera2.py:1391] - DEBUG - Execute job: <picamera2.job.Job object at 0x7f7fe18050>
2026-06-18 01:15:20,350 - mazeUtils.device.camera - [camera.py:39] - DEBUG - Average HSV: H=121.7, S=25.6, V=226.6
2026-06-18 01:15:20,355 - mazeUtils.moveTile - [moveTile.py:90] - DEBUG - [2894.644124] moveTile calculated motor speeds left=100 right=93 gyroSteer=-2.469999999999999 wallSteer=8.8 (+12.4 ms)
2026-06-18 01:15:20,395 - mazeUtils.moveTile - [moveTile.py:90] - DEBUG - [2894.685014] moveTile applied motor speed left=100 right=93 (+40.9 ms)
2026-06-18 01:15:20,396 - mazeUtils.moveTile - [moveTile.py:90] - DEBUG - [2894.685382] moveTile ramp check isBigRamp=True (+0.4 ms)
2026-06-18 01:15:20,398 - mazeUtils.moveTile - [moveTile.py:90] - DEBUG - [2894.687961] moveTile tile color check tempTileColor=E (+2.6 ms)
2026-06-18 01:15:20,399 - mazeUtils.moveTile - [moveTile.py:90] - DEBUG - [2894.688347] moveTile obstacle check escapeFlag=False (+0.4 ms)
2026-06-18 01:15:20,399 - mazeUtils.moveTile - [moveTile.py:79] - DEBUG - roll: 25.560000000000002 deg, practicalMoveTime: 0.6554703290508677 sec
2026-06-18 01:15:20,399 - mazeUtils.moveTile - [moveTile.py:1306] - DEBUG - moveTile loop time: 57.2 ms
2026-06-18 01:15:20,399 - mazeUtils.moveTile - [moveTile.py:90] - DEBUG - [2894.689062] moveTile loop end practicalMoveTime=0.655 (+0.7 ms)
2026-06-18 01:15:20,400 - mazeUtils.moveTile - [moveTile.py:90] - DEBUG - [2894.689204] moveTile loop start (+0.1 ms)
2026-06-18 01:15:20,403 - picamera2.picamera2 - [picamera2.py:1391] - DEBUG - Execute job: <picamera2.job.Job object at 0x7f7fe1ac50>
2026-06-18 01:15:20,407 - mazeUtils.device.camera - [camera.py:39] - DEBUG - Average HSV: H=122.5, S=25.8, V=223.0
2026-06-18 01:15:20,411 - mazeUtils.moveTile - [moveTile.py:90] - DEBUG - [2894.700546] moveTile calculated motor speeds left=100 right=96 gyroSteer=-2.3549999999999898 wallSteer=6.0 (+11.3 ms)
2026-06-18 01:15:20,452 - mazeUtils.moveTile - [moveTile.py:90] - DEBUG - [2894.741346] moveTile applied motor speed left=100 right=96 (+40.8 ms)
2026-06-18 01:15:20,452 - mazeUtils.moveTile - [moveTile.py:90] - DEBUG - [2894.741779] moveTile ramp check isBigRamp=True (+0.4 ms)
2026-06-18 01:15:20,456 - mazeUtils.moveTile - [moveTile.py:90] - DEBUG - [2894.745310] moveTile tile color check tempTileColor=E (+3.5 ms)
2026-06-18 01:15:20,456 - mazeUtils.moveTile - [moveTile.py:90] - DEBUG - [2894.745631] moveTile obstacle check escapeFlag=False (+0.3 ms)
2026-06-18 01:15:20,456 - mazeUtils.moveTile - [moveTile.py:79] - DEBUG - roll: 28.689999999999998 deg, practicalMoveTime: 0.6904928387507993 sec
2026-06-18 01:15:20,457 - mazeUtils.moveTile - [moveTile.py:1306] - DEBUG - moveTile loop time: 57.3 ms
2026-06-18 01:15:20,457 - mazeUtils.moveTile - [moveTile.py:90] - DEBUG - [2894.746758] moveTile loop end practicalMoveTime=0.690 (+1.1 ms)
2026-06-18 01:15:20,457 - mazeUtils.moveTile - [moveTile.py:90] - DEBUG - [2894.746950] moveTile loop start (+0.2 ms)
2026-06-18 01:15:20,464 - picamera2.picamera2 - [picamera2.py:1391] - DEBUG - Execute job: <picamera2.job.Job object at 0x7f8c53a090>
2026-06-18 01:15:20,467 - mazeUtils.device.camera - [camera.py:39] - DEBUG - Average HSV: H=121.8, S=27.3, V=222.5
2026-06-18 01:15:20,473 - mazeUtils.moveTile - [moveTile.py:90] - DEBUG - [2894.762734] moveTile calculated motor speeds left=96 right=100 gyroSteer=-3.2549999999999955 wallSteer=0.0 (+15.8 ms)
2026-06-18 01:15:20,514 - mazeUtils.moveTile - [moveTile.py:90] - DEBUG - [2894.803239] moveTile applied motor speed left=96 right=100 (+40.5 ms)
2026-06-18 01:15:20,514 - mazeUtils.moveTile - [moveTile.py:90] - DEBUG - [2894.803653] moveTile ramp check isBigRamp=True (+0.4 ms)
2026-06-18 01:15:20,518 - mazeUtils.moveTile - [moveTile.py:90] - DEBUG - [2894.808060] moveTile tile color check tempTileColor=E (+4.4 ms)
2026-06-18 01:15:20,519 - mazeUtils.moveTile - [moveTile.py:90] - DEBUG - [2894.808482] moveTile obstacle check escapeFlag=False (+0.4 ms)
2026-06-18 01:15:20,520 - mazeUtils.moveTile - [moveTile.py:79] - DEBUG - roll: 28.0 deg, practicalMoveTime: 0.7291500886316299 sec
2026-06-18 01:15:20,520 - mazeUtils.moveTile - [moveTile.py:1306] - DEBUG - moveTile loop time: 62.6 ms
2026-06-18 01:15:20,520 - mazeUtils.moveTile - [moveTile.py:90] - DEBUG - [2894.809819] moveTile loop end practicalMoveTime=0.729 (+1.3 ms)
2026-06-18 01:15:20,520 - mazeUtils.moveTile - [moveTile.py:90] - DEBUG - [2894.809978] moveTile loop start (+0.2 ms)
2026-06-18 01:15:20,525 - picamera2.picamera2 - [picamera2.py:1391] - DEBUG - Execute job: <picamera2.job.Job object at 0x7f7fe1a390>
2026-06-18 01:15:20,529 - mazeUtils.device.camera - [camera.py:39] - DEBUG - Average HSV: H=121.4, S=28.9, V=219.8
2026-06-18 01:15:20,535 - mazeUtils.moveTile - [moveTile.py:90] - DEBUG - [2894.824545] moveTile calculated motor speeds left=100 right=98 gyroSteer=-2.444999999999993 wallSteer=4.0 (+14.6 ms)
2026-06-18 01:15:20,575 - mazeUtils.moveTile - [moveTile.py:90] - DEBUG - [2894.864916] moveTile applied motor speed left=100 right=98 (+40.4 ms)
2026-06-18 01:15:20,576 - mazeUtils.moveTile - [moveTile.py:90] - DEBUG - [2894.865319] moveTile ramp check isBigRamp=True (+0.4 ms)
2026-06-18 01:15:20,578 - mazeUtils.moveTile - [moveTile.py:90] - DEBUG - [2894.867908] moveTile tile color check tempTileColor=E (+2.6 ms)
2026-06-18 01:15:20,579 - mazeUtils.moveTile - [moveTile.py:90] - DEBUG - [2894.868299] moveTile obstacle check escapeFlag=False (+0.4 ms)
2026-06-18 01:15:20,579 - mazeUtils.moveTile - [moveTile.py:79] - DEBUG - roll: 27.94999999999999 deg, practicalMoveTime: 0.7656150488808271 sec
2026-06-18 01:15:20,579 - mazeUtils.moveTile - [moveTile.py:1306] - DEBUG - moveTile loop time: 58.9 ms
2026-06-18 01:15:20,579 - mazeUtils.moveTile - [moveTile.py:90] - DEBUG - [2894.869036] moveTile loop end practicalMoveTime=0.766 (+0.7 ms)
2026-06-18 01:15:20,580 - mazeUtils.moveTile - [moveTile.py:90] - DEBUG - [2894.869176] moveTile loop start (+0.1 ms)
2026-06-18 01:15:20,583 - picamera2.picamera2 - [picamera2.py:1391] - DEBUG - Execute job: <picamera2.job.Job object at 0x7f8c53a090>
2026-06-18 01:15:20,586 - mazeUtils.device.camera - [camera.py:39] - DEBUG - Average HSV: H=121.0, S=29.5, V=219.9
2026-06-18 01:15:20,591 - mazeUtils.moveTile - [moveTile.py:90] - DEBUG - [2894.881090] moveTile calculated motor speeds left=96 right=100 gyroSteer=-3.299999999999983 wallSteer=0.0 (+11.9 ms)
2026-06-18 01:15:20,632 - mazeUtils.moveTile - [moveTile.py:90] - DEBUG - [2894.921559] moveTile applied motor speed left=96 right=100 (+40.5 ms)
2026-06-18 01:15:20,632 - mazeUtils.moveTile - [moveTile.py:90] - DEBUG - [2894.922025] moveTile ramp check isBigRamp=True (+0.5 ms)
2026-06-18 01:15:20,638 - mazeUtils.moveTile - [moveTile.py:90] - DEBUG - [2894.927257] moveTile tile color check tempTileColor=E (+5.2 ms)
2026-06-18 01:15:20,638 - mazeUtils.moveTile - [moveTile.py:90] - DEBUG - [2894.927680] moveTile obstacle check escapeFlag=False (+0.4 ms)
2026-06-18 01:15:20,638 - mazeUtils.moveTile - [moveTile.py:90] - DEBUG - [2894.927903] moveTile loop start (+0.2 ms)
2026-06-18 01:15:20,644 - picamera2.picamera2 - [picamera2.py:1391] - DEBUG - Execute job: <picamera2.job.Job object at 0x7f7fe1a390>
2026-06-18 01:15:20,647 - mazeUtils.device.camera - [camera.py:39] - DEBUG - Average HSV: H=122.8, S=33.7, V=208.9
2026-06-18 01:15:20,653 - mazeUtils.moveTile - [moveTile.py:90] - DEBUG - [2894.942438] moveTile calculated motor speeds left=96 right=100 gyroSteer=-3.2549999999999955 wallSteer=0.0 (+14.5 ms)
2026-06-18 01:15:20,693 - mazeUtils.moveTile - [moveTile.py:90] - DEBUG - [2894.982938] moveTile applied motor speed left=96 right=100 (+40.5 ms)
2026-06-18 01:15:20,694 - mazeUtils.moveTile - [moveTile.py:90] - DEBUG - [2894.983337] moveTile ramp check isBigRamp=True (+0.4 ms)
2026-06-18 01:15:20,697 - mazeUtils.moveTile - [moveTile.py:90] - DEBUG - [2894.986129] moveTile tile color check tempTileColor=E (+2.8 ms)
2026-06-18 01:15:20,697 - mazeUtils.moveTile - [moveTile.py:90] - DEBUG - [2894.986472] moveTile obstacle check escapeFlag=False (+0.3 ms)
2026-06-18 01:15:20,697 - mazeUtils.moveTile - [moveTile.py:79] - DEBUG - roll: 27.850000000000023 deg, practicalMoveTime: 0.8385600107510831 sec
2026-06-18 01:15:20,697 - mazeUtils.moveTile - [moveTile.py:1306] - DEBUG - moveTile loop time: 59.1 ms
2026-06-18 01:15:20,698 - mazeUtils.moveTile - [moveTile.py:90] - DEBUG - [2894.987200] moveTile loop end practicalMoveTime=0.839 (+0.7 ms)
2026-06-18 01:15:20,698 - mazeUtils.moveTile - [moveTile.py:90] - DEBUG - [2894.987355] moveTile loop start (+0.2 ms)
2026-06-18 01:15:20,703 - picamera2.picamera2 - [picamera2.py:1391] - DEBUG - Execute job: <picamera2.job.Job object at 0x7f7fe1bbd0>
2026-06-18 01:15:20,706 - mazeUtils.device.camera - [camera.py:39] - DEBUG - Average HSV: H=119.5, S=26.3, V=235.5
2026-06-18 01:15:20,710 - mazeUtils.moveTile - [moveTile.py:90] - DEBUG - [2894.999886] moveTile calculated motor speeds left=96 right=100 gyroSteer=-3.384999999999991 wallSteer=0.0 (+12.5 ms)
2026-06-18 01:15:20,751 - mazeUtils.moveTile - [moveTile.py:90] - DEBUG - [2895.040205] moveTile applied motor speed left=96 right=100 (+40.3 ms)
2026-06-18 01:15:20,751 - mazeUtils.moveTile - [moveTile.py:90] - DEBUG - [2895.040587] moveTile ramp check isBigRamp=True (+0.4 ms)
2026-06-18 01:15:20,754 - mazeUtils.moveTile - [moveTile.py:90] - DEBUG - [2895.043395] moveTile tile color check tempTileColor=E (+2.8 ms)
2026-06-18 01:15:20,754 - mazeUtils.moveTile - [moveTile.py:90] - DEBUG - [2895.043730] moveTile obstacle check escapeFlag=False (+0.3 ms)
2026-06-18 01:15:20,755 - mazeUtils.moveTile - [moveTile.py:79] - DEBUG - roll: 26.629999999999995 deg, practicalMoveTime: 0.8742230300978822 sec
2026-06-18 01:15:20,755 - mazeUtils.moveTile - [moveTile.py:1306] - DEBUG - moveTile loop time: 57.1 ms
2026-06-18 01:15:20,755 - mazeUtils.moveTile - [moveTile.py:90] - DEBUG - [2895.044629] moveTile loop end practicalMoveTime=0.874 (+0.9 ms)
2026-06-18 01:15:20,755 - mazeUtils.moveTile - [moveTile.py:90] - DEBUG - [2895.044800] moveTile loop start (+0.2 ms)
2026-06-18 01:15:20,759 - picamera2.picamera2 - [picamera2.py:1391] - DEBUG - Execute job: <picamera2.job.Job object at 0x7f8c978610>
2026-06-18 01:15:20,762 - mazeUtils.device.camera - [camera.py:39] - DEBUG - Average HSV: H=115.8, S=20.8, V=222.6
2026-06-18 01:15:20,767 - mazeUtils.moveTile - [moveTile.py:90] - DEBUG - [2895.056723] moveTile calculated motor speeds left=97 right=100 gyroSteer=-2.9799999999999898 wallSteer=0.0 (+11.9 ms)
2026-06-18 01:15:20,807 - mazeUtils.moveTile - [moveTile.py:90] - DEBUG - [2895.096507] moveTile applied motor speed left=97 right=100 (+39.8 ms)
2026-06-18 01:15:20,807 - mazeUtils.moveTile - [moveTile.py:90] - DEBUG - [2895.096941] moveTile ramp check isBigRamp=True (+0.4 ms)
2026-06-18 01:15:20,811 - mazeUtils.moveTile - [moveTile.py:90] - DEBUG - [2895.100832] moveTile tile color check tempTileColor=E (+3.9 ms)
2026-06-18 01:15:20,812 - mazeUtils.moveTile - [moveTile.py:90] - DEBUG - [2895.101337] moveTile obstacle check escapeFlag=False (+0.5 ms)
2026-06-18 01:15:20,813 - mazeUtils.moveTile - [moveTile.py:79] - DEBUG - roll: 27.400000000000034 deg, practicalMoveTime: 0.9100747308386085 sec
2026-06-18 01:15:20,813 - mazeUtils.moveTile - [moveTile.py:1306] - DEBUG - moveTile loop time: 57.8 ms
2026-06-18 01:15:20,814 - mazeUtils.moveTile - [moveTile.py:90] - DEBUG - [2895.103200] moveTile loop end practicalMoveTime=0.910 (+1.9 ms)
2026-06-18 01:15:20,814 - mazeUtils.moveTile - [moveTile.py:90] - DEBUG - [2895.103550] moveTile loop start (+0.4 ms)
2026-06-18 01:15:20,819 - picamera2.picamera2 - [picamera2.py:1391] - DEBUG - Execute job: <picamera2.job.Job object at 0x7f8c53a090>
2026-06-18 01:15:20,822 - mazeUtils.device.camera - [camera.py:39] - DEBUG - Average HSV: H=158.8, S=26.5, V=186.6
2026-06-18 01:15:20,828 - mazeUtils.moveTile - [moveTile.py:90] - DEBUG - [2895.117803] moveTile calculated motor speeds left=96 right=100 gyroSteer=-3.3649999999999807 wallSteer=0.0 (+14.3 ms)
2026-06-18 01:15:20,869 - mazeUtils.moveTile - [moveTile.py:90] - DEBUG - [2895.158679] moveTile applied motor speed left=96 right=100 (+40.9 ms)
2026-06-18 01:15:20,870 - mazeUtils.moveTile - [moveTile.py:90] - DEBUG - [2895.159200] moveTile ramp check isBigRamp=True (+0.5 ms)
2026-06-18 01:15:20,876 - mazeUtils.moveTile - [moveTile.py:90] - DEBUG - [2895.165534] moveTile tile color check tempTileColor=E (+6.3 ms)
2026-06-18 01:15:20,876 - mazeUtils.moveTile - [moveTile.py:90] - DEBUG - [2895.165982] moveTile obstacle check escapeFlag=False (+0.4 ms)
2026-06-18 01:15:20,877 - mazeUtils.moveTile - [moveTile.py:79] - DEBUG - roll: 26.310000000000002 deg, practicalMoveTime: 0.9502520414191763 sec
2026-06-18 01:15:20,878 - mazeUtils.moveTile - [moveTile.py:1306] - DEBUG - moveTile loop time: 64.0 ms
2026-06-18 01:15:20,879 - mazeUtils.moveTile - [moveTile.py:90] - DEBUG - [2895.168491] moveTile loop end practicalMoveTime=0.950 (+2.5 ms)
2026-06-18 01:15:20,879 - mazeUtils.moveTile - [moveTile.py:90] - DEBUG - [2895.168898] moveTile loop start (+0.4 ms)
2026-06-18 01:15:20,885 - picamera2.picamera2 - [picamera2.py:1391] - DEBUG - Execute job: <picamera2.job.Job object at 0x7f7fe1ad90>
2026-06-18 01:15:20,890 - mazeUtils.device.camera - [camera.py:39] - DEBUG - Average HSV: H=160.2, S=31.4, V=170.2
2026-06-18 01:15:20,896 - mazeUtils.moveTile - [moveTile.py:90] - DEBUG - [2895.185448] moveTile calculated motor speeds left=96 right=100 gyroSteer=-3.6850000000000023 wallSteer=0.0 (+16.6 ms)
2026-06-18 01:15:20,938 - mazeUtils.moveTile - [moveTile.py:90] - DEBUG - [2895.227748] moveTile applied motor speed left=96 right=100 (+42.3 ms)
2026-06-18 01:15:20,939 - mazeUtils.moveTile - [moveTile.py:90] - DEBUG - [2895.228153] moveTile ramp check isBigRamp=True (+0.4 ms)
2026-06-18 01:15:20,941 - mazeUtils.moveTile - [moveTile.py:90] - DEBUG - [2895.230878] moveTile tile color check tempTileColor=E (+2.7 ms)
2026-06-18 01:15:20,942 - mazeUtils.moveTile - [moveTile.py:90] - DEBUG - [2895.231203] moveTile obstacle check escapeFlag=False (+0.3 ms)
2026-06-18 01:15:20,942 - mazeUtils.moveTile - [moveTile.py:79] - DEBUG - roll: 26.060000000000002 deg, practicalMoveTime: 0.9904900119499146 sec
2026-06-18 01:15:20,942 - mazeUtils.moveTile - [moveTile.py:1306] - DEBUG - moveTile loop time: 63.0 ms
2026-06-18 01:15:20,943 - mazeUtils.moveTile - [moveTile.py:90] - DEBUG - [2895.232188] moveTile loop end practicalMoveTime=0.990 (+1.0 ms)
2026-06-18 01:15:20,943 - mazeUtils.moveTile - [moveTile.py:90] - DEBUG - [2895.232349] moveTile loop start (+0.2 ms)
2026-06-18 01:15:20,947 - picamera2.picamera2 - [picamera2.py:1391] - DEBUG - Execute job: <picamera2.job.Job object at 0x7f7fe55990>
2026-06-18 01:15:20,950 - mazeUtils.device.camera - [camera.py:39] - DEBUG - Average HSV: H=158.1, S=32.9, V=162.7
2026-06-18 01:15:20,957 - mazeUtils.moveTile - [moveTile.py:90] - DEBUG - [2895.246108] moveTile calculated motor speeds left=95 right=100 gyroSteer=-4.014999999999986 wallSteer=0.0 (+13.8 ms)
2026-06-18 01:15:20,998 - mazeUtils.moveTile - [moveTile.py:90] - DEBUG - [2895.287086] moveTile applied motor speed left=95 right=100 (+41.0 ms)
2026-06-18 01:15:20,998 - mazeUtils.moveTile - [moveTile.py:90] - DEBUG - [2895.287487] moveTile ramp check isBigRamp=True (+0.4 ms)
2026-06-18 01:15:21,001 - mazeUtils.moveTile - [moveTile.py:90] - DEBUG - [2895.290119] moveTile tile color check tempTileColor=E (+2.6 ms)
2026-06-18 01:15:21,001 - mazeUtils.moveTile - [moveTile.py:90] - DEBUG - [2895.290647] moveTile obstacle check escapeFlag=False (+0.5 ms)
2026-06-18 01:15:21,001 - mazeUtils.moveTile - [moveTile.py:79] - DEBUG - roll: 26.04000000000002 deg, practicalMoveTime: 1.0275981669345198 sec
2026-06-18 01:15:21,002 - mazeUtils.moveTile - [moveTile.py:1306] - DEBUG - moveTile loop time: 58.8 ms
2026-06-18 01:15:21,002 - mazeUtils.moveTile - [moveTile.py:90] - DEBUG - [2895.291364] moveTile loop end practicalMoveTime=1.028 (+0.7 ms)
2026-06-18 01:15:21,002 - mazeUtils.moveTile - [moveTile.py:90] - DEBUG - [2895.291510] moveTile loop start (+0.1 ms)
2026-06-18 01:15:21,006 - picamera2.picamera2 - [picamera2.py:1391] - DEBUG - Execute job: <picamera2.job.Job object at 0x7f7fe19350>
2026-06-18 01:15:21,009 - mazeUtils.device.camera - [camera.py:39] - DEBUG - Average HSV: H=160.3, S=36.8, V=150.8
2026-06-18 01:15:21,013 - mazeUtils.moveTile - [moveTile.py:90] - DEBUG - [2895.302718] moveTile calculated motor speeds left=96 right=100 gyroSteer=-3.3549999999999898 wallSteer=0.0 (+11.2 ms)
2026-06-18 01:15:21,054 - mazeUtils.moveTile - [moveTile.py:90] - DEBUG - [2895.343364] moveTile applied motor speed left=96 right=100 (+40.6 ms)
2026-06-18 01:15:21,054 - mazeUtils.moveTile - [moveTile.py:90] - DEBUG - [2895.343727] moveTile ramp check isBigRamp=True (+0.4 ms)
2026-06-18 01:15:21,057 - mazeUtils.moveTile - [moveTile.py:90] - DEBUG - [2895.346323] moveTile tile color check tempTileColor=E (+2.6 ms)
2026-06-18 01:15:21,057 - mazeUtils.moveTile - [moveTile.py:90] - DEBUG - [2895.346710] moveTile obstacle check escapeFlag=False (+0.4 ms)
2026-06-18 01:15:21,057 - mazeUtils.moveTile - [moveTile.py:79] - DEBUG - roll: 27.180000000000007 deg, practicalMoveTime: 1.0623353262770858 sec
2026-06-18 01:15:21,058 - mazeUtils.moveTile - [moveTile.py:1306] - DEBUG - moveTile loop time: 55.8 ms
2026-06-18 01:15:21,058 - mazeUtils.moveTile - [moveTile.py:90] - DEBUG - [2895.347450] moveTile loop end practicalMoveTime=1.062 (+0.7 ms)
2026-06-18 01:15:21,058 - mazeUtils.moveTile - [moveTile.py:90] - DEBUG - [2895.347589] moveTile loop start (+0.1 ms)
2026-06-18 01:15:21,063 - picamera2.picamera2 - [picamera2.py:1391] - DEBUG - Execute job: <picamera2.job.Job object at 0x7f7fe55990>
2026-06-18 01:15:21,066 - mazeUtils.device.camera - [camera.py:39] - DEBUG - Average HSV: H=156.8, S=51.4, V=103.6
2026-06-18 01:15:21,070 - mazeUtils.moveTile - [moveTile.py:90] - DEBUG - [2895.360072] moveTile calculated motor speeds left=96 right=100 gyroSteer=-3.7399999999999807 wallSteer=0.0 (+12.5 ms)
2026-06-18 01:15:21,111 - mazeUtils.moveTile - [moveTile.py:90] - DEBUG - [2895.400497] moveTile applied motor speed left=96 right=100 (+40.4 ms)
2026-06-18 01:15:21,111 - mazeUtils.moveTile - [moveTile.py:90] - DEBUG - [2895.400925] moveTile ramp check isBigRamp=True (+0.4 ms)
2026-06-18 01:15:21,114 - mazeUtils.moveTile - [moveTile.py:90] - DEBUG - [2895.403537] moveTile tile color check tempTileColor=E (+2.6 ms)
2026-06-18 01:15:21,114 - mazeUtils.moveTile - [moveTile.py:90] - DEBUG - [2895.404065] moveTile obstacle check escapeFlag=False (+0.5 ms)
2026-06-18 01:15:21,115 - mazeUtils.moveTile - [moveTile.py:79] - DEBUG - roll: 27.360000000000014 deg, practicalMoveTime: 1.09785744707752 sec
2026-06-18 01:15:21,115 - mazeUtils.moveTile - [moveTile.py:1306] - DEBUG - moveTile loop time: 57.3 ms
2026-06-18 01:15:21,116 - mazeUtils.moveTile - [moveTile.py:90] - DEBUG - [2895.405409] moveTile loop end practicalMoveTime=1.098 (+1.3 ms)
2026-06-18 01:15:21,116 - mazeUtils.moveTile - [moveTile.py:90] - DEBUG - [2895.405655] moveTile loop start (+0.2 ms)
2026-06-18 01:15:21,122 - picamera2.picamera2 - [picamera2.py:1391] - DEBUG - Execute job: <picamera2.job.Job object at 0x7f8c53a090>
2026-06-18 01:15:21,126 - mazeUtils.device.camera - [camera.py:39] - DEBUG - Average HSV: H=157.3, S=60.1, V=92.9
2026-06-18 01:15:21,132 - mazeUtils.moveTile - [moveTile.py:90] - DEBUG - [2895.421566] moveTile calculated motor speeds left=95 right=100 gyroSteer=-4.340000000000003 wallSteer=0.0 (+15.9 ms)
2026-06-18 01:15:21,173 - mazeUtils.moveTile - [moveTile.py:90] - DEBUG - [2895.462082] moveTile applied motor speed left=95 right=100 (+40.5 ms)
2026-06-18 01:15:21,173 - mazeUtils.moveTile - [moveTile.py:90] - DEBUG - [2895.462490] moveTile ramp check isBigRamp=True (+0.4 ms)
2026-06-18 01:15:21,176 - mazeUtils.moveTile - [moveTile.py:90] - DEBUG - [2895.465304] moveTile tile color check tempTileColor=E (+2.8 ms)
2026-06-18 01:15:21,176 - mazeUtils.moveTile - [moveTile.py:90] - DEBUG - [2895.465833] moveTile obstacle check escapeFlag=False (+0.5 ms)
2026-06-18 01:15:21,177 - mazeUtils.moveTile - [moveTile.py:79] - DEBUG - roll: 27.939999999999998 deg, practicalMoveTime: 1.1356912231163743 sec
2026-06-18 01:15:21,177 - mazeUtils.moveTile - [moveTile.py:1306] - DEBUG - moveTile loop time: 60.7 ms
2026-06-18 01:15:21,177 - mazeUtils.moveTile - [moveTile.py:90] - DEBUG - [2895.466567] moveTile loop end practicalMoveTime=1.136 (+0.7 ms)
2026-06-18 01:15:21,177 - mazeUtils.moveTile - [moveTile.py:90] - DEBUG - [2895.466705] moveTile loop start (+0.1 ms)
2026-06-18 01:15:21,181 - picamera2.picamera2 - [picamera2.py:1391] - DEBUG - Execute job: <picamera2.job.Job object at 0x7f7fe55990>
2026-06-18 01:15:21,185 - mazeUtils.device.camera - [camera.py:39] - DEBUG - Average HSV: H=156.8, S=58.9, V=92.5
2026-06-18 01:15:21,191 - mazeUtils.moveTile - [moveTile.py:90] - DEBUG - [2895.480353] moveTile calculated motor speeds left=95 right=100 gyroSteer=-4.484999999999985 wallSteer=0.0 (+13.6 ms)
2026-06-18 01:15:21,231 - mazeUtils.moveTile - [moveTile.py:90] - DEBUG - [2895.520769] moveTile applied motor speed left=95 right=100 (+40.4 ms)
2026-06-18 01:15:21,232 - mazeUtils.moveTile - [moveTile.py:90] - DEBUG - [2895.521233] moveTile ramp check isBigRamp=True (+0.5 ms)
2026-06-18 01:15:21,235 - mazeUtils.moveTile - [moveTile.py:90] - DEBUG - [2895.524106] moveTile tile color check tempTileColor=E (+2.9 ms)
2026-06-18 01:15:21,235 - mazeUtils.moveTile - [moveTile.py:90] - DEBUG - [2895.524585] moveTile obstacle check escapeFlag=False (+0.5 ms)
2026-06-18 01:15:21,235 - mazeUtils.moveTile - [moveTile.py:79] - DEBUG - roll: 27.08000000000004 deg, practicalMoveTime: 1.1721659471133583 sec
2026-06-18 01:15:21,236 - mazeUtils.moveTile - [moveTile.py:1306] - DEBUG - moveTile loop time: 58.6 ms
2026-06-18 01:15:21,236 - mazeUtils.moveTile - [moveTile.py:90] - DEBUG - [2895.525538] moveTile loop end practicalMoveTime=1.172 (+1.0 ms)
2026-06-18 01:15:21,236 - mazeUtils.moveTile - [moveTile.py:90] - DEBUG - [2895.525714] moveTile loop start (+0.2 ms)
2026-06-18 01:15:21,241 - picamera2.picamera2 - [picamera2.py:1391] - DEBUG - Execute job: <picamera2.job.Job object at 0x7f8c53a090>
2026-06-18 01:15:21,245 - mazeUtils.device.camera - [camera.py:39] - DEBUG - Average HSV: H=164.8, S=52.4, V=120.9
2026-06-18 01:15:21,251 - mazeUtils.moveTile - [moveTile.py:90] - DEBUG - [2895.540472] moveTile calculated motor speeds left=94 right=100 gyroSteer=-5.4199999999999875 wallSteer=0.0 (+14.8 ms)
2026-06-18 01:15:21,291 - mazeUtils.moveTile - [moveTile.py:90] - DEBUG - [2895.580249] moveTile applied motor speed left=94 right=100 (+39.8 ms)
2026-06-18 01:15:21,291 - mazeUtils.moveTile - [moveTile.py:90] - DEBUG - [2895.580982] moveTile ramp check isBigRamp=True (+0.7 ms)
2026-06-18 01:15:21,294 - mazeUtils.moveTile - [moveTile.py:90] - DEBUG - [2895.583688] moveTile tile color check tempTileColor=E (+2.7 ms)
2026-06-18 01:15:21,294 - mazeUtils.moveTile - [moveTile.py:90] - DEBUG - [2895.583936] moveTile obstacle check escapeFlag=False (+0.2 ms)
2026-06-18 01:15:21,295 - mazeUtils.moveTile - [moveTile.py:79] - DEBUG - roll: 23.19999999999999 deg, practicalMoveTime: 1.2101254794557286 sec
2026-06-18 01:15:21,295 - mazeUtils.moveTile - [moveTile.py:1306] - DEBUG - moveTile loop time: 59.0 ms
2026-06-18 01:15:21,295 - mazeUtils.moveTile - [moveTile.py:90] - DEBUG - [2895.585083] moveTile loop end practicalMoveTime=1.210 (+1.1 ms)
2026-06-18 01:15:21,296 - mazeUtils.moveTile - [moveTile.py:90] - DEBUG - [2895.585249] moveTile loop start (+0.2 ms)
2026-06-18 01:15:21,299 - picamera2.picamera2 - [picamera2.py:1391] - DEBUG - Execute job: <picamera2.job.Job object at 0x7f7fe1ac50>
2026-06-18 01:15:21,303 - mazeUtils.device.camera - [camera.py:39] - DEBUG - Average HSV: H=166.0, S=48.3, V=134.9
2026-06-18 01:15:21,307 - mazeUtils.moveTile - [moveTile.py:90] - DEBUG - [2895.596374] moveTile calculated motor speeds left=95 right=100 gyroSteer=-4.519999999999982 wallSteer=0.0 (+11.1 ms)
2026-06-18 01:15:21,348 - mazeUtils.moveTile - [moveTile.py:90] - DEBUG - [2895.637326] moveTile applied motor speed left=95 right=100 (+41.0 ms)
2026-06-18 01:15:21,348 - mazeUtils.moveTile - [moveTile.py:90] - DEBUG - [2895.637740] moveTile ramp check isBigRamp=True (+0.4 ms)
2026-06-18 01:15:21,354 - mazeUtils.moveTile - [moveTile.py:90] - DEBUG - [2895.644090] moveTile tile color check tempTileColor=E (+6.3 ms)
2026-06-18 01:15:21,355 - mazeUtils.moveTile - [moveTile.py:90] - DEBUG - [2895.644432] moveTile obstacle check escapeFlag=False (+0.3 ms)
2026-06-18 01:15:21,355 - mazeUtils.moveTile - [moveTile.py:79] - DEBUG - roll: 21.480000000000018 deg, practicalMoveTime: 1.2492631722850012 sec
2026-06-18 01:15:21,356 - mazeUtils.moveTile - [moveTile.py:1306] - DEBUG - moveTile loop time: 60.7 ms
2026-06-18 01:15:21,357 - mazeUtils.moveTile - [moveTile.py:90] - DEBUG - [2895.646259] moveTile loop end practicalMoveTime=1.249 (+1.8 ms)
2026-06-18 01:15:21,357 - mazeUtils.moveTile - [moveTile.py:90] - DEBUG - [2895.646659] moveTile loop start (+0.4 ms)
2026-06-18 01:15:21,362 - picamera2.picamera2 - [picamera2.py:1391] - DEBUG - Execute job: <picamera2.job.Job object at 0x7f8c978610>
2026-06-18 01:15:21,365 - mazeUtils.device.camera - [camera.py:39] - DEBUG - Average HSV: H=153.5, S=27.8, V=183.9
2026-06-18 01:15:21,372 - mazeUtils.moveTile - [moveTile.py:90] - DEBUG - [2895.661201] moveTile calculated motor speeds left=95 right=100 gyroSteer=-4.734999999999985 wallSteer=0.0 (+14.5 ms)
2026-06-18 01:15:21,412 - mazeUtils.moveTile - [moveTile.py:90] - DEBUG - [2895.701271] moveTile applied motor speed left=95 right=100 (+40.1 ms)
2026-06-18 01:15:21,412 - mazeUtils.moveTile - [moveTile.py:90] - DEBUG - [2895.701672] moveTile ramp check isBigRamp=True (+0.4 ms)
2026-06-18 01:15:21,416 - mazeUtils.moveTile - [moveTile.py:90] - DEBUG - [2895.705714] moveTile tile color check tempTileColor=E (+4.0 ms)
2026-06-18 01:15:21,416 - mazeUtils.moveTile - [moveTile.py:90] - DEBUG - [2895.706084] moveTile obstacle check escapeFlag=False (+0.4 ms)
2026-06-18 01:15:21,417 - mazeUtils.moveTile - [moveTile.py:79] - DEBUG - roll: 15.730000000000018 deg, practicalMoveTime: 1.2899520785699194 sec
2026-06-18 01:15:21,417 - mazeUtils.moveTile - [moveTile.py:1306] - DEBUG - moveTile loop time: 60.0 ms
2026-06-18 01:15:21,417 - mazeUtils.moveTile - [moveTile.py:90] - DEBUG - [2895.706870] moveTile loop end practicalMoveTime=1.290 (+0.8 ms)
2026-06-18 01:15:21,417 - mazeUtils.moveTile - [moveTile.py:90] - DEBUG - [2895.707015] moveTile loop start (+0.1 ms)
2026-06-18 01:15:21,423 - picamera2.picamera2 - [picamera2.py:1391] - DEBUG - Execute job: <picamera2.job.Job object at 0x7f7fe1a390>
2026-06-18 01:15:21,427 - mazeUtils.device.camera - [camera.py:39] - DEBUG - Average HSV: H=150.8, S=28.5, V=182.0
2026-06-18 01:15:21,433 - mazeUtils.moveTile - [moveTile.py:90] - DEBUG - [2895.722702] moveTile calculated motor speeds left=96 right=100 gyroSteer=-3.259999999999991 wallSteer=0.0 (+15.7 ms)
2026-06-18 01:15:21,473 - mazeUtils.moveTile - [moveTile.py:90] - DEBUG - [2895.763073] moveTile applied motor speed left=96 right=100 (+40.4 ms)
2026-06-18 01:15:21,474 - mazeUtils.moveTile - [moveTile.py:90] - DEBUG - [2895.763470] moveTile ramp check isBigRamp=False (+0.4 ms)
2026-06-18 01:15:21,478 - mazeUtils.moveTile - [moveTile.py:90] - DEBUG - [2895.767635] moveTile tile color check tempTileColor=E (+4.2 ms)
2026-06-18 01:15:21,479 - mazeUtils.moveTile - [moveTile.py:90] - DEBUG - [2895.768174] moveTile obstacle check escapeFlag=False (+0.5 ms)
2026-06-18 01:15:21,479 - mazeUtils.moveTile - [moveTile.py:79] - DEBUG - roll: 11.850000000000023 deg, practicalMoveTime: 1.3322974978808069 sec
2026-06-18 01:15:21,479 - mazeUtils.moveTile - [moveTile.py:1306] - DEBUG - moveTile loop time: 61.7 ms
2026-06-18 01:15:21,479 - mazeUtils.moveTile - [moveTile.py:90] - DEBUG - [2895.768955] moveTile loop end practicalMoveTime=1.332 (+0.8 ms)
2026-06-18 01:15:21,479 - mazeUtils.moveTile - [moveTile.py:90] - DEBUG - [2895.769101] moveTile loop start (+0.1 ms)
2026-06-18 01:15:21,486 - picamera2.picamera2 - [picamera2.py:1391] - DEBUG - Execute job: <picamera2.job.Job object at 0x7f7fe55990>
2026-06-18 01:15:21,489 - mazeUtils.device.camera - [camera.py:39] - DEBUG - Average HSV: H=146.2, S=27.0, V=195.3
2026-06-18 01:15:21,495 - mazeUtils.moveTile - [moveTile.py:90] - DEBUG - [2895.784468] moveTile calculated motor speeds left=87 right=100 gyroSteer=-2.4749999999999943 wallSteer=-10.0 (+15.4 ms)
2026-06-18 01:15:21,536 - mazeUtils.moveTile - [moveTile.py:90] - DEBUG - [2895.825199] moveTile applied motor speed left=87 right=100 (+40.7 ms)
2026-06-18 01:15:21,536 - mazeUtils.moveTile - [moveTile.py:90] - DEBUG - [2895.825604] moveTile ramp check isBigRamp=False (+0.4 ms)
2026-06-18 01:15:21,539 - mazeUtils.moveTile - [moveTile.py:90] - DEBUG - [2895.828263] moveTile tile color check tempTileColor=E (+2.7 ms)
2026-06-18 01:15:21,539 - mazeUtils.moveTile - [moveTile.py:90] - DEBUG - [2895.828650] moveTile obstacle check escapeFlag=False (+0.4 ms)
2026-06-18 01:15:21,539 - mazeUtils.moveTile - [moveTile.py:79] - DEBUG - roll: 7.3799999999999955 deg, practicalMoveTime: 1.3919827027056477 sec
2026-06-18 01:15:21,540 - mazeUtils.moveTile - [moveTile.py:1306] - DEBUG - moveTile loop time: 60.5 ms
2026-06-18 01:15:21,540 - mazeUtils.moveTile - [moveTile.py:90] - DEBUG - [2895.829866] moveTile loop end practicalMoveTime=1.392 (+1.2 ms)
2026-06-18 01:15:21,541 - mazeUtils.moveTile - [moveTile.py:90] - DEBUG - [2895.830153] moveTile loop start (+0.3 ms)
2026-06-18 01:15:21,547 - picamera2.picamera2 - [picamera2.py:1391] - DEBUG - Execute job: <picamera2.job.Job object at 0x7f8c53a090>
2026-06-18 01:15:21,550 - mazeUtils.device.camera - [camera.py:39] - DEBUG - Average HSV: H=145.6, S=27.2, V=198.9
2026-06-18 01:15:21,557 - mazeUtils.moveTile - [moveTile.py:90] - DEBUG - [2895.846468] moveTile calculated motor speeds left=96 right=100 gyroSteer=-3.055000000000007 wallSteer=0.0 (+16.3 ms)
2026-06-18 01:15:21,597 - mazeUtils.moveTile - [moveTile.py:90] - DEBUG - [2895.887026] moveTile applied motor speed left=96 right=100 (+40.6 ms)
2026-06-18 01:15:21,598 - mazeUtils.moveTile - [moveTile.py:90] - DEBUG - [2895.887448] moveTile ramp check isBigRamp=False (+0.4 ms)
2026-06-18 01:15:21,600 - mazeUtils.moveTile - [moveTile.py:90] - DEBUG - [2895.890069] moveTile tile color check tempTileColor=E (+2.6 ms)
2026-06-18 01:15:21,601 - mazeUtils.moveTile - [moveTile.py:90] - DEBUG - [2895.890367] moveTile obstacle check escapeFlag=False (+0.3 ms)
2026-06-18 01:15:21,601 - mazeUtils.moveTile - [moveTile.py:79] - DEBUG - roll: 4.550000000000011 deg, practicalMoveTime: 1.4528395281506465 sec
2026-06-18 01:15:21,601 - mazeUtils.moveTile - [moveTile.py:1306] - DEBUG - moveTile loop time: 60.8 ms
2026-06-18 01:15:21,601 - mazeUtils.moveTile - [moveTile.py:90] - DEBUG - [2895.891109] moveTile loop end practicalMoveTime=1.453 (+0.7 ms)
2026-06-18 01:15:21,602 - mazeUtils.moveTile - [moveTile.py:90] - DEBUG - [2895.891251] moveTile loop start (+0.1 ms)
2026-06-18 01:15:21,606 - picamera2.picamera2 - [picamera2.py:1391] - DEBUG - Execute job: <picamera2.job.Job object at 0x7f7fe19350>
2026-06-18 01:15:21,609 - mazeUtils.device.camera - [camera.py:39] - DEBUG - Average HSV: H=144.5, S=28.5, V=197.3
2026-06-18 01:15:21,613 - mazeUtils.moveTile - [moveTile.py:90] - DEBUG - [2895.902916] moveTile calculated motor speeds left=97 right=100 gyroSteer=-2.5449999999999875 wallSteer=0.0 (+11.7 ms)
2026-06-18 01:15:21,654 - mazeUtils.moveTile - [moveTile.py:90] - DEBUG - [2895.943717] moveTile applied motor speed left=97 right=100 (+40.8 ms)
2026-06-18 01:15:21,655 - mazeUtils.moveTile - [moveTile.py:90] - DEBUG - [2895.944189] moveTile ramp check isBigRamp=False (+0.5 ms)
2026-06-18 01:15:21,658 - mazeUtils.moveTile - [moveTile.py:90] - DEBUG - [2895.947388] moveTile tile color check tempTileColor=E (+3.2 ms)
2026-06-18 01:15:21,658 - mazeUtils.moveTile - [moveTile.py:90] - DEBUG - [2895.947722] moveTile obstacle check escapeFlag=False (+0.3 ms)
2026-06-18 01:15:21,658 - mazeUtils.moveTile - [moveTile.py:79] - DEBUG - roll: 3.8700000000000045 deg, practicalMoveTime: 1.509749677013612 sec
2026-06-18 01:15:21,659 - mazeUtils.moveTile - [moveTile.py:1306] - DEBUG - moveTile loop time: 57.1 ms
2026-06-18 01:15:21,659 - mazeUtils.moveTile - [moveTile.py:90] - DEBUG - [2895.948504] moveTile loop end practicalMoveTime=1.510 (+0.8 ms)
2026-06-18 01:15:21,659 - mazeUtils.moveTile - [moveTile.py:90] - DEBUG - [2895.948648] moveTile loop start (+0.1 ms)
2026-06-18 01:15:21,663 - picamera2.picamera2 - [picamera2.py:1391] - DEBUG - Execute job: <picamera2.job.Job object at 0x7f7fe18050>
2026-06-18 01:15:21,667 - mazeUtils.device.camera - [camera.py:39] - DEBUG - Average HSV: H=143.2, S=30.7, V=193.6
2026-06-18 01:15:21,673 - mazeUtils.moveTile - [moveTile.py:90] - DEBUG - [2895.962337] moveTile calculated motor speeds left=97 right=100 gyroSteer=-2.644999999999982 wallSteer=0.0 (+13.7 ms)
2026-06-18 01:15:21,713 - mazeUtils.moveTile - [moveTile.py:90] - DEBUG - [2896.002961] moveTile applied motor speed left=97 right=100 (+40.6 ms)
2026-06-18 01:15:21,714 - mazeUtils.moveTile - [moveTile.py:90] - DEBUG - [2896.003385] moveTile ramp check isBigRamp=False (+0.4 ms)
2026-06-18 01:15:21,717 - mazeUtils.moveTile - [moveTile.py:90] - DEBUG - [2896.006129] moveTile tile color check tempTileColor=E (+2.7 ms)
2026-06-18 01:15:21,717 - mazeUtils.moveTile - [moveTile.py:90] - DEBUG - [2896.006753] moveTile obstacle check escapeFlag=False (+0.6 ms)
2026-06-18 01:15:21,718 - mazeUtils.moveTile - [moveTile.py:79] - DEBUG - roll: 3.0500000000000114 deg, practicalMoveTime: 1.5685170791191023 sec
2026-06-18 01:15:21,718 - mazeUtils.moveTile - [moveTile.py:1306] - DEBUG - moveTile loop time: 59.0 ms
2026-06-18 01:15:21,718 - mazeUtils.moveTile - [moveTile.py:90] - DEBUG - [2896.007869] moveTile loop end practicalMoveTime=1.569 (+1.1 ms)
2026-06-18 01:15:21,718 - mazeUtils.moveTile - [moveTile.py:90] - DEBUG - [2896.008100] moveTile loop start (+0.2 ms)
2026-06-18 01:15:21,725 - picamera2.picamera2 - [picamera2.py:1391] - DEBUG - Execute job: <picamera2.job.Job object at 0x7f7fe55990>
2026-06-18 01:15:21,728 - mazeUtils.device.camera - [camera.py:39] - DEBUG - Average HSV: H=144.8, S=34.1, V=185.5
2026-06-18 01:15:21,735 - mazeUtils.moveTile - [moveTile.py:90] - DEBUG - [2896.024106] moveTile calculated motor speeds left=87 right=100 gyroSteer=-2.3549999999999898 wallSteer=-10.0 (+16.0 ms)
2026-06-18 01:15:21,775 - mazeUtils.moveTile - [moveTile.py:90] - DEBUG - [2896.064866] moveTile applied motor speed left=87 right=100 (+40.8 ms)
2026-06-18 01:15:21,776 - mazeUtils.moveTile - [moveTile.py:90] - DEBUG - [2896.065278] moveTile ramp check isBigRamp=False (+0.4 ms)
2026-06-18 01:15:21,780 - mazeUtils.moveTile - [moveTile.py:90] - DEBUG - [2896.069371] moveTile tile color check tempTileColor=E (+4.1 ms)
2026-06-18 01:15:21,780 - mazeUtils.moveTile - [moveTile.py:90] - DEBUG - [2896.069743] moveTile obstacle check escapeFlag=False (+0.4 ms)
2026-06-18 01:15:21,780 - mazeUtils.moveTile - [moveTile.py:1253] - INFO - practicalVerticalMove: 16.918353212846853 CM
2026-06-18 01:15:21,821 - mazeUtils.moveTile - [moveTile.py:90] - DEBUG - [2896.110929] moveTile finished by time control (+41.2 ms)
2026-06-18 01:15:21,822 - mazeUtils.moveTile - [moveTile.py:90] - DEBUG - [2896.111489] moveTile start final forward adjustment (+41.7 ms)
2026-06-18 01:15:21,866 - mazeUtils.moveTile - [moveTile.py:90] - DEBUG - [2896.155316] moveTile finished final forward adjustment (+43.8 ms)
2026-06-18 01:15:21,904 - mazeUtils.moveTile - [moveTile.py:527] - DEBUG - Direction: absDirection.NORTH, Angle: 270, Distance: 12.82976131356919 cm
2026-06-18 01:15:21,905 - mazeUtils.moveTile - [moveTile.py:527] - DEBUG - Direction: absDirection.EAST, Angle: 180, Distance: 210.66891656123371 cm
2026-06-18 01:15:21,906 - mazeUtils.moveTile - [moveTile.py:527] - DEBUG - Direction: absDirection.SOUTH, Angle: 90, Distance: 25.02851362510914 cm
2026-06-18 01:15:21,907 - mazeUtils.moveTile - [moveTile.py:527] - DEBUG - Direction: absDirection.WEST, Angle: 0, Distance: 76.86958518855916 cm
2026-06-18 01:15:21,907 - mazeUtils.moveTile - [moveTile.py:550] - DEBUG - Front LiDAR distance: 76.86958518855916 cm, TSD10 distance: 65.8 cm
2026-06-18 01:15:21,907 - mazeUtils.moveTile - [moveTile.py:90] - DEBUG - [2896.196649] moveTile updated map and detected walls (+41.3 ms)
2026-06-18 01:15:21,909 - mazeUtils.moveTile - [moveTile.py:1620] - INFO - Tile color detection counts: {}, decided tile type: E
2026-06-18 01:15:21,909 - mazeUtils.moveTile - [moveTile.py:90] - DEBUG - [2896.198786] moveTile finished (+43.5 ms)
2026-06-18 01:15:21,998 - mazeUtils.mazeMap - [mazeMap.py:61] - INFO - next goal: (18, 18, 2)
2026-06-18 01:15:21,999 - mazeUtils.moveTile - [moveTile.py:88] - DEBUG - [2896.288234] moveTile start direction=absDirection.WEST position=(19, 18, 2) front=absDirection.WEST
2026-06-18 01:15:22,003 - mazeUtils.moveTile - [moveTile.py:90] - DEBUG - [2896.292302] moveTile after initial toggle check (+4.1 ms)
2026-06-18 01:15:22,005 - mazeUtils.moveTile - [moveTile.py:90] - DEBUG - [2896.294082] moveTile after tile checks isRedTile=False isUnknownTileAhead=True (+1.8 ms)
2026-06-18 01:15:22,005 - mazeUtils.moveTile - [moveTile.py:79] - DEBUG - Moving to absDirection.WEST from (19, 18, 2) facing absDirection.WEST
2026-06-18 01:15:22,005 - mazeUtils.moveTile - [moveTile.py:90] - DEBUG - [2896.294644] moveTile updated front direction (+0.6 ms)
2026-06-18 01:15:22,008 - mazeUtils.moveTile - [moveTile.py:90] - DEBUG - [2896.297452] moveTile acquired initial LiDAR scan (+2.8 ms)
2026-06-18 01:15:22,048 - mazeUtils.moveTile - [moveTile.py:90] - DEBUG - [2896.337422] moveTile stopped motors before alignment (+40.0 ms)
2026-06-18 01:15:22,135 - mazeUtils.moveTile - [moveTile.py:90] - DEBUG - [2896.424780] moveTile ready for forward move (+87.4 ms)
2026-06-18 01:15:22,239 - mazeUtils.moveTile - [moveTile.py:90] - DEBUG - [2896.528360] moveTile initialized movement targetSteps=1 (+103.6 ms)
2026-06-18 01:15:22,240 - mazeUtils.moveTile - [moveTile.py:90] - DEBUG - [2896.529623] moveTile loop start (+1.3 ms)
2026-06-18 01:15:22,245 - picamera2.picamera2 - [picamera2.py:1391] - DEBUG - Execute job: <picamera2.job.Job object at 0x7f761eebd0>
2026-06-18 01:15:22,250 - mazeUtils.device.camera - [camera.py:39] - DEBUG - Average HSV: H=140.1, S=44.2, V=171.9
2026-06-18 01:15:22,257 - mazeUtils.moveTile - [moveTile.py:90] - DEBUG - [2896.546084] moveTile calculated motor speeds left=89 right=100 gyroSteer=-0.8799999999999955 wallSteer=-10.0 (+16.5 ms)
2026-06-18 01:15:22,297 - mazeUtils.moveTile - [moveTile.py:90] - DEBUG - [2896.586413] moveTile applied motor speed left=89 right=100 (+40.3 ms)
2026-06-18 01:15:22,297 - mazeUtils.moveTile - [moveTile.py:90] - DEBUG - [2896.586882] moveTile ramp check isBigRamp=False (+0.5 ms)
2026-06-18 01:15:22,300 - mazeUtils.moveTile - [moveTile.py:90] - DEBUG - [2896.589977] moveTile tile color check tempTileColor=E (+3.1 ms)
2026-06-18 01:15:22,301 - mazeUtils.moveTile - [moveTile.py:90] - DEBUG - [2896.590291] moveTile obstacle check escapeFlag=False (+0.3 ms)
2026-06-18 01:15:22,301 - mazeUtils.moveTile - [moveTile.py:79] - DEBUG - roll: 1.1899999999999977 deg, practicalMoveTime: 0.06216949189195742 sec
2026-06-18 01:15:22,301 - mazeUtils.moveTile - [moveTile.py:1306] - DEBUG - moveTile loop time: 61.2 ms
2026-06-18 01:15:22,301 - mazeUtils.moveTile - [moveTile.py:90] - DEBUG - [2896.590978] moveTile loop end practicalMoveTime=0.062 (+0.7 ms)
2026-06-18 01:15:22,301 - mazeUtils.moveTile - [moveTile.py:90] - DEBUG - [2896.591114] moveTile loop start (+0.1 ms)
2026-06-18 01:15:22,307 - picamera2.picamera2 - [picamera2.py:1391] - DEBUG - Execute job: <picamera2.job.Job object at 0x7f7fe55990>
2026-06-18 01:15:22,311 - mazeUtils.device.camera - [camera.py:39] - DEBUG - Average HSV: H=141.7, S=45.1, V=167.1
2026-06-18 01:15:22,316 - mazeUtils.moveTile - [moveTile.py:90] - DEBUG - [2896.605693] moveTile calculated motor speeds left=89 right=100 gyroSteer=-0.7349999999999852 wallSteer=-10.0 (+14.6 ms)
2026-06-18 01:15:22,356 - mazeUtils.moveTile - [moveTile.py:90] - DEBUG - [2896.646053] moveTile applied motor speed left=89 right=100 (+40.4 ms)
2026-06-18 01:15:22,357 - mazeUtils.moveTile - [moveTile.py:90] - DEBUG - [2896.646414] moveTile ramp check isBigRamp=False (+0.4 ms)
2026-06-18 01:15:22,359 - mazeUtils.moveTile - [moveTile.py:90] - DEBUG - [2896.648984] moveTile tile color check tempTileColor=E (+2.6 ms)
2026-06-18 01:15:22,360 - mazeUtils.moveTile - [moveTile.py:90] - DEBUG - [2896.649327] moveTile obstacle check escapeFlag=False (+0.3 ms)
2026-06-18 01:15:22,360 - mazeUtils.moveTile - [moveTile.py:79] - DEBUG - roll: 1.5 deg, practicalMoveTime: 0.12092239261025885 sec
2026-06-18 01:15:22,360 - mazeUtils.moveTile - [moveTile.py:1306] - DEBUG - moveTile loop time: 58.8 ms
2026-06-18 01:15:22,360 - mazeUtils.moveTile - [moveTile.py:90] - DEBUG - [2896.650100] moveTile loop end practicalMoveTime=0.121 (+0.8 ms)
2026-06-18 01:15:22,361 - mazeUtils.moveTile - [moveTile.py:90] - DEBUG - [2896.650235] moveTile loop start (+0.1 ms)
2026-06-18 01:15:22,366 - picamera2.picamera2 - [picamera2.py:1391] - DEBUG - Execute job: <picamera2.job.Job object at 0x7f67e810d0>
2026-06-18 01:15:22,368 - mazeUtils.device.camera - [camera.py:39] - DEBUG - Average HSV: H=141.8, S=46.5, V=163.2
2026-06-18 01:15:22,372 - mazeUtils.moveTile - [moveTile.py:90] - DEBUG - [2896.662058] moveTile calculated motor speeds left=89 right=100 gyroSteer=-0.7150000000000034 wallSteer=-10.0 (+11.8 ms)
2026-06-18 01:15:22,413 - mazeUtils.moveTile - [moveTile.py:90] - DEBUG - [2896.702715] moveTile applied motor speed left=89 right=100 (+40.7 ms)
2026-06-18 01:15:22,414 - mazeUtils.moveTile - [moveTile.py:90] - DEBUG - [2896.703122] moveTile ramp check isBigRamp=False (+0.4 ms)
2026-06-18 01:15:22,416 - mazeUtils.moveTile - [moveTile.py:90] - DEBUG - [2896.705695] moveTile tile color check tempTileColor=E (+2.6 ms)
2026-06-18 01:15:22,416 - mazeUtils.moveTile - [moveTile.py:90] - DEBUG - [2896.705980] moveTile obstacle check escapeFlag=False (+0.3 ms)
2026-06-18 01:15:22,417 - mazeUtils.moveTile - [moveTile.py:79] - DEBUG - roll: 1.3799999999999955 deg, practicalMoveTime: 0.17723816525205754 sec
2026-06-18 01:15:22,417 - mazeUtils.moveTile - [moveTile.py:1306] - DEBUG - moveTile loop time: 56.4 ms
2026-06-18 01:15:22,417 - mazeUtils.moveTile - [moveTile.py:90] - DEBUG - [2896.706923] moveTile loop end practicalMoveTime=0.177 (+0.9 ms)
2026-06-18 01:15:22,418 - mazeUtils.moveTile - [moveTile.py:90] - DEBUG - [2896.707387] moveTile loop start (+0.5 ms)
2026-06-18 01:15:22,422 - picamera2.picamera2 - [picamera2.py:1391] - DEBUG - Execute job: <picamera2.job.Job object at 0x7f7fe55990>
2026-06-18 01:15:22,425 - mazeUtils.device.camera - [camera.py:39] - DEBUG - Average HSV: H=142.5, S=49.3, V=153.5
2026-06-18 01:15:22,429 - mazeUtils.moveTile - [moveTile.py:90] - DEBUG - [2896.718739] moveTile calculated motor speeds left=89 right=100 gyroSteer=-0.4199999999999875 wallSteer=-10.0 (+11.4 ms)
2026-06-18 01:15:22,470 - mazeUtils.moveTile - [moveTile.py:90] - DEBUG - [2896.759334] moveTile applied motor speed left=89 right=100 (+40.6 ms)
2026-06-18 01:15:22,470 - mazeUtils.moveTile - [moveTile.py:90] - DEBUG - [2896.759688] moveTile ramp check isBigRamp=False (+0.4 ms)
2026-06-18 01:15:22,476 - mazeUtils.moveTile - [moveTile.py:90] - DEBUG - [2896.765216] moveTile tile color check tempTileColor=E (+5.5 ms)
2026-06-18 01:15:22,476 - mazeUtils.moveTile - [moveTile.py:90] - DEBUG - [2896.765580] moveTile obstacle check escapeFlag=False (+0.4 ms)
2026-06-18 01:15:22,476 - mazeUtils.moveTile - [moveTile.py:79] - DEBUG - roll: 2.180000000000007 deg, practicalMoveTime: 0.23643110488736707 sec
2026-06-18 01:15:22,477 - mazeUtils.moveTile - [moveTile.py:1306] - DEBUG - moveTile loop time: 58.8 ms
2026-06-18 01:15:22,477 - mazeUtils.moveTile - [moveTile.py:90] - DEBUG - [2896.766353] moveTile loop end practicalMoveTime=0.236 (+0.8 ms)
2026-06-18 01:15:22,477 - mazeUtils.moveTile - [moveTile.py:90] - DEBUG - [2896.766537] moveTile loop start (+0.2 ms)
2026-06-18 01:15:22,481 - picamera2.picamera2 - [picamera2.py:1391] - DEBUG - Execute job: <picamera2.job.Job object at 0x7f66e69510>
2026-06-18 01:15:22,484 - mazeUtils.device.camera - [camera.py:39] - DEBUG - Average HSV: H=148.5, S=48.8, V=141.1
2026-06-18 01:15:22,488 - mazeUtils.moveTile - [moveTile.py:90] - DEBUG - [2896.777569] moveTile calculated motor speeds left=90 right=100 gyroSteer=0.030000000000001137 wallSteer=-10.0 (+11.0 ms)
2026-06-18 01:15:22,529 - mazeUtils.moveTile - [moveTile.py:90] - DEBUG - [2896.819010] moveTile applied motor speed left=90 right=100 (+41.4 ms)
2026-06-18 01:15:22,530 - mazeUtils.moveTile - [moveTile.py:90] - DEBUG - [2896.819409] moveTile ramp check isBigRamp=False (+0.4 ms)
2026-06-18 01:15:22,532 - mazeUtils.moveTile - [moveTile.py:90] - DEBUG - [2896.822073] moveTile tile color check tempTileColor=E (+2.7 ms)
2026-06-18 01:15:22,533 - mazeUtils.moveTile - [moveTile.py:90] - DEBUG - [2896.822420] moveTile obstacle check escapeFlag=False (+0.3 ms)
2026-06-18 01:15:22,533 - mazeUtils.moveTile - [moveTile.py:79] - DEBUG - roll: 0.8600000000000136 deg, practicalMoveTime: 0.2929447233696086 sec
2026-06-18 01:15:22,533 - mazeUtils.moveTile - [moveTile.py:1306] - DEBUG - moveTile loop time: 56.4 ms
2026-06-18 01:15:22,534 - mazeUtils.moveTile - [moveTile.py:90] - DEBUG - [2896.823143] moveTile loop end practicalMoveTime=0.293 (+0.7 ms)
2026-06-18 01:15:22,534 - mazeUtils.moveTile - [moveTile.py:90] - DEBUG - [2896.823298] moveTile loop start (+0.2 ms)
2026-06-18 01:15:22,538 - picamera2.picamera2 - [picamera2.py:1391] - DEBUG - Execute job: <picamera2.job.Job object at 0x7f7fe55990>
2026-06-18 01:15:22,542 - mazeUtils.device.camera - [camera.py:39] - DEBUG - Average HSV: H=152.4, S=49.7, V=135.6
2026-06-18 01:15:22,548 - mazeUtils.moveTile - [moveTile.py:90] - DEBUG - [2896.837238] moveTile calculated motor speeds left=89 right=100 gyroSteer=-0.03999999999999204 wallSteer=-10.0 (+13.9 ms)
2026-06-18 01:15:22,588 - mazeUtils.moveTile - [moveTile.py:90] - DEBUG - [2896.877740] moveTile applied motor speed left=89 right=100 (+40.5 ms)
2026-06-18 01:15:22,589 - mazeUtils.moveTile - [moveTile.py:90] - DEBUG - [2896.878139] moveTile ramp check isBigRamp=False (+0.4 ms)
2026-06-18 01:15:22,592 - mazeUtils.moveTile - [moveTile.py:90] - DEBUG - [2896.881340] moveTile tile color check tempTileColor=E (+3.2 ms)
2026-06-18 01:15:22,592 - mazeUtils.moveTile - [moveTile.py:90] - DEBUG - [2896.881711] moveTile obstacle check escapeFlag=False (+0.4 ms)
2026-06-18 01:15:22,593 - mazeUtils.moveTile - [moveTile.py:79] - DEBUG - roll: 1.670000000000016 deg, practicalMoveTime: 0.35198044965886166 sec
2026-06-18 01:15:22,593 - mazeUtils.moveTile - [moveTile.py:1306] - DEBUG - moveTile loop time: 59.3 ms
2026-06-18 01:15:22,593 - mazeUtils.moveTile - [moveTile.py:90] - DEBUG - [2896.882840] moveTile loop end practicalMoveTime=0.352 (+1.1 ms)
2026-06-18 01:15:22,593 - mazeUtils.moveTile - [moveTile.py:90] - DEBUG - [2896.883056] moveTile loop start (+0.2 ms)
2026-06-18 01:15:22,601 - picamera2.picamera2 - [picamera2.py:1391] - DEBUG - Execute job: <picamera2.job.Job object at 0x7f761eebd0>
2026-06-18 01:15:22,604 - mazeUtils.device.camera - [camera.py:39] - DEBUG - Average HSV: H=153.4, S=54.4, V=125.4
2026-06-18 01:15:22,611 - mazeUtils.moveTile - [moveTile.py:90] - DEBUG - [2896.900094] moveTile calculated motor speeds left=90 right=100 gyroSteer=0.6100000000000136 wallSteer=-10.0 (+17.0 ms)
2026-06-18 01:15:22,651 - mazeUtils.moveTile - [moveTile.py:90] - DEBUG - [2896.940558] moveTile applied motor speed left=90 right=100 (+40.5 ms)
2026-06-18 01:15:22,651 - mazeUtils.moveTile - [moveTile.py:90] - DEBUG - [2896.940970] moveTile ramp check isBigRamp=False (+0.4 ms)
2026-06-18 01:15:22,656 - mazeUtils.moveTile - [moveTile.py:90] - DEBUG - [2896.945571] moveTile tile color check tempTileColor=E (+4.6 ms)
2026-06-18 01:15:22,656 - mazeUtils.moveTile - [moveTile.py:90] - DEBUG - [2896.945945] moveTile obstacle check escapeFlag=False (+0.4 ms)
2026-06-18 01:15:22,657 - mazeUtils.moveTile - [moveTile.py:79] - DEBUG - roll: 1.150000000000034 deg, practicalMoveTime: 0.4156835506527008 sec
2026-06-18 01:15:22,657 - mazeUtils.moveTile - [moveTile.py:1306] - DEBUG - moveTile loop time: 63.6 ms
2026-06-18 01:15:22,657 - mazeUtils.moveTile - [moveTile.py:90] - DEBUG - [2896.946822] moveTile loop end practicalMoveTime=0.416 (+0.9 ms)
2026-06-18 01:15:22,657 - mazeUtils.moveTile - [moveTile.py:90] - DEBUG - [2896.946958] moveTile loop start (+0.1 ms)
2026-06-18 01:15:22,662 - picamera2.picamera2 - [picamera2.py:1391] - DEBUG - Execute job: <picamera2.job.Job object at 0x7f66e697d0>
2026-06-18 01:15:22,666 - mazeUtils.device.camera - [camera.py:39] - DEBUG - Average HSV: H=153.7, S=55.6, V=123.8
2026-06-18 01:15:22,672 - mazeUtils.moveTile - [moveTile.py:90] - DEBUG - [2896.961463] moveTile calculated motor speeds left=92 right=100 gyroSteer=1.039999999999992 wallSteer=-8.400000000000002 (+14.5 ms)
2026-06-18 01:15:22,712 - mazeUtils.moveTile - [moveTile.py:90] - DEBUG - [2897.002073] moveTile applied motor speed left=92 right=100 (+40.6 ms)
2026-06-18 01:15:22,713 - mazeUtils.moveTile - [moveTile.py:90] - DEBUG - [2897.002474] moveTile ramp check isBigRamp=False (+0.4 ms)
2026-06-18 01:15:22,715 - mazeUtils.moveTile - [moveTile.py:90] - DEBUG - [2897.005029] moveTile tile color check tempTileColor=E (+2.6 ms)
2026-06-18 01:15:22,716 - mazeUtils.moveTile - [moveTile.py:90] - DEBUG - [2897.005383] moveTile obstacle check escapeFlag=False (+0.4 ms)
2026-06-18 01:15:22,716 - mazeUtils.moveTile - [moveTile.py:79] - DEBUG - roll: 2.0200000000000387 deg, practicalMoveTime: 0.47463999251048916 sec
2026-06-18 01:15:22,716 - mazeUtils.moveTile - [moveTile.py:1306] - DEBUG - moveTile loop time: 59.0 ms
2026-06-18 01:15:22,717 - mazeUtils.moveTile - [moveTile.py:90] - DEBUG - [2897.006126] moveTile loop end practicalMoveTime=0.475 (+0.7 ms)
2026-06-18 01:15:22,717 - mazeUtils.moveTile - [moveTile.py:90] - DEBUG - [2897.006268] moveTile loop start (+0.1 ms)
2026-06-18 01:15:22,721 - picamera2.picamera2 - [picamera2.py:1391] - DEBUG - Execute job: <picamera2.job.Job object at 0x7f7fe55990>
2026-06-18 01:15:22,724 - mazeUtils.device.camera - [camera.py:39] - DEBUG - Average HSV: H=154.5, S=62.9, V=111.7
2026-06-18 01:15:22,729 - mazeUtils.moveTile - [moveTile.py:90] - DEBUG - [2897.018357] moveTile calculated motor speeds left=93 right=100 gyroSteer=1.7249999999999943 wallSteer=-8.400000000000002 (+12.1 ms)
2026-06-18 01:15:22,770 - mazeUtils.moveTile - [moveTile.py:90] - DEBUG - [2897.059125] moveTile applied motor speed left=93 right=100 (+40.8 ms)
2026-06-18 01:15:22,770 - mazeUtils.moveTile - [moveTile.py:90] - DEBUG - [2897.059509] moveTile ramp check isBigRamp=False (+0.4 ms)
2026-06-18 01:15:22,773 - mazeUtils.moveTile - [moveTile.py:90] - DEBUG - [2897.062335] moveTile tile color check tempTileColor=E (+2.8 ms)
2026-06-18 01:15:22,773 - mazeUtils.moveTile - [moveTile.py:90] - DEBUG - [2897.062680] moveTile obstacle check escapeFlag=False (+0.3 ms)
2026-06-18 01:15:22,773 - mazeUtils.moveTile - [moveTile.py:79] - DEBUG - roll: 0.5699999999999932 deg, practicalMoveTime: 0.5316170675160304 sec
2026-06-18 01:15:22,774 - mazeUtils.moveTile - [moveTile.py:1306] - DEBUG - moveTile loop time: 56.9 ms
2026-06-18 01:15:22,774 - mazeUtils.moveTile - [moveTile.py:90] - DEBUG - [2897.063379] moveTile loop end practicalMoveTime=0.532 (+0.7 ms)
2026-06-18 01:15:22,774 - mazeUtils.moveTile - [moveTile.py:90] - DEBUG - [2897.063525] moveTile loop start (+0.1 ms)
2026-06-18 01:15:22,778 - picamera2.picamera2 - [picamera2.py:1391] - DEBUG - Execute job: <picamera2.job.Job object at 0x7f66e69710>
2026-06-18 01:15:22,781 - mazeUtils.device.camera - [camera.py:39] - DEBUG - Average HSV: H=153.3, S=67.0, V=98.1
2026-06-18 01:15:22,788 - mazeUtils.moveTile - [moveTile.py:90] - DEBUG - [2897.077575] moveTile calculated motor speeds left=93 right=100 gyroSteer=1.5949999999999989 wallSteer=-8.0 (+14.0 ms)
2026-06-18 01:15:22,828 - mazeUtils.moveTile - [moveTile.py:90] - DEBUG - [2897.117832] moveTile applied motor speed left=93 right=100 (+40.3 ms)
2026-06-18 01:15:22,829 - mazeUtils.moveTile - [moveTile.py:90] - DEBUG - [2897.118244] moveTile ramp check isBigRamp=False (+0.4 ms)
2026-06-18 01:15:22,831 - mazeUtils.moveTile - [moveTile.py:90] - DEBUG - [2897.120818] moveTile tile color check tempTileColor=E (+2.6 ms)
2026-06-18 01:15:22,832 - mazeUtils.moveTile - [moveTile.py:90] - DEBUG - [2897.121120] moveTile obstacle check escapeFlag=False (+0.3 ms)
2026-06-18 01:15:22,832 - mazeUtils.moveTile - [moveTile.py:79] - DEBUG - roll: 359.95 deg, practicalMoveTime: 0.5897833108556306 sec
2026-06-18 01:15:22,832 - mazeUtils.moveTile - [moveTile.py:1306] - DEBUG - moveTile loop time: 58.2 ms
2026-06-18 01:15:22,832 - mazeUtils.moveTile - [moveTile.py:90] - DEBUG - [2897.121999] moveTile loop end practicalMoveTime=0.590 (+0.9 ms)
2026-06-18 01:15:22,833 - mazeUtils.moveTile - [moveTile.py:90] - DEBUG - [2897.122172] moveTile loop start (+0.2 ms)
2026-06-18 01:15:22,838 - picamera2.picamera2 - [picamera2.py:1391] - DEBUG - Execute job: <picamera2.job.Job object at 0x7f67e72c50>
2026-06-18 01:15:22,841 - mazeUtils.device.camera - [camera.py:39] - DEBUG - Average HSV: H=122.3, S=106.0, V=12.7
2026-06-18 01:15:22,847 - mazeUtils.moveTile - [moveTile.py:90] - DEBUG - [2897.136719] moveTile calculated motor speeds left=93 right=100 gyroSteer=1.710000000000008 wallSteer=-8.0 (+14.5 ms)
2026-06-18 01:15:22,888 - mazeUtils.moveTile - [moveTile.py:90] - DEBUG - [2897.177198] moveTile applied motor speed left=93 right=100 (+40.5 ms)
2026-06-18 01:15:22,888 - mazeUtils.moveTile - [moveTile.py:90] - DEBUG - [2897.177558] moveTile ramp check isBigRamp=False (+0.4 ms)
2026-06-18 01:15:22,891 - mazeUtils.moveTile - [moveTile.py:90] - DEBUG - [2897.180162] moveTile tile color check tempTileColor=E (+2.6 ms)
2026-06-18 01:15:22,891 - mazeUtils.moveTile - [moveTile.py:90] - DEBUG - [2897.180501] moveTile obstacle check escapeFlag=False (+0.3 ms)
2026-06-18 01:15:22,891 - mazeUtils.moveTile - [moveTile.py:79] - DEBUG - roll: 0.6899999999999977 deg, practicalMoveTime: 0.6487728493950344 sec
2026-06-18 01:15:22,891 - mazeUtils.moveTile - [moveTile.py:1306] - DEBUG - moveTile loop time: 58.9 ms
2026-06-18 01:15:22,892 - mazeUtils.moveTile - [moveTile.py:90] - DEBUG - [2897.181247] moveTile loop end practicalMoveTime=0.649 (+0.7 ms)
2026-06-18 01:15:22,892 - mazeUtils.moveTile - [moveTile.py:90] - DEBUG - [2897.181428] moveTile loop start (+0.2 ms)
2026-06-18 01:15:22,897 - picamera2.picamera2 - [picamera2.py:1391] - DEBUG - Execute job: <picamera2.job.Job object at 0x7f67e810d0>
2026-06-18 01:15:22,900 - mazeUtils.device.camera - [camera.py:39] - DEBUG - Average HSV: H=116.2, S=104.5, V=10.0
2026-06-18 01:15:22,906 - mazeUtils.moveTile - [moveTile.py:90] - DEBUG - [2897.196042] moveTile calculated motor speeds left=94 right=100 gyroSteer=2.365000000000009 wallSteer=-7.600000000000001 (+14.6 ms)
2026-06-18 01:15:22,947 - mazeUtils.moveTile - [moveTile.py:90] - DEBUG - [2897.236814] moveTile applied motor speed left=94 right=100 (+40.8 ms)
2026-06-18 01:15:22,948 - mazeUtils.moveTile - [moveTile.py:90] - DEBUG - [2897.237230] moveTile ramp check isBigRamp=False (+0.4 ms)
2026-06-18 01:15:22,952 - mazeUtils.moveTile - [moveTile.py:90] - DEBUG - [2897.242002] moveTile tile color check tempTileColor=E (+4.8 ms)
2026-06-18 01:15:22,953 - mazeUtils.moveTile - [moveTile.py:90] - DEBUG - [2897.242535] moveTile obstacle check escapeFlag=False (+0.5 ms)
2026-06-18 01:15:22,953 - mazeUtils.moveTile - [moveTile.py:79] - DEBUG - roll: 2.900000000000034 deg, practicalMoveTime: 0.7105613328798841 sec
2026-06-18 01:15:22,954 - mazeUtils.moveTile - [moveTile.py:1306] - DEBUG - moveTile loop time: 61.9 ms
2026-06-18 01:15:22,954 - mazeUtils.moveTile - [moveTile.py:90] - DEBUG - [2897.243596] moveTile loop end practicalMoveTime=0.711 (+1.1 ms)
2026-06-18 01:15:22,954 - mazeUtils.moveTile - [moveTile.py:90] - DEBUG - [2897.243887] moveTile loop start (+0.3 ms)
2026-06-18 01:15:22,958 - picamera2.picamera2 - [picamera2.py:1391] - DEBUG - Execute job: <picamera2.job.Job object at 0x7f66e6a190>
2026-06-18 01:15:22,961 - mazeUtils.device.camera - [camera.py:39] - DEBUG - Average HSV: H=124.5, S=99.3, V=33.2
2026-06-18 01:15:22,969 - mazeUtils.moveTile - [moveTile.py:90] - DEBUG - [2897.258104] moveTile calculated motor speeds left=100 right=97 gyroSteer=2.969999999999999 wallSteer=0.0 (+14.2 ms)
2026-06-18 01:15:23,008 - mazeUtils.moveTile - [moveTile.py:90] - DEBUG - [2897.297980] moveTile applied motor speed left=100 right=97 (+39.9 ms)
2026-06-18 01:15:23,009 - mazeUtils.moveTile - [moveTile.py:90] - DEBUG - [2897.298389] moveTile ramp check isBigRamp=False (+0.4 ms)
2026-06-18 01:15:23,012 - mazeUtils.moveTile - [moveTile.py:90] - DEBUG - [2897.301384] moveTile tile color check tempTileColor=R (+3.0 ms)
2026-06-18 01:15:23,012 - mazeUtils.moveTile - [moveTile.py:90] - DEBUG - [2897.301948] moveTile obstacle check escapeFlag=False (+0.6 ms)
2026-06-18 01:15:23,013 - mazeUtils.moveTile - [moveTile.py:79] - DEBUG - roll: 2.930000000000007 deg, practicalMoveTime: 0.7696244641467946 sec
2026-06-18 01:15:23,013 - mazeUtils.moveTile - [moveTile.py:1306] - DEBUG - moveTile loop time: 59.0 ms
2026-06-18 01:15:23,014 - mazeUtils.moveTile - [moveTile.py:90] - DEBUG - [2897.303299] moveTile loop end practicalMoveTime=0.770 (+1.4 ms)
2026-06-18 01:15:23,014 - mazeUtils.moveTile - [moveTile.py:90] - DEBUG - [2897.303460] moveTile loop start (+0.2 ms)
2026-06-18 01:15:23,018 - picamera2.picamera2 - [picamera2.py:1391] - DEBUG - Execute job: <picamera2.job.Job object at 0x7f66e69710>
2026-06-18 01:15:23,021 - mazeUtils.device.camera - [camera.py:39] - DEBUG - Average HSV: H=128.3, S=99.5, V=61.3
2026-06-18 01:15:23,028 - mazeUtils.moveTile - [moveTile.py:90] - DEBUG - [2897.317342] moveTile calculated motor speeds left=100 right=97 gyroSteer=2.9399999999999977 wallSteer=0.0 (+13.9 ms)
2026-06-18 01:15:23,068 - mazeUtils.moveTile - [moveTile.py:90] - DEBUG - [2897.357697] moveTile applied motor speed left=100 right=97 (+40.4 ms)
2026-06-18 01:15:23,068 - mazeUtils.moveTile - [moveTile.py:90] - DEBUG - [2897.358093] moveTile ramp check isBigRamp=False (+0.4 ms)
2026-06-18 01:15:23,110 - mazeUtils.moveTile - [moveTile.py:235] - INFO - Black tile detected! Stopping movement. Starting escape maneuver.
2026-06-18 01:15:23,923 - mazeUtils.moveTile - [moveTile.py:79] - DEBUG - Escape maneuver complete.
2026-06-18 01:15:23,924 - mazeUtils.moveTile - [moveTile.py:90] - DEBUG - [2898.213237] moveTile escaped from black tile (+855.1 ms)
2026-06-18 01:15:23,934 - mazeUtils.mazeMap - [mazeMap.py:61] - INFO - next goal: (18, 18, 0)
2026-06-18 01:15:23,935 - mazeUtils.moveTile - [moveTile.py:88] - DEBUG - [2898.224844] moveTile start direction=absDirection.EAST position=(19, 18, 2) front=absDirection.WEST
2026-06-18 01:15:23,940 - mazeUtils.moveTile - [moveTile.py:90] - DEBUG - [2898.229673] moveTile after initial toggle check (+4.8 ms)
2026-06-18 01:15:23,942 - mazeUtils.moveTile - [moveTile.py:90] - DEBUG - [2898.231771] moveTile after tile checks isRedTile=False isUnknownTileAhead=False (+2.1 ms)
2026-06-18 01:15:23,943 - mazeUtils.moveTile - [moveTile.py:79] - DEBUG - Moving to absDirection.EAST from (19, 18, 2) facing absDirection.WEST
2026-06-18 01:15:23,944 - mazeUtils.moveTile - [moveTile.py:90] - DEBUG - [2898.233600] moveTile start heading change target=270 (+1.8 ms)
2026-06-18 01:15:23,950 - mazeUtils.moveTile - [moveTile.py:79] - DEBUG - Turning to 180 deg, current heading: 97.59000000000003 deg, turnAngle: -82.40999999999997 deg
2026-06-18 01:15:23,995 - mazeUtils.moveTile - [moveTile.py:79] - DEBUG - gyro:97.63999999999999 deg, derivative: 0.049999999999954525, turnSpeed: -100
2026-06-18 01:15:24,040 - mazeUtils.moveTile - [moveTile.py:79] - DEBUG - gyro:97.69 deg, derivative: 0.05000000000001137, turnSpeed: -100
2026-06-18 01:15:24,084 - mazeUtils.moveTile - [moveTile.py:79] - DEBUG - gyro:97.66000000000003 deg, derivative: -0.029999999999972715, turnSpeed: -100
2026-06-18 01:15:24,131 - mazeUtils.moveTile - [moveTile.py:79] - DEBUG - gyro:98.75999999999999 deg, derivative: 1.099999999999966, turnSpeed: -100
2026-06-18 01:15:24,176 - mazeUtils.moveTile - [moveTile.py:79] - DEBUG - gyro:102.47000000000003 deg, derivative: 3.7100000000000364, turnSpeed: -100
2026-06-18 01:15:24,220 - mazeUtils.moveTile - [moveTile.py:79] - DEBUG - gyro:106.63000000000002 deg, derivative: 4.159999999999997, turnSpeed: -100
2026-06-18 01:15:24,265 - mazeUtils.moveTile - [moveTile.py:79] - DEBUG - gyro:111.91000000000003 deg, derivative: 5.280000000000001, turnSpeed: -100
2026-06-18 01:15:24,312 - mazeUtils.moveTile - [moveTile.py:79] - DEBUG - gyro:117.80000000000001 deg, derivative: 5.889999999999986, turnSpeed: -100
2026-06-18 01:15:24,360 - mazeUtils.moveTile - [moveTile.py:79] - DEBUG - gyro:123.44 deg, derivative: 5.639999999999986, turnSpeed: -100
2026-06-18 01:15:24,405 - mazeUtils.moveTile - [moveTile.py:79] - DEBUG - gyro:128.78 deg, derivative: 5.340000000000003, turnSpeed: -100
2026-06-18 01:15:24,451 - mazeUtils.moveTile - [moveTile.py:79] - DEBUG - gyro:133.79000000000002 deg, derivative: 5.010000000000019, turnSpeed: -92.41999999999996
2026-06-18 01:15:24,498 - mazeUtils.moveTile - [moveTile.py:79] - DEBUG - gyro:140.05 deg, derivative: 6.259999999999991, turnSpeed: -79.89999999999998
2026-06-18 01:15:24,546 - mazeUtils.moveTile - [moveTile.py:79] - DEBUG - gyro:145.4 deg, derivative: 5.349999999999994, turnSpeed: -69.19999999999999
2026-06-18 01:15:24,592 - mazeUtils.moveTile - [moveTile.py:79] - DEBUG - gyro:149.76000000000002 deg, derivative: 4.360000000000014, turnSpeed: -60.47999999999996
2026-06-18 01:15:24,636 - mazeUtils.moveTile - [moveTile.py:79] - DEBUG - gyro:152.42000000000002 deg, derivative: 2.6599999999999966, turnSpeed: -55.15999999999997
2026-06-18 01:15:24,682 - mazeUtils.moveTile - [moveTile.py:79] - DEBUG - gyro:156.63 deg, derivative: 4.2099999999999795, turnSpeed: -46.74000000000001
2026-06-18 01:15:24,727 - mazeUtils.moveTile - [moveTile.py:79] - DEBUG - gyro:158.81 deg, derivative: 2.180000000000007, turnSpeed: -42.379999999999995
2026-06-18 01:15:24,772 - mazeUtils.moveTile - [moveTile.py:79] - DEBUG - gyro:162.05 deg, derivative: 3.240000000000009, turnSpeed: -35.89999999999998
2026-06-18 01:15:24,818 - mazeUtils.moveTile - [moveTile.py:79] - DEBUG - gyro:164.79000000000002 deg, derivative: 2.740000000000009, turnSpeed: -30.41999999999996
2026-06-18 01:15:24,863 - mazeUtils.moveTile - [moveTile.py:79] - DEBUG - gyro:166.57 deg, derivative: 1.7799999999999727, turnSpeed: -26.860000000000014
2026-06-18 01:15:24,914 - mazeUtils.moveTile - [moveTile.py:79] - DEBUG - gyro:168.26 deg, derivative: 1.6899999999999977, turnSpeed: -23.480000000000018
2026-06-18 01:15:24,958 - mazeUtils.moveTile - [moveTile.py:79] - DEBUG - gyro:170.27 deg, derivative: 2.0100000000000193, turnSpeed: -19.45999999999998
2026-06-18 01:15:25,004 - mazeUtils.moveTile - [moveTile.py:79] - DEBUG - gyro:171.17000000000002 deg, derivative: 0.9000000000000057, turnSpeed: -17.659999999999968
2026-06-18 01:15:25,050 - mazeUtils.moveTile - [moveTile.py:79] - DEBUG - gyro:172.29000000000002 deg, derivative: 1.1200000000000045, turnSpeed: -15.419999999999959
2026-06-18 01:15:25,098 - mazeUtils.moveTile - [moveTile.py:79] - DEBUG - gyro:173.41000000000003 deg, derivative: 1.1200000000000045, turnSpeed: -13.17999999999995
2026-06-18 01:15:25,144 - mazeUtils.moveTile - [moveTile.py:79] - DEBUG - gyro:174.54000000000002 deg, derivative: 1.1299999999999955, turnSpeed: -10.919999999999959
2026-06-18 01:15:25,188 - mazeUtils.moveTile - [moveTile.py:79] - DEBUG - gyro:175.78000000000003 deg, derivative: 1.240000000000009, turnSpeed: -8.43999999999994
2026-06-18 01:15:25,233 - mazeUtils.moveTile - [moveTile.py:79] - DEBUG - gyro:176.28000000000003 deg, derivative: 0.5, turnSpeed: -7.439999999999941
2026-06-18 01:15:25,279 - mazeUtils.moveTile - [moveTile.py:79] - DEBUG - gyro:176.48000000000002 deg, derivative: 0.19999999999998863, turnSpeed: -7.039999999999964
2026-06-18 01:15:25,326 - mazeUtils.moveTile - [moveTile.py:79] - DEBUG - gyro:176.81 deg, derivative: 0.3299999999999841, turnSpeed: -6.3799999999999955
2026-06-18 01:15:25,373 - mazeUtils.moveTile - [moveTile.py:79] - DEBUG - gyro:177.21 deg, derivative: 0.4000000000000057, turnSpeed: -5.579999999999984
2026-06-18 01:15:25,420 - mazeUtils.moveTile - [moveTile.py:79] - DEBUG - gyro:177.62 deg, derivative: 0.4099999999999966, turnSpeed: -4.759999999999991
2026-06-18 01:15:25,466 - mazeUtils.moveTile - [moveTile.py:79] - DEBUG - gyro:177.77 deg, derivative: 0.15000000000000568, turnSpeed: -4.4599999999999795
2026-06-18 01:15:25,513 - mazeUtils.moveTile - [moveTile.py:79] - DEBUG - gyro:177.86 deg, derivative: 0.09000000000000341, turnSpeed: -4.279999999999973
2026-06-18 01:15:25,561 - mazeUtils.moveTile - [moveTile.py:79] - DEBUG - gyro:178.0 deg, derivative: 0.13999999999998636, turnSpeed: -4.0
2026-06-18 01:15:25,608 - mazeUtils.moveTile - [moveTile.py:79] - DEBUG - gyro:178.18 deg, derivative: 0.18000000000000682, turnSpeed: -3.6399999999999864
2026-06-18 01:15:25,655 - mazeUtils.moveTile - [moveTile.py:79] - DEBUG - gyro:178.29000000000002 deg, derivative: 0.11000000000001364, turnSpeed: -3.419999999999959
2026-06-18 01:15:25,702 - mazeUtils.moveTile - [moveTile.py:79] - DEBUG - gyro:178.38 deg, derivative: 0.08999999999997499, turnSpeed: -3.240000000000009
2026-06-18 01:15:25,749 - mazeUtils.moveTile - [moveTile.py:79] - DEBUG - gyro:178.44 deg, derivative: 0.060000000000002274, turnSpeed: -3.1200000000000045
2026-06-18 01:15:25,796 - mazeUtils.moveTile - [moveTile.py:79] - DEBUG - gyro:178.5 deg, derivative: 0.060000000000002274, turnSpeed: -3.0
2026-06-18 01:15:25,842 - mazeUtils.moveTile - [moveTile.py:79] - DEBUG - gyro:178.57 deg, derivative: 0.06999999999999318, turnSpeed: -2.8600000000000136
2026-06-18 01:15:25,888 - mazeUtils.moveTile - [moveTile.py:79] - DEBUG - gyro:178.62 deg, derivative: 0.05000000000001137, turnSpeed: -2.759999999999991
2026-06-18 01:15:25,935 - mazeUtils.moveTile - [moveTile.py:79] - DEBUG - gyro:178.70000000000002 deg, derivative: 0.0800000000000125, turnSpeed: -2.599999999999966
2026-06-18 01:15:25,982 - mazeUtils.moveTile - [moveTile.py:79] - DEBUG - gyro:178.73000000000002 deg, derivative: 0.030000000000001137, turnSpeed: -2.5399999999999636
2026-06-18 01:15:26,026 - mazeUtils.moveTile - [moveTile.py:79] - DEBUG - gyro:178.76 deg, derivative: 0.029999999999972715, turnSpeed: -2.480000000000018
2026-06-18 01:15:26,072 - mazeUtils.moveTile - [moveTile.py:79] - DEBUG - gyro:178.82 deg, derivative: 0.060000000000002274, turnSpeed: -2.3600000000000136
2026-06-18 01:15:26,119 - mazeUtils.moveTile - [moveTile.py:79] - DEBUG - gyro:178.84000000000003 deg, derivative: 0.020000000000038654, turnSpeed: -2.3199999999999363
2026-06-18 01:15:26,166 - mazeUtils.moveTile - [moveTile.py:79] - DEBUG - gyro:178.91000000000003 deg, derivative: 0.06999999999999318, turnSpeed: -2.17999999999995
2026-06-18 01:15:26,210 - mazeUtils.moveTile - [moveTile.py:79] - DEBUG - gyro:178.96 deg, derivative: 0.04999999999998295, turnSpeed: -2.079999999999984
2026-06-18 01:15:26,255 - mazeUtils.moveTile - [moveTile.py:79] - DEBUG - gyro:179.01 deg, derivative: 0.04999999999998295, turnSpeed: -1.9800000000000182
2026-06-18 01:15:26,302 - mazeUtils.moveTile - [moveTile.py:79] - DEBUG - gyro:179.05 deg, derivative: 0.040000000000020464, turnSpeed: -1.8999999999999773
2026-06-18 01:15:26,349 - mazeUtils.moveTile - [moveTile.py:79] - DEBUG - gyro:179.07 deg, derivative: 0.01999999999998181, turnSpeed: -1.8600000000000136
2026-06-18 01:15:26,396 - mazeUtils.moveTile - [moveTile.py:79] - DEBUG - gyro:179.09000000000003 deg, derivative: 0.020000000000038654, turnSpeed: -1.8199999999999363
2026-06-18 01:15:26,443 - mazeUtils.moveTile - [moveTile.py:79] - DEBUG - gyro:179.09000000000003 deg, derivative: 0.0, turnSpeed: -1.8199999999999363
2026-06-18 01:15:26,487 - mazeUtils.moveTile - [moveTile.py:79] - DEBUG - gyro:179.10000000000002 deg, derivative: 0.009999999999990905, turnSpeed: -1.7999999999999545
2026-06-18 01:15:26,534 - mazeUtils.moveTile - [moveTile.py:79] - DEBUG - gyro:179.10000000000002 deg, derivative: 0.0, turnSpeed: -1.7999999999999545
2026-06-18 01:15:26,581 - mazeUtils.moveTile - [moveTile.py:79] - DEBUG - gyro:179.10000000000002 deg, derivative: 0.0, turnSpeed: -1.7999999999999545
2026-06-18 01:15:26,626 - mazeUtils.moveTile - [moveTile.py:79] - DEBUG - gyro:179.15 deg, derivative: 0.04999999999998295, turnSpeed: -1.6999999999999886
2026-06-18 01:15:26,672 - mazeUtils.moveTile - [moveTile.py:79] - DEBUG - gyro:179.15 deg, derivative: 0.0, turnSpeed: -1.6999999999999886
2026-06-18 01:15:26,718 - mazeUtils.moveTile - [moveTile.py:79] - DEBUG - gyro:179.16000000000003 deg, derivative: 0.010000000000019327, turnSpeed: -1.67999999999995
2026-06-18 01:15:26,764 - mazeUtils.moveTile - [moveTile.py:79] - DEBUG - gyro:179.20000000000002 deg, derivative: 0.03999999999999204, turnSpeed: -1.599999999999966
2026-06-18 01:15:26,809 - mazeUtils.moveTile - [moveTile.py:79] - DEBUG - gyro:179.19 deg, derivative: -0.010000000000019327, turnSpeed: -1.6200000000000045
2026-06-18 01:15:26,855 - mazeUtils.moveTile - [moveTile.py:79] - DEBUG - gyro:179.19 deg, derivative: 0.0, turnSpeed: -1.6200000000000045
2026-06-18 01:15:26,901 - mazeUtils.moveTile - [moveTile.py:79] - DEBUG - gyro:179.20000000000002 deg, derivative: 0.010000000000019327, turnSpeed: -1.599999999999966
2026-06-18 01:15:26,948 - mazeUtils.moveTile - [moveTile.py:79] - DEBUG - gyro:179.24 deg, derivative: 0.03999999999999204, turnSpeed: -1.5199999999999818
2026-06-18 01:15:26,994 - mazeUtils.moveTile - [moveTile.py:79] - DEBUG - gyro:179.23000000000002 deg, derivative: -0.009999999999990905, turnSpeed: -1.5399999999999636
2026-06-18 01:15:27,042 - mazeUtils.moveTile - [moveTile.py:79] - DEBUG - gyro:179.24 deg, derivative: 0.009999999999990905, turnSpeed: -1.5199999999999818
2026-06-18 01:15:27,089 - mazeUtils.moveTile - [moveTile.py:79] - DEBUG - gyro:179.25 deg, derivative: 0.009999999999990905, turnSpeed: -1.5
2026-06-18 01:15:27,135 - mazeUtils.moveTile - [moveTile.py:79] - DEBUG - gyro:179.26 deg, derivative: 0.009999999999990905, turnSpeed: -1.4800000000000182
2026-06-18 01:15:27,180 - mazeUtils.moveTile - [moveTile.py:79] - DEBUG - gyro:179.26 deg, derivative: 0.0, turnSpeed: -1.4800000000000182
2026-06-18 01:15:27,227 - mazeUtils.moveTile - [moveTile.py:79] - DEBUG - gyro:179.29000000000002 deg, derivative: 0.03000000000002956, turnSpeed: -1.419999999999959
2026-06-18 01:15:27,274 - mazeUtils.moveTile - [moveTile.py:79] - DEBUG - gyro:179.29000000000002 deg, derivative: 0.0, turnSpeed: -1.419999999999959
2026-06-18 01:15:27,318 - mazeUtils.moveTile - [moveTile.py:79] - DEBUG - gyro:179.32 deg, derivative: 0.029999999999972715, turnSpeed: -1.3600000000000136
2026-06-18 01:15:27,363 - mazeUtils.moveTile - [moveTile.py:79] - DEBUG - gyro:179.32 deg, derivative: 0.0, turnSpeed: -1.3600000000000136
2026-06-18 01:15:27,412 - mazeUtils.moveTile - [moveTile.py:79] - DEBUG - gyro:179.36 deg, derivative: 0.040000000000020464, turnSpeed: -1.2799999999999727
2026-06-18 01:15:27,459 - mazeUtils.moveTile - [moveTile.py:79] - DEBUG - gyro:179.37 deg, derivative: 0.009999999999990905, turnSpeed: -1.259999999999991
2026-06-18 01:15:27,504 - mazeUtils.moveTile - [moveTile.py:79] - DEBUG - gyro:179.36 deg, derivative: -0.009999999999990905, turnSpeed: -1.2799999999999727
2026-06-18 01:15:27,551 - mazeUtils.moveTile - [moveTile.py:79] - DEBUG - gyro:179.37 deg, derivative: 0.009999999999990905, turnSpeed: -1.259999999999991
2026-06-18 01:15:27,598 - mazeUtils.moveTile - [moveTile.py:79] - DEBUG - gyro:179.38 deg, derivative: 0.009999999999990905, turnSpeed: -1.240000000000009
2026-06-18 01:15:27,645 - mazeUtils.moveTile - [moveTile.py:79] - DEBUG - gyro:179.38 deg, derivative: 0.0, turnSpeed: -1.240000000000009
2026-06-18 01:15:27,691 - mazeUtils.moveTile - [moveTile.py:79] - DEBUG - gyro:179.39000000000001 deg, derivative: 0.010000000000019327, turnSpeed: -1.2199999999999704
2026-06-18 01:15:27,736 - mazeUtils.moveTile - [moveTile.py:79] - DEBUG - gyro:179.41000000000003 deg, derivative: 0.020000000000010232, turnSpeed: -1.17999999999995
2026-06-18 01:15:27,781 - mazeUtils.moveTile - [moveTile.py:79] - DEBUG - gyro:179.41000000000003 deg, derivative: 0.0, turnSpeed: -1.17999999999995
2026-06-18 01:15:27,827 - mazeUtils.moveTile - [moveTile.py:79] - DEBUG - gyro:179.41000000000003 deg, derivative: 0.0, turnSpeed: -1.17999999999995
2026-06-18 01:15:27,873 - mazeUtils.moveTile - [moveTile.py:79] - DEBUG - gyro:179.41000000000003 deg, derivative: 0.0, turnSpeed: -1.17999999999995
2026-06-18 01:15:27,919 - mazeUtils.moveTile - [moveTile.py:79] - DEBUG - gyro:179.43 deg, derivative: 0.01999999999998181, turnSpeed: -1.1399999999999864
2026-06-18 01:15:27,966 - mazeUtils.moveTile - [moveTile.py:79] - DEBUG - gyro:179.44 deg, derivative: 0.009999999999990905, turnSpeed: -1.1200000000000045
2026-06-18 01:15:28,013 - mazeUtils.moveTile - [moveTile.py:79] - DEBUG - gyro:179.43 deg, derivative: -0.009999999999990905, turnSpeed: -1.1399999999999864
2026-06-18 01:15:28,058 - mazeUtils.moveTile - [moveTile.py:79] - DEBUG - gyro:179.45000000000002 deg, derivative: 0.020000000000010232, turnSpeed: -1.099999999999966
2026-06-18 01:15:28,102 - mazeUtils.moveTile - [moveTile.py:79] - DEBUG - gyro:179.46 deg, derivative: 0.009999999999990905, turnSpeed: -1.079999999999984
2026-06-18 01:15:28,149 - mazeUtils.moveTile - [moveTile.py:79] - DEBUG - gyro:179.47000000000003 deg, derivative: 0.010000000000019327, turnSpeed: -1.0599999999999454
2026-06-18 01:15:28,197 - mazeUtils.moveTile - [moveTile.py:79] - DEBUG - gyro:179.46 deg, derivative: -0.010000000000019327, turnSpeed: -1.079999999999984
2026-06-18 01:15:28,243 - mazeUtils.moveTile - [moveTile.py:79] - DEBUG - gyro:179.47000000000003 deg, derivative: 0.010000000000019327, turnSpeed: -1.0599999999999454
2026-06-18 01:15:28,293 - mazeUtils.moveTile - [moveTile.py:79] - DEBUG - gyro:179.48000000000002 deg, derivative: 0.009999999999990905, turnSpeed: -1.0399999999999636
2026-06-18 01:15:28,339 - mazeUtils.moveTile - [moveTile.py:79] - DEBUG - gyro:179.5 deg, derivative: 0.01999999999998181, turnSpeed: -1.0
2026-06-18 01:15:28,379 - mazeUtils.moveTile - [moveTile.py:79] - DEBUG - Turned to heading: 179.5 deg
2026-06-18 01:15:28,384 - mazeUtils.moveTile - [moveTile.py:79] - DEBUG - Turning to 270 deg, current heading: 179.5 deg, turnAngle: -90.5 deg
2026-06-18 01:15:28,429 - mazeUtils.moveTile - [moveTile.py:79] - DEBUG - gyro:179.5 deg, derivative: 0.0, turnSpeed: -100
2026-06-18 01:15:28,474 - mazeUtils.moveTile - [moveTile.py:79] - DEBUG - gyro:179.51 deg, derivative: 0.009999999999990905, turnSpeed: -100
2026-06-18 01:15:28,520 - mazeUtils.moveTile - [moveTile.py:79] - DEBUG - gyro:179.61 deg, derivative: 0.10000000000002274, turnSpeed: -100
2026-06-18 01:15:28,566 - mazeUtils.moveTile - [moveTile.py:79] - DEBUG - gyro:179.95000000000002 deg, derivative: 0.3400000000000034, turnSpeed: -100
2026-06-18 01:15:28,614 - mazeUtils.moveTile - [moveTile.py:79] - DEBUG - gyro:181.09000000000003 deg, derivative: 1.1400000000000148, turnSpeed: -100
2026-06-18 01:15:28,658 - mazeUtils.moveTile - [moveTile.py:79] - DEBUG - gyro:182.9 deg, derivative: 1.8099999999999739, turnSpeed: -100
2026-06-18 01:15:28,704 - mazeUtils.moveTile - [moveTile.py:79] - DEBUG - gyro:185.62 deg, derivative: 2.719999999999999, turnSpeed: -100
2026-06-18 01:15:28,749 - mazeUtils.moveTile - [moveTile.py:79] - DEBUG - gyro:187.95000000000002 deg, derivative: 2.3300000000000125, turnSpeed: -100
2026-06-18 01:15:28,795 - mazeUtils.moveTile - [moveTile.py:79] - DEBUG - gyro:190.0 deg, derivative: 2.049999999999983, turnSpeed: -100
2026-06-18 01:15:28,841 - mazeUtils.moveTile - [moveTile.py:79] - DEBUG - gyro:193.38 deg, derivative: 3.3799999999999955, turnSpeed: -100
2026-06-18 01:15:28,886 - mazeUtils.moveTile - [moveTile.py:79] - DEBUG - gyro:195.65 deg, derivative: 2.2700000000000102, turnSpeed: -100
2026-06-18 01:15:28,931 - mazeUtils.moveTile - [moveTile.py:79] - DEBUG - gyro:196.67000000000002 deg, derivative: 1.0200000000000102, turnSpeed: -100
2026-06-18 01:15:28,975 - mazeUtils.moveTile - [moveTile.py:79] - DEBUG - gyro:199.64000000000001 deg, derivative: 2.969999999999999, turnSpeed: -100
2026-06-18 01:15:29,020 - mazeUtils.moveTile - [moveTile.py:79] - DEBUG - gyro:201.95000000000002 deg, derivative: 2.3100000000000023, turnSpeed: -100
2026-06-18 01:15:29,064 - mazeUtils.moveTile - [moveTile.py:79] - DEBUG - gyro:204.41000000000003 deg, derivative: 2.460000000000008, turnSpeed: -100
2026-06-18 01:15:29,109 - mazeUtils.moveTile - [moveTile.py:79] - DEBUG - gyro:208.48000000000002 deg, derivative: 4.069999999999993, turnSpeed: -100
2026-06-18 01:15:29,154 - mazeUtils.moveTile - [moveTile.py:79] - DEBUG - gyro:213.47000000000003 deg, derivative: 4.990000000000009, turnSpeed: -100
2026-06-18 01:15:29,200 - mazeUtils.moveTile - [moveTile.py:79] - DEBUG - gyro:218.16000000000003 deg, derivative: 4.689999999999998, turnSpeed: -100
2026-06-18 01:15:29,228 - __main__ - [main.py:147] - INFO - Program interrupted by user.
2026-06-18 01:15:30,318 - mazeUtils.device.stm - [stm.py:216] - DEBUG - ACK resynchronized: type=STS_MOTOR dropped=3B seq=80
2026-06-18 01:15:30,828 - picamera2.picamera2 - [picamera2.py:1391] - DEBUG - Execute job: <picamera2.job.Job object at 0x7f8c7c7090>
2026-06-18 01:15:30,846 - picamera2.picamera2 - [picamera2.py:1323] - INFO - Camera stopped
2026-06-18 01:15:31,047 - picamera2.picamera2 - [picamera2.py:1329] - DEBUG - Camera was not started
2026-06-18 01:15:31,249 - picamera2.picamera2 - [picamera2.py:723] - INFO - Camera closed successfully.
2026-06-18 01:15:31,421 - picamera2.picamera2 - [picamera2.py:500] - DEBUG - Resources now free: <picamera2.picamera2.Picamera2 object at 0x7f67f1d9d0>
