2026-06-20 12:07:36,585 - root - [logging_config.py:61] - INFO - Logging initialized. Log file: /home/tuton/Kanto2026RPi/src/config/../logs/robot_20260620_120735.log
2026-06-20 12:07:38,581 - mazeUtils.device.LiDAR - [LiDAR.py:36] - INFO - Available ports: <ydlidar.Str2strMap; proxy of <Swig Object of type 'std::map< std::string,std::string > *' at 0x7fa0ff02a0> >
2026-06-20 12:08:09,019 - mazeUtils.moveTile - [moveTile.py:528] - DEBUG - Direction: absDirection.NORTH, Angle: 0, Distance: 72.28475072877353 cm
2026-06-20 12:08:09,020 - mazeUtils.moveTile - [moveTile.py:551] - DEBUG - Front LiDAR distance: 72.28475072877353 cm, TSD10 distance: 47.4 cm
2026-06-20 12:08:09,023 - mazeUtils.moveTile - [moveTile.py:528] - DEBUG - Direction: absDirection.EAST, Angle: 270, Distance: 18.505287488357634 cm
2026-06-20 12:08:09,026 - mazeUtils.moveTile - [moveTile.py:528] - DEBUG - Direction: absDirection.SOUTH, Angle: 180, Distance: 16.030377061732036 cm
2026-06-20 12:08:09,028 - mazeUtils.moveTile - [moveTile.py:528] - DEBUG - Direction: absDirection.WEST, Angle: 90, Distance: 16.007373399798627 cm
2026-06-20 12:08:09,029 - __main__ - [main.py:69] - INFO - Initial Map:
2026-06-20 12:08:09,061 - __main__ - [main.py:70] - INFO - Current position: (20, 20, 0), front direction: absDirection.NORTH
Layer 0 (altitude=0.0cm, offset=(0.0cm, 0.0cm)):
Known map area: x=20..20, y=20..20
+   +
| @ |
+---+
mazeAsGraph[0][20][20] = {absDirection.NORTH: (20, 19, 0, 30), absDirection.EAST: None, absDirection.SOUTH: None, absDirection.WEST: None}
2026-06-20 12:08:09,062 - mazeUtils.mazeMap - [mazeMap.py:61] - INFO - next goal: (20, 19, 0)
2026-06-20 12:08:09,064 - __main__ - [main.py:73] - INFO - Next Direction: [<absDirection.NORTH: 0>]
2026-06-20 12:08:09,065 - __main__ - [main.py:74] - INFO - Exploration started.
2026-06-20 12:08:09,076 - mazeUtils.moveTile - [moveTile.py:79] - DEBUG - Moving to absDirection.NORTH from (20, 20, 0) facing absDirection.NORTH
2026-06-20 12:08:09,109 - mazeUtils.moveTile - [moveTile.py:79] - DEBUG - current heading: 359.63 target: 0
2026-06-20 12:08:09,132 - mazeUtils.moveTile - [moveTile.py:403] - DEBUG - stopped turning at heading: 359.63, diff: 0.37000000000000455
2026-06-20 12:08:09,175 - mazeUtils.moveTile - [moveTile.py:79] - DEBUG - Turned to heading: 359.61 deg
2026-06-20 12:08:09,279 - mazeUtils.moveTile - [moveTile.py:79] - DEBUG - Little backward to adjust position
2026-06-20 12:08:09,785 - picamera2.picamera2 - [picamera2.py:1391] - DEBUG - Execute job: <picamera2.job.Job object at 0x7f7b9aa290>
2026-06-20 12:08:09,792 - mazeUtils.device.camera - [camera.py:39] - DEBUG - Average HSV: H=164.7, S=19.7, V=222.4
2026-06-20 12:08:09,826 - mazeUtils.moveTile - [moveTile.py:79] - DEBUG - roll: 0.16999999999995907 deg, practicalMoveTime: 0.04637530894482898 sec
2026-06-20 12:08:09,827 - mazeUtils.moveTile - [moveTile.py:1398] - DEBUG - moveTile loop time: 45.1 ms
2026-06-20 12:08:09,833 - picamera2.picamera2 - [picamera2.py:1391] - DEBUG - Execute job: <picamera2.job.Job object at 0x7f808eb650>
2026-06-20 12:08:09,838 - mazeUtils.device.camera - [camera.py:39] - DEBUG - Average HSV: H=164.7, S=19.7, V=222.4
2026-06-20 12:08:09,866 - mazeUtils.moveTile - [moveTile.py:79] - DEBUG - roll: 0.67999999999995 deg, practicalMoveTime: 0.08562577933149859 sec
2026-06-20 12:08:09,866 - mazeUtils.moveTile - [moveTile.py:1398] - DEBUG - moveTile loop time: 39.4 ms
2026-06-20 12:08:09,874 - picamera2.picamera2 - [picamera2.py:1391] - DEBUG - Execute job: <picamera2.job.Job object at 0x7f8085ae50>
2026-06-20 12:08:09,878 - mazeUtils.device.camera - [camera.py:39] - DEBUG - Average HSV: H=164.4, S=19.1, V=223.9
2026-06-20 12:08:09,917 - mazeUtils.moveTile - [moveTile.py:79] - DEBUG - roll: 0.5 deg, practicalMoveTime: 0.1360360378297812 sec
2026-06-20 12:08:09,917 - mazeUtils.moveTile - [moveTile.py:1398] - DEBUG - moveTile loop time: 50.6 ms
2026-06-20 12:08:09,922 - picamera2.picamera2 - [picamera2.py:1391] - DEBUG - Execute job: <picamera2.job.Job object at 0x7f8b5ba990>
2026-06-20 12:08:09,926 - mazeUtils.device.camera - [camera.py:39] - DEBUG - Average HSV: H=166.3, S=19.3, V=225.2
2026-06-20 12:08:09,955 - mazeUtils.moveTile - [moveTile.py:79] - DEBUG - roll: 359.78999999999996 deg, practicalMoveTime: 0.17379365775260375 sec
2026-06-20 12:08:09,955 - mazeUtils.moveTile - [moveTile.py:1398] - DEBUG - moveTile loop time: 38.1 ms
2026-06-20 12:08:09,963 - picamera2.picamera2 - [picamera2.py:1391] - DEBUG - Execute job: <picamera2.job.Job object at 0x7f7b97e790>
2026-06-20 12:08:09,966 - mazeUtils.device.camera - [camera.py:39] - DEBUG - Average HSV: H=167.0, S=19.7, V=225.8
2026-06-20 12:08:10,005 - mazeUtils.moveTile - [moveTile.py:79] - DEBUG - roll: 1.2699999999999818 deg, practicalMoveTime: 0.2228624498017225 sec
2026-06-20 12:08:10,005 - mazeUtils.moveTile - [moveTile.py:1398] - DEBUG - moveTile loop time: 49.5 ms
2026-06-20 12:08:10,010 - picamera2.picamera2 - [picamera2.py:1391] - DEBUG - Execute job: <picamera2.job.Job object at 0x7f69870150>
2026-06-20 12:08:10,014 - mazeUtils.device.camera - [camera.py:39] - DEBUG - Average HSV: H=165.5, S=18.7, V=227.0
2026-06-20 12:08:10,040 - mazeUtils.moveTile - [moveTile.py:79] - DEBUG - roll: 0.5499999999999545 deg, practicalMoveTime: 0.25780823499400307 sec
2026-06-20 12:08:10,041 - mazeUtils.moveTile - [moveTile.py:1398] - DEBUG - moveTile loop time: 35.3 ms
2026-06-20 12:08:10,048 - picamera2.picamera2 - [picamera2.py:1391] - DEBUG - Execute job: <picamera2.job.Job object at 0x7f7b9aa250>
2026-06-20 12:08:10,053 - mazeUtils.device.camera - [camera.py:39] - DEBUG - Average HSV: H=168.6, S=19.5, V=227.6
2026-06-20 12:08:10,086 - mazeUtils.moveTile - [moveTile.py:79] - DEBUG - roll: 0.8599999999999568 deg, practicalMoveTime: 0.3034311660326951 sec
2026-06-20 12:08:10,087 - mazeUtils.moveTile - [moveTile.py:1398] - DEBUG - moveTile loop time: 43.5 ms
2026-06-20 12:08:10,096 - picamera2.picamera2 - [picamera2.py:1391] - DEBUG - Execute job: <picamera2.job.Job object at 0x7f698e46d0>
2026-06-20 12:08:10,100 - mazeUtils.device.camera - [camera.py:39] - DEBUG - Average HSV: H=170.1, S=19.7, V=228.3
2026-06-20 12:08:10,129 - mazeUtils.moveTile - [moveTile.py:79] - DEBUG - roll: 0.060000000000002274 deg, practicalMoveTime: 0.34584247014014535 sec
2026-06-20 12:08:10,130 - mazeUtils.moveTile - [moveTile.py:1398] - DEBUG - moveTile loop time: 42.0 ms
2026-06-20 12:08:10,137 - picamera2.picamera2 - [picamera2.py:1391] - DEBUG - Execute job: <picamera2.job.Job object at 0x7f808eb650>
2026-06-20 12:08:10,140 - mazeUtils.device.camera - [camera.py:39] - DEBUG - Average HSV: H=165.3, S=19.0, V=229.8
2026-06-20 12:08:10,171 - mazeUtils.moveTile - [moveTile.py:79] - DEBUG - roll: 0.18999999999999773 deg, practicalMoveTime: 0.3866413867427975 sec
2026-06-20 12:08:10,171 - mazeUtils.moveTile - [moveTile.py:1398] - DEBUG - moveTile loop time: 41.1 ms
2026-06-20 12:08:10,176 - picamera2.picamera2 - [picamera2.py:1391] - DEBUG - Execute job: <picamera2.job.Job object at 0x7fa107b090>
2026-06-20 12:08:10,179 - mazeUtils.device.camera - [camera.py:39] - DEBUG - Average HSV: H=165.9, S=17.8, V=231.6
2026-06-20 12:08:10,207 - mazeUtils.moveTile - [moveTile.py:79] - DEBUG - roll: 1.259999999999991 deg, practicalMoveTime: 0.4220847036714135 sec
2026-06-20 12:08:10,207 - mazeUtils.moveTile - [moveTile.py:1398] - DEBUG - moveTile loop time: 35.7 ms
2026-06-20 12:08:10,214 - picamera2.picamera2 - [picamera2.py:1391] - DEBUG - Execute job: <picamera2.job.Job object at 0x7f8085ae50>
2026-06-20 12:08:10,217 - mazeUtils.device.camera - [camera.py:39] - DEBUG - Average HSV: H=169.3, S=18.0, V=230.8
2026-06-20 12:08:10,249 - mazeUtils.moveTile - [moveTile.py:79] - DEBUG - roll: 359.78999999999996 deg, practicalMoveTime: 0.4640384624015815 sec
2026-06-20 12:08:10,250 - mazeUtils.moveTile - [moveTile.py:1398] - DEBUG - moveTile loop time: 42.3 ms
2026-06-20 12:08:10,258 - picamera2.picamera2 - [picamera2.py:1391] - DEBUG - Execute job: <picamera2.job.Job object at 0x7f7b9aa250>
2026-06-20 12:08:10,261 - mazeUtils.device.camera - [camera.py:39] - DEBUG - Average HSV: H=167.1, S=18.0, V=229.4
2026-06-20 12:08:10,289 - mazeUtils.moveTile - [moveTile.py:79] - DEBUG - roll: 1.0299999999999727 deg, practicalMoveTime: 0.5029389885082406 sec
2026-06-20 12:08:10,289 - mazeUtils.moveTile - [moveTile.py:1398] - DEBUG - moveTile loop time: 39.3 ms
2026-06-20 12:08:10,301 - picamera2.picamera2 - [picamera2.py:1391] - DEBUG - Execute job: <picamera2.job.Job object at 0x7f7b97e790>
2026-06-20 12:08:10,304 - mazeUtils.device.camera - [camera.py:39] - DEBUG - Average HSV: H=168.9, S=17.5, V=232.3
2026-06-20 12:08:10,330 - mazeUtils.moveTile - [moveTile.py:79] - DEBUG - roll: 0.6200000000000045 deg, practicalMoveTime: 0.5438735386459341 sec
2026-06-20 12:08:10,331 - mazeUtils.moveTile - [moveTile.py:1398] - DEBUG - moveTile loop time: 41.3 ms
2026-06-20 12:08:10,337 - picamera2.picamera2 - [picamera2.py:1391] - DEBUG - Execute job: <picamera2.job.Job object at 0x7f69864b50>
2026-06-20 12:08:10,340 - mazeUtils.device.camera - [camera.py:39] - DEBUG - Average HSV: H=167.8, S=17.1, V=231.7
2026-06-20 12:08:10,368 - mazeUtils.moveTile - [moveTile.py:79] - DEBUG - roll: 0.21999999999997044 deg, practicalMoveTime: 0.5807113217426317 sec
2026-06-20 12:08:10,368 - mazeUtils.moveTile - [moveTile.py:1398] - DEBUG - moveTile loop time: 37.2 ms
2026-06-20 12:08:10,376 - picamera2.picamera2 - [picamera2.py:1391] - DEBUG - Execute job: <picamera2.job.Job object at 0x7f698e46d0>
2026-06-20 12:08:10,379 - mazeUtils.device.camera - [camera.py:39] - DEBUG - Average HSV: H=161.4, S=17.9, V=230.3
2026-06-20 12:08:10,409 - mazeUtils.moveTile - [moveTile.py:79] - DEBUG - roll: 0.40999999999996817 deg, practicalMoveTime: 0.6214500533867755 sec
2026-06-20 12:08:10,409 - mazeUtils.moveTile - [moveTile.py:1398] - DEBUG - moveTile loop time: 40.9 ms
2026-06-20 12:08:10,416 - picamera2.picamera2 - [picamera2.py:1391] - DEBUG - Execute job: <picamera2.job.Job object at 0x7f7b97e790>
2026-06-20 12:08:10,419 - mazeUtils.device.camera - [camera.py:39] - DEBUG - Average HSV: H=169.6, S=18.6, V=232.1
2026-06-20 12:08:10,448 - mazeUtils.moveTile - [moveTile.py:79] - DEBUG - roll: 0.2899999999999636 deg, practicalMoveTime: 0.6598306614590097 sec
2026-06-20 12:08:10,448 - mazeUtils.moveTile - [moveTile.py:1398] - DEBUG - moveTile loop time: 38.6 ms
2026-06-20 12:08:10,460 - picamera2.picamera2 - [picamera2.py:1391] - DEBUG - Execute job: <picamera2.job.Job object at 0x7f7b97e790>
2026-06-20 12:08:10,463 - mazeUtils.device.camera - [camera.py:39] - DEBUG - Average HSV: H=168.6, S=16.7, V=233.6
2026-06-20 12:08:10,501 - mazeUtils.moveTile - [moveTile.py:79] - DEBUG - roll: 0.8899999999999864 deg, practicalMoveTime: 0.7123100339372203 sec
2026-06-20 12:08:10,502 - mazeUtils.moveTile - [moveTile.py:1398] - DEBUG - moveTile loop time: 52.8 ms
2026-06-20 12:08:10,507 - picamera2.picamera2 - [picamera2.py:1391] - DEBUG - Execute job: <picamera2.job.Job object at 0x7f8085ae50>
2026-06-20 12:08:10,510 - mazeUtils.device.camera - [camera.py:39] - DEBUG - Average HSV: H=168.4, S=18.3, V=231.0
2026-06-20 12:08:10,536 - mazeUtils.moveTile - [moveTile.py:79] - DEBUG - roll: 0.6499999999999773 deg, practicalMoveTime: 0.7468987675669251 sec
2026-06-20 12:08:10,537 - mazeUtils.moveTile - [moveTile.py:1398] - DEBUG - moveTile loop time: 34.8 ms
2026-06-20 12:08:10,542 - picamera2.picamera2 - [picamera2.py:1391] - DEBUG - Execute job: <picamera2.job.Job object at 0x7f69864b50>
2026-06-20 12:08:10,545 - mazeUtils.device.camera - [camera.py:39] - DEBUG - Average HSV: H=167.1, S=16.5, V=231.9
2026-06-20 12:08:10,572 - mazeUtils.moveTile - [moveTile.py:79] - DEBUG - roll: 0.5099999999999909 deg, practicalMoveTime: 0.7820192939285495 sec
2026-06-20 12:08:10,573 - mazeUtils.moveTile - [moveTile.py:1398] - DEBUG - moveTile loop time: 35.6 ms
2026-06-20 12:08:10,577 - picamera2.picamera2 - [picamera2.py:1391] - DEBUG - Execute job: <picamera2.job.Job object at 0x7f8ad22e10>
2026-06-20 12:08:10,580 - mazeUtils.device.camera - [camera.py:39] - DEBUG - Average HSV: H=167.3, S=17.8, V=230.0
2026-06-20 12:08:10,611 - mazeUtils.moveTile - [moveTile.py:79] - DEBUG - roll: 0.8700000000000045 deg, practicalMoveTime: 0.8199997630483281 sec
2026-06-20 12:08:10,611 - mazeUtils.moveTile - [moveTile.py:1398] - DEBUG - moveTile loop time: 38.2 ms
2026-06-20 12:08:10,615 - picamera2.picamera2 - [picamera2.py:1391] - DEBUG - Execute job: <picamera2.job.Job object at 0x7f8085ae50>
2026-06-20 12:08:10,618 - mazeUtils.device.camera - [camera.py:39] - DEBUG - Average HSV: H=167.6, S=17.6, V=230.8
2026-06-20 12:08:10,645 - mazeUtils.moveTile - [moveTile.py:1344] - INFO - practicalVerticalMove: 0.28819713494888227 CM
2026-06-20 12:08:10,685 - mazeUtils.moveTile - [moveTile.py:1603] - INFO - Set moved vertical distance: 0.28819713494888227 cm, past distances: [(0, False), (0, False), (0, False)]
2026-06-20 12:08:10,777 - mazeUtils.moveTile - [moveTile.py:528] - DEBUG - Direction: absDirection.NORTH, Angle: 0, Distance: 34.681534834368165 cm
2026-06-20 12:08:10,777 - mazeUtils.moveTile - [moveTile.py:551] - DEBUG - Front LiDAR distance: 34.681534834368165 cm, TSD10 distance: 10.5 cm
2026-06-20 12:08:10,778 - mazeUtils.moveTile - [moveTile.py:528] - DEBUG - Direction: absDirection.EAST, Angle: 270, Distance: 18.163719736863463 cm
2026-06-20 12:08:10,779 - mazeUtils.moveTile - [moveTile.py:528] - DEBUG - Direction: absDirection.SOUTH, Angle: 180, Distance: 51.24970833276845 cm
2026-06-20 12:08:10,780 - mazeUtils.moveTile - [moveTile.py:528] - DEBUG - Direction: absDirection.WEST, Angle: 90, Distance: 46.746987210229605 cm
2026-06-20 12:08:10,782 - mazeUtils.moveTile - [moveTile.py:1724] - INFO - Tile color detection counts: {}, decided tile type: E
2026-06-20 12:08:10,840 - __main__ - [main.py:87] - INFO - Current position: (20, 19, 0), front direction: absDirection.NORTH
Layer 0 (altitude=0.0cm, offset=(0.0cm, 0.0cm)):
Known map area: x=20..20, y=19..20
+   +
  @ |
+   +
| S |
+---+
mazeAsGraph[0][19][20] = {absDirection.NORTH: (20, 18, 0, 30), absDirection.EAST: None, absDirection.SOUTH: (20, 20, 0, 30), absDirection.WEST: (19, 19, 0, 30)}
mazeAsGraph[0][20][20] = {absDirection.NORTH: (20, 19, 0, 30), absDirection.EAST: None, absDirection.SOUTH: None, absDirection.WEST: None}
2026-06-20 12:08:10,847 - mazeUtils.mazeMap - [mazeMap.py:61] - INFO - next goal: (20, 18, 0)
2026-06-20 12:08:10,860 - mazeUtils.moveTile - [moveTile.py:79] - DEBUG - Moving to absDirection.NORTH from (20, 19, 0) facing absDirection.NORTH
2026-06-20 12:08:10,889 - mazeUtils.moveTile - [moveTile.py:79] - DEBUG - current heading: 358.52000000000004 target: 0
2026-06-20 12:08:10,909 - mazeUtils.moveTile - [moveTile.py:403] - DEBUG - stopped turning at heading: 358.52000000000004, diff: 1.4799999999999613
2026-06-20 12:08:10,982 - mazeUtils.moveTile - [moveTile.py:79] - DEBUG - Turned to heading: 359.28000000000003 deg
2026-06-20 12:08:11,189 - picamera2.picamera2 - [picamera2.py:1391] - DEBUG - Execute job: <picamera2.job.Job object at 0x7f7b969d10>
2026-06-20 12:08:11,194 - mazeUtils.device.camera - [camera.py:39] - DEBUG - Average HSV: H=160.7, S=20.7, V=231.0
2026-06-20 12:08:11,223 - mazeUtils.moveTile - [moveTile.py:79] - DEBUG - roll: 359.76 deg, practicalMoveTime: 0.0455461320989419 sec
2026-06-20 12:08:11,224 - mazeUtils.moveTile - [moveTile.py:1398] - DEBUG - moveTile loop time: 44.5 ms
2026-06-20 12:08:11,227 - picamera2.picamera2 - [picamera2.py:1391] - DEBUG - Execute job: <picamera2.job.Job object at 0x7f7b969cd0>
2026-06-20 12:08:11,231 - mazeUtils.device.camera - [camera.py:39] - DEBUG - Average HSV: H=160.6, S=20.9, V=230.4
2026-06-20 12:08:11,267 - mazeUtils.moveTile - [moveTile.py:79] - DEBUG - roll: 359.65999999999997 deg, practicalMoveTime: 0.08860066997565573 sec
2026-06-20 12:08:11,267 - mazeUtils.moveTile - [moveTile.py:1398] - DEBUG - moveTile loop time: 43.4 ms
2026-06-20 12:08:11,271 - picamera2.picamera2 - [picamera2.py:1391] - DEBUG - Execute job: <picamera2.job.Job object at 0x7f7b969cd0>
2026-06-20 12:08:11,274 - mazeUtils.device.camera - [camera.py:39] - DEBUG - Average HSV: H=156.3, S=27.7, V=212.6
2026-06-20 12:08:11,302 - mazeUtils.moveTile - [moveTile.py:79] - DEBUG - roll: 0.37000000000000455 deg, practicalMoveTime: 0.12298301160282205 sec
2026-06-20 12:08:11,302 - mazeUtils.moveTile - [moveTile.py:1398] - DEBUG - moveTile loop time: 34.7 ms
2026-06-20 12:08:11,307 - picamera2.picamera2 - [picamera2.py:1391] - DEBUG - Execute job: <picamera2.job.Job object at 0x7f8085ae50>
2026-06-20 12:08:11,310 - mazeUtils.device.camera - [camera.py:39] - DEBUG - Average HSV: H=149.4, S=47.4, V=170.8
2026-06-20 12:08:11,339 - mazeUtils.moveTile - [moveTile.py:79] - DEBUG - roll: 1.339999999999975 deg, practicalMoveTime: 0.15967250873185046 sec
2026-06-20 12:08:11,339 - mazeUtils.moveTile - [moveTile.py:1398] - DEBUG - moveTile loop time: 37.0 ms
2026-06-20 12:08:11,345 - picamera2.picamera2 - [picamera2.py:1391] - DEBUG - Execute job: <picamera2.job.Job object at 0x7f697541d0>
2026-06-20 12:08:11,348 - mazeUtils.device.camera - [camera.py:39] - DEBUG - Average HSV: H=139.0, S=14.0, V=234.7
2026-06-20 12:08:11,380 - mazeUtils.moveTile - [moveTile.py:79] - DEBUG - roll: 359.46 deg, practicalMoveTime: 0.20063720006337588 sec
2026-06-20 12:08:11,381 - mazeUtils.moveTile - [moveTile.py:1398] - DEBUG - moveTile loop time: 41.3 ms
2026-06-20 12:08:11,391 - picamera2.picamera2 - [picamera2.py:1391] - DEBUG - Execute job: <picamera2.job.Job object at 0x7f8085ae50>
2026-06-20 12:08:11,394 - mazeUtils.device.camera - [camera.py:39] - DEBUG - Average HSV: H=152.2, S=16.1, V=229.2
2026-06-20 12:08:11,424 - mazeUtils.moveTile - [moveTile.py:79] - DEBUG - roll: 0.5299999999999727 deg, practicalMoveTime: 0.24407806757928774 sec
2026-06-20 12:08:11,425 - mazeUtils.moveTile - [moveTile.py:1398] - DEBUG - moveTile loop time: 43.7 ms
2026-06-20 12:08:11,438 - picamera2.picamera2 - [picamera2.py:1391] - DEBUG - Execute job: <picamera2.job.Job object at 0x7f697542d0>
2026-06-20 12:08:11,441 - mazeUtils.device.camera - [camera.py:39] - DEBUG - Average HSV: H=141.0, S=46.7, V=162.2
2026-06-20 12:08:11,469 - mazeUtils.moveTile - [moveTile.py:79] - DEBUG - roll: 1.0399999999999636 deg, practicalMoveTime: 0.28828956191613764 sec
2026-06-20 12:08:11,469 - mazeUtils.moveTile - [moveTile.py:1398] - DEBUG - moveTile loop time: 44.7 ms
2026-06-20 12:08:11,476 - picamera2.picamera2 - [picamera2.py:1391] - DEBUG - Execute job: <picamera2.job.Job object at 0x7f6972e6d0>
2026-06-20 12:08:11,479 - mazeUtils.device.camera - [camera.py:39] - DEBUG - Average HSV: H=132.9, S=77.0, V=147.6
2026-06-20 12:08:11,504 - mazeUtils.moveTile - [moveTile.py:79] - DEBUG - roll: 4.649999999999977 deg, practicalMoveTime: 0.32272246585033804 sec
2026-06-20 12:08:11,505 - mazeUtils.moveTile - [moveTile.py:1398] - DEBUG - moveTile loop time: 34.8 ms
2026-06-20 12:08:11,511 - picamera2.picamera2 - [picamera2.py:1391] - DEBUG - Execute job: <picamera2.job.Job object at 0x7f69756290>
2026-06-20 12:08:11,514 - mazeUtils.device.camera - [camera.py:39] - DEBUG - Average HSV: H=150.3, S=15.8, V=229.9
2026-06-20 12:08:11,547 - mazeUtils.moveTile - [moveTile.py:79] - DEBUG - roll: 6.7999999999999545 deg, practicalMoveTime: 0.36493109460979717 sec
2026-06-20 12:08:11,548 - mazeUtils.moveTile - [moveTile.py:1398] - DEBUG - moveTile loop time: 42.8 ms
2026-06-20 12:08:11,554 - picamera2.picamera2 - [picamera2.py:1391] - DEBUG - Execute job: <picamera2.job.Job object at 0x7f69756290>
2026-06-20 12:08:11,557 - mazeUtils.device.camera - [camera.py:39] - DEBUG - Average HSV: H=155.2, S=39.5, V=167.6
2026-06-20 12:08:11,584 - mazeUtils.moveTile - [moveTile.py:79] - DEBUG - roll: 10.589999999999975 deg, practicalMoveTime: 0.3901001976256201 sec
2026-06-20 12:08:11,585 - mazeUtils.moveTile - [moveTile.py:1398] - DEBUG - moveTile loop time: 37.0 ms
2026-06-20 12:08:11,596 - picamera2.picamera2 - [picamera2.py:1391] - DEBUG - Execute job: <picamera2.job.Job object at 0x7f6972e710>
2026-06-20 12:08:11,599 - mazeUtils.device.camera - [camera.py:39] - DEBUG - Average HSV: H=130.2, S=40.3, V=218.3
2026-06-20 12:08:11,628 - mazeUtils.moveTile - [moveTile.py:79] - DEBUG - roll: 12.169999999999959 deg, practicalMoveTime: 0.4195645163915395 sec
2026-06-20 12:08:11,628 - mazeUtils.moveTile - [moveTile.py:1398] - DEBUG - moveTile loop time: 43.3 ms
2026-06-20 12:08:11,633 - picamera2.picamera2 - [picamera2.py:1391] - DEBUG - Execute job: <picamera2.job.Job object at 0x7f6972e650>
2026-06-20 12:08:11,637 - mazeUtils.device.camera - [camera.py:39] - DEBUG - Average HSV: H=103.3, S=42.1, V=194.7
2026-06-20 12:08:11,664 - mazeUtils.moveTile - [moveTile.py:79] - DEBUG - roll: 15.699999999999989 deg, practicalMoveTime: 0.4436089035970916 sec
2026-06-20 12:08:11,664 - mazeUtils.moveTile - [moveTile.py:1398] - DEBUG - moveTile loop time: 35.9 ms
2026-06-20 12:08:11,675 - picamera2.picamera2 - [picamera2.py:1391] - DEBUG - Execute job: <picamera2.job.Job object at 0x7f7b969d10>
2026-06-20 12:08:11,678 - mazeUtils.device.camera - [camera.py:39] - DEBUG - Average HSV: H=151.8, S=37.0, V=166.1
2026-06-20 12:08:11,708 - mazeUtils.moveTile - [moveTile.py:79] - DEBUG - roll: 18.599999999999966 deg, practicalMoveTime: 0.4725229869423059 sec
2026-06-20 12:08:11,709 - mazeUtils.moveTile - [moveTile.py:1398] - DEBUG - moveTile loop time: 43.9 ms
2026-06-20 12:08:11,715 - picamera2.picamera2 - [picamera2.py:1391] - DEBUG - Execute job: <picamera2.job.Job object at 0x7f7b969d10>
2026-06-20 12:08:11,718 - mazeUtils.device.camera - [camera.py:39] - DEBUG - Average HSV: H=163.4, S=25.9, V=214.7
2026-06-20 12:08:11,746 - mazeUtils.moveTile - [moveTile.py:79] - DEBUG - roll: 21.370000000000005 deg, practicalMoveTime: 0.49655271779921123 sec
2026-06-20 12:08:11,746 - mazeUtils.moveTile - [moveTile.py:1398] - DEBUG - moveTile loop time: 37.3 ms
2026-06-20 12:08:11,752 - picamera2.picamera2 - [picamera2.py:1391] - DEBUG - Execute job: <picamera2.job.Job object at 0x7f8085ae50>
2026-06-20 12:08:11,755 - mazeUtils.device.camera - [camera.py:39] - DEBUG - Average HSV: H=141.5, S=40.2, V=176.1
2026-06-20 12:08:11,784 - mazeUtils.moveTile - [moveTile.py:79] - DEBUG - roll: 24.579999999999984 deg, practicalMoveTime: 0.5204526022862217 sec
2026-06-20 12:08:11,784 - mazeUtils.moveTile - [moveTile.py:1398] - DEBUG - moveTile loop time: 37.8 ms
2026-06-20 12:08:11,790 - picamera2.picamera2 - [picamera2.py:1391] - DEBUG - Execute job: <picamera2.job.Job object at 0x7f7b96b850>
2026-06-20 12:08:11,794 - mazeUtils.device.camera - [camera.py:39] - DEBUG - Average HSV: H=138.9, S=25.6, V=204.9
2026-06-20 12:08:11,825 - mazeUtils.moveTile - [moveTile.py:79] - DEBUG - roll: 27.349999999999966 deg, practicalMoveTime: 0.5456164507098655 sec
2026-06-20 12:08:11,825 - mazeUtils.moveTile - [moveTile.py:1398] - DEBUG - moveTile loop time: 40.8 ms
2026-06-20 12:08:11,831 - picamera2.picamera2 - [picamera2.py:1391] - DEBUG - Execute job: <picamera2.job.Job object at 0x7f8085ae50>
2026-06-20 12:08:11,835 - mazeUtils.device.camera - [camera.py:39] - DEBUG - Average HSV: H=132.2, S=54.9, V=196.9
2026-06-20 12:08:11,862 - mazeUtils.moveTile - [moveTile.py:79] - DEBUG - roll: 30.299999999999955 deg, practicalMoveTime: 0.5678047256477916 sec
2026-06-20 12:08:11,863 - mazeUtils.moveTile - [moveTile.py:1398] - DEBUG - moveTile loop time: 37.0 ms
2026-06-20 12:08:11,869 - picamera2.picamera2 - [picamera2.py:1391] - DEBUG - Execute job: <picamera2.job.Job object at 0x7f6972e650>
2026-06-20 12:08:11,873 - mazeUtils.device.camera - [camera.py:39] - DEBUG - Average HSV: H=132.2, S=55.3, V=193.5
2026-06-20 12:08:11,902 - mazeUtils.moveTile - [moveTile.py:79] - DEBUG - roll: 32.69999999999999 deg, practicalMoveTime: 0.5910974963679355 sec
2026-06-20 12:08:11,903 - mazeUtils.moveTile - [moveTile.py:1398] - DEBUG - moveTile loop time: 39.8 ms
2026-06-20 12:08:11,909 - picamera2.picamera2 - [picamera2.py:1391] - DEBUG - Execute job: <picamera2.job.Job object at 0x7f7b969cd0>
2026-06-20 12:08:11,913 - mazeUtils.device.camera - [camera.py:39] - DEBUG - Average HSV: H=131.5, S=57.3, V=195.9
2026-06-20 12:08:11,943 - mazeUtils.moveTile - [moveTile.py:79] - DEBUG - roll: 35.139999999999986 deg, practicalMoveTime: 0.6141078329333306 sec
2026-06-20 12:08:11,943 - mazeUtils.moveTile - [moveTile.py:1398] - DEBUG - moveTile loop time: 40.3 ms
2026-06-20 12:08:11,952 - picamera2.picamera2 - [picamera2.py:1391] - DEBUG - Execute job: <picamera2.job.Job object at 0x7f7b969cd0>
2026-06-20 12:08:11,955 - mazeUtils.device.camera - [camera.py:39] - DEBUG - Average HSV: H=130.6, S=61.4, V=192.0
2026-06-20 12:08:11,983 - mazeUtils.moveTile - [moveTile.py:79] - DEBUG - roll: 34.90999999999997 deg, practicalMoveTime: 0.6365850531593165 sec
2026-06-20 12:08:11,983 - mazeUtils.moveTile - [moveTile.py:1398] - DEBUG - moveTile loop time: 39.4 ms
2026-06-20 12:08:11,989 - picamera2.picamera2 - [picamera2.py:1391] - DEBUG - Execute job: <picamera2.job.Job object at 0x7f7b96b850>
2026-06-20 12:08:11,993 - mazeUtils.device.camera - [camera.py:39] - DEBUG - Average HSV: H=128.1, S=54.6, V=206.0
2026-06-20 12:08:12,022 - mazeUtils.moveTile - [moveTile.py:79] - DEBUG - roll: 35.89999999999998 deg, practicalMoveTime: 0.6587976279375302 sec
2026-06-20 12:08:12,023 - mazeUtils.moveTile - [moveTile.py:1398] - DEBUG - moveTile loop time: 39.6 ms
2026-06-20 12:08:12,030 - picamera2.picamera2 - [picamera2.py:1391] - DEBUG - Execute job: <picamera2.job.Job object at 0x7f7b969d10>
2026-06-20 12:08:12,034 - mazeUtils.device.camera - [camera.py:39] - DEBUG - Average HSV: H=127.4, S=54.5, V=213.5
2026-06-20 12:08:12,063 - mazeUtils.moveTile - [moveTile.py:79] - DEBUG - roll: 34.15999999999997 deg, practicalMoveTime: 0.6822165274572188 sec
2026-06-20 12:08:12,064 - mazeUtils.moveTile - [moveTile.py:1398] - DEBUG - moveTile loop time: 41.1 ms
2026-06-20 12:08:12,070 - picamera2.picamera2 - [picamera2.py:1391] - DEBUG - Execute job: <picamera2.job.Job object at 0x7f7b96b850>
2026-06-20 12:08:12,073 - mazeUtils.device.camera - [camera.py:39] - DEBUG - Average HSV: H=127.6, S=43.8, V=221.3
2026-06-20 12:08:12,103 - mazeUtils.moveTile - [moveTile.py:79] - DEBUG - roll: 35.70999999999998 deg, practicalMoveTime: 0.7041684501619089 sec
2026-06-20 12:08:12,103 - mazeUtils.moveTile - [moveTile.py:1398] - DEBUG - moveTile loop time: 38.6 ms
2026-06-20 12:08:12,110 - picamera2.picamera2 - [picamera2.py:1391] - DEBUG - Execute job: <picamera2.job.Job object at 0x7f94ae9950>
2026-06-20 12:08:12,113 - mazeUtils.device.camera - [camera.py:39] - DEBUG - Average HSV: H=127.5, S=48.3, V=217.7
2026-06-20 12:08:12,143 - mazeUtils.moveTile - [moveTile.py:79] - DEBUG - roll: 32.799999999999955 deg, practicalMoveTime: 0.7274066085091203 sec
2026-06-20 12:08:12,143 - mazeUtils.moveTile - [moveTile.py:1398] - DEBUG - moveTile loop time: 39.7 ms
2026-06-20 12:08:12,150 - picamera2.picamera2 - [picamera2.py:1391] - DEBUG - Execute job: <picamera2.job.Job object at 0x7f7b969d10>
2026-06-20 12:08:12,153 - mazeUtils.device.camera - [camera.py:39] - DEBUG - Average HSV: H=129.3, S=51.0, V=209.8
2026-06-20 12:08:12,183 - mazeUtils.moveTile - [moveTile.py:79] - DEBUG - roll: 33.16999999999996 deg, practicalMoveTime: 0.7507463625578588 sec
2026-06-20 12:08:12,184 - mazeUtils.moveTile - [moveTile.py:1398] - DEBUG - moveTile loop time: 40.1 ms
2026-06-20 12:08:12,188 - picamera2.picamera2 - [picamera2.py:1391] - DEBUG - Execute job: <picamera2.job.Job object at 0x7f6972e710>
2026-06-20 12:08:12,191 - mazeUtils.device.camera - [camera.py:39] - DEBUG - Average HSV: H=130.2, S=50.7, V=209.9
2026-06-20 12:08:12,224 - mazeUtils.moveTile - [moveTile.py:79] - DEBUG - roll: 31.739999999999952 deg, practicalMoveTime: 0.7743421833438235 sec
2026-06-20 12:08:12,224 - mazeUtils.moveTile - [moveTile.py:1398] - DEBUG - moveTile loop time: 39.9 ms
2026-06-20 12:08:12,231 - picamera2.picamera2 - [picamera2.py:1391] - DEBUG - Execute job: <picamera2.job.Job object at 0x7f69756210>
2026-06-20 12:08:12,235 - mazeUtils.device.camera - [camera.py:39] - DEBUG - Average HSV: H=138.9, S=38.6, V=136.0
2026-06-20 12:08:12,267 - mazeUtils.moveTile - [moveTile.py:79] - DEBUG - roll: 33.52999999999997 deg, practicalMoveTime: 0.7993406404113792 sec
2026-06-20 12:08:12,267 - mazeUtils.moveTile - [moveTile.py:1398] - DEBUG - moveTile loop time: 43.1 ms
2026-06-20 12:08:12,275 - picamera2.picamera2 - [picamera2.py:1391] - DEBUG - Execute job: <picamera2.job.Job object at 0x7f7b969cd0>
2026-06-20 12:08:12,278 - mazeUtils.device.camera - [camera.py:39] - DEBUG - Average HSV: H=147.9, S=40.3, V=110.0
2026-06-20 12:08:12,305 - mazeUtils.moveTile - [moveTile.py:79] - DEBUG - roll: 34.26999999999998 deg, practicalMoveTime: 0.8211882911868547 sec
2026-06-20 12:08:12,306 - mazeUtils.moveTile - [moveTile.py:1398] - DEBUG - moveTile loop time: 38.3 ms
2026-06-20 12:08:12,310 - picamera2.picamera2 - [picamera2.py:1391] - DEBUG - Execute job: <picamera2.job.Job object at 0x7f7b96b850>
2026-06-20 12:08:12,313 - mazeUtils.device.camera - [camera.py:39] - DEBUG - Average HSV: H=142.5, S=43.1, V=114.3
2026-06-20 12:08:12,345 - picamera2.picamera2 - [picamera2.py:1391] - DEBUG - Execute job: <picamera2.job.Job object at 0x7f7b969d10>
2026-06-20 12:08:12,348 - mazeUtils.device.camera - [camera.py:39] - DEBUG - Average HSV: H=139.6, S=48.8, V=103.9
2026-06-20 12:08:12,376 - mazeUtils.moveTile - [moveTile.py:79] - DEBUG - roll: 33.76999999999998 deg, practicalMoveTime: 0.8619020291610576 sec
2026-06-20 12:08:12,376 - mazeUtils.moveTile - [moveTile.py:1398] - DEBUG - moveTile loop time: 36.1 ms
2026-06-20 12:08:12,382 - picamera2.picamera2 - [picamera2.py:1391] - DEBUG - Execute job: <picamera2.job.Job object at 0x7f94ae9950>
2026-06-20 12:08:12,386 - mazeUtils.device.camera - [camera.py:39] - DEBUG - Average HSV: H=142.7, S=45.9, V=102.9
2026-06-20 12:08:12,415 - mazeUtils.moveTile - [moveTile.py:79] - DEBUG - roll: 31.789999999999964 deg, practicalMoveTime: 0.8845887125097817 sec
2026-06-20 12:08:12,415 - mazeUtils.moveTile - [moveTile.py:1398] - DEBUG - moveTile loop time: 38.4 ms
2026-06-20 12:08:12,421 - picamera2.picamera2 - [picamera2.py:1391] - DEBUG - Execute job: <picamera2.job.Job object at 0x7f69756210>
2026-06-20 12:08:12,424 - mazeUtils.device.camera - [camera.py:39] - DEBUG - Average HSV: H=140.1, S=47.5, V=104.7
2026-06-20 12:08:12,452 - mazeUtils.moveTile - [moveTile.py:79] - DEBUG - roll: 33.14999999999998 deg, practicalMoveTime: 0.9062707262166816 sec
2026-06-20 12:08:12,452 - mazeUtils.moveTile - [moveTile.py:1398] - DEBUG - moveTile loop time: 37.3 ms
2026-06-20 12:08:12,462 - picamera2.picamera2 - [picamera2.py:1391] - DEBUG - Execute job: <picamera2.job.Job object at 0x7f69754190>
2026-06-20 12:08:12,465 - mazeUtils.device.camera - [camera.py:39] - DEBUG - Average HSV: H=141.9, S=49.9, V=108.6
2026-06-20 12:08:12,495 - mazeUtils.moveTile - [moveTile.py:79] - DEBUG - roll: 31.269999999999982 deg, practicalMoveTime: 0.9318547491725125 sec
2026-06-20 12:08:12,496 - mazeUtils.moveTile - [moveTile.py:1398] - DEBUG - moveTile loop time: 43.0 ms
2026-06-20 12:08:12,505 - picamera2.picamera2 - [picamera2.py:1391] - DEBUG - Execute job: <picamera2.job.Job object at 0x7f6972e6d0>
2026-06-20 12:08:12,509 - mazeUtils.device.camera - [camera.py:39] - DEBUG - Average HSV: H=142.7, S=43.4, V=126.6
2026-06-20 12:08:12,547 - mazeUtils.moveTile - [moveTile.py:79] - DEBUG - roll: 30.75 deg, practicalMoveTime: 0.9625319000519681 sec
2026-06-20 12:08:12,547 - mazeUtils.moveTile - [moveTile.py:1398] - DEBUG - moveTile loop time: 51.3 ms
2026-06-20 12:08:12,551 - picamera2.picamera2 - [picamera2.py:1391] - DEBUG - Execute job: <picamera2.job.Job object at 0x7f6972e710>
2026-06-20 12:08:12,554 - mazeUtils.device.camera - [camera.py:39] - DEBUG - Average HSV: H=137.6, S=47.8, V=129.0
2026-06-20 12:08:12,582 - mazeUtils.moveTile - [moveTile.py:79] - DEBUG - roll: 35.50999999999999 deg, practicalMoveTime: 0.9821917699647721 sec
2026-06-20 12:08:12,582 - mazeUtils.moveTile - [moveTile.py:1398] - DEBUG - moveTile loop time: 34.7 ms
2026-06-20 12:08:12,586 - picamera2.picamera2 - [picamera2.py:1391] - DEBUG - Execute job: <picamera2.job.Job object at 0x7f8085ae50>
2026-06-20 12:08:12,590 - mazeUtils.device.camera - [camera.py:39] - DEBUG - Average HSV: H=134.1, S=51.8, V=127.9
2026-06-20 12:08:12,620 - mazeUtils.moveTile - [moveTile.py:79] - DEBUG - roll: 35.51999999999998 deg, practicalMoveTime: 1.0036385633613298 sec
2026-06-20 12:08:12,620 - mazeUtils.moveTile - [moveTile.py:1398] - DEBUG - moveTile loop time: 37.9 ms
2026-06-20 12:08:12,626 - picamera2.picamera2 - [picamera2.py:1391] - DEBUG - Execute job: <picamera2.job.Job object at 0x7f7b969cd0>
2026-06-20 12:08:12,628 - mazeUtils.device.camera - [camera.py:39] - DEBUG - Average HSV: H=132.6, S=54.4, V=133.0
2026-06-20 12:08:12,657 - mazeUtils.moveTile - [moveTile.py:79] - DEBUG - roll: 35.81 deg, practicalMoveTime: 1.0243615996810511 sec
2026-06-20 12:08:12,657 - mazeUtils.moveTile - [moveTile.py:1398] - DEBUG - moveTile loop time: 36.8 ms
2026-06-20 12:08:12,666 - picamera2.picamera2 - [picamera2.py:1391] - DEBUG - Execute job: <picamera2.job.Job object at 0x7f7b96b850>
2026-06-20 12:08:12,669 - mazeUtils.device.camera - [camera.py:39] - DEBUG - Average HSV: H=132.0, S=56.3, V=133.3
2026-06-20 12:08:12,699 - mazeUtils.moveTile - [moveTile.py:79] - DEBUG - roll: 33.75 deg, practicalMoveTime: 1.048590917860959 sec
2026-06-20 12:08:12,700 - mazeUtils.moveTile - [moveTile.py:1398] - DEBUG - moveTile loop time: 41.2 ms
2026-06-20 12:08:12,708 - picamera2.picamera2 - [picamera2.py:1391] - DEBUG - Execute job: <picamera2.job.Job object at 0x7f6972e650>
2026-06-20 12:08:12,712 - mazeUtils.device.camera - [camera.py:39] - DEBUG - Average HSV: H=131.8, S=57.0, V=131.1
2026-06-20 12:08:12,743 - mazeUtils.moveTile - [moveTile.py:79] - DEBUG - roll: 32.370000000000005 deg, practicalMoveTime: 1.0740155930180295 sec
2026-06-20 12:08:12,743 - mazeUtils.moveTile - [moveTile.py:1398] - DEBUG - moveTile loop time: 43.2 ms
2026-06-20 12:08:12,747 - picamera2.picamera2 - [picamera2.py:1391] - DEBUG - Execute job: <picamera2.job.Job object at 0x7f69754190>
2026-06-20 12:08:12,751 - mazeUtils.device.camera - [camera.py:39] - DEBUG - Average HSV: H=133.0, S=55.4, V=128.3
2026-06-20 12:08:12,780 - mazeUtils.moveTile - [moveTile.py:79] - DEBUG - roll: 32.599999999999966 deg, practicalMoveTime: 1.0956850556588098 sec
2026-06-20 12:08:12,781 - mazeUtils.moveTile - [moveTile.py:1398] - DEBUG - moveTile loop time: 37.2 ms
2026-06-20 12:08:12,793 - picamera2.picamera2 - [picamera2.py:1391] - DEBUG - Execute job: <picamera2.job.Job object at 0x7f7b969d10>
2026-06-20 12:08:12,796 - mazeUtils.device.camera - [camera.py:39] - DEBUG - Average HSV: H=133.3, S=45.4, V=118.0
2026-06-20 12:08:12,834 - mazeUtils.moveTile - [moveTile.py:79] - DEBUG - roll: 34.90999999999997 deg, practicalMoveTime: 1.1262893524429962 sec
2026-06-20 12:08:12,835 - mazeUtils.moveTile - [moveTile.py:1398] - DEBUG - moveTile loop time: 53.6 ms
2026-06-20 12:08:12,839 - picamera2.picamera2 - [picamera2.py:1391] - DEBUG - Execute job: <picamera2.job.Job object at 0x7f697542d0>
2026-06-20 12:08:12,842 - mazeUtils.device.camera - [camera.py:39] - DEBUG - Average HSV: H=134.7, S=39.2, V=116.5
2026-06-20 12:08:12,870 - mazeUtils.moveTile - [moveTile.py:79] - DEBUG - roll: 34.66999999999996 deg, practicalMoveTime: 1.1465129394368696 sec
2026-06-20 12:08:12,870 - mazeUtils.moveTile - [moveTile.py:1398] - DEBUG - moveTile loop time: 35.3 ms
2026-06-20 12:08:12,876 - picamera2.picamera2 - [picamera2.py:1391] - DEBUG - Execute job: <picamera2.job.Job object at 0x7f6972e650>
2026-06-20 12:08:12,879 - mazeUtils.device.camera - [camera.py:39] - DEBUG - Average HSV: H=132.8, S=40.8, V=118.7
2026-06-20 12:08:12,904 - mazeUtils.moveTile - [moveTile.py:79] - DEBUG - roll: 34.620000000000005 deg, practicalMoveTime: 1.165746399007963 sec
2026-06-20 12:08:12,904 - mazeUtils.moveTile - [moveTile.py:1398] - DEBUG - moveTile loop time: 33.7 ms
2026-06-20 12:08:12,910 - picamera2.picamera2 - [picamera2.py:1391] - DEBUG - Execute job: <picamera2.job.Job object at 0x7f697542d0>
2026-06-20 12:08:12,914 - mazeUtils.device.camera - [camera.py:39] - DEBUG - Average HSV: H=135.3, S=40.2, V=116.1
2026-06-20 12:08:12,945 - mazeUtils.moveTile - [moveTile.py:79] - DEBUG - roll: 31.189999999999998 deg, practicalMoveTime: 1.189928965374729 sec
2026-06-20 12:08:12,945 - mazeUtils.moveTile - [moveTile.py:1398] - DEBUG - moveTile loop time: 40.7 ms
2026-06-20 12:08:12,953 - picamera2.picamera2 - [picamera2.py:1391] - DEBUG - Execute job: <picamera2.job.Job object at 0x7f697541d0>
2026-06-20 12:08:12,956 - mazeUtils.device.camera - [camera.py:39] - DEBUG - Average HSV: H=138.2, S=40.8, V=114.5
2026-06-20 12:08:12,982 - mazeUtils.moveTile - [moveTile.py:79] - DEBUG - roll: 27.079999999999984 deg, practicalMoveTime: 1.2125757151070138 sec
2026-06-20 12:08:12,982 - mazeUtils.moveTile - [moveTile.py:1398] - DEBUG - moveTile loop time: 36.6 ms
2026-06-20 12:08:12,988 - picamera2.picamera2 - [picamera2.py:1391] - DEBUG - Execute job: <picamera2.job.Job object at 0x7f7b969d10>
2026-06-20 12:08:12,991 - mazeUtils.device.camera - [camera.py:39] - DEBUG - Average HSV: H=131.6, S=57.1, V=130.6
2026-06-20 12:08:13,026 - mazeUtils.moveTile - [moveTile.py:79] - DEBUG - roll: 23.41999999999996 deg, practicalMoveTime: 1.2411210848267837 sec
2026-06-20 12:08:13,027 - mazeUtils.moveTile - [moveTile.py:1398] - DEBUG - moveTile loop time: 44.8 ms
2026-06-20 12:08:13,033 - picamera2.picamera2 - [picamera2.py:1391] - DEBUG - Execute job: <picamera2.job.Job object at 0x7f7b969cd0>
2026-06-20 12:08:13,036 - mazeUtils.device.camera - [camera.py:39] - DEBUG - Average HSV: H=129.0, S=66.5, V=142.7
2026-06-20 12:08:13,063 - mazeUtils.moveTile - [moveTile.py:79] - DEBUG - roll: 22.67999999999995 deg, practicalMoveTime: 1.264658247529659 sec
2026-06-20 12:08:13,064 - mazeUtils.moveTile - [moveTile.py:1398] - DEBUG - moveTile loop time: 37.0 ms
2026-06-20 12:08:13,076 - picamera2.picamera2 - [picamera2.py:1391] - DEBUG - Execute job: <picamera2.job.Job object at 0x7f6972e6d0>
2026-06-20 12:08:13,079 - mazeUtils.device.camera - [camera.py:39] - DEBUG - Average HSV: H=128.9, S=67.2, V=136.3
2026-06-20 12:08:13,109 - mazeUtils.moveTile - [moveTile.py:79] - DEBUG - roll: 23.5 deg, practicalMoveTime: 1.2934379410070906 sec
2026-06-20 12:08:13,109 - mazeUtils.moveTile - [moveTile.py:1398] - DEBUG - moveTile loop time: 44.9 ms
2026-06-20 12:08:13,120 - picamera2.picamera2 - [picamera2.py:1391] - DEBUG - Execute job: <picamera2.job.Job object at 0x7f94ae9950>
2026-06-20 12:08:13,123 - mazeUtils.device.camera - [camera.py:39] - DEBUG - Average HSV: H=142.5, S=47.8, V=111.9
2026-06-20 12:08:13,148 - mazeUtils.moveTile - [moveTile.py:79] - DEBUG - roll: 23.359999999999957 deg, practicalMoveTime: 1.3184930264705068 sec
2026-06-20 12:08:13,149 - mazeUtils.moveTile - [moveTile.py:1398] - DEBUG - moveTile loop time: 39.3 ms
2026-06-20 12:08:13,154 - picamera2.picamera2 - [picamera2.py:1391] - DEBUG - Execute job: <picamera2.job.Job object at 0x7f7b969d10>
2026-06-20 12:08:13,157 - mazeUtils.device.camera - [camera.py:39] - DEBUG - Average HSV: H=145.0, S=35.3, V=113.0
2026-06-20 12:08:13,191 - mazeUtils.moveTile - [moveTile.py:79] - DEBUG - roll: 23.069999999999993 deg, practicalMoveTime: 1.345900379965253 sec
2026-06-20 12:08:13,192 - mazeUtils.moveTile - [moveTile.py:1398] - DEBUG - moveTile loop time: 42.5 ms
2026-06-20 12:08:13,204 - picamera2.picamera2 - [picamera2.py:1391] - DEBUG - Execute job: <picamera2.job.Job object at 0x7f6972e650>
2026-06-20 12:08:13,208 - mazeUtils.device.camera - [camera.py:39] - DEBUG - Average HSV: H=143.2, S=36.1, V=113.2
2026-06-20 12:08:13,237 - mazeUtils.moveTile - [moveTile.py:79] - DEBUG - roll: 22.849999999999966 deg, practicalMoveTime: 1.375165608463239 sec
2026-06-20 12:08:13,238 - mazeUtils.moveTile - [moveTile.py:1398] - DEBUG - moveTile loop time: 45.8 ms
2026-06-20 12:08:13,246 - picamera2.picamera2 - [picamera2.py:1391] - DEBUG - Execute job: <picamera2.job.Job object at 0x7f94ae9950>
2026-06-20 12:08:13,249 - mazeUtils.device.camera - [camera.py:39] - DEBUG - Average HSV: H=142.4, S=36.0, V=111.7
2026-06-20 12:08:13,280 - mazeUtils.moveTile - [moveTile.py:79] - DEBUG - roll: 21.589999999999975 deg, practicalMoveTime: 1.4023002914906282 sec
2026-06-20 12:08:13,280 - mazeUtils.moveTile - [moveTile.py:1398] - DEBUG - moveTile loop time: 41.9 ms
2026-06-20 12:08:13,290 - picamera2.picamera2 - [picamera2.py:1391] - DEBUG - Execute job: <picamera2.job.Job object at 0x7f8085ae50>
2026-06-20 12:08:13,293 - mazeUtils.device.camera - [camera.py:39] - DEBUG - Average HSV: H=151.4, S=35.3, V=121.5
2026-06-20 12:08:13,319 - mazeUtils.moveTile - [moveTile.py:79] - DEBUG - roll: 19.45999999999998 deg, practicalMoveTime: 1.4281781571258267 sec
2026-06-20 12:08:13,320 - mazeUtils.moveTile - [moveTile.py:1398] - DEBUG - moveTile loop time: 39.5 ms
2026-06-20 12:08:13,326 - picamera2.picamera2 - [picamera2.py:1391] - DEBUG - Execute job: <picamera2.job.Job object at 0x7f7b969d10>
2026-06-20 12:08:13,329 - mazeUtils.device.camera - [camera.py:39] - DEBUG - Average HSV: H=151.0, S=34.6, V=114.6
2026-06-20 12:08:13,355 - mazeUtils.moveTile - [moveTile.py:79] - DEBUG - roll: 18.569999999999993 deg, practicalMoveTime: 1.451323843128566 sec
2026-06-20 12:08:13,355 - mazeUtils.moveTile - [moveTile.py:1398] - DEBUG - moveTile loop time: 35.4 ms
2026-06-20 12:08:13,362 - picamera2.picamera2 - [picamera2.py:1391] - DEBUG - Execute job: <picamera2.job.Job object at 0x7f6972e6d0>
2026-06-20 12:08:13,365 - mazeUtils.device.camera - [camera.py:39] - DEBUG - Average HSV: H=150.9, S=38.5, V=116.1
2026-06-20 12:08:13,398 - mazeUtils.moveTile - [moveTile.py:79] - DEBUG - roll: 14.829999999999984 deg, practicalMoveTime: 1.4800872248191999 sec
2026-06-20 12:08:13,399 - mazeUtils.moveTile - [moveTile.py:1398] - DEBUG - moveTile loop time: 42.9 ms
2026-06-20 12:08:13,404 - picamera2.picamera2 - [picamera2.py:1391] - DEBUG - Execute job: <picamera2.job.Job object at 0x7f7b96b850>
2026-06-20 12:08:13,407 - mazeUtils.device.camera - [camera.py:39] - DEBUG - Average HSV: H=135.2, S=45.4, V=125.3
2026-06-20 12:08:13,436 - mazeUtils.moveTile - [moveTile.py:79] - DEBUG - roll: 5.339999999999975 deg, practicalMoveTime: 1.5170685403233328 sec
2026-06-20 12:08:13,436 - mazeUtils.moveTile - [moveTile.py:1398] - DEBUG - moveTile loop time: 37.3 ms
2026-06-20 12:08:13,440 - picamera2.picamera2 - [picamera2.py:1391] - DEBUG - Execute job: <picamera2.job.Job object at 0x7f6972e6d0>
2026-06-20 12:08:13,443 - mazeUtils.device.camera - [camera.py:39] - DEBUG - Average HSV: H=168.7, S=37.9, V=161.7
2026-06-20 12:08:13,483 - mazeUtils.moveTile - [moveTile.py:79] - DEBUG - roll: 359.17999999999995 deg, practicalMoveTime: 1.5641296935492885 sec
2026-06-20 12:08:13,484 - mazeUtils.moveTile - [moveTile.py:1398] - DEBUG - moveTile loop time: 47.3 ms
2026-06-20 12:08:13,490 - picamera2.picamera2 - [picamera2.py:1391] - DEBUG - Execute job: <picamera2.job.Job object at 0x7f7b96b850>
2026-06-20 12:08:13,493 - mazeUtils.device.camera - [camera.py:39] - DEBUG - Average HSV: H=165.7, S=34.9, V=172.0
2026-06-20 12:08:13,518 - mazeUtils.moveTile - [moveTile.py:79] - DEBUG - roll: 346.29999999999995 deg, practicalMoveTime: 1.6008997223448995 sec
2026-06-20 12:08:13,519 - mazeUtils.moveTile - [moveTile.py:1398] - DEBUG - moveTile loop time: 34.7 ms
2026-06-20 12:08:13,527 - picamera2.picamera2 - [picamera2.py:1391] - DEBUG - Execute job: <picamera2.job.Job object at 0x7f7b96b850>
2026-06-20 12:08:13,531 - mazeUtils.device.camera - [camera.py:39] - DEBUG - Average HSV: H=140.1, S=43.7, V=182.3
2026-06-20 12:08:13,574 - picamera2.picamera2 - [picamera2.py:1391] - DEBUG - Execute job: <picamera2.job.Job object at 0x7f6972e6d0>
2026-06-20 12:08:13,577 - mazeUtils.device.camera - [camera.py:39] - DEBUG - Average HSV: H=120.3, S=140.0, V=140.9
2026-06-20 12:08:13,602 - mazeUtils.moveTile - [moveTile.py:79] - DEBUG - roll: 324.07 deg, practicalMoveTime: 1.6752841608399736 sec
2026-06-20 12:08:13,603 - mazeUtils.moveTile - [moveTile.py:1398] - DEBUG - moveTile loop time: 34.6 ms
2026-06-20 12:08:13,609 - picamera2.picamera2 - [picamera2.py:1391] - DEBUG - Execute job: <picamera2.job.Job object at 0x7f8085ae50>
2026-06-20 12:08:13,612 - mazeUtils.device.camera - [camera.py:39] - DEBUG - Average HSV: H=119.2, S=128.3, V=114.5
2026-06-20 12:08:13,646 - mazeUtils.moveTile - [moveTile.py:79] - DEBUG - roll: 317.7 deg, practicalMoveTime: 1.7108223050965485 sec
2026-06-20 12:08:13,647 - mazeUtils.moveTile - [moveTile.py:1398] - DEBUG - moveTile loop time: 43.9 ms
2026-06-20 12:08:13,653 - picamera2.picamera2 - [picamera2.py:1391] - DEBUG - Execute job: <picamera2.job.Job object at 0x7f69756210>
2026-06-20 12:08:13,656 - mazeUtils.device.camera - [camera.py:39] - DEBUG - Average HSV: H=127.6, S=106.7, V=97.3
2026-06-20 12:08:13,684 - mazeUtils.moveTile - [moveTile.py:79] - DEBUG - roll: 307.29999999999995 deg, practicalMoveTime: 1.73545627426516 sec
2026-06-20 12:08:13,684 - mazeUtils.moveTile - [moveTile.py:1398] - DEBUG - moveTile loop time: 37.4 ms
2026-06-20 12:08:13,691 - picamera2.picamera2 - [picamera2.py:1391] - DEBUG - Execute job: <picamera2.job.Job object at 0x7f7b969cd0>
2026-06-20 12:08:13,694 - mazeUtils.device.camera - [camera.py:39] - DEBUG - Average HSV: H=130.7, S=115.5, V=72.8
2026-06-20 12:08:13,719 - mazeUtils.moveTile - [moveTile.py:79] - DEBUG - roll: 299.34999999999997 deg, practicalMoveTime: 1.7542597365891675 sec
2026-06-20 12:08:13,720 - mazeUtils.moveTile - [moveTile.py:1398] - DEBUG - moveTile loop time: 35.3 ms
2026-06-20 12:08:13,726 - picamera2.picamera2 - [picamera2.py:1391] - DEBUG - Execute job: <picamera2.job.Job object at 0x7f69756290>
2026-06-20 12:08:13,730 - mazeUtils.device.camera - [camera.py:39] - DEBUG - Average HSV: H=131.1, S=115.7, V=55.6
2026-06-20 12:08:13,768 - mazeUtils.moveTile - [moveTile.py:79] - DEBUG - roll: 293.49 deg, practicalMoveTime: 1.7753545143124827 sec
2026-06-20 12:08:13,769 - mazeUtils.moveTile - [moveTile.py:1398] - DEBUG - moveTile loop time: 48.4 ms
2026-06-20 12:08:13,773 - picamera2.picamera2 - [picamera2.py:1391] - DEBUG - Execute job: <picamera2.job.Job object at 0x7f6972e650>
2026-06-20 12:08:13,776 - mazeUtils.device.camera - [camera.py:39] - DEBUG - Average HSV: H=116.1, S=235.3, V=96.0
2026-06-20 12:08:13,801 - mazeUtils.moveTile - [moveTile.py:79] - DEBUG - roll: 280.19 deg, practicalMoveTime: 1.7816567020312697 sec
2026-06-20 12:08:13,802 - mazeUtils.moveTile - [moveTile.py:1398] - DEBUG - moveTile loop time: 32.7 ms
2026-06-20 12:08:13,809 - picamera2.picamera2 - [picamera2.py:1391] - DEBUG - Execute job: <picamera2.job.Job object at 0x7f69754190>
2026-06-20 12:08:13,813 - mazeUtils.device.camera - [camera.py:39] - DEBUG - Average HSV: H=115.3, S=218.5, V=78.9
2026-06-20 12:08:13,844 - mazeUtils.moveTile - [moveTile.py:79] - DEBUG - roll: 273.34999999999997 deg, practicalMoveTime: 1.7843887031624874 sec
2026-06-20 12:08:13,845 - mazeUtils.moveTile - [moveTile.py:1398] - DEBUG - moveTile loop time: 42.9 ms
2026-06-20 12:08:13,850 - picamera2.picamera2 - [picamera2.py:1391] - DEBUG - Execute job: <picamera2.job.Job object at 0x7f697542d0>
2026-06-20 12:08:13,853 - mazeUtils.device.camera - [camera.py:39] - DEBUG - Average HSV: H=128.7, S=107.3, V=99.3
2026-06-20 12:08:13,884 - mazeUtils.moveTile - [moveTile.py:79] - DEBUG - roll: 264.37 deg, practicalMoveTime: 1.7801317455023704 sec
2026-06-20 12:08:13,885 - mazeUtils.moveTile - [moveTile.py:1398] - DEBUG - moveTile loop time: 39.6 ms
2026-06-20 12:08:13,892 - picamera2.picamera2 - [picamera2.py:1391] - DEBUG - Execute job: <picamera2.job.Job object at 0x7f69754190>
2026-06-20 12:08:13,895 - mazeUtils.device.camera - [camera.py:39] - DEBUG - Average HSV: H=165.6, S=29.4, V=189.1
2026-06-20 12:08:13,926 - mazeUtils.moveTile - [moveTile.py:79] - DEBUG - roll: 261.59999999999997 deg, practicalMoveTime: 1.7735639538150965 sec
2026-06-20 12:08:13,926 - mazeUtils.moveTile - [moveTile.py:1398] - DEBUG - moveTile loop time: 41.1 ms
2026-06-20 12:08:13,931 - picamera2.picamera2 - [picamera2.py:1391] - DEBUG - Execute job: <picamera2.job.Job object at 0x7f7b969cd0>
2026-06-20 12:08:13,935 - mazeUtils.device.camera - [camera.py:39] - DEBUG - Average HSV: H=171.6, S=28.9, V=190.0
2026-06-20 12:08:13,965 - mazeUtils.moveTile - [moveTile.py:79] - DEBUG - roll: 264.05999999999995 deg, practicalMoveTime: 1.7691846119355166 sec
2026-06-20 12:08:13,965 - mazeUtils.moveTile - [moveTile.py:1398] - DEBUG - moveTile loop time: 38.7 ms
2026-06-20 12:08:13,973 - picamera2.picamera2 - [picamera2.py:1391] - DEBUG - Execute job: <picamera2.job.Job object at 0x7f6972e710>
2026-06-20 12:08:13,976 - mazeUtils.device.camera - [camera.py:39] - DEBUG - Average HSV: H=162.5, S=55.3, V=78.8
2026-06-20 12:08:14,003 - mazeUtils.moveTile - [moveTile.py:79] - DEBUG - roll: 269.02 deg, practicalMoveTime: 1.7684775467830978 sec
2026-06-20 12:08:14,003 - mazeUtils.moveTile - [moveTile.py:1398] - DEBUG - moveTile loop time: 37.8 ms
2026-06-20 12:08:14,008 - picamera2.picamera2 - [picamera2.py:1391] - DEBUG - Execute job: <picamera2.job.Job object at 0x7f7b969cd0>
2026-06-20 12:08:14,011 - mazeUtils.device.camera - [camera.py:39] - DEBUG - Average HSV: H=158.1, S=69.0, V=51.5
2026-06-20 12:08:14,044 - mazeUtils.moveTile - [moveTile.py:79] - DEBUG - roll: 269.59 deg, practicalMoveTime: 1.7681581789572518 sec
2026-06-20 12:08:14,044 - mazeUtils.moveTile - [moveTile.py:1398] - DEBUG - moveTile loop time: 40.9 ms
2026-06-20 12:08:14,051 - picamera2.picamera2 - [picamera2.py:1391] - DEBUG - Execute job: <picamera2.job.Job object at 0x7f697542d0>
2026-06-20 12:08:14,055 - mazeUtils.device.camera - [camera.py:39] - DEBUG - Average HSV: H=158.9, S=68.6, V=51.5
2026-06-20 12:08:14,081 - mazeUtils.moveTile - [moveTile.py:79] - DEBUG - roll: 271.09999999999997 deg, practicalMoveTime: 1.7689315788804043 sec
2026-06-20 12:08:14,081 - mazeUtils.moveTile - [moveTile.py:1398] - DEBUG - moveTile loop time: 36.9 ms
2026-06-20 12:08:14,087 - picamera2.picamera2 - [picamera2.py:1391] - DEBUG - Execute job: <picamera2.job.Job object at 0x7f7b969d10>
2026-06-20 12:08:14,091 - mazeUtils.device.camera - [camera.py:39] - DEBUG - Average HSV: H=158.3, S=69.7, V=49.9
2026-06-20 12:08:14,116 - mazeUtils.moveTile - [moveTile.py:79] - DEBUG - roll: 271.09999999999997 deg, practicalMoveTime: 1.7696521292465965 sec
2026-06-20 12:08:14,116 - mazeUtils.moveTile - [moveTile.py:1398] - DEBUG - moveTile loop time: 34.6 ms
2026-06-20 12:08:14,124 - picamera2.picamera2 - [picamera2.py:1391] - DEBUG - Execute job: <picamera2.job.Job object at 0x7f69756210>
2026-06-20 12:08:14,129 - mazeUtils.device.camera - [camera.py:39] - DEBUG - Average HSV: H=158.5, S=67.1, V=49.8
2026-06-20 12:08:14,165 - mazeUtils.moveTile - [moveTile.py:79] - DEBUG - roll: 271.82 deg, practicalMoveTime: 1.771336521916636 sec
2026-06-20 12:08:14,165 - mazeUtils.moveTile - [moveTile.py:1398] - DEBUG - moveTile loop time: 48.7 ms
2026-06-20 12:08:14,170 - picamera2.picamera2 - [picamera2.py:1391] - DEBUG - Execute job: <picamera2.job.Job object at 0x7f7b969cd0>
2026-06-20 12:08:14,175 - mazeUtils.device.camera - [camera.py:39] - DEBUG - Average HSV: H=154.8, S=66.3, V=44.0
2026-06-20 12:08:14,207 - mazeUtils.moveTile - [moveTile.py:79] - DEBUG - roll: 274.16999999999996 deg, practicalMoveTime: 1.7746226028214998 sec
2026-06-20 12:08:14,207 - mazeUtils.moveTile - [moveTile.py:1398] - DEBUG - moveTile loop time: 41.0 ms
2026-06-20 12:08:14,214 - picamera2.picamera2 - [picamera2.py:1391] - DEBUG - Execute job: <picamera2.job.Job object at 0x7f697541d0>
2026-06-20 12:08:14,219 - mazeUtils.device.camera - [camera.py:39] - DEBUG - Average HSV: H=146.9, S=62.1, V=36.6
2026-06-20 12:08:14,248 - mazeUtils.moveTile - [moveTile.py:79] - DEBUG - roll: 276.41999999999996 deg, practicalMoveTime: 1.77962178846124 sec
2026-06-20 12:08:14,249 - mazeUtils.moveTile - [moveTile.py:1398] - DEBUG - moveTile loop time: 40.5 ms
2026-06-20 12:08:14,258 - picamera2.picamera2 - [picamera2.py:1391] - DEBUG - Execute job: <picamera2.job.Job object at 0x7f94ae9950>
2026-06-20 12:08:14,263 - mazeUtils.device.camera - [camera.py:39] - DEBUG - Average HSV: H=113.6, S=79.6, V=22.7
2026-06-20 12:08:14,293 - mazeUtils.moveTile - [moveTile.py:79] - DEBUG - roll: 281.52 deg, practicalMoveTime: 1.789300249695148 sec
2026-06-20 12:08:14,294 - mazeUtils.moveTile - [moveTile.py:1398] - DEBUG - moveTile loop time: 44.7 ms
2026-06-20 12:08:14,299 - picamera2.picamera2 - [picamera2.py:1391] - DEBUG - Execute job: <picamera2.job.Job object at 0x7f7b96b850>
2026-06-20 12:08:14,305 - mazeUtils.device.camera - [camera.py:39] - DEBUG - Average HSV: H=84.2, S=234.1, V=5.5
2026-06-20 12:08:14,341 - mazeUtils.moveTile - [moveTile.py:79] - DEBUG - roll: 286.22999999999996 deg, practicalMoveTime: 1.8037461037830118 sec
2026-06-20 12:08:14,342 - mazeUtils.moveTile - [moveTile.py:1398] - DEBUG - moveTile loop time: 47.5 ms
2026-06-20 12:08:14,349 - picamera2.picamera2 - [picamera2.py:1391] - DEBUG - Execute job: <picamera2.job.Job object at 0x7f7b969d10>
2026-06-20 12:08:14,353 - mazeUtils.device.camera - [camera.py:39] - DEBUG - Average HSV: H=86.7, S=238.4, V=4.0
2026-06-20 12:08:14,383 - mazeUtils.moveTile - [moveTile.py:79] - DEBUG - roll: 293.96999999999997 deg, practicalMoveTime: 1.8223343457272523 sec
2026-06-20 12:08:14,384 - mazeUtils.moveTile - [moveTile.py:1398] - DEBUG - moveTile loop time: 41.7 ms
2026-06-20 12:08:14,393 - picamera2.picamera2 - [picamera2.py:1391] - DEBUG - Execute job: <picamera2.job.Job object at 0x7f69756210>
2026-06-20 12:08:14,397 - mazeUtils.device.camera - [camera.py:39] - DEBUG - Average HSV: H=91.5, S=135.2, V=10.0
2026-06-20 12:08:14,427 - mazeUtils.moveTile - [moveTile.py:79] - DEBUG - roll: 305.45 deg, practicalMoveTime: 1.8496493248063501 sec
2026-06-20 12:08:14,427 - mazeUtils.moveTile - [moveTile.py:1398] - DEBUG - moveTile loop time: 43.2 ms
2026-06-20 12:08:14,435 - picamera2.picamera2 - [picamera2.py:1391] - DEBUG - Execute job: <picamera2.job.Job object at 0x7f7b96b850>
2026-06-20 12:08:14,439 - mazeUtils.device.camera - [camera.py:39] - DEBUG - Average HSV: H=135.3, S=77.2, V=36.8
2026-06-20 12:08:14,468 - mazeUtils.moveTile - [moveTile.py:79] - DEBUG - roll: 320.34 deg, practicalMoveTime: 1.8842045043030597 sec
2026-06-20 12:08:14,469 - mazeUtils.moveTile - [moveTile.py:1398] - DEBUG - moveTile loop time: 41.1 ms
2026-06-20 12:08:14,475 - picamera2.picamera2 - [picamera2.py:1391] - DEBUG - Execute job: <picamera2.job.Job object at 0x7f94ae9950>
2026-06-20 12:08:14,480 - mazeUtils.device.camera - [camera.py:39] - DEBUG - Average HSV: H=137.7, S=63.5, V=68.1
2026-06-20 12:08:14,508 - mazeUtils.moveTile - [moveTile.py:79] - DEBUG - roll: 334.32 deg, practicalMoveTime: 1.9229530316337677 sec
2026-06-20 12:08:14,509 - mazeUtils.moveTile - [moveTile.py:1398] - DEBUG - moveTile loop time: 39.6 ms
2026-06-20 12:08:14,516 - picamera2.picamera2 - [picamera2.py:1391] - DEBUG - Execute job: <picamera2.job.Job object at 0x7f7b969d10>
2026-06-20 12:08:14,522 - mazeUtils.device.camera - [camera.py:39] - DEBUG - Average HSV: H=135.4, S=71.6, V=80.3
2026-06-20 12:08:14,550 - mazeUtils.moveTile - [moveTile.py:79] - DEBUG - roll: 351.13 deg, practicalMoveTime: 1.9632616536473233 sec
2026-06-20 12:08:14,550 - mazeUtils.moveTile - [moveTile.py:1398] - DEBUG - moveTile loop time: 41.1 ms
2026-06-20 12:08:14,565 - picamera2.picamera2 - [picamera2.py:1391] - DEBUG - Execute job: <picamera2.job.Job object at 0x7f94ae9950>
2026-06-20 12:08:14,569 - mazeUtils.device.camera - [camera.py:39] - DEBUG - Average HSV: H=150.0, S=53.3, V=117.4
2026-06-20 12:08:14,606 - mazeUtils.moveTile - [moveTile.py:79] - DEBUG - roll: 352.71 deg, practicalMoveTime: 2.01806521253256 sec
2026-06-20 12:08:14,606 - mazeUtils.moveTile - [moveTile.py:1398] - DEBUG - moveTile loop time: 55.5 ms
2026-06-20 12:08:14,611 - picamera2.picamera2 - [picamera2.py:1391] - DEBUG - Execute job: <picamera2.job.Job object at 0x7f6972e650>
2026-06-20 12:08:14,616 - mazeUtils.device.camera - [camera.py:39] - DEBUG - Average HSV: H=138.7, S=71.7, V=98.1
2026-06-20 12:08:14,646 - mazeUtils.moveTile - [moveTile.py:79] - DEBUG - roll: 354.0 deg, practicalMoveTime: 2.057514804250732 sec
2026-06-20 12:08:14,647 - mazeUtils.moveTile - [moveTile.py:1398] - DEBUG - moveTile loop time: 40.1 ms
2026-06-20 12:08:14,658 - picamera2.picamera2 - [picamera2.py:1391] - DEBUG - Execute job: <picamera2.job.Job object at 0x7f6972e6d0>
2026-06-20 12:08:14,663 - mazeUtils.device.camera - [camera.py:39] - DEBUG - Average HSV: H=130.5, S=86.8, V=111.1
2026-06-20 12:08:14,700 - mazeUtils.moveTile - [moveTile.py:79] - DEBUG - roll: 357.53999999999996 deg, practicalMoveTime: 2.1112272179284903 sec
2026-06-20 12:08:14,701 - mazeUtils.moveTile - [moveTile.py:1398] - DEBUG - moveTile loop time: 54.0 ms
2026-06-20 12:08:14,708 - picamera2.picamera2 - [picamera2.py:1391] - DEBUG - Execute job: <picamera2.job.Job object at 0x7f8085ae50>
2026-06-20 12:08:14,713 - mazeUtils.device.camera - [camera.py:39] - DEBUG - Average HSV: H=135.7, S=57.2, V=159.0
2026-06-20 12:08:14,744 - mazeUtils.moveTile - [moveTile.py:79] - DEBUG - roll: 1.849999999999966 deg, practicalMoveTime: 2.1541540311389835 sec
2026-06-20 12:08:14,745 - mazeUtils.moveTile - [moveTile.py:1398] - DEBUG - moveTile loop time: 43.3 ms
2026-06-20 12:08:14,751 - picamera2.picamera2 - [picamera2.py:1391] - DEBUG - Execute job: <picamera2.job.Job object at 0x7f94ae9950>
2026-06-20 12:08:14,756 - mazeUtils.device.camera - [camera.py:39] - DEBUG - Average HSV: H=136.6, S=55.0, V=162.3
2026-06-20 12:08:14,785 - mazeUtils.moveTile - [moveTile.py:79] - DEBUG - roll: 2.4399999999999977 deg, practicalMoveTime: 2.193861659503934 sec
2026-06-20 12:08:14,785 - mazeUtils.moveTile - [moveTile.py:1398] - DEBUG - moveTile loop time: 40.0 ms
2026-06-20 12:08:14,793 - picamera2.picamera2 - [picamera2.py:1391] - DEBUG - Execute job: <picamera2.job.Job object at 0x7f7b969d10>
2026-06-20 12:08:14,797 - mazeUtils.device.camera - [camera.py:39] - DEBUG - Average HSV: H=134.1, S=63.7, V=160.3
2026-06-20 12:08:14,827 - mazeUtils.moveTile - [moveTile.py:79] - DEBUG - roll: 1.42999999999995 deg, practicalMoveTime: 2.235776892681304 sec
2026-06-20 12:08:14,828 - mazeUtils.moveTile - [moveTile.py:1398] - DEBUG - moveTile loop time: 42.2 ms
2026-06-20 12:08:14,834 - picamera2.picamera2 - [picamera2.py:1391] - DEBUG - Execute job: <picamera2.job.Job object at 0x7f69756290>
2026-06-20 12:08:14,838 - mazeUtils.device.camera - [camera.py:39] - DEBUG - Average HSV: H=133.5, S=66.3, V=162.1
2026-06-20 12:08:14,865 - mazeUtils.moveTile - [moveTile.py:79] - DEBUG - roll: 1.7799999999999727 deg, practicalMoveTime: 2.2729405670387073 sec
2026-06-20 12:08:14,866 - mazeUtils.moveTile - [moveTile.py:1398] - DEBUG - moveTile loop time: 36.9 ms
2026-06-20 12:08:14,871 - picamera2.picamera2 - [picamera2.py:1391] - DEBUG - Execute job: <picamera2.job.Job object at 0x7f7b96b850>
2026-06-20 12:08:14,875 - mazeUtils.device.camera - [camera.py:39] - DEBUG - Average HSV: H=131.7, S=66.3, V=171.7
2026-06-20 12:08:14,908 - mazeUtils.moveTile - [moveTile.py:79] - DEBUG - roll: 1.8799999999999955 deg, practicalMoveTime: 2.3153814894413274 sec
2026-06-20 12:08:14,909 - mazeUtils.moveTile - [moveTile.py:1398] - DEBUG - moveTile loop time: 42.8 ms
2026-06-20 12:08:14,916 - picamera2.picamera2 - [picamera2.py:1391] - DEBUG - Execute job: <picamera2.job.Job object at 0x7f8085ae50>
2026-06-20 12:08:14,921 - mazeUtils.device.camera - [camera.py:39] - DEBUG - Average HSV: H=130.0, S=75.8, V=161.3
2026-06-20 12:08:14,951 - mazeUtils.moveTile - [moveTile.py:79] - DEBUG - roll: 0.9399999999999977 deg, practicalMoveTime: 2.357755880585347 sec
2026-06-20 12:08:14,952 - mazeUtils.moveTile - [moveTile.py:1398] - DEBUG - moveTile loop time: 42.7 ms
2026-06-20 12:08:14,962 - picamera2.picamera2 - [picamera2.py:1391] - DEBUG - Execute job: <picamera2.job.Job object at 0x7f7b96b850>
2026-06-20 12:08:14,967 - mazeUtils.device.camera - [camera.py:39] - DEBUG - Average HSV: H=122.3, S=124.5, V=118.3
2026-06-20 12:08:15,038 - mazeUtils.moveTile - [moveTile.py:79] - DEBUG - Little forward to adjust position
2026-06-20 12:08:15,175 - mazeUtils.moveTile - [moveTile.py:528] - DEBUG - Direction: absDirection.NORTH, Angle: 0, Distance: 10.982137815902648 cm
2026-06-20 12:08:15,175 - mazeUtils.moveTile - [moveTile.py:551] - DEBUG - Front LiDAR distance: 10.982137815902648 cm, TSD10 distance: 1.6 cm
2026-06-20 12:08:15,176 - mazeUtils.moveTile - [moveTile.py:528] - DEBUG - Direction: absDirection.EAST, Angle: 270, Distance: 20.593595215097196 cm
2026-06-20 12:08:15,177 - mazeUtils.moveTile - [moveTile.py:528] - DEBUG - Direction: absDirection.SOUTH, Angle: 180, Distance: 45.025211509193085 cm
2026-06-20 12:08:15,178 - mazeUtils.moveTile - [moveTile.py:528] - DEBUG - Direction: absDirection.WEST, Angle: 90, Distance: 74.27844681227367 cm
2026-06-20 12:08:15,179 - mazeUtils.moveTile - [moveTile.py:1724] - INFO - Tile color detection counts: {<tileType.RED: 'R'>: 7, <tileType.EMPTY: 'E'>: 0}, decided tile type: E
2026-06-20 12:08:15,242 - __main__ - [main.py:87] - INFO - Current position: (20, 16, 0), front direction: absDirection.NORTH
Layer 0 (altitude=0.0cm, offset=(0.0cm, 0.0cm)):
Known map area: x=20..20, y=16..20
+---+
  @ |
+   +
| E |
+   +
| E |
+   +
  E |
+   +
| S |
+---+
mazeAsGraph[0][16][20] = {absDirection.NORTH: None, absDirection.EAST: None, absDirection.SOUTH: (20, 17, 0, 30), absDirection.WEST: (19, 16, 0, 30)}
mazeAsGraph[0][17][20] = {absDirection.NORTH: (20, 16, 0, 30), absDirection.EAST: None, absDirection.SOUTH: (20, 18, 0, 30), absDirection.WEST: None}
mazeAsGraph[0][18][20] = {absDirection.NORTH: (20, 17, 0, 30), absDirection.EAST: None, absDirection.SOUTH: (20, 19, 0, 30), absDirection.WEST: None}
mazeAsGraph[0][19][20] = {absDirection.NORTH: (20, 18, 0, 30), absDirection.EAST: None, absDirection.SOUTH: (20, 20, 0, 30), absDirection.WEST: (19, 19, 0, 30)}
mazeAsGraph[0][20][20] = {absDirection.NORTH: (20, 19, 0, 30), absDirection.EAST: None, absDirection.SOUTH: None, absDirection.WEST: None}
2026-06-20 12:08:15,254 - mazeUtils.mazeMap - [mazeMap.py:61] - INFO - next goal: (19, 16, 0)
2026-06-20 12:08:15,264 - mazeUtils.moveTile - [moveTile.py:79] - DEBUG - Moving to absDirection.WEST from (20, 16, 0) facing absDirection.NORTH
2026-06-20 12:08:15,290 - mazeUtils.moveTile - [moveTile.py:79] - DEBUG - current heading: 357.73 target: 45
2026-06-20 12:08:15,813 - mazeUtils.moveTile - [moveTile.py:403] - DEBUG - stopped turning at heading: 42.56, diff: 2.4399999999999977
2026-06-20 12:08:16,718 - mazeUtils.moveTile - [moveTile.py:79] - DEBUG - Turned to heading: 45.76999999999998 deg
2026-06-20 12:08:17,251 - mazeUtils.moveTile - [moveTile.py:79] - DEBUG - current heading: 45.43000000000001 target: 90
2026-06-20 12:08:17,720 - mazeUtils.moveTile - [moveTile.py:403] - DEBUG - stopped turning at heading: 85.44, diff: 4.560000000000002
2026-06-20 12:08:18,638 - mazeUtils.moveTile - [moveTile.py:79] - DEBUG - Turned to heading: 90.75 deg
2026-06-20 12:08:18,692 - mazeUtils.moveTile - [moveTile.py:79] - DEBUG - Little backward to adjust position
2026-06-20 12:08:19,369 - picamera2.picamera2 - [picamera2.py:1391] - DEBUG - Execute job: <picamera2.job.Job object at 0x7f69756cd0>
2026-06-20 12:08:19,373 - mazeUtils.device.camera - [camera.py:39] - DEBUG - Average HSV: H=170.0, S=47.6, V=150.3
2026-06-20 12:08:19,407 - mazeUtils.moveTile - [moveTile.py:79] - DEBUG - roll: 2.3999999999999773 deg, practicalMoveTime: 0.04149489435889021 sec
2026-06-20 12:08:19,407 - mazeUtils.moveTile - [moveTile.py:1398] - DEBUG - moveTile loop time: 41.9 ms
2026-06-20 12:08:19,418 - picamera2.picamera2 - [picamera2.py:1391] - DEBUG - Execute job: <picamera2.job.Job object at 0x7f69756dd0>
2026-06-20 12:08:19,421 - mazeUtils.device.camera - [camera.py:39] - DEBUG - Average HSV: H=170.0, S=47.8, V=150.1
2026-06-20 12:08:19,451 - mazeUtils.moveTile - [moveTile.py:79] - DEBUG - roll: 2.2999999999999545 deg, practicalMoveTime: 0.0850493703506123 sec
2026-06-20 12:08:19,452 - mazeUtils.moveTile - [moveTile.py:1398] - DEBUG - moveTile loop time: 43.9 ms
2026-06-20 12:08:19,461 - picamera2.picamera2 - [picamera2.py:1391] - DEBUG - Execute job: <picamera2.job.Job object at 0x7f69749a90>
2026-06-20 12:08:19,465 - mazeUtils.device.camera - [camera.py:39] - DEBUG - Average HSV: H=168.9, S=47.9, V=150.0
2026-06-20 12:08:19,494 - mazeUtils.moveTile - [moveTile.py:79] - DEBUG - roll: 1.089999999999975 deg, practicalMoveTime: 0.1274935471003142 sec
2026-06-20 12:08:19,495 - mazeUtils.moveTile - [moveTile.py:1398] - DEBUG - moveTile loop time: 42.9 ms
2026-06-20 12:08:19,501 - picamera2.picamera2 - [picamera2.py:1391] - DEBUG - Execute job: <picamera2.job.Job object at 0x7f7b96b850>
2026-06-20 12:08:19,505 - mazeUtils.device.camera - [camera.py:39] - DEBUG - Average HSV: H=166.8, S=46.3, V=149.5
2026-06-20 12:08:19,535 - mazeUtils.moveTile - [moveTile.py:79] - DEBUG - roll: 1.2299999999999613 deg, practicalMoveTime: 0.16785161057597536 sec
2026-06-20 12:08:19,535 - mazeUtils.moveTile - [moveTile.py:1398] - DEBUG - moveTile loop time: 40.5 ms
2026-06-20 12:08:19,541 - picamera2.picamera2 - [picamera2.py:1391] - DEBUG - Execute job: <picamera2.job.Job object at 0x7f69749b10>
2026-06-20 12:08:19,544 - mazeUtils.device.camera - [camera.py:39] - DEBUG - Average HSV: H=166.1, S=45.3, V=151.7
2026-06-20 12:08:19,571 - mazeUtils.moveTile - [moveTile.py:79] - DEBUG - roll: 2.4399999999999977 deg, practicalMoveTime: 0.20360174397907727 sec
2026-06-20 12:08:19,572 - mazeUtils.moveTile - [moveTile.py:1398] - DEBUG - moveTile loop time: 36.0 ms
2026-06-20 12:08:19,585 - picamera2.picamera2 - [picamera2.py:1391] - DEBUG - Execute job: <picamera2.job.Job object at 0x7f7b96b850>
2026-06-20 12:08:19,589 - mazeUtils.device.camera - [camera.py:39] - DEBUG - Average HSV: H=167.7, S=47.1, V=152.3
2026-06-20 12:08:19,619 - mazeUtils.moveTile - [moveTile.py:79] - DEBUG - roll: 1.5199999999999818 deg, practicalMoveTime: 0.25034799427611076 sec
2026-06-20 12:08:19,619 - mazeUtils.moveTile - [moveTile.py:1398] - DEBUG - moveTile loop time: 47.1 ms
2026-06-20 12:08:19,627 - picamera2.picamera2 - [picamera2.py:1391] - DEBUG - Execute job: <picamera2.job.Job object at 0x7f69749a90>
2026-06-20 12:08:19,630 - mazeUtils.device.camera - [camera.py:39] - DEBUG - Average HSV: H=169.8, S=49.1, V=153.0
2026-06-20 12:08:19,663 - mazeUtils.moveTile - [moveTile.py:79] - DEBUG - roll: 2.589999999999975 deg, practicalMoveTime: 0.29378992847642504 sec
2026-06-20 12:08:19,663 - mazeUtils.moveTile - [moveTile.py:1398] - DEBUG - moveTile loop time: 43.9 ms
2026-06-20 12:08:19,670 - picamera2.picamera2 - [picamera2.py:1391] - DEBUG - Execute job: <picamera2.job.Job object at 0x7f69756e90>
2026-06-20 12:08:19,674 - mazeUtils.device.camera - [camera.py:39] - DEBUG - Average HSV: H=170.6, S=47.7, V=153.6
2026-06-20 12:08:19,709 - mazeUtils.moveTile - [moveTile.py:79] - DEBUG - roll: 2.2099999999999795 deg, practicalMoveTime: 0.33962659079192276 sec
2026-06-20 12:08:19,709 - mazeUtils.moveTile - [moveTile.py:1398] - DEBUG - moveTile loop time: 46.1 ms
2026-06-20 12:08:19,713 - picamera2.picamera2 - [picamera2.py:1391] - DEBUG - Execute job: <picamera2.job.Job object at 0x7f69749a50>
2026-06-20 12:08:19,716 - mazeUtils.device.camera - [camera.py:39] - DEBUG - Average HSV: H=170.6, S=47.7, V=153.7
2026-06-20 12:08:19,742 - mazeUtils.moveTile - [moveTile.py:79] - DEBUG - roll: 2.109999999999957 deg, practicalMoveTime: 0.37176387642506786 sec
2026-06-20 12:08:19,742 - mazeUtils.moveTile - [moveTile.py:1398] - DEBUG - moveTile loop time: 32.5 ms
2026-06-20 12:08:19,750 - picamera2.picamera2 - [picamera2.py:1391] - DEBUG - Execute job: <picamera2.job.Job object at 0x7f69756ed0>
2026-06-20 12:08:19,754 - mazeUtils.device.camera - [camera.py:39] - DEBUG - Average HSV: H=167.6, S=46.6, V=156.1
2026-06-20 12:08:19,784 - mazeUtils.moveTile - [moveTile.py:79] - DEBUG - roll: 2.339999999999975 deg, practicalMoveTime: 0.4137124721703087 sec
2026-06-20 12:08:19,785 - mazeUtils.moveTile - [moveTile.py:1398] - DEBUG - moveTile loop time: 42.2 ms
2026-06-20 12:08:19,793 - picamera2.picamera2 - [picamera2.py:1391] - DEBUG - Execute job: <picamera2.job.Job object at 0x7f69749b10>
2026-06-20 12:08:19,796 - mazeUtils.device.camera - [camera.py:39] - DEBUG - Average HSV: H=161.2, S=46.5, V=157.4
2026-06-20 12:08:19,824 - mazeUtils.moveTile - [moveTile.py:79] - DEBUG - roll: 2.6299999999999955 deg, practicalMoveTime: 0.4531227543339997 sec
2026-06-20 12:08:19,824 - mazeUtils.moveTile - [moveTile.py:1398] - DEBUG - moveTile loop time: 39.7 ms
2026-06-20 12:08:19,831 - picamera2.picamera2 - [picamera2.py:1391] - DEBUG - Execute job: <picamera2.job.Job object at 0x7f7b96b850>
2026-06-20 12:08:19,833 - mazeUtils.device.camera - [camera.py:39] - DEBUG - Average HSV: H=159.6, S=46.0, V=159.2
2026-06-20 12:08:19,863 - mazeUtils.moveTile - [moveTile.py:79] - DEBUG - roll: 1.579999999999984 deg, practicalMoveTime: 0.491482588382929 sec
2026-06-20 12:08:19,863 - mazeUtils.moveTile - [moveTile.py:1398] - DEBUG - moveTile loop time: 38.6 ms
2026-06-20 12:08:19,873 - picamera2.picamera2 - [picamera2.py:1391] - DEBUG - Execute job: <picamera2.job.Job object at 0x7f69749b10>
2026-06-20 12:08:19,876 - mazeUtils.device.camera - [camera.py:39] - DEBUG - Average HSV: H=149.9, S=47.2, V=159.2
2026-06-20 12:08:19,905 - mazeUtils.moveTile - [moveTile.py:79] - DEBUG - roll: 2.1200000000000045 deg, practicalMoveTime: 0.5335858899019208 sec
2026-06-20 12:08:19,906 - mazeUtils.moveTile - [moveTile.py:1398] - DEBUG - moveTile loop time: 42.4 ms
2026-06-20 12:08:19,912 - picamera2.picamera2 - [picamera2.py:1391] - DEBUG - Execute job: <picamera2.job.Job object at 0x7f69756d10>
2026-06-20 12:08:19,916 - mazeUtils.device.camera - [camera.py:39] - DEBUG - Average HSV: H=149.2, S=47.1, V=159.1
2026-06-20 12:08:19,955 - mazeUtils.moveTile - [moveTile.py:79] - DEBUG - roll: 3.17999999999995 deg, practicalMoveTime: 0.5821362470129344 sec
2026-06-20 12:08:19,955 - mazeUtils.moveTile - [moveTile.py:1398] - DEBUG - moveTile loop time: 49.2 ms
2026-06-20 12:08:19,961 - picamera2.picamera2 - [picamera2.py:1391] - DEBUG - Execute job: <picamera2.job.Job object at 0x7f69749a50>
2026-06-20 12:08:19,964 - mazeUtils.device.camera - [camera.py:39] - DEBUG - Average HSV: H=138.1, S=47.9, V=160.5
2026-06-20 12:08:19,989 - mazeUtils.moveTile - [moveTile.py:79] - DEBUG - roll: 1.259999999999991 deg, practicalMoveTime: 0.6157010414479096 sec
2026-06-20 12:08:19,989 - mazeUtils.moveTile - [moveTile.py:1398] - DEBUG - moveTile loop time: 33.8 ms
2026-06-20 12:08:19,997 - picamera2.picamera2 - [picamera2.py:1391] - DEBUG - Execute job: <picamera2.job.Job object at 0x7f69756c90>
2026-06-20 12:08:20,000 - mazeUtils.device.camera - [camera.py:39] - DEBUG - Average HSV: H=143.8, S=48.8, V=159.8
2026-06-20 12:08:20,030 - mazeUtils.moveTile - [moveTile.py:79] - DEBUG - roll: 2.409999999999968 deg, practicalMoveTime: 0.6559083572283538 sec
2026-06-20 12:08:20,030 - mazeUtils.moveTile - [moveTile.py:1398] - DEBUG - moveTile loop time: 40.6 ms
2026-06-20 12:08:20,038 - picamera2.picamera2 - [picamera2.py:1391] - DEBUG - Execute job: <picamera2.job.Job object at 0x7f69756d50>
2026-06-20 12:08:20,042 - mazeUtils.device.camera - [camera.py:39] - DEBUG - Average HSV: H=146.1, S=48.1, V=160.0
2026-06-20 12:08:20,072 - mazeUtils.moveTile - [moveTile.py:79] - DEBUG - roll: 1.6899999999999977 deg, practicalMoveTime: 0.6970960783130411 sec
2026-06-20 12:08:20,072 - mazeUtils.moveTile - [moveTile.py:1398] - DEBUG - moveTile loop time: 41.3 ms
2026-06-20 12:08:20,081 - picamera2.picamera2 - [picamera2.py:1391] - DEBUG - Execute job: <picamera2.job.Job object at 0x7f69756c50>
2026-06-20 12:08:20,086 - mazeUtils.device.camera - [camera.py:39] - DEBUG - Average HSV: H=151.3, S=47.8, V=160.7
2026-06-20 12:08:20,119 - mazeUtils.moveTile - [moveTile.py:79] - DEBUG - roll: 1.4099999999999682 deg, practicalMoveTime: 0.7434475388154576 sec
2026-06-20 12:08:20,119 - mazeUtils.moveTile - [moveTile.py:1398] - DEBUG - moveTile loop time: 46.6 ms
2026-06-20 12:08:20,129 - picamera2.picamera2 - [picamera2.py:1391] - DEBUG - Execute job: <picamera2.job.Job object at 0x7f69756c90>
2026-06-20 12:08:20,135 - mazeUtils.device.camera - [camera.py:39] - DEBUG - Average HSV: H=150.8, S=48.6, V=160.4
2026-06-20 12:08:20,165 - mazeUtils.moveTile - [moveTile.py:79] - DEBUG - roll: 2.75 deg, practicalMoveTime: 0.7889742442210474 sec
2026-06-20 12:08:20,166 - mazeUtils.moveTile - [moveTile.py:1398] - DEBUG - moveTile loop time: 46.1 ms
2026-06-20 12:08:20,173 - picamera2.picamera2 - [picamera2.py:1391] - DEBUG - Execute job: <picamera2.job.Job object at 0x7f69749a50>
2026-06-20 12:08:20,178 - mazeUtils.device.camera - [camera.py:39] - DEBUG - Average HSV: H=153.6, S=47.5, V=161.6
2026-06-20 12:08:20,205 - mazeUtils.moveTile - [moveTile.py:79] - DEBUG - roll: 1.0299999999999727 deg, practicalMoveTime: 0.8280576078302271 sec
2026-06-20 12:08:20,206 - mazeUtils.moveTile - [moveTile.py:1398] - DEBUG - moveTile loop time: 39.3 ms
2026-06-20 12:08:20,213 - picamera2.picamera2 - [picamera2.py:1391] - DEBUG - Execute job: <picamera2.job.Job object at 0x7f69749a90>
2026-06-20 12:08:20,217 - mazeUtils.device.camera - [camera.py:39] - DEBUG - Average HSV: H=136.9, S=49.0, V=160.9
2026-06-20 12:08:20,248 - mazeUtils.moveTile - [moveTile.py:1344] - INFO - practicalVerticalMove: 1.100960056132911 CM
2026-06-20 12:08:20,293 - mazeUtils.moveTile - [moveTile.py:1603] - INFO - Set moved vertical distance: 1.100960056132911 cm, past distances: [(0, False), (0, False), (0, False)]
2026-06-20 12:08:20,358 - mazeUtils.moveTile - [moveTile.py:528] - DEBUG - Direction: absDirection.NORTH, Angle: 270, Distance: 46.4568842243981 cm
2026-06-20 12:08:20,360 - mazeUtils.moveTile - [moveTile.py:528] - DEBUG - Direction: absDirection.EAST, Angle: 180, Distance: 50.5360139404879 cm
2026-06-20 12:08:20,362 - mazeUtils.moveTile - [moveTile.py:528] - DEBUG - Direction: absDirection.SOUTH, Angle: 90, Distance: 126.30660764457868 cm
2026-06-20 12:08:20,364 - mazeUtils.moveTile - [moveTile.py:528] - DEBUG - Direction: absDirection.WEST, Angle: 0, Distance: 48.59642678322715 cm
2026-06-20 12:08:20,365 - mazeUtils.moveTile - [moveTile.py:551] - DEBUG - Front LiDAR distance: 48.59642678322715 cm, TSD10 distance: 35.0 cm
2026-06-20 12:08:20,369 - mazeUtils.moveTile - [moveTile.py:1724] - INFO - Tile color detection counts: {}, decided tile type: E
2026-06-20 12:08:20,441 - __main__ - [main.py:87] - INFO - Current position: (19, 16, 0), front direction: absDirection.WEST
Layer 0 (altitude=0.0cm, offset=(0.0cm, 0.0cm)):
Known map area: x=19..20, y=16..20
+   +---+
  @   E |
+   +   +
  U | E |
+   +   +
  U | E |
+   +   +
  U   E |
+   +   +
  U | S |
+   +---+
mazeAsGraph[0][16][19] = {absDirection.NORTH: (19, 15, 0, 30), absDirection.EAST: (20, 16, 0, 30), absDirection.SOUTH: (19, 17, 0, 30), absDirection.WEST: (18, 16, 0, 30)}
mazeAsGraph[0][16][20] = {absDirection.NORTH: None, absDirection.EAST: None, absDirection.SOUTH: (20, 17, 0, 30), absDirection.WEST: (19, 16, 0, 30)}
mazeAsGraph[0][17][20] = {absDirection.NORTH: (20, 16, 0, 30), absDirection.EAST: None, absDirection.SOUTH: (20, 18, 0, 30), absDirection.WEST: None}
mazeAsGraph[0][18][20] = {absDirection.NORTH: (20, 17, 0, 30), absDirection.EAST: None, absDirection.SOUTH: (20, 19, 0, 30), absDirection.WEST: None}
mazeAsGraph[0][19][20] = {absDirection.NORTH: (20, 18, 0, 30), absDirection.EAST: None, absDirection.SOUTH: (20, 20, 0, 30), absDirection.WEST: (19, 19, 0, 30)}
mazeAsGraph[0][20][20] = {absDirection.NORTH: (20, 19, 0, 30), absDirection.EAST: None, absDirection.SOUTH: None, absDirection.WEST: None}
2026-06-20 12:08:20,452 - mazeUtils.mazeMap - [mazeMap.py:61] - INFO - next goal: (18, 16, 0)
2026-06-20 12:08:20,460 - mazeUtils.moveTile - [moveTile.py:79] - DEBUG - Moving to absDirection.WEST from (19, 16, 0) facing absDirection.WEST
2026-06-20 12:08:20,486 - mazeUtils.moveTile - [moveTile.py:79] - DEBUG - current heading: 90.08000000000004 target: 90
2026-06-20 12:08:20,506 - mazeUtils.moveTile - [moveTile.py:403] - DEBUG - stopped turning at heading: 90.08000000000004, diff: 0.08000000000004093
2026-06-20 12:08:20,547 - mazeUtils.moveTile - [moveTile.py:79] - DEBUG - Turned to heading: 90.09000000000003 deg
2026-06-20 12:08:20,779 - picamera2.picamera2 - [picamera2.py:1391] - DEBUG - Execute job: <picamera2.job.Job object at 0x7f8085a290>
2026-06-20 12:08:20,784 - mazeUtils.device.camera - [camera.py:39] - DEBUG - Average HSV: H=156.8, S=46.6, V=163.2
2026-06-20 12:08:20,820 - mazeUtils.moveTile - [moveTile.py:79] - DEBUG - roll: 1.0699999999999932 deg, practicalMoveTime: 0.05217429028040774 sec
2026-06-20 12:08:20,820 - mazeUtils.moveTile - [moveTile.py:1398] - DEBUG - moveTile loop time: 51.2 ms
2026-06-20 12:08:20,830 - picamera2.picamera2 - [picamera2.py:1391] - DEBUG - Execute job: <picamera2.job.Job object at 0x7f8d8df6d0>
2026-06-20 12:08:20,835 - mazeUtils.device.camera - [camera.py:39] - DEBUG - Average HSV: H=160.9, S=46.0, V=163.8
2026-06-20 12:08:20,870 - mazeUtils.moveTile - [moveTile.py:79] - DEBUG - roll: 1.329999999999984 deg, practicalMoveTime: 0.10218127074445532 sec
2026-06-20 12:08:20,871 - mazeUtils.moveTile - [moveTile.py:1398] - DEBUG - moveTile loop time: 50.4 ms
2026-06-20 12:08:20,878 - picamera2.picamera2 - [picamera2.py:1391] - DEBUG - Execute job: <picamera2.job.Job object at 0x7f7b97c250>
2026-06-20 12:08:20,883 - mazeUtils.device.camera - [camera.py:39] - DEBUG - Average HSV: H=170.5, S=44.9, V=165.4
2026-06-20 12:08:20,912 - mazeUtils.moveTile - [moveTile.py:79] - DEBUG - roll: 2.0399999999999636 deg, practicalMoveTime: 0.1426693477892319 sec
2026-06-20 12:08:20,912 - mazeUtils.moveTile - [moveTile.py:1398] - DEBUG - moveTile loop time: 40.8 ms
2026-06-20 12:08:20,918 - picamera2.picamera2 - [picamera2.py:1391] - DEBUG - Execute job: <picamera2.job.Job object at 0x7f8d8df6d0>
2026-06-20 12:08:20,923 - mazeUtils.device.camera - [camera.py:39] - DEBUG - Average HSV: H=170.1, S=44.3, V=164.8
2026-06-20 12:08:20,952 - mazeUtils.moveTile - [moveTile.py:79] - DEBUG - roll: 1.9699999999999704 deg, practicalMoveTime: 0.18223225645036323 sec
2026-06-20 12:08:20,952 - mazeUtils.moveTile - [moveTile.py:1398] - DEBUG - moveTile loop time: 39.9 ms
2026-06-20 12:08:20,958 - picamera2.picamera2 - [picamera2.py:1391] - DEBUG - Execute job: <picamera2.job.Job object at 0x7f69721fd0>
2026-06-20 12:08:20,963 - mazeUtils.device.camera - [camera.py:39] - DEBUG - Average HSV: H=166.7, S=43.8, V=164.8
2026-06-20 12:08:20,998 - mazeUtils.moveTile - [moveTile.py:79] - DEBUG - roll: 1.3799999999999955 deg, practicalMoveTime: 0.2275169792363374 sec
2026-06-20 12:08:20,998 - mazeUtils.moveTile - [moveTile.py:1398] - DEBUG - moveTile loop time: 45.6 ms
2026-06-20 12:08:21,009 - picamera2.picamera2 - [picamera2.py:1391] - DEBUG - Execute job: <picamera2.job.Job object at 0x7f8085a290>
2026-06-20 12:08:21,015 - mazeUtils.device.camera - [camera.py:39] - DEBUG - Average HSV: H=165.7, S=43.2, V=165.3
2026-06-20 12:08:21,050 - mazeUtils.moveTile - [moveTile.py:79] - DEBUG - roll: 3.4699999999999704 deg, practicalMoveTime: 0.2786865647516554 sec
2026-06-20 12:08:21,051 - mazeUtils.moveTile - [moveTile.py:1398] - DEBUG - moveTile loop time: 51.7 ms
2026-06-20 12:08:21,055 - picamera2.picamera2 - [picamera2.py:1391] - DEBUG - Execute job: <picamera2.job.Job object at 0x7f698e46d0>
2026-06-20 12:08:21,060 - mazeUtils.device.camera - [camera.py:39] - DEBUG - Average HSV: H=162.7, S=42.8, V=165.7
2026-06-20 12:08:21,101 - mazeUtils.moveTile - [moveTile.py:79] - DEBUG - roll: 1.919999999999959 deg, practicalMoveTime: 0.32871253681321033 sec
2026-06-20 12:08:21,101 - mazeUtils.moveTile - [moveTile.py:1398] - DEBUG - moveTile loop time: 50.2 ms
2026-06-20 12:08:21,108 - picamera2.picamera2 - [picamera2.py:1391] - DEBUG - Execute job: <picamera2.job.Job object at 0x7f7b96b850>
2026-06-20 12:08:21,113 - mazeUtils.device.camera - [camera.py:39] - DEBUG - Average HSV: H=160.2, S=40.9, V=166.7
2026-06-20 12:08:21,142 - mazeUtils.moveTile - [moveTile.py:79] - DEBUG - roll: 1.8999999999999773 deg, practicalMoveTime: 0.36909988525051207 sec
2026-06-20 12:08:21,142 - mazeUtils.moveTile - [moveTile.py:1398] - DEBUG - moveTile loop time: 40.5 ms
2026-06-20 12:08:21,149 - picamera2.picamera2 - [picamera2.py:1391] - DEBUG - Execute job: <picamera2.job.Job object at 0x7f8085a290>
2026-06-20 12:08:21,153 - mazeUtils.device.camera - [camera.py:39] - DEBUG - Average HSV: H=156.6, S=39.9, V=165.4
2026-06-20 12:08:21,190 - mazeUtils.moveTile - [moveTile.py:79] - DEBUG - roll: 3.0 deg, practicalMoveTime: 0.4166025395638437 sec
2026-06-20 12:08:21,192 - mazeUtils.moveTile - [moveTile.py:1398] - DEBUG - moveTile loop time: 49.2 ms
2026-06-20 12:08:21,201 - picamera2.picamera2 - [picamera2.py:1391] - DEBUG - Execute job: <picamera2.job.Job object at 0x7fa12b9410>
2026-06-20 12:08:21,206 - mazeUtils.device.camera - [camera.py:39] - DEBUG - Average HSV: H=156.8, S=39.4, V=165.3
2026-06-20 12:08:21,237 - mazeUtils.moveTile - [moveTile.py:79] - DEBUG - roll: 2.259999999999991 deg, practicalMoveTime: 0.4613291420357031 sec
2026-06-20 12:08:21,237 - mazeUtils.moveTile - [moveTile.py:1398] - DEBUG - moveTile loop time: 45.0 ms
2026-06-20 12:08:21,243 - picamera2.picamera2 - [picamera2.py:1391] - DEBUG - Execute job: <picamera2.job.Job object at 0x7f69883550>
2026-06-20 12:08:21,247 - mazeUtils.device.camera - [camera.py:39] - DEBUG - Average HSV: H=154.6, S=38.7, V=166.7
2026-06-20 12:08:21,293 - mazeUtils.moveTile - [moveTile.py:79] - DEBUG - roll: 2.42999999999995 deg, practicalMoveTime: 0.5163321558442032 sec
2026-06-20 12:08:21,293 - mazeUtils.moveTile - [moveTile.py:1398] - DEBUG - moveTile loop time: 55.5 ms
2026-06-20 12:08:21,300 - picamera2.picamera2 - [picamera2.py:1391] - DEBUG - Execute job: <picamera2.job.Job object at 0x7f94a2a3d0>
2026-06-20 12:08:21,305 - mazeUtils.device.camera - [camera.py:39] - DEBUG - Average HSV: H=151.0, S=39.7, V=166.6
2026-06-20 12:08:21,335 - mazeUtils.moveTile - [moveTile.py:79] - DEBUG - roll: 1.2699999999999818 deg, practicalMoveTime: 0.5577848687931887 sec
2026-06-20 12:08:21,336 - mazeUtils.moveTile - [moveTile.py:1398] - DEBUG - moveTile loop time: 41.7 ms
2026-06-20 12:08:21,341 - picamera2.picamera2 - [picamera2.py:1391] - DEBUG - Execute job: <picamera2.job.Job object at 0x7f7b97c1d0>
2026-06-20 12:08:21,345 - mazeUtils.device.camera - [camera.py:39] - DEBUG - Average HSV: H=148.4, S=40.5, V=168.1
2026-06-20 12:08:21,382 - mazeUtils.moveTile - [moveTile.py:79] - DEBUG - roll: 1.9099999999999682 deg, practicalMoveTime: 0.6040118989361353 sec
2026-06-20 12:08:21,383 - mazeUtils.moveTile - [moveTile.py:1398] - DEBUG - moveTile loop time: 46.6 ms
2026-06-20 12:08:21,388 - picamera2.picamera2 - [picamera2.py:1391] - DEBUG - Execute job: <picamera2.job.Job object at 0x7f69721fd0>
2026-06-20 12:08:21,392 - mazeUtils.device.camera - [camera.py:39] - DEBUG - Average HSV: H=145.2, S=44.4, V=168.7
2026-06-20 12:08:21,425 - mazeUtils.moveTile - [moveTile.py:79] - DEBUG - roll: 3.079999999999984 deg, practicalMoveTime: 0.6461815023371061 sec
2026-06-20 12:08:21,426 - mazeUtils.moveTile - [moveTile.py:1398] - DEBUG - moveTile loop time: 42.7 ms
2026-06-20 12:08:21,433 - picamera2.picamera2 - [picamera2.py:1391] - DEBUG - Execute job: <picamera2.job.Job object at 0x7f8085a290>
2026-06-20 12:08:21,437 - mazeUtils.device.camera - [camera.py:39] - DEBUG - Average HSV: H=143.8, S=46.9, V=169.5
2026-06-20 12:08:21,468 - mazeUtils.moveTile - [moveTile.py:79] - DEBUG - roll: 1.1999999999999886 deg, practicalMoveTime: 0.6886347769465654 sec
2026-06-20 12:08:21,469 - mazeUtils.moveTile - [moveTile.py:1398] - DEBUG - moveTile loop time: 42.8 ms
2026-06-20 12:08:21,481 - picamera2.picamera2 - [picamera2.py:1391] - DEBUG - Execute job: <picamera2.job.Job object at 0x7f7b96b850>
2026-06-20 12:08:21,486 - mazeUtils.device.camera - [camera.py:39] - DEBUG - Average HSV: H=140.4, S=50.5, V=175.6
2026-06-20 12:08:21,525 - mazeUtils.moveTile - [moveTile.py:79] - DEBUG - roll: 1.9799999999999613 deg, practicalMoveTime: 0.7443516228458346 sec
2026-06-20 12:08:21,526 - mazeUtils.moveTile - [moveTile.py:1398] - DEBUG - moveTile loop time: 56.2 ms
2026-06-20 12:08:21,534 - picamera2.picamera2 - [picamera2.py:1391] - DEBUG - Execute job: <picamera2.job.Job object at 0x7f698e46d0>
2026-06-20 12:08:21,538 - mazeUtils.device.camera - [camera.py:39] - DEBUG - Average HSV: H=136.5, S=56.6, V=179.9
2026-06-20 12:08:21,568 - mazeUtils.moveTile - [moveTile.py:79] - DEBUG - roll: 1.8199999999999932 deg, practicalMoveTime: 0.7859291962570083 sec
2026-06-20 12:08:21,568 - mazeUtils.moveTile - [moveTile.py:1398] - DEBUG - moveTile loop time: 41.5 ms
2026-06-20 12:08:21,576 - picamera2.picamera2 - [picamera2.py:1391] - DEBUG - Execute job: <picamera2.job.Job object at 0x7fa12b9410>
2026-06-20 12:08:21,581 - mazeUtils.device.camera - [camera.py:39] - DEBUG - Average HSV: H=133.8, S=61.1, V=184.4
2026-06-20 12:08:21,612 - mazeUtils.moveTile - [moveTile.py:79] - DEBUG - roll: 2.819999999999993 deg, practicalMoveTime: 0.8297943833950315 sec
2026-06-20 12:08:21,613 - mazeUtils.moveTile - [moveTile.py:1398] - DEBUG - moveTile loop time: 44.2 ms
2026-06-20 12:08:21,622 - picamera2.picamera2 - [picamera2.py:1391] - DEBUG - Execute job: <picamera2.job.Job object at 0x7f94a2a3d0>
2026-06-20 12:08:21,626 - mazeUtils.device.camera - [camera.py:39] - DEBUG - Average HSV: H=133.5, S=64.1, V=185.3
2026-06-20 12:08:21,658 - mazeUtils.moveTile - [moveTile.py:1344] - INFO - practicalVerticalMove: 1.116178015827806 CM
2026-06-20 12:08:21,705 - mazeUtils.moveTile - [moveTile.py:79] - DEBUG - Little forward to adjust position
2026-06-20 12:08:21,865 - mazeUtils.moveTile - [moveTile.py:1603] - INFO - Set moved vertical distance: 1.116178015827806 cm, past distances: [(1.100960056132911, False), (0, False), (0, False)]
2026-06-20 12:08:21,958 - mazeUtils.moveTile - [moveTile.py:528] - DEBUG - Direction: absDirection.NORTH, Angle: 270, Distance: 18.508208061787812 cm
2026-06-20 12:08:21,960 - mazeUtils.moveTile - [moveTile.py:528] - DEBUG - Direction: absDirection.EAST, Angle: 180, Distance: 93.91096357109103 cm
2026-06-20 12:08:21,964 - mazeUtils.moveTile - [moveTile.py:528] - DEBUG - Direction: absDirection.SOUTH, Angle: 90, Distance: 16.749223814971508 cm
2026-06-20 12:08:21,966 - mazeUtils.moveTile - [moveTile.py:528] - DEBUG - Direction: absDirection.WEST, Angle: 0, Distance: 12.90396172116562 cm
2026-06-20 12:08:21,967 - mazeUtils.moveTile - [moveTile.py:551] - DEBUG - Front LiDAR distance: 12.90396172116562 cm, TSD10 distance: 1.5 cm
2026-06-20 12:08:21,969 - mazeUtils.moveTile - [moveTile.py:1724] - INFO - Tile color detection counts: {}, decided tile type: E
2026-06-20 12:08:22,043 - __main__ - [main.py:87] - INFO - Current position: (18, 16, 0), front direction: absDirection.WEST
Layer 0 (altitude=0.0cm, offset=(0.0cm, 0.0cm)):
Known map area: x=18..20, y=16..20
+---+   +---+
| @   E   E |
+---+   +   +
  U   U | E |
+   +   +   +
  U   U | E |
+   +   +   +
  U   U   E |
+   +   +   +
  U   U | S |
+   +   +---+
mazeAsGraph[0][16][18] = {absDirection.NORTH: None, absDirection.EAST: (19, 16, 0, 30), absDirection.SOUTH: None, absDirection.WEST: None}
mazeAsGraph[0][16][19] = {absDirection.NORTH: (19, 15, 0, 30), absDirection.EAST: (20, 16, 0, 30), absDirection.SOUTH: (19, 17, 0, 30), absDirection.WEST: (18, 16, 0, 30)}
mazeAsGraph[0][16][20] = {absDirection.NORTH: None, absDirection.EAST: None, absDirection.SOUTH: (20, 17, 0, 30), absDirection.WEST: (19, 16, 0, 30)}
mazeAsGraph[0][17][20] = {absDirection.NORTH: (20, 16, 0, 30), absDirection.EAST: None, absDirection.SOUTH: (20, 18, 0, 30), absDirection.WEST: None}
mazeAsGraph[0][18][20] = {absDirection.NORTH: (20, 17, 0, 30), absDirection.EAST: None, absDirection.SOUTH: (20, 19, 0, 30), absDirection.WEST: None}
mazeAsGraph[0][19][20] = {absDirection.NORTH: (20, 18, 0, 30), absDirection.EAST: None, absDirection.SOUTH: (20, 20, 0, 30), absDirection.WEST: (19, 19, 0, 30)}
mazeAsGraph[0][20][20] = {absDirection.NORTH: (20, 19, 0, 30), absDirection.EAST: None, absDirection.SOUTH: None, absDirection.WEST: None}
2026-06-20 12:08:22,055 - mazeUtils.mazeMap - [mazeMap.py:61] - INFO - next goal: (19, 15, 0)
2026-06-20 12:08:22,062 - mazeUtils.moveTile - [moveTile.py:79] - DEBUG - Moving to absDirection.EAST from (18, 16, 0) facing absDirection.WEST
2026-06-20 12:08:22,088 - mazeUtils.moveTile - [moveTile.py:79] - DEBUG - current heading: 88.59000000000003 target: 135
2026-06-20 12:08:22,581 - mazeUtils.moveTile - [moveTile.py:403] - DEBUG - stopped turning at heading: 130.22000000000003, diff: 4.779999999999973
2026-06-20 12:08:23,241 - mazeUtils.moveTile - [moveTile.py:79] - DEBUG - Turned to heading: 135.79000000000002 deg
2026-06-20 12:08:23,786 - mazeUtils.moveTile - [moveTile.py:79] - DEBUG - current heading: 135.44 target: 180
2026-06-20 12:08:24,223 - mazeUtils.moveTile - [moveTile.py:403] - DEBUG - stopped turning at heading: 174.97, diff: 5.030000000000001
2026-06-20 12:08:24,278 - mazeUtils.moveTile - [moveTile.py:79] - DEBUG - Turned to heading: 179.86 deg
2026-06-20 12:08:24,309 - mazeUtils.moveTile - [moveTile.py:79] - DEBUG - current heading: 182.16000000000003 target: 225
2026-06-20 12:08:24,708 - mazeUtils.moveTile - [moveTile.py:403] - DEBUG - stopped turning at heading: 220.66000000000003, diff: 4.339999999999975
2026-06-20 12:08:24,761 - mazeUtils.moveTile - [moveTile.py:79] - DEBUG - Turned to heading: 224.89000000000001 deg
2026-06-20 12:08:25,302 - mazeUtils.moveTile - [moveTile.py:79] - DEBUG - current heading: 230.45000000000002 target: 270
2026-06-20 12:08:25,680 - mazeUtils.moveTile - [moveTile.py:403] - DEBUG - stopped turning at heading: 264.18, diff: 5.819999999999993
2026-06-20 12:08:25,844 - mazeUtils.moveTile - [moveTile.py:79] - DEBUG - Turned to heading: 270.76 deg
2026-06-20 12:08:25,955 - mazeUtils.moveTile - [moveTile.py:79] - DEBUG - Little backward to adjust position
2026-06-20 12:08:26,461 - mazeUtils.moveTile - [moveTile.py:1191] - DEBUG - Calculated target steps to next tile: 1 based on distance 30 cm
2026-06-20 12:08:26,470 - picamera2.picamera2 - [picamera2.py:1391] - DEBUG - Execute job: <picamera2.job.Job object at 0x7f8acf9b90>
2026-06-20 12:08:26,473 - mazeUtils.device.camera - [camera.py:39] - DEBUG - Average HSV: H=158.3, S=40.3, V=158.0
2026-06-20 12:08:26,502 - mazeUtils.moveTile - [moveTile.py:79] - DEBUG - roll: 3.0600000000000023 deg, practicalMoveTime: 0.04156114965053837 sec
2026-06-20 12:08:26,503 - mazeUtils.moveTile - [moveTile.py:1398] - DEBUG - moveTile loop time: 40.9 ms
2026-06-20 12:08:26,509 - picamera2.picamera2 - [picamera2.py:1391] - DEBUG - Execute job: <picamera2.job.Job object at 0x7f8acfb010>
2026-06-20 12:08:26,512 - mazeUtils.device.camera - [camera.py:39] - DEBUG - Average HSV: H=158.3, S=40.3, V=158.4
2026-06-20 12:08:26,548 - mazeUtils.moveTile - [moveTile.py:79] - DEBUG - roll: 3.099999999999966 deg, practicalMoveTime: 0.08691175989253586 sec
2026-06-20 12:08:26,549 - mazeUtils.moveTile - [moveTile.py:1398] - DEBUG - moveTile loop time: 45.7 ms
2026-06-20 12:08:26,555 - picamera2.picamera2 - [picamera2.py:1391] - DEBUG - Execute job: <picamera2.job.Job object at 0x7f8acf9b90>
2026-06-20 12:08:26,558 - mazeUtils.device.camera - [camera.py:39] - DEBUG - Average HSV: H=158.0, S=39.7, V=158.9
2026-06-20 12:08:26,587 - mazeUtils.moveTile - [moveTile.py:79] - DEBUG - roll: 1.4399999999999977 deg, practicalMoveTime: 0.125177297445621 sec
2026-06-20 12:08:26,588 - mazeUtils.moveTile - [moveTile.py:1398] - DEBUG - moveTile loop time: 38.7 ms
2026-06-20 12:08:26,593 - picamera2.picamera2 - [picamera2.py:1391] - DEBUG - Execute job: <picamera2.job.Job object at 0x7f7b968cd0>
2026-06-20 12:08:26,597 - mazeUtils.device.camera - [camera.py:39] - DEBUG - Average HSV: H=158.4, S=40.6, V=156.4
2026-06-20 12:08:26,627 - mazeUtils.moveTile - [moveTile.py:79] - DEBUG - roll: 3.42999999999995 deg, practicalMoveTime: 0.1642364599967913 sec
2026-06-20 12:08:26,627 - mazeUtils.moveTile - [moveTile.py:1398] - DEBUG - moveTile loop time: 39.5 ms
2026-06-20 12:08:26,632 - picamera2.picamera2 - [picamera2.py:1391] - DEBUG - Execute job: <picamera2.job.Job object at 0x7f8acf9e10>
2026-06-20 12:08:26,636 - mazeUtils.device.camera - [camera.py:39] - DEBUG - Average HSV: H=158.2, S=38.6, V=158.7
2026-06-20 12:08:26,664 - mazeUtils.moveTile - [moveTile.py:79] - DEBUG - roll: 3.589999999999975 deg, practicalMoveTime: 0.201124532988497 sec
2026-06-20 12:08:26,665 - mazeUtils.moveTile - [moveTile.py:1398] - DEBUG - moveTile loop time: 37.2 ms
2026-06-20 12:08:26,669 - picamera2.picamera2 - [picamera2.py:1391] - DEBUG - Execute job: <picamera2.job.Job object at 0x7f7b968cd0>
2026-06-20 12:08:26,673 - mazeUtils.device.camera - [camera.py:39] - DEBUG - Average HSV: H=160.1, S=38.4, V=158.2
2026-06-20 12:08:26,710 - mazeUtils.moveTile - [moveTile.py:79] - DEBUG - roll: 1.2899999999999636 deg, practicalMoveTime: 0.24620020490909214 sec
2026-06-20 12:08:26,710 - mazeUtils.moveTile - [moveTile.py:1398] - DEBUG - moveTile loop time: 45.3 ms
2026-06-20 12:08:26,716 - picamera2.picamera2 - [picamera2.py:1391] - DEBUG - Execute job: <picamera2.job.Job object at 0x7f7b9682d0>
2026-06-20 12:08:26,719 - mazeUtils.device.camera - [camera.py:39] - DEBUG - Average HSV: H=159.6, S=38.1, V=159.5
2026-06-20 12:08:26,747 - mazeUtils.moveTile - [moveTile.py:79] - DEBUG - roll: 3.329999999999984 deg, practicalMoveTime: 0.2822541573741942 sec
2026-06-20 12:08:26,747 - mazeUtils.moveTile - [moveTile.py:1398] - DEBUG - moveTile loop time: 36.4 ms
2026-06-20 12:08:26,752 - picamera2.picamera2 - [picamera2.py:1391] - DEBUG - Execute job: <picamera2.job.Job object at 0x7f7b968cd0>
2026-06-20 12:08:26,755 - mazeUtils.device.camera - [camera.py:39] - DEBUG - Average HSV: H=160.3, S=38.1, V=158.9
2026-06-20 12:08:26,790 - mazeUtils.moveTile - [moveTile.py:79] - DEBUG - roll: 1.5699999999999932 deg, practicalMoveTime: 0.32501206195353305 sec
2026-06-20 12:08:26,790 - mazeUtils.moveTile - [moveTile.py:1398] - DEBUG - moveTile loop time: 43.1 ms
2026-06-20 12:08:26,797 - picamera2.picamera2 - [picamera2.py:1391] - DEBUG - Execute job: <picamera2.job.Job object at 0x7f7b9682d0>
2026-06-20 12:08:26,800 - mazeUtils.device.camera - [camera.py:39] - DEBUG - Average HSV: H=163.1, S=39.8, V=156.4
2026-06-20 12:08:26,828 - mazeUtils.moveTile - [moveTile.py:79] - DEBUG - roll: 1.3599999999999568 deg, practicalMoveTime: 0.3626208170369158 sec
2026-06-20 12:08:26,829 - mazeUtils.moveTile - [moveTile.py:1398] - DEBUG - moveTile loop time: 37.9 ms
2026-06-20 12:08:26,836 - picamera2.picamera2 - [picamera2.py:1391] - DEBUG - Execute job: <picamera2.job.Job object at 0x7f8acfb010>
2026-06-20 12:08:26,839 - mazeUtils.device.camera - [camera.py:39] - DEBUG - Average HSV: H=165.0, S=40.2, V=158.0
2026-06-20 12:08:26,868 - mazeUtils.moveTile - [moveTile.py:79] - DEBUG - roll: 1.9799999999999613 deg, practicalMoveTime: 0.4015432393538925 sec
2026-06-20 12:08:26,868 - mazeUtils.moveTile - [moveTile.py:1398] - DEBUG - moveTile loop time: 39.3 ms
2026-06-20 12:08:26,878 - picamera2.picamera2 - [picamera2.py:1391] - DEBUG - Execute job: <picamera2.job.Job object at 0x7f7b9682d0>
2026-06-20 12:08:26,881 - mazeUtils.device.camera - [camera.py:39] - DEBUG - Average HSV: H=168.0, S=41.6, V=159.3
2026-06-20 12:08:26,912 - mazeUtils.moveTile - [moveTile.py:79] - DEBUG - roll: 1.75 deg, practicalMoveTime: 0.44496856309214067 sec
2026-06-20 12:08:26,912 - mazeUtils.moveTile - [moveTile.py:1398] - DEBUG - moveTile loop time: 43.4 ms
2026-06-20 12:08:26,918 - picamera2.picamera2 - [picamera2.py:1391] - DEBUG - Execute job: <picamera2.job.Job object at 0x7f8acf9e90>
2026-06-20 12:08:26,921 - mazeUtils.device.camera - [camera.py:39] - DEBUG - Average HSV: H=160.1, S=42.4, V=158.7
2026-06-20 12:08:26,956 - mazeUtils.moveTile - [moveTile.py:79] - DEBUG - roll: 1.67999999999995 deg, practicalMoveTime: 0.4890658585467239 sec
2026-06-20 12:08:26,957 - mazeUtils.moveTile - [moveTile.py:1398] - DEBUG - moveTile loop time: 44.4 ms
2026-06-20 12:08:26,963 - picamera2.picamera2 - [picamera2.py:1391] - DEBUG - Execute job: <picamera2.job.Job object at 0x7f94a2a3d0>
2026-06-20 12:08:26,966 - mazeUtils.device.camera - [camera.py:39] - DEBUG - Average HSV: H=168.9, S=42.1, V=157.6
2026-06-20 12:08:26,992 - mazeUtils.moveTile - [moveTile.py:79] - DEBUG - roll: 2.4499999999999886 deg, practicalMoveTime: 0.5246523198852749 sec
2026-06-20 12:08:26,993 - mazeUtils.moveTile - [moveTile.py:1398] - DEBUG - moveTile loop time: 35.9 ms
2026-06-20 12:08:26,999 - picamera2.picamera2 - [picamera2.py:1391] - DEBUG - Execute job: <picamera2.job.Job object at 0x7f8acfb010>
2026-06-20 12:08:27,002 - mazeUtils.device.camera - [camera.py:39] - DEBUG - Average HSV: H=169.3, S=42.4, V=158.2
2026-06-20 12:08:27,037 - mazeUtils.moveTile - [moveTile.py:79] - DEBUG - roll: 1.3199999999999932 deg, practicalMoveTime: 0.5689520843313353 sec
2026-06-20 12:08:27,038 - mazeUtils.moveTile - [moveTile.py:1398] - DEBUG - moveTile loop time: 44.6 ms
2026-06-20 12:08:27,043 - picamera2.picamera2 - [picamera2.py:1391] - DEBUG - Execute job: <picamera2.job.Job object at 0x7f8acf9c10>
2026-06-20 12:08:27,046 - mazeUtils.device.camera - [camera.py:39] - DEBUG - Average HSV: H=160.7, S=43.1, V=157.1
2026-06-20 12:08:27,080 - mazeUtils.moveTile - [moveTile.py:79] - DEBUG - roll: 1.3700000000000045 deg, practicalMoveTime: 0.611510029604225 sec
2026-06-20 12:08:27,081 - mazeUtils.moveTile - [moveTile.py:1398] - DEBUG - moveTile loop time: 42.8 ms
2026-06-20 12:08:27,087 - picamera2.picamera2 - [picamera2.py:1391] - DEBUG - Execute job: <picamera2.job.Job object at 0x7f8acf9cd0>
2026-06-20 12:08:27,090 - mazeUtils.device.camera - [camera.py:39] - DEBUG - Average HSV: H=168.4, S=42.5, V=157.1
2026-06-20 12:08:27,120 - mazeUtils.moveTile - [moveTile.py:79] - DEBUG - roll: 2.9499999999999886 deg, practicalMoveTime: 0.651050543362639 sec
2026-06-20 12:08:27,121 - mazeUtils.moveTile - [moveTile.py:1398] - DEBUG - moveTile loop time: 40.0 ms
2026-06-20 12:08:27,126 - picamera2.picamera2 - [picamera2.py:1391] - DEBUG - Execute job: <picamera2.job.Job object at 0x7f8acf8610>
2026-06-20 12:08:27,129 - mazeUtils.device.camera - [camera.py:39] - DEBUG - Average HSV: H=169.2, S=43.0, V=155.5
2026-06-20 12:08:27,158 - mazeUtils.moveTile - [moveTile.py:79] - DEBUG - roll: 0.6399999999999864 deg, practicalMoveTime: 0.688339028514098 sec
2026-06-20 12:08:27,159 - mazeUtils.moveTile - [moveTile.py:1398] - DEBUG - moveTile loop time: 37.6 ms
2026-06-20 12:08:27,165 - picamera2.picamera2 - [picamera2.py:1391] - DEBUG - Execute job: <picamera2.job.Job object at 0x7f8acf9e90>
2026-06-20 12:08:27,169 - mazeUtils.device.camera - [camera.py:39] - DEBUG - Average HSV: H=160.3, S=43.6, V=156.7
2026-06-20 12:08:27,196 - mazeUtils.moveTile - [moveTile.py:79] - DEBUG - roll: 1.9499999999999886 deg, practicalMoveTime: 0.725741920386483 sec
2026-06-20 12:08:27,197 - mazeUtils.moveTile - [moveTile.py:1398] - DEBUG - moveTile loop time: 37.6 ms
2026-06-20 12:08:27,204 - picamera2.picamera2 - [picamera2.py:1391] - DEBUG - Execute job: <picamera2.job.Job object at 0x7f7b9682d0>
2026-06-20 12:08:27,207 - mazeUtils.device.camera - [camera.py:39] - DEBUG - Average HSV: H=169.2, S=43.1, V=155.4
2026-06-20 12:08:27,236 - mazeUtils.moveTile - [moveTile.py:79] - DEBUG - roll: 2.5399999999999636 deg, practicalMoveTime: 0.7652857607254488 sec
2026-06-20 12:08:27,237 - mazeUtils.moveTile - [moveTile.py:1398] - DEBUG - moveTile loop time: 39.8 ms
2026-06-20 12:08:27,241 - picamera2.picamera2 - [picamera2.py:1391] - DEBUG - Execute job: <picamera2.job.Job object at 0x7f8acfa590>
2026-06-20 12:08:27,244 - mazeUtils.device.camera - [camera.py:39] - DEBUG - Average HSV: H=169.2, S=43.3, V=156.1
2026-06-20 12:08:27,275 - mazeUtils.moveTile - [moveTile.py:79] - DEBUG - roll: 1.7799999999999727 deg, practicalMoveTime: 0.803119068012069 sec
2026-06-20 12:08:27,275 - mazeUtils.moveTile - [moveTile.py:1398] - DEBUG - moveTile loop time: 38.3 ms
2026-06-20 12:08:27,280 - picamera2.picamera2 - [picamera2.py:1391] - DEBUG - Execute job: <picamera2.job.Job object at 0x7f7b9682d0>
2026-06-20 12:08:27,283 - mazeUtils.device.camera - [camera.py:39] - DEBUG - Average HSV: H=158.4, S=43.4, V=157.6
2026-06-20 12:08:27,319 - mazeUtils.moveTile - [moveTile.py:1344] - INFO - practicalVerticalMove: 1.1121490831839727 CM
2026-06-20 12:08:27,441 - mazeUtils.moveTile - [moveTile.py:528] - DEBUG - Direction: absDirection.NORTH, Angle: 90, Distance: 45.65271512902042 cm
2026-06-20 12:08:27,442 - mazeUtils.moveTile - [moveTile.py:528] - DEBUG - Direction: absDirection.EAST, Angle: 0, Distance: 49.487651527102436 cm
2026-06-20 12:08:27,443 - mazeUtils.moveTile - [moveTile.py:528] - DEBUG - Direction: absDirection.SOUTH, Angle: 270, Distance: 108.75351546772598 cm
2026-06-20 12:08:27,444 - mazeUtils.moveTile - [moveTile.py:528] - DEBUG - Direction: absDirection.WEST, Angle: 180, Distance: 50.110370077210824 cm
2026-06-20 12:08:27,446 - mazeUtils.moveTile - [moveTile.py:1724] - INFO - Tile color detection counts: {}, decided tile type: E
2026-06-20 12:08:27,506 - __main__ - [main.py:87] - INFO - Current position: (19, 16, 0), front direction: absDirection.EAST
Layer 0 (altitude=0.0cm, offset=(0.0cm, 0.0cm)):
Known map area: x=18..20, y=16..20
+---+   +---+
| E   @   E |
+---+   +   +
  U   U | E |
+   +   +   +
  U   U | E |
+   +   +   +
  U   U   E |
+   +   +   +
  U   U | S |
+   +   +---+
mazeAsGraph[0][16][18] = {absDirection.NORTH: None, absDirection.EAST: (19, 16, 0, 30), absDirection.SOUTH: None, absDirection.WEST: None}
mazeAsGraph[0][16][19] = {absDirection.NORTH: (19, 15, 0, 30), absDirection.EAST: (20, 16, 0, 30), absDirection.SOUTH: (19, 17, 0, 30), absDirection.WEST: (18, 16, 0, 30)}
mazeAsGraph[0][16][20] = {absDirection.NORTH: None, absDirection.EAST: None, absDirection.SOUTH: (20, 17, 0, 30), absDirection.WEST: (19, 16, 0, 30)}
mazeAsGraph[0][17][20] = {absDirection.NORTH: (20, 16, 0, 30), absDirection.EAST: None, absDirection.SOUTH: (20, 18, 0, 30), absDirection.WEST: None}
mazeAsGraph[0][18][20] = {absDirection.NORTH: (20, 17, 0, 30), absDirection.EAST: None, absDirection.SOUTH: (20, 19, 0, 30), absDirection.WEST: None}
mazeAsGraph[0][19][20] = {absDirection.NORTH: (20, 18, 0, 30), absDirection.EAST: None, absDirection.SOUTH: (20, 20, 0, 30), absDirection.WEST: (19, 19, 0, 30)}
mazeAsGraph[0][20][20] = {absDirection.NORTH: (20, 19, 0, 30), absDirection.EAST: None, absDirection.SOUTH: None, absDirection.WEST: None}
2026-06-20 12:08:27,522 - mazeUtils.moveTile - [moveTile.py:79] - DEBUG - Moving to absDirection.NORTH from (19, 16, 0) facing absDirection.EAST
2026-06-20 12:08:27,526 - mazeUtils.moveTile - [moveTile.py:79] - DEBUG - Turning to 0 deg, current heading: 270.25 deg, turnAngle: -89.75 deg
2026-06-20 12:08:27,552 - mazeUtils.moveTile - [moveTile.py:79] - DEBUG - gyro:270.32 deg, derivative: 0.06999999999999318, turnSpeed: -100
2026-06-20 12:08:27,576 - mazeUtils.moveTile - [moveTile.py:79] - DEBUG - gyro:270.40000000000003 deg, derivative: 0.08000000000004093, turnSpeed: -100
2026-06-20 12:08:27,606 - mazeUtils.moveTile - [moveTile.py:79] - DEBUG - gyro:270.04 deg, derivative: -0.36000000000001364, turnSpeed: -100
2026-06-20 12:08:27,633 - mazeUtils.moveTile - [moveTile.py:79] - DEBUG - gyro:270.03000000000003 deg, derivative: -0.009999999999990905, turnSpeed: -100
2026-06-20 12:08:27,661 - mazeUtils.moveTile - [moveTile.py:79] - DEBUG - gyro:271.6 deg, derivative: 1.5699999999999932, turnSpeed: -100
2026-06-20 12:08:27,691 - mazeUtils.moveTile - [moveTile.py:79] - DEBUG - gyro:274.28000000000003 deg, derivative: 2.680000000000007, turnSpeed: -100
2026-06-20 12:08:27,715 - mazeUtils.moveTile - [moveTile.py:79] - DEBUG - gyro:277.83 deg, derivative: 3.5499999999999545, turnSpeed: -100
2026-06-20 12:08:27,741 - mazeUtils.moveTile - [moveTile.py:79] - DEBUG - gyro:282.21000000000004 deg, derivative: 4.380000000000052, turnSpeed: -100
2026-06-20 12:08:27,765 - mazeUtils.moveTile - [moveTile.py:79] - DEBUG - gyro:286.51 deg, derivative: 4.2999999999999545, turnSpeed: -100
2026-06-20 12:08:27,795 - mazeUtils.moveTile - [moveTile.py:79] - DEBUG - gyro:289.55 deg, derivative: 3.0400000000000205, turnSpeed: -100
2026-06-20 12:08:27,819 - mazeUtils.moveTile - [moveTile.py:79] - DEBUG - gyro:293.06 deg, derivative: 3.509999999999991, turnSpeed: -100
2026-06-20 12:08:27,841 - mazeUtils.moveTile - [moveTile.py:79] - DEBUG - gyro:296.95 deg, derivative: 3.8899999999999864, turnSpeed: -100
2026-06-20 12:08:27,867 - mazeUtils.moveTile - [moveTile.py:79] - DEBUG - gyro:300.23 deg, derivative: 3.2800000000000296, turnSpeed: -100
2026-06-20 12:08:27,891 - mazeUtils.moveTile - [moveTile.py:79] - DEBUG - gyro:303.33 deg, derivative: 3.099999999999966, turnSpeed: -100
2026-06-20 12:08:27,914 - mazeUtils.moveTile - [moveTile.py:79] - DEBUG - gyro:306.82 deg, derivative: 3.490000000000009, turnSpeed: -100
2026-06-20 12:08:27,942 - mazeUtils.moveTile - [moveTile.py:79] - DEBUG - gyro:309.49 deg, derivative: 2.670000000000016, turnSpeed: -100
2026-06-20 12:08:27,972 - mazeUtils.moveTile - [moveTile.py:79] - DEBUG - gyro:312.72 deg, derivative: 3.230000000000018, turnSpeed: -94.55999999999995
2026-06-20 12:08:27,999 - mazeUtils.moveTile - [moveTile.py:79] - DEBUG - gyro:317.96000000000004 deg, derivative: 5.240000000000009, turnSpeed: -84.07999999999993
2026-06-20 12:08:28,022 - mazeUtils.moveTile - [moveTile.py:79] - DEBUG - gyro:320.61 deg, derivative: 2.6499999999999773, turnSpeed: -78.77999999999997
2026-06-20 12:08:28,045 - mazeUtils.moveTile - [moveTile.py:79] - DEBUG - gyro:323.72 deg, derivative: 3.1100000000000136, turnSpeed: -72.55999999999995
2026-06-20 12:08:28,076 - mazeUtils.moveTile - [moveTile.py:79] - DEBUG - gyro:326.13 deg, derivative: 2.409999999999968, turnSpeed: -67.74000000000001
2026-06-20 12:08:28,099 - mazeUtils.moveTile - [moveTile.py:79] - DEBUG - gyro:329.82 deg, derivative: 3.6899999999999977, turnSpeed: -60.360000000000014
2026-06-20 12:08:28,126 - mazeUtils.moveTile - [moveTile.py:79] - DEBUG - gyro:332.62 deg, derivative: 2.8000000000000114, turnSpeed: -54.75999999999999
2026-06-20 12:08:28,149 - mazeUtils.moveTile - [moveTile.py:79] - DEBUG - gyro:334.53000000000003 deg, derivative: 1.910000000000025, turnSpeed: -50.93999999999994
2026-06-20 12:08:28,179 - mazeUtils.moveTile - [moveTile.py:79] - DEBUG - gyro:336.23 deg, derivative: 1.6999999999999886, turnSpeed: -47.539999999999964
2026-06-20 12:08:28,203 - mazeUtils.moveTile - [moveTile.py:79] - DEBUG - gyro:338.51 deg, derivative: 2.2799999999999727, turnSpeed: -42.98000000000002
2026-06-20 12:08:28,226 - mazeUtils.moveTile - [moveTile.py:79] - DEBUG - gyro:340.06 deg, derivative: 1.5500000000000114, turnSpeed: -39.879999999999995
2026-06-20 12:08:28,257 - mazeUtils.moveTile - [moveTile.py:79] - DEBUG - gyro:341.87 deg, derivative: 1.8100000000000023, turnSpeed: -36.25999999999999
2026-06-20 12:08:28,281 - mazeUtils.moveTile - [moveTile.py:79] - DEBUG - gyro:344.47 deg, derivative: 2.6000000000000227, turnSpeed: -31.059999999999945
2026-06-20 12:08:28,305 - mazeUtils.moveTile - [moveTile.py:79] - DEBUG - gyro:346.47 deg, derivative: 2.0, turnSpeed: -27.059999999999945
2026-06-20 12:08:28,334 - mazeUtils.moveTile - [moveTile.py:79] - DEBUG - gyro:348.35 deg, derivative: 1.8799999999999955, turnSpeed: -23.299999999999955
2026-06-20 12:08:28,357 - mazeUtils.moveTile - [moveTile.py:79] - DEBUG - gyro:349.69 deg, derivative: 1.339999999999975, turnSpeed: -20.620000000000005
2026-06-20 12:08:28,382 - mazeUtils.moveTile - [moveTile.py:79] - DEBUG - gyro:351.23 deg, derivative: 1.5400000000000205, turnSpeed: -17.539999999999964
2026-06-20 12:08:28,405 - mazeUtils.moveTile - [moveTile.py:79] - DEBUG - gyro:352.47 deg, derivative: 1.240000000000009, turnSpeed: -15.059999999999945
2026-06-20 12:08:28,429 - mazeUtils.moveTile - [moveTile.py:79] - DEBUG - gyro:353.07 deg, derivative: 0.5999999999999659, turnSpeed: -13.860000000000014
2026-06-20 12:08:28,453 - mazeUtils.moveTile - [moveTile.py:79] - DEBUG - gyro:353.46000000000004 deg, derivative: 0.3900000000000432, turnSpeed: -13.079999999999927
2026-06-20 12:08:28,480 - mazeUtils.moveTile - [moveTile.py:79] - DEBUG - gyro:353.89 deg, derivative: 0.42999999999995, turnSpeed: -12.220000000000027
2026-06-20 12:08:28,517 - mazeUtils.moveTile - [moveTile.py:79] - DEBUG - gyro:354.31 deg, derivative: 0.4200000000000159, turnSpeed: -11.379999999999995
2026-06-20 12:08:28,546 - mazeUtils.moveTile - [moveTile.py:79] - DEBUG - gyro:354.72 deg, derivative: 0.410000000000025, turnSpeed: -10.559999999999945
2026-06-20 12:08:28,569 - mazeUtils.moveTile - [moveTile.py:79] - DEBUG - gyro:354.91 deg, derivative: 0.18999999999999773, turnSpeed: -10.17999999999995
2026-06-20 12:08:28,594 - mazeUtils.moveTile - [moveTile.py:79] - DEBUG - gyro:355.36 deg, derivative: 0.44999999999998863, turnSpeed: -9.279999999999973
2026-06-20 12:08:28,619 - mazeUtils.moveTile - [moveTile.py:79] - DEBUG - gyro:355.77000000000004 deg, derivative: 0.410000000000025, turnSpeed: -8.459999999999923
2026-06-20 12:08:28,642 - mazeUtils.moveTile - [moveTile.py:79] - DEBUG - gyro:356.26 deg, derivative: 0.48999999999995225, turnSpeed: -7.480000000000018
2026-06-20 12:08:28,672 - mazeUtils.moveTile - [moveTile.py:79] - DEBUG - gyro:356.85 deg, derivative: 0.5900000000000318, turnSpeed: -6.2999999999999545
2026-06-20 12:08:28,697 - mazeUtils.moveTile - [moveTile.py:79] - DEBUG - gyro:357.28000000000003 deg, derivative: 0.4300000000000068, turnSpeed: -5.439999999999941
2026-06-20 12:08:28,725 - mazeUtils.moveTile - [moveTile.py:79] - DEBUG - gyro:357.6 deg, derivative: 0.3199999999999932, turnSpeed: -4.7999999999999545
2026-06-20 12:08:28,750 - mazeUtils.moveTile - [moveTile.py:79] - DEBUG - gyro:357.86 deg, derivative: 0.2599999999999909, turnSpeed: -4.279999999999973
2026-06-20 12:08:28,782 - mazeUtils.moveTile - [moveTile.py:79] - DEBUG - gyro:358.04 deg, derivative: 0.18000000000000682, turnSpeed: -3.919999999999959
2026-06-20 12:08:28,811 - mazeUtils.moveTile - [moveTile.py:79] - DEBUG - gyro:358.19 deg, derivative: 0.14999999999997726, turnSpeed: -3.6200000000000045
2026-06-20 12:08:28,838 - mazeUtils.moveTile - [moveTile.py:79] - DEBUG - gyro:358.49 deg, derivative: 0.30000000000001137, turnSpeed: -3.019999999999982
2026-06-20 12:08:28,862 - mazeUtils.moveTile - [moveTile.py:79] - DEBUG - gyro:358.67 deg, derivative: 0.18000000000000682, turnSpeed: -2.659999999999968
2026-06-20 12:08:28,891 - mazeUtils.moveTile - [moveTile.py:79] - DEBUG - gyro:358.86 deg, derivative: 0.18999999999999773, turnSpeed: -2.2799999999999727
2026-06-20 12:08:28,915 - mazeUtils.moveTile - [moveTile.py:79] - DEBUG - gyro:358.93 deg, derivative: 0.06999999999999318, turnSpeed: -2.1399999999999864
2026-06-20 12:08:28,940 - mazeUtils.moveTile - [moveTile.py:79] - DEBUG - gyro:358.98 deg, derivative: 0.05000000000001137, turnSpeed: -2.0399999999999636
2026-06-20 12:08:28,966 - mazeUtils.moveTile - [moveTile.py:79] - DEBUG - gyro:359.05 deg, derivative: 0.06999999999999318, turnSpeed: -1.8999999999999773
2026-06-20 12:08:28,991 - mazeUtils.moveTile - [moveTile.py:79] - DEBUG - gyro:359.11 deg, derivative: 0.060000000000002274, turnSpeed: -1.7799999999999727
2026-06-20 12:08:29,013 - mazeUtils.moveTile - [moveTile.py:79] - DEBUG - gyro:359.17 deg, derivative: 0.060000000000002274, turnSpeed: -1.6599999999999682
2026-06-20 12:08:29,038 - mazeUtils.moveTile - [moveTile.py:79] - DEBUG - gyro:359.24 deg, derivative: 0.06999999999999318, turnSpeed: -1.5199999999999818
2026-06-20 12:08:29,057 - mazeUtils.moveTile - [moveTile.py:79] - DEBUG - Turned to heading: 359.24 deg
2026-06-20 12:08:29,262 - picamera2.picamera2 - [picamera2.py:1391] - DEBUG - Execute job: <picamera2.job.Job object at 0x7f7b97d210>
2026-06-20 12:08:29,266 - mazeUtils.device.camera - [camera.py:39] - DEBUG - Average HSV: H=152.1, S=47.4, V=121.2
2026-06-20 12:08:29,294 - mazeUtils.moveTile - [moveTile.py:79] - DEBUG - roll: 0.029999999999972715 deg, practicalMoveTime: 0.041622394578304925 sec
2026-06-20 12:08:29,295 - mazeUtils.moveTile - [moveTile.py:1398] - DEBUG - moveTile loop time: 42.0 ms
2026-06-20 12:08:29,301 - picamera2.picamera2 - [picamera2.py:1391] - DEBUG - Execute job: <picamera2.job.Job object at 0x7f7b97cc10>
2026-06-20 12:08:29,305 - mazeUtils.device.camera - [camera.py:39] - DEBUG - Average HSV: H=152.7, S=46.4, V=122.0
2026-06-20 12:08:29,339 - mazeUtils.moveTile - [moveTile.py:79] - DEBUG - roll: 0.8100000000000023 deg, practicalMoveTime: 0.08599028071270463 sec
2026-06-20 12:08:29,340 - mazeUtils.moveTile - [moveTile.py:1398] - DEBUG - moveTile loop time: 44.0 ms
2026-06-20 12:08:29,346 - picamera2.picamera2 - [picamera2.py:1391] - DEBUG - Execute job: <picamera2.job.Job object at 0x7f7b97cc10>
2026-06-20 12:08:29,350 - mazeUtils.device.camera - [camera.py:39] - DEBUG - Average HSV: H=150.9, S=47.2, V=122.9
2026-06-20 12:08:29,379 - mazeUtils.moveTile - [moveTile.py:79] - DEBUG - roll: 0.2899999999999636 deg, practicalMoveTime: 0.12544042083083246 sec
2026-06-20 12:08:29,381 - mazeUtils.moveTile - [moveTile.py:1398] - DEBUG - moveTile loop time: 40.5 ms
2026-06-20 12:08:29,389 - picamera2.picamera2 - [picamera2.py:1391] - DEBUG - Execute job: <picamera2.job.Job object at 0x7f8d8ca0d0>
2026-06-20 12:08:29,392 - mazeUtils.device.camera - [camera.py:39] - DEBUG - Average HSV: H=148.5, S=49.7, V=120.8
2026-06-20 12:08:29,424 - mazeUtils.moveTile - [moveTile.py:79] - DEBUG - roll: 0.5499999999999545 deg, practicalMoveTime: 0.16869947884106107 sec
2026-06-20 12:08:29,424 - mazeUtils.moveTile - [moveTile.py:1398] - DEBUG - moveTile loop time: 43.4 ms
2026-06-20 12:08:29,429 - picamera2.picamera2 - [picamera2.py:1391] - DEBUG - Execute job: <picamera2.job.Job object at 0x7f7b97d8d0>
2026-06-20 12:08:29,432 - mazeUtils.device.camera - [camera.py:39] - DEBUG - Average HSV: H=145.2, S=54.0, V=117.5
2026-06-20 12:08:29,463 - mazeUtils.moveTile - [moveTile.py:79] - DEBUG - roll: 0.1099999999999568 deg, practicalMoveTime: 0.2075585361782455 sec
2026-06-20 12:08:29,464 - mazeUtils.moveTile - [moveTile.py:1398] - DEBUG - moveTile loop time: 39.0 ms
2026-06-20 12:08:29,468 - picamera2.picamera2 - [picamera2.py:1391] - DEBUG - Execute job: <picamera2.job.Job object at 0x7f808eb650>
2026-06-20 12:08:29,471 - mazeUtils.device.camera - [camera.py:39] - DEBUG - Average HSV: H=142.0, S=60.6, V=116.2
2026-06-20 12:08:29,503 - mazeUtils.moveTile - [moveTile.py:79] - DEBUG - roll: 0.37000000000000455 deg, practicalMoveTime: 0.2465508433265707 sec
2026-06-20 12:08:29,503 - mazeUtils.moveTile - [moveTile.py:1398] - DEBUG - moveTile loop time: 39.3 ms
2026-06-20 12:08:29,509 - picamera2.picamera2 - [picamera2.py:1391] - DEBUG - Execute job: <picamera2.job.Job object at 0x7f6976b7d0>
2026-06-20 12:08:29,513 - mazeUtils.device.camera - [camera.py:39] - DEBUG - Average HSV: H=141.8, S=63.5, V=113.0
2026-06-20 12:08:29,542 - mazeUtils.moveTile - [moveTile.py:79] - DEBUG - roll: 359.78999999999996 deg, practicalMoveTime: 0.285500309720866 sec
2026-06-20 12:08:29,543 - mazeUtils.moveTile - [moveTile.py:1398] - DEBUG - moveTile loop time: 39.3 ms
2026-06-20 12:08:29,550 - picamera2.picamera2 - [picamera2.py:1391] - DEBUG - Execute job: <picamera2.job.Job object at 0x7f6976b7d0>
2026-06-20 12:08:29,553 - mazeUtils.device.camera - [camera.py:39] - DEBUG - Average HSV: H=142.2, S=63.3, V=107.5
2026-06-20 12:08:29,580 - mazeUtils.moveTile - [moveTile.py:79] - DEBUG - roll: 0.06999999999999318 deg, practicalMoveTime: 0.32270168652852277 sec
2026-06-20 12:08:29,580 - mazeUtils.moveTile - [moveTile.py:1398] - DEBUG - moveTile loop time: 37.4 ms
2026-06-20 12:08:29,590 - picamera2.picamera2 - [picamera2.py:1391] - DEBUG - Execute job: <picamera2.job.Job object at 0x7f6976b7d0>
2026-06-20 12:08:29,593 - mazeUtils.device.camera - [camera.py:39] - DEBUG - Average HSV: H=140.9, S=66.2, V=106.3
2026-06-20 12:08:29,622 - mazeUtils.moveTile - [moveTile.py:79] - DEBUG - roll: 0.16999999999995907 deg, practicalMoveTime: 0.36434440750979735 sec
2026-06-20 12:08:29,622 - mazeUtils.moveTile - [moveTile.py:1398] - DEBUG - moveTile loop time: 41.9 ms
2026-06-20 12:08:29,628 - picamera2.picamera2 - [picamera2.py:1391] - DEBUG - Execute job: <picamera2.job.Job object at 0x7f6976b810>
2026-06-20 12:08:29,632 - mazeUtils.device.camera - [camera.py:39] - DEBUG - Average HSV: H=142.7, S=62.0, V=108.6
2026-06-20 12:08:29,659 - mazeUtils.moveTile - [moveTile.py:79] - DEBUG - roll: 0.21999999999997044 deg, practicalMoveTime: 0.4005809033825621 sec
2026-06-20 12:08:29,659 - mazeUtils.moveTile - [moveTile.py:1398] - DEBUG - moveTile loop time: 36.5 ms
2026-06-20 12:08:29,672 - picamera2.picamera2 - [picamera2.py:1391] - DEBUG - Execute job: <picamera2.job.Job object at 0x7f7b97cc10>
2026-06-20 12:08:29,675 - mazeUtils.device.camera - [camera.py:39] - DEBUG - Average HSV: H=137.9, S=73.2, V=102.3
2026-06-20 12:08:29,703 - mazeUtils.moveTile - [moveTile.py:79] - DEBUG - roll: 0.6399999999999864 deg, practicalMoveTime: 0.4442354826782161 sec
2026-06-20 12:08:29,703 - mazeUtils.moveTile - [moveTile.py:1398] - DEBUG - moveTile loop time: 43.9 ms
2026-06-20 12:08:29,708 - picamera2.picamera2 - [picamera2.py:1391] - DEBUG - Execute job: <picamera2.job.Job object at 0x7f7b97cc10>
2026-06-20 12:08:29,712 - mazeUtils.device.camera - [camera.py:39] - DEBUG - Average HSV: H=135.5, S=75.4, V=104.7
2026-06-20 12:08:29,738 - mazeUtils.moveTile - [moveTile.py:79] - DEBUG - roll: 359.7 deg, practicalMoveTime: 0.47921220086653976 sec
2026-06-20 12:08:29,739 - mazeUtils.moveTile - [moveTile.py:1398] - DEBUG - moveTile loop time: 35.3 ms
2026-06-20 12:08:29,745 - picamera2.picamera2 - [picamera2.py:1391] - DEBUG - Execute job: <picamera2.job.Job object at 0x7f7b97d8d0>
2026-06-20 12:08:29,748 - mazeUtils.device.camera - [camera.py:39] - DEBUG - Average HSV: H=133.4, S=86.7, V=99.2
2026-06-20 12:08:29,777 - mazeUtils.moveTile - [moveTile.py:79] - DEBUG - roll: 359.62 deg, practicalMoveTime: 0.5176275032008563 sec
2026-06-20 12:08:29,778 - mazeUtils.moveTile - [moveTile.py:1398] - DEBUG - moveTile loop time: 38.7 ms
2026-06-20 12:08:29,784 - picamera2.picamera2 - [picamera2.py:1391] - DEBUG - Execute job: <picamera2.job.Job object at 0x7f7b97cc10>
2026-06-20 12:08:29,787 - mazeUtils.device.camera - [camera.py:39] - DEBUG - Average HSV: H=133.1, S=87.0, V=101.9
2026-06-20 12:08:29,815 - mazeUtils.moveTile - [moveTile.py:79] - DEBUG - roll: 0.03999999999996362 deg, practicalMoveTime: 0.5548575089291532 sec
2026-06-20 12:08:29,815 - mazeUtils.moveTile - [moveTile.py:1398] - DEBUG - moveTile loop time: 37.4 ms
2026-06-20 12:08:29,824 - picamera2.picamera2 - [picamera2.py:1391] - DEBUG - Execute job: <picamera2.job.Job object at 0x7f6976b850>
2026-06-20 12:08:29,827 - mazeUtils.device.camera - [camera.py:39] - DEBUG - Average HSV: H=131.2, S=96.8, V=95.6
2026-06-20 12:08:29,856 - mazeUtils.moveTile - [moveTile.py:79] - DEBUG - roll: 359.79999999999995 deg, practicalMoveTime: 0.5957627353354525 sec
2026-06-20 12:08:29,857 - mazeUtils.moveTile - [moveTile.py:1398] - DEBUG - moveTile loop time: 41.4 ms
2026-06-20 12:08:29,864 - picamera2.picamera2 - [picamera2.py:1391] - DEBUG - Execute job: <picamera2.job.Job object at 0x7f6976b7d0>
2026-06-20 12:08:29,868 - mazeUtils.device.camera - [camera.py:39] - DEBUG - Average HSV: H=130.6, S=96.7, V=103.3
2026-06-20 12:08:29,897 - mazeUtils.moveTile - [moveTile.py:79] - DEBUG - roll: 359.84999999999997 deg, practicalMoveTime: 0.6357892629002001 sec
2026-06-20 12:08:29,897 - mazeUtils.moveTile - [moveTile.py:1398] - DEBUG - moveTile loop time: 40.0 ms
2026-06-20 12:08:29,901 - picamera2.picamera2 - [picamera2.py:1391] - DEBUG - Execute job: <picamera2.job.Job object at 0x7f8092db10>
2026-06-20 12:08:29,904 - mazeUtils.device.camera - [camera.py:39] - DEBUG - Average HSV: H=128.6, S=108.4, V=98.9
2026-06-20 12:08:29,938 - mazeUtils.moveTile - [moveTile.py:79] - DEBUG - roll: 359.94 deg, practicalMoveTime: 0.6759477510889649 sec
2026-06-20 12:08:29,938 - mazeUtils.moveTile - [moveTile.py:1398] - DEBUG - moveTile loop time: 40.4 ms
2026-06-20 12:08:29,948 - picamera2.picamera2 - [picamera2.py:1391] - DEBUG - Execute job: <picamera2.job.Job object at 0x7f6976b7d0>
2026-06-20 12:08:29,953 - mazeUtils.device.camera - [camera.py:39] - DEBUG - Average HSV: H=127.5, S=109.4, V=104.9
2026-06-20 12:08:29,980 - mazeUtils.moveTile - [moveTile.py:79] - DEBUG - roll: 0.21999999999997044 deg, practicalMoveTime: 0.71791006534792 sec
2026-06-20 12:08:29,981 - mazeUtils.moveTile - [moveTile.py:1398] - DEBUG - moveTile loop time: 42.3 ms
2026-06-20 12:08:29,992 - picamera2.picamera2 - [picamera2.py:1391] - DEBUG - Execute job: <picamera2.job.Job object at 0x7f6976b7d0>
2026-06-20 12:08:29,995 - mazeUtils.device.camera - [camera.py:39] - DEBUG - Average HSV: H=126.4, S=116.1, V=107.6
2026-06-20 12:08:30,025 - mazeUtils.moveTile - [moveTile.py:79] - DEBUG - roll: 0.15999999999996817 deg, practicalMoveTime: 0.7623272734467103 sec
2026-06-20 12:08:30,025 - mazeUtils.moveTile - [moveTile.py:1398] - DEBUG - moveTile loop time: 44.7 ms
2026-06-20 12:08:30,031 - picamera2.picamera2 - [picamera2.py:1391] - DEBUG - Execute job: <picamera2.job.Job object at 0x7f808eb650>
2026-06-20 12:08:30,036 - mazeUtils.device.camera - [camera.py:39] - DEBUG - Average HSV: H=125.7, S=125.2, V=104.6
2026-06-20 12:08:30,067 - mazeUtils.moveTile - [moveTile.py:79] - DEBUG - roll: 0.08999999999997499 deg, practicalMoveTime: 0.8032441426757462 sec
2026-06-20 12:08:30,067 - mazeUtils.moveTile - [moveTile.py:1398] - DEBUG - moveTile loop time: 41.3 ms
2026-06-20 12:08:30,078 - picamera2.picamera2 - [picamera2.py:1391] - DEBUG - Execute job: <picamera2.job.Job object at 0x7f8d8ca0d0>
2026-06-20 12:08:30,082 - mazeUtils.device.camera - [camera.py:39] - DEBUG - Average HSV: H=125.5, S=133.8, V=96.2
2026-06-20 12:08:30,109 - mazeUtils.moveTile - [moveTile.py:1344] - INFO - practicalVerticalMove: 0.07092499147286203 CM
2026-06-20 12:08:30,157 - mazeUtils.moveTile - [moveTile.py:79] - DEBUG - Little forward to adjust position
2026-06-20 12:08:30,252 - mazeUtils.moveTile - [moveTile.py:1603] - INFO - Set moved vertical distance: 0.07092499147286203 cm, past distances: [(1.116178015827806, False), (1.100960056132911, False), (0, False)]
2026-06-20 12:08:30,353 - mazeUtils.moveTile - [moveTile.py:528] - DEBUG - Direction: absDirection.NORTH, Angle: 0, Distance: 11.495724245955223 cm
2026-06-20 12:08:30,354 - mazeUtils.moveTile - [moveTile.py:551] - DEBUG - Front LiDAR distance: 11.495724245955223 cm, TSD10 distance: 1.6 cm
2026-06-20 12:08:30,356 - mazeUtils.moveTile - [moveTile.py:528] - DEBUG - Direction: absDirection.EAST, Angle: 270, Distance: 90.89998442465038 cm
2026-06-20 12:08:30,358 - mazeUtils.moveTile - [moveTile.py:528] - DEBUG - Direction: absDirection.SOUTH, Angle: 180, Distance: 141.7622412971049 cm
2026-06-20 12:08:30,360 - mazeUtils.moveTile - [moveTile.py:528] - DEBUG - Direction: absDirection.WEST, Angle: 90, Distance: 41.05784208994332 cm
2026-06-20 12:08:30,362 - mazeUtils.moveTile - [moveTile.py:1724] - INFO - Tile color detection counts: {}, decided tile type: E
2026-06-20 12:08:30,435 - __main__ - [main.py:87] - INFO - Current position: (19, 15, 0), front direction: absDirection.NORTH
Layer 0 (altitude=0.0cm, offset=(0.0cm, 0.0cm)):
Known map area: x=18..20, y=15..20
+   +---+   +
  U   @   U  
+---+   +---+
| E   E   E |
+---+   +   +
  U   U | E |
+   +   +   +
  U   U | E |
+   +   +   +
  U   U   E |
+   +   +   +
  U   U | S |
+   +   +---+
mazeAsGraph[0][15][19] = {absDirection.NORTH: None, absDirection.EAST: (20, 15, 0, 30), absDirection.SOUTH: (19, 16, 0, 30), absDirection.WEST: (18, 15, 0, 30)}
mazeAsGraph[0][16][18] = {absDirection.NORTH: None, absDirection.EAST: (19, 16, 0, 30), absDirection.SOUTH: None, absDirection.WEST: None}
mazeAsGraph[0][16][19] = {absDirection.NORTH: (19, 15, 0, 30), absDirection.EAST: (20, 16, 0, 30), absDirection.SOUTH: (19, 17, 0, 30), absDirection.WEST: (18, 16, 0, 30)}
mazeAsGraph[0][16][20] = {absDirection.NORTH: None, absDirection.EAST: None, absDirection.SOUTH: (20, 17, 0, 30), absDirection.WEST: (19, 16, 0, 30)}
mazeAsGraph[0][17][20] = {absDirection.NORTH: (20, 16, 0, 30), absDirection.EAST: None, absDirection.SOUTH: (20, 18, 0, 30), absDirection.WEST: None}
mazeAsGraph[0][18][20] = {absDirection.NORTH: (20, 17, 0, 30), absDirection.EAST: None, absDirection.SOUTH: (20, 19, 0, 30), absDirection.WEST: None}
mazeAsGraph[0][19][20] = {absDirection.NORTH: (20, 18, 0, 30), absDirection.EAST: None, absDirection.SOUTH: (20, 20, 0, 30), absDirection.WEST: (19, 19, 0, 30)}
mazeAsGraph[0][20][20] = {absDirection.NORTH: (20, 19, 0, 30), absDirection.EAST: None, absDirection.SOUTH: None, absDirection.WEST: None}
2026-06-20 12:08:30,441 - mazeUtils.mazeMap - [mazeMap.py:61] - INFO - next goal: (20, 15, 0)
2026-06-20 12:08:30,448 - mazeUtils.moveTile - [moveTile.py:79] - DEBUG - Moving to absDirection.EAST from (19, 15, 0) facing absDirection.NORTH
2026-06-20 12:08:30,455 - mazeUtils.moveTile - [moveTile.py:79] - DEBUG - Turning to 270 deg, current heading: 359.86 deg, turnAngle: 89.86000000000001 deg
2026-06-20 12:08:30,486 - mazeUtils.moveTile - [moveTile.py:79] - DEBUG - gyro:359.87 deg, derivative: 0.009999999999990905, turnSpeed: 100
2026-06-20 12:08:30,515 - mazeUtils.moveTile - [moveTile.py:79] - DEBUG - gyro:359.92 deg, derivative: 0.05000000000001137, turnSpeed: 100
2026-06-20 12:08:30,539 - mazeUtils.moveTile - [moveTile.py:79] - DEBUG - gyro:359.93 deg, derivative: 0.009999999999990905, turnSpeed: 100
2026-06-20 12:08:30,576 - mazeUtils.moveTile - [moveTile.py:79] - DEBUG - gyro:359.54 deg, derivative: -0.38999999999998636, turnSpeed: 100
2026-06-20 12:08:30,603 - mazeUtils.moveTile - [moveTile.py:79] - DEBUG - gyro:357.93 deg, derivative: -1.6100000000000136, turnSpeed: 100
2026-06-20 12:08:30,628 - mazeUtils.moveTile - [moveTile.py:79] - DEBUG - gyro:353.40000000000003 deg, derivative: -4.529999999999973, turnSpeed: 100
2026-06-20 12:08:30,656 - mazeUtils.moveTile - [moveTile.py:79] - DEBUG - gyro:350.08 deg, derivative: -3.32000000000005, turnSpeed: 100
2026-06-20 12:08:30,685 - mazeUtils.moveTile - [moveTile.py:79] - DEBUG - gyro:346.32 deg, derivative: -3.759999999999991, turnSpeed: 100
2026-06-20 12:08:30,708 - mazeUtils.moveTile - [moveTile.py:79] - DEBUG - gyro:344.90000000000003 deg, derivative: -1.419999999999959, turnSpeed: 100
2026-06-20 12:08:30,740 - mazeUtils.moveTile - [moveTile.py:79] - DEBUG - gyro:342.32 deg, derivative: -2.580000000000041, turnSpeed: 100
2026-06-20 12:08:30,765 - mazeUtils.moveTile - [moveTile.py:79] - DEBUG - gyro:339.18 deg, derivative: -3.1399999999999864, turnSpeed: 100
2026-06-20 12:08:30,791 - mazeUtils.moveTile - [moveTile.py:79] - DEBUG - gyro:337.07 deg, derivative: -2.1100000000000136, turnSpeed: 100
2026-06-20 12:08:30,824 - mazeUtils.moveTile - [moveTile.py:79] - DEBUG - gyro:334.26 deg, derivative: -2.8100000000000023, turnSpeed: 100
2026-06-20 12:08:30,858 - mazeUtils.moveTile - [moveTile.py:79] - DEBUG - gyro:331.31 deg, derivative: -2.9499999999999886, turnSpeed: 100
2026-06-20 12:08:30,883 - mazeUtils.moveTile - [moveTile.py:79] - DEBUG - gyro:327.0 deg, derivative: -4.310000000000002, turnSpeed: 100
2026-06-20 12:08:30,910 - mazeUtils.moveTile - [moveTile.py:79] - DEBUG - gyro:324.02000000000004 deg, derivative: -2.9799999999999613, turnSpeed: 100
2026-06-20 12:08:30,943 - mazeUtils.moveTile - [moveTile.py:79] - DEBUG - gyro:320.87 deg, derivative: -3.150000000000034, turnSpeed: 100
2026-06-20 12:08:30,970 - mazeUtils.moveTile - [moveTile.py:79] - DEBUG - gyro:317.54 deg, derivative: -3.329999999999984, turnSpeed: 95.08000000000004
2026-06-20 12:08:31,005 - mazeUtils.moveTile - [moveTile.py:79] - DEBUG - gyro:313.49 deg, derivative: -4.050000000000011, turnSpeed: 86.98000000000002
2026-06-20 12:08:31,029 - mazeUtils.moveTile - [moveTile.py:79] - DEBUG - gyro:309.25 deg, derivative: -4.240000000000009, turnSpeed: 78.5
2026-06-20 12:08:31,054 - mazeUtils.moveTile - [moveTile.py:79] - DEBUG - gyro:305.37 deg, derivative: -3.8799999999999955, turnSpeed: 70.74000000000001
2026-06-20 12:08:31,081 - mazeUtils.moveTile - [moveTile.py:79] - DEBUG - gyro:301.73 deg, derivative: -3.6399999999999864, turnSpeed: 63.460000000000036
2026-06-20 12:08:31,108 - mazeUtils.moveTile - [moveTile.py:79] - DEBUG - gyro:299.36 deg, derivative: -2.3700000000000045, turnSpeed: 58.72000000000003
2026-06-20 12:08:31,133 - mazeUtils.moveTile - [moveTile.py:79] - DEBUG - gyro:296.44 deg, derivative: -2.920000000000016, turnSpeed: 52.879999999999995
2026-06-20 12:08:31,158 - mazeUtils.moveTile - [moveTile.py:79] - DEBUG - gyro:294.31 deg, derivative: -2.1299999999999955, turnSpeed: 48.620000000000005
2026-06-20 12:08:31,186 - mazeUtils.moveTile - [moveTile.py:79] - DEBUG - gyro:291.90000000000003 deg, derivative: -2.409999999999968, turnSpeed: 43.80000000000007
2026-06-20 12:08:31,214 - mazeUtils.moveTile - [moveTile.py:79] - DEBUG - gyro:289.59000000000003 deg, derivative: -2.3100000000000023, turnSpeed: 39.180000000000064
2026-06-20 12:08:31,240 - mazeUtils.moveTile - [moveTile.py:79] - DEBUG - gyro:287.64 deg, derivative: -1.9500000000000455, turnSpeed: 35.27999999999997
2026-06-20 12:08:31,264 - mazeUtils.moveTile - [moveTile.py:79] - DEBUG - gyro:286.15000000000003 deg, derivative: -1.4899999999999523, turnSpeed: 32.30000000000007
2026-06-20 12:08:31,288 - mazeUtils.moveTile - [moveTile.py:79] - DEBUG - gyro:285.31 deg, derivative: -0.8400000000000318, turnSpeed: 30.620000000000005
2026-06-20 12:08:31,314 - mazeUtils.moveTile - [moveTile.py:79] - DEBUG - gyro:284.23 deg, derivative: -1.079999999999984, turnSpeed: 28.460000000000036
2026-06-20 12:08:31,342 - mazeUtils.moveTile - [moveTile.py:79] - DEBUG - gyro:283.06 deg, derivative: -1.170000000000016, turnSpeed: 26.120000000000005
2026-06-20 12:08:31,368 - mazeUtils.moveTile - [moveTile.py:79] - DEBUG - gyro:281.56 deg, derivative: -1.5, turnSpeed: 23.120000000000005
2026-06-20 12:08:31,395 - mazeUtils.moveTile - [moveTile.py:79] - DEBUG - gyro:280.74 deg, derivative: -0.8199999999999932, turnSpeed: 21.480000000000018
2026-06-20 12:08:31,419 - mazeUtils.moveTile - [moveTile.py:79] - DEBUG - gyro:279.7 deg, derivative: -1.0400000000000205, turnSpeed: 19.399999999999977
2026-06-20 12:08:31,447 - mazeUtils.moveTile - [moveTile.py:79] - DEBUG - gyro:278.64 deg, derivative: -1.0600000000000023, turnSpeed: 17.279999999999973
2026-06-20 12:08:31,477 - mazeUtils.moveTile - [moveTile.py:79] - DEBUG - gyro:278.17 deg, derivative: -0.46999999999997044, turnSpeed: 16.340000000000032
2026-06-20 12:08:31,506 - mazeUtils.moveTile - [moveTile.py:79] - DEBUG - gyro:277.51 deg, derivative: -0.660000000000025, turnSpeed: 15.019999999999982
2026-06-20 12:08:31,533 - mazeUtils.moveTile - [moveTile.py:79] - DEBUG - gyro:276.64 deg, derivative: -0.8700000000000045, turnSpeed: 13.279999999999973
2026-06-20 12:08:31,559 - mazeUtils.moveTile - [moveTile.py:79] - DEBUG - gyro:275.44 deg, derivative: -1.1999999999999886, turnSpeed: 10.879999999999995
2026-06-20 12:08:31,584 - mazeUtils.moveTile - [moveTile.py:79] - DEBUG - gyro:274.74 deg, derivative: -0.6999999999999886, turnSpeed: 9.480000000000018
2026-06-20 12:08:31,613 - mazeUtils.moveTile - [moveTile.py:79] - DEBUG - gyro:274.15000000000003 deg, derivative: -0.589999999999975, turnSpeed: 8.300000000000068
2026-06-20 12:08:31,645 - mazeUtils.moveTile - [moveTile.py:79] - DEBUG - gyro:273.59000000000003 deg, derivative: -0.5600000000000023, turnSpeed: 7.180000000000064
2026-06-20 12:08:31,669 - mazeUtils.moveTile - [moveTile.py:79] - DEBUG - gyro:273.3 deg, derivative: -0.29000000000002046, turnSpeed: 6.600000000000023
2026-06-20 12:08:31,699 - mazeUtils.moveTile - [moveTile.py:79] - DEBUG - gyro:273.08 deg, derivative: -0.22000000000002728, turnSpeed: 6.159999999999968
2026-06-20 12:08:31,726 - mazeUtils.moveTile - [moveTile.py:79] - DEBUG - gyro:272.90000000000003 deg, derivative: -0.17999999999994998, turnSpeed: 5.800000000000068
2026-06-20 12:08:31,752 - mazeUtils.moveTile - [moveTile.py:79] - DEBUG - gyro:272.7 deg, derivative: -0.20000000000004547, turnSpeed: 5.399999999999977
2026-06-20 12:08:31,779 - mazeUtils.moveTile - [moveTile.py:79] - DEBUG - gyro:272.56 deg, derivative: -0.13999999999998636, turnSpeed: 5.1200000000000045
2026-06-20 12:08:31,806 - mazeUtils.moveTile - [moveTile.py:79] - DEBUG - gyro:272.48 deg, derivative: -0.07999999999998408, turnSpeed: 4.960000000000036
2026-06-20 12:08:31,832 - mazeUtils.moveTile - [moveTile.py:79] - DEBUG - gyro:272.39 deg, derivative: -0.09000000000003183, turnSpeed: 4.779999999999973
2026-06-20 12:08:31,862 - mazeUtils.moveTile - [moveTile.py:79] - DEBUG - gyro:272.31 deg, derivative: -0.07999999999998408, turnSpeed: 4.6200000000000045
2026-06-20 12:08:31,889 - mazeUtils.moveTile - [moveTile.py:79] - DEBUG - gyro:272.2 deg, derivative: -0.11000000000001364, turnSpeed: 4.399999999999977
2026-06-20 12:08:31,914 - mazeUtils.moveTile - [moveTile.py:79] - DEBUG - gyro:272.04 deg, derivative: -0.15999999999996817, turnSpeed: 4.080000000000041
2026-06-20 12:08:31,941 - mazeUtils.moveTile - [moveTile.py:79] - DEBUG - gyro:271.97 deg, derivative: -0.06999999999999318, turnSpeed: 3.9400000000000546
2026-06-20 12:08:31,969 - mazeUtils.moveTile - [moveTile.py:79] - DEBUG - gyro:271.88 deg, derivative: -0.09000000000003183, turnSpeed: 3.759999999999991
2026-06-20 12:08:31,995 - mazeUtils.moveTile - [moveTile.py:79] - DEBUG - gyro:271.76 deg, derivative: -0.12000000000000455, turnSpeed: 3.519999999999982
2026-06-20 12:08:32,018 - mazeUtils.moveTile - [moveTile.py:79] - DEBUG - gyro:271.69 deg, derivative: -0.06999999999999318, turnSpeed: 3.3799999999999955
2026-06-20 12:08:32,050 - mazeUtils.moveTile - [moveTile.py:79] - DEBUG - gyro:271.63 deg, derivative: -0.060000000000002274, turnSpeed: 3.259999999999991
2026-06-20 12:08:32,085 - mazeUtils.moveTile - [moveTile.py:79] - DEBUG - gyro:271.59000000000003 deg, derivative: -0.03999999999996362, turnSpeed: 3.1800000000000637
2026-06-20 12:08:32,109 - mazeUtils.moveTile - [moveTile.py:79] - DEBUG - gyro:271.49 deg, derivative: -0.10000000000002274, turnSpeed: 2.980000000000018
2026-06-20 12:08:32,135 - mazeUtils.moveTile - [moveTile.py:79] - DEBUG - gyro:271.36 deg, derivative: -0.12999999999999545, turnSpeed: 2.7200000000000273
2026-06-20 12:08:32,165 - mazeUtils.moveTile - [moveTile.py:79] - DEBUG - gyro:271.25 deg, derivative: -0.11000000000001364, turnSpeed: 2.5
2026-06-20 12:08:32,191 - mazeUtils.moveTile - [moveTile.py:79] - DEBUG - gyro:271.17 deg, derivative: -0.07999999999998408, turnSpeed: 2.340000000000032
2026-06-20 12:08:32,215 - mazeUtils.moveTile - [moveTile.py:79] - DEBUG - gyro:271.11 deg, derivative: -0.060000000000002274, turnSpeed: 2.2200000000000273
2026-06-20 12:08:32,248 - mazeUtils.moveTile - [moveTile.py:79] - DEBUG - gyro:271.06 deg, derivative: -0.05000000000001137, turnSpeed: 2.1200000000000045
2026-06-20 12:08:32,275 - mazeUtils.moveTile - [moveTile.py:79] - DEBUG - gyro:271.03000000000003 deg, derivative: -0.029999999999972715, turnSpeed: 2.060000000000059
2026-06-20 12:08:32,299 - mazeUtils.moveTile - [moveTile.py:79] - DEBUG - gyro:270.92 deg, derivative: -0.11000000000001364, turnSpeed: 1.8400000000000318
2026-06-20 12:08:32,329 - mazeUtils.moveTile - [moveTile.py:79] - DEBUG - gyro:270.83 deg, derivative: -0.09000000000003183, turnSpeed: 1.6599999999999682
2026-06-20 12:08:32,357 - mazeUtils.moveTile - [moveTile.py:79] - DEBUG - gyro:270.73 deg, derivative: -0.0999999999999659, turnSpeed: 1.4600000000000364
2026-06-20 12:08:32,377 - mazeUtils.moveTile - [moveTile.py:79] - DEBUG - Turned to heading: 270.73 deg
2026-06-20 12:08:32,560 - picamera2.picamera2 - [picamera2.py:1391] - DEBUG - Execute job: <picamera2.job.Job object at 0x7f8d8d6a10>
2026-06-20 12:08:32,566 - mazeUtils.device.camera - [camera.py:39] - DEBUG - Average HSV: H=107.0, S=107.6, V=10.8
2026-06-20 12:08:32,596 - mazeUtils.moveTile - [moveTile.py:79] - DEBUG - roll: 1.9899999999999523 deg, practicalMoveTime: 0.04623055121806993 sec
2026-06-20 12:08:32,597 - mazeUtils.moveTile - [moveTile.py:1398] - DEBUG - moveTile loop time: 44.4 ms
2026-06-20 12:08:32,602 - picamera2.picamera2 - [picamera2.py:1391] - DEBUG - Execute job: <picamera2.job.Job object at 0x7f7b9789d0>
2026-06-20 12:08:32,607 - mazeUtils.device.camera - [camera.py:39] - DEBUG - Average HSV: H=106.4, S=103.8, V=10.5
2026-06-20 12:08:32,637 - mazeUtils.moveTile - [moveTile.py:79] - DEBUG - roll: 2.579999999999984 deg, practicalMoveTime: 0.08629595557629076 sec
2026-06-20 12:08:32,638 - mazeUtils.moveTile - [moveTile.py:1398] - DEBUG - moveTile loop time: 40.2 ms
2026-06-20 12:08:32,648 - picamera2.picamera2 - [picamera2.py:1391] - DEBUG - Execute job: <picamera2.job.Job object at 0x7f8acdffd0>
2026-06-20 12:08:32,652 - mazeUtils.device.camera - [camera.py:39] - DEBUG - Average HSV: H=109.0, S=110.2, V=10.6
2026-06-20 12:08:32,687 - mazeUtils.moveTile - [moveTile.py:79] - DEBUG - roll: 1.6399999999999864 deg, practicalMoveTime: 0.1347108500103932 sec
2026-06-20 12:08:32,687 - mazeUtils.moveTile - [moveTile.py:1398] - DEBUG - moveTile loop time: 48.5 ms
2026-06-20 12:08:32,692 - picamera2.picamera2 - [picamera2.py:1391] - DEBUG - Execute job: <picamera2.job.Job object at 0x7f7b9789d0>
2026-06-20 12:08:32,696 - mazeUtils.device.camera - [camera.py:39] - DEBUG - Average HSV: H=104.9, S=107.9, V=9.1
2026-06-20 12:08:32,730 - mazeUtils.moveTile - [moveTile.py:79] - DEBUG - roll: 1.7999999999999545 deg, practicalMoveTime: 0.17783235720787355 sec
2026-06-20 12:08:32,731 - mazeUtils.moveTile - [moveTile.py:1398] - DEBUG - moveTile loop time: 43.6 ms
2026-06-20 12:08:32,737 - picamera2.picamera2 - [picamera2.py:1391] - DEBUG - Execute job: <picamera2.job.Job object at 0x7f8d8f0990>
2026-06-20 12:08:32,741 - mazeUtils.device.camera - [camera.py:39] - DEBUG - Average HSV: H=105.6, S=103.1, V=9.8
2026-06-20 12:08:32,773 - mazeUtils.moveTile - [moveTile.py:79] - DEBUG - roll: 0.8999999999999773 deg, practicalMoveTime: 0.2193869262888005 sec
2026-06-20 12:08:32,774 - mazeUtils.moveTile - [moveTile.py:1398] - DEBUG - moveTile loop time: 41.8 ms
2026-06-20 12:08:32,781 - picamera2.picamera2 - [picamera2.py:1391] - DEBUG - Execute job: <picamera2.job.Job object at 0x7f7b9789d0>
2026-06-20 12:08:32,786 - mazeUtils.device.camera - [camera.py:39] - DEBUG - Average HSV: H=105.7, S=107.8, V=10.2
2026-06-20 12:08:32,835 - mazeUtils.moveTile - [moveTile.py:235] - INFO - Black tile detected! Stopping movement. Starting escape maneuver.
2026-06-20 12:08:33,102 - mazeUtils.moveTile - [moveTile.py:79] - DEBUG - Escape maneuver complete.
2026-06-20 12:08:33,138 - __main__ - [main.py:87] - INFO - Current position: (19, 15, 0), front direction: absDirection.EAST
Layer 0 (altitude=0.0cm, offset=(0.0cm, 0.0cm)):
Known map area: x=18..20, y=15..20
+   +---+   +
  U   @   B  
+---+   +---+
| E   E   E |
+---+   +   +
  U   U | E |
+   +   +   +
  U   U | E |
+   +   +   +
  U   U   E |
+   +   +   +
  U   U | S |
+   +   +---+
mazeAsGraph[0][15][19] = {absDirection.NORTH: None, absDirection.EAST: None, absDirection.SOUTH: (19, 16, 0, 30), absDirection.WEST: (18, 15, 0, 30)}
mazeAsGraph[0][15][20] = {absDirection.NORTH: None, absDirection.EAST: None, absDirection.SOUTH: None, absDirection.WEST: None}
mazeAsGraph[0][16][18] = {absDirection.NORTH: None, absDirection.EAST: (19, 16, 0, 30), absDirection.SOUTH: None, absDirection.WEST: None}
mazeAsGraph[0][16][19] = {absDirection.NORTH: (19, 15, 0, 30), absDirection.EAST: (20, 16, 0, 30), absDirection.SOUTH: (19, 17, 0, 30), absDirection.WEST: (18, 16, 0, 30)}
mazeAsGraph[0][16][20] = {absDirection.NORTH: None, absDirection.EAST: None, absDirection.SOUTH: (20, 17, 0, 30), absDirection.WEST: (19, 16, 0, 30)}
mazeAsGraph[0][17][20] = {absDirection.NORTH: (20, 16, 0, 30), absDirection.EAST: None, absDirection.SOUTH: (20, 18, 0, 30), absDirection.WEST: None}
mazeAsGraph[0][18][20] = {absDirection.NORTH: (20, 17, 0, 30), absDirection.EAST: None, absDirection.SOUTH: (20, 19, 0, 30), absDirection.WEST: None}
mazeAsGraph[0][19][20] = {absDirection.NORTH: (20, 18, 0, 30), absDirection.EAST: None, absDirection.SOUTH: (20, 20, 0, 30), absDirection.WEST: (19, 19, 0, 30)}
mazeAsGraph[0][20][20] = {absDirection.NORTH: (20, 19, 0, 30), absDirection.EAST: None, absDirection.SOUTH: None, absDirection.WEST: None}
2026-06-20 12:08:33,149 - mazeUtils.mazeMap - [mazeMap.py:61] - INFO - next goal: (18, 15, 0)
2026-06-20 12:08:33,162 - mazeUtils.moveTile - [moveTile.py:79] - DEBUG - Moving to absDirection.WEST from (19, 15, 0) facing absDirection.EAST
2026-06-20 12:08:33,171 - mazeUtils.moveTile - [moveTile.py:79] - DEBUG - Turning to 90 deg, current heading: 267.6 deg, turnAngle: 177.60000000000002 deg
2026-06-20 12:08:33,197 - mazeUtils.moveTile - [moveTile.py:79] - DEBUG - gyro:267.64 deg, derivative: 0.03999999999996362, turnSpeed: 100
2026-06-20 12:08:33,236 - mazeUtils.moveTile - [moveTile.py:79] - DEBUG - gyro:267.53000000000003 deg, derivative: -0.1099999999999568, turnSpeed: 100
2026-06-20 12:08:33,264 - mazeUtils.moveTile - [moveTile.py:79] - DEBUG - gyro:267.09000000000003 deg, derivative: -0.4399999999999977, turnSpeed: 100
2026-06-20 12:08:33,291 - mazeUtils.moveTile - [moveTile.py:79] - DEBUG - gyro:266.56 deg, derivative: -0.5300000000000296, turnSpeed: 100
2026-06-20 12:08:33,320 - mazeUtils.moveTile - [moveTile.py:79] - DEBUG - gyro:264.85 deg, derivative: -1.7099999999999795, turnSpeed: 100
2026-06-20 12:08:33,346 - mazeUtils.moveTile - [moveTile.py:79] - DEBUG - gyro:261.83 deg, derivative: -3.0200000000000387, turnSpeed: 100
2026-06-20 12:08:33,370 - mazeUtils.moveTile - [moveTile.py:79] - DEBUG - gyro:257.29 deg, derivative: -4.539999999999964, turnSpeed: 100
2026-06-20 12:08:33,398 - mazeUtils.moveTile - [moveTile.py:79] - DEBUG - gyro:253.72 deg, derivative: -3.5700000000000216, turnSpeed: 100
2026-06-20 12:08:33,428 - mazeUtils.moveTile - [moveTile.py:79] - DEBUG - gyro:250.83 deg, derivative: -2.8899999999999864, turnSpeed: 100
2026-06-20 12:08:33,455 - mazeUtils.moveTile - [moveTile.py:79] - DEBUG - gyro:246.18 deg, derivative: -4.650000000000006, turnSpeed: 100
2026-06-20 12:08:33,489 - mazeUtils.moveTile - [moveTile.py:79] - DEBUG - gyro:242.89000000000001 deg, derivative: -3.289999999999992, turnSpeed: 100
2026-06-20 12:08:33,512 - mazeUtils.moveTile - [moveTile.py:79] - DEBUG - gyro:238.23000000000002 deg, derivative: -4.659999999999997, turnSpeed: 100
2026-06-20 12:08:33,540 - mazeUtils.moveTile - [moveTile.py:79] - DEBUG - gyro:235.32000000000002 deg, derivative: -2.9099999999999966, turnSpeed: 100
2026-06-20 12:08:33,568 - mazeUtils.moveTile - [moveTile.py:79] - DEBUG - gyro:232.17000000000002 deg, derivative: -3.1500000000000057, turnSpeed: 100
2026-06-20 12:08:33,595 - mazeUtils.moveTile - [moveTile.py:79] - DEBUG - gyro:228.53 deg, derivative: -3.640000000000015, turnSpeed: 100
2026-06-20 12:08:33,623 - mazeUtils.moveTile - [moveTile.py:79] - DEBUG - gyro:225.9 deg, derivative: -2.6299999999999955, turnSpeed: 100
2026-06-20 12:08:33,648 - mazeUtils.moveTile - [moveTile.py:79] - DEBUG - gyro:221.51000000000002 deg, derivative: -4.389999999999986, turnSpeed: 100
2026-06-20 12:08:33,673 - mazeUtils.moveTile - [moveTile.py:79] - DEBUG - gyro:218.71 deg, derivative: -2.8000000000000114, turnSpeed: 100
2026-06-20 12:08:33,701 - mazeUtils.moveTile - [moveTile.py:79] - DEBUG - gyro:215.44 deg, derivative: -3.2700000000000102, turnSpeed: 100
2026-06-20 12:08:33,728 - mazeUtils.moveTile - [moveTile.py:79] - DEBUG - gyro:212.31 deg, derivative: -3.1299999999999955, turnSpeed: 100
2026-06-20 12:08:33,758 - mazeUtils.moveTile - [moveTile.py:79] - DEBUG - gyro:208.79000000000002 deg, derivative: -3.519999999999982, turnSpeed: 100
2026-06-20 12:08:33,785 - mazeUtils.moveTile - [moveTile.py:79] - DEBUG - gyro:204.86 deg, derivative: -3.930000000000007, turnSpeed: 100
2026-06-20 12:08:33,818 - mazeUtils.moveTile - [moveTile.py:79] - DEBUG - gyro:201.70000000000002 deg, derivative: -3.1599999999999966, turnSpeed: 100
2026-06-20 12:08:33,848 - mazeUtils.moveTile - [moveTile.py:79] - DEBUG - gyro:197.21 deg, derivative: -4.490000000000009, turnSpeed: 100
2026-06-20 12:08:33,878 - mazeUtils.moveTile - [moveTile.py:79] - DEBUG - gyro:192.53 deg, derivative: -4.680000000000007, turnSpeed: 100
2026-06-20 12:08:33,903 - mazeUtils.moveTile - [moveTile.py:79] - DEBUG - gyro:188.54000000000002 deg, derivative: -3.9899999999999807, turnSpeed: 100
2026-06-20 12:08:33,930 - mazeUtils.moveTile - [moveTile.py:79] - DEBUG - gyro:184.71 deg, derivative: -3.8300000000000125, turnSpeed: 100
2026-06-20 12:08:33,962 - mazeUtils.moveTile - [moveTile.py:79] - DEBUG - gyro:180.86 deg, derivative: -3.8499999999999943, turnSpeed: 100
2026-06-20 12:08:33,989 - mazeUtils.moveTile - [moveTile.py:79] - DEBUG - gyro:176.70000000000002 deg, derivative: -4.159999999999997, turnSpeed: 100
2026-06-20 12:08:34,014 - mazeUtils.moveTile - [moveTile.py:79] - DEBUG - gyro:173.4 deg, derivative: -3.3000000000000114, turnSpeed: 100
2026-06-20 12:08:34,043 - mazeUtils.moveTile - [moveTile.py:79] - DEBUG - gyro:170.51000000000002 deg, derivative: -2.8899999999999864, turnSpeed: 100
2026-06-20 12:08:34,071 - mazeUtils.moveTile - [moveTile.py:79] - DEBUG - gyro:166.55 deg, derivative: -3.960000000000008, turnSpeed: 100
2026-06-20 12:08:34,096 - mazeUtils.moveTile - [moveTile.py:79] - DEBUG - gyro:163.16000000000003 deg, derivative: -3.3899999999999864, turnSpeed: 100
2026-06-20 12:08:34,119 - mazeUtils.moveTile - [moveTile.py:79] - DEBUG - gyro:159.74 deg, derivative: -3.420000000000016, turnSpeed: 100
2026-06-20 12:08:34,144 - mazeUtils.moveTile - [moveTile.py:79] - DEBUG - gyro:156.94 deg, derivative: -2.8000000000000114, turnSpeed: 100
2026-06-20 12:08:34,171 - mazeUtils.moveTile - [moveTile.py:79] - DEBUG - gyro:153.78 deg, derivative: -3.1599999999999966, turnSpeed: 100
2026-06-20 12:08:34,195 - mazeUtils.moveTile - [moveTile.py:79] - DEBUG - gyro:149.33 deg, derivative: -4.449999999999989, turnSpeed: 100
2026-06-20 12:08:34,221 - mazeUtils.moveTile - [moveTile.py:79] - DEBUG - gyro:146.57000000000002 deg, derivative: -2.759999999999991, turnSpeed: 100
2026-06-20 12:08:34,246 - mazeUtils.moveTile - [moveTile.py:79] - DEBUG - gyro:142.94 deg, derivative: -3.630000000000024, turnSpeed: 100
2026-06-20 12:08:34,275 - mazeUtils.moveTile - [moveTile.py:79] - DEBUG - gyro:140.06 deg, derivative: -2.8799999999999955, turnSpeed: 100
2026-06-20 12:08:34,301 - mazeUtils.moveTile - [moveTile.py:79] - DEBUG - gyro:135.65 deg, derivative: -4.409999999999997, turnSpeed: 91.30000000000001
2026-06-20 12:08:34,325 - mazeUtils.moveTile - [moveTile.py:79] - DEBUG - gyro:132.58 deg, derivative: -3.069999999999993, turnSpeed: 85.16000000000003
2026-06-20 12:08:34,355 - mazeUtils.moveTile - [moveTile.py:79] - DEBUG - gyro:129.77 deg, derivative: -2.8100000000000023, turnSpeed: 79.54000000000002
2026-06-20 12:08:34,380 - mazeUtils.moveTile - [moveTile.py:79] - DEBUG - gyro:126.12 deg, derivative: -3.6500000000000057, turnSpeed: 72.24000000000001
2026-06-20 12:08:34,405 - mazeUtils.moveTile - [moveTile.py:79] - DEBUG - gyro:123.55000000000001 deg, derivative: -2.569999999999993, turnSpeed: 67.10000000000002
2026-06-20 12:08:34,435 - mazeUtils.moveTile - [moveTile.py:79] - DEBUG - gyro:120.5 deg, derivative: -3.0500000000000114, turnSpeed: 61.0
2026-06-20 12:08:34,462 - mazeUtils.moveTile - [moveTile.py:79] - DEBUG - gyro:117.79000000000002 deg, derivative: -2.7099999999999795, turnSpeed: 55.58000000000004
2026-06-20 12:08:34,487 - mazeUtils.moveTile - [moveTile.py:79] - DEBUG - gyro:115.73000000000002 deg, derivative: -2.0600000000000023, turnSpeed: 51.460000000000036
2026-06-20 12:08:34,509 - mazeUtils.moveTile - [moveTile.py:79] - DEBUG - gyro:114.07 deg, derivative: -1.660000000000025, turnSpeed: 48.139999999999986
2026-06-20 12:08:34,534 - mazeUtils.moveTile - [moveTile.py:79] - DEBUG - gyro:111.94 deg, derivative: -2.1299999999999955, turnSpeed: 43.879999999999995
2026-06-20 12:08:34,559 - mazeUtils.moveTile - [moveTile.py:79] - DEBUG - gyro:109.84000000000003 deg, derivative: -2.099999999999966, turnSpeed: 39.680000000000064
2026-06-20 12:08:34,588 - mazeUtils.moveTile - [moveTile.py:79] - DEBUG - gyro:108.81 deg, derivative: -1.0300000000000296, turnSpeed: 37.620000000000005
2026-06-20 12:08:34,612 - mazeUtils.moveTile - [moveTile.py:79] - DEBUG - gyro:107.13 deg, derivative: -1.6800000000000068, turnSpeed: 34.25999999999999
2026-06-20 12:08:34,641 - mazeUtils.moveTile - [moveTile.py:79] - DEBUG - gyro:105.63 deg, derivative: -1.5, turnSpeed: 31.25999999999999
2026-06-20 12:08:34,671 - mazeUtils.moveTile - [moveTile.py:79] - DEBUG - gyro:104.69 deg, derivative: -0.9399999999999977, turnSpeed: 29.379999999999995
2026-06-20 12:08:34,697 - mazeUtils.moveTile - [moveTile.py:79] - DEBUG - gyro:103.0 deg, derivative: -1.6899999999999977, turnSpeed: 26.0
2026-06-20 12:08:34,728 - mazeUtils.moveTile - [moveTile.py:79] - DEBUG - gyro:101.5 deg, derivative: -1.5, turnSpeed: 23.0
2026-06-20 12:08:34,758 - mazeUtils.moveTile - [moveTile.py:79] - DEBUG - gyro:100.38999999999999 deg, derivative: -1.1100000000000136, turnSpeed: 20.779999999999973
2026-06-20 12:08:34,786 - mazeUtils.moveTile - [moveTile.py:79] - DEBUG - gyro:99.56 deg, derivative: -0.8299999999999841, turnSpeed: 19.120000000000005
2026-06-20 12:08:34,809 - mazeUtils.moveTile - [moveTile.py:79] - DEBUG - gyro:98.68 deg, derivative: -0.8799999999999955, turnSpeed: 17.360000000000014
2026-06-20 12:08:34,838 - mazeUtils.moveTile - [moveTile.py:79] - DEBUG - gyro:97.93 deg, derivative: -0.75, turnSpeed: 15.860000000000014
2026-06-20 12:08:34,864 - mazeUtils.moveTile - [moveTile.py:79] - DEBUG - gyro:97.25 deg, derivative: -0.6800000000000068, turnSpeed: 14.5
2026-06-20 12:08:34,888 - mazeUtils.moveTile - [moveTile.py:79] - DEBUG - gyro:96.25 deg, derivative: -1.0, turnSpeed: 12.5
2026-06-20 12:08:34,917 - mazeUtils.moveTile - [moveTile.py:79] - DEBUG - gyro:95.73000000000002 deg, derivative: -0.5199999999999818, turnSpeed: 11.460000000000036
2026-06-20 12:08:34,945 - mazeUtils.moveTile - [moveTile.py:79] - DEBUG - gyro:95.36000000000001 deg, derivative: -0.37000000000000455, turnSpeed: 10.720000000000027
2026-06-20 12:08:34,972 - mazeUtils.moveTile - [moveTile.py:79] - DEBUG - gyro:94.78000000000003 deg, derivative: -0.5799999999999841, turnSpeed: 9.56000000000006
2026-06-20 12:08:34,998 - mazeUtils.moveTile - [moveTile.py:79] - DEBUG - gyro:94.50999999999999 deg, derivative: -0.27000000000003865, turnSpeed: 9.019999999999982
2026-06-20 12:08:35,027 - mazeUtils.moveTile - [moveTile.py:79] - DEBUG - gyro:94.08000000000004 deg, derivative: -0.42999999999995, turnSpeed: 8.160000000000082
2026-06-20 12:08:35,052 - mazeUtils.moveTile - [moveTile.py:79] - DEBUG - gyro:93.62 deg, derivative: -0.4600000000000364, turnSpeed: 7.240000000000009
2026-06-20 12:08:35,080 - mazeUtils.moveTile - [moveTile.py:79] - DEBUG - gyro:93.38999999999999 deg, derivative: -0.2300000000000182, turnSpeed: 6.779999999999973
2026-06-20 12:08:35,110 - mazeUtils.moveTile - [moveTile.py:79] - DEBUG - gyro:93.17000000000002 deg, derivative: -0.21999999999997044, turnSpeed: 6.340000000000032
2026-06-20 12:08:35,148 - mazeUtils.moveTile - [moveTile.py:79] - DEBUG - gyro:92.94 deg, derivative: -0.2300000000000182, turnSpeed: 5.8799999999999955
2026-06-20 12:08:35,171 - mazeUtils.moveTile - [moveTile.py:79] - DEBUG - gyro:92.71000000000004 deg, derivative: -0.22999999999996135, turnSpeed: 5.420000000000073
2026-06-20 12:08:35,196 - mazeUtils.moveTile - [moveTile.py:79] - DEBUG - gyro:92.5 deg, derivative: -0.21000000000003638, turnSpeed: 5.0
2026-06-20 12:08:35,221 - mazeUtils.moveTile - [moveTile.py:79] - DEBUG - gyro:92.36000000000001 deg, derivative: -0.13999999999998636, turnSpeed: 4.720000000000027
2026-06-20 12:08:35,250 - mazeUtils.moveTile - [moveTile.py:79] - DEBUG - gyro:92.22000000000003 deg, derivative: -0.13999999999998636, turnSpeed: 4.440000000000055
2026-06-20 12:08:35,277 - mazeUtils.moveTile - [moveTile.py:79] - DEBUG - gyro:92.12 deg, derivative: -0.10000000000002274, turnSpeed: 4.240000000000009
2026-06-20 12:08:35,301 - mazeUtils.moveTile - [moveTile.py:79] - DEBUG - gyro:91.93 deg, derivative: -0.18999999999999773, turnSpeed: 3.8600000000000136
2026-06-20 12:08:35,326 - mazeUtils.moveTile - [moveTile.py:79] - DEBUG - gyro:91.80000000000001 deg, derivative: -0.12999999999999545, turnSpeed: 3.6000000000000227
2026-06-20 12:08:35,353 - mazeUtils.moveTile - [moveTile.py:79] - DEBUG - gyro:91.66000000000003 deg, derivative: -0.13999999999998636, turnSpeed: 3.32000000000005
2026-06-20 12:08:35,377 - mazeUtils.moveTile - [moveTile.py:79] - DEBUG - gyro:91.58000000000004 deg, derivative: -0.07999999999998408, turnSpeed: 3.160000000000082
2026-06-20 12:08:35,404 - mazeUtils.moveTile - [moveTile.py:79] - DEBUG - gyro:91.5 deg, derivative: -0.08000000000004093, turnSpeed: 3.0
2026-06-20 12:08:35,431 - mazeUtils.moveTile - [moveTile.py:79] - DEBUG - gyro:91.39999999999998 deg, derivative: -0.10000000000002274, turnSpeed: 2.7999999999999545
2026-06-20 12:08:35,459 - mazeUtils.moveTile - [moveTile.py:79] - DEBUG - gyro:91.34000000000003 deg, derivative: -0.05999999999994543, turnSpeed: 2.6800000000000637
2026-06-20 12:08:35,485 - mazeUtils.moveTile - [moveTile.py:79] - DEBUG - gyro:91.17000000000002 deg, derivative: -0.17000000000001592, turnSpeed: 2.340000000000032
2026-06-20 12:08:35,510 - mazeUtils.moveTile - [moveTile.py:79] - DEBUG - gyro:91.09000000000003 deg, derivative: -0.07999999999998408, turnSpeed: 2.1800000000000637
2026-06-20 12:08:35,539 - mazeUtils.moveTile - [moveTile.py:79] - DEBUG - gyro:91.05000000000001 deg, derivative: -0.040000000000020464, turnSpeed: 2.1000000000000227
2026-06-20 12:08:35,567 - mazeUtils.moveTile - [moveTile.py:79] - DEBUG - gyro:91.0 deg, derivative: -0.05000000000001137, turnSpeed: 2.0
2026-06-20 12:08:35,594 - mazeUtils.moveTile - [moveTile.py:79] - DEBUG - gyro:90.96000000000004 deg, derivative: -0.03999999999996362, turnSpeed: 1.9200000000000728
2026-06-20 12:08:35,624 - mazeUtils.moveTile - [moveTile.py:79] - DEBUG - gyro:90.79000000000002 deg, derivative: -0.17000000000001592, turnSpeed: 1.580000000000041
2026-06-20 12:08:35,643 - mazeUtils.moveTile - [moveTile.py:79] - DEBUG - Turned to heading: 90.79000000000002 deg
2026-06-20 12:08:35,847 - picamera2.picamera2 - [picamera2.py:1391] - DEBUG - Execute job: <picamera2.job.Job object at 0x7f808ffad0>
2026-06-20 12:08:35,850 - mazeUtils.device.camera - [camera.py:39] - DEBUG - Average HSV: H=146.1, S=53.6, V=125.3
2026-06-20 12:08:35,878 - mazeUtils.moveTile - [moveTile.py:79] - DEBUG - roll: 2.609999999999957 deg, practicalMoveTime: 0.038885267718247296 sec
2026-06-20 12:08:35,878 - mazeUtils.moveTile - [moveTile.py:1398] - DEBUG - moveTile loop time: 38.2 ms
2026-06-20 12:08:35,887 - picamera2.picamera2 - [picamera2.py:1391] - DEBUG - Execute job: <picamera2.job.Job object at 0x7f7b96b110>
2026-06-20 12:08:35,891 - mazeUtils.device.camera - [camera.py:39] - DEBUG - Average HSV: H=145.0, S=54.8, V=126.2
2026-06-20 12:08:35,931 - mazeUtils.moveTile - [moveTile.py:79] - DEBUG - roll: 2.9399999999999977 deg, practicalMoveTime: 0.09184691192358532 sec
2026-06-20 12:08:35,932 - mazeUtils.moveTile - [moveTile.py:1398] - DEBUG - moveTile loop time: 53.3 ms
2026-06-20 12:08:35,938 - picamera2.picamera2 - [picamera2.py:1391] - DEBUG - Execute job: <picamera2.job.Job object at 0x7f7b9693d0>
2026-06-20 12:08:35,941 - mazeUtils.device.camera - [camera.py:39] - DEBUG - Average HSV: H=140.2, S=62.6, V=127.4
2026-06-20 12:08:35,971 - mazeUtils.moveTile - [moveTile.py:79] - DEBUG - roll: 2.069999999999993 deg, practicalMoveTime: 0.1310273557556096 sec
2026-06-20 12:08:35,971 - mazeUtils.moveTile - [moveTile.py:1398] - DEBUG - moveTile loop time: 39.3 ms
2026-06-20 12:08:35,976 - picamera2.picamera2 - [picamera2.py:1391] - DEBUG - Execute job: <picamera2.job.Job object at 0x7f808ffa90>
2026-06-20 12:08:35,980 - mazeUtils.device.camera - [camera.py:39] - DEBUG - Average HSV: H=134.4, S=91.5, V=112.4
2026-06-20 12:08:36,011 - mazeUtils.moveTile - [moveTile.py:79] - DEBUG - roll: 2.7399999999999523 deg, practicalMoveTime: 0.17045933326274773 sec
2026-06-20 12:08:36,011 - mazeUtils.moveTile - [moveTile.py:1398] - DEBUG - moveTile loop time: 39.7 ms
2026-06-20 12:08:36,017 - picamera2.picamera2 - [picamera2.py:1391] - DEBUG - Execute job: <picamera2.job.Job object at 0x7f808ffc50>
2026-06-20 12:08:36,020 - mazeUtils.device.camera - [camera.py:39] - DEBUG - Average HSV: H=124.2, S=90.6, V=146.9
2026-06-20 12:08:36,049 - mazeUtils.moveTile - [moveTile.py:79] - DEBUG - roll: 2.109999999999957 deg, practicalMoveTime: 0.20815682080730408 sec
2026-06-20 12:08:36,050 - mazeUtils.moveTile - [moveTile.py:1398] - DEBUG - moveTile loop time: 38.4 ms
2026-06-20 12:08:36,055 - picamera2.picamera2 - [picamera2.py:1391] - DEBUG - Execute job: <picamera2.job.Job object at 0x7f7b96b110>
2026-06-20 12:08:36,058 - mazeUtils.device.camera - [camera.py:39] - DEBUG - Average HSV: H=123.8, S=83.6, V=154.7
2026-06-20 12:08:36,089 - mazeUtils.moveTile - [moveTile.py:79] - DEBUG - roll: 2.089999999999975 deg, practicalMoveTime: 0.24744708229564255 sec
2026-06-20 12:08:36,090 - mazeUtils.moveTile - [moveTile.py:1398] - DEBUG - moveTile loop time: 39.6 ms
2026-06-20 12:08:36,096 - picamera2.picamera2 - [picamera2.py:1391] - DEBUG - Execute job: <picamera2.job.Job object at 0x7f7b9693d0>
2026-06-20 12:08:36,099 - mazeUtils.device.camera - [camera.py:39] - DEBUG - Average HSV: H=123.2, S=87.6, V=154.4
2026-06-20 12:08:36,133 - mazeUtils.moveTile - [moveTile.py:79] - DEBUG - roll: 2.609999999999957 deg, practicalMoveTime: 0.2905717983092165 sec
2026-06-20 12:08:36,134 - mazeUtils.moveTile - [moveTile.py:1398] - DEBUG - moveTile loop time: 43.6 ms
2026-06-20 12:08:36,139 - picamera2.picamera2 - [picamera2.py:1391] - DEBUG - Execute job: <picamera2.job.Job object at 0x7f94fe3a10>
2026-06-20 12:08:36,142 - mazeUtils.device.camera - [camera.py:39] - DEBUG - Average HSV: H=122.8, S=90.2, V=157.8
2026-06-20 12:08:36,186 - mazeUtils.moveTile - [moveTile.py:79] - DEBUG - roll: 1.8899999999999864 deg, practicalMoveTime: 0.34244275921022266 sec
2026-06-20 12:08:36,186 - mazeUtils.moveTile - [moveTile.py:1398] - DEBUG - moveTile loop time: 51.9 ms
2026-06-20 12:08:36,191 - picamera2.picamera2 - [picamera2.py:1391] - DEBUG - Execute job: <picamera2.job.Job object at 0x7f8d8d6a10>
2026-06-20 12:08:36,195 - mazeUtils.device.camera - [camera.py:39] - DEBUG - Average HSV: H=121.8, S=100.2, V=158.0
2026-06-20 12:08:36,225 - mazeUtils.moveTile - [moveTile.py:79] - DEBUG - roll: 3.9699999999999704 deg, practicalMoveTime: 0.3809422552135048 sec
2026-06-20 12:08:36,225 - mazeUtils.moveTile - [moveTile.py:1398] - DEBUG - moveTile loop time: 38.8 ms
2026-06-20 12:08:36,234 - picamera2.picamera2 - [picamera2.py:1391] - DEBUG - Execute job: <picamera2.job.Job object at 0x7f94a2a3d0>
2026-06-20 12:08:36,237 - mazeUtils.device.camera - [camera.py:39] - DEBUG - Average HSV: H=121.4, S=100.3, V=161.6
2026-06-20 12:08:36,278 - mazeUtils.moveTile - [moveTile.py:79] - DEBUG - roll: 8.069999999999993 deg, practicalMoveTime: 0.4331371851935806 sec
2026-06-20 12:08:36,279 - mazeUtils.moveTile - [moveTile.py:1398] - DEBUG - moveTile loop time: 53.2 ms
2026-06-20 12:08:36,284 - picamera2.picamera2 - [picamera2.py:1391] - DEBUG - Execute job: <picamera2.job.Job object at 0x7f94fe3a10>
2026-06-20 12:08:36,288 - mazeUtils.device.camera - [camera.py:39] - DEBUG - Average HSV: H=121.8, S=97.6, V=159.4
2026-06-20 12:08:36,315 - mazeUtils.moveTile - [moveTile.py:79] - DEBUG - roll: 10.95999999999998 deg, practicalMoveTime: 0.4582832401336279 sec
2026-06-20 12:08:36,316 - mazeUtils.moveTile - [moveTile.py:1398] - DEBUG - moveTile loop time: 36.8 ms
2026-06-20 12:08:36,323 - picamera2.picamera2 - [picamera2.py:1391] - DEBUG - Execute job: <picamera2.job.Job object at 0x7f94a2a3d0>
2026-06-20 12:08:36,326 - mazeUtils.device.camera - [camera.py:39] - DEBUG - Average HSV: H=121.8, S=97.6, V=159.3
2026-06-20 12:08:36,370 - mazeUtils.moveTile - [moveTile.py:79] - DEBUG - roll: 12.799999999999955 deg, practicalMoveTime: 0.4950328255206236 sec
2026-06-20 12:08:36,370 - mazeUtils.moveTile - [moveTile.py:1398] - DEBUG - moveTile loop time: 54.1 ms
2026-06-20 12:08:36,374 - picamera2.picamera2 - [picamera2.py:1391] - DEBUG - Execute job: <picamera2.job.Job object at 0x7f7b96b110>
2026-06-20 12:08:36,377 - mazeUtils.device.camera - [camera.py:39] - DEBUG - Average HSV: H=121.7, S=95.1, V=162.1
2026-06-20 12:08:36,407 - mazeUtils.moveTile - [moveTile.py:79] - DEBUG - roll: 16.799999999999955 deg, practicalMoveTime: 0.5194848141580368 sec
2026-06-20 12:08:36,407 - mazeUtils.moveTile - [moveTile.py:1398] - DEBUG - moveTile loop time: 36.9 ms
2026-06-20 12:08:36,415 - picamera2.picamera2 - [picamera2.py:1391] - DEBUG - Execute job: <picamera2.job.Job object at 0x7f7b9693d0>
2026-06-20 12:08:36,418 - mazeUtils.device.camera - [camera.py:39] - DEBUG - Average HSV: H=121.3, S=96.9, V=162.6
2026-06-20 12:08:36,444 - mazeUtils.moveTile - [moveTile.py:79] - DEBUG - roll: 19.370000000000005 deg, practicalMoveTime: 0.5437863307978051 sec
2026-06-20 12:08:36,445 - mazeUtils.moveTile - [moveTile.py:1398] - DEBUG - moveTile loop time: 37.1 ms
2026-06-20 12:08:36,449 - picamera2.picamera2 - [picamera2.py:1391] - DEBUG - Execute job: <picamera2.job.Job object at 0x7f7b9693d0>
2026-06-20 12:08:36,453 - mazeUtils.device.camera - [camera.py:39] - DEBUG - Average HSV: H=121.2, S=97.0, V=164.7
2026-06-20 12:08:36,492 - mazeUtils.moveTile - [moveTile.py:79] - DEBUG - roll: 20.41999999999996 deg, practicalMoveTime: 0.5750112796137093 sec
2026-06-20 12:08:36,493 - mazeUtils.moveTile - [moveTile.py:1398] - DEBUG - moveTile loop time: 47.9 ms
2026-06-20 12:08:36,497 - picamera2.picamera2 - [picamera2.py:1391] - DEBUG - Execute job: <picamera2.job.Job object at 0x7f7b96b090>
2026-06-20 12:08:36,500 - mazeUtils.device.camera - [camera.py:39] - DEBUG - Average HSV: H=121.3, S=97.6, V=161.7
2026-06-20 12:08:36,528 - mazeUtils.moveTile - [moveTile.py:79] - DEBUG - roll: 24.189999999999998 deg, practicalMoveTime: 0.5976226410289931 sec
2026-06-20 12:08:36,529 - mazeUtils.moveTile - [moveTile.py:1398] - DEBUG - moveTile loop time: 35.6 ms
2026-06-20 12:08:36,533 - picamera2.picamera2 - [picamera2.py:1391] - DEBUG - Execute job: <picamera2.job.Job object at 0x7f94a2a3d0>
2026-06-20 12:08:36,537 - mazeUtils.device.camera - [camera.py:39] - DEBUG - Average HSV: H=120.9, S=95.2, V=166.3
2026-06-20 12:08:36,564 - mazeUtils.moveTile - [moveTile.py:79] - DEBUG - roll: 25.00999999999999 deg, practicalMoveTime: 0.6199763704111207 sec
2026-06-20 12:08:36,564 - mazeUtils.moveTile - [moveTile.py:1398] - DEBUG - moveTile loop time: 35.6 ms
2026-06-20 12:08:36,574 - picamera2.picamera2 - [picamera2.py:1391] - DEBUG - Execute job: <picamera2.job.Job object at 0x7f7b96b090>
2026-06-20 12:08:36,577 - mazeUtils.device.camera - [camera.py:39] - DEBUG - Average HSV: H=121.0, S=93.6, V=167.4
2026-06-20 12:08:36,608 - mazeUtils.moveTile - [moveTile.py:79] - DEBUG - roll: 27.529999999999973 deg, practicalMoveTime: 0.6471868292123834 sec
2026-06-20 12:08:36,609 - mazeUtils.moveTile - [moveTile.py:1398] - DEBUG - moveTile loop time: 44.2 ms
2026-06-20 12:08:36,618 - picamera2.picamera2 - [picamera2.py:1391] - DEBUG - Execute job: <picamera2.job.Job object at 0x7f94fe3a10>
2026-06-20 12:08:36,621 - mazeUtils.device.camera - [camera.py:39] - DEBUG - Average HSV: H=121.0, S=94.0, V=166.1
2026-06-20 12:08:36,658 - mazeUtils.moveTile - [moveTile.py:79] - DEBUG - roll: 28.239999999999952 deg, practicalMoveTime: 0.6771639856602382 sec
2026-06-20 12:08:36,658 - mazeUtils.moveTile - [moveTile.py:1398] - DEBUG - moveTile loop time: 48.9 ms
2026-06-20 12:08:36,662 - picamera2.picamera2 - [picamera2.py:1391] - DEBUG - Execute job: <picamera2.job.Job object at 0x7f7b9693d0>
2026-06-20 12:08:36,665 - mazeUtils.device.camera - [camera.py:39] - DEBUG - Average HSV: H=120.9, S=94.6, V=164.6
2026-06-20 12:08:36,690 - mazeUtils.moveTile - [moveTile.py:79] - DEBUG - roll: 27.279999999999973 deg, practicalMoveTime: 0.6973817582217773 sec
2026-06-20 12:08:36,691 - mazeUtils.moveTile - [moveTile.py:1398] - DEBUG - moveTile loop time: 32.8 ms
2026-06-20 12:08:36,703 - picamera2.picamera2 - [picamera2.py:1391] - DEBUG - Execute job: <picamera2.job.Job object at 0x7f94fe3a10>
2026-06-20 12:08:36,707 - mazeUtils.device.camera - [camera.py:39] - DEBUG - Average HSV: H=120.9, S=94.2, V=165.7
2026-06-20 12:08:36,736 - mazeUtils.moveTile - [moveTile.py:79] - DEBUG - roll: 28.519999999999982 deg, practicalMoveTime: 0.7248029680664835 sec
2026-06-20 12:08:36,736 - mazeUtils.moveTile - [moveTile.py:1398] - DEBUG - moveTile loop time: 45.0 ms
2026-06-20 12:08:36,748 - picamera2.picamera2 - [picamera2.py:1391] - DEBUG - Execute job: <picamera2.job.Job object at 0x7f94a2a3d0>
2026-06-20 12:08:36,751 - mazeUtils.device.camera - [camera.py:39] - DEBUG - Average HSV: H=120.8, S=95.0, V=164.1
2026-06-20 12:08:36,787 - mazeUtils.moveTile - [moveTile.py:79] - DEBUG - roll: 27.939999999999998 deg, practicalMoveTime: 0.7563602341153766 sec
2026-06-20 12:08:36,788 - mazeUtils.moveTile - [moveTile.py:1398] - DEBUG - moveTile loop time: 51.3 ms
2026-06-20 12:08:36,793 - picamera2.picamera2 - [picamera2.py:1391] - DEBUG - Execute job: <picamera2.job.Job object at 0x7f7b96b110>
2026-06-20 12:08:36,796 - mazeUtils.device.camera - [camera.py:39] - DEBUG - Average HSV: H=120.5, S=96.7, V=164.3
2026-06-20 12:08:36,822 - mazeUtils.moveTile - [moveTile.py:79] - DEBUG - roll: 26.370000000000005 deg, practicalMoveTime: 0.7778415620997411 sec
2026-06-20 12:08:36,823 - mazeUtils.moveTile - [moveTile.py:1398] - DEBUG - moveTile loop time: 34.6 ms
2026-06-20 12:08:36,827 - picamera2.picamera2 - [picamera2.py:1391] - DEBUG - Execute job: <picamera2.job.Job object at 0x7f808ffad0>
2026-06-20 12:08:36,830 - mazeUtils.device.camera - [camera.py:39] - DEBUG - Average HSV: H=120.4, S=96.3, V=164.3
2026-06-20 12:08:36,862 - mazeUtils.moveTile - [moveTile.py:79] - DEBUG - roll: 26.529999999999973 deg, practicalMoveTime: 0.8024004016938793 sec
2026-06-20 12:08:36,862 - mazeUtils.moveTile - [moveTile.py:1398] - DEBUG - moveTile loop time: 39.3 ms
2026-06-20 12:08:36,871 - picamera2.picamera2 - [picamera2.py:1391] - DEBUG - Execute job: <picamera2.job.Job object at 0x7f808ffcd0>
2026-06-20 12:08:36,874 - mazeUtils.device.camera - [camera.py:39] - DEBUG - Average HSV: H=120.9, S=95.8, V=160.6
2026-06-20 12:08:36,909 - picamera2.picamera2 - [picamera2.py:1391] - DEBUG - Execute job: <picamera2.job.Job object at 0x7f7b96b110>
2026-06-20 12:08:36,912 - mazeUtils.device.camera - [camera.py:39] - DEBUG - Average HSV: H=120.6, S=97.6, V=160.2
2026-06-20 12:08:36,942 - mazeUtils.moveTile - [moveTile.py:79] - DEBUG - roll: 26.859999999999957 deg, practicalMoveTime: 0.8520838454113173 sec
2026-06-20 12:08:36,942 - mazeUtils.moveTile - [moveTile.py:1398] - DEBUG - moveTile loop time: 37.7 ms
2026-06-20 12:08:36,949 - picamera2.picamera2 - [picamera2.py:1391] - DEBUG - Execute job: <picamera2.job.Job object at 0x7f808fc8d0>
2026-06-20 12:08:36,952 - mazeUtils.device.camera - [camera.py:39] - DEBUG - Average HSV: H=121.4, S=96.8, V=157.9
2026-06-20 12:08:36,982 - mazeUtils.moveTile - [moveTile.py:79] - DEBUG - roll: 26.94999999999999 deg, practicalMoveTime: 0.8768627800554692 sec
2026-06-20 12:08:36,983 - mazeUtils.moveTile - [moveTile.py:1398] - DEBUG - moveTile loop time: 39.9 ms
2026-06-20 12:08:36,991 - picamera2.picamera2 - [picamera2.py:1391] - DEBUG - Execute job: <picamera2.job.Job object at 0x7f7b96b090>
2026-06-20 12:08:36,994 - mazeUtils.device.camera - [camera.py:39] - DEBUG - Average HSV: H=124.2, S=92.7, V=139.9
2026-06-20 12:08:37,024 - mazeUtils.moveTile - [moveTile.py:79] - DEBUG - roll: 28.529999999999973 deg, practicalMoveTime: 0.9023850655125051 sec
2026-06-20 12:08:37,025 - mazeUtils.moveTile - [moveTile.py:1398] - DEBUG - moveTile loop time: 41.7 ms
2026-06-20 12:08:37,034 - picamera2.picamera2 - [picamera2.py:1391] - DEBUG - Execute job: <picamera2.job.Job object at 0x7f94fe3a10>
2026-06-20 12:08:37,038 - mazeUtils.device.camera - [camera.py:39] - DEBUG - Average HSV: H=124.3, S=84.6, V=132.7
2026-06-20 12:08:37,065 - mazeUtils.moveTile - [moveTile.py:79] - DEBUG - roll: 26.96999999999997 deg, practicalMoveTime: 0.927581137005284 sec
2026-06-20 12:08:37,066 - mazeUtils.moveTile - [moveTile.py:1398] - DEBUG - moveTile loop time: 40.6 ms
2026-06-20 12:08:37,069 - picamera2.picamera2 - [picamera2.py:1391] - DEBUG - Execute job: <picamera2.job.Job object at 0x7f808fc8d0>
2026-06-20 12:08:37,073 - mazeUtils.device.camera - [camera.py:39] - DEBUG - Average HSV: H=124.6, S=81.2, V=132.6
2026-06-20 12:08:37,105 - mazeUtils.moveTile - [moveTile.py:79] - DEBUG - roll: 27.269999999999982 deg, practicalMoveTime: 0.9519187600671422 sec
2026-06-20 12:08:37,105 - mazeUtils.moveTile - [moveTile.py:1398] - DEBUG - moveTile loop time: 39.3 ms
2026-06-20 12:08:37,113 - picamera2.picamera2 - [picamera2.py:1391] - DEBUG - Execute job: <picamera2.job.Job object at 0x7f808ff410>
2026-06-20 12:08:37,117 - mazeUtils.device.camera - [camera.py:39] - DEBUG - Average HSV: H=125.1, S=78.1, V=130.2
2026-06-20 12:08:37,146 - mazeUtils.moveTile - [moveTile.py:79] - DEBUG - roll: 27.599999999999966 deg, practicalMoveTime: 0.9774081971069468 sec
2026-06-20 12:08:37,147 - mazeUtils.moveTile - [moveTile.py:1398] - DEBUG - moveTile loop time: 41.3 ms
2026-06-20 12:08:37,156 - picamera2.picamera2 - [picamera2.py:1391] - DEBUG - Execute job: <picamera2.job.Job object at 0x7f94a2a3d0>
2026-06-20 12:08:37,159 - mazeUtils.device.camera - [camera.py:39] - DEBUG - Average HSV: H=124.7, S=79.7, V=130.8
2026-06-20 12:08:37,184 - mazeUtils.moveTile - [moveTile.py:79] - DEBUG - roll: 26.939999999999998 deg, practicalMoveTime: 1.0008056574105642 sec
2026-06-20 12:08:37,185 - mazeUtils.moveTile - [moveTile.py:1398] - DEBUG - moveTile loop time: 37.7 ms
2026-06-20 12:08:37,192 - picamera2.picamera2 - [picamera2.py:1391] - DEBUG - Execute job: <picamera2.job.Job object at 0x7f7b96b090>
2026-06-20 12:08:37,195 - mazeUtils.device.camera - [camera.py:39] - DEBUG - Average HSV: H=124.9, S=79.0, V=132.0
2026-06-20 12:08:37,232 - mazeUtils.moveTile - [moveTile.py:79] - DEBUG - roll: 27.46999999999997 deg, practicalMoveTime: 1.0300933594507662 sec
2026-06-20 12:08:37,232 - mazeUtils.moveTile - [moveTile.py:1398] - DEBUG - moveTile loop time: 47.4 ms
2026-06-20 12:08:37,239 - picamera2.picamera2 - [picamera2.py:1391] - DEBUG - Execute job: <picamera2.job.Job object at 0x7f808ff390>
2026-06-20 12:08:37,241 - mazeUtils.device.camera - [camera.py:39] - DEBUG - Average HSV: H=124.3, S=83.6, V=129.5
2026-06-20 12:08:37,269 - mazeUtils.moveTile - [moveTile.py:79] - DEBUG - roll: 27.569999999999993 deg, practicalMoveTime: 1.0526994343509153 sec
2026-06-20 12:08:37,269 - mazeUtils.moveTile - [moveTile.py:1398] - DEBUG - moveTile loop time: 36.9 ms
2026-06-20 12:08:37,275 - picamera2.picamera2 - [picamera2.py:1391] - DEBUG - Execute job: <picamera2.job.Job object at 0x7f7b96b110>
2026-06-20 12:08:37,278 - mazeUtils.device.camera - [camera.py:39] - DEBUG - Average HSV: H=123.7, S=87.1, V=131.2
2026-06-20 12:08:37,306 - mazeUtils.moveTile - [moveTile.py:79] - DEBUG - roll: 25.95999999999998 deg, practicalMoveTime: 1.0757913143039561 sec
2026-06-20 12:08:37,307 - mazeUtils.moveTile - [moveTile.py:1398] - DEBUG - moveTile loop time: 37.0 ms
2026-06-20 12:08:37,315 - picamera2.picamera2 - [picamera2.py:1391] - DEBUG - Execute job: <picamera2.job.Job object at 0x7f8d8d6a10>
2026-06-20 12:08:37,318 - mazeUtils.device.camera - [camera.py:39] - DEBUG - Average HSV: H=122.9, S=93.4, V=133.7
2026-06-20 12:08:37,353 - mazeUtils.moveTile - [moveTile.py:79] - DEBUG - roll: 26.810000000000002 deg, practicalMoveTime: 1.1046891277012179 sec
2026-06-20 12:08:37,353 - mazeUtils.moveTile - [moveTile.py:1398] - DEBUG - moveTile loop time: 46.5 ms
2026-06-20 12:08:37,359 - picamera2.picamera2 - [picamera2.py:1391] - DEBUG - Execute job: <picamera2.job.Job object at 0x7f7b96b090>
2026-06-20 12:08:37,362 - mazeUtils.device.camera - [camera.py:39] - DEBUG - Average HSV: H=122.3, S=101.2, V=133.1
2026-06-20 12:08:37,386 - mazeUtils.moveTile - [moveTile.py:79] - DEBUG - roll: 26.689999999999998 deg, practicalMoveTime: 1.1252850184901997 sec
2026-06-20 12:08:37,387 - mazeUtils.moveTile - [moveTile.py:1398] - DEBUG - moveTile loop time: 32.9 ms
2026-06-20 12:08:37,400 - picamera2.picamera2 - [picamera2.py:1391] - DEBUG - Execute job: <picamera2.job.Job object at 0x7f8d8d6a10>
2026-06-20 12:08:37,403 - mazeUtils.device.camera - [camera.py:39] - DEBUG - Average HSV: H=122.2, S=99.8, V=133.4
2026-06-20 12:08:37,434 - mazeUtils.moveTile - [moveTile.py:79] - DEBUG - roll: 23.97999999999996 deg, practicalMoveTime: 1.1554334274538487 sec
2026-06-20 12:08:37,434 - mazeUtils.moveTile - [moveTile.py:1398] - DEBUG - moveTile loop time: 47.4 ms
2026-06-20 12:08:37,444 - picamera2.picamera2 - [picamera2.py:1391] - DEBUG - Execute job: <picamera2.job.Job object at 0x7f7b96b110>
2026-06-20 12:08:37,447 - mazeUtils.device.camera - [camera.py:39] - DEBUG - Average HSV: H=122.1, S=92.3, V=137.4
2026-06-20 12:08:37,475 - mazeUtils.moveTile - [moveTile.py:79] - DEBUG - roll: 21.589999999999975 deg, practicalMoveTime: 1.1815918484874413 sec
2026-06-20 12:08:37,475 - mazeUtils.moveTile - [moveTile.py:1398] - DEBUG - moveTile loop time: 40.5 ms
2026-06-20 12:08:37,481 - picamera2.picamera2 - [picamera2.py:1391] - DEBUG - Execute job: <picamera2.job.Job object at 0x7f8d8d6a10>
2026-06-20 12:08:37,484 - mazeUtils.device.camera - [camera.py:39] - DEBUG - Average HSV: H=121.3, S=93.6, V=145.2
2026-06-20 12:08:37,515 - mazeUtils.moveTile - [moveTile.py:79] - DEBUG - roll: 17.379999999999995 deg, practicalMoveTime: 1.207932172718529 sec
2026-06-20 12:08:37,515 - mazeUtils.moveTile - [moveTile.py:1398] - DEBUG - moveTile loop time: 39.7 ms
2026-06-20 12:08:37,522 - picamera2.picamera2 - [picamera2.py:1391] - DEBUG - Execute job: <picamera2.job.Job object at 0x7f7b96b110>
2026-06-20 12:08:37,525 - mazeUtils.device.camera - [camera.py:39] - DEBUG - Average HSV: H=120.8, S=97.1, V=145.0
2026-06-20 12:08:37,557 - mazeUtils.moveTile - [moveTile.py:79] - DEBUG - roll: 15.409999999999968 deg, practicalMoveTime: 1.2364076668323056 sec
2026-06-20 12:08:37,558 - mazeUtils.moveTile - [moveTile.py:1398] - DEBUG - moveTile loop time: 42.5 ms
2026-06-20 12:08:37,566 - picamera2.picamera2 - [picamera2.py:1391] - DEBUG - Execute job: <picamera2.job.Job object at 0x7f7b96b110>
2026-06-20 12:08:37,569 - mazeUtils.device.camera - [camera.py:39] - DEBUG - Average HSV: H=120.2, S=100.8, V=145.3
2026-06-20 12:08:37,598 - mazeUtils.moveTile - [moveTile.py:79] - DEBUG - roll: 11.159999999999968 deg, practicalMoveTime: 1.2637728921385425 sec
2026-06-20 12:08:37,598 - mazeUtils.moveTile - [moveTile.py:1398] - DEBUG - moveTile loop time: 40.1 ms
2026-06-20 12:08:37,603 - picamera2.picamera2 - [picamera2.py:1391] - DEBUG - Execute job: <picamera2.job.Job object at 0x7f808ffc50>
2026-06-20 12:08:37,606 - mazeUtils.device.camera - [camera.py:39] - DEBUG - Average HSV: H=120.1, S=103.9, V=142.4
2026-06-20 12:08:37,642 - mazeUtils.moveTile - [moveTile.py:79] - DEBUG - roll: 10.399999999999977 deg, practicalMoveTime: 1.2938445709956212 sec
2026-06-20 12:08:37,642 - mazeUtils.moveTile - [moveTile.py:1398] - DEBUG - moveTile loop time: 43.9 ms
2026-06-20 12:08:37,647 - picamera2.picamera2 - [picamera2.py:1391] - DEBUG - Execute job: <picamera2.job.Job object at 0x7f7b96b110>
2026-06-20 12:08:37,650 - mazeUtils.device.camera - [camera.py:39] - DEBUG - Average HSV: H=119.6, S=108.8, V=144.3
2026-06-20 12:08:37,678 - mazeUtils.moveTile - [moveTile.py:79] - DEBUG - roll: 5.829999999999984 deg, practicalMoveTime: 1.329184246411401 sec
2026-06-20 12:08:37,678 - mazeUtils.moveTile - [moveTile.py:1398] - DEBUG - moveTile loop time: 35.7 ms
2026-06-20 12:08:37,684 - picamera2.picamera2 - [picamera2.py:1391] - DEBUG - Execute job: <picamera2.job.Job object at 0x7f94a2a3d0>
2026-06-20 12:08:37,687 - mazeUtils.device.camera - [camera.py:39] - DEBUG - Average HSV: H=119.0, S=114.3, V=150.0
2026-06-20 12:08:37,727 - mazeUtils.moveTile - [moveTile.py:79] - DEBUG - roll: 4.659999999999968 deg, practicalMoveTime: 1.3776290157725373 sec
2026-06-20 12:08:37,727 - mazeUtils.moveTile - [moveTile.py:1398] - DEBUG - moveTile loop time: 48.9 ms
2026-06-20 12:08:37,732 - picamera2.picamera2 - [picamera2.py:1391] - DEBUG - Execute job: <picamera2.job.Job object at 0x7f8d8d6a10>
2026-06-20 12:08:37,735 - mazeUtils.device.camera - [camera.py:39] - DEBUG - Average HSV: H=118.2, S=123.2, V=153.5
2026-06-20 12:08:37,762 - mazeUtils.moveTile - [moveTile.py:79] - DEBUG - roll: 2.7199999999999704 deg, practicalMoveTime: 1.411896891224294 sec
2026-06-20 12:08:37,762 - mazeUtils.moveTile - [moveTile.py:1398] - DEBUG - moveTile loop time: 34.4 ms
2026-06-20 12:08:37,774 - picamera2.picamera2 - [picamera2.py:1391] - DEBUG - Execute job: <picamera2.job.Job object at 0x7f7b96b090>
2026-06-20 12:08:37,777 - mazeUtils.device.camera - [camera.py:39] - DEBUG - Average HSV: H=117.5, S=132.1, V=160.4
2026-06-20 12:08:37,817 - mazeUtils.moveTile - [moveTile.py:79] - DEBUG - roll: 2.7199999999999704 deg, practicalMoveTime: 1.4663213038183922 sec
2026-06-20 12:08:37,817 - mazeUtils.moveTile - [moveTile.py:1398] - DEBUG - moveTile loop time: 54.8 ms
2026-06-20 12:08:37,823 - picamera2.picamera2 - [picamera2.py:1391] - DEBUG - Execute job: <picamera2.job.Job object at 0x7f808ff410>
2026-06-20 12:08:37,825 - mazeUtils.device.camera - [camera.py:39] - DEBUG - Average HSV: H=116.9, S=139.6, V=164.8
2026-06-20 12:08:37,854 - mazeUtils.moveTile - [moveTile.py:79] - DEBUG - roll: 3.2999999999999545 deg, practicalMoveTime: 1.5033729530411015 sec
2026-06-20 12:08:37,855 - mazeUtils.moveTile - [moveTile.py:1398] - DEBUG - moveTile loop time: 37.3 ms
2026-06-20 12:08:37,859 - picamera2.picamera2 - [picamera2.py:1391] - DEBUG - Execute job: <picamera2.job.Job object at 0x7f7b96b110>
2026-06-20 12:08:37,862 - mazeUtils.device.camera - [camera.py:39] - DEBUG - Average HSV: H=116.8, S=140.7, V=166.9
2026-06-20 12:08:37,892 - mazeUtils.moveTile - [moveTile.py:79] - DEBUG - roll: 2.7199999999999704 deg, practicalMoveTime: 1.54062127536467 sec
2026-06-20 12:08:37,893 - mazeUtils.moveTile - [moveTile.py:1398] - DEBUG - moveTile loop time: 37.3 ms
2026-06-20 12:08:37,897 - picamera2.picamera2 - [picamera2.py:1391] - DEBUG - Execute job: <picamera2.job.Job object at 0x7f94a2a3d0>
2026-06-20 12:08:37,899 - mazeUtils.device.camera - [camera.py:39] - DEBUG - Average HSV: H=119.5, S=134.8, V=126.5
2026-06-20 12:08:37,932 - mazeUtils.moveTile - [moveTile.py:79] - DEBUG - roll: 3.1299999999999955 deg, practicalMoveTime: 1.5800366372709052 sec
2026-06-20 12:08:37,933 - mazeUtils.moveTile - [moveTile.py:1398] - DEBUG - moveTile loop time: 39.7 ms
2026-06-20 12:08:37,941 - picamera2.picamera2 - [picamera2.py:1391] - DEBUG - Execute job: <picamera2.job.Job object at 0x7f7b9693d0>
2026-06-20 12:08:37,944 - mazeUtils.device.camera - [camera.py:39] - DEBUG - Average HSV: H=119.5, S=145.1, V=120.2
2026-06-20 12:08:38,021 - mazeUtils.moveTile - [moveTile.py:79] - DEBUG - Little forward to adjust position
2026-06-20 12:08:38,136 - mazeUtils.moveTile - [moveTile.py:1517] - INFO - Set slope for tile at absDirection.WEST, horizontal: 30 cm, vertical: 15 cm based on roll 27.269999999999982 deg
2026-06-20 12:08:38,237 - mazeUtils.moveTile - [moveTile.py:528] - DEBUG - Direction: absDirection.NORTH, Angle: 270, Distance: 15.090656475968606 cm
2026-06-20 12:08:38,238 - mazeUtils.moveTile - [moveTile.py:528] - DEBUG - Direction: absDirection.EAST, Angle: 180, Distance: 188.18887957686957 cm
2026-06-20 12:08:38,239 - mazeUtils.moveTile - [moveTile.py:528] - DEBUG - Direction: absDirection.SOUTH, Angle: 90, Distance: 138.7659554993431 cm
2026-06-20 12:08:38,240 - mazeUtils.moveTile - [moveTile.py:528] - DEBUG - Direction: absDirection.WEST, Angle: 0, Distance: 11.022726476943586 cm
2026-06-20 12:08:38,240 - mazeUtils.moveTile - [moveTile.py:551] - DEBUG - Front LiDAR distance: 11.022726476943586 cm, TSD10 distance: 1.4 cm
2026-06-20 12:08:38,242 - mazeUtils.moveTile - [moveTile.py:1724] - INFO - Tile color detection counts: {}, decided tile type: E
2026-06-20 12:08:38,319 - __main__ - [main.py:87] - INFO - Current position: (19, 15, 1), front direction: absDirection.WEST
Layer 0 (altitude=0.0cm, offset=(0.0cm, 0.0cm)):
Known map area: x=18..20, y=15..20
+   +---+   +
  U   E   B  
+---+   +---+
| E   E   E |
+---+   +   +
  U   U | E |
+   +   +   +
  U   U | E |
+   +   +   +
  U   U   E |
+   +   +   +
  U   U | S |
+   +   +---+
Layer 1 (altitude=15.0cm, offset=(-60.0cm, 0.0cm)):
Known map area: x=19..19, y=15..15
+---+
| @  
+   +
mazeAsGraph[0][15][19] = {absDirection.NORTH: None, absDirection.EAST: None, absDirection.SOUTH: (19, 16, 0, 30), absDirection.WEST: (19, 15, 1, 60)}
mazeAsGraph[0][15][20] = {absDirection.NORTH: None, absDirection.EAST: None, absDirection.SOUTH: None, absDirection.WEST: None}
mazeAsGraph[0][16][18] = {absDirection.NORTH: None, absDirection.EAST: (19, 16, 0, 30), absDirection.SOUTH: None, absDirection.WEST: None}
mazeAsGraph[0][16][19] = {absDirection.NORTH: (19, 15, 0, 30), absDirection.EAST: (20, 16, 0, 30), absDirection.SOUTH: (19, 17, 0, 30), absDirection.WEST: (18, 16, 0, 30)}
mazeAsGraph[0][16][20] = {absDirection.NORTH: None, absDirection.EAST: None, absDirection.SOUTH: (20, 17, 0, 30), absDirection.WEST: (19, 16, 0, 30)}
mazeAsGraph[0][17][20] = {absDirection.NORTH: (20, 16, 0, 30), absDirection.EAST: None, absDirection.SOUTH: (20, 18, 0, 30), absDirection.WEST: None}
mazeAsGraph[0][18][20] = {absDirection.NORTH: (20, 17, 0, 30), absDirection.EAST: None, absDirection.SOUTH: (20, 19, 0, 30), absDirection.WEST: None}
mazeAsGraph[0][19][20] = {absDirection.NORTH: (20, 18, 0, 30), absDirection.EAST: None, absDirection.SOUTH: (20, 20, 0, 30), absDirection.WEST: (19, 19, 0, 30)}
mazeAsGraph[0][20][20] = {absDirection.NORTH: (20, 19, 0, 30), absDirection.EAST: None, absDirection.SOUTH: None, absDirection.WEST: None}
mazeAsGraph[1][15][19] = {absDirection.NORTH: None, absDirection.EAST: (19, 15, 0, 60), absDirection.SOUTH: (19, 16, 1, 30), absDirection.WEST: None}
2026-06-20 12:08:38,324 - mazeUtils.mazeMap - [mazeMap.py:61] - INFO - next goal: (19, 16, 1)
2026-06-20 12:08:38,331 - mazeUtils.moveTile - [moveTile.py:79] - DEBUG - Moving to absDirection.SOUTH from (19, 15, 1) facing absDirection.WEST
2026-06-20 12:08:38,354 - mazeUtils.moveTile - [moveTile.py:79] - DEBUG - current heading: 88.92000000000002 target: 135
2026-06-20 12:08:38,855 - mazeUtils.moveTile - [moveTile.py:403] - DEBUG - stopped turning at heading: 130.13, diff: 4.8700000000000045
2026-06-20 12:08:38,907 - mazeUtils.moveTile - [moveTile.py:79] - DEBUG - Turned to heading: 134.21 deg
2026-06-20 12:08:39,437 - mazeUtils.moveTile - [moveTile.py:79] - DEBUG - current heading: 139.14000000000001 target: 180
2026-06-20 12:08:39,812 - mazeUtils.moveTile - [moveTile.py:403] - DEBUG - stopped turning at heading: 175.29000000000002, diff: 4.7099999999999795
2026-06-20 12:08:39,870 - mazeUtils.moveTile - [moveTile.py:79] - DEBUG - Turned to heading: 179.98000000000002 deg
2026-06-20 12:08:39,929 - mazeUtils.moveTile - [moveTile.py:79] - DEBUG - Little backward to adjust position
2026-06-20 12:08:40,243 - picamera2.picamera2 - [picamera2.py:1391] - DEBUG - Execute job: <picamera2.job.Job object at 0x7f8acd8c10>
2026-06-20 12:08:40,249 - mazeUtils.device.camera - [camera.py:39] - DEBUG - Average HSV: H=124.6, S=77.0, V=151.9
2026-06-20 12:08:40,283 - mazeUtils.moveTile - [moveTile.py:79] - DEBUG - roll: 1.849999999999966 deg, practicalMoveTime: 0.044143543946538896 sec
2026-06-20 12:08:40,284 - mazeUtils.moveTile - [moveTile.py:1398] - DEBUG - moveTile loop time: 44.7 ms
2026-06-20 12:08:40,289 - picamera2.picamera2 - [picamera2.py:1391] - DEBUG - Execute job: <picamera2.job.Job object at 0x7f94cd3b50>
2026-06-20 12:08:40,294 - mazeUtils.device.camera - [camera.py:39] - DEBUG - Average HSV: H=124.6, S=77.0, V=151.7
2026-06-20 12:08:40,332 - mazeUtils.moveTile - [moveTile.py:79] - DEBUG - roll: 2.2399999999999523 deg, practicalMoveTime: 0.09163239615533522 sec
2026-06-20 12:08:40,332 - mazeUtils.moveTile - [moveTile.py:1398] - DEBUG - moveTile loop time: 47.7 ms
2026-06-20 12:08:40,339 - picamera2.picamera2 - [picamera2.py:1391] - DEBUG - Execute job: <picamera2.job.Job object at 0x7f69756490>
2026-06-20 12:08:40,344 - mazeUtils.device.camera - [camera.py:39] - DEBUG - Average HSV: H=127.2, S=74.6, V=146.3
2026-06-20 12:08:40,376 - mazeUtils.moveTile - [moveTile.py:79] - DEBUG - roll: 1.2999999999999545 deg, practicalMoveTime: 0.13476527895077067 sec
2026-06-20 12:08:40,376 - mazeUtils.moveTile - [moveTile.py:1398] - DEBUG - moveTile loop time: 43.4 ms
2026-06-20 12:08:40,380 - picamera2.picamera2 - [picamera2.py:1391] - DEBUG - Execute job: <picamera2.job.Job object at 0x7f8d890650>
2026-06-20 12:08:40,385 - mazeUtils.device.camera - [camera.py:39] - DEBUG - Average HSV: H=149.2, S=32.3, V=164.1
2026-06-20 12:08:40,414 - mazeUtils.moveTile - [moveTile.py:79] - DEBUG - roll: 2.4699999999999704 deg, practicalMoveTime: 0.17248164121926582 sec
2026-06-20 12:08:40,415 - mazeUtils.moveTile - [moveTile.py:1398] - DEBUG - moveTile loop time: 38.6 ms
2026-06-20 12:08:40,424 - picamera2.picamera2 - [picamera2.py:1391] - DEBUG - Execute job: <picamera2.job.Job object at 0x7f69756590>
2026-06-20 12:08:40,428 - mazeUtils.device.camera - [camera.py:39] - DEBUG - Average HSV: H=150.9, S=27.7, V=170.2
2026-06-20 12:08:40,460 - mazeUtils.moveTile - [moveTile.py:79] - DEBUG - roll: 0.5999999999999659 deg, practicalMoveTime: 0.217165985294988 sec
2026-06-20 12:08:40,460 - mazeUtils.moveTile - [moveTile.py:1398] - DEBUG - moveTile loop time: 44.9 ms
2026-06-20 12:08:40,466 - picamera2.picamera2 - [picamera2.py:1391] - DEBUG - Execute job: <picamera2.job.Job object at 0x7f8acd8950>
2026-06-20 12:08:40,470 - mazeUtils.device.camera - [camera.py:39] - DEBUG - Average HSV: H=151.5, S=26.8, V=172.1
2026-06-20 12:08:40,499 - mazeUtils.moveTile - [moveTile.py:79] - DEBUG - roll: 2.5 deg, practicalMoveTime: 0.25606173018888007 sec
2026-06-20 12:08:40,500 - mazeUtils.moveTile - [moveTile.py:1398] - DEBUG - moveTile loop time: 39.2 ms
2026-06-20 12:08:40,511 - picamera2.picamera2 - [picamera2.py:1391] - DEBUG - Execute job: <picamera2.job.Job object at 0x7f8d8b4890>
2026-06-20 12:08:40,515 - mazeUtils.device.camera - [camera.py:39] - DEBUG - Average HSV: H=158.3, S=24.8, V=181.7
2026-06-20 12:08:40,543 - mazeUtils.moveTile - [moveTile.py:79] - DEBUG - roll: 1.509999999999991 deg, practicalMoveTime: 0.29898981863927837 sec
2026-06-20 12:08:40,544 - mazeUtils.moveTile - [moveTile.py:1398] - DEBUG - moveTile loop time: 43.2 ms
2026-06-20 12:08:40,548 - picamera2.picamera2 - [picamera2.py:1391] - DEBUG - Execute job: <picamera2.job.Job object at 0x7f69756390>
2026-06-20 12:08:40,553 - mazeUtils.device.camera - [camera.py:39] - DEBUG - Average HSV: H=158.5, S=23.9, V=186.2
2026-06-20 12:08:40,586 - mazeUtils.moveTile - [moveTile.py:79] - DEBUG - roll: 2.3999999999999773 deg, practicalMoveTime: 0.3413093940984899 sec
2026-06-20 12:08:40,587 - mazeUtils.moveTile - [moveTile.py:1398] - DEBUG - moveTile loop time: 42.9 ms
2026-06-20 12:08:40,594 - picamera2.picamera2 - [picamera2.py:1391] - DEBUG - Execute job: <picamera2.job.Job object at 0x7f8093bbd0>
2026-06-20 12:08:40,599 - mazeUtils.device.camera - [camera.py:39] - DEBUG - Average HSV: H=164.1, S=22.2, V=197.0
2026-06-20 12:08:40,633 - mazeUtils.moveTile - [moveTile.py:79] - DEBUG - roll: 3.1999999999999886 deg, practicalMoveTime: 0.3868946475800108 sec
2026-06-20 12:08:40,633 - mazeUtils.moveTile - [moveTile.py:1398] - DEBUG - moveTile loop time: 45.9 ms
2026-06-20 12:08:40,638 - picamera2.picamera2 - [picamera2.py:1391] - DEBUG - Execute job: <picamera2.job.Job object at 0x7f94cd3b50>
2026-06-20 12:08:40,643 - mazeUtils.device.camera - [camera.py:39] - DEBUG - Average HSV: H=166.0, S=23.2, V=200.1
2026-06-20 12:08:40,674 - mazeUtils.moveTile - [moveTile.py:79] - DEBUG - roll: 1.5600000000000023 deg, practicalMoveTime: 0.42728256208346826 sec
2026-06-20 12:08:40,675 - mazeUtils.moveTile - [moveTile.py:1398] - DEBUG - moveTile loop time: 40.5 ms
2026-06-20 12:08:40,679 - picamera2.picamera2 - [picamera2.py:1391] - DEBUG - Execute job: <picamera2.job.Job object at 0x7f8d8d6a10>
2026-06-20 12:08:40,684 - mazeUtils.device.camera - [camera.py:39] - DEBUG - Average HSV: H=157.4, S=24.0, V=189.1
2026-06-20 12:08:40,712 - mazeUtils.moveTile - [moveTile.py:79] - DEBUG - roll: 357.09 deg, practicalMoveTime: 0.46492436183476776 sec
2026-06-20 12:08:40,713 - mazeUtils.moveTile - [moveTile.py:1398] - DEBUG - moveTile loop time: 37.8 ms
2026-06-20 12:08:40,719 - picamera2.picamera2 - [picamera2.py:1391] - DEBUG - Execute job: <picamera2.job.Job object at 0x7f8093ba10>
2026-06-20 12:08:40,724 - mazeUtils.device.camera - [camera.py:39] - DEBUG - Average HSV: H=149.7, S=25.8, V=183.2
2026-06-20 12:08:40,764 - mazeUtils.moveTile - [moveTile.py:79] - DEBUG - roll: 355.9 deg, practicalMoveTime: 0.515406094193652 sec
2026-06-20 12:08:40,764 - mazeUtils.moveTile - [moveTile.py:1398] - DEBUG - moveTile loop time: 51.0 ms
2026-06-20 12:08:40,770 - picamera2.picamera2 - [picamera2.py:1391] - DEBUG - Execute job: <picamera2.job.Job object at 0x7f94cd1650>
2026-06-20 12:08:40,774 - mazeUtils.device.camera - [camera.py:39] - DEBUG - Average HSV: H=131.9, S=47.5, V=176.8
2026-06-20 12:08:40,804 - mazeUtils.moveTile - [moveTile.py:79] - DEBUG - roll: 347.44 deg, practicalMoveTime: 0.5584406277841518 sec
2026-06-20 12:08:40,805 - mazeUtils.moveTile - [moveTile.py:1398] - DEBUG - moveTile loop time: 40.4 ms
2026-06-20 12:08:40,810 - picamera2.picamera2 - [picamera2.py:1391] - DEBUG - Execute job: <picamera2.job.Job object at 0x7f8093b1d0>
2026-06-20 12:08:40,815 - mazeUtils.device.camera - [camera.py:39] - DEBUG - Average HSV: H=130.7, S=48.5, V=179.5
2026-06-20 12:08:40,853 - mazeUtils.moveTile - [moveTile.py:79] - DEBUG - roll: 345.32 deg, practicalMoveTime: 0.6091310121570263 sec
2026-06-20 12:08:40,854 - mazeUtils.moveTile - [moveTile.py:1398] - DEBUG - moveTile loop time: 48.4 ms
2026-06-20 12:08:40,862 - picamera2.picamera2 - [picamera2.py:1391] - DEBUG - Execute job: <picamera2.job.Job object at 0x7f8d890f90>
2026-06-20 12:08:40,867 - mazeUtils.device.camera - [camera.py:39] - DEBUG - Average HSV: H=127.4, S=59.9, V=181.7
2026-06-20 12:08:40,895 - mazeUtils.moveTile - [moveTile.py:79] - DEBUG - roll: 336.56 deg, practicalMoveTime: 0.6506785145887769 sec
2026-06-20 12:08:40,896 - mazeUtils.moveTile - [moveTile.py:1398] - DEBUG - moveTile loop time: 41.0 ms
2026-06-20 12:08:40,907 - picamera2.picamera2 - [picamera2.py:1391] - DEBUG - Execute job: <picamera2.job.Job object at 0x7f8acd8c10>
2026-06-20 12:08:40,911 - mazeUtils.device.camera - [camera.py:39] - DEBUG - Average HSV: H=126.3, S=65.1, V=179.8
2026-06-20 12:08:40,951 - mazeUtils.moveTile - [moveTile.py:79] - DEBUG - roll: 334.27 deg, practicalMoveTime: 0.7058060774938322 sec
2026-06-20 12:08:40,952 - mazeUtils.moveTile - [moveTile.py:1398] - DEBUG - moveTile loop time: 55.9 ms
2026-06-20 12:08:40,957 - picamera2.picamera2 - [picamera2.py:1391] - DEBUG - Execute job: <picamera2.job.Job object at 0x7f94cd1650>
2026-06-20 12:08:40,961 - mazeUtils.device.camera - [camera.py:39] - DEBUG - Average HSV: H=125.7, S=66.2, V=181.5
2026-06-20 12:08:40,992 - mazeUtils.moveTile - [moveTile.py:79] - DEBUG - roll: 331.89 deg, practicalMoveTime: 0.7449537399885356 sec
2026-06-20 12:08:40,993 - mazeUtils.moveTile - [moveTile.py:1398] - DEBUG - moveTile loop time: 40.7 ms
2026-06-20 12:08:41,000 - picamera2.picamera2 - [picamera2.py:1391] - DEBUG - Execute job: <picamera2.job.Job object at 0x7f94cd1650>
2026-06-20 12:08:41,005 - mazeUtils.device.camera - [camera.py:39] - DEBUG - Average HSV: H=126.3, S=58.7, V=181.0
2026-06-20 12:08:41,036 - mazeUtils.moveTile - [moveTile.py:79] - DEBUG - roll: 331.03 deg, practicalMoveTime: 0.7866773388786314 sec
2026-06-20 12:08:41,037 - mazeUtils.moveTile - [moveTile.py:1398] - DEBUG - moveTile loop time: 43.7 ms
2026-06-20 12:08:41,042 - picamera2.picamera2 - [picamera2.py:1391] - DEBUG - Execute job: <picamera2.job.Job object at 0x7f8acd8c10>
2026-06-20 12:08:41,046 - mazeUtils.device.camera - [camera.py:39] - DEBUG - Average HSV: H=126.5, S=55.6, V=183.0
2026-06-20 12:08:41,084 - mazeUtils.moveTile - [moveTile.py:79] - DEBUG - roll: 333.03 deg, practicalMoveTime: 0.8330397525415312 sec
2026-06-20 12:08:41,085 - mazeUtils.moveTile - [moveTile.py:1398] - DEBUG - moveTile loop time: 47.7 ms
2026-06-20 12:08:41,091 - picamera2.picamera2 - [picamera2.py:1391] - DEBUG - Execute job: <picamera2.job.Job object at 0x7f69756390>
2026-06-20 12:08:41,098 - mazeUtils.device.camera - [camera.py:39] - DEBUG - Average HSV: H=126.0, S=58.0, V=189.7
2026-06-20 12:08:41,142 - picamera2.picamera2 - [picamera2.py:1391] - DEBUG - Execute job: <picamera2.job.Job object at 0x7f8d890f90>
2026-06-20 12:08:41,146 - mazeUtils.device.camera - [camera.py:39] - DEBUG - Average HSV: H=126.3, S=55.6, V=191.4
2026-06-20 12:08:41,176 - mazeUtils.moveTile - [moveTile.py:79] - DEBUG - roll: 332.96 deg, practicalMoveTime: 0.9220371244610475 sec
2026-06-20 12:08:41,177 - mazeUtils.moveTile - [moveTile.py:1398] - DEBUG - moveTile loop time: 43.8 ms
2026-06-20 12:08:41,186 - picamera2.picamera2 - [picamera2.py:1391] - DEBUG - Execute job: <picamera2.job.Job object at 0x7f8acd8c10>
2026-06-20 12:08:41,190 - mazeUtils.device.camera - [camera.py:39] - DEBUG - Average HSV: H=128.1, S=53.4, V=186.8
2026-06-20 12:08:41,224 - mazeUtils.moveTile - [moveTile.py:79] - DEBUG - roll: 333.72999999999996 deg, practicalMoveTime: 0.9690086093222204 sec
2026-06-20 12:08:41,225 - mazeUtils.moveTile - [moveTile.py:1398] - DEBUG - moveTile loop time: 48.0 ms
2026-06-20 12:08:41,236 - picamera2.picamera2 - [picamera2.py:1391] - DEBUG - Execute job: <picamera2.job.Job object at 0x7f8093bbd0>
2026-06-20 12:08:41,241 - mazeUtils.device.camera - [camera.py:39] - DEBUG - Average HSV: H=150.1, S=28.4, V=193.7
2026-06-20 12:08:41,277 - mazeUtils.moveTile - [moveTile.py:79] - DEBUG - roll: 333.91999999999996 deg, practicalMoveTime: 1.0200772104667062 sec
2026-06-20 12:08:41,278 - mazeUtils.moveTile - [moveTile.py:1398] - DEBUG - moveTile loop time: 52.9 ms
2026-06-20 12:08:41,292 - picamera2.picamera2 - [picamera2.py:1391] - DEBUG - Execute job: <picamera2.job.Job object at 0x7f8d8d6a10>
2026-06-20 12:08:41,296 - mazeUtils.device.camera - [camera.py:39] - DEBUG - Average HSV: H=165.4, S=29.1, V=192.4
2026-06-20 12:08:41,330 - mazeUtils.moveTile - [moveTile.py:79] - DEBUG - roll: 332.23999999999995 deg, practicalMoveTime: 1.0698746707282436 sec
2026-06-20 12:08:41,330 - mazeUtils.moveTile - [moveTile.py:1398] - DEBUG - moveTile loop time: 51.1 ms
2026-06-20 12:08:41,335 - picamera2.picamera2 - [picamera2.py:1391] - DEBUG - Execute job: <picamera2.job.Job object at 0x7f8d8b4890>
2026-06-20 12:08:41,340 - mazeUtils.device.camera - [camera.py:39] - DEBUG - Average HSV: H=161.3, S=36.0, V=186.8
2026-06-20 12:08:41,369 - mazeUtils.moveTile - [moveTile.py:79] - DEBUG - roll: 333.97999999999996 deg, practicalMoveTime: 1.1082086358802978 sec
2026-06-20 12:08:41,370 - mazeUtils.moveTile - [moveTile.py:1398] - DEBUG - moveTile loop time: 38.6 ms
2026-06-20 12:08:41,375 - picamera2.picamera2 - [picamera2.py:1391] - DEBUG - Execute job: <picamera2.job.Job object at 0x7f8d890650>
2026-06-20 12:08:41,380 - mazeUtils.device.camera - [camera.py:39] - DEBUG - Average HSV: H=164.1, S=45.7, V=123.9
2026-06-20 12:08:41,410 - mazeUtils.moveTile - [moveTile.py:79] - DEBUG - roll: 332.09999999999997 deg, practicalMoveTime: 1.1474593349174904 sec
2026-06-20 12:08:41,411 - mazeUtils.moveTile - [moveTile.py:1398] - DEBUG - moveTile loop time: 40.8 ms
2026-06-20 12:08:41,415 - picamera2.picamera2 - [picamera2.py:1391] - DEBUG - Execute job: <picamera2.job.Job object at 0x7f94cd3b50>
2026-06-20 12:08:41,420 - mazeUtils.device.camera - [camera.py:39] - DEBUG - Average HSV: H=156.6, S=45.6, V=117.4
2026-06-20 12:08:41,452 - mazeUtils.moveTile - [moveTile.py:79] - DEBUG - roll: 332.21999999999997 deg, practicalMoveTime: 1.1880208396703182 sec
2026-06-20 12:08:41,453 - mazeUtils.moveTile - [moveTile.py:1398] - DEBUG - moveTile loop time: 42.2 ms
2026-06-20 12:08:41,465 - picamera2.picamera2 - [picamera2.py:1391] - DEBUG - Execute job: <picamera2.job.Job object at 0x7f8d8b4890>
2026-06-20 12:08:41,470 - mazeUtils.device.camera - [camera.py:39] - DEBUG - Average HSV: H=138.4, S=55.2, V=114.3
2026-06-20 12:08:41,499 - mazeUtils.moveTile - [moveTile.py:79] - DEBUG - roll: 335.60999999999996 deg, practicalMoveTime: 1.2339612934727773 sec
2026-06-20 12:08:41,500 - mazeUtils.moveTile - [moveTile.py:1398] - DEBUG - moveTile loop time: 46.2 ms
2026-06-20 12:08:41,507 - picamera2.picamera2 - [picamera2.py:1391] - DEBUG - Execute job: <picamera2.job.Job object at 0x7f8093b1d0>
2026-06-20 12:08:41,512 - mazeUtils.device.camera - [camera.py:39] - DEBUG - Average HSV: H=160.4, S=48.7, V=125.5
2026-06-20 12:08:41,549 - mazeUtils.moveTile - [moveTile.py:79] - DEBUG - roll: 339.08 deg, practicalMoveTime: 1.2842790734559537 sec
2026-06-20 12:08:41,550 - mazeUtils.moveTile - [moveTile.py:1398] - DEBUG - moveTile loop time: 49.7 ms
2026-06-20 12:08:41,555 - picamera2.picamera2 - [picamera2.py:1391] - DEBUG - Execute job: <picamera2.job.Job object at 0x7f8ad1aa10>
2026-06-20 12:08:41,560 - mazeUtils.device.camera - [camera.py:39] - DEBUG - Average HSV: H=117.3, S=36.5, V=184.4
2026-06-20 12:08:41,595 - mazeUtils.moveTile - [moveTile.py:79] - DEBUG - roll: 341.17999999999995 deg, practicalMoveTime: 1.3310436022138685 sec
2026-06-20 12:08:41,596 - mazeUtils.moveTile - [moveTile.py:1398] - DEBUG - moveTile loop time: 45.0 ms
2026-06-20 12:08:41,600 - picamera2.picamera2 - [picamera2.py:1391] - DEBUG - Execute job: <picamera2.job.Job object at 0x7f8d893150>
2026-06-20 12:08:41,605 - mazeUtils.device.camera - [camera.py:39] - DEBUG - Average HSV: H=71.4, S=27.5, V=208.5
2026-06-20 12:08:41,643 - mazeUtils.moveTile - [moveTile.py:79] - DEBUG - roll: 344.41999999999996 deg, practicalMoveTime: 1.3805675135457744 sec
2026-06-20 12:08:41,644 - mazeUtils.moveTile - [moveTile.py:1398] - DEBUG - moveTile loop time: 47.2 ms
2026-06-20 12:08:41,649 - picamera2.picamera2 - [picamera2.py:1391] - DEBUG - Execute job: <picamera2.job.Job object at 0x7f8acd8950>
2026-06-20 12:08:41,654 - mazeUtils.device.camera - [camera.py:39] - DEBUG - Average HSV: H=6.3, S=27.8, V=213.5
2026-06-20 12:08:41,687 - mazeUtils.moveTile - [moveTile.py:79] - DEBUG - roll: 348.73999999999995 deg, practicalMoveTime: 1.4277685321578468 sec
2026-06-20 12:08:41,688 - mazeUtils.moveTile - [moveTile.py:1398] - DEBUG - moveTile loop time: 43.5 ms
2026-06-20 12:08:41,693 - picamera2.picamera2 - [picamera2.py:1391] - DEBUG - Execute job: <picamera2.job.Job object at 0x7f8d8b4890>
2026-06-20 12:08:41,698 - mazeUtils.device.camera - [camera.py:39] - DEBUG - Average HSV: H=5.3, S=26.2, V=216.9
2026-06-20 12:08:41,727 - mazeUtils.moveTile - [moveTile.py:79] - DEBUG - roll: 350.09 deg, practicalMoveTime: 1.4661634075688958 sec
2026-06-20 12:08:41,728 - mazeUtils.moveTile - [moveTile.py:1398] - DEBUG - moveTile loop time: 39.9 ms
2026-06-20 12:08:41,738 - picamera2.picamera2 - [picamera2.py:1391] - DEBUG - Execute job: <picamera2.job.Job object at 0x7f8d8d6a10>
2026-06-20 12:08:41,742 - mazeUtils.device.camera - [camera.py:39] - DEBUG - Average HSV: H=32.9, S=23.6, V=219.1
2026-06-20 12:08:41,770 - mazeUtils.moveTile - [moveTile.py:79] - DEBUG - roll: 354.89 deg, practicalMoveTime: 1.5082553785252508 sec
2026-06-20 12:08:41,771 - mazeUtils.moveTile - [moveTile.py:1398] - DEBUG - moveTile loop time: 42.7 ms
2026-06-20 12:08:41,777 - picamera2.picamera2 - [picamera2.py:1391] - DEBUG - Execute job: <picamera2.job.Job object at 0x7f8093bbd0>
2026-06-20 12:08:41,782 - mazeUtils.device.camera - [camera.py:39] - DEBUG - Average HSV: H=103.8, S=21.5, V=220.9
2026-06-20 12:08:41,812 - mazeUtils.moveTile - [moveTile.py:79] - DEBUG - roll: 357.09 deg, practicalMoveTime: 1.5492543072558562 sec
2026-06-20 12:08:41,814 - mazeUtils.moveTile - [moveTile.py:1398] - DEBUG - moveTile loop time: 41.2 ms
2026-06-20 12:08:41,821 - picamera2.picamera2 - [picamera2.py:1391] - DEBUG - Execute job: <picamera2.job.Job object at 0x7f8d890f90>
2026-06-20 12:08:41,827 - mazeUtils.device.camera - [camera.py:39] - DEBUG - Average HSV: H=132.3, S=20.0, V=221.8
2026-06-20 12:08:41,863 - mazeUtils.moveTile - [moveTile.py:79] - DEBUG - roll: 359.28 deg, practicalMoveTime: 1.598372523889759 sec
2026-06-20 12:08:41,863 - mazeUtils.moveTile - [moveTile.py:1398] - DEBUG - moveTile loop time: 49.2 ms
2026-06-20 12:08:41,869 - picamera2.picamera2 - [picamera2.py:1391] - DEBUG - Execute job: <picamera2.job.Job object at 0x7f8d8d6a10>
2026-06-20 12:08:41,874 - mazeUtils.device.camera - [camera.py:39] - DEBUG - Average HSV: H=153.4, S=21.5, V=221.3
2026-06-20 12:08:41,902 - mazeUtils.moveTile - [moveTile.py:79] - DEBUG - roll: 0.7399999999999523 deg, practicalMoveTime: 1.6370994381767576 sec
2026-06-20 12:08:41,903 - mazeUtils.moveTile - [moveTile.py:1398] - DEBUG - moveTile loop time: 39.0 ms
2026-06-20 12:08:41,908 - picamera2.picamera2 - [picamera2.py:1391] - DEBUG - Execute job: <picamera2.job.Job object at 0x7f8acd8950>
2026-06-20 12:08:41,912 - mazeUtils.device.camera - [camera.py:39] - DEBUG - Average HSV: H=151.5, S=22.1, V=220.2
2026-06-20 12:08:41,944 - mazeUtils.moveTile - [moveTile.py:1344] - INFO - practicalVerticalMove: -14.945035602655222 CM
2026-06-20 12:08:41,991 - mazeUtils.moveTile - [moveTile.py:1473] - INFO - Detected ramp but regarded it as down stairs, treating as normal tile
2026-06-20 12:08:42,028 - mazeUtils.moveTile - [moveTile.py:528] - DEBUG - Direction: absDirection.NORTH, Angle: 180, Distance: 42.74485225349011 cm
2026-06-20 12:08:42,030 - mazeUtils.moveTile - [moveTile.py:528] - DEBUG - Direction: absDirection.EAST, Angle: 90, Distance: 104.77490474961441 cm
2026-06-20 12:08:42,032 - mazeUtils.moveTile - [moveTile.py:528] - DEBUG - Direction: absDirection.SOUTH, Angle: 0, Distance: 108.00507396148411 cm
2026-06-20 12:08:42,032 - mazeUtils.moveTile - [moveTile.py:551] - DEBUG - Front LiDAR distance: 108.00507396148411 cm, TSD10 distance: 98.1 cm
2026-06-20 12:08:42,034 - mazeUtils.moveTile - [moveTile.py:528] - DEBUG - Direction: absDirection.WEST, Angle: 270, Distance: 50.38250447097888 cm
2026-06-20 12:08:42,036 - mazeUtils.moveTile - [moveTile.py:1724] - INFO - Tile color detection counts: {}, decided tile type: E
2026-06-20 12:08:42,129 - __main__ - [main.py:87] - INFO - Current position: (19, 17, 1), front direction: absDirection.SOUTH
Layer 0 (altitude=0.0cm, offset=(0.0cm, 0.0cm)):
Known map area: x=18..20, y=15..20
+   +---+   +
  U   E   B  
+---+   +---+
| E   E   E |
+---+   +   +
  U   U | E |
+   +   +   +
  U   U | E |
+   +   +   +
  U   U   E |
+   +   +   +
  U   U | S |
+   +   +---+
Layer 1 (altitude=15.0cm, offset=(-60.0cm, 0.0cm)):
Known map area: x=19..19, y=15..17
+---+
| E  
+   +
| E |
+   +
  @  
+   +
mazeAsGraph[0][15][19] = {absDirection.NORTH: None, absDirection.EAST: None, absDirection.SOUTH: (19, 16, 0, 30), absDirection.WEST: (19, 15, 1, 60)}
mazeAsGraph[0][15][20] = {absDirection.NORTH: None, absDirection.EAST: None, absDirection.SOUTH: None, absDirection.WEST: None}
mazeAsGraph[0][16][18] = {absDirection.NORTH: None, absDirection.EAST: (19, 16, 0, 30), absDirection.SOUTH: None, absDirection.WEST: None}
mazeAsGraph[0][16][19] = {absDirection.NORTH: (19, 15, 0, 30), absDirection.EAST: (20, 16, 0, 30), absDirection.SOUTH: (19, 17, 0, 30), absDirection.WEST: (18, 16, 0, 30)}
mazeAsGraph[0][16][20] = {absDirection.NORTH: None, absDirection.EAST: None, absDirection.SOUTH: (20, 17, 0, 30), absDirection.WEST: (19, 16, 0, 30)}
mazeAsGraph[0][17][20] = {absDirection.NORTH: (20, 16, 0, 30), absDirection.EAST: None, absDirection.SOUTH: (20, 18, 0, 30), absDirection.WEST: None}
mazeAsGraph[0][18][20] = {absDirection.NORTH: (20, 17, 0, 30), absDirection.EAST: None, absDirection.SOUTH: (20, 19, 0, 30), absDirection.WEST: None}
mazeAsGraph[0][19][20] = {absDirection.NORTH: (20, 18, 0, 30), absDirection.EAST: None, absDirection.SOUTH: (20, 20, 0, 30), absDirection.WEST: (19, 19, 0, 30)}
mazeAsGraph[0][20][20] = {absDirection.NORTH: (20, 19, 0, 30), absDirection.EAST: None, absDirection.SOUTH: None, absDirection.WEST: None}
mazeAsGraph[1][15][19] = {absDirection.NORTH: None, absDirection.EAST: (19, 15, 0, 60), absDirection.SOUTH: (19, 16, 1, 30), absDirection.WEST: None}
mazeAsGraph[1][16][19] = {absDirection.NORTH: (19, 15, 1, 30), absDirection.EAST: None, absDirection.SOUTH: (19, 17, 1, 30), absDirection.WEST: None}
mazeAsGraph[1][17][19] = {absDirection.NORTH: (19, 16, 1, 30), absDirection.EAST: (20, 17, 1, 30), absDirection.SOUTH: (19, 18, 1, 30), absDirection.WEST: (18, 17, 1, 30)}
2026-06-20 12:08:42,134 - mazeUtils.mazeMap - [mazeMap.py:61] - INFO - next goal: (19, 18, 1)
2026-06-20 12:08:42,141 - mazeUtils.moveTile - [moveTile.py:79] - DEBUG - Moving to absDirection.SOUTH from (19, 17, 1) facing absDirection.SOUTH
2026-06-20 12:08:42,167 - mazeUtils.moveTile - [moveTile.py:79] - DEBUG - current heading: 178.85000000000002 target: 180
2026-06-20 12:08:42,186 - mazeUtils.moveTile - [moveTile.py:403] - DEBUG - stopped turning at heading: 178.85000000000002, diff: 1.1499999999999773
2026-06-20 12:08:42,258 - mazeUtils.moveTile - [moveTile.py:79] - DEBUG - Turned to heading: 179.31 deg
2026-06-20 12:08:42,433 - picamera2.picamera2 - [picamera2.py:1391] - DEBUG - Execute job: <picamera2.job.Job object at 0x7f8d8be350>
2026-06-20 12:08:42,437 - mazeUtils.device.camera - [camera.py:39] - DEBUG - Average HSV: H=157.8, S=18.3, V=229.0
2026-06-20 12:08:42,464 - mazeUtils.moveTile - [moveTile.py:79] - DEBUG - roll: 0.8599999999999568 deg, practicalMoveTime: 0.03527601511380856 sec
2026-06-20 12:08:42,464 - mazeUtils.moveTile - [moveTile.py:1398] - DEBUG - moveTile loop time: 35.5 ms
2026-06-20 12:08:42,468 - picamera2.picamera2 - [picamera2.py:1391] - DEBUG - Execute job: <picamera2.job.Job object at 0x7f94cd3b50>
2026-06-20 12:08:42,471 - mazeUtils.device.camera - [camera.py:39] - DEBUG - Average HSV: H=155.7, S=18.4, V=228.9
2026-06-20 12:08:42,499 - mazeUtils.moveTile - [moveTile.py:79] - DEBUG - roll: 0.9599999999999795 deg, practicalMoveTime: 0.06960323308928693 sec
2026-06-20 12:08:42,499 - mazeUtils.moveTile - [moveTile.py:1398] - DEBUG - moveTile loop time: 34.7 ms
2026-06-20 12:08:42,503 - picamera2.picamera2 - [picamera2.py:1391] - DEBUG - Execute job: <picamera2.job.Job object at 0x7f94cd3b50>
2026-06-20 12:08:42,506 - mazeUtils.device.camera - [camera.py:39] - DEBUG - Average HSV: H=166.5, S=18.1, V=229.8
2026-06-20 12:08:42,535 - mazeUtils.moveTile - [moveTile.py:79] - DEBUG - roll: 1.17999999999995 deg, practicalMoveTime: 0.10520945583069935 sec
2026-06-20 12:08:42,535 - mazeUtils.moveTile - [moveTile.py:1398] - DEBUG - moveTile loop time: 36.0 ms
2026-06-20 12:08:42,540 - picamera2.picamera2 - [picamera2.py:1391] - DEBUG - Execute job: <picamera2.job.Job object at 0x7f6989e890>
2026-06-20 12:08:42,544 - mazeUtils.device.camera - [camera.py:39] - DEBUG - Average HSV: H=170.5, S=18.3, V=230.7
2026-06-20 12:08:42,576 - mazeUtils.moveTile - [moveTile.py:79] - DEBUG - roll: 1.4699999999999704 deg, practicalMoveTime: 0.14598301417959386 sec
2026-06-20 12:08:42,577 - mazeUtils.moveTile - [moveTile.py:1398] - DEBUG - moveTile loop time: 41.2 ms
2026-06-20 12:08:42,582 - picamera2.picamera2 - [picamera2.py:1391] - DEBUG - Execute job: <picamera2.job.Job object at 0x7f8d8be350>
2026-06-20 12:08:42,585 - mazeUtils.device.camera - [camera.py:39] - DEBUG - Average HSV: H=139.8, S=19.1, V=229.3
2026-06-20 12:08:42,618 - mazeUtils.moveTile - [moveTile.py:79] - DEBUG - roll: 0.3199999999999932 deg, practicalMoveTime: 0.18726764669205542 sec
2026-06-20 12:08:42,619 - mazeUtils.moveTile - [moveTile.py:1398] - DEBUG - moveTile loop time: 41.6 ms
2026-06-20 12:08:42,623 - picamera2.picamera2 - [picamera2.py:1391] - DEBUG - Execute job: <picamera2.job.Job object at 0x7fa1068510>
2026-06-20 12:08:42,626 - mazeUtils.device.camera - [camera.py:39] - DEBUG - Average HSV: H=129.7, S=18.7, V=230.3
2026-06-20 12:08:42,662 - mazeUtils.moveTile - [moveTile.py:79] - DEBUG - roll: 1.829999999999984 deg, practicalMoveTime: 0.23079783263652487 sec
2026-06-20 12:08:42,663 - mazeUtils.moveTile - [moveTile.py:1398] - DEBUG - moveTile loop time: 43.5 ms
2026-06-20 12:08:42,668 - picamera2.picamera2 - [picamera2.py:1391] - DEBUG - Execute job: <picamera2.job.Job object at 0x7f94cd3b50>
2026-06-20 12:08:42,671 - mazeUtils.device.camera - [camera.py:39] - DEBUG - Average HSV: H=151.8, S=17.1, V=231.8
2026-06-20 12:08:42,700 - mazeUtils.moveTile - [moveTile.py:79] - DEBUG - roll: 1.1299999999999955 deg, practicalMoveTime: 0.2682315664754225 sec
2026-06-20 12:08:42,701 - mazeUtils.moveTile - [moveTile.py:1398] - DEBUG - moveTile loop time: 37.9 ms
2026-06-20 12:08:42,707 - picamera2.picamera2 - [picamera2.py:1391] - DEBUG - Execute job: <picamera2.job.Job object at 0x7fa0ff8d50>
2026-06-20 12:08:42,710 - mazeUtils.device.camera - [camera.py:39] - DEBUG - Average HSV: H=154.6, S=16.1, V=232.9
2026-06-20 12:08:42,738 - mazeUtils.moveTile - [moveTile.py:79] - DEBUG - roll: 1.3199999999999932 deg, practicalMoveTime: 0.3050095524121836 sec
2026-06-20 12:08:42,738 - mazeUtils.moveTile - [moveTile.py:1398] - DEBUG - moveTile loop time: 36.9 ms
2026-06-20 12:08:42,742 - picamera2.picamera2 - [picamera2.py:1391] - DEBUG - Execute job: <picamera2.job.Job object at 0x7f7b97c250>
2026-06-20 12:08:42,745 - mazeUtils.device.camera - [camera.py:39] - DEBUG - Average HSV: H=155.9, S=15.9, V=233.0
2026-06-20 12:08:42,775 - mazeUtils.moveTile - [moveTile.py:79] - DEBUG - roll: 1.2899999999999636 deg, practicalMoveTime: 0.34186162970252604 sec
2026-06-20 12:08:42,775 - mazeUtils.moveTile - [moveTile.py:1398] - DEBUG - moveTile loop time: 37.2 ms
2026-06-20 12:08:42,779 - picamera2.picamera2 - [picamera2.py:1391] - DEBUG - Execute job: <picamera2.job.Job object at 0x7f7b97c250>
2026-06-20 12:08:42,783 - mazeUtils.device.camera - [camera.py:39] - DEBUG - Average HSV: H=165.7, S=15.2, V=234.5
2026-06-20 12:08:42,815 - mazeUtils.moveTile - [moveTile.py:79] - DEBUG - roll: 2.339999999999975 deg, practicalMoveTime: 0.38132702256490797 sec
2026-06-20 12:08:42,816 - mazeUtils.moveTile - [moveTile.py:1398] - DEBUG - moveTile loop time: 39.9 ms
2026-06-20 12:08:42,822 - picamera2.picamera2 - [picamera2.py:1391] - DEBUG - Execute job: <picamera2.job.Job object at 0x7f94cd3b50>
2026-06-20 12:08:42,825 - mazeUtils.device.camera - [camera.py:39] - DEBUG - Average HSV: H=148.2, S=15.5, V=235.6
2026-06-20 12:08:42,856 - mazeUtils.moveTile - [moveTile.py:79] - DEBUG - roll: 1.3100000000000023 deg, practicalMoveTime: 0.4218030149404983 sec
2026-06-20 12:08:42,856 - mazeUtils.moveTile - [moveTile.py:1398] - DEBUG - moveTile loop time: 40.6 ms
2026-06-20 12:08:42,866 - picamera2.picamera2 - [picamera2.py:1391] - DEBUG - Execute job: <picamera2.job.Job object at 0x7f7b97d390>
2026-06-20 12:08:42,869 - mazeUtils.device.camera - [camera.py:39] - DEBUG - Average HSV: H=160.1, S=14.4, V=237.4
2026-06-20 12:08:42,897 - mazeUtils.moveTile - [moveTile.py:79] - DEBUG - roll: 2.0 deg, practicalMoveTime: 0.46186557966697256 sec
2026-06-20 12:08:42,897 - mazeUtils.moveTile - [moveTile.py:1398] - DEBUG - moveTile loop time: 40.4 ms
2026-06-20 12:08:42,902 - picamera2.picamera2 - [picamera2.py:1391] - DEBUG - Execute job: <picamera2.job.Job object at 0x7f7b97c250>
2026-06-20 12:08:42,905 - mazeUtils.device.camera - [camera.py:39] - DEBUG - Average HSV: H=90.9, S=15.7, V=237.9
2026-06-20 12:08:42,934 - mazeUtils.moveTile - [moveTile.py:79] - DEBUG - roll: 0.38999999999998636 deg, practicalMoveTime: 0.4984686593102988 sec
2026-06-20 12:08:42,934 - mazeUtils.moveTile - [moveTile.py:1398] - DEBUG - moveTile loop time: 36.9 ms
2026-06-20 12:08:42,942 - picamera2.picamera2 - [picamera2.py:1391] - DEBUG - Execute job: <picamera2.job.Job object at 0x7f94cd1650>
2026-06-20 12:08:42,944 - mazeUtils.device.camera - [camera.py:39] - DEBUG - Average HSV: H=25.3, S=18.8, V=237.1
2026-06-20 12:08:42,971 - mazeUtils.moveTile - [moveTile.py:79] - DEBUG - roll: 358.15 deg, practicalMoveTime: 0.5355663171613805 sec
2026-06-20 12:08:42,972 - mazeUtils.moveTile - [moveTile.py:1398] - DEBUG - moveTile loop time: 37.6 ms
2026-06-20 12:08:42,977 - picamera2.picamera2 - [picamera2.py:1391] - DEBUG - Execute job: <picamera2.job.Job object at 0x7f8d8be350>
2026-06-20 12:08:42,981 - mazeUtils.device.camera - [camera.py:39] - DEBUG - Average HSV: H=100.4, S=15.4, V=240.3
2026-06-20 12:08:43,020 - mazeUtils.moveTile - [moveTile.py:79] - DEBUG - roll: 359.16999999999996 deg, practicalMoveTime: 0.5836564971232364 sec
2026-06-20 12:08:43,021 - mazeUtils.moveTile - [moveTile.py:1398] - DEBUG - moveTile loop time: 47.9 ms
2026-06-20 12:08:43,026 - picamera2.picamera2 - [picamera2.py:1391] - DEBUG - Execute job: <picamera2.job.Job object at 0x7f7b9755d0>
2026-06-20 12:08:43,029 - mazeUtils.device.camera - [camera.py:39] - DEBUG - Average HSV: H=109.5, S=15.0, V=239.8
2026-06-20 12:08:43,056 - mazeUtils.moveTile - [moveTile.py:79] - DEBUG - roll: 358.57 deg, practicalMoveTime: 0.6188225340201353 sec
2026-06-20 12:08:43,056 - mazeUtils.moveTile - [moveTile.py:1398] - DEBUG - moveTile loop time: 35.5 ms
2026-06-20 12:08:43,062 - picamera2.picamera2 - [picamera2.py:1391] - DEBUG - Execute job: <picamera2.job.Job object at 0x7f6989e890>
2026-06-20 12:08:43,066 - mazeUtils.device.camera - [camera.py:39] - DEBUG - Average HSV: H=77.0, S=15.9, V=240.0
2026-06-20 12:08:43,095 - mazeUtils.moveTile - [moveTile.py:79] - DEBUG - roll: 359.21 deg, practicalMoveTime: 0.6572102364546022 sec
2026-06-20 12:08:43,095 - mazeUtils.moveTile - [moveTile.py:1398] - DEBUG - moveTile loop time: 38.7 ms
2026-06-20 12:08:43,103 - picamera2.picamera2 - [picamera2.py:1391] - DEBUG - Execute job: <picamera2.job.Job object at 0x7f8d8be350>
2026-06-20 12:08:43,107 - mazeUtils.device.camera - [camera.py:39] - DEBUG - Average HSV: H=115.2, S=14.6, V=241.8
2026-06-20 12:08:43,137 - mazeUtils.moveTile - [moveTile.py:79] - DEBUG - roll: 359.44 deg, practicalMoveTime: 0.6993558597440153 sec
2026-06-20 12:08:43,138 - mazeUtils.moveTile - [moveTile.py:1398] - DEBUG - moveTile loop time: 42.4 ms
2026-06-20 12:08:43,147 - picamera2.picamera2 - [picamera2.py:1391] - DEBUG - Execute job: <picamera2.job.Job object at 0x7fa0ff8d50>
2026-06-20 12:08:43,150 - mazeUtils.device.camera - [camera.py:39] - DEBUG - Average HSV: H=90.6, S=15.6, V=240.7
2026-06-20 12:08:43,179 - mazeUtils.moveTile - [moveTile.py:79] - DEBUG - roll: 359.87 deg, practicalMoveTime: 0.7403647034661051 sec
2026-06-20 12:08:43,179 - mazeUtils.moveTile - [moveTile.py:1398] - DEBUG - moveTile loop time: 41.3 ms
2026-06-20 12:08:43,184 - picamera2.picamera2 - [picamera2.py:1391] - DEBUG - Execute job: <picamera2.job.Job object at 0x7f7b974210>
2026-06-20 12:08:43,188 - mazeUtils.device.camera - [camera.py:39] - DEBUG - Average HSV: H=82.8, S=17.1, V=238.7
2026-06-20 12:08:43,224 - mazeUtils.moveTile - [moveTile.py:79] - DEBUG - roll: 359.41999999999996 deg, practicalMoveTime: 0.7845688193426995 sec
2026-06-20 12:08:43,224 - mazeUtils.moveTile - [moveTile.py:1398] - DEBUG - moveTile loop time: 44.4 ms
2026-06-20 12:08:43,228 - picamera2.picamera2 - [picamera2.py:1391] - DEBUG - Execute job: <picamera2.job.Job object at 0x7f94cd3b50>
2026-06-20 12:08:43,231 - mazeUtils.device.camera - [camera.py:39] - DEBUG - Average HSV: H=132.0, S=19.9, V=222.6
2026-06-20 12:08:43,260 - mazeUtils.moveTile - [moveTile.py:79] - DEBUG - roll: 0.06999999999999318 deg, practicalMoveTime: 0.8207824287143223 sec
2026-06-20 12:08:43,261 - mazeUtils.moveTile - [moveTile.py:1398] - DEBUG - moveTile loop time: 36.5 ms
2026-06-20 12:08:43,266 - picamera2.picamera2 - [picamera2.py:1391] - DEBUG - Execute job: <picamera2.job.Job object at 0x7f94cd1650>
2026-06-20 12:08:43,269 - mazeUtils.device.camera - [camera.py:39] - DEBUG - Average HSV: H=152.1, S=21.3, V=215.7
2026-06-20 12:08:43,295 - mazeUtils.moveTile - [moveTile.py:1344] - INFO - practicalVerticalMove: 0.2586614755022478 CM
2026-06-20 12:08:43,342 - mazeUtils.moveTile - [moveTile.py:1603] - INFO - Set moved vertical distance: 0.2586614755022478 cm, past distances: [(0, False), (0, False), (0, False)]
2026-06-20 12:08:43,419 - mazeUtils.moveTile - [moveTile.py:528] - DEBUG - Direction: absDirection.NORTH, Angle: 180, Distance: 70.6128503197199 cm
2026-06-20 12:08:43,421 - mazeUtils.moveTile - [moveTile.py:528] - DEBUG - Direction: absDirection.EAST, Angle: 90, Distance: 102.93555175004285 cm
2026-06-20 12:08:43,422 - mazeUtils.moveTile - [moveTile.py:528] - DEBUG - Direction: absDirection.SOUTH, Angle: 0, Distance: 76.10279437263588 cm
2026-06-20 12:08:43,422 - mazeUtils.moveTile - [moveTile.py:551] - DEBUG - Front LiDAR distance: 76.10279437263588 cm, TSD10 distance: 65.4 cm
2026-06-20 12:08:43,423 - mazeUtils.moveTile - [moveTile.py:528] - DEBUG - Direction: absDirection.WEST, Angle: 270, Distance: 52.681260050468126 cm
2026-06-20 12:08:43,425 - mazeUtils.moveTile - [moveTile.py:1724] - INFO - Tile color detection counts: {}, decided tile type: E
2026-06-20 12:08:43,498 - __main__ - [main.py:87] - INFO - Current position: (19, 18, 1), front direction: absDirection.SOUTH
Layer 0 (altitude=0.0cm, offset=(0.0cm, 0.0cm)):
Known map area: x=18..20, y=15..20
+   +---+   +
  U   E   B  
+---+   +---+
| E   E   E |
+---+   +   +
  U   U | E |
+   +   +   +
  U   U | E |
+   +   +   +
  U   U   E |
+   +   +   +
  U   U | S |
+   +   +---+
Layer 1 (altitude=15.0cm, offset=(-60.0cm, 0.0cm)):
Known map area: x=19..19, y=15..18
+---+
| E  
+   +
| E |
+   +
  E  
+   +
  @  
+   +
mazeAsGraph[0][15][19] = {absDirection.NORTH: None, absDirection.EAST: None, absDirection.SOUTH: (19, 16, 0, 30), absDirection.WEST: (19, 15, 1, 60)}
mazeAsGraph[0][15][20] = {absDirection.NORTH: None, absDirection.EAST: None, absDirection.SOUTH: None, absDirection.WEST: None}
mazeAsGraph[0][16][18] = {absDirection.NORTH: None, absDirection.EAST: (19, 16, 0, 30), absDirection.SOUTH: None, absDirection.WEST: None}
mazeAsGraph[0][16][19] = {absDirection.NORTH: (19, 15, 0, 30), absDirection.EAST: (20, 16, 0, 30), absDirection.SOUTH: (19, 17, 0, 30), absDirection.WEST: (18, 16, 0, 30)}
mazeAsGraph[0][16][20] = {absDirection.NORTH: None, absDirection.EAST: None, absDirection.SOUTH: (20, 17, 0, 30), absDirection.WEST: (19, 16, 0, 30)}
mazeAsGraph[0][17][20] = {absDirection.NORTH: (20, 16, 0, 30), absDirection.EAST: None, absDirection.SOUTH: (20, 18, 0, 30), absDirection.WEST: None}
mazeAsGraph[0][18][20] = {absDirection.NORTH: (20, 17, 0, 30), absDirection.EAST: None, absDirection.SOUTH: (20, 19, 0, 30), absDirection.WEST: None}
mazeAsGraph[0][19][20] = {absDirection.NORTH: (20, 18, 0, 30), absDirection.EAST: None, absDirection.SOUTH: (20, 20, 0, 30), absDirection.WEST: (19, 19, 0, 30)}
mazeAsGraph[0][20][20] = {absDirection.NORTH: (20, 19, 0, 30), absDirection.EAST: None, absDirection.SOUTH: None, absDirection.WEST: None}
mazeAsGraph[1][15][19] = {absDirection.NORTH: None, absDirection.EAST: (19, 15, 0, 60), absDirection.SOUTH: (19, 16, 1, 30), absDirection.WEST: None}
mazeAsGraph[1][16][19] = {absDirection.NORTH: (19, 15, 1, 30), absDirection.EAST: None, absDirection.SOUTH: (19, 17, 1, 30), absDirection.WEST: None}
mazeAsGraph[1][17][19] = {absDirection.NORTH: (19, 16, 1, 30), absDirection.EAST: (20, 17, 1, 30), absDirection.SOUTH: (19, 18, 1, 30), absDirection.WEST: (18, 17, 1, 30)}
mazeAsGraph[1][18][19] = {absDirection.NORTH: (19, 17, 1, 30), absDirection.EAST: (20, 18, 1, 30), absDirection.SOUTH: (19, 19, 1, 30), absDirection.WEST: (18, 18, 1, 30)}
2026-06-20 12:08:43,507 - mazeUtils.mazeMap - [mazeMap.py:61] - INFO - next goal: (19, 19, 1)
2026-06-20 12:08:43,514 - mazeUtils.moveTile - [moveTile.py:79] - DEBUG - Moving to absDirection.SOUTH from (19, 18, 1) facing absDirection.SOUTH
2026-06-20 12:08:43,539 - mazeUtils.moveTile - [moveTile.py:79] - DEBUG - current heading: 181.10000000000002 target: 180
2026-06-20 12:08:43,559 - mazeUtils.moveTile - [moveTile.py:403] - DEBUG - stopped turning at heading: 181.10000000000002, diff: 1.1000000000000227
2026-06-20 12:08:43,620 - mazeUtils.moveTile - [moveTile.py:79] - DEBUG - Turned to heading: 180.60000000000002 deg
2026-06-20 12:08:43,832 - picamera2.picamera2 - [picamera2.py:1391] - DEBUG - Execute job: <picamera2.job.Job object at 0x7f7b96b890>
2026-06-20 12:08:43,836 - mazeUtils.device.camera - [camera.py:39] - DEBUG - Average HSV: H=166.2, S=22.5, V=208.6
2026-06-20 12:08:43,872 - mazeUtils.moveTile - [moveTile.py:79] - DEBUG - roll: 1.759999999999991 deg, practicalMoveTime: 0.045406845074572766 sec
2026-06-20 12:08:43,872 - mazeUtils.moveTile - [moveTile.py:1398] - DEBUG - moveTile loop time: 45.6 ms
2026-06-20 12:08:43,877 - picamera2.picamera2 - [picamera2.py:1391] - DEBUG - Execute job: <picamera2.job.Job object at 0x7f80908dd0>
2026-06-20 12:08:43,881 - mazeUtils.device.camera - [camera.py:39] - DEBUG - Average HSV: H=166.5, S=22.3, V=208.7
2026-06-20 12:08:43,911 - mazeUtils.moveTile - [moveTile.py:79] - DEBUG - roll: 1.8199999999999932 deg, practicalMoveTime: 0.08383959575090322 sec
2026-06-20 12:08:43,911 - mazeUtils.moveTile - [moveTile.py:1398] - DEBUG - moveTile loop time: 38.9 ms
2026-06-20 12:08:43,916 - picamera2.picamera2 - [picamera2.py:1391] - DEBUG - Execute job: <picamera2.job.Job object at 0x7f7b8e1290>
2026-06-20 12:08:43,920 - mazeUtils.device.camera - [camera.py:39] - DEBUG - Average HSV: H=166.3, S=23.1, V=207.6
2026-06-20 12:08:43,952 - mazeUtils.moveTile - [moveTile.py:79] - DEBUG - roll: 2.019999999999982 deg, practicalMoveTime: 0.12451235677955506 sec
2026-06-20 12:08:43,953 - mazeUtils.moveTile - [moveTile.py:1398] - DEBUG - moveTile loop time: 41.4 ms
2026-06-20 12:08:43,958 - picamera2.picamera2 - [picamera2.py:1391] - DEBUG - Execute job: <picamera2.job.Job object at 0x7f6975ecd0>
2026-06-20 12:08:43,962 - mazeUtils.device.camera - [camera.py:39] - DEBUG - Average HSV: H=164.1, S=25.1, V=203.3
2026-06-20 12:08:43,991 - mazeUtils.moveTile - [moveTile.py:79] - DEBUG - roll: 2.42999999999995 deg, practicalMoveTime: 0.16268028979398766 sec
2026-06-20 12:08:43,992 - mazeUtils.moveTile - [moveTile.py:1398] - DEBUG - moveTile loop time: 38.2 ms
2026-06-20 12:08:44,005 - picamera2.picamera2 - [picamera2.py:1391] - DEBUG - Execute job: <picamera2.job.Job object at 0x7f8acdee90>
2026-06-20 12:08:44,008 - mazeUtils.device.camera - [camera.py:39] - DEBUG - Average HSV: H=131.4, S=95.4, V=113.2
2026-06-20 12:08:44,036 - mazeUtils.moveTile - [moveTile.py:79] - DEBUG - roll: 2.4399999999999977 deg, practicalMoveTime: 0.20664459535697818 sec
2026-06-20 12:08:44,036 - mazeUtils.moveTile - [moveTile.py:1398] - DEBUG - moveTile loop time: 44.2 ms
2026-06-20 12:08:44,042 - picamera2.picamera2 - [picamera2.py:1391] - DEBUG - Execute job: <picamera2.job.Job object at 0x7f8acdffd0>
2026-06-20 12:08:44,046 - mazeUtils.device.camera - [camera.py:39] - DEBUG - Average HSV: H=130.5, S=99.3, V=119.0
2026-06-20 12:08:44,072 - mazeUtils.moveTile - [moveTile.py:79] - DEBUG - roll: 1.92999999999995 deg, practicalMoveTime: 0.24253220921739896 sec
2026-06-20 12:08:44,073 - mazeUtils.moveTile - [moveTile.py:1398] - DEBUG - moveTile loop time: 36.1 ms
2026-06-20 12:08:44,076 - picamera2.picamera2 - [picamera2.py:1391] - DEBUG - Execute job: <picamera2.job.Job object at 0x7f6975ecd0>
2026-06-20 12:08:44,080 - mazeUtils.device.camera - [camera.py:39] - DEBUG - Average HSV: H=129.6, S=102.1, V=118.2
2026-06-20 12:08:44,112 - mazeUtils.moveTile - [moveTile.py:79] - DEBUG - roll: 2.0600000000000023 deg, practicalMoveTime: 0.28195021105456863 sec
2026-06-20 12:08:44,113 - mazeUtils.moveTile - [moveTile.py:1398] - DEBUG - moveTile loop time: 39.7 ms
2026-06-20 12:08:44,119 - picamera2.picamera2 - [picamera2.py:1391] - DEBUG - Execute job: <picamera2.job.Job object at 0x7f8acdffd0>
2026-06-20 12:08:44,122 - mazeUtils.device.camera - [camera.py:39] - DEBUG - Average HSV: H=128.8, S=103.5, V=124.9
2026-06-20 12:08:44,159 - mazeUtils.moveTile - [moveTile.py:79] - DEBUG - roll: 2.92999999999995 deg, practicalMoveTime: 0.32855320815983863 sec
2026-06-20 12:08:44,160 - mazeUtils.moveTile - [moveTile.py:1398] - DEBUG - moveTile loop time: 47.0 ms
2026-06-20 12:08:44,165 - picamera2.picamera2 - [picamera2.py:1391] - DEBUG - Execute job: <picamera2.job.Job object at 0x7f7b96a790>
2026-06-20 12:08:44,168 - mazeUtils.device.camera - [camera.py:39] - DEBUG - Average HSV: H=128.9, S=105.0, V=126.4
2026-06-20 12:08:44,200 - mazeUtils.moveTile - [moveTile.py:79] - DEBUG - roll: 1.7899999999999636 deg, practicalMoveTime: 0.36848789709606866 sec
2026-06-20 12:08:44,200 - mazeUtils.moveTile - [moveTile.py:1398] - DEBUG - moveTile loop time: 40.1 ms
2026-06-20 12:08:44,206 - picamera2.picamera2 - [picamera2.py:1391] - DEBUG - Execute job: <picamera2.job.Job object at 0x7f80908dd0>
2026-06-20 12:08:44,210 - mazeUtils.device.camera - [camera.py:39] - DEBUG - Average HSV: H=128.0, S=108.4, V=126.9
2026-06-20 12:08:44,242 - mazeUtils.moveTile - [moveTile.py:79] - DEBUG - roll: 2.009999999999991 deg, practicalMoveTime: 0.40967986404524637 sec
2026-06-20 12:08:44,242 - mazeUtils.moveTile - [moveTile.py:1398] - DEBUG - moveTile loop time: 41.5 ms
2026-06-20 12:08:44,248 - picamera2.picamera2 - [picamera2.py:1391] - DEBUG - Execute job: <picamera2.job.Job object at 0x7f7b8e1290>
2026-06-20 12:08:44,251 - mazeUtils.device.camera - [camera.py:39] - DEBUG - Average HSV: H=127.6, S=109.5, V=130.4
2026-06-20 12:08:44,278 - mazeUtils.moveTile - [moveTile.py:79] - DEBUG - roll: 2.419999999999959 deg, practicalMoveTime: 0.4458159442498746 sec
2026-06-20 12:08:44,279 - mazeUtils.moveTile - [moveTile.py:1398] - DEBUG - moveTile loop time: 36.5 ms
2026-06-20 12:08:44,285 - picamera2.picamera2 - [picamera2.py:1391] - DEBUG - Execute job: <picamera2.job.Job object at 0x7f7b96b890>
2026-06-20 12:08:44,288 - mazeUtils.device.camera - [camera.py:39] - DEBUG - Average HSV: H=127.6, S=109.6, V=130.9
2026-06-20 12:08:44,323 - mazeUtils.moveTile - [moveTile.py:79] - DEBUG - roll: 0.9499999999999886 deg, practicalMoveTime: 0.490055343957883 sec
2026-06-20 12:08:44,323 - mazeUtils.moveTile - [moveTile.py:1398] - DEBUG - moveTile loop time: 44.5 ms
2026-06-20 12:08:44,327 - picamera2.picamera2 - [picamera2.py:1391] - DEBUG - Execute job: <picamera2.job.Job object at 0x7f80908dd0>
2026-06-20 12:08:44,330 - mazeUtils.device.camera - [camera.py:39] - DEBUG - Average HSV: H=128.0, S=110.6, V=126.6
2026-06-20 12:08:44,363 - mazeUtils.moveTile - [moveTile.py:79] - DEBUG - roll: 3.0299999999999727 deg, practicalMoveTime: 0.5290953758919396 sec
2026-06-20 12:08:44,363 - mazeUtils.moveTile - [moveTile.py:1398] - DEBUG - moveTile loop time: 39.4 ms
2026-06-20 12:08:44,367 - picamera2.picamera2 - [picamera2.py:1391] - DEBUG - Execute job: <picamera2.job.Job object at 0x7f8acdee90>
2026-06-20 12:08:44,370 - mazeUtils.device.camera - [camera.py:39] - DEBUG - Average HSV: H=128.8, S=109.9, V=126.2
2026-06-20 12:08:44,400 - mazeUtils.moveTile - [moveTile.py:79] - DEBUG - roll: 2.4499999999999886 deg, practicalMoveTime: 0.5660850772135251 sec
2026-06-20 12:08:44,401 - mazeUtils.moveTile - [moveTile.py:1398] - DEBUG - moveTile loop time: 37.2 ms
2026-06-20 12:08:44,405 - picamera2.picamera2 - [picamera2.py:1391] - DEBUG - Execute job: <picamera2.job.Job object at 0x7f7b8e1290>
2026-06-20 12:08:44,408 - mazeUtils.device.camera - [camera.py:39] - DEBUG - Average HSV: H=128.1, S=111.9, V=129.4
2026-06-20 12:08:44,435 - mazeUtils.moveTile - [moveTile.py:79] - DEBUG - roll: 1.8199999999999932 deg, practicalMoveTime: 0.600318535154127 sec
2026-06-20 12:08:44,435 - mazeUtils.moveTile - [moveTile.py:1398] - DEBUG - moveTile loop time: 34.5 ms
2026-06-20 12:08:44,439 - picamera2.picamera2 - [picamera2.py:1391] - DEBUG - Execute job: <picamera2.job.Job object at 0x7f8acdffd0>
2026-06-20 12:08:44,443 - mazeUtils.device.camera - [camera.py:39] - DEBUG - Average HSV: H=128.5, S=112.2, V=123.6
2026-06-20 12:08:44,470 - mazeUtils.moveTile - [moveTile.py:79] - DEBUG - roll: 1.9399999999999977 deg, practicalMoveTime: 0.6345160419977802 sec
2026-06-20 12:08:44,470 - mazeUtils.moveTile - [moveTile.py:1398] - DEBUG - moveTile loop time: 34.5 ms
2026-06-20 12:08:44,475 - picamera2.picamera2 - [picamera2.py:1391] - DEBUG - Execute job: <picamera2.job.Job object at 0x7f8acdee90>
2026-06-20 12:08:44,478 - mazeUtils.device.camera - [camera.py:39] - DEBUG - Average HSV: H=129.8, S=112.5, V=122.1
2026-06-20 12:08:44,507 - mazeUtils.moveTile - [moveTile.py:79] - DEBUG - roll: 2.319999999999993 deg, practicalMoveTime: 0.6711190295324828 sec
2026-06-20 12:08:44,507 - mazeUtils.moveTile - [moveTile.py:1398] - DEBUG - moveTile loop time: 36.9 ms
2026-06-20 12:08:44,513 - picamera2.picamera2 - [picamera2.py:1391] - DEBUG - Execute job: <picamera2.job.Job object at 0x7f80909ad0>
2026-06-20 12:08:44,516 - mazeUtils.device.camera - [camera.py:39] - DEBUG - Average HSV: H=130.0, S=116.9, V=115.6
2026-06-20 12:08:44,546 - mazeUtils.moveTile - [moveTile.py:818] - DEBUG - Detected victim info during movement: {<Side.LEFT: 0>: <UnitVStatus.NOTHING: 0>, <Side.RIGHT: 1>: <UnitVStatus.G_VICTIM: 4>}
2026-06-20 12:08:44,546 - mazeUtils.moveTile - [moveTile.py:79] - DEBUG - roll: 1.7799999999999727 deg, practicalMoveTime: 0.7101898470687199 sec
2026-06-20 12:08:44,547 - mazeUtils.moveTile - [moveTile.py:1398] - DEBUG - moveTile loop time: 39.3 ms
2026-06-20 12:08:44,554 - picamera2.picamera2 - [picamera2.py:1391] - DEBUG - Execute job: <picamera2.job.Job object at 0x7f8acdee90>
2026-06-20 12:08:44,557 - mazeUtils.device.camera - [camera.py:39] - DEBUG - Average HSV: H=130.0, S=117.1, V=114.9
2026-06-20 12:08:44,593 - mazeUtils.moveTile - [moveTile.py:818] - DEBUG - Detected victim info during movement: {<Side.LEFT: 0>: <UnitVStatus.NOTHING: 0>, <Side.RIGHT: 1>: <UnitVStatus.G_VICTIM: 4>}
2026-06-20 12:08:44,593 - mazeUtils.moveTile - [moveTile.py:79] - DEBUG - roll: 1.5 deg, practicalMoveTime: 0.7568013904965376 sec
2026-06-20 12:08:44,594 - mazeUtils.moveTile - [moveTile.py:1398] - DEBUG - moveTile loop time: 46.7 ms
2026-06-20 12:08:44,600 - picamera2.picamera2 - [picamera2.py:1391] - DEBUG - Execute job: <picamera2.job.Job object at 0x7f80908dd0>
2026-06-20 12:08:44,603 - mazeUtils.device.camera - [camera.py:39] - DEBUG - Average HSV: H=128.7, S=120.3, V=118.1
2026-06-20 12:08:44,630 - mazeUtils.moveTile - [moveTile.py:818] - DEBUG - Detected victim info during movement: {<Side.LEFT: 0>: <UnitVStatus.NOTHING: 0>, <Side.RIGHT: 1>: <UnitVStatus.G_VICTIM: 4>}
2026-06-20 12:08:44,631 - mazeUtils.moveTile - [moveTile.py:79] - DEBUG - roll: 2.509999999999991 deg, practicalMoveTime: 0.7937932252107228 sec
2026-06-20 12:08:44,631 - mazeUtils.moveTile - [moveTile.py:1398] - DEBUG - moveTile loop time: 37.2 ms
2026-06-20 12:08:44,636 - picamera2.picamera2 - [picamera2.py:1391] - DEBUG - Execute job: <picamera2.job.Job object at 0x7f7b96a790>
2026-06-20 12:08:44,639 - mazeUtils.device.camera - [camera.py:39] - DEBUG - Average HSV: H=128.0, S=122.4, V=117.0
2026-06-20 12:08:44,664 - mazeUtils.moveTile - [moveTile.py:818] - DEBUG - Detected victim info during movement: {<Side.LEFT: 0>: <UnitVStatus.NOTHING: 0>, <Side.RIGHT: 1>: <UnitVStatus.G_VICTIM: 4>}
2026-06-20 12:08:44,665 - mazeUtils.moveTile - [moveTile.py:79] - DEBUG - roll: 1.0299999999999727 deg, practicalMoveTime: 0.8275037407503993 sec
2026-06-20 12:08:44,665 - mazeUtils.moveTile - [moveTile.py:1398] - DEBUG - moveTile loop time: 33.9 ms
2026-06-20 12:08:44,672 - picamera2.picamera2 - [picamera2.py:1391] - DEBUG - Execute job: <picamera2.job.Job object at 0x7f8acdffd0>
2026-06-20 12:08:44,674 - mazeUtils.device.camera - [camera.py:39] - DEBUG - Average HSV: H=127.8, S=121.3, V=117.2
2026-06-20 12:08:44,705 - mazeUtils.moveTile - [moveTile.py:1344] - INFO - practicalVerticalMove: 1.108186860081755 CM
2026-06-20 12:08:44,747 - mazeUtils.moveTile - [moveTile.py:1603] - INFO - Set moved vertical distance: 1.108186860081755 cm, past distances: [(0.2586614755022478, False), (0, False), (0, False)]
2026-06-20 12:08:44,843 - mazeUtils.moveTile - [moveTile.py:528] - DEBUG - Direction: absDirection.NORTH, Angle: 180, Distance: 134.98215014144773 cm
2026-06-20 12:08:44,844 - mazeUtils.moveTile - [moveTile.py:528] - DEBUG - Direction: absDirection.EAST, Angle: 90, Distance: 13.310469699226267 cm
2026-06-20 12:08:44,845 - mazeUtils.moveTile - [moveTile.py:528] - DEBUG - Direction: absDirection.SOUTH, Angle: 0, Distance: 49.12907474188724 cm
2026-06-20 12:08:44,845 - mazeUtils.moveTile - [moveTile.py:551] - DEBUG - Front LiDAR distance: 49.12907474188724 cm, TSD10 distance: 34.8 cm
2026-06-20 12:08:44,846 - mazeUtils.moveTile - [moveTile.py:528] - DEBUG - Direction: absDirection.WEST, Angle: 270, Distance: 21.901575940423804 cm
2026-06-20 12:08:44,847 - mazeUtils.moveTile - [moveTile.py:1695] - INFO - Decided victim on Side.RIGHT side: UnitVStatus.G_VICTIM
2026-06-20 12:08:54,952 - mazeUtils.moveTile - [moveTile.py:79] - DEBUG - Turning to 176.07000000000002 deg, current heading: 176.06 deg, turnAngle: -0.010000000000019327 deg
2026-06-20 12:08:54,972 - mazeUtils.moveTile - [moveTile.py:79] - DEBUG - Turned to heading: 176.06 deg
2026-06-20 12:08:54,973 - mazeUtils.moveTile - [moveTile.py:1724] - INFO - Tile color detection counts: {}, decided tile type: E
2026-06-20 12:08:55,047 - __main__ - [main.py:87] - INFO - Current position: (19, 19, 1), front direction: absDirection.SOUTH
Layer 0 (altitude=0.0cm, offset=(0.0cm, 0.0cm)):
Known map area: x=18..20, y=15..20
+   +---+   +
  U   E   B  
+---+   +---+
| E   E   E |
+---+   +   +
  U   U | E |
+   +   +   +
  U   U | E |
+   +   +   +
  U   U   E |
+   +   +   +
  U   U | S |
+   +   +---+
Layer 1 (altitude=15.0cm, offset=(-60.0cm, 0.0cm)):
Known map area: x=19..19, y=15..19
+---+
| E  
+   +
| E |
+   +
  E  
+   +
  E  
+   +
| @ |
+   +
mazeAsGraph[0][15][19] = {absDirection.NORTH: None, absDirection.EAST: None, absDirection.SOUTH: (19, 16, 0, 30), absDirection.WEST: (19, 15, 1, 60)}
mazeAsGraph[0][15][20] = {absDirection.NORTH: None, absDirection.EAST: None, absDirection.SOUTH: None, absDirection.WEST: None}
mazeAsGraph[0][16][18] = {absDirection.NORTH: None, absDirection.EAST: (19, 16, 0, 30), absDirection.SOUTH: None, absDirection.WEST: None}
mazeAsGraph[0][16][19] = {absDirection.NORTH: (19, 15, 0, 30), absDirection.EAST: (20, 16, 0, 30), absDirection.SOUTH: (19, 17, 0, 30), absDirection.WEST: (18, 16, 0, 30)}
mazeAsGraph[0][16][20] = {absDirection.NORTH: None, absDirection.EAST: None, absDirection.SOUTH: (20, 17, 0, 30), absDirection.WEST: (19, 16, 0, 30)}
mazeAsGraph[0][17][20] = {absDirection.NORTH: (20, 16, 0, 30), absDirection.EAST: None, absDirection.SOUTH: (20, 18, 0, 30), absDirection.WEST: None}
mazeAsGraph[0][18][20] = {absDirection.NORTH: (20, 17, 0, 30), absDirection.EAST: None, absDirection.SOUTH: (20, 19, 0, 30), absDirection.WEST: None}
mazeAsGraph[0][19][20] = {absDirection.NORTH: (20, 18, 0, 30), absDirection.EAST: None, absDirection.SOUTH: (20, 20, 0, 30), absDirection.WEST: (19, 19, 0, 30)}
mazeAsGraph[0][20][20] = {absDirection.NORTH: (20, 19, 0, 30), absDirection.EAST: None, absDirection.SOUTH: None, absDirection.WEST: None}
mazeAsGraph[1][15][19] = {absDirection.NORTH: None, absDirection.EAST: (19, 15, 0, 60), absDirection.SOUTH: (19, 16, 1, 30), absDirection.WEST: None}
mazeAsGraph[1][16][19] = {absDirection.NORTH: (19, 15, 1, 30), absDirection.EAST: None, absDirection.SOUTH: (19, 17, 1, 30), absDirection.WEST: None}
mazeAsGraph[1][17][19] = {absDirection.NORTH: (19, 16, 1, 30), absDirection.EAST: (20, 17, 1, 30), absDirection.SOUTH: (19, 18, 1, 30), absDirection.WEST: (18, 17, 1, 30)}
mazeAsGraph[1][18][19] = {absDirection.NORTH: (19, 17, 1, 30), absDirection.EAST: (20, 18, 1, 30), absDirection.SOUTH: (19, 19, 1, 30), absDirection.WEST: (18, 18, 1, 30)}
mazeAsGraph[1][19][19] = {absDirection.NORTH: (19, 18, 1, 30), absDirection.EAST: None, absDirection.SOUTH: (19, 20, 1, 30), absDirection.WEST: None}
2026-06-20 12:08:55,054 - mazeUtils.mazeMap - [mazeMap.py:61] - INFO - next goal: (19, 20, 1)
2026-06-20 12:08:55,060 - mazeUtils.moveTile - [moveTile.py:79] - DEBUG - Moving to absDirection.SOUTH from (19, 19, 1) facing absDirection.SOUTH
2026-06-20 12:08:55,085 - mazeUtils.moveTile - [moveTile.py:79] - DEBUG - current heading: 176.06 target: 180
2026-06-20 12:08:55,104 - mazeUtils.moveTile - [moveTile.py:403] - DEBUG - stopped turning at heading: 176.06, diff: 3.9399999999999977
2026-06-20 12:08:55,631 - mazeUtils.moveTile - [moveTile.py:79] - DEBUG - Turned to heading: 179.20000000000002 deg
2026-06-20 12:08:55,826 - picamera2.picamera2 - [picamera2.py:1391] - DEBUG - Execute job: <picamera2.job.Job object at 0x7f8d8d6a10>
2026-06-20 12:08:55,831 - mazeUtils.device.camera - [camera.py:39] - DEBUG - Average HSV: H=130.0, S=115.6, V=97.5
2026-06-20 12:08:55,863 - mazeUtils.moveTile - [moveTile.py:79] - DEBUG - roll: 1.6299999999999955 deg, practicalMoveTime: 0.04767443052797422 sec
2026-06-20 12:08:55,864 - mazeUtils.moveTile - [moveTile.py:1398] - DEBUG - moveTile loop time: 45.6 ms
2026-06-20 12:08:55,871 - picamera2.picamera2 - [picamera2.py:1391] - DEBUG - Execute job: <picamera2.job.Job object at 0x7f7b96b890>
2026-06-20 12:08:55,876 - mazeUtils.device.camera - [camera.py:39] - DEBUG - Average HSV: H=130.1, S=114.9, V=97.2
2026-06-20 12:08:55,907 - mazeUtils.moveTile - [moveTile.py:79] - DEBUG - roll: 2.019999999999982 deg, practicalMoveTime: 0.09002080300047638 sec
2026-06-20 12:08:55,907 - mazeUtils.moveTile - [moveTile.py:1398] - DEBUG - moveTile loop time: 42.5 ms
2026-06-20 12:08:55,913 - picamera2.picamera2 - [picamera2.py:1391] - DEBUG - Execute job: <picamera2.job.Job object at 0x7f7b96b890>
2026-06-20 12:08:55,918 - mazeUtils.device.camera - [camera.py:39] - DEBUG - Average HSV: H=130.4, S=113.2, V=96.1
2026-06-20 12:08:55,952 - mazeUtils.moveTile - [moveTile.py:79] - DEBUG - roll: 1.9799999999999613 deg, practicalMoveTime: 0.13487963933401362 sec
2026-06-20 12:08:55,953 - mazeUtils.moveTile - [moveTile.py:1398] - DEBUG - moveTile loop time: 45.2 ms
2026-06-20 12:08:55,959 - picamera2.picamera2 - [picamera2.py:1391] - DEBUG - Execute job: <picamera2.job.Job object at 0x7f8d8d6a10>
2026-06-20 12:08:55,963 - mazeUtils.device.camera - [camera.py:39] - DEBUG - Average HSV: H=129.1, S=115.1, V=101.2
2026-06-20 12:08:55,990 - mazeUtils.moveTile - [moveTile.py:79] - DEBUG - roll: 1.7899999999999636 deg, practicalMoveTime: 0.17179003457595024 sec
2026-06-20 12:08:55,991 - mazeUtils.moveTile - [moveTile.py:1398] - DEBUG - moveTile loop time: 37.4 ms
2026-06-20 12:08:55,996 - picamera2.picamera2 - [picamera2.py:1391] - DEBUG - Execute job: <picamera2.job.Job object at 0x7f7b96b890>
2026-06-20 12:08:56,003 - mazeUtils.device.camera - [camera.py:39] - DEBUG - Average HSV: H=129.4, S=117.3, V=98.4
2026-06-20 12:08:56,035 - mazeUtils.moveTile - [moveTile.py:79] - DEBUG - roll: 2.0299999999999727 deg, practicalMoveTime: 0.21613927280266723 sec
2026-06-20 12:08:56,036 - mazeUtils.moveTile - [moveTile.py:1398] - DEBUG - moveTile loop time: 44.5 ms
2026-06-20 12:08:56,041 - picamera2.picamera2 - [picamera2.py:1391] - DEBUG - Execute job: <picamera2.job.Job object at 0x7f7b97e010>
2026-06-20 12:08:56,046 - mazeUtils.device.camera - [camera.py:39] - DEBUG - Average HSV: H=130.6, S=116.4, V=90.3
2026-06-20 12:08:56,076 - mazeUtils.moveTile - [moveTile.py:79] - DEBUG - roll: 0.6499999999999773 deg, practicalMoveTime: 0.25629162277256173 sec
2026-06-20 12:08:56,077 - mazeUtils.moveTile - [moveTile.py:1398] - DEBUG - moveTile loop time: 40.2 ms
2026-06-20 12:08:56,082 - picamera2.picamera2 - [picamera2.py:1391] - DEBUG - Execute job: <picamera2.job.Job object at 0x7f808ee350>
2026-06-20 12:08:56,085 - mazeUtils.device.camera - [camera.py:39] - DEBUG - Average HSV: H=129.5, S=116.9, V=96.8
2026-06-20 12:08:56,116 - mazeUtils.moveTile - [moveTile.py:79] - DEBUG - roll: 1.9499999999999886 deg, practicalMoveTime: 0.29578757065696826 sec
2026-06-20 12:08:56,117 - mazeUtils.moveTile - [moveTile.py:1398] - DEBUG - moveTile loop time: 39.8 ms
2026-06-20 12:08:56,122 - picamera2.picamera2 - [picamera2.py:1391] - DEBUG - Execute job: <picamera2.job.Job object at 0x7f808fe1d0>
2026-06-20 12:08:56,125 - mazeUtils.device.camera - [camera.py:39] - DEBUG - Average HSV: H=129.7, S=115.6, V=95.5
2026-06-20 12:08:56,155 - mazeUtils.moveTile - [moveTile.py:79] - DEBUG - roll: 1.2799999999999727 deg, practicalMoveTime: 0.33413263517864883 sec
2026-06-20 12:08:56,156 - mazeUtils.moveTile - [moveTile.py:1398] - DEBUG - moveTile loop time: 38.7 ms
2026-06-20 12:08:56,163 - picamera2.picamera2 - [picamera2.py:1391] - DEBUG - Execute job: <picamera2.job.Job object at 0x7f7b97e010>
2026-06-20 12:08:56,166 - mazeUtils.device.camera - [camera.py:39] - DEBUG - Average HSV: H=129.6, S=115.8, V=95.5
2026-06-20 12:08:56,196 - mazeUtils.moveTile - [moveTile.py:79] - DEBUG - roll: 1.42999999999995 deg, practicalMoveTime: 0.3747195754269983 sec
2026-06-20 12:08:56,197 - mazeUtils.moveTile - [moveTile.py:1398] - DEBUG - moveTile loop time: 40.8 ms
2026-06-20 12:08:56,202 - picamera2.picamera2 - [picamera2.py:1391] - DEBUG - Execute job: <picamera2.job.Job object at 0x7f7b96b890>
2026-06-20 12:08:56,205 - mazeUtils.device.camera - [camera.py:39] - DEBUG - Average HSV: H=128.9, S=115.4, V=100.5
2026-06-20 12:08:56,258 - mazeUtils.moveTile - [moveTile.py:806] - INFO - Detected victim info ahead: {<Side.LEFT: 0>: <UnitVStatus.R_VICTIM: 6>, <Side.RIGHT: 1>: <UnitVStatus.NOTHING: 0>}
2026-06-20 12:09:06,378 - mazeUtils.moveTile - [moveTile.py:79] - DEBUG - Turning to 178.92000000000002 deg, current heading: 178.91000000000003 deg, turnAngle: -0.009999999999990905 deg
2026-06-20 12:09:06,399 - mazeUtils.moveTile - [moveTile.py:79] - DEBUG - Turned to heading: 178.91000000000003 deg
2026-06-20 12:09:07,225 - mazeUtils.moveTile - [moveTile.py:79] - DEBUG - Turning to 178.92000000000002 deg, current heading: 178.92000000000002 deg, turnAngle: 0.0 deg
2026-06-20 12:09:07,246 - mazeUtils.moveTile - [moveTile.py:79] - DEBUG - Turned to heading: 178.92000000000002 deg
2026-06-20 12:09:08,061 - mazeUtils.moveTile - [moveTile.py:79] - DEBUG - Turning to 178.92000000000002 deg, current heading: 178.96 deg, turnAngle: 0.03999999999999204 deg
2026-06-20 12:09:08,081 - mazeUtils.moveTile - [moveTile.py:79] - DEBUG - Turned to heading: 178.96 deg
2026-06-20 12:09:08,082 - mazeUtils.moveTile - [moveTile.py:79] - DEBUG - roll: 1.5299999999999727 deg, practicalMoveTime: 0.3747195754269983 sec
2026-06-20 12:09:08,082 - mazeUtils.moveTile - [moveTile.py:1398] - DEBUG - moveTile loop time: 11885.3 ms
2026-06-20 12:09:08,092 - picamera2.picamera2 - [picamera2.py:1391] - DEBUG - Execute job: <picamera2.job.Job object at 0x7f6975d550>
2026-06-20 12:09:08,096 - mazeUtils.device.camera - [camera.py:39] - DEBUG - Average HSV: H=127.7, S=124.1, V=98.8
2026-06-20 12:09:08,127 - mazeUtils.moveTile - [moveTile.py:79] - DEBUG - roll: 1.509999999999991 deg, practicalMoveTime: 0.4190857820107646 sec
2026-06-20 12:09:08,127 - mazeUtils.moveTile - [moveTile.py:1398] - DEBUG - moveTile loop time: 44.8 ms
2026-06-20 12:09:08,133 - picamera2.picamera2 - [picamera2.py:1391] - DEBUG - Execute job: <picamera2.job.Job object at 0x7f7b96b890>
2026-06-20 12:09:08,137 - mazeUtils.device.camera - [camera.py:39] - DEBUG - Average HSV: H=127.8, S=124.1, V=98.6
2026-06-20 12:09:08,172 - mazeUtils.moveTile - [moveTile.py:79] - DEBUG - roll: 1.5299999999999727 deg, practicalMoveTime: 0.4636772795514104 sec
2026-06-20 12:09:08,173 - mazeUtils.moveTile - [moveTile.py:1398] - DEBUG - moveTile loop time: 44.9 ms
2026-06-20 12:09:08,178 - picamera2.picamera2 - [picamera2.py:1391] - DEBUG - Execute job: <picamera2.job.Job object at 0x7f808ee410>
2026-06-20 12:09:08,183 - mazeUtils.device.camera - [camera.py:39] - DEBUG - Average HSV: H=127.8, S=123.8, V=98.7
2026-06-20 12:09:08,212 - mazeUtils.moveTile - [moveTile.py:79] - DEBUG - roll: 1.4899999999999523 deg, practicalMoveTime: 0.5027465920689272 sec
2026-06-20 12:09:08,212 - mazeUtils.moveTile - [moveTile.py:1398] - DEBUG - moveTile loop time: 39.4 ms
2026-06-20 12:09:08,226 - picamera2.picamera2 - [picamera2.py:1391] - DEBUG - Execute job: <picamera2.job.Job object at 0x7f6975d2d0>
2026-06-20 12:09:08,231 - mazeUtils.device.camera - [camera.py:39] - DEBUG - Average HSV: H=126.4, S=126.6, V=103.7
2026-06-20 12:09:08,258 - mazeUtils.moveTile - [moveTile.py:79] - DEBUG - roll: 2.1499999999999773 deg, practicalMoveTime: 0.5485800783513308 sec
2026-06-20 12:09:08,259 - mazeUtils.moveTile - [moveTile.py:1398] - DEBUG - moveTile loop time: 46.6 ms
2026-06-20 12:09:08,269 - picamera2.picamera2 - [picamera2.py:1391] - DEBUG - Execute job: <picamera2.job.Job object at 0x7f808ee410>
2026-06-20 12:09:08,274 - mazeUtils.device.camera - [camera.py:39] - DEBUG - Average HSV: H=126.6, S=127.8, V=99.0
2026-06-20 12:09:08,304 - mazeUtils.moveTile - [moveTile.py:79] - DEBUG - roll: 1.1399999999999864 deg, practicalMoveTime: 0.5931936673274765 sec
2026-06-20 12:09:08,305 - mazeUtils.moveTile - [moveTile.py:1398] - DEBUG - moveTile loop time: 44.8 ms
2026-06-20 12:09:08,310 - picamera2.picamera2 - [picamera2.py:1391] - DEBUG - Execute job: <picamera2.job.Job object at 0x7f6975d250>
2026-06-20 12:09:08,315 - mazeUtils.device.camera - [camera.py:39] - DEBUG - Average HSV: H=125.7, S=129.4, V=105.8
2026-06-20 12:09:08,344 - mazeUtils.moveTile - [moveTile.py:79] - DEBUG - roll: 2.4799999999999613 deg, practicalMoveTime: 0.6330025287352655 sec
2026-06-20 12:09:08,346 - mazeUtils.moveTile - [moveTile.py:1398] - DEBUG - moveTile loop time: 40.5 ms
2026-06-20 12:09:08,351 - picamera2.picamera2 - [picamera2.py:1391] - DEBUG - Execute job: <picamera2.job.Job object at 0x7f6975d450>
2026-06-20 12:09:08,358 - mazeUtils.device.camera - [camera.py:39] - DEBUG - Average HSV: H=124.5, S=133.2, V=111.0
2026-06-20 12:09:08,387 - mazeUtils.moveTile - [moveTile.py:79] - DEBUG - roll: 0.8599999999999568 deg, practicalMoveTime: 0.6742082995506512 sec
2026-06-20 12:09:08,387 - mazeUtils.moveTile - [moveTile.py:1398] - DEBUG - moveTile loop time: 41.2 ms
2026-06-20 12:09:08,393 - picamera2.picamera2 - [picamera2.py:1391] - DEBUG - Execute job: <picamera2.job.Job object at 0x7f6975d390>
2026-06-20 12:09:08,398 - mazeUtils.device.camera - [camera.py:39] - DEBUG - Average HSV: H=123.8, S=136.0, V=110.4
2026-06-20 12:09:08,431 - mazeUtils.moveTile - [moveTile.py:79] - DEBUG - roll: 1.589999999999975 deg, practicalMoveTime: 0.7179243427591424 sec
2026-06-20 12:09:08,432 - mazeUtils.moveTile - [moveTile.py:1398] - DEBUG - moveTile loop time: 44.0 ms
2026-06-20 12:09:08,437 - picamera2.picamera2 - [picamera2.py:1391] - DEBUG - Execute job: <picamera2.job.Job object at 0x7f7b96b890>
2026-06-20 12:09:08,442 - mazeUtils.device.camera - [camera.py:39] - DEBUG - Average HSV: H=122.5, S=140.9, V=118.1
2026-06-20 12:09:08,475 - mazeUtils.moveTile - [moveTile.py:79] - DEBUG - roll: 2.5 deg, practicalMoveTime: 0.7613088094375571 sec
2026-06-20 12:09:08,476 - mazeUtils.moveTile - [moveTile.py:1398] - DEBUG - moveTile loop time: 44.0 ms
2026-06-20 12:09:08,484 - picamera2.picamera2 - [picamera2.py:1391] - DEBUG - Execute job: <picamera2.job.Job object at 0x7f808ee410>
2026-06-20 12:09:08,489 - mazeUtils.device.camera - [camera.py:39] - DEBUG - Average HSV: H=121.2, S=146.6, V=126.7
2026-06-20 12:09:08,523 - mazeUtils.moveTile - [moveTile.py:79] - DEBUG - roll: 2.0 deg, practicalMoveTime: 0.8085450696398633 sec
2026-06-20 12:09:08,524 - mazeUtils.moveTile - [moveTile.py:1398] - DEBUG - moveTile loop time: 47.3 ms
2026-06-20 12:09:08,530 - picamera2.picamera2 - [picamera2.py:1391] - DEBUG - Execute job: <picamera2.job.Job object at 0x7f6975d610>
2026-06-20 12:09:08,535 - mazeUtils.device.camera - [camera.py:39] - DEBUG - Average HSV: H=120.4, S=152.5, V=126.7
2026-06-20 12:09:08,564 - mazeUtils.moveTile - [moveTile.py:1344] - INFO - practicalVerticalMove: 0.8955715077433443 CM
2026-06-20 12:09:08,610 - mazeUtils.moveTile - [moveTile.py:79] - DEBUG - Little forward to adjust position
2026-06-20 12:09:08,798 - mazeUtils.moveTile - [moveTile.py:1603] - INFO - Set moved vertical distance: 0.8955715077433443 cm, past distances: [(1.108186860081755, False), (0.2586614755022478, False), (0, False)]
2026-06-20 12:09:08,883 - mazeUtils.moveTile - [moveTile.py:528] - DEBUG - Direction: absDirection.NORTH, Angle: 180, Distance: 167.02600581050862 cm
2026-06-20 12:09:08,885 - mazeUtils.moveTile - [moveTile.py:528] - DEBUG - Direction: absDirection.EAST, Angle: 90, Distance: 14.652777787063394 cm
2026-06-20 12:09:08,888 - mazeUtils.moveTile - [moveTile.py:528] - DEBUG - Direction: absDirection.SOUTH, Angle: 0, Distance: 13.370152194898413 cm
2026-06-20 12:09:08,888 - mazeUtils.moveTile - [moveTile.py:551] - DEBUG - Front LiDAR distance: 13.370152194898413 cm, TSD10 distance: 18.9 cm
2026-06-20 12:09:08,890 - mazeUtils.moveTile - [moveTile.py:528] - DEBUG - Direction: absDirection.WEST, Angle: 270, Distance: 82.05308085938329 cm
2026-06-20 12:09:08,893 - mazeUtils.moveTile - [moveTile.py:1724] - INFO - Tile color detection counts: {}, decided tile type: E
2026-06-20 12:09:08,988 - __main__ - [main.py:87] - INFO - Current position: (19, 20, 1), front direction: absDirection.SOUTH
Layer 0 (altitude=0.0cm, offset=(0.0cm, 0.0cm)):
Known map area: x=18..20, y=15..20
+   +---+   +
  U   E   B  
+---+   +---+
| E   E   E |
+---+   +   +
  U   U | E |
+   +   +   +
  U   U | E |
+   +   +   +
  U   U   E |
+   +   +   +
  U   U | S |
+   +   +---+
Layer 1 (altitude=15.0cm, offset=(-60.0cm, 0.0cm)):
Known map area: x=19..19, y=15..20
+---+
| E  
+   +
| E |
+   +
  E  
+   +
  E  
+   +
| E |
+   +
  @ |
+---+
mazeAsGraph[0][15][19] = {absDirection.NORTH: None, absDirection.EAST: None, absDirection.SOUTH: (19, 16, 0, 30), absDirection.WEST: (19, 15, 1, 60)}
mazeAsGraph[0][15][20] = {absDirection.NORTH: None, absDirection.EAST: None, absDirection.SOUTH: None, absDirection.WEST: None}
mazeAsGraph[0][16][18] = {absDirection.NORTH: None, absDirection.EAST: (19, 16, 0, 30), absDirection.SOUTH: None, absDirection.WEST: None}
mazeAsGraph[0][16][19] = {absDirection.NORTH: (19, 15, 0, 30), absDirection.EAST: (20, 16, 0, 30), absDirection.SOUTH: (19, 17, 0, 30), absDirection.WEST: (18, 16, 0, 30)}
mazeAsGraph[0][16][20] = {absDirection.NORTH: None, absDirection.EAST: None, absDirection.SOUTH: (20, 17, 0, 30), absDirection.WEST: (19, 16, 0, 30)}
mazeAsGraph[0][17][20] = {absDirection.NORTH: (20, 16, 0, 30), absDirection.EAST: None, absDirection.SOUTH: (20, 18, 0, 30), absDirection.WEST: None}
mazeAsGraph[0][18][20] = {absDirection.NORTH: (20, 17, 0, 30), absDirection.EAST: None, absDirection.SOUTH: (20, 19, 0, 30), absDirection.WEST: None}
mazeAsGraph[0][19][20] = {absDirection.NORTH: (20, 18, 0, 30), absDirection.EAST: None, absDirection.SOUTH: (20, 20, 0, 30), absDirection.WEST: (19, 19, 0, 30)}
mazeAsGraph[0][20][20] = {absDirection.NORTH: (20, 19, 0, 30), absDirection.EAST: None, absDirection.SOUTH: None, absDirection.WEST: None}
mazeAsGraph[1][15][19] = {absDirection.NORTH: None, absDirection.EAST: (19, 15, 0, 60), absDirection.SOUTH: (19, 16, 1, 30), absDirection.WEST: None}
mazeAsGraph[1][16][19] = {absDirection.NORTH: (19, 15, 1, 30), absDirection.EAST: None, absDirection.SOUTH: (19, 17, 1, 30), absDirection.WEST: None}
mazeAsGraph[1][17][19] = {absDirection.NORTH: (19, 16, 1, 30), absDirection.EAST: (20, 17, 1, 30), absDirection.SOUTH: (19, 18, 1, 30), absDirection.WEST: (18, 17, 1, 30)}
mazeAsGraph[1][18][19] = {absDirection.NORTH: (19, 17, 1, 30), absDirection.EAST: (20, 18, 1, 30), absDirection.SOUTH: (19, 19, 1, 30), absDirection.WEST: (18, 18, 1, 30)}
mazeAsGraph[1][19][19] = {absDirection.NORTH: (19, 18, 1, 30), absDirection.EAST: None, absDirection.SOUTH: (19, 20, 1, 30), absDirection.WEST: None}
mazeAsGraph[1][20][19] = {absDirection.NORTH: (19, 19, 1, 30), absDirection.EAST: None, absDirection.SOUTH: None, absDirection.WEST: (18, 20, 1, 30)}
2026-06-20 12:09:09,001 - mazeUtils.mazeMap - [mazeMap.py:61] - INFO - next goal: (18, 20, 1)
2026-06-20 12:09:09,010 - mazeUtils.moveTile - [moveTile.py:79] - DEBUG - Moving to absDirection.WEST from (19, 20, 1) facing absDirection.SOUTH
2026-06-20 12:09:09,036 - mazeUtils.moveTile - [moveTile.py:79] - DEBUG - current heading: 177.0 target: 135
2026-06-20 12:09:09,475 - mazeUtils.moveTile - [moveTile.py:403] - DEBUG - stopped turning at heading: 138.71, diff: 3.710000000000008
2026-06-20 12:09:09,528 - mazeUtils.moveTile - [moveTile.py:79] - DEBUG - Turned to heading: 135.06 deg
2026-06-20 12:09:10,060 - mazeUtils.moveTile - [moveTile.py:79] - DEBUG - current heading: 130.8 target: 90
2026-06-20 12:09:10,493 - mazeUtils.moveTile - [moveTile.py:403] - DEBUG - stopped turning at heading: 92.70000000000005, diff: 2.7000000000000455
2026-06-20 12:09:10,542 - mazeUtils.moveTile - [moveTile.py:79] - DEBUG - Turned to heading: 89.33000000000004 deg
2026-06-20 12:09:10,594 - mazeUtils.moveTile - [moveTile.py:79] - DEBUG - Little backward to adjust position
2026-06-20 12:09:10,898 - picamera2.picamera2 - [picamera2.py:1391] - DEBUG - Execute job: <picamera2.job.Job object at 0x7f8d8af510>
2026-06-20 12:09:10,901 - mazeUtils.device.camera - [camera.py:39] - DEBUG - Average HSV: H=127.8, S=136.8, V=72.5
2026-06-20 12:09:10,957 - mazeUtils.moveTile - [moveTile.py:854] - INFO - Detected victim info during movement needing rescue kit drop: {<Side.LEFT: 0>: <UnitVStatus.H_VICTIM: 3>, <Side.RIGHT: 1>: <UnitVStatus.NOTHING: 0>}
2026-06-20 12:09:21,066 - mazeUtils.moveTile - [moveTile.py:79] - DEBUG - Turning to 85.92000000000002 deg, current heading: 85.92000000000002 deg, turnAngle: 0.0 deg
2026-06-20 12:09:21,086 - mazeUtils.moveTile - [moveTile.py:79] - DEBUG - Turned to heading: 85.92000000000002 deg
2026-06-20 12:09:21,913 - mazeUtils.moveTile - [moveTile.py:79] - DEBUG - Turning to 85.93 deg, current heading: 85.93 deg, turnAngle: 0.0 deg
2026-06-20 12:09:21,933 - mazeUtils.moveTile - [moveTile.py:79] - DEBUG - Turned to heading: 85.93 deg
2026-06-20 12:09:22,755 - mazeUtils.moveTile - [moveTile.py:79] - DEBUG - Turning to 85.92000000000002 deg, current heading: 85.96000000000004 deg, turnAngle: 0.040000000000020464 deg
2026-06-20 12:09:22,782 - mazeUtils.moveTile - [moveTile.py:79] - DEBUG - Turned to heading: 85.96000000000004 deg
2026-06-20 12:09:22,783 - mazeUtils.moveTile - [moveTile.py:79] - DEBUG - roll: 1.9599999999999795 deg, practicalMoveTime: 0.0 sec
2026-06-20 12:09:22,784 - mazeUtils.moveTile - [moveTile.py:1398] - DEBUG - moveTile loop time: 11893.7 ms
2026-06-20 12:09:22,795 - picamera2.picamera2 - [picamera2.py:1391] - DEBUG - Execute job: <picamera2.job.Job object at 0x7f8d8cb050>
2026-06-20 12:09:22,799 - mazeUtils.device.camera - [camera.py:39] - DEBUG - Average HSV: H=126.1, S=147.6, V=70.6
2026-06-20 12:09:22,830 - mazeUtils.moveTile - [moveTile.py:79] - DEBUG - roll: 1.9599999999999795 deg, practicalMoveTime: 0.04579176102775923 sec
2026-06-20 12:09:22,831 - mazeUtils.moveTile - [moveTile.py:1398] - DEBUG - moveTile loop time: 46.1 ms
2026-06-20 12:09:22,838 - picamera2.picamera2 - [picamera2.py:1391] - DEBUG - Execute job: <picamera2.job.Job object at 0x7f8d8cb350>
2026-06-20 12:09:22,843 - mazeUtils.device.camera - [camera.py:39] - DEBUG - Average HSV: H=126.0, S=147.9, V=70.9
2026-06-20 12:09:22,885 - mazeUtils.moveTile - [moveTile.py:79] - DEBUG - roll: 1.9799999999999613 deg, practicalMoveTime: 0.09904316276594022 sec
2026-06-20 12:09:22,885 - mazeUtils.moveTile - [moveTile.py:1398] - DEBUG - moveTile loop time: 53.5 ms
2026-06-20 12:09:22,890 - picamera2.picamera2 - [picamera2.py:1391] - DEBUG - Execute job: <picamera2.job.Job object at 0x7f8d8af510>
2026-06-20 12:09:22,895 - mazeUtils.device.camera - [camera.py:39] - DEBUG - Average HSV: H=126.1, S=147.2, V=70.8
2026-06-20 12:09:22,925 - mazeUtils.moveTile - [moveTile.py:79] - DEBUG - roll: 1.8799999999999955 deg, practicalMoveTime: 0.13817351879269638 sec
2026-06-20 12:09:22,926 - mazeUtils.moveTile - [moveTile.py:1398] - DEBUG - moveTile loop time: 39.5 ms
2026-06-20 12:09:22,933 - picamera2.picamera2 - [picamera2.py:1391] - DEBUG - Execute job: <picamera2.job.Job object at 0x7f8d8cb050>
2026-06-20 12:09:22,937 - mazeUtils.device.camera - [camera.py:39] - DEBUG - Average HSV: H=126.3, S=148.3, V=70.3
2026-06-20 12:09:22,977 - mazeUtils.moveTile - [moveTile.py:79] - DEBUG - roll: 1.7799999999999727 deg, practicalMoveTime: 0.18951720660921778 sec
2026-06-20 12:09:22,978 - mazeUtils.moveTile - [moveTile.py:1398] - DEBUG - moveTile loop time: 51.9 ms
2026-06-20 12:09:22,985 - picamera2.picamera2 - [picamera2.py:1391] - DEBUG - Execute job: <picamera2.job.Job object at 0x7f8acfe590>
2026-06-20 12:09:22,990 - mazeUtils.device.camera - [camera.py:39] - DEBUG - Average HSV: H=126.8, S=151.9, V=65.7
2026-06-20 12:09:23,019 - mazeUtils.moveTile - [moveTile.py:79] - DEBUG - roll: 1.8199999999999932 deg, practicalMoveTime: 0.23029981687396153 sec
2026-06-20 12:09:23,020 - mazeUtils.moveTile - [moveTile.py:1398] - DEBUG - moveTile loop time: 41.1 ms
2026-06-20 12:09:23,025 - picamera2.picamera2 - [picamera2.py:1391] - DEBUG - Execute job: <picamera2.job.Job object at 0x7f8acfef10>
2026-06-20 12:09:23,031 - mazeUtils.device.camera - [camera.py:39] - DEBUG - Average HSV: H=125.3, S=148.9, V=71.5
2026-06-20 12:09:23,060 - mazeUtils.moveTile - [moveTile.py:79] - DEBUG - roll: 2.589999999999975 deg, practicalMoveTime: 0.2705456803758794 sec
2026-06-20 12:09:23,061 - mazeUtils.moveTile - [moveTile.py:1398] - DEBUG - moveTile loop time: 40.6 ms
2026-06-20 12:09:23,068 - picamera2.picamera2 - [picamera2.py:1391] - DEBUG - Execute job: <picamera2.job.Job object at 0x7f8d8b4910>
2026-06-20 12:09:23,073 - mazeUtils.device.camera - [camera.py:39] - DEBUG - Average HSV: H=125.1, S=147.7, V=71.4
2026-06-20 12:09:23,106 - mazeUtils.moveTile - [moveTile.py:79] - DEBUG - roll: 0.9599999999999795 deg, practicalMoveTime: 0.3157935587911847 sec
2026-06-20 12:09:23,107 - mazeUtils.moveTile - [moveTile.py:1398] - DEBUG - moveTile loop time: 45.9 ms
2026-06-20 12:09:23,117 - picamera2.picamera2 - [picamera2.py:1391] - DEBUG - Execute job: <picamera2.job.Job object at 0x7f8acfe110>
2026-06-20 12:09:23,122 - mazeUtils.device.camera - [camera.py:39] - DEBUG - Average HSV: H=124.7, S=156.2, V=71.5
2026-06-20 12:09:23,157 - mazeUtils.moveTile - [moveTile.py:79] - DEBUG - roll: 2.359999999999957 deg, practicalMoveTime: 0.36510505945312133 sec
2026-06-20 12:09:23,157 - mazeUtils.moveTile - [moveTile.py:1398] - DEBUG - moveTile loop time: 49.6 ms
2026-06-20 12:09:23,161 - picamera2.picamera2 - [picamera2.py:1391] - DEBUG - Execute job: <picamera2.job.Job object at 0x7f7b96a510>
2026-06-20 12:09:23,166 - mazeUtils.device.camera - [camera.py:39] - DEBUG - Average HSV: H=125.7, S=144.2, V=68.7
2026-06-20 12:09:23,195 - mazeUtils.moveTile - [moveTile.py:79] - DEBUG - roll: 1.75 deg, practicalMoveTime: 0.4033917611889557 sec
2026-06-20 12:09:23,196 - mazeUtils.moveTile - [moveTile.py:1398] - DEBUG - moveTile loop time: 38.9 ms
2026-06-20 12:09:23,202 - picamera2.picamera2 - [picamera2.py:1391] - DEBUG - Execute job: <picamera2.job.Job object at 0x7f7b96a4d0>
2026-06-20 12:09:23,207 - mazeUtils.device.camera - [camera.py:39] - DEBUG - Average HSV: H=125.8, S=145.3, V=66.9
2026-06-20 12:09:23,236 - mazeUtils.moveTile - [moveTile.py:79] - DEBUG - roll: 0.5499999999999545 deg, practicalMoveTime: 0.44322442525196465 sec
2026-06-20 12:09:23,237 - mazeUtils.moveTile - [moveTile.py:1398] - DEBUG - moveTile loop time: 40.2 ms
2026-06-20 12:09:23,244 - picamera2.picamera2 - [picamera2.py:1391] - DEBUG - Execute job: <picamera2.job.Job object at 0x7f8acfe110>
2026-06-20 12:09:23,250 - mazeUtils.device.camera - [camera.py:39] - DEBUG - Average HSV: H=125.3, S=145.7, V=69.7
2026-06-20 12:09:23,277 - mazeUtils.moveTile - [moveTile.py:79] - DEBUG - roll: 2.6299999999999955 deg, practicalMoveTime: 0.48367859534131996 sec
2026-06-20 12:09:23,278 - mazeUtils.moveTile - [moveTile.py:1398] - DEBUG - moveTile loop time: 41.1 ms
2026-06-20 12:09:23,284 - picamera2.picamera2 - [picamera2.py:1391] - DEBUG - Execute job: <picamera2.job.Job object at 0x7f8acfe110>
2026-06-20 12:09:23,289 - mazeUtils.device.camera - [camera.py:39] - DEBUG - Average HSV: H=125.2, S=139.4, V=69.3
2026-06-20 12:09:23,318 - mazeUtils.moveTile - [moveTile.py:79] - DEBUG - roll: 0.19999999999998863 deg, practicalMoveTime: 0.522797600635327 sec
2026-06-20 12:09:23,318 - mazeUtils.moveTile - [moveTile.py:1398] - DEBUG - moveTile loop time: 39.3 ms
2026-06-20 12:09:23,324 - picamera2.picamera2 - [picamera2.py:1391] - DEBUG - Execute job: <picamera2.job.Job object at 0x7f7b96a510>
2026-06-20 12:09:23,330 - mazeUtils.device.camera - [camera.py:39] - DEBUG - Average HSV: H=125.7, S=139.9, V=67.0
2026-06-20 12:09:23,366 - mazeUtils.moveTile - [moveTile.py:79] - DEBUG - roll: 1.0 deg, practicalMoveTime: 0.5704225634251306 sec
2026-06-20 12:09:23,367 - mazeUtils.moveTile - [moveTile.py:1398] - DEBUG - moveTile loop time: 47.9 ms
2026-06-20 12:09:23,372 - picamera2.picamera2 - [picamera2.py:1391] - DEBUG - Execute job: <picamera2.job.Job object at 0x7f7b96b890>
2026-06-20 12:09:23,377 - mazeUtils.device.camera - [camera.py:39] - DEBUG - Average HSV: H=125.7, S=138.8, V=67.6
2026-06-20 12:09:23,408 - mazeUtils.moveTile - [moveTile.py:79] - DEBUG - roll: 2.009999999999991 deg, practicalMoveTime: 0.6113302720154057 sec
2026-06-20 12:09:23,408 - mazeUtils.moveTile - [moveTile.py:1398] - DEBUG - moveTile loop time: 41.2 ms
2026-06-20 12:09:23,415 - picamera2.picamera2 - [picamera2.py:1391] - DEBUG - Execute job: <picamera2.job.Job object at 0x7f7b96a510>
2026-06-20 12:09:23,420 - mazeUtils.device.camera - [camera.py:39] - DEBUG - Average HSV: H=125.8, S=139.4, V=66.4
2026-06-20 12:09:23,449 - mazeUtils.moveTile - [moveTile.py:79] - DEBUG - roll: 2.009999999999991 deg, practicalMoveTime: 0.6519956580985525 sec
2026-06-20 12:09:23,450 - mazeUtils.moveTile - [moveTile.py:1398] - DEBUG - moveTile loop time: 41.0 ms
2026-06-20 12:09:23,459 - picamera2.picamera2 - [picamera2.py:1391] - DEBUG - Execute job: <picamera2.job.Job object at 0x7f8d8c8750>
2026-06-20 12:09:23,464 - mazeUtils.device.camera - [camera.py:39] - DEBUG - Average HSV: H=125.4, S=148.6, V=63.2
2026-06-20 12:09:23,491 - mazeUtils.moveTile - [moveTile.py:79] - DEBUG - roll: 1.8700000000000045 deg, practicalMoveTime: 0.6936042321193711 sec
2026-06-20 12:09:23,492 - mazeUtils.moveTile - [moveTile.py:1398] - DEBUG - moveTile loop time: 41.9 ms
2026-06-20 12:09:23,499 - picamera2.picamera2 - [picamera2.py:1391] - DEBUG - Execute job: <picamera2.job.Job object at 0x7f8d8cb350>
2026-06-20 12:09:23,504 - mazeUtils.device.camera - [camera.py:39] - DEBUG - Average HSV: H=124.9, S=143.5, V=68.3
2026-06-20 12:09:23,548 - mazeUtils.moveTile - [moveTile.py:79] - DEBUG - roll: 2.4499999999999886 deg, practicalMoveTime: 0.7501225748887752 sec
2026-06-20 12:09:23,549 - mazeUtils.moveTile - [moveTile.py:1398] - DEBUG - moveTile loop time: 57.0 ms
2026-06-20 12:09:23,555 - picamera2.picamera2 - [picamera2.py:1391] - DEBUG - Execute job: <picamera2.job.Job object at 0x7f8d8b4910>
2026-06-20 12:09:23,559 - mazeUtils.device.camera - [camera.py:39] - DEBUG - Average HSV: H=124.3, S=145.3, V=69.0
2026-06-20 12:09:23,588 - mazeUtils.moveTile - [moveTile.py:79] - DEBUG - roll: 1.329999999999984 deg, practicalMoveTime: 0.7892174549690087 sec
2026-06-20 12:09:23,589 - mazeUtils.moveTile - [moveTile.py:1398] - DEBUG - moveTile loop time: 39.4 ms
2026-06-20 12:09:23,596 - picamera2.picamera2 - [picamera2.py:1391] - DEBUG - Execute job: <picamera2.job.Job object at 0x7f8d8cb050>
2026-06-20 12:09:23,600 - mazeUtils.device.camera - [camera.py:39] - DEBUG - Average HSV: H=123.6, S=154.8, V=67.9
2026-06-20 12:09:23,635 - mazeUtils.moveTile - [moveTile.py:79] - DEBUG - roll: 3.0600000000000023 deg, practicalMoveTime: 0.8351892494558346 sec
2026-06-20 12:09:23,636 - mazeUtils.moveTile - [moveTile.py:1398] - DEBUG - moveTile loop time: 46.6 ms
2026-06-20 12:09:23,641 - picamera2.picamera2 - [picamera2.py:1391] - DEBUG - Execute job: <picamera2.job.Job object at 0x7f7b96a510>
2026-06-20 12:09:23,647 - mazeUtils.device.camera - [camera.py:39] - DEBUG - Average HSV: H=123.4, S=151.3, V=68.7
2026-06-20 12:09:23,676 - mazeUtils.moveTile - [moveTile.py:1344] - INFO - practicalVerticalMove: 0.9966742018798095 CM
2026-06-20 12:09:23,725 - mazeUtils.moveTile - [moveTile.py:1603] - INFO - Set moved vertical distance: 0.9966742018798095 cm, past distances: [(0.8955715077433443, False), (1.108186860081755, False), (0.2586614755022478, False)]
2026-06-20 12:09:23,772 - mazeUtils.moveTile - [moveTile.py:528] - DEBUG - Direction: absDirection.NORTH, Angle: 270, Distance: 47.70088377557091 cm
2026-06-20 12:09:23,774 - mazeUtils.moveTile - [moveTile.py:528] - DEBUG - Direction: absDirection.EAST, Angle: 180, Distance: 51.2486381871535 cm
2026-06-20 12:09:23,776 - mazeUtils.moveTile - [moveTile.py:528] - DEBUG - Direction: absDirection.SOUTH, Angle: 90, Distance: 18.863977013708475 cm
2026-06-20 12:09:23,777 - mazeUtils.moveTile - [moveTile.py:528] - DEBUG - Direction: absDirection.WEST, Angle: 0, Distance: 48.672905250580186 cm
2026-06-20 12:09:23,778 - mazeUtils.moveTile - [moveTile.py:551] - DEBUG - Front LiDAR distance: 48.672905250580186 cm, TSD10 distance: 35.2 cm
2026-06-20 12:09:23,780 - mazeUtils.moveTile - [moveTile.py:1724] - INFO - Tile color detection counts: {}, decided tile type: E
2026-06-20 12:09:23,876 - __main__ - [main.py:87] - INFO - Current position: (18, 20, 1), front direction: absDirection.WEST
Layer 0 (altitude=0.0cm, offset=(0.0cm, 0.0cm)):
Known map area: x=18..20, y=15..20
+   +---+   +
  U   E   B  
+---+   +---+
| E   E   E |
+---+   +   +
  U   U | E |
+   +   +   +
  U   U | E |
+   +   +   +
  U   U   E |
+   +   +   +
  U   U | S |
+   +   +---+
Layer 1 (altitude=15.0cm, offset=(-60.0cm, 0.0cm)):
Known map area: x=18..19, y=15..20
+   +---+
  U | E  
+   +   +
  U | E |
+   +   +
  U   E  
+   +   +
  U   E  
+   +   +
  U | E |
+   +   +
  @   E |
+---+---+
mazeAsGraph[0][15][19] = {absDirection.NORTH: None, absDirection.EAST: None, absDirection.SOUTH: (19, 16, 0, 30), absDirection.WEST: (19, 15, 1, 60)}
mazeAsGraph[0][15][20] = {absDirection.NORTH: None, absDirection.EAST: None, absDirection.SOUTH: None, absDirection.WEST: None}
mazeAsGraph[0][16][18] = {absDirection.NORTH: None, absDirection.EAST: (19, 16, 0, 30), absDirection.SOUTH: None, absDirection.WEST: None}
mazeAsGraph[0][16][19] = {absDirection.NORTH: (19, 15, 0, 30), absDirection.EAST: (20, 16, 0, 30), absDirection.SOUTH: (19, 17, 0, 30), absDirection.WEST: (18, 16, 0, 30)}
mazeAsGraph[0][16][20] = {absDirection.NORTH: None, absDirection.EAST: None, absDirection.SOUTH: (20, 17, 0, 30), absDirection.WEST: (19, 16, 0, 30)}
mazeAsGraph[0][17][20] = {absDirection.NORTH: (20, 16, 0, 30), absDirection.EAST: None, absDirection.SOUTH: (20, 18, 0, 30), absDirection.WEST: None}
mazeAsGraph[0][18][20] = {absDirection.NORTH: (20, 17, 0, 30), absDirection.EAST: None, absDirection.SOUTH: (20, 19, 0, 30), absDirection.WEST: None}
mazeAsGraph[0][19][20] = {absDirection.NORTH: (20, 18, 0, 30), absDirection.EAST: None, absDirection.SOUTH: (20, 20, 0, 30), absDirection.WEST: (19, 19, 0, 30)}
mazeAsGraph[0][20][20] = {absDirection.NORTH: (20, 19, 0, 30), absDirection.EAST: None, absDirection.SOUTH: None, absDirection.WEST: None}
mazeAsGraph[1][15][19] = {absDirection.NORTH: None, absDirection.EAST: (19, 15, 0, 60), absDirection.SOUTH: (19, 16, 1, 30), absDirection.WEST: None}
mazeAsGraph[1][16][19] = {absDirection.NORTH: (19, 15, 1, 30), absDirection.EAST: None, absDirection.SOUTH: (19, 17, 1, 30), absDirection.WEST: None}
mazeAsGraph[1][17][19] = {absDirection.NORTH: (19, 16, 1, 30), absDirection.EAST: (20, 17, 1, 30), absDirection.SOUTH: (19, 18, 1, 30), absDirection.WEST: (18, 17, 1, 30)}
mazeAsGraph[1][18][19] = {absDirection.NORTH: (19, 17, 1, 30), absDirection.EAST: (20, 18, 1, 30), absDirection.SOUTH: (19, 19, 1, 30), absDirection.WEST: (18, 18, 1, 30)}
mazeAsGraph[1][19][19] = {absDirection.NORTH: (19, 18, 1, 30), absDirection.EAST: None, absDirection.SOUTH: (19, 20, 1, 30), absDirection.WEST: None}
mazeAsGraph[1][20][18] = {absDirection.NORTH: (18, 19, 1, 30), absDirection.EAST: (19, 20, 1, 30), absDirection.SOUTH: None, absDirection.WEST: (17, 20, 1, 30)}
mazeAsGraph[1][20][19] = {absDirection.NORTH: (19, 19, 1, 30), absDirection.EAST: None, absDirection.SOUTH: None, absDirection.WEST: (18, 20, 1, 30)}
2026-06-20 12:09:23,883 - mazeUtils.mazeMap - [mazeMap.py:61] - INFO - next goal: (17, 20, 1)
2026-06-20 12:09:23,894 - mazeUtils.moveTile - [moveTile.py:79] - DEBUG - Moving to absDirection.WEST from (18, 20, 1) facing absDirection.WEST
2026-06-20 12:09:23,924 - mazeUtils.moveTile - [moveTile.py:79] - DEBUG - current heading: 86.53000000000003 target: 90
2026-06-20 12:09:23,943 - mazeUtils.moveTile - [moveTile.py:403] - DEBUG - stopped turning at heading: 86.53000000000003, diff: 3.4699999999999704
2026-06-20 12:09:24,427 - mazeUtils.moveTile - [moveTile.py:79] - DEBUG - Turned to heading: 89.22000000000003 deg
2026-06-20 12:09:24,578 - picamera2.picamera2 - [picamera2.py:1391] - DEBUG - Execute job: <picamera2.job.Job object at 0x7f69721fd0>
2026-06-20 12:09:24,581 - mazeUtils.device.camera - [camera.py:39] - DEBUG - Average HSV: H=121.4, S=162.8, V=71.3
2026-06-20 12:09:24,614 - mazeUtils.moveTile - [moveTile.py:79] - DEBUG - roll: 0.8499999999999659 deg, practicalMoveTime: 0.04345940096405055 sec
2026-06-20 12:09:24,614 - mazeUtils.moveTile - [moveTile.py:1398] - DEBUG - moveTile loop time: 42.4 ms
2026-06-20 12:09:24,621 - picamera2.picamera2 - [picamera2.py:1391] - DEBUG - Execute job: <picamera2.job.Job object at 0x7f8ad20390>
2026-06-20 12:09:24,624 - mazeUtils.device.camera - [camera.py:39] - DEBUG - Average HSV: H=121.4, S=163.4, V=72.3
2026-06-20 12:09:24,655 - mazeUtils.moveTile - [moveTile.py:79] - DEBUG - roll: 1.25 deg, practicalMoveTime: 0.08387293617878877 sec
2026-06-20 12:09:24,655 - mazeUtils.moveTile - [moveTile.py:1398] - DEBUG - moveTile loop time: 40.6 ms
2026-06-20 12:09:24,659 - picamera2.picamera2 - [picamera2.py:1391] - DEBUG - Execute job: <picamera2.job.Job object at 0x7f8acfe590>
2026-06-20 12:09:24,662 - mazeUtils.device.camera - [camera.py:39] - DEBUG - Average HSV: H=121.2, S=163.7, V=73.4
2026-06-20 12:09:24,698 - mazeUtils.moveTile - [moveTile.py:79] - DEBUG - roll: 1.1200000000000045 deg, practicalMoveTime: 0.12594124675228335 sec
2026-06-20 12:09:24,698 - mazeUtils.moveTile - [moveTile.py:1398] - DEBUG - moveTile loop time: 42.5 ms
2026-06-20 12:09:24,704 - picamera2.picamera2 - [picamera2.py:1391] - DEBUG - Execute job: <picamera2.job.Job object at 0x7f8acfef10>
2026-06-20 12:09:24,709 - mazeUtils.device.camera - [camera.py:39] - DEBUG - Average HSV: H=120.6, S=165.5, V=73.5
2026-06-20 12:09:24,742 - mazeUtils.moveTile - [moveTile.py:79] - DEBUG - roll: 0.9899999999999523 deg, practicalMoveTime: 0.17015151758231228 sec
2026-06-20 12:09:24,743 - mazeUtils.moveTile - [moveTile.py:1398] - DEBUG - moveTile loop time: 44.6 ms
2026-06-20 12:09:24,747 - picamera2.picamera2 - [picamera2.py:1391] - DEBUG - Execute job: <picamera2.job.Job object at 0x7f8086e6d0>
2026-06-20 12:09:24,750 - mazeUtils.device.camera - [camera.py:39] - DEBUG - Average HSV: H=119.9, S=171.3, V=74.5
2026-06-20 12:09:24,781 - mazeUtils.moveTile - [moveTile.py:79] - DEBUG - roll: 359.84 deg, practicalMoveTime: 0.20792354895469625 sec
2026-06-20 12:09:24,781 - mazeUtils.moveTile - [moveTile.py:1398] - DEBUG - moveTile loop time: 37.9 ms
2026-06-20 12:09:24,785 - picamera2.picamera2 - [picamera2.py:1391] - DEBUG - Execute job: <picamera2.job.Job object at 0x7f808d3fd0>
2026-06-20 12:09:24,789 - mazeUtils.device.camera - [camera.py:39] - DEBUG - Average HSV: H=119.5, S=173.9, V=76.8
2026-06-20 12:09:24,815 - mazeUtils.moveTile - [moveTile.py:79] - DEBUG - roll: 1.7299999999999613 deg, practicalMoveTime: 0.2419279893710097 sec
2026-06-20 12:09:24,816 - mazeUtils.moveTile - [moveTile.py:1398] - DEBUG - moveTile loop time: 34.2 ms
2026-06-20 12:09:24,822 - picamera2.picamera2 - [picamera2.py:1391] - DEBUG - Execute job: <picamera2.job.Job object at 0x7f94ae9950>
2026-06-20 12:09:24,825 - mazeUtils.device.camera - [camera.py:39] - DEBUG - Average HSV: H=119.3, S=174.4, V=78.6
2026-06-20 12:09:24,866 - mazeUtils.moveTile - [moveTile.py:79] - DEBUG - roll: 1.4099999999999682 deg, practicalMoveTime: 0.2918584592419402 sec
2026-06-20 12:09:24,866 - mazeUtils.moveTile - [moveTile.py:1398] - DEBUG - moveTile loop time: 50.2 ms
2026-06-20 12:09:24,871 - picamera2.picamera2 - [picamera2.py:1391] - DEBUG - Execute job: <picamera2.job.Job object at 0x7f8ad22d10>
2026-06-20 12:09:24,874 - mazeUtils.device.camera - [camera.py:39] - DEBUG - Average HSV: H=119.1, S=176.7, V=81.1
2026-06-20 12:09:24,904 - mazeUtils.moveTile - [moveTile.py:79] - DEBUG - roll: 1.1299999999999955 deg, practicalMoveTime: 0.3293584605558422 sec
2026-06-20 12:09:24,904 - mazeUtils.moveTile - [moveTile.py:1398] - DEBUG - moveTile loop time: 37.8 ms
2026-06-20 12:09:24,912 - picamera2.picamera2 - [picamera2.py:1391] - DEBUG - Execute job: <picamera2.job.Job object at 0x7f8d8af510>
2026-06-20 12:09:24,915 - mazeUtils.device.camera - [camera.py:39] - DEBUG - Average HSV: H=119.2, S=176.9, V=78.6
2026-06-20 12:09:24,945 - mazeUtils.moveTile - [moveTile.py:79] - DEBUG - roll: 1.6299999999999955 deg, practicalMoveTime: 0.3699499581232812 sec
2026-06-20 12:09:24,945 - mazeUtils.moveTile - [moveTile.py:1398] - DEBUG - moveTile loop time: 40.8 ms
2026-06-20 12:09:24,952 - picamera2.picamera2 - [picamera2.py:1391] - DEBUG - Execute job: <picamera2.job.Job object at 0x7f8d8cb350>
2026-06-20 12:09:24,955 - mazeUtils.device.camera - [camera.py:39] - DEBUG - Average HSV: H=119.2, S=175.5, V=78.7
2026-06-20 12:09:24,983 - mazeUtils.moveTile - [moveTile.py:79] - DEBUG - roll: 1.6200000000000045 deg, practicalMoveTime: 0.40777853650784984 sec
2026-06-20 12:09:24,984 - mazeUtils.moveTile - [moveTile.py:1398] - DEBUG - moveTile loop time: 38.1 ms
2026-06-20 12:09:24,990 - picamera2.picamera2 - [picamera2.py:1391] - DEBUG - Execute job: <picamera2.job.Job object at 0x7f94ae9950>
2026-06-20 12:09:24,993 - mazeUtils.device.camera - [camera.py:39] - DEBUG - Average HSV: H=118.9, S=177.0, V=79.7
2026-06-20 12:09:25,032 - mazeUtils.moveTile - [moveTile.py:79] - DEBUG - roll: 1.2899999999999636 deg, practicalMoveTime: 0.4558434580228915 sec
2026-06-20 12:09:25,032 - mazeUtils.moveTile - [moveTile.py:1398] - DEBUG - moveTile loop time: 48.3 ms
2026-06-20 12:09:25,038 - picamera2.picamera2 - [picamera2.py:1391] - DEBUG - Execute job: <picamera2.job.Job object at 0x7f808d3fd0>
2026-06-20 12:09:25,041 - mazeUtils.device.camera - [camera.py:39] - DEBUG - Average HSV: H=118.9, S=179.2, V=80.2
2026-06-20 12:09:25,066 - mazeUtils.moveTile - [moveTile.py:79] - DEBUG - roll: 3.0399999999999636 deg, practicalMoveTime: 0.48974077255816695 sec
2026-06-20 12:09:25,067 - mazeUtils.moveTile - [moveTile.py:1398] - DEBUG - moveTile loop time: 34.2 ms
2026-06-20 12:09:25,075 - picamera2.picamera2 - [picamera2.py:1391] - DEBUG - Execute job: <picamera2.job.Job object at 0x7f69721fd0>
2026-06-20 12:09:25,079 - mazeUtils.device.camera - [camera.py:39] - DEBUG - Average HSV: H=118.5, S=183.1, V=82.6
2026-06-20 12:09:25,105 - mazeUtils.moveTile - [moveTile.py:79] - DEBUG - roll: 2.1899999999999977 deg, practicalMoveTime: 0.5282984907197701 sec
2026-06-20 12:09:25,106 - mazeUtils.moveTile - [moveTile.py:1398] - DEBUG - moveTile loop time: 38.8 ms
2026-06-20 12:09:25,111 - picamera2.picamera2 - [picamera2.py:1391] - DEBUG - Execute job: <picamera2.job.Job object at 0x7f8d8cb350>
2026-06-20 12:09:25,114 - mazeUtils.device.camera - [camera.py:39] - DEBUG - Average HSV: H=118.2, S=186.5, V=83.5
2026-06-20 12:09:25,144 - mazeUtils.moveTile - [moveTile.py:79] - DEBUG - roll: 2.0299999999999727 deg, practicalMoveTime: 0.5669797871262791 sec
2026-06-20 12:09:25,145 - mazeUtils.moveTile - [moveTile.py:1398] - DEBUG - moveTile loop time: 39.0 ms
2026-06-20 12:09:25,154 - picamera2.picamera2 - [picamera2.py:1391] - DEBUG - Execute job: <picamera2.job.Job object at 0x7f8092db10>
2026-06-20 12:09:25,157 - mazeUtils.device.camera - [camera.py:39] - DEBUG - Average HSV: H=117.8, S=191.1, V=86.1
2026-06-20 12:09:25,184 - mazeUtils.moveTile - [moveTile.py:79] - DEBUG - roll: 2.769999999999982 deg, practicalMoveTime: 0.6056520570579113 sec
2026-06-20 12:09:25,184 - mazeUtils.moveTile - [moveTile.py:1398] - DEBUG - moveTile loop time: 38.8 ms
2026-06-20 12:09:25,189 - picamera2.picamera2 - [picamera2.py:1391] - DEBUG - Execute job: <picamera2.job.Job object at 0x7f8086fb10>
2026-06-20 12:09:25,192 - mazeUtils.device.camera - [camera.py:39] - DEBUG - Average HSV: H=117.4, S=195.5, V=91.0
2026-06-20 12:09:25,223 - mazeUtils.moveTile - [moveTile.py:79] - DEBUG - roll: 3.099999999999966 deg, practicalMoveTime: 0.6446312080761757 sec
2026-06-20 12:09:25,224 - mazeUtils.moveTile - [moveTile.py:1398] - DEBUG - moveTile loop time: 39.4 ms
2026-06-20 12:09:25,229 - picamera2.picamera2 - [picamera2.py:1391] - DEBUG - Execute job: <picamera2.job.Job object at 0x7f69721fd0>
2026-06-20 12:09:25,232 - mazeUtils.device.camera - [camera.py:39] - DEBUG - Average HSV: H=117.2, S=200.7, V=91.8
2026-06-20 12:09:25,260 - mazeUtils.moveTile - [moveTile.py:79] - DEBUG - roll: 2.1999999999999886 deg, practicalMoveTime: 0.6804333898032328 sec
2026-06-20 12:09:25,260 - mazeUtils.moveTile - [moveTile.py:1398] - DEBUG - moveTile loop time: 36.0 ms
2026-06-20 12:09:25,265 - picamera2.picamera2 - [picamera2.py:1391] - DEBUG - Execute job: <picamera2.job.Job object at 0x7f8086e6d0>
2026-06-20 12:09:25,269 - mazeUtils.device.camera - [camera.py:39] - DEBUG - Average HSV: H=116.5, S=206.6, V=100.1
2026-06-20 12:09:25,300 - mazeUtils.moveTile - [moveTile.py:79] - DEBUG - roll: 2.2399999999999523 deg, practicalMoveTime: 0.7202286358052372 sec
2026-06-20 12:09:25,301 - mazeUtils.moveTile - [moveTile.py:1398] - DEBUG - moveTile loop time: 40.3 ms
2026-06-20 12:09:25,308 - picamera2.picamera2 - [picamera2.py:1391] - DEBUG - Execute job: <picamera2.job.Job object at 0x7f8d8af510>
2026-06-20 12:09:25,311 - mazeUtils.device.camera - [camera.py:39] - DEBUG - Average HSV: H=115.8, S=217.3, V=108.5
2026-06-20 12:09:25,338 - mazeUtils.moveTile - [moveTile.py:79] - DEBUG - roll: 2.169999999999959 deg, practicalMoveTime: 0.757777887711139 sec
2026-06-20 12:09:25,339 - mazeUtils.moveTile - [moveTile.py:1398] - DEBUG - moveTile loop time: 37.7 ms
2026-06-20 12:09:25,343 - picamera2.picamera2 - [picamera2.py:1391] - DEBUG - Execute job: <picamera2.job.Job object at 0x7f94ae9950>
2026-06-20 12:09:25,346 - mazeUtils.device.camera - [camera.py:39] - DEBUG - Average HSV: H=115.5, S=223.2, V=111.8
2026-06-20 12:09:25,377 - mazeUtils.moveTile - [moveTile.py:79] - DEBUG - roll: 1.339999999999975 deg, practicalMoveTime: 0.796057678578481 sec
2026-06-20 12:09:25,377 - mazeUtils.moveTile - [moveTile.py:1398] - DEBUG - moveTile loop time: 38.3 ms
2026-06-20 12:09:25,387 - picamera2.picamera2 - [picamera2.py:1391] - DEBUG - Execute job: <picamera2.job.Job object at 0x7f8ad22d90>
2026-06-20 12:09:25,391 - mazeUtils.device.camera - [camera.py:39] - DEBUG - Average HSV: H=115.2, S=228.6, V=117.7
2026-06-20 12:09:25,419 - mazeUtils.moveTile - [moveTile.py:818] - DEBUG - Detected victim info during movement: {<Side.LEFT: 0>: <UnitVStatus.NOTHING: 0>, <Side.RIGHT: 1>: <UnitVStatus.S_VICTIM: 2>}
2026-06-20 12:09:25,420 - mazeUtils.moveTile - [moveTile.py:79] - DEBUG - roll: 1.9399999999999977 deg, practicalMoveTime: 0.8382040321148425 sec
2026-06-20 12:09:25,420 - mazeUtils.moveTile - [moveTile.py:1398] - DEBUG - moveTile loop time: 42.3 ms
2026-06-20 12:09:25,429 - picamera2.picamera2 - [picamera2.py:1391] - DEBUG - Execute job: <picamera2.job.Job object at 0x7f808d3f90>
2026-06-20 12:09:25,433 - mazeUtils.device.camera - [camera.py:39] - DEBUG - Average HSV: H=116.1, S=236.0, V=106.2
2026-06-20 12:09:25,459 - mazeUtils.moveTile - [moveTile.py:1344] - INFO - practicalVerticalMove: 0.9231109322069493 CM
2026-06-20 12:09:25,507 - mazeUtils.moveTile - [moveTile.py:79] - DEBUG - Little forward to adjust position
2026-06-20 12:09:25,670 - mazeUtils.moveTile - [moveTile.py:1603] - INFO - Set moved vertical distance: 0.9231109322069493 cm, past distances: [(0.9966742018798095, False), (0.8955715077433443, False), (1.108186860081755, False)]
2026-06-20 12:09:25,755 - mazeUtils.moveTile - [moveTile.py:528] - DEBUG - Direction: absDirection.NORTH, Angle: 270, Distance: 47.545719781264744 cm
2026-06-20 12:09:25,756 - mazeUtils.moveTile - [moveTile.py:528] - DEBUG - Direction: absDirection.EAST, Angle: 180, Distance: 84.69498930477687 cm
2026-06-20 12:09:25,757 - mazeUtils.moveTile - [moveTile.py:528] - DEBUG - Direction: absDirection.SOUTH, Angle: 90, Distance: 16.47353189114029 cm
2026-06-20 12:09:25,758 - mazeUtils.moveTile - [moveTile.py:528] - DEBUG - Direction: absDirection.WEST, Angle: 0, Distance: 11.508706622332985 cm
2026-06-20 12:09:25,759 - mazeUtils.moveTile - [moveTile.py:551] - DEBUG - Front LiDAR distance: 11.508706622332985 cm, TSD10 distance: 1.4 cm
2026-06-20 12:09:25,760 - mazeUtils.moveTile - [moveTile.py:1724] - INFO - Tile color detection counts: {}, decided tile type: E
2026-06-20 12:09:25,835 - __main__ - [main.py:87] - INFO - Current position: (17, 20, 1), front direction: absDirection.WEST
Layer 0 (altitude=0.0cm, offset=(0.0cm, 0.0cm)):
Known map area: x=18..20, y=15..20
+   +---+   +
  U   E   B  
+---+   +---+
| E   E   E |
+---+   +   +
  U   U | E |
+   +   +   +
  U   U | E |
+   +   +   +
  U   U   E |
+   +   +   +
  U   U | S |
+   +   +---+
Layer 1 (altitude=15.0cm, offset=(-60.0cm, 0.0cm)):
Known map area: x=17..19, y=15..20
+   +   +---+
  U   U | E  
+   +   +   +
  U   U | E |
+   +   +   +
  U   U   E  
+   +   +   +
  U   U   E  
+   +   +   +
  U   U | E |
+   +   +   +
| @   E   E |
+---+---+---+
mazeAsGraph[0][15][19] = {absDirection.NORTH: None, absDirection.EAST: None, absDirection.SOUTH: (19, 16, 0, 30), absDirection.WEST: (19, 15, 1, 60)}
mazeAsGraph[0][15][20] = {absDirection.NORTH: None, absDirection.EAST: None, absDirection.SOUTH: None, absDirection.WEST: None}
mazeAsGraph[0][16][18] = {absDirection.NORTH: None, absDirection.EAST: (19, 16, 0, 30), absDirection.SOUTH: None, absDirection.WEST: None}
mazeAsGraph[0][16][19] = {absDirection.NORTH: (19, 15, 0, 30), absDirection.EAST: (20, 16, 0, 30), absDirection.SOUTH: (19, 17, 0, 30), absDirection.WEST: (18, 16, 0, 30)}
mazeAsGraph[0][16][20] = {absDirection.NORTH: None, absDirection.EAST: None, absDirection.SOUTH: (20, 17, 0, 30), absDirection.WEST: (19, 16, 0, 30)}
mazeAsGraph[0][17][20] = {absDirection.NORTH: (20, 16, 0, 30), absDirection.EAST: None, absDirection.SOUTH: (20, 18, 0, 30), absDirection.WEST: None}
mazeAsGraph[0][18][20] = {absDirection.NORTH: (20, 17, 0, 30), absDirection.EAST: None, absDirection.SOUTH: (20, 19, 0, 30), absDirection.WEST: None}
mazeAsGraph[0][19][20] = {absDirection.NORTH: (20, 18, 0, 30), absDirection.EAST: None, absDirection.SOUTH: (20, 20, 0, 30), absDirection.WEST: (19, 19, 0, 30)}
mazeAsGraph[0][20][20] = {absDirection.NORTH: (20, 19, 0, 30), absDirection.EAST: None, absDirection.SOUTH: None, absDirection.WEST: None}
mazeAsGraph[1][15][19] = {absDirection.NORTH: None, absDirection.EAST: (19, 15, 0, 60), absDirection.SOUTH: (19, 16, 1, 30), absDirection.WEST: None}
mazeAsGraph[1][16][19] = {absDirection.NORTH: (19, 15, 1, 30), absDirection.EAST: None, absDirection.SOUTH: (19, 17, 1, 30), absDirection.WEST: None}
mazeAsGraph[1][17][19] = {absDirection.NORTH: (19, 16, 1, 30), absDirection.EAST: (20, 17, 1, 30), absDirection.SOUTH: (19, 18, 1, 30), absDirection.WEST: (18, 17, 1, 30)}
mazeAsGraph[1][18][19] = {absDirection.NORTH: (19, 17, 1, 30), absDirection.EAST: (20, 18, 1, 30), absDirection.SOUTH: (19, 19, 1, 30), absDirection.WEST: (18, 18, 1, 30)}
mazeAsGraph[1][19][19] = {absDirection.NORTH: (19, 18, 1, 30), absDirection.EAST: None, absDirection.SOUTH: (19, 20, 1, 30), absDirection.WEST: None}
mazeAsGraph[1][20][17] = {absDirection.NORTH: (17, 19, 1, 30), absDirection.EAST: (18, 20, 1, 30), absDirection.SOUTH: None, absDirection.WEST: None}
mazeAsGraph[1][20][18] = {absDirection.NORTH: (18, 19, 1, 30), absDirection.EAST: (19, 20, 1, 30), absDirection.SOUTH: None, absDirection.WEST: (17, 20, 1, 30)}
mazeAsGraph[1][20][19] = {absDirection.NORTH: (19, 19, 1, 30), absDirection.EAST: None, absDirection.SOUTH: None, absDirection.WEST: (18, 20, 1, 30)}
2026-06-20 12:09:25,842 - mazeUtils.mazeMap - [mazeMap.py:61] - INFO - next goal: (17, 19, 1)
2026-06-20 12:09:25,854 - mazeUtils.moveTile - [moveTile.py:79] - DEBUG - Moving to absDirection.NORTH from (17, 20, 1) facing absDirection.WEST
2026-06-20 12:09:25,878 - mazeUtils.moveTile - [moveTile.py:79] - DEBUG - current heading: 90.28000000000003 target: 45
2026-06-20 12:09:26,396 - mazeUtils.moveTile - [moveTile.py:403] - DEBUG - stopped turning at heading: 49.610000000000014, diff: 4.610000000000014
2026-06-20 12:09:27,363 - mazeUtils.moveTile - [moveTile.py:79] - DEBUG - Turned to heading: 44.210000000000036 deg
2026-06-20 12:09:27,913 - mazeUtils.moveTile - [moveTile.py:79] - DEBUG - current heading: 44.44 target: 0
2026-06-20 12:09:28,361 - mazeUtils.moveTile - [moveTile.py:403] - DEBUG - stopped turning at heading: 3.170000000000016, diff: 3.170000000000016
2026-06-20 12:09:28,405 - mazeUtils.moveTile - [moveTile.py:79] - DEBUG - Turned to heading: 0.09000000000003183 deg
2026-06-20 12:09:28,470 - mazeUtils.moveTile - [moveTile.py:79] - DEBUG - Little backward to adjust position
2026-06-20 12:09:28,979 - picamera2.picamera2 - [picamera2.py:1391] - DEBUG - Execute job: <picamera2.job.Job object at 0x7f8acd8950>
2026-06-20 12:09:28,985 - mazeUtils.device.camera - [camera.py:39] - DEBUG - Average HSV: H=121.8, S=162.3, V=82.1
2026-06-20 12:09:29,013 - mazeUtils.moveTile - [moveTile.py:79] - DEBUG - roll: 2.019999999999982 deg, practicalMoveTime: 0.04263348833096454 sec
2026-06-20 12:09:29,014 - mazeUtils.moveTile - [moveTile.py:1398] - DEBUG - moveTile loop time: 40.4 ms
2026-06-20 12:09:29,020 - picamera2.picamera2 - [picamera2.py:1391] - DEBUG - Execute job: <picamera2.job.Job object at 0x7f80874ad0>
2026-06-20 12:09:29,025 - mazeUtils.device.camera - [camera.py:39] - DEBUG - Average HSV: H=121.8, S=162.1, V=82.0
2026-06-20 12:09:29,052 - mazeUtils.moveTile - [moveTile.py:79] - DEBUG - roll: 2.2099999999999795 deg, practicalMoveTime: 0.08096721915983066 sec
2026-06-20 12:09:29,053 - mazeUtils.moveTile - [moveTile.py:1398] - DEBUG - moveTile loop time: 38.5 ms
2026-06-20 12:09:29,058 - picamera2.picamera2 - [picamera2.py:1391] - DEBUG - Execute job: <picamera2.job.Job object at 0x7f6975fe10>
2026-06-20 12:09:29,062 - mazeUtils.device.camera - [camera.py:39] - DEBUG - Average HSV: H=121.7, S=161.6, V=83.9
2026-06-20 12:09:29,094 - mazeUtils.moveTile - [moveTile.py:79] - DEBUG - roll: 0.6699999999999591 deg, practicalMoveTime: 0.12219650916558689 sec
2026-06-20 12:09:29,095 - mazeUtils.moveTile - [moveTile.py:1398] - DEBUG - moveTile loop time: 42.0 ms
2026-06-20 12:09:29,101 - picamera2.picamera2 - [picamera2.py:1391] - DEBUG - Execute job: <picamera2.job.Job object at 0x7f7b97d9d0>
2026-06-20 12:09:29,106 - mazeUtils.device.camera - [camera.py:39] - DEBUG - Average HSV: H=121.6, S=162.9, V=83.0
2026-06-20 12:09:29,136 - mazeUtils.moveTile - [moveTile.py:79] - DEBUG - roll: 1.3599999999999568 deg, practicalMoveTime: 0.16350280978572812 sec
2026-06-20 12:09:29,137 - mazeUtils.moveTile - [moveTile.py:1398] - DEBUG - moveTile loop time: 41.9 ms
2026-06-20 12:09:29,142 - picamera2.picamera2 - [picamera2.py:1391] - DEBUG - Execute job: <picamera2.job.Job object at 0x7f80874ad0>
2026-06-20 12:09:29,146 - mazeUtils.device.camera - [camera.py:39] - DEBUG - Average HSV: H=121.1, S=165.3, V=87.6
2026-06-20 12:09:29,179 - mazeUtils.moveTile - [moveTile.py:79] - DEBUG - roll: 1.2199999999999704 deg, practicalMoveTime: 0.20487168950125437 sec
2026-06-20 12:09:29,180 - mazeUtils.moveTile - [moveTile.py:1398] - DEBUG - moveTile loop time: 41.8 ms
2026-06-20 12:09:29,187 - picamera2.picamera2 - [picamera2.py:1391] - DEBUG - Execute job: <picamera2.job.Job object at 0x7f8acd8c10>
2026-06-20 12:09:29,192 - mazeUtils.device.camera - [camera.py:39] - DEBUG - Average HSV: H=120.7, S=166.6, V=89.4
2026-06-20 12:09:29,227 - mazeUtils.moveTile - [moveTile.py:79] - DEBUG - roll: 359.87 deg, practicalMoveTime: 0.2523151956917488 sec
2026-06-20 12:09:29,228 - mazeUtils.moveTile - [moveTile.py:1398] - DEBUG - moveTile loop time: 47.6 ms
2026-06-20 12:09:29,233 - picamera2.picamera2 - [picamera2.py:1391] - DEBUG - Execute job: <picamera2.job.Job object at 0x7f7b97c250>
2026-06-20 12:09:29,238 - mazeUtils.device.camera - [camera.py:39] - DEBUG - Average HSV: H=121.2, S=164.6, V=87.1
2026-06-20 12:09:29,269 - mazeUtils.moveTile - [moveTile.py:79] - DEBUG - roll: 1.4899999999999523 deg, practicalMoveTime: 0.2928893741180746 sec
2026-06-20 12:09:29,269 - mazeUtils.moveTile - [moveTile.py:1398] - DEBUG - moveTile loop time: 40.9 ms
2026-06-20 12:09:29,274 - picamera2.picamera2 - [picamera2.py:1391] - DEBUG - Execute job: <picamera2.job.Job object at 0x7f8acd8c10>
2026-06-20 12:09:29,278 - mazeUtils.device.camera - [camera.py:39] - DEBUG - Average HSV: H=121.0, S=167.7, V=90.8
2026-06-20 12:09:29,311 - mazeUtils.moveTile - [moveTile.py:79] - DEBUG - roll: 1.5 deg, practicalMoveTime: 0.3347618270436746 sec
2026-06-20 12:09:29,312 - mazeUtils.moveTile - [moveTile.py:1398] - DEBUG - moveTile loop time: 42.2 ms
2026-06-20 12:09:29,318 - picamera2.picamera2 - [picamera2.py:1391] - DEBUG - Execute job: <picamera2.job.Job object at 0x7f7b97c250>
2026-06-20 12:09:29,323 - mazeUtils.device.camera - [camera.py:39] - DEBUG - Average HSV: H=121.4, S=169.5, V=89.9
2026-06-20 12:09:29,351 - mazeUtils.moveTile - [moveTile.py:79] - DEBUG - roll: 1.5499999999999545 deg, practicalMoveTime: 0.3743786926817037 sec
2026-06-20 12:09:29,352 - mazeUtils.moveTile - [moveTile.py:1398] - DEBUG - moveTile loop time: 39.8 ms
2026-06-20 12:09:29,365 - picamera2.picamera2 - [picamera2.py:1391] - DEBUG - Execute job: <picamera2.job.Job object at 0x7f8acd8c10>
2026-06-20 12:09:29,370 - mazeUtils.device.camera - [camera.py:39] - DEBUG - Average HSV: H=121.4, S=164.4, V=90.7
2026-06-20 12:09:29,402 - mazeUtils.moveTile - [moveTile.py:79] - DEBUG - roll: 1.6899999999999977 deg, practicalMoveTime: 0.42460998654481197 sec
2026-06-20 12:09:29,403 - mazeUtils.moveTile - [moveTile.py:1398] - DEBUG - moveTile loop time: 50.4 ms
2026-06-20 12:09:29,408 - picamera2.picamera2 - [picamera2.py:1391] - DEBUG - Execute job: <picamera2.job.Job object at 0x7f6975fd90>
2026-06-20 12:09:29,412 - mazeUtils.device.camera - [camera.py:39] - DEBUG - Average HSV: H=121.8, S=165.5, V=88.4
2026-06-20 12:09:29,442 - mazeUtils.moveTile - [moveTile.py:79] - DEBUG - roll: 1.759999999999991 deg, practicalMoveTime: 0.46307068529717604 sec
2026-06-20 12:09:29,442 - mazeUtils.moveTile - [moveTile.py:1398] - DEBUG - moveTile loop time: 38.8 ms
2026-06-20 12:09:29,450 - picamera2.picamera2 - [picamera2.py:1391] - DEBUG - Execute job: <picamera2.job.Job object at 0x7f80874ad0>
2026-06-20 12:09:29,455 - mazeUtils.device.camera - [camera.py:39] - DEBUG - Average HSV: H=121.9, S=163.9, V=88.8
2026-06-20 12:09:29,486 - mazeUtils.moveTile - [moveTile.py:79] - DEBUG - roll: 1.4799999999999613 deg, practicalMoveTime: 0.5069531932224138 sec
2026-06-20 12:09:29,487 - mazeUtils.moveTile - [moveTile.py:1398] - DEBUG - moveTile loop time: 44.5 ms
2026-06-20 12:09:29,491 - picamera2.picamera2 - [picamera2.py:1391] - DEBUG - Execute job: <picamera2.job.Job object at 0x7f8acd8c10>
2026-06-20 12:09:29,496 - mazeUtils.device.camera - [camera.py:39] - DEBUG - Average HSV: H=122.1, S=163.2, V=87.4
2026-06-20 12:09:29,527 - mazeUtils.moveTile - [moveTile.py:79] - DEBUG - roll: 1.6599999999999682 deg, practicalMoveTime: 0.5467407086844607 sec
2026-06-20 12:09:29,528 - mazeUtils.moveTile - [moveTile.py:1398] - DEBUG - moveTile loop time: 40.2 ms
2026-06-20 12:09:29,539 - picamera2.picamera2 - [picamera2.py:1391] - DEBUG - Execute job: <picamera2.job.Job object at 0x7f7b97d090>
2026-06-20 12:09:29,545 - mazeUtils.device.camera - [camera.py:39] - DEBUG - Average HSV: H=121.7, S=166.0, V=91.0
2026-06-20 12:09:29,577 - mazeUtils.moveTile - [moveTile.py:79] - DEBUG - roll: 1.3700000000000045 deg, practicalMoveTime: 0.5956623719825804 sec
2026-06-20 12:09:29,577 - mazeUtils.moveTile - [moveTile.py:1398] - DEBUG - moveTile loop time: 48.5 ms
2026-06-20 12:09:29,583 - picamera2.picamera2 - [picamera2.py:1391] - DEBUG - Execute job: <picamera2.job.Job object at 0x7f7b97c250>
2026-06-20 12:09:29,588 - mazeUtils.device.camera - [camera.py:39] - DEBUG - Average HSV: H=121.2, S=167.2, V=93.1
2026-06-20 12:09:29,616 - mazeUtils.moveTile - [moveTile.py:79] - DEBUG - roll: 1.0499999999999545 deg, practicalMoveTime: 0.6342894697751211 sec
2026-06-20 12:09:29,617 - mazeUtils.moveTile - [moveTile.py:1398] - DEBUG - moveTile loop time: 38.9 ms
2026-06-20 12:09:29,624 - picamera2.picamera2 - [picamera2.py:1391] - DEBUG - Execute job: <picamera2.job.Job object at 0x7f7b97d090>
2026-06-20 12:09:29,630 - mazeUtils.device.camera - [camera.py:39] - DEBUG - Average HSV: H=120.6, S=170.4, V=97.8
2026-06-20 12:09:29,658 - mazeUtils.moveTile - [moveTile.py:79] - DEBUG - roll: 1.7999999999999545 deg, practicalMoveTime: 0.6753248905970213 sec
2026-06-20 12:09:29,659 - mazeUtils.moveTile - [moveTile.py:1398] - DEBUG - moveTile loop time: 41.8 ms
2026-06-20 12:09:29,664 - picamera2.picamera2 - [picamera2.py:1391] - DEBUG - Execute job: <picamera2.job.Job object at 0x7f8acd8c10>
2026-06-20 12:09:29,670 - mazeUtils.device.camera - [camera.py:39] - DEBUG - Average HSV: H=120.4, S=175.2, V=99.1
2026-06-20 12:09:29,708 - mazeUtils.moveTile - [moveTile.py:79] - DEBUG - roll: 0.9499999999999886 deg, practicalMoveTime: 0.7244304597867037 sec
2026-06-20 12:09:29,709 - mazeUtils.moveTile - [moveTile.py:1398] - DEBUG - moveTile loop time: 49.6 ms
2026-06-20 12:09:29,715 - picamera2.picamera2 - [picamera2.py:1391] - DEBUG - Execute job: <picamera2.job.Job object at 0x7f7b97d090>
2026-06-20 12:09:29,721 - mazeUtils.device.camera - [camera.py:39] - DEBUG - Average HSV: H=120.2, S=176.8, V=97.6
2026-06-20 12:09:29,750 - mazeUtils.moveTile - [moveTile.py:79] - DEBUG - roll: 1.7399999999999523 deg, practicalMoveTime: 0.7654457607856099 sec
2026-06-20 12:09:29,750 - mazeUtils.moveTile - [moveTile.py:1398] - DEBUG - moveTile loop time: 40.9 ms
2026-06-20 12:09:29,761 - picamera2.picamera2 - [picamera2.py:1391] - DEBUG - Execute job: <picamera2.job.Job object at 0x7f7b97d090>
2026-06-20 12:09:29,764 - mazeUtils.device.camera - [camera.py:39] - DEBUG - Average HSV: H=119.1, S=181.3, V=110.3
2026-06-20 12:09:29,794 - mazeUtils.moveTile - [moveTile.py:79] - DEBUG - roll: 1.4899999999999523 deg, practicalMoveTime: 0.8089133621028037 sec
2026-06-20 12:09:29,795 - mazeUtils.moveTile - [moveTile.py:1398] - DEBUG - moveTile loop time: 44.3 ms
2026-06-20 12:09:29,800 - picamera2.picamera2 - [picamera2.py:1391] - DEBUG - Execute job: <picamera2.job.Job object at 0x7f7b97c250>
2026-06-20 12:09:29,804 - mazeUtils.device.camera - [camera.py:39] - DEBUG - Average HSV: H=118.9, S=183.8, V=113.1
2026-06-20 12:09:29,831 - mazeUtils.moveTile - [moveTile.py:1344] - INFO - practicalVerticalMove: 0.7407058629822073 CM
2026-06-20 12:09:29,871 - mazeUtils.moveTile - [moveTile.py:79] - DEBUG - Little forward to adjust position
2026-06-20 12:09:30,065 - mazeUtils.moveTile - [moveTile.py:1603] - INFO - Set moved vertical distance: 0.7407058629822073 cm, past distances: [(0.9231109322069493, False), (0.9966742018798095, False), (0.8955715077433443, False)]
2026-06-20 12:09:30,153 - mazeUtils.moveTile - [moveTile.py:528] - DEBUG - Direction: absDirection.NORTH, Angle: 0, Distance: 14.161336033401307 cm
2026-06-20 12:09:30,153 - mazeUtils.moveTile - [moveTile.py:551] - DEBUG - Front LiDAR distance: 14.161336033401307 cm, TSD10 distance: 2.5 cm
2026-06-20 12:09:30,154 - mazeUtils.moveTile - [moveTile.py:528] - DEBUG - Direction: absDirection.EAST, Angle: 270, Distance: 46.81299790883579 cm
2026-06-20 12:09:30,155 - mazeUtils.moveTile - [moveTile.py:528] - DEBUG - Direction: absDirection.SOUTH, Angle: 180, Distance: 51.63126044701034 cm
2026-06-20 12:09:30,156 - mazeUtils.moveTile - [moveTile.py:528] - DEBUG - Direction: absDirection.WEST, Angle: 90, Distance: 20.244901957284288 cm
2026-06-20 12:09:30,157 - mazeUtils.moveTile - [moveTile.py:1724] - INFO - Tile color detection counts: {}, decided tile type: E
2026-06-20 12:09:30,235 - __main__ - [main.py:87] - INFO - Current position: (17, 19, 1), front direction: absDirection.NORTH
Layer 0 (altitude=0.0cm, offset=(0.0cm, 0.0cm)):
Known map area: x=18..20, y=15..20
+   +---+   +
  U   E   B  
+---+   +---+
| E   E   E |
+---+   +   +
  U   U | E |
+   +   +   +
  U   U | E |
+   +   +   +
  U   U   E |
+   +   +   +
  U   U | S |
+   +   +---+
Layer 1 (altitude=15.0cm, offset=(-60.0cm, 0.0cm)):
Known map area: x=17..19, y=15..20
+   +   +---+
  U   U | E  
+   +   +   +
  U   U | E |
+   +   +   +
  U   U   E  
+   +   +   +
  U   U   E  
+---+   +   +
| @   U | E |
+   +   +   +
| E   E   E |
+---+---+---+
mazeAsGraph[0][15][19] = {absDirection.NORTH: None, absDirection.EAST: None, absDirection.SOUTH: (19, 16, 0, 30), absDirection.WEST: (19, 15, 1, 60)}
mazeAsGraph[0][15][20] = {absDirection.NORTH: None, absDirection.EAST: None, absDirection.SOUTH: None, absDirection.WEST: None}
mazeAsGraph[0][16][18] = {absDirection.NORTH: None, absDirection.EAST: (19, 16, 0, 30), absDirection.SOUTH: None, absDirection.WEST: None}
mazeAsGraph[0][16][19] = {absDirection.NORTH: (19, 15, 0, 30), absDirection.EAST: (20, 16, 0, 30), absDirection.SOUTH: (19, 17, 0, 30), absDirection.WEST: (18, 16, 0, 30)}
mazeAsGraph[0][16][20] = {absDirection.NORTH: None, absDirection.EAST: None, absDirection.SOUTH: (20, 17, 0, 30), absDirection.WEST: (19, 16, 0, 30)}
mazeAsGraph[0][17][20] = {absDirection.NORTH: (20, 16, 0, 30), absDirection.EAST: None, absDirection.SOUTH: (20, 18, 0, 30), absDirection.WEST: None}
mazeAsGraph[0][18][20] = {absDirection.NORTH: (20, 17, 0, 30), absDirection.EAST: None, absDirection.SOUTH: (20, 19, 0, 30), absDirection.WEST: None}
mazeAsGraph[0][19][20] = {absDirection.NORTH: (20, 18, 0, 30), absDirection.EAST: None, absDirection.SOUTH: (20, 20, 0, 30), absDirection.WEST: (19, 19, 0, 30)}
mazeAsGraph[0][20][20] = {absDirection.NORTH: (20, 19, 0, 30), absDirection.EAST: None, absDirection.SOUTH: None, absDirection.WEST: None}
mazeAsGraph[1][15][19] = {absDirection.NORTH: None, absDirection.EAST: (19, 15, 0, 60), absDirection.SOUTH: (19, 16, 1, 30), absDirection.WEST: None}
mazeAsGraph[1][16][19] = {absDirection.NORTH: (19, 15, 1, 30), absDirection.EAST: None, absDirection.SOUTH: (19, 17, 1, 30), absDirection.WEST: None}
mazeAsGraph[1][17][19] = {absDirection.NORTH: (19, 16, 1, 30), absDirection.EAST: (20, 17, 1, 30), absDirection.SOUTH: (19, 18, 1, 30), absDirection.WEST: (18, 17, 1, 30)}
mazeAsGraph[1][18][19] = {absDirection.NORTH: (19, 17, 1, 30), absDirection.EAST: (20, 18, 1, 30), absDirection.SOUTH: (19, 19, 1, 30), absDirection.WEST: (18, 18, 1, 30)}
mazeAsGraph[1][19][17] = {absDirection.NORTH: None, absDirection.EAST: (18, 19, 1, 30), absDirection.SOUTH: (17, 20, 1, 30), absDirection.WEST: None}
mazeAsGraph[1][19][19] = {absDirection.NORTH: (19, 18, 1, 30), absDirection.EAST: None, absDirection.SOUTH: (19, 20, 1, 30), absDirection.WEST: None}
mazeAsGraph[1][20][17] = {absDirection.NORTH: (17, 19, 1, 30), absDirection.EAST: (18, 20, 1, 30), absDirection.SOUTH: None, absDirection.WEST: None}
mazeAsGraph[1][20][18] = {absDirection.NORTH: (18, 19, 1, 30), absDirection.EAST: (19, 20, 1, 30), absDirection.SOUTH: None, absDirection.WEST: (17, 20, 1, 30)}
mazeAsGraph[1][20][19] = {absDirection.NORTH: (19, 19, 1, 30), absDirection.EAST: None, absDirection.SOUTH: None, absDirection.WEST: (18, 20, 1, 30)}
2026-06-20 12:09:30,243 - mazeUtils.mazeMap - [mazeMap.py:61] - INFO - next goal: (18, 19, 1)
2026-06-20 12:09:30,251 - mazeUtils.moveTile - [moveTile.py:79] - DEBUG - Moving to absDirection.EAST from (17, 19, 1) facing absDirection.NORTH
2026-06-20 12:09:30,277 - mazeUtils.moveTile - [moveTile.py:79] - DEBUG - current heading: 355.73 target: 315
2026-06-20 12:09:30,652 - mazeUtils.moveTile - [moveTile.py:403] - DEBUG - stopped turning at heading: 320.91, diff: 5.910000000000025
2026-06-20 12:09:30,711 - mazeUtils.moveTile - [moveTile.py:79] - DEBUG - Turned to heading: 314.37 deg
2026-06-20 12:09:31,246 - mazeUtils.moveTile - [moveTile.py:79] - DEBUG - current heading: 313.54 target: 270
2026-06-20 12:09:31,701 - mazeUtils.moveTile - [moveTile.py:403] - DEBUG - stopped turning at heading: 271.65000000000003, diff: 1.650000000000034
2026-06-20 12:09:32,596 - mazeUtils.moveTile - [moveTile.py:79] - DEBUG - Turned to heading: 269.25 deg
2026-06-20 12:09:32,657 - mazeUtils.moveTile - [moveTile.py:79] - DEBUG - Little backward to adjust position
2026-06-20 12:09:33,163 - picamera2.picamera2 - [picamera2.py:1391] - DEBUG - Execute job: <picamera2.job.Job object at 0x7f8ad20490>
2026-06-20 12:09:33,167 - mazeUtils.device.camera - [camera.py:39] - DEBUG - Average HSV: H=131.3, S=127.5, V=72.9
2026-06-20 12:09:33,197 - mazeUtils.moveTile - [moveTile.py:79] - DEBUG - roll: 0.9899999999999523 deg, practicalMoveTime: 0.03922663605375716 sec
2026-06-20 12:09:33,198 - mazeUtils.moveTile - [moveTile.py:1398] - DEBUG - moveTile loop time: 38.4 ms
2026-06-20 12:09:33,210 - picamera2.picamera2 - [picamera2.py:1391] - DEBUG - Execute job: <picamera2.job.Job object at 0x7f8acf6e10>
2026-06-20 12:09:33,213 - mazeUtils.device.camera - [camera.py:39] - DEBUG - Average HSV: H=131.3, S=127.2, V=73.1
2026-06-20 12:09:33,251 - mazeUtils.moveTile - [moveTile.py:79] - DEBUG - roll: 0.7399999999999523 deg, practicalMoveTime: 0.09214017983850079 sec
2026-06-20 12:09:33,252 - mazeUtils.moveTile - [moveTile.py:1398] - DEBUG - moveTile loop time: 53.6 ms
2026-06-20 12:09:33,257 - picamera2.picamera2 - [picamera2.py:1391] - DEBUG - Execute job: <picamera2.job.Job object at 0x7f8ad22d90>
2026-06-20 12:09:33,260 - mazeUtils.device.camera - [camera.py:39] - DEBUG - Average HSV: H=131.1, S=129.0, V=75.0
2026-06-20 12:09:33,290 - mazeUtils.moveTile - [moveTile.py:79] - DEBUG - roll: 2.0499999999999545 deg, practicalMoveTime: 0.13022413899591487 sec
2026-06-20 12:09:33,290 - mazeUtils.moveTile - [moveTile.py:1398] - DEBUG - moveTile loop time: 38.3 ms
2026-06-20 12:09:33,296 - picamera2.picamera2 - [picamera2.py:1391] - DEBUG - Execute job: <picamera2.job.Job object at 0x7f8acf6e10>
2026-06-20 12:09:33,300 - mazeUtils.device.camera - [camera.py:39] - DEBUG - Average HSV: H=131.1, S=128.8, V=75.1
2026-06-20 12:09:33,336 - mazeUtils.moveTile - [moveTile.py:79] - DEBUG - roll: 2.589999999999975 deg, practicalMoveTime: 0.17605139609990605 sec
2026-06-20 12:09:33,337 - mazeUtils.moveTile - [moveTile.py:1398] - DEBUG - moveTile loop time: 46.2 ms
2026-06-20 12:09:33,341 - picamera2.picamera2 - [picamera2.py:1391] - DEBUG - Execute job: <picamera2.job.Job object at 0x7f8acf6650>
2026-06-20 12:09:33,344 - mazeUtils.device.camera - [camera.py:39] - DEBUG - Average HSV: H=131.2, S=128.3, V=74.4
2026-06-20 12:09:33,374 - mazeUtils.moveTile - [moveTile.py:79] - DEBUG - roll: 1.6200000000000045 deg, practicalMoveTime: 0.21314784535289494 sec
2026-06-20 12:09:33,375 - mazeUtils.moveTile - [moveTile.py:1398] - DEBUG - moveTile loop time: 37.5 ms
2026-06-20 12:09:33,381 - picamera2.picamera2 - [picamera2.py:1391] - DEBUG - Execute job: <picamera2.job.Job object at 0x7f8acf6690>
2026-06-20 12:09:33,384 - mazeUtils.device.camera - [camera.py:39] - DEBUG - Average HSV: H=129.1, S=128.2, V=82.5
2026-06-20 12:09:33,415 - mazeUtils.moveTile - [moveTile.py:79] - DEBUG - roll: 3.6499999999999773 deg, practicalMoveTime: 0.2532670106533809 sec
2026-06-20 12:09:33,415 - mazeUtils.moveTile - [moveTile.py:1398] - DEBUG - moveTile loop time: 40.4 ms
2026-06-20 12:09:33,419 - picamera2.picamera2 - [picamera2.py:1391] - DEBUG - Execute job: <picamera2.job.Job object at 0x7f8ad22d90>
2026-06-20 12:09:33,422 - mazeUtils.device.camera - [camera.py:39] - DEBUG - Average HSV: H=128.5, S=131.4, V=84.4
2026-06-20 12:09:33,460 - mazeUtils.moveTile - [moveTile.py:79] - DEBUG - roll: 2.8700000000000045 deg, practicalMoveTime: 0.29821850177692544 sec
2026-06-20 12:09:33,461 - mazeUtils.moveTile - [moveTile.py:1398] - DEBUG - moveTile loop time: 45.2 ms
2026-06-20 12:09:33,466 - picamera2.picamera2 - [picamera2.py:1391] - DEBUG - Execute job: <picamera2.job.Job object at 0x7f8ad20bd0>
2026-06-20 12:09:33,469 - mazeUtils.device.camera - [camera.py:39] - DEBUG - Average HSV: H=128.1, S=132.3, V=85.6
2026-06-20 12:09:33,496 - mazeUtils.moveTile - [moveTile.py:79] - DEBUG - roll: 2.1899999999999977 deg, practicalMoveTime: 0.33361400150711157 sec
2026-06-20 12:09:33,497 - mazeUtils.moveTile - [moveTile.py:1398] - DEBUG - moveTile loop time: 35.8 ms
2026-06-20 12:09:33,503 - picamera2.picamera2 - [picamera2.py:1391] - DEBUG - Execute job: <picamera2.job.Job object at 0x7f8acf6e10>
2026-06-20 12:09:33,506 - mazeUtils.device.camera - [camera.py:39] - DEBUG - Average HSV: H=129.5, S=128.5, V=82.5
2026-06-20 12:09:33,533 - mazeUtils.moveTile - [moveTile.py:79] - DEBUG - roll: 2.3700000000000045 deg, practicalMoveTime: 0.36983549044186464 sec
2026-06-20 12:09:33,534 - mazeUtils.moveTile - [moveTile.py:1398] - DEBUG - moveTile loop time: 36.6 ms
2026-06-20 12:09:33,539 - picamera2.picamera2 - [picamera2.py:1391] - DEBUG - Execute job: <picamera2.job.Job object at 0x7f8ad20bd0>
2026-06-20 12:09:33,542 - mazeUtils.device.camera - [camera.py:39] - DEBUG - Average HSV: H=128.7, S=129.8, V=85.0
2026-06-20 12:09:33,573 - mazeUtils.moveTile - [moveTile.py:79] - DEBUG - roll: 2.4699999999999704 deg, practicalMoveTime: 0.40865851629780353 sec
2026-06-20 12:09:33,573 - mazeUtils.moveTile - [moveTile.py:1398] - DEBUG - moveTile loop time: 39.3 ms
2026-06-20 12:09:33,582 - picamera2.picamera2 - [picamera2.py:1391] - DEBUG - Execute job: <picamera2.job.Job object at 0x7f8acf6e50>
2026-06-20 12:09:33,585 - mazeUtils.device.camera - [camera.py:39] - DEBUG - Average HSV: H=129.0, S=129.5, V=83.7
2026-06-20 12:09:33,612 - mazeUtils.moveTile - [moveTile.py:79] - DEBUG - roll: 1.099999999999966 deg, practicalMoveTime: 0.44727067909410445 sec
2026-06-20 12:09:33,612 - mazeUtils.moveTile - [moveTile.py:1398] - DEBUG - moveTile loop time: 39.0 ms
2026-06-20 12:09:33,617 - picamera2.picamera2 - [picamera2.py:1391] - DEBUG - Execute job: <picamera2.job.Job object at 0x7f8acd8c10>
2026-06-20 12:09:33,620 - mazeUtils.device.camera - [camera.py:39] - DEBUG - Average HSV: H=128.4, S=132.8, V=85.0
2026-06-20 12:09:33,650 - mazeUtils.moveTile - [moveTile.py:79] - DEBUG - roll: 1.6099999999999568 deg, practicalMoveTime: 0.4843518198047631 sec
2026-06-20 12:09:33,650 - mazeUtils.moveTile - [moveTile.py:1398] - DEBUG - moveTile loop time: 37.4 ms
2026-06-20 12:09:33,657 - picamera2.picamera2 - [picamera2.py:1391] - DEBUG - Execute job: <picamera2.job.Job object at 0x7f8ad22d90>
2026-06-20 12:09:33,660 - mazeUtils.device.camera - [camera.py:39] - DEBUG - Average HSV: H=127.9, S=133.4, V=87.4
2026-06-20 12:09:33,688 - mazeUtils.moveTile - [moveTile.py:79] - DEBUG - roll: 1.9799999999999613 deg, practicalMoveTime: 0.5219122551859343 sec
2026-06-20 12:09:33,688 - mazeUtils.moveTile - [moveTile.py:1398] - DEBUG - moveTile loop time: 38.2 ms
2026-06-20 12:09:33,692 - picamera2.picamera2 - [picamera2.py:1391] - DEBUG - Execute job: <picamera2.job.Job object at 0x7f8ad22e10>
2026-06-20 12:09:33,696 - mazeUtils.device.camera - [camera.py:39] - DEBUG - Average HSV: H=128.1, S=134.9, V=86.3
2026-06-20 12:09:33,735 - mazeUtils.moveTile - [moveTile.py:79] - DEBUG - roll: 1.3100000000000023 deg, practicalMoveTime: 0.5683402418470674 sec
2026-06-20 12:09:33,735 - mazeUtils.moveTile - [moveTile.py:1398] - DEBUG - moveTile loop time: 46.6 ms
2026-06-20 12:09:33,742 - picamera2.picamera2 - [picamera2.py:1391] - DEBUG - Execute job: <picamera2.job.Job object at 0x7f8ad20bd0>
2026-06-20 12:09:33,745 - mazeUtils.device.camera - [camera.py:39] - DEBUG - Average HSV: H=127.4, S=137.7, V=89.2
2026-06-20 12:09:33,780 - mazeUtils.moveTile - [moveTile.py:79] - DEBUG - roll: 2.4899999999999523 deg, practicalMoveTime: 0.6129905603664076 sec
2026-06-20 12:09:33,781 - mazeUtils.moveTile - [moveTile.py:1398] - DEBUG - moveTile loop time: 44.7 ms
2026-06-20 12:09:33,786 - picamera2.picamera2 - [picamera2.py:1391] - DEBUG - Execute job: <picamera2.job.Job object at 0x7f8acf6690>
2026-06-20 12:09:33,790 - mazeUtils.device.camera - [camera.py:39] - DEBUG - Average HSV: H=126.4, S=140.3, V=92.4
2026-06-20 12:09:33,820 - mazeUtils.moveTile - [moveTile.py:79] - DEBUG - roll: 1.7199999999999704 deg, practicalMoveTime: 0.651786425352664 sec
2026-06-20 12:09:33,820 - mazeUtils.moveTile - [moveTile.py:1398] - DEBUG - moveTile loop time: 39.1 ms
2026-06-20 12:09:33,825 - picamera2.picamera2 - [picamera2.py:1391] - DEBUG - Execute job: <picamera2.job.Job object at 0x7f8ad22f10>
2026-06-20 12:09:33,828 - mazeUtils.device.camera - [camera.py:39] - DEBUG - Average HSV: H=126.3, S=142.9, V=92.1
2026-06-20 12:09:33,860 - mazeUtils.moveTile - [moveTile.py:79] - DEBUG - roll: 1.329999999999984 deg, practicalMoveTime: 0.6914166492974275 sec
2026-06-20 12:09:33,860 - mazeUtils.moveTile - [moveTile.py:1398] - DEBUG - moveTile loop time: 39.9 ms
2026-06-20 12:09:33,865 - picamera2.picamera2 - [picamera2.py:1391] - DEBUG - Execute job: <picamera2.job.Job object at 0x7f8acf6e10>
2026-06-20 12:09:33,868 - mazeUtils.device.camera - [camera.py:39] - DEBUG - Average HSV: H=124.5, S=147.9, V=99.5
2026-06-20 12:09:33,905 - mazeUtils.moveTile - [moveTile.py:79] - DEBUG - roll: 2.019999999999982 deg, practicalMoveTime: 0.736352544715796 sec
2026-06-20 12:09:33,906 - mazeUtils.moveTile - [moveTile.py:1398] - DEBUG - moveTile loop time: 45.2 ms
2026-06-20 12:09:33,915 - picamera2.picamera2 - [picamera2.py:1391] - DEBUG - Execute job: <picamera2.job.Job object at 0x7f8acf6e10>
2026-06-20 12:09:33,918 - mazeUtils.device.camera - [camera.py:39] - DEBUG - Average HSV: H=122.5, S=152.6, V=109.1
2026-06-20 12:09:33,944 - mazeUtils.moveTile - [moveTile.py:79] - DEBUG - roll: 0.92999999999995 deg, practicalMoveTime: 0.7752027406023234 sec
2026-06-20 12:09:33,945 - mazeUtils.moveTile - [moveTile.py:1398] - DEBUG - moveTile loop time: 39.3 ms
2026-06-20 12:09:33,950 - picamera2.picamera2 - [picamera2.py:1391] - DEBUG - Execute job: <picamera2.job.Job object at 0x7f8acf6650>
2026-06-20 12:09:33,953 - mazeUtils.device.camera - [camera.py:39] - DEBUG - Average HSV: H=122.0, S=155.4, V=111.4
2026-06-20 12:09:33,986 - mazeUtils.moveTile - [moveTile.py:79] - DEBUG - roll: 0.37999999999999545 deg, practicalMoveTime: 0.8159358973842826 sec
2026-06-20 12:09:33,986 - mazeUtils.moveTile - [moveTile.py:1398] - DEBUG - moveTile loop time: 41.3 ms
2026-06-20 12:09:33,995 - picamera2.picamera2 - [picamera2.py:1391] - DEBUG - Execute job: <picamera2.job.Job object at 0x7f8acf6690>
2026-06-20 12:09:33,998 - mazeUtils.device.camera - [camera.py:39] - DEBUG - Average HSV: H=120.3, S=164.1, V=123.9
2026-06-20 12:09:34,025 - mazeUtils.moveTile - [moveTile.py:1344] - INFO - practicalVerticalMove: 0.9691173454292265 CM
2026-06-20 12:09:34,069 - mazeUtils.moveTile - [moveTile.py:79] - DEBUG - Little forward to adjust position
2026-06-20 12:09:34,256 - mazeUtils.moveTile - [moveTile.py:1603] - INFO - Set moved vertical distance: 0.9691173454292265 cm, past distances: [(0.7407058629822073, False), (0.9231109322069493, False), (0.9966742018798095, False)]
2026-06-20 12:09:34,344 - mazeUtils.moveTile - [moveTile.py:528] - DEBUG - Direction: absDirection.NORTH, Angle: 90, Distance: 18.213153826101642 cm
2026-06-20 12:09:34,345 - mazeUtils.moveTile - [moveTile.py:528] - DEBUG - Direction: absDirection.EAST, Angle: 0, Distance: 13.696574166997255 cm
2026-06-20 12:09:34,345 - mazeUtils.moveTile - [moveTile.py:551] - DEBUG - Front LiDAR distance: 13.696574166997255 cm, TSD10 distance: 1.7 cm
2026-06-20 12:09:34,346 - mazeUtils.moveTile - [moveTile.py:528] - DEBUG - Direction: absDirection.SOUTH, Angle: 270, Distance: 48.46072032835587 cm
2026-06-20 12:09:34,347 - mazeUtils.moveTile - [moveTile.py:528] - DEBUG - Direction: absDirection.WEST, Angle: 180, Distance: 52.22235121691831 cm
2026-06-20 12:09:34,349 - mazeUtils.moveTile - [moveTile.py:1724] - INFO - Tile color detection counts: {}, decided tile type: E
2026-06-20 12:09:34,423 - __main__ - [main.py:87] - INFO - Current position: (18, 19, 1), front direction: absDirection.EAST
Layer 0 (altitude=0.0cm, offset=(0.0cm, 0.0cm)):
Known map area: x=18..20, y=15..20
+   +---+   +
  U   E   B  
+---+   +---+
| E   E   E |
+---+   +   +
  U   U | E |
+   +   +   +
  U   U | E |
+   +   +   +
  U   U   E |
+   +   +   +
  U   U | S |
+   +   +---+
Layer 1 (altitude=15.0cm, offset=(-60.0cm, 0.0cm)):
Known map area: x=17..19, y=15..20
+   +   +---+
  U   U | E  
+   +   +   +
  U   U | E |
+   +   +   +
  U   U   E  
+   +   +   +
  U   U   E  
+---+---+   +
| E   @ | E |
+   +   +   +
| E   E   E |
+---+---+---+
mazeAsGraph[0][15][19] = {absDirection.NORTH: None, absDirection.EAST: None, absDirection.SOUTH: (19, 16, 0, 30), absDirection.WEST: (19, 15, 1, 60)}
mazeAsGraph[0][15][20] = {absDirection.NORTH: None, absDirection.EAST: None, absDirection.SOUTH: None, absDirection.WEST: None}
mazeAsGraph[0][16][18] = {absDirection.NORTH: None, absDirection.EAST: (19, 16, 0, 30), absDirection.SOUTH: None, absDirection.WEST: None}
mazeAsGraph[0][16][19] = {absDirection.NORTH: (19, 15, 0, 30), absDirection.EAST: (20, 16, 0, 30), absDirection.SOUTH: (19, 17, 0, 30), absDirection.WEST: (18, 16, 0, 30)}
mazeAsGraph[0][16][20] = {absDirection.NORTH: None, absDirection.EAST: None, absDirection.SOUTH: (20, 17, 0, 30), absDirection.WEST: (19, 16, 0, 30)}
mazeAsGraph[0][17][20] = {absDirection.NORTH: (20, 16, 0, 30), absDirection.EAST: None, absDirection.SOUTH: (20, 18, 0, 30), absDirection.WEST: None}
mazeAsGraph[0][18][20] = {absDirection.NORTH: (20, 17, 0, 30), absDirection.EAST: None, absDirection.SOUTH: (20, 19, 0, 30), absDirection.WEST: None}
mazeAsGraph[0][19][20] = {absDirection.NORTH: (20, 18, 0, 30), absDirection.EAST: None, absDirection.SOUTH: (20, 20, 0, 30), absDirection.WEST: (19, 19, 0, 30)}
mazeAsGraph[0][20][20] = {absDirection.NORTH: (20, 19, 0, 30), absDirection.EAST: None, absDirection.SOUTH: None, absDirection.WEST: None}
mazeAsGraph[1][15][19] = {absDirection.NORTH: None, absDirection.EAST: (19, 15, 0, 60), absDirection.SOUTH: (19, 16, 1, 30), absDirection.WEST: None}
mazeAsGraph[1][16][19] = {absDirection.NORTH: (19, 15, 1, 30), absDirection.EAST: None, absDirection.SOUTH: (19, 17, 1, 30), absDirection.WEST: None}
mazeAsGraph[1][17][19] = {absDirection.NORTH: (19, 16, 1, 30), absDirection.EAST: (20, 17, 1, 30), absDirection.SOUTH: (19, 18, 1, 30), absDirection.WEST: (18, 17, 1, 30)}
mazeAsGraph[1][18][19] = {absDirection.NORTH: (19, 17, 1, 30), absDirection.EAST: (20, 18, 1, 30), absDirection.SOUTH: (19, 19, 1, 30), absDirection.WEST: (18, 18, 1, 30)}
mazeAsGraph[1][19][17] = {absDirection.NORTH: None, absDirection.EAST: (18, 19, 1, 30), absDirection.SOUTH: (17, 20, 1, 30), absDirection.WEST: None}
mazeAsGraph[1][19][18] = {absDirection.NORTH: None, absDirection.EAST: None, absDirection.SOUTH: (18, 20, 1, 30), absDirection.WEST: (17, 19, 1, 30)}
mazeAsGraph[1][19][19] = {absDirection.NORTH: (19, 18, 1, 30), absDirection.EAST: None, absDirection.SOUTH: (19, 20, 1, 30), absDirection.WEST: None}
mazeAsGraph[1][20][17] = {absDirection.NORTH: (17, 19, 1, 30), absDirection.EAST: (18, 20, 1, 30), absDirection.SOUTH: None, absDirection.WEST: None}
mazeAsGraph[1][20][18] = {absDirection.NORTH: (18, 19, 1, 30), absDirection.EAST: (19, 20, 1, 30), absDirection.SOUTH: None, absDirection.WEST: (17, 20, 1, 30)}
mazeAsGraph[1][20][19] = {absDirection.NORTH: (19, 19, 1, 30), absDirection.EAST: None, absDirection.SOUTH: None, absDirection.WEST: (18, 20, 1, 30)}
2026-06-20 12:09:34,430 - mazeUtils.mazeMap - [mazeMap.py:61] - INFO - next goal: (20, 18, 1)
2026-06-20 12:09:34,437 - mazeUtils.moveTile - [moveTile.py:79] - DEBUG - Moving to absDirection.SOUTH from (18, 19, 1) facing absDirection.EAST
2026-06-20 12:09:34,466 - mazeUtils.moveTile - [moveTile.py:79] - DEBUG - current heading: 267.51 target: 225
2026-06-20 12:09:34,925 - mazeUtils.moveTile - [moveTile.py:403] - DEBUG - stopped turning at heading: 229.29000000000002, diff: 4.2900000000000205
2026-06-20 12:09:36,092 - mazeUtils.moveTile - [moveTile.py:79] - DEBUG - Turned to heading: 224.23000000000002 deg
2026-06-20 12:09:36,630 - mazeUtils.moveTile - [moveTile.py:79] - DEBUG - current heading: 224.68 target: 180
2026-06-20 12:09:37,081 - mazeUtils.moveTile - [moveTile.py:403] - DEBUG - stopped turning at heading: 183.32000000000002, diff: 3.3200000000000216
2026-06-20 12:09:37,135 - mazeUtils.moveTile - [moveTile.py:79] - DEBUG - Turned to heading: 179.58 deg
2026-06-20 12:09:37,258 - mazeUtils.moveTile - [moveTile.py:79] - DEBUG - Little backward to adjust position
2026-06-20 12:09:37,849 - mazeUtils.moveTile - [moveTile.py:1191] - DEBUG - Calculated target steps to next tile: 1 based on distance 30 cm
2026-06-20 12:09:37,854 - picamera2.picamera2 - [picamera2.py:1391] - DEBUG - Execute job: <picamera2.job.Job object at 0x7f7b95aed0>
2026-06-20 12:09:37,857 - mazeUtils.device.camera - [camera.py:39] - DEBUG - Average HSV: H=124.2, S=136.5, V=91.3
2026-06-20 12:09:37,886 - mazeUtils.moveTile - [moveTile.py:79] - DEBUG - roll: 3.3799999999999955 deg, practicalMoveTime: 0.03729115606651982 sec
2026-06-20 12:09:37,887 - mazeUtils.moveTile - [moveTile.py:1398] - DEBUG - moveTile loop time: 36.8 ms
2026-06-20 12:09:37,891 - picamera2.picamera2 - [picamera2.py:1391] - DEBUG - Execute job: <picamera2.job.Job object at 0x7f6975d1d0>
2026-06-20 12:09:37,894 - mazeUtils.device.camera - [camera.py:39] - DEBUG - Average HSV: H=124.1, S=136.9, V=91.7
2026-06-20 12:09:37,923 - mazeUtils.moveTile - [moveTile.py:79] - DEBUG - roll: 3.4699999999999704 deg, practicalMoveTime: 0.07311974215819786 sec
2026-06-20 12:09:37,923 - mazeUtils.moveTile - [moveTile.py:1398] - DEBUG - moveTile loop time: 36.2 ms
2026-06-20 12:09:37,928 - picamera2.picamera2 - [picamera2.py:1391] - DEBUG - Execute job: <picamera2.job.Job object at 0x7f8acf6650>
2026-06-20 12:09:37,931 - mazeUtils.device.camera - [camera.py:39] - DEBUG - Average HSV: H=124.1, S=135.6, V=92.9
2026-06-20 12:09:37,958 - mazeUtils.moveTile - [moveTile.py:79] - DEBUG - roll: 2.5600000000000023 deg, practicalMoveTime: 0.10789125689486977 sec
2026-06-20 12:09:37,959 - mazeUtils.moveTile - [moveTile.py:1398] - DEBUG - moveTile loop time: 34.8 ms
2026-06-20 12:09:37,962 - picamera2.picamera2 - [picamera2.py:1391] - DEBUG - Execute job: <picamera2.job.Job object at 0x7f6975d4d0>
2026-06-20 12:09:37,966 - mazeUtils.device.camera - [camera.py:39] - DEBUG - Average HSV: H=124.5, S=136.6, V=89.2
2026-06-20 12:09:37,993 - mazeUtils.moveTile - [moveTile.py:79] - DEBUG - roll: 4.099999999999966 deg, practicalMoveTime: 0.14265599335057466 sec
2026-06-20 12:09:37,994 - mazeUtils.moveTile - [moveTile.py:1398] - DEBUG - moveTile loop time: 35.1 ms
2026-06-20 12:09:38,000 - picamera2.picamera2 - [picamera2.py:1391] - DEBUG - Execute job: <picamera2.job.Job object at 0x7f8acf6e10>
2026-06-20 12:09:38,003 - mazeUtils.device.camera - [camera.py:39] - DEBUG - Average HSV: H=125.3, S=129.3, V=87.3
2026-06-20 12:09:38,031 - mazeUtils.moveTile - [moveTile.py:79] - DEBUG - roll: 3.1899999999999977 deg, practicalMoveTime: 0.1793227035440218 sec
2026-06-20 12:09:38,031 - mazeUtils.moveTile - [moveTile.py:1398] - DEBUG - moveTile loop time: 37.1 ms
2026-06-20 12:09:38,036 - picamera2.picamera2 - [picamera2.py:1391] - DEBUG - Execute job: <picamera2.job.Job object at 0x7f8acf6650>
2026-06-20 12:09:38,039 - mazeUtils.device.camera - [camera.py:39] - DEBUG - Average HSV: H=126.0, S=129.1, V=84.5
2026-06-20 12:09:38,070 - mazeUtils.moveTile - [moveTile.py:79] - DEBUG - roll: 2.7199999999999704 deg, practicalMoveTime: 0.2184950394734527 sec
2026-06-20 12:09:38,071 - mazeUtils.moveTile - [moveTile.py:1398] - DEBUG - moveTile loop time: 39.5 ms
2026-06-20 12:09:38,076 - picamera2.picamera2 - [picamera2.py:1391] - DEBUG - Execute job: <picamera2.job.Job object at 0x7f8acd8950>
2026-06-20 12:09:38,079 - mazeUtils.device.camera - [camera.py:39] - DEBUG - Average HSV: H=125.1, S=132.0, V=86.7
2026-06-20 12:09:38,106 - mazeUtils.moveTile - [moveTile.py:79] - DEBUG - roll: 3.75 deg, practicalMoveTime: 0.25377276724773656 sec
2026-06-20 12:09:38,107 - mazeUtils.moveTile - [moveTile.py:1398] - DEBUG - moveTile loop time: 35.6 ms
2026-06-20 12:09:38,113 - picamera2.picamera2 - [picamera2.py:1391] - DEBUG - Execute job: <picamera2.job.Job object at 0x7f8acf7810>
2026-06-20 12:09:38,116 - mazeUtils.device.camera - [camera.py:39] - DEBUG - Average HSV: H=125.1, S=135.6, V=85.1
2026-06-20 12:09:38,145 - mazeUtils.moveTile - [moveTile.py:79] - DEBUG - roll: 3.1899999999999977 deg, practicalMoveTime: 0.2920410721057394 sec
2026-06-20 12:09:38,145 - mazeUtils.moveTile - [moveTile.py:1398] - DEBUG - moveTile loop time: 38.6 ms
2026-06-20 12:09:38,153 - picamera2.picamera2 - [picamera2.py:1391] - DEBUG - Execute job: <picamera2.job.Job object at 0x7f8acd8950>
2026-06-20 12:09:38,156 - mazeUtils.device.camera - [camera.py:39] - DEBUG - Average HSV: H=124.6, S=136.2, V=89.6
2026-06-20 12:09:38,183 - mazeUtils.moveTile - [moveTile.py:79] - DEBUG - roll: 2.319999999999993 deg, practicalMoveTime: 0.32934777083586997 sec
2026-06-20 12:09:38,183 - mazeUtils.moveTile - [moveTile.py:1398] - DEBUG - moveTile loop time: 37.8 ms
2026-06-20 12:09:38,191 - picamera2.picamera2 - [picamera2.py:1391] - DEBUG - Execute job: <picamera2.job.Job object at 0x7f6975d190>
2026-06-20 12:09:38,194 - mazeUtils.device.camera - [camera.py:39] - DEBUG - Average HSV: H=125.1, S=134.3, V=87.5
2026-06-20 12:09:38,221 - mazeUtils.moveTile - [moveTile.py:79] - DEBUG - roll: 2.819999999999993 deg, practicalMoveTime: 0.36639458568987027 sec
2026-06-20 12:09:38,221 - mazeUtils.moveTile - [moveTile.py:1398] - DEBUG - moveTile loop time: 37.5 ms
2026-06-20 12:09:38,225 - picamera2.picamera2 - [picamera2.py:1391] - DEBUG - Execute job: <picamera2.job.Job object at 0x7f8acf7810>
2026-06-20 12:09:38,228 - mazeUtils.device.camera - [camera.py:39] - DEBUG - Average HSV: H=125.4, S=134.0, V=85.3
2026-06-20 12:09:38,260 - mazeUtils.moveTile - [moveTile.py:79] - DEBUG - roll: 2.9799999999999613 deg, practicalMoveTime: 0.4050942619146332 sec
2026-06-20 12:09:38,261 - mazeUtils.moveTile - [moveTile.py:1398] - DEBUG - moveTile loop time: 39.3 ms
2026-06-20 12:09:38,267 - picamera2.picamera2 - [picamera2.py:1391] - DEBUG - Execute job: <picamera2.job.Job object at 0x7f8acf7810>
2026-06-20 12:09:38,270 - mazeUtils.device.camera - [camera.py:39] - DEBUG - Average HSV: H=125.9, S=131.9, V=82.9
2026-06-20 12:09:38,303 - mazeUtils.moveTile - [moveTile.py:79] - DEBUG - roll: 2.569999999999993 deg, practicalMoveTime: 0.44731645137537646 sec
2026-06-20 12:09:38,304 - mazeUtils.moveTile - [moveTile.py:1398] - DEBUG - moveTile loop time: 42.6 ms
2026-06-20 12:09:38,310 - picamera2.picamera2 - [picamera2.py:1391] - DEBUG - Execute job: <picamera2.job.Job object at 0x7f8acf6e10>
2026-06-20 12:09:38,313 - mazeUtils.device.camera - [camera.py:39] - DEBUG - Average HSV: H=127.8, S=127.8, V=74.4
2026-06-20 12:09:38,344 - mazeUtils.moveTile - [moveTile.py:79] - DEBUG - roll: 3.2399999999999523 deg, practicalMoveTime: 0.4880232406505782 sec
2026-06-20 12:09:38,345 - mazeUtils.moveTile - [moveTile.py:1398] - DEBUG - moveTile loop time: 41.2 ms
2026-06-20 12:09:38,349 - picamera2.picamera2 - [picamera2.py:1391] - DEBUG - Execute job: <picamera2.job.Job object at 0x7f8acf6690>
2026-06-20 12:09:38,352 - mazeUtils.device.camera - [camera.py:39] - DEBUG - Average HSV: H=126.9, S=144.2, V=72.0
2026-06-20 12:09:38,377 - mazeUtils.moveTile - [moveTile.py:79] - DEBUG - roll: 2.8799999999999955 deg, practicalMoveTime: 0.5203503032492334 sec
2026-06-20 12:09:38,378 - mazeUtils.moveTile - [moveTile.py:1398] - DEBUG - moveTile loop time: 32.8 ms
2026-06-20 12:09:38,386 - picamera2.picamera2 - [picamera2.py:1391] - DEBUG - Execute job: <picamera2.job.Job object at 0x7f8acf6650>
2026-06-20 12:09:38,390 - mazeUtils.device.camera - [camera.py:39] - DEBUG - Average HSV: H=126.5, S=152.1, V=70.6
2026-06-20 12:09:38,420 - mazeUtils.moveTile - [moveTile.py:79] - DEBUG - roll: 2.1499999999999773 deg, practicalMoveTime: 0.5622657560973855 sec
2026-06-20 12:09:38,421 - mazeUtils.moveTile - [moveTile.py:1398] - DEBUG - moveTile loop time: 42.4 ms
2026-06-20 12:09:38,427 - picamera2.picamera2 - [picamera2.py:1391] - DEBUG - Execute job: <picamera2.job.Job object at 0x7f8acf6e10>
2026-06-20 12:09:38,430 - mazeUtils.device.camera - [camera.py:39] - DEBUG - Average HSV: H=127.3, S=150.9, V=66.4
2026-06-20 12:09:38,460 - mazeUtils.moveTile - [moveTile.py:79] - DEBUG - roll: 2.359999999999957 deg, practicalMoveTime: 0.6014892704497918 sec
2026-06-20 12:09:38,460 - mazeUtils.moveTile - [moveTile.py:1398] - DEBUG - moveTile loop time: 39.7 ms
2026-06-20 12:09:38,468 - picamera2.picamera2 - [picamera2.py:1391] - DEBUG - Execute job: <picamera2.job.Job object at 0x7f8acf6690>
2026-06-20 12:09:38,471 - mazeUtils.device.camera - [camera.py:39] - DEBUG - Average HSV: H=126.1, S=140.4, V=70.3
2026-06-20 12:09:38,510 - mazeUtils.moveTile - [moveTile.py:79] - DEBUG - roll: 3.2199999999999704 deg, practicalMoveTime: 0.6511105886503165 sec
2026-06-20 12:09:38,511 - mazeUtils.moveTile - [moveTile.py:1398] - DEBUG - moveTile loop time: 50.0 ms
2026-06-20 12:09:38,516 - picamera2.picamera2 - [picamera2.py:1391] - DEBUG - Execute job: <picamera2.job.Job object at 0x7f8acf6e10>
2026-06-20 12:09:38,519 - mazeUtils.device.camera - [camera.py:39] - DEBUG - Average HSV: H=125.8, S=140.0, V=69.8
2026-06-20 12:09:38,547 - mazeUtils.moveTile - [moveTile.py:79] - DEBUG - roll: 1.9799999999999613 deg, practicalMoveTime: 0.6876683576518743 sec
2026-06-20 12:09:38,548 - mazeUtils.moveTile - [moveTile.py:1398] - DEBUG - moveTile loop time: 36.8 ms
2026-06-20 12:09:38,553 - picamera2.picamera2 - [picamera2.py:1391] - DEBUG - Execute job: <picamera2.job.Job object at 0x7f6975d050>
2026-06-20 12:09:38,556 - mazeUtils.device.camera - [camera.py:39] - DEBUG - Average HSV: H=124.9, S=144.0, V=74.1
2026-06-20 12:09:38,588 - mazeUtils.moveTile - [moveTile.py:79] - DEBUG - roll: 3.3700000000000045 deg, practicalMoveTime: 0.7278626222896618 sec
2026-06-20 12:09:38,588 - mazeUtils.moveTile - [moveTile.py:1398] - DEBUG - moveTile loop time: 40.3 ms
2026-06-20 12:09:38,599 - picamera2.picamera2 - [picamera2.py:1391] - DEBUG - Execute job: <picamera2.job.Job object at 0x7f7b95aed0>
2026-06-20 12:09:38,602 - mazeUtils.device.camera - [camera.py:39] - DEBUG - Average HSV: H=123.4, S=147.8, V=79.4
2026-06-20 12:09:38,633 - mazeUtils.moveTile - [moveTile.py:79] - DEBUG - roll: 3.2799999999999727 deg, practicalMoveTime: 0.7721753454638668 sec
2026-06-20 12:09:38,633 - mazeUtils.moveTile - [moveTile.py:1398] - DEBUG - moveTile loop time: 44.3 ms
2026-06-20 12:09:38,637 - picamera2.picamera2 - [picamera2.py:1391] - DEBUG - Execute job: <picamera2.job.Job object at 0x7f8acf6e10>
2026-06-20 12:09:38,641 - mazeUtils.device.camera - [camera.py:39] - DEBUG - Average HSV: H=123.0, S=148.5, V=80.9
2026-06-20 12:09:38,677 - mazeUtils.moveTile - [moveTile.py:79] - DEBUG - roll: 2.6299999999999955 deg, practicalMoveTime: 0.8156990176262229 sec
2026-06-20 12:09:38,677 - mazeUtils.moveTile - [moveTile.py:1398] - DEBUG - moveTile loop time: 43.8 ms
2026-06-20 12:09:38,682 - picamera2.picamera2 - [picamera2.py:1391] - DEBUG - Execute job: <picamera2.job.Job object at 0x7f6975d2d0>
2026-06-20 12:09:38,686 - mazeUtils.device.camera - [camera.py:39] - DEBUG - Average HSV: H=122.0, S=155.1, V=84.4
2026-06-20 12:09:38,715 - mazeUtils.moveTile - [moveTile.py:1344] - INFO - practicalVerticalMove: 1.5787202368927606 CM
2026-06-20 12:09:38,763 - mazeUtils.moveTile - [moveTile.py:79] - DEBUG - Little forward to adjust position
2026-06-20 12:09:39,173 - mazeUtils.moveTile - [moveTile.py:528] - DEBUG - Direction: absDirection.NORTH, Angle: 180, Distance: 52.00081453405656 cm
2026-06-20 12:09:39,174 - mazeUtils.moveTile - [moveTile.py:528] - DEBUG - Direction: absDirection.EAST, Angle: 90, Distance: 52.048862216928015 cm
2026-06-20 12:09:39,175 - mazeUtils.moveTile - [moveTile.py:528] - DEBUG - Direction: absDirection.SOUTH, Angle: 0, Distance: 13.450850583194947 cm
2026-06-20 12:09:39,176 - mazeUtils.moveTile - [moveTile.py:528] - DEBUG - Direction: absDirection.WEST, Angle: 270, Distance: 46.47270394188316 cm
2026-06-20 12:09:39,178 - mazeUtils.moveTile - [moveTile.py:1724] - INFO - Tile color detection counts: {}, decided tile type: E
2026-06-20 12:09:39,253 - __main__ - [main.py:87] - INFO - Current position: (18, 20, 1), front direction: absDirection.SOUTH
Layer 0 (altitude=0.0cm, offset=(0.0cm, 0.0cm)):
Known map area: x=18..20, y=15..20
+   +---+   +
  U   E   B  
+---+   +---+
| E   E   E |
+---+   +   +
  U   U | E |
+   +   +   +
  U   U | E |
+   +   +   +
  U   U   E |
+   +   +   +
  U   U | S |
+   +   +---+
Layer 1 (altitude=15.0cm, offset=(-60.0cm, 0.0cm)):
Known map area: x=17..19, y=15..20
+   +   +---+
  U   U | E  
+   +   +   +
  U   U | E |
+   +   +   +
  U   U   E  
+   +   +   +
  U   U   E  
+---+---+   +
| E   E | E |
+   +   +   +
| E   @   E |
+---+---+---+
mazeAsGraph[0][15][19] = {absDirection.NORTH: None, absDirection.EAST: None, absDirection.SOUTH: (19, 16, 0, 30), absDirection.WEST: (19, 15, 1, 60)}
mazeAsGraph[0][15][20] = {absDirection.NORTH: None, absDirection.EAST: None, absDirection.SOUTH: None, absDirection.WEST: None}
mazeAsGraph[0][16][18] = {absDirection.NORTH: None, absDirection.EAST: (19, 16, 0, 30), absDirection.SOUTH: None, absDirection.WEST: None}
mazeAsGraph[0][16][19] = {absDirection.NORTH: (19, 15, 0, 30), absDirection.EAST: (20, 16, 0, 30), absDirection.SOUTH: (19, 17, 0, 30), absDirection.WEST: (18, 16, 0, 30)}
mazeAsGraph[0][16][20] = {absDirection.NORTH: None, absDirection.EAST: None, absDirection.SOUTH: (20, 17, 0, 30), absDirection.WEST: (19, 16, 0, 30)}
mazeAsGraph[0][17][20] = {absDirection.NORTH: (20, 16, 0, 30), absDirection.EAST: None, absDirection.SOUTH: (20, 18, 0, 30), absDirection.WEST: None}
mazeAsGraph[0][18][20] = {absDirection.NORTH: (20, 17, 0, 30), absDirection.EAST: None, absDirection.SOUTH: (20, 19, 0, 30), absDirection.WEST: None}
mazeAsGraph[0][19][20] = {absDirection.NORTH: (20, 18, 0, 30), absDirection.EAST: None, absDirection.SOUTH: (20, 20, 0, 30), absDirection.WEST: (19, 19, 0, 30)}
mazeAsGraph[0][20][20] = {absDirection.NORTH: (20, 19, 0, 30), absDirection.EAST: None, absDirection.SOUTH: None, absDirection.WEST: None}
mazeAsGraph[1][15][19] = {absDirection.NORTH: None, absDirection.EAST: (19, 15, 0, 60), absDirection.SOUTH: (19, 16, 1, 30), absDirection.WEST: None}
mazeAsGraph[1][16][19] = {absDirection.NORTH: (19, 15, 1, 30), absDirection.EAST: None, absDirection.SOUTH: (19, 17, 1, 30), absDirection.WEST: None}
mazeAsGraph[1][17][19] = {absDirection.NORTH: (19, 16, 1, 30), absDirection.EAST: (20, 17, 1, 30), absDirection.SOUTH: (19, 18, 1, 30), absDirection.WEST: (18, 17, 1, 30)}
mazeAsGraph[1][18][19] = {absDirection.NORTH: (19, 17, 1, 30), absDirection.EAST: (20, 18, 1, 30), absDirection.SOUTH: (19, 19, 1, 30), absDirection.WEST: (18, 18, 1, 30)}
mazeAsGraph[1][19][17] = {absDirection.NORTH: None, absDirection.EAST: (18, 19, 1, 30), absDirection.SOUTH: (17, 20, 1, 30), absDirection.WEST: None}
mazeAsGraph[1][19][18] = {absDirection.NORTH: None, absDirection.EAST: None, absDirection.SOUTH: (18, 20, 1, 30), absDirection.WEST: (17, 19, 1, 30)}
mazeAsGraph[1][19][19] = {absDirection.NORTH: (19, 18, 1, 30), absDirection.EAST: None, absDirection.SOUTH: (19, 20, 1, 30), absDirection.WEST: None}
mazeAsGraph[1][20][17] = {absDirection.NORTH: (17, 19, 1, 30), absDirection.EAST: (18, 20, 1, 30), absDirection.SOUTH: None, absDirection.WEST: None}
mazeAsGraph[1][20][18] = {absDirection.NORTH: (18, 19, 1, 30), absDirection.EAST: (19, 20, 1, 30), absDirection.SOUTH: None, absDirection.WEST: (17, 20, 1, 30)}
mazeAsGraph[1][20][19] = {absDirection.NORTH: (19, 19, 1, 30), absDirection.EAST: None, absDirection.SOUTH: None, absDirection.WEST: (18, 20, 1, 30)}
2026-06-20 12:09:39,271 - mazeUtils.moveTile - [moveTile.py:79] - DEBUG - Moving to absDirection.EAST from (18, 20, 1) facing absDirection.SOUTH
2026-06-20 12:09:39,277 - mazeUtils.moveTile - [moveTile.py:79] - DEBUG - Turning to 270 deg, current heading: 180.73000000000002 deg, turnAngle: -89.26999999999998 deg
2026-06-20 12:09:39,316 - mazeUtils.moveTile - [moveTile.py:79] - DEBUG - gyro:180.73000000000002 deg, derivative: 0.0, turnSpeed: -100
2026-06-20 12:09:39,344 - mazeUtils.moveTile - [moveTile.py:79] - DEBUG - gyro:180.75 deg, derivative: 0.01999999999998181, turnSpeed: -100
2026-06-20 12:09:39,370 - mazeUtils.moveTile - [moveTile.py:79] - DEBUG - gyro:180.82000000000002 deg, derivative: 0.0700000000000216, turnSpeed: -100
2026-06-20 12:09:39,405 - mazeUtils.moveTile - [moveTile.py:79] - DEBUG - gyro:180.76000000000002 deg, derivative: -0.060000000000002274, turnSpeed: -100
2026-06-20 12:09:39,428 - mazeUtils.moveTile - [moveTile.py:79] - DEBUG - gyro:182.16000000000003 deg, derivative: 1.4000000000000057, turnSpeed: -100
2026-06-20 12:09:39,453 - mazeUtils.moveTile - [moveTile.py:79] - DEBUG - gyro:185.24 deg, derivative: 3.079999999999984, turnSpeed: -100
2026-06-20 12:09:39,481 - mazeUtils.moveTile - [moveTile.py:79] - DEBUG - gyro:189.60000000000002 deg, derivative: 4.360000000000014, turnSpeed: -100
2026-06-20 12:09:39,518 - mazeUtils.moveTile - [moveTile.py:79] - DEBUG - gyro:192.87 deg, derivative: 3.269999999999982, turnSpeed: -100
2026-06-20 12:09:39,545 - mazeUtils.moveTile - [moveTile.py:79] - DEBUG - gyro:198.27 deg, derivative: 5.400000000000006, turnSpeed: -100
2026-06-20 12:09:39,571 - mazeUtils.moveTile - [moveTile.py:79] - DEBUG - gyro:202.13000000000002 deg, derivative: 3.8600000000000136, turnSpeed: -100
2026-06-20 12:09:39,600 - mazeUtils.moveTile - [moveTile.py:79] - DEBUG - gyro:204.26000000000002 deg, derivative: 2.1299999999999955, turnSpeed: -100
2026-06-20 12:09:39,624 - mazeUtils.moveTile - [moveTile.py:79] - DEBUG - gyro:207.33 deg, derivative: 3.069999999999993, turnSpeed: -100
2026-06-20 12:09:39,646 - mazeUtils.moveTile - [moveTile.py:79] - DEBUG - gyro:211.09 deg, derivative: 3.759999999999991, turnSpeed: -100
2026-06-20 12:09:39,670 - mazeUtils.moveTile - [moveTile.py:79] - DEBUG - gyro:214.60000000000002 deg, derivative: 3.5100000000000193, turnSpeed: -100
2026-06-20 12:09:39,699 - mazeUtils.moveTile - [moveTile.py:79] - DEBUG - gyro:217.04000000000002 deg, derivative: 2.4399999999999977, turnSpeed: -100
2026-06-20 12:09:39,727 - mazeUtils.moveTile - [moveTile.py:79] - DEBUG - gyro:221.29000000000002 deg, derivative: 4.25, turnSpeed: -97.41999999999996
2026-06-20 12:09:39,752 - mazeUtils.moveTile - [moveTile.py:79] - DEBUG - gyro:225.86 deg, derivative: 4.569999999999993, turnSpeed: -88.27999999999997
2026-06-20 12:09:39,781 - mazeUtils.moveTile - [moveTile.py:79] - DEBUG - gyro:229.20000000000002 deg, derivative: 3.3400000000000034, turnSpeed: -81.59999999999997
2026-06-20 12:09:39,805 - mazeUtils.moveTile - [moveTile.py:79] - DEBUG - gyro:233.18 deg, derivative: 3.9799999999999898, turnSpeed: -73.63999999999999
2026-06-20 12:09:39,828 - mazeUtils.moveTile - [moveTile.py:79] - DEBUG - gyro:236.07000000000002 deg, derivative: 2.890000000000015, turnSpeed: -67.85999999999996
2026-06-20 12:09:39,856 - mazeUtils.moveTile - [moveTile.py:79] - DEBUG - gyro:239.91000000000003 deg, derivative: 3.8400000000000034, turnSpeed: -60.17999999999995
2026-06-20 12:09:39,881 - mazeUtils.moveTile - [moveTile.py:79] - DEBUG - gyro:242.24 deg, derivative: 2.329999999999984, turnSpeed: -55.51999999999998
2026-06-20 12:09:39,908 - mazeUtils.moveTile - [moveTile.py:79] - DEBUG - gyro:244.65 deg, derivative: 2.4099999999999966, turnSpeed: -50.69999999999999
2026-06-20 12:09:39,933 - mazeUtils.moveTile - [moveTile.py:79] - DEBUG - gyro:246.77 deg, derivative: 2.1200000000000045, turnSpeed: -46.45999999999998
2026-06-20 12:09:39,956 - mazeUtils.moveTile - [moveTile.py:79] - DEBUG - gyro:248.23000000000002 deg, derivative: 1.460000000000008, turnSpeed: -43.539999999999964
2026-06-20 12:09:39,980 - mazeUtils.moveTile - [moveTile.py:79] - DEBUG - gyro:249.34 deg, derivative: 1.1099999999999852, turnSpeed: -41.31999999999999
2026-06-20 12:09:40,003 - mazeUtils.moveTile - [moveTile.py:79] - DEBUG - gyro:250.85000000000002 deg, derivative: 1.5100000000000193, turnSpeed: -38.299999999999955
2026-06-20 12:09:40,032 - mazeUtils.moveTile - [moveTile.py:79] - DEBUG - gyro:252.56 deg, derivative: 1.7099999999999795, turnSpeed: -34.879999999999995
2026-06-20 12:09:40,056 - mazeUtils.moveTile - [moveTile.py:79] - DEBUG - gyro:253.93 deg, derivative: 1.3700000000000045, turnSpeed: -32.139999999999986
2026-06-20 12:09:40,082 - mazeUtils.moveTile - [moveTile.py:79] - DEBUG - gyro:255.45000000000002 deg, derivative: 1.5200000000000102, turnSpeed: -29.099999999999966
2026-06-20 12:09:40,105 - mazeUtils.moveTile - [moveTile.py:79] - DEBUG - gyro:256.95000000000005 deg, derivative: 1.5000000000000284, turnSpeed: -26.09999999999991
2026-06-20 12:09:40,129 - mazeUtils.moveTile - [moveTile.py:79] - DEBUG - gyro:257.86 deg, derivative: 0.9099999999999682, turnSpeed: -24.279999999999973
2026-06-20 12:09:40,157 - mazeUtils.moveTile - [moveTile.py:79] - DEBUG - gyro:259.16 deg, derivative: 1.3000000000000114, turnSpeed: -21.67999999999995
2026-06-20 12:09:40,182 - mazeUtils.moveTile - [moveTile.py:79] - DEBUG - gyro:260.34000000000003 deg, derivative: 1.1800000000000068, turnSpeed: -19.319999999999936
2026-06-20 12:09:40,209 - mazeUtils.moveTile - [moveTile.py:79] - DEBUG - gyro:261.54 deg, derivative: 1.1999999999999886, turnSpeed: -16.91999999999996
2026-06-20 12:09:40,236 - mazeUtils.moveTile - [moveTile.py:79] - DEBUG - gyro:261.78000000000003 deg, derivative: 0.2400000000000091, turnSpeed: -16.43999999999994
2026-06-20 12:09:40,263 - mazeUtils.moveTile - [moveTile.py:79] - DEBUG - gyro:263.12 deg, derivative: 1.339999999999975, turnSpeed: -13.759999999999991
2026-06-20 12:09:40,293 - mazeUtils.moveTile - [moveTile.py:79] - DEBUG - gyro:263.73 deg, derivative: 0.6100000000000136, turnSpeed: -12.539999999999964
2026-06-20 12:09:40,316 - mazeUtils.moveTile - [moveTile.py:79] - DEBUG - gyro:264.25 deg, derivative: 0.5199999999999818, turnSpeed: -11.5
2026-06-20 12:09:40,341 - mazeUtils.moveTile - [moveTile.py:79] - DEBUG - gyro:264.69 deg, derivative: 0.4399999999999977, turnSpeed: -10.620000000000005
2026-06-20 12:09:40,365 - mazeUtils.moveTile - [moveTile.py:79] - DEBUG - gyro:265.17 deg, derivative: 0.4800000000000182, turnSpeed: -9.659999999999968
2026-06-20 12:09:40,397 - mazeUtils.moveTile - [moveTile.py:79] - DEBUG - gyro:265.37 deg, derivative: 0.19999999999998863, turnSpeed: -9.259999999999991
2026-06-20 12:09:40,425 - mazeUtils.moveTile - [moveTile.py:79] - DEBUG - gyro:265.54 deg, derivative: 0.17000000000001592, turnSpeed: -8.919999999999959
2026-06-20 12:09:40,450 - mazeUtils.moveTile - [moveTile.py:79] - DEBUG - gyro:266.02000000000004 deg, derivative: 0.4800000000000182, turnSpeed: -7.959999999999923
2026-06-20 12:09:40,479 - mazeUtils.moveTile - [moveTile.py:79] - DEBUG - gyro:266.23 deg, derivative: 0.20999999999997954, turnSpeed: -7.539999999999964
2026-06-20 12:09:40,504 - mazeUtils.moveTile - [moveTile.py:79] - DEBUG - gyro:266.44 deg, derivative: 0.20999999999997954, turnSpeed: -7.1200000000000045
2026-06-20 12:09:40,527 - mazeUtils.moveTile - [moveTile.py:79] - DEBUG - gyro:266.65000000000003 deg, derivative: 0.21000000000003638, turnSpeed: -6.699999999999932
2026-06-20 12:09:40,552 - mazeUtils.moveTile - [moveTile.py:79] - DEBUG - gyro:266.83 deg, derivative: 0.17999999999994998, turnSpeed: -6.340000000000032
2026-06-20 12:09:40,577 - mazeUtils.moveTile - [moveTile.py:79] - DEBUG - gyro:267.07 deg, derivative: 0.2400000000000091, turnSpeed: -5.860000000000014
2026-06-20 12:09:40,601 - mazeUtils.moveTile - [moveTile.py:79] - DEBUG - gyro:267.29 deg, derivative: 0.22000000000002728, turnSpeed: -5.419999999999959
2026-06-20 12:09:40,628 - mazeUtils.moveTile - [moveTile.py:79] - DEBUG - gyro:267.54 deg, derivative: 0.25, turnSpeed: -4.919999999999959
2026-06-20 12:09:40,652 - mazeUtils.moveTile - [moveTile.py:79] - DEBUG - gyro:267.76 deg, derivative: 0.21999999999997044, turnSpeed: -4.480000000000018
2026-06-20 12:09:40,676 - mazeUtils.moveTile - [moveTile.py:79] - DEBUG - gyro:267.91 deg, derivative: 0.1500000000000341, turnSpeed: -4.17999999999995
2026-06-20 12:09:40,698 - mazeUtils.moveTile - [moveTile.py:79] - DEBUG - gyro:268.0 deg, derivative: 0.08999999999997499, turnSpeed: -4.0
2026-06-20 12:09:40,724 - mazeUtils.moveTile - [moveTile.py:79] - DEBUG - gyro:268.07 deg, derivative: 0.06999999999999318, turnSpeed: -3.8600000000000136
2026-06-20 12:09:40,749 - mazeUtils.moveTile - [moveTile.py:79] - DEBUG - gyro:268.19 deg, derivative: 0.12000000000000455, turnSpeed: -3.6200000000000045
2026-06-20 12:09:40,776 - mazeUtils.moveTile - [moveTile.py:79] - DEBUG - gyro:268.34000000000003 deg, derivative: 0.1500000000000341, turnSpeed: -3.3199999999999363
2026-06-20 12:09:40,807 - mazeUtils.moveTile - [moveTile.py:79] - DEBUG - gyro:268.52000000000004 deg, derivative: 0.18000000000000682, turnSpeed: -2.9599999999999227
2026-06-20 12:09:40,831 - mazeUtils.moveTile - [moveTile.py:79] - DEBUG - gyro:268.6 deg, derivative: 0.07999999999998408, turnSpeed: -2.7999999999999545
2026-06-20 12:09:40,856 - mazeUtils.moveTile - [moveTile.py:79] - DEBUG - gyro:268.67 deg, derivative: 0.06999999999999318, turnSpeed: -2.659999999999968
2026-06-20 12:09:40,881 - mazeUtils.moveTile - [moveTile.py:79] - DEBUG - gyro:268.74 deg, derivative: 0.06999999999999318, turnSpeed: -2.519999999999982
2026-06-20 12:09:40,905 - mazeUtils.moveTile - [moveTile.py:79] - DEBUG - gyro:268.79 deg, derivative: 0.05000000000001137, turnSpeed: -2.419999999999959
2026-06-20 12:09:40,929 - mazeUtils.moveTile - [moveTile.py:79] - DEBUG - gyro:268.84000000000003 deg, derivative: 0.05000000000001137, turnSpeed: -2.3199999999999363
2026-06-20 12:09:40,951 - mazeUtils.moveTile - [moveTile.py:79] - DEBUG - gyro:268.90000000000003 deg, derivative: 0.060000000000002274, turnSpeed: -2.199999999999932
2026-06-20 12:09:40,973 - mazeUtils.moveTile - [moveTile.py:79] - DEBUG - gyro:268.96000000000004 deg, derivative: 0.060000000000002274, turnSpeed: -2.0799999999999272
2026-06-20 12:09:41,002 - mazeUtils.moveTile - [moveTile.py:79] - DEBUG - gyro:269.04 deg, derivative: 0.07999999999998408, turnSpeed: -1.919999999999959
2026-06-20 12:09:41,027 - mazeUtils.moveTile - [moveTile.py:79] - DEBUG - gyro:269.14 deg, derivative: 0.0999999999999659, turnSpeed: -1.7200000000000273
2026-06-20 12:09:41,051 - mazeUtils.moveTile - [moveTile.py:79] - DEBUG - gyro:269.2 deg, derivative: 0.060000000000002274, turnSpeed: -1.6000000000000227
2026-06-20 12:09:41,074 - mazeUtils.moveTile - [moveTile.py:79] - DEBUG - gyro:269.28000000000003 deg, derivative: 0.08000000000004093, turnSpeed: -1.4399999999999409
2026-06-20 12:09:41,094 - mazeUtils.moveTile - [moveTile.py:79] - DEBUG - Turned to heading: 269.28000000000003 deg
2026-06-20 12:09:41,254 - mazeUtils.moveTile - [moveTile.py:1191] - DEBUG - Calculated target steps to next tile: 1 based on distance 30 cm
2026-06-20 12:09:41,262 - picamera2.picamera2 - [picamera2.py:1391] - DEBUG - Execute job: <picamera2.job.Job object at 0x7f8acdee90>
2026-06-20 12:09:41,267 - mazeUtils.device.camera - [camera.py:39] - DEBUG - Average HSV: H=138.1, S=87.7, V=82.5
2026-06-20 12:09:41,301 - mazeUtils.moveTile - [moveTile.py:79] - DEBUG - roll: 1.669999999999959 deg, practicalMoveTime: 0.046847940620173605 sec
2026-06-20 12:09:41,302 - mazeUtils.moveTile - [moveTile.py:1398] - DEBUG - moveTile loop time: 44.5 ms
2026-06-20 12:09:41,308 - picamera2.picamera2 - [picamera2.py:1391] - DEBUG - Execute job: <picamera2.job.Job object at 0x7f7b969590>
2026-06-20 12:09:41,313 - mazeUtils.device.camera - [camera.py:39] - DEBUG - Average HSV: H=138.1, S=86.9, V=83.6
2026-06-20 12:09:41,344 - mazeUtils.moveTile - [moveTile.py:79] - DEBUG - roll: 2.2199999999999704 deg, practicalMoveTime: 0.08922672168158599 sec
2026-06-20 12:09:41,345 - mazeUtils.moveTile - [moveTile.py:1398] - DEBUG - moveTile loop time: 43.1 ms
2026-06-20 12:09:41,350 - picamera2.picamera2 - [picamera2.py:1391] - DEBUG - Execute job: <picamera2.job.Job object at 0x7f69756690>
2026-06-20 12:09:41,354 - mazeUtils.device.camera - [camera.py:39] - DEBUG - Average HSV: H=139.3, S=84.8, V=83.4
2026-06-20 12:09:41,386 - mazeUtils.moveTile - [moveTile.py:79] - DEBUG - roll: 2.259999999999991 deg, practicalMoveTime: 0.12955816114335533 sec
2026-06-20 12:09:41,386 - mazeUtils.moveTile - [moveTile.py:1398] - DEBUG - moveTile loop time: 40.4 ms
2026-06-20 12:09:41,391 - picamera2.picamera2 - [picamera2.py:1391] - DEBUG - Execute job: <picamera2.job.Job object at 0x7f8acf6e10>
2026-06-20 12:09:41,395 - mazeUtils.device.camera - [camera.py:39] - DEBUG - Average HSV: H=138.8, S=84.2, V=85.0
2026-06-20 12:09:41,430 - mazeUtils.moveTile - [moveTile.py:79] - DEBUG - roll: 0.8100000000000023 deg, practicalMoveTime: 0.1734399603735525 sec
2026-06-20 12:09:41,431 - mazeUtils.moveTile - [moveTile.py:1398] - DEBUG - moveTile loop time: 43.8 ms
2026-06-20 12:09:41,438 - picamera2.picamera2 - [picamera2.py:1391] - DEBUG - Execute job: <picamera2.job.Job object at 0x7f8acdffd0>
2026-06-20 12:09:41,442 - mazeUtils.device.camera - [camera.py:39] - DEBUG - Average HSV: H=141.2, S=79.8, V=84.6
2026-06-20 12:09:41,472 - mazeUtils.moveTile - [moveTile.py:79] - DEBUG - roll: 1.75 deg, practicalMoveTime: 0.21393005213091995 sec
2026-06-20 12:09:41,473 - mazeUtils.moveTile - [moveTile.py:1398] - DEBUG - moveTile loop time: 41.3 ms
2026-06-20 12:09:41,479 - picamera2.picamera2 - [picamera2.py:1391] - DEBUG - Execute job: <picamera2.job.Job object at 0x7f80874a90>
2026-06-20 12:09:41,483 - mazeUtils.device.camera - [camera.py:39] - DEBUG - Average HSV: H=140.3, S=80.1, V=87.0
2026-06-20 12:09:41,517 - mazeUtils.moveTile - [moveTile.py:79] - DEBUG - roll: 0.6699999999999591 deg, practicalMoveTime: 0.25763538819889303 sec
2026-06-20 12:09:41,517 - mazeUtils.moveTile - [moveTile.py:1398] - DEBUG - moveTile loop time: 43.9 ms
2026-06-20 12:09:41,523 - picamera2.picamera2 - [picamera2.py:1391] - DEBUG - Execute job: <picamera2.job.Job object at 0x7f8acf6e10>
2026-06-20 12:09:41,527 - mazeUtils.device.camera - [camera.py:39] - DEBUG - Average HSV: H=140.2, S=80.6, V=88.9
2026-06-20 12:09:41,556 - mazeUtils.moveTile - [moveTile.py:79] - DEBUG - roll: 0.9499999999999886 deg, practicalMoveTime: 0.2958679423379395 sec
2026-06-20 12:09:41,556 - mazeUtils.moveTile - [moveTile.py:1398] - DEBUG - moveTile loop time: 38.7 ms
2026-06-20 12:09:41,563 - picamera2.picamera2 - [picamera2.py:1391] - DEBUG - Execute job: <picamera2.job.Job object at 0x7f8acdee90>
2026-06-20 12:09:41,567 - mazeUtils.device.camera - [camera.py:39] - DEBUG - Average HSV: H=140.8, S=81.0, V=90.1
2026-06-20 12:09:41,600 - mazeUtils.moveTile - [moveTile.py:79] - DEBUG - roll: 1.9099999999999682 deg, practicalMoveTime: 0.3396377660414689 sec
2026-06-20 12:09:41,601 - mazeUtils.moveTile - [moveTile.py:1398] - DEBUG - moveTile loop time: 44.3 ms
2026-06-20 12:09:41,606 - picamera2.picamera2 - [picamera2.py:1391] - DEBUG - Execute job: <picamera2.job.Job object at 0x7f80874ad0>
2026-06-20 12:09:41,610 - mazeUtils.device.camera - [camera.py:39] - DEBUG - Average HSV: H=141.9, S=78.9, V=90.3
2026-06-20 12:09:41,643 - mazeUtils.moveTile - [moveTile.py:79] - DEBUG - roll: 0.5499999999999545 deg, practicalMoveTime: 0.3815145368191635 sec
2026-06-20 12:09:41,644 - mazeUtils.moveTile - [moveTile.py:1398] - DEBUG - moveTile loop time: 42.0 ms
2026-06-20 12:09:41,649 - picamera2.picamera2 - [picamera2.py:1391] - DEBUG - Execute job: <picamera2.job.Job object at 0x7f697568d0>
2026-06-20 12:09:41,654 - mazeUtils.device.camera - [camera.py:39] - DEBUG - Average HSV: H=142.6, S=77.7, V=90.8
2026-06-20 12:09:41,683 - mazeUtils.moveTile - [moveTile.py:79] - DEBUG - roll: 0.5099999999999909 deg, practicalMoveTime: 0.4209197521387215 sec
2026-06-20 12:09:41,684 - mazeUtils.moveTile - [moveTile.py:1398] - DEBUG - moveTile loop time: 39.7 ms
2026-06-20 12:09:41,690 - picamera2.picamera2 - [picamera2.py:1391] - DEBUG - Execute job: <picamera2.job.Job object at 0x7f8acf6e10>
2026-06-20 12:09:41,695 - mazeUtils.device.camera - [camera.py:39] - DEBUG - Average HSV: H=144.1, S=75.4, V=92.3
2026-06-20 12:09:41,729 - mazeUtils.moveTile - [moveTile.py:79] - DEBUG - roll: 1.509999999999991 deg, practicalMoveTime: 0.46583127100109994 sec
2026-06-20 12:09:41,729 - mazeUtils.moveTile - [moveTile.py:1398] - DEBUG - moveTile loop time: 45.3 ms
2026-06-20 12:09:41,735 - picamera2.picamera2 - [picamera2.py:1391] - DEBUG - Execute job: <picamera2.job.Job object at 0x7f8acdec10>
2026-06-20 12:09:41,739 - mazeUtils.device.camera - [camera.py:39] - DEBUG - Average HSV: H=145.6, S=73.0, V=90.8
2026-06-20 12:09:41,768 - mazeUtils.moveTile - [moveTile.py:79] - DEBUG - roll: 0.8899999999999864 deg, practicalMoveTime: 0.5047639037968035 sec
2026-06-20 12:09:41,769 - mazeUtils.moveTile - [moveTile.py:1398] - DEBUG - moveTile loop time: 39.2 ms
2026-06-20 12:09:41,783 - picamera2.picamera2 - [picamera2.py:1391] - DEBUG - Execute job: <picamera2.job.Job object at 0x7f80874ad0>
2026-06-20 12:09:41,788 - mazeUtils.device.camera - [camera.py:39] - DEBUG - Average HSV: H=144.5, S=74.9, V=93.8
2026-06-20 12:09:41,818 - mazeUtils.moveTile - [moveTile.py:79] - DEBUG - roll: 0.6899999999999977 deg, practicalMoveTime: 0.5534378184926586 sec
2026-06-20 12:09:41,818 - mazeUtils.moveTile - [moveTile.py:1398] - DEBUG - moveTile loop time: 48.8 ms
2026-06-20 12:09:41,823 - picamera2.picamera2 - [picamera2.py:1391] - DEBUG - Execute job: <picamera2.job.Job object at 0x7f8acdec10>
2026-06-20 12:09:41,827 - mazeUtils.device.camera - [camera.py:39] - DEBUG - Average HSV: H=145.8, S=74.5, V=92.9
2026-06-20 12:09:41,857 - mazeUtils.moveTile - [moveTile.py:79] - DEBUG - roll: 1.5299999999999727 deg, practicalMoveTime: 0.5922828551215714 sec
2026-06-20 12:09:41,858 - mazeUtils.moveTile - [moveTile.py:1398] - DEBUG - moveTile loop time: 39.5 ms
2026-06-20 12:09:41,863 - picamera2.picamera2 - [picamera2.py:1391] - DEBUG - Execute job: <picamera2.job.Job object at 0x7f69756690>
2026-06-20 12:09:41,868 - mazeUtils.device.camera - [camera.py:39] - DEBUG - Average HSV: H=145.8, S=74.5, V=93.9
2026-06-20 12:09:41,899 - mazeUtils.moveTile - [moveTile.py:79] - DEBUG - roll: 1.169999999999959 deg, practicalMoveTime: 0.632575298972658 sec
2026-06-20 12:09:41,899 - mazeUtils.moveTile - [moveTile.py:1398] - DEBUG - moveTile loop time: 40.4 ms
2026-06-20 12:09:41,905 - picamera2.picamera2 - [picamera2.py:1391] - DEBUG - Execute job: <picamera2.job.Job object at 0x7f7b969590>
2026-06-20 12:09:41,909 - mazeUtils.device.camera - [camera.py:39] - DEBUG - Average HSV: H=143.9, S=78.1, V=97.0
2026-06-20 12:09:41,938 - mazeUtils.moveTile - [moveTile.py:79] - DEBUG - roll: 1.669999999999959 deg, practicalMoveTime: 0.6713175911663884 sec
2026-06-20 12:09:41,939 - mazeUtils.moveTile - [moveTile.py:1398] - DEBUG - moveTile loop time: 39.5 ms
2026-06-20 12:09:41,949 - picamera2.picamera2 - [picamera2.py:1391] - DEBUG - Execute job: <picamera2.job.Job object at 0x7f8acdffd0>
2026-06-20 12:09:41,954 - mazeUtils.device.camera - [camera.py:39] - DEBUG - Average HSV: H=141.3, S=81.5, V=103.8
2026-06-20 12:09:41,990 - mazeUtils.moveTile - [moveTile.py:79] - DEBUG - roll: 1.92999999999995 deg, practicalMoveTime: 0.7225256316490944 sec
2026-06-20 12:09:41,992 - mazeUtils.moveTile - [moveTile.py:1398] - DEBUG - moveTile loop time: 51.6 ms
2026-06-20 12:09:42,004 - picamera2.picamera2 - [picamera2.py:1391] - DEBUG - Execute job: <picamera2.job.Job object at 0x7f80874a90>
2026-06-20 12:09:42,009 - mazeUtils.device.camera - [camera.py:39] - DEBUG - Average HSV: H=137.2, S=92.1, V=104.9
2026-06-20 12:09:42,037 - mazeUtils.moveTile - [moveTile.py:79] - DEBUG - roll: 0.9399999999999977 deg, practicalMoveTime: 0.767793558050666 sec
2026-06-20 12:09:42,038 - mazeUtils.moveTile - [moveTile.py:1398] - DEBUG - moveTile loop time: 45.7 ms
2026-06-20 12:09:42,045 - picamera2.picamera2 - [picamera2.py:1391] - DEBUG - Execute job: <picamera2.job.Job object at 0x7f69757a90>
2026-06-20 12:09:42,050 - mazeUtils.device.camera - [camera.py:39] - DEBUG - Average HSV: H=134.9, S=98.4, V=111.4
2026-06-20 12:09:42,081 - mazeUtils.moveTile - [moveTile.py:79] - DEBUG - roll: 2.2399999999999523 deg, practicalMoveTime: 0.8103685463336157 sec
2026-06-20 12:09:42,081 - mazeUtils.moveTile - [moveTile.py:1398] - DEBUG - moveTile loop time: 43.1 ms
2026-06-20 12:09:42,086 - picamera2.picamera2 - [picamera2.py:1391] - DEBUG - Execute job: <picamera2.job.Job object at 0x7f7b96b8d0>
2026-06-20 12:09:42,091 - mazeUtils.device.camera - [camera.py:39] - DEBUG - Average HSV: H=132.1, S=108.8, V=115.2
2026-06-20 12:09:42,119 - mazeUtils.moveTile - [moveTile.py:1344] - INFO - practicalVerticalMove: 0.7242712637442591 CM
2026-06-20 12:09:42,169 - mazeUtils.moveTile - [moveTile.py:79] - DEBUG - Little forward to adjust position
2026-06-20 12:09:42,548 - mazeUtils.moveTile - [moveTile.py:528] - DEBUG - Direction: absDirection.NORTH, Angle: 90, Distance: 167.1313658046999 cm
2026-06-20 12:09:42,551 - mazeUtils.moveTile - [moveTile.py:528] - DEBUG - Direction: absDirection.EAST, Angle: 0, Distance: 13.492202227406315 cm
2026-06-20 12:09:42,552 - mazeUtils.moveTile - [moveTile.py:528] - DEBUG - Direction: absDirection.SOUTH, Angle: 270, Distance: 18.504144326258366 cm
2026-06-20 12:09:42,554 - mazeUtils.moveTile - [moveTile.py:528] - DEBUG - Direction: absDirection.WEST, Angle: 180, Distance: 83.18887665678528 cm
2026-06-20 12:09:42,557 - mazeUtils.moveTile - [moveTile.py:1724] - INFO - Tile color detection counts: {}, decided tile type: E
2026-06-20 12:09:42,656 - __main__ - [main.py:87] - INFO - Current position: (19, 20, 1), front direction: absDirection.EAST
Layer 0 (altitude=0.0cm, offset=(0.0cm, 0.0cm)):
Known map area: x=18..20, y=15..20
+   +---+   +
  U   E   B  
+---+   +---+
| E   E   E |
+---+   +   +
  U   U | E |
+   +   +   +
  U   U | E |
+   +   +   +
  U   U   E |
+   +   +   +
  U   U | S |
+   +   +---+
Layer 1 (altitude=15.0cm, offset=(-60.0cm, 0.0cm)):
Known map area: x=17..19, y=15..20
+   +   +---+
  U   U | E  
+   +   +   +
  U   U | E |
+   +   +   +
  U   U   E  
+   +   +   +
  U   U   E  
+---+---+   +
| E   E | E |
+   +   +   +
| E   E   @ |
+---+---+---+
mazeAsGraph[0][15][19] = {absDirection.NORTH: None, absDirection.EAST: None, absDirection.SOUTH: (19, 16, 0, 30), absDirection.WEST: (19, 15, 1, 60)}
mazeAsGraph[0][15][20] = {absDirection.NORTH: None, absDirection.EAST: None, absDirection.SOUTH: None, absDirection.WEST: None}
mazeAsGraph[0][16][18] = {absDirection.NORTH: None, absDirection.EAST: (19, 16, 0, 30), absDirection.SOUTH: None, absDirection.WEST: None}
mazeAsGraph[0][16][19] = {absDirection.NORTH: (19, 15, 0, 30), absDirection.EAST: (20, 16, 0, 30), absDirection.SOUTH: (19, 17, 0, 30), absDirection.WEST: (18, 16, 0, 30)}
mazeAsGraph[0][16][20] = {absDirection.NORTH: None, absDirection.EAST: None, absDirection.SOUTH: (20, 17, 0, 30), absDirection.WEST: (19, 16, 0, 30)}
mazeAsGraph[0][17][20] = {absDirection.NORTH: (20, 16, 0, 30), absDirection.EAST: None, absDirection.SOUTH: (20, 18, 0, 30), absDirection.WEST: None}
mazeAsGraph[0][18][20] = {absDirection.NORTH: (20, 17, 0, 30), absDirection.EAST: None, absDirection.SOUTH: (20, 19, 0, 30), absDirection.WEST: None}
mazeAsGraph[0][19][20] = {absDirection.NORTH: (20, 18, 0, 30), absDirection.EAST: None, absDirection.SOUTH: (20, 20, 0, 30), absDirection.WEST: (19, 19, 0, 30)}
mazeAsGraph[0][20][20] = {absDirection.NORTH: (20, 19, 0, 30), absDirection.EAST: None, absDirection.SOUTH: None, absDirection.WEST: None}
mazeAsGraph[1][15][19] = {absDirection.NORTH: None, absDirection.EAST: (19, 15, 0, 60), absDirection.SOUTH: (19, 16, 1, 30), absDirection.WEST: None}
mazeAsGraph[1][16][19] = {absDirection.NORTH: (19, 15, 1, 30), absDirection.EAST: None, absDirection.SOUTH: (19, 17, 1, 30), absDirection.WEST: None}
mazeAsGraph[1][17][19] = {absDirection.NORTH: (19, 16, 1, 30), absDirection.EAST: (20, 17, 1, 30), absDirection.SOUTH: (19, 18, 1, 30), absDirection.WEST: (18, 17, 1, 30)}
mazeAsGraph[1][18][19] = {absDirection.NORTH: (19, 17, 1, 30), absDirection.EAST: (20, 18, 1, 30), absDirection.SOUTH: (19, 19, 1, 30), absDirection.WEST: (18, 18, 1, 30)}
mazeAsGraph[1][19][17] = {absDirection.NORTH: None, absDirection.EAST: (18, 19, 1, 30), absDirection.SOUTH: (17, 20, 1, 30), absDirection.WEST: None}
mazeAsGraph[1][19][18] = {absDirection.NORTH: None, absDirection.EAST: None, absDirection.SOUTH: (18, 20, 1, 30), absDirection.WEST: (17, 19, 1, 30)}
mazeAsGraph[1][19][19] = {absDirection.NORTH: (19, 18, 1, 30), absDirection.EAST: None, absDirection.SOUTH: (19, 20, 1, 30), absDirection.WEST: None}
mazeAsGraph[1][20][17] = {absDirection.NORTH: (17, 19, 1, 30), absDirection.EAST: (18, 20, 1, 30), absDirection.SOUTH: None, absDirection.WEST: None}
mazeAsGraph[1][20][18] = {absDirection.NORTH: (18, 19, 1, 30), absDirection.EAST: (19, 20, 1, 30), absDirection.SOUTH: None, absDirection.WEST: (17, 20, 1, 30)}
mazeAsGraph[1][20][19] = {absDirection.NORTH: (19, 19, 1, 30), absDirection.EAST: None, absDirection.SOUTH: None, absDirection.WEST: (18, 20, 1, 30)}
2026-06-20 12:09:42,670 - mazeUtils.moveTile - [moveTile.py:79] - DEBUG - Moving to absDirection.NORTH from (19, 20, 1) facing absDirection.EAST
2026-06-20 12:09:42,697 - mazeUtils.moveTile - [moveTile.py:79] - DEBUG - current heading: 272.73 target: 315
2026-06-20 12:09:43,123 - mazeUtils.moveTile - [moveTile.py:403] - DEBUG - stopped turning at heading: 310.63, diff: 4.3700000000000045
2026-06-20 12:09:43,172 - mazeUtils.moveTile - [moveTile.py:79] - DEBUG - Turned to heading: 315.35 deg
2026-06-20 12:09:43,702 - mazeUtils.moveTile - [moveTile.py:79] - DEBUG - current heading: 318.54 target: 0
2026-06-20 12:09:44,090 - mazeUtils.moveTile - [moveTile.py:403] - DEBUG - stopped turning at heading: 356.54, diff: 3.4599999999999795
2026-06-20 12:09:45,022 - mazeUtils.moveTile - [moveTile.py:79] - DEBUG - Turned to heading: 0.7800000000000296 deg
2026-06-20 12:09:45,147 - mazeUtils.moveTile - [moveTile.py:79] - DEBUG - Little backward to adjust position
2026-06-20 12:09:45,648 - mazeUtils.moveTile - [moveTile.py:1191] - DEBUG - Calculated target steps to next tile: 1 based on distance 30 cm
2026-06-20 12:09:45,652 - picamera2.picamera2 - [picamera2.py:1391] - DEBUG - Execute job: <picamera2.job.Job object at 0x7f8ace8110>
2026-06-20 12:09:45,657 - mazeUtils.device.camera - [camera.py:39] - DEBUG - Average HSV: H=137.7, S=98.1, V=95.6
2026-06-20 12:09:45,686 - mazeUtils.moveTile - [moveTile.py:79] - DEBUG - roll: 1.5600000000000023 deg, practicalMoveTime: 0.03807372813820405 sec
2026-06-20 12:09:45,687 - mazeUtils.moveTile - [moveTile.py:1398] - DEBUG - moveTile loop time: 37.7 ms
2026-06-20 12:09:45,692 - picamera2.picamera2 - [picamera2.py:1391] - DEBUG - Execute job: <picamera2.job.Job object at 0x7f8ace8190>
2026-06-20 12:09:45,698 - mazeUtils.device.camera - [camera.py:39] - DEBUG - Average HSV: H=137.8, S=97.7, V=95.5
2026-06-20 12:09:45,726 - mazeUtils.moveTile - [moveTile.py:79] - DEBUG - roll: 1.4699999999999704 deg, practicalMoveTime: 0.07707379769766877 sec
2026-06-20 12:09:45,726 - mazeUtils.moveTile - [moveTile.py:1398] - DEBUG - moveTile loop time: 39.3 ms
2026-06-20 12:09:45,732 - picamera2.picamera2 - [picamera2.py:1391] - DEBUG - Execute job: <picamera2.job.Job object at 0x7f8ace8110>
2026-06-20 12:09:45,737 - mazeUtils.device.camera - [camera.py:39] - DEBUG - Average HSV: H=137.7, S=98.0, V=97.0
2026-06-20 12:09:45,769 - mazeUtils.moveTile - [moveTile.py:79] - DEBUG - roll: 1.4099999999999682 deg, practicalMoveTime: 0.11921248578476261 sec
2026-06-20 12:09:45,769 - mazeUtils.moveTile - [moveTile.py:1398] - DEBUG - moveTile loop time: 42.4 ms
2026-06-20 12:09:45,775 - picamera2.picamera2 - [picamera2.py:1391] - DEBUG - Execute job: <picamera2.job.Job object at 0x7f8ace8110>
2026-06-20 12:09:45,781 - mazeUtils.device.camera - [camera.py:39] - DEBUG - Average HSV: H=137.5, S=98.1, V=98.2
2026-06-20 12:09:45,810 - mazeUtils.moveTile - [moveTile.py:79] - DEBUG - roll: 0.6499999999999773 deg, practicalMoveTime: 0.16003570246337265 sec
2026-06-20 12:09:45,811 - mazeUtils.moveTile - [moveTile.py:1398] - DEBUG - moveTile loop time: 41.1 ms
2026-06-20 12:09:45,817 - picamera2.picamera2 - [picamera2.py:1391] - DEBUG - Execute job: <picamera2.job.Job object at 0x7f8ace8190>
2026-06-20 12:09:45,821 - mazeUtils.device.camera - [camera.py:39] - DEBUG - Average HSV: H=137.3, S=99.6, V=98.4
2026-06-20 12:09:45,847 - mazeUtils.moveTile - [moveTile.py:79] - DEBUG - roll: 1.329999999999984 deg, practicalMoveTime: 0.19598263667590934 sec
2026-06-20 12:09:45,848 - mazeUtils.moveTile - [moveTile.py:1398] - DEBUG - moveTile loop time: 36.0 ms
2026-06-20 12:09:45,855 - picamera2.picamera2 - [picamera2.py:1391] - DEBUG - Execute job: <picamera2.job.Job object at 0x7f8ace80d0>
2026-06-20 12:09:45,860 - mazeUtils.device.camera - [camera.py:39] - DEBUG - Average HSV: H=134.9, S=103.8, V=103.2
2026-06-20 12:09:45,889 - mazeUtils.moveTile - [moveTile.py:79] - DEBUG - roll: 1.1999999999999886 deg, practicalMoveTime: 0.2374545572695734 sec
2026-06-20 12:09:45,890 - mazeUtils.moveTile - [moveTile.py:1398] - DEBUG - moveTile loop time: 41.8 ms
2026-06-20 12:09:45,897 - picamera2.picamera2 - [picamera2.py:1391] - DEBUG - Execute job: <picamera2.job.Job object at 0x7f69721fd0>
2026-06-20 12:09:45,902 - mazeUtils.device.camera - [camera.py:39] - DEBUG - Average HSV: H=135.6, S=103.1, V=102.7
2026-06-20 12:09:45,933 - mazeUtils.moveTile - [moveTile.py:79] - DEBUG - roll: 0.38999999999998636 deg, practicalMoveTime: 0.2808538394838487 sec
2026-06-20 12:09:45,934 - mazeUtils.moveTile - [moveTile.py:1398] - DEBUG - moveTile loop time: 43.6 ms
2026-06-20 12:09:45,940 - picamera2.picamera2 - [picamera2.py:1391] - DEBUG - Execute job: <picamera2.job.Job object at 0x7f8ace8110>
2026-06-20 12:09:45,946 - mazeUtils.device.camera - [camera.py:39] - DEBUG - Average HSV: H=134.5, S=105.2, V=107.2
2026-06-20 12:09:45,976 - mazeUtils.moveTile - [moveTile.py:79] - DEBUG - roll: 1.92999999999995 deg, practicalMoveTime: 0.3228238735940626 sec
2026-06-20 12:09:45,977 - mazeUtils.moveTile - [moveTile.py:1398] - DEBUG - moveTile loop time: 42.5 ms
2026-06-20 12:09:45,981 - picamera2.picamera2 - [picamera2.py:1391] - DEBUG - Execute job: <picamera2.job.Job object at 0x7f8ace8190>
2026-06-20 12:09:45,986 - mazeUtils.device.camera - [camera.py:39] - DEBUG - Average HSV: H=134.1, S=106.7, V=108.1
2026-06-20 12:09:46,014 - mazeUtils.moveTile - [moveTile.py:79] - DEBUG - roll: 1.2299999999999613 deg, practicalMoveTime: 0.36056041372476316 sec
2026-06-20 12:09:46,015 - mazeUtils.moveTile - [moveTile.py:1398] - DEBUG - moveTile loop time: 38.1 ms
2026-06-20 12:09:46,021 - picamera2.picamera2 - [picamera2.py:1391] - DEBUG - Execute job: <picamera2.job.Job object at 0x7f8ace8110>
2026-06-20 12:09:46,025 - mazeUtils.device.camera - [camera.py:39] - DEBUG - Average HSV: H=134.5, S=105.2, V=105.7
2026-06-20 12:09:46,053 - mazeUtils.moveTile - [moveTile.py:79] - DEBUG - roll: 0.8999999999999773 deg, practicalMoveTime: 0.3981789392859775 sec
2026-06-20 12:09:46,053 - mazeUtils.moveTile - [moveTile.py:1398] - DEBUG - moveTile loop time: 37.8 ms
2026-06-20 12:09:46,058 - picamera2.picamera2 - [picamera2.py:1391] - DEBUG - Execute job: <picamera2.job.Job object at 0x7f8acf6650>
2026-06-20 12:09:46,062 - mazeUtils.device.camera - [camera.py:39] - DEBUG - Average HSV: H=133.3, S=104.9, V=111.8
2026-06-20 12:09:46,097 - mazeUtils.moveTile - [moveTile.py:79] - DEBUG - roll: 1.329999999999984 deg, practicalMoveTime: 0.44182400386036824 sec
2026-06-20 12:09:46,098 - mazeUtils.moveTile - [moveTile.py:1398] - DEBUG - moveTile loop time: 44.4 ms
2026-06-20 12:09:46,103 - picamera2.picamera2 - [picamera2.py:1391] - DEBUG - Execute job: <picamera2.job.Job object at 0x7f8ace80d0>
2026-06-20 12:09:46,107 - mazeUtils.device.camera - [camera.py:39] - DEBUG - Average HSV: H=132.2, S=110.5, V=113.8
2026-06-20 12:09:46,137 - mazeUtils.moveTile - [moveTile.py:79] - DEBUG - roll: 1.1200000000000045 deg, practicalMoveTime: 0.48053935940455783 sec
2026-06-20 12:09:46,138 - mazeUtils.moveTile - [moveTile.py:1398] - DEBUG - moveTile loop time: 39.1 ms
2026-06-20 12:09:46,150 - picamera2.picamera2 - [picamera2.py:1391] - DEBUG - Execute job: <picamera2.job.Job object at 0x7f8acf6650>
2026-06-20 12:09:46,155 - mazeUtils.device.camera - [camera.py:39] - DEBUG - Average HSV: H=132.3, S=108.8, V=112.1
2026-06-20 12:09:46,182 - mazeUtils.moveTile - [moveTile.py:79] - DEBUG - roll: 0.8499999999999659 deg, practicalMoveTime: 0.5242471651903028 sec
2026-06-20 12:09:46,183 - mazeUtils.moveTile - [moveTile.py:1398] - DEBUG - moveTile loop time: 44.4 ms
2026-06-20 12:09:46,188 - picamera2.picamera2 - [picamera2.py:1391] - DEBUG - Execute job: <picamera2.job.Job object at 0x7f8ace80d0>
2026-06-20 12:09:46,193 - mazeUtils.device.camera - [camera.py:39] - DEBUG - Average HSV: H=131.5, S=110.0, V=114.4
2026-06-20 12:09:46,222 - mazeUtils.moveTile - [moveTile.py:79] - DEBUG - roll: 1.9699999999999704 deg, practicalMoveTime: 0.5635772765727437 sec
2026-06-20 12:09:46,223 - mazeUtils.moveTile - [moveTile.py:1398] - DEBUG - moveTile loop time: 39.4 ms
2026-06-20 12:09:46,230 - picamera2.picamera2 - [picamera2.py:1391] - DEBUG - Execute job: <picamera2.job.Job object at 0x7f69721fd0>
2026-06-20 12:09:46,234 - mazeUtils.device.camera - [camera.py:39] - DEBUG - Average HSV: H=130.9, S=111.2, V=115.5
2026-06-20 12:09:46,266 - mazeUtils.moveTile - [moveTile.py:79] - DEBUG - roll: 1.5299999999999727 deg, practicalMoveTime: 0.6063061971972437 sec
2026-06-20 12:09:46,266 - mazeUtils.moveTile - [moveTile.py:1398] - DEBUG - moveTile loop time: 43.0 ms
2026-06-20 12:09:46,273 - picamera2.picamera2 - [picamera2.py:1391] - DEBUG - Execute job: <picamera2.job.Job object at 0x7f8ace8190>
2026-06-20 12:09:46,277 - mazeUtils.device.camera - [camera.py:39] - DEBUG - Average HSV: H=130.8, S=110.4, V=114.3
2026-06-20 12:09:46,307 - mazeUtils.moveTile - [moveTile.py:79] - DEBUG - roll: 1.5699999999999932 deg, practicalMoveTime: 0.6471939335153994 sec
2026-06-20 12:09:46,308 - mazeUtils.moveTile - [moveTile.py:1398] - DEBUG - moveTile loop time: 41.6 ms
2026-06-20 12:09:46,319 - picamera2.picamera2 - [picamera2.py:1391] - DEBUG - Execute job: <picamera2.job.Job object at 0x7f7b96b8d0>
2026-06-20 12:09:46,323 - mazeUtils.device.camera - [camera.py:39] - DEBUG - Average HSV: H=131.8, S=111.3, V=110.3
2026-06-20 12:09:46,352 - mazeUtils.moveTile - [moveTile.py:79] - DEBUG - roll: 2.1499999999999773 deg, practicalMoveTime: 0.6914282808248207 sec
2026-06-20 12:09:46,353 - mazeUtils.moveTile - [moveTile.py:1398] - DEBUG - moveTile loop time: 44.7 ms
2026-06-20 12:09:46,359 - picamera2.picamera2 - [picamera2.py:1391] - DEBUG - Execute job: <picamera2.job.Job object at 0x7f69721fd0>
2026-06-20 12:09:46,364 - mazeUtils.device.camera - [camera.py:39] - DEBUG - Average HSV: H=131.0, S=109.8, V=111.5
2026-06-20 12:09:46,394 - mazeUtils.moveTile - [moveTile.py:79] - DEBUG - roll: 1.599999999999966 deg, practicalMoveTime: 0.7321674245432739 sec
2026-06-20 12:09:46,395 - mazeUtils.moveTile - [moveTile.py:1398] - DEBUG - moveTile loop time: 41.6 ms
2026-06-20 12:09:46,401 - picamera2.picamera2 - [picamera2.py:1391] - DEBUG - Execute job: <picamera2.job.Job object at 0x7f8ace8190>
2026-06-20 12:09:46,406 - mazeUtils.device.camera - [camera.py:39] - DEBUG - Average HSV: H=131.4, S=108.3, V=108.2
2026-06-20 12:09:46,438 - mazeUtils.moveTile - [moveTile.py:79] - DEBUG - roll: 1.589999999999975 deg, practicalMoveTime: 0.7748441246575312 sec
2026-06-20 12:09:46,439 - mazeUtils.moveTile - [moveTile.py:1398] - DEBUG - moveTile loop time: 43.1 ms
2026-06-20 12:09:46,444 - picamera2.picamera2 - [picamera2.py:1391] - DEBUG - Execute job: <picamera2.job.Job object at 0x7f8ace8110>
2026-06-20 12:09:46,448 - mazeUtils.device.camera - [camera.py:39] - DEBUG - Average HSV: H=130.5, S=107.7, V=112.6
2026-06-20 12:09:46,485 - mazeUtils.moveTile - [moveTile.py:79] - DEBUG - roll: 1.9699999999999704 deg, practicalMoveTime: 0.8214938876306493 sec
2026-06-20 12:09:46,486 - mazeUtils.moveTile - [moveTile.py:1398] - DEBUG - moveTile loop time: 47.4 ms
2026-06-20 12:09:46,494 - picamera2.picamera2 - [picamera2.py:1391] - DEBUG - Execute job: <picamera2.job.Job object at 0x7f6972dd50>
2026-06-20 12:09:46,498 - mazeUtils.device.camera - [camera.py:39] - DEBUG - Average HSV: H=136.1, S=87.3, V=127.4
2026-06-20 12:09:46,526 - mazeUtils.moveTile - [moveTile.py:1344] - INFO - practicalVerticalMove: 0.7490065681467442 CM
2026-06-20 12:09:46,659 - mazeUtils.moveTile - [moveTile.py:528] - DEBUG - Direction: absDirection.NORTH, Angle: 0, Distance: 135.41554523824516 cm
2026-06-20 12:09:46,661 - mazeUtils.moveTile - [moveTile.py:528] - DEBUG - Direction: absDirection.EAST, Angle: 270, Distance: 16.031894256094063 cm
2026-06-20 12:09:46,662 - mazeUtils.moveTile - [moveTile.py:572] - WARNING - Inconsistent wall detection at absDirection.EAST: distance=16.031894256094063 cm, map wall type=wallType.R_VICTIM
2026-06-20 12:09:46,664 - mazeUtils.moveTile - [moveTile.py:528] - DEBUG - Direction: absDirection.SOUTH, Angle: 180, Distance: 50.641599424155935 cm
2026-06-20 12:09:46,666 - mazeUtils.moveTile - [moveTile.py:528] - DEBUG - Direction: absDirection.WEST, Angle: 90, Distance: 17.632759906775924 cm
2026-06-20 12:09:46,670 - mazeUtils.moveTile - [moveTile.py:1724] - INFO - Tile color detection counts: {}, decided tile type: E
2026-06-20 12:09:46,760 - __main__ - [main.py:87] - INFO - Current position: (19, 19, 1), front direction: absDirection.NORTH
Layer 0 (altitude=0.0cm, offset=(0.0cm, 0.0cm)):
Known map area: x=18..20, y=15..20
+   +---+   +
  U   E   B  
+---+   +---+
| E   E   E |
+---+   +   +
  U   U | E |
+   +   +   +
  U   U | E |
+   +   +   +
  U   U   E |
+   +   +   +
  U   U | S |
+   +   +---+
Layer 1 (altitude=15.0cm, offset=(-60.0cm, 0.0cm)):
Known map area: x=17..19, y=15..20
+   +   +---+
  U   U | E  
+   +   +   +
  U   U | E |
+   +   +   +
  U   U   E  
+   +   +   +
  U   U   E  
+---+---+   +
| E   E | @ |
+   +   +   +
| E   E   E |
+---+---+---+
mazeAsGraph[0][15][19] = {absDirection.NORTH: None, absDirection.EAST: None, absDirection.SOUTH: (19, 16, 0, 30), absDirection.WEST: (19, 15, 1, 60)}
mazeAsGraph[0][15][20] = {absDirection.NORTH: None, absDirection.EAST: None, absDirection.SOUTH: None, absDirection.WEST: None}
mazeAsGraph[0][16][18] = {absDirection.NORTH: None, absDirection.EAST: (19, 16, 0, 30), absDirection.SOUTH: None, absDirection.WEST: None}
mazeAsGraph[0][16][19] = {absDirection.NORTH: (19, 15, 0, 30), absDirection.EAST: (20, 16, 0, 30), absDirection.SOUTH: (19, 17, 0, 30), absDirection.WEST: (18, 16, 0, 30)}
mazeAsGraph[0][16][20] = {absDirection.NORTH: None, absDirection.EAST: None, absDirection.SOUTH: (20, 17, 0, 30), absDirection.WEST: (19, 16, 0, 30)}
mazeAsGraph[0][17][20] = {absDirection.NORTH: (20, 16, 0, 30), absDirection.EAST: None, absDirection.SOUTH: (20, 18, 0, 30), absDirection.WEST: None}
mazeAsGraph[0][18][20] = {absDirection.NORTH: (20, 17, 0, 30), absDirection.EAST: None, absDirection.SOUTH: (20, 19, 0, 30), absDirection.WEST: None}
mazeAsGraph[0][19][20] = {absDirection.NORTH: (20, 18, 0, 30), absDirection.EAST: None, absDirection.SOUTH: (20, 20, 0, 30), absDirection.WEST: (19, 19, 0, 30)}
mazeAsGraph[0][20][20] = {absDirection.NORTH: (20, 19, 0, 30), absDirection.EAST: None, absDirection.SOUTH: None, absDirection.WEST: None}
mazeAsGraph[1][15][19] = {absDirection.NORTH: None, absDirection.EAST: (19, 15, 0, 60), absDirection.SOUTH: (19, 16, 1, 30), absDirection.WEST: None}
mazeAsGraph[1][16][19] = {absDirection.NORTH: (19, 15, 1, 30), absDirection.EAST: None, absDirection.SOUTH: (19, 17, 1, 30), absDirection.WEST: None}
mazeAsGraph[1][17][19] = {absDirection.NORTH: (19, 16, 1, 30), absDirection.EAST: (20, 17, 1, 30), absDirection.SOUTH: (19, 18, 1, 30), absDirection.WEST: (18, 17, 1, 30)}
mazeAsGraph[1][18][19] = {absDirection.NORTH: (19, 17, 1, 30), absDirection.EAST: (20, 18, 1, 30), absDirection.SOUTH: (19, 19, 1, 30), absDirection.WEST: (18, 18, 1, 30)}
mazeAsGraph[1][19][17] = {absDirection.NORTH: None, absDirection.EAST: (18, 19, 1, 30), absDirection.SOUTH: (17, 20, 1, 30), absDirection.WEST: None}
mazeAsGraph[1][19][18] = {absDirection.NORTH: None, absDirection.EAST: None, absDirection.SOUTH: (18, 20, 1, 30), absDirection.WEST: (17, 19, 1, 30)}
mazeAsGraph[1][19][19] = {absDirection.NORTH: (19, 18, 1, 30), absDirection.EAST: None, absDirection.SOUTH: (19, 20, 1, 30), absDirection.WEST: None}
mazeAsGraph[1][20][17] = {absDirection.NORTH: (17, 19, 1, 30), absDirection.EAST: (18, 20, 1, 30), absDirection.SOUTH: None, absDirection.WEST: None}
mazeAsGraph[1][20][18] = {absDirection.NORTH: (18, 19, 1, 30), absDirection.EAST: (19, 20, 1, 30), absDirection.SOUTH: None, absDirection.WEST: (17, 20, 1, 30)}
mazeAsGraph[1][20][19] = {absDirection.NORTH: (19, 19, 1, 30), absDirection.EAST: None, absDirection.SOUTH: None, absDirection.WEST: (18, 20, 1, 30)}
2026-06-20 12:09:46,775 - mazeUtils.moveTile - [moveTile.py:79] - DEBUG - Moving to absDirection.NORTH from (19, 19, 1) facing absDirection.NORTH
2026-06-20 12:09:46,801 - mazeUtils.moveTile - [moveTile.py:79] - DEBUG - current heading: 4.079999999999984 target: 0
2026-06-20 12:09:46,820 - mazeUtils.moveTile - [moveTile.py:403] - DEBUG - stopped turning at heading: 4.079999999999984, diff: 4.079999999999984
2026-06-20 12:09:47,325 - mazeUtils.moveTile - [moveTile.py:79] - DEBUG - Turned to heading: 0.7900000000000205 deg
2026-06-20 12:09:47,542 - mazeUtils.moveTile - [moveTile.py:1191] - DEBUG - Calculated target steps to next tile: 1 based on distance 30 cm
2026-06-20 12:09:47,550 - picamera2.picamera2 - [picamera2.py:1391] - DEBUG - Execute job: <picamera2.job.Job object at 0x7f6976a890>
2026-06-20 12:09:47,553 - mazeUtils.device.camera - [camera.py:39] - DEBUG - Average HSV: H=164.7, S=31.5, V=189.0
2026-06-20 12:09:47,583 - mazeUtils.moveTile - [moveTile.py:79] - DEBUG - roll: 0.5299999999999727 deg, practicalMoveTime: 0.04092446707779335 sec
2026-06-20 12:09:47,583 - mazeUtils.moveTile - [moveTile.py:1398] - DEBUG - moveTile loop time: 40.2 ms
2026-06-20 12:09:47,588 - picamera2.picamera2 - [picamera2.py:1391] - DEBUG - Execute job: <picamera2.job.Job object at 0x7f7b97bed0>
2026-06-20 12:09:47,591 - mazeUtils.device.camera - [camera.py:39] - DEBUG - Average HSV: H=164.9, S=31.6, V=189.4
2026-06-20 12:09:47,619 - mazeUtils.moveTile - [moveTile.py:79] - DEBUG - roll: 0.7799999999999727 deg, practicalMoveTime: 0.07660073967540543 sec
2026-06-20 12:09:47,619 - mazeUtils.moveTile - [moveTile.py:1398] - DEBUG - moveTile loop time: 35.9 ms
2026-06-20 12:09:47,623 - picamera2.picamera2 - [picamera2.py:1391] - DEBUG - Execute job: <picamera2.job.Job object at 0x7f6975dd10>
2026-06-20 12:09:47,626 - mazeUtils.device.camera - [camera.py:39] - DEBUG - Average HSV: H=164.7, S=31.7, V=190.0
2026-06-20 12:09:47,656 - mazeUtils.moveTile - [moveTile.py:79] - DEBUG - roll: 1.2699999999999818 deg, practicalMoveTime: 0.1126858235164821 sec
2026-06-20 12:09:47,656 - mazeUtils.moveTile - [moveTile.py:1398] - DEBUG - moveTile loop time: 36.4 ms
2026-06-20 12:09:47,667 - picamera2.picamera2 - [picamera2.py:1391] - DEBUG - Execute job: <picamera2.job.Job object at 0x7f6975dd10>
2026-06-20 12:09:47,671 - mazeUtils.device.camera - [camera.py:39] - DEBUG - Average HSV: H=163.2, S=29.1, V=192.9
2026-06-20 12:09:47,700 - mazeUtils.moveTile - [moveTile.py:79] - DEBUG - roll: 1.349999999999966 deg, practicalMoveTime: 0.15681319533273802 sec
2026-06-20 12:09:47,701 - mazeUtils.moveTile - [moveTile.py:1398] - DEBUG - moveTile loop time: 44.4 ms
2026-06-20 12:09:47,707 - picamera2.picamera2 - [picamera2.py:1391] - DEBUG - Execute job: <picamera2.job.Job object at 0x7f8d861f90>
2026-06-20 12:09:47,710 - mazeUtils.device.camera - [camera.py:39] - DEBUG - Average HSV: H=166.4, S=29.1, V=194.7
2026-06-20 12:09:47,739 - mazeUtils.moveTile - [moveTile.py:79] - DEBUG - roll: 0.75 deg, practicalMoveTime: 0.1950756221255916 sec
2026-06-20 12:09:47,739 - mazeUtils.moveTile - [moveTile.py:1398] - DEBUG - moveTile loop time: 38.3 ms
2026-06-20 12:09:47,745 - picamera2.picamera2 - [picamera2.py:1391] - DEBUG - Execute job: <picamera2.job.Job object at 0x7f6976a950>
2026-06-20 12:09:47,749 - mazeUtils.device.camera - [camera.py:39] - DEBUG - Average HSV: H=166.2, S=30.8, V=194.4
2026-06-20 12:09:47,776 - mazeUtils.moveTile - [moveTile.py:79] - DEBUG - roll: 1.0399999999999636 deg, practicalMoveTime: 0.23177626135848517 sec
2026-06-20 12:09:47,777 - mazeUtils.moveTile - [moveTile.py:1398] - DEBUG - moveTile loop time: 37.0 ms
2026-06-20 12:09:47,783 - picamera2.picamera2 - [picamera2.py:1391] - DEBUG - Execute job: <picamera2.job.Job object at 0x7f8d861f90>
2026-06-20 12:09:47,786 - mazeUtils.device.camera - [camera.py:39] - DEBUG - Average HSV: H=164.2, S=25.4, V=210.2
2026-06-20 12:09:47,812 - mazeUtils.moveTile - [moveTile.py:79] - DEBUG - roll: 0.3499999999999659 deg, practicalMoveTime: 0.2672835162644965 sec
2026-06-20 12:09:47,813 - mazeUtils.moveTile - [moveTile.py:1398] - DEBUG - moveTile loop time: 35.8 ms
2026-06-20 12:09:47,823 - picamera2.picamera2 - [picamera2.py:1391] - DEBUG - Execute job: <picamera2.job.Job object at 0x7f8ace8190>
2026-06-20 12:09:47,826 - mazeUtils.device.camera - [camera.py:39] - DEBUG - Average HSV: H=145.6, S=20.4, V=223.5
2026-06-20 12:09:47,858 - mazeUtils.moveTile - [moveTile.py:79] - DEBUG - roll: 1.6499999999999773 deg, practicalMoveTime: 0.31288980840969227 sec
2026-06-20 12:09:47,859 - mazeUtils.moveTile - [moveTile.py:1398] - DEBUG - moveTile loop time: 46.0 ms
2026-06-20 12:09:47,864 - picamera2.picamera2 - [picamera2.py:1391] - DEBUG - Execute job: <picamera2.job.Job object at 0x7f6976a910>
2026-06-20 12:09:47,867 - mazeUtils.device.camera - [camera.py:39] - DEBUG - Average HSV: H=127.3, S=19.8, V=224.0
2026-06-20 12:09:47,896 - mazeUtils.moveTile - [moveTile.py:79] - DEBUG - roll: 0.47999999999996135 deg, practicalMoveTime: 0.35018169545174066 sec
2026-06-20 12:09:47,897 - mazeUtils.moveTile - [moveTile.py:1398] - DEBUG - moveTile loop time: 37.6 ms
2026-06-20 12:09:47,903 - picamera2.picamera2 - [picamera2.py:1391] - DEBUG - Execute job: <picamera2.job.Job object at 0x7f6975dd10>
2026-06-20 12:09:47,906 - mazeUtils.device.camera - [camera.py:39] - DEBUG - Average HSV: H=102.0, S=20.2, V=223.7
2026-06-20 12:09:47,936 - mazeUtils.moveTile - [moveTile.py:79] - DEBUG - roll: 0.5799999999999841 deg, practicalMoveTime: 0.3892376643162855 sec
2026-06-20 12:09:47,936 - mazeUtils.moveTile - [moveTile.py:1398] - DEBUG - moveTile loop time: 39.4 ms
2026-06-20 12:09:47,940 - picamera2.picamera2 - [picamera2.py:1391] - DEBUG - Execute job: <picamera2.job.Job object at 0x7f8d861f90>
2026-06-20 12:09:47,943 - mazeUtils.device.camera - [camera.py:39] - DEBUG - Average HSV: H=118.1, S=20.1, V=222.4
2026-06-20 12:09:47,971 - mazeUtils.moveTile - [moveTile.py:79] - DEBUG - roll: 1.3199999999999932 deg, practicalMoveTime: 0.4241467062694164 sec
2026-06-20 12:09:47,972 - mazeUtils.moveTile - [moveTile.py:1398] - DEBUG - moveTile loop time: 35.3 ms
2026-06-20 12:09:47,977 - picamera2.picamera2 - [picamera2.py:1391] - DEBUG - Execute job: <picamera2.job.Job object at 0x7f6975dcd0>
2026-06-20 12:09:47,980 - mazeUtils.device.camera - [camera.py:39] - DEBUG - Average HSV: H=107.7, S=20.5, V=222.1
2026-06-20 12:09:48,008 - mazeUtils.moveTile - [moveTile.py:79] - DEBUG - roll: 1.1099999999999568 deg, practicalMoveTime: 0.4604629606372439 sec
2026-06-20 12:09:48,009 - mazeUtils.moveTile - [moveTile.py:1398] - DEBUG - moveTile loop time: 36.6 ms
2026-06-20 12:09:48,015 - picamera2.picamera2 - [picamera2.py:1391] - DEBUG - Execute job: <picamera2.job.Job object at 0x7f6975dcd0>
2026-06-20 12:09:48,019 - mazeUtils.device.camera - [camera.py:39] - DEBUG - Average HSV: H=57.1, S=22.3, V=220.3
2026-06-20 12:09:48,051 - mazeUtils.moveTile - [moveTile.py:79] - DEBUG - roll: 0.8799999999999955 deg, practicalMoveTime: 0.5026118240767402 sec
2026-06-20 12:09:48,051 - mazeUtils.moveTile - [moveTile.py:1398] - DEBUG - moveTile loop time: 42.4 ms
2026-06-20 12:09:48,056 - picamera2.picamera2 - [picamera2.py:1391] - DEBUG - Execute job: <picamera2.job.Job object at 0x7f6975dd50>
2026-06-20 12:09:48,059 - mazeUtils.device.camera - [camera.py:39] - DEBUG - Average HSV: H=43.0, S=24.6, V=218.3
2026-06-20 12:09:48,088 - mazeUtils.moveTile - [moveTile.py:79] - DEBUG - roll: 1.8700000000000045 deg, practicalMoveTime: 0.5392493968911795 sec
2026-06-20 12:09:48,088 - mazeUtils.moveTile - [moveTile.py:1398] - DEBUG - moveTile loop time: 36.9 ms
2026-06-20 12:09:48,094 - picamera2.picamera2 - [picamera2.py:1391] - DEBUG - Execute job: <picamera2.job.Job object at 0x7f6975dd50>
2026-06-20 12:09:48,098 - mazeUtils.device.camera - [camera.py:39] - DEBUG - Average HSV: H=37.5, S=24.1, V=218.9
2026-06-20 12:09:48,123 - mazeUtils.moveTile - [moveTile.py:79] - DEBUG - roll: 1.079999999999984 deg, practicalMoveTime: 0.5737932107278876 sec
2026-06-20 12:09:48,123 - mazeUtils.moveTile - [moveTile.py:1398] - DEBUG - moveTile loop time: 34.8 ms
2026-06-20 12:09:48,130 - picamera2.picamera2 - [picamera2.py:1391] - DEBUG - Execute job: <picamera2.job.Job object at 0x7f8d861f90>
2026-06-20 12:09:48,133 - mazeUtils.device.camera - [camera.py:39] - DEBUG - Average HSV: H=58.3, S=25.0, V=216.7
2026-06-20 12:09:48,164 - mazeUtils.moveTile - [moveTile.py:79] - DEBUG - roll: 0.5099999999999909 deg, practicalMoveTime: 0.6143632930766278 sec
2026-06-20 12:09:48,164 - mazeUtils.moveTile - [moveTile.py:1398] - DEBUG - moveTile loop time: 40.8 ms
2026-06-20 12:09:48,168 - picamera2.picamera2 - [picamera2.py:1391] - DEBUG - Execute job: <picamera2.job.Job object at 0x7f7b97b810>
2026-06-20 12:09:48,172 - mazeUtils.device.camera - [camera.py:39] - DEBUG - Average HSV: H=62.1, S=23.1, V=218.0
2026-06-20 12:09:48,201 - mazeUtils.moveTile - [moveTile.py:79] - DEBUG - roll: 1.7699999999999818 deg, practicalMoveTime: 0.650362334469256 sec
2026-06-20 12:09:48,201 - mazeUtils.moveTile - [moveTile.py:1398] - DEBUG - moveTile loop time: 36.7 ms
2026-06-20 12:09:48,208 - picamera2.picamera2 - [picamera2.py:1391] - DEBUG - Execute job: <picamera2.job.Job object at 0x7f8d861f90>
2026-06-20 12:09:48,211 - mazeUtils.device.camera - [camera.py:39] - DEBUG - Average HSV: H=88.1, S=22.7, V=216.1
2026-06-20 12:09:48,245 - mazeUtils.moveTile - [moveTile.py:79] - DEBUG - roll: 1.3100000000000023 deg, practicalMoveTime: 0.6934909937145673 sec
2026-06-20 12:09:48,245 - mazeUtils.moveTile - [moveTile.py:1398] - DEBUG - moveTile loop time: 43.1 ms
2026-06-20 12:09:48,250 - picamera2.picamera2 - [picamera2.py:1391] - DEBUG - Execute job: <picamera2.job.Job object at 0x7f8ace8190>
2026-06-20 12:09:48,254 - mazeUtils.device.camera - [camera.py:39] - DEBUG - Average HSV: H=74.1, S=23.9, V=215.2
2026-06-20 12:09:48,280 - mazeUtils.moveTile - [moveTile.py:79] - DEBUG - roll: 0.4399999999999977 deg, practicalMoveTime: 0.7285155575397105 sec
2026-06-20 12:09:48,280 - mazeUtils.moveTile - [moveTile.py:1398] - DEBUG - moveTile loop time: 35.3 ms
2026-06-20 12:09:48,287 - picamera2.picamera2 - [picamera2.py:1391] - DEBUG - Execute job: <picamera2.job.Job object at 0x7f8ace8190>
2026-06-20 12:09:48,291 - mazeUtils.device.camera - [camera.py:39] - DEBUG - Average HSV: H=80.4, S=24.8, V=214.1
2026-06-20 12:09:48,324 - mazeUtils.moveTile - [moveTile.py:79] - DEBUG - roll: 1.1499999999999773 deg, practicalMoveTime: 0.7721495262724912 sec
2026-06-20 12:09:48,325 - mazeUtils.moveTile - [moveTile.py:1398] - DEBUG - moveTile loop time: 43.9 ms
2026-06-20 12:09:48,329 - picamera2.picamera2 - [picamera2.py:1391] - DEBUG - Execute job: <picamera2.job.Job object at 0x7f7b97bed0>
2026-06-20 12:09:48,332 - mazeUtils.device.camera - [camera.py:39] - DEBUG - Average HSV: H=61.3, S=25.8, V=213.4
2026-06-20 12:09:48,358 - mazeUtils.moveTile - [moveTile.py:79] - DEBUG - roll: 0.7899999999999636 deg, practicalMoveTime: 0.805031951810084 sec
2026-06-20 12:09:48,358 - mazeUtils.moveTile - [moveTile.py:1398] - DEBUG - moveTile loop time: 33.2 ms
2026-06-20 12:09:48,363 - picamera2.picamera2 - [picamera2.py:1391] - DEBUG - Execute job: <picamera2.job.Job object at 0x7f8d861f90>
2026-06-20 12:09:48,367 - mazeUtils.device.camera - [camera.py:39] - DEBUG - Average HSV: H=57.5, S=28.4, V=208.8
2026-06-20 12:09:48,405 - mazeUtils.moveTile - [moveTile.py:1344] - INFO - practicalVerticalMove: 0.5314021430324024 CM
2026-06-20 12:09:48,529 - mazeUtils.moveTile - [moveTile.py:528] - DEBUG - Direction: absDirection.NORTH, Angle: 0, Distance: 72.5763659662018 cm
2026-06-20 12:09:48,530 - mazeUtils.moveTile - [moveTile.py:528] - DEBUG - Direction: absDirection.EAST, Angle: 270, Distance: 107.57213796198992 cm
2026-06-20 12:09:48,530 - mazeUtils.moveTile - [moveTile.py:528] - DEBUG - Direction: absDirection.SOUTH, Angle: 180, Distance: 80.78792262022131 cm
2026-06-20 12:09:48,531 - mazeUtils.moveTile - [moveTile.py:528] - DEBUG - Direction: absDirection.WEST, Angle: 90, Distance: 50.9065796368504 cm
2026-06-20 12:09:48,533 - mazeUtils.moveTile - [moveTile.py:1724] - INFO - Tile color detection counts: {}, decided tile type: E
2026-06-20 12:09:48,611 - __main__ - [main.py:87] - INFO - Current position: (19, 18, 1), front direction: absDirection.NORTH
Layer 0 (altitude=0.0cm, offset=(0.0cm, 0.0cm)):
Known map area: x=18..20, y=15..20
+   +---+   +
  U   E   B  
+---+   +---+
| E   E   E |
+---+   +   +
  U   U | E |
+   +   +   +
  U   U | E |
+   +   +   +
  U   U   E |
+   +   +   +
  U   U | S |
+   +   +---+
Layer 1 (altitude=15.0cm, offset=(-60.0cm, 0.0cm)):
Known map area: x=17..19, y=15..20
+   +   +---+
  U   U | E  
+   +   +   +
  U   U | E |
+   +   +   +
  U   U   E  
+   +   +   +
  U   U   @  
+---+---+   +
| E   E | E |
+   +   +   +
| E   E   E |
+---+---+---+
mazeAsGraph[0][15][19] = {absDirection.NORTH: None, absDirection.EAST: None, absDirection.SOUTH: (19, 16, 0, 30), absDirection.WEST: (19, 15, 1, 60)}
mazeAsGraph[0][15][20] = {absDirection.NORTH: None, absDirection.EAST: None, absDirection.SOUTH: None, absDirection.WEST: None}
mazeAsGraph[0][16][18] = {absDirection.NORTH: None, absDirection.EAST: (19, 16, 0, 30), absDirection.SOUTH: None, absDirection.WEST: None}
mazeAsGraph[0][16][19] = {absDirection.NORTH: (19, 15, 0, 30), absDirection.EAST: (20, 16, 0, 30), absDirection.SOUTH: (19, 17, 0, 30), absDirection.WEST: (18, 16, 0, 30)}
mazeAsGraph[0][16][20] = {absDirection.NORTH: None, absDirection.EAST: None, absDirection.SOUTH: (20, 17, 0, 30), absDirection.WEST: (19, 16, 0, 30)}
mazeAsGraph[0][17][20] = {absDirection.NORTH: (20, 16, 0, 30), absDirection.EAST: None, absDirection.SOUTH: (20, 18, 0, 30), absDirection.WEST: None}
mazeAsGraph[0][18][20] = {absDirection.NORTH: (20, 17, 0, 30), absDirection.EAST: None, absDirection.SOUTH: (20, 19, 0, 30), absDirection.WEST: None}
mazeAsGraph[0][19][20] = {absDirection.NORTH: (20, 18, 0, 30), absDirection.EAST: None, absDirection.SOUTH: (20, 20, 0, 30), absDirection.WEST: (19, 19, 0, 30)}
mazeAsGraph[0][20][20] = {absDirection.NORTH: (20, 19, 0, 30), absDirection.EAST: None, absDirection.SOUTH: None, absDirection.WEST: None}
mazeAsGraph[1][15][19] = {absDirection.NORTH: None, absDirection.EAST: (19, 15, 0, 60), absDirection.SOUTH: (19, 16, 1, 30), absDirection.WEST: None}
mazeAsGraph[1][16][19] = {absDirection.NORTH: (19, 15, 1, 30), absDirection.EAST: None, absDirection.SOUTH: (19, 17, 1, 30), absDirection.WEST: None}
mazeAsGraph[1][17][19] = {absDirection.NORTH: (19, 16, 1, 30), absDirection.EAST: (20, 17, 1, 30), absDirection.SOUTH: (19, 18, 1, 30), absDirection.WEST: (18, 17, 1, 30)}
mazeAsGraph[1][18][19] = {absDirection.NORTH: (19, 17, 1, 30), absDirection.EAST: (20, 18, 1, 30), absDirection.SOUTH: (19, 19, 1, 30), absDirection.WEST: (18, 18, 1, 30)}
mazeAsGraph[1][19][17] = {absDirection.NORTH: None, absDirection.EAST: (18, 19, 1, 30), absDirection.SOUTH: (17, 20, 1, 30), absDirection.WEST: None}
mazeAsGraph[1][19][18] = {absDirection.NORTH: None, absDirection.EAST: None, absDirection.SOUTH: (18, 20, 1, 30), absDirection.WEST: (17, 19, 1, 30)}
mazeAsGraph[1][19][19] = {absDirection.NORTH: (19, 18, 1, 30), absDirection.EAST: None, absDirection.SOUTH: (19, 20, 1, 30), absDirection.WEST: None}
mazeAsGraph[1][20][17] = {absDirection.NORTH: (17, 19, 1, 30), absDirection.EAST: (18, 20, 1, 30), absDirection.SOUTH: None, absDirection.WEST: None}
mazeAsGraph[1][20][18] = {absDirection.NORTH: (18, 19, 1, 30), absDirection.EAST: (19, 20, 1, 30), absDirection.SOUTH: None, absDirection.WEST: (17, 20, 1, 30)}
mazeAsGraph[1][20][19] = {absDirection.NORTH: (19, 19, 1, 30), absDirection.EAST: None, absDirection.SOUTH: None, absDirection.WEST: (18, 20, 1, 30)}
2026-06-20 12:09:48,622 - mazeUtils.moveTile - [moveTile.py:79] - DEBUG - Moving to absDirection.EAST from (19, 18, 1) facing absDirection.NORTH
2026-06-20 12:09:48,627 - mazeUtils.moveTile - [moveTile.py:79] - DEBUG - Turning to 270 deg, current heading: 358.48 deg, turnAngle: 88.48000000000002 deg
2026-06-20 12:09:48,654 - mazeUtils.moveTile - [moveTile.py:79] - DEBUG - gyro:358.59000000000003 deg, derivative: 0.11000000000001364, turnSpeed: 100
2026-06-20 12:09:48,677 - mazeUtils.moveTile - [moveTile.py:79] - DEBUG - gyro:358.46000000000004 deg, derivative: -0.12999999999999545, turnSpeed: 100
2026-06-20 12:09:48,706 - mazeUtils.moveTile - [moveTile.py:79] - DEBUG - gyro:358.41 deg, derivative: -0.05000000000001137, turnSpeed: 100
2026-06-20 12:09:48,730 - mazeUtils.moveTile - [moveTile.py:79] - DEBUG - gyro:358.83 deg, derivative: 0.4199999999999591, turnSpeed: 100
2026-06-20 12:09:48,752 - mazeUtils.moveTile - [moveTile.py:79] - DEBUG - gyro:358.14 deg, derivative: -0.6899999999999977, turnSpeed: 100
2026-06-20 12:09:48,783 - mazeUtils.moveTile - [moveTile.py:79] - DEBUG - gyro:355.96000000000004 deg, derivative: -2.17999999999995, turnSpeed: 100
2026-06-20 12:09:48,807 - mazeUtils.moveTile - [moveTile.py:79] - DEBUG - gyro:352.65000000000003 deg, derivative: -3.3100000000000023, turnSpeed: 100
2026-06-20 12:09:48,829 - mazeUtils.moveTile - [moveTile.py:79] - DEBUG - gyro:347.54 deg, derivative: -5.110000000000014, turnSpeed: 100
2026-06-20 12:09:48,852 - mazeUtils.moveTile - [moveTile.py:79] - DEBUG - gyro:343.3 deg, derivative: -4.240000000000009, turnSpeed: 100
2026-06-20 12:09:48,880 - mazeUtils.moveTile - [moveTile.py:79] - DEBUG - gyro:340.58 deg, derivative: -2.7200000000000273, turnSpeed: 100
2026-06-20 12:09:48,904 - mazeUtils.moveTile - [moveTile.py:79] - DEBUG - gyro:336.79 deg, derivative: -3.7899999999999636, turnSpeed: 100
2026-06-20 12:09:48,930 - mazeUtils.moveTile - [moveTile.py:79] - DEBUG - gyro:334.23 deg, derivative: -2.5600000000000023, turnSpeed: 100
2026-06-20 12:09:48,960 - mazeUtils.moveTile - [moveTile.py:79] - DEBUG - gyro:331.46000000000004 deg, derivative: -2.769999999999982, turnSpeed: 100
2026-06-20 12:09:48,985 - mazeUtils.moveTile - [moveTile.py:79] - DEBUG - gyro:329.01 deg, derivative: -2.4500000000000455, turnSpeed: 100
2026-06-20 12:09:49,007 - mazeUtils.moveTile - [moveTile.py:79] - DEBUG - gyro:325.65000000000003 deg, derivative: -3.359999999999957, turnSpeed: 100
2026-06-20 12:09:49,033 - mazeUtils.moveTile - [moveTile.py:79] - DEBUG - gyro:322.68 deg, derivative: -2.9700000000000273, turnSpeed: 100
2026-06-20 12:09:49,063 - mazeUtils.moveTile - [moveTile.py:79] - DEBUG - gyro:319.97 deg, derivative: -2.7099999999999795, turnSpeed: 99.94000000000005
2026-06-20 12:09:49,090 - mazeUtils.moveTile - [moveTile.py:79] - DEBUG - gyro:315.61 deg, derivative: -4.360000000000014, turnSpeed: 91.22000000000003
2026-06-20 12:09:49,115 - mazeUtils.moveTile - [moveTile.py:79] - DEBUG - gyro:311.90000000000003 deg, derivative: -3.7099999999999795, turnSpeed: 83.80000000000007
2026-06-20 12:09:49,138 - mazeUtils.moveTile - [moveTile.py:79] - DEBUG - gyro:308.52000000000004 deg, derivative: -3.3799999999999955, turnSpeed: 77.04000000000008
2026-06-20 12:09:49,160 - mazeUtils.moveTile - [moveTile.py:79] - DEBUG - gyro:304.98 deg, derivative: -3.5400000000000205, turnSpeed: 69.96000000000004
2026-06-20 12:09:49,183 - mazeUtils.moveTile - [moveTile.py:79] - DEBUG - gyro:302.63 deg, derivative: -2.3500000000000227, turnSpeed: 65.25999999999999
2026-06-20 12:09:49,212 - mazeUtils.moveTile - [moveTile.py:79] - DEBUG - gyro:300.3 deg, derivative: -2.329999999999984, turnSpeed: 60.60000000000002
2026-06-20 12:09:49,234 - mazeUtils.moveTile - [moveTile.py:79] - DEBUG - gyro:297.27000000000004 deg, derivative: -3.0299999999999727, turnSpeed: 54.54000000000008
2026-06-20 12:09:49,257 - mazeUtils.moveTile - [moveTile.py:79] - DEBUG - gyro:296.43 deg, derivative: -0.8400000000000318, turnSpeed: 52.860000000000014
2026-06-20 12:09:49,288 - mazeUtils.moveTile - [moveTile.py:79] - DEBUG - gyro:295.23 deg, derivative: -1.1999999999999886, turnSpeed: 50.460000000000036
2026-06-20 12:09:49,311 - mazeUtils.moveTile - [moveTile.py:79] - DEBUG - gyro:292.44 deg, derivative: -2.7900000000000205, turnSpeed: 44.879999999999995
2026-06-20 12:09:49,335 - mazeUtils.moveTile - [moveTile.py:79] - DEBUG - gyro:290.75 deg, derivative: -1.6899999999999977, turnSpeed: 41.5
2026-06-20 12:09:49,364 - mazeUtils.moveTile - [moveTile.py:79] - DEBUG - gyro:288.85 deg, derivative: -1.8999999999999773, turnSpeed: 37.700000000000045
2026-06-20 12:09:49,388 - mazeUtils.moveTile - [moveTile.py:79] - DEBUG - gyro:286.8 deg, derivative: -2.0500000000000114, turnSpeed: 33.60000000000002
2026-06-20 12:09:49,411 - mazeUtils.moveTile - [moveTile.py:79] - DEBUG - gyro:285.58 deg, derivative: -1.2200000000000273, turnSpeed: 31.159999999999968
2026-06-20 12:09:49,442 - mazeUtils.moveTile - [moveTile.py:79] - DEBUG - gyro:284.74 deg, derivative: -0.839999999999975, turnSpeed: 29.480000000000018
2026-06-20 12:09:49,465 - mazeUtils.moveTile - [moveTile.py:79] - DEBUG - gyro:283.46000000000004 deg, derivative: -1.2799999999999727, turnSpeed: 26.920000000000073
2026-06-20 12:09:49,493 - mazeUtils.moveTile - [moveTile.py:79] - DEBUG - gyro:282.40000000000003 deg, derivative: -1.0600000000000023, turnSpeed: 24.800000000000068
2026-06-20 12:09:49,519 - mazeUtils.moveTile - [moveTile.py:79] - DEBUG - gyro:281.38 deg, derivative: -1.0200000000000387, turnSpeed: 22.75999999999999
2026-06-20 12:09:49,544 - mazeUtils.moveTile - [moveTile.py:79] - DEBUG - gyro:280.68 deg, derivative: -0.6999999999999886, turnSpeed: 21.360000000000014
2026-06-20 12:09:49,570 - mazeUtils.moveTile - [moveTile.py:79] - DEBUG - gyro:279.95 deg, derivative: -0.7300000000000182, turnSpeed: 19.899999999999977
2026-06-20 12:09:49,594 - mazeUtils.moveTile - [moveTile.py:79] - DEBUG - gyro:279.22 deg, derivative: -0.7299999999999613, turnSpeed: 18.440000000000055
2026-06-20 12:09:49,625 - mazeUtils.moveTile - [moveTile.py:79] - DEBUG - gyro:278.58 deg, derivative: -0.6400000000000432, turnSpeed: 17.159999999999968
2026-06-20 12:09:49,653 - mazeUtils.moveTile - [moveTile.py:79] - DEBUG - gyro:277.81 deg, derivative: -0.7699999999999818, turnSpeed: 15.620000000000005
2026-06-20 12:09:49,679 - mazeUtils.moveTile - [moveTile.py:79] - DEBUG - gyro:277.02000000000004 deg, derivative: -0.7899999999999636, turnSpeed: 14.040000000000077
2026-06-20 12:09:49,710 - mazeUtils.moveTile - [moveTile.py:79] - DEBUG - gyro:276.44 deg, derivative: -0.5800000000000409, turnSpeed: 12.879999999999995
2026-06-20 12:09:49,733 - mazeUtils.moveTile - [moveTile.py:79] - DEBUG - gyro:275.61 deg, derivative: -0.8299999999999841, turnSpeed: 11.220000000000027
2026-06-20 12:09:49,756 - mazeUtils.moveTile - [moveTile.py:79] - DEBUG - gyro:275.19 deg, derivative: -0.4200000000000159, turnSpeed: 10.379999999999995
2026-06-20 12:09:49,788 - mazeUtils.moveTile - [moveTile.py:79] - DEBUG - gyro:274.86 deg, derivative: -0.3299999999999841, turnSpeed: 9.720000000000027
2026-06-20 12:09:49,811 - mazeUtils.moveTile - [moveTile.py:79] - DEBUG - gyro:274.40000000000003 deg, derivative: -0.45999999999997954, turnSpeed: 8.800000000000068
2026-06-20 12:09:49,834 - mazeUtils.moveTile - [moveTile.py:79] - DEBUG - gyro:274.12 deg, derivative: -0.28000000000002956, turnSpeed: 8.240000000000009
2026-06-20 12:09:49,866 - mazeUtils.moveTile - [moveTile.py:79] - DEBUG - gyro:273.83 deg, derivative: -0.29000000000002046, turnSpeed: 7.659999999999968
2026-06-20 12:09:49,895 - mazeUtils.moveTile - [moveTile.py:79] - DEBUG - gyro:273.51 deg, derivative: -0.3199999999999932, turnSpeed: 7.019999999999982
2026-06-20 12:09:49,918 - mazeUtils.moveTile - [moveTile.py:79] - DEBUG - gyro:273.19 deg, derivative: -0.3199999999999932, turnSpeed: 6.3799999999999955
2026-06-20 12:09:49,948 - mazeUtils.moveTile - [moveTile.py:79] - DEBUG - gyro:272.98 deg, derivative: -0.20999999999997954, turnSpeed: 5.960000000000036
2026-06-20 12:09:49,971 - mazeUtils.moveTile - [moveTile.py:79] - DEBUG - gyro:272.74 deg, derivative: -0.2400000000000091, turnSpeed: 5.480000000000018
2026-06-20 12:09:49,994 - mazeUtils.moveTile - [moveTile.py:79] - DEBUG - gyro:272.54 deg, derivative: -0.19999999999998863, turnSpeed: 5.080000000000041
2026-06-20 12:09:50,019 - mazeUtils.moveTile - [moveTile.py:79] - DEBUG - gyro:272.38 deg, derivative: -0.160000000000025, turnSpeed: 4.759999999999991
2026-06-20 12:09:50,043 - mazeUtils.moveTile - [moveTile.py:79] - DEBUG - gyro:272.23 deg, derivative: -0.14999999999997726, turnSpeed: 4.460000000000036
2026-06-20 12:09:50,067 - mazeUtils.moveTile - [moveTile.py:79] - DEBUG - gyro:272.05 deg, derivative: -0.18000000000000682, turnSpeed: 4.100000000000023
2026-06-20 12:09:50,091 - mazeUtils.moveTile - [moveTile.py:79] - DEBUG - gyro:271.88 deg, derivative: -0.17000000000001592, turnSpeed: 3.759999999999991
2026-06-20 12:09:50,115 - mazeUtils.moveTile - [moveTile.py:79] - DEBUG - gyro:271.61 deg, derivative: -0.2699999999999818, turnSpeed: 3.2200000000000273
2026-06-20 12:09:50,140 - mazeUtils.moveTile - [moveTile.py:79] - DEBUG - gyro:271.5 deg, derivative: -0.11000000000001364, turnSpeed: 3.0
2026-06-20 12:09:50,170 - mazeUtils.moveTile - [moveTile.py:79] - DEBUG - gyro:271.41 deg, derivative: -0.08999999999997499, turnSpeed: 2.82000000000005
2026-06-20 12:09:50,193 - mazeUtils.moveTile - [moveTile.py:79] - DEBUG - gyro:271.35 deg, derivative: -0.060000000000002274, turnSpeed: 2.7000000000000455
2026-06-20 12:09:50,217 - mazeUtils.moveTile - [moveTile.py:79] - DEBUG - gyro:271.34000000000003 deg, derivative: -0.009999999999990905, turnSpeed: 2.6800000000000637
2026-06-20 12:09:50,241 - mazeUtils.moveTile - [moveTile.py:79] - DEBUG - gyro:271.31 deg, derivative: -0.03000000000002956, turnSpeed: 2.6200000000000045
2026-06-20 12:09:50,265 - mazeUtils.moveTile - [moveTile.py:79] - DEBUG - gyro:271.21000000000004 deg, derivative: -0.0999999999999659, turnSpeed: 2.4200000000000728
2026-06-20 12:09:50,293 - mazeUtils.moveTile - [moveTile.py:79] - DEBUG - gyro:271.11 deg, derivative: -0.10000000000002274, turnSpeed: 2.2200000000000273
2026-06-20 12:09:50,316 - mazeUtils.moveTile - [moveTile.py:79] - DEBUG - gyro:271.08 deg, derivative: -0.03000000000002956, turnSpeed: 2.159999999999968
2026-06-20 12:09:50,344 - mazeUtils.moveTile - [moveTile.py:79] - DEBUG - gyro:271.04 deg, derivative: -0.03999999999996362, turnSpeed: 2.080000000000041
2026-06-20 12:09:50,368 - mazeUtils.moveTile - [moveTile.py:79] - DEBUG - gyro:270.98 deg, derivative: -0.060000000000002274, turnSpeed: 1.9600000000000364
2026-06-20 12:09:50,394 - mazeUtils.moveTile - [moveTile.py:79] - DEBUG - gyro:270.90000000000003 deg, derivative: -0.07999999999998408, turnSpeed: 1.8000000000000682
2026-06-20 12:09:50,424 - mazeUtils.moveTile - [moveTile.py:79] - DEBUG - gyro:270.83 deg, derivative: -0.07000000000005002, turnSpeed: 1.6599999999999682
2026-06-20 12:09:50,446 - mazeUtils.moveTile - [moveTile.py:79] - DEBUG - gyro:270.75 deg, derivative: -0.07999999999998408, turnSpeed: 1.5
2026-06-20 12:09:50,465 - mazeUtils.moveTile - [moveTile.py:79] - DEBUG - Turned to heading: 270.75 deg
2026-06-20 12:09:50,641 - picamera2.picamera2 - [picamera2.py:1391] - DEBUG - Execute job: <picamera2.job.Job object at 0x7f7b95b7d0>
2026-06-20 12:09:50,645 - mazeUtils.device.camera - [camera.py:39] - DEBUG - Average HSV: H=6.3, S=26.7, V=229.8
2026-06-20 12:09:50,677 - mazeUtils.moveTile - [moveTile.py:79] - DEBUG - roll: 2.1200000000000045 deg, practicalMoveTime: 0.04027683568731593 sec
2026-06-20 12:09:50,678 - mazeUtils.moveTile - [moveTile.py:1398] - DEBUG - moveTile loop time: 40.5 ms
2026-06-20 12:09:50,683 - picamera2.picamera2 - [picamera2.py:1391] - DEBUG - Execute job: <picamera2.job.Job object at 0x7f8ad1ac10>
2026-06-20 12:09:50,686 - mazeUtils.device.camera - [camera.py:39] - DEBUG - Average HSV: H=6.5, S=26.7, V=230.1
2026-06-20 12:09:50,715 - mazeUtils.moveTile - [moveTile.py:79] - DEBUG - roll: 2.4699999999999704 deg, practicalMoveTime: 0.07785289988155272 sec
2026-06-20 12:09:50,716 - mazeUtils.moveTile - [moveTile.py:1398] - DEBUG - moveTile loop time: 37.8 ms
2026-06-20 12:09:50,721 - picamera2.picamera2 - [picamera2.py:1391] - DEBUG - Execute job: <picamera2.job.Job object at 0x7f80874a90>
2026-06-20 12:09:50,724 - mazeUtils.device.camera - [camera.py:39] - DEBUG - Average HSV: H=6.8, S=26.9, V=230.7
2026-06-20 12:09:50,761 - mazeUtils.moveTile - [moveTile.py:79] - DEBUG - roll: 2.099999999999966 deg, practicalMoveTime: 0.12337432216924486 sec
2026-06-20 12:09:50,762 - mazeUtils.moveTile - [moveTile.py:1398] - DEBUG - moveTile loop time: 45.8 ms
2026-06-20 12:09:50,767 - picamera2.picamera2 - [picamera2.py:1391] - DEBUG - Execute job: <picamera2.job.Job object at 0x7f8ad1aa50>
2026-06-20 12:09:50,772 - mazeUtils.device.camera - [camera.py:39] - DEBUG - Average HSV: H=6.8, S=26.7, V=231.3
2026-06-20 12:09:50,807 - mazeUtils.moveTile - [moveTile.py:79] - DEBUG - roll: 2.17999999999995 deg, practicalMoveTime: 0.1682646381891159 sec
2026-06-20 12:09:50,807 - mazeUtils.moveTile - [moveTile.py:1398] - DEBUG - moveTile loop time: 45.4 ms
2026-06-20 12:09:50,814 - picamera2.picamera2 - [picamera2.py:1391] - DEBUG - Execute job: <picamera2.job.Job object at 0x7f8ad1ac10>
2026-06-20 12:09:50,817 - mazeUtils.device.camera - [camera.py:39] - DEBUG - Average HSV: H=7.5, S=29.1, V=231.0
2026-06-20 12:09:50,847 - mazeUtils.moveTile - [moveTile.py:79] - DEBUG - roll: 1.919999999999959 deg, practicalMoveTime: 0.2074255415741282 sec
2026-06-20 12:09:50,847 - mazeUtils.moveTile - [moveTile.py:1398] - DEBUG - moveTile loop time: 39.5 ms
2026-06-20 12:09:50,855 - picamera2.picamera2 - [picamera2.py:1391] - DEBUG - Execute job: <picamera2.job.Job object at 0x7f80874a90>
2026-06-20 12:09:50,859 - mazeUtils.device.camera - [camera.py:39] - DEBUG - Average HSV: H=7.2, S=28.5, V=230.4
2026-06-20 12:09:50,886 - mazeUtils.moveTile - [moveTile.py:79] - DEBUG - roll: 2.519999999999982 deg, practicalMoveTime: 0.24568854032018078 sec
2026-06-20 12:09:50,886 - mazeUtils.moveTile - [moveTile.py:1398] - DEBUG - moveTile loop time: 38.5 ms
2026-06-20 12:09:50,891 - picamera2.picamera2 - [picamera2.py:1391] - DEBUG - Execute job: <picamera2.job.Job object at 0x7f8ad1aa50>
2026-06-20 12:09:50,894 - mazeUtils.device.camera - [camera.py:39] - DEBUG - Average HSV: H=8.1, S=28.4, V=233.3
2026-06-20 12:09:50,925 - mazeUtils.moveTile - [moveTile.py:79] - DEBUG - roll: 2.599999999999966 deg, practicalMoveTime: 0.2844702733273787 sec
2026-06-20 12:09:50,925 - mazeUtils.moveTile - [moveTile.py:1398] - DEBUG - moveTile loop time: 39.1 ms
2026-06-20 12:09:50,930 - picamera2.picamera2 - [picamera2.py:1391] - DEBUG - Execute job: <picamera2.job.Job object at 0x7f8091d110>
2026-06-20 12:09:50,934 - mazeUtils.device.camera - [camera.py:39] - DEBUG - Average HSV: H=7.7, S=28.0, V=233.2
2026-06-20 12:09:50,960 - mazeUtils.moveTile - [moveTile.py:79] - DEBUG - roll: 2.8799999999999955 deg, practicalMoveTime: 0.31875108957120407 sec
2026-06-20 12:09:50,960 - mazeUtils.moveTile - [moveTile.py:1398] - DEBUG - moveTile loop time: 34.5 ms
2026-06-20 12:09:50,969 - picamera2.picamera2 - [picamera2.py:1391] - DEBUG - Execute job: <picamera2.job.Job object at 0x7f6975f190>
2026-06-20 12:09:50,973 - mazeUtils.device.camera - [camera.py:39] - DEBUG - Average HSV: H=7.5, S=27.2, V=232.8
2026-06-20 12:09:51,006 - mazeUtils.moveTile - [moveTile.py:79] - DEBUG - roll: 3.3899999999999864 deg, practicalMoveTime: 0.36427575660770073 sec
2026-06-20 12:09:51,006 - mazeUtils.moveTile - [moveTile.py:1398] - DEBUG - moveTile loop time: 46.0 ms
2026-06-20 12:09:51,010 - picamera2.picamera2 - [picamera2.py:1391] - DEBUG - Execute job: <picamera2.job.Job object at 0x7f7b95ba10>
2026-06-20 12:09:51,014 - mazeUtils.device.camera - [camera.py:39] - DEBUG - Average HSV: H=8.5, S=28.6, V=234.8
2026-06-20 12:09:51,041 - mazeUtils.moveTile - [moveTile.py:79] - DEBUG - roll: 2.169999999999959 deg, practicalMoveTime: 0.3988233269484181 sec
2026-06-20 12:09:51,041 - mazeUtils.moveTile - [moveTile.py:1398] - DEBUG - moveTile loop time: 34.8 ms
2026-06-20 12:09:51,049 - picamera2.picamera2 - [picamera2.py:1391] - DEBUG - Execute job: <picamera2.job.Job object at 0x7f8ad1aa50>
2026-06-20 12:09:51,052 - mazeUtils.device.camera - [camera.py:39] - DEBUG - Average HSV: H=8.6, S=28.7, V=235.3
2026-06-20 12:09:51,083 - mazeUtils.moveTile - [moveTile.py:79] - DEBUG - roll: 2.7799999999999727 deg, practicalMoveTime: 0.44025100255578203 sec
2026-06-20 12:09:51,083 - mazeUtils.moveTile - [moveTile.py:1398] - DEBUG - moveTile loop time: 41.8 ms
2026-06-20 12:09:51,093 - picamera2.picamera2 - [picamera2.py:1391] - DEBUG - Execute job: <picamera2.job.Job object at 0x7f7b95ba10>
2026-06-20 12:09:51,096 - mazeUtils.device.camera - [camera.py:39] - DEBUG - Average HSV: H=8.4, S=29.3, V=233.8
2026-06-20 12:09:51,122 - mazeUtils.moveTile - [moveTile.py:79] - DEBUG - roll: 2.4699999999999704 deg, practicalMoveTime: 0.4793839227998536 sec
2026-06-20 12:09:51,123 - mazeUtils.moveTile - [moveTile.py:1398] - DEBUG - moveTile loop time: 39.4 ms
2026-06-20 12:09:51,135 - picamera2.picamera2 - [picamera2.py:1391] - DEBUG - Execute job: <picamera2.job.Job object at 0x7f6975f190>
2026-06-20 12:09:51,138 - mazeUtils.device.camera - [camera.py:39] - DEBUG - Average HSV: H=8.5, S=28.2, V=235.9
2026-06-20 12:09:51,166 - mazeUtils.moveTile - [moveTile.py:79] - DEBUG - roll: 2.1499999999999773 deg, practicalMoveTime: 0.5224675190306834 sec
2026-06-20 12:09:51,166 - mazeUtils.moveTile - [moveTile.py:1398] - DEBUG - moveTile loop time: 43.3 ms
2026-06-20 12:09:51,170 - picamera2.picamera2 - [picamera2.py:1391] - DEBUG - Execute job: <picamera2.job.Job object at 0x7f8ad1aa50>
2026-06-20 12:09:51,174 - mazeUtils.device.camera - [camera.py:39] - DEBUG - Average HSV: H=9.0, S=30.3, V=235.7
2026-06-20 12:09:51,201 - mazeUtils.moveTile - [moveTile.py:79] - DEBUG - roll: 2.419999999999959 deg, practicalMoveTime: 0.556783944014297 sec
2026-06-20 12:09:51,201 - mazeUtils.moveTile - [moveTile.py:1398] - DEBUG - moveTile loop time: 34.6 ms
2026-06-20 12:09:51,207 - picamera2.picamera2 - [picamera2.py:1391] - DEBUG - Execute job: <picamera2.job.Job object at 0x7f7b95b4d0>
2026-06-20 12:09:51,211 - mazeUtils.device.camera - [camera.py:39] - DEBUG - Average HSV: H=8.5, S=28.4, V=235.3
2026-06-20 12:09:51,242 - mazeUtils.moveTile - [moveTile.py:79] - DEBUG - roll: 2.75 deg, practicalMoveTime: 0.5976975617432188 sec
2026-06-20 12:09:51,243 - mazeUtils.moveTile - [moveTile.py:1398] - DEBUG - moveTile loop time: 41.3 ms
2026-06-20 12:09:51,254 - picamera2.picamera2 - [picamera2.py:1391] - DEBUG - Execute job: <picamera2.job.Job object at 0x7f80874a90>
2026-06-20 12:09:51,257 - mazeUtils.device.camera - [camera.py:39] - DEBUG - Average HSV: H=8.4, S=27.8, V=236.4
2026-06-20 12:09:51,285 - mazeUtils.moveTile - [moveTile.py:79] - DEBUG - roll: 2.5499999999999545 deg, practicalMoveTime: 0.6393058993347152 sec
2026-06-20 12:09:51,285 - mazeUtils.moveTile - [moveTile.py:1398] - DEBUG - moveTile loop time: 41.9 ms
2026-06-20 12:09:51,289 - picamera2.picamera2 - [picamera2.py:1391] - DEBUG - Execute job: <picamera2.job.Job object at 0x7f80874b10>
2026-06-20 12:09:51,292 - mazeUtils.device.camera - [camera.py:39] - DEBUG - Average HSV: H=9.0, S=28.6, V=236.9
2026-06-20 12:09:51,317 - mazeUtils.moveTile - [moveTile.py:79] - DEBUG - roll: 2.819999999999993 deg, practicalMoveTime: 0.6714077095140386 sec
2026-06-20 12:09:51,318 - mazeUtils.moveTile - [moveTile.py:1398] - DEBUG - moveTile loop time: 32.3 ms
2026-06-20 12:09:51,326 - picamera2.picamera2 - [picamera2.py:1391] - DEBUG - Execute job: <picamera2.job.Job object at 0x7f8091e450>
2026-06-20 12:09:51,329 - mazeUtils.device.camera - [camera.py:39] - DEBUG - Average HSV: H=9.0, S=28.8, V=236.5
2026-06-20 12:09:51,361 - mazeUtils.moveTile - [moveTile.py:79] - DEBUG - roll: 2.92999999999995 deg, practicalMoveTime: 0.7145722048530512 sec
2026-06-20 12:09:51,361 - mazeUtils.moveTile - [moveTile.py:1398] - DEBUG - moveTile loop time: 43.6 ms
2026-06-20 12:09:51,373 - picamera2.picamera2 - [picamera2.py:1391] - DEBUG - Execute job: <picamera2.job.Job object at 0x7f80874b10>
2026-06-20 12:09:51,376 - mazeUtils.device.camera - [camera.py:39] - DEBUG - Average HSV: H=8.8, S=28.8, V=236.4
2026-06-20 12:09:51,402 - mazeUtils.moveTile - [moveTile.py:79] - DEBUG - roll: 2.2999999999999545 deg, practicalMoveTime: 0.7550283068826431 sec
2026-06-20 12:09:51,402 - mazeUtils.moveTile - [moveTile.py:1398] - DEBUG - moveTile loop time: 40.7 ms
2026-06-20 12:09:51,406 - picamera2.picamera2 - [picamera2.py:1391] - DEBUG - Execute job: <picamera2.job.Job object at 0x7f8ad1aa50>
2026-06-20 12:09:51,409 - mazeUtils.device.camera - [camera.py:39] - DEBUG - Average HSV: H=9.1, S=29.2, V=236.5
2026-06-20 12:09:51,440 - mazeUtils.moveTile - [moveTile.py:79] - DEBUG - roll: 3.019999999999982 deg, practicalMoveTime: 0.7924775603681906 sec
2026-06-20 12:09:51,440 - mazeUtils.moveTile - [moveTile.py:1398] - DEBUG - moveTile loop time: 37.8 ms
2026-06-20 12:09:51,452 - picamera2.picamera2 - [picamera2.py:1391] - DEBUG - Execute job: <picamera2.job.Job object at 0x7f8ad1ac10>
2026-06-20 12:09:51,455 - mazeUtils.device.camera - [camera.py:39] - DEBUG - Average HSV: H=9.4, S=30.4, V=236.8
2026-06-20 12:09:51,487 - mazeUtils.moveTile - [moveTile.py:79] - DEBUG - roll: 2.5499999999999545 deg, practicalMoveTime: 0.8394373821747052 sec
2026-06-20 12:09:51,488 - mazeUtils.moveTile - [moveTile.py:1398] - DEBUG - moveTile loop time: 47.2 ms
2026-06-20 12:09:51,498 - picamera2.picamera2 - [picamera2.py:1391] - DEBUG - Execute job: <picamera2.job.Job object at 0x7f8091d110>
2026-06-20 12:09:51,501 - mazeUtils.device.camera - [camera.py:39] - DEBUG - Average HSV: H=9.4, S=30.1, V=237.4
2026-06-20 12:09:51,528 - mazeUtils.moveTile - [moveTile.py:1344] - INFO - practicalVerticalMove: 1.3892367463200743 CM
2026-06-20 12:09:51,572 - mazeUtils.moveTile - [moveTile.py:1603] - INFO - Set moved vertical distance: 1.3892367463200743 cm, past distances: [(0.9691173454292265, False), (0.7407058629822073, False), (0.9231109322069493, False)]
2026-06-20 12:09:51,631 - mazeUtils.moveTile - [moveTile.py:528] - DEBUG - Direction: absDirection.NORTH, Angle: 90, Distance: 103.85901277265299 cm
2026-06-20 12:09:51,632 - mazeUtils.moveTile - [moveTile.py:528] - DEBUG - Direction: absDirection.EAST, Angle: 0, Distance: 46.16224731390286 cm
2026-06-20 12:09:51,633 - mazeUtils.moveTile - [moveTile.py:551] - DEBUG - Front LiDAR distance: 46.16224731390286 cm, TSD10 distance: 30.6 cm
2026-06-20 12:09:51,633 - mazeUtils.moveTile - [moveTile.py:528] - DEBUG - Direction: absDirection.SOUTH, Angle: 270, Distance: 53.45731698287496 cm
2026-06-20 12:09:51,634 - mazeUtils.moveTile - [moveTile.py:528] - DEBUG - Direction: absDirection.WEST, Angle: 180, Distance: 83.83579086013086 cm
2026-06-20 12:09:51,636 - mazeUtils.moveTile - [moveTile.py:1724] - INFO - Tile color detection counts: {}, decided tile type: E
2026-06-20 12:09:51,708 - __main__ - [main.py:87] - INFO - Current position: (20, 18, 1), front direction: absDirection.EAST
Layer 0 (altitude=0.0cm, offset=(0.0cm, 0.0cm)):
Known map area: x=18..20, y=15..20
+   +---+   +
  U   E   B  
+---+   +---+
| E   E   E |
+---+   +   +
  U   U | E |
+   +   +   +
  U   U | E |
+   +   +   +
  U   U   E |
+   +   +   +
  U   U | S |
+   +   +---+
Layer 1 (altitude=15.0cm, offset=(-60.0cm, 0.0cm)):
Known map area: x=17..20, y=15..20
+   +   +---+   +
  U   U | E   U  
+   +   +   +   +
  U   U | E | U  
+   +   +   +   +
  U   U   E   U  
+   +   +   +   +
  U   U   E   @  
+---+---+   +   +
| E   E | E | U  
+   +   +   +   +
| E   E   E | U  
+---+---+---+   +
mazeAsGraph[0][15][19] = {absDirection.NORTH: None, absDirection.EAST: None, absDirection.SOUTH: (19, 16, 0, 30), absDirection.WEST: (19, 15, 1, 60)}
mazeAsGraph[0][15][20] = {absDirection.NORTH: None, absDirection.EAST: None, absDirection.SOUTH: None, absDirection.WEST: None}
mazeAsGraph[0][16][18] = {absDirection.NORTH: None, absDirection.EAST: (19, 16, 0, 30), absDirection.SOUTH: None, absDirection.WEST: None}
mazeAsGraph[0][16][19] = {absDirection.NORTH: (19, 15, 0, 30), absDirection.EAST: (20, 16, 0, 30), absDirection.SOUTH: (19, 17, 0, 30), absDirection.WEST: (18, 16, 0, 30)}
mazeAsGraph[0][16][20] = {absDirection.NORTH: None, absDirection.EAST: None, absDirection.SOUTH: (20, 17, 0, 30), absDirection.WEST: (19, 16, 0, 30)}
mazeAsGraph[0][17][20] = {absDirection.NORTH: (20, 16, 0, 30), absDirection.EAST: None, absDirection.SOUTH: (20, 18, 0, 30), absDirection.WEST: None}
mazeAsGraph[0][18][20] = {absDirection.NORTH: (20, 17, 0, 30), absDirection.EAST: None, absDirection.SOUTH: (20, 19, 0, 30), absDirection.WEST: None}
mazeAsGraph[0][19][20] = {absDirection.NORTH: (20, 18, 0, 30), absDirection.EAST: None, absDirection.SOUTH: (20, 20, 0, 30), absDirection.WEST: (19, 19, 0, 30)}
mazeAsGraph[0][20][20] = {absDirection.NORTH: (20, 19, 0, 30), absDirection.EAST: None, absDirection.SOUTH: None, absDirection.WEST: None}
mazeAsGraph[1][15][19] = {absDirection.NORTH: None, absDirection.EAST: (19, 15, 0, 60), absDirection.SOUTH: (19, 16, 1, 30), absDirection.WEST: None}
mazeAsGraph[1][16][19] = {absDirection.NORTH: (19, 15, 1, 30), absDirection.EAST: None, absDirection.SOUTH: (19, 17, 1, 30), absDirection.WEST: None}
mazeAsGraph[1][17][19] = {absDirection.NORTH: (19, 16, 1, 30), absDirection.EAST: (20, 17, 1, 30), absDirection.SOUTH: (19, 18, 1, 30), absDirection.WEST: (18, 17, 1, 30)}
mazeAsGraph[1][18][19] = {absDirection.NORTH: (19, 17, 1, 30), absDirection.EAST: (20, 18, 1, 30), absDirection.SOUTH: (19, 19, 1, 30), absDirection.WEST: (18, 18, 1, 30)}
mazeAsGraph[1][18][20] = {absDirection.NORTH: (20, 17, 1, 30), absDirection.EAST: (21, 18, 1, 30), absDirection.SOUTH: (20, 19, 1, 30), absDirection.WEST: (19, 18, 1, 30)}
mazeAsGraph[1][19][17] = {absDirection.NORTH: None, absDirection.EAST: (18, 19, 1, 30), absDirection.SOUTH: (17, 20, 1, 30), absDirection.WEST: None}
mazeAsGraph[1][19][18] = {absDirection.NORTH: None, absDirection.EAST: None, absDirection.SOUTH: (18, 20, 1, 30), absDirection.WEST: (17, 19, 1, 30)}
mazeAsGraph[1][19][19] = {absDirection.NORTH: (19, 18, 1, 30), absDirection.EAST: None, absDirection.SOUTH: (19, 20, 1, 30), absDirection.WEST: None}
mazeAsGraph[1][20][17] = {absDirection.NORTH: (17, 19, 1, 30), absDirection.EAST: (18, 20, 1, 30), absDirection.SOUTH: None, absDirection.WEST: None}
mazeAsGraph[1][20][18] = {absDirection.NORTH: (18, 19, 1, 30), absDirection.EAST: (19, 20, 1, 30), absDirection.SOUTH: None, absDirection.WEST: (17, 20, 1, 30)}
mazeAsGraph[1][20][19] = {absDirection.NORTH: (19, 19, 1, 30), absDirection.EAST: None, absDirection.SOUTH: None, absDirection.WEST: (18, 20, 1, 30)}
2026-06-20 12:09:51,713 - mazeUtils.mazeMap - [mazeMap.py:61] - INFO - next goal: (21, 18, 1)
2026-06-20 12:09:51,725 - mazeUtils.moveTile - [moveTile.py:79] - DEBUG - Moving to absDirection.EAST from (20, 18, 1) facing absDirection.EAST
2026-06-20 12:09:51,754 - mazeUtils.moveTile - [moveTile.py:79] - DEBUG - current heading: 270.90000000000003 target: 270
2026-06-20 12:09:51,773 - mazeUtils.moveTile - [moveTile.py:403] - DEBUG - stopped turning at heading: 270.90000000000003, diff: 0.9000000000000341
2026-06-20 12:09:51,816 - mazeUtils.moveTile - [moveTile.py:79] - DEBUG - Turned to heading: 270.74 deg
2026-06-20 12:09:52,048 - picamera2.picamera2 - [picamera2.py:1391] - DEBUG - Execute job: <picamera2.job.Job object at 0x7f69757c50>
2026-06-20 12:09:52,054 - mazeUtils.device.camera - [camera.py:39] - DEBUG - Average HSV: H=8.3, S=29.3, V=237.0
2026-06-20 12:09:52,090 - mazeUtils.moveTile - [moveTile.py:79] - DEBUG - roll: 1.8899999999999864 deg, practicalMoveTime: 0.04591778990220592 sec
2026-06-20 12:09:52,090 - mazeUtils.moveTile - [moveTile.py:1398] - DEBUG - moveTile loop time: 45.7 ms
2026-06-20 12:09:52,095 - picamera2.picamera2 - [picamera2.py:1391] - DEBUG - Execute job: <picamera2.job.Job object at 0x7f7b97d890>
2026-06-20 12:09:52,099 - mazeUtils.device.camera - [camera.py:39] - DEBUG - Average HSV: H=8.3, S=29.2, V=237.1
2026-06-20 12:09:52,131 - mazeUtils.moveTile - [moveTile.py:79] - DEBUG - roll: 2.0499999999999545 deg, practicalMoveTime: 0.0864997296887966 sec
2026-06-20 12:09:52,131 - mazeUtils.moveTile - [moveTile.py:1398] - DEBUG - moveTile loop time: 40.9 ms
2026-06-20 12:09:52,142 - picamera2.picamera2 - [picamera2.py:1391] - DEBUG - Execute job: <picamera2.job.Job object at 0x7f8091d110>
2026-06-20 12:09:52,147 - mazeUtils.device.camera - [camera.py:39] - DEBUG - Average HSV: H=8.2, S=28.7, V=237.1
2026-06-20 12:09:52,178 - mazeUtils.moveTile - [moveTile.py:79] - DEBUG - roll: 3.079999999999984 deg, practicalMoveTime: 0.13263541085870725 sec
2026-06-20 12:09:52,179 - mazeUtils.moveTile - [moveTile.py:1398] - DEBUG - moveTile loop time: 47.4 ms
2026-06-20 12:09:52,184 - picamera2.picamera2 - [picamera2.py:1391] - DEBUG - Execute job: <picamera2.job.Job object at 0x7f8acd8950>
2026-06-20 12:09:52,189 - mazeUtils.device.camera - [camera.py:39] - DEBUG - Average HSV: H=7.8, S=28.6, V=237.3
2026-06-20 12:09:52,218 - mazeUtils.moveTile - [moveTile.py:79] - DEBUG - roll: 3.159999999999968 deg, practicalMoveTime: 0.1711333610375568 sec
2026-06-20 12:09:52,219 - mazeUtils.moveTile - [moveTile.py:1398] - DEBUG - moveTile loop time: 38.8 ms
2026-06-20 12:09:52,225 - picamera2.picamera2 - [picamera2.py:1391] - DEBUG - Execute job: <picamera2.job.Job object at 0x7f8acd8c10>
2026-06-20 12:09:52,229 - mazeUtils.device.camera - [camera.py:39] - DEBUG - Average HSV: H=7.6, S=27.8, V=237.0
2026-06-20 12:09:52,267 - mazeUtils.moveTile - [moveTile.py:79] - DEBUG - roll: 2.3999999999999773 deg, practicalMoveTime: 0.21944700077388743 sec
2026-06-20 12:09:52,268 - mazeUtils.moveTile - [moveTile.py:1398] - DEBUG - moveTile loop time: 47.9 ms
2026-06-20 12:09:52,273 - picamera2.picamera2 - [picamera2.py:1391] - DEBUG - Execute job: <picamera2.job.Job object at 0x7f8acd8950>
2026-06-20 12:09:52,277 - mazeUtils.device.camera - [camera.py:39] - DEBUG - Average HSV: H=7.6, S=28.3, V=236.5
2026-06-20 12:09:52,309 - mazeUtils.moveTile - [moveTile.py:79] - DEBUG - roll: 2.9799999999999613 deg, practicalMoveTime: 0.2601254943158562 sec
2026-06-20 12:09:52,309 - mazeUtils.moveTile - [moveTile.py:1398] - DEBUG - moveTile loop time: 41.2 ms
2026-06-20 12:09:52,314 - picamera2.picamera2 - [picamera2.py:1391] - DEBUG - Execute job: <picamera2.job.Job object at 0x7f7b97d890>
2026-06-20 12:09:52,318 - mazeUtils.device.camera - [camera.py:39] - DEBUG - Average HSV: H=8.0, S=30.0, V=235.5
2026-06-20 12:09:52,354 - mazeUtils.moveTile - [moveTile.py:79] - DEBUG - roll: 2.819999999999993 deg, practicalMoveTime: 0.30508083995338203 sec
2026-06-20 12:09:52,355 - mazeUtils.moveTile - [moveTile.py:1398] - DEBUG - moveTile loop time: 45.4 ms
2026-06-20 12:09:52,361 - picamera2.picamera2 - [picamera2.py:1391] - DEBUG - Execute job: <picamera2.job.Job object at 0x7f7b97d890>
2026-06-20 12:09:52,365 - mazeUtils.device.camera - [camera.py:39] - DEBUG - Average HSV: H=7.9, S=30.1, V=236.0
2026-06-20 12:09:52,392 - mazeUtils.moveTile - [moveTile.py:79] - DEBUG - roll: 2.579999999999984 deg, practicalMoveTime: 0.3420992471712739 sec
2026-06-20 12:09:52,393 - mazeUtils.moveTile - [moveTile.py:1398] - DEBUG - moveTile loop time: 37.1 ms
2026-06-20 12:09:52,400 - picamera2.picamera2 - [picamera2.py:1391] - DEBUG - Execute job: <picamera2.job.Job object at 0x7f7b97d890>
2026-06-20 12:09:52,404 - mazeUtils.device.camera - [camera.py:39] - DEBUG - Average HSV: H=8.3, S=30.5, V=235.9
2026-06-20 12:09:52,444 - mazeUtils.moveTile - [moveTile.py:79] - DEBUG - roll: 2.359999999999957 deg, practicalMoveTime: 0.39338341749008265 sec
2026-06-20 12:09:52,445 - mazeUtils.moveTile - [moveTile.py:1398] - DEBUG - moveTile loop time: 51.5 ms
2026-06-20 12:09:52,453 - picamera2.picamera2 - [picamera2.py:1391] - DEBUG - Execute job: <picamera2.job.Job object at 0x7f6976be90>
2026-06-20 12:09:52,457 - mazeUtils.device.camera - [camera.py:39] - DEBUG - Average HSV: H=8.0, S=30.7, V=234.9
2026-06-20 12:09:52,485 - mazeUtils.moveTile - [moveTile.py:79] - DEBUG - roll: 2.419999999999959 deg, practicalMoveTime: 0.43356471106861744 sec
2026-06-20 12:09:52,486 - mazeUtils.moveTile - [moveTile.py:1398] - DEBUG - moveTile loop time: 40.6 ms
2026-06-20 12:09:52,493 - picamera2.picamera2 - [picamera2.py:1391] - DEBUG - Execute job: <picamera2.job.Job object at 0x7f8d861f90>
2026-06-20 12:09:52,499 - mazeUtils.device.camera - [camera.py:39] - DEBUG - Average HSV: H=7.8, S=30.1, V=234.3
2026-06-20 12:09:52,527 - mazeUtils.moveTile - [moveTile.py:79] - DEBUG - roll: 2.67999999999995 deg, practicalMoveTime: 0.47479959254249376 sec
2026-06-20 12:09:52,528 - mazeUtils.moveTile - [moveTile.py:1398] - DEBUG - moveTile loop time: 41.4 ms
2026-06-20 12:09:52,537 - picamera2.picamera2 - [picamera2.py:1391] - DEBUG - Execute job: <picamera2.job.Job object at 0x7f7b97db10>
2026-06-20 12:09:52,541 - mazeUtils.device.camera - [camera.py:39] - DEBUG - Average HSV: H=7.1, S=27.4, V=236.4
2026-06-20 12:09:52,570 - mazeUtils.moveTile - [moveTile.py:79] - DEBUG - roll: 2.319999999999993 deg, practicalMoveTime: 0.5167783237589934 sec
2026-06-20 12:09:52,571 - mazeUtils.moveTile - [moveTile.py:1398] - DEBUG - moveTile loop time: 42.6 ms
2026-06-20 12:09:52,579 - picamera2.picamera2 - [picamera2.py:1391] - DEBUG - Execute job: <picamera2.job.Job object at 0x7f8acd8950>
2026-06-20 12:09:52,584 - mazeUtils.device.camera - [camera.py:39] - DEBUG - Average HSV: H=6.5, S=28.2, V=235.1
2026-06-20 12:09:52,620 - mazeUtils.moveTile - [moveTile.py:79] - DEBUG - roll: 2.669999999999959 deg, practicalMoveTime: 0.5659945129506233 sec
2026-06-20 12:09:52,621 - mazeUtils.moveTile - [moveTile.py:1398] - DEBUG - moveTile loop time: 49.5 ms
2026-06-20 12:09:52,627 - picamera2.picamera2 - [picamera2.py:1391] - DEBUG - Execute job: <picamera2.job.Job object at 0x7f69757c10>
2026-06-20 12:09:52,631 - mazeUtils.device.camera - [camera.py:39] - DEBUG - Average HSV: H=5.5, S=27.0, V=234.9
2026-06-20 12:09:52,660 - mazeUtils.moveTile - [moveTile.py:79] - DEBUG - roll: 2.7399999999999523 deg, practicalMoveTime: 0.605454591686455 sec
2026-06-20 12:09:52,661 - mazeUtils.moveTile - [moveTile.py:1398] - DEBUG - moveTile loop time: 40.1 ms
2026-06-20 12:09:52,670 - picamera2.picamera2 - [picamera2.py:1391] - DEBUG - Execute job: <picamera2.job.Job object at 0x7f8acd8c10>
2026-06-20 12:09:52,674 - mazeUtils.device.camera - [camera.py:39] - DEBUG - Average HSV: H=5.1, S=26.5, V=234.6
2026-06-20 12:09:52,715 - mazeUtils.moveTile - [moveTile.py:79] - DEBUG - roll: 2.3700000000000045 deg, practicalMoveTime: 0.659153412359702 sec
2026-06-20 12:09:52,716 - mazeUtils.moveTile - [moveTile.py:1398] - DEBUG - moveTile loop time: 54.1 ms
2026-06-20 12:09:52,722 - picamera2.picamera2 - [picamera2.py:1391] - DEBUG - Execute job: <picamera2.job.Job object at 0x7f6976be90>
2026-06-20 12:09:52,728 - mazeUtils.device.camera - [camera.py:39] - DEBUG - Average HSV: H=43.1, S=20.7, V=235.3
2026-06-20 12:09:52,762 - mazeUtils.moveTile - [moveTile.py:79] - DEBUG - roll: 2.4599999999999795 deg, practicalMoveTime: 0.7047618244314544 sec
2026-06-20 12:09:52,762 - mazeUtils.moveTile - [moveTile.py:1398] - DEBUG - moveTile loop time: 46.2 ms
2026-06-20 12:09:52,768 - picamera2.picamera2 - [picamera2.py:1391] - DEBUG - Execute job: <picamera2.job.Job object at 0x7f6976a790>
2026-06-20 12:09:52,773 - mazeUtils.device.camera - [camera.py:39] - DEBUG - Average HSV: H=74.4, S=20.4, V=234.9
2026-06-20 12:09:52,804 - mazeUtils.moveTile - [moveTile.py:79] - DEBUG - roll: 2.0299999999999727 deg, practicalMoveTime: 0.7460409672170506 sec
2026-06-20 12:09:52,805 - mazeUtils.moveTile - [moveTile.py:1398] - DEBUG - moveTile loop time: 42.0 ms
2026-06-20 12:09:52,817 - picamera2.picamera2 - [picamera2.py:1391] - DEBUG - Execute job: <picamera2.job.Job object at 0x7f7b97d150>
2026-06-20 12:09:52,822 - mazeUtils.device.camera - [camera.py:39] - DEBUG - Average HSV: H=137.2, S=40.6, V=180.8
2026-06-20 12:09:52,855 - mazeUtils.moveTile - [moveTile.py:79] - DEBUG - roll: 2.9399999999999977 deg, practicalMoveTime: 0.7964603667828148 sec
2026-06-20 12:09:52,856 - mazeUtils.moveTile - [moveTile.py:1398] - DEBUG - moveTile loop time: 50.8 ms
2026-06-20 12:09:52,861 - picamera2.picamera2 - [picamera2.py:1391] - DEBUG - Execute job: <picamera2.job.Job object at 0x7f8d861f90>
2026-06-20 12:09:52,866 - mazeUtils.device.camera - [camera.py:39] - DEBUG - Average HSV: H=153.7, S=51.9, V=131.1
2026-06-20 12:09:52,896 - mazeUtils.moveTile - [moveTile.py:79] - DEBUG - roll: 3.6299999999999955 deg, practicalMoveTime: 0.8364433694004473 sec
2026-06-20 12:09:52,897 - mazeUtils.moveTile - [moveTile.py:1398] - DEBUG - moveTile loop time: 40.6 ms
2026-06-20 12:09:52,902 - picamera2.picamera2 - [picamera2.py:1391] - DEBUG - Execute job: <picamera2.job.Job object at 0x7f8091d110>
2026-06-20 12:09:52,906 - mazeUtils.device.camera - [camera.py:39] - DEBUG - Average HSV: H=132.1, S=68.4, V=175.7
2026-06-20 12:09:52,941 - mazeUtils.moveTile - [moveTile.py:1344] - INFO - practicalVerticalMove: 1.424924855605086 CM
2026-06-20 12:09:52,991 - mazeUtils.moveTile - [moveTile.py:79] - DEBUG - Little forward to adjust position
2026-06-20 12:09:53,036 - mazeUtils.moveTile - [moveTile.py:1603] - INFO - Set moved vertical distance: 1.424924855605086 cm, past distances: [(1.3892367463200743, False), (0.9691173454292265, False), (0.7407058629822073, False)]
2026-06-20 12:09:53,119 - mazeUtils.moveTile - [moveTile.py:528] - DEBUG - Direction: absDirection.NORTH, Angle: 90, Distance: 104.89466272381738 cm
2026-06-20 12:09:53,121 - mazeUtils.moveTile - [moveTile.py:528] - DEBUG - Direction: absDirection.EAST, Angle: 0, Distance: 10.819667621180042 cm
2026-06-20 12:09:53,122 - mazeUtils.moveTile - [moveTile.py:551] - DEBUG - Front LiDAR distance: 10.819667621180042 cm, TSD10 distance: 1.5 cm
2026-06-20 12:09:53,123 - mazeUtils.moveTile - [moveTile.py:528] - DEBUG - Direction: absDirection.SOUTH, Angle: 270, Distance: 77.82781481057155 cm
2026-06-20 12:09:53,125 - mazeUtils.moveTile - [moveTile.py:528] - DEBUG - Direction: absDirection.WEST, Angle: 180, Distance: 114.9782704368523 cm
2026-06-20 12:09:53,127 - mazeUtils.moveTile - [moveTile.py:1724] - INFO - Tile color detection counts: {}, decided tile type: E
2026-06-20 12:09:53,232 - __main__ - [main.py:87] - INFO - Current position: (21, 18, 1), front direction: absDirection.EAST
Layer 0 (altitude=0.0cm, offset=(0.0cm, 0.0cm)):
Known map area: x=18..20, y=15..20
+   +---+   +
  U   E   B  
+---+   +---+
| E   E   E |
+---+   +   +
  U   U | E |
+   +   +   +
  U   U | E |
+   +   +   +
  U   U   E |
+   +   +   +
  U   U | S |
+   +   +---+
Layer 1 (altitude=15.0cm, offset=(-60.0cm, 0.0cm)):
Known map area: x=17..21, y=15..20
+   +   +---+   +   +
  U   U | E   U   U  
+   +   +   +   +   +
  U   U | E | U   U  
+   +   +   +   +   +
  U   U   E   U   U  
+   +   +   +   +   +
  U   U   E   E   @ |
+---+---+   +   +   +
| E   E | E | U   U  
+   +   +   +   +   +
| E   E   E | U   U  
+---+---+---+   +   +
mazeAsGraph[0][15][19] = {absDirection.NORTH: None, absDirection.EAST: None, absDirection.SOUTH: (19, 16, 0, 30), absDirection.WEST: (19, 15, 1, 60)}
mazeAsGraph[0][15][20] = {absDirection.NORTH: None, absDirection.EAST: None, absDirection.SOUTH: None, absDirection.WEST: None}
mazeAsGraph[0][16][18] = {absDirection.NORTH: None, absDirection.EAST: (19, 16, 0, 30), absDirection.SOUTH: None, absDirection.WEST: None}
mazeAsGraph[0][16][19] = {absDirection.NORTH: (19, 15, 0, 30), absDirection.EAST: (20, 16, 0, 30), absDirection.SOUTH: (19, 17, 0, 30), absDirection.WEST: (18, 16, 0, 30)}
mazeAsGraph[0][16][20] = {absDirection.NORTH: None, absDirection.EAST: None, absDirection.SOUTH: (20, 17, 0, 30), absDirection.WEST: (19, 16, 0, 30)}
mazeAsGraph[0][17][20] = {absDirection.NORTH: (20, 16, 0, 30), absDirection.EAST: None, absDirection.SOUTH: (20, 18, 0, 30), absDirection.WEST: None}
mazeAsGraph[0][18][20] = {absDirection.NORTH: (20, 17, 0, 30), absDirection.EAST: None, absDirection.SOUTH: (20, 19, 0, 30), absDirection.WEST: None}
mazeAsGraph[0][19][20] = {absDirection.NORTH: (20, 18, 0, 30), absDirection.EAST: None, absDirection.SOUTH: (20, 20, 0, 30), absDirection.WEST: (19, 19, 0, 30)}
mazeAsGraph[0][20][20] = {absDirection.NORTH: (20, 19, 0, 30), absDirection.EAST: None, absDirection.SOUTH: None, absDirection.WEST: None}
mazeAsGraph[1][15][19] = {absDirection.NORTH: None, absDirection.EAST: (19, 15, 0, 60), absDirection.SOUTH: (19, 16, 1, 30), absDirection.WEST: None}
mazeAsGraph[1][16][19] = {absDirection.NORTH: (19, 15, 1, 30), absDirection.EAST: None, absDirection.SOUTH: (19, 17, 1, 30), absDirection.WEST: None}
mazeAsGraph[1][17][19] = {absDirection.NORTH: (19, 16, 1, 30), absDirection.EAST: (20, 17, 1, 30), absDirection.SOUTH: (19, 18, 1, 30), absDirection.WEST: (18, 17, 1, 30)}
mazeAsGraph[1][18][19] = {absDirection.NORTH: (19, 17, 1, 30), absDirection.EAST: (20, 18, 1, 30), absDirection.SOUTH: (19, 19, 1, 30), absDirection.WEST: (18, 18, 1, 30)}
mazeAsGraph[1][18][20] = {absDirection.NORTH: (20, 17, 1, 30), absDirection.EAST: (21, 18, 1, 30), absDirection.SOUTH: (20, 19, 1, 30), absDirection.WEST: (19, 18, 1, 30)}
mazeAsGraph[1][18][21] = {absDirection.NORTH: (21, 17, 1, 30), absDirection.EAST: None, absDirection.SOUTH: (21, 19, 1, 30), absDirection.WEST: (20, 18, 1, 30)}
mazeAsGraph[1][19][17] = {absDirection.NORTH: None, absDirection.EAST: (18, 19, 1, 30), absDirection.SOUTH: (17, 20, 1, 30), absDirection.WEST: None}
mazeAsGraph[1][19][18] = {absDirection.NORTH: None, absDirection.EAST: None, absDirection.SOUTH: (18, 20, 1, 30), absDirection.WEST: (17, 19, 1, 30)}
mazeAsGraph[1][19][19] = {absDirection.NORTH: (19, 18, 1, 30), absDirection.EAST: None, absDirection.SOUTH: (19, 20, 1, 30), absDirection.WEST: None}
mazeAsGraph[1][20][17] = {absDirection.NORTH: (17, 19, 1, 30), absDirection.EAST: (18, 20, 1, 30), absDirection.SOUTH: None, absDirection.WEST: None}
mazeAsGraph[1][20][18] = {absDirection.NORTH: (18, 19, 1, 30), absDirection.EAST: (19, 20, 1, 30), absDirection.SOUTH: None, absDirection.WEST: (17, 20, 1, 30)}
mazeAsGraph[1][20][19] = {absDirection.NORTH: (19, 19, 1, 30), absDirection.EAST: None, absDirection.SOUTH: None, absDirection.WEST: (18, 20, 1, 30)}
2026-06-20 12:09:53,240 - mazeUtils.mazeMap - [mazeMap.py:61] - INFO - next goal: (21, 17, 1)
2026-06-20 12:09:53,248 - mazeUtils.moveTile - [moveTile.py:79] - DEBUG - Moving to absDirection.NORTH from (21, 18, 1) facing absDirection.EAST
2026-06-20 12:09:53,254 - mazeUtils.moveTile - [moveTile.py:79] - DEBUG - Turning to 0 deg, current heading: 269.48 deg, turnAngle: -90.51999999999998 deg
2026-06-20 12:09:53,280 - mazeUtils.moveTile - [moveTile.py:79] - DEBUG - gyro:269.48 deg, derivative: 0.0, turnSpeed: -100
2026-06-20 12:09:53,314 - mazeUtils.moveTile - [moveTile.py:79] - DEBUG - gyro:269.48 deg, derivative: 0.0, turnSpeed: -100
2026-06-20 12:09:53,336 - mazeUtils.moveTile - [moveTile.py:79] - DEBUG - gyro:269.36 deg, derivative: -0.12000000000000455, turnSpeed: -100
2026-06-20 12:09:53,359 - mazeUtils.moveTile - [moveTile.py:79] - DEBUG - gyro:269.48 deg, derivative: 0.12000000000000455, turnSpeed: -100
2026-06-20 12:09:53,384 - mazeUtils.moveTile - [moveTile.py:79] - DEBUG - gyro:270.37 deg, derivative: 0.8899999999999864, turnSpeed: -100
2026-06-20 12:09:53,413 - mazeUtils.moveTile - [moveTile.py:79] - DEBUG - gyro:272.25 deg, derivative: 1.8799999999999955, turnSpeed: -100
2026-06-20 12:09:53,437 - mazeUtils.moveTile - [moveTile.py:79] - DEBUG - gyro:273.57 deg, derivative: 1.3199999999999932, turnSpeed: -100
2026-06-20 12:09:53,460 - mazeUtils.moveTile - [moveTile.py:79] - DEBUG - gyro:275.75 deg, derivative: 2.180000000000007, turnSpeed: -100
2026-06-20 12:09:53,488 - mazeUtils.moveTile - [moveTile.py:79] - DEBUG - gyro:278.24 deg, derivative: 2.490000000000009, turnSpeed: -100
2026-06-20 12:09:53,520 - mazeUtils.moveTile - [moveTile.py:79] - DEBUG - gyro:279.95 deg, derivative: 1.7099999999999795, turnSpeed: -100
2026-06-20 12:09:53,544 - mazeUtils.moveTile - [moveTile.py:79] - DEBUG - gyro:282.91 deg, derivative: 2.9600000000000364, turnSpeed: -100
2026-06-20 12:09:53,578 - mazeUtils.moveTile - [moveTile.py:79] - DEBUG - gyro:286.02000000000004 deg, derivative: 3.1100000000000136, turnSpeed: -100
2026-06-20 12:09:53,607 - mazeUtils.moveTile - [moveTile.py:79] - DEBUG - gyro:289.07 deg, derivative: 3.0499999999999545, turnSpeed: -100
2026-06-20 12:09:53,630 - mazeUtils.moveTile - [moveTile.py:79] - DEBUG - gyro:291.84000000000003 deg, derivative: 2.7700000000000387, turnSpeed: -100
2026-06-20 12:09:53,655 - mazeUtils.moveTile - [moveTile.py:79] - DEBUG - gyro:293.87 deg, derivative: 2.0299999999999727, turnSpeed: -100
2026-06-20 12:09:53,685 - mazeUtils.moveTile - [moveTile.py:79] - DEBUG - gyro:296.79 deg, derivative: 2.920000000000016, turnSpeed: -100
2026-06-20 12:09:53,708 - mazeUtils.moveTile - [moveTile.py:79] - DEBUG - gyro:300.2 deg, derivative: 3.409999999999968, turnSpeed: -100
2026-06-20 12:09:53,731 - mazeUtils.moveTile - [moveTile.py:79] - DEBUG - gyro:303.18 deg, derivative: 2.980000000000018, turnSpeed: -100
2026-06-20 12:09:53,754 - mazeUtils.moveTile - [moveTile.py:79] - DEBUG - gyro:305.12 deg, derivative: 1.9399999999999977, turnSpeed: -100
2026-06-20 12:09:53,780 - mazeUtils.moveTile - [moveTile.py:79] - DEBUG - gyro:307.33 deg, derivative: 2.2099999999999795, turnSpeed: -100
2026-06-20 12:09:53,804 - mazeUtils.moveTile - [moveTile.py:79] - DEBUG - gyro:311.51 deg, derivative: 4.180000000000007, turnSpeed: -96.98000000000002
2026-06-20 12:09:53,832 - mazeUtils.moveTile - [moveTile.py:79] - DEBUG - gyro:314.12 deg, derivative: 2.6100000000000136, turnSpeed: -91.75999999999999
2026-06-20 12:09:53,857 - mazeUtils.moveTile - [moveTile.py:79] - DEBUG - gyro:317.38 deg, derivative: 3.259999999999991, turnSpeed: -85.24000000000001
2026-06-20 12:09:53,881 - mazeUtils.moveTile - [moveTile.py:79] - DEBUG - gyro:320.85 deg, derivative: 3.4700000000000273, turnSpeed: -78.29999999999995
2026-06-20 12:09:53,906 - mazeUtils.moveTile - [moveTile.py:79] - DEBUG - gyro:324.72 deg, derivative: 3.8700000000000045, turnSpeed: -70.55999999999995
2026-06-20 12:09:53,930 - mazeUtils.moveTile - [moveTile.py:79] - DEBUG - gyro:327.25 deg, derivative: 2.5299999999999727, turnSpeed: -65.5
2026-06-20 12:09:53,955 - mazeUtils.moveTile - [moveTile.py:79] - DEBUG - gyro:330.23 deg, derivative: 2.980000000000018, turnSpeed: -59.539999999999964
2026-06-20 12:09:53,986 - mazeUtils.moveTile - [moveTile.py:79] - DEBUG - gyro:332.75 deg, derivative: 2.519999999999982, turnSpeed: -54.5
2026-06-20 12:09:54,011 - mazeUtils.moveTile - [moveTile.py:79] - DEBUG - gyro:334.73 deg, derivative: 1.9800000000000182, turnSpeed: -50.539999999999964
2026-06-20 12:09:54,034 - mazeUtils.moveTile - [moveTile.py:79] - DEBUG - gyro:337.46000000000004 deg, derivative: 2.730000000000018, turnSpeed: -45.07999999999993
2026-06-20 12:09:54,057 - mazeUtils.moveTile - [moveTile.py:79] - DEBUG - gyro:339.53000000000003 deg, derivative: 2.069999999999993, turnSpeed: -40.93999999999994
2026-06-20 12:09:54,085 - mazeUtils.moveTile - [moveTile.py:79] - DEBUG - gyro:342.03000000000003 deg, derivative: 2.5, turnSpeed: -35.93999999999994
2026-06-20 12:09:54,110 - mazeUtils.moveTile - [moveTile.py:79] - DEBUG - gyro:343.54 deg, derivative: 1.509999999999991, turnSpeed: -32.91999999999996
2026-06-20 12:09:54,137 - mazeUtils.moveTile - [moveTile.py:79] - DEBUG - gyro:345.25 deg, derivative: 1.7099999999999795, turnSpeed: -29.5
2026-06-20 12:09:54,161 - mazeUtils.moveTile - [moveTile.py:79] - DEBUG - gyro:346.84000000000003 deg, derivative: 1.5900000000000318, turnSpeed: -26.319999999999936
2026-06-20 12:09:54,184 - mazeUtils.moveTile - [moveTile.py:79] - DEBUG - gyro:347.94 deg, derivative: 1.099999999999966, turnSpeed: -24.120000000000005
2026-06-20 12:09:54,209 - mazeUtils.moveTile - [moveTile.py:79] - DEBUG - gyro:349.01 deg, derivative: 1.0699999999999932, turnSpeed: -21.980000000000018
2026-06-20 12:09:54,233 - mazeUtils.moveTile - [moveTile.py:79] - DEBUG - gyro:349.95 deg, derivative: 0.9399999999999977, turnSpeed: -20.100000000000023
2026-06-20 12:09:54,264 - mazeUtils.moveTile - [moveTile.py:79] - DEBUG - gyro:350.55 deg, derivative: 0.6000000000000227, turnSpeed: -18.899999999999977
2026-06-20 12:09:54,298 - mazeUtils.moveTile - [moveTile.py:79] - DEBUG - gyro:351.09000000000003 deg, derivative: 0.5400000000000205, turnSpeed: -17.819999999999936
2026-06-20 12:09:54,325 - mazeUtils.moveTile - [moveTile.py:79] - DEBUG - gyro:351.94 deg, derivative: 0.8499999999999659, turnSpeed: -16.120000000000005
2026-06-20 12:09:54,351 - mazeUtils.moveTile - [moveTile.py:79] - DEBUG - gyro:352.69 deg, derivative: 0.75, turnSpeed: -14.620000000000005
2026-06-20 12:09:54,376 - mazeUtils.moveTile - [moveTile.py:79] - DEBUG - gyro:353.5 deg, derivative: 0.8100000000000023, turnSpeed: -13.0
2026-06-20 12:09:54,404 - mazeUtils.moveTile - [moveTile.py:79] - DEBUG - gyro:354.41 deg, derivative: 0.910000000000025, turnSpeed: -11.17999999999995
2026-06-20 12:09:54,426 - mazeUtils.moveTile - [moveTile.py:79] - DEBUG - gyro:355.51 deg, derivative: 1.099999999999966, turnSpeed: -8.980000000000018
2026-06-20 12:09:54,454 - mazeUtils.moveTile - [moveTile.py:79] - DEBUG - gyro:356.19 deg, derivative: 0.6800000000000068, turnSpeed: -7.6200000000000045
2026-06-20 12:09:54,476 - mazeUtils.moveTile - [moveTile.py:79] - DEBUG - gyro:356.87 deg, derivative: 0.6800000000000068, turnSpeed: -6.259999999999991
2026-06-20 12:09:54,502 - mazeUtils.moveTile - [moveTile.py:79] - DEBUG - gyro:357.28000000000003 deg, derivative: 0.410000000000025, turnSpeed: -5.439999999999941
2026-06-20 12:09:54,526 - mazeUtils.moveTile - [moveTile.py:79] - DEBUG - gyro:357.51 deg, derivative: 0.22999999999996135, turnSpeed: -4.980000000000018
2026-06-20 12:09:54,550 - mazeUtils.moveTile - [moveTile.py:79] - DEBUG - gyro:357.67 deg, derivative: 0.160000000000025, turnSpeed: -4.659999999999968
2026-06-20 12:09:54,575 - mazeUtils.moveTile - [moveTile.py:79] - DEBUG - gyro:357.79 deg, derivative: 0.12000000000000455, turnSpeed: -4.419999999999959
2026-06-20 12:09:54,600 - mazeUtils.moveTile - [moveTile.py:79] - DEBUG - gyro:357.89 deg, derivative: 0.0999999999999659, turnSpeed: -4.220000000000027
2026-06-20 12:09:54,623 - mazeUtils.moveTile - [moveTile.py:79] - DEBUG - gyro:357.99 deg, derivative: 0.10000000000002274, turnSpeed: -4.019999999999982
2026-06-20 12:09:54,650 - mazeUtils.moveTile - [moveTile.py:79] - DEBUG - gyro:358.12 deg, derivative: 0.12999999999999545, turnSpeed: -3.759999999999991
2026-06-20 12:09:54,675 - mazeUtils.moveTile - [moveTile.py:79] - DEBUG - gyro:358.26 deg, derivative: 0.13999999999998636, turnSpeed: -3.480000000000018
2026-06-20 12:09:54,697 - mazeUtils.moveTile - [moveTile.py:79] - DEBUG - gyro:358.37 deg, derivative: 0.11000000000001364, turnSpeed: -3.259999999999991
2026-06-20 12:09:54,721 - mazeUtils.moveTile - [moveTile.py:79] - DEBUG - gyro:358.45 deg, derivative: 0.07999999999998408, turnSpeed: -3.1000000000000227
2026-06-20 12:09:54,747 - mazeUtils.moveTile - [moveTile.py:79] - DEBUG - gyro:358.52000000000004 deg, derivative: 0.07000000000005002, turnSpeed: -2.9599999999999227
2026-06-20 12:09:54,778 - mazeUtils.moveTile - [moveTile.py:79] - DEBUG - gyro:358.59000000000003 deg, derivative: 0.06999999999999318, turnSpeed: -2.8199999999999363
2026-06-20 12:09:54,802 - mazeUtils.moveTile - [moveTile.py:79] - DEBUG - gyro:358.71000000000004 deg, derivative: 0.12000000000000455, turnSpeed: -2.5799999999999272
2026-06-20 12:09:54,825 - mazeUtils.moveTile - [moveTile.py:79] - DEBUG - gyro:358.78000000000003 deg, derivative: 0.06999999999999318, turnSpeed: -2.439999999999941
2026-06-20 12:09:54,849 - mazeUtils.moveTile - [moveTile.py:79] - DEBUG - gyro:358.84000000000003 deg, derivative: 0.060000000000002274, turnSpeed: -2.3199999999999363
2026-06-20 12:09:54,879 - mazeUtils.moveTile - [moveTile.py:79] - DEBUG - gyro:358.90000000000003 deg, derivative: 0.060000000000002274, turnSpeed: -2.199999999999932
2026-06-20 12:09:54,902 - mazeUtils.moveTile - [moveTile.py:79] - DEBUG - gyro:359.01 deg, derivative: 0.1099999999999568, turnSpeed: -1.9800000000000182
2026-06-20 12:09:54,926 - mazeUtils.moveTile - [moveTile.py:79] - DEBUG - gyro:359.11 deg, derivative: 0.10000000000002274, turnSpeed: -1.7799999999999727
2026-06-20 12:09:54,956 - mazeUtils.moveTile - [moveTile.py:79] - DEBUG - gyro:359.16 deg, derivative: 0.05000000000001137, turnSpeed: -1.67999999999995
2026-06-20 12:09:54,980 - mazeUtils.moveTile - [moveTile.py:79] - DEBUG - gyro:359.2 deg, derivative: 0.03999999999996362, turnSpeed: -1.6000000000000227
2026-06-20 12:09:55,004 - mazeUtils.moveTile - [moveTile.py:79] - DEBUG - gyro:359.23 deg, derivative: 0.03000000000002956, turnSpeed: -1.5399999999999636
2026-06-20 12:09:55,024 - mazeUtils.moveTile - [moveTile.py:79] - DEBUG - Turned to heading: 359.23 deg
2026-06-20 12:09:55,236 - picamera2.picamera2 - [picamera2.py:1391] - DEBUG - Execute job: <picamera2.job.Job object at 0x7f94e25350>
2026-06-20 12:09:55,240 - mazeUtils.device.camera - [camera.py:39] - DEBUG - Average HSV: H=131.0, S=16.7, V=241.7
2026-06-20 12:09:55,269 - mazeUtils.moveTile - [moveTile.py:79] - DEBUG - roll: 1.5499999999999545 deg, practicalMoveTime: 0.04122131223167401 sec
2026-06-20 12:09:55,270 - mazeUtils.moveTile - [moveTile.py:1398] - DEBUG - moveTile loop time: 40.7 ms
2026-06-20 12:09:55,274 - picamera2.picamera2 - [picamera2.py:1391] - DEBUG - Execute job: <picamera2.job.Job object at 0x7f94e25350>
2026-06-20 12:09:55,277 - mazeUtils.device.camera - [camera.py:39] - DEBUG - Average HSV: H=132.8, S=16.7, V=241.9
2026-06-20 12:09:55,311 - mazeUtils.moveTile - [moveTile.py:79] - DEBUG - roll: 1.579999999999984 deg, practicalMoveTime: 0.08211981541768103 sec
2026-06-20 12:09:55,311 - mazeUtils.moveTile - [moveTile.py:1398] - DEBUG - moveTile loop time: 41.2 ms
2026-06-20 12:09:55,318 - picamera2.picamera2 - [picamera2.py:1391] - DEBUG - Execute job: <picamera2.job.Job object at 0x7f7b969810>
2026-06-20 12:09:55,321 - mazeUtils.device.camera - [camera.py:39] - DEBUG - Average HSV: H=125.6, S=16.9, V=242.7
2026-06-20 12:09:55,347 - mazeUtils.moveTile - [moveTile.py:79] - DEBUG - roll: 1.2099999999999795 deg, practicalMoveTime: 0.1180831973881574 sec
2026-06-20 12:09:55,348 - mazeUtils.moveTile - [moveTile.py:1398] - DEBUG - moveTile loop time: 36.0 ms
2026-06-20 12:09:55,353 - picamera2.picamera2 - [picamera2.py:1391] - DEBUG - Execute job: <picamera2.job.Job object at 0x7f94e264d0>
2026-06-20 12:09:55,356 - mazeUtils.device.camera - [camera.py:39] - DEBUG - Average HSV: H=128.3, S=17.6, V=239.8
2026-06-20 12:09:55,381 - mazeUtils.moveTile - [moveTile.py:79] - DEBUG - roll: 2.4399999999999977 deg, practicalMoveTime: 0.15087390395810604 sec
2026-06-20 12:09:55,381 - mazeUtils.moveTile - [moveTile.py:1398] - DEBUG - moveTile loop time: 33.2 ms
2026-06-20 12:09:55,388 - picamera2.picamera2 - [picamera2.py:1391] - DEBUG - Execute job: <picamera2.job.Job object at 0x7f94e25350>
2026-06-20 12:09:55,391 - mazeUtils.device.camera - [camera.py:39] - DEBUG - Average HSV: H=128.2, S=17.9, V=239.9
2026-06-20 12:09:55,420 - mazeUtils.moveTile - [moveTile.py:79] - DEBUG - roll: 0.3100000000000023 deg, practicalMoveTime: 0.18927423033377275 sec
2026-06-20 12:09:55,420 - mazeUtils.moveTile - [moveTile.py:1398] - DEBUG - moveTile loop time: 38.6 ms
2026-06-20 12:09:55,425 - picamera2.picamera2 - [picamera2.py:1391] - DEBUG - Execute job: <picamera2.job.Job object at 0x7f8d890fd0>
2026-06-20 12:09:55,428 - mazeUtils.device.camera - [camera.py:39] - DEBUG - Average HSV: H=125.3, S=18.9, V=237.0
2026-06-20 12:09:55,456 - mazeUtils.moveTile - [moveTile.py:79] - DEBUG - roll: 3.609999999999957 deg, practicalMoveTime: 0.22459747746342554 sec
2026-06-20 12:09:55,456 - mazeUtils.moveTile - [moveTile.py:1398] - DEBUG - moveTile loop time: 35.8 ms
2026-06-20 12:09:55,460 - picamera2.picamera2 - [picamera2.py:1391] - DEBUG - Execute job: <picamera2.job.Job object at 0x7f94e264d0>
2026-06-20 12:09:55,464 - mazeUtils.device.camera - [camera.py:39] - DEBUG - Average HSV: H=171.2, S=17.3, V=234.6
2026-06-20 12:09:55,491 - mazeUtils.moveTile - [moveTile.py:79] - DEBUG - roll: 3.769999999999982 deg, practicalMoveTime: 0.25920660323405986 sec
2026-06-20 12:09:55,491 - mazeUtils.moveTile - [moveTile.py:1398] - DEBUG - moveTile loop time: 34.9 ms
2026-06-20 12:09:55,495 - picamera2.picamera2 - [picamera2.py:1391] - DEBUG - Execute job: <picamera2.job.Job object at 0x7f8d8932d0>
2026-06-20 12:09:55,499 - mazeUtils.device.camera - [camera.py:39] - DEBUG - Average HSV: H=170.2, S=17.9, V=233.6
2026-06-20 12:09:55,526 - mazeUtils.moveTile - [moveTile.py:79] - DEBUG - roll: 4.159999999999968 deg, practicalMoveTime: 0.29356969869980326 sec
2026-06-20 12:09:55,526 - mazeUtils.moveTile - [moveTile.py:1398] - DEBUG - moveTile loop time: 34.7 ms
2026-06-20 12:09:55,533 - picamera2.picamera2 - [picamera2.py:1391] - DEBUG - Execute job: <picamera2.job.Job object at 0x7f6972e110>
2026-06-20 12:09:55,536 - mazeUtils.device.camera - [camera.py:39] - DEBUG - Average HSV: H=170.8, S=17.7, V=233.9
2026-06-20 12:09:55,565 - mazeUtils.moveTile - [moveTile.py:79] - DEBUG - roll: 3.8799999999999955 deg, practicalMoveTime: 0.331648742477171 sec
2026-06-20 12:09:55,565 - mazeUtils.moveTile - [moveTile.py:1398] - DEBUG - moveTile loop time: 38.5 ms
2026-06-20 12:09:55,569 - picamera2.picamera2 - [picamera2.py:1391] - DEBUG - Execute job: <picamera2.job.Job object at 0x7f7b9695d0>
2026-06-20 12:09:55,572 - mazeUtils.device.camera - [camera.py:39] - DEBUG - Average HSV: H=170.7, S=18.1, V=233.6
2026-06-20 12:09:55,600 - mazeUtils.moveTile - [moveTile.py:79] - DEBUG - roll: 4.3700000000000045 deg, practicalMoveTime: 0.36599626569580884 sec
2026-06-20 12:09:55,600 - mazeUtils.moveTile - [moveTile.py:1398] - DEBUG - moveTile loop time: 34.7 ms
2026-06-20 12:09:55,607 - picamera2.picamera2 - [picamera2.py:1391] - DEBUG - Execute job: <picamera2.job.Job object at 0x7f8d8932d0>
2026-06-20 12:09:55,610 - mazeUtils.device.camera - [camera.py:39] - DEBUG - Average HSV: H=169.8, S=18.0, V=231.1
2026-06-20 12:09:55,647 - mazeUtils.moveTile - [moveTile.py:79] - DEBUG - roll: 4.339999999999975 deg, practicalMoveTime: 0.413111286272262 sec
2026-06-20 12:09:55,648 - mazeUtils.moveTile - [moveTile.py:1398] - DEBUG - moveTile loop time: 47.5 ms
2026-06-20 12:09:55,654 - picamera2.picamera2 - [picamera2.py:1391] - DEBUG - Execute job: <picamera2.job.Job object at 0x7f8091d110>
2026-06-20 12:09:55,657 - mazeUtils.device.camera - [camera.py:39] - DEBUG - Average HSV: H=170.6, S=18.7, V=229.7
2026-06-20 12:09:55,684 - mazeUtils.moveTile - [moveTile.py:79] - DEBUG - roll: 3.609999999999957 deg, practicalMoveTime: 0.4495057640340944 sec
2026-06-20 12:09:55,685 - mazeUtils.moveTile - [moveTile.py:1398] - DEBUG - moveTile loop time: 36.6 ms
2026-06-20 12:09:55,690 - picamera2.picamera2 - [picamera2.py:1391] - DEBUG - Execute job: <picamera2.job.Job object at 0x7f8d890fd0>
2026-06-20 12:09:55,696 - mazeUtils.device.camera - [camera.py:39] - DEBUG - Average HSV: H=170.7, S=19.3, V=226.8
2026-06-20 12:09:55,727 - mazeUtils.moveTile - [moveTile.py:79] - DEBUG - roll: 4.319999999999993 deg, practicalMoveTime: 0.4912350518514162 sec
2026-06-20 12:09:55,727 - mazeUtils.moveTile - [moveTile.py:1398] - DEBUG - moveTile loop time: 42.3 ms
2026-06-20 12:09:55,733 - picamera2.picamera2 - [picamera2.py:1391] - DEBUG - Execute job: <picamera2.job.Job object at 0x7f8acf6690>
2026-06-20 12:09:55,736 - mazeUtils.device.camera - [camera.py:39] - DEBUG - Average HSV: H=169.0, S=20.5, V=219.2
2026-06-20 12:09:55,768 - mazeUtils.moveTile - [moveTile.py:79] - DEBUG - roll: 4.810000000000002 deg, practicalMoveTime: 0.5320028828119772 sec
2026-06-20 12:09:55,769 - mazeUtils.moveTile - [moveTile.py:1398] - DEBUG - moveTile loop time: 41.1 ms
2026-06-20 12:09:55,779 - picamera2.picamera2 - [picamera2.py:1391] - DEBUG - Execute job: <picamera2.job.Job object at 0x7f7b9699d0>
2026-06-20 12:09:55,783 - mazeUtils.device.camera - [camera.py:39] - DEBUG - Average HSV: H=172.1, S=21.4, V=221.5
2026-06-20 12:09:55,810 - mazeUtils.moveTile - [moveTile.py:79] - DEBUG - roll: 4.319999999999993 deg, practicalMoveTime: 0.5736477725004098 sec
2026-06-20 12:09:55,811 - mazeUtils.moveTile - [moveTile.py:1398] - DEBUG - moveTile loop time: 42.2 ms
2026-06-20 12:09:55,816 - picamera2.picamera2 - [picamera2.py:1391] - DEBUG - Execute job: <picamera2.job.Job object at 0x7f7b9699d0>
2026-06-20 12:09:55,819 - mazeUtils.device.camera - [camera.py:39] - DEBUG - Average HSV: H=171.0, S=20.7, V=221.7
2026-06-20 12:09:55,846 - mazeUtils.moveTile - [moveTile.py:79] - DEBUG - roll: 3.4699999999999704 deg, practicalMoveTime: 0.6087064885405005 sec
2026-06-20 12:09:55,847 - mazeUtils.moveTile - [moveTile.py:1398] - DEBUG - moveTile loop time: 35.4 ms
2026-06-20 12:09:55,853 - picamera2.picamera2 - [picamera2.py:1391] - DEBUG - Execute job: <picamera2.job.Job object at 0x7f8acf6690>
2026-06-20 12:09:55,856 - mazeUtils.device.camera - [camera.py:39] - DEBUG - Average HSV: H=170.5, S=21.0, V=219.6
2026-06-20 12:09:55,886 - mazeUtils.moveTile - [moveTile.py:79] - DEBUG - roll: 2.359999999999957 deg, practicalMoveTime: 0.6477684922024879 sec
2026-06-20 12:09:55,886 - mazeUtils.moveTile - [moveTile.py:1398] - DEBUG - moveTile loop time: 39.3 ms
2026-06-20 12:09:55,890 - picamera2.picamera2 - [picamera2.py:1391] - DEBUG - Execute job: <picamera2.job.Job object at 0x7f94e25350>
2026-06-20 12:09:55,893 - mazeUtils.device.camera - [camera.py:39] - DEBUG - Average HSV: H=169.0, S=21.0, V=217.3
2026-06-20 12:09:55,921 - mazeUtils.moveTile - [moveTile.py:79] - DEBUG - roll: 2.3999999999999773 deg, practicalMoveTime: 0.682182849003333 sec
2026-06-20 12:09:55,921 - mazeUtils.moveTile - [moveTile.py:1398] - DEBUG - moveTile loop time: 34.8 ms
2026-06-20 12:09:55,929 - picamera2.picamera2 - [picamera2.py:1391] - DEBUG - Execute job: <picamera2.job.Job object at 0x7f94e25350>
2026-06-20 12:09:55,932 - mazeUtils.device.camera - [camera.py:39] - DEBUG - Average HSV: H=166.7, S=22.6, V=214.1
2026-06-20 12:09:55,959 - mazeUtils.moveTile - [moveTile.py:79] - DEBUG - roll: 2.9799999999999613 deg, practicalMoveTime: 0.7198034733592984 sec
2026-06-20 12:09:55,959 - mazeUtils.moveTile - [moveTile.py:1398] - DEBUG - moveTile loop time: 38.1 ms
2026-06-20 12:09:55,966 - picamera2.picamera2 - [picamera2.py:1391] - DEBUG - Execute job: <picamera2.job.Job object at 0x7f8d8932d0>
2026-06-20 12:09:55,969 - mazeUtils.device.camera - [camera.py:39] - DEBUG - Average HSV: H=166.1, S=24.2, V=210.2
2026-06-20 12:09:55,996 - mazeUtils.moveTile - [moveTile.py:79] - DEBUG - roll: 2.409999999999968 deg, practicalMoveTime: 0.7562621145751222 sec
2026-06-20 12:09:55,996 - mazeUtils.moveTile - [moveTile.py:1398] - DEBUG - moveTile loop time: 36.8 ms
2026-06-20 12:09:56,003 - picamera2.picamera2 - [picamera2.py:1391] - DEBUG - Execute job: <picamera2.job.Job object at 0x7f8d8932d0>
2026-06-20 12:09:56,006 - mazeUtils.device.camera - [camera.py:39] - DEBUG - Average HSV: H=164.8, S=25.2, V=207.5
2026-06-20 12:09:56,037 - mazeUtils.moveTile - [moveTile.py:79] - DEBUG - roll: 2.0399999999999636 deg, practicalMoveTime: 0.7965569566985307 sec
2026-06-20 12:09:56,037 - mazeUtils.moveTile - [moveTile.py:1398] - DEBUG - moveTile loop time: 40.5 ms
2026-06-20 12:09:56,043 - picamera2.picamera2 - [picamera2.py:1391] - DEBUG - Execute job: <picamera2.job.Job object at 0x7f7b96b8d0>
2026-06-20 12:09:56,046 - mazeUtils.device.camera - [camera.py:39] - DEBUG - Average HSV: H=163.4, S=23.9, V=206.9
2026-06-20 12:09:56,077 - mazeUtils.moveTile - [moveTile.py:79] - DEBUG - roll: 2.769999999999982 deg, practicalMoveTime: 0.8365404255010721 sec
2026-06-20 12:09:56,078 - mazeUtils.moveTile - [moveTile.py:1398] - DEBUG - moveTile loop time: 40.3 ms
2026-06-20 12:09:56,082 - picamera2.picamera2 - [picamera2.py:1391] - DEBUG - Execute job: <picamera2.job.Job object at 0x7f94e25350>
2026-06-20 12:09:56,085 - mazeUtils.device.camera - [camera.py:39] - DEBUG - Average HSV: H=162.6, S=24.9, V=202.1
2026-06-20 12:09:56,113 - mazeUtils.moveTile - [moveTile.py:1344] - INFO - practicalVerticalMove: 1.6674520321162456 CM
2026-06-20 12:09:56,161 - mazeUtils.moveTile - [moveTile.py:1603] - INFO - Set moved vertical distance: 1.6674520321162456 cm, past distances: [(1.424924855605086, False), (1.3892367463200743, False), (0.9691173454292265, False)]
2026-06-20 12:09:56,222 - mazeUtils.moveTile - [moveTile.py:528] - DEBUG - Direction: absDirection.NORTH, Angle: 0, Distance: 73.26422771859579 cm
2026-06-20 12:09:56,222 - mazeUtils.moveTile - [moveTile.py:551] - DEBUG - Front LiDAR distance: 73.26422771859579 cm, TSD10 distance: 62.7 cm
2026-06-20 12:09:56,223 - mazeUtils.moveTile - [moveTile.py:528] - DEBUG - Direction: absDirection.EAST, Angle: 270, Distance: 17.517586828902832 cm
2026-06-20 12:09:56,224 - mazeUtils.moveTile - [moveTile.py:528] - DEBUG - Direction: absDirection.SOUTH, Angle: 180, Distance: 111.98077528929922 cm
2026-06-20 12:09:56,225 - mazeUtils.moveTile - [moveTile.py:528] - DEBUG - Direction: absDirection.WEST, Angle: 90, Distance: 108.22450969480276 cm
2026-06-20 12:09:56,226 - mazeUtils.moveTile - [moveTile.py:1724] - INFO - Tile color detection counts: {}, decided tile type: E
2026-06-20 12:09:56,301 - __main__ - [main.py:87] - INFO - Current position: (21, 17, 1), front direction: absDirection.NORTH
Layer 0 (altitude=0.0cm, offset=(0.0cm, 0.0cm)):
Known map area: x=18..20, y=15..20
+   +---+   +
  U   E   B  
+---+   +---+
| E   E   E |
+---+   +   +
  U   U | E |
+   +   +   +
  U   U | E |
+   +   +   +
  U   U   E |
+   +   +   +
  U   U | S |
+   +   +---+
Layer 1 (altitude=15.0cm, offset=(-60.0cm, 0.0cm)):
Known map area: x=17..21, y=15..20
+   +   +---+   +   +
  U   U | E   U   U  
+   +   +   +   +   +
  U   U | E | U   U  
+   +   +   +   +   +
  U   U   E   U   @ |
+   +   +   +   +   +
  U   U   E   E   E |
+---+---+   +   +   +
| E   E | E | U   U  
+   +   +   +   +   +
| E   E   E | U   U  
+---+---+---+   +   +
mazeAsGraph[0][15][19] = {absDirection.NORTH: None, absDirection.EAST: None, absDirection.SOUTH: (19, 16, 0, 30), absDirection.WEST: (19, 15, 1, 60)}
mazeAsGraph[0][15][20] = {absDirection.NORTH: None, absDirection.EAST: None, absDirection.SOUTH: None, absDirection.WEST: None}
mazeAsGraph[0][16][18] = {absDirection.NORTH: None, absDirection.EAST: (19, 16, 0, 30), absDirection.SOUTH: None, absDirection.WEST: None}
mazeAsGraph[0][16][19] = {absDirection.NORTH: (19, 15, 0, 30), absDirection.EAST: (20, 16, 0, 30), absDirection.SOUTH: (19, 17, 0, 30), absDirection.WEST: (18, 16, 0, 30)}
mazeAsGraph[0][16][20] = {absDirection.NORTH: None, absDirection.EAST: None, absDirection.SOUTH: (20, 17, 0, 30), absDirection.WEST: (19, 16, 0, 30)}
mazeAsGraph[0][17][20] = {absDirection.NORTH: (20, 16, 0, 30), absDirection.EAST: None, absDirection.SOUTH: (20, 18, 0, 30), absDirection.WEST: None}
mazeAsGraph[0][18][20] = {absDirection.NORTH: (20, 17, 0, 30), absDirection.EAST: None, absDirection.SOUTH: (20, 19, 0, 30), absDirection.WEST: None}
mazeAsGraph[0][19][20] = {absDirection.NORTH: (20, 18, 0, 30), absDirection.EAST: None, absDirection.SOUTH: (20, 20, 0, 30), absDirection.WEST: (19, 19, 0, 30)}
mazeAsGraph[0][20][20] = {absDirection.NORTH: (20, 19, 0, 30), absDirection.EAST: None, absDirection.SOUTH: None, absDirection.WEST: None}
mazeAsGraph[1][15][19] = {absDirection.NORTH: None, absDirection.EAST: (19, 15, 0, 60), absDirection.SOUTH: (19, 16, 1, 30), absDirection.WEST: None}
mazeAsGraph[1][16][19] = {absDirection.NORTH: (19, 15, 1, 30), absDirection.EAST: None, absDirection.SOUTH: (19, 17, 1, 30), absDirection.WEST: None}
mazeAsGraph[1][17][19] = {absDirection.NORTH: (19, 16, 1, 30), absDirection.EAST: (20, 17, 1, 30), absDirection.SOUTH: (19, 18, 1, 30), absDirection.WEST: (18, 17, 1, 30)}
mazeAsGraph[1][17][21] = {absDirection.NORTH: (21, 16, 1, 30), absDirection.EAST: None, absDirection.SOUTH: (21, 18, 1, 30), absDirection.WEST: (20, 17, 1, 30)}
mazeAsGraph[1][18][19] = {absDirection.NORTH: (19, 17, 1, 30), absDirection.EAST: (20, 18, 1, 30), absDirection.SOUTH: (19, 19, 1, 30), absDirection.WEST: (18, 18, 1, 30)}
mazeAsGraph[1][18][20] = {absDirection.NORTH: (20, 17, 1, 30), absDirection.EAST: (21, 18, 1, 30), absDirection.SOUTH: (20, 19, 1, 30), absDirection.WEST: (19, 18, 1, 30)}
mazeAsGraph[1][18][21] = {absDirection.NORTH: (21, 17, 1, 30), absDirection.EAST: None, absDirection.SOUTH: (21, 19, 1, 30), absDirection.WEST: (20, 18, 1, 30)}
mazeAsGraph[1][19][17] = {absDirection.NORTH: None, absDirection.EAST: (18, 19, 1, 30), absDirection.SOUTH: (17, 20, 1, 30), absDirection.WEST: None}
mazeAsGraph[1][19][18] = {absDirection.NORTH: None, absDirection.EAST: None, absDirection.SOUTH: (18, 20, 1, 30), absDirection.WEST: (17, 19, 1, 30)}
mazeAsGraph[1][19][19] = {absDirection.NORTH: (19, 18, 1, 30), absDirection.EAST: None, absDirection.SOUTH: (19, 20, 1, 30), absDirection.WEST: None}
mazeAsGraph[1][20][17] = {absDirection.NORTH: (17, 19, 1, 30), absDirection.EAST: (18, 20, 1, 30), absDirection.SOUTH: None, absDirection.WEST: None}
mazeAsGraph[1][20][18] = {absDirection.NORTH: (18, 19, 1, 30), absDirection.EAST: (19, 20, 1, 30), absDirection.SOUTH: None, absDirection.WEST: (17, 20, 1, 30)}
mazeAsGraph[1][20][19] = {absDirection.NORTH: (19, 19, 1, 30), absDirection.EAST: None, absDirection.SOUTH: None, absDirection.WEST: (18, 20, 1, 30)}
2026-06-20 12:09:56,307 - mazeUtils.mazeMap - [mazeMap.py:61] - INFO - next goal: (21, 16, 1)
2026-06-20 12:09:56,315 - mazeUtils.moveTile - [moveTile.py:79] - DEBUG - Moving to absDirection.NORTH from (21, 17, 1) facing absDirection.NORTH
2026-06-20 12:09:56,343 - mazeUtils.moveTile - [moveTile.py:79] - DEBUG - current heading: 2.0400000000000205 target: 0
2026-06-20 12:09:56,367 - mazeUtils.moveTile - [moveTile.py:403] - DEBUG - stopped turning at heading: 2.0400000000000205, diff: 2.0400000000000205
2026-06-20 12:09:56,647 - mazeUtils.moveTile - [moveTile.py:79] - DEBUG - Turned to heading: 0.7700000000000387 deg
2026-06-20 12:09:56,833 - picamera2.picamera2 - [picamera2.py:1391] - DEBUG - Execute job: <picamera2.job.Job object at 0x7f6976bad0>
2026-06-20 12:09:56,836 - mazeUtils.device.camera - [camera.py:39] - DEBUG - Average HSV: H=161.9, S=26.4, V=193.9
2026-06-20 12:09:56,867 - mazeUtils.moveTile - [moveTile.py:79] - DEBUG - roll: 1.75 deg, practicalMoveTime: 0.03892870181349069 sec
2026-06-20 12:09:56,867 - mazeUtils.moveTile - [moveTile.py:1398] - DEBUG - moveTile loop time: 39.1 ms
2026-06-20 12:09:56,871 - picamera2.picamera2 - [picamera2.py:1391] - DEBUG - Execute job: <picamera2.job.Job object at 0x7f6976bd50>
2026-06-20 12:09:56,874 - mazeUtils.device.camera - [camera.py:39] - DEBUG - Average HSV: H=161.6, S=26.4, V=194.3
2026-06-20 12:09:56,902 - mazeUtils.moveTile - [moveTile.py:79] - DEBUG - roll: 2.5299999999999727 deg, practicalMoveTime: 0.07333278995820708 sec
2026-06-20 12:09:56,902 - mazeUtils.moveTile - [moveTile.py:1398] - DEBUG - moveTile loop time: 34.7 ms
2026-06-20 12:09:56,913 - picamera2.picamera2 - [picamera2.py:1391] - DEBUG - Execute job: <picamera2.job.Job object at 0x7f69756850>
2026-06-20 12:09:56,917 - mazeUtils.device.camera - [camera.py:39] - DEBUG - Average HSV: H=162.4, S=25.9, V=198.1
2026-06-20 12:09:56,945 - mazeUtils.moveTile - [moveTile.py:79] - DEBUG - roll: 2.109999999999957 deg, practicalMoveTime: 0.11660143923282854 sec
2026-06-20 12:09:56,947 - mazeUtils.moveTile - [moveTile.py:1398] - DEBUG - moveTile loop time: 44.3 ms
2026-06-20 12:09:56,952 - picamera2.picamera2 - [picamera2.py:1391] - DEBUG - Execute job: <picamera2.job.Job object at 0x7f8ace8190>
2026-06-20 12:09:56,955 - mazeUtils.device.camera - [camera.py:39] - DEBUG - Average HSV: H=160.7, S=27.0, V=195.0
2026-06-20 12:09:56,980 - mazeUtils.moveTile - [moveTile.py:79] - DEBUG - roll: 2.319999999999993 deg, practicalMoveTime: 0.15021162929015744 sec
2026-06-20 12:09:56,981 - mazeUtils.moveTile - [moveTile.py:1398] - DEBUG - moveTile loop time: 33.7 ms
2026-06-20 12:09:56,985 - picamera2.picamera2 - [picamera2.py:1391] - DEBUG - Execute job: <picamera2.job.Job object at 0x7f8acf6690>
2026-06-20 12:09:56,988 - mazeUtils.device.camera - [camera.py:39] - DEBUG - Average HSV: H=159.3, S=27.8, V=191.7
2026-06-20 12:09:57,020 - mazeUtils.moveTile - [moveTile.py:79] - DEBUG - roll: 1.4099999999999682 deg, practicalMoveTime: 0.18962005949790073 sec
2026-06-20 12:09:57,021 - mazeUtils.moveTile - [moveTile.py:1398] - DEBUG - moveTile loop time: 39.8 ms
2026-06-20 12:09:57,027 - picamera2.picamera2 - [picamera2.py:1391] - DEBUG - Execute job: <picamera2.job.Job object at 0x7f8ace8190>
2026-06-20 12:09:57,031 - mazeUtils.device.camera - [camera.py:39] - DEBUG - Average HSV: H=160.6, S=28.3, V=192.4
2026-06-20 12:09:57,056 - mazeUtils.moveTile - [moveTile.py:79] - DEBUG - roll: 3.259999999999991 deg, practicalMoveTime: 0.22472489302224496 sec
2026-06-20 12:09:57,056 - mazeUtils.moveTile - [moveTile.py:1398] - DEBUG - moveTile loop time: 35.4 ms
2026-06-20 12:09:57,062 - picamera2.picamera2 - [picamera2.py:1391] - DEBUG - Execute job: <picamera2.job.Job object at 0x7f8ace8190>
2026-06-20 12:09:57,065 - mazeUtils.device.camera - [camera.py:39] - DEBUG - Average HSV: H=159.7, S=32.4, V=181.1
2026-06-20 12:09:57,094 - mazeUtils.moveTile - [moveTile.py:79] - DEBUG - roll: 1.0299999999999727 deg, practicalMoveTime: 0.26234841717192603 sec
2026-06-20 12:09:57,094 - mazeUtils.moveTile - [moveTile.py:1398] - DEBUG - moveTile loop time: 37.8 ms
2026-06-20 12:09:57,101 - picamera2.picamera2 - [picamera2.py:1391] - DEBUG - Execute job: <picamera2.job.Job object at 0x7f8ace80d0>
2026-06-20 12:09:57,105 - mazeUtils.device.camera - [camera.py:39] - DEBUG - Average HSV: H=158.6, S=31.4, V=179.4
2026-06-20 12:09:57,131 - mazeUtils.moveTile - [moveTile.py:79] - DEBUG - roll: 1.8799999999999955 deg, practicalMoveTime: 0.2991871359110782 sec
2026-06-20 12:09:57,132 - mazeUtils.moveTile - [moveTile.py:1398] - DEBUG - moveTile loop time: 37.2 ms
2026-06-20 12:09:57,137 - picamera2.picamera2 - [picamera2.py:1391] - DEBUG - Execute job: <picamera2.job.Job object at 0x7f69756710>
2026-06-20 12:09:57,140 - mazeUtils.device.camera - [camera.py:39] - DEBUG - Average HSV: H=159.9, S=34.0, V=177.1
2026-06-20 12:09:57,167 - mazeUtils.moveTile - [moveTile.py:79] - DEBUG - roll: 3.329999999999984 deg, practicalMoveTime: 0.3341140825276207 sec
2026-06-20 12:09:57,167 - mazeUtils.moveTile - [moveTile.py:1398] - DEBUG - moveTile loop time: 35.4 ms
2026-06-20 12:09:57,172 - picamera2.picamera2 - [picamera2.py:1391] - DEBUG - Execute job: <picamera2.job.Job object at 0x7f8ace8190>
2026-06-20 12:09:57,176 - mazeUtils.device.camera - [camera.py:39] - DEBUG - Average HSV: H=161.4, S=35.1, V=175.7
2026-06-20 12:09:57,203 - mazeUtils.moveTile - [moveTile.py:79] - DEBUG - roll: 1.5399999999999636 deg, practicalMoveTime: 0.36974716919616846 sec
2026-06-20 12:09:57,203 - mazeUtils.moveTile - [moveTile.py:1398] - DEBUG - moveTile loop time: 35.9 ms
2026-06-20 12:09:57,210 - picamera2.picamera2 - [picamera2.py:1391] - DEBUG - Execute job: <picamera2.job.Job object at 0x7f69756850>
2026-06-20 12:09:57,213 - mazeUtils.device.camera - [camera.py:39] - DEBUG - Average HSV: H=162.8, S=37.0, V=171.5
2026-06-20 12:09:57,243 - mazeUtils.moveTile - [moveTile.py:79] - DEBUG - roll: 1.2699999999999818 deg, practicalMoveTime: 0.4089938602350471 sec
2026-06-20 12:09:57,243 - mazeUtils.moveTile - [moveTile.py:1398] - DEBUG - moveTile loop time: 39.7 ms
2026-06-20 12:09:57,249 - picamera2.picamera2 - [picamera2.py:1391] - DEBUG - Execute job: <picamera2.job.Job object at 0x7f8ace8190>
2026-06-20 12:09:57,253 - mazeUtils.device.camera - [camera.py:39] - DEBUG - Average HSV: H=162.6, S=38.1, V=165.8
2026-06-20 12:09:57,282 - mazeUtils.moveTile - [moveTile.py:79] - DEBUG - roll: 3.349999999999966 deg, practicalMoveTime: 0.44719893722165455 sec
2026-06-20 12:09:57,282 - mazeUtils.moveTile - [moveTile.py:1398] - DEBUG - moveTile loop time: 38.5 ms
2026-06-20 12:09:57,287 - picamera2.picamera2 - [picamera2.py:1391] - DEBUG - Execute job: <picamera2.job.Job object at 0x7f69756890>
2026-06-20 12:09:57,291 - mazeUtils.device.camera - [camera.py:39] - DEBUG - Average HSV: H=158.6, S=37.0, V=165.8
2026-06-20 12:09:57,322 - mazeUtils.moveTile - [moveTile.py:79] - DEBUG - roll: 2.7099999999999795 deg, practicalMoveTime: 0.4871203470665995 sec
2026-06-20 12:09:57,323 - mazeUtils.moveTile - [moveTile.py:1398] - DEBUG - moveTile loop time: 40.3 ms
2026-06-20 12:09:57,329 - picamera2.picamera2 - [picamera2.py:1391] - DEBUG - Execute job: <picamera2.job.Job object at 0x7f8ace8110>
2026-06-20 12:09:57,332 - mazeUtils.device.camera - [camera.py:39] - DEBUG - Average HSV: H=158.6, S=40.2, V=158.0
2026-06-20 12:09:57,366 - mazeUtils.moveTile - [moveTile.py:79] - DEBUG - roll: 2.5399999999999636 deg, practicalMoveTime: 0.5303846267816399 sec
2026-06-20 12:09:57,366 - mazeUtils.moveTile - [moveTile.py:1398] - DEBUG - moveTile loop time: 43.5 ms
2026-06-20 12:09:57,376 - picamera2.picamera2 - [picamera2.py:1391] - DEBUG - Execute job: <picamera2.job.Job object at 0x7f6976b8d0>
2026-06-20 12:09:57,379 - mazeUtils.device.camera - [camera.py:39] - DEBUG - Average HSV: H=152.9, S=39.8, V=155.4
2026-06-20 12:09:57,410 - mazeUtils.moveTile - [moveTile.py:79] - DEBUG - roll: 3.4799999999999613 deg, practicalMoveTime: 0.5733759994398852 sec
2026-06-20 12:09:57,410 - mazeUtils.moveTile - [moveTile.py:1398] - DEBUG - moveTile loop time: 43.4 ms
2026-06-20 12:09:57,416 - picamera2.picamera2 - [picamera2.py:1391] - DEBUG - Execute job: <picamera2.job.Job object at 0x7f8ace8190>
2026-06-20 12:09:57,419 - mazeUtils.device.camera - [camera.py:39] - DEBUG - Average HSV: H=152.8, S=41.6, V=152.3
2026-06-20 12:09:57,447 - mazeUtils.moveTile - [moveTile.py:79] - DEBUG - roll: 3.089999999999975 deg, practicalMoveTime: 0.6102821497770738 sec
2026-06-20 12:09:57,448 - mazeUtils.moveTile - [moveTile.py:1398] - DEBUG - moveTile loop time: 37.3 ms
2026-06-20 12:09:57,454 - picamera2.picamera2 - [picamera2.py:1391] - DEBUG - Execute job: <picamera2.job.Job object at 0x7f69756710>
2026-06-20 12:09:57,457 - mazeUtils.device.camera - [camera.py:39] - DEBUG - Average HSV: H=153.7, S=41.6, V=151.4
2026-06-20 12:09:57,490 - mazeUtils.moveTile - [moveTile.py:79] - DEBUG - roll: 2.17999999999995 deg, practicalMoveTime: 0.6526341926471959 sec
2026-06-20 12:09:57,491 - mazeUtils.moveTile - [moveTile.py:1398] - DEBUG - moveTile loop time: 43.0 ms
2026-06-20 12:09:57,497 - picamera2.picamera2 - [picamera2.py:1391] - DEBUG - Execute job: <picamera2.job.Job object at 0x7f8ace8190>
2026-06-20 12:09:57,500 - mazeUtils.device.camera - [camera.py:39] - DEBUG - Average HSV: H=152.7, S=41.9, V=147.7
2026-06-20 12:09:57,532 - mazeUtils.moveTile - [moveTile.py:79] - DEBUG - roll: 3.1299999999999955 deg, practicalMoveTime: 0.6937140904237942 sec
2026-06-20 12:09:57,532 - mazeUtils.moveTile - [moveTile.py:1398] - DEBUG - moveTile loop time: 41.3 ms
2026-06-20 12:09:57,537 - picamera2.picamera2 - [picamera2.py:1391] - DEBUG - Execute job: <picamera2.job.Job object at 0x7f69756850>
2026-06-20 12:09:57,541 - mazeUtils.device.camera - [camera.py:39] - DEBUG - Average HSV: H=152.6, S=42.9, V=145.3
2026-06-20 12:09:57,568 - mazeUtils.moveTile - [moveTile.py:79] - DEBUG - roll: 2.2199999999999704 deg, practicalMoveTime: 0.7293278187987786 sec
2026-06-20 12:09:57,569 - mazeUtils.moveTile - [moveTile.py:1398] - DEBUG - moveTile loop time: 35.9 ms
2026-06-20 12:09:57,579 - picamera2.picamera2 - [picamera2.py:1391] - DEBUG - Execute job: <picamera2.job.Job object at 0x7f8acf6690>
2026-06-20 12:09:57,582 - mazeUtils.device.camera - [camera.py:39] - DEBUG - Average HSV: H=155.5, S=42.2, V=142.4
2026-06-20 12:09:57,613 - mazeUtils.moveTile - [moveTile.py:79] - DEBUG - roll: 2.009999999999991 deg, practicalMoveTime: 0.7733125705130005 sec
2026-06-20 12:09:57,613 - mazeUtils.moveTile - [moveTile.py:1398] - DEBUG - moveTile loop time: 44.2 ms
2026-06-20 12:09:57,618 - picamera2.picamera2 - [picamera2.py:1391] - DEBUG - Execute job: <picamera2.job.Job object at 0x7f8ace8110>
2026-06-20 12:09:57,621 - mazeUtils.device.camera - [camera.py:39] - DEBUG - Average HSV: H=155.0, S=45.3, V=137.6
2026-06-20 12:09:57,648 - mazeUtils.moveTile - [moveTile.py:79] - DEBUG - roll: 2.4399999999999977 deg, practicalMoveTime: 0.8077392512853072 sec
2026-06-20 12:09:57,648 - mazeUtils.moveTile - [moveTile.py:1398] - DEBUG - moveTile loop time: 35.0 ms
2026-06-20 12:09:57,653 - picamera2.picamera2 - [picamera2.py:1391] - DEBUG - Execute job: <picamera2.job.Job object at 0x7f69756710>
2026-06-20 12:09:57,657 - mazeUtils.device.camera - [camera.py:39] - DEBUG - Average HSV: H=151.4, S=45.4, V=135.1
2026-06-20 12:09:57,684 - mazeUtils.moveTile - [moveTile.py:1344] - INFO - practicalVerticalMove: 1.2480950303372311 CM
2026-06-20 12:09:57,729 - mazeUtils.moveTile - [moveTile.py:1603] - INFO - Set moved vertical distance: 1.2480950303372311 cm, past distances: [(1.6674520321162456, False), (1.424924855605086, False), (1.3892367463200743, False)]
2026-06-20 12:09:57,821 - mazeUtils.moveTile - [moveTile.py:528] - DEBUG - Direction: absDirection.NORTH, Angle: 0, Distance: 43.14261080558368 cm
2026-06-20 12:09:57,821 - mazeUtils.moveTile - [moveTile.py:551] - DEBUG - Front LiDAR distance: 43.14261080558368 cm, TSD10 distance: 33.2 cm
2026-06-20 12:09:57,822 - mazeUtils.moveTile - [moveTile.py:528] - DEBUG - Direction: absDirection.EAST, Angle: 270, Distance: 49.942102403591306 cm
2026-06-20 12:09:57,823 - mazeUtils.moveTile - [moveTile.py:528] - DEBUG - Direction: absDirection.SOUTH, Angle: 180, Distance: 113.27668371436636 cm
2026-06-20 12:09:57,824 - mazeUtils.moveTile - [moveTile.py:528] - DEBUG - Direction: absDirection.WEST, Angle: 90, Distance: 47.360472997102924 cm
2026-06-20 12:09:57,825 - mazeUtils.moveTile - [moveTile.py:1724] - INFO - Tile color detection counts: {}, decided tile type: E
2026-06-20 12:09:57,899 - __main__ - [main.py:87] - INFO - Current position: (21, 16, 1), front direction: absDirection.NORTH
Layer 0 (altitude=0.0cm, offset=(0.0cm, 0.0cm)):
Known map area: x=18..20, y=15..20
+   +---+   +
  U   E   B  
+---+   +---+
| E   E   E |
+---+   +   +
  U   U | E |
+   +   +   +
  U   U | E |
+   +   +   +
  U   U   E |
+   +   +   +
  U   U | S |
+   +   +---+
Layer 1 (altitude=15.0cm, offset=(-60.0cm, 0.0cm)):
Known map area: x=17..21, y=15..20
+   +   +---+   +   +
  U   U | E   U   U  
+   +   +   +   +   +
  U   U | E | U   @  
+   +   +   +   +   +
  U   U   E   U   E |
+   +   +   +   +   +
  U   U   E   E   E |
+---+---+   +   +   +
| E   E | E | U   U  
+   +   +   +   +   +
| E   E   E | U   U  
+---+---+---+   +   +
mazeAsGraph[0][15][19] = {absDirection.NORTH: None, absDirection.EAST: None, absDirection.SOUTH: (19, 16, 0, 30), absDirection.WEST: (19, 15, 1, 60)}
mazeAsGraph[0][15][20] = {absDirection.NORTH: None, absDirection.EAST: None, absDirection.SOUTH: None, absDirection.WEST: None}
mazeAsGraph[0][16][18] = {absDirection.NORTH: None, absDirection.EAST: (19, 16, 0, 30), absDirection.SOUTH: None, absDirection.WEST: None}
mazeAsGraph[0][16][19] = {absDirection.NORTH: (19, 15, 0, 30), absDirection.EAST: (20, 16, 0, 30), absDirection.SOUTH: (19, 17, 0, 30), absDirection.WEST: (18, 16, 0, 30)}
mazeAsGraph[0][16][20] = {absDirection.NORTH: None, absDirection.EAST: None, absDirection.SOUTH: (20, 17, 0, 30), absDirection.WEST: (19, 16, 0, 30)}
mazeAsGraph[0][17][20] = {absDirection.NORTH: (20, 16, 0, 30), absDirection.EAST: None, absDirection.SOUTH: (20, 18, 0, 30), absDirection.WEST: None}
mazeAsGraph[0][18][20] = {absDirection.NORTH: (20, 17, 0, 30), absDirection.EAST: None, absDirection.SOUTH: (20, 19, 0, 30), absDirection.WEST: None}
mazeAsGraph[0][19][20] = {absDirection.NORTH: (20, 18, 0, 30), absDirection.EAST: None, absDirection.SOUTH: (20, 20, 0, 30), absDirection.WEST: (19, 19, 0, 30)}
mazeAsGraph[0][20][20] = {absDirection.NORTH: (20, 19, 0, 30), absDirection.EAST: None, absDirection.SOUTH: None, absDirection.WEST: None}
mazeAsGraph[1][15][19] = {absDirection.NORTH: None, absDirection.EAST: (19, 15, 0, 60), absDirection.SOUTH: (19, 16, 1, 30), absDirection.WEST: None}
mazeAsGraph[1][16][19] = {absDirection.NORTH: (19, 15, 1, 30), absDirection.EAST: None, absDirection.SOUTH: (19, 17, 1, 30), absDirection.WEST: None}
mazeAsGraph[1][16][21] = {absDirection.NORTH: (21, 15, 1, 30), absDirection.EAST: (22, 16, 1, 30), absDirection.SOUTH: (21, 17, 1, 30), absDirection.WEST: (20, 16, 1, 30)}
mazeAsGraph[1][17][19] = {absDirection.NORTH: (19, 16, 1, 30), absDirection.EAST: (20, 17, 1, 30), absDirection.SOUTH: (19, 18, 1, 30), absDirection.WEST: (18, 17, 1, 30)}
mazeAsGraph[1][17][21] = {absDirection.NORTH: (21, 16, 1, 30), absDirection.EAST: None, absDirection.SOUTH: (21, 18, 1, 30), absDirection.WEST: (20, 17, 1, 30)}
mazeAsGraph[1][18][19] = {absDirection.NORTH: (19, 17, 1, 30), absDirection.EAST: (20, 18, 1, 30), absDirection.SOUTH: (19, 19, 1, 30), absDirection.WEST: (18, 18, 1, 30)}
mazeAsGraph[1][18][20] = {absDirection.NORTH: (20, 17, 1, 30), absDirection.EAST: (21, 18, 1, 30), absDirection.SOUTH: (20, 19, 1, 30), absDirection.WEST: (19, 18, 1, 30)}
mazeAsGraph[1][18][21] = {absDirection.NORTH: (21, 17, 1, 30), absDirection.EAST: None, absDirection.SOUTH: (21, 19, 1, 30), absDirection.WEST: (20, 18, 1, 30)}
mazeAsGraph[1][19][17] = {absDirection.NORTH: None, absDirection.EAST: (18, 19, 1, 30), absDirection.SOUTH: (17, 20, 1, 30), absDirection.WEST: None}
mazeAsGraph[1][19][18] = {absDirection.NORTH: None, absDirection.EAST: None, absDirection.SOUTH: (18, 20, 1, 30), absDirection.WEST: (17, 19, 1, 30)}
mazeAsGraph[1][19][19] = {absDirection.NORTH: (19, 18, 1, 30), absDirection.EAST: None, absDirection.SOUTH: (19, 20, 1, 30), absDirection.WEST: None}
mazeAsGraph[1][20][17] = {absDirection.NORTH: (17, 19, 1, 30), absDirection.EAST: (18, 20, 1, 30), absDirection.SOUTH: None, absDirection.WEST: None}
mazeAsGraph[1][20][18] = {absDirection.NORTH: (18, 19, 1, 30), absDirection.EAST: (19, 20, 1, 30), absDirection.SOUTH: None, absDirection.WEST: (17, 20, 1, 30)}
mazeAsGraph[1][20][19] = {absDirection.NORTH: (19, 19, 1, 30), absDirection.EAST: None, absDirection.SOUTH: None, absDirection.WEST: (18, 20, 1, 30)}
2026-06-20 12:09:57,911 - mazeUtils.mazeMap - [mazeMap.py:61] - INFO - next goal: (21, 15, 1)
2026-06-20 12:09:57,919 - mazeUtils.moveTile - [moveTile.py:79] - DEBUG - Moving to absDirection.NORTH from (21, 16, 1) facing absDirection.NORTH
2026-06-20 12:09:57,945 - mazeUtils.moveTile - [moveTile.py:79] - DEBUG - current heading: 0.4000000000000341 target: 0
2026-06-20 12:09:57,964 - mazeUtils.moveTile - [moveTile.py:403] - DEBUG - stopped turning at heading: 0.4000000000000341, diff: 0.4000000000000341
2026-06-20 12:09:58,007 - mazeUtils.moveTile - [moveTile.py:79] - DEBUG - Turned to heading: 0.2599999999999909 deg
2026-06-20 12:09:58,231 - picamera2.picamera2 - [picamera2.py:1391] - DEBUG - Execute job: <picamera2.job.Job object at 0x7f8086fb10>
2026-06-20 12:09:58,234 - mazeUtils.device.camera - [camera.py:39] - DEBUG - Average HSV: H=152.3, S=48.5, V=125.0
2026-06-20 12:09:58,273 - mazeUtils.moveTile - [moveTile.py:79] - DEBUG - roll: 1.67999999999995 deg, practicalMoveTime: 0.04716418529393988 sec
2026-06-20 12:09:58,273 - mazeUtils.moveTile - [moveTile.py:1398] - DEBUG - moveTile loop time: 47.5 ms
2026-06-20 12:09:58,278 - picamera2.picamera2 - [picamera2.py:1391] - DEBUG - Execute job: <picamera2.job.Job object at 0x7f6975e850>
2026-06-20 12:09:58,284 - mazeUtils.device.camera - [camera.py:39] - DEBUG - Average HSV: H=152.5, S=47.1, V=130.1
2026-06-20 12:09:58,312 - mazeUtils.moveTile - [moveTile.py:79] - DEBUG - roll: 1.8599999999999568 deg, practicalMoveTime: 0.08532537322378621 sec
2026-06-20 12:09:58,313 - mazeUtils.moveTile - [moveTile.py:1398] - DEBUG - moveTile loop time: 38.8 ms
2026-06-20 12:09:58,324 - picamera2.picamera2 - [picamera2.py:1391] - DEBUG - Execute job: <picamera2.job.Job object at 0x7f808650d0>
2026-06-20 12:09:58,329 - mazeUtils.device.camera - [camera.py:39] - DEBUG - Average HSV: H=150.6, S=47.6, V=130.6
2026-06-20 12:09:58,367 - mazeUtils.moveTile - [moveTile.py:79] - DEBUG - roll: 1.2399999999999523 deg, practicalMoveTime: 0.14014618282836103 sec
2026-06-20 12:09:58,368 - mazeUtils.moveTile - [moveTile.py:1398] - DEBUG - moveTile loop time: 55.0 ms
2026-06-20 12:09:58,373 - picamera2.picamera2 - [picamera2.py:1391] - DEBUG - Execute job: <picamera2.job.Job object at 0x7f8086fb10>
2026-06-20 12:09:58,377 - mazeUtils.device.camera - [camera.py:39] - DEBUG - Average HSV: H=143.5, S=63.6, V=111.1
2026-06-20 12:09:58,418 - mazeUtils.moveTile - [moveTile.py:79] - DEBUG - roll: 2.019999999999982 deg, practicalMoveTime: 0.19024301558639328 sec
2026-06-20 12:09:58,419 - mazeUtils.moveTile - [moveTile.py:1398] - DEBUG - moveTile loop time: 50.5 ms
2026-06-20 12:09:58,425 - picamera2.picamera2 - [picamera2.py:1391] - DEBUG - Execute job: <picamera2.job.Job object at 0x7f6975e950>
2026-06-20 12:09:58,430 - mazeUtils.device.camera - [camera.py:39] - DEBUG - Average HSV: H=143.2, S=54.6, V=127.4
2026-06-20 12:09:58,463 - mazeUtils.moveTile - [moveTile.py:79] - DEBUG - roll: 1.1999999999999886 deg, practicalMoveTime: 0.2340640359676847 sec
2026-06-20 12:09:58,463 - mazeUtils.moveTile - [moveTile.py:1398] - DEBUG - moveTile loop time: 44.2 ms
2026-06-20 12:09:58,472 - picamera2.picamera2 - [picamera2.py:1391] - DEBUG - Execute job: <picamera2.job.Job object at 0x7f808650d0>
2026-06-20 12:09:58,478 - mazeUtils.device.camera - [camera.py:39] - DEBUG - Average HSV: H=139.2, S=71.7, V=110.2
2026-06-20 12:09:58,512 - mazeUtils.moveTile - [moveTile.py:79] - DEBUG - roll: 1.17999999999995 deg, practicalMoveTime: 0.2826019620727414 sec
2026-06-20 12:09:58,513 - mazeUtils.moveTile - [moveTile.py:1398] - DEBUG - moveTile loop time: 49.1 ms
2026-06-20 12:09:58,518 - picamera2.picamera2 - [picamera2.py:1391] - DEBUG - Execute job: <picamera2.job.Job object at 0x7f808650d0>
2026-06-20 12:09:58,523 - mazeUtils.device.camera - [camera.py:39] - DEBUG - Average HSV: H=142.0, S=59.7, V=118.6
2026-06-20 12:09:58,552 - mazeUtils.moveTile - [moveTile.py:79] - DEBUG - roll: 2.0299999999999727 deg, practicalMoveTime: 0.32140906448568507 sec
2026-06-20 12:09:58,552 - mazeUtils.moveTile - [moveTile.py:1398] - DEBUG - moveTile loop time: 39.0 ms
2026-06-20 12:09:58,558 - picamera2.picamera2 - [picamera2.py:1391] - DEBUG - Execute job: <picamera2.job.Job object at 0x7f6975e990>
2026-06-20 12:09:58,563 - mazeUtils.device.camera - [camera.py:39] - DEBUG - Average HSV: H=141.6, S=61.7, V=116.9
2026-06-20 12:09:58,607 - mazeUtils.moveTile - [moveTile.py:79] - DEBUG - roll: 2.0 deg, practicalMoveTime: 0.37607158990522493 sec
2026-06-20 12:09:58,608 - mazeUtils.moveTile - [moveTile.py:1398] - DEBUG - moveTile loop time: 55.0 ms
2026-06-20 12:09:58,612 - picamera2.picamera2 - [picamera2.py:1391] - DEBUG - Execute job: <picamera2.job.Job object at 0x7f6975e910>
2026-06-20 12:09:58,616 - mazeUtils.device.camera - [camera.py:39] - DEBUG - Average HSV: H=139.2, S=72.7, V=104.3
2026-06-20 12:09:58,653 - mazeUtils.moveTile - [moveTile.py:79] - DEBUG - roll: 2.5600000000000023 deg, practicalMoveTime: 0.4216007712624172 sec
2026-06-20 12:09:58,654 - mazeUtils.moveTile - [moveTile.py:1398] - DEBUG - moveTile loop time: 45.9 ms
2026-06-20 12:09:58,660 - picamera2.picamera2 - [picamera2.py:1391] - DEBUG - Execute job: <picamera2.job.Job object at 0x7f80864450>
2026-06-20 12:09:58,665 - mazeUtils.device.camera - [camera.py:39] - DEBUG - Average HSV: H=136.9, S=72.3, V=111.8
2026-06-20 12:09:58,693 - mazeUtils.moveTile - [moveTile.py:79] - DEBUG - roll: 1.8899999999999864 deg, practicalMoveTime: 0.4610301933494555 sec
2026-06-20 12:09:58,694 - mazeUtils.moveTile - [moveTile.py:1398] - DEBUG - moveTile loop time: 39.8 ms
2026-06-20 12:09:58,699 - picamera2.picamera2 - [picamera2.py:1391] - DEBUG - Execute job: <picamera2.job.Job object at 0x7f808650d0>
2026-06-20 12:09:58,704 - mazeUtils.device.camera - [camera.py:39] - DEBUG - Average HSV: H=134.7, S=82.0, V=106.5
2026-06-20 12:09:58,732 - mazeUtils.moveTile - [moveTile.py:79] - DEBUG - roll: 1.2099999999999795 deg, practicalMoveTime: 0.49894578806782386 sec
2026-06-20 12:09:58,733 - mazeUtils.moveTile - [moveTile.py:1398] - DEBUG - moveTile loop time: 38.2 ms
2026-06-20 12:09:58,738 - picamera2.picamera2 - [picamera2.py:1391] - DEBUG - Execute job: <picamera2.job.Job object at 0x7f8086fb10>
2026-06-20 12:09:58,744 - mazeUtils.device.camera - [camera.py:39] - DEBUG - Average HSV: H=132.7, S=91.6, V=100.2
2026-06-20 12:09:58,772 - mazeUtils.moveTile - [moveTile.py:79] - DEBUG - roll: 1.9699999999999704 deg, practicalMoveTime: 0.5384710488578875 sec
2026-06-20 12:09:58,773 - mazeUtils.moveTile - [moveTile.py:1398] - DEBUG - moveTile loop time: 39.4 ms
2026-06-20 12:09:58,780 - picamera2.picamera2 - [picamera2.py:1391] - DEBUG - Execute job: <picamera2.job.Job object at 0x7f8086e6d0>
2026-06-20 12:09:58,784 - mazeUtils.device.camera - [camera.py:39] - DEBUG - Average HSV: H=132.5, S=88.4, V=109.8
2026-06-20 12:09:58,809 - mazeUtils.moveTile - [moveTile.py:79] - DEBUG - roll: 1.6999999999999886 deg, practicalMoveTime: 0.5747226050735983 sec
2026-06-20 12:09:58,810 - mazeUtils.moveTile - [moveTile.py:1398] - DEBUG - moveTile loop time: 36.4 ms
2026-06-20 12:09:58,816 - picamera2.picamera2 - [picamera2.py:1391] - DEBUG - Execute job: <picamera2.job.Job object at 0x7f80864450>
2026-06-20 12:09:58,820 - mazeUtils.device.camera - [camera.py:39] - DEBUG - Average HSV: H=130.9, S=99.2, V=105.5
2026-06-20 12:09:58,849 - mazeUtils.moveTile - [moveTile.py:79] - DEBUG - roll: 0.6099999999999568 deg, practicalMoveTime: 0.6144077509444236 sec
2026-06-20 12:09:58,850 - mazeUtils.moveTile - [moveTile.py:1398] - DEBUG - moveTile loop time: 39.9 ms
2026-06-20 12:09:58,855 - picamera2.picamera2 - [picamera2.py:1391] - DEBUG - Execute job: <picamera2.job.Job object at 0x7f7b8fd850>
2026-06-20 12:09:58,861 - mazeUtils.device.camera - [camera.py:39] - DEBUG - Average HSV: H=129.7, S=106.6, V=100.9
2026-06-20 12:09:58,891 - mazeUtils.moveTile - [moveTile.py:79] - DEBUG - roll: 1.9799999999999613 deg, practicalMoveTime: 0.655395551630813 sec
2026-06-20 12:09:58,892 - mazeUtils.moveTile - [moveTile.py:1398] - DEBUG - moveTile loop time: 41.4 ms
2026-06-20 12:09:58,897 - picamera2.picamera2 - [picamera2.py:1391] - DEBUG - Execute job: <picamera2.job.Job object at 0x7f7b8fd850>
2026-06-20 12:09:58,902 - mazeUtils.device.camera - [camera.py:39] - DEBUG - Average HSV: H=128.2, S=107.2, V=110.9
2026-06-20 12:09:58,929 - mazeUtils.moveTile - [moveTile.py:79] - DEBUG - roll: 1.5 deg, practicalMoveTime: 0.6922345680086189 sec
2026-06-20 12:09:58,929 - mazeUtils.moveTile - [moveTile.py:1398] - DEBUG - moveTile loop time: 37.2 ms
2026-06-20 12:09:58,935 - picamera2.picamera2 - [picamera2.py:1391] - DEBUG - Execute job: <picamera2.job.Job object at 0x7f8086e6d0>
2026-06-20 12:09:58,940 - mazeUtils.device.camera - [camera.py:39] - DEBUG - Average HSV: H=126.9, S=114.1, V=109.9
2026-06-20 12:09:58,968 - mazeUtils.moveTile - [moveTile.py:79] - DEBUG - roll: 1.099999999999966 deg, practicalMoveTime: 0.7312517293207391 sec
2026-06-20 12:09:58,969 - mazeUtils.moveTile - [moveTile.py:1398] - DEBUG - moveTile loop time: 39.2 ms
2026-06-20 12:09:58,974 - picamera2.picamera2 - [picamera2.py:1391] - DEBUG - Execute job: <picamera2.job.Job object at 0x7f8086fb10>
2026-06-20 12:09:58,978 - mazeUtils.device.camera - [camera.py:39] - DEBUG - Average HSV: H=125.9, S=121.6, V=108.0
2026-06-20 12:09:59,007 - mazeUtils.moveTile - [moveTile.py:79] - DEBUG - roll: 1.849999999999966 deg, practicalMoveTime: 0.7690394874874473 sec
2026-06-20 12:09:59,007 - mazeUtils.moveTile - [moveTile.py:1398] - DEBUG - moveTile loop time: 38.2 ms
2026-06-20 12:09:59,017 - picamera2.picamera2 - [picamera2.py:1391] - DEBUG - Execute job: <picamera2.job.Job object at 0x7f6975e9d0>
2026-06-20 12:09:59,021 - mazeUtils.device.camera - [camera.py:39] - DEBUG - Average HSV: H=126.1, S=122.8, V=113.0
2026-06-20 12:09:59,051 - mazeUtils.moveTile - [moveTile.py:79] - DEBUG - roll: 1.8199999999999932 deg, practicalMoveTime: 0.8123792768662021 sec
2026-06-20 12:09:59,051 - mazeUtils.moveTile - [moveTile.py:1398] - DEBUG - moveTile loop time: 43.6 ms
2026-06-20 12:09:59,058 - picamera2.picamera2 - [picamera2.py:1391] - DEBUG - Execute job: <picamera2.job.Job object at 0x7f8086fb10>
2026-06-20 12:09:59,062 - mazeUtils.device.camera - [camera.py:39] - DEBUG - Average HSV: H=123.4, S=148.2, V=91.4
2026-06-20 12:09:59,091 - mazeUtils.moveTile - [moveTile.py:1344] - INFO - practicalVerticalMove: 0.8813356713523871 CM
2026-06-20 12:09:59,145 - mazeUtils.moveTile - [moveTile.py:79] - DEBUG - Little forward to adjust position
2026-06-20 12:09:59,229 - mazeUtils.moveTile - [moveTile.py:1603] - INFO - Set moved vertical distance: 0.8813356713523871 cm, past distances: [(1.2480950303372311, False), (1.6674520321162456, False), (1.424924855605086, False)]
2026-06-20 12:09:59,325 - mazeUtils.moveTile - [moveTile.py:528] - DEBUG - Direction: absDirection.NORTH, Angle: 0, Distance: 10.254710188815157 cm
2026-06-20 12:09:59,325 - mazeUtils.moveTile - [moveTile.py:551] - DEBUG - Front LiDAR distance: 10.254710188815157 cm, TSD10 distance: 1.9 cm
2026-06-20 12:09:59,327 - mazeUtils.moveTile - [moveTile.py:528] - DEBUG - Direction: absDirection.EAST, Angle: 270, Distance: 90.69122832475311 cm
2026-06-20 12:09:59,328 - mazeUtils.moveTile - [moveTile.py:528] - DEBUG - Direction: absDirection.SOUTH, Angle: 180, Distance: 143.21738664684892 cm
2026-06-20 12:09:59,330 - mazeUtils.moveTile - [moveTile.py:528] - DEBUG - Direction: absDirection.WEST, Angle: 90, Distance: 40.28382103793078 cm
2026-06-20 12:09:59,333 - mazeUtils.moveTile - [moveTile.py:1724] - INFO - Tile color detection counts: {}, decided tile type: E
2026-06-20 12:09:59,433 - __main__ - [main.py:87] - INFO - Current position: (21, 15, 1), front direction: absDirection.NORTH
Layer 0 (altitude=0.0cm, offset=(0.0cm, 0.0cm)):
Known map area: x=18..20, y=15..20
+   +---+   +
  U   E   B  
+---+   +---+
| E   E   E |
+---+   +   +
  U   U | E |
+   +   +   +
  U   U | E |
+   +   +   +
  U   U   E |
+   +   +   +
  U   U | S |
+   +   +---+
Layer 1 (altitude=15.0cm, offset=(-60.0cm, 0.0cm)):
Known map area: x=17..21, y=15..20
+   +   +---+   +---+
  U   U | E   U   @  
+   +   +   +   +   +
  U   U | E | U   E  
+   +   +   +   +   +
  U   U   E   U   E |
+   +   +   +   +   +
  U   U   E   E   E |
+---+---+   +   +   +
| E   E | E | U   U  
+   +   +   +   +   +
| E   E   E | U   U  
+---+---+---+   +   +
mazeAsGraph[0][15][19] = {absDirection.NORTH: None, absDirection.EAST: None, absDirection.SOUTH: (19, 16, 0, 30), absDirection.WEST: (19, 15, 1, 60)}
mazeAsGraph[0][15][20] = {absDirection.NORTH: None, absDirection.EAST: None, absDirection.SOUTH: None, absDirection.WEST: None}
mazeAsGraph[0][16][18] = {absDirection.NORTH: None, absDirection.EAST: (19, 16, 0, 30), absDirection.SOUTH: None, absDirection.WEST: None}
mazeAsGraph[0][16][19] = {absDirection.NORTH: (19, 15, 0, 30), absDirection.EAST: (20, 16, 0, 30), absDirection.SOUTH: (19, 17, 0, 30), absDirection.WEST: (18, 16, 0, 30)}
mazeAsGraph[0][16][20] = {absDirection.NORTH: None, absDirection.EAST: None, absDirection.SOUTH: (20, 17, 0, 30), absDirection.WEST: (19, 16, 0, 30)}
mazeAsGraph[0][17][20] = {absDirection.NORTH: (20, 16, 0, 30), absDirection.EAST: None, absDirection.SOUTH: (20, 18, 0, 30), absDirection.WEST: None}
mazeAsGraph[0][18][20] = {absDirection.NORTH: (20, 17, 0, 30), absDirection.EAST: None, absDirection.SOUTH: (20, 19, 0, 30), absDirection.WEST: None}
mazeAsGraph[0][19][20] = {absDirection.NORTH: (20, 18, 0, 30), absDirection.EAST: None, absDirection.SOUTH: (20, 20, 0, 30), absDirection.WEST: (19, 19, 0, 30)}
mazeAsGraph[0][20][20] = {absDirection.NORTH: (20, 19, 0, 30), absDirection.EAST: None, absDirection.SOUTH: None, absDirection.WEST: None}
mazeAsGraph[1][15][19] = {absDirection.NORTH: None, absDirection.EAST: (19, 15, 0, 60), absDirection.SOUTH: (19, 16, 1, 30), absDirection.WEST: None}
mazeAsGraph[1][15][21] = {absDirection.NORTH: None, absDirection.EAST: (22, 15, 1, 30), absDirection.SOUTH: (21, 16, 1, 30), absDirection.WEST: (20, 15, 1, 30)}
mazeAsGraph[1][16][19] = {absDirection.NORTH: (19, 15, 1, 30), absDirection.EAST: None, absDirection.SOUTH: (19, 17, 1, 30), absDirection.WEST: None}
mazeAsGraph[1][16][21] = {absDirection.NORTH: (21, 15, 1, 30), absDirection.EAST: (22, 16, 1, 30), absDirection.SOUTH: (21, 17, 1, 30), absDirection.WEST: (20, 16, 1, 30)}
mazeAsGraph[1][17][19] = {absDirection.NORTH: (19, 16, 1, 30), absDirection.EAST: (20, 17, 1, 30), absDirection.SOUTH: (19, 18, 1, 30), absDirection.WEST: (18, 17, 1, 30)}
mazeAsGraph[1][17][21] = {absDirection.NORTH: (21, 16, 1, 30), absDirection.EAST: None, absDirection.SOUTH: (21, 18, 1, 30), absDirection.WEST: (20, 17, 1, 30)}
mazeAsGraph[1][18][19] = {absDirection.NORTH: (19, 17, 1, 30), absDirection.EAST: (20, 18, 1, 30), absDirection.SOUTH: (19, 19, 1, 30), absDirection.WEST: (18, 18, 1, 30)}
mazeAsGraph[1][18][20] = {absDirection.NORTH: (20, 17, 1, 30), absDirection.EAST: (21, 18, 1, 30), absDirection.SOUTH: (20, 19, 1, 30), absDirection.WEST: (19, 18, 1, 30)}
mazeAsGraph[1][18][21] = {absDirection.NORTH: (21, 17, 1, 30), absDirection.EAST: None, absDirection.SOUTH: (21, 19, 1, 30), absDirection.WEST: (20, 18, 1, 30)}
mazeAsGraph[1][19][17] = {absDirection.NORTH: None, absDirection.EAST: (18, 19, 1, 30), absDirection.SOUTH: (17, 20, 1, 30), absDirection.WEST: None}
mazeAsGraph[1][19][18] = {absDirection.NORTH: None, absDirection.EAST: None, absDirection.SOUTH: (18, 20, 1, 30), absDirection.WEST: (17, 19, 1, 30)}
mazeAsGraph[1][19][19] = {absDirection.NORTH: (19, 18, 1, 30), absDirection.EAST: None, absDirection.SOUTH: (19, 20, 1, 30), absDirection.WEST: None}
mazeAsGraph[1][20][17] = {absDirection.NORTH: (17, 19, 1, 30), absDirection.EAST: (18, 20, 1, 30), absDirection.SOUTH: None, absDirection.WEST: None}
mazeAsGraph[1][20][18] = {absDirection.NORTH: (18, 19, 1, 30), absDirection.EAST: (19, 20, 1, 30), absDirection.SOUTH: None, absDirection.WEST: (17, 20, 1, 30)}
mazeAsGraph[1][20][19] = {absDirection.NORTH: (19, 19, 1, 30), absDirection.EAST: None, absDirection.SOUTH: None, absDirection.WEST: (18, 20, 1, 30)}
2026-06-20 12:09:59,444 - mazeUtils.mazeMap - [mazeMap.py:61] - INFO - next goal: (22, 15, 1)
2026-06-20 12:09:59,450 - mazeUtils.moveTile - [moveTile.py:79] - DEBUG - Moving to absDirection.EAST from (21, 15, 1) facing absDirection.NORTH
2026-06-20 12:09:59,454 - mazeUtils.moveTile - [moveTile.py:79] - DEBUG - Turning to 270 deg, current heading: 359.79 deg, turnAngle: 89.79000000000002 deg
2026-06-20 12:09:59,481 - mazeUtils.moveTile - [moveTile.py:79] - DEBUG - gyro:359.78000000000003 deg, derivative: -0.009999999999990905, turnSpeed: 100
2026-06-20 12:09:59,518 - mazeUtils.moveTile - [moveTile.py:79] - DEBUG - gyro:359.77000000000004 deg, derivative: -0.009999999999990905, turnSpeed: 100
2026-06-20 12:09:59,542 - mazeUtils.moveTile - [moveTile.py:79] - DEBUG - gyro:359.84000000000003 deg, derivative: 0.06999999999999318, turnSpeed: 100
2026-06-20 12:09:59,568 - mazeUtils.moveTile - [moveTile.py:79] - DEBUG - gyro:359.12 deg, derivative: -0.7200000000000273, turnSpeed: 100
2026-06-20 12:09:59,593 - mazeUtils.moveTile - [moveTile.py:79] - DEBUG - gyro:356.98 deg, derivative: -2.1399999999999864, turnSpeed: 100
2026-06-20 12:09:59,617 - mazeUtils.moveTile - [moveTile.py:79] - DEBUG - gyro:353.65000000000003 deg, derivative: -3.329999999999984, turnSpeed: 100
2026-06-20 12:09:59,641 - mazeUtils.moveTile - [moveTile.py:79] - DEBUG - gyro:351.11 deg, derivative: -2.5400000000000205, turnSpeed: 100
2026-06-20 12:09:59,671 - mazeUtils.moveTile - [moveTile.py:79] - DEBUG - gyro:349.46000000000004 deg, derivative: -1.6499999999999773, turnSpeed: 100
2026-06-20 12:09:59,696 - mazeUtils.moveTile - [moveTile.py:79] - DEBUG - gyro:347.43 deg, derivative: -2.0300000000000296, turnSpeed: 100
2026-06-20 12:09:59,723 - mazeUtils.moveTile - [moveTile.py:79] - DEBUG - gyro:344.24 deg, derivative: -3.1899999999999977, turnSpeed: 100
2026-06-20 12:09:59,746 - mazeUtils.moveTile - [moveTile.py:79] - DEBUG - gyro:341.57 deg, derivative: -2.670000000000016, turnSpeed: 100
2026-06-20 12:09:59,776 - mazeUtils.moveTile - [moveTile.py:79] - DEBUG - gyro:339.29 deg, derivative: -2.2799999999999727, turnSpeed: 100
2026-06-20 12:09:59,798 - mazeUtils.moveTile - [moveTile.py:79] - DEBUG - gyro:336.16 deg, derivative: -3.1299999999999955, turnSpeed: 100
2026-06-20 12:09:59,822 - mazeUtils.moveTile - [moveTile.py:79] - DEBUG - gyro:333.95 deg, derivative: -2.2100000000000364, turnSpeed: 100
2026-06-20 12:09:59,852 - mazeUtils.moveTile - [moveTile.py:79] - DEBUG - gyro:331.09000000000003 deg, derivative: -2.859999999999957, turnSpeed: 100
2026-06-20 12:09:59,876 - mazeUtils.moveTile - [moveTile.py:79] - DEBUG - gyro:327.07 deg, derivative: -4.020000000000039, turnSpeed: 100
2026-06-20 12:09:59,899 - mazeUtils.moveTile - [moveTile.py:79] - DEBUG - gyro:323.24 deg, derivative: -3.829999999999984, turnSpeed: 100
2026-06-20 12:09:59,926 - mazeUtils.moveTile - [moveTile.py:79] - DEBUG - gyro:319.53000000000003 deg, derivative: -3.7099999999999795, turnSpeed: 99.06000000000006
2026-06-20 12:09:59,951 - mazeUtils.moveTile - [moveTile.py:79] - DEBUG - gyro:316.44 deg, derivative: -3.090000000000032, turnSpeed: 92.88
2026-06-20 12:09:59,975 - mazeUtils.moveTile - [moveTile.py:79] - DEBUG - gyro:311.77000000000004 deg, derivative: -4.669999999999959, turnSpeed: 83.54000000000008
2026-06-20 12:10:00,000 - mazeUtils.moveTile - [moveTile.py:79] - DEBUG - gyro:308.2 deg, derivative: -3.57000000000005, turnSpeed: 76.39999999999998
2026-06-20 12:10:00,029 - mazeUtils.moveTile - [moveTile.py:79] - DEBUG - gyro:304.58 deg, derivative: -3.6200000000000045, turnSpeed: 69.15999999999997
2026-06-20 12:10:00,054 - mazeUtils.moveTile - [moveTile.py:79] - DEBUG - gyro:300.92 deg, derivative: -3.659999999999968, turnSpeed: 61.84000000000003
2026-06-20 12:10:00,082 - mazeUtils.moveTile - [moveTile.py:79] - DEBUG - gyro:298.56 deg, derivative: -2.3600000000000136, turnSpeed: 57.120000000000005
2026-06-20 12:10:00,107 - mazeUtils.moveTile - [moveTile.py:79] - DEBUG - gyro:295.43 deg, derivative: -3.1299999999999955, turnSpeed: 50.860000000000014
2026-06-20 12:10:00,132 - mazeUtils.moveTile - [moveTile.py:79] - DEBUG - gyro:293.58 deg, derivative: -1.8500000000000227, turnSpeed: 47.15999999999997
2026-06-20 12:10:00,155 - mazeUtils.moveTile - [moveTile.py:79] - DEBUG - gyro:291.17 deg, derivative: -2.409999999999968, turnSpeed: 42.34000000000003
2026-06-20 12:10:00,183 - mazeUtils.moveTile - [moveTile.py:79] - DEBUG - gyro:289.72 deg, derivative: -1.4499999999999886, turnSpeed: 39.440000000000055
2026-06-20 12:10:00,207 - mazeUtils.moveTile - [moveTile.py:79] - DEBUG - gyro:288.14 deg, derivative: -1.580000000000041, turnSpeed: 36.27999999999997
2026-06-20 12:10:00,237 - mazeUtils.moveTile - [moveTile.py:79] - DEBUG - gyro:286.59000000000003 deg, derivative: -1.5499999999999545, turnSpeed: 33.180000000000064
2026-06-20 12:10:00,260 - mazeUtils.moveTile - [moveTile.py:79] - DEBUG - gyro:285.21000000000004 deg, derivative: -1.3799999999999955, turnSpeed: 30.420000000000073
2026-06-20 12:10:00,288 - mazeUtils.moveTile - [moveTile.py:79] - DEBUG - gyro:283.99 deg, derivative: -1.2200000000000273, turnSpeed: 27.980000000000018
2026-06-20 12:10:00,312 - mazeUtils.moveTile - [moveTile.py:79] - DEBUG - gyro:283.07 deg, derivative: -0.9200000000000159, turnSpeed: 26.139999999999986
2026-06-20 12:10:00,338 - mazeUtils.moveTile - [moveTile.py:79] - DEBUG - gyro:281.76 deg, derivative: -1.3100000000000023, turnSpeed: 23.519999999999982
2026-06-20 12:10:00,363 - mazeUtils.moveTile - [moveTile.py:79] - DEBUG - gyro:280.47 deg, derivative: -1.2899999999999636, turnSpeed: 20.940000000000055
2026-06-20 12:10:00,386 - mazeUtils.moveTile - [moveTile.py:79] - DEBUG - gyro:279.61 deg, derivative: -0.8600000000000136, turnSpeed: 19.220000000000027
2026-06-20 12:10:00,414 - mazeUtils.moveTile - [moveTile.py:79] - DEBUG - gyro:278.73 deg, derivative: -0.8799999999999955, turnSpeed: 17.460000000000036
2026-06-20 12:10:00,440 - mazeUtils.moveTile - [moveTile.py:79] - DEBUG - gyro:277.82 deg, derivative: -0.910000000000025, turnSpeed: 15.639999999999986
2026-06-20 12:10:00,468 - mazeUtils.moveTile - [moveTile.py:79] - DEBUG - gyro:277.25 deg, derivative: -0.5699999999999932, turnSpeed: 14.5
2026-06-20 12:10:00,493 - mazeUtils.moveTile - [moveTile.py:79] - DEBUG - gyro:276.62 deg, derivative: -0.6299999999999955, turnSpeed: 13.240000000000009
2026-06-20 12:10:00,527 - mazeUtils.moveTile - [moveTile.py:79] - DEBUG - gyro:275.77000000000004 deg, derivative: -0.8499999999999659, turnSpeed: 11.540000000000077
2026-06-20 12:10:00,550 - mazeUtils.moveTile - [moveTile.py:79] - DEBUG - gyro:274.99 deg, derivative: -0.7800000000000296, turnSpeed: 9.980000000000018
2026-06-20 12:10:00,573 - mazeUtils.moveTile - [moveTile.py:79] - DEBUG - gyro:274.3 deg, derivative: -0.6899999999999977, turnSpeed: 8.600000000000023
2026-06-20 12:10:00,598 - mazeUtils.moveTile - [moveTile.py:79] - DEBUG - gyro:273.87 deg, derivative: -0.4300000000000068, turnSpeed: 7.740000000000009
2026-06-20 12:10:00,627 - mazeUtils.moveTile - [moveTile.py:79] - DEBUG - gyro:273.5 deg, derivative: -0.37000000000000455, turnSpeed: 7.0
2026-06-20 12:10:00,650 - mazeUtils.moveTile - [moveTile.py:79] - DEBUG - gyro:273.36 deg, derivative: -0.13999999999998636, turnSpeed: 6.720000000000027
2026-06-20 12:10:00,677 - mazeUtils.moveTile - [moveTile.py:79] - DEBUG - gyro:273.23 deg, derivative: -0.12999999999999545, turnSpeed: 6.460000000000036
2026-06-20 12:10:00,702 - mazeUtils.moveTile - [moveTile.py:79] - DEBUG - gyro:273.13 deg, derivative: -0.10000000000002274, turnSpeed: 6.259999999999991
2026-06-20 12:10:00,727 - mazeUtils.moveTile - [moveTile.py:79] - DEBUG - gyro:272.98 deg, derivative: -0.14999999999997726, turnSpeed: 5.960000000000036
2026-06-20 12:10:00,750 - mazeUtils.moveTile - [moveTile.py:79] - DEBUG - gyro:272.8 deg, derivative: -0.18000000000000682, turnSpeed: 5.600000000000023
2026-06-20 12:10:00,777 - mazeUtils.moveTile - [moveTile.py:79] - DEBUG - gyro:272.62 deg, derivative: -0.18000000000000682, turnSpeed: 5.240000000000009
2026-06-20 12:10:00,815 - mazeUtils.moveTile - [moveTile.py:79] - DEBUG - gyro:272.49 deg, derivative: -0.12999999999999545, turnSpeed: 4.980000000000018
2026-06-20 12:10:00,844 - mazeUtils.moveTile - [moveTile.py:79] - DEBUG - gyro:272.31 deg, derivative: -0.18000000000000682, turnSpeed: 4.6200000000000045
2026-06-20 12:10:00,865 - mazeUtils.moveTile - [moveTile.py:79] - DEBUG - gyro:272.21000000000004 deg, derivative: -0.0999999999999659, turnSpeed: 4.420000000000073
2026-06-20 12:10:00,891 - mazeUtils.moveTile - [moveTile.py:79] - DEBUG - gyro:272.05 deg, derivative: -0.160000000000025, turnSpeed: 4.100000000000023
2026-06-20 12:10:00,921 - mazeUtils.moveTile - [moveTile.py:79] - DEBUG - gyro:271.95 deg, derivative: -0.10000000000002274, turnSpeed: 3.8999999999999773
2026-06-20 12:10:00,950 - mazeUtils.moveTile - [moveTile.py:79] - DEBUG - gyro:271.81 deg, derivative: -0.13999999999998636, turnSpeed: 3.6200000000000045
2026-06-20 12:10:00,973 - mazeUtils.moveTile - [moveTile.py:79] - DEBUG - gyro:271.72 deg, derivative: -0.08999999999997499, turnSpeed: 3.4400000000000546
2026-06-20 12:10:00,995 - mazeUtils.moveTile - [moveTile.py:79] - DEBUG - gyro:271.59000000000003 deg, derivative: -0.12999999999999545, turnSpeed: 3.1800000000000637
2026-06-20 12:10:01,031 - mazeUtils.moveTile - [moveTile.py:79] - DEBUG - gyro:271.51 deg, derivative: -0.08000000000004093, turnSpeed: 3.019999999999982
2026-06-20 12:10:01,059 - mazeUtils.moveTile - [moveTile.py:79] - DEBUG - gyro:271.43 deg, derivative: -0.07999999999998408, turnSpeed: 2.8600000000000136
2026-06-20 12:10:01,083 - mazeUtils.moveTile - [moveTile.py:79] - DEBUG - gyro:271.27000000000004 deg, derivative: -0.15999999999996817, turnSpeed: 2.5400000000000773
2026-06-20 12:10:01,108 - mazeUtils.moveTile - [moveTile.py:79] - DEBUG - gyro:271.19 deg, derivative: -0.08000000000004093, turnSpeed: 2.3799999999999955
2026-06-20 12:10:01,137 - mazeUtils.moveTile - [moveTile.py:79] - DEBUG - gyro:271.11 deg, derivative: -0.07999999999998408, turnSpeed: 2.2200000000000273
2026-06-20 12:10:01,161 - mazeUtils.moveTile - [moveTile.py:79] - DEBUG - gyro:271.0 deg, derivative: -0.11000000000001364, turnSpeed: 2.0
2026-06-20 12:10:01,188 - mazeUtils.moveTile - [moveTile.py:79] - DEBUG - gyro:270.93 deg, derivative: -0.06999999999999318, turnSpeed: 1.8600000000000136
2026-06-20 12:10:01,213 - mazeUtils.moveTile - [moveTile.py:79] - DEBUG - gyro:270.89 deg, derivative: -0.040000000000020464, turnSpeed: 1.7799999999999727
2026-06-20 12:10:01,236 - mazeUtils.moveTile - [moveTile.py:79] - DEBUG - gyro:270.82 deg, derivative: -0.06999999999999318, turnSpeed: 1.6399999999999864
2026-06-20 12:10:01,262 - mazeUtils.moveTile - [moveTile.py:79] - DEBUG - gyro:270.74 deg, derivative: -0.07999999999998408, turnSpeed: 1.4800000000000182
2026-06-20 12:10:01,280 - mazeUtils.moveTile - [moveTile.py:79] - DEBUG - Turned to heading: 270.74 deg
2026-06-20 12:10:01,430 - picamera2.picamera2 - [picamera2.py:1391] - DEBUG - Execute job: <picamera2.job.Job object at 0x7f7b977ed0>
2026-06-20 12:10:01,433 - mazeUtils.device.camera - [camera.py:39] - DEBUG - Average HSV: H=107.7, S=94.7, V=11.2
2026-06-20 12:10:01,461 - mazeUtils.moveTile - [moveTile.py:79] - DEBUG - roll: 2.2999999999999545 deg, practicalMoveTime: 0.038592694284567894 sec
2026-06-20 12:10:01,462 - mazeUtils.moveTile - [moveTile.py:1398] - DEBUG - moveTile loop time: 37.2 ms
2026-06-20 12:10:01,468 - picamera2.picamera2 - [picamera2.py:1391] - DEBUG - Execute job: <picamera2.job.Job object at 0x7f8086ae90>
2026-06-20 12:10:01,472 - mazeUtils.device.camera - [camera.py:39] - DEBUG - Average HSV: H=108.4, S=91.4, V=11.1
2026-06-20 12:10:01,499 - mazeUtils.moveTile - [moveTile.py:79] - DEBUG - roll: 2.3999999999999773 deg, practicalMoveTime: 0.07570024707623724 sec
2026-06-20 12:10:01,499 - mazeUtils.moveTile - [moveTile.py:1398] - DEBUG - moveTile loop time: 37.3 ms
2026-06-20 12:10:01,505 - picamera2.picamera2 - [picamera2.py:1391] - DEBUG - Execute job: <picamera2.job.Job object at 0x7f80869e50>
2026-06-20 12:10:01,508 - mazeUtils.device.camera - [camera.py:39] - DEBUG - Average HSV: H=106.9, S=93.1, V=10.9
2026-06-20 12:10:01,538 - mazeUtils.moveTile - [moveTile.py:79] - DEBUG - roll: 2.4599999999999795 deg, practicalMoveTime: 0.11416007316839283 sec
2026-06-20 12:10:01,538 - mazeUtils.moveTile - [moveTile.py:1398] - DEBUG - moveTile loop time: 38.8 ms
2026-06-20 12:10:01,545 - picamera2.picamera2 - [picamera2.py:1391] - DEBUG - Execute job: <picamera2.job.Job object at 0x7f7b975410>
2026-06-20 12:10:01,549 - mazeUtils.device.camera - [camera.py:39] - DEBUG - Average HSV: H=106.4, S=94.9, V=10.8
2026-06-20 12:10:01,583 - mazeUtils.moveTile - [moveTile.py:79] - DEBUG - roll: 3.919999999999959 deg, practicalMoveTime: 0.1586022216251715 sec
2026-06-20 12:10:01,583 - mazeUtils.moveTile - [moveTile.py:1398] - DEBUG - moveTile loop time: 44.8 ms
2026-06-20 12:10:01,594 - picamera2.picamera2 - [picamera2.py:1391] - DEBUG - Execute job: <picamera2.job.Job object at 0x7f8086a2d0>
2026-06-20 12:10:01,597 - mazeUtils.device.camera - [camera.py:39] - DEBUG - Average HSV: H=104.7, S=98.5, V=9.8
2026-06-20 12:10:01,623 - mazeUtils.moveTile - [moveTile.py:79] - DEBUG - roll: 2.319999999999993 deg, practicalMoveTime: 0.1977842130196248 sec
2026-06-20 12:10:01,623 - mazeUtils.moveTile - [moveTile.py:1398] - DEBUG - moveTile loop time: 39.5 ms
2026-06-20 12:10:01,631 - picamera2.picamera2 - [picamera2.py:1391] - DEBUG - Execute job: <picamera2.job.Job object at 0x7f80869e50>
2026-06-20 12:10:01,635 - mazeUtils.device.camera - [camera.py:39] - DEBUG - Average HSV: H=95.4, S=96.4, V=8.2
2026-06-20 12:10:01,664 - mazeUtils.moveTile - [moveTile.py:79] - DEBUG - roll: 3.6399999999999864 deg, practicalMoveTime: 0.2386135922560938 sec
2026-06-20 12:10:01,665 - mazeUtils.moveTile - [moveTile.py:1398] - DEBUG - moveTile loop time: 41.2 ms
2026-06-20 12:10:01,670 - picamera2.picamera2 - [picamera2.py:1391] - DEBUG - Execute job: <picamera2.job.Job object at 0x7f808d3f90>
2026-06-20 12:10:01,673 - mazeUtils.device.camera - [camera.py:39] - DEBUG - Average HSV: H=94.1, S=100.1, V=7.7
2026-06-20 12:10:01,719 - mazeUtils.moveTile - [moveTile.py:235] - INFO - Black tile detected! Stopping movement. Starting escape maneuver.
2026-06-20 12:10:02,000 - mazeUtils.moveTile - [moveTile.py:79] - DEBUG - Escape maneuver complete.
2026-06-20 12:10:02,040 - __main__ - [main.py:87] - INFO - Current position: (21, 15, 1), front direction: absDirection.EAST
Layer 0 (altitude=0.0cm, offset=(0.0cm, 0.0cm)):
Known map area: x=18..20, y=15..20
+   +---+   +
  U   E   B  
+---+   +---+
| E   E   E |
+---+   +   +
  U   U | E |
+   +   +   +
  U   U | E |
+   +   +   +
  U   U   E |
+   +   +   +
  U   U | S |
+   +   +---+
Layer 1 (altitude=15.0cm, offset=(-60.0cm, 0.0cm)):
Known map area: x=17..22, y=15..20
+   +   +---+   +---+   +
  U   U | E   U   @   B  
+   +   +   +   +   +   +
  U   U | E | U   E   U  
+   +   +   +   +   +   +
  U   U   E   U   E | U  
+   +   +   +   +   +   +
  U   U   E   E   E | U  
+---+---+   +   +   +   +
| E   E | E | U   U   U  
+   +   +   +   +   +   +
| E   E   E | U   U   U  
+---+---+---+   +   +   +
mazeAsGraph[0][15][19] = {absDirection.NORTH: None, absDirection.EAST: None, absDirection.SOUTH: (19, 16, 0, 30), absDirection.WEST: (19, 15, 1, 60)}
mazeAsGraph[0][15][20] = {absDirection.NORTH: None, absDirection.EAST: None, absDirection.SOUTH: None, absDirection.WEST: None}
mazeAsGraph[0][16][18] = {absDirection.NORTH: None, absDirection.EAST: (19, 16, 0, 30), absDirection.SOUTH: None, absDirection.WEST: None}
mazeAsGraph[0][16][19] = {absDirection.NORTH: (19, 15, 0, 30), absDirection.EAST: (20, 16, 0, 30), absDirection.SOUTH: (19, 17, 0, 30), absDirection.WEST: (18, 16, 0, 30)}
mazeAsGraph[0][16][20] = {absDirection.NORTH: None, absDirection.EAST: None, absDirection.SOUTH: (20, 17, 0, 30), absDirection.WEST: (19, 16, 0, 30)}
mazeAsGraph[0][17][20] = {absDirection.NORTH: (20, 16, 0, 30), absDirection.EAST: None, absDirection.SOUTH: (20, 18, 0, 30), absDirection.WEST: None}
mazeAsGraph[0][18][20] = {absDirection.NORTH: (20, 17, 0, 30), absDirection.EAST: None, absDirection.SOUTH: (20, 19, 0, 30), absDirection.WEST: None}
mazeAsGraph[0][19][20] = {absDirection.NORTH: (20, 18, 0, 30), absDirection.EAST: None, absDirection.SOUTH: (20, 20, 0, 30), absDirection.WEST: (19, 19, 0, 30)}
mazeAsGraph[0][20][20] = {absDirection.NORTH: (20, 19, 0, 30), absDirection.EAST: None, absDirection.SOUTH: None, absDirection.WEST: None}
mazeAsGraph[1][15][19] = {absDirection.NORTH: None, absDirection.EAST: (19, 15, 0, 60), absDirection.SOUTH: (19, 16, 1, 30), absDirection.WEST: None}
mazeAsGraph[1][15][21] = {absDirection.NORTH: None, absDirection.EAST: None, absDirection.SOUTH: (21, 16, 1, 30), absDirection.WEST: (20, 15, 1, 30)}
mazeAsGraph[1][15][22] = {absDirection.NORTH: None, absDirection.EAST: None, absDirection.SOUTH: None, absDirection.WEST: None}
mazeAsGraph[1][16][19] = {absDirection.NORTH: (19, 15, 1, 30), absDirection.EAST: None, absDirection.SOUTH: (19, 17, 1, 30), absDirection.WEST: None}
mazeAsGraph[1][16][21] = {absDirection.NORTH: (21, 15, 1, 30), absDirection.EAST: (22, 16, 1, 30), absDirection.SOUTH: (21, 17, 1, 30), absDirection.WEST: (20, 16, 1, 30)}
mazeAsGraph[1][17][19] = {absDirection.NORTH: (19, 16, 1, 30), absDirection.EAST: (20, 17, 1, 30), absDirection.SOUTH: (19, 18, 1, 30), absDirection.WEST: (18, 17, 1, 30)}
mazeAsGraph[1][17][21] = {absDirection.NORTH: (21, 16, 1, 30), absDirection.EAST: None, absDirection.SOUTH: (21, 18, 1, 30), absDirection.WEST: (20, 17, 1, 30)}
mazeAsGraph[1][18][19] = {absDirection.NORTH: (19, 17, 1, 30), absDirection.EAST: (20, 18, 1, 30), absDirection.SOUTH: (19, 19, 1, 30), absDirection.WEST: (18, 18, 1, 30)}
mazeAsGraph[1][18][20] = {absDirection.NORTH: (20, 17, 1, 30), absDirection.EAST: (21, 18, 1, 30), absDirection.SOUTH: (20, 19, 1, 30), absDirection.WEST: (19, 18, 1, 30)}
mazeAsGraph[1][18][21] = {absDirection.NORTH: (21, 17, 1, 30), absDirection.EAST: None, absDirection.SOUTH: (21, 19, 1, 30), absDirection.WEST: (20, 18, 1, 30)}
mazeAsGraph[1][19][17] = {absDirection.NORTH: None, absDirection.EAST: (18, 19, 1, 30), absDirection.SOUTH: (17, 20, 1, 30), absDirection.WEST: None}
mazeAsGraph[1][19][18] = {absDirection.NORTH: None, absDirection.EAST: None, absDirection.SOUTH: (18, 20, 1, 30), absDirection.WEST: (17, 19, 1, 30)}
mazeAsGraph[1][19][19] = {absDirection.NORTH: (19, 18, 1, 30), absDirection.EAST: None, absDirection.SOUTH: (19, 20, 1, 30), absDirection.WEST: None}
mazeAsGraph[1][20][17] = {absDirection.NORTH: (17, 19, 1, 30), absDirection.EAST: (18, 20, 1, 30), absDirection.SOUTH: None, absDirection.WEST: None}
mazeAsGraph[1][20][18] = {absDirection.NORTH: (18, 19, 1, 30), absDirection.EAST: (19, 20, 1, 30), absDirection.SOUTH: None, absDirection.WEST: (17, 20, 1, 30)}
mazeAsGraph[1][20][19] = {absDirection.NORTH: (19, 19, 1, 30), absDirection.EAST: None, absDirection.SOUTH: None, absDirection.WEST: (18, 20, 1, 30)}
2026-06-20 12:10:02,047 - mazeUtils.mazeMap - [mazeMap.py:61] - INFO - next goal: (20, 15, 1)
2026-06-20 12:10:02,054 - mazeUtils.moveTile - [moveTile.py:79] - DEBUG - Moving to absDirection.WEST from (21, 15, 1) facing absDirection.EAST
2026-06-20 12:10:02,060 - mazeUtils.moveTile - [moveTile.py:79] - DEBUG - Turning to 90 deg, current heading: 267.92 deg, turnAngle: 177.92000000000002 deg
2026-06-20 12:10:02,085 - mazeUtils.moveTile - [moveTile.py:79] - DEBUG - gyro:267.96000000000004 deg, derivative: 0.040000000000020464, turnSpeed: 100
2026-06-20 12:10:02,113 - mazeUtils.moveTile - [moveTile.py:79] - DEBUG - gyro:268.05 deg, derivative: 0.08999999999997499, turnSpeed: 100
2026-06-20 12:10:02,138 - mazeUtils.moveTile - [moveTile.py:79] - DEBUG - gyro:267.38 deg, derivative: -0.6700000000000159, turnSpeed: 100
2026-06-20 12:10:02,165 - mazeUtils.moveTile - [moveTile.py:79] - DEBUG - gyro:267.03000000000003 deg, derivative: -0.3499999999999659, turnSpeed: 100
2026-06-20 12:10:02,191 - mazeUtils.moveTile - [moveTile.py:79] - DEBUG - gyro:265.93 deg, derivative: -1.1000000000000227, turnSpeed: 100
2026-06-20 12:10:02,220 - mazeUtils.moveTile - [moveTile.py:79] - DEBUG - gyro:264.26 deg, derivative: -1.670000000000016, turnSpeed: 100
2026-06-20 12:10:02,243 - mazeUtils.moveTile - [moveTile.py:79] - DEBUG - gyro:260.62 deg, derivative: -3.6399999999999864, turnSpeed: 100
2026-06-20 12:10:02,267 - mazeUtils.moveTile - [moveTile.py:79] - DEBUG - gyro:256.1 deg, derivative: -4.519999999999982, turnSpeed: 100
2026-06-20 12:10:02,297 - mazeUtils.moveTile - [moveTile.py:79] - DEBUG - gyro:252.21 deg, derivative: -3.890000000000015, turnSpeed: 100
2026-06-20 12:10:02,321 - mazeUtils.moveTile - [moveTile.py:79] - DEBUG - gyro:247.68 deg, derivative: -4.530000000000001, turnSpeed: 100
2026-06-20 12:10:02,349 - mazeUtils.moveTile - [moveTile.py:79] - DEBUG - gyro:244.59 deg, derivative: -3.0900000000000034, turnSpeed: 100
2026-06-20 12:10:02,374 - mazeUtils.moveTile - [moveTile.py:79] - DEBUG - gyro:241.44 deg, derivative: -3.1500000000000057, turnSpeed: 100
2026-06-20 12:10:02,404 - mazeUtils.moveTile - [moveTile.py:79] - DEBUG - gyro:238.47 deg, derivative: -2.969999999999999, turnSpeed: 100
2026-06-20 12:10:02,428 - mazeUtils.moveTile - [moveTile.py:79] - DEBUG - gyro:233.85000000000002 deg, derivative: -4.619999999999976, turnSpeed: 100
2026-06-20 12:10:02,456 - mazeUtils.moveTile - [moveTile.py:79] - DEBUG - gyro:229.88000000000002 deg, derivative: -3.969999999999999, turnSpeed: 100
2026-06-20 12:10:02,481 - mazeUtils.moveTile - [moveTile.py:79] - DEBUG - gyro:227.04000000000002 deg, derivative: -2.8400000000000034, turnSpeed: 100
2026-06-20 12:10:02,503 - mazeUtils.moveTile - [moveTile.py:79] - DEBUG - gyro:223.60000000000002 deg, derivative: -3.4399999999999977, turnSpeed: 100
2026-06-20 12:10:02,526 - mazeUtils.moveTile - [moveTile.py:79] - DEBUG - gyro:220.42000000000002 deg, derivative: -3.180000000000007, turnSpeed: 100
2026-06-20 12:10:02,554 - mazeUtils.moveTile - [moveTile.py:79] - DEBUG - gyro:217.67000000000002 deg, derivative: -2.75, turnSpeed: 100
2026-06-20 12:10:02,578 - mazeUtils.moveTile - [moveTile.py:79] - DEBUG - gyro:213.69 deg, derivative: -3.980000000000018, turnSpeed: 100
2026-06-20 12:10:02,604 - mazeUtils.moveTile - [moveTile.py:79] - DEBUG - gyro:210.58 deg, derivative: -3.109999999999985, turnSpeed: 100
2026-06-20 12:10:02,628 - mazeUtils.moveTile - [moveTile.py:79] - DEBUG - gyro:207.15 deg, derivative: -3.430000000000007, turnSpeed: 100
2026-06-20 12:10:02,651 - mazeUtils.moveTile - [moveTile.py:79] - DEBUG - gyro:203.34 deg, derivative: -3.8100000000000023, turnSpeed: 100
2026-06-20 12:10:02,674 - mazeUtils.moveTile - [moveTile.py:79] - DEBUG - gyro:199.67000000000002 deg, derivative: -3.6699999999999875, turnSpeed: 100
2026-06-20 12:10:02,699 - mazeUtils.moveTile - [moveTile.py:79] - DEBUG - gyro:196.5 deg, derivative: -3.170000000000016, turnSpeed: 100
2026-06-20 12:10:02,730 - mazeUtils.moveTile - [moveTile.py:79] - DEBUG - gyro:193.11 deg, derivative: -3.3899999999999864, turnSpeed: 100
2026-06-20 12:10:02,753 - mazeUtils.moveTile - [moveTile.py:79] - DEBUG - gyro:188.22 deg, derivative: -4.890000000000015, turnSpeed: 100
2026-06-20 12:10:02,780 - mazeUtils.moveTile - [moveTile.py:79] - DEBUG - gyro:184.53 deg, derivative: -3.6899999999999977, turnSpeed: 100
2026-06-20 12:10:02,805 - mazeUtils.moveTile - [moveTile.py:79] - DEBUG - gyro:180.75 deg, derivative: -3.780000000000001, turnSpeed: 100
2026-06-20 12:10:02,829 - mazeUtils.moveTile - [moveTile.py:79] - DEBUG - gyro:177.93 deg, derivative: -2.819999999999993, turnSpeed: 100
2026-06-20 12:10:02,851 - mazeUtils.moveTile - [moveTile.py:79] - DEBUG - gyro:174.44 deg, derivative: -3.490000000000009, turnSpeed: 100
2026-06-20 12:10:02,874 - mazeUtils.moveTile - [moveTile.py:79] - DEBUG - gyro:171.02 deg, derivative: -3.4199999999999875, turnSpeed: 100
2026-06-20 12:10:02,903 - mazeUtils.moveTile - [moveTile.py:79] - DEBUG - gyro:167.95000000000002 deg, derivative: -3.069999999999993, turnSpeed: 100
2026-06-20 12:10:02,926 - mazeUtils.moveTile - [moveTile.py:79] - DEBUG - gyro:164.11 deg, derivative: -3.8400000000000034, turnSpeed: 100
2026-06-20 12:10:02,949 - mazeUtils.moveTile - [moveTile.py:79] - DEBUG - gyro:161.13000000000002 deg, derivative: -2.9799999999999898, turnSpeed: 100
2026-06-20 12:10:02,975 - mazeUtils.moveTile - [moveTile.py:79] - DEBUG - gyro:157.70000000000002 deg, derivative: -3.430000000000007, turnSpeed: 100
2026-06-20 12:10:03,004 - mazeUtils.moveTile - [moveTile.py:79] - DEBUG - gyro:154.93 deg, derivative: -2.7700000000000102, turnSpeed: 100
2026-06-20 12:10:03,027 - mazeUtils.moveTile - [moveTile.py:79] - DEBUG - gyro:151.32000000000002 deg, derivative: -3.609999999999985, turnSpeed: 100
2026-06-20 12:10:03,052 - mazeUtils.moveTile - [moveTile.py:79] - DEBUG - gyro:148.13000000000002 deg, derivative: -3.1899999999999977, turnSpeed: 100
2026-06-20 12:10:03,082 - mazeUtils.moveTile - [moveTile.py:79] - DEBUG - gyro:144.81 deg, derivative: -3.3200000000000216, turnSpeed: 100
2026-06-20 12:10:03,107 - mazeUtils.moveTile - [moveTile.py:79] - DEBUG - gyro:140.10000000000002 deg, derivative: -4.7099999999999795, turnSpeed: 100
2026-06-20 12:10:03,134 - mazeUtils.moveTile - [moveTile.py:79] - DEBUG - gyro:136.93 deg, derivative: -3.170000000000016, turnSpeed: 93.86000000000001
2026-06-20 12:10:03,158 - mazeUtils.moveTile - [moveTile.py:79] - DEBUG - gyro:132.75 deg, derivative: -4.180000000000007, turnSpeed: 85.5
2026-06-20 12:10:03,182 - mazeUtils.moveTile - [moveTile.py:79] - DEBUG - gyro:129.36 deg, derivative: -3.3899999999999864, turnSpeed: 78.72000000000003
2026-06-20 12:10:03,204 - mazeUtils.moveTile - [moveTile.py:79] - DEBUG - gyro:126.31 deg, derivative: -3.0500000000000114, turnSpeed: 72.62
2026-06-20 12:10:03,230 - mazeUtils.moveTile - [moveTile.py:79] - DEBUG - gyro:123.93 deg, derivative: -2.3799999999999955, turnSpeed: 67.86000000000001
2026-06-20 12:10:03,254 - mazeUtils.moveTile - [moveTile.py:79] - DEBUG - gyro:121.31 deg, derivative: -2.6200000000000045, turnSpeed: 62.620000000000005
2026-06-20 12:10:03,277 - mazeUtils.moveTile - [moveTile.py:79] - DEBUG - gyro:119.04000000000002 deg, derivative: -2.269999999999982, turnSpeed: 58.08000000000004
2026-06-20 12:10:03,300 - mazeUtils.moveTile - [moveTile.py:79] - DEBUG - gyro:116.91000000000003 deg, derivative: -2.1299999999999955, turnSpeed: 53.82000000000005
2026-06-20 12:10:03,328 - mazeUtils.moveTile - [moveTile.py:79] - DEBUG - gyro:114.92000000000002 deg, derivative: -1.990000000000009, turnSpeed: 49.84000000000003
2026-06-20 12:10:03,353 - mazeUtils.moveTile - [moveTile.py:79] - DEBUG - gyro:113.52000000000001 deg, derivative: -1.4000000000000057, turnSpeed: 47.04000000000002
2026-06-20 12:10:03,381 - mazeUtils.moveTile - [moveTile.py:79] - DEBUG - gyro:111.45000000000002 deg, derivative: -2.069999999999993, turnSpeed: 42.900000000000034
2026-06-20 12:10:03,404 - mazeUtils.moveTile - [moveTile.py:79] - DEBUG - gyro:109.74000000000001 deg, derivative: -1.710000000000008, turnSpeed: 39.48000000000002
2026-06-20 12:10:03,430 - mazeUtils.moveTile - [moveTile.py:79] - DEBUG - gyro:107.81 deg, derivative: -1.9300000000000068, turnSpeed: 35.620000000000005
2026-06-20 12:10:03,460 - mazeUtils.moveTile - [moveTile.py:79] - DEBUG - gyro:106.44 deg, derivative: -1.3700000000000045, turnSpeed: 32.879999999999995
2026-06-20 12:10:03,483 - mazeUtils.moveTile - [moveTile.py:79] - DEBUG - gyro:104.75999999999999 deg, derivative: -1.6800000000000068, turnSpeed: 29.519999999999982
2026-06-20 12:10:03,506 - mazeUtils.moveTile - [moveTile.py:79] - DEBUG - gyro:103.59000000000003 deg, derivative: -1.169999999999959, turnSpeed: 27.180000000000064
2026-06-20 12:10:03,532 - mazeUtils.moveTile - [moveTile.py:79] - DEBUG - gyro:102.61000000000001 deg, derivative: -0.9800000000000182, turnSpeed: 25.220000000000027
2026-06-20 12:10:03,557 - mazeUtils.moveTile - [moveTile.py:79] - DEBUG - gyro:101.78000000000003 deg, derivative: -0.8299999999999841, turnSpeed: 23.56000000000006
2026-06-20 12:10:03,586 - mazeUtils.moveTile - [moveTile.py:79] - DEBUG - gyro:100.83000000000004 deg, derivative: -0.9499999999999886, turnSpeed: 21.660000000000082
2026-06-20 12:10:03,614 - mazeUtils.moveTile - [moveTile.py:79] - DEBUG - gyro:100.0 deg, derivative: -0.8300000000000409, turnSpeed: 20.0
2026-06-20 12:10:03,638 - mazeUtils.moveTile - [moveTile.py:79] - DEBUG - gyro:98.98000000000002 deg, derivative: -1.0199999999999818, turnSpeed: 17.960000000000036
2026-06-20 12:10:03,665 - mazeUtils.moveTile - [moveTile.py:79] - DEBUG - gyro:98.05000000000001 deg, derivative: -0.9300000000000068, turnSpeed: 16.100000000000023
2026-06-20 12:10:03,694 - mazeUtils.moveTile - [moveTile.py:79] - DEBUG - gyro:97.21000000000004 deg, derivative: -0.839999999999975, turnSpeed: 14.420000000000073
2026-06-20 12:10:03,717 - mazeUtils.moveTile - [moveTile.py:79] - DEBUG - gyro:96.63999999999999 deg, derivative: -0.57000000000005, turnSpeed: 13.279999999999973
2026-06-20 12:10:03,745 - mazeUtils.moveTile - [moveTile.py:79] - DEBUG - gyro:96.17000000000002 deg, derivative: -0.46999999999997044, turnSpeed: 12.340000000000032
2026-06-20 12:10:03,769 - mazeUtils.moveTile - [moveTile.py:79] - DEBUG - gyro:95.88999999999999 deg, derivative: -0.28000000000002956, turnSpeed: 11.779999999999973
2026-06-20 12:10:03,791 - mazeUtils.moveTile - [moveTile.py:79] - DEBUG - gyro:95.48000000000002 deg, derivative: -0.40999999999996817, turnSpeed: 10.960000000000036
2026-06-20 12:10:03,818 - mazeUtils.moveTile - [moveTile.py:79] - DEBUG - gyro:95.11000000000001 deg, derivative: -0.37000000000000455, turnSpeed: 10.220000000000027
2026-06-20 12:10:03,845 - mazeUtils.moveTile - [moveTile.py:79] - DEBUG - gyro:94.64999999999998 deg, derivative: -0.4600000000000364, turnSpeed: 9.299999999999955
2026-06-20 12:10:03,868 - mazeUtils.moveTile - [moveTile.py:79] - DEBUG - gyro:94.18 deg, derivative: -0.46999999999997044, turnSpeed: 8.360000000000014
2026-06-20 12:10:03,895 - mazeUtils.moveTile - [moveTile.py:79] - DEBUG - gyro:93.92000000000002 deg, derivative: -0.2599999999999909, turnSpeed: 7.840000000000032
2026-06-20 12:10:03,921 - mazeUtils.moveTile - [moveTile.py:79] - DEBUG - gyro:93.63 deg, derivative: -0.29000000000002046, turnSpeed: 7.259999999999991
2026-06-20 12:10:03,949 - mazeUtils.moveTile - [moveTile.py:79] - DEBUG - gyro:93.34000000000003 deg, derivative: -0.2899999999999636, turnSpeed: 6.680000000000064
2026-06-20 12:10:03,973 - mazeUtils.moveTile - [moveTile.py:79] - DEBUG - gyro:93.10000000000002 deg, derivative: -0.2400000000000091, turnSpeed: 6.2000000000000455
2026-06-20 12:10:03,996 - mazeUtils.moveTile - [moveTile.py:79] - DEBUG - gyro:92.86000000000001 deg, derivative: -0.2400000000000091, turnSpeed: 5.720000000000027
2026-06-20 12:10:04,024 - mazeUtils.moveTile - [moveTile.py:79] - DEBUG - gyro:92.62 deg, derivative: -0.2400000000000091, turnSpeed: 5.240000000000009
2026-06-20 12:10:04,049 - mazeUtils.moveTile - [moveTile.py:79] - DEBUG - gyro:92.48000000000002 deg, derivative: -0.13999999999998636, turnSpeed: 4.960000000000036
2026-06-20 12:10:04,076 - mazeUtils.moveTile - [moveTile.py:79] - DEBUG - gyro:92.28000000000003 deg, derivative: -0.19999999999998863, turnSpeed: 4.560000000000059
2026-06-20 12:10:04,100 - mazeUtils.moveTile - [moveTile.py:79] - DEBUG - gyro:92.12 deg, derivative: -0.160000000000025, turnSpeed: 4.240000000000009
2026-06-20 12:10:04,129 - mazeUtils.moveTile - [moveTile.py:79] - DEBUG - gyro:92.01999999999998 deg, derivative: -0.10000000000002274, turnSpeed: 4.039999999999964
2026-06-20 12:10:04,153 - mazeUtils.moveTile - [moveTile.py:79] - DEBUG - gyro:91.87 deg, derivative: -0.14999999999997726, turnSpeed: 3.740000000000009
2026-06-20 12:10:04,184 - mazeUtils.moveTile - [moveTile.py:79] - DEBUG - gyro:91.68 deg, derivative: -0.18999999999999773, turnSpeed: 3.3600000000000136
2026-06-20 12:10:04,209 - mazeUtils.moveTile - [moveTile.py:79] - DEBUG - gyro:91.50999999999999 deg, derivative: -0.17000000000001592, turnSpeed: 3.019999999999982
2026-06-20 12:10:04,237 - mazeUtils.moveTile - [moveTile.py:79] - DEBUG - gyro:91.41000000000003 deg, derivative: -0.0999999999999659, turnSpeed: 2.82000000000005
2026-06-20 12:10:04,263 - mazeUtils.moveTile - [moveTile.py:79] - DEBUG - gyro:91.36000000000001 deg, derivative: -0.05000000000001137, turnSpeed: 2.7200000000000273
2026-06-20 12:10:04,287 - mazeUtils.moveTile - [moveTile.py:79] - DEBUG - gyro:91.26999999999998 deg, derivative: -0.09000000000003183, turnSpeed: 2.5399999999999636
2026-06-20 12:10:04,320 - mazeUtils.moveTile - [moveTile.py:79] - DEBUG - gyro:91.20000000000005 deg, derivative: -0.06999999999993634, turnSpeed: 2.400000000000091
2026-06-20 12:10:04,344 - mazeUtils.moveTile - [moveTile.py:79] - DEBUG - gyro:91.09000000000003 deg, derivative: -0.11000000000001364, turnSpeed: 2.1800000000000637
2026-06-20 12:10:04,367 - mazeUtils.moveTile - [moveTile.py:79] - DEBUG - gyro:90.99000000000001 deg, derivative: -0.10000000000002274, turnSpeed: 1.9800000000000182
2026-06-20 12:10:04,392 - mazeUtils.moveTile - [moveTile.py:79] - DEBUG - gyro:90.94 deg, derivative: -0.05000000000001137, turnSpeed: 1.8799999999999955
2026-06-20 12:10:04,416 - mazeUtils.moveTile - [moveTile.py:79] - DEBUG - gyro:90.88999999999999 deg, derivative: -0.05000000000001137, turnSpeed: 1.7799999999999727
2026-06-20 12:10:04,443 - mazeUtils.moveTile - [moveTile.py:79] - DEBUG - gyro:90.84000000000003 deg, derivative: -0.049999999999954525, turnSpeed: 1.6800000000000637
2026-06-20 12:10:04,471 - mazeUtils.moveTile - [moveTile.py:79] - DEBUG - gyro:90.81 deg, derivative: -0.03000000000002956, turnSpeed: 1.6200000000000045
2026-06-20 12:10:04,502 - mazeUtils.moveTile - [moveTile.py:79] - DEBUG - gyro:90.78000000000003 deg, derivative: -0.029999999999972715, turnSpeed: 1.5600000000000591
2026-06-20 12:10:04,526 - mazeUtils.moveTile - [moveTile.py:79] - DEBUG - Turned to heading: 90.78000000000003 deg
2026-06-20 12:10:04,732 - picamera2.picamera2 - [picamera2.py:1391] - DEBUG - Execute job: <picamera2.job.Job object at 0x7f69757490>
2026-06-20 12:10:04,737 - mazeUtils.device.camera - [camera.py:39] - DEBUG - Average HSV: H=131.5, S=98.5, V=111.6
2026-06-20 12:10:04,778 - mazeUtils.moveTile - [moveTile.py:79] - DEBUG - roll: 2.339999999999975 deg, practicalMoveTime: 0.055241258913269115 sec
2026-06-20 12:10:04,779 - mazeUtils.moveTile - [moveTile.py:1398] - DEBUG - moveTile loop time: 53.2 ms
2026-06-20 12:10:04,783 - picamera2.picamera2 - [picamera2.py:1391] - DEBUG - Execute job: <picamera2.job.Job object at 0x7f8093b1d0>
2026-06-20 12:10:04,787 - mazeUtils.device.camera - [camera.py:39] - DEBUG - Average HSV: H=129.6, S=97.0, V=121.8
2026-06-20 12:10:04,813 - mazeUtils.moveTile - [moveTile.py:79] - DEBUG - roll: 2.589999999999975 deg, practicalMoveTime: 0.08924098231045141 sec
2026-06-20 12:10:04,813 - mazeUtils.moveTile - [moveTile.py:1398] - DEBUG - moveTile loop time: 34.3 ms
2026-06-20 12:10:04,819 - picamera2.picamera2 - [picamera2.py:1391] - DEBUG - Execute job: <picamera2.job.Job object at 0x7f8ad20bd0>
2026-06-20 12:10:04,823 - mazeUtils.device.camera - [camera.py:39] - DEBUG - Average HSV: H=124.6, S=95.0, V=137.6
2026-06-20 12:10:04,851 - mazeUtils.moveTile - [moveTile.py:79] - DEBUG - roll: 1.8599999999999568 deg, practicalMoveTime: 0.1266684662136967 sec
2026-06-20 12:10:04,851 - mazeUtils.moveTile - [moveTile.py:1398] - DEBUG - moveTile loop time: 37.7 ms
2026-06-20 12:10:04,855 - picamera2.picamera2 - [picamera2.py:1391] - DEBUG - Execute job: <picamera2.job.Job object at 0x7f8ad22d90>
2026-06-20 12:10:04,858 - mazeUtils.device.camera - [camera.py:39] - DEBUG - Average HSV: H=123.8, S=87.2, V=146.3
2026-06-20 12:10:04,889 - mazeUtils.moveTile - [moveTile.py:79] - DEBUG - roll: 3.569999999999993 deg, practicalMoveTime: 0.16431642420013426 sec
2026-06-20 12:10:04,889 - mazeUtils.moveTile - [moveTile.py:1398] - DEBUG - moveTile loop time: 38.0 ms
2026-06-20 12:10:04,899 - picamera2.picamera2 - [picamera2.py:1391] - DEBUG - Execute job: <picamera2.job.Job object at 0x7f8ad22d90>
2026-06-20 12:10:04,902 - mazeUtils.device.camera - [camera.py:39] - DEBUG - Average HSV: H=123.8, S=87.1, V=147.9
2026-06-20 12:10:04,929 - mazeUtils.moveTile - [moveTile.py:79] - DEBUG - roll: 0.6299999999999955 deg, practicalMoveTime: 0.20404147206441098 sec
2026-06-20 12:10:04,930 - mazeUtils.moveTile - [moveTile.py:1398] - DEBUG - moveTile loop time: 40.0 ms
2026-06-20 12:10:04,935 - picamera2.picamera2 - [picamera2.py:1391] - DEBUG - Execute job: <picamera2.job.Job object at 0x7f8ad22e10>
2026-06-20 12:10:04,938 - mazeUtils.device.camera - [camera.py:39] - DEBUG - Average HSV: H=122.9, S=95.3, V=151.5
2026-06-20 12:10:04,976 - mazeUtils.moveTile - [moveTile.py:79] - DEBUG - roll: 0.8199999999999932 deg, practicalMoveTime: 0.2504339296645402 sec
2026-06-20 12:10:04,977 - mazeUtils.moveTile - [moveTile.py:1398] - DEBUG - moveTile loop time: 46.6 ms
2026-06-20 12:10:04,981 - picamera2.picamera2 - [picamera2.py:1391] - DEBUG - Execute job: <picamera2.job.Job object at 0x7f6972e950>
2026-06-20 12:10:04,985 - mazeUtils.device.camera - [camera.py:39] - DEBUG - Average HSV: H=121.7, S=104.8, V=148.0
2026-06-20 12:10:05,011 - mazeUtils.moveTile - [moveTile.py:79] - DEBUG - roll: 3.0 deg, practicalMoveTime: 0.28477367689509797 sec
2026-06-20 12:10:05,011 - mazeUtils.moveTile - [moveTile.py:1398] - DEBUG - moveTile loop time: 34.7 ms
2026-06-20 12:10:05,018 - picamera2.picamera2 - [picamera2.py:1391] - DEBUG - Execute job: <picamera2.job.Job object at 0x7f6972eb10>
2026-06-20 12:10:05,021 - mazeUtils.device.camera - [camera.py:39] - DEBUG - Average HSV: H=121.7, S=103.6, V=153.6
2026-06-20 12:10:05,047 - mazeUtils.moveTile - [moveTile.py:79] - DEBUG - roll: 6.479999999999961 deg, practicalMoveTime: 0.32029803681344426 sec
2026-06-20 12:10:05,048 - mazeUtils.moveTile - [moveTile.py:1398] - DEBUG - moveTile loop time: 36.2 ms
2026-06-20 12:10:05,052 - picamera2.picamera2 - [picamera2.py:1391] - DEBUG - Execute job: <picamera2.job.Job object at 0x7f808d3f90>
2026-06-20 12:10:05,055 - mazeUtils.device.camera - [camera.py:39] - DEBUG - Average HSV: H=121.6, S=103.6, V=155.3
2026-06-20 12:10:05,084 - mazeUtils.moveTile - [moveTile.py:79] - DEBUG - roll: 6.5 deg, practicalMoveTime: 0.3564511028452935 sec
2026-06-20 12:10:05,085 - mazeUtils.moveTile - [moveTile.py:1398] - DEBUG - moveTile loop time: 36.7 ms
2026-06-20 12:10:05,092 - picamera2.picamera2 - [picamera2.py:1391] - DEBUG - Execute job: <picamera2.job.Job object at 0x7f8ad22e10>
2026-06-20 12:10:05,096 - mazeUtils.device.camera - [camera.py:39] - DEBUG - Average HSV: H=122.2, S=99.0, V=155.6
2026-06-20 12:10:05,126 - mazeUtils.moveTile - [moveTile.py:79] - DEBUG - roll: 11.810000000000002 deg, practicalMoveTime: 0.384609167120439 sec
2026-06-20 12:10:05,127 - mazeUtils.moveTile - [moveTile.py:1398] - DEBUG - moveTile loop time: 41.4 ms
2026-06-20 12:10:05,131 - picamera2.picamera2 - [picamera2.py:1391] - DEBUG - Execute job: <picamera2.job.Job object at 0x7f808d3f90>
2026-06-20 12:10:05,133 - mazeUtils.device.camera - [camera.py:39] - DEBUG - Average HSV: H=122.0, S=98.8, V=156.1
2026-06-20 12:10:05,165 - mazeUtils.moveTile - [moveTile.py:79] - DEBUG - roll: 12.489999999999952 deg, practicalMoveTime: 0.41065125044870643 sec
2026-06-20 12:10:05,165 - mazeUtils.moveTile - [moveTile.py:1398] - DEBUG - moveTile loop time: 38.3 ms
2026-06-20 12:10:05,177 - picamera2.picamera2 - [picamera2.py:1391] - DEBUG - Execute job: <picamera2.job.Job object at 0x7f8093b1d0>
2026-06-20 12:10:05,182 - mazeUtils.device.camera - [camera.py:39] - DEBUG - Average HSV: H=121.9, S=98.8, V=156.5
2026-06-20 12:10:05,211 - mazeUtils.moveTile - [moveTile.py:79] - DEBUG - roll: 14.509999999999991 deg, practicalMoveTime: 0.44187735590909566 sec
2026-06-20 12:10:05,212 - mazeUtils.moveTile - [moveTile.py:1398] - DEBUG - moveTile loop time: 46.4 ms
2026-06-20 12:10:05,221 - picamera2.picamera2 - [picamera2.py:1391] - DEBUG - Execute job: <picamera2.job.Job object at 0x7f808d3f90>
2026-06-20 12:10:05,224 - mazeUtils.device.camera - [camera.py:39] - DEBUG - Average HSV: H=121.8, S=98.4, V=156.9
2026-06-20 12:10:05,261 - mazeUtils.moveTile - [moveTile.py:79] - DEBUG - roll: 18.17999999999995 deg, practicalMoveTime: 0.4748017782187596 sec
2026-06-20 12:10:05,262 - mazeUtils.moveTile - [moveTile.py:1398] - DEBUG - moveTile loop time: 49.7 ms
2026-06-20 12:10:05,266 - picamera2.picamera2 - [picamera2.py:1391] - DEBUG - Execute job: <picamera2.job.Job object at 0x7f8d8f2f50>
2026-06-20 12:10:05,269 - mazeUtils.device.camera - [camera.py:39] - DEBUG - Average HSV: H=121.5, S=98.5, V=160.4
2026-06-20 12:10:05,293 - mazeUtils.moveTile - [moveTile.py:79] - DEBUG - roll: 21.109999999999957 deg, practicalMoveTime: 0.4952733746139291 sec
2026-06-20 12:10:05,294 - mazeUtils.moveTile - [moveTile.py:1398] - DEBUG - moveTile loop time: 31.6 ms
2026-06-20 12:10:05,301 - picamera2.picamera2 - [picamera2.py:1391] - DEBUG - Execute job: <picamera2.job.Job object at 0x7f6972ea90>
2026-06-20 12:10:05,304 - mazeUtils.device.camera - [camera.py:39] - DEBUG - Average HSV: H=121.5, S=99.6, V=158.5
2026-06-20 12:10:05,342 - mazeUtils.moveTile - [moveTile.py:79] - DEBUG - roll: 22.029999999999973 deg, practicalMoveTime: 0.5266666699905039 sec
2026-06-20 12:10:05,342 - mazeUtils.moveTile - [moveTile.py:1398] - DEBUG - moveTile loop time: 48.6 ms
2026-06-20 12:10:05,349 - picamera2.picamera2 - [picamera2.py:1391] - DEBUG - Execute job: <picamera2.job.Job object at 0x7f8d8f2f50>
2026-06-20 12:10:05,352 - mazeUtils.device.camera - [camera.py:39] - DEBUG - Average HSV: H=121.2, S=97.2, V=161.9
2026-06-20 12:10:05,383 - mazeUtils.moveTile - [moveTile.py:79] - DEBUG - roll: 26.41999999999996 deg, practicalMoveTime: 0.5518846654367258 sec
2026-06-20 12:10:05,383 - mazeUtils.moveTile - [moveTile.py:1398] - DEBUG - moveTile loop time: 40.4 ms
2026-06-20 12:10:05,391 - picamera2.picamera2 - [picamera2.py:1391] - DEBUG - Execute job: <picamera2.job.Job object at 0x7f8ad22d90>
2026-06-20 12:10:05,394 - mazeUtils.device.camera - [camera.py:39] - DEBUG - Average HSV: H=121.3, S=94.5, V=163.2
2026-06-20 12:10:05,422 - mazeUtils.moveTile - [moveTile.py:79] - DEBUG - roll: 28.44999999999999 deg, practicalMoveTime: 0.5758484265656637 sec
2026-06-20 12:10:05,423 - mazeUtils.moveTile - [moveTile.py:1398] - DEBUG - moveTile loop time: 39.4 ms
2026-06-20 12:10:05,428 - picamera2.picamera2 - [picamera2.py:1391] - DEBUG - Execute job: <picamera2.job.Job object at 0x7f8093b1d0>
2026-06-20 12:10:05,431 - mazeUtils.device.camera - [camera.py:39] - DEBUG - Average HSV: H=121.3, S=95.2, V=161.5
2026-06-20 12:10:05,462 - mazeUtils.moveTile - [moveTile.py:79] - DEBUG - roll: 29.039999999999964 deg, practicalMoveTime: 0.5997519221584655 sec
2026-06-20 12:10:05,462 - mazeUtils.moveTile - [moveTile.py:1398] - DEBUG - moveTile loop time: 39.4 ms
2026-06-20 12:10:05,469 - picamera2.picamera2 - [picamera2.py:1391] - DEBUG - Execute job: <picamera2.job.Job object at 0x7f8d8f2f50>
2026-06-20 12:10:05,472 - mazeUtils.device.camera - [camera.py:39] - DEBUG - Average HSV: H=121.3, S=94.9, V=160.8
2026-06-20 12:10:05,501 - mazeUtils.moveTile - [moveTile.py:79] - DEBUG - roll: 29.0 deg, practicalMoveTime: 0.6234622198599271 sec
2026-06-20 12:10:05,502 - mazeUtils.moveTile - [moveTile.py:1398] - DEBUG - moveTile loop time: 39.0 ms
2026-06-20 12:10:05,509 - picamera2.picamera2 - [picamera2.py:1391] - DEBUG - Execute job: <picamera2.job.Job object at 0x7f6972e950>
2026-06-20 12:10:05,512 - mazeUtils.device.camera - [camera.py:39] - DEBUG - Average HSV: H=120.9, S=96.3, V=161.3
2026-06-20 12:10:05,539 - mazeUtils.moveTile - [moveTile.py:79] - DEBUG - roll: 29.029999999999973 deg, practicalMoveTime: 0.6464238932897909 sec
2026-06-20 12:10:05,540 - mazeUtils.moveTile - [moveTile.py:1398] - DEBUG - moveTile loop time: 37.7 ms
2026-06-20 12:10:05,550 - picamera2.picamera2 - [picamera2.py:1391] - DEBUG - Execute job: <picamera2.job.Job object at 0x7f8ad20e90>
2026-06-20 12:10:05,553 - mazeUtils.device.camera - [camera.py:39] - DEBUG - Average HSV: H=120.8, S=95.4, V=162.6
2026-06-20 12:10:05,586 - mazeUtils.moveTile - [moveTile.py:79] - DEBUG - roll: 28.69999999999999 deg, practicalMoveTime: 0.6745443029256419 sec
2026-06-20 12:10:05,586 - mazeUtils.moveTile - [moveTile.py:1398] - DEBUG - moveTile loop time: 46.1 ms
2026-06-20 12:10:05,595 - picamera2.picamera2 - [picamera2.py:1391] - DEBUG - Execute job: <picamera2.job.Job object at 0x7f8ad22e10>
2026-06-20 12:10:05,598 - mazeUtils.device.camera - [camera.py:39] - DEBUG - Average HSV: H=120.7, S=96.1, V=162.4
2026-06-20 12:10:05,623 - __main__ - [main.py:147] - INFO - Program interrupted by user.
2026-06-20 12:10:06,686 - mazeUtils.device.stm - [stm.py:216] - DEBUG - ACK resynchronized: type=STS_MOTOR dropped=3B seq=252
2026-06-20 12:10:07,202 - picamera2.picamera2 - [picamera2.py:1391] - DEBUG - Execute job: <picamera2.job.Job object at 0x7f69757490>
2026-06-20 12:10:07,218 - picamera2.picamera2 - [picamera2.py:1323] - INFO - Camera stopped
2026-06-20 12:10:07,419 - picamera2.picamera2 - [picamera2.py:1329] - DEBUG - Camera was not started
2026-06-20 12:10:07,622 - picamera2.picamera2 - [picamera2.py:723] - INFO - Camera closed successfully.
2026-06-20 12:10:07,797 - picamera2.picamera2 - [picamera2.py:500] - DEBUG - Resources now free: <picamera2.picamera2.Picamera2 object at 0x7f808ed9d0>
