2026-06-28 19:17:46,987 - root - [logging_config.py:61] - INFO - Logging initialized. Log file: /home/tuton/Kanto2026RPi/src/config/../logs/robot_20260628_191742.log
2026-06-28 19:17:49,034 - mazeUtils.device.LiDAR - [LiDAR.py:80] - INFO - Available ports: <ydlidar.Str2strMap; proxy of <Swig Object of type 'std::map< std::string,std::string > *' at 0x7f85f5d6b0> >
2026-06-28 19:17:53,017 - mazeUtils.moveTile - [moveTile.py:555] - DEBUG - overwrite the wall data
2026-06-28 19:17:53,038 - mazeUtils.moveTile - [moveTile.py:569] - DEBUG - Direction: absDirection.NORTH, Angle: 0, Distance: 166.09131644365632 cm
2026-06-28 19:17:53,041 - mazeUtils.moveTile - [moveTile.py:579] - INFO - angle: 0, result: judgeWallResult.NO_WALL
2026-06-28 19:17:53,043 - mazeUtils.moveTile - [moveTile.py:569] - DEBUG - Direction: absDirection.EAST, Angle: 270, Distance: 51.066671779618204 cm
2026-06-28 19:17:53,044 - mazeUtils.moveTile - [moveTile.py:569] - DEBUG - Direction: absDirection.SOUTH, Angle: 180, Distance: 15.890313768366276 cm
2026-06-28 19:17:53,047 - mazeUtils.moveTile - [moveTile.py:569] - DEBUG - Direction: absDirection.WEST, Angle: 90, Distance: 199.5 cm
2026-06-28 19:17:53,048 - __main__ - [main.py:68] - INFO - Initial Map:
2026-06-28 19:17:53,073 - __main__ - [main.py:69] - INFO - Current position: (20, 20, 0), front direction: absDirection.NORTH
Layer 0 (altitude=0.0cm, offset=(0.0cm, 0.0cm)):
Known map area: x=20..20, y=20..20
+   +
  @  
+---+
2026-06-28 19:17:54,161 - mazeUtils.mazeMap - [mazeMap.py:61] - INFO - next goal: (20, 19, 0)
2026-06-28 19:17:54,163 - __main__ - [main.py:75] - INFO - Next Direction: [<absDirection.NORTH: 0>]
2026-06-28 19:17:54,164 - __main__ - [main.py:76] - INFO - Exploration started.
2026-06-28 19:17:54,165 - mazeUtils.mazeMap - [mazeMap.py:61] - INFO - next goal: (20, 20, 0)
2026-06-28 19:17:54,167 - mazeUtils.moveTile - [moveTile.py:88] - DEBUG - [1072.621972] moveTile start direction=absDirection.NORTH position=(20, 20, 0) front=absDirection.NORTH
2026-06-28 19:17:54,174 - mazeUtils.moveTile - [moveTile.py:90] - DEBUG - [1072.628368] moveTile after initial toggle check (+6.4 ms)
2026-06-28 19:17:54,177 - mazeUtils.moveTile - [moveTile.py:90] - DEBUG - [1072.631514] moveTile after tile checks isRedTile=False isUnknownTileAhead=True (+3.1 ms)
2026-06-28 19:17:54,178 - mazeUtils.moveTile - [moveTile.py:79] - DEBUG - Moving to absDirection.NORTH from (20, 20, 0) facing absDirection.NORTH
2026-06-28 19:17:54,178 - mazeUtils.moveTile - [moveTile.py:90] - DEBUG - [1072.632751] moveTile start heading change target=0 (+1.2 ms)
2026-06-28 19:17:54,204 - mazeUtils.moveTile - [moveTile.py:79] - DEBUG - current heading: 359.94 target: 0
2026-06-28 19:17:54,224 - mazeUtils.moveTile - [moveTile.py:441] - DEBUG - stopped turning at heading: 359.94, diff: 0.060000000000002274
2026-06-28 19:17:54,271 - mazeUtils.moveTile - [moveTile.py:79] - DEBUG - Turned to heading: 359.95 deg
2026-06-28 19:17:54,272 - mazeUtils.moveTile - [moveTile.py:90] - DEBUG - [1072.726873] moveTile finished heading change (+94.1 ms)
2026-06-28 19:17:54,273 - mazeUtils.moveTile - [moveTile.py:90] - DEBUG - [1072.727398] Adjustment after ramp completed (+0.5 ms)
2026-06-28 19:17:54,273 - mazeUtils.moveTile - [moveTile.py:90] - DEBUG - [1072.727874] moveTile updated front direction (+0.5 ms)
2026-06-28 19:17:54,295 - mazeUtils.moveTile - [moveTile.py:90] - DEBUG - [1072.750123] moveTile stopped motors before alignment (+22.2 ms)
2026-06-28 19:17:54,477 - mazeUtils.moveTile - [moveTile.py:569] - DEBUG - Direction: absDirection.NORTH, Angle: 0, Distance: 168.5453844022755 cm
2026-06-28 19:17:54,480 - mazeUtils.moveTile - [moveTile.py:569] - DEBUG - Direction: absDirection.EAST, Angle: 270, Distance: 50.8815272497834 cm
2026-06-28 19:17:54,481 - mazeUtils.moveTile - [moveTile.py:569] - DEBUG - Direction: absDirection.SOUTH, Angle: 180, Distance: 16.060781589723653 cm
2026-06-28 19:17:54,483 - mazeUtils.moveTile - [moveTile.py:569] - DEBUG - Direction: absDirection.WEST, Angle: 90, Distance: 199.8695481591766 cm
2026-06-28 19:17:54,484 - mazeUtils.moveTile - [moveTile.py:90] - DEBUG - [1072.938716] moveTile start position adjustment using LiDAR for back wall. (+188.6 ms)
2026-06-28 19:17:54,508 - mazeUtils.moveTile - [moveTile.py:79] - DEBUG - Little backward to adjust position
2026-06-28 19:17:54,844 - mazeUtils.moveTile - [moveTile.py:90] - DEBUG - [1073.298658] moveTile finished backward adjustment (+359.9 ms)
2026-06-28 19:17:54,918 - mazeUtils.moveTile - [moveTile.py:90] - DEBUG - [1073.372566] moveTile ready for forward move (+73.9 ms)
2026-06-28 19:17:54,949 - mazeUtils.moveTile - [moveTile.py:90] - DEBUG - [1073.403681] moveTile initialized movement targetSteps=1 (+31.1 ms)
2026-06-28 19:17:54,951 - mazeUtils.moveTile - [moveTile.py:90] - DEBUG - [1073.405503] moveTile loop start (+1.8 ms)
2026-06-28 19:17:54,958 - picamera2.picamera2 - [picamera2.py:1391] - DEBUG - Execute job: <picamera2.job.Job object at 0x7f957e6d50>
2026-06-28 19:17:54,974 - mazeUtils.device.camera - [camera.py:39] - DEBUG - Average HSV: H=111.9, S=164.0, V=187.3
2026-06-28 19:17:54,984 - mazeUtils.moveTile - [moveTile.py:90] - DEBUG - [1073.438651] moveTile calculated motor speeds left=100 right=89 gyroSteer=10.719999999999914 wallSteer=0.0 (+33.1 ms)
2026-06-28 19:17:55,006 - mazeUtils.moveTile - [moveTile.py:90] - DEBUG - [1073.460300] moveTile applied motor speed left=100 right=89 (+21.6 ms)
2026-06-28 19:17:55,011 - mazeUtils.moveTile - [moveTile.py:90] - DEBUG - [1073.465848] moveTile tile color check tempTileColor=E (+5.5 ms)
2026-06-28 19:17:55,012 - mazeUtils.moveTile - [moveTile.py:90] - DEBUG - [1073.466582] moveTile obstacle check escapeFlag=False (+0.7 ms)
2026-06-28 19:17:55,017 - mazeUtils.moveTile - [moveTile.py:90] - DEBUG - [1073.472144] moveTile ramp check isBigRamp=False (+5.6 ms)
2026-06-28 19:17:55,019 - mazeUtils.moveTile - [moveTile.py:79] - DEBUG - roll: 359.41 deg, practicalMoveTime: 0.06936683029494872 sec
2026-06-28 19:17:55,019 - mazeUtils.moveTile - [moveTile.py:2228] - DEBUG - moveTile loop time: 68.3 ms
2026-06-28 19:17:55,020 - mazeUtils.moveTile - [moveTile.py:90] - DEBUG - [1073.474515] moveTile loop end practicalMoveTime=0.069 (+2.4 ms)
2026-06-28 19:17:55,020 - mazeUtils.moveTile - [moveTile.py:90] - DEBUG - [1073.474957] moveTile loop start (+0.4 ms)
2026-06-28 19:17:55,026 - picamera2.picamera2 - [picamera2.py:1391] - DEBUG - Execute job: <picamera2.job.Job object at 0x7f9f56b850>
2026-06-28 19:17:55,038 - mazeUtils.device.camera - [camera.py:39] - DEBUG - Average HSV: H=112.5, S=158.6, V=184.5
2026-06-28 19:17:55,045 - mazeUtils.moveTile - [moveTile.py:90] - DEBUG - [1073.499355] moveTile calculated motor speeds left=100 right=92 gyroSteer=7.3599999999999 wallSteer=0.0 (+24.4 ms)
2026-06-28 19:17:55,065 - mazeUtils.moveTile - [moveTile.py:90] - DEBUG - [1073.519845] moveTile applied motor speed left=100 right=92 (+20.5 ms)
2026-06-28 19:17:55,070 - mazeUtils.moveTile - [moveTile.py:90] - DEBUG - [1073.524375] moveTile tile color check tempTileColor=E (+4.5 ms)
2026-06-28 19:17:55,071 - mazeUtils.moveTile - [moveTile.py:90] - DEBUG - [1073.525294] moveTile obstacle check escapeFlag=False (+0.9 ms)
2026-06-28 19:17:55,080 - mazeUtils.moveTile - [moveTile.py:90] - DEBUG - [1073.534569] moveTile ramp check isBigRamp=False (+9.3 ms)
2026-06-28 19:17:55,081 - mazeUtils.moveTile - [moveTile.py:79] - DEBUG - roll: 0.20000000000004547 deg, practicalMoveTime: 0.13123726672653185 sec
2026-06-28 19:17:55,082 - mazeUtils.moveTile - [moveTile.py:2228] - DEBUG - moveTile loop time: 62.1 ms
2026-06-28 19:17:55,083 - mazeUtils.moveTile - [moveTile.py:90] - DEBUG - [1073.538002] moveTile loop end practicalMoveTime=0.131 (+3.4 ms)
2026-06-28 19:17:55,084 - mazeUtils.moveTile - [moveTile.py:90] - DEBUG - [1073.538808] moveTile loop start (+0.8 ms)
2026-06-28 19:17:55,093 - picamera2.picamera2 - [picamera2.py:1391] - DEBUG - Execute job: <picamera2.job.Job object at 0x7f9ef990d0>
2026-06-28 19:17:55,100 - mazeUtils.device.camera - [camera.py:39] - DEBUG - Average HSV: H=112.0, S=160.2, V=191.7
2026-06-28 19:17:55,106 - mazeUtils.moveTile - [moveTile.py:90] - DEBUG - [1073.560906] moveTile calculated motor speeds left=100 right=93 gyroSteer=6.639999999999986 wallSteer=0.0 (+22.1 ms)
2026-06-28 19:17:55,127 - mazeUtils.moveTile - [moveTile.py:90] - DEBUG - [1073.581416] moveTile applied motor speed left=100 right=93 (+20.5 ms)
2026-06-28 19:17:55,131 - mazeUtils.moveTile - [moveTile.py:90] - DEBUG - [1073.585283] moveTile tile color check tempTileColor=E (+3.9 ms)
2026-06-28 19:17:55,131 - mazeUtils.moveTile - [moveTile.py:90] - DEBUG - [1073.586002] moveTile obstacle check escapeFlag=False (+0.7 ms)
2026-06-28 19:17:55,137 - mazeUtils.moveTile - [moveTile.py:90] - DEBUG - [1073.591262] moveTile ramp check isBigRamp=False (+5.3 ms)
2026-06-28 19:17:55,138 - mazeUtils.moveTile - [moveTile.py:79] - DEBUG - roll: 359.82 deg, practicalMoveTime: 0.18650933474322345 sec
2026-06-28 19:17:55,138 - mazeUtils.moveTile - [moveTile.py:2228] - DEBUG - moveTile loop time: 54.2 ms
2026-06-28 19:17:55,139 - mazeUtils.moveTile - [moveTile.py:90] - DEBUG - [1073.593595] moveTile loop end practicalMoveTime=0.187 (+2.3 ms)
2026-06-28 19:17:55,140 - mazeUtils.moveTile - [moveTile.py:90] - DEBUG - [1073.594653] moveTile loop start (+1.1 ms)
2026-06-28 19:17:55,148 - picamera2.picamera2 - [picamera2.py:1391] - DEBUG - Execute job: <picamera2.job.Job object at 0x7f9ed16f10>
2026-06-28 19:17:55,155 - mazeUtils.device.camera - [camera.py:39] - DEBUG - Average HSV: H=112.2, S=158.3, V=193.8
2026-06-28 19:17:55,164 - mazeUtils.moveTile - [moveTile.py:90] - DEBUG - [1073.619072] moveTile calculated motor speeds left=100 right=92 gyroSteer=7.039999999999964 wallSteer=0.0 (+24.4 ms)
2026-06-28 19:17:55,186 - mazeUtils.moveTile - [moveTile.py:90] - DEBUG - [1073.641065] moveTile applied motor speed left=100 right=92 (+22.0 ms)
2026-06-28 19:17:55,191 - mazeUtils.moveTile - [moveTile.py:90] - DEBUG - [1073.645764] moveTile tile color check tempTileColor=E (+4.7 ms)
2026-06-28 19:17:55,192 - mazeUtils.moveTile - [moveTile.py:90] - DEBUG - [1073.647051] moveTile obstacle check escapeFlag=False (+1.3 ms)
2026-06-28 19:17:55,201 - mazeUtils.moveTile - [moveTile.py:90] - DEBUG - [1073.655804] moveTile ramp check isBigRamp=False (+8.8 ms)
2026-06-28 19:17:55,202 - mazeUtils.moveTile - [moveTile.py:79] - DEBUG - roll: 1.3799999999999955 deg, practicalMoveTime: 0.2502206134226299 sec
2026-06-28 19:17:55,203 - mazeUtils.moveTile - [moveTile.py:2228] - DEBUG - moveTile loop time: 62.8 ms
2026-06-28 19:17:55,203 - mazeUtils.moveTile - [moveTile.py:90] - DEBUG - [1073.658063] moveTile loop end practicalMoveTime=0.250 (+2.3 ms)
2026-06-28 19:17:55,204 - mazeUtils.moveTile - [moveTile.py:90] - DEBUG - [1073.658465] moveTile loop start (+0.4 ms)
2026-06-28 19:17:55,210 - picamera2.picamera2 - [picamera2.py:1391] - DEBUG - Execute job: <picamera2.job.Job object at 0x7f9ef990d0>
2026-06-28 19:17:55,218 - mazeUtils.device.camera - [camera.py:39] - DEBUG - Average HSV: H=112.6, S=151.5, V=191.0
2026-06-28 19:17:55,224 - mazeUtils.moveTile - [moveTile.py:90] - DEBUG - [1073.678212] moveTile calculated motor speeds left=100 right=93 gyroSteer=3.240000000000009 wallSteer=3.1999999999999993 (+19.7 ms)
2026-06-28 19:17:55,244 - mazeUtils.moveTile - [moveTile.py:90] - DEBUG - [1073.698985] moveTile applied motor speed left=100 right=93 (+20.8 ms)
2026-06-28 19:17:55,248 - mazeUtils.moveTile - [moveTile.py:90] - DEBUG - [1073.702680] moveTile tile color check tempTileColor=E (+3.7 ms)
2026-06-28 19:17:55,249 - mazeUtils.moveTile - [moveTile.py:90] - DEBUG - [1073.703304] moveTile obstacle check escapeFlag=False (+0.6 ms)
2026-06-28 19:17:55,254 - mazeUtils.moveTile - [moveTile.py:90] - DEBUG - [1073.708471] moveTile ramp check isBigRamp=False (+5.2 ms)
2026-06-28 19:17:55,255 - mazeUtils.moveTile - [moveTile.py:79] - DEBUG - roll: 1.259999999999991 deg, practicalMoveTime: 0.30210225356548887 sec
2026-06-28 19:17:55,255 - mazeUtils.moveTile - [moveTile.py:2228] - DEBUG - moveTile loop time: 51.6 ms
2026-06-28 19:17:55,256 - mazeUtils.moveTile - [moveTile.py:90] - DEBUG - [1073.710626] moveTile loop end practicalMoveTime=0.302 (+2.2 ms)
2026-06-28 19:17:55,256 - mazeUtils.moveTile - [moveTile.py:90] - DEBUG - [1073.711109] moveTile loop start (+0.5 ms)
2026-06-28 19:17:55,267 - picamera2.picamera2 - [picamera2.py:1391] - DEBUG - Execute job: <picamera2.job.Job object at 0x7f9ef990d0>
2026-06-28 19:17:55,274 - mazeUtils.device.camera - [camera.py:39] - DEBUG - Average HSV: H=112.3, S=163.7, V=187.1
2026-06-28 19:17:55,279 - mazeUtils.moveTile - [moveTile.py:90] - DEBUG - [1073.733453] moveTile calculated motor speeds left=100 right=85 gyroSteer=6.67999999999995 wallSteer=8.0 (+22.3 ms)
2026-06-28 19:17:55,301 - mazeUtils.moveTile - [moveTile.py:90] - DEBUG - [1073.755346] moveTile applied motor speed left=100 right=85 (+21.9 ms)
2026-06-28 19:17:55,305 - mazeUtils.moveTile - [moveTile.py:90] - DEBUG - [1073.759635] moveTile tile color check tempTileColor=E (+4.3 ms)
2026-06-28 19:17:55,306 - mazeUtils.moveTile - [moveTile.py:90] - DEBUG - [1073.760458] moveTile obstacle check escapeFlag=False (+0.8 ms)
2026-06-28 19:17:55,314 - mazeUtils.moveTile - [moveTile.py:90] - DEBUG - [1073.768292] moveTile ramp check isBigRamp=False (+7.8 ms)
2026-06-28 19:17:55,315 - mazeUtils.moveTile - [moveTile.py:79] - DEBUG - roll: 2.1900000000000546 deg, practicalMoveTime: 0.3616257205542695 sec
2026-06-28 19:17:55,316 - mazeUtils.moveTile - [moveTile.py:2228] - DEBUG - moveTile loop time: 59.6 ms
2026-06-28 19:17:55,317 - mazeUtils.moveTile - [moveTile.py:90] - DEBUG - [1073.772183] moveTile loop end practicalMoveTime=0.362 (+3.9 ms)
2026-06-28 19:17:55,318 - mazeUtils.moveTile - [moveTile.py:90] - DEBUG - [1073.773013] moveTile loop start (+0.8 ms)
2026-06-28 19:17:55,327 - picamera2.picamera2 - [picamera2.py:1391] - DEBUG - Execute job: <picamera2.job.Job object at 0x7f9ed6bc90>
2026-06-28 19:17:55,334 - mazeUtils.device.camera - [camera.py:39] - DEBUG - Average HSV: H=112.5, S=186.2, V=173.7
2026-06-28 19:17:55,345 - mazeUtils.moveTile - [moveTile.py:90] - DEBUG - [1073.799552] moveTile calculated motor speeds left=100 right=91 gyroSteer=5.559999999999945 wallSteer=3.200000000000003 (+26.5 ms)
2026-06-28 19:17:55,365 - mazeUtils.moveTile - [moveTile.py:90] - DEBUG - [1073.819504] moveTile applied motor speed left=100 right=91 (+20.0 ms)
2026-06-28 19:17:55,369 - mazeUtils.moveTile - [moveTile.py:90] - DEBUG - [1073.823376] moveTile tile color check tempTileColor=E (+3.9 ms)
2026-06-28 19:17:55,371 - mazeUtils.moveTile - [moveTile.py:90] - DEBUG - [1073.824983] moveTile obstacle check escapeFlag=False (+1.6 ms)
2026-06-28 19:17:55,378 - mazeUtils.moveTile - [moveTile.py:90] - DEBUG - [1073.832602] moveTile ramp check isBigRamp=False (+7.6 ms)
2026-06-28 19:17:55,379 - mazeUtils.moveTile - [moveTile.py:79] - DEBUG - roll: 0.8299999999999272 deg, practicalMoveTime: 0.4244393253826483 sec
2026-06-28 19:17:55,380 - mazeUtils.moveTile - [moveTile.py:2228] - DEBUG - moveTile loop time: 61.3 ms
2026-06-28 19:17:55,380 - mazeUtils.moveTile - [moveTile.py:90] - DEBUG - [1073.834955] moveTile loop end practicalMoveTime=0.424 (+2.4 ms)
2026-06-28 19:17:55,381 - mazeUtils.moveTile - [moveTile.py:90] - DEBUG - [1073.835359] moveTile loop start (+0.4 ms)
2026-06-28 19:17:55,386 - picamera2.picamera2 - [picamera2.py:1391] - DEBUG - Execute job: <picamera2.job.Job object at 0x7f9efbc8d0>
2026-06-28 19:17:55,397 - mazeUtils.device.camera - [camera.py:39] - DEBUG - Average HSV: H=111.5, S=192.4, V=181.7
2026-06-28 19:17:55,410 - mazeUtils.moveTile - [moveTile.py:90] - DEBUG - [1073.864666] moveTile calculated motor speeds left=100 right=92 gyroSteer=6.0 wallSteer=2.0 (+29.3 ms)
2026-06-28 19:17:55,437 - mazeUtils.moveTile - [moveTile.py:90] - DEBUG - [1073.892060] moveTile applied motor speed left=100 right=92 (+27.4 ms)
2026-06-28 19:17:55,442 - mazeUtils.moveTile - [moveTile.py:90] - DEBUG - [1073.897114] moveTile tile color check tempTileColor=E (+5.1 ms)
2026-06-28 19:17:55,443 - mazeUtils.moveTile - [moveTile.py:90] - DEBUG - [1073.898176] moveTile obstacle check escapeFlag=False (+1.1 ms)
2026-06-28 19:17:55,449 - mazeUtils.moveTile - [moveTile.py:90] - DEBUG - [1073.903834] moveTile ramp check isBigRamp=False (+5.7 ms)
2026-06-28 19:17:55,450 - mazeUtils.moveTile - [moveTile.py:79] - DEBUG - roll: 1.8700000000000045 deg, practicalMoveTime: 0.49497626215948215 sec
2026-06-28 19:17:55,452 - mazeUtils.moveTile - [moveTile.py:2228] - DEBUG - moveTile loop time: 70.8 ms
2026-06-28 19:17:55,452 - mazeUtils.moveTile - [moveTile.py:90] - DEBUG - [1073.907140] moveTile loop end practicalMoveTime=0.495 (+3.3 ms)
2026-06-28 19:17:55,453 - mazeUtils.moveTile - [moveTile.py:90] - DEBUG - [1073.908178] moveTile loop start (+1.0 ms)
2026-06-28 19:17:55,460 - picamera2.picamera2 - [picamera2.py:1391] - DEBUG - Execute job: <picamera2.job.Job object at 0x7f9f56b850>
2026-06-28 19:17:55,470 - mazeUtils.device.camera - [camera.py:39] - DEBUG - Average HSV: H=112.2, S=186.2, V=175.3
2026-06-28 19:17:55,477 - mazeUtils.moveTile - [moveTile.py:90] - DEBUG - [1073.931333] moveTile calculated motor speeds left=100 right=88 gyroSteer=6.519999999999982 wallSteer=4.799999999999997 (+23.2 ms)
2026-06-28 19:17:55,499 - mazeUtils.moveTile - [moveTile.py:90] - DEBUG - [1073.953672] moveTile applied motor speed left=100 right=88 (+22.3 ms)
2026-06-28 19:17:55,503 - mazeUtils.moveTile - [moveTile.py:90] - DEBUG - [1073.957744] moveTile tile color check tempTileColor=E (+4.1 ms)
2026-06-28 19:17:55,504 - mazeUtils.moveTile - [moveTile.py:90] - DEBUG - [1073.958914] moveTile obstacle check escapeFlag=False (+1.2 ms)
2026-06-28 19:17:55,511 - mazeUtils.moveTile - [moveTile.py:90] - DEBUG - [1073.965780] moveTile ramp check isBigRamp=False (+6.9 ms)
2026-06-28 19:17:55,512 - mazeUtils.moveTile - [moveTile.py:79] - DEBUG - roll: 1.3199999999999363 deg, practicalMoveTime: 0.5558276576688328 sec
2026-06-28 19:17:55,514 - mazeUtils.moveTile - [moveTile.py:2228] - DEBUG - moveTile loop time: 59.9 ms
2026-06-28 19:17:55,514 - mazeUtils.moveTile - [moveTile.py:90] - DEBUG - [1073.969152] moveTile loop end practicalMoveTime=0.556 (+3.4 ms)
2026-06-28 19:17:55,515 - mazeUtils.moveTile - [moveTile.py:90] - DEBUG - [1073.969739] moveTile loop start (+0.6 ms)
2026-06-28 19:17:55,522 - picamera2.picamera2 - [picamera2.py:1391] - DEBUG - Execute job: <picamera2.job.Job object at 0x7f87023c50>
2026-06-28 19:17:55,529 - mazeUtils.device.camera - [camera.py:39] - DEBUG - Average HSV: H=112.7, S=181.1, V=175.3
2026-06-28 19:17:55,537 - mazeUtils.moveTile - [moveTile.py:90] - DEBUG - [1073.991709] moveTile calculated motor speeds left=100 right=90 gyroSteer=4.199999999999932 wallSteer=5.200000000000003 (+22.0 ms)
2026-06-28 19:17:55,559 - mazeUtils.moveTile - [moveTile.py:90] - DEBUG - [1074.013734] moveTile applied motor speed left=100 right=90 (+22.0 ms)
2026-06-28 19:17:55,564 - mazeUtils.moveTile - [moveTile.py:90] - DEBUG - [1074.018657] moveTile tile color check tempTileColor=E (+4.9 ms)
2026-06-28 19:17:55,565 - mazeUtils.moveTile - [moveTile.py:90] - DEBUG - [1074.019455] moveTile obstacle check escapeFlag=False (+0.8 ms)
2026-06-28 19:17:55,574 - mazeUtils.moveTile - [moveTile.py:90] - DEBUG - [1074.028646] moveTile ramp check isBigRamp=False (+9.2 ms)
2026-06-28 19:17:55,575 - mazeUtils.moveTile - [moveTile.py:79] - DEBUG - roll: 2.4700000000000273 deg, practicalMoveTime: 0.6173291883669866 sec
2026-06-28 19:17:55,576 - mazeUtils.moveTile - [moveTile.py:2228] - DEBUG - moveTile loop time: 60.7 ms
2026-06-28 19:17:55,576 - mazeUtils.moveTile - [moveTile.py:90] - DEBUG - [1074.031053] moveTile loop end practicalMoveTime=0.617 (+2.4 ms)
2026-06-28 19:17:55,577 - mazeUtils.moveTile - [moveTile.py:90] - DEBUG - [1074.031501] moveTile loop start (+0.4 ms)
2026-06-28 19:17:55,585 - picamera2.picamera2 - [picamera2.py:1391] - DEBUG - Execute job: <picamera2.job.Job object at 0x7f7c417750>
2026-06-28 19:17:55,596 - mazeUtils.device.camera - [camera.py:39] - DEBUG - Average HSV: H=112.9, S=178.9, V=173.3
2026-06-28 19:17:55,603 - mazeUtils.moveTile - [moveTile.py:90] - DEBUG - [1074.058096] moveTile calculated motor speeds left=100 right=90 gyroSteer=4.399999999999977 wallSteer=5.200000000000003 (+26.6 ms)
2026-06-28 19:17:55,624 - mazeUtils.moveTile - [moveTile.py:90] - DEBUG - [1074.078494] moveTile applied motor speed left=100 right=90 (+20.4 ms)
2026-06-28 19:17:55,629 - mazeUtils.moveTile - [moveTile.py:90] - DEBUG - [1074.083566] moveTile tile color check tempTileColor=E (+5.1 ms)
2026-06-28 19:17:55,630 - mazeUtils.moveTile - [moveTile.py:90] - DEBUG - [1074.084525] moveTile obstacle check escapeFlag=False (+1.0 ms)
2026-06-28 19:17:55,638 - mazeUtils.moveTile - [moveTile.py:90] - DEBUG - [1074.092810] moveTile ramp check isBigRamp=False (+8.3 ms)
2026-06-28 19:17:55,639 - mazeUtils.moveTile - [moveTile.py:79] - DEBUG - roll: 1.3099999999999454 deg, practicalMoveTime: 0.6807171766857828 sec
2026-06-28 19:17:55,640 - mazeUtils.moveTile - [moveTile.py:2228] - DEBUG - moveTile loop time: 63.2 ms
2026-06-28 19:17:55,641 - mazeUtils.moveTile - [moveTile.py:90] - DEBUG - [1074.095530] moveTile loop end practicalMoveTime=0.681 (+2.7 ms)
2026-06-28 19:17:55,642 - mazeUtils.moveTile - [moveTile.py:90] - DEBUG - [1074.096236] moveTile loop start (+0.7 ms)
2026-06-28 19:17:55,648 - picamera2.picamera2 - [picamera2.py:1391] - DEBUG - Execute job: <picamera2.job.Job object at 0x7f7c830710>
2026-06-28 19:17:55,657 - mazeUtils.device.camera - [camera.py:39] - DEBUG - Average HSV: H=112.5, S=179.6, V=174.9
2026-06-28 19:17:55,666 - mazeUtils.moveTile - [moveTile.py:90] - DEBUG - [1074.120577] moveTile calculated motor speeds left=100 right=94 gyroSteer=0.1999999999999318 wallSteer=5.200000000000003 (+24.3 ms)
2026-06-28 19:17:55,685 - mazeUtils.moveTile - [moveTile.py:90] - DEBUG - [1074.139883] moveTile applied motor speed left=100 right=94 (+19.3 ms)
2026-06-28 19:17:55,689 - mazeUtils.moveTile - [moveTile.py:90] - DEBUG - [1074.143949] moveTile tile color check tempTileColor=E (+4.1 ms)
2026-06-28 19:17:55,690 - mazeUtils.moveTile - [moveTile.py:90] - DEBUG - [1074.145196] moveTile obstacle check escapeFlag=False (+1.2 ms)
2026-06-28 19:17:55,698 - mazeUtils.moveTile - [moveTile.py:90] - DEBUG - [1074.152903] moveTile ramp check isBigRamp=False (+7.7 ms)
2026-06-28 19:17:55,699 - mazeUtils.moveTile - [moveTile.py:79] - DEBUG - roll: 1.9200000000000728 deg, practicalMoveTime: 0.7398360939125211 sec
2026-06-28 19:17:55,700 - mazeUtils.moveTile - [moveTile.py:2228] - DEBUG - moveTile loop time: 58.3 ms
2026-06-28 19:17:55,700 - mazeUtils.moveTile - [moveTile.py:90] - DEBUG - [1074.155177] moveTile loop end practicalMoveTime=0.740 (+2.3 ms)
2026-06-28 19:17:55,701 - mazeUtils.moveTile - [moveTile.py:90] - DEBUG - [1074.155844] moveTile loop start (+0.7 ms)
2026-06-28 19:17:55,706 - picamera2.picamera2 - [picamera2.py:1391] - DEBUG - Execute job: <picamera2.job.Job object at 0x7f87023c50>
2026-06-28 19:17:55,712 - mazeUtils.device.camera - [camera.py:39] - DEBUG - Average HSV: H=116.6, S=171.9, V=123.1
2026-06-28 19:17:55,719 - mazeUtils.moveTile - [moveTile.py:90] - DEBUG - [1074.174098] moveTile calculated motor speeds left=100 right=92 gyroSteer=2.0399999999999636 wallSteer=5.200000000000003 (+18.3 ms)
2026-06-28 19:17:55,739 - mazeUtils.moveTile - [moveTile.py:90] - DEBUG - [1074.194060] moveTile applied motor speed left=100 right=92 (+20.0 ms)
2026-06-28 19:17:55,744 - mazeUtils.moveTile - [moveTile.py:90] - DEBUG - [1074.198369] moveTile tile color check tempTileColor=E (+4.3 ms)
2026-06-28 19:17:55,745 - mazeUtils.moveTile - [moveTile.py:90] - DEBUG - [1074.199235] moveTile obstacle check escapeFlag=False (+0.9 ms)
2026-06-28 19:17:55,752 - mazeUtils.moveTile - [moveTile.py:90] - DEBUG - [1074.206295] moveTile ramp check isBigRamp=False (+7.1 ms)
2026-06-28 19:17:55,753 - mazeUtils.moveTile - [moveTile.py:79] - DEBUG - roll: 1.740000000000009 deg, practicalMoveTime: 0.7929079059110011 sec
2026-06-28 19:17:55,754 - mazeUtils.moveTile - [moveTile.py:2228] - DEBUG - moveTile loop time: 52.8 ms
2026-06-28 19:17:55,755 - mazeUtils.moveTile - [moveTile.py:90] - DEBUG - [1074.209887] moveTile loop end practicalMoveTime=0.793 (+3.6 ms)
2026-06-28 19:17:55,756 - mazeUtils.moveTile - [moveTile.py:90] - DEBUG - [1074.210383] moveTile loop start (+0.5 ms)
2026-06-28 19:17:55,762 - picamera2.picamera2 - [picamera2.py:1391] - DEBUG - Execute job: <picamera2.job.Job object at 0x7f9f624b50>
2026-06-28 19:17:55,768 - mazeUtils.device.camera - [camera.py:39] - DEBUG - Average HSV: H=126.9, S=132.0, V=13.3
2026-06-28 19:17:55,777 - mazeUtils.moveTile - [moveTile.py:90] - DEBUG - [1074.231280] moveTile calculated motor speeds left=100 right=91 gyroSteer=2.9599999999999227 wallSteer=5.200000000000003 (+20.9 ms)
2026-06-28 19:17:55,797 - mazeUtils.moveTile - [moveTile.py:90] - DEBUG - [1074.251485] moveTile applied motor speed left=100 right=91 (+20.2 ms)
2026-06-28 19:17:55,802 - mazeUtils.moveTile - [moveTile.py:90] - DEBUG - [1074.256649] moveTile tile color check tempTileColor=E (+5.2 ms)
2026-06-28 19:17:55,804 - mazeUtils.moveTile - [moveTile.py:90] - DEBUG - [1074.258265] moveTile obstacle check escapeFlag=False (+1.6 ms)
2026-06-28 19:17:55,810 - mazeUtils.moveTile - [moveTile.py:90] - DEBUG - [1074.264793] moveTile ramp check isBigRamp=False (+6.5 ms)
2026-06-28 19:17:55,811 - mazeUtils.moveTile - [moveTile.py:79] - DEBUG - roll: 1.259999999999991 deg, practicalMoveTime: 0.8501905663791245 sec
2026-06-28 19:17:55,812 - mazeUtils.moveTile - [moveTile.py:2228] - DEBUG - moveTile loop time: 56.2 ms
2026-06-28 19:17:55,812 - mazeUtils.moveTile - [moveTile.py:90] - DEBUG - [1074.267122] moveTile loop end practicalMoveTime=0.850 (+2.3 ms)
2026-06-28 19:17:55,813 - mazeUtils.moveTile - [moveTile.py:90] - DEBUG - [1074.267497] moveTile loop start (+0.4 ms)
2026-06-28 19:17:55,821 - picamera2.picamera2 - [picamera2.py:1391] - DEBUG - Execute job: <picamera2.job.Job object at 0x7f9fc9e350>
2026-06-28 19:17:55,829 - mazeUtils.device.camera - [camera.py:39] - DEBUG - Average HSV: H=125.3, S=124.5, V=10.6
2026-06-28 19:17:55,835 - mazeUtils.moveTile - [moveTile.py:90] - DEBUG - [1074.290140] moveTile calculated motor speeds left=100 right=90 gyroSteer=4.199999999999932 wallSteer=5.600000000000001 (+22.6 ms)
2026-06-28 19:17:55,855 - mazeUtils.moveTile - [moveTile.py:90] - DEBUG - [1074.309958] moveTile applied motor speed left=100 right=90 (+19.8 ms)
2026-06-28 19:17:55,863 - mazeUtils.moveTile - [moveTile.py:90] - DEBUG - [1074.317884] moveTile tile color check tempTileColor=E (+7.9 ms)
2026-06-28 19:17:55,864 - mazeUtils.moveTile - [moveTile.py:90] - DEBUG - [1074.318700] moveTile obstacle check escapeFlag=False (+0.8 ms)
2026-06-28 19:17:55,872 - mazeUtils.moveTile - [moveTile.py:90] - DEBUG - [1074.326443] moveTile ramp check isBigRamp=False (+7.7 ms)
2026-06-28 19:17:55,873 - mazeUtils.moveTile - [moveTile.py:2066] - INFO - practicalVerticalMove: 0.6694424560473886 CM
2026-06-28 19:17:55,893 - mazeUtils.moveTile - [moveTile.py:90] - DEBUG - [1074.347929] moveTile finished by time control (+21.5 ms)
2026-06-28 19:17:55,895 - mazeUtils.moveTile - [moveTile.py:90] - DEBUG - [1074.350030] moveTile start final forward adjustment (+23.6 ms)
2026-06-28 19:17:55,928 - mazeUtils.moveTile - [moveTile.py:90] - DEBUG - [1074.382535] moveTile finished final forward adjustment (+32.5 ms)
2026-06-28 19:17:55,930 - mazeUtils.moveTile - [moveTile.py:2446] - INFO - Set moved vertical distance: 0.6694424560473886 cm, past distances: [(0, False), (0, False), (0, False)]
2026-06-28 19:17:55,931 - mazeUtils.moveTile - [moveTile.py:90] - DEBUG - [1074.386030] moveTile updated moved vertical distance 0.669 (+3.5 ms)
2026-06-28 19:17:56,092 - mazeUtils.moveTile - [moveTile.py:569] - DEBUG - Direction: absDirection.NORTH, Angle: 0, Distance: 127.04590741008923 cm
2026-06-28 19:17:56,094 - mazeUtils.moveTile - [moveTile.py:579] - INFO - angle: 0, result: judgeWallResult.NO_WALL
2026-06-28 19:17:56,095 - mazeUtils.moveTile - [moveTile.py:569] - DEBUG - Direction: absDirection.EAST, Angle: 270, Distance: 19.30000114440918 cm
2026-06-28 19:17:56,096 - mazeUtils.moveTile - [moveTile.py:569] - DEBUG - Direction: absDirection.SOUTH, Angle: 180, Distance: 54.685749686971334 cm
2026-06-28 19:17:56,097 - mazeUtils.moveTile - [moveTile.py:569] - DEBUG - Direction: absDirection.WEST, Angle: 90, Distance: 194.6566734733602 cm
2026-06-28 19:17:56,098 - mazeUtils.moveTile - [moveTile.py:90] - DEBUG - [1074.552554] moveTile updated map and detected walls (+166.5 ms)
2026-06-28 19:17:56,100 - mazeUtils.moveTile - [moveTile.py:2611] - INFO - Tile color detection, decided tile type: E
2026-06-28 19:17:56,102 - mazeUtils.moveTile - [moveTile.py:90] - DEBUG - [1074.556780] moveTile finished (+170.7 ms)
2026-06-28 19:17:56,141 - mazeUtils.moveTile - [moveTile.py:2648] - INFO - (None, 1)
2026-06-28 19:17:56,169 - __main__ - [main.py:109] - INFO - Current position: (20, 19, 0), front direction: absDirection.NORTH
Layer 0 (altitude=0.0cm, offset=(0.0cm, 0.0cm)):
Known map area: x=20..20, y=19..20
+   +
  @ |
+   +
  S  
+---+
2026-06-28 19:17:56,179 - mazeUtils.mazeMap - [mazeMap.py:61] - INFO - next goal: (20, 18, 0)
2026-06-28 19:17:56,181 - mazeUtils.mazeMap - [mazeMap.py:61] - INFO - next goal: (20, 20, 0)
2026-06-28 19:17:56,183 - mazeUtils.moveTile - [moveTile.py:88] - DEBUG - [1074.638028] moveTile start direction=absDirection.NORTH position=(20, 19, 0) front=absDirection.NORTH
2026-06-28 19:17:56,191 - mazeUtils.moveTile - [moveTile.py:90] - DEBUG - [1074.646065] moveTile after initial toggle check (+8.0 ms)
2026-06-28 19:17:56,194 - mazeUtils.moveTile - [moveTile.py:90] - DEBUG - [1074.649069] moveTile after tile checks isRedTile=False isUnknownTileAhead=True (+3.0 ms)
2026-06-28 19:17:56,195 - mazeUtils.moveTile - [moveTile.py:79] - DEBUG - Moving to absDirection.NORTH from (20, 19, 0) facing absDirection.NORTH
2026-06-28 19:17:56,196 - mazeUtils.moveTile - [moveTile.py:90] - DEBUG - [1074.650738] moveTile start heading change target=0 (+1.7 ms)
2026-06-28 19:17:56,224 - mazeUtils.moveTile - [moveTile.py:79] - DEBUG - current heading: 359.61 target: 0
2026-06-28 19:17:56,251 - mazeUtils.moveTile - [moveTile.py:441] - DEBUG - stopped turning at heading: 359.61, diff: 0.38999999999998636
2026-06-28 19:17:56,297 - mazeUtils.moveTile - [moveTile.py:79] - DEBUG - Turned to heading: 359.65999999999997 deg
2026-06-28 19:17:56,298 - mazeUtils.moveTile - [moveTile.py:90] - DEBUG - [1074.752558] moveTile finished heading change (+101.8 ms)
2026-06-28 19:17:56,298 - mazeUtils.moveTile - [moveTile.py:90] - DEBUG - [1074.753062] Adjustment after ramp completed (+0.5 ms)
2026-06-28 19:17:56,299 - mazeUtils.moveTile - [moveTile.py:90] - DEBUG - [1074.753648] moveTile updated front direction (+0.6 ms)
2026-06-28 19:17:56,326 - mazeUtils.moveTile - [moveTile.py:90] - DEBUG - [1074.781126] moveTile stopped motors before alignment (+27.5 ms)
2026-06-28 19:17:56,491 - mazeUtils.moveTile - [moveTile.py:569] - DEBUG - Direction: absDirection.NORTH, Angle: 0, Distance: 128.68039531533455 cm
2026-06-28 19:17:56,494 - mazeUtils.moveTile - [moveTile.py:569] - DEBUG - Direction: absDirection.EAST, Angle: 270, Distance: 19.088365177302073 cm
2026-06-28 19:17:56,495 - mazeUtils.moveTile - [moveTile.py:569] - DEBUG - Direction: absDirection.SOUTH, Angle: 180, Distance: 54.5906454865389 cm
2026-06-28 19:17:56,496 - mazeUtils.moveTile - [moveTile.py:569] - DEBUG - Direction: absDirection.WEST, Angle: 90, Distance: 195.87825606333865 cm
2026-06-28 19:17:56,497 - mazeUtils.moveTile - [moveTile.py:90] - DEBUG - [1074.951281] moveTile start position adjustment using LiDAR for back wall. (+170.2 ms)
2026-06-28 19:17:56,517 - mazeUtils.moveTile - [moveTile.py:79] - DEBUG - Little backward to adjust position
2026-06-28 19:17:56,931 - mazeUtils.moveTile - [moveTile.py:90] - DEBUG - [1075.385454] moveTile finished backward adjustment (+434.2 ms)
2026-06-28 19:17:57,010 - mazeUtils.moveTile - [moveTile.py:90] - DEBUG - [1075.464785] moveTile ready for forward move (+79.3 ms)
2026-06-28 19:17:57,039 - mazeUtils.moveTile - [moveTile.py:90] - DEBUG - [1075.493468] moveTile initialized movement targetSteps=1 (+28.7 ms)
2026-06-28 19:17:57,041 - mazeUtils.moveTile - [moveTile.py:90] - DEBUG - [1075.495307] moveTile loop start (+1.8 ms)
2026-06-28 19:17:57,046 - picamera2.picamera2 - [picamera2.py:1391] - DEBUG - Execute job: <picamera2.job.Job object at 0x7f9efbc8d0>
2026-06-28 19:17:57,053 - mazeUtils.device.camera - [camera.py:39] - DEBUG - Average HSV: H=119.0, S=162.8, V=88.5
2026-06-28 19:17:57,057 - mazeUtils.moveTile - [moveTile.py:90] - DEBUG - [1075.511989] moveTile calculated motor speeds left=100 right=90 gyroSteer=3.8799999999999955 wallSteer=5.600000000000001 (+16.7 ms)
2026-06-28 19:17:57,085 - mazeUtils.moveTile - [moveTile.py:90] - DEBUG - [1075.540089] moveTile applied motor speed left=100 right=90 (+28.1 ms)
2026-06-28 19:17:57,090 - mazeUtils.moveTile - [moveTile.py:90] - DEBUG - [1075.544874] moveTile tile color check tempTileColor=E (+4.8 ms)
2026-06-28 19:17:57,091 - mazeUtils.moveTile - [moveTile.py:90] - DEBUG - [1075.545605] moveTile obstacle check escapeFlag=False (+0.7 ms)
2026-06-28 19:17:57,098 - mazeUtils.moveTile - [moveTile.py:90] - DEBUG - [1075.552616] moveTile ramp check isBigRamp=False (+7.0 ms)
2026-06-28 19:17:57,100 - mazeUtils.moveTile - [moveTile.py:79] - DEBUG - roll: 1.2000000000000455 deg, practicalMoveTime: 0.06058460645581903 sec
2026-06-28 19:17:57,101 - mazeUtils.moveTile - [moveTile.py:2228] - DEBUG - moveTile loop time: 59.8 ms
2026-06-28 19:17:57,101 - mazeUtils.moveTile - [moveTile.py:90] - DEBUG - [1075.555867] moveTile loop end practicalMoveTime=0.061 (+3.3 ms)
2026-06-28 19:17:57,102 - mazeUtils.moveTile - [moveTile.py:90] - DEBUG - [1075.556454] moveTile loop start (+0.6 ms)
2026-06-28 19:17:57,109 - picamera2.picamera2 - [picamera2.py:1391] - DEBUG - Execute job: <picamera2.job.Job object at 0x7f9fc9e350>
2026-06-28 19:17:57,116 - mazeUtils.device.camera - [camera.py:39] - DEBUG - Average HSV: H=120.5, S=161.2, V=78.7
2026-06-28 19:17:57,122 - mazeUtils.moveTile - [moveTile.py:90] - DEBUG - [1075.576615] moveTile calculated motor speeds left=100 right=88 gyroSteer=5.839999999999918 wallSteer=5.600000000000001 (+20.2 ms)
2026-06-28 19:17:57,141 - mazeUtils.moveTile - [moveTile.py:90] - DEBUG - [1075.595312] moveTile applied motor speed left=100 right=88 (+18.7 ms)
2026-06-28 19:17:57,145 - mazeUtils.moveTile - [moveTile.py:90] - DEBUG - [1075.599223] moveTile tile color check tempTileColor=E (+3.9 ms)
2026-06-28 19:17:57,145 - mazeUtils.moveTile - [moveTile.py:90] - DEBUG - [1075.599953] moveTile obstacle check escapeFlag=False (+0.7 ms)
2026-06-28 19:17:57,152 - mazeUtils.moveTile - [moveTile.py:90] - DEBUG - [1075.606192] moveTile ramp check isBigRamp=False (+6.2 ms)
2026-06-28 19:17:57,153 - mazeUtils.moveTile - [moveTile.py:79] - DEBUG - roll: 0.8199999999999363 deg, practicalMoveTime: 0.11255930176516607 sec
2026-06-28 19:17:57,153 - mazeUtils.moveTile - [moveTile.py:2228] - DEBUG - moveTile loop time: 51.3 ms
2026-06-28 19:17:57,154 - mazeUtils.moveTile - [moveTile.py:90] - DEBUG - [1075.608380] moveTile loop end practicalMoveTime=0.113 (+2.2 ms)
2026-06-28 19:17:57,154 - mazeUtils.moveTile - [moveTile.py:90] - DEBUG - [1075.608816] moveTile loop start (+0.4 ms)
2026-06-28 19:17:57,161 - picamera2.picamera2 - [picamera2.py:1391] - DEBUG - Execute job: <picamera2.job.Job object at 0x7f957e7d90>
2026-06-28 19:17:57,168 - mazeUtils.device.camera - [camera.py:39] - DEBUG - Average HSV: H=126.6, S=133.2, V=12.0
2026-06-28 19:17:57,177 - mazeUtils.moveTile - [moveTile.py:90] - DEBUG - [1075.631450] moveTile calculated motor speeds left=100 right=89 gyroSteer=4.7999999999999545 wallSteer=5.600000000000001 (+22.6 ms)
2026-06-28 19:17:57,200 - mazeUtils.moveTile - [moveTile.py:90] - DEBUG - [1075.654224] moveTile applied motor speed left=100 right=89 (+22.8 ms)
2026-06-28 19:17:57,203 - mazeUtils.moveTile - [moveTile.py:90] - DEBUG - [1075.657975] moveTile tile color check tempTileColor=E (+3.8 ms)
2026-06-28 19:17:57,204 - mazeUtils.moveTile - [moveTile.py:90] - DEBUG - [1075.658824] moveTile obstacle check escapeFlag=False (+0.8 ms)
2026-06-28 19:17:57,208 - mazeUtils.moveTile - [moveTile.py:90] - DEBUG - [1075.663065] moveTile ramp check isBigRamp=False (+4.2 ms)
2026-06-28 19:17:57,209 - mazeUtils.moveTile - [moveTile.py:79] - DEBUG - roll: 0.20000000000004547 deg, practicalMoveTime: 0.16875588741854142 sec
2026-06-28 19:17:57,210 - mazeUtils.moveTile - [moveTile.py:2228] - DEBUG - moveTile loop time: 55.9 ms
2026-06-28 19:17:57,211 - mazeUtils.moveTile - [moveTile.py:90] - DEBUG - [1075.665300] moveTile loop end practicalMoveTime=0.169 (+2.2 ms)
2026-06-28 19:17:57,211 - mazeUtils.moveTile - [moveTile.py:90] - DEBUG - [1075.665704] moveTile loop start (+0.4 ms)
2026-06-28 19:17:57,217 - picamera2.picamera2 - [picamera2.py:1391] - DEBUG - Execute job: <picamera2.job.Job object at 0x7f9fc9e350>
2026-06-28 19:17:57,223 - mazeUtils.device.camera - [camera.py:39] - DEBUG - Average HSV: H=125.7, S=126.0, V=10.0
2026-06-28 19:17:57,231 - mazeUtils.moveTile - [moveTile.py:90] - DEBUG - [1075.685796] moveTile calculated motor speeds left=100 right=84 gyroSteer=9.479999999999905 wallSteer=5.600000000000001 (+20.1 ms)
2026-06-28 19:17:57,251 - mazeUtils.moveTile - [moveTile.py:90] - DEBUG - [1075.705731] moveTile applied motor speed left=100 right=84 (+19.9 ms)
2026-06-28 19:17:57,255 - mazeUtils.moveTile - [moveTile.py:90] - DEBUG - [1075.709874] moveTile tile color check tempTileColor=E (+4.1 ms)
2026-06-28 19:17:57,256 - mazeUtils.moveTile - [moveTile.py:90] - DEBUG - [1075.710602] moveTile obstacle check escapeFlag=False (+0.7 ms)
2026-06-28 19:17:57,260 - mazeUtils.moveTile - [moveTile.py:90] - DEBUG - [1075.715049] moveTile ramp check isBigRamp=False (+4.4 ms)
2026-06-28 19:17:57,261 - mazeUtils.moveTile - [moveTile.py:79] - DEBUG - roll: 0.4800000000000182 deg, practicalMoveTime: 0.21991013627123876 sec
2026-06-28 19:17:57,262 - mazeUtils.moveTile - [moveTile.py:2228] - DEBUG - moveTile loop time: 50.9 ms
2026-06-28 19:17:57,263 - mazeUtils.moveTile - [moveTile.py:90] - DEBUG - [1075.717268] moveTile loop end practicalMoveTime=0.220 (+2.2 ms)
2026-06-28 19:17:57,263 - mazeUtils.moveTile - [moveTile.py:90] - DEBUG - [1075.718113] moveTile loop start (+0.8 ms)
2026-06-28 19:17:57,269 - picamera2.picamera2 - [picamera2.py:1391] - DEBUG - Execute job: <picamera2.job.Job object at 0x7f9efbfe10>
2026-06-28 19:17:57,276 - mazeUtils.device.camera - [camera.py:39] - DEBUG - Average HSV: H=121.5, S=123.4, V=8.9
2026-06-28 19:17:57,284 - mazeUtils.moveTile - [moveTile.py:90] - DEBUG - [1075.738207] moveTile calculated motor speeds left=100 right=92 gyroSteer=3.6399999999999864 wallSteer=3.6000000000000014 (+20.1 ms)
2026-06-28 19:17:57,303 - mazeUtils.moveTile - [moveTile.py:90] - DEBUG - [1075.757820] moveTile applied motor speed left=100 right=92 (+19.6 ms)
2026-06-28 19:17:57,308 - mazeUtils.moveTile - [moveTile.py:90] - DEBUG - [1075.763067] moveTile tile color check tempTileColor=E (+5.2 ms)
2026-06-28 19:17:57,309 - mazeUtils.moveTile - [moveTile.py:90] - DEBUG - [1075.763705] moveTile obstacle check escapeFlag=False (+0.6 ms)
2026-06-28 19:17:57,315 - mazeUtils.moveTile - [moveTile.py:90] - DEBUG - [1075.769229] moveTile ramp check isBigRamp=False (+5.5 ms)
2026-06-28 19:17:57,316 - mazeUtils.moveTile - [moveTile.py:79] - DEBUG - roll: 1.8799999999999955 deg, practicalMoveTime: 0.2734146364659109 sec
2026-06-28 19:17:57,317 - mazeUtils.moveTile - [moveTile.py:2228] - DEBUG - moveTile loop time: 53.4 ms
2026-06-28 19:17:57,317 - mazeUtils.moveTile - [moveTile.py:90] - DEBUG - [1075.772216] moveTile loop end practicalMoveTime=0.273 (+3.0 ms)
2026-06-28 19:17:57,318 - mazeUtils.moveTile - [moveTile.py:90] - DEBUG - [1075.772637] moveTile loop start (+0.4 ms)
2026-06-28 19:17:57,325 - picamera2.picamera2 - [picamera2.py:1391] - DEBUG - Execute job: <picamera2.job.Job object at 0x7f957e6d50>
2026-06-28 19:17:57,332 - mazeUtils.device.camera - [camera.py:39] - DEBUG - Average HSV: H=115.7, S=121.3, V=8.3
2026-06-28 19:17:57,338 - mazeUtils.moveTile - [moveTile.py:90] - DEBUG - [1075.792460] moveTile calculated motor speeds left=100 right=91 gyroSteer=2.3599999999999 wallSteer=6.0 (+19.8 ms)
2026-06-28 19:17:57,366 - mazeUtils.moveTile - [moveTile.py:90] - DEBUG - [1075.820354] moveTile applied motor speed left=100 right=91 (+27.9 ms)
2026-06-28 19:17:57,373 - mazeUtils.moveTile - [moveTile.py:90] - DEBUG - [1075.828099] moveTile tile color check tempTileColor=E (+7.7 ms)
2026-06-28 19:17:57,374 - mazeUtils.moveTile - [moveTile.py:90] - DEBUG - [1075.829127] moveTile obstacle check escapeFlag=False (+1.0 ms)
2026-06-28 19:17:57,380 - mazeUtils.moveTile - [moveTile.py:90] - DEBUG - [1075.834801] moveTile ramp check isBigRamp=False (+5.7 ms)
2026-06-28 19:17:57,381 - mazeUtils.moveTile - [moveTile.py:79] - DEBUG - roll: 1.5 deg, practicalMoveTime: 0.3375379820789253 sec
2026-06-28 19:17:57,382 - mazeUtils.moveTile - [moveTile.py:2228] - DEBUG - moveTile loop time: 63.8 ms
2026-06-28 19:17:57,382 - mazeUtils.moveTile - [moveTile.py:90] - DEBUG - [1075.837003] moveTile loop end practicalMoveTime=0.338 (+2.2 ms)
2026-06-28 19:17:57,383 - mazeUtils.moveTile - [moveTile.py:90] - DEBUG - [1075.837393] moveTile loop start (+0.4 ms)
2026-06-28 19:17:57,396 - picamera2.picamera2 - [picamera2.py:1391] - DEBUG - Execute job: <picamera2.job.Job object at 0x7f65d9e8d0>
2026-06-28 19:17:57,405 - mazeUtils.device.camera - [camera.py:39] - DEBUG - Average HSV: H=109.8, S=123.9, V=7.8
2026-06-28 19:17:57,415 - mazeUtils.moveTile - [moveTile.py:90] - DEBUG - [1075.869438] moveTile calculated motor speeds left=100 right=91 gyroSteer=2.759999999999991 wallSteer=5.600000000000001 (+32.0 ms)
2026-06-28 19:17:57,441 - mazeUtils.moveTile - [moveTile.py:90] - DEBUG - [1075.896159] moveTile applied motor speed left=100 right=91 (+26.7 ms)
2026-06-28 19:17:57,463 - mazeUtils.moveTile - [moveTile.py:241] - INFO - Black tile detected! Stopping movement. Starting escape maneuver.
2026-06-28 19:17:58,009 - mazeUtils.moveTile - [moveTile.py:79] - DEBUG - Escape maneuver complete.
2026-06-28 19:17:58,010 - mazeUtils.moveTile - [moveTile.py:90] - DEBUG - [1076.464855] moveTile escaped from black tile (+568.7 ms)
2026-06-28 19:17:58,011 - mazeUtils.moveTile - [moveTile.py:1967] - INFO - Decided victim on Side.RIGHT side: UnitVStatus.S_VICTIM during black tile escape
2026-06-28 19:18:03,163 - mazeUtils.moveTile - [moveTile.py:79] - DEBUG - Turning to 357.27 deg, current heading: 357.26 deg, turnAngle: -0.009999999999990905 deg
2026-06-28 19:18:03,184 - mazeUtils.moveTile - [moveTile.py:79] - DEBUG - Turned to heading: 357.26 deg
2026-06-28 19:18:04,000 - mazeUtils.moveTile - [moveTile.py:79] - DEBUG - Turning to 357.27 deg, current heading: 357.25 deg, turnAngle: -0.01999999999998181 deg
2026-06-28 19:18:04,022 - mazeUtils.moveTile - [moveTile.py:79] - DEBUG - Turned to heading: 357.25 deg
2026-06-28 19:18:04,023 - mazeUtils.moveTile - [moveTile.py:2648] - INFO - (None, 1)
2026-06-28 19:18:04,057 - __main__ - [main.py:109] - INFO - Current position: (20, 19, 0), front direction: absDirection.NORTH
Layer 0 (altitude=0.0cm, offset=(0.0cm, 0.0cm)):
Known map area: x=20..20, y=18..20
+   +
  B  
+   +
  @ |
+   +
  S  
+---+
2026-06-28 19:18:04,065 - __main__ - [main.py:118] - WARNING - Position did not change after movement. Possible error in movement or wall detection.
2026-06-28 19:18:04,067 - mazeUtils.mazeMap - [mazeMap.py:61] - INFO - next goal: (19, 19, 0)
2026-06-28 19:18:04,070 - mazeUtils.mazeMap - [mazeMap.py:61] - INFO - next goal: (20, 20, 0)
2026-06-28 19:18:04,072 - mazeUtils.moveTile - [moveTile.py:88] - DEBUG - [1082.526847] moveTile start direction=absDirection.WEST position=(20, 19, 0) front=absDirection.NORTH
2026-06-28 19:18:04,080 - mazeUtils.moveTile - [moveTile.py:90] - DEBUG - [1082.534940] moveTile after initial toggle check (+8.1 ms)
2026-06-28 19:18:04,084 - mazeUtils.moveTile - [moveTile.py:90] - DEBUG - [1082.538879] moveTile after tile checks isRedTile=False isUnknownTileAhead=True (+3.9 ms)
2026-06-28 19:18:04,085 - mazeUtils.moveTile - [moveTile.py:79] - DEBUG - Moving to absDirection.WEST from (20, 19, 0) facing absDirection.NORTH
2026-06-28 19:18:04,086 - mazeUtils.moveTile - [moveTile.py:90] - DEBUG - [1082.540609] moveTile start heading change target=90 (+1.7 ms)
2026-06-28 19:18:04,093 - mazeUtils.moveTile - [moveTile.py:79] - DEBUG - Turning to 90 deg, current heading: 357.25 deg, turnAngle: -92.75 deg
2026-06-28 19:18:04,127 - mazeUtils.moveTile - [moveTile.py:79] - DEBUG - gyro:357.25 deg, derivative: 0.0, turnSpeed: -100
2026-06-28 19:18:04,157 - mazeUtils.moveTile - [moveTile.py:79] - DEBUG - gyro:357.25 deg, derivative: 0.0, turnSpeed: -100
2026-06-28 19:18:04,189 - mazeUtils.moveTile - [moveTile.py:79] - DEBUG - gyro:357.25 deg, derivative: 0.0, turnSpeed: -100
2026-06-28 19:18:04,219 - mazeUtils.moveTile - [moveTile.py:79] - DEBUG - gyro:357.79999999999995 deg, derivative: 0.5499999999999545, turnSpeed: -100
2026-06-28 19:18:04,246 - mazeUtils.moveTile - [moveTile.py:79] - DEBUG - gyro:0.4099999999999966 deg, derivative: 2.610000000000042, turnSpeed: -100
2026-06-28 19:18:04,282 - mazeUtils.moveTile - [moveTile.py:79] - DEBUG - gyro:4.339999999999975 deg, derivative: 3.9299999999999784, turnSpeed: -100
2026-06-28 19:18:04,310 - mazeUtils.moveTile - [moveTile.py:79] - DEBUG - gyro:8.689999999999998 deg, derivative: 4.350000000000023, turnSpeed: -100
2026-06-28 19:18:04,342 - mazeUtils.moveTile - [moveTile.py:79] - DEBUG - gyro:14.560000000000002 deg, derivative: 5.8700000000000045, turnSpeed: -100
2026-06-28 19:18:04,369 - mazeUtils.moveTile - [moveTile.py:79] - DEBUG - gyro:18.92999999999998 deg, derivative: 4.369999999999976, turnSpeed: -100
2026-06-28 19:18:04,402 - mazeUtils.moveTile - [moveTile.py:79] - DEBUG - gyro:23.00999999999999 deg, derivative: 4.0800000000000125, turnSpeed: -100
2026-06-28 19:18:04,431 - mazeUtils.moveTile - [moveTile.py:79] - DEBUG - gyro:27.359999999999985 deg, derivative: 4.349999999999994, turnSpeed: -100
2026-06-28 19:18:04,456 - mazeUtils.moveTile - [moveTile.py:79] - DEBUG - gyro:31.50999999999999 deg, derivative: 4.150000000000006, turnSpeed: -100
2026-06-28 19:18:04,481 - mazeUtils.moveTile - [moveTile.py:79] - DEBUG - gyro:34.28 deg, derivative: 2.7700000000000102, turnSpeed: -100
2026-06-28 19:18:04,510 - mazeUtils.moveTile - [moveTile.py:79] - DEBUG - gyro:38.099999999999994 deg, derivative: 3.819999999999993, turnSpeed: -100
2026-06-28 19:18:04,534 - mazeUtils.moveTile - [moveTile.py:79] - DEBUG - gyro:42.56 deg, derivative: 4.460000000000008, turnSpeed: -94.88
2026-06-28 19:18:04,563 - mazeUtils.moveTile - [moveTile.py:79] - DEBUG - gyro:45.94999999999999 deg, derivative: 3.3899999999999864, turnSpeed: -88.10000000000002
2026-06-28 19:18:04,593 - mazeUtils.moveTile - [moveTile.py:79] - DEBUG - gyro:49.609999999999985 deg, derivative: 3.6599999999999966, turnSpeed: -80.78000000000003
2026-06-28 19:18:04,625 - mazeUtils.moveTile - [moveTile.py:79] - DEBUG - gyro:53.03999999999999 deg, derivative: 3.430000000000007, turnSpeed: -73.92000000000002
2026-06-28 19:18:04,655 - mazeUtils.moveTile - [moveTile.py:79] - DEBUG - gyro:56.849999999999994 deg, derivative: 3.8100000000000023, turnSpeed: -66.30000000000001
2026-06-28 19:18:04,682 - mazeUtils.moveTile - [moveTile.py:79] - DEBUG - gyro:59.20999999999998 deg, derivative: 2.359999999999985, turnSpeed: -61.58000000000004
2026-06-28 19:18:04,713 - mazeUtils.moveTile - [moveTile.py:79] - DEBUG - gyro:61.53999999999999 deg, derivative: 2.3300000000000125, turnSpeed: -56.920000000000016
2026-06-28 19:18:04,737 - mazeUtils.moveTile - [moveTile.py:79] - DEBUG - gyro:64.25999999999999 deg, derivative: 2.719999999999999, turnSpeed: -51.48000000000002
2026-06-28 19:18:04,763 - mazeUtils.moveTile - [moveTile.py:79] - DEBUG - gyro:66.01999999999998 deg, derivative: 1.759999999999991, turnSpeed: -47.960000000000036
2026-06-28 19:18:04,787 - mazeUtils.moveTile - [moveTile.py:79] - DEBUG - gyro:68.70999999999998 deg, derivative: 2.6899999999999977, turnSpeed: -42.58000000000004
2026-06-28 19:18:04,816 - mazeUtils.moveTile - [moveTile.py:79] - DEBUG - gyro:70.42999999999998 deg, derivative: 1.7199999999999989, turnSpeed: -39.14000000000004
2026-06-28 19:18:04,848 - mazeUtils.moveTile - [moveTile.py:79] - DEBUG - gyro:72.78999999999999 deg, derivative: 2.3600000000000136, turnSpeed: -34.420000000000016
2026-06-28 19:18:04,878 - mazeUtils.moveTile - [moveTile.py:79] - DEBUG - gyro:74.44999999999999 deg, derivative: 1.6599999999999966, turnSpeed: -31.100000000000023
2026-06-28 19:18:04,910 - mazeUtils.moveTile - [moveTile.py:79] - DEBUG - gyro:76.16999999999999 deg, derivative: 1.7199999999999989, turnSpeed: -27.660000000000025
2026-06-28 19:18:04,940 - mazeUtils.moveTile - [moveTile.py:79] - DEBUG - gyro:77.51999999999998 deg, derivative: 1.3499999999999943, turnSpeed: -24.960000000000036
2026-06-28 19:18:04,967 - mazeUtils.moveTile - [moveTile.py:79] - DEBUG - gyro:79.69999999999999 deg, derivative: 2.180000000000007, turnSpeed: -20.600000000000023
2026-06-28 19:18:04,997 - mazeUtils.moveTile - [moveTile.py:79] - DEBUG - gyro:81.27999999999997 deg, derivative: 1.579999999999984, turnSpeed: -17.440000000000055
2026-06-28 19:18:05,025 - mazeUtils.moveTile - [moveTile.py:79] - DEBUG - gyro:82.61000000000001 deg, derivative: 1.330000000000041, turnSpeed: -14.779999999999973
2026-06-28 19:18:05,052 - mazeUtils.moveTile - [moveTile.py:79] - DEBUG - gyro:83.55000000000001 deg, derivative: 0.9399999999999977, turnSpeed: -12.899999999999977
2026-06-28 19:18:05,079 - mazeUtils.moveTile - [moveTile.py:79] - DEBUG - gyro:84.15999999999997 deg, derivative: 0.6099999999999568, turnSpeed: -11.680000000000064
2026-06-28 19:18:05,106 - mazeUtils.moveTile - [moveTile.py:79] - DEBUG - gyro:84.71999999999997 deg, derivative: 0.5600000000000023, turnSpeed: -10.56000000000006
2026-06-28 19:18:05,133 - mazeUtils.moveTile - [moveTile.py:79] - DEBUG - gyro:85.07999999999998 deg, derivative: 0.36000000000001364, turnSpeed: -9.840000000000032
2026-06-28 19:18:05,163 - mazeUtils.moveTile - [moveTile.py:79] - DEBUG - gyro:85.25 deg, derivative: 0.17000000000001592, turnSpeed: -9.5
2026-06-28 19:18:05,191 - mazeUtils.moveTile - [moveTile.py:79] - DEBUG - gyro:85.40999999999997 deg, derivative: 0.15999999999996817, turnSpeed: -9.180000000000064
2026-06-28 19:18:05,222 - mazeUtils.moveTile - [moveTile.py:79] - DEBUG - gyro:85.74000000000001 deg, derivative: 0.3300000000000409, turnSpeed: -8.519999999999982
2026-06-28 19:18:05,252 - mazeUtils.moveTile - [moveTile.py:79] - DEBUG - gyro:86.0 deg, derivative: 0.2599999999999909, turnSpeed: -8.0
2026-06-28 19:18:05,280 - mazeUtils.moveTile - [moveTile.py:79] - DEBUG - gyro:86.46999999999997 deg, derivative: 0.46999999999997044, turnSpeed: -7.060000000000059
2026-06-28 19:18:05,305 - mazeUtils.moveTile - [moveTile.py:79] - DEBUG - gyro:86.63999999999999 deg, derivative: 0.17000000000001592, turnSpeed: -6.720000000000027
2026-06-28 19:18:05,330 - mazeUtils.moveTile - [moveTile.py:79] - DEBUG - gyro:86.69999999999999 deg, derivative: 0.060000000000002274, turnSpeed: -6.600000000000023
2026-06-28 19:18:05,358 - mazeUtils.moveTile - [moveTile.py:79] - DEBUG - gyro:86.75 deg, derivative: 0.05000000000001137, turnSpeed: -6.5
2026-06-28 19:18:05,384 - mazeUtils.moveTile - [moveTile.py:79] - DEBUG - gyro:86.88999999999999 deg, derivative: 0.13999999999998636, turnSpeed: -6.220000000000027
2026-06-28 19:18:05,417 - mazeUtils.moveTile - [moveTile.py:79] - DEBUG - gyro:86.99000000000001 deg, derivative: 0.10000000000002274, turnSpeed: -6.019999999999982
2026-06-28 19:18:05,447 - mazeUtils.moveTile - [moveTile.py:79] - DEBUG - gyro:87.15999999999997 deg, derivative: 0.16999999999995907, turnSpeed: -5.680000000000064
2026-06-28 19:18:05,475 - mazeUtils.moveTile - [moveTile.py:79] - DEBUG - gyro:87.33999999999997 deg, derivative: 0.18000000000000682, turnSpeed: -5.32000000000005
2026-06-28 19:18:05,508 - mazeUtils.moveTile - [moveTile.py:79] - DEBUG - gyro:87.45999999999998 deg, derivative: 0.12000000000000455, turnSpeed: -5.080000000000041
2026-06-28 19:18:05,538 - mazeUtils.moveTile - [moveTile.py:79] - DEBUG - gyro:87.64999999999998 deg, derivative: 0.18999999999999773, turnSpeed: -4.7000000000000455
2026-06-28 19:18:05,563 - mazeUtils.moveTile - [moveTile.py:79] - DEBUG - gyro:87.81 deg, derivative: 0.160000000000025, turnSpeed: -4.3799999999999955
2026-06-28 19:18:05,588 - mazeUtils.moveTile - [moveTile.py:79] - DEBUG - gyro:87.93 deg, derivative: 0.12000000000000455, turnSpeed: -4.139999999999986
2026-06-28 19:18:05,621 - mazeUtils.moveTile - [moveTile.py:79] - DEBUG - gyro:88.13 deg, derivative: 0.19999999999998863, turnSpeed: -3.740000000000009
2026-06-28 19:18:05,644 - mazeUtils.moveTile - [moveTile.py:79] - DEBUG - Turned to heading: 88.13 deg
2026-06-28 19:18:05,645 - mazeUtils.moveTile - [moveTile.py:90] - DEBUG - [1084.099317] moveTile finished heading change (+1558.7 ms)
2026-06-28 19:18:05,645 - mazeUtils.moveTile - [moveTile.py:90] - DEBUG - [1084.099831] Adjustment after ramp completed (+0.5 ms)
2026-06-28 19:18:05,646 - mazeUtils.moveTile - [moveTile.py:90] - DEBUG - [1084.100367] moveTile updated front direction (+0.5 ms)
2026-06-28 19:18:05,666 - mazeUtils.moveTile - [moveTile.py:90] - DEBUG - [1084.120461] moveTile stopped motors before alignment (+20.1 ms)
2026-06-28 19:18:05,831 - mazeUtils.moveTile - [moveTile.py:569] - DEBUG - Direction: absDirection.NORTH, Angle: 270, Distance: 141.56614054145277 cm
2026-06-28 19:18:05,832 - mazeUtils.moveTile - [moveTile.py:569] - DEBUG - Direction: absDirection.EAST, Angle: 180, Distance: 25.529003344615113 cm
2026-06-28 19:18:05,833 - mazeUtils.moveTile - [moveTile.py:569] - DEBUG - Direction: absDirection.SOUTH, Angle: 90, Distance: 41.62568443640958 cm
2026-06-28 19:18:05,834 - mazeUtils.moveTile - [moveTile.py:569] - DEBUG - Direction: absDirection.WEST, Angle: 0, Distance: 130.2509597996422 cm
2026-06-28 19:18:05,836 - mazeUtils.moveTile - [moveTile.py:90] - DEBUG - [1084.290351] moveTile start position adjustment using LiDAR for back wall. (+169.9 ms)
2026-06-28 19:18:05,858 - mazeUtils.moveTile - [moveTile.py:79] - DEBUG - Little backward to adjust position
2026-06-28 19:18:06,290 - mazeUtils.moveTile - [moveTile.py:90] - DEBUG - [1084.745050] moveTile finished backward adjustment (+454.7 ms)
2026-06-28 19:18:06,368 - mazeUtils.moveTile - [moveTile.py:90] - DEBUG - [1084.822804] moveTile ready for forward move (+77.8 ms)
2026-06-28 19:18:06,375 - mazeUtils.moveTile - [moveTile.py:79] - DEBUG - Turning to 65 deg, current heading: 88.58999999999997 deg, turnAngle: 23.589999999999975 deg
2026-06-28 19:18:06,403 - mazeUtils.moveTile - [moveTile.py:79] - DEBUG - gyro:88.58999999999997 deg, derivative: 0.0, turnSpeed: 47.17999999999995
2026-06-28 19:18:06,433 - mazeUtils.moveTile - [moveTile.py:79] - DEBUG - gyro:88.93 deg, derivative: 0.34000000000003183, turnSpeed: 47.860000000000014
2026-06-28 19:18:06,459 - mazeUtils.moveTile - [moveTile.py:79] - DEBUG - gyro:89.24000000000001 deg, derivative: 0.3100000000000023, turnSpeed: 48.48000000000002
2026-06-28 19:18:06,482 - mazeUtils.moveTile - [moveTile.py:79] - DEBUG - gyro:88.53999999999996 deg, derivative: -0.7000000000000455, turnSpeed: 47.07999999999993
2026-06-28 19:18:06,514 - mazeUtils.moveTile - [moveTile.py:79] - DEBUG - gyro:87.69 deg, derivative: -0.8499999999999659, turnSpeed: 45.379999999999995
2026-06-28 19:18:06,542 - mazeUtils.moveTile - [moveTile.py:79] - DEBUG - gyro:85.72999999999996 deg, derivative: -1.9600000000000364, turnSpeed: 41.45999999999992
2026-06-28 19:18:06,568 - mazeUtils.moveTile - [moveTile.py:79] - DEBUG - gyro:85.07999999999998 deg, derivative: -0.6499999999999773, turnSpeed: 40.15999999999997
2026-06-28 19:18:06,600 - mazeUtils.moveTile - [moveTile.py:79] - DEBUG - gyro:84.37 deg, derivative: -0.7099999999999795, turnSpeed: 38.74000000000001
2026-06-28 19:18:06,630 - mazeUtils.moveTile - [moveTile.py:79] - DEBUG - gyro:83.28999999999996 deg, derivative: -1.080000000000041, turnSpeed: 36.57999999999993
2026-06-28 19:18:06,658 - mazeUtils.moveTile - [moveTile.py:79] - DEBUG - gyro:82.11000000000001 deg, derivative: -1.17999999999995, turnSpeed: 34.22000000000003
2026-06-28 19:18:06,685 - mazeUtils.moveTile - [moveTile.py:79] - DEBUG - gyro:81.22999999999996 deg, derivative: -0.8800000000000523, turnSpeed: 32.45999999999992
2026-06-28 19:18:06,715 - mazeUtils.moveTile - [moveTile.py:79] - DEBUG - gyro:80.42000000000002 deg, derivative: -0.8099999999999454, turnSpeed: 30.840000000000032
2026-06-28 19:18:06,746 - mazeUtils.moveTile - [moveTile.py:79] - DEBUG - gyro:79.32999999999998 deg, derivative: -1.0900000000000318, turnSpeed: 28.659999999999968
2026-06-28 19:18:06,772 - mazeUtils.moveTile - [moveTile.py:79] - DEBUG - gyro:77.97 deg, derivative: -1.3599999999999852, turnSpeed: 25.939999999999998
2026-06-28 19:18:06,798 - mazeUtils.moveTile - [moveTile.py:79] - DEBUG - gyro:77.1 deg, derivative: -0.8700000000000045, turnSpeed: 24.19999999999999
2026-06-28 19:18:06,829 - mazeUtils.moveTile - [moveTile.py:79] - DEBUG - gyro:76.57999999999998 deg, derivative: -0.5200000000000102, turnSpeed: 23.159999999999968
2026-06-28 19:18:06,858 - mazeUtils.moveTile - [moveTile.py:79] - DEBUG - gyro:75.91999999999999 deg, derivative: -0.6599999999999966, turnSpeed: 21.839999999999975
2026-06-28 19:18:06,884 - mazeUtils.moveTile - [moveTile.py:79] - DEBUG - gyro:75.26999999999998 deg, derivative: -0.6500000000000057, turnSpeed: 20.539999999999964
2026-06-28 19:18:06,910 - mazeUtils.moveTile - [moveTile.py:79] - DEBUG - gyro:74.58999999999997 deg, derivative: -0.6800000000000068, turnSpeed: 19.17999999999995
2026-06-28 19:18:06,935 - mazeUtils.moveTile - [moveTile.py:79] - DEBUG - gyro:74.08999999999997 deg, derivative: -0.5, turnSpeed: 18.17999999999995
2026-06-28 19:18:06,962 - mazeUtils.moveTile - [moveTile.py:79] - DEBUG - gyro:73.63999999999999 deg, derivative: -0.44999999999998863, turnSpeed: 17.279999999999973
2026-06-28 19:18:06,990 - mazeUtils.moveTile - [moveTile.py:79] - DEBUG - gyro:73.23999999999998 deg, derivative: -0.4000000000000057, turnSpeed: 16.47999999999996
2026-06-28 19:18:07,022 - mazeUtils.moveTile - [moveTile.py:79] - DEBUG - gyro:72.64999999999998 deg, derivative: -0.5900000000000034, turnSpeed: 15.299999999999955
2026-06-28 19:18:07,045 - mazeUtils.moveTile - [moveTile.py:79] - DEBUG - gyro:72.28999999999999 deg, derivative: -0.3599999999999852, turnSpeed: 14.579999999999984
2026-06-28 19:18:07,069 - mazeUtils.moveTile - [moveTile.py:79] - DEBUG - gyro:72.04999999999998 deg, derivative: -0.2400000000000091, turnSpeed: 14.099999999999966
2026-06-28 19:18:07,099 - mazeUtils.moveTile - [moveTile.py:79] - DEBUG - gyro:71.5 deg, derivative: -0.549999999999983, turnSpeed: 13.0
2026-06-28 19:18:07,128 - mazeUtils.moveTile - [moveTile.py:79] - DEBUG - gyro:71.16 deg, derivative: -0.3400000000000034, turnSpeed: 12.319999999999993
2026-06-28 19:18:07,152 - mazeUtils.moveTile - [moveTile.py:79] - DEBUG - gyro:70.69 deg, derivative: -0.46999999999999886, turnSpeed: 11.379999999999995
2026-06-28 19:18:07,181 - mazeUtils.moveTile - [moveTile.py:79] - DEBUG - gyro:70.35 deg, derivative: -0.3400000000000034, turnSpeed: 10.699999999999989
2026-06-28 19:18:07,211 - mazeUtils.moveTile - [moveTile.py:79] - DEBUG - gyro:70.00999999999999 deg, derivative: -0.3400000000000034, turnSpeed: 10.019999999999982
2026-06-28 19:18:07,238 - mazeUtils.moveTile - [moveTile.py:79] - DEBUG - gyro:69.53999999999999 deg, derivative: -0.46999999999999886, turnSpeed: 9.079999999999984
2026-06-28 19:18:07,270 - mazeUtils.moveTile - [moveTile.py:79] - DEBUG - gyro:69.26999999999998 deg, derivative: -0.27000000000001023, turnSpeed: 8.539999999999964
2026-06-28 19:18:07,300 - mazeUtils.moveTile - [moveTile.py:79] - DEBUG - gyro:68.94 deg, derivative: -0.3299999999999841, turnSpeed: 7.8799999999999955
2026-06-28 19:18:07,326 - mazeUtils.moveTile - [moveTile.py:79] - DEBUG - gyro:68.42999999999998 deg, derivative: -0.5100000000000193, turnSpeed: 6.859999999999957
2026-06-28 19:18:07,351 - mazeUtils.moveTile - [moveTile.py:79] - DEBUG - gyro:68.19 deg, derivative: -0.23999999999998067, turnSpeed: 6.3799999999999955
2026-06-28 19:18:07,381 - mazeUtils.moveTile - [moveTile.py:79] - DEBUG - gyro:68.0 deg, derivative: -0.18999999999999773, turnSpeed: 6.0
2026-06-28 19:18:07,408 - mazeUtils.moveTile - [moveTile.py:79] - DEBUG - gyro:67.69 deg, derivative: -0.3100000000000023, turnSpeed: 5.3799999999999955
2026-06-28 19:18:07,432 - mazeUtils.moveTile - [moveTile.py:79] - DEBUG - gyro:67.41 deg, derivative: -0.28000000000000114, turnSpeed: 4.819999999999993
2026-06-28 19:18:07,463 - mazeUtils.moveTile - [moveTile.py:79] - DEBUG - gyro:67.25 deg, derivative: -0.1599999999999966, turnSpeed: 4.5
2026-06-28 19:18:07,491 - mazeUtils.moveTile - [moveTile.py:79] - DEBUG - gyro:67.08999999999997 deg, derivative: -0.160000000000025, turnSpeed: 4.17999999999995
2026-06-28 19:18:07,515 - mazeUtils.moveTile - [moveTile.py:79] - DEBUG - gyro:66.98999999999998 deg, derivative: -0.09999999999999432, turnSpeed: 3.9799999999999613
2026-06-28 19:18:07,538 - mazeUtils.moveTile - [moveTile.py:79] - DEBUG - Turned to heading: 66.98999999999998 deg
2026-06-28 19:18:07,566 - mazeUtils.moveTile - [moveTile.py:90] - DEBUG - [1086.021021] moveTile initialized movement targetSteps=1 (+1198.2 ms)
2026-06-28 19:18:07,568 - mazeUtils.moveTile - [moveTile.py:90] - DEBUG - [1086.022596] moveTile loop start (+1.6 ms)
2026-06-28 19:18:07,574 - picamera2.picamera2 - [picamera2.py:1391] - DEBUG - Execute job: <picamera2.job.Job object at 0x7f9ed28750>
2026-06-28 19:18:07,580 - mazeUtils.device.camera - [camera.py:39] - DEBUG - Average HSV: H=113.2, S=173.1, V=149.2
2026-06-28 19:18:07,587 - mazeUtils.moveTile - [moveTile.py:90] - DEBUG - [1086.041224] moveTile calculated motor speeds left=34 right=100 gyroSteer=-93.24000000000001 wallSteer=0.0 (+18.6 ms)
2026-06-28 19:18:07,609 - mazeUtils.moveTile - [moveTile.py:90] - DEBUG - [1086.063984] moveTile applied motor speed left=34 right=100 (+22.8 ms)
2026-06-28 19:18:07,614 - mazeUtils.moveTile - [moveTile.py:90] - DEBUG - [1086.068407] moveTile tile color check tempTileColor=E (+4.4 ms)
2026-06-28 19:18:07,615 - mazeUtils.moveTile - [moveTile.py:90] - DEBUG - [1086.069793] moveTile obstacle check escapeFlag=False (+1.4 ms)
2026-06-28 19:18:07,622 - mazeUtils.moveTile - [moveTile.py:90] - DEBUG - [1086.076198] moveTile ramp check isBigRamp=False (+6.4 ms)
2026-06-28 19:18:07,623 - mazeUtils.moveTile - [moveTile.py:79] - DEBUG - roll: 1.2300000000000182 deg, practicalMoveTime: 0.05622450100375359 sec
2026-06-28 19:18:07,624 - mazeUtils.moveTile - [moveTile.py:2228] - DEBUG - moveTile loop time: 56.0 ms
2026-06-28 19:18:07,625 - mazeUtils.moveTile - [moveTile.py:90] - DEBUG - [1086.079432] moveTile loop end practicalMoveTime=0.056 (+3.2 ms)
2026-06-28 19:18:07,625 - mazeUtils.moveTile - [moveTile.py:90] - DEBUG - [1086.079974] moveTile loop start (+0.5 ms)
2026-06-28 19:18:07,633 - picamera2.picamera2 - [picamera2.py:1391] - DEBUG - Execute job: <picamera2.job.Job object at 0x7f9fc79f90>
2026-06-28 19:18:07,639 - mazeUtils.device.camera - [camera.py:39] - DEBUG - Average HSV: H=113.5, S=172.2, V=141.6
2026-06-28 19:18:07,645 - mazeUtils.moveTile - [moveTile.py:90] - DEBUG - [1086.099233] moveTile calculated motor speeds left=33 right=100 gyroSteer=-94.48000000000002 wallSteer=0.0 (+19.3 ms)
2026-06-28 19:18:07,664 - mazeUtils.moveTile - [moveTile.py:90] - DEBUG - [1086.118474] moveTile applied motor speed left=33 right=100 (+19.2 ms)
2026-06-28 19:18:07,668 - mazeUtils.moveTile - [moveTile.py:90] - DEBUG - [1086.122744] moveTile tile color check tempTileColor=E (+4.3 ms)
2026-06-28 19:18:07,669 - mazeUtils.moveTile - [moveTile.py:90] - DEBUG - [1086.123406] moveTile obstacle check escapeFlag=False (+0.7 ms)
2026-06-28 19:18:07,675 - mazeUtils.moveTile - [moveTile.py:90] - DEBUG - [1086.130164] moveTile ramp check isBigRamp=False (+6.8 ms)
2026-06-28 19:18:07,676 - mazeUtils.moveTile - [moveTile.py:79] - DEBUG - roll: 1.0399999999999636 deg, practicalMoveTime: 0.1085897594268935 sec
2026-06-28 19:18:07,677 - mazeUtils.moveTile - [moveTile.py:2228] - DEBUG - moveTile loop time: 51.6 ms
2026-06-28 19:18:07,678 - mazeUtils.moveTile - [moveTile.py:90] - DEBUG - [1086.132526] moveTile loop end practicalMoveTime=0.109 (+2.4 ms)
2026-06-28 19:18:07,678 - mazeUtils.moveTile - [moveTile.py:90] - DEBUG - [1086.132953] moveTile loop start (+0.4 ms)
2026-06-28 19:18:07,684 - picamera2.picamera2 - [picamera2.py:1391] - DEBUG - Execute job: <picamera2.job.Job object at 0x7f9fc9e350>
2026-06-28 19:18:07,692 - mazeUtils.device.camera - [camera.py:39] - DEBUG - Average HSV: H=113.1, S=175.0, V=143.2
2026-06-28 19:18:07,699 - mazeUtils.moveTile - [moveTile.py:90] - DEBUG - [1086.154175] moveTile calculated motor speeds left=38 right=100 gyroSteer=-88.28000000000009 wallSteer=0.0 (+21.2 ms)
2026-06-28 19:18:07,720 - mazeUtils.moveTile - [moveTile.py:90] - DEBUG - [1086.175141] moveTile applied motor speed left=38 right=100 (+21.0 ms)
2026-06-28 19:18:07,724 - mazeUtils.moveTile - [moveTile.py:90] - DEBUG - [1086.179114] moveTile tile color check tempTileColor=E (+4.0 ms)
2026-06-28 19:18:07,726 - mazeUtils.moveTile - [moveTile.py:90] - DEBUG - [1086.180328] moveTile obstacle check escapeFlag=False (+1.2 ms)
2026-06-28 19:18:07,730 - mazeUtils.moveTile - [moveTile.py:90] - DEBUG - [1086.184951] moveTile ramp check isBigRamp=False (+4.6 ms)
2026-06-28 19:18:07,731 - mazeUtils.moveTile - [moveTile.py:79] - DEBUG - roll: 1.75 deg, practicalMoveTime: 0.1627970621976143 sec
2026-06-28 19:18:07,732 - mazeUtils.moveTile - [moveTile.py:2228] - DEBUG - moveTile loop time: 53.5 ms
2026-06-28 19:18:07,733 - mazeUtils.moveTile - [moveTile.py:90] - DEBUG - [1086.187401] moveTile loop end practicalMoveTime=0.163 (+2.4 ms)
2026-06-28 19:18:07,734 - mazeUtils.moveTile - [moveTile.py:90] - DEBUG - [1086.188243] moveTile loop start (+0.8 ms)
2026-06-28 19:18:07,740 - picamera2.picamera2 - [picamera2.py:1391] - DEBUG - Execute job: <picamera2.job.Job object at 0x7f9efbc8d0>
2026-06-28 19:18:07,748 - mazeUtils.device.camera - [camera.py:39] - DEBUG - Average HSV: H=113.6, S=173.7, V=138.1
2026-06-28 19:18:07,756 - mazeUtils.moveTile - [moveTile.py:90] - DEBUG - [1086.210442] moveTile calculated motor speeds left=46 right=100 gyroSteer=-76.0 wallSteer=0.0 (+22.2 ms)
2026-06-28 19:18:07,780 - mazeUtils.moveTile - [moveTile.py:90] - DEBUG - [1086.234757] moveTile applied motor speed left=46 right=100 (+24.3 ms)
2026-06-28 19:18:07,785 - mazeUtils.moveTile - [moveTile.py:90] - DEBUG - [1086.239585] moveTile tile color check tempTileColor=E (+4.8 ms)
2026-06-28 19:18:07,786 - mazeUtils.moveTile - [moveTile.py:90] - DEBUG - [1086.240888] moveTile obstacle check escapeFlag=False (+1.3 ms)
2026-06-28 19:18:07,792 - mazeUtils.moveTile - [moveTile.py:90] - DEBUG - [1086.247123] moveTile ramp check isBigRamp=False (+6.2 ms)
2026-06-28 19:18:07,794 - mazeUtils.moveTile - [moveTile.py:79] - DEBUG - roll: 0.05000000000001137 deg, practicalMoveTime: 0.22456056368896404 sec
2026-06-28 19:18:07,795 - mazeUtils.moveTile - [moveTile.py:2228] - DEBUG - moveTile loop time: 61.3 ms
2026-06-28 19:18:07,796 - mazeUtils.moveTile - [moveTile.py:90] - DEBUG - [1086.250394] moveTile loop end practicalMoveTime=0.225 (+3.3 ms)
2026-06-28 19:18:07,796 - mazeUtils.moveTile - [moveTile.py:90] - DEBUG - [1086.251020] moveTile loop start (+0.6 ms)
2026-06-28 19:18:07,802 - picamera2.picamera2 - [picamera2.py:1391] - DEBUG - Execute job: <picamera2.job.Job object at 0x7f9f56b850>
2026-06-28 19:18:07,808 - mazeUtils.device.camera - [camera.py:39] - DEBUG - Average HSV: H=112.7, S=178.9, V=149.0
2026-06-28 19:18:07,813 - mazeUtils.moveTile - [moveTile.py:90] - DEBUG - [1086.268112] moveTile calculated motor speeds left=53 right=100 gyroSteer=-65.96000000000004 wallSteer=0.0 (+17.1 ms)
2026-06-28 19:18:07,834 - mazeUtils.moveTile - [moveTile.py:90] - DEBUG - [1086.288215] moveTile applied motor speed left=53 right=100 (+20.1 ms)
2026-06-28 19:18:07,837 - mazeUtils.moveTile - [moveTile.py:90] - DEBUG - [1086.292152] moveTile tile color check tempTileColor=E (+3.9 ms)
2026-06-28 19:18:07,838 - mazeUtils.moveTile - [moveTile.py:90] - DEBUG - [1086.292952] moveTile obstacle check escapeFlag=False (+0.8 ms)
2026-06-28 19:18:07,844 - mazeUtils.moveTile - [moveTile.py:90] - DEBUG - [1086.298657] moveTile ramp check isBigRamp=False (+5.7 ms)
2026-06-28 19:18:07,846 - mazeUtils.moveTile - [moveTile.py:79] - DEBUG - roll: 0.4900000000000091 deg, practicalMoveTime: 0.27533709574611376 sec
2026-06-28 19:18:07,847 - mazeUtils.moveTile - [moveTile.py:2228] - DEBUG - moveTile loop time: 50.4 ms
2026-06-28 19:18:07,848 - mazeUtils.moveTile - [moveTile.py:90] - DEBUG - [1086.302408] moveTile loop end practicalMoveTime=0.275 (+3.8 ms)
2026-06-28 19:18:07,848 - mazeUtils.moveTile - [moveTile.py:90] - DEBUG - [1086.303054] moveTile loop start (+0.6 ms)
2026-06-28 19:18:07,856 - picamera2.picamera2 - [picamera2.py:1391] - DEBUG - Execute job: <picamera2.job.Job object at 0x7f9ed16f10>
2026-06-28 19:18:07,862 - mazeUtils.device.camera - [camera.py:39] - DEBUG - Average HSV: H=113.1, S=176.5, V=145.1
2026-06-28 19:18:07,872 - mazeUtils.moveTile - [moveTile.py:90] - DEBUG - [1086.326515] moveTile calculated motor speeds left=59 right=100 gyroSteer=-57.48000000000002 wallSteer=0.0 (+23.5 ms)
2026-06-28 19:18:07,891 - mazeUtils.moveTile - [moveTile.py:90] - DEBUG - [1086.346116] moveTile applied motor speed left=59 right=100 (+19.6 ms)
2026-06-28 19:18:07,896 - mazeUtils.moveTile - [moveTile.py:90] - DEBUG - [1086.350812] moveTile tile color check tempTileColor=E (+4.7 ms)
2026-06-28 19:18:07,898 - mazeUtils.moveTile - [moveTile.py:90] - DEBUG - [1086.352352] moveTile obstacle check escapeFlag=False (+1.5 ms)
2026-06-28 19:18:07,909 - mazeUtils.moveTile - [moveTile.py:90] - DEBUG - [1086.363664] moveTile ramp check isBigRamp=False (+11.3 ms)
2026-06-28 19:18:07,910 - mazeUtils.moveTile - [moveTile.py:79] - DEBUG - roll: 0.30999999999994543 deg, practicalMoveTime: 0.33854761157095314 sec
2026-06-28 19:18:07,911 - mazeUtils.moveTile - [moveTile.py:2228] - DEBUG - moveTile loop time: 62.3 ms
2026-06-28 19:18:07,911 - mazeUtils.moveTile - [moveTile.py:90] - DEBUG - [1086.366040] moveTile loop end practicalMoveTime=0.339 (+2.4 ms)
2026-06-28 19:18:07,912 - mazeUtils.moveTile - [moveTile.py:90] - DEBUG - [1086.366487] moveTile loop start (+0.4 ms)
2026-06-28 19:18:07,916 - picamera2.picamera2 - [picamera2.py:1391] - DEBUG - Execute job: <picamera2.job.Job object at 0x7f9f56b850>
2026-06-28 19:18:07,923 - mazeUtils.device.camera - [camera.py:39] - DEBUG - Average HSV: H=113.1, S=175.7, V=144.3
2026-06-28 19:18:07,930 - mazeUtils.moveTile - [moveTile.py:90] - DEBUG - [1086.384783] moveTile calculated motor speeds left=63 right=100 gyroSteer=-52.56000000000006 wallSteer=0.0 (+18.3 ms)
2026-06-28 19:18:07,950 - mazeUtils.moveTile - [moveTile.py:90] - DEBUG - [1086.404254] moveTile applied motor speed left=63 right=100 (+19.5 ms)
2026-06-28 19:18:07,954 - mazeUtils.moveTile - [moveTile.py:90] - DEBUG - [1086.408254] moveTile tile color check tempTileColor=E (+4.0 ms)
2026-06-28 19:18:07,954 - mazeUtils.moveTile - [moveTile.py:90] - DEBUG - [1086.408895] moveTile obstacle check escapeFlag=False (+0.6 ms)
2026-06-28 19:18:07,960 - mazeUtils.moveTile - [moveTile.py:90] - DEBUG - [1086.415050] moveTile ramp check isBigRamp=False (+6.2 ms)
2026-06-28 19:18:07,962 - mazeUtils.moveTile - [moveTile.py:79] - DEBUG - roll: 0.8400000000000318 deg, practicalMoveTime: 0.3892530783349418 sec
2026-06-28 19:18:07,963 - mazeUtils.moveTile - [moveTile.py:2228] - DEBUG - moveTile loop time: 50.7 ms
2026-06-28 19:18:07,963 - mazeUtils.moveTile - [moveTile.py:90] - DEBUG - [1086.417838] moveTile loop end practicalMoveTime=0.389 (+2.8 ms)
2026-06-28 19:18:07,963 - mazeUtils.moveTile - [moveTile.py:90] - DEBUG - [1086.418231] moveTile loop start (+0.4 ms)
2026-06-28 19:18:07,975 - picamera2.picamera2 - [picamera2.py:1391] - DEBUG - Execute job: <picamera2.job.Job object at 0x7f65d9e8d0>
2026-06-28 19:18:07,984 - mazeUtils.device.camera - [camera.py:39] - DEBUG - Average HSV: H=113.1, S=174.7, V=142.8
2026-06-28 19:18:07,989 - mazeUtils.moveTile - [moveTile.py:90] - DEBUG - [1086.444045] moveTile calculated motor speeds left=67 right=100 gyroSteer=-46.16000000000008 wallSteer=0.0 (+25.8 ms)
2026-06-28 19:18:08,010 - mazeUtils.moveTile - [moveTile.py:90] - DEBUG - [1086.464813] moveTile applied motor speed left=67 right=100 (+20.8 ms)
2026-06-28 19:18:08,014 - mazeUtils.moveTile - [moveTile.py:90] - DEBUG - [1086.469146] moveTile tile color check tempTileColor=E (+4.3 ms)
2026-06-28 19:18:08,016 - mazeUtils.moveTile - [moveTile.py:90] - DEBUG - [1086.470324] moveTile obstacle check escapeFlag=False (+1.2 ms)
2026-06-28 19:18:08,022 - mazeUtils.moveTile - [moveTile.py:90] - DEBUG - [1086.477005] moveTile ramp check isBigRamp=False (+6.7 ms)
2026-06-28 19:18:08,023 - mazeUtils.moveTile - [moveTile.py:79] - DEBUG - roll: 0.6499999999999773 deg, practicalMoveTime: 0.4499092986968325 sec
2026-06-28 19:18:08,024 - mazeUtils.moveTile - [moveTile.py:2228] - DEBUG - moveTile loop time: 60.3 ms
2026-06-28 19:18:08,024 - mazeUtils.moveTile - [moveTile.py:90] - DEBUG - [1086.479067] moveTile loop end practicalMoveTime=0.450 (+2.1 ms)
2026-06-28 19:18:08,025 - mazeUtils.moveTile - [moveTile.py:90] - DEBUG - [1086.479493] moveTile loop start (+0.4 ms)
2026-06-28 19:18:08,031 - picamera2.picamera2 - [picamera2.py:1391] - DEBUG - Execute job: <picamera2.job.Job object at 0x7f86fb5f50>
2026-06-28 19:18:08,037 - mazeUtils.device.camera - [camera.py:39] - DEBUG - Average HSV: H=112.8, S=172.9, V=143.7
2026-06-28 19:18:08,046 - mazeUtils.moveTile - [moveTile.py:90] - DEBUG - [1086.500712] moveTile calculated motor speeds left=73 right=100 gyroSteer=-38.48000000000002 wallSteer=0.0 (+21.2 ms)
2026-06-28 19:18:08,068 - mazeUtils.moveTile - [moveTile.py:90] - DEBUG - [1086.522306] moveTile applied motor speed left=73 right=100 (+21.6 ms)
2026-06-28 19:18:08,073 - mazeUtils.moveTile - [moveTile.py:90] - DEBUG - [1086.527293] moveTile tile color check tempTileColor=E (+5.0 ms)
2026-06-28 19:18:08,074 - mazeUtils.moveTile - [moveTile.py:90] - DEBUG - [1086.528583] moveTile obstacle check escapeFlag=False (+1.3 ms)
2026-06-28 19:18:08,081 - mazeUtils.moveTile - [moveTile.py:90] - DEBUG - [1086.535551] moveTile ramp check isBigRamp=False (+7.0 ms)
2026-06-28 19:18:08,082 - mazeUtils.moveTile - [moveTile.py:79] - DEBUG - roll: 1.75 deg, practicalMoveTime: 0.5078887689616964 sec
2026-06-28 19:18:08,083 - mazeUtils.moveTile - [moveTile.py:2228] - DEBUG - moveTile loop time: 58.3 ms
2026-06-28 19:18:08,084 - mazeUtils.moveTile - [moveTile.py:90] - DEBUG - [1086.538673] moveTile loop end practicalMoveTime=0.508 (+3.1 ms)
2026-06-28 19:18:08,084 - mazeUtils.moveTile - [moveTile.py:90] - DEBUG - [1086.539209] moveTile loop start (+0.5 ms)
2026-06-28 19:18:08,093 - picamera2.picamera2 - [picamera2.py:1391] - DEBUG - Execute job: <picamera2.job.Job object at 0x7f9fc79f90>
2026-06-28 19:18:08,102 - mazeUtils.device.camera - [camera.py:39] - DEBUG - Average HSV: H=114.0, S=161.9, V=133.6
2026-06-28 19:18:08,114 - mazeUtils.moveTile - [moveTile.py:90] - DEBUG - [1086.568721] moveTile calculated motor speeds left=76 right=100 gyroSteer=-34.24000000000001 wallSteer=0.0 (+29.5 ms)
2026-06-28 19:18:08,136 - mazeUtils.moveTile - [moveTile.py:90] - DEBUG - [1086.590518] moveTile applied motor speed left=76 right=100 (+21.8 ms)
2026-06-28 19:18:08,140 - mazeUtils.moveTile - [moveTile.py:90] - DEBUG - [1086.594225] moveTile tile color check tempTileColor=E (+3.7 ms)
2026-06-28 19:18:08,140 - mazeUtils.moveTile - [moveTile.py:90] - DEBUG - [1086.594949] moveTile obstacle check escapeFlag=False (+0.7 ms)
2026-06-28 19:18:08,147 - mazeUtils.moveTile - [moveTile.py:90] - DEBUG - [1086.601738] moveTile ramp check isBigRamp=False (+6.8 ms)
2026-06-28 19:18:08,148 - mazeUtils.moveTile - [moveTile.py:79] - DEBUG - roll: 1.509999999999991 deg, practicalMoveTime: 0.5726281568776515 sec
2026-06-28 19:18:08,149 - mazeUtils.moveTile - [moveTile.py:2228] - DEBUG - moveTile loop time: 64.1 ms
2026-06-28 19:18:08,149 - mazeUtils.moveTile - [moveTile.py:90] - DEBUG - [1086.603851] moveTile loop end practicalMoveTime=0.573 (+2.1 ms)
2026-06-28 19:18:08,150 - mazeUtils.moveTile - [moveTile.py:90] - DEBUG - [1086.604495] moveTile loop start (+0.6 ms)
2026-06-28 19:18:08,157 - picamera2.picamera2 - [picamera2.py:1391] - DEBUG - Execute job: <picamera2.job.Job object at 0x7f9ed16f10>
2026-06-28 19:18:08,163 - mazeUtils.device.camera - [camera.py:39] - DEBUG - Average HSV: H=113.4, S=165.6, V=138.1
2026-06-28 19:18:08,170 - mazeUtils.moveTile - [moveTile.py:90] - DEBUG - [1086.624222] moveTile calculated motor speeds left=78 right=100 gyroSteer=-30.920000000000073 wallSteer=0.0 (+19.7 ms)
2026-06-28 19:18:08,192 - mazeUtils.moveTile - [moveTile.py:90] - DEBUG - [1086.646592] moveTile applied motor speed left=78 right=100 (+22.4 ms)
2026-06-28 19:18:08,197 - mazeUtils.moveTile - [moveTile.py:90] - DEBUG - [1086.651632] moveTile tile color check tempTileColor=E (+5.0 ms)
2026-06-28 19:18:08,198 - mazeUtils.moveTile - [moveTile.py:90] - DEBUG - [1086.652808] moveTile obstacle check escapeFlag=False (+1.2 ms)
2026-06-28 19:18:08,207 - mazeUtils.moveTile - [moveTile.py:90] - DEBUG - [1086.661914] moveTile ramp check isBigRamp=False (+9.1 ms)
2026-06-28 19:18:08,209 - mazeUtils.moveTile - [moveTile.py:79] - DEBUG - roll: 1.2799999999999727 deg, practicalMoveTime: 0.6328107274210407 sec
2026-06-28 19:18:08,210 - mazeUtils.moveTile - [moveTile.py:2228] - DEBUG - moveTile loop time: 59.9 ms
2026-06-28 19:18:08,211 - mazeUtils.moveTile - [moveTile.py:90] - DEBUG - [1086.665539] moveTile loop end practicalMoveTime=0.633 (+3.6 ms)
2026-06-28 19:18:08,211 - mazeUtils.moveTile - [moveTile.py:90] - DEBUG - [1086.666048] moveTile loop start (+0.5 ms)
2026-06-28 19:18:08,219 - picamera2.picamera2 - [picamera2.py:1391] - DEBUG - Execute job: <picamera2.job.Job object at 0x7f9f56b850>
2026-06-28 19:18:08,225 - mazeUtils.device.camera - [camera.py:39] - DEBUG - Average HSV: H=113.4, S=165.2, V=139.0
2026-06-28 19:18:08,231 - mazeUtils.moveTile - [moveTile.py:90] - DEBUG - [1086.686172] moveTile calculated motor speeds left=82 right=100 gyroSteer=-24.559999999999945 wallSteer=0.0 (+20.1 ms)
2026-06-28 19:18:08,253 - mazeUtils.moveTile - [moveTile.py:90] - DEBUG - [1086.707228] moveTile applied motor speed left=82 right=100 (+21.1 ms)
2026-06-28 19:18:08,257 - mazeUtils.moveTile - [moveTile.py:90] - DEBUG - [1086.711394] moveTile tile color check tempTileColor=E (+4.2 ms)
2026-06-28 19:18:08,258 - mazeUtils.moveTile - [moveTile.py:90] - DEBUG - [1086.712369] moveTile obstacle check escapeFlag=False (+1.0 ms)
2026-06-28 19:18:08,266 - mazeUtils.moveTile - [moveTile.py:90] - DEBUG - [1086.720935] moveTile ramp check isBigRamp=False (+8.6 ms)
2026-06-28 19:18:08,268 - mazeUtils.moveTile - [moveTile.py:79] - DEBUG - roll: 1.240000000000009 deg, practicalMoveTime: 0.6904399268997448 sec
2026-06-28 19:18:08,269 - mazeUtils.moveTile - [moveTile.py:2228] - DEBUG - moveTile loop time: 57.7 ms
2026-06-28 19:18:08,270 - mazeUtils.moveTile - [moveTile.py:90] - DEBUG - [1086.724735] moveTile loop end practicalMoveTime=0.690 (+3.8 ms)
2026-06-28 19:18:08,271 - mazeUtils.moveTile - [moveTile.py:90] - DEBUG - [1086.725639] moveTile loop start (+0.9 ms)
2026-06-28 19:18:08,276 - picamera2.picamera2 - [picamera2.py:1391] - DEBUG - Execute job: <picamera2.job.Job object at 0x7f9ed28750>
2026-06-28 19:18:08,282 - mazeUtils.device.camera - [camera.py:39] - DEBUG - Average HSV: H=113.7, S=163.1, V=136.4
2026-06-28 19:18:08,288 - mazeUtils.moveTile - [moveTile.py:90] - DEBUG - [1086.742464] moveTile calculated motor speeds left=83 right=100 gyroSteer=-23.0 wallSteer=0.0 (+16.8 ms)
2026-06-28 19:18:08,308 - mazeUtils.moveTile - [moveTile.py:90] - DEBUG - [1086.762952] moveTile applied motor speed left=83 right=100 (+20.5 ms)
2026-06-28 19:18:08,312 - mazeUtils.moveTile - [moveTile.py:90] - DEBUG - [1086.767182] moveTile tile color check tempTileColor=E (+4.2 ms)
2026-06-28 19:18:08,313 - mazeUtils.moveTile - [moveTile.py:90] - DEBUG - [1086.768060] moveTile obstacle check escapeFlag=False (+0.9 ms)
2026-06-28 19:18:08,321 - mazeUtils.moveTile - [moveTile.py:90] - DEBUG - [1086.775553] moveTile ramp check isBigRamp=False (+7.5 ms)
2026-06-28 19:18:08,323 - mazeUtils.moveTile - [moveTile.py:79] - DEBUG - roll: 2.0699999999999363 deg, practicalMoveTime: 0.7437095765619042 sec
2026-06-28 19:18:08,323 - mazeUtils.moveTile - [moveTile.py:2228] - DEBUG - moveTile loop time: 52.3 ms
2026-06-28 19:18:08,324 - mazeUtils.moveTile - [moveTile.py:90] - DEBUG - [1086.778593] moveTile loop end practicalMoveTime=0.744 (+3.0 ms)
2026-06-28 19:18:08,324 - mazeUtils.moveTile - [moveTile.py:90] - DEBUG - [1086.779210] moveTile loop start (+0.6 ms)
2026-06-28 19:18:08,334 - picamera2.picamera2 - [picamera2.py:1391] - DEBUG - Execute job: <picamera2.job.Job object at 0x7f9ed28750>
2026-06-28 19:18:08,340 - mazeUtils.device.camera - [camera.py:39] - DEBUG - Average HSV: H=114.6, S=156.3, V=130.8
2026-06-28 19:18:08,347 - mazeUtils.moveTile - [moveTile.py:90] - DEBUG - [1086.801642] moveTile calculated motor speeds left=86 right=100 gyroSteer=-19.12000000000012 wallSteer=0.0 (+22.4 ms)
2026-06-28 19:18:08,367 - mazeUtils.moveTile - [moveTile.py:90] - DEBUG - [1086.822142] moveTile applied motor speed left=86 right=100 (+20.5 ms)
2026-06-28 19:18:08,371 - mazeUtils.moveTile - [moveTile.py:90] - DEBUG - [1086.825983] moveTile tile color check tempTileColor=E (+3.8 ms)
2026-06-28 19:18:08,372 - mazeUtils.moveTile - [moveTile.py:90] - DEBUG - [1086.826989] moveTile obstacle check escapeFlag=False (+1.0 ms)
2026-06-28 19:18:08,378 - mazeUtils.moveTile - [moveTile.py:90] - DEBUG - [1086.832498] moveTile ramp check isBigRamp=False (+5.5 ms)
2026-06-28 19:18:08,379 - mazeUtils.moveTile - [moveTile.py:79] - DEBUG - roll: 1.0299999999999727 deg, practicalMoveTime: 0.7991834760228469 sec
2026-06-28 19:18:08,380 - mazeUtils.moveTile - [moveTile.py:2228] - DEBUG - moveTile loop time: 55.0 ms
2026-06-28 19:18:08,380 - mazeUtils.moveTile - [moveTile.py:90] - DEBUG - [1086.834746] moveTile loop end practicalMoveTime=0.799 (+2.2 ms)
2026-06-28 19:18:08,380 - mazeUtils.moveTile - [moveTile.py:90] - DEBUG - [1086.835212] moveTile loop start (+0.5 ms)
2026-06-28 19:18:08,386 - picamera2.picamera2 - [picamera2.py:1391] - DEBUG - Execute job: <picamera2.job.Job object at 0x7f9ed16f10>
2026-06-28 19:18:08,392 - mazeUtils.device.camera - [camera.py:39] - DEBUG - Average HSV: H=113.8, S=160.7, V=138.1
2026-06-28 19:18:08,397 - mazeUtils.moveTile - [moveTile.py:90] - DEBUG - [1086.851441] moveTile calculated motor speeds left=88 right=100 gyroSteer=-16.24000000000001 wallSteer=0.0 (+16.2 ms)
2026-06-28 19:18:08,419 - mazeUtils.moveTile - [moveTile.py:90] - DEBUG - [1086.873665] moveTile applied motor speed left=88 right=100 (+22.2 ms)
2026-06-28 19:18:08,423 - mazeUtils.moveTile - [moveTile.py:90] - DEBUG - [1086.877488] moveTile tile color check tempTileColor=E (+3.8 ms)
2026-06-28 19:18:08,423 - mazeUtils.moveTile - [moveTile.py:90] - DEBUG - [1086.878145] moveTile obstacle check escapeFlag=False (+0.7 ms)
2026-06-28 19:18:08,429 - mazeUtils.moveTile - [moveTile.py:90] - DEBUG - [1086.883350] moveTile ramp check isBigRamp=False (+5.2 ms)
2026-06-28 19:18:08,430 - mazeUtils.moveTile - [moveTile.py:79] - DEBUG - roll: 2.2200000000000273 deg, practicalMoveTime: 0.8492700240079106 sec
2026-06-28 19:18:08,431 - mazeUtils.moveTile - [moveTile.py:2228] - DEBUG - moveTile loop time: 49.8 ms
2026-06-28 19:18:08,431 - mazeUtils.moveTile - [moveTile.py:90] - DEBUG - [1086.885790] moveTile loop end practicalMoveTime=0.849 (+2.4 ms)
2026-06-28 19:18:08,431 - mazeUtils.moveTile - [moveTile.py:90] - DEBUG - [1086.886221] moveTile loop start (+0.4 ms)
2026-06-28 19:18:08,438 - picamera2.picamera2 - [picamera2.py:1391] - DEBUG - Execute job: <picamera2.job.Job object at 0x7f9f56b850>
2026-06-28 19:18:08,444 - mazeUtils.device.camera - [camera.py:39] - DEBUG - Average HSV: H=114.4, S=156.9, V=132.8
2026-06-28 19:18:08,450 - mazeUtils.moveTile - [moveTile.py:90] - DEBUG - [1086.904324] moveTile calculated motor speeds left=86 right=100 gyroSteer=-20.0 wallSteer=0.0 (+18.1 ms)
2026-06-28 19:18:08,468 - mazeUtils.moveTile - [moveTile.py:90] - DEBUG - [1086.922942] moveTile applied motor speed left=86 right=100 (+18.6 ms)
2026-06-28 19:18:08,474 - mazeUtils.moveTile - [moveTile.py:90] - DEBUG - [1086.928659] moveTile tile color check tempTileColor=E (+5.7 ms)
2026-06-28 19:18:08,475 - mazeUtils.moveTile - [moveTile.py:90] - DEBUG - [1086.929432] moveTile obstacle check escapeFlag=False (+0.8 ms)
2026-06-28 19:18:08,480 - mazeUtils.moveTile - [moveTile.py:90] - DEBUG - [1086.935017] moveTile ramp check isBigRamp=False (+5.6 ms)
2026-06-28 19:18:08,481 - mazeUtils.moveTile - [moveTile.py:79] - DEBUG - roll: 0.9800000000000182 deg, practicalMoveTime: 0.9001332399348991 sec
2026-06-28 19:18:08,483 - mazeUtils.moveTile - [moveTile.py:2228] - DEBUG - moveTile loop time: 51.3 ms
2026-06-28 19:18:08,484 - mazeUtils.moveTile - [moveTile.py:90] - DEBUG - [1086.938374] moveTile loop end practicalMoveTime=0.900 (+3.4 ms)
2026-06-28 19:18:08,484 - mazeUtils.moveTile - [moveTile.py:90] - DEBUG - [1086.939029] moveTile loop start (+0.7 ms)
2026-06-28 19:18:08,492 - picamera2.picamera2 - [picamera2.py:1391] - DEBUG - Execute job: <picamera2.job.Job object at 0x7f7c417750>
2026-06-28 19:18:08,499 - mazeUtils.device.camera - [camera.py:39] - DEBUG - Average HSV: H=114.1, S=157.4, V=136.6
2026-06-28 19:18:08,504 - mazeUtils.moveTile - [moveTile.py:90] - DEBUG - [1086.958625] moveTile calculated motor speeds left=91 right=100 gyroSteer=-12.319999999999936 wallSteer=0.0 (+19.6 ms)
2026-06-28 19:18:08,525 - mazeUtils.moveTile - [moveTile.py:90] - DEBUG - [1086.979523] moveTile applied motor speed left=91 right=100 (+20.9 ms)
2026-06-28 19:18:08,529 - mazeUtils.moveTile - [moveTile.py:90] - DEBUG - [1086.983647] moveTile tile color check tempTileColor=E (+4.1 ms)
2026-06-28 19:18:08,530 - mazeUtils.moveTile - [moveTile.py:90] - DEBUG - [1086.984709] moveTile obstacle check escapeFlag=False (+1.1 ms)
2026-06-28 19:18:08,538 - mazeUtils.moveTile - [moveTile.py:90] - DEBUG - [1086.993058] moveTile ramp check isBigRamp=False (+8.3 ms)
2026-06-28 19:18:08,541 - mazeUtils.moveTile - [moveTile.py:2066] - INFO - practicalVerticalMove: 0.6705109154578424 CM
2026-06-28 19:18:08,563 - mazeUtils.moveTile - [moveTile.py:90] - DEBUG - [1087.017757] moveTile finished by time control (+24.7 ms)
2026-06-28 19:18:08,564 - mazeUtils.moveTile - [moveTile.py:90] - DEBUG - [1087.018719] moveTile start final forward adjustment (+25.7 ms)
2026-06-28 19:18:08,595 - mazeUtils.moveTile - [moveTile.py:90] - DEBUG - [1087.049360] moveTile finished final forward adjustment (+30.6 ms)
2026-06-28 19:18:08,596 - mazeUtils.moveTile - [moveTile.py:2446] - INFO - Set moved vertical distance: 0.6705109154578424 cm, past distances: [(0, False), (0, False), (0, False)]
2026-06-28 19:18:08,597 - mazeUtils.moveTile - [moveTile.py:90] - DEBUG - [1087.051438] moveTile updated moved vertical distance 0.671 (+2.1 ms)
2026-06-28 19:18:08,742 - mazeUtils.moveTile - [moveTile.py:569] - DEBUG - Direction: absDirection.NORTH, Angle: 270, Distance: 133.56429358299908 cm
2026-06-28 19:18:08,744 - mazeUtils.moveTile - [moveTile.py:569] - DEBUG - Direction: absDirection.EAST, Angle: 180, Distance: 47.716733607851204 cm
2026-06-28 19:18:08,745 - mazeUtils.moveTile - [moveTile.py:569] - DEBUG - Direction: absDirection.SOUTH, Angle: 90, Distance: 45.532430994343045 cm
2026-06-28 19:18:08,747 - mazeUtils.moveTile - [moveTile.py:569] - DEBUG - Direction: absDirection.WEST, Angle: 0, Distance: 178.06518297137862 cm
2026-06-28 19:18:08,748 - mazeUtils.moveTile - [moveTile.py:579] - INFO - angle: 0, result: judgeWallResult.NO_WALL
2026-06-28 19:18:08,749 - mazeUtils.moveTile - [moveTile.py:90] - DEBUG - [1087.203882] moveTile updated map and detected walls (+152.4 ms)
2026-06-28 19:18:08,752 - mazeUtils.moveTile - [moveTile.py:2611] - INFO - Tile color detection, decided tile type: E
2026-06-28 19:18:08,753 - mazeUtils.moveTile - [moveTile.py:90] - DEBUG - [1087.207980] moveTile finished (+156.5 ms)
2026-06-28 19:18:08,799 - mazeUtils.moveTile - [moveTile.py:2648] - INFO - (None, 1)
2026-06-28 19:18:08,829 - __main__ - [main.py:109] - INFO - Current position: (19, 19, 0), front direction: absDirection.WEST
Layer 0 (altitude=0.0cm, offset=(0.0cm, 0.0cm)):
Known map area: x=19..20, y=18..20
+   +   +
  U   B  
+   +   +
  @   E |
+   +   +
  U   S  
+   +---+
2026-06-28 19:18:08,839 - mazeUtils.mazeMap - [mazeMap.py:61] - INFO - next goal: (18, 19, 0)
2026-06-28 19:18:08,841 - mazeUtils.mazeMap - [mazeMap.py:61] - INFO - next goal: (20, 20, 0)
2026-06-28 19:18:08,842 - mazeUtils.moveTile - [moveTile.py:88] - DEBUG - [1087.297091] moveTile start direction=absDirection.WEST position=(19, 19, 0) front=absDirection.WEST
2026-06-28 19:18:08,847 - mazeUtils.moveTile - [moveTile.py:90] - DEBUG - [1087.301633] moveTile after initial toggle check (+4.5 ms)
2026-06-28 19:18:08,849 - mazeUtils.moveTile - [moveTile.py:90] - DEBUG - [1087.303995] moveTile after tile checks isRedTile=False isUnknownTileAhead=True (+2.4 ms)
2026-06-28 19:18:08,850 - mazeUtils.moveTile - [moveTile.py:79] - DEBUG - Moving to absDirection.WEST from (19, 19, 0) facing absDirection.WEST
2026-06-28 19:18:08,851 - mazeUtils.moveTile - [moveTile.py:90] - DEBUG - [1087.305683] moveTile start heading change target=90 (+1.7 ms)
2026-06-28 19:18:08,880 - mazeUtils.moveTile - [moveTile.py:79] - DEBUG - current heading: 90.52999999999997 target: 90
2026-06-28 19:18:08,902 - mazeUtils.moveTile - [moveTile.py:441] - DEBUG - stopped turning at heading: 90.52999999999997, diff: 0.5299999999999727
2026-06-28 19:18:08,947 - mazeUtils.moveTile - [moveTile.py:79] - DEBUG - Turned to heading: 90.06 deg
2026-06-28 19:18:08,948 - mazeUtils.moveTile - [moveTile.py:90] - DEBUG - [1087.402937] moveTile finished heading change (+97.3 ms)
2026-06-28 19:18:08,949 - mazeUtils.moveTile - [moveTile.py:90] - DEBUG - [1087.403956] Adjustment after ramp completed (+1.0 ms)
2026-06-28 19:18:08,950 - mazeUtils.moveTile - [moveTile.py:90] - DEBUG - [1087.404676] moveTile updated front direction (+0.7 ms)
2026-06-28 19:18:08,971 - mazeUtils.moveTile - [moveTile.py:90] - DEBUG - [1087.426134] moveTile stopped motors before alignment (+21.5 ms)
2026-06-28 19:18:09,125 - mazeUtils.moveTile - [moveTile.py:569] - DEBUG - Direction: absDirection.NORTH, Angle: 270, Distance: 109.66213314728694 cm
2026-06-28 19:18:09,127 - mazeUtils.moveTile - [moveTile.py:569] - DEBUG - Direction: absDirection.EAST, Angle: 180, Distance: 48.30020214225284 cm
2026-06-28 19:18:09,128 - mazeUtils.moveTile - [moveTile.py:569] - DEBUG - Direction: absDirection.SOUTH, Angle: 90, Distance: 45.88147674873075 cm
2026-06-28 19:18:09,129 - mazeUtils.moveTile - [moveTile.py:569] - DEBUG - Direction: absDirection.WEST, Angle: 0, Distance: 170.9802035933388 cm
2026-06-28 19:18:09,132 - mazeUtils.moveTile - [moveTile.py:90] - DEBUG - [1087.586279] moveTile start position adjustment using LiDAR for back wall. (+160.1 ms)
2026-06-28 19:18:09,153 - mazeUtils.moveTile - [moveTile.py:79] - DEBUG - Little backward to adjust position
2026-06-28 19:18:09,378 - mazeUtils.moveTile - [moveTile.py:90] - DEBUG - [1087.832404] moveTile finished backward adjustment (+246.1 ms)
2026-06-28 19:18:09,457 - mazeUtils.moveTile - [moveTile.py:90] - DEBUG - [1087.911997] moveTile ready for forward move (+79.6 ms)
2026-06-28 19:18:09,488 - mazeUtils.moveTile - [moveTile.py:90] - DEBUG - [1087.942793] moveTile initialized movement targetSteps=1 (+30.8 ms)
2026-06-28 19:18:09,491 - mazeUtils.moveTile - [moveTile.py:90] - DEBUG - [1087.945461] moveTile loop start (+2.7 ms)
2026-06-28 19:18:09,502 - picamera2.picamera2 - [picamera2.py:1391] - DEBUG - Execute job: <picamera2.job.Job object at 0x7f9ebeb010>
2026-06-28 19:18:09,510 - mazeUtils.device.camera - [camera.py:39] - DEBUG - Average HSV: H=116.3, S=111.6, V=161.8
2026-06-28 19:18:09,524 - mazeUtils.moveTile - [moveTile.py:90] - DEBUG - [1087.978480] moveTile calculated motor speeds left=98 right=100 gyroSteer=-1.1200000000001182 wallSteer=0.0 (+33.0 ms)
2026-06-28 19:18:09,544 - mazeUtils.moveTile - [moveTile.py:90] - DEBUG - [1087.999164] moveTile applied motor speed left=98 right=100 (+20.7 ms)
2026-06-28 19:18:09,549 - mazeUtils.moveTile - [moveTile.py:90] - DEBUG - [1088.003715] moveTile tile color check tempTileColor=E (+4.6 ms)
2026-06-28 19:18:09,550 - mazeUtils.moveTile - [moveTile.py:90] - DEBUG - [1088.004832] moveTile obstacle check escapeFlag=False (+1.1 ms)
2026-06-28 19:18:09,558 - mazeUtils.moveTile - [moveTile.py:90] - DEBUG - [1088.012221] moveTile ramp check isBigRamp=False (+7.4 ms)
2026-06-28 19:18:09,559 - mazeUtils.moveTile - [moveTile.py:79] - DEBUG - roll: 0.18000000000006366 deg, practicalMoveTime: 0.07055557719001329 sec
2026-06-28 19:18:09,560 - mazeUtils.moveTile - [moveTile.py:2228] - DEBUG - moveTile loop time: 68.9 ms
2026-06-28 19:18:09,560 - mazeUtils.moveTile - [moveTile.py:90] - DEBUG - [1088.015105] moveTile loop end practicalMoveTime=0.071 (+2.9 ms)
2026-06-28 19:18:09,561 - mazeUtils.moveTile - [moveTile.py:90] - DEBUG - [1088.015685] moveTile loop start (+0.6 ms)
2026-06-28 19:18:09,569 - picamera2.picamera2 - [picamera2.py:1391] - DEBUG - Execute job: <picamera2.job.Job object at 0x7f9ed28750>
2026-06-28 19:18:09,576 - mazeUtils.device.camera - [camera.py:39] - DEBUG - Average HSV: H=116.6, S=110.2, V=160.5
2026-06-28 19:18:09,582 - mazeUtils.moveTile - [moveTile.py:90] - DEBUG - [1088.036852] moveTile calculated motor speeds left=94 right=100 gyroSteer=-5.039999999999964 wallSteer=0.0 (+21.2 ms)
2026-06-28 19:18:09,604 - mazeUtils.moveTile - [moveTile.py:90] - DEBUG - [1088.058301] moveTile applied motor speed left=94 right=100 (+21.4 ms)
2026-06-28 19:18:09,610 - mazeUtils.moveTile - [moveTile.py:90] - DEBUG - [1088.064866] moveTile tile color check tempTileColor=E (+6.6 ms)
2026-06-28 19:18:09,611 - mazeUtils.moveTile - [moveTile.py:90] - DEBUG - [1088.065837] moveTile obstacle check escapeFlag=False (+1.0 ms)
2026-06-28 19:18:09,616 - mazeUtils.moveTile - [moveTile.py:90] - DEBUG - [1088.071149] moveTile ramp check isBigRamp=False (+5.3 ms)
2026-06-28 19:18:09,618 - mazeUtils.moveTile - [moveTile.py:79] - DEBUG - roll: 1.6299999999999955 deg, practicalMoveTime: 0.1287552651631113 sec
2026-06-28 19:18:09,620 - mazeUtils.moveTile - [moveTile.py:2228] - DEBUG - moveTile loop time: 58.0 ms
2026-06-28 19:18:09,620 - mazeUtils.moveTile - [moveTile.py:90] - DEBUG - [1088.075153] moveTile loop end practicalMoveTime=0.129 (+4.0 ms)
2026-06-28 19:18:09,621 - mazeUtils.moveTile - [moveTile.py:90] - DEBUG - [1088.075680] moveTile loop start (+0.5 ms)
2026-06-28 19:18:09,627 - picamera2.picamera2 - [picamera2.py:1391] - DEBUG - Execute job: <picamera2.job.Job object at 0x7f7c417750>
2026-06-28 19:18:09,636 - mazeUtils.device.camera - [camera.py:39] - DEBUG - Average HSV: H=115.7, S=115.0, V=168.8
2026-06-28 19:18:09,646 - mazeUtils.moveTile - [moveTile.py:90] - DEBUG - [1088.100774] moveTile calculated motor speeds left=92 right=100 gyroSteer=-7.120000000000118 wallSteer=0.0 (+25.1 ms)
2026-06-28 19:18:09,669 - mazeUtils.moveTile - [moveTile.py:90] - DEBUG - [1088.123494] moveTile applied motor speed left=92 right=100 (+22.7 ms)
2026-06-28 19:18:09,674 - mazeUtils.moveTile - [moveTile.py:90] - DEBUG - [1088.128605] moveTile tile color check tempTileColor=E (+5.1 ms)
2026-06-28 19:18:09,675 - mazeUtils.moveTile - [moveTile.py:90] - DEBUG - [1088.129440] moveTile obstacle check escapeFlag=False (+0.8 ms)
2026-06-28 19:18:09,682 - mazeUtils.moveTile - [moveTile.py:90] - DEBUG - [1088.137034] moveTile ramp check isBigRamp=False (+7.6 ms)
2026-06-28 19:18:09,684 - mazeUtils.moveTile - [moveTile.py:79] - DEBUG - roll: 1.3799999999999955 deg, practicalMoveTime: 0.1934030187433093 sec
2026-06-28 19:18:09,685 - mazeUtils.moveTile - [moveTile.py:2228] - DEBUG - moveTile loop time: 64.3 ms
2026-06-28 19:18:09,686 - mazeUtils.moveTile - [moveTile.py:90] - DEBUG - [1088.140779] moveTile loop end practicalMoveTime=0.193 (+3.7 ms)
2026-06-28 19:18:09,687 - mazeUtils.moveTile - [moveTile.py:90] - DEBUG - [1088.141492] moveTile loop start (+0.7 ms)
2026-06-28 19:18:09,694 - picamera2.picamera2 - [picamera2.py:1391] - DEBUG - Execute job: <picamera2.job.Job object at 0x7f9f56b850>
2026-06-28 19:18:09,704 - mazeUtils.device.camera - [camera.py:39] - DEBUG - Average HSV: H=116.3, S=112.0, V=169.0
2026-06-28 19:18:09,709 - mazeUtils.moveTile - [moveTile.py:90] - DEBUG - [1088.163776] moveTile calculated motor speeds left=93 right=100 gyroSteer=-6.160000000000082 wallSteer=0.0 (+22.3 ms)
2026-06-28 19:18:09,732 - mazeUtils.moveTile - [moveTile.py:90] - DEBUG - [1088.186435] moveTile applied motor speed left=93 right=100 (+22.7 ms)
2026-06-28 19:18:09,737 - mazeUtils.moveTile - [moveTile.py:90] - DEBUG - [1088.191268] moveTile tile color check tempTileColor=E (+4.8 ms)
2026-06-28 19:18:09,737 - mazeUtils.moveTile - [moveTile.py:90] - DEBUG - [1088.192061] moveTile obstacle check escapeFlag=False (+0.8 ms)
2026-06-28 19:18:09,744 - mazeUtils.moveTile - [moveTile.py:90] - DEBUG - [1088.198319] moveTile ramp check isBigRamp=False (+6.3 ms)
2026-06-28 19:18:09,745 - mazeUtils.moveTile - [moveTile.py:79] - DEBUG - roll: 0.7999999999999545 deg, practicalMoveTime: 0.2525849000489643 sec
2026-06-28 19:18:09,745 - mazeUtils.moveTile - [moveTile.py:2228] - DEBUG - moveTile loop time: 58.5 ms
2026-06-28 19:18:09,746 - mazeUtils.moveTile - [moveTile.py:90] - DEBUG - [1088.200606] moveTile loop end practicalMoveTime=0.253 (+2.3 ms)
2026-06-28 19:18:09,746 - mazeUtils.moveTile - [moveTile.py:90] - DEBUG - [1088.201014] moveTile loop start (+0.4 ms)
2026-06-28 19:18:09,754 - picamera2.picamera2 - [picamera2.py:1391] - DEBUG - Execute job: <picamera2.job.Job object at 0x7f957f6510>
2026-06-28 19:18:09,761 - mazeUtils.device.camera - [camera.py:39] - DEBUG - Average HSV: H=116.4, S=111.2, V=171.5
2026-06-28 19:18:09,766 - mazeUtils.moveTile - [moveTile.py:90] - DEBUG - [1088.220711] moveTile calculated motor speeds left=94 right=100 gyroSteer=-5.2000000000000455 wallSteer=0.0 (+19.7 ms)
2026-06-28 19:18:09,787 - mazeUtils.moveTile - [moveTile.py:90] - DEBUG - [1088.241382] moveTile applied motor speed left=94 right=100 (+20.7 ms)
2026-06-28 19:18:09,794 - mazeUtils.moveTile - [moveTile.py:90] - DEBUG - [1088.248344] moveTile tile color check tempTileColor=E (+7.0 ms)
2026-06-28 19:18:09,795 - mazeUtils.moveTile - [moveTile.py:90] - DEBUG - [1088.249726] moveTile obstacle check escapeFlag=False (+1.4 ms)
2026-06-28 19:18:09,803 - mazeUtils.moveTile - [moveTile.py:90] - DEBUG - [1088.257478] moveTile ramp check isBigRamp=False (+7.8 ms)
2026-06-28 19:18:09,804 - mazeUtils.moveTile - [moveTile.py:79] - DEBUG - roll: 1.3799999999999955 deg, practicalMoveTime: 0.3110176923061437 sec
2026-06-28 19:18:09,805 - mazeUtils.moveTile - [moveTile.py:2228] - DEBUG - moveTile loop time: 58.2 ms
2026-06-28 19:18:09,806 - mazeUtils.moveTile - [moveTile.py:90] - DEBUG - [1088.260488] moveTile loop end practicalMoveTime=0.311 (+3.0 ms)
2026-06-28 19:18:09,807 - mazeUtils.moveTile - [moveTile.py:90] - DEBUG - [1088.261221] moveTile loop start (+0.7 ms)
2026-06-28 19:18:09,812 - picamera2.picamera2 - [picamera2.py:1391] - DEBUG - Execute job: <picamera2.job.Job object at 0x7f9efbc8d0>
2026-06-28 19:18:09,818 - mazeUtils.device.camera - [camera.py:39] - DEBUG - Average HSV: H=117.4, S=104.9, V=170.7
2026-06-28 19:18:09,823 - mazeUtils.moveTile - [moveTile.py:90] - DEBUG - [1088.278129] moveTile calculated motor speeds left=95 right=100 gyroSteer=-4.440000000000055 wallSteer=0.0 (+16.9 ms)
2026-06-28 19:18:09,843 - mazeUtils.moveTile - [moveTile.py:90] - DEBUG - [1088.297241] moveTile applied motor speed left=95 right=100 (+19.1 ms)
2026-06-28 19:18:09,847 - mazeUtils.moveTile - [moveTile.py:90] - DEBUG - [1088.301897] moveTile tile color check tempTileColor=E (+4.7 ms)
2026-06-28 19:18:09,848 - mazeUtils.moveTile - [moveTile.py:90] - DEBUG - [1088.302557] moveTile obstacle check escapeFlag=False (+0.7 ms)
2026-06-28 19:18:09,853 - mazeUtils.moveTile - [moveTile.py:90] - DEBUG - [1088.307451] moveTile ramp check isBigRamp=False (+4.9 ms)
2026-06-28 19:18:09,854 - mazeUtils.moveTile - [moveTile.py:79] - DEBUG - roll: 0.7599999999999909 deg, practicalMoveTime: 0.36068497251364207 sec
2026-06-28 19:18:09,855 - mazeUtils.moveTile - [moveTile.py:2228] - DEBUG - moveTile loop time: 48.4 ms
2026-06-28 19:18:09,856 - mazeUtils.moveTile - [moveTile.py:90] - DEBUG - [1088.310297] moveTile loop end practicalMoveTime=0.361 (+2.8 ms)
2026-06-28 19:18:09,856 - mazeUtils.moveTile - [moveTile.py:90] - DEBUG - [1088.310949] moveTile loop start (+0.7 ms)
2026-06-28 19:18:09,862 - picamera2.picamera2 - [picamera2.py:1391] - DEBUG - Execute job: <picamera2.job.Job object at 0x7f86fb5d50>
2026-06-28 19:18:09,870 - mazeUtils.device.camera - [camera.py:39] - DEBUG - Average HSV: H=117.2, S=105.2, V=174.0
2026-06-28 19:18:09,877 - mazeUtils.moveTile - [moveTile.py:90] - DEBUG - [1088.331895] moveTile calculated motor speeds left=100 right=94 gyroSteer=-1.0800000000001546 wallSteer=6.800000000000001 (+20.9 ms)
2026-06-28 19:18:09,898 - mazeUtils.moveTile - [moveTile.py:90] - DEBUG - [1088.352929] moveTile applied motor speed left=100 right=94 (+21.0 ms)
2026-06-28 19:18:09,902 - mazeUtils.moveTile - [moveTile.py:90] - DEBUG - [1088.356704] moveTile tile color check tempTileColor=E (+3.8 ms)
2026-06-28 19:18:09,904 - mazeUtils.moveTile - [moveTile.py:90] - DEBUG - [1088.358464] moveTile obstacle check escapeFlag=False (+1.8 ms)
2026-06-28 19:18:09,918 - mazeUtils.moveTile - [moveTile.py:90] - DEBUG - [1088.372794] moveTile ramp check isBigRamp=False (+14.3 ms)
2026-06-28 19:18:09,919 - mazeUtils.moveTile - [moveTile.py:79] - DEBUG - roll: 2.0299999999999727 deg, practicalMoveTime: 0.4247047423070774 sec
2026-06-28 19:18:09,920 - mazeUtils.moveTile - [moveTile.py:2228] - DEBUG - moveTile loop time: 63.4 ms
2026-06-28 19:18:09,920 - mazeUtils.moveTile - [moveTile.py:90] - DEBUG - [1088.374843] moveTile loop end practicalMoveTime=0.425 (+2.0 ms)
2026-06-28 19:18:09,921 - mazeUtils.moveTile - [moveTile.py:90] - DEBUG - [1088.375901] moveTile loop start (+1.1 ms)
2026-06-28 19:18:09,929 - picamera2.picamera2 - [picamera2.py:1391] - DEBUG - Execute job: <picamera2.job.Job object at 0x7f9ebead50>
2026-06-28 19:18:09,935 - mazeUtils.device.camera - [camera.py:39] - DEBUG - Average HSV: H=117.9, S=100.0, V=173.4
2026-06-28 19:18:09,941 - mazeUtils.moveTile - [moveTile.py:90] - DEBUG - [1088.395611] moveTile calculated motor speeds left=100 right=94 gyroSteer=-2.400000000000091 wallSteer=7.599999999999998 (+19.7 ms)
2026-06-28 19:18:09,961 - mazeUtils.moveTile - [moveTile.py:90] - DEBUG - [1088.415824] moveTile applied motor speed left=100 right=94 (+20.2 ms)
2026-06-28 19:18:09,966 - mazeUtils.moveTile - [moveTile.py:90] - DEBUG - [1088.420237] moveTile tile color check tempTileColor=E (+4.4 ms)
2026-06-28 19:18:09,967 - mazeUtils.moveTile - [moveTile.py:90] - DEBUG - [1088.421444] moveTile obstacle check escapeFlag=False (+1.2 ms)
2026-06-28 19:18:09,973 - mazeUtils.moveTile - [moveTile.py:90] - DEBUG - [1088.427785] moveTile ramp check isBigRamp=False (+6.3 ms)
2026-06-28 19:18:09,975 - mazeUtils.moveTile - [moveTile.py:79] - DEBUG - roll: 0.9300000000000637 deg, practicalMoveTime: 0.47954833359540705 sec
2026-06-28 19:18:09,976 - mazeUtils.moveTile - [moveTile.py:2228] - DEBUG - moveTile loop time: 54.4 ms
2026-06-28 19:18:09,977 - mazeUtils.moveTile - [moveTile.py:90] - DEBUG - [1088.431308] moveTile loop end practicalMoveTime=0.480 (+3.5 ms)
2026-06-28 19:18:09,977 - mazeUtils.moveTile - [moveTile.py:90] - DEBUG - [1088.431770] moveTile loop start (+0.5 ms)
2026-06-28 19:18:09,984 - picamera2.picamera2 - [picamera2.py:1391] - DEBUG - Execute job: <picamera2.job.Job object at 0x7f9efbc8d0>
2026-06-28 19:18:09,992 - mazeUtils.device.camera - [camera.py:39] - DEBUG - Average HSV: H=118.5, S=93.8, V=178.7
2026-06-28 19:18:10,002 - mazeUtils.moveTile - [moveTile.py:90] - DEBUG - [1088.456878] moveTile calculated motor speeds left=100 right=93 gyroSteer=0.31999999999993634 wallSteer=6.399999999999999 (+25.1 ms)
2026-06-28 19:18:10,022 - mazeUtils.moveTile - [moveTile.py:90] - DEBUG - [1088.476654] moveTile applied motor speed left=100 right=93 (+19.8 ms)
2026-06-28 19:18:10,029 - mazeUtils.moveTile - [moveTile.py:90] - DEBUG - [1088.483821] moveTile tile color check tempTileColor=E (+7.2 ms)
2026-06-28 19:18:10,031 - mazeUtils.moveTile - [moveTile.py:90] - DEBUG - [1088.485249] moveTile obstacle check escapeFlag=False (+1.4 ms)
2026-06-28 19:18:10,036 - mazeUtils.moveTile - [moveTile.py:90] - DEBUG - [1088.490883] moveTile ramp check isBigRamp=False (+5.6 ms)
2026-06-28 19:18:10,040 - mazeUtils.moveTile - [moveTile.py:79] - DEBUG - roll: 1.990000000000009 deg, practicalMoveTime: 0.5411490383881892 sec
2026-06-28 19:18:10,041 - mazeUtils.moveTile - [moveTile.py:2228] - DEBUG - moveTile loop time: 63.7 ms
2026-06-28 19:18:10,042 - mazeUtils.moveTile - [moveTile.py:90] - DEBUG - [1088.496421] moveTile loop end practicalMoveTime=0.541 (+5.5 ms)
2026-06-28 19:18:10,042 - mazeUtils.moveTile - [moveTile.py:90] - DEBUG - [1088.497062] moveTile loop start (+0.6 ms)
2026-06-28 19:18:10,049 - picamera2.picamera2 - [picamera2.py:1391] - DEBUG - Execute job: <picamera2.job.Job object at 0x7f957f6490>
2026-06-28 19:18:10,058 - mazeUtils.device.camera - [camera.py:39] - DEBUG - Average HSV: H=119.2, S=88.9, V=181.9
2026-06-28 19:18:10,065 - mazeUtils.moveTile - [moveTile.py:90] - DEBUG - [1088.519872] moveTile calculated motor speeds left=100 right=99 gyroSteer=-3.1200000000001182 wallSteer=4.0 (+22.8 ms)
2026-06-28 19:18:10,087 - mazeUtils.moveTile - [moveTile.py:90] - DEBUG - [1088.541689] moveTile applied motor speed left=100 right=99 (+21.8 ms)
2026-06-28 19:18:10,091 - mazeUtils.moveTile - [moveTile.py:90] - DEBUG - [1088.546115] moveTile tile color check tempTileColor=E (+4.4 ms)
2026-06-28 19:18:10,094 - mazeUtils.moveTile - [moveTile.py:90] - DEBUG - [1088.548254] moveTile obstacle check escapeFlag=False (+2.1 ms)
2026-06-28 19:18:10,101 - mazeUtils.moveTile - [moveTile.py:90] - DEBUG - [1088.555226] moveTile ramp check isBigRamp=False (+7.0 ms)
2026-06-28 19:18:10,103 - mazeUtils.moveTile - [moveTile.py:79] - DEBUG - roll: 1.5299999999999727 deg, practicalMoveTime: 0.6027349117453139 sec
2026-06-28 19:18:10,105 - mazeUtils.moveTile - [moveTile.py:2228] - DEBUG - moveTile loop time: 62.2 ms
2026-06-28 19:18:10,106 - mazeUtils.moveTile - [moveTile.py:90] - DEBUG - [1088.560323] moveTile loop end practicalMoveTime=0.603 (+5.1 ms)
2026-06-28 19:18:10,106 - mazeUtils.moveTile - [moveTile.py:90] - DEBUG - [1088.560869] moveTile loop start (+0.5 ms)
2026-06-28 19:18:10,111 - picamera2.picamera2 - [picamera2.py:1391] - DEBUG - Execute job: <picamera2.job.Job object at 0x7f7c417750>
2026-06-28 19:18:10,123 - mazeUtils.device.camera - [camera.py:39] - DEBUG - Average HSV: H=119.4, S=88.5, V=180.6
2026-06-28 19:18:10,129 - mazeUtils.moveTile - [moveTile.py:90] - DEBUG - [1088.583358] moveTile calculated motor speeds left=100 right=94 gyroSteer=2.0 wallSteer=4.0 (+22.5 ms)
2026-06-28 19:18:10,151 - mazeUtils.moveTile - [moveTile.py:90] - DEBUG - [1088.605312] moveTile applied motor speed left=100 right=94 (+22.0 ms)
2026-06-28 19:18:10,157 - mazeUtils.moveTile - [moveTile.py:90] - DEBUG - [1088.611635] moveTile tile color check tempTileColor=E (+6.3 ms)
2026-06-28 19:18:10,158 - mazeUtils.moveTile - [moveTile.py:90] - DEBUG - [1088.613169] moveTile obstacle check escapeFlag=False (+1.5 ms)
2026-06-28 19:18:10,165 - mazeUtils.moveTile - [moveTile.py:90] - DEBUG - [1088.619859] moveTile ramp check isBigRamp=False (+6.7 ms)
2026-06-28 19:18:10,169 - mazeUtils.moveTile - [moveTile.py:79] - DEBUG - roll: 2.5599999999999454 deg, practicalMoveTime: 0.6671177577325493 sec
2026-06-28 19:18:10,172 - mazeUtils.moveTile - [moveTile.py:2228] - DEBUG - moveTile loop time: 64.8 ms
2026-06-28 19:18:10,174 - mazeUtils.moveTile - [moveTile.py:90] - DEBUG - [1088.628864] moveTile loop end practicalMoveTime=0.667 (+9.0 ms)
2026-06-28 19:18:10,175 - mazeUtils.moveTile - [moveTile.py:90] - DEBUG - [1088.629699] moveTile loop start (+0.8 ms)
2026-06-28 19:18:10,180 - picamera2.picamera2 - [picamera2.py:1391] - DEBUG - Execute job: <picamera2.job.Job object at 0x7f957f7f50>
2026-06-28 19:18:10,192 - mazeUtils.device.camera - [camera.py:39] - DEBUG - Average HSV: H=123.0, S=71.4, V=184.9
2026-06-28 19:18:10,199 - mazeUtils.moveTile - [moveTile.py:90] - DEBUG - [1088.653713] moveTile calculated motor speeds left=100 right=93 gyroSteer=3.240000000000009 wallSteer=3.6000000000000014 (+24.0 ms)
2026-06-28 19:18:10,221 - mazeUtils.moveTile - [moveTile.py:90] - DEBUG - [1088.675341] moveTile applied motor speed left=100 right=93 (+21.6 ms)
2026-06-28 19:18:10,226 - mazeUtils.moveTile - [moveTile.py:90] - DEBUG - [1088.680366] moveTile tile color check tempTileColor=E (+5.0 ms)
2026-06-28 19:18:10,227 - mazeUtils.moveTile - [moveTile.py:90] - DEBUG - [1088.681469] moveTile obstacle check escapeFlag=False (+1.1 ms)
2026-06-28 19:18:10,232 - mazeUtils.moveTile - [moveTile.py:90] - DEBUG - [1088.686472] moveTile ramp check isBigRamp=False (+5.0 ms)
2026-06-28 19:18:10,233 - mazeUtils.moveTile - [moveTile.py:1045] - DEBUG - Detected victim info during movement: {<Side.LEFT: 0>: <UnitVStatus.Y_VICTIM: 5>, <Side.RIGHT: 1>: <UnitVStatus.NOTHING: 0>}
2026-06-28 19:18:10,234 - mazeUtils.moveTile - [moveTile.py:79] - DEBUG - roll: 0.2799999999999727 deg, practicalMoveTime: 0.7299281439518123 sec
2026-06-28 19:18:10,235 - mazeUtils.moveTile - [moveTile.py:2228] - DEBUG - moveTile loop time: 59.5 ms
2026-06-28 19:18:10,235 - mazeUtils.moveTile - [moveTile.py:90] - DEBUG - [1088.689840] moveTile loop end practicalMoveTime=0.730 (+3.4 ms)
2026-06-28 19:18:10,236 - mazeUtils.moveTile - [moveTile.py:90] - DEBUG - [1088.690240] moveTile loop start (+0.4 ms)
2026-06-28 19:18:10,241 - picamera2.picamera2 - [picamera2.py:1391] - DEBUG - Execute job: <picamera2.job.Job object at 0x7f9ebeb010>
2026-06-28 19:18:10,248 - mazeUtils.device.camera - [camera.py:39] - DEBUG - Average HSV: H=122.2, S=67.3, V=192.7
2026-06-28 19:18:10,260 - mazeUtils.moveTile - [moveTile.py:90] - DEBUG - [1088.714620] moveTile calculated motor speeds left=100 right=88 gyroSteer=6.319999999999936 wallSteer=4.800000000000001 (+24.4 ms)
2026-06-28 19:18:10,282 - mazeUtils.moveTile - [moveTile.py:90] - DEBUG - [1088.736769] moveTile applied motor speed left=100 right=88 (+22.1 ms)
2026-06-28 19:18:10,286 - mazeUtils.moveTile - [moveTile.py:90] - DEBUG - [1088.740557] moveTile tile color check tempTileColor=E (+3.8 ms)
2026-06-28 19:18:10,287 - mazeUtils.moveTile - [moveTile.py:90] - DEBUG - [1088.741593] moveTile obstacle check escapeFlag=False (+1.0 ms)
2026-06-28 19:18:10,293 - mazeUtils.moveTile - [moveTile.py:90] - DEBUG - [1088.748101] moveTile ramp check isBigRamp=False (+6.5 ms)
2026-06-28 19:18:10,294 - mazeUtils.moveTile - [moveTile.py:79] - DEBUG - roll: 0.5799999999999272 deg, practicalMoveTime: 0.7897521679480449 sec
2026-06-28 19:18:10,295 - mazeUtils.moveTile - [moveTile.py:2228] - DEBUG - moveTile loop time: 59.5 ms
2026-06-28 19:18:10,296 - mazeUtils.moveTile - [moveTile.py:90] - DEBUG - [1088.750274] moveTile loop end practicalMoveTime=0.790 (+2.2 ms)
2026-06-28 19:18:10,296 - mazeUtils.moveTile - [moveTile.py:90] - DEBUG - [1088.750666] moveTile loop start (+0.4 ms)
2026-06-28 19:18:10,302 - picamera2.picamera2 - [picamera2.py:1391] - DEBUG - Execute job: <picamera2.job.Job object at 0x7f9ebeb010>
2026-06-28 19:18:10,309 - mazeUtils.device.camera - [camera.py:39] - DEBUG - Average HSV: H=123.6, S=61.5, V=195.8
2026-06-28 19:18:10,323 - mazeUtils.moveTile - [moveTile.py:90] - DEBUG - [1088.777791] moveTile calculated motor speeds left=100 right=92 gyroSteer=3.519999999999982 wallSteer=4.399999999999999 (+27.1 ms)
2026-06-28 19:18:10,345 - mazeUtils.moveTile - [moveTile.py:90] - DEBUG - [1088.799325] moveTile applied motor speed left=100 right=92 (+21.5 ms)
2026-06-28 19:18:10,348 - mazeUtils.moveTile - [moveTile.py:90] - DEBUG - [1088.803154] moveTile tile color check tempTileColor=E (+3.8 ms)
2026-06-28 19:18:10,350 - mazeUtils.moveTile - [moveTile.py:90] - DEBUG - [1088.804630] moveTile obstacle check escapeFlag=False (+1.5 ms)
2026-06-28 19:18:10,357 - mazeUtils.moveTile - [moveTile.py:90] - DEBUG - [1088.811281] moveTile ramp check isBigRamp=False (+6.7 ms)
2026-06-28 19:18:10,358 - mazeUtils.moveTile - [moveTile.py:79] - DEBUG - roll: 1.740000000000009 deg, practicalMoveTime: 0.8526461090846977 sec
2026-06-28 19:18:10,359 - mazeUtils.moveTile - [moveTile.py:2228] - DEBUG - moveTile loop time: 62.7 ms
2026-06-28 19:18:10,359 - mazeUtils.moveTile - [moveTile.py:90] - DEBUG - [1088.814086] moveTile loop end practicalMoveTime=0.853 (+2.8 ms)
2026-06-28 19:18:10,360 - mazeUtils.moveTile - [moveTile.py:90] - DEBUG - [1088.814491] moveTile loop start (+0.4 ms)
2026-06-28 19:18:10,367 - picamera2.picamera2 - [picamera2.py:1391] - DEBUG - Execute job: <picamera2.job.Job object at 0x7f86fb5d50>
2026-06-28 19:18:10,375 - mazeUtils.device.camera - [camera.py:39] - DEBUG - Average HSV: H=124.3, S=62.1, V=192.5
2026-06-28 19:18:10,382 - mazeUtils.moveTile - [moveTile.py:90] - DEBUG - [1088.837127] moveTile calculated motor speeds left=100 right=94 gyroSteer=0.7200000000000273 wallSteer=4.399999999999999 (+22.6 ms)
2026-06-28 19:18:10,402 - mazeUtils.moveTile - [moveTile.py:90] - DEBUG - [1088.856773] moveTile applied motor speed left=100 right=94 (+19.6 ms)
2026-06-28 19:18:10,409 - mazeUtils.moveTile - [moveTile.py:90] - DEBUG - [1088.863634] moveTile tile color check tempTileColor=E (+6.9 ms)
2026-06-28 19:18:10,410 - mazeUtils.moveTile - [moveTile.py:90] - DEBUG - [1088.864443] moveTile obstacle check escapeFlag=False (+0.8 ms)
2026-06-28 19:18:10,415 - mazeUtils.moveTile - [moveTile.py:90] - DEBUG - [1088.869708] moveTile ramp check isBigRamp=False (+5.3 ms)
2026-06-28 19:18:10,416 - mazeUtils.moveTile - [moveTile.py:2066] - INFO - practicalVerticalMove: 0.7115480065935367 CM
2026-06-28 19:18:10,435 - mazeUtils.moveTile - [moveTile.py:90] - DEBUG - [1088.889646] moveTile finished by time control (+19.9 ms)
2026-06-28 19:18:10,436 - mazeUtils.moveTile - [moveTile.py:90] - DEBUG - [1088.890420] moveTile start final forward adjustment (+20.7 ms)
2026-06-28 19:18:10,468 - mazeUtils.moveTile - [moveTile.py:90] - DEBUG - [1088.922684] moveTile finished final forward adjustment (+32.3 ms)
2026-06-28 19:18:10,469 - mazeUtils.moveTile - [moveTile.py:2446] - INFO - Set moved vertical distance: 0.7115480065935367 cm, past distances: [(0.6705109154578424, False), (0, False), (0, False)]
2026-06-28 19:18:10,470 - mazeUtils.moveTile - [moveTile.py:90] - DEBUG - [1088.924715] moveTile updated moved vertical distance 0.712 (+2.0 ms)
2026-06-28 19:18:10,614 - mazeUtils.moveTile - [moveTile.py:569] - DEBUG - Direction: absDirection.NORTH, Angle: 270, Distance: 107.93421694280926 cm
2026-06-28 19:18:10,615 - mazeUtils.moveTile - [moveTile.py:569] - DEBUG - Direction: absDirection.EAST, Angle: 180, Distance: 115.51923015412765 cm
2026-06-28 19:18:10,617 - mazeUtils.moveTile - [moveTile.py:569] - DEBUG - Direction: absDirection.SOUTH, Angle: 90, Distance: 15.090800916132327 cm
2026-06-28 19:18:10,619 - mazeUtils.moveTile - [moveTile.py:569] - DEBUG - Direction: absDirection.WEST, Angle: 0, Distance: 112.98947699785262 cm
2026-06-28 19:18:10,621 - mazeUtils.moveTile - [moveTile.py:579] - INFO - angle: 0, result: judgeWallResult.NO_WALL
2026-06-28 19:18:10,623 - mazeUtils.moveTile - [moveTile.py:90] - DEBUG - [1089.077265] moveTile updated map and detected walls (+152.5 ms)
2026-06-28 19:18:10,624 - mazeUtils.moveTile - [moveTile.py:2557] - INFO - Decided victim on Side.LEFT side: UnitVStatus.Y_VICTIM
2026-06-28 19:18:10,626 - mazeUtils.moveTile - [moveTile.py:2562] - INFO - Moving backward before dropping rescue kit
2026-06-28 19:18:13,956 - __main__ - [main.py:196] - INFO - Program interrupted by user.
2026-06-28 19:18:15,021 - mazeUtils.device.stm - [stm.py:216] - DEBUG - ACK resynchronized: type=STS_MOTOR dropped=24B seq=109
2026-06-28 19:18:15,060 - picamera2.picamera2 - [picamera2.py:1391] - DEBUG - Execute job: <picamera2.job.Job object at 0x7fad497550>
2026-06-28 19:18:15,085 - picamera2.picamera2 - [picamera2.py:1323] - INFO - Camera stopped
2026-06-28 19:18:15,288 - picamera2.picamera2 - [picamera2.py:1329] - DEBUG - Camera was not started
2026-06-28 19:18:15,494 - picamera2.picamera2 - [picamera2.py:723] - INFO - Camera closed successfully.
2026-06-28 19:18:16,030 - picamera2.picamera2 - [picamera2.py:500] - DEBUG - Resources now free: <picamera2.picamera2.Picamera2 object at 0x7f9eb1ba50>
