2026-06-20 09:06:43,369 - root - [logging_config.py:61] - INFO - Logging initialized. Log file: /home/tuton/Kanto2026RPi/src/config/../logs/robot_20260620_090642.log
2026-06-20 09:06:45,372 - mazeUtils.device.LiDAR - [LiDAR.py:36] - INFO - Available ports: <ydlidar.Str2strMap; proxy of <Swig Object of type 'std::map< std::string,std::string > *' at 0x7f99f80030> >
2026-06-20 09:06:49,339 - mazeUtils.moveTile - [moveTile.py:528] - DEBUG - Direction: absDirection.NORTH, Angle: 0, Distance: 183.83643352101123 cm
2026-06-20 09:06:49,340 - mazeUtils.moveTile - [moveTile.py:551] - DEBUG - Front LiDAR distance: 183.83643352101123 cm, TSD10 distance: 143.5 cm
2026-06-20 09:06:49,342 - mazeUtils.moveTile - [moveTile.py:528] - DEBUG - Direction: absDirection.EAST, Angle: 270, Distance: 170.88045629460802 cm
2026-06-20 09:06:49,345 - mazeUtils.moveTile - [moveTile.py:528] - DEBUG - Direction: absDirection.SOUTH, Angle: 180, Distance: 16.488275351219695 cm
2026-06-20 09:06:49,348 - mazeUtils.moveTile - [moveTile.py:528] - DEBUG - Direction: absDirection.WEST, Angle: 90, Distance: 16.381218631121417 cm
2026-06-20 09:06:49,349 - __main__ - [main.py:69] - INFO - Initial Map:
2026-06-20 09:06:49,382 - __main__ - [main.py:70] - INFO - Current position: (20, 20, 0), front direction: absDirection.NORTH
Layer 0 (altitude=0.0cm, offset=(0.0cm, 0.0cm)):
Known map area: x=20..20, y=20..20
+   +
| @  
+---+
mazeAsGraph[0][20][20] = {absDirection.NORTH: (20, 19, 0, 30), absDirection.EAST: (21, 20, 0, 30), absDirection.SOUTH: None, absDirection.WEST: None}
2026-06-20 09:06:49,383 - mazeUtils.mazeMap - [mazeMap.py:61] - INFO - next goal: (20, 19, 0)
2026-06-20 09:06:49,385 - __main__ - [main.py:73] - INFO - Next Direction: [<absDirection.NORTH: 0>]
2026-06-20 09:06:49,385 - __main__ - [main.py:74] - INFO - Exploration started.
2026-06-20 09:06:49,387 - mazeUtils.moveTile - [moveTile.py:88] - DEBUG - [1483.743049] moveTile start direction=absDirection.NORTH position=(20, 20, 0) front=absDirection.NORTH
2026-06-20 09:06:49,392 - mazeUtils.moveTile - [moveTile.py:90] - DEBUG - [1483.748832] moveTile after initial toggle check (+5.8 ms)
2026-06-20 09:06:49,397 - mazeUtils.moveTile - [moveTile.py:90] - DEBUG - [1483.753358] moveTile after tile checks isRedTile=False isUnknownTileAhead=True (+4.5 ms)
2026-06-20 09:06:49,397 - mazeUtils.moveTile - [moveTile.py:79] - DEBUG - Moving to absDirection.NORTH from (20, 20, 0) facing absDirection.NORTH
2026-06-20 09:06:49,398 - mazeUtils.moveTile - [moveTile.py:90] - DEBUG - [1483.754313] moveTile updated front direction (+1.0 ms)
2026-06-20 09:06:49,403 - mazeUtils.moveTile - [moveTile.py:90] - DEBUG - [1483.759263] moveTile acquired initial LiDAR scan (+4.9 ms)
2026-06-20 09:06:49,424 - mazeUtils.moveTile - [moveTile.py:90] - DEBUG - [1483.780907] moveTile stopped motors before alignment (+21.6 ms)
2026-06-20 09:06:49,495 - mazeUtils.moveTile - [moveTile.py:90] - DEBUG - [1483.851207] moveTile start backward adjustment behind_wall_dist=16.450805554876517 (+70.3 ms)
2026-06-20 09:06:49,515 - mazeUtils.moveTile - [moveTile.py:79] - DEBUG - Little backward to adjust position
2026-06-20 09:06:49,990 - mazeUtils.moveTile - [moveTile.py:90] - DEBUG - [1484.346154] moveTile finished backward adjustment (+494.9 ms)
2026-06-20 09:06:50,009 - mazeUtils.moveTile - [moveTile.py:90] - DEBUG - [1484.365337] moveTile ready for forward move (+19.2 ms)
2026-06-20 09:06:50,117 - mazeUtils.moveTile - [moveTile.py:90] - DEBUG - [1484.473339] moveTile initialized movement targetSteps=1 (+108.0 ms)
2026-06-20 09:06:50,118 - mazeUtils.moveTile - [moveTile.py:90] - DEBUG - [1484.474777] moveTile loop start (+1.4 ms)
2026-06-20 09:06:50,129 - picamera2.picamera2 - [picamera2.py:1391] - DEBUG - Execute job: <picamera2.job.Job object at 0x7f90282b90>
2026-06-20 09:06:50,136 - mazeUtils.device.camera - [camera.py:39] - DEBUG - Average HSV: H=126.5, S=78.0, V=108.9
2026-06-20 09:06:50,143 - mazeUtils.moveTile - [moveTile.py:90] - DEBUG - [1484.499343] moveTile calculated motor speeds left=98 right=100 gyroSteer=-0.2150000000000034 wallSteer=-1.1999999999999993 (+24.6 ms)
2026-06-20 09:06:50,163 - mazeUtils.moveTile - [moveTile.py:90] - DEBUG - [1484.519019] moveTile applied motor speed left=98 right=100 (+19.7 ms)
2026-06-20 09:06:50,163 - mazeUtils.moveTile - [moveTile.py:90] - DEBUG - [1484.519426] moveTile ramp check isBigRamp=False (+0.4 ms)
2026-06-20 09:06:50,166 - mazeUtils.moveTile - [moveTile.py:90] - DEBUG - [1484.522110] moveTile tile color check tempTileColor=E (+2.7 ms)
2026-06-20 09:06:50,166 - mazeUtils.moveTile - [moveTile.py:90] - DEBUG - [1484.522476] moveTile obstacle check escapeFlag=False (+0.4 ms)
2026-06-20 09:06:50,166 - mazeUtils.moveTile - [moveTile.py:79] - DEBUG - roll: 0.03999999999996362 deg, practicalMoveTime: 0.04942558991450953 sec
2026-06-20 09:06:50,167 - mazeUtils.moveTile - [moveTile.py:1397] - DEBUG - moveTile loop time: 48.3 ms
2026-06-20 09:06:50,167 - mazeUtils.moveTile - [moveTile.py:90] - DEBUG - [1484.523259] moveTile loop end practicalMoveTime=0.049 (+0.8 ms)
2026-06-20 09:06:50,167 - mazeUtils.moveTile - [moveTile.py:90] - DEBUG - [1484.523397] moveTile loop start (+0.1 ms)
2026-06-20 09:06:50,176 - picamera2.picamera2 - [picamera2.py:1391] - DEBUG - Execute job: <picamera2.job.Job object at 0x7f90282b90>
2026-06-20 09:06:50,181 - mazeUtils.device.camera - [camera.py:39] - DEBUG - Average HSV: H=126.7, S=76.9, V=108.4
2026-06-20 09:06:50,188 - mazeUtils.moveTile - [moveTile.py:90] - DEBUG - [1484.544922] moveTile calculated motor speeds left=96 right=100 gyroSteer=-0.28000000000000114 wallSteer=-3.6000000000000014 (+21.5 ms)
2026-06-20 09:06:50,216 - mazeUtils.moveTile - [moveTile.py:90] - DEBUG - [1484.572418] moveTile applied motor speed left=96 right=100 (+27.5 ms)
2026-06-20 09:06:50,216 - mazeUtils.moveTile - [moveTile.py:90] - DEBUG - [1484.572818] moveTile ramp check isBigRamp=False (+0.4 ms)
2026-06-20 09:06:50,219 - mazeUtils.moveTile - [moveTile.py:90] - DEBUG - [1484.575407] moveTile tile color check tempTileColor=E (+2.6 ms)
2026-06-20 09:06:50,219 - mazeUtils.moveTile - [moveTile.py:90] - DEBUG - [1484.575680] moveTile obstacle check escapeFlag=False (+0.3 ms)
2026-06-20 09:06:50,220 - mazeUtils.moveTile - [moveTile.py:79] - DEBUG - roll: 0.4199999999999591 deg, practicalMoveTime: 0.1022915820856786 sec
2026-06-20 09:06:50,220 - mazeUtils.moveTile - [moveTile.py:1397] - DEBUG - moveTile loop time: 52.9 ms
2026-06-20 09:06:50,220 - mazeUtils.moveTile - [moveTile.py:90] - DEBUG - [1484.576577] moveTile loop end practicalMoveTime=0.102 (+0.9 ms)
2026-06-20 09:06:50,220 - mazeUtils.moveTile - [moveTile.py:90] - DEBUG - [1484.576807] moveTile loop start (+0.2 ms)
2026-06-20 09:06:50,227 - picamera2.picamera2 - [picamera2.py:1391] - DEBUG - Execute job: <picamera2.job.Job object at 0x7f902823d0>
2026-06-20 09:06:50,230 - mazeUtils.device.camera - [camera.py:39] - DEBUG - Average HSV: H=132.3, S=65.6, V=99.8
2026-06-20 09:06:50,234 - mazeUtils.moveTile - [moveTile.py:90] - DEBUG - [1484.590971] moveTile calculated motor speeds left=96 right=100 gyroSteer=-0.3100000000000023 wallSteer=-3.6000000000000014 (+14.2 ms)
2026-06-20 09:06:50,255 - mazeUtils.moveTile - [moveTile.py:90] - DEBUG - [1484.611024] moveTile applied motor speed left=96 right=100 (+20.1 ms)
2026-06-20 09:06:50,255 - mazeUtils.moveTile - [moveTile.py:90] - DEBUG - [1484.611391] moveTile ramp check isBigRamp=False (+0.4 ms)
2026-06-20 09:06:50,257 - mazeUtils.moveTile - [moveTile.py:90] - DEBUG - [1484.613971] moveTile tile color check tempTileColor=E (+2.6 ms)
2026-06-20 09:06:50,258 - mazeUtils.moveTile - [moveTile.py:90] - DEBUG - [1484.614278] moveTile obstacle check escapeFlag=False (+0.3 ms)
2026-06-20 09:06:50,258 - mazeUtils.moveTile - [moveTile.py:79] - DEBUG - roll: 0.8299999999999841 deg, practicalMoveTime: 0.1405489811332909 sec
2026-06-20 09:06:50,258 - mazeUtils.moveTile - [moveTile.py:1397] - DEBUG - moveTile loop time: 38.2 ms
2026-06-20 09:06:50,259 - mazeUtils.moveTile - [moveTile.py:90] - DEBUG - [1484.615164] moveTile loop end practicalMoveTime=0.141 (+0.9 ms)
2026-06-20 09:06:50,259 - mazeUtils.moveTile - [moveTile.py:90] - DEBUG - [1484.615360] moveTile loop start (+0.2 ms)
2026-06-20 09:06:50,270 - picamera2.picamera2 - [picamera2.py:1391] - DEBUG - Execute job: <picamera2.job.Job object at 0x7f92e1be90>
2026-06-20 09:06:50,274 - mazeUtils.device.camera - [camera.py:39] - DEBUG - Average HSV: H=129.7, S=72.5, V=102.8
2026-06-20 09:06:50,283 - mazeUtils.moveTile - [moveTile.py:90] - DEBUG - [1484.639870] moveTile calculated motor speeds left=96 right=100 gyroSteer=0.05000000000001137 wallSteer=-3.6000000000000014 (+24.5 ms)
2026-06-20 09:06:50,310 - mazeUtils.moveTile - [moveTile.py:90] - DEBUG - [1484.666667] moveTile applied motor speed left=96 right=100 (+26.8 ms)
2026-06-20 09:06:50,311 - mazeUtils.moveTile - [moveTile.py:90] - DEBUG - [1484.667073] moveTile ramp check isBigRamp=False (+0.4 ms)
2026-06-20 09:06:50,313 - mazeUtils.moveTile - [moveTile.py:90] - DEBUG - [1484.669642] moveTile tile color check tempTileColor=E (+2.6 ms)
2026-06-20 09:06:50,313 - mazeUtils.moveTile - [moveTile.py:90] - DEBUG - [1484.669983] moveTile obstacle check escapeFlag=False (+0.3 ms)
2026-06-20 09:06:50,314 - mazeUtils.moveTile - [moveTile.py:79] - DEBUG - roll: 359.15 deg, practicalMoveTime: 0.1958791288308106 sec
2026-06-20 09:06:50,314 - mazeUtils.moveTile - [moveTile.py:1397] - DEBUG - moveTile loop time: 55.4 ms
2026-06-20 09:06:50,315 - mazeUtils.moveTile - [moveTile.py:90] - DEBUG - [1484.671267] moveTile loop end practicalMoveTime=0.196 (+1.3 ms)
2026-06-20 09:06:50,315 - mazeUtils.moveTile - [moveTile.py:90] - DEBUG - [1484.671505] moveTile loop start (+0.2 ms)
2026-06-20 09:06:50,320 - picamera2.picamera2 - [picamera2.py:1391] - DEBUG - Execute job: <picamera2.job.Job object at 0x7f9a541890>
2026-06-20 09:06:50,324 - mazeUtils.device.camera - [camera.py:39] - DEBUG - Average HSV: H=132.4, S=66.7, V=100.0
2026-06-20 09:06:50,328 - mazeUtils.moveTile - [moveTile.py:90] - DEBUG - [1484.684850] moveTile calculated motor speeds left=96 right=100 gyroSteer=-0.014999999999986358 wallSteer=-3.6000000000000014 (+13.3 ms)
2026-06-20 09:06:50,348 - mazeUtils.moveTile - [moveTile.py:90] - DEBUG - [1484.704777] moveTile applied motor speed left=96 right=100 (+19.9 ms)
2026-06-20 09:06:50,349 - mazeUtils.moveTile - [moveTile.py:90] - DEBUG - [1484.705134] moveTile ramp check isBigRamp=False (+0.4 ms)
2026-06-20 09:06:50,351 - mazeUtils.moveTile - [moveTile.py:90] - DEBUG - [1484.707708] moveTile tile color check tempTileColor=E (+2.6 ms)
2026-06-20 09:06:50,352 - mazeUtils.moveTile - [moveTile.py:90] - DEBUG - [1484.708070] moveTile obstacle check escapeFlag=False (+0.4 ms)
2026-06-20 09:06:50,352 - mazeUtils.moveTile - [moveTile.py:79] - DEBUG - roll: 0.03999999999996362 deg, practicalMoveTime: 0.23347153071102814 sec
2026-06-20 09:06:50,352 - mazeUtils.moveTile - [moveTile.py:1397] - DEBUG - moveTile loop time: 37.2 ms
2026-06-20 09:06:50,352 - mazeUtils.moveTile - [moveTile.py:90] - DEBUG - [1484.708841] moveTile loop end practicalMoveTime=0.233 (+0.8 ms)
2026-06-20 09:06:50,352 - mazeUtils.moveTile - [moveTile.py:90] - DEBUG - [1484.708979] moveTile loop start (+0.1 ms)
2026-06-20 09:06:50,359 - picamera2.picamera2 - [picamera2.py:1391] - DEBUG - Execute job: <picamera2.job.Job object at 0x7f92e19450>
2026-06-20 09:06:50,362 - mazeUtils.device.camera - [camera.py:39] - DEBUG - Average HSV: H=150.7, S=54.6, V=100.5
2026-06-20 09:06:50,371 - mazeUtils.moveTile - [moveTile.py:90] - DEBUG - [1484.727806] moveTile calculated motor speeds left=95 right=100 gyroSteer=-0.07999999999998408 wallSteer=-4.0 (+18.8 ms)
2026-06-20 09:06:50,398 - mazeUtils.moveTile - [moveTile.py:90] - DEBUG - [1484.754644] moveTile applied motor speed left=95 right=100 (+26.8 ms)
2026-06-20 09:06:50,399 - mazeUtils.moveTile - [moveTile.py:90] - DEBUG - [1484.755067] moveTile ramp check isBigRamp=False (+0.4 ms)
2026-06-20 09:06:50,401 - mazeUtils.moveTile - [moveTile.py:90] - DEBUG - [1484.757833] moveTile tile color check tempTileColor=E (+2.8 ms)
2026-06-20 09:06:50,402 - mazeUtils.moveTile - [moveTile.py:90] - DEBUG - [1484.758187] moveTile obstacle check escapeFlag=False (+0.4 ms)
2026-06-20 09:06:50,402 - mazeUtils.moveTile - [moveTile.py:79] - DEBUG - roll: 1.2199999999999704 deg, practicalMoveTime: 0.28325968408032065 sec
2026-06-20 09:06:50,402 - mazeUtils.moveTile - [moveTile.py:1397] - DEBUG - moveTile loop time: 49.8 ms
2026-06-20 09:06:50,402 - mazeUtils.moveTile - [moveTile.py:90] - DEBUG - [1484.758964] moveTile loop end practicalMoveTime=0.283 (+0.8 ms)
2026-06-20 09:06:50,403 - mazeUtils.moveTile - [moveTile.py:90] - DEBUG - [1484.759154] moveTile loop start (+0.2 ms)
2026-06-20 09:06:50,408 - picamera2.picamera2 - [picamera2.py:1391] - DEBUG - Execute job: <picamera2.job.Job object at 0x7f92e19450>
2026-06-20 09:06:50,411 - mazeUtils.device.camera - [camera.py:39] - DEBUG - Average HSV: H=140.0, S=60.1, V=101.5
2026-06-20 09:06:50,417 - mazeUtils.moveTile - [moveTile.py:90] - DEBUG - [1484.773045] moveTile calculated motor speeds left=96 right=100 gyroSteer=0.01500000000001478 wallSteer=-4.0 (+13.9 ms)
2026-06-20 09:06:50,437 - mazeUtils.moveTile - [moveTile.py:90] - DEBUG - [1484.793016] moveTile applied motor speed left=96 right=100 (+20.0 ms)
2026-06-20 09:06:50,437 - mazeUtils.moveTile - [moveTile.py:90] - DEBUG - [1484.793411] moveTile ramp check isBigRamp=False (+0.4 ms)
2026-06-20 09:06:50,440 - mazeUtils.moveTile - [moveTile.py:90] - DEBUG - [1484.796119] moveTile tile color check tempTileColor=E (+2.7 ms)
2026-06-20 09:06:50,440 - mazeUtils.moveTile - [moveTile.py:90] - DEBUG - [1484.796573] moveTile obstacle check escapeFlag=False (+0.5 ms)
2026-06-20 09:06:50,441 - mazeUtils.moveTile - [moveTile.py:79] - DEBUG - roll: 358.89 deg, practicalMoveTime: 0.3216049765655025 sec
2026-06-20 09:06:50,441 - mazeUtils.moveTile - [moveTile.py:1397] - DEBUG - moveTile loop time: 38.5 ms
2026-06-20 09:06:50,441 - mazeUtils.moveTile - [moveTile.py:90] - DEBUG - [1484.797891] moveTile loop end practicalMoveTime=0.322 (+1.3 ms)
2026-06-20 09:06:50,442 - mazeUtils.moveTile - [moveTile.py:90] - DEBUG - [1484.798039] moveTile loop start (+0.1 ms)
2026-06-20 09:06:50,452 - picamera2.picamera2 - [picamera2.py:1391] - DEBUG - Execute job: <picamera2.job.Job object at 0x7f902823d0>
2026-06-20 09:06:50,455 - mazeUtils.device.camera - [camera.py:39] - DEBUG - Average HSV: H=129.1, S=73.1, V=106.4
2026-06-20 09:06:50,465 - mazeUtils.moveTile - [moveTile.py:90] - DEBUG - [1484.821199] moveTile calculated motor speeds left=100 right=98 gyroSteer=0.25 wallSteer=1.6000000000000014 (+23.2 ms)
2026-06-20 09:06:50,484 - mazeUtils.moveTile - [moveTile.py:90] - DEBUG - [1484.840200] moveTile applied motor speed left=100 right=98 (+19.0 ms)
2026-06-20 09:06:50,484 - mazeUtils.moveTile - [moveTile.py:90] - DEBUG - [1484.840651] moveTile ramp check isBigRamp=False (+0.5 ms)
2026-06-20 09:06:50,488 - mazeUtils.moveTile - [moveTile.py:90] - DEBUG - [1484.844158] moveTile tile color check tempTileColor=E (+3.5 ms)
2026-06-20 09:06:50,488 - mazeUtils.moveTile - [moveTile.py:90] - DEBUG - [1484.844748] moveTile obstacle check escapeFlag=False (+0.6 ms)
2026-06-20 09:06:50,489 - mazeUtils.moveTile - [moveTile.py:79] - DEBUG - roll: 355.90999999999997 deg, practicalMoveTime: 0.36903717088275734 sec
2026-06-20 09:06:50,489 - mazeUtils.moveTile - [moveTile.py:1397] - DEBUG - moveTile loop time: 47.6 ms
2026-06-20 09:06:50,489 - mazeUtils.moveTile - [moveTile.py:90] - DEBUG - [1484.845912] moveTile loop end practicalMoveTime=0.369 (+1.2 ms)
2026-06-20 09:06:50,490 - mazeUtils.moveTile - [moveTile.py:90] - DEBUG - [1484.846142] moveTile loop start (+0.2 ms)
2026-06-20 09:06:50,495 - picamera2.picamera2 - [picamera2.py:1391] - DEBUG - Execute job: <picamera2.job.Job object at 0x7f80e87550>
2026-06-20 09:06:50,498 - mazeUtils.device.camera - [camera.py:39] - DEBUG - Average HSV: H=124.9, S=90.3, V=114.7
2026-06-20 09:06:50,506 - mazeUtils.moveTile - [moveTile.py:90] - DEBUG - [1484.862694] moveTile calculated motor speeds left=100 right=99 gyroSteer=0.2400000000000091 wallSteer=0.0 (+16.6 ms)
2026-06-20 09:06:50,526 - mazeUtils.moveTile - [moveTile.py:90] - DEBUG - [1484.882954] moveTile applied motor speed left=100 right=99 (+20.3 ms)
2026-06-20 09:06:50,527 - mazeUtils.moveTile - [moveTile.py:90] - DEBUG - [1484.883355] moveTile ramp check isBigRamp=False (+0.4 ms)
2026-06-20 09:06:50,529 - mazeUtils.moveTile - [moveTile.py:90] - DEBUG - [1484.885948] moveTile tile color check tempTileColor=E (+2.6 ms)
2026-06-20 09:06:50,530 - mazeUtils.moveTile - [moveTile.py:90] - DEBUG - [1484.886327] moveTile obstacle check escapeFlag=False (+0.4 ms)
2026-06-20 09:06:50,530 - mazeUtils.moveTile - [moveTile.py:79] - DEBUG - roll: 353.51 deg, practicalMoveTime: 0.4097584448162651 sec
2026-06-20 09:06:50,530 - mazeUtils.moveTile - [moveTile.py:1397] - DEBUG - moveTile loop time: 40.8 ms
2026-06-20 09:06:50,531 - mazeUtils.moveTile - [moveTile.py:90] - DEBUG - [1484.887136] moveTile loop end practicalMoveTime=0.410 (+0.8 ms)
2026-06-20 09:06:50,531 - mazeUtils.moveTile - [moveTile.py:90] - DEBUG - [1484.887275] moveTile loop start (+0.1 ms)
2026-06-20 09:06:50,539 - picamera2.picamera2 - [picamera2.py:1391] - DEBUG - Execute job: <picamera2.job.Job object at 0x7f92e1be90>
2026-06-20 09:06:50,542 - mazeUtils.device.camera - [camera.py:39] - DEBUG - Average HSV: H=122.3, S=100.4, V=127.0
2026-06-20 09:06:50,546 - mazeUtils.moveTile - [moveTile.py:90] - DEBUG - [1484.902819] moveTile calculated motor speeds left=95 right=100 gyroSteer=0.09499999999999886 wallSteer=-4.799999999999997 (+15.5 ms)
2026-06-20 09:06:50,566 - mazeUtils.moveTile - [moveTile.py:90] - DEBUG - [1484.922774] moveTile applied motor speed left=95 right=100 (+20.0 ms)
2026-06-20 09:06:50,567 - mazeUtils.moveTile - [moveTile.py:90] - DEBUG - [1484.923159] moveTile ramp check isBigRamp=False (+0.4 ms)
2026-06-20 09:06:50,571 - mazeUtils.moveTile - [moveTile.py:90] - DEBUG - [1484.927814] moveTile tile color check tempTileColor=E (+4.7 ms)
2026-06-20 09:06:50,572 - mazeUtils.moveTile - [moveTile.py:90] - DEBUG - [1484.928270] moveTile obstacle check escapeFlag=False (+0.5 ms)
2026-06-20 09:06:50,572 - mazeUtils.moveTile - [moveTile.py:79] - DEBUG - roll: 347.88 deg, practicalMoveTime: 0.45042207920597993 sec
2026-06-20 09:06:50,572 - mazeUtils.moveTile - [moveTile.py:1397] - DEBUG - moveTile loop time: 41.6 ms
2026-06-20 09:06:50,572 - mazeUtils.moveTile - [moveTile.py:90] - DEBUG - [1484.929021] moveTile loop end practicalMoveTime=0.450 (+0.8 ms)
2026-06-20 09:06:50,573 - mazeUtils.moveTile - [moveTile.py:90] - DEBUG - [1484.929161] moveTile loop start (+0.1 ms)
2026-06-20 09:06:50,577 - picamera2.picamera2 - [picamera2.py:1391] - DEBUG - Execute job: <picamera2.job.Job object at 0x7f62c1d310>
2026-06-20 09:06:50,579 - mazeUtils.device.camera - [camera.py:39] - DEBUG - Average HSV: H=121.1, S=109.9, V=130.2
2026-06-20 09:06:50,586 - mazeUtils.moveTile - [moveTile.py:90] - DEBUG - [1484.942195] moveTile calculated motor speeds left=95 right=100 gyroSteer=-0.009999999999990905 wallSteer=-4.799999999999997 (+13.0 ms)
2026-06-20 09:06:50,606 - mazeUtils.moveTile - [moveTile.py:90] - DEBUG - [1484.962396] moveTile applied motor speed left=95 right=100 (+20.2 ms)
2026-06-20 09:06:50,606 - mazeUtils.moveTile - [moveTile.py:90] - DEBUG - [1484.962980] moveTile ramp check isBigRamp=False (+0.6 ms)
2026-06-20 09:06:50,614 - mazeUtils.moveTile - [moveTile.py:90] - DEBUG - [1484.970236] moveTile tile color check tempTileColor=E (+7.3 ms)
2026-06-20 09:06:50,614 - mazeUtils.moveTile - [moveTile.py:90] - DEBUG - [1484.970643] moveTile obstacle check escapeFlag=False (+0.4 ms)
2026-06-20 09:06:50,614 - mazeUtils.moveTile - [moveTile.py:79] - DEBUG - roll: 347.69 deg, practicalMoveTime: 0.49150679953541326 sec
2026-06-20 09:06:50,615 - mazeUtils.moveTile - [moveTile.py:1397] - DEBUG - moveTile loop time: 42.0 ms
2026-06-20 09:06:50,615 - mazeUtils.moveTile - [moveTile.py:90] - DEBUG - [1484.971360] moveTile loop end practicalMoveTime=0.492 (+0.7 ms)
2026-06-20 09:06:50,615 - mazeUtils.moveTile - [moveTile.py:90] - DEBUG - [1484.971495] moveTile loop start (+0.1 ms)
2026-06-20 09:06:50,619 - picamera2.picamera2 - [picamera2.py:1391] - DEBUG - Execute job: <picamera2.job.Job object at 0x7f62c1d490>
2026-06-20 09:06:50,622 - mazeUtils.device.camera - [camera.py:39] - DEBUG - Average HSV: H=119.8, S=116.1, V=140.0
2026-06-20 09:06:50,627 - mazeUtils.moveTile - [moveTile.py:90] - DEBUG - [1484.983775] moveTile calculated motor speeds left=99 right=100 gyroSteer=-0.6149999999999807 wallSteer=0.3999999999999986 (+12.3 ms)
2026-06-20 09:06:50,648 - mazeUtils.moveTile - [moveTile.py:90] - DEBUG - [1485.004162] moveTile applied motor speed left=99 right=100 (+20.4 ms)
2026-06-20 09:06:50,648 - mazeUtils.moveTile - [moveTile.py:90] - DEBUG - [1485.004579] moveTile ramp check isBigRamp=True (+0.4 ms)
2026-06-20 09:06:50,651 - mazeUtils.moveTile - [moveTile.py:90] - DEBUG - [1485.007260] moveTile tile color check tempTileColor=E (+2.7 ms)
2026-06-20 09:06:50,651 - mazeUtils.moveTile - [moveTile.py:90] - DEBUG - [1485.007792] moveTile obstacle check escapeFlag=False (+0.5 ms)
2026-06-20 09:06:50,652 - mazeUtils.moveTile - [moveTile.py:79] - DEBUG - roll: 339.40999999999997 deg, practicalMoveTime: 0.5261229084090947 sec
2026-06-20 09:06:50,652 - mazeUtils.moveTile - [moveTile.py:1397] - DEBUG - moveTile loop time: 37.3 ms
2026-06-20 09:06:50,653 - mazeUtils.moveTile - [moveTile.py:90] - DEBUG - [1485.009225] moveTile loop end practicalMoveTime=0.526 (+1.4 ms)
2026-06-20 09:06:50,653 - mazeUtils.moveTile - [moveTile.py:90] - DEBUG - [1485.009668] moveTile loop start (+0.4 ms)
2026-06-20 09:06:50,660 - picamera2.picamera2 - [picamera2.py:1391] - DEBUG - Execute job: <picamera2.job.Job object at 0x7f80f083d0>
2026-06-20 09:06:50,664 - mazeUtils.device.camera - [camera.py:39] - DEBUG - Average HSV: H=119.3, S=125.6, V=140.6
2026-06-20 09:06:50,675 - mazeUtils.moveTile - [moveTile.py:90] - DEBUG - [1485.031728] moveTile calculated motor speeds left=93 right=100 gyroSteer=-0.9399999999999977 wallSteer=-5.600000000000001 (+22.1 ms)
2026-06-20 09:06:50,702 - mazeUtils.moveTile - [moveTile.py:90] - DEBUG - [1485.058792] moveTile applied motor speed left=93 right=100 (+27.1 ms)
2026-06-20 09:06:50,703 - mazeUtils.moveTile - [moveTile.py:90] - DEBUG - [1485.059163] moveTile ramp check isBigRamp=True (+0.4 ms)
2026-06-20 09:06:50,705 - mazeUtils.moveTile - [moveTile.py:90] - DEBUG - [1485.061840] moveTile tile color check tempTileColor=E (+2.7 ms)
2026-06-20 09:06:50,706 - mazeUtils.moveTile - [moveTile.py:90] - DEBUG - [1485.062229] moveTile obstacle check escapeFlag=False (+0.4 ms)
2026-06-20 09:06:50,706 - mazeUtils.moveTile - [moveTile.py:79] - DEBUG - roll: 337.32 deg, practicalMoveTime: 0.575649728747906 sec
2026-06-20 09:06:50,706 - mazeUtils.moveTile - [moveTile.py:1397] - DEBUG - moveTile loop time: 53.1 ms
2026-06-20 09:06:50,706 - mazeUtils.moveTile - [moveTile.py:90] - DEBUG - [1485.062963] moveTile loop end practicalMoveTime=0.576 (+0.7 ms)
2026-06-20 09:06:50,707 - mazeUtils.moveTile - [moveTile.py:90] - DEBUG - [1485.063099] moveTile loop start (+0.1 ms)
2026-06-20 09:06:50,712 - picamera2.picamera2 - [picamera2.py:1391] - DEBUG - Execute job: <picamera2.job.Job object at 0x7f92e1be90>
2026-06-20 09:06:50,715 - mazeUtils.device.camera - [camera.py:39] - DEBUG - Average HSV: H=118.9, S=133.0, V=142.6
2026-06-20 09:06:50,719 - mazeUtils.moveTile - [moveTile.py:90] - DEBUG - [1485.075607] moveTile calculated motor speeds left=93 right=100 gyroSteer=-0.8549999999999898 wallSteer=-5.600000000000001 (+12.5 ms)
2026-06-20 09:06:50,739 - mazeUtils.moveTile - [moveTile.py:90] - DEBUG - [1485.095676] moveTile applied motor speed left=93 right=100 (+20.1 ms)
2026-06-20 09:06:50,740 - mazeUtils.moveTile - [moveTile.py:90] - DEBUG - [1485.096123] moveTile ramp check isBigRamp=True (+0.4 ms)
2026-06-20 09:06:50,743 - mazeUtils.moveTile - [moveTile.py:90] - DEBUG - [1485.099967] moveTile tile color check tempTileColor=E (+3.8 ms)
2026-06-20 09:06:50,744 - mazeUtils.moveTile - [moveTile.py:90] - DEBUG - [1485.100578] moveTile obstacle check escapeFlag=False (+0.6 ms)
2026-06-20 09:06:50,745 - mazeUtils.moveTile - [moveTile.py:79] - DEBUG - roll: 335.66999999999996 deg, practicalMoveTime: 0.6104352841642539 sec
2026-06-20 09:06:50,745 - mazeUtils.moveTile - [moveTile.py:1397] - DEBUG - moveTile loop time: 38.3 ms
2026-06-20 09:06:50,745 - mazeUtils.moveTile - [moveTile.py:90] - DEBUG - [1485.101827] moveTile loop end practicalMoveTime=0.610 (+1.2 ms)
2026-06-20 09:06:50,746 - mazeUtils.moveTile - [moveTile.py:90] - DEBUG - [1485.102122] moveTile loop start (+0.3 ms)
2026-06-20 09:06:50,751 - picamera2.picamera2 - [picamera2.py:1391] - DEBUG - Execute job: <picamera2.job.Job object at 0x7f92e19450>
2026-06-20 09:06:50,754 - mazeUtils.device.camera - [camera.py:39] - DEBUG - Average HSV: H=119.0, S=135.8, V=136.8
2026-06-20 09:06:50,760 - mazeUtils.moveTile - [moveTile.py:90] - DEBUG - [1485.116159] moveTile calculated motor speeds left=91 right=100 gyroSteer=-0.8299999999999841 wallSteer=-7.600000000000001 (+14.0 ms)
2026-06-20 09:06:50,779 - mazeUtils.moveTile - [moveTile.py:90] - DEBUG - [1485.135301] moveTile applied motor speed left=91 right=100 (+19.1 ms)
2026-06-20 09:06:50,779 - mazeUtils.moveTile - [moveTile.py:90] - DEBUG - [1485.135700] moveTile ramp check isBigRamp=True (+0.4 ms)
2026-06-20 09:06:50,782 - mazeUtils.moveTile - [moveTile.py:90] - DEBUG - [1485.138272] moveTile tile color check tempTileColor=E (+2.6 ms)
2026-06-20 09:06:50,782 - mazeUtils.moveTile - [moveTile.py:90] - DEBUG - [1485.138550] moveTile obstacle check escapeFlag=False (+0.3 ms)
2026-06-20 09:06:50,782 - mazeUtils.moveTile - [moveTile.py:79] - DEBUG - roll: 333.87 deg, practicalMoveTime: 0.6440518596257597 sec
2026-06-20 09:06:50,783 - mazeUtils.moveTile - [moveTile.py:1397] - DEBUG - moveTile loop time: 37.0 ms
2026-06-20 09:06:50,783 - mazeUtils.moveTile - [moveTile.py:90] - DEBUG - [1485.139292] moveTile loop end practicalMoveTime=0.644 (+0.7 ms)
2026-06-20 09:06:50,783 - mazeUtils.moveTile - [moveTile.py:90] - DEBUG - [1485.139451] moveTile loop start (+0.2 ms)
2026-06-20 09:06:50,789 - picamera2.picamera2 - [picamera2.py:1391] - DEBUG - Execute job: <picamera2.job.Job object at 0x7f9a541890>
2026-06-20 09:06:50,792 - mazeUtils.device.camera - [camera.py:39] - DEBUG - Average HSV: H=118.9, S=135.3, V=138.0
2026-06-20 09:06:50,802 - mazeUtils.moveTile - [moveTile.py:90] - DEBUG - [1485.158439] moveTile calculated motor speeds left=94 right=100 gyroSteer=-1.1099999999999852 wallSteer=-4.399999999999999 (+19.0 ms)
2026-06-20 09:06:50,829 - mazeUtils.moveTile - [moveTile.py:90] - DEBUG - [1485.185983] moveTile applied motor speed left=94 right=100 (+27.5 ms)
2026-06-20 09:06:50,830 - mazeUtils.moveTile - [moveTile.py:90] - DEBUG - [1485.186346] moveTile ramp check isBigRamp=True (+0.4 ms)
2026-06-20 09:06:50,832 - mazeUtils.moveTile - [moveTile.py:90] - DEBUG - [1485.188944] moveTile tile color check tempTileColor=E (+2.6 ms)
2026-06-20 09:06:50,833 - mazeUtils.moveTile - [moveTile.py:90] - DEBUG - [1485.189297] moveTile obstacle check escapeFlag=False (+0.4 ms)
2026-06-20 09:06:50,833 - mazeUtils.moveTile - [moveTile.py:79] - DEBUG - roll: 333.31 deg, practicalMoveTime: 0.689128822350203 sec
2026-06-20 09:06:50,833 - mazeUtils.moveTile - [moveTile.py:1397] - DEBUG - moveTile loop time: 50.4 ms
2026-06-20 09:06:50,834 - mazeUtils.moveTile - [moveTile.py:90] - DEBUG - [1485.190040] moveTile loop end practicalMoveTime=0.689 (+0.7 ms)
2026-06-20 09:06:50,834 - mazeUtils.moveTile - [moveTile.py:90] - DEBUG - [1485.190176] moveTile loop start (+0.1 ms)
2026-06-20 09:06:50,840 - picamera2.picamera2 - [picamera2.py:1391] - DEBUG - Execute job: <picamera2.job.Job object at 0x7f80e87550>
2026-06-20 09:06:50,843 - mazeUtils.device.camera - [camera.py:39] - DEBUG - Average HSV: H=119.2, S=135.9, V=134.3
2026-06-20 09:06:50,848 - mazeUtils.moveTile - [moveTile.py:90] - DEBUG - [1485.204525] moveTile calculated motor speeds left=88 right=100 gyroSteer=-1.039999999999992 wallSteer=-10.0 (+14.3 ms)
2026-06-20 09:06:50,868 - mazeUtils.moveTile - [moveTile.py:90] - DEBUG - [1485.224473] moveTile applied motor speed left=88 right=100 (+19.9 ms)
2026-06-20 09:06:50,869 - mazeUtils.moveTile - [moveTile.py:90] - DEBUG - [1485.225309] moveTile ramp check isBigRamp=True (+0.8 ms)
2026-06-20 09:06:50,872 - mazeUtils.moveTile - [moveTile.py:90] - DEBUG - [1485.228315] moveTile tile color check tempTileColor=E (+3.0 ms)
2026-06-20 09:06:50,872 - mazeUtils.moveTile - [moveTile.py:90] - DEBUG - [1485.228748] moveTile obstacle check escapeFlag=False (+0.4 ms)
2026-06-20 09:06:50,873 - mazeUtils.moveTile - [moveTile.py:79] - DEBUG - roll: 335.29999999999995 deg, practicalMoveTime: 0.7247618987224422 sec
2026-06-20 09:06:50,873 - mazeUtils.moveTile - [moveTile.py:1397] - DEBUG - moveTile loop time: 39.2 ms
2026-06-20 09:06:50,873 - mazeUtils.moveTile - [moveTile.py:90] - DEBUG - [1485.229567] moveTile loop end practicalMoveTime=0.725 (+0.8 ms)
2026-06-20 09:06:50,873 - mazeUtils.moveTile - [moveTile.py:90] - DEBUG - [1485.229705] moveTile loop start (+0.1 ms)
2026-06-20 09:06:50,878 - picamera2.picamera2 - [picamera2.py:1391] - DEBUG - Execute job: <picamera2.job.Job object at 0x7f92e1be90>
2026-06-20 09:06:50,881 - mazeUtils.device.camera - [camera.py:39] - DEBUG - Average HSV: H=119.4, S=133.2, V=133.3
2026-06-20 09:06:50,890 - mazeUtils.moveTile - [moveTile.py:90] - DEBUG - [1485.246911] moveTile calculated motor speeds left=93 right=100 gyroSteer=-0.9000000000000057 wallSteer=-5.599999999999998 (+17.2 ms)
2026-06-20 09:06:50,917 - mazeUtils.moveTile - [moveTile.py:90] - DEBUG - [1485.273228] moveTile applied motor speed left=93 right=100 (+26.3 ms)
2026-06-20 09:06:50,917 - mazeUtils.moveTile - [moveTile.py:90] - DEBUG - [1485.273631] moveTile ramp check isBigRamp=True (+0.4 ms)
2026-06-20 09:06:50,920 - mazeUtils.moveTile - [moveTile.py:90] - DEBUG - [1485.276313] moveTile tile color check tempTileColor=E (+2.7 ms)
2026-06-20 09:06:50,920 - mazeUtils.moveTile - [moveTile.py:90] - DEBUG - [1485.276838] moveTile obstacle check escapeFlag=False (+0.5 ms)
2026-06-20 09:06:50,921 - mazeUtils.moveTile - [moveTile.py:79] - DEBUG - roll: 334.41999999999996 deg, practicalMoveTime: 0.7678264365636134 sec
2026-06-20 09:06:50,921 - mazeUtils.moveTile - [moveTile.py:1397] - DEBUG - moveTile loop time: 47.7 ms
2026-06-20 09:06:50,921 - mazeUtils.moveTile - [moveTile.py:90] - DEBUG - [1485.277602] moveTile loop end practicalMoveTime=0.768 (+0.8 ms)
2026-06-20 09:06:50,921 - mazeUtils.moveTile - [moveTile.py:90] - DEBUG - [1485.277737] moveTile loop start (+0.1 ms)
2026-06-20 09:06:50,927 - picamera2.picamera2 - [picamera2.py:1391] - DEBUG - Execute job: <picamera2.job.Job object at 0x7f92e19450>
2026-06-20 09:06:50,931 - mazeUtils.device.camera - [camera.py:39] - DEBUG - Average HSV: H=119.6, S=128.5, V=133.3
2026-06-20 09:06:50,936 - mazeUtils.moveTile - [moveTile.py:90] - DEBUG - [1485.292178] moveTile calculated motor speeds left=89 right=100 gyroSteer=-0.7949999999999875 wallSteer=-10.0 (+14.4 ms)
2026-06-20 09:06:50,956 - mazeUtils.moveTile - [moveTile.py:90] - DEBUG - [1485.312136] moveTile applied motor speed left=89 right=100 (+20.0 ms)
2026-06-20 09:06:50,956 - mazeUtils.moveTile - [moveTile.py:90] - DEBUG - [1485.312529] moveTile ramp check isBigRamp=True (+0.4 ms)
2026-06-20 09:06:50,959 - mazeUtils.moveTile - [moveTile.py:90] - DEBUG - [1485.315124] moveTile tile color check tempTileColor=E (+2.6 ms)
2026-06-20 09:06:50,959 - mazeUtils.moveTile - [moveTile.py:90] - DEBUG - [1485.315392] moveTile obstacle check escapeFlag=False (+0.3 ms)
2026-06-20 09:06:50,959 - mazeUtils.moveTile - [moveTile.py:90] - DEBUG - [1485.315620] moveTile loop start (+0.2 ms)
2026-06-20 09:06:50,965 - picamera2.picamera2 - [picamera2.py:1391] - DEBUG - Execute job: <picamera2.job.Job object at 0x7f92e19450>
2026-06-20 09:06:50,969 - mazeUtils.device.camera - [camera.py:39] - DEBUG - Average HSV: H=120.1, S=124.6, V=132.1
2026-06-20 09:06:50,977 - mazeUtils.moveTile - [moveTile.py:90] - DEBUG - [1485.333435] moveTile calculated motor speeds left=89 right=100 gyroSteer=-0.5699999999999932 wallSteer=-10.0 (+17.8 ms)
2026-06-20 09:06:51,003 - mazeUtils.moveTile - [moveTile.py:90] - DEBUG - [1485.359824] moveTile applied motor speed left=89 right=100 (+26.4 ms)
2026-06-20 09:06:51,004 - mazeUtils.moveTile - [moveTile.py:90] - DEBUG - [1485.360218] moveTile ramp check isBigRamp=True (+0.4 ms)
2026-06-20 09:06:51,006 - mazeUtils.moveTile - [moveTile.py:90] - DEBUG - [1485.362845] moveTile tile color check tempTileColor=E (+2.6 ms)
2026-06-20 09:06:51,007 - mazeUtils.moveTile - [moveTile.py:90] - DEBUG - [1485.363072] moveTile obstacle check escapeFlag=False (+0.2 ms)
2026-06-20 09:06:51,007 - mazeUtils.moveTile - [moveTile.py:79] - DEBUG - roll: 334.82 deg, practicalMoveTime: 0.845539307335626 sec
2026-06-20 09:06:51,007 - mazeUtils.moveTile - [moveTile.py:1397] - DEBUG - moveTile loop time: 48.0 ms
2026-06-20 09:06:51,007 - mazeUtils.moveTile - [moveTile.py:90] - DEBUG - [1485.363798] moveTile loop end practicalMoveTime=0.846 (+0.7 ms)
2026-06-20 09:06:51,008 - mazeUtils.moveTile - [moveTile.py:90] - DEBUG - [1485.364030] moveTile loop start (+0.2 ms)
2026-06-20 09:06:51,014 - picamera2.picamera2 - [picamera2.py:1391] - DEBUG - Execute job: <picamera2.job.Job object at 0x7f92e412d0>
2026-06-20 09:06:51,017 - mazeUtils.device.camera - [camera.py:39] - DEBUG - Average HSV: H=120.6, S=123.1, V=129.7
2026-06-20 09:06:51,022 - mazeUtils.moveTile - [moveTile.py:90] - DEBUG - [1485.378154] moveTile calculated motor speeds left=89 right=100 gyroSteer=-0.3299999999999841 wallSteer=-10.0 (+14.1 ms)
2026-06-20 09:06:51,047 - mazeUtils.moveTile - [moveTile.py:90] - DEBUG - [1485.403523] moveTile applied motor speed left=89 right=100 (+25.4 ms)
2026-06-20 09:06:51,047 - mazeUtils.moveTile - [moveTile.py:90] - DEBUG - [1485.403893] moveTile ramp check isBigRamp=True (+0.4 ms)
2026-06-20 09:06:51,050 - mazeUtils.moveTile - [moveTile.py:90] - DEBUG - [1485.406518] moveTile tile color check tempTileColor=E (+2.6 ms)
2026-06-20 09:06:51,050 - mazeUtils.moveTile - [moveTile.py:90] - DEBUG - [1485.406860] moveTile obstacle check escapeFlag=False (+0.3 ms)
2026-06-20 09:06:51,051 - mazeUtils.moveTile - [moveTile.py:79] - DEBUG - roll: 333.40999999999997 deg, practicalMoveTime: 0.8844573427005655 sec
2026-06-20 09:06:51,051 - mazeUtils.moveTile - [moveTile.py:1397] - DEBUG - moveTile loop time: 43.4 ms
2026-06-20 09:06:51,051 - mazeUtils.moveTile - [moveTile.py:90] - DEBUG - [1485.407602] moveTile loop end practicalMoveTime=0.884 (+0.7 ms)
2026-06-20 09:06:51,051 - mazeUtils.moveTile - [moveTile.py:90] - DEBUG - [1485.407771] moveTile loop start (+0.2 ms)
2026-06-20 09:06:51,058 - picamera2.picamera2 - [picamera2.py:1391] - DEBUG - Execute job: <picamera2.job.Job object at 0x7f9a541890>
2026-06-20 09:06:51,061 - mazeUtils.device.camera - [camera.py:39] - DEBUG - Average HSV: H=128.4, S=105.2, V=111.7
2026-06-20 09:06:51,068 - mazeUtils.moveTile - [moveTile.py:90] - DEBUG - [1485.424523] moveTile calculated motor speeds left=89 right=100 gyroSteer=-0.23499999999998522 wallSteer=-10.0 (+16.8 ms)
2026-06-20 09:06:51,088 - mazeUtils.moveTile - [moveTile.py:90] - DEBUG - [1485.444709] moveTile applied motor speed left=89 right=100 (+20.2 ms)
2026-06-20 09:06:51,089 - mazeUtils.moveTile - [moveTile.py:90] - DEBUG - [1485.445253] moveTile ramp check isBigRamp=True (+0.5 ms)
2026-06-20 09:06:51,091 - mazeUtils.moveTile - [moveTile.py:90] - DEBUG - [1485.447821] moveTile tile color check tempTileColor=E (+2.6 ms)
2026-06-20 09:06:51,092 - mazeUtils.moveTile - [moveTile.py:90] - DEBUG - [1485.448311] moveTile obstacle check escapeFlag=False (+0.5 ms)
2026-06-20 09:06:51,092 - mazeUtils.moveTile - [moveTile.py:79] - DEBUG - roll: 334.34 deg, practicalMoveTime: 0.9216366617924262 sec
2026-06-20 09:06:51,093 - mazeUtils.moveTile - [moveTile.py:1397] - DEBUG - moveTile loop time: 41.6 ms
2026-06-20 09:06:51,093 - mazeUtils.moveTile - [moveTile.py:90] - DEBUG - [1485.449633] moveTile loop end practicalMoveTime=0.922 (+1.3 ms)
2026-06-20 09:06:51,093 - mazeUtils.moveTile - [moveTile.py:90] - DEBUG - [1485.449788] moveTile loop start (+0.2 ms)
2026-06-20 09:06:51,100 - picamera2.picamera2 - [picamera2.py:1391] - DEBUG - Execute job: <picamera2.job.Job object at 0x7f80f0a250>
2026-06-20 09:06:51,104 - mazeUtils.device.camera - [camera.py:39] - DEBUG - Average HSV: H=132.6, S=85.9, V=110.1
2026-06-20 09:06:51,111 - mazeUtils.moveTile - [moveTile.py:90] - DEBUG - [1485.467715] moveTile calculated motor speeds left=91 right=100 gyroSteer=-0.06999999999999318 wallSteer=-8.0 (+17.9 ms)
2026-06-20 09:06:51,131 - mazeUtils.moveTile - [moveTile.py:90] - DEBUG - [1485.487888] moveTile applied motor speed left=91 right=100 (+20.2 ms)
2026-06-20 09:06:51,132 - mazeUtils.moveTile - [moveTile.py:90] - DEBUG - [1485.488298] moveTile ramp check isBigRamp=True (+0.4 ms)
2026-06-20 09:06:51,138 - mazeUtils.moveTile - [moveTile.py:90] - DEBUG - [1485.494659] moveTile tile color check tempTileColor=E (+6.4 ms)
2026-06-20 09:06:51,139 - mazeUtils.moveTile - [moveTile.py:90] - DEBUG - [1485.495122] moveTile obstacle check escapeFlag=False (+0.5 ms)
2026-06-20 09:06:51,139 - mazeUtils.moveTile - [moveTile.py:79] - DEBUG - roll: 335.39 deg, practicalMoveTime: 0.9637317364803963 sec
2026-06-20 09:06:51,140 - mazeUtils.moveTile - [moveTile.py:1397] - DEBUG - moveTile loop time: 46.5 ms
2026-06-20 09:06:51,140 - mazeUtils.moveTile - [moveTile.py:90] - DEBUG - [1485.496520] moveTile loop end practicalMoveTime=0.964 (+1.4 ms)
2026-06-20 09:06:51,140 - mazeUtils.moveTile - [moveTile.py:90] - DEBUG - [1485.496667] moveTile loop start (+0.1 ms)
2026-06-20 09:06:51,146 - picamera2.picamera2 - [picamera2.py:1391] - DEBUG - Execute job: <picamera2.job.Job object at 0x7f62c1d310>
2026-06-20 09:06:51,150 - mazeUtils.device.camera - [camera.py:39] - DEBUG - Average HSV: H=130.0, S=111.0, V=83.2
2026-06-20 09:06:51,160 - mazeUtils.moveTile - [moveTile.py:90] - DEBUG - [1485.516629] moveTile calculated motor speeds left=90 right=100 gyroSteer=0.12999999999999545 wallSteer=-10.0 (+20.0 ms)
2026-06-20 09:06:51,186 - mazeUtils.moveTile - [moveTile.py:90] - DEBUG - [1485.542080] moveTile applied motor speed left=90 right=100 (+25.5 ms)
2026-06-20 09:06:51,186 - mazeUtils.moveTile - [moveTile.py:90] - DEBUG - [1485.542482] moveTile ramp check isBigRamp=True (+0.4 ms)
2026-06-20 09:06:51,189 - mazeUtils.moveTile - [moveTile.py:90] - DEBUG - [1485.545340] moveTile tile color check tempTileColor=E (+2.9 ms)
2026-06-20 09:06:51,189 - mazeUtils.moveTile - [moveTile.py:90] - DEBUG - [1485.545657] moveTile obstacle check escapeFlag=False (+0.3 ms)
2026-06-20 09:06:51,190 - mazeUtils.moveTile - [moveTile.py:79] - DEBUG - roll: 333.52 deg, practicalMoveTime: 1.0081803858324285 sec
2026-06-20 09:06:51,190 - mazeUtils.moveTile - [moveTile.py:1397] - DEBUG - moveTile loop time: 49.7 ms
2026-06-20 09:06:51,190 - mazeUtils.moveTile - [moveTile.py:90] - DEBUG - [1485.546832] moveTile loop end practicalMoveTime=1.008 (+1.2 ms)
2026-06-20 09:06:51,191 - mazeUtils.moveTile - [moveTile.py:90] - DEBUG - [1485.547067] moveTile loop start (+0.2 ms)
2026-06-20 09:06:51,196 - picamera2.picamera2 - [picamera2.py:1391] - DEBUG - Execute job: <picamera2.job.Job object at 0x7f9a541890>
2026-06-20 09:06:51,199 - mazeUtils.device.camera - [camera.py:39] - DEBUG - Average HSV: H=134.2, S=98.2, V=70.1
2026-06-20 09:06:51,205 - mazeUtils.moveTile - [moveTile.py:90] - DEBUG - [1485.561150] moveTile calculated motor speeds left=90 right=100 gyroSteer=0.46000000000000796 wallSteer=-10.0 (+14.1 ms)
2026-06-20 09:06:51,230 - mazeUtils.moveTile - [moveTile.py:90] - DEBUG - [1485.586425] moveTile applied motor speed left=90 right=100 (+25.3 ms)
2026-06-20 09:06:51,230 - mazeUtils.moveTile - [moveTile.py:90] - DEBUG - [1485.586833] moveTile ramp check isBigRamp=True (+0.4 ms)
2026-06-20 09:06:51,236 - mazeUtils.moveTile - [moveTile.py:90] - DEBUG - [1485.592109] moveTile tile color check tempTileColor=E (+5.3 ms)
2026-06-20 09:06:51,236 - mazeUtils.moveTile - [moveTile.py:90] - DEBUG - [1485.592461] moveTile obstacle check escapeFlag=False (+0.4 ms)
2026-06-20 09:06:51,236 - mazeUtils.moveTile - [moveTile.py:79] - DEBUG - roll: 335.31 deg, practicalMoveTime: 1.0503020032040855 sec
2026-06-20 09:06:51,237 - mazeUtils.moveTile - [moveTile.py:1397] - DEBUG - moveTile loop time: 46.0 ms
2026-06-20 09:06:51,237 - mazeUtils.moveTile - [moveTile.py:90] - DEBUG - [1485.593320] moveTile loop end practicalMoveTime=1.050 (+0.9 ms)
2026-06-20 09:06:51,237 - mazeUtils.moveTile - [moveTile.py:90] - DEBUG - [1485.593505] moveTile loop start (+0.2 ms)
2026-06-20 09:06:51,242 - picamera2.picamera2 - [picamera2.py:1391] - DEBUG - Execute job: <picamera2.job.Job object at 0x7f80e87550>
2026-06-20 09:06:51,245 - mazeUtils.device.camera - [camera.py:39] - DEBUG - Average HSV: H=139.8, S=88.7, V=61.4
2026-06-20 09:06:51,251 - mazeUtils.moveTile - [moveTile.py:90] - DEBUG - [1485.607148] moveTile calculated motor speeds left=90 right=100 gyroSteer=0.3400000000000034 wallSteer=-10.0 (+13.6 ms)
2026-06-20 09:06:51,271 - mazeUtils.moveTile - [moveTile.py:90] - DEBUG - [1485.627109] moveTile applied motor speed left=90 right=100 (+20.0 ms)
2026-06-20 09:06:51,271 - mazeUtils.moveTile - [moveTile.py:90] - DEBUG - [1485.627540] moveTile ramp check isBigRamp=True (+0.4 ms)
2026-06-20 09:06:51,276 - mazeUtils.moveTile - [moveTile.py:90] - DEBUG - [1485.632497] moveTile tile color check tempTileColor=E (+5.0 ms)
2026-06-20 09:06:51,277 - mazeUtils.moveTile - [moveTile.py:90] - DEBUG - [1485.633024] moveTile obstacle check escapeFlag=False (+0.5 ms)
2026-06-20 09:06:51,277 - mazeUtils.moveTile - [moveTile.py:79] - DEBUG - roll: 333.69 deg, practicalMoveTime: 1.086348330053715 sec
2026-06-20 09:06:51,277 - mazeUtils.moveTile - [moveTile.py:1397] - DEBUG - moveTile loop time: 40.1 ms
2026-06-20 09:06:51,277 - mazeUtils.moveTile - [moveTile.py:90] - DEBUG - [1485.633772] moveTile loop end practicalMoveTime=1.086 (+0.7 ms)
2026-06-20 09:06:51,277 - mazeUtils.moveTile - [moveTile.py:90] - DEBUG - [1485.633911] moveTile loop start (+0.1 ms)
2026-06-20 09:06:51,282 - picamera2.picamera2 - [picamera2.py:1391] - DEBUG - Execute job: <picamera2.job.Job object at 0x7f92e22450>
2026-06-20 09:06:51,285 - mazeUtils.device.camera - [camera.py:39] - DEBUG - Average HSV: H=132.4, S=114.6, V=60.8
2026-06-20 09:06:51,291 - mazeUtils.moveTile - [moveTile.py:90] - DEBUG - [1485.647333] moveTile calculated motor speeds left=90 right=100 gyroSteer=0.9099999999999966 wallSteer=-10.0 (+13.4 ms)
2026-06-20 09:06:51,313 - mazeUtils.moveTile - [moveTile.py:90] - DEBUG - [1485.669407] moveTile applied motor speed left=90 right=100 (+22.1 ms)
2026-06-20 09:06:51,313 - mazeUtils.moveTile - [moveTile.py:90] - DEBUG - [1485.669811] moveTile ramp check isBigRamp=True (+0.4 ms)
2026-06-20 09:06:51,316 - mazeUtils.moveTile - [moveTile.py:90] - DEBUG - [1485.672595] moveTile tile color check tempTileColor=E (+2.8 ms)
2026-06-20 09:06:51,317 - mazeUtils.moveTile - [moveTile.py:90] - DEBUG - [1485.673116] moveTile obstacle check escapeFlag=False (+0.5 ms)
2026-06-20 09:06:51,317 - mazeUtils.moveTile - [moveTile.py:79] - DEBUG - roll: 331.95 deg, practicalMoveTime: 1.1214764184045756 sec
2026-06-20 09:06:51,317 - mazeUtils.moveTile - [moveTile.py:1397] - DEBUG - moveTile loop time: 39.8 ms
2026-06-20 09:06:51,317 - mazeUtils.moveTile - [moveTile.py:90] - DEBUG - [1485.673863] moveTile loop end practicalMoveTime=1.121 (+0.7 ms)
2026-06-20 09:06:51,317 - mazeUtils.moveTile - [moveTile.py:90] - DEBUG - [1485.674002] moveTile loop start (+0.1 ms)
2026-06-20 09:06:51,328 - picamera2.picamera2 - [picamera2.py:1391] - DEBUG - Execute job: <picamera2.job.Job object at 0x7f92e1be90>
2026-06-20 09:06:51,331 - mazeUtils.device.camera - [camera.py:39] - DEBUG - Average HSV: H=142.1, S=80.8, V=50.7
2026-06-20 09:06:51,341 - mazeUtils.moveTile - [moveTile.py:90] - DEBUG - [1485.697646] moveTile calculated motor speeds left=91 right=100 gyroSteer=0.9650000000000034 wallSteer=-9.200000000000003 (+23.6 ms)
2026-06-20 09:06:51,366 - mazeUtils.moveTile - [moveTile.py:90] - DEBUG - [1485.722938] moveTile applied motor speed left=91 right=100 (+25.3 ms)
2026-06-20 09:06:51,367 - mazeUtils.moveTile - [moveTile.py:90] - DEBUG - [1485.723364] moveTile ramp check isBigRamp=True (+0.4 ms)
2026-06-20 09:06:51,370 - mazeUtils.moveTile - [moveTile.py:90] - DEBUG - [1485.726296] moveTile tile color check tempTileColor=E (+2.9 ms)
2026-06-20 09:06:51,370 - mazeUtils.moveTile - [moveTile.py:90] - DEBUG - [1485.726698] moveTile obstacle check escapeFlag=False (+0.4 ms)
2026-06-20 09:06:51,371 - mazeUtils.moveTile - [moveTile.py:79] - DEBUG - roll: 333.29999999999995 deg, practicalMoveTime: 1.1691967567384525 sec
2026-06-20 09:06:51,371 - mazeUtils.moveTile - [moveTile.py:1397] - DEBUG - moveTile loop time: 53.5 ms
2026-06-20 09:06:51,371 - mazeUtils.moveTile - [moveTile.py:90] - DEBUG - [1485.727663] moveTile loop end practicalMoveTime=1.169 (+1.0 ms)
2026-06-20 09:06:51,371 - mazeUtils.moveTile - [moveTile.py:90] - DEBUG - [1485.727813] moveTile loop start (+0.1 ms)
2026-06-20 09:06:51,377 - picamera2.picamera2 - [picamera2.py:1391] - DEBUG - Execute job: <picamera2.job.Job object at 0x7f9a541890>
2026-06-20 09:06:51,380 - mazeUtils.device.camera - [camera.py:39] - DEBUG - Average HSV: H=133.1, S=101.3, V=61.5
2026-06-20 09:06:51,386 - mazeUtils.moveTile - [moveTile.py:90] - DEBUG - [1485.742076] moveTile calculated motor speeds left=92 right=100 gyroSteer=1.3000000000000114 wallSteer=-9.200000000000003 (+14.3 ms)
2026-06-20 09:06:51,406 - mazeUtils.moveTile - [moveTile.py:90] - DEBUG - [1485.762135] moveTile applied motor speed left=92 right=100 (+20.1 ms)
2026-06-20 09:06:51,406 - mazeUtils.moveTile - [moveTile.py:90] - DEBUG - [1485.762535] moveTile ramp check isBigRamp=True (+0.4 ms)
2026-06-20 09:06:51,409 - mazeUtils.moveTile - [moveTile.py:90] - DEBUG - [1485.765509] moveTile tile color check tempTileColor=E (+3.0 ms)
2026-06-20 09:06:51,409 - mazeUtils.moveTile - [moveTile.py:90] - DEBUG - [1485.765916] moveTile obstacle check escapeFlag=False (+0.4 ms)
2026-06-20 09:06:51,410 - mazeUtils.moveTile - [moveTile.py:79] - DEBUG - roll: 338.89 deg, practicalMoveTime: 1.2053635573132984 sec
2026-06-20 09:06:51,410 - mazeUtils.moveTile - [moveTile.py:1397] - DEBUG - moveTile loop time: 38.8 ms
2026-06-20 09:06:51,411 - mazeUtils.moveTile - [moveTile.py:90] - DEBUG - [1485.767089] moveTile loop end practicalMoveTime=1.205 (+1.2 ms)
2026-06-20 09:06:51,411 - mazeUtils.moveTile - [moveTile.py:90] - DEBUG - [1485.767401] moveTile loop start (+0.3 ms)
2026-06-20 09:06:51,421 - picamera2.picamera2 - [picamera2.py:1391] - DEBUG - Execute job: <picamera2.job.Job object at 0x7f90282b90>
2026-06-20 09:06:51,424 - mazeUtils.device.camera - [camera.py:39] - DEBUG - Average HSV: H=142.7, S=75.3, V=62.1
2026-06-20 09:06:51,435 - mazeUtils.moveTile - [moveTile.py:90] - DEBUG - [1485.791128] moveTile calculated motor speeds left=93 right=100 gyroSteer=1.5999999999999943 wallSteer=-8.399999999999999 (+23.7 ms)
2026-06-20 09:06:51,461 - mazeUtils.moveTile - [moveTile.py:90] - DEBUG - [1485.817754] moveTile applied motor speed left=93 right=100 (+26.6 ms)
2026-06-20 09:06:51,462 - mazeUtils.moveTile - [moveTile.py:90] - DEBUG - [1485.818176] moveTile ramp check isBigRamp=True (+0.4 ms)
2026-06-20 09:06:51,464 - mazeUtils.moveTile - [moveTile.py:90] - DEBUG - [1485.820887] moveTile tile color check tempTileColor=E (+2.7 ms)
2026-06-20 09:06:51,465 - mazeUtils.moveTile - [moveTile.py:90] - DEBUG - [1485.821237] moveTile obstacle check escapeFlag=False (+0.3 ms)
2026-06-20 09:06:51,465 - mazeUtils.moveTile - [moveTile.py:79] - DEBUG - roll: 340.79999999999995 deg, practicalMoveTime: 1.2571568429689084 sec
2026-06-20 09:06:51,465 - mazeUtils.moveTile - [moveTile.py:1397] - DEBUG - moveTile loop time: 54.4 ms
2026-06-20 09:06:51,465 - mazeUtils.moveTile - [moveTile.py:90] - DEBUG - [1485.821928] moveTile loop end practicalMoveTime=1.257 (+0.7 ms)
2026-06-20 09:06:51,466 - mazeUtils.moveTile - [moveTile.py:90] - DEBUG - [1485.822115] moveTile loop start (+0.2 ms)
2026-06-20 09:06:51,469 - picamera2.picamera2 - [picamera2.py:1391] - DEBUG - Execute job: <picamera2.job.Job object at 0x7f80f083d0>
2026-06-20 09:06:51,473 - mazeUtils.device.camera - [camera.py:39] - DEBUG - Average HSV: H=151.5, S=67.5, V=62.1
2026-06-20 09:06:51,477 - mazeUtils.moveTile - [moveTile.py:90] - DEBUG - [1485.833254] moveTile calculated motor speeds left=93 right=100 gyroSteer=1.5949999999999989 wallSteer=-8.399999999999999 (+11.1 ms)
2026-06-20 09:06:51,497 - mazeUtils.moveTile - [moveTile.py:90] - DEBUG - [1485.853579] moveTile applied motor speed left=93 right=100 (+20.3 ms)
2026-06-20 09:06:51,498 - mazeUtils.moveTile - [moveTile.py:90] - DEBUG - [1485.854028] moveTile ramp check isBigRamp=True (+0.4 ms)
2026-06-20 09:06:51,500 - mazeUtils.moveTile - [moveTile.py:90] - DEBUG - [1485.856723] moveTile tile color check tempTileColor=E (+2.7 ms)
2026-06-20 09:06:51,501 - mazeUtils.moveTile - [moveTile.py:90] - DEBUG - [1485.857042] moveTile obstacle check escapeFlag=False (+0.3 ms)
2026-06-20 09:06:51,501 - mazeUtils.moveTile - [moveTile.py:79] - DEBUG - roll: 343.5 deg, practicalMoveTime: 1.2912263093657363 sec
2026-06-20 09:06:51,501 - mazeUtils.moveTile - [moveTile.py:1397] - DEBUG - moveTile loop time: 35.6 ms
2026-06-20 09:06:51,501 - mazeUtils.moveTile - [moveTile.py:90] - DEBUG - [1485.857864] moveTile loop end practicalMoveTime=1.291 (+0.8 ms)
2026-06-20 09:06:51,501 - mazeUtils.moveTile - [moveTile.py:90] - DEBUG - [1485.858004] moveTile loop start (+0.1 ms)
2026-06-20 09:06:51,506 - picamera2.picamera2 - [picamera2.py:1391] - DEBUG - Execute job: <picamera2.job.Job object at 0x7f81e1ef90>
2026-06-20 09:06:51,510 - mazeUtils.device.camera - [camera.py:39] - DEBUG - Average HSV: H=164.9, S=55.9, V=80.7
2026-06-20 09:06:51,515 - mazeUtils.moveTile - [moveTile.py:90] - DEBUG - [1485.871330] moveTile calculated motor speeds left=95 right=100 gyroSteer=1.5600000000000023 wallSteer=-6.0 (+13.3 ms)
2026-06-20 09:06:51,535 - mazeUtils.moveTile - [moveTile.py:90] - DEBUG - [1485.891348] moveTile applied motor speed left=95 right=100 (+20.0 ms)
2026-06-20 09:06:51,535 - mazeUtils.moveTile - [moveTile.py:90] - DEBUG - [1485.891707] moveTile ramp check isBigRamp=False (+0.4 ms)
2026-06-20 09:06:51,538 - mazeUtils.moveTile - [moveTile.py:90] - DEBUG - [1485.894299] moveTile tile color check tempTileColor=E (+2.6 ms)
2026-06-20 09:06:51,538 - mazeUtils.moveTile - [moveTile.py:90] - DEBUG - [1485.894537] moveTile obstacle check escapeFlag=False (+0.2 ms)
2026-06-20 09:06:51,538 - mazeUtils.moveTile - [moveTile.py:79] - DEBUG - roll: 346.03 deg, practicalMoveTime: 1.327248021809841 sec
2026-06-20 09:06:51,539 - mazeUtils.moveTile - [moveTile.py:1397] - DEBUG - moveTile loop time: 37.1 ms
2026-06-20 09:06:51,539 - mazeUtils.moveTile - [moveTile.py:90] - DEBUG - [1485.895288] moveTile loop end practicalMoveTime=1.327 (+0.8 ms)
2026-06-20 09:06:51,539 - mazeUtils.moveTile - [moveTile.py:90] - DEBUG - [1485.895512] moveTile loop start (+0.2 ms)
2026-06-20 09:06:51,544 - picamera2.picamera2 - [picamera2.py:1391] - DEBUG - Execute job: <picamera2.job.Job object at 0x7f62c1d490>
2026-06-20 09:06:51,547 - mazeUtils.device.camera - [camera.py:39] - DEBUG - Average HSV: H=166.6, S=55.6, V=91.4
2026-06-20 09:06:51,553 - mazeUtils.moveTile - [moveTile.py:90] - DEBUG - [1485.909903] moveTile calculated motor speeds left=95 right=100 gyroSteer=1.7150000000000034 wallSteer=-6.0 (+14.4 ms)
2026-06-20 09:06:51,579 - mazeUtils.moveTile - [moveTile.py:90] - DEBUG - [1485.935356] moveTile applied motor speed left=95 right=100 (+25.5 ms)
2026-06-20 09:06:51,579 - mazeUtils.moveTile - [moveTile.py:90] - DEBUG - [1485.935715] moveTile ramp check isBigRamp=False (+0.4 ms)
2026-06-20 09:06:51,582 - mazeUtils.moveTile - [moveTile.py:90] - DEBUG - [1485.938523] moveTile tile color check tempTileColor=E (+2.8 ms)
2026-06-20 09:06:51,582 - mazeUtils.moveTile - [moveTile.py:90] - DEBUG - [1485.938921] moveTile obstacle check escapeFlag=False (+0.4 ms)
2026-06-20 09:06:51,583 - mazeUtils.moveTile - [moveTile.py:79] - DEBUG - roll: 349.0 deg, practicalMoveTime: 1.3705607616491824 sec
2026-06-20 09:06:51,583 - mazeUtils.moveTile - [moveTile.py:1397] - DEBUG - moveTile loop time: 44.1 ms
2026-06-20 09:06:51,583 - mazeUtils.moveTile - [moveTile.py:90] - DEBUG - [1485.939765] moveTile loop end practicalMoveTime=1.371 (+0.8 ms)
2026-06-20 09:06:51,583 - mazeUtils.moveTile - [moveTile.py:90] - DEBUG - [1485.939907] moveTile loop start (+0.1 ms)
2026-06-20 09:06:51,589 - picamera2.picamera2 - [picamera2.py:1391] - DEBUG - Execute job: <picamera2.job.Job object at 0x7f92e1be90>
2026-06-20 09:06:51,592 - mazeUtils.device.camera - [camera.py:39] - DEBUG - Average HSV: H=161.7, S=57.5, V=86.4
2026-06-20 09:06:51,597 - mazeUtils.moveTile - [moveTile.py:90] - DEBUG - [1485.953315] moveTile calculated motor speeds left=96 right=100 gyroSteer=2.2700000000000102 wallSteer=-6.0 (+13.4 ms)
2026-06-20 09:06:51,617 - mazeUtils.moveTile - [moveTile.py:90] - DEBUG - [1485.973430] moveTile applied motor speed left=96 right=100 (+20.1 ms)
2026-06-20 09:06:51,617 - mazeUtils.moveTile - [moveTile.py:90] - DEBUG - [1485.973831] moveTile ramp check isBigRamp=False (+0.4 ms)
2026-06-20 09:06:51,620 - mazeUtils.moveTile - [moveTile.py:90] - DEBUG - [1485.976973] moveTile tile color check tempTileColor=E (+3.1 ms)
2026-06-20 09:06:51,621 - mazeUtils.moveTile - [moveTile.py:90] - DEBUG - [1485.977335] moveTile obstacle check escapeFlag=False (+0.4 ms)
2026-06-20 09:06:51,621 - mazeUtils.moveTile - [moveTile.py:79] - DEBUG - roll: 351.41999999999996 deg, practicalMoveTime: 1.4081591660001176 sec
2026-06-20 09:06:51,621 - mazeUtils.moveTile - [moveTile.py:1397] - DEBUG - moveTile loop time: 38.0 ms
2026-06-20 09:06:51,622 - mazeUtils.moveTile - [moveTile.py:90] - DEBUG - [1485.978068] moveTile loop end practicalMoveTime=1.408 (+0.7 ms)
2026-06-20 09:06:51,622 - mazeUtils.moveTile - [moveTile.py:90] - DEBUG - [1485.978208] moveTile loop start (+0.1 ms)
2026-06-20 09:06:51,627 - picamera2.picamera2 - [picamera2.py:1391] - DEBUG - Execute job: <picamera2.job.Job object at 0x7f62c1d310>
2026-06-20 09:06:51,630 - mazeUtils.device.camera - [camera.py:39] - DEBUG - Average HSV: H=158.3, S=58.0, V=84.5
2026-06-20 09:06:51,640 - mazeUtils.moveTile - [moveTile.py:90] - DEBUG - [1485.996339] moveTile calculated motor speeds left=93 right=100 gyroSteer=1.6650000000000205 wallSteer=-8.0 (+18.1 ms)
2026-06-20 09:06:51,659 - mazeUtils.moveTile - [moveTile.py:90] - DEBUG - [1486.015412] moveTile applied motor speed left=93 right=100 (+19.1 ms)
2026-06-20 09:06:51,660 - mazeUtils.moveTile - [moveTile.py:90] - DEBUG - [1486.016175] moveTile ramp check isBigRamp=False (+0.8 ms)
2026-06-20 09:06:51,665 - mazeUtils.moveTile - [moveTile.py:90] - DEBUG - [1486.021317] moveTile tile color check tempTileColor=E (+5.1 ms)
2026-06-20 09:06:51,665 - mazeUtils.moveTile - [moveTile.py:90] - DEBUG - [1486.021736] moveTile obstacle check escapeFlag=False (+0.4 ms)
2026-06-20 09:06:51,666 - mazeUtils.moveTile - [moveTile.py:79] - DEBUG - roll: 351.91999999999996 deg, practicalMoveTime: 1.451844318370351 sec
2026-06-20 09:06:51,666 - mazeUtils.moveTile - [moveTile.py:1397] - DEBUG - moveTile loop time: 44.1 ms
2026-06-20 09:06:51,666 - mazeUtils.moveTile - [moveTile.py:90] - DEBUG - [1486.022524] moveTile loop end practicalMoveTime=1.452 (+0.8 ms)
2026-06-20 09:06:51,666 - mazeUtils.moveTile - [moveTile.py:90] - DEBUG - [1486.022693] moveTile loop start (+0.2 ms)
2026-06-20 09:06:51,672 - picamera2.picamera2 - [picamera2.py:1391] - DEBUG - Execute job: <picamera2.job.Job object at 0x7f92e412d0>
2026-06-20 09:06:51,676 - mazeUtils.device.camera - [camera.py:39] - DEBUG - Average HSV: H=153.7, S=53.8, V=98.3
2026-06-20 09:06:51,682 - mazeUtils.moveTile - [moveTile.py:90] - DEBUG - [1486.038949] moveTile calculated motor speeds left=96 right=100 gyroSteer=1.8700000000000045 wallSteer=-5.600000000000001 (+16.3 ms)
2026-06-20 09:06:51,702 - mazeUtils.moveTile - [moveTile.py:90] - DEBUG - [1486.058941] moveTile applied motor speed left=96 right=100 (+20.0 ms)
2026-06-20 09:06:51,703 - mazeUtils.moveTile - [moveTile.py:90] - DEBUG - [1486.059317] moveTile ramp check isBigRamp=False (+0.4 ms)
2026-06-20 09:06:51,706 - mazeUtils.moveTile - [moveTile.py:90] - DEBUG - [1486.062744] moveTile tile color check tempTileColor=E (+3.4 ms)
2026-06-20 09:06:51,707 - mazeUtils.moveTile - [moveTile.py:90] - DEBUG - [1486.063347] moveTile obstacle check escapeFlag=False (+0.6 ms)
2026-06-20 09:06:51,707 - mazeUtils.moveTile - [moveTile.py:79] - DEBUG - roll: 357.15 deg, practicalMoveTime: 1.4931328223632374 sec
2026-06-20 09:06:51,707 - mazeUtils.moveTile - [moveTile.py:1397] - DEBUG - moveTile loop time: 41.2 ms
2026-06-20 09:06:51,708 - mazeUtils.moveTile - [moveTile.py:90] - DEBUG - [1486.064180] moveTile loop end practicalMoveTime=1.493 (+0.8 ms)
2026-06-20 09:06:51,708 - mazeUtils.moveTile - [moveTile.py:90] - DEBUG - [1486.064343] moveTile loop start (+0.2 ms)
2026-06-20 09:06:51,719 - picamera2.picamera2 - [picamera2.py:1391] - DEBUG - Execute job: <picamera2.job.Job object at 0x7f80e87550>
2026-06-20 09:06:51,723 - mazeUtils.device.camera - [camera.py:39] - DEBUG - Average HSV: H=149.8, S=56.2, V=98.5
2026-06-20 09:06:51,727 - mazeUtils.moveTile - [moveTile.py:90] - DEBUG - [1486.083187] moveTile calculated motor speeds left=94 right=100 gyroSteer=2.1750000000000114 wallSteer=-8.0 (+18.8 ms)
2026-06-20 09:06:51,748 - mazeUtils.moveTile - [moveTile.py:90] - DEBUG - [1486.104323] moveTile applied motor speed left=94 right=100 (+21.1 ms)
2026-06-20 09:06:51,748 - mazeUtils.moveTile - [moveTile.py:90] - DEBUG - [1486.104726] moveTile ramp check isBigRamp=False (+0.4 ms)
2026-06-20 09:06:51,751 - mazeUtils.moveTile - [moveTile.py:90] - DEBUG - [1486.107345] moveTile tile color check tempTileColor=E (+2.6 ms)
2026-06-20 09:06:51,751 - mazeUtils.moveTile - [moveTile.py:90] - DEBUG - [1486.107619] moveTile obstacle check escapeFlag=False (+0.3 ms)
2026-06-20 09:06:51,751 - mazeUtils.moveTile - [moveTile.py:79] - DEBUG - roll: 0.2599999999999909 deg, practicalMoveTime: 1.5370574170294853 sec
2026-06-20 09:06:51,752 - mazeUtils.moveTile - [moveTile.py:1397] - DEBUG - moveTile loop time: 43.9 ms
2026-06-20 09:06:51,752 - mazeUtils.moveTile - [moveTile.py:90] - DEBUG - [1486.108400] moveTile loop end practicalMoveTime=1.537 (+0.8 ms)
2026-06-20 09:06:51,752 - mazeUtils.moveTile - [moveTile.py:90] - DEBUG - [1486.108546] moveTile loop start (+0.1 ms)
2026-06-20 09:06:51,757 - picamera2.picamera2 - [picamera2.py:1391] - DEBUG - Execute job: <picamera2.job.Job object at 0x7f92e19450>
2026-06-20 09:06:51,760 - mazeUtils.device.camera - [camera.py:39] - DEBUG - Average HSV: H=151.7, S=54.6, V=97.5
2026-06-20 09:06:51,764 - mazeUtils.moveTile - [moveTile.py:90] - DEBUG - [1486.120655] moveTile calculated motor speeds left=93 right=100 gyroSteer=1.6850000000000023 wallSteer=-8.0 (+12.1 ms)
2026-06-20 09:06:51,784 - mazeUtils.moveTile - [moveTile.py:90] - DEBUG - [1486.140768] moveTile applied motor speed left=93 right=100 (+20.1 ms)
2026-06-20 09:06:51,785 - mazeUtils.moveTile - [moveTile.py:90] - DEBUG - [1486.141227] moveTile ramp check isBigRamp=False (+0.5 ms)
2026-06-20 09:06:51,788 - mazeUtils.moveTile - [moveTile.py:90] - DEBUG - [1486.144088] moveTile tile color check tempTileColor=E (+2.9 ms)
2026-06-20 09:06:51,788 - mazeUtils.moveTile - [moveTile.py:90] - DEBUG - [1486.144398] moveTile obstacle check escapeFlag=False (+0.3 ms)
2026-06-20 09:06:51,788 - mazeUtils.moveTile - [moveTile.py:1344] - INFO - practicalVerticalMove: -16.54805426263867 CM
2026-06-20 09:06:51,808 - mazeUtils.moveTile - [moveTile.py:90] - DEBUG - [1486.164273] moveTile finished by time control (+19.9 ms)
2026-06-20 09:06:51,808 - mazeUtils.moveTile - [moveTile.py:90] - DEBUG - [1486.164758] moveTile start final forward adjustment (+20.4 ms)
2026-06-20 09:06:51,832 - mazeUtils.moveTile - [moveTile.py:90] - DEBUG - [1486.187982] moveTile finished final forward adjustment (+23.2 ms)
2026-06-20 09:06:51,913 - mazeUtils.moveTile - [moveTile.py:528] - DEBUG - Direction: absDirection.NORTH, Angle: 0, Distance: 90.80135413775571 cm
2026-06-20 09:06:51,914 - mazeUtils.moveTile - [moveTile.py:551] - DEBUG - Front LiDAR distance: 90.80135413775571 cm, TSD10 distance: 50.3 cm
2026-06-20 09:06:51,914 - mazeUtils.moveTile - [moveTile.py:528] - DEBUG - Direction: absDirection.EAST, Angle: 270, Distance: 46.05161422119941 cm
2026-06-20 09:06:51,916 - mazeUtils.moveTile - [moveTile.py:528] - DEBUG - Direction: absDirection.SOUTH, Angle: 180, Distance: 41.54915983910527 cm
2026-06-20 09:06:51,917 - mazeUtils.moveTile - [moveTile.py:528] - DEBUG - Direction: absDirection.WEST, Angle: 90, Distance: 18.090741451929564 cm
2026-06-20 09:06:51,917 - mazeUtils.moveTile - [moveTile.py:90] - DEBUG - [1486.273700] moveTile updated map and detected walls (+85.7 ms)
2026-06-20 09:06:51,919 - mazeUtils.moveTile - [moveTile.py:1719] - INFO - Tile color detection counts: {}, decided tile type: E
2026-06-20 09:06:51,919 - mazeUtils.moveTile - [moveTile.py:90] - DEBUG - [1486.275882] moveTile finished (+87.9 ms)
2026-06-20 09:06:51,994 - __main__ - [main.py:87] - INFO - Current position: (20, 20, 1), front direction: absDirection.NORTH
Layer 0 (altitude=0.0cm, offset=(0.0cm, 0.0cm)):
Known map area: x=20..20, y=20..20
+   +
| S  
+---+
Layer 1 (altitude=-15.0cm, offset=(0.0cm, -60.0cm)):
Known map area: x=20..20, y=20..20
+   +
| @  
+   +
mazeAsGraph[0][20][20] = {absDirection.NORTH: (20, 20, 1, 60), absDirection.EAST: (21, 20, 0, 30), absDirection.SOUTH: None, absDirection.WEST: None}
mazeAsGraph[1][20][20] = {absDirection.NORTH: (20, 19, 1, 30), absDirection.EAST: (21, 20, 1, 30), absDirection.SOUTH: (20, 20, 0, 60), absDirection.WEST: None}
2026-06-20 09:06:52,000 - mazeUtils.mazeMap - [mazeMap.py:61] - INFO - next goal: (20, 19, 1)
2026-06-20 09:06:52,001 - mazeUtils.moveTile - [moveTile.py:88] - DEBUG - [1486.357238] moveTile start direction=absDirection.NORTH position=(20, 20, 1) front=absDirection.NORTH
2026-06-20 09:06:52,006 - mazeUtils.moveTile - [moveTile.py:90] - DEBUG - [1486.362387] moveTile after initial toggle check (+5.1 ms)
2026-06-20 09:06:52,008 - mazeUtils.moveTile - [moveTile.py:90] - DEBUG - [1486.364101] moveTile after tile checks isRedTile=False isUnknownTileAhead=True (+1.7 ms)
2026-06-20 09:06:52,008 - mazeUtils.moveTile - [moveTile.py:79] - DEBUG - Moving to absDirection.NORTH from (20, 20, 1) facing absDirection.NORTH
2026-06-20 09:06:52,008 - mazeUtils.moveTile - [moveTile.py:90] - DEBUG - [1486.364837] moveTile updated front direction (+0.7 ms)
2026-06-20 09:06:52,010 - mazeUtils.moveTile - [moveTile.py:90] - DEBUG - [1486.366997] moveTile acquired initial LiDAR scan (+2.2 ms)
2026-06-20 09:06:52,031 - mazeUtils.moveTile - [moveTile.py:90] - DEBUG - [1486.387052] moveTile stopped motors before alignment (+20.1 ms)
2026-06-20 09:06:52,102 - mazeUtils.moveTile - [moveTile.py:90] - DEBUG - [1486.458389] moveTile ready for forward move (+71.3 ms)
2026-06-20 09:06:52,206 - mazeUtils.moveTile - [moveTile.py:90] - DEBUG - [1486.562000] moveTile initialized movement targetSteps=1 (+103.6 ms)
2026-06-20 09:06:52,207 - mazeUtils.moveTile - [moveTile.py:90] - DEBUG - [1486.563784] moveTile loop start (+1.8 ms)
2026-06-20 09:06:52,211 - picamera2.picamera2 - [picamera2.py:1391] - DEBUG - Execute job: <picamera2.job.Job object at 0x7f90252810>
2026-06-20 09:06:52,215 - mazeUtils.device.camera - [camera.py:39] - DEBUG - Average HSV: H=127.8, S=92.5, V=48.3
2026-06-20 09:06:52,219 - mazeUtils.moveTile - [moveTile.py:90] - DEBUG - [1486.575390] moveTile calculated motor speeds left=100 right=97 gyroSteer=2.8100000000000023 wallSteer=0.0 (+11.6 ms)
2026-06-20 09:06:52,242 - mazeUtils.moveTile - [moveTile.py:90] - DEBUG - [1486.598579] moveTile applied motor speed left=100 right=97 (+23.2 ms)
2026-06-20 09:06:52,242 - mazeUtils.moveTile - [moveTile.py:90] - DEBUG - [1486.599000] moveTile ramp check isBigRamp=False (+0.4 ms)
2026-06-20 09:06:52,245 - mazeUtils.moveTile - [moveTile.py:90] - DEBUG - [1486.601909] moveTile tile color check tempTileColor=E (+2.9 ms)
2026-06-20 09:06:52,246 - mazeUtils.moveTile - [moveTile.py:90] - DEBUG - [1486.602285] moveTile obstacle check escapeFlag=False (+0.4 ms)
2026-06-20 09:06:52,246 - mazeUtils.moveTile - [moveTile.py:79] - DEBUG - roll: 359.66999999999996 deg, practicalMoveTime: 0.04069833007808737 sec
2026-06-20 09:06:52,247 - mazeUtils.moveTile - [moveTile.py:1397] - DEBUG - moveTile loop time: 39.2 ms
2026-06-20 09:06:52,247 - mazeUtils.moveTile - [moveTile.py:90] - DEBUG - [1486.603196] moveTile loop end practicalMoveTime=0.041 (+0.9 ms)
2026-06-20 09:06:52,247 - mazeUtils.moveTile - [moveTile.py:90] - DEBUG - [1486.603332] moveTile loop start (+0.1 ms)
2026-06-20 09:06:52,252 - picamera2.picamera2 - [picamera2.py:1391] - DEBUG - Execute job: <picamera2.job.Job object at 0x7f90252890>
2026-06-20 09:06:52,255 - mazeUtils.device.camera - [camera.py:39] - DEBUG - Average HSV: H=126.4, S=92.6, V=46.1
2026-06-20 09:06:52,263 - mazeUtils.moveTile - [moveTile.py:90] - DEBUG - [1486.619150] moveTile calculated motor speeds left=100 right=97 gyroSteer=2.740000000000009 wallSteer=0.0 (+15.8 ms)
2026-06-20 09:06:52,283 - mazeUtils.moveTile - [moveTile.py:90] - DEBUG - [1486.639142] moveTile applied motor speed left=100 right=97 (+20.0 ms)
2026-06-20 09:06:52,283 - mazeUtils.moveTile - [moveTile.py:90] - DEBUG - [1486.639536] moveTile ramp check isBigRamp=False (+0.4 ms)
2026-06-20 09:06:52,286 - mazeUtils.moveTile - [moveTile.py:90] - DEBUG - [1486.642260] moveTile tile color check tempTileColor=E (+2.7 ms)
2026-06-20 09:06:52,286 - mazeUtils.moveTile - [moveTile.py:90] - DEBUG - [1486.642607] moveTile obstacle check escapeFlag=False (+0.3 ms)
2026-06-20 09:06:52,286 - mazeUtils.moveTile - [moveTile.py:79] - DEBUG - roll: 359.39 deg, practicalMoveTime: 0.08052723420436048 sec
2026-06-20 09:06:52,287 - mazeUtils.moveTile - [moveTile.py:1397] - DEBUG - moveTile loop time: 39.8 ms
2026-06-20 09:06:52,287 - mazeUtils.moveTile - [moveTile.py:90] - DEBUG - [1486.643307] moveTile loop end practicalMoveTime=0.081 (+0.7 ms)
2026-06-20 09:06:52,287 - mazeUtils.moveTile - [moveTile.py:90] - DEBUG - [1486.643441] moveTile loop start (+0.1 ms)
2026-06-20 09:06:52,293 - picamera2.picamera2 - [picamera2.py:1391] - DEBUG - Execute job: <picamera2.job.Job object at 0x7f81e5be10>
2026-06-20 09:06:52,296 - mazeUtils.device.camera - [camera.py:39] - DEBUG - Average HSV: H=112.2, S=95.5, V=17.0
2026-06-20 09:06:52,304 - mazeUtils.moveTile - [moveTile.py:90] - DEBUG - [1486.660128] moveTile calculated motor speeds left=100 right=97 gyroSteer=2.605000000000018 wallSteer=0.0 (+16.7 ms)
2026-06-20 09:06:52,323 - mazeUtils.moveTile - [moveTile.py:90] - DEBUG - [1486.679011] moveTile applied motor speed left=100 right=97 (+18.9 ms)
2026-06-20 09:06:52,323 - mazeUtils.moveTile - [moveTile.py:90] - DEBUG - [1486.679390] moveTile ramp check isBigRamp=False (+0.4 ms)
2026-06-20 09:06:52,326 - mazeUtils.moveTile - [moveTile.py:90] - DEBUG - [1486.682053] moveTile tile color check tempTileColor=E (+2.7 ms)
2026-06-20 09:06:52,326 - mazeUtils.moveTile - [moveTile.py:90] - DEBUG - [1486.682429] moveTile obstacle check escapeFlag=False (+0.4 ms)
2026-06-20 09:06:52,326 - mazeUtils.moveTile - [moveTile.py:79] - DEBUG - roll: 359.78 deg, practicalMoveTime: 0.12014758002529313 sec
2026-06-20 09:06:52,327 - mazeUtils.moveTile - [moveTile.py:1397] - DEBUG - moveTile loop time: 39.9 ms
2026-06-20 09:06:52,327 - mazeUtils.moveTile - [moveTile.py:90] - DEBUG - [1486.683600] moveTile loop end practicalMoveTime=0.120 (+1.2 ms)
2026-06-20 09:06:52,327 - mazeUtils.moveTile - [moveTile.py:90] - DEBUG - [1486.683798] moveTile loop start (+0.2 ms)
2026-06-20 09:06:52,335 - picamera2.picamera2 - [picamera2.py:1391] - DEBUG - Execute job: <picamera2.job.Job object at 0x7fa699a690>
2026-06-20 09:06:52,338 - mazeUtils.device.camera - [camera.py:39] - DEBUG - Average HSV: H=99.6, S=98.6, V=7.9
2026-06-20 09:06:52,345 - mazeUtils.moveTile - [moveTile.py:90] - DEBUG - [1486.701938] moveTile calculated motor speeds left=100 right=97 gyroSteer=2.8600000000000136 wallSteer=0.0 (+18.1 ms)
2026-06-20 09:06:52,365 - mazeUtils.moveTile - [moveTile.py:90] - DEBUG - [1486.721751] moveTile applied motor speed left=100 right=97 (+19.8 ms)
2026-06-20 09:06:52,366 - mazeUtils.moveTile - [moveTile.py:90] - DEBUG - [1486.722171] moveTile ramp check isBigRamp=False (+0.4 ms)
2026-06-20 09:06:52,368 - mazeUtils.moveTile - [moveTile.py:90] - DEBUG - [1486.724710] moveTile tile color check tempTileColor=E (+2.5 ms)
2026-06-20 09:06:52,368 - mazeUtils.moveTile - [moveTile.py:90] - DEBUG - [1486.724972] moveTile obstacle check escapeFlag=False (+0.3 ms)
2026-06-20 09:06:52,369 - mazeUtils.moveTile - [moveTile.py:79] - DEBUG - roll: 0.37000000000000455 deg, practicalMoveTime: 0.162022069278774 sec
2026-06-20 09:06:52,369 - mazeUtils.moveTile - [moveTile.py:1397] - DEBUG - moveTile loop time: 41.8 ms
2026-06-20 09:06:52,369 - mazeUtils.moveTile - [moveTile.py:90] - DEBUG - [1486.725785] moveTile loop end practicalMoveTime=0.162 (+0.8 ms)
2026-06-20 09:06:52,369 - mazeUtils.moveTile - [moveTile.py:90] - DEBUG - [1486.725922] moveTile loop start (+0.1 ms)
2026-06-20 09:06:52,374 - picamera2.picamera2 - [picamera2.py:1391] - DEBUG - Execute job: <picamera2.job.Job object at 0x7f81e5be10>
2026-06-20 09:06:52,379 - mazeUtils.device.camera - [camera.py:39] - DEBUG - Average HSV: H=99.3, S=101.3, V=7.7
2026-06-20 09:06:52,383 - mazeUtils.moveTile - [moveTile.py:90] - DEBUG - [1486.739490] moveTile calculated motor speeds left=100 right=97 gyroSteer=2.795000000000016 wallSteer=0.0 (+13.6 ms)
2026-06-20 09:06:52,406 - mazeUtils.moveTile - [moveTile.py:90] - DEBUG - [1486.762030] moveTile applied motor speed left=100 right=97 (+22.5 ms)
2026-06-20 09:06:52,406 - mazeUtils.moveTile - [moveTile.py:90] - DEBUG - [1486.762443] moveTile ramp check isBigRamp=False (+0.4 ms)
2026-06-20 09:06:52,408 - mazeUtils.moveTile - [moveTile.py:90] - DEBUG - [1486.765004] moveTile tile color check tempTileColor=E (+2.6 ms)
2026-06-20 09:06:52,409 - mazeUtils.moveTile - [moveTile.py:90] - DEBUG - [1486.765312] moveTile obstacle check escapeFlag=False (+0.3 ms)
2026-06-20 09:06:52,409 - mazeUtils.moveTile - [moveTile.py:79] - DEBUG - roll: 359.74 deg, practicalMoveTime: 0.20205309021856105 sec
2026-06-20 09:06:52,410 - mazeUtils.moveTile - [moveTile.py:1397] - DEBUG - moveTile loop time: 40.1 ms
2026-06-20 09:06:52,410 - mazeUtils.moveTile - [moveTile.py:90] - DEBUG - [1486.766472] moveTile loop end practicalMoveTime=0.202 (+1.2 ms)
2026-06-20 09:06:52,410 - mazeUtils.moveTile - [moveTile.py:90] - DEBUG - [1486.766720] moveTile loop start (+0.2 ms)
2026-06-20 09:06:52,414 - picamera2.picamera2 - [picamera2.py:1391] - DEBUG - Execute job: <picamera2.job.Job object at 0x7f80ec8050>
2026-06-20 09:06:52,418 - mazeUtils.device.camera - [camera.py:39] - DEBUG - Average HSV: H=95.0, S=106.5, V=7.0
2026-06-20 09:06:52,426 - mazeUtils.moveTile - [moveTile.py:90] - DEBUG - [1486.782486] moveTile calculated motor speeds left=95 right=100 gyroSteer=2.480000000000018 wallSteer=-7.200000000000003 (+15.8 ms)
2026-06-20 09:06:52,452 - mazeUtils.moveTile - [moveTile.py:90] - DEBUG - [1486.808877] moveTile applied motor speed left=95 right=100 (+26.4 ms)
2026-06-20 09:06:52,453 - mazeUtils.moveTile - [moveTile.py:90] - DEBUG - [1486.809235] moveTile ramp check isBigRamp=False (+0.4 ms)
2026-06-20 09:06:52,455 - mazeUtils.moveTile - [moveTile.py:90] - DEBUG - [1486.811761] moveTile tile color check tempTileColor=E (+2.5 ms)
2026-06-20 09:06:52,455 - mazeUtils.moveTile - [moveTile.py:90] - DEBUG - [1486.811968] moveTile obstacle check escapeFlag=False (+0.2 ms)
2026-06-20 09:06:52,456 - mazeUtils.moveTile - [moveTile.py:79] - DEBUG - roll: 0.5199999999999818 deg, practicalMoveTime: 0.24831631011064853 sec
2026-06-20 09:06:52,456 - mazeUtils.moveTile - [moveTile.py:1397] - DEBUG - moveTile loop time: 45.8 ms
2026-06-20 09:06:52,456 - mazeUtils.moveTile - [moveTile.py:90] - DEBUG - [1486.812786] moveTile loop end practicalMoveTime=0.248 (+0.8 ms)
2026-06-20 09:06:52,456 - mazeUtils.moveTile - [moveTile.py:90] - DEBUG - [1486.812968] moveTile loop start (+0.2 ms)
2026-06-20 09:06:52,461 - picamera2.picamera2 - [picamera2.py:1391] - DEBUG - Execute job: <picamera2.job.Job object at 0x7f90252810>
2026-06-20 09:06:52,465 - mazeUtils.device.camera - [camera.py:39] - DEBUG - Average HSV: H=90.2, S=109.2, V=6.3
2026-06-20 09:06:52,475 - mazeUtils.moveTile - [moveTile.py:90] - DEBUG - [1486.831139] moveTile calculated motor speeds left=100 right=97 gyroSteer=2.805000000000007 wallSteer=0.0 (+18.2 ms)
2026-06-20 09:06:52,498 - mazeUtils.moveTile - [moveTile.py:90] - DEBUG - [1486.854243] moveTile applied motor speed left=100 right=97 (+23.1 ms)
2026-06-20 09:06:52,498 - mazeUtils.moveTile - [moveTile.py:90] - DEBUG - [1486.854633] moveTile ramp check isBigRamp=False (+0.4 ms)
2026-06-20 09:06:52,501 - mazeUtils.moveTile - [moveTile.py:90] - DEBUG - [1486.857320] moveTile tile color check tempTileColor=E (+2.7 ms)
2026-06-20 09:06:52,501 - mazeUtils.moveTile - [moveTile.py:90] - DEBUG - [1486.857602] moveTile obstacle check escapeFlag=False (+0.3 ms)
2026-06-20 09:06:52,501 - mazeUtils.moveTile - [moveTile.py:79] - DEBUG - roll: 359.88 deg, practicalMoveTime: 0.2935890379647014 sec
2026-06-20 09:06:52,502 - mazeUtils.moveTile - [moveTile.py:1397] - DEBUG - moveTile loop time: 45.2 ms
2026-06-20 09:06:52,502 - mazeUtils.moveTile - [moveTile.py:90] - DEBUG - [1486.858302] moveTile loop end practicalMoveTime=0.294 (+0.7 ms)
2026-06-20 09:06:52,502 - mazeUtils.moveTile - [moveTile.py:90] - DEBUG - [1486.858437] moveTile loop start (+0.1 ms)
2026-06-20 09:06:52,507 - picamera2.picamera2 - [picamera2.py:1391] - DEBUG - Execute job: <picamera2.job.Job object at 0x7f81e5bdd0>
2026-06-20 09:06:52,510 - mazeUtils.device.camera - [camera.py:39] - DEBUG - Average HSV: H=89.8, S=109.6, V=6.4
2026-06-20 09:06:52,514 - mazeUtils.moveTile - [moveTile.py:90] - DEBUG - [1486.870458] moveTile calculated motor speeds left=100 right=97 gyroSteer=2.515000000000015 wallSteer=0.0 (+12.0 ms)
2026-06-20 09:06:52,534 - mazeUtils.moveTile - [moveTile.py:90] - DEBUG - [1486.890666] moveTile applied motor speed left=100 right=97 (+20.2 ms)
2026-06-20 09:06:52,535 - mazeUtils.moveTile - [moveTile.py:90] - DEBUG - [1486.891061] moveTile ramp check isBigRamp=False (+0.4 ms)
2026-06-20 09:06:52,557 - mazeUtils.moveTile - [moveTile.py:235] - INFO - Black tile detected! Stopping movement. Starting escape maneuver.
2026-06-20 09:06:53,189 - mazeUtils.moveTile - [moveTile.py:79] - DEBUG - Escape maneuver complete.
2026-06-20 09:06:53,190 - mazeUtils.moveTile - [moveTile.py:90] - DEBUG - [1487.546308] moveTile escaped from black tile (+655.2 ms)
2026-06-20 09:06:53,225 - __main__ - [main.py:87] - INFO - Current position: (20, 20, 1), front direction: absDirection.NORTH
Layer 0 (altitude=0.0cm, offset=(0.0cm, 0.0cm)):
Known map area: x=20..20, y=20..20
+   +
| S  
+---+
Layer 1 (altitude=-15.0cm, offset=(0.0cm, -60.0cm)):
Known map area: x=20..20, y=19..20
+   +
  B  
+   +
| @  
+   +
mazeAsGraph[0][20][20] = {absDirection.NORTH: (20, 20, 1, 60), absDirection.EAST: (21, 20, 0, 30), absDirection.SOUTH: None, absDirection.WEST: None}
mazeAsGraph[1][19][20] = {absDirection.NORTH: None, absDirection.EAST: None, absDirection.SOUTH: None, absDirection.WEST: None}
mazeAsGraph[1][20][20] = {absDirection.NORTH: None, absDirection.EAST: (21, 20, 1, 30), absDirection.SOUTH: (20, 20, 0, 60), absDirection.WEST: None}
2026-06-20 09:06:53,230 - mazeUtils.mazeMap - [mazeMap.py:61] - INFO - next goal: (21, 20, 1)
2026-06-20 09:06:53,231 - mazeUtils.moveTile - [moveTile.py:88] - DEBUG - [1487.587251] moveTile start direction=absDirection.EAST position=(20, 20, 1) front=absDirection.NORTH
2026-06-20 09:06:53,236 - mazeUtils.moveTile - [moveTile.py:90] - DEBUG - [1487.592285] moveTile after initial toggle check (+5.0 ms)
2026-06-20 09:06:53,238 - mazeUtils.moveTile - [moveTile.py:90] - DEBUG - [1487.594604] moveTile after tile checks isRedTile=False isUnknownTileAhead=True (+2.3 ms)
2026-06-20 09:06:53,238 - mazeUtils.moveTile - [moveTile.py:79] - DEBUG - Moving to absDirection.EAST from (20, 20, 1) facing absDirection.NORTH
2026-06-20 09:06:53,239 - mazeUtils.moveTile - [moveTile.py:90] - DEBUG - [1487.595120] moveTile start heading change target=270 (+0.5 ms)
2026-06-20 09:06:53,247 - mazeUtils.moveTile - [moveTile.py:79] - DEBUG - Turning to 270 deg, current heading: 3.8100000000000023 deg, turnAngle: 93.81 deg
2026-06-20 09:06:53,285 - mazeUtils.moveTile - [moveTile.py:79] - DEBUG - gyro:3.819999999999993 deg, derivative: 0.009999999999990905, turnSpeed: 100
2026-06-20 09:06:53,308 - mazeUtils.moveTile - [moveTile.py:79] - DEBUG - gyro:3.9399999999999977 deg, derivative: 0.12000000000000455, turnSpeed: 100
2026-06-20 09:06:53,335 - mazeUtils.moveTile - [moveTile.py:79] - DEBUG - gyro:4.180000000000007 deg, derivative: 0.2400000000000091, turnSpeed: 100
2026-06-20 09:06:53,371 - mazeUtils.moveTile - [moveTile.py:79] - DEBUG - gyro:3.75 deg, derivative: -0.4300000000000068, turnSpeed: 100
2026-06-20 09:06:53,394 - mazeUtils.moveTile - [moveTile.py:79] - DEBUG - gyro:3.0300000000000296 deg, derivative: -0.7199999999999704, turnSpeed: 100
2026-06-20 09:06:53,416 - mazeUtils.moveTile - [moveTile.py:79] - DEBUG - gyro:359.71000000000004 deg, derivative: -3.319999999999993, turnSpeed: 100
2026-06-20 09:06:53,451 - mazeUtils.moveTile - [moveTile.py:79] - DEBUG - gyro:356.16 deg, derivative: -3.5500000000000114, turnSpeed: 100
2026-06-20 09:06:53,480 - mazeUtils.moveTile - [moveTile.py:79] - DEBUG - gyro:350.63 deg, derivative: -5.53000000000003, turnSpeed: 100
2026-06-20 09:06:53,508 - mazeUtils.moveTile - [moveTile.py:79] - DEBUG - gyro:344.76 deg, derivative: -5.8700000000000045, turnSpeed: 100
2026-06-20 09:06:53,533 - mazeUtils.moveTile - [moveTile.py:79] - DEBUG - gyro:341.23 deg, derivative: -3.5299999999999727, turnSpeed: 100
2026-06-20 09:06:53,562 - mazeUtils.moveTile - [moveTile.py:79] - DEBUG - gyro:337.54 deg, derivative: -3.6899999999999977, turnSpeed: 100
2026-06-20 09:06:53,586 - mazeUtils.moveTile - [moveTile.py:79] - DEBUG - gyro:334.49 deg, derivative: -3.0500000000000114, turnSpeed: 100
2026-06-20 09:06:53,610 - mazeUtils.moveTile - [moveTile.py:79] - DEBUG - gyro:331.32000000000005 deg, derivative: -3.169999999999959, turnSpeed: 100
2026-06-20 09:06:53,635 - mazeUtils.moveTile - [moveTile.py:79] - DEBUG - gyro:326.46000000000004 deg, derivative: -4.860000000000014, turnSpeed: 100
2026-06-20 09:06:53,661 - mazeUtils.moveTile - [moveTile.py:79] - DEBUG - gyro:323.51 deg, derivative: -2.9500000000000455, turnSpeed: 100
2026-06-20 09:06:53,691 - mazeUtils.moveTile - [moveTile.py:79] - DEBUG - gyro:319.22 deg, derivative: -4.289999999999964, turnSpeed: 98.44000000000005
2026-06-20 09:06:53,720 - mazeUtils.moveTile - [moveTile.py:79] - DEBUG - gyro:316.4 deg, derivative: -2.82000000000005, turnSpeed: 92.79999999999995
2026-06-20 09:06:53,748 - mazeUtils.moveTile - [moveTile.py:79] - DEBUG - gyro:312.12 deg, derivative: -4.279999999999973, turnSpeed: 84.24000000000001
2026-06-20 09:06:53,777 - mazeUtils.moveTile - [moveTile.py:79] - DEBUG - gyro:307.26 deg, derivative: -4.860000000000014, turnSpeed: 74.51999999999998
2026-06-20 09:06:53,798 - mazeUtils.moveTile - [moveTile.py:79] - DEBUG - gyro:304.76 deg, derivative: -2.5, turnSpeed: 69.51999999999998
2026-06-20 09:06:53,824 - mazeUtils.moveTile - [moveTile.py:79] - DEBUG - gyro:300.56 deg, derivative: -4.199999999999989, turnSpeed: 61.120000000000005
2026-06-20 09:06:53,853 - mazeUtils.moveTile - [moveTile.py:79] - DEBUG - gyro:298.29 deg, derivative: -2.269999999999982, turnSpeed: 56.58000000000004
2026-06-20 09:06:53,878 - mazeUtils.moveTile - [moveTile.py:79] - DEBUG - gyro:295.32000000000005 deg, derivative: -2.9699999999999704, turnSpeed: 50.6400000000001
2026-06-20 09:06:53,902 - mazeUtils.moveTile - [moveTile.py:79] - DEBUG - gyro:292.64 deg, derivative: -2.6800000000000637, turnSpeed: 45.27999999999997
2026-06-20 09:06:53,926 - mazeUtils.moveTile - [moveTile.py:79] - DEBUG - gyro:290.24 deg, derivative: -2.3999999999999773, turnSpeed: 40.48000000000002
2026-06-20 09:06:53,951 - mazeUtils.moveTile - [moveTile.py:79] - DEBUG - gyro:289.3 deg, derivative: -0.9399999999999977, turnSpeed: 38.60000000000002
2026-06-20 09:06:53,981 - mazeUtils.moveTile - [moveTile.py:79] - DEBUG - gyro:288.39 deg, derivative: -0.910000000000025, turnSpeed: 36.77999999999997
2026-06-20 09:06:54,007 - mazeUtils.moveTile - [moveTile.py:79] - DEBUG - gyro:286.1 deg, derivative: -2.2899999999999636, turnSpeed: 32.200000000000045
2026-06-20 09:06:54,035 - mazeUtils.moveTile - [moveTile.py:79] - DEBUG - gyro:284.62 deg, derivative: -1.4800000000000182, turnSpeed: 29.24000000000001
2026-06-20 09:06:54,058 - mazeUtils.moveTile - [moveTile.py:79] - DEBUG - gyro:283.09000000000003 deg, derivative: -1.5299999999999727, turnSpeed: 26.180000000000064
2026-06-20 09:06:54,083 - mazeUtils.moveTile - [moveTile.py:79] - DEBUG - gyro:281.32000000000005 deg, derivative: -1.7699999999999818, turnSpeed: 22.6400000000001
2026-06-20 09:06:54,108 - mazeUtils.moveTile - [moveTile.py:79] - DEBUG - gyro:280.04 deg, derivative: -1.2800000000000296, turnSpeed: 20.08000000000004
2026-06-20 09:06:54,133 - mazeUtils.moveTile - [moveTile.py:79] - DEBUG - gyro:278.79 deg, derivative: -1.25, turnSpeed: 17.58000000000004
2026-06-20 09:06:54,161 - mazeUtils.moveTile - [moveTile.py:79] - DEBUG - gyro:277.51 deg, derivative: -1.2800000000000296, turnSpeed: 15.019999999999982
2026-06-20 09:06:54,187 - mazeUtils.moveTile - [moveTile.py:79] - DEBUG - gyro:276.13 deg, derivative: -1.3799999999999955, turnSpeed: 12.259999999999991
2026-06-20 09:06:54,215 - mazeUtils.moveTile - [moveTile.py:79] - DEBUG - gyro:274.78 deg, derivative: -1.3500000000000227, turnSpeed: 9.559999999999945
2026-06-20 09:06:54,242 - mazeUtils.moveTile - [moveTile.py:79] - DEBUG - gyro:273.92 deg, derivative: -0.8599999999999568, turnSpeed: 7.840000000000032
2026-06-20 09:06:54,265 - mazeUtils.moveTile - [moveTile.py:79] - DEBUG - gyro:273.55 deg, derivative: -0.37000000000000455, turnSpeed: 7.100000000000023
2026-06-20 09:06:54,295 - mazeUtils.moveTile - [moveTile.py:79] - DEBUG - gyro:273.70000000000005 deg, derivative: 0.1500000000000341, turnSpeed: 7.400000000000091
2026-06-20 09:06:54,325 - mazeUtils.moveTile - [moveTile.py:79] - DEBUG - gyro:273.11 deg, derivative: -0.5900000000000318, turnSpeed: 6.220000000000027
2026-06-20 09:06:54,348 - mazeUtils.moveTile - [moveTile.py:79] - DEBUG - gyro:273.24 deg, derivative: 0.12999999999999545, turnSpeed: 6.480000000000018
2026-06-20 09:06:54,370 - mazeUtils.moveTile - [moveTile.py:79] - DEBUG - gyro:272.96000000000004 deg, derivative: -0.2799999999999727, turnSpeed: 5.920000000000073
2026-06-20 09:06:54,401 - mazeUtils.moveTile - [moveTile.py:79] - DEBUG - gyro:272.9 deg, derivative: -0.06000000000005912, turnSpeed: 5.7999999999999545
2026-06-20 09:06:54,431 - mazeUtils.moveTile - [moveTile.py:79] - DEBUG - gyro:272.86 deg, derivative: -0.03999999999996362, turnSpeed: 5.720000000000027
2026-06-20 09:06:54,455 - mazeUtils.moveTile - [moveTile.py:79] - DEBUG - gyro:272.53 deg, derivative: -0.3300000000000409, turnSpeed: 5.059999999999945
2026-06-20 09:06:54,479 - mazeUtils.moveTile - [moveTile.py:79] - DEBUG - gyro:272.49 deg, derivative: -0.03999999999996362, turnSpeed: 4.980000000000018
2026-06-20 09:06:54,510 - mazeUtils.moveTile - [moveTile.py:79] - DEBUG - gyro:272.29 deg, derivative: -0.19999999999998863, turnSpeed: 4.580000000000041
2026-06-20 09:06:54,534 - mazeUtils.moveTile - [moveTile.py:79] - DEBUG - gyro:272.16 deg, derivative: -0.12999999999999545, turnSpeed: 4.32000000000005
2026-06-20 09:06:54,561 - mazeUtils.moveTile - [moveTile.py:79] - DEBUG - gyro:271.92 deg, derivative: -0.2400000000000091, turnSpeed: 3.840000000000032
2026-06-20 09:06:54,592 - mazeUtils.moveTile - [moveTile.py:79] - DEBUG - gyro:271.72 deg, derivative: -0.19999999999998863, turnSpeed: 3.4400000000000546
2026-06-20 09:06:54,616 - mazeUtils.moveTile - [moveTile.py:79] - DEBUG - gyro:271.57000000000005 deg, derivative: -0.14999999999997726, turnSpeed: 3.1400000000001
2026-06-20 09:06:54,645 - mazeUtils.moveTile - [moveTile.py:79] - DEBUG - gyro:271.43 deg, derivative: -0.1400000000000432, turnSpeed: 2.8600000000000136
2026-06-20 09:06:54,677 - mazeUtils.moveTile - [moveTile.py:79] - DEBUG - gyro:271.33000000000004 deg, derivative: -0.0999999999999659, turnSpeed: 2.660000000000082
2026-06-20 09:06:54,712 - mazeUtils.moveTile - [moveTile.py:79] - DEBUG - gyro:271.24 deg, derivative: -0.09000000000003183, turnSpeed: 2.480000000000018
2026-06-20 09:06:54,738 - mazeUtils.moveTile - [moveTile.py:79] - DEBUG - gyro:271.1 deg, derivative: -0.13999999999998636, turnSpeed: 2.2000000000000455
2026-06-20 09:06:54,765 - mazeUtils.moveTile - [moveTile.py:79] - DEBUG - gyro:271.0 deg, derivative: -0.10000000000002274, turnSpeed: 2.0
2026-06-20 09:06:54,801 - mazeUtils.moveTile - [moveTile.py:79] - DEBUG - gyro:270.92 deg, derivative: -0.07999999999998408, turnSpeed: 1.8400000000000318
2026-06-20 09:06:54,830 - mazeUtils.moveTile - [moveTile.py:79] - DEBUG - gyro:270.83000000000004 deg, derivative: -0.08999999999997499, turnSpeed: 1.6600000000000819
2026-06-20 09:06:54,856 - mazeUtils.moveTile - [moveTile.py:79] - DEBUG - gyro:270.74 deg, derivative: -0.09000000000003183, turnSpeed: 1.4800000000000182
2026-06-20 09:06:54,879 - mazeUtils.moveTile - [moveTile.py:79] - DEBUG - Turned to heading: 270.74 deg
2026-06-20 09:06:54,880 - mazeUtils.moveTile - [moveTile.py:90] - DEBUG - [1489.236514] moveTile finished heading change (+1641.4 ms)
2026-06-20 09:06:54,880 - mazeUtils.moveTile - [moveTile.py:90] - DEBUG - [1489.236849] moveTile updated front direction (+0.3 ms)
2026-06-20 09:06:54,884 - mazeUtils.moveTile - [moveTile.py:90] - DEBUG - [1489.240973] moveTile acquired initial LiDAR scan (+4.1 ms)
2026-06-20 09:06:54,908 - mazeUtils.moveTile - [moveTile.py:90] - DEBUG - [1489.264536] moveTile stopped motors before alignment (+23.6 ms)
2026-06-20 09:06:54,973 - mazeUtils.moveTile - [moveTile.py:90] - DEBUG - [1489.329728] moveTile start backward adjustment behind_wall_dist=18.295591181170206 (+65.2 ms)
2026-06-20 09:06:54,994 - mazeUtils.moveTile - [moveTile.py:79] - DEBUG - Little backward to adjust position
2026-06-20 09:06:55,273 - mazeUtils.moveTile - [moveTile.py:90] - DEBUG - [1489.629564] moveTile finished backward adjustment (+299.8 ms)
2026-06-20 09:06:55,297 - mazeUtils.moveTile - [moveTile.py:90] - DEBUG - [1489.653245] moveTile ready for forward move (+23.7 ms)
2026-06-20 09:06:55,394 - mazeUtils.moveTile - [moveTile.py:90] - DEBUG - [1489.749999] moveTile initialized movement targetSteps=1 (+96.8 ms)
2026-06-20 09:06:55,395 - mazeUtils.moveTile - [moveTile.py:90] - DEBUG - [1489.751326] moveTile loop start (+1.3 ms)
2026-06-20 09:06:55,402 - picamera2.picamera2 - [picamera2.py:1391] - DEBUG - Execute job: <picamera2.job.Job object at 0x7f80f083d0>
2026-06-20 09:06:55,407 - mazeUtils.device.camera - [camera.py:39] - DEBUG - Average HSV: H=157.6, S=34.3, V=164.1
2026-06-20 09:06:55,412 - mazeUtils.moveTile - [moveTile.py:90] - DEBUG - [1489.768829] moveTile calculated motor speeds left=99 right=100 gyroSteer=-0.17500000000001137 wallSteer=0.0 (+17.5 ms)
2026-06-20 09:06:55,433 - mazeUtils.moveTile - [moveTile.py:90] - DEBUG - [1489.789331] moveTile applied motor speed left=99 right=100 (+20.5 ms)
2026-06-20 09:06:55,433 - mazeUtils.moveTile - [moveTile.py:90] - DEBUG - [1489.789975] moveTile ramp check isBigRamp=False (+0.6 ms)
2026-06-20 09:06:55,439 - mazeUtils.moveTile - [moveTile.py:90] - DEBUG - [1489.795448] moveTile tile color check tempTileColor=E (+5.5 ms)
2026-06-20 09:06:55,440 - mazeUtils.moveTile - [moveTile.py:90] - DEBUG - [1489.796244] moveTile obstacle check escapeFlag=False (+0.8 ms)
2026-06-20 09:06:55,441 - mazeUtils.moveTile - [moveTile.py:79] - DEBUG - roll: 2.2099999999999795 deg, practicalMoveTime: 0.047651584109711 sec
2026-06-20 09:06:55,442 - mazeUtils.moveTile - [moveTile.py:1397] - DEBUG - moveTile loop time: 47.3 ms
2026-06-20 09:06:55,443 - mazeUtils.moveTile - [moveTile.py:90] - DEBUG - [1489.799595] moveTile loop end practicalMoveTime=0.048 (+3.4 ms)
2026-06-20 09:06:55,444 - mazeUtils.moveTile - [moveTile.py:90] - DEBUG - [1489.800082] moveTile loop start (+0.5 ms)
2026-06-20 09:06:55,448 - picamera2.picamera2 - [picamera2.py:1391] - DEBUG - Execute job: <picamera2.job.Job object at 0x7f92e38b90>
2026-06-20 09:06:55,454 - mazeUtils.device.camera - [camera.py:39] - DEBUG - Average HSV: H=156.8, S=33.3, V=165.8
2026-06-20 09:06:55,461 - mazeUtils.moveTile - [moveTile.py:90] - DEBUG - [1489.817074] moveTile calculated motor speeds left=99 right=100 gyroSteer=-0.2599999999999909 wallSteer=0.0 (+17.0 ms)
2026-06-20 09:06:55,481 - mazeUtils.moveTile - [moveTile.py:90] - DEBUG - [1489.837414] moveTile applied motor speed left=99 right=100 (+20.3 ms)
2026-06-20 09:06:55,482 - mazeUtils.moveTile - [moveTile.py:90] - DEBUG - [1489.838088] moveTile ramp check isBigRamp=False (+0.7 ms)
2026-06-20 09:06:55,485 - mazeUtils.moveTile - [moveTile.py:90] - DEBUG - [1489.841375] moveTile tile color check tempTileColor=E (+3.3 ms)
2026-06-20 09:06:55,485 - mazeUtils.moveTile - [moveTile.py:90] - DEBUG - [1489.841934] moveTile obstacle check escapeFlag=False (+0.6 ms)
2026-06-20 09:06:55,486 - mazeUtils.moveTile - [moveTile.py:79] - DEBUG - roll: 1.9599999999999795 deg, practicalMoveTime: 0.09142869541617318 sec
2026-06-20 09:06:55,486 - mazeUtils.moveTile - [moveTile.py:1397] - DEBUG - moveTile loop time: 42.8 ms
2026-06-20 09:06:55,487 - mazeUtils.moveTile - [moveTile.py:90] - DEBUG - [1489.843179] moveTile loop end practicalMoveTime=0.091 (+1.2 ms)
2026-06-20 09:06:55,487 - mazeUtils.moveTile - [moveTile.py:90] - DEBUG - [1489.843439] moveTile loop start (+0.3 ms)
2026-06-20 09:06:55,493 - picamera2.picamera2 - [picamera2.py:1391] - DEBUG - Execute job: <picamera2.job.Job object at 0x7f81e28990>
2026-06-20 09:06:55,498 - mazeUtils.device.camera - [camera.py:39] - DEBUG - Average HSV: H=155.5, S=31.4, V=168.9
2026-06-20 09:06:55,504 - mazeUtils.moveTile - [moveTile.py:90] - DEBUG - [1489.860271] moveTile calculated motor speeds left=99 right=100 gyroSteer=-0.41499999999999204 wallSteer=0.0 (+16.8 ms)
2026-06-20 09:06:55,532 - mazeUtils.moveTile - [moveTile.py:90] - DEBUG - [1489.888186] moveTile applied motor speed left=99 right=100 (+27.9 ms)
2026-06-20 09:06:55,532 - mazeUtils.moveTile - [moveTile.py:90] - DEBUG - [1489.888773] moveTile ramp check isBigRamp=False (+0.6 ms)
2026-06-20 09:06:55,536 - mazeUtils.moveTile - [moveTile.py:90] - DEBUG - [1489.892267] moveTile tile color check tempTileColor=E (+3.5 ms)
2026-06-20 09:06:55,536 - mazeUtils.moveTile - [moveTile.py:90] - DEBUG - [1489.892808] moveTile obstacle check escapeFlag=False (+0.5 ms)
2026-06-20 09:06:55,537 - mazeUtils.moveTile - [moveTile.py:79] - DEBUG - roll: 0.9499999999999886 deg, practicalMoveTime: 0.1418029538715916 sec
2026-06-20 09:06:55,537 - mazeUtils.moveTile - [moveTile.py:1397] - DEBUG - moveTile loop time: 50.3 ms
2026-06-20 09:06:55,537 - mazeUtils.moveTile - [moveTile.py:90] - DEBUG - [1489.894016] moveTile loop end practicalMoveTime=0.142 (+1.2 ms)
2026-06-20 09:06:55,538 - mazeUtils.moveTile - [moveTile.py:90] - DEBUG - [1489.894276] moveTile loop start (+0.3 ms)
2026-06-20 09:06:55,543 - picamera2.picamera2 - [picamera2.py:1391] - DEBUG - Execute job: <picamera2.job.Job object at 0x7f92e38dd0>
2026-06-20 09:06:55,549 - mazeUtils.device.camera - [camera.py:39] - DEBUG - Average HSV: H=152.5, S=30.7, V=171.2
2026-06-20 09:06:55,553 - mazeUtils.moveTile - [moveTile.py:90] - DEBUG - [1489.909679] moveTile calculated motor speeds left=99 right=100 gyroSteer=-0.2799999999999727 wallSteer=0.0 (+15.4 ms)
2026-06-20 09:06:55,574 - mazeUtils.moveTile - [moveTile.py:90] - DEBUG - [1489.930059] moveTile applied motor speed left=99 right=100 (+20.4 ms)
2026-06-20 09:06:55,574 - mazeUtils.moveTile - [moveTile.py:90] - DEBUG - [1489.930593] moveTile ramp check isBigRamp=False (+0.5 ms)
2026-06-20 09:06:55,577 - mazeUtils.moveTile - [moveTile.py:90] - DEBUG - [1489.933376] moveTile tile color check tempTileColor=E (+2.8 ms)
2026-06-20 09:06:55,577 - mazeUtils.moveTile - [moveTile.py:90] - DEBUG - [1489.933799] moveTile obstacle check escapeFlag=False (+0.4 ms)
2026-06-20 09:06:55,578 - mazeUtils.moveTile - [moveTile.py:79] - DEBUG - roll: 1.5199999999999818 deg, practicalMoveTime: 0.18228672196075585 sec
2026-06-20 09:06:55,578 - mazeUtils.moveTile - [moveTile.py:1397] - DEBUG - moveTile loop time: 40.3 ms
2026-06-20 09:06:55,578 - mazeUtils.moveTile - [moveTile.py:90] - DEBUG - [1489.934914] moveTile loop end practicalMoveTime=0.182 (+1.1 ms)
2026-06-20 09:06:55,579 - mazeUtils.moveTile - [moveTile.py:90] - DEBUG - [1489.935151] moveTile loop start (+0.2 ms)
2026-06-20 09:06:55,584 - picamera2.picamera2 - [picamera2.py:1391] - DEBUG - Execute job: <picamera2.job.Job object at 0x7f92e38b90>
2026-06-20 09:06:55,588 - mazeUtils.device.camera - [camera.py:39] - DEBUG - Average HSV: H=155.0, S=30.8, V=173.5
2026-06-20 09:06:55,599 - mazeUtils.moveTile - [moveTile.py:90] - DEBUG - [1489.955341] moveTile calculated motor speeds left=99 right=100 gyroSteer=-0.18000000000000682 wallSteer=0.0 (+20.2 ms)
2026-06-20 09:06:55,627 - mazeUtils.moveTile - [moveTile.py:90] - DEBUG - [1489.983310] moveTile applied motor speed left=99 right=100 (+28.0 ms)
2026-06-20 09:06:55,628 - mazeUtils.moveTile - [moveTile.py:90] - DEBUG - [1489.984285] moveTile ramp check isBigRamp=False (+1.0 ms)
2026-06-20 09:06:55,631 - mazeUtils.moveTile - [moveTile.py:90] - DEBUG - [1489.987152] moveTile tile color check tempTileColor=E (+2.9 ms)
2026-06-20 09:06:55,631 - mazeUtils.moveTile - [moveTile.py:90] - DEBUG - [1489.987503] moveTile obstacle check escapeFlag=False (+0.4 ms)
2026-06-20 09:06:55,632 - mazeUtils.moveTile - [moveTile.py:79] - DEBUG - roll: 0.9199999999999591 deg, practicalMoveTime: 0.23553684505733552 sec
2026-06-20 09:06:55,632 - mazeUtils.moveTile - [moveTile.py:1397] - DEBUG - moveTile loop time: 53.2 ms
2026-06-20 09:06:55,632 - mazeUtils.moveTile - [moveTile.py:90] - DEBUG - [1489.988685] moveTile loop end practicalMoveTime=0.236 (+1.2 ms)
2026-06-20 09:06:55,632 - mazeUtils.moveTile - [moveTile.py:90] - DEBUG - [1489.988925] moveTile loop start (+0.2 ms)
2026-06-20 09:06:55,637 - picamera2.picamera2 - [picamera2.py:1391] - DEBUG - Execute job: <picamera2.job.Job object at 0x7f92e38dd0>
2026-06-20 09:06:55,643 - mazeUtils.device.camera - [camera.py:39] - DEBUG - Average HSV: H=157.7, S=29.8, V=177.5
2026-06-20 09:06:55,647 - mazeUtils.moveTile - [moveTile.py:90] - DEBUG - [1490.003748] moveTile calculated motor speeds left=99 right=100 gyroSteer=-0.19999999999998863 wallSteer=0.0 (+14.8 ms)
2026-06-20 09:06:55,668 - mazeUtils.moveTile - [moveTile.py:90] - DEBUG - [1490.023974] moveTile applied motor speed left=99 right=100 (+20.2 ms)
2026-06-20 09:06:55,668 - mazeUtils.moveTile - [moveTile.py:90] - DEBUG - [1490.024541] moveTile ramp check isBigRamp=False (+0.6 ms)
2026-06-20 09:06:55,671 - mazeUtils.moveTile - [moveTile.py:90] - DEBUG - [1490.027311] moveTile tile color check tempTileColor=E (+2.8 ms)
2026-06-20 09:06:55,671 - mazeUtils.moveTile - [moveTile.py:90] - DEBUG - [1490.027726] moveTile obstacle check escapeFlag=False (+0.4 ms)
2026-06-20 09:06:55,672 - mazeUtils.moveTile - [moveTile.py:79] - DEBUG - roll: 1.3799999999999955 deg, practicalMoveTime: 0.27530735383724886 sec
2026-06-20 09:06:55,672 - mazeUtils.moveTile - [moveTile.py:1397] - DEBUG - moveTile loop time: 39.7 ms
2026-06-20 09:06:55,672 - mazeUtils.moveTile - [moveTile.py:90] - DEBUG - [1490.028947] moveTile loop end practicalMoveTime=0.275 (+1.2 ms)
2026-06-20 09:06:55,673 - mazeUtils.moveTile - [moveTile.py:90] - DEBUG - [1490.029184] moveTile loop start (+0.2 ms)
2026-06-20 09:06:55,679 - picamera2.picamera2 - [picamera2.py:1391] - DEBUG - Execute job: <picamera2.job.Job object at 0x7f80f09c50>
2026-06-20 09:06:55,684 - mazeUtils.device.camera - [camera.py:39] - DEBUG - Average HSV: H=157.8, S=29.5, V=179.2
2026-06-20 09:06:55,689 - mazeUtils.moveTile - [moveTile.py:90] - DEBUG - [1490.045048] moveTile calculated motor speeds left=99 right=100 gyroSteer=-0.125 wallSteer=0.0 (+15.9 ms)
2026-06-20 09:06:55,715 - mazeUtils.moveTile - [moveTile.py:90] - DEBUG - [1490.071934] moveTile applied motor speed left=99 right=100 (+26.9 ms)
2026-06-20 09:06:55,716 - mazeUtils.moveTile - [moveTile.py:90] - DEBUG - [1490.072521] moveTile ramp check isBigRamp=False (+0.6 ms)
2026-06-20 09:06:55,719 - mazeUtils.moveTile - [moveTile.py:90] - DEBUG - [1490.075768] moveTile tile color check tempTileColor=E (+3.2 ms)
2026-06-20 09:06:55,720 - mazeUtils.moveTile - [moveTile.py:90] - DEBUG - [1490.076338] moveTile obstacle check escapeFlag=False (+0.6 ms)
2026-06-20 09:06:55,720 - mazeUtils.moveTile - [moveTile.py:79] - DEBUG - roll: 1.589999999999975 deg, practicalMoveTime: 0.3234908325654407 sec
2026-06-20 09:06:55,721 - mazeUtils.moveTile - [moveTile.py:1397] - DEBUG - moveTile loop time: 48.6 ms
2026-06-20 09:06:55,722 - mazeUtils.moveTile - [moveTile.py:90] - DEBUG - [1490.078123] moveTile loop end practicalMoveTime=0.323 (+1.8 ms)
2026-06-20 09:06:55,722 - mazeUtils.moveTile - [moveTile.py:90] - DEBUG - [1490.078661] moveTile loop start (+0.5 ms)
2026-06-20 09:06:55,728 - picamera2.picamera2 - [picamera2.py:1391] - DEBUG - Execute job: <picamera2.job.Job object at 0x7f92e38b90>
2026-06-20 09:06:55,732 - mazeUtils.device.camera - [camera.py:39] - DEBUG - Average HSV: H=160.0, S=28.3, V=183.5
2026-06-20 09:06:55,739 - mazeUtils.moveTile - [moveTile.py:90] - DEBUG - [1490.095370] moveTile calculated motor speeds left=89 right=100 gyroSteer=-0.11000000000001364 wallSteer=-10.0 (+16.7 ms)
2026-06-20 09:06:55,764 - mazeUtils.moveTile - [moveTile.py:90] - DEBUG - [1490.120455] moveTile applied motor speed left=89 right=100 (+25.1 ms)
2026-06-20 09:06:55,765 - mazeUtils.moveTile - [moveTile.py:90] - DEBUG - [1490.121013] moveTile ramp check isBigRamp=False (+0.6 ms)
2026-06-20 09:06:55,768 - mazeUtils.moveTile - [moveTile.py:90] - DEBUG - [1490.124122] moveTile tile color check tempTileColor=E (+3.1 ms)
2026-06-20 09:06:55,768 - mazeUtils.moveTile - [moveTile.py:90] - DEBUG - [1490.124534] moveTile obstacle check escapeFlag=False (+0.4 ms)
2026-06-20 09:06:55,769 - mazeUtils.moveTile - [moveTile.py:79] - DEBUG - roll: 0.8499999999999659 deg, practicalMoveTime: 0.3706891790414449 sec
2026-06-20 09:06:55,769 - mazeUtils.moveTile - [moveTile.py:1397] - DEBUG - moveTile loop time: 46.8 ms
2026-06-20 09:06:55,770 - mazeUtils.moveTile - [moveTile.py:90] - DEBUG - [1490.126142] moveTile loop end practicalMoveTime=0.371 (+1.6 ms)
2026-06-20 09:06:55,770 - mazeUtils.moveTile - [moveTile.py:90] - DEBUG - [1490.126510] moveTile loop start (+0.4 ms)
2026-06-20 09:06:55,774 - picamera2.picamera2 - [picamera2.py:1391] - DEBUG - Execute job: <picamera2.job.Job object at 0x7f80f08090>
2026-06-20 09:06:55,779 - mazeUtils.device.camera - [camera.py:39] - DEBUG - Average HSV: H=160.2, S=26.9, V=187.9
2026-06-20 09:06:55,785 - mazeUtils.moveTile - [moveTile.py:90] - DEBUG - [1490.141591] moveTile calculated motor speeds left=89 right=100 gyroSteer=-0.18500000000000227 wallSteer=-10.0 (+15.1 ms)
2026-06-20 09:06:55,805 - mazeUtils.moveTile - [moveTile.py:90] - DEBUG - [1490.161409] moveTile applied motor speed left=89 right=100 (+19.8 ms)
2026-06-20 09:06:55,805 - mazeUtils.moveTile - [moveTile.py:90] - DEBUG - [1490.161982] moveTile ramp check isBigRamp=False (+0.6 ms)
2026-06-20 09:06:55,812 - mazeUtils.moveTile - [moveTile.py:90] - DEBUG - [1490.168155] moveTile tile color check tempTileColor=E (+6.2 ms)
2026-06-20 09:06:55,812 - mazeUtils.moveTile - [moveTile.py:90] - DEBUG - [1490.168563] moveTile obstacle check escapeFlag=False (+0.4 ms)
2026-06-20 09:06:55,813 - mazeUtils.moveTile - [moveTile.py:79] - DEBUG - roll: 1.2099999999999795 deg, practicalMoveTime: 0.41427048130616784 sec
2026-06-20 09:06:55,813 - mazeUtils.moveTile - [moveTile.py:1397] - DEBUG - moveTile loop time: 43.2 ms
2026-06-20 09:06:55,814 - mazeUtils.moveTile - [moveTile.py:90] - DEBUG - [1490.170039] moveTile loop end practicalMoveTime=0.414 (+1.5 ms)
2026-06-20 09:06:55,814 - mazeUtils.moveTile - [moveTile.py:90] - DEBUG - [1490.170765] moveTile loop start (+0.7 ms)
2026-06-20 09:06:55,823 - picamera2.picamera2 - [picamera2.py:1391] - DEBUG - Execute job: <picamera2.job.Job object at 0x7f92e3a3d0>
2026-06-20 09:06:55,827 - mazeUtils.device.camera - [camera.py:39] - DEBUG - Average HSV: H=161.1, S=26.2, V=193.1
2026-06-20 09:06:55,836 - mazeUtils.moveTile - [moveTile.py:90] - DEBUG - [1490.192633] moveTile calculated motor speeds left=96 right=100 gyroSteer=-0.125 wallSteer=-3.1999999999999993 (+21.9 ms)
2026-06-20 09:06:55,856 - mazeUtils.moveTile - [moveTile.py:90] - DEBUG - [1490.212183] moveTile applied motor speed left=96 right=100 (+19.5 ms)
2026-06-20 09:06:55,856 - mazeUtils.moveTile - [moveTile.py:90] - DEBUG - [1490.212718] moveTile ramp check isBigRamp=False (+0.5 ms)
2026-06-20 09:06:55,859 - mazeUtils.moveTile - [moveTile.py:90] - DEBUG - [1490.215531] moveTile tile color check tempTileColor=E (+2.8 ms)
2026-06-20 09:06:55,860 - mazeUtils.moveTile - [moveTile.py:90] - DEBUG - [1490.216046] moveTile obstacle check escapeFlag=False (+0.5 ms)
2026-06-20 09:06:55,860 - mazeUtils.moveTile - [moveTile.py:79] - DEBUG - roll: 1.9300000000000068 deg, practicalMoveTime: 0.4611074524061971 sec
2026-06-20 09:06:55,861 - mazeUtils.moveTile - [moveTile.py:1397] - DEBUG - moveTile loop time: 46.3 ms
2026-06-20 09:06:55,861 - mazeUtils.moveTile - [moveTile.py:90] - DEBUG - [1490.217373] moveTile loop end practicalMoveTime=0.461 (+1.3 ms)
2026-06-20 09:06:55,861 - mazeUtils.moveTile - [moveTile.py:90] - DEBUG - [1490.217627] moveTile loop start (+0.3 ms)
2026-06-20 09:06:55,868 - picamera2.picamera2 - [picamera2.py:1391] - DEBUG - Execute job: <picamera2.job.Job object at 0x7f81e2a450>
2026-06-20 09:06:55,872 - mazeUtils.device.camera - [camera.py:39] - DEBUG - Average HSV: H=163.8, S=27.3, V=193.2
2026-06-20 09:06:55,879 - mazeUtils.moveTile - [moveTile.py:90] - DEBUG - [1490.235332] moveTile calculated motor speeds left=99 right=100 gyroSteer=-0.1349999999999909 wallSteer=0.0 (+17.7 ms)
2026-06-20 09:06:55,898 - mazeUtils.moveTile - [moveTile.py:90] - DEBUG - [1490.254786] moveTile applied motor speed left=99 right=100 (+19.5 ms)
2026-06-20 09:06:55,899 - mazeUtils.moveTile - [moveTile.py:90] - DEBUG - [1490.255348] moveTile ramp check isBigRamp=False (+0.6 ms)
2026-06-20 09:06:55,905 - mazeUtils.moveTile - [moveTile.py:90] - DEBUG - [1490.261469] moveTile tile color check tempTileColor=E (+6.1 ms)
2026-06-20 09:06:55,905 - mazeUtils.moveTile - [moveTile.py:90] - DEBUG - [1490.261888] moveTile obstacle check escapeFlag=False (+0.4 ms)
2026-06-20 09:06:55,906 - mazeUtils.moveTile - [moveTile.py:79] - DEBUG - roll: 0.18999999999999773 deg, practicalMoveTime: 0.5063507053052778 sec
2026-06-20 09:06:55,906 - mazeUtils.moveTile - [moveTile.py:1397] - DEBUG - moveTile loop time: 45.1 ms
2026-06-20 09:06:55,907 - mazeUtils.moveTile - [moveTile.py:90] - DEBUG - [1490.263143] moveTile loop end practicalMoveTime=0.506 (+1.3 ms)
2026-06-20 09:06:55,907 - mazeUtils.moveTile - [moveTile.py:90] - DEBUG - [1490.263439] moveTile loop start (+0.3 ms)
2026-06-20 09:06:55,914 - picamera2.picamera2 - [picamera2.py:1391] - DEBUG - Execute job: <picamera2.job.Job object at 0x7f81e2a450>
2026-06-20 09:06:55,920 - mazeUtils.device.camera - [camera.py:39] - DEBUG - Average HSV: H=161.4, S=25.8, V=197.4
2026-06-20 09:06:55,928 - mazeUtils.moveTile - [moveTile.py:90] - DEBUG - [1490.284250] moveTile calculated motor speeds left=100 right=99 gyroSteer=0.0800000000000125 wallSteer=0.0 (+20.8 ms)
2026-06-20 09:06:55,954 - mazeUtils.moveTile - [moveTile.py:90] - DEBUG - [1490.310870] moveTile applied motor speed left=100 right=99 (+26.6 ms)
2026-06-20 09:06:55,955 - mazeUtils.moveTile - [moveTile.py:90] - DEBUG - [1490.311434] moveTile ramp check isBigRamp=False (+0.6 ms)
2026-06-20 09:06:55,959 - mazeUtils.moveTile - [moveTile.py:90] - DEBUG - [1490.314994] moveTile tile color check tempTileColor=E (+3.6 ms)
2026-06-20 09:06:55,960 - mazeUtils.moveTile - [moveTile.py:90] - DEBUG - [1490.316209] moveTile obstacle check escapeFlag=False (+1.2 ms)
2026-06-20 09:06:55,961 - mazeUtils.moveTile - [moveTile.py:79] - DEBUG - roll: 1.4499999999999886 deg, practicalMoveTime: 0.560687729611308 sec
2026-06-20 09:06:55,962 - mazeUtils.moveTile - [moveTile.py:1397] - DEBUG - moveTile loop time: 54.7 ms
2026-06-20 09:06:55,962 - mazeUtils.moveTile - [moveTile.py:90] - DEBUG - [1490.318513] moveTile loop end practicalMoveTime=0.561 (+2.3 ms)
2026-06-20 09:06:55,962 - mazeUtils.moveTile - [moveTile.py:90] - DEBUG - [1490.318762] moveTile loop start (+0.2 ms)
2026-06-20 09:06:55,968 - picamera2.picamera2 - [picamera2.py:1391] - DEBUG - Execute job: <picamera2.job.Job object at 0x7fa699a690>
2026-06-20 09:06:55,972 - mazeUtils.device.camera - [camera.py:39] - DEBUG - Average HSV: H=161.1, S=24.5, V=201.0
2026-06-20 09:06:55,979 - mazeUtils.moveTile - [moveTile.py:90] - DEBUG - [1490.335409] moveTile calculated motor speeds left=99 right=100 gyroSteer=-0.3100000000000023 wallSteer=0.0 (+16.6 ms)
2026-06-20 09:06:56,004 - mazeUtils.moveTile - [moveTile.py:90] - DEBUG - [1490.360707] moveTile applied motor speed left=99 right=100 (+25.3 ms)
2026-06-20 09:06:56,005 - mazeUtils.moveTile - [moveTile.py:90] - DEBUG - [1490.361267] moveTile ramp check isBigRamp=False (+0.6 ms)
2026-06-20 09:06:56,008 - mazeUtils.moveTile - [moveTile.py:90] - DEBUG - [1490.364263] moveTile tile color check tempTileColor=E (+3.0 ms)
2026-06-20 09:06:56,008 - mazeUtils.moveTile - [moveTile.py:90] - DEBUG - [1490.364653] moveTile obstacle check escapeFlag=False (+0.4 ms)
2026-06-20 09:06:56,009 - mazeUtils.moveTile - [moveTile.py:79] - DEBUG - roll: 359.96 deg, practicalMoveTime: 0.6075882289699023 sec
2026-06-20 09:06:56,009 - mazeUtils.moveTile - [moveTile.py:1397] - DEBUG - moveTile loop time: 46.8 ms
2026-06-20 09:06:56,010 - mazeUtils.moveTile - [moveTile.py:90] - DEBUG - [1490.365906] moveTile loop end practicalMoveTime=0.608 (+1.3 ms)
2026-06-20 09:06:56,010 - mazeUtils.moveTile - [moveTile.py:90] - DEBUG - [1490.366870] moveTile loop start (+1.0 ms)
2026-06-20 09:06:56,016 - picamera2.picamera2 - [picamera2.py:1391] - DEBUG - Execute job: <picamera2.job.Job object at 0x7f92e38b90>
2026-06-20 09:06:56,021 - mazeUtils.device.camera - [camera.py:39] - DEBUG - Average HSV: H=158.1, S=24.2, V=201.6
2026-06-20 09:06:56,025 - mazeUtils.moveTile - [moveTile.py:90] - DEBUG - [1490.381543] moveTile calculated motor speeds left=100 right=99 gyroSteer=0.1349999999999909 wallSteer=0.0 (+14.7 ms)
2026-06-20 09:06:56,045 - mazeUtils.moveTile - [moveTile.py:90] - DEBUG - [1490.401655] moveTile applied motor speed left=100 right=99 (+20.1 ms)
2026-06-20 09:06:56,046 - mazeUtils.moveTile - [moveTile.py:90] - DEBUG - [1490.402213] moveTile ramp check isBigRamp=False (+0.6 ms)
2026-06-20 09:06:56,048 - mazeUtils.moveTile - [moveTile.py:90] - DEBUG - [1490.404955] moveTile tile color check tempTileColor=E (+2.7 ms)
2026-06-20 09:06:56,049 - mazeUtils.moveTile - [moveTile.py:90] - DEBUG - [1490.405371] moveTile obstacle check escapeFlag=False (+0.4 ms)
2026-06-20 09:06:56,049 - mazeUtils.moveTile - [moveTile.py:79] - DEBUG - roll: 0.8700000000000045 deg, practicalMoveTime: 0.6477835897454169 sec
2026-06-20 09:06:56,050 - mazeUtils.moveTile - [moveTile.py:1397] - DEBUG - moveTile loop time: 39.3 ms
2026-06-20 09:06:56,050 - mazeUtils.moveTile - [moveTile.py:90] - DEBUG - [1490.406640] moveTile loop end practicalMoveTime=0.648 (+1.3 ms)
2026-06-20 09:06:56,050 - mazeUtils.moveTile - [moveTile.py:90] - DEBUG - [1490.406884] moveTile loop start (+0.2 ms)
2026-06-20 09:06:56,055 - picamera2.picamera2 - [picamera2.py:1391] - DEBUG - Execute job: <picamera2.job.Job object at 0x7f81e28990>
2026-06-20 09:06:56,059 - mazeUtils.device.camera - [camera.py:39] - DEBUG - Average HSV: H=155.2, S=27.5, V=192.6
2026-06-20 09:06:56,069 - mazeUtils.moveTile - [moveTile.py:90] - DEBUG - [1490.425451] moveTile calculated motor speeds left=100 right=99 gyroSteer=0.11000000000001364 wallSteer=0.0 (+18.6 ms)
2026-06-20 09:06:56,096 - mazeUtils.moveTile - [moveTile.py:90] - DEBUG - [1490.452672] moveTile applied motor speed left=100 right=99 (+27.2 ms)
2026-06-20 09:06:56,097 - mazeUtils.moveTile - [moveTile.py:90] - DEBUG - [1490.453441] moveTile ramp check isBigRamp=False (+0.8 ms)
2026-06-20 09:06:56,102 - mazeUtils.moveTile - [moveTile.py:90] - DEBUG - [1490.458651] moveTile tile color check tempTileColor=E (+5.2 ms)
2026-06-20 09:06:56,103 - mazeUtils.moveTile - [moveTile.py:90] - DEBUG - [1490.459180] moveTile obstacle check escapeFlag=False (+0.5 ms)
2026-06-20 09:06:56,104 - mazeUtils.moveTile - [moveTile.py:79] - DEBUG - roll: 0.9199999999999591 deg, practicalMoveTime: 0.701521931147015 sec
2026-06-20 09:06:56,104 - mazeUtils.moveTile - [moveTile.py:1397] - DEBUG - moveTile loop time: 53.7 ms
2026-06-20 09:06:56,105 - mazeUtils.moveTile - [moveTile.py:90] - DEBUG - [1490.461070] moveTile loop end practicalMoveTime=0.702 (+1.9 ms)
2026-06-20 09:06:56,105 - mazeUtils.moveTile - [moveTile.py:90] - DEBUG - [1490.461757] moveTile loop start (+0.7 ms)
2026-06-20 09:06:56,110 - picamera2.picamera2 - [picamera2.py:1391] - DEBUG - Execute job: <picamera2.job.Job object at 0x7f92e3a3d0>
2026-06-20 09:06:56,115 - mazeUtils.device.camera - [camera.py:39] - DEBUG - Average HSV: H=154.0, S=27.4, V=193.4
2026-06-20 09:06:56,121 - mazeUtils.moveTile - [moveTile.py:90] - DEBUG - [1490.477361] moveTile calculated motor speeds left=99 right=100 gyroSteer=-0.06999999999999318 wallSteer=0.0 (+15.6 ms)
2026-06-20 09:06:56,141 - mazeUtils.moveTile - [moveTile.py:90] - DEBUG - [1490.497591] moveTile applied motor speed left=99 right=100 (+20.2 ms)
2026-06-20 09:06:56,142 - mazeUtils.moveTile - [moveTile.py:90] - DEBUG - [1490.498145] moveTile ramp check isBigRamp=False (+0.6 ms)
2026-06-20 09:06:56,144 - mazeUtils.moveTile - [moveTile.py:90] - DEBUG - [1490.500913] moveTile tile color check tempTileColor=E (+2.8 ms)
2026-06-20 09:06:56,145 - mazeUtils.moveTile - [moveTile.py:90] - DEBUG - [1490.501340] moveTile obstacle check escapeFlag=False (+0.4 ms)
2026-06-20 09:06:56,146 - mazeUtils.moveTile - [moveTile.py:79] - DEBUG - roll: 359.96 deg, practicalMoveTime: 0.7428153037287217 sec
2026-06-20 09:06:56,146 - mazeUtils.moveTile - [moveTile.py:1397] - DEBUG - moveTile loop time: 40.7 ms
2026-06-20 09:06:56,146 - mazeUtils.moveTile - [moveTile.py:90] - DEBUG - [1490.502836] moveTile loop end practicalMoveTime=0.743 (+1.5 ms)
2026-06-20 09:06:56,148 - mazeUtils.moveTile - [moveTile.py:90] - DEBUG - [1490.504220] moveTile loop start (+1.4 ms)
2026-06-20 09:06:56,157 - picamera2.picamera2 - [picamera2.py:1391] - DEBUG - Execute job: <picamera2.job.Job object at 0x7f62c50b50>
2026-06-20 09:06:56,162 - mazeUtils.device.camera - [camera.py:39] - DEBUG - Average HSV: H=128.7, S=105.0, V=135.5
2026-06-20 09:06:56,169 - mazeUtils.moveTile - [moveTile.py:90] - DEBUG - [1490.525614] moveTile calculated motor speeds left=100 right=99 gyroSteer=0.23500000000001364 wallSteer=0.0 (+21.4 ms)
2026-06-20 09:06:56,189 - mazeUtils.moveTile - [moveTile.py:90] - DEBUG - [1490.545333] moveTile applied motor speed left=100 right=99 (+19.7 ms)
2026-06-20 09:06:56,189 - mazeUtils.moveTile - [moveTile.py:90] - DEBUG - [1490.545937] moveTile ramp check isBigRamp=False (+0.6 ms)
2026-06-20 09:06:56,193 - mazeUtils.moveTile - [moveTile.py:90] - DEBUG - [1490.549444] moveTile tile color check tempTileColor=E (+3.5 ms)
2026-06-20 09:06:56,194 - mazeUtils.moveTile - [moveTile.py:90] - DEBUG - [1490.550033] moveTile obstacle check escapeFlag=False (+0.6 ms)
2026-06-20 09:06:56,194 - mazeUtils.moveTile - [moveTile.py:79] - DEBUG - roll: 1.1599999999999682 deg, practicalMoveTime: 0.7908165288897991 sec
2026-06-20 09:06:56,194 - mazeUtils.moveTile - [moveTile.py:1397] - DEBUG - moveTile loop time: 46.7 ms
2026-06-20 09:06:56,195 - mazeUtils.moveTile - [moveTile.py:90] - DEBUG - [1490.551276] moveTile loop end practicalMoveTime=0.791 (+1.2 ms)
2026-06-20 09:06:56,195 - mazeUtils.moveTile - [moveTile.py:90] - DEBUG - [1490.551542] moveTile loop start (+0.3 ms)
2026-06-20 09:06:56,201 - picamera2.picamera2 - [picamera2.py:1391] - DEBUG - Execute job: <picamera2.job.Job object at 0x7f81e28990>
2026-06-20 09:06:56,205 - mazeUtils.device.camera - [camera.py:39] - DEBUG - Average HSV: H=126.8, S=121.9, V=126.8
2026-06-20 09:06:56,211 - mazeUtils.moveTile - [moveTile.py:90] - DEBUG - [1490.567623] moveTile calculated motor speeds left=100 right=99 gyroSteer=0.0800000000000125 wallSteer=0.0 (+16.1 ms)
2026-06-20 09:06:56,231 - mazeUtils.moveTile - [moveTile.py:90] - DEBUG - [1490.587559] moveTile applied motor speed left=100 right=99 (+19.9 ms)
2026-06-20 09:06:56,232 - mazeUtils.moveTile - [moveTile.py:90] - DEBUG - [1490.588382] moveTile ramp check isBigRamp=False (+0.8 ms)
2026-06-20 09:06:56,235 - mazeUtils.moveTile - [moveTile.py:90] - DEBUG - [1490.591881] moveTile tile color check tempTileColor=E (+3.5 ms)
2026-06-20 09:06:56,236 - mazeUtils.moveTile - [moveTile.py:90] - DEBUG - [1490.592360] moveTile obstacle check escapeFlag=False (+0.5 ms)
2026-06-20 09:06:56,236 - mazeUtils.moveTile - [moveTile.py:1344] - INFO - practicalVerticalMove: 0.6120592377344533 CM
2026-06-20 09:06:56,257 - mazeUtils.moveTile - [moveTile.py:90] - DEBUG - [1490.613961] moveTile finished by time control (+21.6 ms)
2026-06-20 09:06:56,258 - mazeUtils.moveTile - [moveTile.py:90] - DEBUG - [1490.614527] moveTile start final forward adjustment (+22.2 ms)
2026-06-20 09:06:56,284 - mazeUtils.moveTile - [moveTile.py:79] - DEBUG - Little forward to adjust position
2026-06-20 09:06:56,390 - mazeUtils.moveTile - [moveTile.py:90] - DEBUG - [1490.746390] moveTile finished final forward adjustment (+131.9 ms)
2026-06-20 09:06:56,391 - mazeUtils.moveTile - [moveTile.py:1598] - INFO - Set moved vertical distance: 0.6120592377344533 cm, past distances: [(0, False), (0, False), (0, False)]
2026-06-20 09:06:56,391 - mazeUtils.moveTile - [moveTile.py:90] - DEBUG - [1490.747743] moveTile updated moved vertical distance 0.612 (+1.4 ms)
2026-06-20 09:06:56,504 - mazeUtils.moveTile - [moveTile.py:528] - DEBUG - Direction: absDirection.NORTH, Angle: 90, Distance: 53.61033116215941 cm
2026-06-20 09:06:56,506 - mazeUtils.moveTile - [moveTile.py:528] - DEBUG - Direction: absDirection.EAST, Angle: 0, Distance: 12.32496143722333 cm
2026-06-20 09:06:56,507 - mazeUtils.moveTile - [moveTile.py:551] - DEBUG - Front LiDAR distance: 12.32496143722333 cm, TSD10 distance: 2.1 cm
2026-06-20 09:06:56,509 - mazeUtils.moveTile - [moveTile.py:528] - DEBUG - Direction: absDirection.SOUTH, Angle: 270, Distance: 45.479026006800574 cm
2026-06-20 09:06:56,511 - mazeUtils.moveTile - [moveTile.py:528] - DEBUG - Direction: absDirection.WEST, Angle: 180, Distance: 52.81336136899231 cm
2026-06-20 09:06:56,512 - mazeUtils.moveTile - [moveTile.py:90] - DEBUG - [1490.868690] moveTile updated map and detected walls (+120.9 ms)
2026-06-20 09:06:56,515 - mazeUtils.moveTile - [moveTile.py:1719] - INFO - Tile color detection counts: {}, decided tile type: E
2026-06-20 09:06:56,516 - mazeUtils.moveTile - [moveTile.py:90] - DEBUG - [1490.872524] moveTile finished (+124.8 ms)
2026-06-20 09:06:56,588 - __main__ - [main.py:87] - INFO - Current position: (21, 20, 1), front direction: absDirection.EAST
Layer 0 (altitude=0.0cm, offset=(0.0cm, 0.0cm)):
Known map area: x=20..20, y=20..20
+   +
| S  
+---+
Layer 1 (altitude=-15.0cm, offset=(0.0cm, -60.0cm)):
Known map area: x=20..21, y=19..20
+   +   +
  B   U  
+   +   +
| E   @ |
+   +   +
mazeAsGraph[0][20][20] = {absDirection.NORTH: (20, 20, 1, 60), absDirection.EAST: (21, 20, 0, 30), absDirection.SOUTH: None, absDirection.WEST: None}
mazeAsGraph[1][19][20] = {absDirection.NORTH: None, absDirection.EAST: None, absDirection.SOUTH: None, absDirection.WEST: None}
mazeAsGraph[1][20][20] = {absDirection.NORTH: None, absDirection.EAST: (21, 20, 1, 30), absDirection.SOUTH: (20, 20, 0, 60), absDirection.WEST: None}
mazeAsGraph[1][20][21] = {absDirection.NORTH: (21, 19, 1, 30), absDirection.EAST: None, absDirection.SOUTH: (21, 21, 1, 30), absDirection.WEST: (20, 20, 1, 30)}
2026-06-20 09:06:56,596 - mazeUtils.mazeMap - [mazeMap.py:61] - INFO - next goal: (21, 19, 1)
2026-06-20 09:06:56,596 - mazeUtils.moveTile - [moveTile.py:88] - DEBUG - [1490.952849] moveTile start direction=absDirection.NORTH position=(21, 20, 1) front=absDirection.EAST
2026-06-20 09:06:56,601 - mazeUtils.moveTile - [moveTile.py:90] - DEBUG - [1490.957822] moveTile after initial toggle check (+5.0 ms)
2026-06-20 09:06:56,603 - mazeUtils.moveTile - [moveTile.py:90] - DEBUG - [1490.959591] moveTile after tile checks isRedTile=False isUnknownTileAhead=True (+1.8 ms)
2026-06-20 09:06:56,604 - mazeUtils.moveTile - [moveTile.py:79] - DEBUG - Moving to absDirection.NORTH from (21, 20, 1) facing absDirection.EAST
2026-06-20 09:06:56,604 - mazeUtils.moveTile - [moveTile.py:90] - DEBUG - [1490.960489] moveTile start heading change target=0 (+0.9 ms)
2026-06-20 09:06:56,609 - mazeUtils.moveTile - [moveTile.py:79] - DEBUG - Turning to 0 deg, current heading: 269.84000000000003 deg, turnAngle: -90.15999999999997 deg
2026-06-20 09:06:56,638 - mazeUtils.moveTile - [moveTile.py:79] - DEBUG - gyro:269.86 deg, derivative: 0.01999999999998181, turnSpeed: -100
2026-06-20 09:06:56,662 - mazeUtils.moveTile - [moveTile.py:79] - DEBUG - gyro:269.9 deg, derivative: 0.03999999999996362, turnSpeed: -100
2026-06-20 09:06:56,689 - mazeUtils.moveTile - [moveTile.py:79] - DEBUG - gyro:269.97 deg, derivative: 0.07000000000005002, turnSpeed: -100
2026-06-20 09:06:56,713 - mazeUtils.moveTile - [moveTile.py:79] - DEBUG - gyro:269.94000000000005 deg, derivative: -0.029999999999972715, turnSpeed: -100
2026-06-20 09:06:56,741 - mazeUtils.moveTile - [moveTile.py:79] - DEBUG - gyro:271.17 deg, derivative: 1.2299999999999613, turnSpeed: -100
2026-06-20 09:06:56,770 - mazeUtils.moveTile - [moveTile.py:79] - DEBUG - gyro:273.44000000000005 deg, derivative: 2.2700000000000387, turnSpeed: -100
2026-06-20 09:06:56,799 - mazeUtils.moveTile - [moveTile.py:79] - DEBUG - gyro:277.89 deg, derivative: 4.449999999999932, turnSpeed: -100
2026-06-20 09:06:56,828 - mazeUtils.moveTile - [moveTile.py:79] - DEBUG - gyro:282.38 deg, derivative: 4.490000000000009, turnSpeed: -100
2026-06-20 09:06:56,852 - mazeUtils.moveTile - [moveTile.py:79] - DEBUG - gyro:286.43 deg, derivative: 4.050000000000011, turnSpeed: -100
2026-06-20 09:06:56,879 - mazeUtils.moveTile - [moveTile.py:79] - DEBUG - gyro:288.35 deg, derivative: 1.920000000000016, turnSpeed: -100
2026-06-20 09:06:56,905 - mazeUtils.moveTile - [moveTile.py:79] - DEBUG - gyro:291.29 deg, derivative: 2.9399999999999977, turnSpeed: -100
2026-06-20 09:06:56,933 - mazeUtils.moveTile - [moveTile.py:79] - DEBUG - gyro:293.51 deg, derivative: 2.2199999999999704, turnSpeed: -100
2026-06-20 09:06:56,957 - mazeUtils.moveTile - [moveTile.py:79] - DEBUG - gyro:296.69000000000005 deg, derivative: 3.1800000000000637, turnSpeed: -100
2026-06-20 09:06:56,991 - mazeUtils.moveTile - [moveTile.py:79] - DEBUG - gyro:300.51 deg, derivative: 3.8199999999999363, turnSpeed: -100
2026-06-20 09:06:57,016 - mazeUtils.moveTile - [moveTile.py:79] - DEBUG - gyro:304.36 deg, derivative: 3.8500000000000227, turnSpeed: -100
2026-06-20 09:06:57,040 - mazeUtils.moveTile - [moveTile.py:79] - DEBUG - gyro:309.47 deg, derivative: 5.110000000000014, turnSpeed: -100
2026-06-20 09:06:57,070 - mazeUtils.moveTile - [moveTile.py:79] - DEBUG - gyro:312.21000000000004 deg, derivative: 2.740000000000009, turnSpeed: -95.57999999999993
2026-06-20 09:06:57,095 - mazeUtils.moveTile - [moveTile.py:79] - DEBUG - gyro:315.94000000000005 deg, derivative: 3.730000000000018, turnSpeed: -88.11999999999989
2026-06-20 09:06:57,123 - mazeUtils.moveTile - [moveTile.py:79] - DEBUG - gyro:319.18 deg, derivative: 3.2399999999999523, turnSpeed: -81.63999999999999
2026-06-20 09:06:57,153 - mazeUtils.moveTile - [moveTile.py:79] - DEBUG - gyro:322.57000000000005 deg, derivative: 3.390000000000043, turnSpeed: -74.8599999999999
2026-06-20 09:06:57,184 - mazeUtils.moveTile - [moveTile.py:79] - DEBUG - gyro:325.88 deg, derivative: 3.3099999999999454, turnSpeed: -68.24000000000001
2026-06-20 09:06:57,207 - mazeUtils.moveTile - [moveTile.py:79] - DEBUG - gyro:330.1 deg, derivative: 4.220000000000027, turnSpeed: -59.799999999999955
2026-06-20 09:06:57,229 - mazeUtils.moveTile - [moveTile.py:79] - DEBUG - gyro:332.31 deg, derivative: 2.2099999999999795, turnSpeed: -55.379999999999995
2026-06-20 09:06:57,256 - mazeUtils.moveTile - [moveTile.py:79] - DEBUG - gyro:333.6 deg, derivative: 1.2900000000000205, turnSpeed: -52.799999999999955
2026-06-20 09:06:57,286 - mazeUtils.moveTile - [moveTile.py:79] - DEBUG - gyro:335.51 deg, derivative: 1.9099999999999682, turnSpeed: -48.98000000000002
2026-06-20 09:06:57,309 - mazeUtils.moveTile - [moveTile.py:79] - DEBUG - gyro:338.6 deg, derivative: 3.090000000000032, turnSpeed: -42.799999999999955
2026-06-20 09:06:57,332 - mazeUtils.moveTile - [moveTile.py:79] - DEBUG - gyro:340.06 deg, derivative: 1.4599999999999795, turnSpeed: -39.879999999999995
2026-06-20 09:06:57,360 - mazeUtils.moveTile - [moveTile.py:79] - DEBUG - gyro:341.71000000000004 deg, derivative: 1.650000000000034, turnSpeed: -36.57999999999993
2026-06-20 09:06:57,384 - mazeUtils.moveTile - [moveTile.py:79] - DEBUG - gyro:343.41 deg, derivative: 1.6999999999999886, turnSpeed: -33.17999999999995
2026-06-20 09:06:57,409 - mazeUtils.moveTile - [moveTile.py:79] - DEBUG - gyro:344.75 deg, derivative: 1.339999999999975, turnSpeed: -30.5
2026-06-20 09:06:57,440 - mazeUtils.moveTile - [moveTile.py:79] - DEBUG - gyro:346.15 deg, derivative: 1.3999999999999773, turnSpeed: -27.700000000000045
2026-06-20 09:06:57,464 - mazeUtils.moveTile - [moveTile.py:79] - DEBUG - gyro:347.52 deg, derivative: 1.3700000000000045, turnSpeed: -24.960000000000036
2026-06-20 09:06:57,487 - mazeUtils.moveTile - [moveTile.py:79] - DEBUG - gyro:348.36 deg, derivative: 0.8400000000000318, turnSpeed: -23.279999999999973
2026-06-20 09:06:57,511 - mazeUtils.moveTile - [moveTile.py:79] - DEBUG - gyro:348.94000000000005 deg, derivative: 0.5800000000000409, turnSpeed: -22.11999999999989
2026-06-20 09:06:57,541 - mazeUtils.moveTile - [moveTile.py:79] - DEBUG - gyro:349.56 deg, derivative: 0.6199999999999477, turnSpeed: -20.879999999999995
2026-06-20 09:06:57,565 - mazeUtils.moveTile - [moveTile.py:79] - DEBUG - gyro:350.67 deg, derivative: 1.1100000000000136, turnSpeed: -18.659999999999968
2026-06-20 09:06:57,590 - mazeUtils.moveTile - [moveTile.py:79] - DEBUG - gyro:351.57000000000005 deg, derivative: 0.9000000000000341, turnSpeed: -16.8599999999999
2026-06-20 09:06:57,618 - mazeUtils.moveTile - [moveTile.py:79] - DEBUG - gyro:352.6 deg, derivative: 1.0299999999999727, turnSpeed: -14.799999999999955
2026-06-20 09:06:57,647 - mazeUtils.moveTile - [moveTile.py:79] - DEBUG - gyro:353.36 deg, derivative: 0.7599999999999909, turnSpeed: -13.279999999999973
2026-06-20 09:06:57,670 - mazeUtils.moveTile - [moveTile.py:79] - DEBUG - gyro:354.32 deg, derivative: 0.9599999999999795, turnSpeed: -11.360000000000014
2026-06-20 09:06:57,694 - mazeUtils.moveTile - [moveTile.py:79] - DEBUG - gyro:354.82 deg, derivative: 0.5, turnSpeed: -10.360000000000014
2026-06-20 09:06:57,718 - mazeUtils.moveTile - [moveTile.py:79] - DEBUG - gyro:355.37 deg, derivative: 0.5500000000000114, turnSpeed: -9.259999999999991
2026-06-20 09:06:57,742 - mazeUtils.moveTile - [moveTile.py:79] - DEBUG - gyro:355.77000000000004 deg, derivative: 0.4000000000000341, turnSpeed: -8.459999999999923
2026-06-20 09:06:57,766 - mazeUtils.moveTile - [moveTile.py:79] - DEBUG - gyro:356.17 deg, derivative: 0.39999999999997726, turnSpeed: -7.659999999999968
2026-06-20 09:06:57,792 - mazeUtils.moveTile - [moveTile.py:79] - DEBUG - gyro:356.55 deg, derivative: 0.37999999999999545, turnSpeed: -6.899999999999977
2026-06-20 09:06:57,815 - mazeUtils.moveTile - [moveTile.py:79] - DEBUG - gyro:356.81 deg, derivative: 0.2599999999999909, turnSpeed: -6.3799999999999955
2026-06-20 09:06:57,838 - mazeUtils.moveTile - [moveTile.py:79] - DEBUG - gyro:357.06 deg, derivative: 0.25, turnSpeed: -5.8799999999999955
2026-06-20 09:06:57,861 - mazeUtils.moveTile - [moveTile.py:79] - DEBUG - gyro:357.24 deg, derivative: 0.18000000000000682, turnSpeed: -5.519999999999982
2026-06-20 09:06:57,886 - mazeUtils.moveTile - [moveTile.py:79] - DEBUG - gyro:357.40000000000003 deg, derivative: 0.160000000000025, turnSpeed: -5.199999999999932
2026-06-20 09:06:57,910 - mazeUtils.moveTile - [moveTile.py:79] - DEBUG - gyro:357.56 deg, derivative: 0.15999999999996817, turnSpeed: -4.8799999999999955
2026-06-20 09:06:57,934 - mazeUtils.moveTile - [moveTile.py:79] - DEBUG - gyro:357.67 deg, derivative: 0.11000000000001364, turnSpeed: -4.659999999999968
2026-06-20 09:06:57,958 - mazeUtils.moveTile - [moveTile.py:79] - DEBUG - gyro:357.81 deg, derivative: 0.13999999999998636, turnSpeed: -4.3799999999999955
2026-06-20 09:06:57,983 - mazeUtils.moveTile - [moveTile.py:79] - DEBUG - gyro:357.94 deg, derivative: 0.12999999999999545, turnSpeed: -4.1200000000000045
2026-06-20 09:06:58,005 - mazeUtils.moveTile - [moveTile.py:79] - DEBUG - gyro:358.08000000000004 deg, derivative: 0.1400000000000432, turnSpeed: -3.839999999999918
2026-06-20 09:06:58,033 - mazeUtils.moveTile - [moveTile.py:79] - DEBUG - gyro:358.21000000000004 deg, derivative: 0.12999999999999545, turnSpeed: -3.5799999999999272
2026-06-20 09:06:58,056 - mazeUtils.moveTile - [moveTile.py:79] - DEBUG - gyro:358.36 deg, derivative: 0.14999999999997726, turnSpeed: -3.2799999999999727
2026-06-20 09:06:58,079 - mazeUtils.moveTile - [moveTile.py:79] - DEBUG - gyro:358.46000000000004 deg, derivative: 0.10000000000002274, turnSpeed: -3.0799999999999272
2026-06-20 09:06:58,108 - mazeUtils.moveTile - [moveTile.py:79] - DEBUG - gyro:358.53000000000003 deg, derivative: 0.06999999999999318, turnSpeed: -2.939999999999941
2026-06-20 09:06:58,130 - mazeUtils.moveTile - [moveTile.py:79] - DEBUG - gyro:358.61 deg, derivative: 0.07999999999998408, turnSpeed: -2.7799999999999727
2026-06-20 09:06:58,154 - mazeUtils.moveTile - [moveTile.py:79] - DEBUG - gyro:358.69 deg, derivative: 0.07999999999998408, turnSpeed: -2.6200000000000045
2026-06-20 09:06:58,184 - mazeUtils.moveTile - [moveTile.py:79] - DEBUG - gyro:358.77000000000004 deg, derivative: 0.08000000000004093, turnSpeed: -2.4599999999999227
2026-06-20 09:06:58,207 - mazeUtils.moveTile - [moveTile.py:79] - DEBUG - gyro:358.86 deg, derivative: 0.08999999999997499, turnSpeed: -2.2799999999999727
2026-06-20 09:06:58,231 - mazeUtils.moveTile - [moveTile.py:79] - DEBUG - gyro:358.92 deg, derivative: 0.060000000000002274, turnSpeed: -2.159999999999968
2026-06-20 09:06:58,261 - mazeUtils.moveTile - [moveTile.py:79] - DEBUG - gyro:358.97 deg, derivative: 0.05000000000001137, turnSpeed: -2.0599999999999454
2026-06-20 09:06:58,285 - mazeUtils.moveTile - [moveTile.py:79] - DEBUG - gyro:359.03000000000003 deg, derivative: 0.060000000000002274, turnSpeed: -1.9399999999999409
2026-06-20 09:06:58,312 - mazeUtils.moveTile - [moveTile.py:79] - DEBUG - gyro:359.09000000000003 deg, derivative: 0.060000000000002274, turnSpeed: -1.8199999999999363
2026-06-20 09:06:58,344 - mazeUtils.moveTile - [moveTile.py:79] - DEBUG - gyro:359.18 deg, derivative: 0.08999999999997499, turnSpeed: -1.6399999999999864
2026-06-20 09:06:58,368 - mazeUtils.moveTile - [moveTile.py:79] - DEBUG - gyro:359.25 deg, derivative: 0.06999999999999318, turnSpeed: -1.5
2026-06-20 09:06:58,387 - mazeUtils.moveTile - [moveTile.py:79] - DEBUG - Turned to heading: 359.25 deg
2026-06-20 09:06:58,387 - mazeUtils.moveTile - [moveTile.py:90] - DEBUG - [1492.743890] moveTile finished heading change (+1783.4 ms)
2026-06-20 09:06:58,388 - mazeUtils.moveTile - [moveTile.py:90] - DEBUG - [1492.744174] moveTile updated front direction (+0.3 ms)
2026-06-20 09:06:58,390 - mazeUtils.moveTile - [moveTile.py:90] - DEBUG - [1492.746460] moveTile acquired initial LiDAR scan (+2.3 ms)
2026-06-20 09:06:58,409 - mazeUtils.moveTile - [moveTile.py:90] - DEBUG - [1492.765383] moveTile stopped motors before alignment (+18.9 ms)
2026-06-20 09:06:58,481 - mazeUtils.moveTile - [moveTile.py:90] - DEBUG - [1492.837852] moveTile ready for forward move (+72.5 ms)
2026-06-20 09:06:58,583 - mazeUtils.moveTile - [moveTile.py:90] - DEBUG - [1492.939101] moveTile initialized movement targetSteps=1 (+101.2 ms)
2026-06-20 09:06:58,584 - mazeUtils.moveTile - [moveTile.py:90] - DEBUG - [1492.940964] moveTile loop start (+1.9 ms)
2026-06-20 09:06:58,589 - picamera2.picamera2 - [picamera2.py:1391] - DEBUG - Execute job: <picamera2.job.Job object at 0x7f80edaed0>
2026-06-20 09:06:58,592 - mazeUtils.device.camera - [camera.py:39] - DEBUG - Average HSV: H=166.5, S=46.9, V=149.5
2026-06-20 09:06:58,600 - mazeUtils.moveTile - [moveTile.py:90] - DEBUG - [1492.956155] moveTile calculated motor speeds left=99 right=100 gyroSteer=-0.3400000000000034 wallSteer=0.0 (+15.2 ms)
2026-06-20 09:06:58,621 - mazeUtils.moveTile - [moveTile.py:90] - DEBUG - [1492.977422] moveTile applied motor speed left=99 right=100 (+21.3 ms)
2026-06-20 09:06:58,621 - mazeUtils.moveTile - [moveTile.py:90] - DEBUG - [1492.977841] moveTile ramp check isBigRamp=False (+0.4 ms)
2026-06-20 09:06:58,625 - mazeUtils.moveTile - [moveTile.py:90] - DEBUG - [1492.981751] moveTile tile color check tempTileColor=E (+3.9 ms)
2026-06-20 09:06:58,626 - mazeUtils.moveTile - [moveTile.py:90] - DEBUG - [1492.982110] moveTile obstacle check escapeFlag=False (+0.4 ms)
2026-06-20 09:06:58,626 - mazeUtils.moveTile - [moveTile.py:79] - DEBUG - roll: 359.99 deg, practicalMoveTime: 0.04325509005468827 sec
2026-06-20 09:06:58,626 - mazeUtils.moveTile - [moveTile.py:1397] - DEBUG - moveTile loop time: 41.7 ms
2026-06-20 09:06:58,626 - mazeUtils.moveTile - [moveTile.py:90] - DEBUG - [1492.982844] moveTile loop end practicalMoveTime=0.043 (+0.7 ms)
2026-06-20 09:06:58,626 - mazeUtils.moveTile - [moveTile.py:90] - DEBUG - [1492.982983] moveTile loop start (+0.1 ms)
2026-06-20 09:06:58,633 - picamera2.picamera2 - [picamera2.py:1391] - DEBUG - Execute job: <picamera2.job.Job object at 0x7f81e0ed90>
2026-06-20 09:06:58,636 - mazeUtils.device.camera - [camera.py:39] - DEBUG - Average HSV: H=167.0, S=47.3, V=149.2
2026-06-20 09:06:58,642 - mazeUtils.moveTile - [moveTile.py:90] - DEBUG - [1492.998525] moveTile calculated motor speeds left=99 right=100 gyroSteer=-0.38999999999998636 wallSteer=-0.3999999999999986 (+15.5 ms)
2026-06-20 09:06:58,662 - mazeUtils.moveTile - [moveTile.py:90] - DEBUG - [1493.018588] moveTile applied motor speed left=99 right=100 (+20.1 ms)
2026-06-20 09:06:58,662 - mazeUtils.moveTile - [moveTile.py:90] - DEBUG - [1493.018992] moveTile ramp check isBigRamp=False (+0.4 ms)
2026-06-20 09:06:58,665 - mazeUtils.moveTile - [moveTile.py:90] - DEBUG - [1493.021767] moveTile tile color check tempTileColor=E (+2.8 ms)
2026-06-20 09:06:58,666 - mazeUtils.moveTile - [moveTile.py:90] - DEBUG - [1493.022357] moveTile obstacle check escapeFlag=False (+0.6 ms)
2026-06-20 09:06:58,666 - mazeUtils.moveTile - [moveTile.py:79] - DEBUG - roll: 0.3499999999999659 deg, practicalMoveTime: 0.08325192145676219 sec
2026-06-20 09:06:58,666 - mazeUtils.moveTile - [moveTile.py:1397] - DEBUG - moveTile loop time: 39.9 ms
2026-06-20 09:06:58,667 - mazeUtils.moveTile - [moveTile.py:90] - DEBUG - [1493.023095] moveTile loop end practicalMoveTime=0.083 (+0.7 ms)
2026-06-20 09:06:58,667 - mazeUtils.moveTile - [moveTile.py:90] - DEBUG - [1493.023230] moveTile loop start (+0.1 ms)
2026-06-20 09:06:58,671 - picamera2.picamera2 - [picamera2.py:1391] - DEBUG - Execute job: <picamera2.job.Job object at 0x7f80ec9fd0>
2026-06-20 09:06:58,674 - mazeUtils.device.camera - [camera.py:39] - DEBUG - Average HSV: H=168.3, S=49.7, V=147.2
2026-06-20 09:06:58,679 - mazeUtils.moveTile - [moveTile.py:90] - DEBUG - [1493.035492] moveTile calculated motor speeds left=97 right=100 gyroSteer=-0.07999999999998408 wallSteer=-2.3999999999999986 (+12.3 ms)
2026-06-20 09:06:58,704 - mazeUtils.moveTile - [moveTile.py:90] - DEBUG - [1493.060924] moveTile applied motor speed left=97 right=100 (+25.4 ms)
2026-06-20 09:06:58,705 - mazeUtils.moveTile - [moveTile.py:90] - DEBUG - [1493.061354] moveTile ramp check isBigRamp=False (+0.4 ms)
2026-06-20 09:06:58,708 - mazeUtils.moveTile - [moveTile.py:90] - DEBUG - [1493.065007] moveTile tile color check tempTileColor=E (+3.7 ms)
2026-06-20 09:06:58,709 - mazeUtils.moveTile - [moveTile.py:90] - DEBUG - [1493.065675] moveTile obstacle check escapeFlag=False (+0.7 ms)
2026-06-20 09:06:58,710 - mazeUtils.moveTile - [moveTile.py:79] - DEBUG - roll: 0.03999999999996362 deg, practicalMoveTime: 0.12647529196596724 sec
2026-06-20 09:06:58,710 - mazeUtils.moveTile - [moveTile.py:1397] - DEBUG - moveTile loop time: 43.2 ms
2026-06-20 09:06:58,710 - mazeUtils.moveTile - [moveTile.py:90] - DEBUG - [1493.066621] moveTile loop end practicalMoveTime=0.126 (+0.9 ms)
2026-06-20 09:06:58,710 - mazeUtils.moveTile - [moveTile.py:90] - DEBUG - [1493.066763] moveTile loop start (+0.1 ms)
2026-06-20 09:06:58,714 - picamera2.picamera2 - [picamera2.py:1391] - DEBUG - Execute job: <picamera2.job.Job object at 0x7f80ec9990>
2026-06-20 09:06:58,717 - mazeUtils.device.camera - [camera.py:39] - DEBUG - Average HSV: H=168.2, S=50.4, V=145.7
2026-06-20 09:06:58,725 - mazeUtils.moveTile - [moveTile.py:90] - DEBUG - [1493.081509] moveTile calculated motor speeds left=97 right=100 gyroSteer=-0.18500000000000227 wallSteer=-2.3999999999999986 (+14.7 ms)
2026-06-20 09:06:58,745 - mazeUtils.moveTile - [moveTile.py:90] - DEBUG - [1493.101541] moveTile applied motor speed left=97 right=100 (+20.0 ms)
2026-06-20 09:06:58,745 - mazeUtils.moveTile - [moveTile.py:90] - DEBUG - [1493.101937] moveTile ramp check isBigRamp=False (+0.4 ms)
2026-06-20 09:06:58,749 - mazeUtils.moveTile - [moveTile.py:90] - DEBUG - [1493.105220] moveTile tile color check tempTileColor=E (+3.3 ms)
2026-06-20 09:06:58,749 - mazeUtils.moveTile - [moveTile.py:90] - DEBUG - [1493.105767] moveTile obstacle check escapeFlag=False (+0.5 ms)
2026-06-20 09:06:58,750 - mazeUtils.moveTile - [moveTile.py:79] - DEBUG - roll: 0.08999999999997499 deg, practicalMoveTime: 0.1660789532814188 sec
2026-06-20 09:06:58,750 - mazeUtils.moveTile - [moveTile.py:1397] - DEBUG - moveTile loop time: 39.6 ms
2026-06-20 09:06:58,750 - mazeUtils.moveTile - [moveTile.py:90] - DEBUG - [1493.106517] moveTile loop end practicalMoveTime=0.166 (+0.7 ms)
2026-06-20 09:06:58,750 - mazeUtils.moveTile - [moveTile.py:90] - DEBUG - [1493.106655] moveTile loop start (+0.1 ms)
2026-06-20 09:06:58,756 - picamera2.picamera2 - [picamera2.py:1391] - DEBUG - Execute job: <picamera2.job.Job object at 0x7f80ec9fd0>
2026-06-20 09:06:58,760 - mazeUtils.device.camera - [camera.py:39] - DEBUG - Average HSV: H=166.6, S=49.1, V=142.7
2026-06-20 09:06:58,764 - mazeUtils.moveTile - [moveTile.py:90] - DEBUG - [1493.120186] moveTile calculated motor speeds left=97 right=100 gyroSteer=0.2300000000000182 wallSteer=-2.3999999999999986 (+13.5 ms)
2026-06-20 09:06:58,785 - mazeUtils.moveTile - [moveTile.py:90] - DEBUG - [1493.141369] moveTile applied motor speed left=97 right=100 (+21.2 ms)
2026-06-20 09:06:58,785 - mazeUtils.moveTile - [moveTile.py:90] - DEBUG - [1493.141775] moveTile ramp check isBigRamp=False (+0.4 ms)
2026-06-20 09:06:58,789 - mazeUtils.moveTile - [moveTile.py:90] - DEBUG - [1493.145351] moveTile tile color check tempTileColor=E (+3.6 ms)
2026-06-20 09:06:58,789 - mazeUtils.moveTile - [moveTile.py:90] - DEBUG - [1493.145667] moveTile obstacle check escapeFlag=False (+0.3 ms)
2026-06-20 09:06:58,790 - mazeUtils.moveTile - [moveTile.py:79] - DEBUG - roll: 0.0 deg, practicalMoveTime: 0.20570197536088658 sec
2026-06-20 09:06:58,790 - mazeUtils.moveTile - [moveTile.py:1397] - DEBUG - moveTile loop time: 40.0 ms
2026-06-20 09:06:58,790 - mazeUtils.moveTile - [moveTile.py:90] - DEBUG - [1493.146951] moveTile loop end practicalMoveTime=0.206 (+1.3 ms)
2026-06-20 09:06:58,791 - mazeUtils.moveTile - [moveTile.py:90] - DEBUG - [1493.147212] moveTile loop start (+0.3 ms)
2026-06-20 09:06:58,796 - picamera2.picamera2 - [picamera2.py:1391] - DEBUG - Execute job: <picamera2.job.Job object at 0x7f80edaed0>
2026-06-20 09:06:58,799 - mazeUtils.device.camera - [camera.py:39] - DEBUG - Average HSV: H=165.7, S=49.1, V=140.3
2026-06-20 09:06:58,804 - mazeUtils.moveTile - [moveTile.py:90] - DEBUG - [1493.160693] moveTile calculated motor speeds left=97 right=100 gyroSteer=0.18999999999999773 wallSteer=-2.3999999999999986 (+13.5 ms)
2026-06-20 09:06:58,824 - mazeUtils.moveTile - [moveTile.py:90] - DEBUG - [1493.180747] moveTile applied motor speed left=97 right=100 (+20.1 ms)
2026-06-20 09:06:58,825 - mazeUtils.moveTile - [moveTile.py:90] - DEBUG - [1493.181111] moveTile ramp check isBigRamp=False (+0.4 ms)
2026-06-20 09:06:58,828 - mazeUtils.moveTile - [moveTile.py:90] - DEBUG - [1493.184039] moveTile tile color check tempTileColor=E (+2.9 ms)
2026-06-20 09:06:58,828 - mazeUtils.moveTile - [moveTile.py:90] - DEBUG - [1493.184418] moveTile obstacle check escapeFlag=False (+0.4 ms)
2026-06-20 09:06:58,828 - mazeUtils.moveTile - [moveTile.py:79] - DEBUG - roll: 0.2699999999999818 deg, practicalMoveTime: 0.24376484046836286 sec
2026-06-20 09:06:58,829 - mazeUtils.moveTile - [moveTile.py:1397] - DEBUG - moveTile loop time: 37.8 ms
2026-06-20 09:06:58,829 - mazeUtils.moveTile - [moveTile.py:90] - DEBUG - [1493.185214] moveTile loop end practicalMoveTime=0.244 (+0.8 ms)
2026-06-20 09:06:58,829 - mazeUtils.moveTile - [moveTile.py:90] - DEBUG - [1493.185382] moveTile loop start (+0.2 ms)
2026-06-20 09:06:58,836 - picamera2.picamera2 - [picamera2.py:1391] - DEBUG - Execute job: <picamera2.job.Job object at 0x7f9a543f50>
2026-06-20 09:06:58,839 - mazeUtils.device.camera - [camera.py:39] - DEBUG - Average HSV: H=164.4, S=48.2, V=141.4
2026-06-20 09:06:58,845 - mazeUtils.moveTile - [moveTile.py:90] - DEBUG - [1493.201936] moveTile calculated motor speeds left=99 right=100 gyroSteer=0.0049999999999954525 wallSteer=-0.3999999999999986 (+16.6 ms)
2026-06-20 09:06:58,864 - mazeUtils.moveTile - [moveTile.py:90] - DEBUG - [1493.220917] moveTile applied motor speed left=99 right=100 (+19.0 ms)
2026-06-20 09:06:58,865 - mazeUtils.moveTile - [moveTile.py:90] - DEBUG - [1493.221346] moveTile ramp check isBigRamp=False (+0.4 ms)
2026-06-20 09:06:58,869 - mazeUtils.moveTile - [moveTile.py:90] - DEBUG - [1493.225246] moveTile tile color check tempTileColor=E (+3.9 ms)
2026-06-20 09:06:58,869 - mazeUtils.moveTile - [moveTile.py:90] - DEBUG - [1493.225727] moveTile obstacle check escapeFlag=False (+0.5 ms)
2026-06-20 09:06:58,870 - mazeUtils.moveTile - [moveTile.py:79] - DEBUG - roll: 0.16999999999995907 deg, practicalMoveTime: 0.28472473364471956 sec
2026-06-20 09:06:58,870 - mazeUtils.moveTile - [moveTile.py:1397] - DEBUG - moveTile loop time: 41.0 ms
2026-06-20 09:06:58,870 - mazeUtils.moveTile - [moveTile.py:90] - DEBUG - [1493.226571] moveTile loop end practicalMoveTime=0.285 (+0.8 ms)
2026-06-20 09:06:58,870 - mazeUtils.moveTile - [moveTile.py:90] - DEBUG - [1493.226710] moveTile loop start (+0.1 ms)
2026-06-20 09:06:58,875 - picamera2.picamera2 - [picamera2.py:1391] - DEBUG - Execute job: <picamera2.job.Job object at 0x7f90af3150>
2026-06-20 09:06:58,878 - mazeUtils.device.camera - [camera.py:39] - DEBUG - Average HSV: H=162.3, S=47.6, V=141.0
2026-06-20 09:06:58,883 - mazeUtils.moveTile - [moveTile.py:90] - DEBUG - [1493.239575] moveTile calculated motor speeds left=100 right=99 gyroSteer=0.45000000000001705 wallSteer=-0.3999999999999986 (+12.9 ms)
2026-06-20 09:06:58,903 - mazeUtils.moveTile - [moveTile.py:90] - DEBUG - [1493.259736] moveTile applied motor speed left=100 right=99 (+20.2 ms)
2026-06-20 09:06:58,904 - mazeUtils.moveTile - [moveTile.py:90] - DEBUG - [1493.260213] moveTile ramp check isBigRamp=False (+0.5 ms)
2026-06-20 09:06:58,906 - mazeUtils.moveTile - [moveTile.py:90] - DEBUG - [1493.262980] moveTile tile color check tempTileColor=E (+2.8 ms)
2026-06-20 09:06:58,907 - mazeUtils.moveTile - [moveTile.py:90] - DEBUG - [1493.263304] moveTile obstacle check escapeFlag=False (+0.3 ms)
2026-06-20 09:06:58,907 - mazeUtils.moveTile - [moveTile.py:79] - DEBUG - roll: 0.4399999999999977 deg, practicalMoveTime: 0.3218904715904934 sec
2026-06-20 09:06:58,907 - mazeUtils.moveTile - [moveTile.py:1397] - DEBUG - moveTile loop time: 37.1 ms
2026-06-20 09:06:58,907 - mazeUtils.moveTile - [moveTile.py:90] - DEBUG - [1493.263987] moveTile loop end practicalMoveTime=0.322 (+0.7 ms)
2026-06-20 09:06:58,908 - mazeUtils.moveTile - [moveTile.py:90] - DEBUG - [1493.264177] moveTile loop start (+0.2 ms)
2026-06-20 09:06:58,914 - picamera2.picamera2 - [picamera2.py:1391] - DEBUG - Execute job: <picamera2.job.Job object at 0x7f80eda4d0>
2026-06-20 09:06:58,917 - mazeUtils.device.camera - [camera.py:39] - DEBUG - Average HSV: H=162.1, S=47.5, V=140.1
2026-06-20 09:06:58,923 - mazeUtils.moveTile - [moveTile.py:90] - DEBUG - [1493.279489] moveTile calculated motor speeds left=97 right=100 gyroSteer=0.39500000000001023 wallSteer=-2.8000000000000007 (+15.3 ms)
2026-06-20 09:06:58,942 - mazeUtils.moveTile - [moveTile.py:90] - DEBUG - [1493.298582] moveTile applied motor speed left=97 right=100 (+19.1 ms)
2026-06-20 09:06:58,942 - mazeUtils.moveTile - [moveTile.py:90] - DEBUG - [1493.298975] moveTile ramp check isBigRamp=False (+0.4 ms)
2026-06-20 09:06:58,945 - mazeUtils.moveTile - [moveTile.py:90] - DEBUG - [1493.301525] moveTile tile color check tempTileColor=E (+2.6 ms)
2026-06-20 09:06:58,945 - mazeUtils.moveTile - [moveTile.py:90] - DEBUG - [1493.301805] moveTile obstacle check escapeFlag=False (+0.3 ms)
2026-06-20 09:06:58,946 - mazeUtils.moveTile - [moveTile.py:79] - DEBUG - roll: 0.07999999999998408 deg, practicalMoveTime: 0.3601241913402035 sec
2026-06-20 09:06:58,946 - mazeUtils.moveTile - [moveTile.py:1397] - DEBUG - moveTile loop time: 38.5 ms
2026-06-20 09:06:58,946 - mazeUtils.moveTile - [moveTile.py:90] - DEBUG - [1493.302942] moveTile loop end practicalMoveTime=0.360 (+1.1 ms)
2026-06-20 09:06:58,947 - mazeUtils.moveTile - [moveTile.py:90] - DEBUG - [1493.303164] moveTile loop start (+0.2 ms)
2026-06-20 09:06:58,952 - picamera2.picamera2 - [picamera2.py:1391] - DEBUG - Execute job: <picamera2.job.Job object at 0x7f90af3150>
2026-06-20 09:06:58,956 - mazeUtils.device.camera - [camera.py:39] - DEBUG - Average HSV: H=159.5, S=47.2, V=141.0
2026-06-20 09:06:58,961 - mazeUtils.moveTile - [moveTile.py:90] - DEBUG - [1493.317002] moveTile calculated motor speeds left=99 right=100 gyroSteer=-0.09499999999999886 wallSteer=-0.3999999999999986 (+13.8 ms)
2026-06-20 09:06:58,981 - mazeUtils.moveTile - [moveTile.py:90] - DEBUG - [1493.337974] moveTile applied motor speed left=99 right=100 (+21.0 ms)
2026-06-20 09:06:58,982 - mazeUtils.moveTile - [moveTile.py:90] - DEBUG - [1493.338353] moveTile ramp check isBigRamp=False (+0.4 ms)
2026-06-20 09:06:58,984 - mazeUtils.moveTile - [moveTile.py:90] - DEBUG - [1493.340983] moveTile tile color check tempTileColor=E (+2.6 ms)
2026-06-20 09:06:58,985 - mazeUtils.moveTile - [moveTile.py:90] - DEBUG - [1493.341364] moveTile obstacle check escapeFlag=False (+0.4 ms)
2026-06-20 09:06:58,985 - mazeUtils.moveTile - [moveTile.py:79] - DEBUG - roll: 0.13999999999998636 deg, practicalMoveTime: 0.399090253910491 sec
2026-06-20 09:06:58,985 - mazeUtils.moveTile - [moveTile.py:1397] - DEBUG - moveTile loop time: 38.7 ms
2026-06-20 09:06:58,986 - mazeUtils.moveTile - [moveTile.py:90] - DEBUG - [1493.342081] moveTile loop end practicalMoveTime=0.399 (+0.7 ms)
2026-06-20 09:06:58,986 - mazeUtils.moveTile - [moveTile.py:90] - DEBUG - [1493.342215] moveTile loop start (+0.1 ms)
2026-06-20 09:06:58,991 - picamera2.picamera2 - [picamera2.py:1391] - DEBUG - Execute job: <picamera2.job.Job object at 0x7f9a543f50>
2026-06-20 09:06:58,994 - mazeUtils.device.camera - [camera.py:39] - DEBUG - Average HSV: H=158.2, S=46.8, V=138.7
2026-06-20 09:06:59,000 - mazeUtils.moveTile - [moveTile.py:90] - DEBUG - [1493.356241] moveTile calculated motor speeds left=99 right=100 gyroSteer=0.3400000000000034 wallSteer=-0.8000000000000007 (+14.0 ms)
2026-06-20 09:06:59,020 - mazeUtils.moveTile - [moveTile.py:90] - DEBUG - [1493.376144] moveTile applied motor speed left=99 right=100 (+19.9 ms)
2026-06-20 09:06:59,020 - mazeUtils.moveTile - [moveTile.py:90] - DEBUG - [1493.376588] moveTile ramp check isBigRamp=False (+0.4 ms)
2026-06-20 09:06:59,024 - mazeUtils.moveTile - [moveTile.py:90] - DEBUG - [1493.380474] moveTile tile color check tempTileColor=E (+3.9 ms)
2026-06-20 09:06:59,024 - mazeUtils.moveTile - [moveTile.py:90] - DEBUG - [1493.380870] moveTile obstacle check escapeFlag=False (+0.4 ms)
2026-06-20 09:06:59,025 - mazeUtils.moveTile - [moveTile.py:79] - DEBUG - roll: 0.45999999999997954 deg, practicalMoveTime: 0.43832100513710587 sec
2026-06-20 09:06:59,025 - mazeUtils.moveTile - [moveTile.py:1397] - DEBUG - moveTile loop time: 39.2 ms
2026-06-20 09:06:59,025 - mazeUtils.moveTile - [moveTile.py:90] - DEBUG - [1493.381601] moveTile loop end practicalMoveTime=0.438 (+0.7 ms)
2026-06-20 09:06:59,025 - mazeUtils.moveTile - [moveTile.py:90] - DEBUG - [1493.381734] moveTile loop start (+0.1 ms)
2026-06-20 09:06:59,031 - picamera2.picamera2 - [picamera2.py:1391] - DEBUG - Execute job: <picamera2.job.Job object at 0x7f80edaed0>
2026-06-20 09:06:59,034 - mazeUtils.device.camera - [camera.py:39] - DEBUG - Average HSV: H=158.3, S=47.1, V=134.1
2026-06-20 09:06:59,038 - mazeUtils.moveTile - [moveTile.py:90] - DEBUG - [1493.394431] moveTile calculated motor speeds left=90 right=100 gyroSteer=0.32500000000001705 wallSteer=-10.0 (+12.7 ms)
2026-06-20 09:06:59,058 - mazeUtils.moveTile - [moveTile.py:90] - DEBUG - [1493.414683] moveTile applied motor speed left=90 right=100 (+20.3 ms)
2026-06-20 09:06:59,059 - mazeUtils.moveTile - [moveTile.py:90] - DEBUG - [1493.415099] moveTile ramp check isBigRamp=False (+0.4 ms)
2026-06-20 09:06:59,061 - mazeUtils.moveTile - [moveTile.py:90] - DEBUG - [1493.417679] moveTile tile color check tempTileColor=E (+2.6 ms)
2026-06-20 09:06:59,062 - mazeUtils.moveTile - [moveTile.py:90] - DEBUG - [1493.418341] moveTile obstacle check escapeFlag=False (+0.7 ms)
2026-06-20 09:06:59,062 - mazeUtils.moveTile - [moveTile.py:79] - DEBUG - roll: 0.18000000000000682 deg, practicalMoveTime: 0.4755925592609703 sec
2026-06-20 09:06:59,063 - mazeUtils.moveTile - [moveTile.py:1397] - DEBUG - moveTile loop time: 37.3 ms
2026-06-20 09:06:59,063 - mazeUtils.moveTile - [moveTile.py:90] - DEBUG - [1493.419473] moveTile loop end practicalMoveTime=0.476 (+1.1 ms)
2026-06-20 09:06:59,063 - mazeUtils.moveTile - [moveTile.py:90] - DEBUG - [1493.419654] moveTile loop start (+0.2 ms)
2026-06-20 09:06:59,069 - picamera2.picamera2 - [picamera2.py:1391] - DEBUG - Execute job: <picamera2.job.Job object at 0x7f80edb010>
2026-06-20 09:06:59,072 - mazeUtils.device.camera - [camera.py:39] - DEBUG - Average HSV: H=159.2, S=46.7, V=137.5
2026-06-20 09:06:59,078 - mazeUtils.moveTile - [moveTile.py:90] - DEBUG - [1493.434240] moveTile calculated motor speeds left=94 right=100 gyroSteer=-0.28000000000000114 wallSteer=-5.599999999999998 (+14.6 ms)
2026-06-20 09:06:59,097 - mazeUtils.moveTile - [moveTile.py:90] - DEBUG - [1493.453153] moveTile applied motor speed left=94 right=100 (+18.9 ms)
2026-06-20 09:06:59,097 - mazeUtils.moveTile - [moveTile.py:90] - DEBUG - [1493.453542] moveTile ramp check isBigRamp=False (+0.4 ms)
2026-06-20 09:06:59,100 - mazeUtils.moveTile - [moveTile.py:90] - DEBUG - [1493.456165] moveTile tile color check tempTileColor=E (+2.6 ms)
2026-06-20 09:06:59,100 - mazeUtils.moveTile - [moveTile.py:90] - DEBUG - [1493.456456] moveTile obstacle check escapeFlag=False (+0.3 ms)
2026-06-20 09:06:59,100 - mazeUtils.moveTile - [moveTile.py:79] - DEBUG - roll: 0.20999999999997954 deg, practicalMoveTime: 0.5132171425102419 sec
2026-06-20 09:06:59,100 - mazeUtils.moveTile - [moveTile.py:1397] - DEBUG - moveTile loop time: 37.3 ms
2026-06-20 09:06:59,101 - mazeUtils.moveTile - [moveTile.py:90] - DEBUG - [1493.457173] moveTile loop end practicalMoveTime=0.513 (+0.7 ms)
2026-06-20 09:06:59,101 - mazeUtils.moveTile - [moveTile.py:90] - DEBUG - [1493.457306] moveTile loop start (+0.1 ms)
2026-06-20 09:06:59,105 - picamera2.picamera2 - [picamera2.py:1391] - DEBUG - Execute job: <picamera2.job.Job object at 0x7f9a543f50>
2026-06-20 09:06:59,107 - mazeUtils.device.camera - [camera.py:39] - DEBUG - Average HSV: H=157.2, S=46.0, V=134.5
2026-06-20 09:06:59,113 - mazeUtils.moveTile - [moveTile.py:90] - DEBUG - [1493.469478] moveTile calculated motor speeds left=94 right=100 gyroSteer=0.49500000000000455 wallSteer=-5.599999999999998 (+12.2 ms)
2026-06-20 09:06:59,132 - mazeUtils.moveTile - [moveTile.py:90] - DEBUG - [1493.488596] moveTile applied motor speed left=94 right=100 (+19.1 ms)
2026-06-20 09:06:59,132 - mazeUtils.moveTile - [moveTile.py:90] - DEBUG - [1493.489012] moveTile ramp check isBigRamp=False (+0.4 ms)
2026-06-20 09:06:59,135 - mazeUtils.moveTile - [moveTile.py:90] - DEBUG - [1493.491687] moveTile tile color check tempTileColor=E (+2.7 ms)
2026-06-20 09:06:59,136 - mazeUtils.moveTile - [moveTile.py:90] - DEBUG - [1493.492039] moveTile obstacle check escapeFlag=False (+0.4 ms)
2026-06-20 09:06:59,136 - mazeUtils.moveTile - [moveTile.py:79] - DEBUG - roll: 0.01999999999998181 deg, practicalMoveTime: 0.5485238324826482 sec
2026-06-20 09:06:59,136 - mazeUtils.moveTile - [moveTile.py:1397] - DEBUG - moveTile loop time: 35.3 ms
2026-06-20 09:06:59,136 - mazeUtils.moveTile - [moveTile.py:90] - DEBUG - [1493.492757] moveTile loop end practicalMoveTime=0.549 (+0.7 ms)
2026-06-20 09:06:59,136 - mazeUtils.moveTile - [moveTile.py:90] - DEBUG - [1493.492896] moveTile loop start (+0.1 ms)
2026-06-20 09:06:59,142 - picamera2.picamera2 - [picamera2.py:1391] - DEBUG - Execute job: <picamera2.job.Job object at 0x7f80ec9910>
2026-06-20 09:06:59,146 - mazeUtils.device.camera - [camera.py:39] - DEBUG - Average HSV: H=156.8, S=46.2, V=133.8
2026-06-20 09:06:59,150 - mazeUtils.moveTile - [moveTile.py:90] - DEBUG - [1493.506067] moveTile calculated motor speeds left=97 right=100 gyroSteer=0.7450000000000045 wallSteer=-3.1999999999999993 (+13.2 ms)
2026-06-20 09:06:59,169 - mazeUtils.moveTile - [moveTile.py:90] - DEBUG - [1493.525128] moveTile applied motor speed left=97 right=100 (+19.1 ms)
2026-06-20 09:06:59,169 - mazeUtils.moveTile - [moveTile.py:90] - DEBUG - [1493.525541] moveTile ramp check isBigRamp=False (+0.4 ms)
2026-06-20 09:06:59,172 - mazeUtils.moveTile - [moveTile.py:90] - DEBUG - [1493.528357] moveTile tile color check tempTileColor=E (+2.8 ms)
2026-06-20 09:06:59,172 - mazeUtils.moveTile - [moveTile.py:90] - DEBUG - [1493.528765] moveTile obstacle check escapeFlag=False (+0.4 ms)
2026-06-20 09:06:59,173 - mazeUtils.moveTile - [moveTile.py:79] - DEBUG - roll: 0.39999999999997726 deg, practicalMoveTime: 0.5849659394639761 sec
2026-06-20 09:06:59,173 - mazeUtils.moveTile - [moveTile.py:1397] - DEBUG - moveTile loop time: 36.4 ms
2026-06-20 09:06:59,173 - mazeUtils.moveTile - [moveTile.py:90] - DEBUG - [1493.529509] moveTile loop end practicalMoveTime=0.585 (+0.7 ms)
2026-06-20 09:06:59,173 - mazeUtils.moveTile - [moveTile.py:90] - DEBUG - [1493.529650] moveTile loop start (+0.1 ms)
2026-06-20 09:06:59,178 - picamera2.picamera2 - [picamera2.py:1391] - DEBUG - Execute job: <picamera2.job.Job object at 0x7f80ec9fd0>
2026-06-20 09:06:59,182 - mazeUtils.device.camera - [camera.py:39] - DEBUG - Average HSV: H=154.2, S=45.3, V=133.2
2026-06-20 09:06:59,188 - mazeUtils.moveTile - [moveTile.py:90] - DEBUG - [1493.544273] moveTile calculated motor speeds left=96 right=100 gyroSteer=0.14000000000001478 wallSteer=-3.1999999999999993 (+14.6 ms)
2026-06-20 09:06:59,209 - mazeUtils.moveTile - [moveTile.py:90] - DEBUG - [1493.565256] moveTile applied motor speed left=96 right=100 (+21.0 ms)
2026-06-20 09:06:59,209 - mazeUtils.moveTile - [moveTile.py:90] - DEBUG - [1493.565879] moveTile ramp check isBigRamp=False (+0.6 ms)
2026-06-20 09:06:59,212 - mazeUtils.moveTile - [moveTile.py:90] - DEBUG - [1493.568634] moveTile tile color check tempTileColor=E (+2.8 ms)
2026-06-20 09:06:59,212 - mazeUtils.moveTile - [moveTile.py:90] - DEBUG - [1493.569015] moveTile obstacle check escapeFlag=False (+0.4 ms)
2026-06-20 09:06:59,213 - mazeUtils.moveTile - [moveTile.py:79] - DEBUG - roll: 359.85999999999996 deg, practicalMoveTime: 0.6249006938293582 sec
2026-06-20 09:06:59,213 - mazeUtils.moveTile - [moveTile.py:1397] - DEBUG - moveTile loop time: 39.9 ms
2026-06-20 09:06:59,213 - mazeUtils.moveTile - [moveTile.py:90] - DEBUG - [1493.569730] moveTile loop end practicalMoveTime=0.625 (+0.7 ms)
2026-06-20 09:06:59,213 - mazeUtils.moveTile - [moveTile.py:90] - DEBUG - [1493.569866] moveTile loop start (+0.1 ms)
2026-06-20 09:06:59,218 - picamera2.picamera2 - [picamera2.py:1391] - DEBUG - Execute job: <picamera2.job.Job object at 0x7f80edaed0>
2026-06-20 09:06:59,221 - mazeUtils.device.camera - [camera.py:39] - DEBUG - Average HSV: H=151.0, S=46.1, V=129.9
2026-06-20 09:06:59,225 - mazeUtils.moveTile - [moveTile.py:90] - DEBUG - [1493.581767] moveTile calculated motor speeds left=96 right=100 gyroSteer=0.3199999999999932 wallSteer=-3.6000000000000014 (+11.9 ms)
2026-06-20 09:06:59,247 - mazeUtils.moveTile - [moveTile.py:90] - DEBUG - [1493.603806] moveTile applied motor speed left=96 right=100 (+22.0 ms)
2026-06-20 09:06:59,248 - mazeUtils.moveTile - [moveTile.py:90] - DEBUG - [1493.604249] moveTile ramp check isBigRamp=False (+0.4 ms)
2026-06-20 09:06:59,250 - mazeUtils.moveTile - [moveTile.py:90] - DEBUG - [1493.606958] moveTile tile color check tempTileColor=E (+2.7 ms)
2026-06-20 09:06:59,251 - mazeUtils.moveTile - [moveTile.py:90] - DEBUG - [1493.607283] moveTile obstacle check escapeFlag=False (+0.3 ms)
2026-06-20 09:06:59,251 - mazeUtils.moveTile - [moveTile.py:79] - DEBUG - roll: 0.3499999999999659 deg, practicalMoveTime: 0.6628636142820449 sec
2026-06-20 09:06:59,251 - mazeUtils.moveTile - [moveTile.py:1397] - DEBUG - moveTile loop time: 37.9 ms
2026-06-20 09:06:59,251 - mazeUtils.moveTile - [moveTile.py:90] - DEBUG - [1493.607984] moveTile loop end practicalMoveTime=0.663 (+0.7 ms)
2026-06-20 09:06:59,252 - mazeUtils.moveTile - [moveTile.py:90] - DEBUG - [1493.608206] moveTile loop start (+0.2 ms)
2026-06-20 09:06:59,256 - picamera2.picamera2 - [picamera2.py:1391] - DEBUG - Execute job: <picamera2.job.Job object at 0x7f80ec9990>
2026-06-20 09:06:59,259 - mazeUtils.device.camera - [camera.py:39] - DEBUG - Average HSV: H=148.8, S=46.7, V=131.1
2026-06-20 09:06:59,264 - mazeUtils.moveTile - [moveTile.py:90] - DEBUG - [1493.620211] moveTile calculated motor speeds left=97 right=100 gyroSteer=0.9550000000000125 wallSteer=-3.6000000000000014 (+12.0 ms)
2026-06-20 09:06:59,284 - mazeUtils.moveTile - [moveTile.py:90] - DEBUG - [1493.640122] moveTile applied motor speed left=97 right=100 (+19.9 ms)
2026-06-20 09:06:59,284 - mazeUtils.moveTile - [moveTile.py:90] - DEBUG - [1493.640476] moveTile ramp check isBigRamp=False (+0.4 ms)
2026-06-20 09:06:59,287 - mazeUtils.moveTile - [moveTile.py:90] - DEBUG - [1493.643047] moveTile tile color check tempTileColor=E (+2.6 ms)
2026-06-20 09:06:59,287 - mazeUtils.moveTile - [moveTile.py:90] - DEBUG - [1493.643365] moveTile obstacle check escapeFlag=False (+0.3 ms)
2026-06-20 09:06:59,287 - mazeUtils.moveTile - [moveTile.py:79] - DEBUG - roll: 0.44999999999998863 deg, practicalMoveTime: 0.6986593909439801 sec
2026-06-20 09:06:59,287 - mazeUtils.moveTile - [moveTile.py:1397] - DEBUG - moveTile loop time: 35.7 ms
2026-06-20 09:06:59,288 - mazeUtils.moveTile - [moveTile.py:90] - DEBUG - [1493.644146] moveTile loop end practicalMoveTime=0.699 (+0.8 ms)
2026-06-20 09:06:59,288 - mazeUtils.moveTile - [moveTile.py:90] - DEBUG - [1493.644308] moveTile loop start (+0.2 ms)
2026-06-20 09:06:59,294 - picamera2.picamera2 - [picamera2.py:1391] - DEBUG - Execute job: <picamera2.job.Job object at 0x7f80ec9fd0>
2026-06-20 09:06:59,297 - mazeUtils.device.camera - [camera.py:39] - DEBUG - Average HSV: H=147.1, S=49.6, V=131.2
2026-06-20 09:06:59,304 - mazeUtils.moveTile - [moveTile.py:90] - DEBUG - [1493.660550] moveTile calculated motor speeds left=98 right=100 gyroSteer=0.30000000000001137 wallSteer=-1.6000000000000014 (+16.2 ms)
2026-06-20 09:06:59,324 - mazeUtils.moveTile - [moveTile.py:90] - DEBUG - [1493.680397] moveTile applied motor speed left=98 right=100 (+19.8 ms)
2026-06-20 09:06:59,324 - mazeUtils.moveTile - [moveTile.py:90] - DEBUG - [1493.680763] moveTile ramp check isBigRamp=False (+0.4 ms)
2026-06-20 09:06:59,327 - mazeUtils.moveTile - [moveTile.py:90] - DEBUG - [1493.683347] moveTile tile color check tempTileColor=E (+2.6 ms)
2026-06-20 09:06:59,327 - mazeUtils.moveTile - [moveTile.py:90] - DEBUG - [1493.683695] moveTile obstacle check escapeFlag=False (+0.3 ms)
2026-06-20 09:06:59,328 - mazeUtils.moveTile - [moveTile.py:79] - DEBUG - roll: 0.6099999999999568 deg, practicalMoveTime: 0.7387007139850195 sec
2026-06-20 09:06:59,328 - mazeUtils.moveTile - [moveTile.py:1397] - DEBUG - moveTile loop time: 40.0 ms
2026-06-20 09:06:59,328 - mazeUtils.moveTile - [moveTile.py:90] - DEBUG - [1493.684477] moveTile loop end practicalMoveTime=0.739 (+0.8 ms)
2026-06-20 09:06:59,328 - mazeUtils.moveTile - [moveTile.py:90] - DEBUG - [1493.684613] moveTile loop start (+0.1 ms)
2026-06-20 09:06:59,333 - picamera2.picamera2 - [picamera2.py:1391] - DEBUG - Execute job: <picamera2.job.Job object at 0x7f81e0e490>
2026-06-20 09:06:59,336 - mazeUtils.device.camera - [camera.py:39] - DEBUG - Average HSV: H=143.3, S=53.2, V=134.7
2026-06-20 09:06:59,348 - mazeUtils.moveTile - [moveTile.py:90] - DEBUG - [1493.704284] moveTile calculated motor speeds left=97 right=100 gyroSteer=0.21000000000000796 wallSteer=-2.8000000000000007 (+19.7 ms)
2026-06-20 09:06:59,369 - mazeUtils.moveTile - [moveTile.py:90] - DEBUG - [1493.725606] moveTile applied motor speed left=97 right=100 (+21.3 ms)
2026-06-20 09:06:59,369 - mazeUtils.moveTile - [moveTile.py:90] - DEBUG - [1493.725995] moveTile ramp check isBigRamp=False (+0.4 ms)
2026-06-20 09:06:59,372 - mazeUtils.moveTile - [moveTile.py:90] - DEBUG - [1493.728562] moveTile tile color check tempTileColor=E (+2.6 ms)
2026-06-20 09:06:59,372 - mazeUtils.moveTile - [moveTile.py:90] - DEBUG - [1493.728885] moveTile obstacle check escapeFlag=False (+0.3 ms)
2026-06-20 09:06:59,373 - mazeUtils.moveTile - [moveTile.py:79] - DEBUG - roll: 0.46999999999997044 deg, practicalMoveTime: 0.7835385875443651 sec
2026-06-20 09:06:59,373 - mazeUtils.moveTile - [moveTile.py:1397] - DEBUG - moveTile loop time: 44.8 ms
2026-06-20 09:06:59,373 - mazeUtils.moveTile - [moveTile.py:90] - DEBUG - [1493.729669] moveTile loop end practicalMoveTime=0.784 (+0.8 ms)
2026-06-20 09:06:59,373 - mazeUtils.moveTile - [moveTile.py:90] - DEBUG - [1493.729875] moveTile loop start (+0.2 ms)
2026-06-20 09:06:59,379 - picamera2.picamera2 - [picamera2.py:1391] - DEBUG - Execute job: <picamera2.job.Job object at 0x7f9a541890>
2026-06-20 09:06:59,382 - mazeUtils.device.camera - [camera.py:39] - DEBUG - Average HSV: H=139.3, S=58.5, V=139.0
2026-06-20 09:06:59,389 - mazeUtils.moveTile - [moveTile.py:90] - DEBUG - [1493.745687] moveTile calculated motor speeds left=100 right=99 gyroSteer=1.295000000000016 wallSteer=-0.3999999999999986 (+15.8 ms)
2026-06-20 09:06:59,409 - mazeUtils.moveTile - [moveTile.py:90] - DEBUG - [1493.765642] moveTile applied motor speed left=100 right=99 (+20.0 ms)
2026-06-20 09:06:59,409 - mazeUtils.moveTile - [moveTile.py:90] - DEBUG - [1493.766014] moveTile ramp check isBigRamp=False (+0.4 ms)
2026-06-20 09:06:59,412 - mazeUtils.moveTile - [moveTile.py:90] - DEBUG - [1493.768654] moveTile tile color check tempTileColor=E (+2.6 ms)
2026-06-20 09:06:59,412 - mazeUtils.moveTile - [moveTile.py:90] - DEBUG - [1493.768975] moveTile obstacle check escapeFlag=False (+0.3 ms)
2026-06-20 09:06:59,413 - mazeUtils.moveTile - [moveTile.py:1344] - INFO - practicalVerticalMove: 0.12277855983921379 CM
2026-06-20 09:06:59,434 - mazeUtils.moveTile - [moveTile.py:90] - DEBUG - [1493.790379] moveTile finished by time control (+21.4 ms)
2026-06-20 09:06:59,434 - mazeUtils.moveTile - [moveTile.py:90] - DEBUG - [1493.790788] moveTile start final forward adjustment (+21.8 ms)
2026-06-20 09:06:59,457 - mazeUtils.moveTile - [moveTile.py:90] - DEBUG - [1493.813823] moveTile finished final forward adjustment (+23.0 ms)
2026-06-20 09:06:59,458 - mazeUtils.moveTile - [moveTile.py:1598] - INFO - Set moved vertical distance: 0.12277855983921379 cm, past distances: [(0.6120592377344533, False), (0, False), (0, False)]
2026-06-20 09:06:59,458 - mazeUtils.moveTile - [moveTile.py:90] - DEBUG - [1493.814706] moveTile updated moved vertical distance 0.123 (+0.9 ms)
2026-06-20 09:06:59,478 - mazeUtils.moveTile - [moveTile.py:528] - DEBUG - Direction: absDirection.NORTH, Angle: 0, Distance: 25.19273880306225 cm
2026-06-20 09:06:59,478 - mazeUtils.moveTile - [moveTile.py:551] - DEBUG - Front LiDAR distance: 25.19273880306225 cm, TSD10 distance: 10.5 cm
2026-06-20 09:06:59,479 - mazeUtils.moveTile - [moveTile.py:528] - DEBUG - Direction: absDirection.EAST, Angle: 270, Distance: 15.318509951782998 cm
2026-06-20 09:06:59,481 - mazeUtils.moveTile - [moveTile.py:528] - DEBUG - Direction: absDirection.SOUTH, Angle: 180, Distance: 74.13655025044322 cm
2026-06-20 09:06:59,482 - mazeUtils.moveTile - [moveTile.py:528] - DEBUG - Direction: absDirection.WEST, Angle: 90, Distance: 48.66832323123242 cm
2026-06-20 09:06:59,482 - mazeUtils.moveTile - [moveTile.py:90] - DEBUG - [1493.838740] moveTile updated map and detected walls (+24.0 ms)
2026-06-20 09:06:59,484 - mazeUtils.moveTile - [moveTile.py:1719] - INFO - Tile color detection counts: {}, decided tile type: E
2026-06-20 09:06:59,485 - mazeUtils.moveTile - [moveTile.py:90] - DEBUG - [1493.841030] moveTile finished (+26.3 ms)
2026-06-20 09:06:59,558 - __main__ - [main.py:87] - INFO - Current position: (21, 19, 1), front direction: absDirection.NORTH
Layer 0 (altitude=0.0cm, offset=(0.0cm, 0.0cm)):
Known map area: x=20..20, y=20..20
+   +
| S  
+---+
Layer 1 (altitude=-15.0cm, offset=(0.0cm, -60.0cm)):
Known map area: x=20..21, y=19..20
+   +---+
  B   @ |
+   +   +
| E   E |
+   +   +
mazeAsGraph[0][20][20] = {absDirection.NORTH: (20, 20, 1, 60), absDirection.EAST: (21, 20, 0, 30), absDirection.SOUTH: None, absDirection.WEST: None}
mazeAsGraph[1][19][20] = {absDirection.NORTH: None, absDirection.EAST: None, absDirection.SOUTH: None, absDirection.WEST: None}
mazeAsGraph[1][19][21] = {absDirection.NORTH: None, absDirection.EAST: None, absDirection.SOUTH: (21, 20, 1, 30), absDirection.WEST: None}
mazeAsGraph[1][20][20] = {absDirection.NORTH: None, absDirection.EAST: (21, 20, 1, 30), absDirection.SOUTH: (20, 20, 0, 60), absDirection.WEST: None}
mazeAsGraph[1][20][21] = {absDirection.NORTH: (21, 19, 1, 30), absDirection.EAST: None, absDirection.SOUTH: (21, 21, 1, 30), absDirection.WEST: (20, 20, 1, 30)}
2026-06-20 09:06:59,571 - mazeUtils.mazeMap - [mazeMap.py:61] - INFO - next goal: (21, 21, 1)
2026-06-20 09:06:59,572 - mazeUtils.moveTile - [moveTile.py:88] - DEBUG - [1493.928299] moveTile start direction=absDirection.SOUTH position=(21, 19, 1) front=absDirection.NORTH
2026-06-20 09:06:59,579 - mazeUtils.moveTile - [moveTile.py:90] - DEBUG - [1493.935453] moveTile after initial toggle check (+7.2 ms)
2026-06-20 09:06:59,581 - mazeUtils.moveTile - [moveTile.py:90] - DEBUG - [1493.937160] moveTile after tile checks isRedTile=False isUnknownTileAhead=False (+1.7 ms)
2026-06-20 09:06:59,581 - mazeUtils.moveTile - [moveTile.py:79] - DEBUG - Moving to absDirection.SOUTH from (21, 19, 1) facing absDirection.NORTH
2026-06-20 09:06:59,581 - mazeUtils.moveTile - [moveTile.py:90] - DEBUG - [1493.937680] moveTile start heading change target=180 (+0.5 ms)
2026-06-20 09:06:59,607 - mazeUtils.moveTile - [moveTile.py:79] - DEBUG - current heading: 2.5500000000000114 target: 45
2026-06-20 09:07:00,050 - mazeUtils.moveTile - [moveTile.py:403] - DEBUG - stopped turning at heading: 40.610000000000014, diff: 4.389999999999986
2026-06-20 09:07:00,100 - mazeUtils.moveTile - [moveTile.py:79] - DEBUG - Turned to heading: 44.650000000000034 deg
2026-06-20 09:07:00,635 - mazeUtils.moveTile - [moveTile.py:79] - DEBUG - current heading: 49.30000000000001 target: 90
2026-06-20 09:07:01,038 - mazeUtils.moveTile - [moveTile.py:403] - DEBUG - stopped turning at heading: 85.34000000000003, diff: 4.659999999999968
2026-06-20 09:07:01,586 - mazeUtils.moveTile - [moveTile.py:79] - DEBUG - Turned to heading: 90.75 deg
2026-06-20 09:07:01,594 - mazeUtils.moveTile - [moveTile.py:79] - DEBUG - Turning to 270 deg, current heading: 90.67000000000002 deg, turnAngle: -179.32999999999998 deg
2026-06-20 09:07:01,624 - mazeUtils.moveTile - [moveTile.py:79] - DEBUG - gyro:90.5 deg, derivative: -0.17000000000001592, turnSpeed: -100
2026-06-20 09:07:01,655 - mazeUtils.moveTile - [moveTile.py:79] - DEBUG - gyro:90.47000000000003 deg, derivative: -0.029999999999972715, turnSpeed: -100
2026-06-20 09:07:01,681 - mazeUtils.moveTile - [moveTile.py:79] - DEBUG - gyro:90.44999999999999 deg, derivative: -0.020000000000038654, turnSpeed: -100
2026-06-20 09:07:01,706 - mazeUtils.moveTile - [moveTile.py:79] - DEBUG - gyro:90.74000000000001 deg, derivative: 0.29000000000002046, turnSpeed: -100
2026-06-20 09:07:01,729 - mazeUtils.moveTile - [moveTile.py:79] - DEBUG - gyro:91.50999999999999 deg, derivative: 0.7699999999999818, turnSpeed: -100
2026-06-20 09:07:01,754 - mazeUtils.moveTile - [moveTile.py:79] - DEBUG - gyro:93.88999999999999 deg, derivative: 2.3799999999999955, turnSpeed: -100
2026-06-20 09:07:01,780 - mazeUtils.moveTile - [moveTile.py:79] - DEBUG - gyro:98.73000000000002 deg, derivative: 4.840000000000032, turnSpeed: -100
2026-06-20 09:07:01,806 - mazeUtils.moveTile - [moveTile.py:79] - DEBUG - gyro:102.10000000000002 deg, derivative: 3.3700000000000045, turnSpeed: -100
2026-06-20 09:07:01,832 - mazeUtils.moveTile - [moveTile.py:79] - DEBUG - gyro:105.58000000000001 deg, derivative: 3.4799999999999898, turnSpeed: -100
2026-06-20 09:07:01,860 - mazeUtils.moveTile - [moveTile.py:79] - DEBUG - gyro:107.88000000000002 deg, derivative: 2.3000000000000114, turnSpeed: -100
2026-06-20 09:07:01,884 - mazeUtils.moveTile - [moveTile.py:79] - DEBUG - gyro:110.79000000000002 deg, derivative: 2.9099999999999966, turnSpeed: -100
2026-06-20 09:07:01,907 - mazeUtils.moveTile - [moveTile.py:79] - DEBUG - gyro:115.33000000000001 deg, derivative: 4.539999999999992, turnSpeed: -100
2026-06-20 09:07:01,934 - mazeUtils.moveTile - [moveTile.py:79] - DEBUG - gyro:117.43 deg, derivative: 2.0999999999999943, turnSpeed: -100
2026-06-20 09:07:01,964 - mazeUtils.moveTile - [moveTile.py:79] - DEBUG - gyro:120.34 deg, derivative: 2.9099999999999966, turnSpeed: -100
2026-06-20 09:07:01,987 - mazeUtils.moveTile - [moveTile.py:79] - DEBUG - gyro:123.60000000000002 deg, derivative: 3.2600000000000193, turnSpeed: -100
2026-06-20 09:07:02,014 - mazeUtils.moveTile - [moveTile.py:79] - DEBUG - gyro:127.85000000000002 deg, derivative: 4.25, turnSpeed: -100
2026-06-20 09:07:02,040 - mazeUtils.moveTile - [moveTile.py:79] - DEBUG - gyro:131.63000000000002 deg, derivative: 3.780000000000001, turnSpeed: -100
2026-06-20 09:07:02,068 - mazeUtils.moveTile - [moveTile.py:79] - DEBUG - gyro:134.0 deg, derivative: 2.369999999999976, turnSpeed: -100
2026-06-20 09:07:02,093 - mazeUtils.moveTile - [moveTile.py:79] - DEBUG - gyro:137.48000000000002 deg, derivative: 3.480000000000018, turnSpeed: -100
2026-06-20 09:07:02,120 - mazeUtils.moveTile - [moveTile.py:79] - DEBUG - gyro:141.44 deg, derivative: 3.9599999999999795, turnSpeed: -100
2026-06-20 09:07:02,145 - mazeUtils.moveTile - [moveTile.py:79] - DEBUG - gyro:144.53000000000003 deg, derivative: 3.090000000000032, turnSpeed: -100
2026-06-20 09:07:02,169 - mazeUtils.moveTile - [moveTile.py:79] - DEBUG - gyro:148.05 deg, derivative: 3.519999999999982, turnSpeed: -100
2026-06-20 09:07:02,197 - mazeUtils.moveTile - [moveTile.py:79] - DEBUG - gyro:150.85000000000002 deg, derivative: 2.8000000000000114, turnSpeed: -100
2026-06-20 09:07:02,224 - mazeUtils.moveTile - [moveTile.py:79] - DEBUG - gyro:153.87 deg, derivative: 3.019999999999982, turnSpeed: -100
2026-06-20 09:07:02,252 - mazeUtils.moveTile - [moveTile.py:79] - DEBUG - gyro:158.47000000000003 deg, derivative: 4.600000000000023, turnSpeed: -100
2026-06-20 09:07:02,278 - mazeUtils.moveTile - [moveTile.py:79] - DEBUG - gyro:162.60000000000002 deg, derivative: 4.1299999999999955, turnSpeed: -100
2026-06-20 09:07:02,311 - mazeUtils.moveTile - [moveTile.py:79] - DEBUG - gyro:165.10000000000002 deg, derivative: 2.5, turnSpeed: -100
2026-06-20 09:07:02,336 - mazeUtils.moveTile - [moveTile.py:79] - DEBUG - gyro:169.11 deg, derivative: 4.009999999999991, turnSpeed: -100
2026-06-20 09:07:02,358 - mazeUtils.moveTile - [moveTile.py:79] - DEBUG - gyro:172.68 deg, derivative: 3.569999999999993, turnSpeed: -100
2026-06-20 09:07:02,383 - mazeUtils.moveTile - [moveTile.py:79] - DEBUG - gyro:174.89000000000001 deg, derivative: 2.210000000000008, turnSpeed: -100
2026-06-20 09:07:02,412 - mazeUtils.moveTile - [moveTile.py:79] - DEBUG - gyro:177.92000000000002 deg, derivative: 3.030000000000001, turnSpeed: -100
2026-06-20 09:07:02,434 - mazeUtils.moveTile - [moveTile.py:79] - DEBUG - gyro:180.52 deg, derivative: 2.5999999999999943, turnSpeed: -100
2026-06-20 09:07:02,458 - mazeUtils.moveTile - [moveTile.py:79] - DEBUG - gyro:183.95000000000002 deg, derivative: 3.430000000000007, turnSpeed: -100
2026-06-20 09:07:02,487 - mazeUtils.moveTile - [moveTile.py:79] - DEBUG - gyro:187.37 deg, derivative: 3.4199999999999875, turnSpeed: -100
2026-06-20 09:07:02,516 - mazeUtils.moveTile - [moveTile.py:79] - DEBUG - gyro:190.28000000000003 deg, derivative: 2.910000000000025, turnSpeed: -100
2026-06-20 09:07:02,543 - mazeUtils.moveTile - [moveTile.py:79] - DEBUG - gyro:194.61 deg, derivative: 4.329999999999984, turnSpeed: -100
2026-06-20 09:07:02,569 - mazeUtils.moveTile - [moveTile.py:79] - DEBUG - gyro:196.88 deg, derivative: 2.269999999999982, turnSpeed: -100
2026-06-20 09:07:02,599 - mazeUtils.moveTile - [moveTile.py:79] - DEBUG - gyro:199.8 deg, derivative: 2.920000000000016, turnSpeed: -100
2026-06-20 09:07:02,628 - mazeUtils.moveTile - [moveTile.py:79] - DEBUG - gyro:202.39000000000001 deg, derivative: 2.5900000000000034, turnSpeed: -100
2026-06-20 09:07:02,651 - mazeUtils.moveTile - [moveTile.py:79] - DEBUG - gyro:205.91000000000003 deg, derivative: 3.5200000000000102, turnSpeed: -100
2026-06-20 09:07:02,675 - mazeUtils.moveTile - [moveTile.py:79] - DEBUG - gyro:208.70000000000002 deg, derivative: 2.789999999999992, turnSpeed: -100
2026-06-20 09:07:02,702 - mazeUtils.moveTile - [moveTile.py:79] - DEBUG - gyro:212.25 deg, derivative: 3.549999999999983, turnSpeed: -100
2026-06-20 09:07:02,727 - mazeUtils.moveTile - [moveTile.py:79] - DEBUG - gyro:215.29000000000002 deg, derivative: 3.0400000000000205, turnSpeed: -100
2026-06-20 09:07:02,754 - mazeUtils.moveTile - [moveTile.py:79] - DEBUG - gyro:219.75 deg, derivative: 4.4599999999999795, turnSpeed: -100
2026-06-20 09:07:02,780 - mazeUtils.moveTile - [moveTile.py:79] - DEBUG - gyro:222.79000000000002 deg, derivative: 3.0400000000000205, turnSpeed: -94.41999999999996
2026-06-20 09:07:02,817 - mazeUtils.moveTile - [moveTile.py:79] - DEBUG - gyro:226.3 deg, derivative: 3.509999999999991, turnSpeed: -87.39999999999998
2026-06-20 09:07:02,845 - mazeUtils.moveTile - [moveTile.py:79] - DEBUG - gyro:234.04000000000002 deg, derivative: 7.740000000000009, turnSpeed: -71.91999999999996
2026-06-20 09:07:02,873 - mazeUtils.moveTile - [moveTile.py:79] - DEBUG - gyro:234.59 deg, derivative: 0.549999999999983, turnSpeed: -70.82
2026-06-20 09:07:02,906 - mazeUtils.moveTile - [moveTile.py:79] - DEBUG - gyro:236.95000000000002 deg, derivative: 2.3600000000000136, turnSpeed: -66.09999999999997
2026-06-20 09:07:02,935 - mazeUtils.moveTile - [moveTile.py:79] - DEBUG - gyro:240.05 deg, derivative: 3.0999999999999943, turnSpeed: -59.89999999999998
2026-06-20 09:07:02,961 - mazeUtils.moveTile - [moveTile.py:79] - DEBUG - gyro:243.65 deg, derivative: 3.5999999999999943, turnSpeed: -52.69999999999999
2026-06-20 09:07:02,994 - mazeUtils.moveTile - [moveTile.py:79] - DEBUG - gyro:246.31 deg, derivative: 2.6599999999999966, turnSpeed: -47.379999999999995
2026-06-20 09:07:03,017 - mazeUtils.moveTile - [moveTile.py:79] - DEBUG - gyro:249.94000000000003 deg, derivative: 3.630000000000024, turnSpeed: -40.11999999999995
2026-06-20 09:07:03,041 - mazeUtils.moveTile - [moveTile.py:79] - DEBUG - gyro:252.48000000000002 deg, derivative: 2.539999999999992, turnSpeed: -35.039999999999964
2026-06-20 09:07:03,071 - mazeUtils.moveTile - [moveTile.py:79] - DEBUG - gyro:254.41000000000003 deg, derivative: 1.9300000000000068, turnSpeed: -31.17999999999995
2026-06-20 09:07:03,095 - mazeUtils.moveTile - [moveTile.py:79] - DEBUG - gyro:255.53 deg, derivative: 1.1199999999999761, turnSpeed: -28.939999999999998
2026-06-20 09:07:03,122 - mazeUtils.moveTile - [moveTile.py:79] - DEBUG - gyro:256.79 deg, derivative: 1.2600000000000193, turnSpeed: -26.41999999999996
2026-06-20 09:07:03,154 - mazeUtils.moveTile - [moveTile.py:79] - DEBUG - gyro:258.06 deg, derivative: 1.2699999999999818, turnSpeed: -23.879999999999995
2026-06-20 09:07:03,177 - mazeUtils.moveTile - [moveTile.py:79] - DEBUG - gyro:259.52 deg, derivative: 1.4599999999999795, turnSpeed: -20.960000000000036
2026-06-20 09:07:03,200 - mazeUtils.moveTile - [moveTile.py:79] - DEBUG - gyro:260.56 deg, derivative: 1.0400000000000205, turnSpeed: -18.879999999999995
2026-06-20 09:07:03,225 - mazeUtils.moveTile - [moveTile.py:79] - DEBUG - gyro:261.69000000000005 deg, derivative: 1.1300000000000523, turnSpeed: -16.61999999999989
2026-06-20 09:07:03,255 - mazeUtils.moveTile - [moveTile.py:79] - DEBUG - gyro:262.53 deg, derivative: 0.8399999999999181, turnSpeed: -14.940000000000055
2026-06-20 09:07:03,278 - mazeUtils.moveTile - [moveTile.py:79] - DEBUG - gyro:263.21000000000004 deg, derivative: 0.6800000000000637, turnSpeed: -13.579999999999927
2026-06-20 09:07:03,303 - mazeUtils.moveTile - [moveTile.py:79] - DEBUG - gyro:263.88 deg, derivative: 0.6699999999999591, turnSpeed: -12.240000000000009
2026-06-20 09:07:03,333 - mazeUtils.moveTile - [moveTile.py:79] - DEBUG - gyro:264.39 deg, derivative: 0.5099999999999909, turnSpeed: -11.220000000000027
2026-06-20 09:07:03,363 - mazeUtils.moveTile - [moveTile.py:79] - DEBUG - gyro:264.94000000000005 deg, derivative: 0.5500000000000682, turnSpeed: -10.11999999999989
2026-06-20 09:07:03,387 - mazeUtils.moveTile - [moveTile.py:79] - DEBUG - gyro:265.66 deg, derivative: 0.7199999999999704, turnSpeed: -8.67999999999995
2026-06-20 09:07:03,411 - mazeUtils.moveTile - [moveTile.py:79] - DEBUG - gyro:266.1 deg, derivative: 0.4399999999999977, turnSpeed: -7.7999999999999545
2026-06-20 09:07:03,441 - mazeUtils.moveTile - [moveTile.py:79] - DEBUG - gyro:266.58000000000004 deg, derivative: 0.4800000000000182, turnSpeed: -6.839999999999918
2026-06-20 09:07:03,466 - mazeUtils.moveTile - [moveTile.py:79] - DEBUG - gyro:266.94000000000005 deg, derivative: 0.36000000000001364, turnSpeed: -6.119999999999891
2026-06-20 09:07:03,493 - mazeUtils.moveTile - [moveTile.py:79] - DEBUG - gyro:267.29 deg, derivative: 0.3499999999999659, turnSpeed: -5.419999999999959
2026-06-20 09:07:03,518 - mazeUtils.moveTile - [moveTile.py:79] - DEBUG - gyro:267.55 deg, derivative: 0.2599999999999909, turnSpeed: -4.899999999999977
2026-06-20 09:07:03,541 - mazeUtils.moveTile - [moveTile.py:79] - DEBUG - gyro:267.72 deg, derivative: 0.17000000000001592, turnSpeed: -4.559999999999945
2026-06-20 09:07:03,563 - mazeUtils.moveTile - [moveTile.py:79] - DEBUG - gyro:267.91 deg, derivative: 0.18999999999999773, turnSpeed: -4.17999999999995
2026-06-20 09:07:03,587 - mazeUtils.moveTile - [moveTile.py:79] - DEBUG - gyro:268.06 deg, derivative: 0.14999999999997726, turnSpeed: -3.8799999999999955
2026-06-20 09:07:03,615 - mazeUtils.moveTile - [moveTile.py:79] - DEBUG - gyro:268.18 deg, derivative: 0.12000000000000455, turnSpeed: -3.6399999999999864
2026-06-20 09:07:03,638 - mazeUtils.moveTile - [moveTile.py:79] - DEBUG - gyro:268.34000000000003 deg, derivative: 0.160000000000025, turnSpeed: -3.3199999999999363
2026-06-20 09:07:03,662 - mazeUtils.moveTile - [moveTile.py:79] - DEBUG - gyro:268.44000000000005 deg, derivative: 0.10000000000002274, turnSpeed: -3.119999999999891
2026-06-20 09:07:03,691 - mazeUtils.moveTile - [moveTile.py:79] - DEBUG - gyro:268.51 deg, derivative: 0.06999999999993634, turnSpeed: -2.980000000000018
2026-06-20 09:07:03,716 - mazeUtils.moveTile - [moveTile.py:79] - DEBUG - gyro:268.6 deg, derivative: 0.09000000000003183, turnSpeed: -2.7999999999999545
2026-06-20 09:07:03,744 - mazeUtils.moveTile - [moveTile.py:79] - DEBUG - gyro:268.68 deg, derivative: 0.07999999999998408, turnSpeed: -2.6399999999999864
2026-06-20 09:07:03,775 - mazeUtils.moveTile - [moveTile.py:79] - DEBUG - gyro:268.77 deg, derivative: 0.08999999999997499, turnSpeed: -2.4600000000000364
2026-06-20 09:07:03,803 - mazeUtils.moveTile - [moveTile.py:79] - DEBUG - gyro:268.82000000000005 deg, derivative: 0.05000000000006821, turnSpeed: -2.3599999999999
2026-06-20 09:07:03,829 - mazeUtils.moveTile - [moveTile.py:79] - DEBUG - gyro:268.87 deg, derivative: 0.049999999999954525, turnSpeed: -2.259999999999991
2026-06-20 09:07:03,859 - mazeUtils.moveTile - [moveTile.py:79] - DEBUG - gyro:268.93 deg, derivative: 0.060000000000002274, turnSpeed: -2.1399999999999864
2026-06-20 09:07:03,882 - mazeUtils.moveTile - [moveTile.py:79] - DEBUG - gyro:269.03 deg, derivative: 0.0999999999999659, turnSpeed: -1.9400000000000546
2026-06-20 09:07:03,906 - mazeUtils.moveTile - [moveTile.py:79] - DEBUG - gyro:269.08000000000004 deg, derivative: 0.05000000000006821, turnSpeed: -1.8399999999999181
2026-06-20 09:07:03,930 - mazeUtils.moveTile - [moveTile.py:79] - DEBUG - gyro:269.15 deg, derivative: 0.06999999999993634, turnSpeed: -1.7000000000000455
2026-06-20 09:07:03,961 - mazeUtils.moveTile - [moveTile.py:79] - DEBUG - gyro:269.21000000000004 deg, derivative: 0.06000000000005912, turnSpeed: -1.5799999999999272
2026-06-20 09:07:03,981 - mazeUtils.moveTile - [moveTile.py:79] - DEBUG - Turned to heading: 269.21000000000004 deg
2026-06-20 09:07:03,981 - mazeUtils.moveTile - [moveTile.py:90] - DEBUG - [1498.337689] moveTile finished heading change (+4400.0 ms)
2026-06-20 09:07:03,981 - mazeUtils.moveTile - [moveTile.py:90] - DEBUG - [1498.337975] moveTile updated front direction (+0.3 ms)
2026-06-20 09:07:03,984 - mazeUtils.moveTile - [moveTile.py:90] - DEBUG - [1498.340482] moveTile acquired initial LiDAR scan (+2.5 ms)
2026-06-20 09:07:04,003 - mazeUtils.moveTile - [moveTile.py:90] - DEBUG - [1498.359507] moveTile stopped motors before alignment (+19.0 ms)
2026-06-20 09:07:04,062 - mazeUtils.moveTile - [moveTile.py:90] - DEBUG - [1498.418585] moveTile ready for forward move (+59.1 ms)
2026-06-20 09:07:04,168 - mazeUtils.moveTile - [moveTile.py:1191] - DEBUG - Calculated target steps to next tile: 1 based on distance 30 cm
2026-06-20 09:07:04,169 - mazeUtils.moveTile - [moveTile.py:90] - DEBUG - [1498.525257] moveTile initialized movement targetSteps=1 (+106.7 ms)
2026-06-20 09:07:04,170 - mazeUtils.moveTile - [moveTile.py:90] - DEBUG - [1498.526162] moveTile loop start (+0.9 ms)
2026-06-20 09:07:04,178 - picamera2.picamera2 - [picamera2.py:1391] - DEBUG - Execute job: <picamera2.job.Job object at 0x7f9027bf90>
2026-06-20 09:07:04,182 - mazeUtils.device.camera - [camera.py:39] - DEBUG - Average HSV: H=126.8, S=140.3, V=103.3
2026-06-20 09:07:04,188 - mazeUtils.moveTile - [moveTile.py:90] - DEBUG - [1498.544373] moveTile calculated motor speeds left=100 right=55 gyroSteer=44.64500000000001 wallSteer=0.0 (+18.2 ms)
2026-06-20 09:07:04,207 - mazeUtils.moveTile - [moveTile.py:90] - DEBUG - [1498.563380] moveTile applied motor speed left=100 right=55 (+19.0 ms)
2026-06-20 09:07:04,207 - mazeUtils.moveTile - [moveTile.py:90] - DEBUG - [1498.563773] moveTile ramp check isBigRamp=False (+0.4 ms)
2026-06-20 09:07:04,213 - mazeUtils.moveTile - [moveTile.py:90] - DEBUG - [1498.569300] moveTile tile color check tempTileColor=E (+5.5 ms)
2026-06-20 09:07:04,213 - mazeUtils.moveTile - [moveTile.py:90] - DEBUG - [1498.569656] moveTile obstacle check escapeFlag=False (+0.4 ms)
2026-06-20 09:07:04,232 - mazeUtils.moveTile - [moveTile.py:90] - DEBUG - [1498.588297] moveTile finished by front distance control (+18.6 ms)
2026-06-20 09:07:04,232 - mazeUtils.moveTile - [moveTile.py:90] - DEBUG - [1498.588912] moveTile start final forward adjustment (+19.3 ms)
2026-06-20 09:07:04,267 - mazeUtils.moveTile - [moveTile.py:90] - DEBUG - [1498.623179] moveTile finished final forward adjustment (+34.3 ms)
2026-06-20 09:07:04,355 - mazeUtils.moveTile - [moveTile.py:528] - DEBUG - Direction: absDirection.NORTH, Angle: 180, Distance: 52.66007436865758 cm
2026-06-20 09:07:04,356 - mazeUtils.moveTile - [moveTile.py:528] - DEBUG - Direction: absDirection.EAST, Angle: 90, Distance: 28.04744455245378 cm
2026-06-20 09:07:04,357 - mazeUtils.moveTile - [moveTile.py:528] - DEBUG - Direction: absDirection.SOUTH, Angle: 0, Distance: 15.6277228176877 cm
2026-06-20 09:07:04,358 - mazeUtils.moveTile - [moveTile.py:572] - WARNING - Inconsistent wall detection at absDirection.SOUTH: distance=15.6277228176877 cm, map wall type=wallType.NO_WALL
2026-06-20 09:07:04,359 - mazeUtils.moveTile - [moveTile.py:528] - DEBUG - Direction: absDirection.WEST, Angle: 270, Distance: 71.73836989770166 cm
2026-06-20 09:07:04,359 - mazeUtils.moveTile - [moveTile.py:90] - DEBUG - [1498.715411] moveTile updated map and detected walls (+92.2 ms)
2026-06-20 09:07:04,360 - mazeUtils.moveTile - [moveTile.py:1719] - INFO - Tile color detection counts: {}, decided tile type: E
2026-06-20 09:07:04,361 - mazeUtils.moveTile - [moveTile.py:90] - DEBUG - [1498.717343] moveTile finished (+94.2 ms)
2026-06-20 09:07:04,431 - __main__ - [main.py:87] - INFO - Current position: (21, 20, 1), front direction: absDirection.SOUTH
Layer 0 (altitude=0.0cm, offset=(0.0cm, 0.0cm)):
Known map area: x=20..20, y=20..20
+   +
| S  
+---+
Layer 1 (altitude=-15.0cm, offset=(0.0cm, -60.0cm)):
Known map area: x=20..21, y=19..20
+   +---+
  B   E |
+   +   +
| E   @ |
+   +   +
mazeAsGraph[0][20][20] = {absDirection.NORTH: (20, 20, 1, 60), absDirection.EAST: (21, 20, 0, 30), absDirection.SOUTH: None, absDirection.WEST: None}
mazeAsGraph[1][19][20] = {absDirection.NORTH: None, absDirection.EAST: None, absDirection.SOUTH: None, absDirection.WEST: None}
mazeAsGraph[1][19][21] = {absDirection.NORTH: None, absDirection.EAST: None, absDirection.SOUTH: (21, 20, 1, 30), absDirection.WEST: None}
mazeAsGraph[1][20][20] = {absDirection.NORTH: None, absDirection.EAST: (21, 20, 1, 30), absDirection.SOUTH: (20, 20, 0, 60), absDirection.WEST: None}
mazeAsGraph[1][20][21] = {absDirection.NORTH: (21, 19, 1, 30), absDirection.EAST: None, absDirection.SOUTH: (21, 21, 1, 30), absDirection.WEST: (20, 20, 1, 30)}
2026-06-20 09:07:04,437 - mazeUtils.moveTile - [moveTile.py:88] - DEBUG - [1498.793774] moveTile start direction=absDirection.SOUTH position=(21, 20, 1) front=absDirection.SOUTH
2026-06-20 09:07:04,442 - mazeUtils.moveTile - [moveTile.py:90] - DEBUG - [1498.798792] moveTile after initial toggle check (+5.0 ms)
2026-06-20 09:07:04,444 - mazeUtils.moveTile - [moveTile.py:90] - DEBUG - [1498.800387] moveTile after tile checks isRedTile=False isUnknownTileAhead=True (+1.6 ms)
2026-06-20 09:07:04,444 - mazeUtils.moveTile - [moveTile.py:79] - DEBUG - Moving to absDirection.SOUTH from (21, 20, 1) facing absDirection.SOUTH
2026-06-20 09:07:04,444 - mazeUtils.moveTile - [moveTile.py:90] - DEBUG - [1498.800802] moveTile updated front direction (+0.4 ms)
2026-06-20 09:07:04,446 - mazeUtils.moveTile - [moveTile.py:90] - DEBUG - [1498.802954] moveTile acquired initial LiDAR scan (+2.2 ms)
2026-06-20 09:07:04,464 - mazeUtils.moveTile - [moveTile.py:90] - DEBUG - [1498.820813] moveTile stopped motors before alignment (+17.9 ms)
2026-06-20 09:07:04,557 - mazeUtils.moveTile - [moveTile.py:90] - DEBUG - [1498.913124] moveTile ready for forward move (+92.3 ms)
2026-06-20 09:07:04,659 - mazeUtils.moveTile - [moveTile.py:90] - DEBUG - [1499.015868] moveTile initialized movement targetSteps=1 (+102.7 ms)
2026-06-20 09:07:04,661 - mazeUtils.moveTile - [moveTile.py:90] - DEBUG - [1499.017101] moveTile loop start (+1.2 ms)
2026-06-20 09:07:04,670 - picamera2.picamera2 - [picamera2.py:1391] - DEBUG - Execute job: <picamera2.job.Job object at 0x7f62c3e410>
2026-06-20 09:07:04,673 - mazeUtils.device.camera - [camera.py:39] - DEBUG - Average HSV: H=125.5, S=141.7, V=107.0
2026-06-20 09:07:04,677 - mazeUtils.moveTile - [moveTile.py:90] - DEBUG - [1499.033964] moveTile calculated motor speeds left=100 right=56 gyroSteer=43.44 wallSteer=0.0 (+16.9 ms)
2026-06-20 09:07:04,698 - mazeUtils.moveTile - [moveTile.py:90] - DEBUG - [1499.054060] moveTile applied motor speed left=100 right=56 (+20.1 ms)
2026-06-20 09:07:04,698 - mazeUtils.moveTile - [moveTile.py:90] - DEBUG - [1499.054566] moveTile ramp check isBigRamp=False (+0.5 ms)
2026-06-20 09:07:04,701 - mazeUtils.moveTile - [moveTile.py:90] - DEBUG - [1499.057446] moveTile tile color check tempTileColor=E (+2.9 ms)
2026-06-20 09:07:04,702 - mazeUtils.moveTile - [moveTile.py:90] - DEBUG - [1499.058130] moveTile obstacle check escapeFlag=False (+0.7 ms)
2026-06-20 09:07:04,723 - mazeUtils.moveTile - [moveTile.py:90] - DEBUG - [1499.079397] moveTile finished by front distance control (+21.3 ms)
2026-06-20 09:07:04,724 - mazeUtils.moveTile - [moveTile.py:90] - DEBUG - [1499.079995] moveTile start final forward adjustment (+21.9 ms)
2026-06-20 09:07:04,755 - mazeUtils.moveTile - [moveTile.py:90] - DEBUG - [1499.111574] moveTile finished final forward adjustment (+31.6 ms)
2026-06-20 09:07:04,756 - mazeUtils.moveTile - [moveTile.py:1598] - INFO - Set moved vertical distance: 0.0 cm, past distances: [(0.12277855983921379, False), (0.6120592377344533, False), (0, False)]
2026-06-20 09:07:04,756 - mazeUtils.moveTile - [moveTile.py:90] - DEBUG - [1499.112438] moveTile updated moved vertical distance 0.000 (+0.9 ms)
2026-06-20 09:07:04,867 - mazeUtils.moveTile - [moveTile.py:528] - DEBUG - Direction: absDirection.NORTH, Angle: 180, Distance: 56.39712399168812 cm
2026-06-20 09:07:04,869 - mazeUtils.moveTile - [moveTile.py:528] - DEBUG - Direction: absDirection.EAST, Angle: 90, Distance: 28.009493886246524 cm
2026-06-20 09:07:04,870 - mazeUtils.moveTile - [moveTile.py:528] - DEBUG - Direction: absDirection.SOUTH, Angle: 0, Distance: 13.867849498046244 cm
2026-06-20 09:07:04,870 - mazeUtils.moveTile - [moveTile.py:551] - DEBUG - Front LiDAR distance: 13.867849498046244 cm, TSD10 distance: 4.9 cm
2026-06-20 09:07:04,871 - mazeUtils.moveTile - [moveTile.py:528] - DEBUG - Direction: absDirection.WEST, Angle: 270, Distance: 72.73361460266305 cm
2026-06-20 09:07:04,872 - mazeUtils.moveTile - [moveTile.py:90] - DEBUG - [1499.228549] moveTile updated map and detected walls (+116.1 ms)
2026-06-20 09:07:04,874 - mazeUtils.moveTile - [moveTile.py:1719] - INFO - Tile color detection counts: {}, decided tile type: E
2026-06-20 09:07:04,874 - mazeUtils.moveTile - [moveTile.py:90] - DEBUG - [1499.230669] moveTile finished (+118.2 ms)
2026-06-20 09:07:04,945 - __main__ - [main.py:87] - INFO - Current position: (21, 21, 1), front direction: absDirection.SOUTH
Layer 0 (altitude=0.0cm, offset=(0.0cm, 0.0cm)):
Known map area: x=20..20, y=20..20
+   +
| S  
+---+
Layer 1 (altitude=-15.0cm, offset=(0.0cm, -60.0cm)):
Known map area: x=20..21, y=19..21
+   +---+
  B   E |
+   +   +
| E   E |
+   +   +
  U   @ |
+   +---+
mazeAsGraph[0][20][20] = {absDirection.NORTH: (20, 20, 1, 60), absDirection.EAST: (21, 20, 0, 30), absDirection.SOUTH: None, absDirection.WEST: None}
mazeAsGraph[1][19][20] = {absDirection.NORTH: None, absDirection.EAST: None, absDirection.SOUTH: None, absDirection.WEST: None}
mazeAsGraph[1][19][21] = {absDirection.NORTH: None, absDirection.EAST: None, absDirection.SOUTH: (21, 20, 1, 30), absDirection.WEST: None}
mazeAsGraph[1][20][20] = {absDirection.NORTH: None, absDirection.EAST: (21, 20, 1, 30), absDirection.SOUTH: (20, 20, 0, 60), absDirection.WEST: None}
mazeAsGraph[1][20][21] = {absDirection.NORTH: (21, 19, 1, 30), absDirection.EAST: None, absDirection.SOUTH: (21, 21, 1, 30), absDirection.WEST: (20, 20, 1, 30)}
mazeAsGraph[1][21][21] = {absDirection.NORTH: (21, 20, 1, 30), absDirection.EAST: None, absDirection.SOUTH: None, absDirection.WEST: (20, 21, 1, 30)}
2026-06-20 09:07:04,950 - mazeUtils.mazeMap - [mazeMap.py:61] - INFO - next goal: (20, 21, 1)
2026-06-20 09:07:04,951 - mazeUtils.moveTile - [moveTile.py:88] - DEBUG - [1499.307205] moveTile start direction=absDirection.WEST position=(21, 21, 1) front=absDirection.SOUTH
2026-06-20 09:07:04,957 - mazeUtils.moveTile - [moveTile.py:90] - DEBUG - [1499.313196] moveTile after initial toggle check (+6.0 ms)
2026-06-20 09:07:04,958 - mazeUtils.moveTile - [moveTile.py:90] - DEBUG - [1499.314905] moveTile after tile checks isRedTile=False isUnknownTileAhead=True (+1.7 ms)
2026-06-20 09:07:04,959 - mazeUtils.moveTile - [moveTile.py:79] - DEBUG - Moving to absDirection.WEST from (21, 21, 1) facing absDirection.SOUTH
2026-06-20 09:07:04,959 - mazeUtils.moveTile - [moveTile.py:90] - DEBUG - [1499.315653] moveTile start heading change target=90 (+0.7 ms)
2026-06-20 09:07:04,983 - mazeUtils.moveTile - [moveTile.py:79] - DEBUG - current heading: 265.32000000000005 target: 135
2026-06-20 09:07:06,176 - __main__ - [main.py:147] - INFO - Program interrupted by user.
2026-06-20 09:07:07,243 - mazeUtils.device.stm - [stm.py:216] - DEBUG - ACK resynchronized: type=STS_MOTOR dropped=24B seq=56
2026-06-20 09:07:07,753 - picamera2.picamera2 - [picamera2.py:1391] - DEBUG - Execute job: <picamera2.job.Job object at 0x7fa6807250>
2026-06-20 09:07:07,769 - picamera2.picamera2 - [picamera2.py:1323] - INFO - Camera stopped
2026-06-20 09:07:07,971 - picamera2.picamera2 - [picamera2.py:1329] - DEBUG - Camera was not started
2026-06-20 09:07:08,178 - picamera2.picamera2 - [picamera2.py:723] - INFO - Camera closed successfully.
2026-06-20 09:07:08,386 - picamera2.picamera2 - [picamera2.py:500] - DEBUG - Resources now free: <picamera2.picamera2.Picamera2 object at 0x7f81e3d9d0>
