2026-05-26 18:01:16,550 - root - [logging_config.py:61] - INFO - Logging initialized. Log file: /home/tuton/Kanto2026RPi/src/config/../logs/robot_20260526_180115.log
2026-05-26 18:01:17,050 - mazeUtils.mazeMap - [mazeMap.py:167] - WARNING - ArduinoNanoEveryUART init failed: [Errno 2] could not open port /dev/ttyUSB0: [Errno 2] No such file or directory: '/dev/ttyUSB0'
2026-05-26 18:01:18,132 - mazeUtils.device.LiDAR - [LiDAR.py:36] - INFO - Available ports: <ydlidar.Str2strMap; proxy of <Swig Object of type 'std::map< std::string,std::string > *' at 0x7f85db41b0> >
2026-05-26 18:01:22,102 - mazeUtils.moveTile - [moveTile.py:511] - DEBUG - Direction: absDirection.NORTH, Angle: 0, Distance: 74.6821669207788 cm
2026-05-26 18:01:22,103 - mazeUtils.moveTile - [moveTile.py:511] - DEBUG - Direction: absDirection.EAST, Angle: 270, Distance: 17.06425562094544 cm
2026-05-26 18:01:22,104 - mazeUtils.moveTile - [moveTile.py:511] - DEBUG - Direction: absDirection.SOUTH, Angle: 180, Distance: 19.308155399191477 cm
2026-05-26 18:01:22,105 - mazeUtils.moveTile - [moveTile.py:511] - DEBUG - Direction: absDirection.WEST, Angle: 90, Distance: 165.12625625939586 cm
2026-05-26 18:01:23,071 - __main__ - [main.py:69] - INFO - Initial Map:
2026-05-26 18:01:23,086 - __main__ - [main.py:70] - INFO - Current position: (20, 20, 0), front direction: absDirection.NORTH
Layer 0 (altitude=0.0cm, offset=(0.0cm, 0.0cm)):
Known map area: x=20..20, y=20..20
+   +
  @ |
+---+
mazeAsGraph[0][20][20] = {absDirection.NORTH: (20, 19, 0), absDirection.EAST: None, absDirection.SOUTH: None, absDirection.WEST: (19, 20, 0)}
2026-05-26 18:01:23,087 - mazeUtils.mazeMap - [mazeMap.py:61] - INFO - next goal: (20, 19, 0)
2026-05-26 18:01:23,088 - __main__ - [main.py:73] - INFO - Next Direction: [<absDirection.NORTH: 0>]
2026-05-26 18:01:23,089 - __main__ - [main.py:74] - INFO - Exploration started.
2026-05-26 18:01:23,089 - mazeUtils.mazeMap - [mazeMap.py:61] - INFO - next goal: (20, 19, 0)
2026-05-26 18:01:23,097 - mazeUtils.moveTile - [moveTile.py:80] - DEBUG - Moving to absDirection.NORTH from (20, 20, 0) facing absDirection.NORTH
2026-05-26 18:01:23,144 - mazeUtils.moveTile - [moveTile.py:80] - DEBUG - current heading: 0.03999999999996362 target: 0
2026-05-26 18:01:23,183 - mazeUtils.moveTile - [moveTile.py:387] - DEBUG - stopped turning at heading: 0.03999999999996362, diff: 0.03999999999996362
2026-05-26 18:01:23,267 - mazeUtils.moveTile - [moveTile.py:80] - DEBUG - Turned to heading: 0.03999999999996362 deg
2026-05-26 18:01:23,366 - picamera2.picamera2 - [picamera2.py:1391] - DEBUG - Execute job: <picamera2.job.Job object at 0x7f60753fd0>
2026-05-26 18:01:23,373 - mazeUtils.device.camera - [camera.py:37] - DEBUG - Average HSV: H=8.9, S=41.8, V=208.8
2026-05-26 18:01:23,421 - mazeUtils.moveTile - [moveTile.py:80] - DEBUG - roll: 0.4900000000000091 deg, practicalMoveTime: 0.05555488552418244 sec
2026-05-26 18:01:23,422 - mazeUtils.moveTile - [moveTile.py:1105] - DEBUG - moveTile loop time: 61.0 ms
2026-05-26 18:01:23,427 - picamera2.picamera2 - [picamera2.py:1391] - DEBUG - Execute job: <picamera2.job.Job object at 0x7f6075bc10>
2026-05-26 18:01:23,433 - mazeUtils.device.camera - [camera.py:37] - DEBUG - Average HSV: H=8.9, S=40.9, V=210.1
2026-05-26 18:01:23,480 - mazeUtils.moveTile - [moveTile.py:80] - DEBUG - roll: 359.83 deg, practicalMoveTime: 0.1139116290040473 sec
2026-05-26 18:01:23,480 - mazeUtils.moveTile - [moveTile.py:1105] - DEBUG - moveTile loop time: 58.6 ms
2026-05-26 18:01:23,487 - picamera2.picamera2 - [picamera2.py:1391] - DEBUG - Execute job: <picamera2.job.Job object at 0x7f6075bc10>
2026-05-26 18:01:23,490 - mazeUtils.device.camera - [camera.py:37] - DEBUG - Average HSV: H=9.4, S=41.9, V=210.7
2026-05-26 18:01:23,537 - mazeUtils.moveTile - [moveTile.py:80] - DEBUG - roll: 359.93 deg, practicalMoveTime: 0.16995115894309457 sec
2026-05-26 18:01:23,537 - mazeUtils.moveTile - [moveTile.py:1105] - DEBUG - moveTile loop time: 56.4 ms
2026-05-26 18:01:23,543 - picamera2.picamera2 - [picamera2.py:1391] - DEBUG - Execute job: <picamera2.job.Job object at 0x7f46ac0150>
2026-05-26 18:01:23,547 - mazeUtils.device.camera - [camera.py:37] - DEBUG - Average HSV: H=9.6, S=42.7, V=210.8
2026-05-26 18:01:23,596 - mazeUtils.moveTile - [moveTile.py:80] - DEBUG - roll: 0.13999999999998636 deg, practicalMoveTime: 0.22317031846005797 sec
2026-05-26 18:01:23,597 - mazeUtils.moveTile - [moveTile.py:1105] - DEBUG - moveTile loop time: 59.4 ms
2026-05-26 18:01:23,601 - picamera2.picamera2 - [picamera2.py:1391] - DEBUG - Execute job: <picamera2.job.Job object at 0x7f6161b550>
2026-05-26 18:01:23,604 - mazeUtils.device.camera - [camera.py:37] - DEBUG - Average HSV: H=10.1, S=41.2, V=213.1
2026-05-26 18:01:23,654 - mazeUtils.moveTile - [moveTile.py:80] - DEBUG - roll: 359.61 deg, practicalMoveTime: 0.28067936214749345 sec
2026-05-26 18:01:23,655 - mazeUtils.moveTile - [moveTile.py:1105] - DEBUG - moveTile loop time: 57.8 ms
2026-05-26 18:01:23,660 - picamera2.picamera2 - [picamera2.py:1391] - DEBUG - Execute job: <picamera2.job.Job object at 0x7f606fdd90>
2026-05-26 18:01:23,664 - mazeUtils.device.camera - [camera.py:37] - DEBUG - Average HSV: H=10.5, S=41.4, V=214.4
2026-05-26 18:01:23,713 - mazeUtils.moveTile - [moveTile.py:80] - DEBUG - roll: 0.45999999999997954 deg, practicalMoveTime: 0.33334144413951644 sec
2026-05-26 18:01:23,714 - mazeUtils.moveTile - [moveTile.py:1105] - DEBUG - moveTile loop time: 59.0 ms
2026-05-26 18:01:23,719 - picamera2.picamera2 - [picamera2.py:1391] - DEBUG - Execute job: <picamera2.job.Job object at 0x7f6161b550>
2026-05-26 18:01:23,723 - mazeUtils.device.camera - [camera.py:37] - DEBUG - Average HSV: H=10.2, S=43.0, V=213.7
2026-05-26 18:01:23,770 - mazeUtils.moveTile - [moveTile.py:80] - DEBUG - roll: 0.21999999999997044 deg, practicalMoveTime: 0.3832876701848656 sec
2026-05-26 18:01:23,770 - mazeUtils.moveTile - [moveTile.py:1105] - DEBUG - moveTile loop time: 55.6 ms
2026-05-26 18:01:23,776 - picamera2.picamera2 - [picamera2.py:1391] - DEBUG - Execute job: <picamera2.job.Job object at 0x7f7266a690>
2026-05-26 18:01:23,779 - mazeUtils.device.camera - [camera.py:37] - DEBUG - Average HSV: H=10.3, S=40.2, V=216.0
2026-05-26 18:01:23,827 - mazeUtils.moveTile - [moveTile.py:80] - DEBUG - roll: 0.19999999999998863 deg, practicalMoveTime: 0.4349484176885961 sec
2026-05-26 18:01:23,828 - mazeUtils.moveTile - [moveTile.py:1105] - DEBUG - moveTile loop time: 58.1 ms
2026-05-26 18:01:23,833 - picamera2.picamera2 - [picamera2.py:1391] - DEBUG - Execute job: <picamera2.job.Job object at 0x7f726a8bd0>
2026-05-26 18:01:23,838 - mazeUtils.device.camera - [camera.py:37] - DEBUG - Average HSV: H=10.5, S=40.0, V=216.2
2026-05-26 18:01:23,886 - mazeUtils.moveTile - [moveTile.py:80] - DEBUG - roll: 0.46999999999997044 deg, practicalMoveTime: 0.48707400133022344 sec
2026-05-26 18:01:23,887 - mazeUtils.moveTile - [moveTile.py:1105] - DEBUG - moveTile loop time: 58.3 ms
2026-05-26 18:01:23,892 - picamera2.picamera2 - [picamera2.py:1391] - DEBUG - Execute job: <picamera2.job.Job object at 0x7f606fdd90>
2026-05-26 18:01:23,897 - mazeUtils.device.camera - [camera.py:37] - DEBUG - Average HSV: H=10.7, S=39.9, V=216.2
2026-05-26 18:01:23,948 - mazeUtils.moveTile - [moveTile.py:80] - DEBUG - roll: 0.45999999999997954 deg, practicalMoveTime: 0.5418459482220658 sec
2026-05-26 18:01:23,949 - mazeUtils.moveTile - [moveTile.py:1105] - DEBUG - moveTile loop time: 61.2 ms
2026-05-26 18:01:23,954 - picamera2.picamera2 - [picamera2.py:1391] - DEBUG - Execute job: <picamera2.job.Job object at 0x7f6075bc10>
2026-05-26 18:01:23,959 - mazeUtils.device.camera - [camera.py:37] - DEBUG - Average HSV: H=10.8, S=40.9, V=216.3
2026-05-26 18:01:24,008 - mazeUtils.moveTile - [moveTile.py:80] - DEBUG - roll: 0.37999999999999545 deg, practicalMoveTime: 0.5952372557492451 sec
2026-05-26 18:01:24,009 - mazeUtils.moveTile - [moveTile.py:1105] - DEBUG - moveTile loop time: 59.7 ms
2026-05-26 18:01:24,016 - picamera2.picamera2 - [picamera2.py:1391] - DEBUG - Execute job: <picamera2.job.Job object at 0x7f46a6b290>
2026-05-26 18:01:24,020 - mazeUtils.device.camera - [camera.py:37] - DEBUG - Average HSV: H=10.9, S=40.9, V=218.3
2026-05-26 18:01:24,071 - mazeUtils.moveTile - [moveTile.py:80] - DEBUG - roll: 0.3299999999999841 deg, practicalMoveTime: 0.6509846507126954 sec
2026-05-26 18:01:24,072 - mazeUtils.moveTile - [moveTile.py:1105] - DEBUG - moveTile loop time: 61.5 ms
2026-05-26 18:01:24,078 - picamera2.picamera2 - [picamera2.py:1391] - DEBUG - Execute job: <picamera2.job.Job object at 0x7f6161b550>
2026-05-26 18:01:24,083 - mazeUtils.device.camera - [camera.py:37] - DEBUG - Average HSV: H=11.0, S=41.8, V=217.6
2026-05-26 18:01:24,130 - mazeUtils.moveTile - [moveTile.py:80] - DEBUG - roll: 0.589999999999975 deg, practicalMoveTime: 0.7036739604584917 sec
2026-05-26 18:01:24,131 - mazeUtils.moveTile - [moveTile.py:1105] - DEBUG - moveTile loop time: 58.8 ms
2026-05-26 18:01:24,137 - picamera2.picamera2 - [picamera2.py:1391] - DEBUG - Execute job: <picamera2.job.Job object at 0x7f60753fd0>
2026-05-26 18:01:24,141 - mazeUtils.device.camera - [camera.py:37] - DEBUG - Average HSV: H=10.9, S=39.6, V=218.7
2026-05-26 18:01:24,191 - mazeUtils.moveTile - [moveTile.py:80] - DEBUG - roll: 0.339999999999975 deg, practicalMoveTime: 0.7576343350621133 sec
2026-05-26 18:01:24,192 - mazeUtils.moveTile - [moveTile.py:1105] - DEBUG - moveTile loop time: 60.2 ms
2026-05-26 18:01:24,198 - picamera2.picamera2 - [picamera2.py:1391] - DEBUG - Execute job: <picamera2.job.Job object at 0x7f6075bc10>
2026-05-26 18:01:24,203 - mazeUtils.device.camera - [camera.py:37] - DEBUG - Average HSV: H=11.0, S=39.1, V=218.8
2026-05-26 18:01:24,253 - mazeUtils.moveTile - [moveTile.py:80] - DEBUG - roll: 0.29000000000002046 deg, practicalMoveTime: 0.8123352487616242 sec
2026-05-26 18:01:24,253 - mazeUtils.moveTile - [moveTile.py:1105] - DEBUG - moveTile loop time: 60.8 ms
2026-05-26 18:01:24,258 - picamera2.picamera2 - [picamera2.py:1391] - DEBUG - Execute job: <picamera2.job.Job object at 0x7f46ab2690>
2026-05-26 18:01:24,263 - mazeUtils.device.camera - [camera.py:37] - DEBUG - Average HSV: H=11.0, S=38.0, V=218.6
2026-05-26 18:01:24,312 - mazeUtils.moveTile - [moveTile.py:80] - DEBUG - roll: 0.5500000000000114 deg, practicalMoveTime: 0.8653057924496432 sec
2026-05-26 18:01:24,313 - mazeUtils.moveTile - [moveTile.py:1105] - DEBUG - moveTile loop time: 59.1 ms
2026-05-26 18:01:24,317 - picamera2.picamera2 - [picamera2.py:1391] - DEBUG - Execute job: <picamera2.job.Job object at 0x7f6074be50>
2026-05-26 18:01:24,321 - mazeUtils.device.camera - [camera.py:37] - DEBUG - Average HSV: H=11.4, S=37.4, V=220.8
2026-05-26 18:01:24,371 - mazeUtils.moveTile - [moveTile.py:80] - DEBUG - roll: 0.3299999999999841 deg, practicalMoveTime: 0.917761635105836 sec
2026-05-26 18:01:24,372 - mazeUtils.moveTile - [moveTile.py:1105] - DEBUG - moveTile loop time: 58.7 ms
2026-05-26 18:01:24,376 - picamera2.picamera2 - [picamera2.py:1391] - DEBUG - Execute job: <picamera2.job.Job object at 0x7f6075bc10>
2026-05-26 18:01:24,380 - mazeUtils.device.camera - [camera.py:37] - DEBUG - Average HSV: H=11.6, S=38.5, V=220.7
2026-05-26 18:01:24,430 - mazeUtils.moveTile - [moveTile.py:80] - DEBUG - roll: 0.3499999999999659 deg, practicalMoveTime: 0.9700420631935764 sec
2026-05-26 18:01:24,431 - mazeUtils.moveTile - [moveTile.py:1105] - DEBUG - moveTile loop time: 58.8 ms
2026-05-26 18:01:24,436 - picamera2.picamera2 - [picamera2.py:1391] - DEBUG - Execute job: <picamera2.job.Job object at 0x7f46ab2690>
2026-05-26 18:01:24,441 - mazeUtils.device.camera - [camera.py:37] - DEBUG - Average HSV: H=11.8, S=40.0, V=220.2
2026-05-26 18:01:24,587 - mazeUtils.moveTile - [moveTile.py:511] - DEBUG - Direction: absDirection.NORTH, Angle: 0, Distance: 46.96792215570054 cm
2026-05-26 18:01:24,589 - mazeUtils.moveTile - [moveTile.py:511] - DEBUG - Direction: absDirection.EAST, Angle: 270, Distance: 15.952072192931091 cm
2026-05-26 18:01:24,591 - mazeUtils.moveTile - [moveTile.py:511] - DEBUG - Direction: absDirection.SOUTH, Angle: 180, Distance: 50.75680046796965 cm
2026-05-26 18:01:24,593 - mazeUtils.moveTile - [moveTile.py:511] - DEBUG - Direction: absDirection.WEST, Angle: 90, Distance: 49.96763407116443 cm
2026-05-26 18:01:24,595 - mazeUtils.moveTile - [moveTile.py:1274] - INFO - Tile color detection counts: {}, decided tile type: E
2026-05-26 18:01:24,707 - __main__ - [main.py:84] - INFO - Current position: (20, 19, 0), front direction: absDirection.NORTH
Layer 0 (altitude=0.0cm, offset=(0.0cm, 0.0cm)):
Known map area: x=20..20, y=19..20
+   +
  @ |
+   +
  S |
+---+
mazeAsGraph[0][19][20] = {absDirection.NORTH: (20, 18, 0), absDirection.EAST: None, absDirection.SOUTH: (20, 20, 0), absDirection.WEST: (19, 19, 0)}
mazeAsGraph[0][20][20] = {absDirection.NORTH: (20, 19, 0), absDirection.EAST: None, absDirection.SOUTH: None, absDirection.WEST: (19, 20, 0)}
2026-05-26 18:01:24,718 - mazeUtils.mazeMap - [mazeMap.py:61] - INFO - next goal: (20, 18, 0)
2026-05-26 18:01:24,719 - mazeUtils.mazeMap - [mazeMap.py:61] - INFO - next goal: (20, 18, 0)
2026-05-26 18:01:24,725 - mazeUtils.moveTile - [moveTile.py:80] - DEBUG - Moving to absDirection.NORTH from (20, 19, 0) facing absDirection.NORTH
2026-05-26 18:01:24,773 - mazeUtils.moveTile - [moveTile.py:80] - DEBUG - current heading: 1.4499999999999886 target: 0
2026-05-26 18:01:24,815 - mazeUtils.moveTile - [moveTile.py:387] - DEBUG - stopped turning at heading: 1.4499999999999886, diff: 1.4499999999999886
2026-05-26 18:01:25,600 - mazeUtils.moveTile - [moveTile.py:80] - DEBUG - Turned to heading: 359.82 deg
2026-05-26 18:01:25,731 - picamera2.picamera2 - [picamera2.py:1391] - DEBUG - Execute job: <picamera2.job.Job object at 0x7f468ad610>
2026-05-26 18:01:25,738 - mazeUtils.device.camera - [camera.py:37] - DEBUG - Average HSV: H=11.8, S=40.9, V=220.8
2026-05-26 18:01:25,789 - mazeUtils.moveTile - [moveTile.py:80] - DEBUG - roll: 0.40999999999996817 deg, practicalMoveTime: 0.05963234808799124 sec
2026-05-26 18:01:25,790 - mazeUtils.moveTile - [moveTile.py:1105] - DEBUG - moveTile loop time: 64.8 ms
2026-05-26 18:01:25,798 - picamera2.picamera2 - [picamera2.py:1391] - DEBUG - Execute job: <picamera2.job.Job object at 0x7f468ad610>
2026-05-26 18:01:25,803 - mazeUtils.device.camera - [camera.py:37] - DEBUG - Average HSV: H=11.8, S=40.5, V=222.3
2026-05-26 18:01:25,852 - mazeUtils.moveTile - [moveTile.py:80] - DEBUG - roll: 359.99 deg, practicalMoveTime: 0.12161259464153669 sec
2026-05-26 18:01:25,852 - mazeUtils.moveTile - [moveTile.py:1105] - DEBUG - moveTile loop time: 61.5 ms
2026-05-26 18:01:25,859 - picamera2.picamera2 - [picamera2.py:1391] - DEBUG - Execute job: <picamera2.job.Job object at 0x7f468a1490>
2026-05-26 18:01:25,862 - mazeUtils.device.camera - [camera.py:37] - DEBUG - Average HSV: H=11.7, S=40.8, V=221.5
2026-05-26 18:01:25,911 - mazeUtils.moveTile - [moveTile.py:80] - DEBUG - roll: 359.63 deg, practicalMoveTime: 0.1806912482502279 sec
2026-05-26 18:01:25,912 - mazeUtils.moveTile - [moveTile.py:1105] - DEBUG - moveTile loop time: 59.2 ms
2026-05-26 18:01:25,917 - picamera2.picamera2 - [picamera2.py:1391] - DEBUG - Execute job: <picamera2.job.Job object at 0x7f468accd0>
2026-05-26 18:01:25,920 - mazeUtils.device.camera - [camera.py:37] - DEBUG - Average HSV: H=11.7, S=40.1, V=221.8
2026-05-26 18:01:25,968 - mazeUtils.moveTile - [moveTile.py:80] - DEBUG - roll: 0.6100000000000136 deg, practicalMoveTime: 0.2310562020704273 sec
2026-05-26 18:01:25,968 - mazeUtils.moveTile - [moveTile.py:1105] - DEBUG - moveTile loop time: 55.9 ms
2026-05-26 18:01:25,972 - picamera2.picamera2 - [picamera2.py:1391] - DEBUG - Execute job: <picamera2.job.Job object at 0x7f468ac7d0>
2026-05-26 18:01:25,976 - mazeUtils.device.camera - [camera.py:37] - DEBUG - Average HSV: H=11.7, S=40.0, V=222.7
2026-05-26 18:01:26,025 - mazeUtils.moveTile - [moveTile.py:80] - DEBUG - roll: 0.3100000000000023 deg, practicalMoveTime: 0.2817695949461685 sec
2026-05-26 18:01:26,025 - mazeUtils.moveTile - [moveTile.py:1105] - DEBUG - moveTile loop time: 56.8 ms
2026-05-26 18:01:26,032 - picamera2.picamera2 - [picamera2.py:1391] - DEBUG - Execute job: <picamera2.job.Job object at 0x7f468ac910>
2026-05-26 18:01:26,036 - mazeUtils.device.camera - [camera.py:37] - DEBUG - Average HSV: H=12.1, S=42.1, V=222.3
2026-05-26 18:01:26,084 - mazeUtils.moveTile - [moveTile.py:80] - DEBUG - roll: 0.38999999999998636 deg, practicalMoveTime: 0.334583212704552 sec
2026-05-26 18:01:26,085 - mazeUtils.moveTile - [moveTile.py:1105] - DEBUG - moveTile loop time: 59.0 ms
2026-05-26 18:01:26,091 - picamera2.picamera2 - [picamera2.py:1391] - DEBUG - Execute job: <picamera2.job.Job object at 0x7f468ac690>
2026-05-26 18:01:26,094 - mazeUtils.device.camera - [camera.py:37] - DEBUG - Average HSV: H=12.3, S=44.4, V=221.7
2026-05-26 18:01:26,143 - mazeUtils.moveTile - [moveTile.py:80] - DEBUG - roll: 0.37999999999999545 deg, practicalMoveTime: 0.3873893823824359 sec
2026-05-26 18:01:26,144 - mazeUtils.moveTile - [moveTile.py:1105] - DEBUG - moveTile loop time: 59.1 ms
2026-05-26 18:01:26,149 - picamera2.picamera2 - [picamera2.py:1391] - DEBUG - Execute job: <picamera2.job.Job object at 0x7f468accd0>
2026-05-26 18:01:26,153 - mazeUtils.device.camera - [camera.py:37] - DEBUG - Average HSV: H=12.4, S=45.6, V=221.2
2026-05-26 18:01:26,200 - mazeUtils.moveTile - [moveTile.py:80] - DEBUG - roll: 0.0999999999999659 deg, practicalMoveTime: 0.43780238962908885 sec
2026-05-26 18:01:26,201 - mazeUtils.moveTile - [moveTile.py:1105] - DEBUG - moveTile loop time: 56.2 ms
2026-05-26 18:01:26,204 - picamera2.picamera2 - [picamera2.py:1391] - DEBUG - Execute job: <picamera2.job.Job object at 0x7f468ac410>
2026-05-26 18:01:26,208 - mazeUtils.device.camera - [camera.py:37] - DEBUG - Average HSV: H=12.3, S=47.2, V=219.4
2026-05-26 18:01:26,255 - mazeUtils.moveTile - [moveTile.py:80] - DEBUG - roll: 0.6499999999999773 deg, practicalMoveTime: 0.48679032116439197 sec
2026-05-26 18:01:26,255 - mazeUtils.moveTile - [moveTile.py:1105] - DEBUG - moveTile loop time: 54.7 ms
2026-05-26 18:01:26,262 - picamera2.picamera2 - [picamera2.py:1391] - DEBUG - Execute job: <picamera2.job.Job object at 0x7f468ac910>
2026-05-26 18:01:26,265 - mazeUtils.device.camera - [camera.py:37] - DEBUG - Average HSV: H=12.1, S=46.8, V=219.8
2026-05-26 18:01:26,315 - mazeUtils.moveTile - [moveTile.py:80] - DEBUG - roll: 0.5400000000000205 deg, practicalMoveTime: 0.5399823861363138 sec
2026-05-26 18:01:26,315 - mazeUtils.moveTile - [moveTile.py:1105] - DEBUG - moveTile loop time: 59.4 ms
2026-05-26 18:01:26,320 - picamera2.picamera2 - [picamera2.py:1391] - DEBUG - Execute job: <picamera2.job.Job object at 0x7f468ad490>
2026-05-26 18:01:26,325 - mazeUtils.device.camera - [camera.py:37] - DEBUG - Average HSV: H=12.3, S=48.9, V=218.0
2026-05-26 18:01:26,373 - mazeUtils.moveTile - [moveTile.py:80] - DEBUG - roll: 0.01999999999998181 deg, practicalMoveTime: 0.5919910594966947 sec
2026-05-26 18:01:26,373 - mazeUtils.moveTile - [moveTile.py:1105] - DEBUG - moveTile loop time: 58.1 ms
2026-05-26 18:01:26,377 - picamera2.picamera2 - [picamera2.py:1391] - DEBUG - Execute job: <picamera2.job.Job object at 0x7f468ac410>
2026-05-26 18:01:26,381 - mazeUtils.device.camera - [camera.py:37] - DEBUG - Average HSV: H=12.1, S=48.9, V=217.1
2026-05-26 18:01:26,432 - mazeUtils.moveTile - [moveTile.py:80] - DEBUG - roll: 0.44999999999998863 deg, practicalMoveTime: 0.6443214891009817 sec
2026-05-26 18:01:26,432 - mazeUtils.moveTile - [moveTile.py:1105] - DEBUG - moveTile loop time: 58.5 ms
2026-05-26 18:01:26,437 - picamera2.picamera2 - [picamera2.py:1391] - DEBUG - Execute job: <picamera2.job.Job object at 0x7f468ad610>
2026-05-26 18:01:26,440 - mazeUtils.device.camera - [camera.py:37] - DEBUG - Average HSV: H=11.9, S=47.5, V=217.4
2026-05-26 18:01:26,491 - mazeUtils.moveTile - [moveTile.py:80] - DEBUG - roll: 0.4200000000000159 deg, practicalMoveTime: 0.6970244073454924 sec
2026-05-26 18:01:26,491 - mazeUtils.moveTile - [moveTile.py:1105] - DEBUG - moveTile loop time: 58.9 ms
2026-05-26 18:01:26,497 - picamera2.picamera2 - [picamera2.py:1391] - DEBUG - Execute job: <picamera2.job.Job object at 0x7f468ac550>
2026-05-26 18:01:26,500 - mazeUtils.device.camera - [camera.py:37] - DEBUG - Average HSV: H=11.6, S=44.6, V=217.6
2026-05-26 18:01:26,548 - mazeUtils.moveTile - [moveTile.py:80] - DEBUG - roll: 0.36000000000001364 deg, practicalMoveTime: 0.7479973887419641 sec
2026-05-26 18:01:26,548 - mazeUtils.moveTile - [moveTile.py:1105] - DEBUG - moveTile loop time: 56.9 ms
2026-05-26 18:01:26,553 - picamera2.picamera2 - [picamera2.py:1391] - DEBUG - Execute job: <picamera2.job.Job object at 0x7f468ac690>
2026-05-26 18:01:26,556 - mazeUtils.device.camera - [camera.py:37] - DEBUG - Average HSV: H=11.6, S=44.7, V=217.3
2026-05-26 18:01:26,607 - mazeUtils.moveTile - [moveTile.py:80] - DEBUG - roll: 0.339999999999975 deg, practicalMoveTime: 0.8008555021364986 sec
2026-05-26 18:01:26,608 - mazeUtils.moveTile - [moveTile.py:1105] - DEBUG - moveTile loop time: 59.1 ms
2026-05-26 18:01:26,613 - picamera2.picamera2 - [picamera2.py:1391] - DEBUG - Execute job: <picamera2.job.Job object at 0x7f468ac910>
2026-05-26 18:01:26,616 - mazeUtils.device.camera - [camera.py:37] - DEBUG - Average HSV: H=11.6, S=45.1, V=216.4
2026-05-26 18:01:26,664 - mazeUtils.moveTile - [moveTile.py:80] - DEBUG - roll: 0.5799999999999841 deg, practicalMoveTime: 0.8514910826388854 sec
2026-05-26 18:01:26,665 - mazeUtils.moveTile - [moveTile.py:1105] - DEBUG - moveTile loop time: 56.7 ms
2026-05-26 18:01:26,670 - picamera2.picamera2 - [picamera2.py:1391] - DEBUG - Execute job: <picamera2.job.Job object at 0x7f468ac690>
2026-05-26 18:01:26,673 - mazeUtils.device.camera - [camera.py:37] - DEBUG - Average HSV: H=11.8, S=44.7, V=218.1
2026-05-26 18:01:26,724 - mazeUtils.moveTile - [moveTile.py:80] - DEBUG - roll: 0.44999999999998863 deg, practicalMoveTime: 0.9044896835443502 sec
2026-05-26 18:01:26,724 - mazeUtils.moveTile - [moveTile.py:1105] - DEBUG - moveTile loop time: 59.1 ms
2026-05-26 18:01:26,729 - picamera2.picamera2 - [picamera2.py:1391] - DEBUG - Execute job: <picamera2.job.Job object at 0x7f468accd0>
2026-05-26 18:01:26,732 - mazeUtils.device.camera - [camera.py:37] - DEBUG - Average HSV: H=11.5, S=44.3, V=218.7
2026-05-26 18:01:26,783 - mazeUtils.moveTile - [moveTile.py:80] - DEBUG - roll: 0.5600000000000023 deg, practicalMoveTime: 0.9572492188340291 sec
2026-05-26 18:01:26,783 - mazeUtils.moveTile - [moveTile.py:1105] - DEBUG - moveTile loop time: 58.9 ms
2026-05-26 18:01:26,790 - picamera2.picamera2 - [picamera2.py:1391] - DEBUG - Execute job: <picamera2.job.Job object at 0x7f468a15d0>
2026-05-26 18:01:26,793 - mazeUtils.device.camera - [camera.py:37] - DEBUG - Average HSV: H=10.4, S=62.3, V=209.2
2026-05-26 18:01:26,842 - mazeUtils.moveTile - [moveTile.py:80] - DEBUG - roll: 0.6599999999999682 deg, practicalMoveTime: 1.0101959450350846 sec
2026-05-26 18:01:26,843 - mazeUtils.moveTile - [moveTile.py:1105] - DEBUG - moveTile loop time: 59.1 ms
2026-05-26 18:01:26,849 - picamera2.picamera2 - [picamera2.py:1391] - DEBUG - Execute job: <picamera2.job.Job object at 0x7f468ac910>
2026-05-26 18:01:26,852 - mazeUtils.device.camera - [camera.py:37] - DEBUG - Average HSV: H=34.3, S=75.6, V=161.1
2026-05-26 18:01:26,988 - mazeUtils.moveTile - [moveTile.py:80] - DEBUG - Little forward to adjust position
2026-05-26 18:01:27,069 - mazeUtils.moveTile - [moveTile.py:511] - DEBUG - Direction: absDirection.NORTH, Angle: 0, Distance: 11.683421480530713 cm
2026-05-26 18:01:27,071 - mazeUtils.moveTile - [moveTile.py:511] - DEBUG - Direction: absDirection.EAST, Angle: 270, Distance: 16.94797791718636 cm
2026-05-26 18:01:27,072 - mazeUtils.moveTile - [moveTile.py:511] - DEBUG - Direction: absDirection.SOUTH, Angle: 180, Distance: 83.31972535291627 cm
2026-05-26 18:01:27,072 - mazeUtils.moveTile - [moveTile.py:511] - DEBUG - Direction: absDirection.WEST, Angle: 90, Distance: 37.36636756270615 cm
2026-05-26 18:01:27,073 - mazeUtils.moveTile - [moveTile.py:1274] - INFO - Tile color detection counts: {}, decided tile type: E
2026-05-26 18:01:27,173 - __main__ - [main.py:84] - INFO - Current position: (20, 18, 0), front direction: absDirection.NORTH
Layer 0 (altitude=0.0cm, offset=(0.0cm, 0.0cm)):
Known map area: x=20..20, y=18..20
+---+
  @ |
+   +
  E |
+   +
  S |
+---+
mazeAsGraph[0][18][20] = {absDirection.NORTH: None, absDirection.EAST: None, absDirection.SOUTH: (20, 19, 0), absDirection.WEST: (19, 18, 0)}
mazeAsGraph[0][19][20] = {absDirection.NORTH: (20, 18, 0), absDirection.EAST: None, absDirection.SOUTH: (20, 20, 0), absDirection.WEST: (19, 19, 0)}
mazeAsGraph[0][20][20] = {absDirection.NORTH: (20, 19, 0), absDirection.EAST: None, absDirection.SOUTH: None, absDirection.WEST: (19, 20, 0)}
2026-05-26 18:01:27,182 - mazeUtils.mazeMap - [mazeMap.py:61] - INFO - next goal: (19, 18, 0)
2026-05-26 18:01:27,183 - mazeUtils.mazeMap - [mazeMap.py:61] - INFO - next goal: (19, 18, 0)
2026-05-26 18:01:27,189 - mazeUtils.moveTile - [moveTile.py:80] - DEBUG - Moving to absDirection.WEST from (20, 18, 0) facing absDirection.NORTH
2026-05-26 18:01:27,236 - mazeUtils.moveTile - [moveTile.py:80] - DEBUG - current heading: 5.0 target: 90
2026-05-26 18:01:28,157 - mazeUtils.moveTile - [moveTile.py:387] - DEBUG - stopped turning at heading: 80.01999999999998, diff: 9.980000000000018
2026-05-26 18:01:29,009 - mazeUtils.moveTile - [moveTile.py:80] - DEBUG - Turned to heading: 89.80000000000001 deg
2026-05-26 18:01:29,109 - picamera2.picamera2 - [picamera2.py:1391] - DEBUG - Execute job: <picamera2.job.Job object at 0x7f46894510>
2026-05-26 18:01:29,112 - mazeUtils.device.camera - [camera.py:37] - DEBUG - Average HSV: H=4.9, S=16.6, V=250.9
2026-05-26 18:01:29,164 - mazeUtils.moveTile - [moveTile.py:80] - DEBUG - roll: 359.87 deg, practicalMoveTime: 0.06138666564350283 sec
2026-05-26 18:01:29,164 - mazeUtils.moveTile - [moveTile.py:1105] - DEBUG - moveTile loop time: 60.7 ms
2026-05-26 18:01:29,168 - picamera2.picamera2 - [picamera2.py:1391] - DEBUG - Execute job: <picamera2.job.Job object at 0x7f46894dd0>
2026-05-26 18:01:29,171 - mazeUtils.device.camera - [camera.py:37] - DEBUG - Average HSV: H=5.1, S=17.7, V=250.0
2026-05-26 18:01:29,220 - mazeUtils.moveTile - [moveTile.py:80] - DEBUG - roll: 0.20999999999997954 deg, practicalMoveTime: 0.11118229255366631 sec
2026-05-26 18:01:29,220 - mazeUtils.moveTile - [moveTile.py:1105] - DEBUG - moveTile loop time: 55.7 ms
2026-05-26 18:01:29,226 - picamera2.picamera2 - [picamera2.py:1391] - DEBUG - Execute job: <picamera2.job.Job object at 0x7f46895710>
2026-05-26 18:01:29,229 - mazeUtils.device.camera - [camera.py:37] - DEBUG - Average HSV: H=7.3, S=48.3, V=200.7
2026-05-26 18:01:29,278 - mazeUtils.moveTile - [moveTile.py:80] - DEBUG - roll: 0.040000000000020464 deg, practicalMoveTime: 0.163357682480134 sec
2026-05-26 18:01:29,279 - mazeUtils.moveTile - [moveTile.py:1105] - DEBUG - moveTile loop time: 58.0 ms
2026-05-26 18:01:29,285 - picamera2.picamera2 - [picamera2.py:1391] - DEBUG - Execute job: <picamera2.job.Job object at 0x7f726a3550>
2026-05-26 18:01:29,289 - mazeUtils.device.camera - [camera.py:37] - DEBUG - Average HSV: H=166.2, S=38.3, V=188.4
2026-05-26 18:01:29,337 - mazeUtils.moveTile - [moveTile.py:80] - DEBUG - roll: 359.78 deg, practicalMoveTime: 0.2218863895840444 sec
2026-05-26 18:01:29,338 - mazeUtils.moveTile - [moveTile.py:1105] - DEBUG - moveTile loop time: 58.8 ms
2026-05-26 18:01:29,345 - picamera2.picamera2 - [picamera2.py:1391] - DEBUG - Execute job: <picamera2.job.Job object at 0x7f468943d0>
2026-05-26 18:01:29,347 - mazeUtils.device.camera - [camera.py:37] - DEBUG - Average HSV: H=141.5, S=29.0, V=221.7
2026-05-26 18:01:29,397 - mazeUtils.moveTile - [moveTile.py:80] - DEBUG - roll: 0.2300000000000182 deg, practicalMoveTime: 0.2747793397661703 sec
2026-05-26 18:01:29,397 - mazeUtils.moveTile - [moveTile.py:1105] - DEBUG - moveTile loop time: 59.0 ms
2026-05-26 18:01:29,403 - picamera2.picamera2 - [picamera2.py:1391] - DEBUG - Execute job: <picamera2.job.Job object at 0x7f46894650>
2026-05-26 18:01:29,406 - mazeUtils.device.camera - [camera.py:37] - DEBUG - Average HSV: H=98.5, S=15.2, V=244.0
2026-05-26 18:01:29,456 - mazeUtils.moveTile - [moveTile.py:80] - DEBUG - roll: 359.96 deg, practicalMoveTime: 0.33410454350965857 sec
2026-05-26 18:01:29,457 - mazeUtils.moveTile - [moveTile.py:1105] - DEBUG - moveTile loop time: 59.8 ms
2026-05-26 18:01:29,462 - picamera2.picamera2 - [picamera2.py:1391] - DEBUG - Execute job: <picamera2.job.Job object at 0x7f726a3550>
2026-05-26 18:01:29,466 - mazeUtils.device.camera - [camera.py:37] - DEBUG - Average HSV: H=12.6, S=84.7, V=187.7
2026-05-26 18:01:29,514 - mazeUtils.moveTile - [moveTile.py:80] - DEBUG - roll: 0.37000000000000455 deg, practicalMoveTime: 0.3855705552546338 sec
2026-05-26 18:01:29,515 - mazeUtils.moveTile - [moveTile.py:1105] - DEBUG - moveTile loop time: 57.4 ms
2026-05-26 18:01:29,519 - picamera2.picamera2 - [picamera2.py:1391] - DEBUG - Execute job: <picamera2.job.Job object at 0x7f468948d0>
2026-05-26 18:01:29,522 - mazeUtils.device.camera - [camera.py:37] - DEBUG - Average HSV: H=20.9, S=55.8, V=159.7
2026-05-26 18:01:29,571 - mazeUtils.moveTile - [moveTile.py:80] - DEBUG - roll: 3.589999999999975 deg, practicalMoveTime: 0.435718313349461 sec
2026-05-26 18:01:29,571 - mazeUtils.moveTile - [moveTile.py:1105] - DEBUG - moveTile loop time: 56.2 ms
2026-05-26 18:01:29,575 - picamera2.picamera2 - [picamera2.py:1391] - DEBUG - Execute job: <picamera2.job.Job object at 0x7f726a3550>
2026-05-26 18:01:29,578 - mazeUtils.device.camera - [camera.py:37] - DEBUG - Average HSV: H=12.5, S=33.7, V=238.3
2026-05-26 18:01:29,627 - mazeUtils.moveTile - [moveTile.py:80] - DEBUG - roll: 7.4599999999999795 deg, practicalMoveTime: 0.4851704465544905 sec
2026-05-26 18:01:29,627 - mazeUtils.moveTile - [moveTile.py:1105] - DEBUG - moveTile loop time: 55.6 ms
2026-05-26 18:01:29,633 - picamera2.picamera2 - [picamera2.py:1391] - DEBUG - Execute job: <picamera2.job.Job object at 0x7f468943d0>
2026-05-26 18:01:29,636 - mazeUtils.device.camera - [camera.py:37] - DEBUG - Average HSV: H=6.4, S=43.1, V=184.4
2026-05-26 18:01:29,683 - mazeUtils.moveTile - [moveTile.py:80] - DEBUG - roll: 9.769999999999982 deg, practicalMoveTime: 0.534890024538635 sec
2026-05-26 18:01:29,683 - mazeUtils.moveTile - [moveTile.py:1105] - DEBUG - moveTile loop time: 56.4 ms
2026-05-26 18:01:29,690 - picamera2.picamera2 - [picamera2.py:1391] - DEBUG - Execute job: <picamera2.job.Job object at 0x7f726a3490>
2026-05-26 18:01:29,693 - mazeUtils.device.camera - [camera.py:37] - DEBUG - Average HSV: H=111.3, S=12.3, V=243.0
2026-05-26 18:01:29,741 - mazeUtils.moveTile - [moveTile.py:80] - DEBUG - roll: 13.889999999999986 deg, practicalMoveTime: 0.5847344385139971 sec
2026-05-26 18:01:29,741 - mazeUtils.moveTile - [moveTile.py:1105] - DEBUG - moveTile loop time: 57.3 ms
2026-05-26 18:01:29,746 - picamera2.picamera2 - [picamera2.py:1391] - DEBUG - Execute job: <picamera2.job.Job object at 0x7f46894510>
2026-05-26 18:01:29,749 - mazeUtils.device.camera - [camera.py:37] - DEBUG - Average HSV: H=5.9, S=46.7, V=190.6
2026-05-26 18:01:29,799 - mazeUtils.moveTile - [moveTile.py:80] - DEBUG - roll: 16.909999999999968 deg, practicalMoveTime: 0.6308150379350996 sec
2026-05-26 18:01:29,800 - mazeUtils.moveTile - [moveTile.py:1105] - DEBUG - moveTile loop time: 58.2 ms
2026-05-26 18:01:29,805 - picamera2.picamera2 - [picamera2.py:1391] - DEBUG - Execute job: <picamera2.job.Job object at 0x7f726a1ad0>
2026-05-26 18:01:29,808 - mazeUtils.device.camera - [camera.py:37] - DEBUG - Average HSV: H=119.4, S=21.1, V=215.5
2026-05-26 18:01:29,856 - mazeUtils.moveTile - [moveTile.py:80] - DEBUG - roll: 19.409999999999968 deg, practicalMoveTime: 0.6768150664405805 sec
2026-05-26 18:01:29,857 - mazeUtils.moveTile - [moveTile.py:1105] - DEBUG - moveTile loop time: 56.5 ms
2026-05-26 18:01:29,863 - picamera2.picamera2 - [picamera2.py:1391] - DEBUG - Execute job: <picamera2.job.Job object at 0x7f46894650>
2026-05-26 18:01:29,866 - mazeUtils.device.camera - [camera.py:37] - DEBUG - Average HSV: H=8.2, S=48.5, V=197.8
2026-05-26 18:01:30,016 - mazeUtils.moveTile - [moveTile.py:80] - DEBUG - roll: 22.730000000000018 deg, practicalMoveTime: 0.8050373807950909 sec
2026-05-26 18:01:30,016 - mazeUtils.moveTile - [moveTile.py:1105] - DEBUG - moveTile loop time: 159.1 ms
2026-05-26 18:01:30,020 - picamera2.picamera2 - [picamera2.py:1391] - DEBUG - Execute job: <picamera2.job.Job object at 0x7f46894f10>
2026-05-26 18:01:30,023 - mazeUtils.device.camera - [camera.py:37] - DEBUG - Average HSV: H=150.8, S=30.1, V=184.2
2026-05-26 18:01:30,071 - mazeUtils.moveTile - [moveTile.py:80] - DEBUG - roll: 31.25 deg, practicalMoveTime: 0.8451232374569209 sec
2026-05-26 18:01:30,071 - mazeUtils.moveTile - [moveTile.py:1105] - DEBUG - moveTile loop time: 54.9 ms
2026-05-26 18:01:30,078 - picamera2.picamera2 - [picamera2.py:1391] - DEBUG - Execute job: <picamera2.job.Job object at 0x7f726a0f50>
2026-05-26 18:01:30,081 - mazeUtils.device.camera - [camera.py:37] - DEBUG - Average HSV: H=47.5, S=37.7, V=188.5
2026-05-26 18:01:30,130 - mazeUtils.moveTile - [moveTile.py:80] - DEBUG - roll: 35.39999999999998 deg, practicalMoveTime: 0.8863634406835442 sec
2026-05-26 18:01:30,130 - mazeUtils.moveTile - [moveTile.py:1105] - DEBUG - moveTile loop time: 59.1 ms
2026-05-26 18:01:30,137 - picamera2.picamera2 - [picamera2.py:1391] - DEBUG - Execute job: <picamera2.job.Job object at 0x7f46895710>
2026-05-26 18:01:30,140 - mazeUtils.device.camera - [camera.py:37] - DEBUG - Average HSV: H=153.6, S=31.2, V=186.1
2026-05-26 18:01:30,189 - mazeUtils.moveTile - [moveTile.py:80] - DEBUG - roll: 34.339999999999975 deg, practicalMoveTime: 0.9278497901583244 sec
2026-05-26 18:01:30,190 - mazeUtils.moveTile - [moveTile.py:1105] - DEBUG - moveTile loop time: 58.8 ms
2026-05-26 18:01:30,196 - picamera2.picamera2 - [picamera2.py:1391] - DEBUG - Execute job: <picamera2.job.Job object at 0x7f726a0f50>
2026-05-26 18:01:30,199 - mazeUtils.device.camera - [camera.py:37] - DEBUG - Average HSV: H=138.2, S=32.7, V=184.2
2026-05-26 18:01:30,248 - mazeUtils.moveTile - [moveTile.py:80] - DEBUG - roll: 33.39999999999998 deg, practicalMoveTime: 0.9699775310367004 sec
2026-05-26 18:01:30,249 - mazeUtils.moveTile - [moveTile.py:1105] - DEBUG - moveTile loop time: 58.8 ms
2026-05-26 18:01:30,254 - picamera2.picamera2 - [picamera2.py:1391] - DEBUG - Execute job: <picamera2.job.Job object at 0x7f726a1ad0>
2026-05-26 18:01:30,259 - mazeUtils.device.camera - [camera.py:37] - DEBUG - Average HSV: H=165.5, S=30.9, V=184.3
2026-05-26 18:01:30,315 - picamera2.picamera2 - [picamera2.py:1391] - DEBUG - Execute job: <picamera2.job.Job object at 0x7f46895050>
2026-05-26 18:01:30,319 - mazeUtils.device.camera - [camera.py:37] - DEBUG - Average HSV: H=139.3, S=38.1, V=170.2
2026-05-26 18:01:30,368 - mazeUtils.moveTile - [moveTile.py:80] - DEBUG - roll: 35.68000000000001 deg, practicalMoveTime: 1.055148731548413 sec
2026-05-26 18:01:30,368 - mazeUtils.moveTile - [moveTile.py:1105] - DEBUG - moveTile loop time: 58.7 ms
2026-05-26 18:01:30,374 - picamera2.picamera2 - [picamera2.py:1391] - DEBUG - Execute job: <picamera2.job.Job object at 0x7f46894510>
2026-05-26 18:01:30,377 - mazeUtils.device.camera - [camera.py:37] - DEBUG - Average HSV: H=145.8, S=27.5, V=185.7
2026-05-26 18:01:30,429 - mazeUtils.moveTile - [moveTile.py:80] - DEBUG - roll: 33.77999999999997 deg, practicalMoveTime: 1.0973279882801432 sec
2026-05-26 18:01:30,429 - mazeUtils.moveTile - [moveTile.py:1105] - DEBUG - moveTile loop time: 61.0 ms
2026-05-26 18:01:30,433 - picamera2.picamera2 - [picamera2.py:1391] - DEBUG - Execute job: <picamera2.job.Job object at 0x7f46894f10>
2026-05-26 18:01:30,437 - mazeUtils.device.camera - [camera.py:37] - DEBUG - Average HSV: H=152.5, S=17.7, V=211.9
2026-05-26 18:01:30,484 - mazeUtils.moveTile - [moveTile.py:80] - DEBUG - roll: 29.659999999999968 deg, practicalMoveTime: 1.1376758147599682 sec
2026-05-26 18:01:30,484 - mazeUtils.moveTile - [moveTile.py:1105] - DEBUG - moveTile loop time: 54.6 ms
2026-05-26 18:01:30,490 - picamera2.picamera2 - [picamera2.py:1391] - DEBUG - Execute job: <picamera2.job.Job object at 0x7f726a0f50>
2026-05-26 18:01:30,493 - mazeUtils.device.camera - [camera.py:37] - DEBUG - Average HSV: H=153.4, S=20.9, V=199.8
2026-05-26 18:01:30,542 - mazeUtils.moveTile - [moveTile.py:80] - DEBUG - roll: 32.76999999999998 deg, practicalMoveTime: 1.1787204001286127 sec
2026-05-26 18:01:30,543 - mazeUtils.moveTile - [moveTile.py:1105] - DEBUG - moveTile loop time: 58.3 ms
2026-05-26 18:01:30,547 - picamera2.picamera2 - [picamera2.py:1391] - DEBUG - Execute job: <picamera2.job.Job object at 0x7f46894dd0>
2026-05-26 18:01:30,550 - mazeUtils.device.camera - [camera.py:37] - DEBUG - Average HSV: H=142.8, S=22.0, V=188.2
2026-05-26 18:01:30,598 - mazeUtils.moveTile - [moveTile.py:80] - DEBUG - roll: 33.43000000000001 deg, practicalMoveTime: 1.218350508334062 sec
2026-05-26 18:01:30,599 - mazeUtils.moveTile - [moveTile.py:1105] - DEBUG - moveTile loop time: 55.7 ms
2026-05-26 18:01:30,604 - picamera2.picamera2 - [picamera2.py:1391] - DEBUG - Execute job: <picamera2.job.Job object at 0x7f468943d0>
2026-05-26 18:01:30,607 - mazeUtils.device.camera - [camera.py:37] - DEBUG - Average HSV: H=135.3, S=29.2, V=174.7
2026-05-26 18:01:30,654 - mazeUtils.moveTile - [moveTile.py:80] - DEBUG - roll: 32.56 deg, practicalMoveTime: 1.258647984414064 sec
2026-05-26 18:01:30,655 - mazeUtils.moveTile - [moveTile.py:1105] - DEBUG - moveTile loop time: 56.0 ms
2026-05-26 18:01:30,661 - picamera2.picamera2 - [picamera2.py:1391] - DEBUG - Execute job: <picamera2.job.Job object at 0x7f46894f10>
2026-05-26 18:01:30,664 - mazeUtils.device.camera - [camera.py:37] - DEBUG - Average HSV: H=137.4, S=25.1, V=180.7
2026-05-26 18:01:30,714 - mazeUtils.moveTile - [moveTile.py:80] - DEBUG - roll: 32.79000000000002 deg, practicalMoveTime: 1.3008466559204268 sec
2026-05-26 18:01:30,715 - mazeUtils.moveTile - [moveTile.py:1105] - DEBUG - moveTile loop time: 59.8 ms
2026-05-26 18:01:30,721 - picamera2.picamera2 - [picamera2.py:1391] - DEBUG - Execute job: <picamera2.job.Job object at 0x7f46895850>
2026-05-26 18:01:30,726 - mazeUtils.device.camera - [camera.py:37] - DEBUG - Average HSV: H=137.3, S=23.8, V=184.6
2026-05-26 18:01:30,776 - mazeUtils.moveTile - [moveTile.py:80] - DEBUG - roll: 32.65999999999997 deg, practicalMoveTime: 1.3445280687243373 sec
2026-05-26 18:01:30,776 - mazeUtils.moveTile - [moveTile.py:1105] - DEBUG - moveTile loop time: 60.8 ms
2026-05-26 18:01:30,781 - picamera2.picamera2 - [picamera2.py:1391] - DEBUG - Execute job: <picamera2.job.Job object at 0x7f46895710>
2026-05-26 18:01:30,784 - mazeUtils.device.camera - [camera.py:37] - DEBUG - Average HSV: H=135.6, S=25.5, V=181.3
2026-05-26 18:01:30,835 - mazeUtils.moveTile - [moveTile.py:80] - DEBUG - roll: 34.389999999999986 deg, practicalMoveTime: 1.3857858598107675 sec
2026-05-26 18:01:30,835 - mazeUtils.moveTile - [moveTile.py:1105] - DEBUG - moveTile loop time: 58.8 ms
2026-05-26 18:01:30,841 - picamera2.picamera2 - [picamera2.py:1391] - DEBUG - Execute job: <picamera2.job.Job object at 0x7f46895050>
2026-05-26 18:01:30,846 - mazeUtils.device.camera - [camera.py:37] - DEBUG - Average HSV: H=134.6, S=25.3, V=186.3
2026-05-26 18:01:30,894 - mazeUtils.moveTile - [moveTile.py:80] - DEBUG - roll: 33.920000000000016 deg, practicalMoveTime: 1.4276496134847356 sec
2026-05-26 18:01:30,895 - mazeUtils.moveTile - [moveTile.py:1105] - DEBUG - moveTile loop time: 59.5 ms
2026-05-26 18:01:30,900 - picamera2.picamera2 - [picamera2.py:1391] - DEBUG - Execute job: <picamera2.job.Job object at 0x7f726a3490>
2026-05-26 18:01:30,904 - mazeUtils.device.camera - [camera.py:37] - DEBUG - Average HSV: H=135.2, S=25.8, V=186.3
2026-05-26 18:01:30,955 - mazeUtils.moveTile - [moveTile.py:80] - DEBUG - roll: 34.65999999999997 deg, practicalMoveTime: 1.468925837718989 sec
2026-05-26 18:01:30,955 - mazeUtils.moveTile - [moveTile.py:1105] - DEBUG - moveTile loop time: 59.5 ms
2026-05-26 18:01:30,959 - picamera2.picamera2 - [picamera2.py:1391] - DEBUG - Execute job: <picamera2.job.Job object at 0x7f726a3550>
2026-05-26 18:01:30,964 - mazeUtils.device.camera - [camera.py:37] - DEBUG - Average HSV: H=135.2, S=27.3, V=183.2
2026-05-26 18:01:31,012 - mazeUtils.moveTile - [moveTile.py:80] - DEBUG - roll: 33.96999999999997 deg, practicalMoveTime: 1.5096111477711738 sec
2026-05-26 18:01:31,013 - mazeUtils.moveTile - [moveTile.py:1105] - DEBUG - moveTile loop time: 57.6 ms
2026-05-26 18:01:31,018 - picamera2.picamera2 - [picamera2.py:1391] - DEBUG - Execute job: <picamera2.job.Job object at 0x7f468943d0>
2026-05-26 18:01:31,023 - mazeUtils.device.camera - [camera.py:37] - DEBUG - Average HSV: H=135.6, S=26.8, V=183.6
2026-05-26 18:01:31,072 - mazeUtils.moveTile - [moveTile.py:80] - DEBUG - roll: 32.15999999999997 deg, practicalMoveTime: 1.5528622147770963 sec
2026-05-26 18:01:31,073 - mazeUtils.moveTile - [moveTile.py:1105] - DEBUG - moveTile loop time: 59.7 ms
2026-05-26 18:01:31,079 - picamera2.picamera2 - [picamera2.py:1391] - DEBUG - Execute job: <picamera2.job.Job object at 0x7f726a0f50>
2026-05-26 18:01:31,084 - mazeUtils.device.camera - [camera.py:37] - DEBUG - Average HSV: H=136.2, S=26.4, V=184.0
2026-05-26 18:01:31,132 - mazeUtils.moveTile - [moveTile.py:80] - DEBUG - roll: 31.339999999999975 deg, practicalMoveTime: 1.595630076170862 sec
2026-05-26 18:01:31,132 - mazeUtils.moveTile - [moveTile.py:1105] - DEBUG - moveTile loop time: 58.9 ms
2026-05-26 18:01:31,138 - picamera2.picamera2 - [picamera2.py:1391] - DEBUG - Execute job: <picamera2.job.Job object at 0x7f46894650>
2026-05-26 18:01:31,143 - mazeUtils.device.camera - [camera.py:37] - DEBUG - Average HSV: H=136.9, S=25.4, V=185.7
2026-05-26 18:01:31,192 - mazeUtils.moveTile - [moveTile.py:80] - DEBUG - roll: 27.71999999999997 deg, practicalMoveTime: 1.6408057023983833 sec
2026-05-26 18:01:31,193 - mazeUtils.moveTile - [moveTile.py:1105] - DEBUG - moveTile loop time: 59.8 ms
2026-05-26 18:01:31,198 - picamera2.picamera2 - [picamera2.py:1391] - DEBUG - Execute job: <picamera2.job.Job object at 0x7f726a1ad0>
2026-05-26 18:01:31,202 - mazeUtils.device.camera - [camera.py:37] - DEBUG - Average HSV: H=145.8, S=19.5, V=195.0
2026-05-26 18:01:31,252 - mazeUtils.moveTile - [moveTile.py:80] - DEBUG - roll: 20.779999999999973 deg, practicalMoveTime: 1.687685210363662 sec
2026-05-26 18:01:31,253 - mazeUtils.moveTile - [moveTile.py:1105] - DEBUG - moveTile loop time: 59.7 ms
2026-05-26 18:01:31,258 - picamera2.picamera2 - [picamera2.py:1391] - DEBUG - Execute job: <picamera2.job.Job object at 0x7f726a3490>
2026-05-26 18:01:31,263 - mazeUtils.device.camera - [camera.py:37] - DEBUG - Average HSV: H=149.8, S=17.8, V=200.6
2026-05-26 18:01:31,310 - mazeUtils.moveTile - [moveTile.py:80] - DEBUG - roll: 19.659999999999968 deg, practicalMoveTime: 1.7343350586484847 sec
2026-05-26 18:01:31,311 - mazeUtils.moveTile - [moveTile.py:1105] - DEBUG - moveTile loop time: 58.1 ms
2026-05-26 18:01:31,318 - picamera2.picamera2 - [picamera2.py:1391] - DEBUG - Execute job: <picamera2.job.Job object at 0x7f726a1ad0>
2026-05-26 18:01:31,323 - mazeUtils.device.camera - [camera.py:37] - DEBUG - Average HSV: H=149.5, S=21.0, V=193.0
2026-05-26 18:01:31,374 - mazeUtils.moveTile - [moveTile.py:80] - DEBUG - roll: 18.71999999999997 deg, practicalMoveTime: 1.7860432845361713 sec
2026-05-26 18:01:31,375 - mazeUtils.moveTile - [moveTile.py:1105] - DEBUG - moveTile loop time: 63.7 ms
2026-05-26 18:01:31,382 - picamera2.picamera2 - [picamera2.py:1391] - DEBUG - Execute job: <picamera2.job.Job object at 0x7f46894650>
2026-05-26 18:01:31,387 - mazeUtils.device.camera - [camera.py:37] - DEBUG - Average HSV: H=150.2, S=17.5, V=197.1
2026-05-26 18:01:31,440 - mazeUtils.moveTile - [moveTile.py:80] - DEBUG - roll: 16.019999999999982 deg, practicalMoveTime: 1.8372802068271221 sec
2026-05-26 18:01:31,441 - mazeUtils.moveTile - [moveTile.py:1105] - DEBUG - moveTile loop time: 65.2 ms
2026-05-26 18:01:31,445 - picamera2.picamera2 - [picamera2.py:1391] - DEBUG - Execute job: <picamera2.job.Job object at 0x7f726a1ad0>
2026-05-26 18:01:31,449 - mazeUtils.device.camera - [camera.py:37] - DEBUG - Average HSV: H=151.5, S=16.8, V=197.7
2026-05-26 18:01:31,498 - mazeUtils.moveTile - [moveTile.py:80] - DEBUG - roll: 14.050000000000011 deg, practicalMoveTime: 1.8876031140022587 sec
2026-05-26 18:01:31,499 - mazeUtils.moveTile - [moveTile.py:1105] - DEBUG - moveTile loop time: 58.1 ms
2026-05-26 18:01:31,505 - picamera2.picamera2 - [picamera2.py:1391] - DEBUG - Execute job: <picamera2.job.Job object at 0x7f46895710>
2026-05-26 18:01:31,509 - mazeUtils.device.camera - [camera.py:37] - DEBUG - Average HSV: H=150.6, S=17.1, V=196.5
2026-05-26 18:01:31,558 - mazeUtils.moveTile - [moveTile.py:80] - DEBUG - roll: 16.50999999999999 deg, practicalMoveTime: 1.9357138401780278 sec
2026-05-26 18:01:31,559 - mazeUtils.moveTile - [moveTile.py:1105] - DEBUG - moveTile loop time: 59.1 ms
2026-05-26 18:01:31,564 - picamera2.picamera2 - [picamera2.py:1391] - DEBUG - Execute job: <picamera2.job.Job object at 0x7f46894510>
2026-05-26 18:01:31,568 - mazeUtils.device.camera - [camera.py:37] - DEBUG - Average HSV: H=154.8, S=15.7, V=203.8
2026-05-26 18:01:31,623 - picamera2.picamera2 - [picamera2.py:1391] - DEBUG - Execute job: <picamera2.job.Job object at 0x7f726a0f50>
2026-05-26 18:01:31,628 - mazeUtils.device.camera - [camera.py:37] - DEBUG - Average HSV: H=154.9, S=15.7, V=203.8
2026-05-26 18:01:31,676 - mazeUtils.moveTile - [moveTile.py:80] - DEBUG - roll: 11.879999999999995 deg, practicalMoveTime: 2.038941813250428 sec
2026-05-26 18:01:31,677 - mazeUtils.moveTile - [moveTile.py:1105] - DEBUG - moveTile loop time: 58.7 ms
2026-05-26 18:01:31,683 - picamera2.picamera2 - [picamera2.py:1391] - DEBUG - Execute job: <picamera2.job.Job object at 0x7f46895850>
2026-05-26 18:01:31,687 - mazeUtils.device.camera - [camera.py:37] - DEBUG - Average HSV: H=155.2, S=14.8, V=207.3
2026-05-26 18:01:31,736 - mazeUtils.moveTile - [moveTile.py:80] - DEBUG - roll: 14.810000000000002 deg, practicalMoveTime: 2.0903659457806105 sec
2026-05-26 18:01:31,737 - mazeUtils.moveTile - [moveTile.py:1105] - DEBUG - moveTile loop time: 59.7 ms
2026-05-26 18:01:31,742 - picamera2.picamera2 - [picamera2.py:1391] - DEBUG - Execute job: <picamera2.job.Job object at 0x7f46894dd0>
2026-05-26 18:01:31,747 - mazeUtils.device.camera - [camera.py:37] - DEBUG - Average HSV: H=154.6, S=14.2, V=209.8
2026-05-26 18:01:31,798 - mazeUtils.moveTile - [moveTile.py:80] - DEBUG - roll: 13.180000000000007 deg, practicalMoveTime: 2.1433796917755683 sec
2026-05-26 18:01:31,798 - mazeUtils.moveTile - [moveTile.py:1105] - DEBUG - moveTile loop time: 61.1 ms
2026-05-26 18:01:31,803 - picamera2.picamera2 - [picamera2.py:1391] - DEBUG - Execute job: <picamera2.job.Job object at 0x7f726a3550>
2026-05-26 18:01:31,807 - mazeUtils.device.camera - [camera.py:37] - DEBUG - Average HSV: H=154.4, S=14.6, V=207.2
2026-05-26 18:01:31,858 - mazeUtils.moveTile - [moveTile.py:80] - DEBUG - roll: 12.589999999999975 deg, practicalMoveTime: 2.196121619325855 sec
2026-05-26 18:01:31,859 - mazeUtils.moveTile - [moveTile.py:1105] - DEBUG - moveTile loop time: 60.7 ms
2026-05-26 18:01:31,865 - picamera2.picamera2 - [picamera2.py:1391] - DEBUG - Execute job: <picamera2.job.Job object at 0x7f726a0f50>
2026-05-26 18:01:31,870 - mazeUtils.device.camera - [camera.py:37] - DEBUG - Average HSV: H=154.8, S=14.1, V=209.4
2026-05-26 18:01:31,919 - mazeUtils.moveTile - [moveTile.py:80] - DEBUG - roll: 14.319999999999993 deg, practicalMoveTime: 2.2481269055232485 sec
2026-05-26 18:01:31,920 - mazeUtils.moveTile - [moveTile.py:1105] - DEBUG - moveTile loop time: 59.8 ms
2026-05-26 18:01:31,924 - picamera2.picamera2 - [picamera2.py:1391] - DEBUG - Execute job: <picamera2.job.Job object at 0x7f46894f10>
2026-05-26 18:01:31,929 - mazeUtils.device.camera - [camera.py:37] - DEBUG - Average HSV: H=154.2, S=13.5, V=212.6
2026-05-26 18:01:31,978 - mazeUtils.moveTile - [moveTile.py:80] - DEBUG - roll: 12.599999999999966 deg, practicalMoveTime: 2.2991498318042023 sec
2026-05-26 18:01:31,979 - mazeUtils.moveTile - [moveTile.py:1105] - DEBUG - moveTile loop time: 58.9 ms
2026-05-26 18:01:31,984 - picamera2.picamera2 - [picamera2.py:1391] - DEBUG - Execute job: <picamera2.job.Job object at 0x7f726a1ad0>
2026-05-26 18:01:31,988 - mazeUtils.device.camera - [camera.py:37] - DEBUG - Average HSV: H=153.7, S=13.5, V=212.9
2026-05-26 18:01:32,037 - mazeUtils.moveTile - [moveTile.py:80] - DEBUG - roll: 12.04000000000002 deg, practicalMoveTime: 2.350155875812159 sec
2026-05-26 18:01:32,038 - mazeUtils.moveTile - [moveTile.py:1105] - DEBUG - moveTile loop time: 58.2 ms
2026-05-26 18:01:32,043 - picamera2.picamera2 - [picamera2.py:1391] - DEBUG - Execute job: <picamera2.job.Job object at 0x7f46894f10>
2026-05-26 18:01:32,048 - mazeUtils.device.camera - [camera.py:37] - DEBUG - Average HSV: H=152.5, S=13.0, V=215.8
2026-05-26 18:01:32,100 - mazeUtils.moveTile - [moveTile.py:80] - DEBUG - roll: 13.889999999999986 deg, practicalMoveTime: 2.4041804974011494 sec
2026-05-26 18:01:32,100 - mazeUtils.moveTile - [moveTile.py:1105] - DEBUG - moveTile loop time: 62.3 ms
2026-05-26 18:01:32,107 - picamera2.picamera2 - [picamera2.py:1391] - DEBUG - Execute job: <picamera2.job.Job object at 0x7f726a3490>
2026-05-26 18:01:32,112 - mazeUtils.device.camera - [camera.py:37] - DEBUG - Average HSV: H=153.1, S=13.0, V=212.8
2026-05-26 18:01:32,162 - mazeUtils.moveTile - [moveTile.py:80] - DEBUG - roll: 17.69999999999999 deg, practicalMoveTime: 2.452846114430142 sec
2026-05-26 18:01:32,163 - mazeUtils.moveTile - [moveTile.py:1105] - DEBUG - moveTile loop time: 61.7 ms
2026-05-26 18:01:32,168 - picamera2.picamera2 - [picamera2.py:1391] - DEBUG - Execute job: <picamera2.job.Job object at 0x7f726a3550>
2026-05-26 18:01:32,175 - mazeUtils.device.camera - [camera.py:37] - DEBUG - Average HSV: H=153.1, S=16.9, V=203.0
2026-05-26 18:01:32,226 - mazeUtils.moveTile - [moveTile.py:80] - DEBUG - roll: 18.74000000000001 deg, practicalMoveTime: 2.5031888046894184 sec
2026-05-26 18:01:32,227 - mazeUtils.moveTile - [moveTile.py:1105] - DEBUG - moveTile loop time: 64.3 ms
2026-05-26 18:01:32,234 - picamera2.picamera2 - [picamera2.py:1391] - DEBUG - Execute job: <picamera2.job.Job object at 0x7f726a1ad0>
2026-05-26 18:01:32,238 - mazeUtils.device.camera - [camera.py:37] - DEBUG - Average HSV: H=150.9, S=16.9, V=205.6
2026-05-26 18:01:32,286 - mazeUtils.moveTile - [moveTile.py:80] - DEBUG - roll: 17.129999999999995 deg, practicalMoveTime: 2.5515301715667023 sec
2026-05-26 18:01:32,287 - mazeUtils.moveTile - [moveTile.py:1105] - DEBUG - moveTile loop time: 59.4 ms
2026-05-26 18:01:32,293 - picamera2.picamera2 - [picamera2.py:1391] - DEBUG - Execute job: <picamera2.job.Job object at 0x7f726a0f50>
2026-05-26 18:01:32,297 - mazeUtils.device.camera - [camera.py:37] - DEBUG - Average HSV: H=144.3, S=10.1, V=232.2
2026-05-26 18:01:32,347 - mazeUtils.moveTile - [moveTile.py:80] - DEBUG - roll: 13.649999999999977 deg, practicalMoveTime: 2.6032857427509897 sec
2026-05-26 18:01:32,347 - mazeUtils.moveTile - [moveTile.py:1105] - DEBUG - moveTile loop time: 59.3 ms
2026-05-26 18:01:32,353 - picamera2.picamera2 - [picamera2.py:1391] - DEBUG - Execute job: <picamera2.job.Job object at 0x7f726a3550>
2026-05-26 18:01:32,358 - mazeUtils.device.camera - [camera.py:37] - DEBUG - Average HSV: H=150.5, S=9.5, V=231.0
2026-05-26 18:01:32,408 - mazeUtils.moveTile - [moveTile.py:80] - DEBUG - roll: 10.21999999999997 deg, practicalMoveTime: 2.656958955889898 sec
2026-05-26 18:01:32,409 - mazeUtils.moveTile - [moveTile.py:1105] - DEBUG - moveTile loop time: 61.1 ms
2026-05-26 18:01:32,415 - picamera2.picamera2 - [picamera2.py:1391] - DEBUG - Execute job: <picamera2.job.Job object at 0x7f726a3490>
2026-05-26 18:01:32,420 - mazeUtils.device.camera - [camera.py:37] - DEBUG - Average HSV: H=150.5, S=9.3, V=232.2
2026-05-26 18:01:32,470 - mazeUtils.moveTile - [moveTile.py:80] - DEBUG - roll: 8.170000000000016 deg, practicalMoveTime: 2.7112944263595367 sec
2026-05-26 18:01:32,470 - mazeUtils.moveTile - [moveTile.py:1105] - DEBUG - moveTile loop time: 61.4 ms
2026-05-26 18:01:32,477 - picamera2.picamera2 - [picamera2.py:1391] - DEBUG - Execute job: <picamera2.job.Job object at 0x7f46894650>
2026-05-26 18:01:32,481 - mazeUtils.device.camera - [camera.py:37] - DEBUG - Average HSV: H=150.6, S=9.4, V=232.3
2026-05-26 18:01:32,530 - mazeUtils.moveTile - [moveTile.py:80] - DEBUG - roll: 8.170000000000016 deg, practicalMoveTime: 2.764431754443107 sec
2026-05-26 18:01:32,531 - mazeUtils.moveTile - [moveTile.py:1105] - DEBUG - moveTile loop time: 60.0 ms
2026-05-26 18:01:32,536 - picamera2.picamera2 - [picamera2.py:1391] - DEBUG - Execute job: <picamera2.job.Job object at 0x7f726a3490>
2026-05-26 18:01:32,542 - mazeUtils.device.camera - [camera.py:37] - DEBUG - Average HSV: H=148.7, S=10.4, V=229.8
2026-05-26 18:01:32,591 - mazeUtils.moveTile - [moveTile.py:80] - DEBUG - roll: 9.389999999999986 deg, practicalMoveTime: 2.8173228420707646 sec
2026-05-26 18:01:32,591 - mazeUtils.moveTile - [moveTile.py:1105] - DEBUG - moveTile loop time: 60.4 ms
2026-05-26 18:01:32,597 - picamera2.picamera2 - [picamera2.py:1391] - DEBUG - Execute job: <picamera2.job.Job object at 0x7f468948d0>
2026-05-26 18:01:32,603 - mazeUtils.device.camera - [camera.py:37] - DEBUG - Average HSV: H=149.3, S=10.6, V=228.1
2026-05-26 18:01:32,651 - mazeUtils.moveTile - [moveTile.py:80] - DEBUG - roll: 10.079999999999984 deg, practicalMoveTime: 2.869870682721968 sec
2026-05-26 18:01:32,652 - mazeUtils.moveTile - [moveTile.py:1105] - DEBUG - moveTile loop time: 60.0 ms
2026-05-26 18:01:32,657 - picamera2.picamera2 - [picamera2.py:1391] - DEBUG - Execute job: <picamera2.job.Job object at 0x7f726a3550>
2026-05-26 18:01:32,661 - mazeUtils.device.camera - [camera.py:37] - DEBUG - Average HSV: H=150.9, S=13.9, V=214.3
2026-05-26 18:01:32,710 - mazeUtils.moveTile - [moveTile.py:80] - DEBUG - roll: 9.45999999999998 deg, practicalMoveTime: 2.9210438066208124 sec
2026-05-26 18:01:32,711 - mazeUtils.moveTile - [moveTile.py:1105] - DEBUG - moveTile loop time: 58.2 ms
2026-05-26 18:01:32,718 - picamera2.picamera2 - [picamera2.py:1391] - DEBUG - Execute job: <picamera2.job.Job object at 0x7f726a3490>
2026-05-26 18:01:32,723 - mazeUtils.device.camera - [camera.py:37] - DEBUG - Average HSV: H=151.6, S=12.3, V=216.9
2026-05-26 18:01:32,871 - mazeUtils.moveTile - [moveTile.py:511] - DEBUG - Direction: absDirection.NORTH, Angle: 270, Distance: 157.4729244054915 cm
2026-05-26 18:01:32,874 - mazeUtils.moveTile - [moveTile.py:511] - DEBUG - Direction: absDirection.EAST, Angle: 180, Distance: 119.04751934468128 cm
2026-05-26 18:01:32,876 - mazeUtils.moveTile - [moveTile.py:511] - DEBUG - Direction: absDirection.SOUTH, Angle: 90, Distance: 332.84870786114186 cm
2026-05-26 18:01:32,879 - mazeUtils.moveTile - [moveTile.py:511] - DEBUG - Direction: absDirection.WEST, Angle: 0, Distance: 190.87095227352225 cm
2026-05-26 18:01:32,880 - mazeUtils.moveTile - [moveTile.py:1274] - INFO - Tile color detection counts: {}, decided tile type: E
2026-05-26 18:01:33,014 - __main__ - [main.py:84] - INFO - Current position: (20, 18, 1), front direction: absDirection.WEST
Layer 0 (altitude=0.0cm, offset=(0.0cm, 0.0cm)):
Known map area: x=20..20, y=18..20
+---+
  E |
+   +
  E |
+   +
  S |
+---+
Layer 1 (altitude=30.0cm, offset=(-90.0cm, 0.0cm)):
Known map area: x=20..20, y=18..18
+   +
  @  
+   +
mazeAsGraph[0][18][20] = {absDirection.NORTH: None, absDirection.EAST: None, absDirection.SOUTH: (20, 19, 0), absDirection.WEST: (20, 18, 1)}
mazeAsGraph[0][19][20] = {absDirection.NORTH: (20, 18, 0), absDirection.EAST: None, absDirection.SOUTH: (20, 20, 0), absDirection.WEST: (19, 19, 0)}
mazeAsGraph[0][20][20] = {absDirection.NORTH: (20, 19, 0), absDirection.EAST: None, absDirection.SOUTH: None, absDirection.WEST: (19, 20, 0)}
mazeAsGraph[1][18][20] = {absDirection.NORTH: (20, 17, 1), absDirection.EAST: (20, 18, 0), absDirection.SOUTH: (20, 19, 1), absDirection.WEST: (19, 18, 1)}
2026-05-26 18:01:33,024 - mazeUtils.mazeMap - [mazeMap.py:61] - INFO - next goal: (19, 18, 1)
2026-05-26 18:01:33,026 - mazeUtils.mazeMap - [mazeMap.py:61] - INFO - next goal: (19, 18, 1)
2026-05-26 18:01:33,032 - mazeUtils.moveTile - [moveTile.py:80] - DEBUG - Moving to absDirection.WEST from (20, 18, 1) facing absDirection.WEST
2026-05-26 18:01:33,079 - mazeUtils.moveTile - [moveTile.py:80] - DEBUG - current heading: 116.13999999999999 target: 90
2026-05-26 18:01:36,039 - __main__ - [main.py:84] - INFO - Current position: (20, 18, 1), front direction: absDirection.WEST
Layer 0 (altitude=0.0cm, offset=(0.0cm, 0.0cm)):
Known map area: x=20..20, y=18..20
+---+
  E |
+   +
  E |
+   +
  S |
+---+
Layer 1 (altitude=30.0cm, offset=(-90.0cm, 0.0cm)):
Known map area: x=20..20, y=18..18
+   +
  @  
+   +
mazeAsGraph[0][18][20] = {absDirection.NORTH: None, absDirection.EAST: None, absDirection.SOUTH: (20, 19, 0), absDirection.WEST: (20, 18, 1)}
mazeAsGraph[0][19][20] = {absDirection.NORTH: (20, 18, 0), absDirection.EAST: None, absDirection.SOUTH: (20, 20, 0), absDirection.WEST: (19, 19, 0)}
mazeAsGraph[0][20][20] = {absDirection.NORTH: (20, 19, 0), absDirection.EAST: None, absDirection.SOUTH: None, absDirection.WEST: (19, 20, 0)}
mazeAsGraph[1][18][20] = {absDirection.NORTH: (20, 17, 1), absDirection.EAST: (20, 18, 0), absDirection.SOUTH: (20, 19, 1), absDirection.WEST: (19, 18, 1)}
2026-05-26 18:02:04,565 - __main__ - [main.py:87] - INFO - Exploration resumed.
2026-05-26 18:02:06,721 - mazeUtils.mazeMap - [mazeMap.py:61] - INFO - next goal: (20, 19, 0)
2026-05-26 18:02:06,733 - mazeUtils.moveTile - [moveTile.py:511] - DEBUG - Direction: absDirection.NORTH, Angle: 0, Distance: 45.841411550319684 cm
2026-05-26 18:02:06,734 - mazeUtils.moveTile - [moveTile.py:511] - DEBUG - Direction: absDirection.EAST, Angle: 270, Distance: 16.820224729933475 cm
2026-05-26 18:02:06,735 - mazeUtils.moveTile - [moveTile.py:511] - DEBUG - Direction: absDirection.SOUTH, Angle: 180, Distance: 51.01012136765496 cm
2026-05-26 18:02:06,736 - mazeUtils.moveTile - [moveTile.py:541] - WARNING - Inconsistent wall detection at absDirection.SOUTH: distance=51.01012136765496 cm, map wall type=wallType.WALL
2026-05-26 18:02:06,737 - mazeUtils.moveTile - [moveTile.py:511] - DEBUG - Direction: absDirection.WEST, Angle: 90, Distance: 48.597388367196785 cm
2026-05-26 18:02:07,723 - __main__ - [main.py:69] - INFO - Initial Map:
2026-05-26 18:02:07,739 - __main__ - [main.py:70] - INFO - Current position: (20, 20, 0), front direction: absDirection.NORTH
Layer 0 (altitude=0.0cm, offset=(0.0cm, 0.0cm)):
Known map area: x=20..20, y=20..20
+   +
  @ |
+---+
mazeAsGraph[0][20][20] = {absDirection.NORTH: (20, 19, 0), absDirection.EAST: None, absDirection.SOUTH: None, absDirection.WEST: (19, 20, 0)}
2026-05-26 18:02:07,740 - mazeUtils.mazeMap - [mazeMap.py:61] - INFO - next goal: (20, 19, 0)
2026-05-26 18:02:07,740 - __main__ - [main.py:73] - INFO - Next Direction: [<absDirection.NORTH: 0>]
2026-05-26 18:02:07,740 - __main__ - [main.py:74] - INFO - Exploration started.
2026-05-26 18:02:07,741 - mazeUtils.mazeMap - [mazeMap.py:61] - INFO - next goal: (20, 19, 0)
2026-05-26 18:02:07,749 - mazeUtils.moveTile - [moveTile.py:80] - DEBUG - Moving to absDirection.NORTH from (20, 20, 0) facing absDirection.NORTH
2026-05-26 18:02:07,795 - mazeUtils.moveTile - [moveTile.py:80] - DEBUG - current heading: 0.13999999999998636 target: 0
2026-05-26 18:02:07,835 - mazeUtils.moveTile - [moveTile.py:387] - DEBUG - stopped turning at heading: 0.13999999999998636, diff: 0.13999999999998636
2026-05-26 18:02:07,921 - mazeUtils.moveTile - [moveTile.py:80] - DEBUG - Turned to heading: 0.14999999999997726 deg
2026-05-26 18:02:08,021 - picamera2.picamera2 - [picamera2.py:1391] - DEBUG - Execute job: <picamera2.job.Job object at 0x7f45ab02d0>
2026-05-26 18:02:08,024 - mazeUtils.device.camera - [camera.py:37] - DEBUG - Average HSV: H=9.0, S=77.6, V=122.3
2026-05-26 18:02:08,073 - mazeUtils.moveTile - [moveTile.py:80] - DEBUG - roll: 0.05000000000001137 deg, practicalMoveTime: 0.053424004239549815 sec
2026-05-26 18:02:08,073 - mazeUtils.moveTile - [moveTile.py:1105] - DEBUG - moveTile loop time: 58.5 ms
2026-05-26 18:02:08,079 - picamera2.picamera2 - [picamera2.py:1391] - DEBUG - Execute job: <picamera2.job.Job object at 0x7f464362d0>
2026-05-26 18:02:08,082 - mazeUtils.device.camera - [camera.py:37] - DEBUG - Average HSV: H=8.8, S=75.3, V=134.7
2026-05-26 18:02:08,130 - mazeUtils.moveTile - [moveTile.py:80] - DEBUG - roll: 0.29000000000002046 deg, practicalMoveTime: 0.10386798489567362 sec
2026-05-26 18:02:08,130 - mazeUtils.moveTile - [moveTile.py:1105] - DEBUG - moveTile loop time: 56.4 ms
2026-05-26 18:02:08,134 - picamera2.picamera2 - [picamera2.py:1391] - DEBUG - Execute job: <picamera2.job.Job object at 0x7f45b16990>
2026-05-26 18:02:08,137 - mazeUtils.device.camera - [camera.py:37] - DEBUG - Average HSV: H=10.7, S=66.9, V=178.1
2026-05-26 18:02:08,185 - mazeUtils.moveTile - [moveTile.py:80] - DEBUG - roll: 0.01999999999998181 deg, practicalMoveTime: 0.1536575059406915 sec
2026-05-26 18:02:08,186 - mazeUtils.moveTile - [moveTile.py:1105] - DEBUG - moveTile loop time: 55.8 ms
2026-05-26 18:02:08,190 - picamera2.picamera2 - [picamera2.py:1391] - DEBUG - Execute job: <picamera2.job.Job object at 0x7f464274d0>
2026-05-26 18:02:08,194 - mazeUtils.device.camera - [camera.py:37] - DEBUG - Average HSV: H=10.6, S=65.5, V=179.1
2026-05-26 18:02:08,241 - mazeUtils.moveTile - [moveTile.py:80] - DEBUG - roll: 0.36000000000001364 deg, practicalMoveTime: 0.2027855931057109 sec
2026-05-26 18:02:08,241 - mazeUtils.moveTile - [moveTile.py:1105] - DEBUG - moveTile loop time: 54.8 ms
2026-05-26 18:02:08,247 - picamera2.picamera2 - [picamera2.py:1391] - DEBUG - Execute job: <picamera2.job.Job object at 0x7f45b7aad0>
2026-05-26 18:02:08,251 - mazeUtils.device.camera - [camera.py:37] - DEBUG - Average HSV: H=10.6, S=66.7, V=177.6
2026-05-26 18:02:08,300 - mazeUtils.moveTile - [moveTile.py:80] - DEBUG - roll: 0.18999999999999773 deg, practicalMoveTime: 0.2556119456370113 sec
2026-05-26 18:02:08,301 - mazeUtils.moveTile - [moveTile.py:1105] - DEBUG - moveTile loop time: 59.2 ms
2026-05-26 18:02:08,307 - picamera2.picamera2 - [picamera2.py:1391] - DEBUG - Execute job: <picamera2.job.Job object at 0x7f464362d0>
2026-05-26 18:02:08,310 - mazeUtils.device.camera - [camera.py:37] - DEBUG - Average HSV: H=10.7, S=67.4, V=178.4
2026-05-26 18:02:08,358 - mazeUtils.moveTile - [moveTile.py:80] - DEBUG - roll: 359.96 deg, practicalMoveTime: 0.31328347851884075 sec
2026-05-26 18:02:08,359 - mazeUtils.moveTile - [moveTile.py:1105] - DEBUG - moveTile loop time: 57.9 ms
2026-05-26 18:02:08,365 - picamera2.picamera2 - [picamera2.py:1391] - DEBUG - Execute job: <picamera2.job.Job object at 0x7f45b7aad0>
2026-05-26 18:02:08,368 - mazeUtils.device.camera - [camera.py:37] - DEBUG - Average HSV: H=10.5, S=71.9, V=176.1
2026-05-26 18:02:08,415 - mazeUtils.moveTile - [moveTile.py:80] - DEBUG - roll: 0.2400000000000091 deg, practicalMoveTime: 0.36403364649787673 sec
2026-05-26 18:02:08,416 - mazeUtils.moveTile - [moveTile.py:1105] - DEBUG - moveTile loop time: 56.8 ms
2026-05-26 18:02:08,421 - picamera2.picamera2 - [picamera2.py:1391] - DEBUG - Execute job: <picamera2.job.Job object at 0x7f46a5be10>
2026-05-26 18:02:08,424 - mazeUtils.device.camera - [camera.py:37] - DEBUG - Average HSV: H=10.1, S=71.7, V=174.2
2026-05-26 18:02:08,473 - mazeUtils.moveTile - [moveTile.py:80] - DEBUG - roll: 0.12999999999999545 deg, practicalMoveTime: 0.4155357893971098 sec
2026-05-26 18:02:08,473 - mazeUtils.moveTile - [moveTile.py:1105] - DEBUG - moveTile loop time: 57.5 ms
2026-05-26 18:02:08,478 - picamera2.picamera2 - [picamera2.py:1391] - DEBUG - Execute job: <picamera2.job.Job object at 0x7f45ab02d0>
2026-05-26 18:02:08,481 - mazeUtils.device.camera - [camera.py:37] - DEBUG - Average HSV: H=9.9, S=68.5, V=174.4
2026-05-26 18:02:08,529 - mazeUtils.moveTile - [moveTile.py:80] - DEBUG - roll: 0.25 deg, practicalMoveTime: 0.46585140577631945 sec
2026-05-26 18:02:08,530 - mazeUtils.moveTile - [moveTile.py:1105] - DEBUG - moveTile loop time: 56.2 ms
2026-05-26 18:02:08,536 - picamera2.picamera2 - [picamera2.py:1391] - DEBUG - Execute job: <picamera2.job.Job object at 0x7f46a5bdd0>
2026-05-26 18:02:08,539 - mazeUtils.device.camera - [camera.py:37] - DEBUG - Average HSV: H=10.1, S=70.6, V=172.8
2026-05-26 18:02:08,586 - mazeUtils.moveTile - [moveTile.py:80] - DEBUG - roll: 0.5699999999999932 deg, practicalMoveTime: 0.5161386196213652 sec
2026-05-26 18:02:08,586 - mazeUtils.moveTile - [moveTile.py:1105] - DEBUG - moveTile loop time: 56.1 ms
2026-05-26 18:02:08,590 - picamera2.picamera2 - [picamera2.py:1391] - DEBUG - Execute job: <picamera2.job.Job object at 0x7f464274d0>
2026-05-26 18:02:08,593 - mazeUtils.device.camera - [camera.py:37] - DEBUG - Average HSV: H=10.4, S=71.8, V=172.3
2026-05-26 18:02:08,640 - mazeUtils.moveTile - [moveTile.py:80] - DEBUG - roll: 359.9 deg, practicalMoveTime: 0.5701167421350517 sec
2026-05-26 18:02:08,641 - mazeUtils.moveTile - [moveTile.py:1105] - DEBUG - moveTile loop time: 54.3 ms
2026-05-26 18:02:08,647 - picamera2.picamera2 - [picamera2.py:1391] - DEBUG - Execute job: <picamera2.job.Job object at 0x7f45baa090>
2026-05-26 18:02:08,650 - mazeUtils.device.camera - [camera.py:37] - DEBUG - Average HSV: H=10.5, S=73.9, V=170.9
2026-05-26 18:02:08,699 - mazeUtils.moveTile - [moveTile.py:80] - DEBUG - roll: 0.40999999999996817 deg, practicalMoveTime: 0.6222976752095796 sec
2026-05-26 18:02:08,699 - mazeUtils.moveTile - [moveTile.py:1105] - DEBUG - moveTile loop time: 58.2 ms
2026-05-26 18:02:08,704 - picamera2.picamera2 - [picamera2.py:1391] - DEBUG - Execute job: <picamera2.job.Job object at 0x7f45b7a990>
2026-05-26 18:02:08,709 - mazeUtils.device.camera - [camera.py:37] - DEBUG - Average HSV: H=10.8, S=76.7, V=169.7
2026-05-26 18:02:08,756 - mazeUtils.moveTile - [moveTile.py:80] - DEBUG - roll: 0.0 deg, practicalMoveTime: 0.6735611267858125 sec
2026-05-26 18:02:08,757 - mazeUtils.moveTile - [moveTile.py:1105] - DEBUG - moveTile loop time: 57.2 ms
2026-05-26 18:02:08,761 - picamera2.picamera2 - [picamera2.py:1391] - DEBUG - Execute job: <picamera2.job.Job object at 0x7f45ab02d0>
2026-05-26 18:02:08,764 - mazeUtils.device.camera - [camera.py:37] - DEBUG - Average HSV: H=10.4, S=72.8, V=168.8
2026-05-26 18:02:08,811 - mazeUtils.moveTile - [moveTile.py:80] - DEBUG - roll: 359.56 deg, practicalMoveTime: 0.7278648405123919 sec
2026-05-26 18:02:08,812 - mazeUtils.moveTile - [moveTile.py:1105] - DEBUG - moveTile loop time: 54.5 ms
2026-05-26 18:02:08,817 - picamera2.picamera2 - [picamera2.py:1391] - DEBUG - Execute job: <picamera2.job.Job object at 0x7f45b16990>
2026-05-26 18:02:08,821 - mazeUtils.device.camera - [camera.py:37] - DEBUG - Average HSV: H=9.5, S=69.9, V=166.0
2026-05-26 18:02:08,871 - mazeUtils.moveTile - [moveTile.py:80] - DEBUG - roll: 0.5500000000000114 deg, practicalMoveTime: 0.7808888113423237 sec
2026-05-26 18:02:08,871 - mazeUtils.moveTile - [moveTile.py:1105] - DEBUG - moveTile loop time: 59.2 ms
2026-05-26 18:02:08,877 - picamera2.picamera2 - [picamera2.py:1391] - DEBUG - Execute job: <picamera2.job.Job object at 0x7f45baa090>
2026-05-26 18:02:08,880 - mazeUtils.device.camera - [camera.py:37] - DEBUG - Average HSV: H=8.6, S=69.4, V=156.3
2026-05-26 18:02:08,927 - mazeUtils.moveTile - [moveTile.py:80] - DEBUG - roll: 0.20999999999997954 deg, practicalMoveTime: 0.8313258037641712 sec
2026-05-26 18:02:08,927 - mazeUtils.moveTile - [moveTile.py:1105] - DEBUG - moveTile loop time: 56.3 ms
2026-05-26 18:02:08,931 - picamera2.picamera2 - [picamera2.py:1391] - DEBUG - Execute job: <picamera2.job.Job object at 0x7f45b7aad0>
2026-05-26 18:02:08,935 - mazeUtils.device.camera - [camera.py:37] - DEBUG - Average HSV: H=9.0, S=60.5, V=174.3
2026-05-26 18:02:08,982 - mazeUtils.moveTile - [moveTile.py:80] - DEBUG - roll: 0.13999999999998636 deg, practicalMoveTime: 0.8806480470808783 sec
2026-05-26 18:02:08,983 - mazeUtils.moveTile - [moveTile.py:1105] - DEBUG - moveTile loop time: 55.1 ms
2026-05-26 18:02:08,989 - picamera2.picamera2 - [picamera2.py:1391] - DEBUG - Execute job: <picamera2.job.Job object at 0x7f726a3490>
2026-05-26 18:02:08,992 - mazeUtils.device.camera - [camera.py:37] - DEBUG - Average HSV: H=9.6, S=51.1, V=194.4
2026-05-26 18:02:09,040 - mazeUtils.moveTile - [moveTile.py:80] - DEBUG - roll: 0.5 deg, practicalMoveTime: 0.9317505514058365 sec
2026-05-26 18:02:09,040 - mazeUtils.moveTile - [moveTile.py:1105] - DEBUG - moveTile loop time: 57.1 ms
2026-05-26 18:02:09,046 - picamera2.picamera2 - [picamera2.py:1391] - DEBUG - Execute job: <picamera2.job.Job object at 0x7f45b7aad0>
2026-05-26 18:02:09,050 - mazeUtils.device.camera - [camera.py:37] - DEBUG - Average HSV: H=10.0, S=50.5, V=198.6
2026-05-26 18:02:09,099 - mazeUtils.moveTile - [moveTile.py:80] - DEBUG - roll: 0.3299999999999841 deg, practicalMoveTime: 0.9843810566160128 sec
2026-05-26 18:02:09,099 - mazeUtils.moveTile - [moveTile.py:1105] - DEBUG - moveTile loop time: 58.5 ms
2026-05-26 18:02:09,105 - picamera2.picamera2 - [picamera2.py:1391] - DEBUG - Execute job: <picamera2.job.Job object at 0x7f45ba9f90>
2026-05-26 18:02:09,108 - mazeUtils.device.camera - [camera.py:37] - DEBUG - Average HSV: H=54.0, S=78.9, V=144.5
2026-05-26 18:02:09,237 - mazeUtils.moveTile - [moveTile.py:80] - DEBUG - Little forward to adjust position
2026-05-26 18:02:09,424 - mazeUtils.moveTile - [moveTile.py:511] - DEBUG - Direction: absDirection.NORTH, Angle: 0, Distance: 12.49691053181161 cm
2026-05-26 18:02:09,425 - mazeUtils.moveTile - [moveTile.py:511] - DEBUG - Direction: absDirection.EAST, Angle: 270, Distance: 15.553447384327068 cm
2026-05-26 18:02:09,426 - mazeUtils.moveTile - [moveTile.py:511] - DEBUG - Direction: absDirection.SOUTH, Angle: 180, Distance: 81.90779056917438 cm
2026-05-26 18:02:09,427 - mazeUtils.moveTile - [moveTile.py:511] - DEBUG - Direction: absDirection.WEST, Angle: 90, Distance: 38.58171120125304 cm
2026-05-26 18:02:09,427 - mazeUtils.moveTile - [moveTile.py:1274] - INFO - Tile color detection counts: {}, decided tile type: E
2026-05-26 18:02:09,527 - __main__ - [main.py:84] - INFO - Current position: (20, 19, 0), front direction: absDirection.NORTH
Layer 0 (altitude=0.0cm, offset=(0.0cm, 0.0cm)):
Known map area: x=20..20, y=19..20
+---+
  @ |
+   +
  S |
+---+
mazeAsGraph[0][19][20] = {absDirection.NORTH: None, absDirection.EAST: None, absDirection.SOUTH: (20, 20, 0), absDirection.WEST: (19, 19, 0)}
mazeAsGraph[0][20][20] = {absDirection.NORTH: (20, 19, 0), absDirection.EAST: None, absDirection.SOUTH: None, absDirection.WEST: (19, 20, 0)}
2026-05-26 18:02:09,537 - mazeUtils.mazeMap - [mazeMap.py:61] - INFO - next goal: (19, 19, 0)
2026-05-26 18:02:09,538 - mazeUtils.mazeMap - [mazeMap.py:61] - INFO - next goal: (19, 19, 0)
2026-05-26 18:02:09,546 - mazeUtils.moveTile - [moveTile.py:80] - DEBUG - Moving to absDirection.WEST from (20, 19, 0) facing absDirection.NORTH
2026-05-26 18:02:09,591 - mazeUtils.moveTile - [moveTile.py:80] - DEBUG - current heading: 2.1899999999999977 target: 90
2026-05-26 18:02:10,538 - mazeUtils.moveTile - [moveTile.py:387] - DEBUG - stopped turning at heading: 81.19999999999999, diff: 8.800000000000011
2026-05-26 18:02:11,303 - mazeUtils.moveTile - [moveTile.py:80] - DEBUG - Turned to heading: 89.82999999999998 deg
2026-05-26 18:02:11,401 - picamera2.picamera2 - [picamera2.py:1391] - DEBUG - Execute job: <picamera2.job.Job object at 0x7f47f8a690>
2026-05-26 18:02:11,404 - mazeUtils.device.camera - [camera.py:37] - DEBUG - Average HSV: H=6.4, S=20.1, V=244.6
2026-05-26 18:02:11,453 - mazeUtils.moveTile - [moveTile.py:80] - DEBUG - roll: 0.2799999999999727 deg, practicalMoveTime: 0.05357144281641402 sec
2026-05-26 18:02:11,453 - mazeUtils.moveTile - [moveTile.py:1105] - DEBUG - moveTile loop time: 58.6 ms
2026-05-26 18:02:11,460 - picamera2.picamera2 - [picamera2.py:1391] - DEBUG - Execute job: <picamera2.job.Job object at 0x7f45a7f6d0>
2026-05-26 18:02:11,462 - mazeUtils.device.camera - [camera.py:37] - DEBUG - Average HSV: H=6.1, S=20.7, V=244.4
2026-05-26 18:02:11,510 - mazeUtils.moveTile - [moveTile.py:80] - DEBUG - roll: 0.44999999999998863 deg, practicalMoveTime: 0.10437456242655088 sec
2026-05-26 18:02:11,510 - mazeUtils.moveTile - [moveTile.py:1105] - DEBUG - moveTile loop time: 56.7 ms
2026-05-26 18:02:11,517 - picamera2.picamera2 - [picamera2.py:1391] - DEBUG - Execute job: <picamera2.job.Job object at 0x7f464b4310>
2026-05-26 18:02:11,520 - mazeUtils.device.camera - [camera.py:37] - DEBUG - Average HSV: H=7.8, S=54.5, V=189.4
2026-05-26 18:02:11,569 - mazeUtils.moveTile - [moveTile.py:80] - DEBUG - roll: 0.29000000000002046 deg, practicalMoveTime: 0.15729815991060864 sec
2026-05-26 18:02:11,570 - mazeUtils.moveTile - [moveTile.py:1105] - DEBUG - moveTile loop time: 59.1 ms
2026-05-26 18:02:11,576 - picamera2.picamera2 - [picamera2.py:1391] - DEBUG - Execute job: <picamera2.job.Job object at 0x7f47f8a690>
2026-05-26 18:02:11,579 - mazeUtils.device.camera - [camera.py:37] - DEBUG - Average HSV: H=169.0, S=43.1, V=180.0
2026-05-26 18:02:11,628 - mazeUtils.moveTile - [moveTile.py:80] - DEBUG - roll: 0.2400000000000091 deg, practicalMoveTime: 0.21008335566003203 sec
2026-05-26 18:02:11,629 - mazeUtils.moveTile - [moveTile.py:1105] - DEBUG - moveTile loop time: 58.9 ms
2026-05-26 18:02:11,635 - picamera2.picamera2 - [picamera2.py:1391] - DEBUG - Execute job: <picamera2.job.Job object at 0x7f45a7f6d0>
2026-05-26 18:02:11,638 - mazeUtils.device.camera - [camera.py:37] - DEBUG - Average HSV: H=143.6, S=36.8, V=204.6
2026-05-26 18:02:11,685 - mazeUtils.moveTile - [moveTile.py:80] - DEBUG - roll: 0.6499999999999773 deg, practicalMoveTime: 0.26101479806341993 sec
2026-05-26 18:02:11,686 - mazeUtils.moveTile - [moveTile.py:1105] - DEBUG - moveTile loop time: 56.9 ms
2026-05-26 18:02:11,692 - picamera2.picamera2 - [picamera2.py:1391] - DEBUG - Execute job: <picamera2.job.Job object at 0x7f45ab02d0>
2026-05-26 18:02:11,695 - mazeUtils.device.camera - [camera.py:37] - DEBUG - Average HSV: H=103.5, S=14.7, V=241.9
2026-05-26 18:02:11,745 - mazeUtils.moveTile - [moveTile.py:80] - DEBUG - roll: 0.37000000000000455 deg, practicalMoveTime: 0.31405534095728005 sec
2026-05-26 18:02:11,745 - mazeUtils.moveTile - [moveTile.py:1105] - DEBUG - moveTile loop time: 59.2 ms
2026-05-26 18:02:11,751 - picamera2.picamera2 - [picamera2.py:1391] - DEBUG - Execute job: <picamera2.job.Job object at 0x7f46cd42d0>
2026-05-26 18:02:11,754 - mazeUtils.device.camera - [camera.py:37] - DEBUG - Average HSV: H=13.3, S=90.8, V=192.8
2026-05-26 18:02:11,804 - mazeUtils.moveTile - [moveTile.py:80] - DEBUG - roll: 0.4399999999999977 deg, practicalMoveTime: 0.36652037713646746 sec
2026-05-26 18:02:11,804 - mazeUtils.moveTile - [moveTile.py:1105] - DEBUG - moveTile loop time: 58.7 ms
2026-05-26 18:02:11,810 - picamera2.picamera2 - [picamera2.py:1391] - DEBUG - Execute job: <picamera2.job.Job object at 0x7f46884e10>
2026-05-26 18:02:11,813 - mazeUtils.device.camera - [camera.py:37] - DEBUG - Average HSV: H=12.4, S=75.2, V=183.7
2026-05-26 18:02:11,862 - mazeUtils.moveTile - [moveTile.py:80] - DEBUG - roll: 1.990000000000009 deg, practicalMoveTime: 0.41896668365213346 sec
2026-05-26 18:02:11,863 - mazeUtils.moveTile - [moveTile.py:1105] - DEBUG - moveTile loop time: 58.6 ms
2026-05-26 18:02:11,867 - picamera2.picamera2 - [picamera2.py:1391] - DEBUG - Execute job: <picamera2.job.Job object at 0x7f46884e10>
2026-05-26 18:02:11,870 - mazeUtils.device.camera - [camera.py:37] - DEBUG - Average HSV: H=151.7, S=7.1, V=242.5
2026-05-26 18:02:11,917 - mazeUtils.moveTile - [moveTile.py:80] - DEBUG - roll: 6.8700000000000045 deg, practicalMoveTime: 0.4675116421388433 sec
2026-05-26 18:02:11,918 - mazeUtils.moveTile - [moveTile.py:1105] - DEBUG - moveTile loop time: 54.8 ms
2026-05-26 18:02:11,924 - picamera2.picamera2 - [picamera2.py:1391] - DEBUG - Execute job: <picamera2.job.Job object at 0x7f45ab02d0>
2026-05-26 18:02:11,927 - mazeUtils.device.camera - [camera.py:37] - DEBUG - Average HSV: H=9.8, S=59.9, V=182.8
2026-05-26 18:02:11,977 - mazeUtils.moveTile - [moveTile.py:80] - DEBUG - roll: 10.0 deg, practicalMoveTime: 0.5194053472440098 sec
2026-05-26 18:02:11,977 - mazeUtils.moveTile - [moveTile.py:1105] - DEBUG - moveTile loop time: 58.8 ms
2026-05-26 18:02:11,983 - picamera2.picamera2 - [picamera2.py:1391] - DEBUG - Execute job: <picamera2.job.Job object at 0x7f46884e10>
2026-05-26 18:02:11,987 - mazeUtils.device.camera - [camera.py:37] - DEBUG - Average HSV: H=114.5, S=41.6, V=159.9
2026-05-26 18:02:12,038 - mazeUtils.moveTile - [moveTile.py:80] - DEBUG - roll: 11.240000000000009 deg, practicalMoveTime: 0.5727319535809144 sec
2026-05-26 18:02:12,038 - mazeUtils.moveTile - [moveTile.py:1105] - DEBUG - moveTile loop time: 60.7 ms
2026-05-26 18:02:12,042 - picamera2.picamera2 - [picamera2.py:1391] - DEBUG - Execute job: <picamera2.job.Job object at 0x7f6075d510>
2026-05-26 18:02:12,045 - mazeUtils.device.camera - [camera.py:37] - DEBUG - Average HSV: H=12.6, S=44.1, V=232.1
2026-05-26 18:02:12,093 - mazeUtils.moveTile - [moveTile.py:80] - DEBUG - roll: 14.879999999999995 deg, practicalMoveTime: 0.6201967078812327 sec
2026-05-26 18:02:12,093 - mazeUtils.moveTile - [moveTile.py:1105] - DEBUG - moveTile loop time: 54.9 ms
2026-05-26 18:02:12,099 - picamera2.picamera2 - [picamera2.py:1391] - DEBUG - Execute job: <picamera2.job.Job object at 0x7f47f8a690>
2026-05-26 18:02:12,102 - mazeUtils.device.camera - [camera.py:37] - DEBUG - Average HSV: H=6.6, S=52.2, V=180.4
2026-05-26 18:02:12,152 - mazeUtils.moveTile - [moveTile.py:80] - DEBUG - roll: 18.45999999999998 deg, practicalMoveTime: 0.6683039903764091 sec
2026-05-26 18:02:12,152 - mazeUtils.moveTile - [moveTile.py:1105] - DEBUG - moveTile loop time: 59.2 ms
2026-05-26 18:02:12,159 - picamera2.picamera2 - [picamera2.py:1391] - DEBUG - Execute job: <picamera2.job.Job object at 0x7f46884e50>
2026-05-26 18:02:12,162 - mazeUtils.device.camera - [camera.py:37] - DEBUG - Average HSV: H=74.1, S=30.8, V=231.3
2026-05-26 18:02:12,211 - mazeUtils.moveTile - [moveTile.py:80] - DEBUG - roll: 22.409999999999968 deg, practicalMoveTime: 0.7149665879381352 sec
2026-05-26 18:02:12,212 - mazeUtils.moveTile - [moveTile.py:1105] - DEBUG - moveTile loop time: 58.9 ms
2026-05-26 18:02:12,218 - picamera2.picamera2 - [picamera2.py:1391] - DEBUG - Execute job: <picamera2.job.Job object at 0x7f46884e50>
2026-05-26 18:02:12,221 - mazeUtils.device.camera - [camera.py:37] - DEBUG - Average HSV: H=83.5, S=31.0, V=191.0
2026-05-26 18:02:12,270 - mazeUtils.moveTile - [moveTile.py:80] - DEBUG - roll: 26.730000000000018 deg, practicalMoveTime: 0.7598018319897786 sec
2026-05-26 18:02:12,270 - mazeUtils.moveTile - [moveTile.py:1105] - DEBUG - moveTile loop time: 58.5 ms
2026-05-26 18:02:12,274 - picamera2.picamera2 - [picamera2.py:1391] - DEBUG - Execute job: <picamera2.job.Job object at 0x7f464b4310>
2026-05-26 18:02:12,277 - mazeUtils.device.camera - [camera.py:37] - DEBUG - Average HSV: H=9.3, S=51.3, V=200.7
2026-05-26 18:02:12,326 - mazeUtils.moveTile - [moveTile.py:80] - DEBUG - roll: 27.939999999999998 deg, practicalMoveTime: 0.8006302356481261 sec
2026-05-26 18:02:12,327 - mazeUtils.moveTile - [moveTile.py:1105] - DEBUG - moveTile loop time: 56.1 ms
2026-05-26 18:02:12,332 - picamera2.picamera2 - [picamera2.py:1391] - DEBUG - Execute job: <picamera2.job.Job object at 0x7f47f8a690>
2026-05-26 18:02:12,335 - mazeUtils.device.camera - [camera.py:37] - DEBUG - Average HSV: H=14.7, S=38.1, V=184.6
2026-05-26 18:02:12,385 - mazeUtils.moveTile - [moveTile.py:80] - DEBUG - roll: 30.69999999999999 deg, practicalMoveTime: 0.8437490706567509 sec
2026-05-26 18:02:12,385 - mazeUtils.moveTile - [moveTile.py:1105] - DEBUG - moveTile loop time: 58.5 ms
2026-05-26 18:02:12,390 - picamera2.picamera2 - [picamera2.py:1391] - DEBUG - Execute job: <picamera2.job.Job object at 0x7f45a7f6d0>
2026-05-26 18:02:12,393 - mazeUtils.device.camera - [camera.py:37] - DEBUG - Average HSV: H=8.3, S=43.4, V=192.7
2026-05-26 18:02:12,440 - mazeUtils.moveTile - [moveTile.py:80] - DEBUG - roll: 35.39999999999998 deg, practicalMoveTime: 0.8816730286359358 sec
2026-05-26 18:02:12,440 - mazeUtils.moveTile - [moveTile.py:1105] - DEBUG - moveTile loop time: 54.7 ms
2026-05-26 18:02:12,446 - picamera2.picamera2 - [picamera2.py:1391] - DEBUG - Execute job: <picamera2.job.Job object at 0x7f46884e10>
2026-05-26 18:02:12,451 - mazeUtils.device.camera - [camera.py:37] - DEBUG - Average HSV: H=64.5, S=35.5, V=188.7
2026-05-26 18:02:12,499 - mazeUtils.moveTile - [moveTile.py:80] - DEBUG - roll: 33.40999999999997 deg, practicalMoveTime: 0.9237832032757325 sec
2026-05-26 18:02:12,499 - mazeUtils.moveTile - [moveTile.py:1105] - DEBUG - moveTile loop time: 58.8 ms
2026-05-26 18:02:12,503 - picamera2.picamera2 - [picamera2.py:1391] - DEBUG - Execute job: <picamera2.job.Job object at 0x7f45ab02d0>
2026-05-26 18:02:12,507 - mazeUtils.device.camera - [camera.py:37] - DEBUG - Average HSV: H=99.1, S=30.1, V=197.8
2026-05-26 18:02:12,558 - mazeUtils.moveTile - [moveTile.py:80] - DEBUG - roll: 34.30000000000001 deg, practicalMoveTime: 0.9641399661284336 sec
2026-05-26 18:02:12,559 - mazeUtils.moveTile - [moveTile.py:1105] - DEBUG - moveTile loop time: 59.0 ms
2026-05-26 18:02:12,564 - picamera2.picamera2 - [picamera2.py:1391] - DEBUG - Execute job: <picamera2.job.Job object at 0x7f464b4310>
2026-05-26 18:02:12,567 - mazeUtils.device.camera - [camera.py:37] - DEBUG - Average HSV: H=139.4, S=21.0, V=180.8
2026-05-26 18:02:12,620 - picamera2.picamera2 - [picamera2.py:1391] - DEBUG - Execute job: <picamera2.job.Job object at 0x7f46884e50>
2026-05-26 18:02:12,624 - mazeUtils.device.camera - [camera.py:37] - DEBUG - Average HSV: H=135.7, S=23.2, V=195.8
2026-05-26 18:02:12,674 - mazeUtils.moveTile - [moveTile.py:80] - DEBUG - roll: 33.120000000000005 deg, practicalMoveTime: 1.0490789226059682 sec
2026-05-26 18:02:12,674 - mazeUtils.moveTile - [moveTile.py:1105] - DEBUG - moveTile loop time: 58.1 ms
2026-05-26 18:02:12,680 - picamera2.picamera2 - [picamera2.py:1391] - DEBUG - Execute job: <picamera2.job.Job object at 0x7f45a7f6d0>
2026-05-26 18:02:12,683 - mazeUtils.device.camera - [camera.py:37] - DEBUG - Average HSV: H=132.5, S=21.5, V=210.3
2026-05-26 18:02:12,730 - mazeUtils.moveTile - [moveTile.py:80] - DEBUG - roll: 32.629999999999995 deg, practicalMoveTime: 1.0892010861772672 sec
2026-05-26 18:02:12,730 - mazeUtils.moveTile - [moveTile.py:1105] - DEBUG - moveTile loop time: 55.8 ms
2026-05-26 18:02:12,737 - picamera2.picamera2 - [picamera2.py:1391] - DEBUG - Execute job: <picamera2.job.Job object at 0x7f6075d510>
2026-05-26 18:02:12,741 - mazeUtils.device.camera - [camera.py:37] - DEBUG - Average HSV: H=132.9, S=23.0, V=186.2
2026-05-26 18:02:12,789 - mazeUtils.moveTile - [moveTile.py:80] - DEBUG - roll: 33.620000000000005 deg, practicalMoveTime: 1.1309079085399123 sec
2026-05-26 18:02:12,789 - mazeUtils.moveTile - [moveTile.py:1105] - DEBUG - moveTile loop time: 57.2 ms
2026-05-26 18:02:12,793 - picamera2.picamera2 - [picamera2.py:1391] - DEBUG - Execute job: <picamera2.job.Job object at 0x7f47f8a690>
2026-05-26 18:02:12,797 - mazeUtils.device.camera - [camera.py:37] - DEBUG - Average HSV: H=155.9, S=20.6, V=178.7
2026-05-26 18:02:12,846 - mazeUtils.moveTile - [moveTile.py:80] - DEBUG - roll: 35.27999999999997 deg, practicalMoveTime: 1.1706833451796126 sec
2026-05-26 18:02:12,846 - mazeUtils.moveTile - [moveTile.py:1105] - DEBUG - moveTile loop time: 57.0 ms
2026-05-26 18:02:12,850 - picamera2.picamera2 - [picamera2.py:1391] - DEBUG - Execute job: <picamera2.job.Job object at 0x7f46cd4350>
2026-05-26 18:02:12,853 - mazeUtils.device.camera - [camera.py:37] - DEBUG - Average HSV: H=156.8, S=20.5, V=169.5
2026-05-26 18:02:12,901 - mazeUtils.moveTile - [moveTile.py:80] - DEBUG - roll: 34.56999999999999 deg, practicalMoveTime: 1.2088790594761898 sec
2026-05-26 18:02:12,901 - mazeUtils.moveTile - [moveTile.py:1105] - DEBUG - moveTile loop time: 54.6 ms
2026-05-26 18:02:12,908 - picamera2.picamera2 - [picamera2.py:1391] - DEBUG - Execute job: <picamera2.job.Job object at 0x7f45a7f6d0>
2026-05-26 18:02:12,911 - mazeUtils.device.camera - [camera.py:37] - DEBUG - Average HSV: H=157.7, S=17.0, V=187.9
2026-05-26 18:02:12,960 - mazeUtils.moveTile - [moveTile.py:80] - DEBUG - roll: 33.26999999999998 deg, practicalMoveTime: 1.2509520277945678 sec
2026-05-26 18:02:12,960 - mazeUtils.moveTile - [moveTile.py:1105] - DEBUG - moveTile loop time: 58.9 ms
2026-05-26 18:02:12,967 - picamera2.picamera2 - [picamera2.py:1391] - DEBUG - Execute job: <picamera2.job.Job object at 0x7f46884e10>
2026-05-26 18:02:12,970 - mazeUtils.device.camera - [camera.py:37] - DEBUG - Average HSV: H=157.4, S=17.8, V=178.3
2026-05-26 18:02:13,019 - mazeUtils.moveTile - [moveTile.py:80] - DEBUG - roll: 32.860000000000014 deg, practicalMoveTime: 1.2933461852528625 sec
2026-05-26 18:02:13,019 - mazeUtils.moveTile - [moveTile.py:1105] - DEBUG - moveTile loop time: 58.7 ms
2026-05-26 18:02:13,023 - picamera2.picamera2 - [picamera2.py:1391] - DEBUG - Execute job: <picamera2.job.Job object at 0x7f47f8a690>
2026-05-26 18:02:13,027 - mazeUtils.device.camera - [camera.py:37] - DEBUG - Average HSV: H=154.5, S=17.2, V=176.7
2026-05-26 18:02:13,076 - mazeUtils.moveTile - [moveTile.py:80] - DEBUG - roll: 33.079999999999984 deg, practicalMoveTime: 1.3339703334842086 sec
2026-05-26 18:02:13,076 - mazeUtils.moveTile - [moveTile.py:1105] - DEBUG - moveTile loop time: 56.6 ms
2026-05-26 18:02:13,080 - picamera2.picamera2 - [picamera2.py:1391] - DEBUG - Execute job: <picamera2.job.Job object at 0x7f6075d510>
2026-05-26 18:02:13,083 - mazeUtils.device.camera - [camera.py:37] - DEBUG - Average HSV: H=145.8, S=20.9, V=163.9
2026-05-26 18:02:13,134 - mazeUtils.moveTile - [moveTile.py:80] - DEBUG - roll: 36.26999999999998 deg, practicalMoveTime: 1.3741784602000497 sec
2026-05-26 18:02:13,135 - mazeUtils.moveTile - [moveTile.py:1105] - DEBUG - moveTile loop time: 58.5 ms
2026-05-26 18:02:13,140 - picamera2.picamera2 - [picamera2.py:1391] - DEBUG - Execute job: <picamera2.job.Job object at 0x7f46884dd0>
2026-05-26 18:02:13,143 - mazeUtils.device.camera - [camera.py:37] - DEBUG - Average HSV: H=144.0, S=22.9, V=158.7
2026-05-26 18:02:13,193 - mazeUtils.moveTile - [moveTile.py:80] - DEBUG - roll: 39.18000000000001 deg, practicalMoveTime: 1.4132354646976233 sec
2026-05-26 18:02:13,194 - mazeUtils.moveTile - [moveTile.py:1105] - DEBUG - moveTile loop time: 58.9 ms
2026-05-26 18:02:13,199 - picamera2.picamera2 - [picamera2.py:1391] - DEBUG - Execute job: <picamera2.job.Job object at 0x7f45a7f6d0>
2026-05-26 18:02:13,203 - mazeUtils.device.camera - [camera.py:37] - DEBUG - Average HSV: H=144.0, S=21.9, V=166.7
2026-05-26 18:02:13,252 - mazeUtils.moveTile - [moveTile.py:80] - DEBUG - roll: 44.04000000000002 deg, practicalMoveTime: 1.4492985295305258 sec
2026-05-26 18:02:13,253 - mazeUtils.moveTile - [moveTile.py:1105] - DEBUG - moveTile loop time: 58.2 ms
2026-05-26 18:02:13,259 - picamera2.picamera2 - [picamera2.py:1391] - DEBUG - Execute job: <picamera2.job.Job object at 0x7f46884e50>
2026-05-26 18:02:13,263 - mazeUtils.device.camera - [camera.py:37] - DEBUG - Average HSV: H=158.5, S=34.3, V=78.4
2026-05-26 18:02:13,312 - mazeUtils.moveTile - [moveTile.py:80] - DEBUG - roll: 51.06 deg, practicalMoveTime: 1.4811980331738817 sec
2026-05-26 18:02:13,312 - mazeUtils.moveTile - [moveTile.py:1105] - DEBUG - moveTile loop time: 59.2 ms
2026-05-26 18:02:13,318 - picamera2.picamera2 - [picamera2.py:1391] - DEBUG - Execute job: <picamera2.job.Job object at 0x7f46884e50>
2026-05-26 18:02:13,321 - mazeUtils.device.camera - [camera.py:37] - DEBUG - Average HSV: H=131.6, S=92.2, V=122.0
2026-05-26 18:02:13,370 - mazeUtils.moveTile - [moveTile.py:80] - DEBUG - roll: 58.610000000000014 deg, practicalMoveTime: 1.5073245662859247 sec
2026-05-26 18:02:13,371 - mazeUtils.moveTile - [moveTile.py:1105] - DEBUG - moveTile loop time: 58.4 ms
2026-05-26 18:02:13,375 - picamera2.picamera2 - [picamera2.py:1391] - DEBUG - Execute job: <picamera2.job.Job object at 0x7f46884dd0>
2026-05-26 18:02:13,378 - mazeUtils.device.camera - [camera.py:37] - DEBUG - Average HSV: H=112.6, S=124.2, V=133.8
2026-05-26 18:02:13,428 - mazeUtils.moveTile - [moveTile.py:80] - DEBUG - roll: 62.71999999999997 deg, practicalMoveTime: 1.5297900242017137 sec
2026-05-26 18:02:13,428 - mazeUtils.moveTile - [moveTile.py:1105] - DEBUG - moveTile loop time: 57.3 ms
2026-05-26 18:02:13,434 - picamera2.picamera2 - [picamera2.py:1391] - DEBUG - Execute job: <picamera2.job.Job object at 0x7f45ab02d0>
2026-05-26 18:02:13,438 - mazeUtils.device.camera - [camera.py:37] - DEBUG - Average HSV: H=141.3, S=66.1, V=89.5
2026-05-26 18:02:13,488 - mazeUtils.moveTile - [moveTile.py:80] - DEBUG - roll: 69.00999999999999 deg, practicalMoveTime: 1.5479671493646256 sec
2026-05-26 18:02:13,488 - mazeUtils.moveTile - [moveTile.py:1105] - DEBUG - moveTile loop time: 59.7 ms
2026-05-26 18:02:13,493 - picamera2.picamera2 - [picamera2.py:1391] - DEBUG - Execute job: <picamera2.job.Job object at 0x7f6075d510>
2026-05-26 18:02:13,496 - mazeUtils.device.camera - [camera.py:37] - DEBUG - Average HSV: H=152.6, S=35.4, V=74.5
2026-05-26 18:02:13,547 - mazeUtils.moveTile - [moveTile.py:80] - DEBUG - roll: 77.55000000000001 deg, practicalMoveTime: 1.5582651498464972 sec
2026-05-26 18:02:13,547 - mazeUtils.moveTile - [moveTile.py:1105] - DEBUG - moveTile loop time: 58.8 ms
2026-05-26 18:02:13,551 - picamera2.picamera2 - [picamera2.py:1391] - DEBUG - Execute job: <picamera2.job.Job object at 0x7f464b4310>
2026-05-26 18:02:13,555 - mazeUtils.device.camera - [camera.py:37] - DEBUG - Average HSV: H=156.2, S=39.5, V=67.6
2026-05-26 18:02:13,604 - mazeUtils.moveTile - [moveTile.py:80] - DEBUG - roll: 82.67000000000002 deg, practicalMoveTime: 1.5644842521482236 sec
2026-05-26 18:02:13,604 - mazeUtils.moveTile - [moveTile.py:1105] - DEBUG - moveTile loop time: 56.9 ms
2026-05-26 18:02:13,609 - picamera2.picamera2 - [picamera2.py:1391] - DEBUG - Execute job: <picamera2.job.Job object at 0x7f464b4310>
2026-05-26 18:02:13,612 - mazeUtils.device.camera - [camera.py:37] - DEBUG - Average HSV: H=138.3, S=49.0, V=78.2
2026-05-26 18:02:13,663 - mazeUtils.moveTile - [moveTile.py:80] - DEBUG - roll: 89.5 deg, practicalMoveTime: 1.5649143586484127 sec
2026-05-26 18:02:13,663 - mazeUtils.moveTile - [moveTile.py:1105] - DEBUG - moveTile loop time: 58.7 ms
2026-05-26 18:02:13,668 - picamera2.picamera2 - [picamera2.py:1391] - DEBUG - Execute job: <picamera2.job.Job object at 0x7f46884e50>
2026-05-26 18:02:13,672 - mazeUtils.device.camera - [camera.py:37] - DEBUG - Average HSV: H=159.6, S=38.5, V=91.6
2026-05-26 18:02:13,722 - mazeUtils.moveTile - [moveTile.py:80] - DEBUG - roll: 100.79000000000002 deg, practicalMoveTime: 1.5556053999109283 sec
2026-05-26 18:02:13,722 - mazeUtils.moveTile - [moveTile.py:1105] - DEBUG - moveTile loop time: 58.5 ms
2026-05-26 18:02:13,726 - picamera2.picamera2 - [picamera2.py:1391] - DEBUG - Execute job: <picamera2.job.Job object at 0x7f45ab02d0>
2026-05-26 18:02:13,729 - mazeUtils.device.camera - [camera.py:37] - DEBUG - Average HSV: H=81.9, S=18.0, V=222.6
2026-05-26 18:02:13,779 - mazeUtils.moveTile - [moveTile.py:80] - DEBUG - roll: 112.20999999999998 deg, practicalMoveTime: 1.5379662160956864 sec
2026-05-26 18:02:13,779 - mazeUtils.moveTile - [moveTile.py:1105] - DEBUG - moveTile loop time: 56.6 ms
2026-05-26 18:02:13,783 - picamera2.picamera2 - [picamera2.py:1391] - DEBUG - Execute job: <picamera2.job.Job object at 0x7f464b4310>
2026-05-26 18:02:13,786 - mazeUtils.device.camera - [camera.py:37] - DEBUG - Average HSV: H=82.6, S=20.6, V=227.6
2026-05-26 18:02:13,836 - mazeUtils.moveTile - [moveTile.py:80] - DEBUG - roll: 132.14 deg, practicalMoveTime: 1.5055253797108925 sec
2026-05-26 18:02:13,836 - mazeUtils.moveTile - [moveTile.py:1105] - DEBUG - moveTile loop time: 57.1 ms
2026-05-26 18:02:13,842 - picamera2.picamera2 - [picamera2.py:1391] - DEBUG - Execute job: <picamera2.job.Job object at 0x7f46cd4350>
2026-05-26 18:02:13,846 - mazeUtils.device.camera - [camera.py:37] - DEBUG - Average HSV: H=116.7, S=78.3, V=20.4
2026-05-26 18:02:13,898 - mazeUtils.moveTile - [moveTile.py:80] - DEBUG - roll: 149.31 deg, practicalMoveTime: 1.4614846266137609 sec
2026-05-26 18:02:13,899 - mazeUtils.moveTile - [moveTile.py:1105] - DEBUG - moveTile loop time: 62.5 ms
2026-05-26 18:02:13,905 - picamera2.picamera2 - [picamera2.py:1391] - DEBUG - Execute job: <picamera2.job.Job object at 0x7f45a7f6d0>
2026-05-26 18:02:13,908 - mazeUtils.device.camera - [camera.py:37] - DEBUG - Average HSV: H=109.2, S=107.9, V=10.2
2026-05-26 18:02:13,959 - mazeUtils.moveTile - [moveTile.py:80] - DEBUG - roll: 161.66 deg, practicalMoveTime: 1.4135254958277252 sec
2026-05-26 18:02:13,959 - mazeUtils.moveTile - [moveTile.py:1105] - DEBUG - moveTile loop time: 59.6 ms
2026-05-26 18:02:13,964 - picamera2.picamera2 - [picamera2.py:1391] - DEBUG - Execute job: <picamera2.job.Job object at 0x7f46884e10>
2026-05-26 18:02:13,967 - mazeUtils.device.camera - [camera.py:37] - DEBUG - Average HSV: H=107.2, S=129.1, V=6.9
2026-05-26 18:02:14,015 - mazeUtils.moveTile - [moveTile.py:80] - DEBUG - roll: 162.60999999999999 deg, practicalMoveTime: 1.3680291098654669 sec
2026-05-26 18:02:14,015 - mazeUtils.moveTile - [moveTile.py:1105] - DEBUG - moveTile loop time: 56.3 ms
2026-05-26 18:02:14,020 - picamera2.picamera2 - [picamera2.py:1391] - DEBUG - Execute job: <picamera2.job.Job object at 0x7f46884dd0>
2026-05-26 18:02:14,024 - mazeUtils.device.camera - [camera.py:37] - DEBUG - Average HSV: H=103.8, S=131.3, V=6.2
2026-05-26 18:02:14,072 - mazeUtils.moveTile - [moveTile.py:80] - DEBUG - roll: 168.97 deg, practicalMoveTime: 1.320781270374829 sec
2026-05-26 18:02:14,072 - mazeUtils.moveTile - [moveTile.py:1105] - DEBUG - moveTile loop time: 56.6 ms
2026-05-26 18:02:14,078 - picamera2.picamera2 - [picamera2.py:1391] - DEBUG - Execute job: <picamera2.job.Job object at 0x7f464b4310>
2026-05-26 18:02:14,081 - mazeUtils.device.camera - [camera.py:37] - DEBUG - Average HSV: H=53.4, S=79.3, V=42.5
2026-05-26 18:02:14,131 - mazeUtils.moveTile - [moveTile.py:80] - DEBUG - roll: 180.01 deg, practicalMoveTime: 1.2673983976527403 sec
2026-05-26 18:02:14,131 - mazeUtils.moveTile - [moveTile.py:1105] - DEBUG - moveTile loop time: 58.5 ms
2026-05-26 18:02:14,137 - picamera2.picamera2 - [picamera2.py:1391] - DEBUG - Execute job: <picamera2.job.Job object at 0x7f46884e50>
2026-05-26 18:02:14,141 - mazeUtils.device.camera - [camera.py:37] - DEBUG - Average HSV: H=88.6, S=100.1, V=40.0
2026-05-26 18:02:14,190 - mazeUtils.moveTile - [moveTile.py:80] - DEBUG - roll: 179.10999999999999 deg, practicalMoveTime: 1.2171143331508476 sec
2026-05-26 18:02:14,190 - mazeUtils.moveTile - [moveTile.py:1105] - DEBUG - moveTile loop time: 58.7 ms
2026-05-26 18:02:14,194 - picamera2.picamera2 - [picamera2.py:1391] - DEBUG - Execute job: <picamera2.job.Job object at 0x7f45a7f6d0>
2026-05-26 18:02:14,197 - mazeUtils.device.camera - [camera.py:37] - DEBUG - Average HSV: H=104.4, S=103.0, V=44.5
2026-05-26 18:02:14,248 - mazeUtils.moveTile - [moveTile.py:80] - DEBUG - roll: 179.10999999999999 deg, practicalMoveTime: 1.1682905016277187 sec
2026-05-26 18:02:14,248 - mazeUtils.moveTile - [moveTile.py:1105] - DEBUG - moveTile loop time: 57.6 ms
2026-05-26 18:02:14,253 - picamera2.picamera2 - [picamera2.py:1391] - DEBUG - Execute job: <picamera2.job.Job object at 0x7f46884e50>
2026-05-26 18:02:14,256 - mazeUtils.device.camera - [camera.py:37] - DEBUG - Average HSV: H=89.4, S=112.2, V=41.0
2026-05-26 18:02:14,304 - mazeUtils.moveTile - [moveTile.py:80] - DEBUG - roll: 178.94 deg, practicalMoveTime: 1.1203751378374522 sec
2026-05-26 18:02:14,304 - mazeUtils.moveTile - [moveTile.py:1105] - DEBUG - moveTile loop time: 55.9 ms
2026-05-26 18:02:14,310 - picamera2.picamera2 - [picamera2.py:1391] - DEBUG - Execute job: <picamera2.job.Job object at 0x7f46884e50>
2026-05-26 18:02:14,314 - mazeUtils.device.camera - [camera.py:37] - DEBUG - Average HSV: H=79.0, S=95.8, V=41.0
2026-05-26 18:02:14,363 - mazeUtils.moveTile - [moveTile.py:80] - DEBUG - roll: 178.78 deg, practicalMoveTime: 1.0702079610249715 sec
2026-05-26 18:02:14,363 - mazeUtils.moveTile - [moveTile.py:1105] - DEBUG - moveTile loop time: 58.7 ms
2026-05-26 18:02:14,369 - picamera2.picamera2 - [picamera2.py:1391] - DEBUG - Execute job: <picamera2.job.Job object at 0x7f46cd4490>
2026-05-26 18:02:14,372 - mazeUtils.device.camera - [camera.py:37] - DEBUG - Average HSV: H=88.3, S=112.9, V=40.1
2026-05-26 18:02:14,420 - mazeUtils.moveTile - [moveTile.py:80] - DEBUG - roll: 178.93 deg, practicalMoveTime: 1.0216411968296295 sec
2026-05-26 18:02:14,420 - mazeUtils.moveTile - [moveTile.py:1105] - DEBUG - moveTile loop time: 56.9 ms
2026-05-26 18:02:14,427 - picamera2.picamera2 - [picamera2.py:1391] - DEBUG - Execute job: <picamera2.job.Job object at 0x7f45a7f6d0>
2026-05-26 18:02:14,430 - mazeUtils.device.camera - [camera.py:37] - DEBUG - Average HSV: H=86.8, S=109.9, V=40.2
2026-05-26 18:02:14,479 - mazeUtils.moveTile - [moveTile.py:80] - DEBUG - roll: 179.1 deg, practicalMoveTime: 0.9709378236918845 sec
2026-05-26 18:02:14,480 - mazeUtils.moveTile - [moveTile.py:1105] - DEBUG - moveTile loop time: 58.8 ms
2026-05-26 18:02:14,486 - picamera2.picamera2 - [picamera2.py:1391] - DEBUG - Execute job: <picamera2.job.Job object at 0x7f46cd4590>
2026-05-26 18:02:14,489 - mazeUtils.device.camera - [camera.py:37] - DEBUG - Average HSV: H=90.2, S=118.7, V=42.9
2026-05-26 18:02:14,536 - mazeUtils.moveTile - [moveTile.py:80] - DEBUG - roll: 179.12 deg, practicalMoveTime: 0.9227480745119955 sec
2026-05-26 18:02:14,536 - mazeUtils.moveTile - [moveTile.py:1105] - DEBUG - moveTile loop time: 56.4 ms
2026-05-26 18:02:14,542 - picamera2.picamera2 - [picamera2.py:1391] - DEBUG - Execute job: <picamera2.job.Job object at 0x7f46cd4490>
2026-05-26 18:02:14,546 - mazeUtils.device.camera - [camera.py:37] - DEBUG - Average HSV: H=86.6, S=117.3, V=40.4
2026-05-26 18:02:14,592 - mazeUtils.moveTile - [moveTile.py:80] - DEBUG - roll: 178.95999999999998 deg, practicalMoveTime: 0.8746809379638523 sec
2026-05-26 18:02:14,593 - mazeUtils.moveTile - [moveTile.py:1105] - DEBUG - moveTile loop time: 56.4 ms
2026-05-26 18:02:14,599 - picamera2.picamera2 - [picamera2.py:1391] - DEBUG - Execute job: <picamera2.job.Job object at 0x7f46cd4490>
2026-05-26 18:02:14,602 - mazeUtils.device.camera - [camera.py:37] - DEBUG - Average HSV: H=87.3, S=119.0, V=40.0
2026-05-26 18:02:14,650 - mazeUtils.moveTile - [moveTile.py:80] - DEBUG - roll: 178.97 deg, practicalMoveTime: 0.825532572463968 sec
2026-05-26 18:02:14,651 - mazeUtils.moveTile - [moveTile.py:1105] - DEBUG - moveTile loop time: 57.4 ms
2026-05-26 18:02:14,656 - picamera2.picamera2 - [picamera2.py:1391] - DEBUG - Execute job: <picamera2.job.Job object at 0x7f46cd4590>
2026-05-26 18:02:14,659 - mazeUtils.device.camera - [camera.py:37] - DEBUG - Average HSV: H=85.6, S=118.9, V=39.7
2026-05-26 18:02:14,707 - mazeUtils.moveTile - [moveTile.py:80] - DEBUG - roll: 178.93 deg, practicalMoveTime: 0.7773609896680078 sec
2026-05-26 18:02:14,707 - mazeUtils.moveTile - [moveTile.py:1105] - DEBUG - moveTile loop time: 56.4 ms
2026-05-26 18:02:14,712 - picamera2.picamera2 - [picamera2.py:1391] - DEBUG - Execute job: <picamera2.job.Job object at 0x7f464b4310>
2026-05-26 18:02:14,715 - mazeUtils.device.camera - [camera.py:37] - DEBUG - Average HSV: H=84.7, S=116.8, V=39.1
2026-05-26 18:02:14,765 - mazeUtils.moveTile - [moveTile.py:80] - DEBUG - roll: 179.04999999999998 deg, practicalMoveTime: 0.7296343155027141 sec
2026-05-26 18:02:14,765 - mazeUtils.moveTile - [moveTile.py:1105] - DEBUG - moveTile loop time: 58.0 ms
2026-05-26 18:02:14,772 - picamera2.picamera2 - [picamera2.py:1391] - DEBUG - Execute job: <picamera2.job.Job object at 0x7f47f8a690>
2026-05-26 18:02:14,775 - mazeUtils.device.camera - [camera.py:37] - DEBUG - Average HSV: H=87.5, S=120.7, V=39.8
2026-05-26 18:02:14,825 - mazeUtils.moveTile - [moveTile.py:80] - DEBUG - roll: 179.13 deg, practicalMoveTime: 0.6780858410985688 sec
2026-05-26 18:02:14,826 - mazeUtils.moveTile - [moveTile.py:1105] - DEBUG - moveTile loop time: 59.7 ms
2026-05-26 18:02:14,831 - picamera2.picamera2 - [picamera2.py:1391] - DEBUG - Execute job: <picamera2.job.Job object at 0x7f46884e10>
2026-05-26 18:02:14,834 - mazeUtils.device.camera - [camera.py:37] - DEBUG - Average HSV: H=87.1, S=118.3, V=39.6
2026-05-26 18:02:14,881 - mazeUtils.moveTile - [moveTile.py:80] - DEBUG - roll: 179.09 deg, practicalMoveTime: 0.6303929540003476 sec
2026-05-26 18:02:14,882 - mazeUtils.moveTile - [moveTile.py:1105] - DEBUG - moveTile loop time: 55.9 ms
2026-05-26 18:02:14,886 - picamera2.picamera2 - [picamera2.py:1391] - DEBUG - Execute job: <picamera2.job.Job object at 0x7f46884e50>
2026-05-26 18:02:14,890 - mazeUtils.device.camera - [camera.py:37] - DEBUG - Average HSV: H=88.0, S=120.6, V=40.8
2026-05-26 18:02:14,939 - mazeUtils.moveTile - [moveTile.py:80] - DEBUG - roll: 179.12 deg, practicalMoveTime: 0.5816689718025297 sec
2026-05-26 18:02:14,939 - mazeUtils.moveTile - [moveTile.py:1105] - DEBUG - moveTile loop time: 57.3 ms
2026-05-26 18:02:14,945 - picamera2.picamera2 - [picamera2.py:1391] - DEBUG - Execute job: <picamera2.job.Job object at 0x7f45ab02d0>
2026-05-26 18:02:14,948 - mazeUtils.device.camera - [camera.py:37] - DEBUG - Average HSV: H=85.6, S=118.1, V=40.5
2026-05-26 18:02:14,996 - mazeUtils.moveTile - [moveTile.py:80] - DEBUG - roll: 179.03 deg, practicalMoveTime: 0.533577634101812 sec
2026-05-26 18:02:14,996 - mazeUtils.moveTile - [moveTile.py:1105] - DEBUG - moveTile loop time: 56.4 ms
2026-05-26 18:02:15,002 - picamera2.picamera2 - [picamera2.py:1391] - DEBUG - Execute job: <picamera2.job.Job object at 0x7f46884e50>
2026-05-26 18:02:15,005 - mazeUtils.device.camera - [camera.py:37] - DEBUG - Average HSV: H=85.5, S=118.0, V=40.0
2026-05-26 18:02:15,055 - mazeUtils.moveTile - [moveTile.py:80] - DEBUG - roll: 179.09 deg, practicalMoveTime: 0.4830155744288155 sec
2026-05-26 18:02:15,056 - mazeUtils.moveTile - [moveTile.py:1105] - DEBUG - moveTile loop time: 59.8 ms
2026-05-26 18:02:15,062 - picamera2.picamera2 - [picamera2.py:1391] - DEBUG - Execute job: <picamera2.job.Job object at 0x7f46884e10>
2026-05-26 18:02:15,065 - mazeUtils.device.camera - [camera.py:37] - DEBUG - Average HSV: H=85.5, S=122.4, V=40.7
2026-05-26 18:02:15,114 - mazeUtils.moveTile - [moveTile.py:80] - DEBUG - roll: 179.10999999999999 deg, practicalMoveTime: 0.43359743709446474 sec
2026-05-26 18:02:15,114 - mazeUtils.moveTile - [moveTile.py:1105] - DEBUG - moveTile loop time: 57.3 ms
2026-05-26 18:02:15,118 - picamera2.picamera2 - [picamera2.py:1391] - DEBUG - Execute job: <picamera2.job.Job object at 0x7f464b4310>
2026-05-26 18:02:15,121 - mazeUtils.device.camera - [camera.py:37] - DEBUG - Average HSV: H=83.4, S=121.2, V=40.1
2026-05-26 18:02:15,172 - mazeUtils.moveTile - [moveTile.py:80] - DEBUG - roll: 179.22 deg, practicalMoveTime: 0.38518397397952386 sec
2026-05-26 18:02:15,173 - mazeUtils.moveTile - [moveTile.py:1105] - DEBUG - moveTile loop time: 58.1 ms
2026-05-26 18:02:15,177 - picamera2.picamera2 - [picamera2.py:1391] - DEBUG - Execute job: <picamera2.job.Job object at 0x7f45a7f6d0>
2026-05-26 18:02:15,180 - mazeUtils.device.camera - [camera.py:37] - DEBUG - Average HSV: H=85.6, S=123.9, V=41.3
2026-05-26 18:02:15,229 - mazeUtils.moveTile - [moveTile.py:80] - DEBUG - roll: 179.2 deg, practicalMoveTime: 0.3377083527589659 sec
2026-05-26 18:02:15,229 - mazeUtils.moveTile - [moveTile.py:1105] - DEBUG - moveTile loop time: 56.2 ms
2026-05-26 18:02:15,235 - picamera2.picamera2 - [picamera2.py:1391] - DEBUG - Execute job: <picamera2.job.Job object at 0x7f464b4310>
2026-05-26 18:02:15,237 - mazeUtils.device.camera - [camera.py:37] - DEBUG - Average HSV: H=82.8, S=124.4, V=41.0
2026-05-26 18:02:15,285 - mazeUtils.moveTile - [moveTile.py:80] - DEBUG - roll: 179.10999999999999 deg, practicalMoveTime: 0.28981459910285734 sec
2026-05-26 18:02:15,286 - mazeUtils.moveTile - [moveTile.py:1105] - DEBUG - moveTile loop time: 56.5 ms
2026-05-26 18:02:15,291 - picamera2.picamera2 - [picamera2.py:1391] - DEBUG - Execute job: <picamera2.job.Job object at 0x7f45a7f6d0>
2026-05-26 18:02:15,294 - mazeUtils.device.camera - [camera.py:37] - DEBUG - Average HSV: H=172.9, S=157.0, V=79.5
2026-05-26 18:02:15,344 - mazeUtils.moveTile - [moveTile.py:80] - DEBUG - roll: 179.23999999999998 deg, practicalMoveTime: 0.24189331911381023 sec
2026-05-26 18:02:15,344 - mazeUtils.moveTile - [moveTile.py:1105] - DEBUG - moveTile loop time: 58.3 ms
2026-05-26 18:02:15,350 - picamera2.picamera2 - [picamera2.py:1391] - DEBUG - Execute job: <picamera2.job.Job object at 0x7f464b4310>
2026-05-26 18:02:15,353 - mazeUtils.device.camera - [camera.py:37] - DEBUG - Average HSV: H=131.3, S=175.4, V=48.1
2026-05-26 18:02:15,400 - mazeUtils.moveTile - [moveTile.py:80] - DEBUG - roll: 179.26 deg, practicalMoveTime: 0.19392955205841195 sec
2026-05-26 18:02:15,401 - mazeUtils.moveTile - [moveTile.py:1105] - DEBUG - moveTile loop time: 56.2 ms
2026-05-26 18:02:15,405 - picamera2.picamera2 - [picamera2.py:1391] - DEBUG - Execute job: <picamera2.job.Job object at 0x7f45a7f6d0>
2026-05-26 18:02:15,408 - mazeUtils.device.camera - [camera.py:37] - DEBUG - Average HSV: H=147.1, S=179.5, V=56.1
2026-05-26 18:02:15,456 - mazeUtils.moveTile - [moveTile.py:80] - DEBUG - roll: 179.26999999999998 deg, practicalMoveTime: 0.14661021376204247 sec
2026-05-26 18:02:15,456 - mazeUtils.moveTile - [moveTile.py:1105] - DEBUG - moveTile loop time: 55.4 ms
2026-05-26 18:02:15,462 - picamera2.picamera2 - [picamera2.py:1391] - DEBUG - Execute job: <picamera2.job.Job object at 0x7f6075d510>
2026-05-26 18:02:15,465 - mazeUtils.device.camera - [camera.py:37] - DEBUG - Average HSV: H=155.4, S=144.9, V=64.2
2026-05-26 18:02:15,513 - mazeUtils.moveTile - [moveTile.py:80] - DEBUG - roll: 179.28 deg, practicalMoveTime: 0.09761505908145021 sec
2026-05-26 18:02:15,514 - mazeUtils.moveTile - [moveTile.py:1105] - DEBUG - moveTile loop time: 57.3 ms
2026-05-26 18:02:15,519 - picamera2.picamera2 - [picamera2.py:1391] - DEBUG - Execute job: <picamera2.job.Job object at 0x7f46884dd0>
2026-05-26 18:02:15,523 - mazeUtils.device.camera - [camera.py:37] - DEBUG - Average HSV: H=113.8, S=165.8, V=46.2
2026-05-26 18:02:15,572 - mazeUtils.moveTile - [moveTile.py:80] - DEBUG - roll: 179.43 deg, practicalMoveTime: 0.047959742409528903 sec
2026-05-26 18:02:15,572 - mazeUtils.moveTile - [moveTile.py:1105] - DEBUG - moveTile loop time: 58.0 ms
2026-05-26 18:02:15,576 - picamera2.picamera2 - [picamera2.py:1391] - DEBUG - Execute job: <picamera2.job.Job object at 0x7f46884e50>
2026-05-26 18:02:15,579 - mazeUtils.device.camera - [camera.py:37] - DEBUG - Average HSV: H=88.9, S=152.1, V=47.5
2026-05-26 18:02:15,628 - mazeUtils.moveTile - [moveTile.py:80] - DEBUG - roll: 179.35 deg, practicalMoveTime: 0.00013388361230783768 sec
2026-05-26 18:02:15,629 - mazeUtils.moveTile - [moveTile.py:1105] - DEBUG - moveTile loop time: 56.5 ms
2026-05-26 18:02:15,634 - picamera2.picamera2 - [picamera2.py:1391] - DEBUG - Execute job: <picamera2.job.Job object at 0x7f45ab02d0>
2026-05-26 18:02:15,637 - mazeUtils.device.camera - [camera.py:37] - DEBUG - Average HSV: H=63.0, S=160.1, V=46.8
2026-05-26 18:02:15,685 - mazeUtils.moveTile - [moveTile.py:80] - DEBUG - roll: 179.29 deg, practicalMoveTime: -0.04720776196667461 sec
2026-05-26 18:02:15,686 - mazeUtils.moveTile - [moveTile.py:1105] - DEBUG - moveTile loop time: 56.8 ms
2026-05-26 18:02:15,691 - picamera2.picamera2 - [picamera2.py:1391] - DEBUG - Execute job: <picamera2.job.Job object at 0x7f46cd4490>
2026-05-26 18:02:15,694 - mazeUtils.device.camera - [camera.py:37] - DEBUG - Average HSV: H=69.5, S=161.4, V=46.5
2026-05-26 18:02:15,743 - mazeUtils.moveTile - [moveTile.py:80] - DEBUG - roll: 179.42 deg, practicalMoveTime: -0.09517629048129637 sec
2026-05-26 18:02:15,744 - mazeUtils.moveTile - [moveTile.py:1105] - DEBUG - moveTile loop time: 57.9 ms
2026-05-26 18:02:15,752 - picamera2.picamera2 - [picamera2.py:1391] - DEBUG - Execute job: <picamera2.job.Job object at 0x7f46cd4490>
2026-05-26 18:02:15,757 - mazeUtils.device.camera - [camera.py:37] - DEBUG - Average HSV: H=85.7, S=159.0, V=46.2
2026-05-26 18:02:15,806 - mazeUtils.moveTile - [moveTile.py:80] - DEBUG - roll: 179.4 deg, practicalMoveTime: -0.14815366546141823 sec
2026-05-26 18:02:15,807 - mazeUtils.moveTile - [moveTile.py:1105] - DEBUG - moveTile loop time: 62.2 ms
2026-05-26 18:02:15,812 - picamera2.picamera2 - [picamera2.py:1391] - DEBUG - Execute job: <picamera2.job.Job object at 0x7f45ab02d0>
2026-05-26 18:02:15,816 - mazeUtils.device.camera - [camera.py:37] - DEBUG - Average HSV: H=105.7, S=163.7, V=45.0
2026-05-26 18:02:15,865 - mazeUtils.moveTile - [moveTile.py:80] - DEBUG - roll: 179.53 deg, practicalMoveTime: -0.19817153288687014 sec
2026-05-26 18:02:15,866 - mazeUtils.moveTile - [moveTile.py:1105] - DEBUG - moveTile loop time: 58.5 ms
2026-05-26 18:02:15,871 - picamera2.picamera2 - [picamera2.py:1391] - DEBUG - Execute job: <picamera2.job.Job object at 0x7f47f8a690>
2026-05-26 18:02:15,876 - mazeUtils.device.camera - [camera.py:37] - DEBUG - Average HSV: H=114.7, S=141.4, V=51.7
2026-05-26 18:02:15,926 - mazeUtils.moveTile - [moveTile.py:80] - DEBUG - roll: 179.47 deg, practicalMoveTime: -0.24813916354386278 sec
2026-05-26 18:02:15,927 - mazeUtils.moveTile - [moveTile.py:1105] - DEBUG - moveTile loop time: 60.2 ms
2026-05-26 18:02:15,932 - picamera2.picamera2 - [picamera2.py:1391] - DEBUG - Execute job: <picamera2.job.Job object at 0x7f46884dd0>
2026-05-26 18:02:15,937 - mazeUtils.device.camera - [camera.py:37] - DEBUG - Average HSV: H=131.8, S=129.7, V=60.6
2026-05-26 18:02:15,986 - mazeUtils.moveTile - [moveTile.py:80] - DEBUG - roll: 179.4 deg, practicalMoveTime: -0.2977521600168268 sec
2026-05-26 18:02:15,987 - mazeUtils.moveTile - [moveTile.py:1105] - DEBUG - moveTile loop time: 58.8 ms
2026-05-26 18:02:15,992 - picamera2.picamera2 - [picamera2.py:1391] - DEBUG - Execute job: <picamera2.job.Job object at 0x7f45ab02d0>
2026-05-26 18:02:15,996 - mazeUtils.device.camera - [camera.py:37] - DEBUG - Average HSV: H=156.2, S=123.3, V=69.3
2026-05-26 18:02:16,044 - mazeUtils.moveTile - [moveTile.py:80] - DEBUG - roll: 179.51 deg, practicalMoveTime: -0.3468422999267972 sec
2026-05-26 18:02:16,045 - mazeUtils.moveTile - [moveTile.py:1105] - DEBUG - moveTile loop time: 57.6 ms
2026-05-26 18:02:16,052 - picamera2.picamera2 - [picamera2.py:1391] - DEBUG - Execute job: <picamera2.job.Job object at 0x7f46cd4350>
2026-05-26 18:02:16,056 - mazeUtils.device.camera - [camera.py:37] - DEBUG - Average HSV: H=161.6, S=126.2, V=71.0
2026-05-26 18:02:16,104 - mazeUtils.moveTile - [moveTile.py:80] - DEBUG - roll: 179.37 deg, practicalMoveTime: -0.3978383100507349 sec
2026-05-26 18:02:16,105 - mazeUtils.moveTile - [moveTile.py:1105] - DEBUG - moveTile loop time: 59.6 ms
2026-05-26 18:02:16,111 - picamera2.picamera2 - [picamera2.py:1391] - DEBUG - Execute job: <picamera2.job.Job object at 0x7f6075d510>
2026-05-26 18:02:16,115 - mazeUtils.device.camera - [camera.py:37] - DEBUG - Average HSV: H=171.3, S=116.7, V=85.7
2026-05-26 18:02:16,165 - mazeUtils.moveTile - [moveTile.py:80] - DEBUG - roll: 178.32 deg, practicalMoveTime: -0.44983192336678945 sec
2026-05-26 18:02:16,166 - mazeUtils.moveTile - [moveTile.py:1105] - DEBUG - moveTile loop time: 60.9 ms
2026-05-26 18:02:16,171 - picamera2.picamera2 - [picamera2.py:1391] - DEBUG - Execute job: <picamera2.job.Job object at 0x7f47f8a690>
2026-05-26 18:02:16,176 - mazeUtils.device.camera - [camera.py:37] - DEBUG - Average HSV: H=172.9, S=102.9, V=97.2
2026-05-26 18:02:16,227 - mazeUtils.moveTile - [moveTile.py:80] - DEBUG - roll: 177.53 deg, practicalMoveTime: -0.5019952952293104 sec
2026-05-26 18:02:16,228 - mazeUtils.moveTile - [moveTile.py:1105] - DEBUG - moveTile loop time: 61.0 ms
2026-05-26 18:02:16,233 - picamera2.picamera2 - [picamera2.py:1391] - DEBUG - Execute job: <picamera2.job.Job object at 0x7f46884dd0>
2026-05-26 18:02:16,238 - mazeUtils.device.camera - [camera.py:37] - DEBUG - Average HSV: H=170.1, S=102.1, V=101.2
2026-05-26 18:02:16,286 - mazeUtils.moveTile - [moveTile.py:80] - DEBUG - roll: 176.84 deg, practicalMoveTime: -0.5510303684764422 sec
2026-05-26 18:02:16,286 - mazeUtils.moveTile - [moveTile.py:1105] - DEBUG - moveTile loop time: 57.1 ms
2026-05-26 18:02:16,293 - picamera2.picamera2 - [picamera2.py:1391] - DEBUG - Execute job: <picamera2.job.Job object at 0x7f46cd4590>
2026-05-26 18:02:16,298 - mazeUtils.device.camera - [camera.py:37] - DEBUG - Average HSV: H=157.7, S=102.6, V=99.7
2026-05-26 18:02:16,346 - mazeUtils.moveTile - [moveTile.py:80] - DEBUG - roll: 176.42 deg, practicalMoveTime: -0.6018549858725903 sec
2026-05-26 18:02:16,346 - mazeUtils.moveTile - [moveTile.py:1105] - DEBUG - moveTile loop time: 59.3 ms
2026-05-26 18:02:16,352 - picamera2.picamera2 - [picamera2.py:1391] - DEBUG - Execute job: <picamera2.job.Job object at 0x7f464b4310>
2026-05-26 18:02:16,357 - mazeUtils.device.camera - [camera.py:37] - DEBUG - Average HSV: H=151.9, S=104.0, V=95.2
2026-05-26 18:02:16,405 - mazeUtils.moveTile - [moveTile.py:80] - DEBUG - roll: 174.97 deg, practicalMoveTime: -0.6520189915855836 sec
2026-05-26 18:02:16,406 - mazeUtils.moveTile - [moveTile.py:1105] - DEBUG - moveTile loop time: 59.1 ms
2026-05-26 18:02:16,412 - picamera2.picamera2 - [picamera2.py:1391] - DEBUG - Execute job: <picamera2.job.Job object at 0x7f46884e50>
2026-05-26 18:02:16,417 - mazeUtils.device.camera - [camera.py:37] - DEBUG - Average HSV: H=136.7, S=98.9, V=94.1
2026-05-26 18:02:16,468 - mazeUtils.moveTile - [moveTile.py:80] - DEBUG - roll: 172.95999999999998 deg, practicalMoveTime: -0.7031470378800636 sec
2026-05-26 18:02:16,469 - mazeUtils.moveTile - [moveTile.py:1105] - DEBUG - moveTile loop time: 62.3 ms
2026-05-26 18:02:16,477 - picamera2.picamera2 - [picamera2.py:1391] - DEBUG - Execute job: <picamera2.job.Job object at 0x7f45a7f6d0>
2026-05-26 18:02:16,482 - mazeUtils.device.camera - [camera.py:37] - DEBUG - Average HSV: H=105.4, S=95.0, V=92.5
2026-05-26 18:02:16,532 - mazeUtils.moveTile - [moveTile.py:80] - DEBUG - roll: 171.45999999999998 deg, practicalMoveTime: -0.756423486094925 sec
2026-05-26 18:02:16,533 - mazeUtils.moveTile - [moveTile.py:1105] - DEBUG - moveTile loop time: 63.3 ms
2026-05-26 18:02:16,538 - picamera2.picamera2 - [picamera2.py:1391] - DEBUG - Execute job: <picamera2.job.Job object at 0x7f46cd4490>
2026-05-26 18:02:16,543 - mazeUtils.device.camera - [camera.py:37] - DEBUG - Average HSV: H=80.8, S=91.2, V=94.2
2026-05-26 18:02:16,596 - mazeUtils.moveTile - [moveTile.py:80] - DEBUG - roll: 169.57 deg, practicalMoveTime: -0.8075949719913895 sec
2026-05-26 18:02:16,597 - mazeUtils.moveTile - [moveTile.py:1105] - DEBUG - moveTile loop time: 62.8 ms
2026-05-26 18:02:16,603 - picamera2.picamera2 - [picamera2.py:1391] - DEBUG - Execute job: <picamera2.job.Job object at 0x7f46884dd0>
2026-05-26 18:02:16,607 - mazeUtils.device.camera - [camera.py:37] - DEBUG - Average HSV: H=99.9, S=91.6, V=99.2
2026-05-26 18:02:16,655 - mazeUtils.moveTile - [moveTile.py:80] - DEBUG - roll: 166.29999999999998 deg, practicalMoveTime: -0.8561709918520354 sec
2026-05-26 18:02:16,656 - mazeUtils.moveTile - [moveTile.py:1105] - DEBUG - moveTile loop time: 59.1 ms
2026-05-26 18:02:16,661 - picamera2.picamera2 - [picamera2.py:1391] - DEBUG - Execute job: <picamera2.job.Job object at 0x7f46cd4350>
2026-05-26 18:02:16,666 - mazeUtils.device.camera - [camera.py:37] - DEBUG - Average HSV: H=65.9, S=89.0, V=102.6
2026-05-26 18:02:16,714 - mazeUtils.moveTile - [moveTile.py:80] - DEBUG - roll: 161.47 deg, practicalMoveTime: -0.903599025500151 sec
2026-05-26 18:02:16,715 - mazeUtils.moveTile - [moveTile.py:1105] - DEBUG - moveTile loop time: 58.6 ms
2026-05-26 18:02:16,721 - picamera2.picamera2 - [picamera2.py:1391] - DEBUG - Execute job: <picamera2.job.Job object at 0x7f6075d510>
2026-05-26 18:02:16,725 - mazeUtils.device.camera - [camera.py:37] - DEBUG - Average HSV: H=44.4, S=99.3, V=89.7
2026-05-26 18:02:16,775 - mazeUtils.moveTile - [moveTile.py:80] - DEBUG - roll: 156.88 deg, practicalMoveTime: -0.950471906916192 sec
2026-05-26 18:02:16,775 - mazeUtils.moveTile - [moveTile.py:1105] - DEBUG - moveTile loop time: 59.7 ms
2026-05-26 18:02:16,780 - picamera2.picamera2 - [picamera2.py:1391] - DEBUG - Execute job: <picamera2.job.Job object at 0x7f47f8a690>
2026-05-26 18:02:16,785 - mazeUtils.device.camera - [camera.py:37] - DEBUG - Average HSV: H=51.3, S=116.5, V=58.2
2026-05-26 18:02:16,837 - mazeUtils.moveTile - [moveTile.py:80] - DEBUG - roll: 151.98 deg, practicalMoveTime: -0.9967690386855391 sec
2026-05-26 18:02:16,837 - mazeUtils.moveTile - [moveTile.py:1105] - DEBUG - moveTile loop time: 61.9 ms
2026-05-26 18:02:16,843 - picamera2.picamera2 - [picamera2.py:1391] - DEBUG - Execute job: <picamera2.job.Job object at 0x7f46884dd0>
2026-05-26 18:02:16,847 - mazeUtils.device.camera - [camera.py:37] - DEBUG - Average HSV: H=100.6, S=103.6, V=20.9
2026-05-26 18:02:16,896 - mazeUtils.moveTile - [moveTile.py:80] - DEBUG - roll: 147.93 deg, practicalMoveTime: -1.0389465007035616 sec
2026-05-26 18:02:16,896 - mazeUtils.moveTile - [moveTile.py:1105] - DEBUG - moveTile loop time: 58.5 ms
2026-05-26 18:02:16,902 - picamera2.picamera2 - [picamera2.py:1391] - DEBUG - Execute job: <picamera2.job.Job object at 0x7f45a7f6d0>
2026-05-26 18:02:16,907 - mazeUtils.device.camera - [camera.py:37] - DEBUG - Average HSV: H=107.2, S=101.8, V=9.4
2026-05-26 18:02:16,957 - mazeUtils.moveTile - [moveTile.py:80] - DEBUG - roll: 144.92 deg, practicalMoveTime: -1.081800895656449 sec
2026-05-26 18:02:16,958 - mazeUtils.moveTile - [moveTile.py:1105] - DEBUG - moveTile loop time: 61.1 ms
2026-05-26 18:02:16,964 - picamera2.picamera2 - [picamera2.py:1391] - DEBUG - Execute job: <picamera2.job.Job object at 0x7f47f8a690>
2026-05-26 18:02:16,969 - mazeUtils.device.camera - [camera.py:37] - DEBUG - Average HSV: H=116.1, S=89.0, V=32.0
2026-05-26 18:02:17,020 - mazeUtils.moveTile - [moveTile.py:80] - DEBUG - roll: 142.2 deg, practicalMoveTime: -1.1233334177408958 sec
2026-05-26 18:02:17,021 - mazeUtils.moveTile - [moveTile.py:1105] - DEBUG - moveTile loop time: 63.1 ms
2026-05-26 18:02:17,028 - picamera2.picamera2 - [picamera2.py:1391] - DEBUG - Execute job: <picamera2.job.Job object at 0x7f45ab02d0>
2026-05-26 18:02:17,033 - mazeUtils.device.camera - [camera.py:37] - DEBUG - Average HSV: H=140.1, S=47.8, V=55.1
2026-05-26 18:02:17,084 - mazeUtils.moveTile - [moveTile.py:80] - DEBUG - roll: 138.95999999999998 deg, practicalMoveTime: -1.163668699553762 sec
2026-05-26 18:02:17,085 - mazeUtils.moveTile - [moveTile.py:1105] - DEBUG - moveTile loop time: 62.1 ms
2026-05-26 18:02:17,090 - picamera2.picamera2 - [picamera2.py:1391] - DEBUG - Execute job: <picamera2.job.Job object at 0x7f46884dd0>
2026-05-26 18:02:17,095 - mazeUtils.device.camera - [camera.py:37] - DEBUG - Average HSV: H=146.3, S=43.8, V=60.4
2026-05-26 18:02:17,144 - mazeUtils.moveTile - [moveTile.py:80] - DEBUG - roll: 134.26 deg, practicalMoveTime: -1.198075385123874 sec
2026-05-26 18:02:17,145 - mazeUtils.moveTile - [moveTile.py:1105] - DEBUG - moveTile loop time: 59.3 ms
2026-05-26 18:02:17,151 - picamera2.picamera2 - [picamera2.py:1391] - DEBUG - Execute job: <picamera2.job.Job object at 0x7f45ab02d0>
2026-05-26 18:02:17,155 - mazeUtils.device.camera - [camera.py:37] - DEBUG - Average HSV: H=146.5, S=44.6, V=66.1
2026-05-26 18:02:17,206 - mazeUtils.moveTile - [moveTile.py:80] - DEBUG - roll: 127.78 deg, practicalMoveTime: -1.228848669732466 sec
2026-05-26 18:02:17,207 - mazeUtils.moveTile - [moveTile.py:1105] - DEBUG - moveTile loop time: 61.2 ms
2026-05-26 18:02:17,213 - picamera2.picamera2 - [picamera2.py:1391] - DEBUG - Execute job: <picamera2.job.Job object at 0x7f47f8a690>
2026-05-26 18:02:17,217 - mazeUtils.device.camera - [camera.py:37] - DEBUG - Average HSV: H=146.5, S=43.7, V=72.3
2026-05-26 18:02:17,269 - mazeUtils.moveTile - [moveTile.py:80] - DEBUG - roll: 121.01999999999998 deg, practicalMoveTime: -1.2551714271187244 sec
2026-05-26 18:02:17,270 - mazeUtils.moveTile - [moveTile.py:1105] - DEBUG - moveTile loop time: 62.5 ms
2026-05-26 18:02:17,275 - picamera2.picamera2 - [picamera2.py:1391] - DEBUG - Execute job: <picamera2.job.Job object at 0x7f46cd40d0>
2026-05-26 18:02:17,279 - mazeUtils.device.camera - [camera.py:37] - DEBUG - Average HSV: H=156.2, S=43.1, V=79.7
2026-05-26 18:02:17,327 - mazeUtils.moveTile - [moveTile.py:80] - DEBUG - roll: 114.07 deg, practicalMoveTime: -1.275245764736815 sec
2026-05-26 18:02:17,328 - mazeUtils.moveTile - [moveTile.py:1105] - DEBUG - moveTile loop time: 57.5 ms
2026-05-26 18:02:17,334 - picamera2.picamera2 - [picamera2.py:1391] - DEBUG - Execute job: <picamera2.job.Job object at 0x7f46cd40d0>
2026-05-26 18:02:17,339 - mazeUtils.device.camera - [camera.py:37] - DEBUG - Average HSV: H=159.7, S=42.2, V=84.9
2026-05-26 18:02:17,388 - mazeUtils.moveTile - [moveTile.py:80] - DEBUG - roll: 108.25999999999999 deg, practicalMoveTime: -1.2912854616334906 sec
2026-05-26 18:02:17,388 - mazeUtils.moveTile - [moveTile.py:1105] - DEBUG - moveTile loop time: 59.9 ms
2026-05-26 18:02:17,394 - picamera2.picamera2 - [picamera2.py:1391] - DEBUG - Execute job: <picamera2.job.Job object at 0x7f464b4310>
2026-05-26 18:02:17,398 - mazeUtils.device.camera - [camera.py:37] - DEBUG - Average HSV: H=150.9, S=45.2, V=84.6
2026-05-26 18:02:17,448 - mazeUtils.moveTile - [moveTile.py:80] - DEBUG - roll: 100.59999999999997 deg, practicalMoveTime: -1.3005809233104981 sec
2026-05-26 18:02:17,449 - mazeUtils.moveTile - [moveTile.py:1105] - DEBUG - moveTile loop time: 59.8 ms
2026-05-26 18:02:17,453 - picamera2.picamera2 - [picamera2.py:1391] - DEBUG - Execute job: <picamera2.job.Job object at 0x7f6075d510>
2026-05-26 18:02:17,458 - mazeUtils.device.camera - [camera.py:37] - DEBUG - Average HSV: H=91.7, S=54.3, V=79.6
2026-05-26 18:02:17,508 - mazeUtils.moveTile - [moveTile.py:80] - DEBUG - roll: 92.99000000000001 deg, practicalMoveTime: -1.303182213684016 sec
2026-05-26 18:02:17,509 - mazeUtils.moveTile - [moveTile.py:1105] - DEBUG - moveTile loop time: 60.0 ms
2026-05-26 18:02:17,515 - picamera2.picamera2 - [picamera2.py:1391] - DEBUG - Execute job: <picamera2.job.Job object at 0x7f46884dd0>
2026-05-26 18:02:17,520 - mazeUtils.device.camera - [camera.py:37] - DEBUG - Average HSV: H=142.0, S=49.1, V=66.5
2026-05-26 18:02:17,568 - mazeUtils.moveTile - [moveTile.py:80] - DEBUG - roll: 84.05000000000001 deg, practicalMoveTime: -1.2979703793730397 sec
2026-05-26 18:02:17,568 - mazeUtils.moveTile - [moveTile.py:1105] - DEBUG - moveTile loop time: 58.5 ms
2026-05-26 18:02:17,575 - picamera2.picamera2 - [picamera2.py:1391] - DEBUG - Execute job: <picamera2.job.Job object at 0x7f47f8a690>
2026-05-26 18:02:17,579 - mazeUtils.device.camera - [camera.py:37] - DEBUG - Average HSV: H=158.0, S=43.5, V=69.9
2026-05-26 18:02:17,628 - mazeUtils.moveTile - [moveTile.py:80] - DEBUG - roll: 75.69 deg, practicalMoveTime: -1.285317932264465 sec
2026-05-26 18:02:17,629 - mazeUtils.moveTile - [moveTile.py:1105] - DEBUG - moveTile loop time: 60.4 ms
2026-05-26 18:02:17,634 - picamera2.picamera2 - [picamera2.py:1391] - DEBUG - Execute job: <picamera2.job.Job object at 0x7f464b4310>
2026-05-26 18:02:17,639 - mazeUtils.device.camera - [camera.py:37] - DEBUG - Average HSV: H=159.3, S=41.1, V=74.5
2026-05-26 18:02:17,691 - mazeUtils.moveTile - [moveTile.py:80] - DEBUG - roll: 67.52999999999997 deg, practicalMoveTime: -1.2656216435888628 sec
2026-05-26 18:02:17,692 - mazeUtils.moveTile - [moveTile.py:1105] - DEBUG - moveTile loop time: 62.2 ms
2026-05-26 18:02:17,698 - picamera2.picamera2 - [picamera2.py:1391] - DEBUG - Execute job: <picamera2.job.Job object at 0x7f46884e10>
2026-05-26 18:02:17,703 - mazeUtils.device.camera - [camera.py:37] - DEBUG - Average HSV: H=159.9, S=43.1, V=75.8
2026-05-26 18:02:17,752 - mazeUtils.moveTile - [moveTile.py:80] - DEBUG - roll: 61.04000000000002 deg, practicalMoveTime: -1.2410608240102015 sec
2026-05-26 18:02:17,753 - mazeUtils.moveTile - [moveTile.py:1105] - DEBUG - moveTile loop time: 60.0 ms
2026-05-26 18:02:17,757 - picamera2.picamera2 - [picamera2.py:1391] - DEBUG - Execute job: <picamera2.job.Job object at 0x7f45a7f6d0>
2026-05-26 18:02:17,763 - mazeUtils.device.camera - [camera.py:37] - DEBUG - Average HSV: H=156.9, S=46.4, V=73.2
2026-05-26 18:02:17,812 - mazeUtils.moveTile - [moveTile.py:80] - DEBUG - roll: 55.40999999999997 deg, practicalMoveTime: -1.212245190071883 sec
2026-05-26 18:02:17,812 - mazeUtils.moveTile - [moveTile.py:1105] - DEBUG - moveTile loop time: 59.5 ms
2026-05-26 18:02:17,818 - picamera2.picamera2 - [picamera2.py:1391] - DEBUG - Execute job: <picamera2.job.Job object at 0x7f464b4310>
2026-05-26 18:02:17,824 - mazeUtils.device.camera - [camera.py:37] - DEBUG - Average HSV: H=158.2, S=48.5, V=71.3
2026-05-26 18:02:17,875 - mazeUtils.moveTile - [moveTile.py:80] - DEBUG - roll: 50.94 deg, practicalMoveTime: -1.1788449718009437 sec
2026-05-26 18:02:17,876 - mazeUtils.moveTile - [moveTile.py:1105] - DEBUG - moveTile loop time: 62.7 ms
2026-05-26 18:02:17,881 - picamera2.picamera2 - [picamera2.py:1391] - DEBUG - Execute job: <picamera2.job.Job object at 0x7f46884dd0>
2026-05-26 18:02:17,885 - mazeUtils.device.camera - [camera.py:37] - DEBUG - Average HSV: H=156.3, S=50.3, V=69.4
2026-05-26 18:02:17,936 - mazeUtils.moveTile - [moveTile.py:80] - DEBUG - roll: 46.96999999999997 deg, practicalMoveTime: -1.145005124300464 sec
2026-05-26 18:02:17,937 - mazeUtils.moveTile - [moveTile.py:1105] - DEBUG - moveTile loop time: 60.1 ms
2026-05-26 18:02:17,942 - picamera2.picamera2 - [picamera2.py:1391] - DEBUG - Execute job: <picamera2.job.Job object at 0x7f464b4310>
2026-05-26 18:02:17,947 - mazeUtils.device.camera - [camera.py:37] - DEBUG - Average HSV: H=157.7, S=48.5, V=69.8
2026-05-26 18:02:17,996 - mazeUtils.moveTile - [moveTile.py:80] - DEBUG - roll: 43.129999999999995 deg, practicalMoveTime: -1.1078299219441927 sec
2026-05-26 18:02:17,997 - mazeUtils.moveTile - [moveTile.py:1105] - DEBUG - moveTile loop time: 59.5 ms
2026-05-26 18:02:18,003 - picamera2.picamera2 - [picamera2.py:1391] - DEBUG - Execute job: <picamera2.job.Job object at 0x7f46cd40d0>
2026-05-26 18:02:18,008 - mazeUtils.device.camera - [camera.py:37] - DEBUG - Average HSV: H=160.4, S=45.2, V=72.7
2026-05-26 18:02:18,056 - mazeUtils.moveTile - [moveTile.py:80] - DEBUG - roll: 38.89999999999998 deg, practicalMoveTime: -1.0690768901616639 sec
2026-05-26 18:02:18,056 - mazeUtils.moveTile - [moveTile.py:1105] - DEBUG - moveTile loop time: 59.4 ms
2026-05-26 18:02:18,063 - picamera2.picamera2 - [picamera2.py:1391] - DEBUG - Execute job: <picamera2.job.Job object at 0x7f6075d510>
2026-05-26 18:02:18,068 - mazeUtils.device.camera - [camera.py:37] - DEBUG - Average HSV: H=161.0, S=44.0, V=77.5
2026-05-26 18:02:18,117 - mazeUtils.moveTile - [moveTile.py:80] - DEBUG - roll: 35.75 deg, practicalMoveTime: -1.026447267414474 sec
2026-05-26 18:02:18,119 - mazeUtils.moveTile - [moveTile.py:1105] - DEBUG - moveTile loop time: 61.8 ms
2026-05-26 18:02:18,124 - picamera2.picamera2 - [picamera2.py:1391] - DEBUG - Execute job: <picamera2.job.Job object at 0x7f47f8a690>
2026-05-26 18:02:18,128 - mazeUtils.device.camera - [camera.py:37] - DEBUG - Average HSV: H=163.9, S=44.8, V=83.7
2026-05-26 18:02:18,177 - mazeUtils.moveTile - [moveTile.py:80] - DEBUG - roll: 34.44999999999999 deg, practicalMoveTime: -0.9851697035337186 sec
2026-05-26 18:02:18,178 - mazeUtils.moveTile - [moveTile.py:1105] - DEBUG - moveTile loop time: 58.4 ms
2026-05-26 18:02:18,183 - picamera2.picamera2 - [picamera2.py:1391] - DEBUG - Execute job: <picamera2.job.Job object at 0x7f6075d510>
2026-05-26 18:02:18,189 - mazeUtils.device.camera - [camera.py:37] - DEBUG - Average HSV: H=163.8, S=44.3, V=87.8
2026-05-26 18:02:18,238 - mazeUtils.moveTile - [moveTile.py:80] - DEBUG - roll: 34.20999999999998 deg, practicalMoveTime: -0.9424316504134324 sec
2026-05-26 18:02:18,238 - mazeUtils.moveTile - [moveTile.py:1105] - DEBUG - moveTile loop time: 59.9 ms
2026-05-26 18:02:18,244 - picamera2.picamera2 - [picamera2.py:1391] - DEBUG - Execute job: <picamera2.job.Job object at 0x7f45a7f6d0>
2026-05-26 18:02:18,249 - mazeUtils.device.camera - [camera.py:37] - DEBUG - Average HSV: H=161.8, S=42.1, V=89.3
2026-05-26 18:02:18,297 - mazeUtils.moveTile - [moveTile.py:80] - DEBUG - roll: 34.599999999999966 deg, practicalMoveTime: -0.9010881187820823 sec
2026-05-26 18:02:18,298 - mazeUtils.moveTile - [moveTile.py:1105] - DEBUG - moveTile loop time: 58.0 ms
2026-05-26 18:02:18,303 - picamera2.picamera2 - [picamera2.py:1391] - DEBUG - Execute job: <picamera2.job.Job object at 0x7f46884dd0>
2026-05-26 18:02:18,308 - mazeUtils.device.camera - [camera.py:37] - DEBUG - Average HSV: H=156.5, S=41.0, V=90.3
2026-05-26 18:02:18,357 - mazeUtils.moveTile - [moveTile.py:80] - DEBUG - roll: 35.64999999999998 deg, practicalMoveTime: -0.8602466251787466 sec
2026-05-26 18:02:18,358 - mazeUtils.moveTile - [moveTile.py:1105] - DEBUG - moveTile loop time: 59.9 ms
2026-05-26 18:02:18,363 - picamera2.picamera2 - [picamera2.py:1391] - DEBUG - Execute job: <picamera2.job.Job object at 0x7f46884e10>
2026-05-26 18:02:18,368 - mazeUtils.device.camera - [camera.py:37] - DEBUG - Average HSV: H=155.0, S=39.7, V=91.5
2026-05-26 18:02:18,416 - mazeUtils.moveTile - [moveTile.py:80] - DEBUG - roll: 37.599999999999966 deg, practicalMoveTime: -0.821117323853615 sec
2026-05-26 18:02:18,416 - mazeUtils.moveTile - [moveTile.py:1105] - DEBUG - moveTile loop time: 57.6 ms
2026-05-26 18:02:18,424 - picamera2.picamera2 - [picamera2.py:1391] - DEBUG - Execute job: <picamera2.job.Job object at 0x7f464b4310>
2026-05-26 18:02:18,428 - mazeUtils.device.camera - [camera.py:37] - DEBUG - Average HSV: H=158.0, S=37.3, V=90.9
2026-05-26 18:02:18,477 - mazeUtils.moveTile - [moveTile.py:80] - DEBUG - roll: 39.620000000000005 deg, practicalMoveTime: -0.7811879188212528 sec
2026-05-26 18:02:18,477 - mazeUtils.moveTile - [moveTile.py:1105] - DEBUG - moveTile loop time: 60.0 ms
2026-05-26 18:02:18,483 - picamera2.picamera2 - [picamera2.py:1391] - DEBUG - Execute job: <picamera2.job.Job object at 0x7f6075d510>
2026-05-26 18:02:18,488 - mazeUtils.device.camera - [camera.py:37] - DEBUG - Average HSV: H=160.8, S=34.2, V=90.7
2026-05-26 18:02:18,536 - mazeUtils.moveTile - [moveTile.py:80] - DEBUG - roll: 41.639999999999986 deg, practicalMoveTime: -0.7439324712173911 sec
2026-05-26 18:02:18,536 - mazeUtils.moveTile - [moveTile.py:1105] - DEBUG - moveTile loop time: 58.5 ms
2026-05-26 18:02:18,543 - picamera2.picamera2 - [picamera2.py:1391] - DEBUG - Execute job: <picamera2.job.Job object at 0x7f47f8a690>
2026-05-26 18:02:18,547 - mazeUtils.device.camera - [camera.py:37] - DEBUG - Average HSV: H=159.8, S=32.5, V=90.1
2026-05-26 18:02:18,596 - mazeUtils.moveTile - [moveTile.py:80] - DEBUG - roll: 42.80000000000001 deg, practicalMoveTime: -0.7067975675380503 sec
2026-05-26 18:02:18,597 - mazeUtils.moveTile - [moveTile.py:1105] - DEBUG - moveTile loop time: 60.0 ms
2026-05-26 18:02:18,601 - picamera2.picamera2 - [picamera2.py:1391] - DEBUG - Execute job: <picamera2.job.Job object at 0x7f6075d510>
2026-05-26 18:02:18,606 - mazeUtils.device.camera - [camera.py:37] - DEBUG - Average HSV: H=159.4, S=35.5, V=88.4
2026-05-26 18:02:18,655 - mazeUtils.moveTile - [moveTile.py:80] - DEBUG - roll: 43.54000000000002 deg, practicalMoveTime: -0.6713400834058765 sec
2026-05-26 18:02:18,656 - mazeUtils.moveTile - [moveTile.py:1105] - DEBUG - moveTile loop time: 59.1 ms
2026-05-26 18:02:18,663 - picamera2.picamera2 - [picamera2.py:1391] - DEBUG - Execute job: <picamera2.job.Job object at 0x7f6075d510>
2026-05-26 18:02:18,668 - mazeUtils.device.camera - [camera.py:37] - DEBUG - Average HSV: H=153.6, S=52.2, V=99.5
2026-05-26 18:02:18,715 - mazeUtils.moveTile - [moveTile.py:80] - DEBUG - roll: 44.20999999999998 deg, practicalMoveTime: -0.6348467901691002 sec
2026-05-26 18:02:18,716 - mazeUtils.moveTile - [moveTile.py:1105] - DEBUG - moveTile loop time: 58.8 ms
2026-05-26 18:02:18,723 - picamera2.picamera2 - [picamera2.py:1391] - DEBUG - Execute job: <picamera2.job.Job object at 0x7f464b4310>
2026-05-26 18:02:18,728 - mazeUtils.device.camera - [camera.py:37] - DEBUG - Average HSV: H=145.1, S=76.9, V=120.2
2026-05-26 18:02:18,779 - mazeUtils.moveTile - [moveTile.py:80] - DEBUG - roll: 44.889999999999986 deg, practicalMoveTime: -0.5972672229791129 sec
2026-05-26 18:02:18,779 - mazeUtils.moveTile - [moveTile.py:1105] - DEBUG - moveTile loop time: 63.1 ms
2026-05-26 18:02:18,784 - picamera2.picamera2 - [picamera2.py:1391] - DEBUG - Execute job: <picamera2.job.Job object at 0x7f47f8a690>
2026-05-26 18:02:18,789 - mazeUtils.device.camera - [camera.py:37] - DEBUG - Average HSV: H=139.0, S=95.1, V=136.0
2026-05-26 18:02:18,837 - mazeUtils.moveTile - [moveTile.py:80] - DEBUG - roll: 45.18000000000001 deg, practicalMoveTime: -0.5623818814105757 sec
2026-05-26 18:02:18,838 - mazeUtils.moveTile - [moveTile.py:1105] - DEBUG - moveTile loop time: 58.2 ms
2026-05-26 18:02:18,844 - picamera2.picamera2 - [picamera2.py:1391] - DEBUG - Execute job: <picamera2.job.Job object at 0x7f45a7f6d0>
2026-05-26 18:02:18,849 - mazeUtils.device.camera - [camera.py:37] - DEBUG - Average HSV: H=138.7, S=98.2, V=138.8
2026-05-26 18:02:18,900 - mazeUtils.moveTile - [moveTile.py:80] - DEBUG - roll: 45.54000000000002 deg, practicalMoveTime: -0.5248285875979004 sec
2026-05-26 18:02:18,901 - mazeUtils.moveTile - [moveTile.py:1105] - DEBUG - moveTile loop time: 62.8 ms
2026-05-26 18:02:18,907 - picamera2.picamera2 - [picamera2.py:1391] - DEBUG - Execute job: <picamera2.job.Job object at 0x7f46cd40d0>
2026-05-26 18:02:18,912 - mazeUtils.device.camera - [camera.py:37] - DEBUG - Average HSV: H=133.2, S=114.6, V=152.8
2026-05-26 18:02:18,959 - mazeUtils.moveTile - [moveTile.py:80] - DEBUG - roll: 46.31 deg, practicalMoveTime: -0.49038532467033336 sec
2026-05-26 18:02:18,960 - mazeUtils.moveTile - [moveTile.py:1105] - DEBUG - moveTile loop time: 58.3 ms
2026-05-26 18:02:18,966 - picamera2.picamera2 - [picamera2.py:1391] - DEBUG - Execute job: <picamera2.job.Job object at 0x7f45ab02d0>
2026-05-26 18:02:18,973 - mazeUtils.device.camera - [camera.py:37] - DEBUG - Average HSV: H=126.0, S=136.9, V=173.1
2026-05-26 18:02:19,130 - __main__ - [main.py:84] - INFO - Current position: (20, 19, 0), front direction: absDirection.WEST
Layer 0 (altitude=0.0cm, offset=(0.0cm, 0.0cm)):
Known map area: x=20..20, y=19..20
+---+
  @ |
+   +
  S |
+---+
mazeAsGraph[0][19][20] = {absDirection.NORTH: None, absDirection.EAST: None, absDirection.SOUTH: (20, 20, 0), absDirection.WEST: (19, 19, 0)}
mazeAsGraph[0][20][20] = {absDirection.NORTH: (20, 19, 0), absDirection.EAST: None, absDirection.SOUTH: None, absDirection.WEST: (19, 20, 0)}
2026-05-26 18:02:23,353 - __main__ - [main.py:87] - INFO - Exploration resumed.
2026-05-26 18:02:25,348 - mazeUtils.mazeMap - [mazeMap.py:61] - INFO - next goal: (20, 19, 0)
2026-05-26 18:02:25,364 - mazeUtils.moveTile - [moveTile.py:511] - DEBUG - Direction: absDirection.NORTH, Angle: 0, Distance: 45.12315428759682 cm
2026-05-26 18:02:25,367 - mazeUtils.moveTile - [moveTile.py:511] - DEBUG - Direction: absDirection.EAST, Angle: 270, Distance: 17.86100338284034 cm
2026-05-26 18:02:25,369 - mazeUtils.moveTile - [moveTile.py:511] - DEBUG - Direction: absDirection.SOUTH, Angle: 180, Distance: 51.96707835891416 cm
2026-05-26 18:02:25,370 - mazeUtils.moveTile - [moveTile.py:541] - WARNING - Inconsistent wall detection at absDirection.SOUTH: distance=51.96707835891416 cm, map wall type=wallType.WALL
2026-05-26 18:02:25,372 - mazeUtils.moveTile - [moveTile.py:511] - DEBUG - Direction: absDirection.WEST, Angle: 90, Distance: 47.95753322564015 cm
2026-05-26 18:02:26,484 - __main__ - [main.py:69] - INFO - Initial Map:
2026-05-26 18:02:26,500 - __main__ - [main.py:70] - INFO - Current position: (20, 20, 0), front direction: absDirection.NORTH
Layer 0 (altitude=0.0cm, offset=(0.0cm, 0.0cm)):
Known map area: x=20..20, y=20..20
+   +
  @ |
+---+
mazeAsGraph[0][20][20] = {absDirection.NORTH: (20, 19, 0), absDirection.EAST: None, absDirection.SOUTH: None, absDirection.WEST: (19, 20, 0)}
2026-05-26 18:02:26,501 - mazeUtils.mazeMap - [mazeMap.py:61] - INFO - next goal: (20, 19, 0)
2026-05-26 18:02:26,502 - __main__ - [main.py:73] - INFO - Next Direction: [<absDirection.NORTH: 0>]
2026-05-26 18:02:26,503 - __main__ - [main.py:74] - INFO - Exploration started.
2026-05-26 18:02:26,503 - mazeUtils.mazeMap - [mazeMap.py:61] - INFO - next goal: (20, 19, 0)
2026-05-26 18:02:26,509 - mazeUtils.moveTile - [moveTile.py:80] - DEBUG - Moving to absDirection.NORTH from (20, 20, 0) facing absDirection.NORTH
2026-05-26 18:02:26,556 - mazeUtils.moveTile - [moveTile.py:80] - DEBUG - current heading: 1.5699999999999932 target: 0
2026-05-26 18:02:26,598 - mazeUtils.moveTile - [moveTile.py:387] - DEBUG - stopped turning at heading: 1.5699999999999932, diff: 1.5699999999999932
2026-05-26 18:02:26,687 - mazeUtils.moveTile - [moveTile.py:80] - DEBUG - Turned to heading: 0.060000000000002274 deg
2026-05-26 18:02:26,812 - picamera2.picamera2 - [picamera2.py:1391] - DEBUG - Execute job: <picamera2.job.Job object at 0x7f467c85d0>
2026-05-26 18:02:26,816 - mazeUtils.device.camera - [camera.py:37] - DEBUG - Average HSV: H=7.4, S=83.1, V=98.9
2026-05-26 18:02:26,867 - mazeUtils.moveTile - [moveTile.py:80] - DEBUG - roll: 0.0999999999999659 deg, practicalMoveTime: 0.05543216368741901 sec
2026-05-26 18:02:26,868 - mazeUtils.moveTile - [moveTile.py:1105] - DEBUG - moveTile loop time: 60.8 ms
2026-05-26 18:02:26,872 - picamera2.picamera2 - [picamera2.py:1391] - DEBUG - Execute job: <picamera2.job.Job object at 0x7f45a33850>
2026-05-26 18:02:26,875 - mazeUtils.device.camera - [camera.py:37] - DEBUG - Average HSV: H=7.6, S=83.0, V=100.2
2026-05-26 18:02:26,924 - mazeUtils.moveTile - [moveTile.py:80] - DEBUG - roll: 0.17000000000001592 deg, practicalMoveTime: 0.10573087150016997 sec
2026-05-26 18:02:26,924 - mazeUtils.moveTile - [moveTile.py:1105] - DEBUG - moveTile loop time: 56.4 ms
2026-05-26 18:02:26,930 - picamera2.picamera2 - [picamera2.py:1391] - DEBUG - Execute job: <picamera2.job.Job object at 0x7f467c85d0>
2026-05-26 18:02:26,932 - mazeUtils.device.camera - [camera.py:37] - DEBUG - Average HSV: H=8.2, S=79.7, V=121.8
2026-05-26 18:02:26,980 - mazeUtils.moveTile - [moveTile.py:80] - DEBUG - roll: 0.07999999999998408 deg, practicalMoveTime: 0.15572505303740064 sec
2026-05-26 18:02:26,981 - mazeUtils.moveTile - [moveTile.py:1105] - DEBUG - moveTile loop time: 55.8 ms
2026-05-26 18:02:26,987 - picamera2.picamera2 - [picamera2.py:1391] - DEBUG - Execute job: <picamera2.job.Job object at 0x7f46e2bfd0>
2026-05-26 18:02:26,991 - mazeUtils.device.camera - [camera.py:37] - DEBUG - Average HSV: H=10.8, S=70.7, V=174.9
2026-05-26 18:02:27,039 - mazeUtils.moveTile - [moveTile.py:80] - DEBUG - roll: 0.14999999999997726 deg, practicalMoveTime: 0.208669317209796 sec
2026-05-26 18:02:27,040 - mazeUtils.moveTile - [moveTile.py:1105] - DEBUG - moveTile loop time: 59.1 ms
2026-05-26 18:02:27,046 - picamera2.picamera2 - [picamera2.py:1391] - DEBUG - Execute job: <picamera2.job.Job object at 0x7f46508c50>
2026-05-26 18:02:27,050 - mazeUtils.device.camera - [camera.py:37] - DEBUG - Average HSV: H=11.5, S=68.6, V=184.1
2026-05-26 18:02:27,098 - mazeUtils.moveTile - [moveTile.py:80] - DEBUG - roll: 0.009999999999990905 deg, practicalMoveTime: 0.2613431807721512 sec
2026-05-26 18:02:27,099 - mazeUtils.moveTile - [moveTile.py:1105] - DEBUG - moveTile loop time: 58.8 ms
2026-05-26 18:02:27,105 - picamera2.picamera2 - [picamera2.py:1391] - DEBUG - Execute job: <picamera2.job.Job object at 0x7f467c85d0>
2026-05-26 18:02:27,108 - mazeUtils.device.camera - [camera.py:37] - DEBUG - Average HSV: H=11.4, S=71.0, V=183.1
2026-05-26 18:02:27,158 - mazeUtils.moveTile - [moveTile.py:80] - DEBUG - roll: 0.2799999999999727 deg, practicalMoveTime: 0.3140659827899762 sec
2026-05-26 18:02:27,158 - mazeUtils.moveTile - [moveTile.py:1105] - DEBUG - moveTile loop time: 59.1 ms
2026-05-26 18:02:27,165 - picamera2.picamera2 - [picamera2.py:1391] - DEBUG - Execute job: <picamera2.job.Job object at 0x7f46ad5a90>
2026-05-26 18:02:27,168 - mazeUtils.device.camera - [camera.py:37] - DEBUG - Average HSV: H=11.3, S=73.3, V=180.5
2026-05-26 18:02:27,217 - mazeUtils.moveTile - [moveTile.py:80] - DEBUG - roll: 0.2699999999999818 deg, practicalMoveTime: 0.3668738004120591 sec
2026-05-26 18:02:27,217 - mazeUtils.moveTile - [moveTile.py:1105] - DEBUG - moveTile loop time: 58.9 ms
2026-05-26 18:02:27,223 - picamera2.picamera2 - [picamera2.py:1391] - DEBUG - Execute job: <picamera2.job.Job object at 0x7f478f21d0>
2026-05-26 18:02:27,227 - mazeUtils.device.camera - [camera.py:37] - DEBUG - Average HSV: H=11.0, S=72.7, V=180.1
2026-05-26 18:02:27,274 - mazeUtils.moveTile - [moveTile.py:80] - DEBUG - roll: 0.01999999999998181 deg, practicalMoveTime: 0.4179859722859203 sec
2026-05-26 18:02:27,275 - mazeUtils.moveTile - [moveTile.py:1105] - DEBUG - moveTile loop time: 57.3 ms
2026-05-26 18:02:27,280 - picamera2.picamera2 - [picamera2.py:1391] - DEBUG - Execute job: <picamera2.job.Job object at 0x7f46ad5a90>
2026-05-26 18:02:27,284 - mazeUtils.device.camera - [camera.py:37] - DEBUG - Average HSV: H=11.5, S=77.4, V=179.8
2026-05-26 18:02:27,333 - mazeUtils.moveTile - [moveTile.py:80] - DEBUG - roll: 0.17000000000001592 deg, practicalMoveTime: 0.47038881016484524 sec
2026-05-26 18:02:27,334 - mazeUtils.moveTile - [moveTile.py:1105] - DEBUG - moveTile loop time: 58.4 ms
2026-05-26 18:02:27,337 - picamera2.picamera2 - [picamera2.py:1391] - DEBUG - Execute job: <picamera2.job.Job object at 0x7f467c85d0>
2026-05-26 18:02:27,340 - mazeUtils.device.camera - [camera.py:37] - DEBUG - Average HSV: H=11.0, S=77.9, V=176.5
2026-05-26 18:02:27,387 - mazeUtils.moveTile - [moveTile.py:80] - DEBUG - roll: 359.89 deg, practicalMoveTime: 0.5241337424730669 sec
2026-05-26 18:02:27,388 - mazeUtils.moveTile - [moveTile.py:1105] - DEBUG - moveTile loop time: 54.0 ms
2026-05-26 18:02:27,392 - picamera2.picamera2 - [picamera2.py:1391] - DEBUG - Execute job: <picamera2.job.Job object at 0x7f46508c50>
2026-05-26 18:02:27,396 - mazeUtils.device.camera - [camera.py:37] - DEBUG - Average HSV: H=10.9, S=77.4, V=173.6
2026-05-26 18:02:27,446 - mazeUtils.moveTile - [moveTile.py:80] - DEBUG - roll: 0.5699999999999932 deg, practicalMoveTime: 0.5768663661931889 sec
2026-05-26 18:02:27,447 - mazeUtils.moveTile - [moveTile.py:1105] - DEBUG - moveTile loop time: 59.0 ms
2026-05-26 18:02:27,451 - picamera2.picamera2 - [picamera2.py:1391] - DEBUG - Execute job: <picamera2.job.Job object at 0x7f467c85d0>
2026-05-26 18:02:27,454 - mazeUtils.device.camera - [camera.py:37] - DEBUG - Average HSV: H=11.0, S=77.2, V=173.8
2026-05-26 18:02:27,501 - mazeUtils.moveTile - [moveTile.py:80] - DEBUG - roll: 0.3199999999999932 deg, practicalMoveTime: 0.6258652691438472 sec
2026-05-26 18:02:27,502 - mazeUtils.moveTile - [moveTile.py:1105] - DEBUG - moveTile loop time: 54.7 ms
2026-05-26 18:02:27,508 - picamera2.picamera2 - [picamera2.py:1391] - DEBUG - Execute job: <picamera2.job.Job object at 0x7f47fc2fd0>
2026-05-26 18:02:27,511 - mazeUtils.device.camera - [camera.py:37] - DEBUG - Average HSV: H=9.3, S=77.7, V=154.7
2026-05-26 18:02:27,560 - mazeUtils.moveTile - [moveTile.py:80] - DEBUG - roll: 0.040000000000020464 deg, practicalMoveTime: 0.67840458110077 sec
2026-05-26 18:02:27,561 - mazeUtils.moveTile - [moveTile.py:1105] - DEBUG - moveTile loop time: 58.7 ms
2026-05-26 18:02:27,565 - picamera2.picamera2 - [picamera2.py:1391] - DEBUG - Execute job: <picamera2.job.Job object at 0x7f45a33850>
2026-05-26 18:02:27,568 - mazeUtils.device.camera - [camera.py:37] - DEBUG - Average HSV: H=8.1, S=77.6, V=139.6
2026-05-26 18:02:27,615 - mazeUtils.moveTile - [moveTile.py:80] - DEBUG - roll: 0.5 deg, practicalMoveTime: 0.726765113915472 sec
2026-05-26 18:02:27,615 - mazeUtils.moveTile - [moveTile.py:1105] - DEBUG - moveTile loop time: 54.0 ms
2026-05-26 18:02:27,619 - picamera2.picamera2 - [picamera2.py:1391] - DEBUG - Execute job: <picamera2.job.Job object at 0x7f60783550>
2026-05-26 18:02:27,622 - mazeUtils.device.camera - [camera.py:37] - DEBUG - Average HSV: H=9.6, S=67.0, V=170.9
2026-05-26 18:02:27,671 - mazeUtils.moveTile - [moveTile.py:80] - DEBUG - roll: 0.040000000000020464 deg, practicalMoveTime: 0.7773017818215476 sec
2026-05-26 18:02:27,672 - mazeUtils.moveTile - [moveTile.py:1105] - DEBUG - moveTile loop time: 56.9 ms
2026-05-26 18:02:27,676 - picamera2.picamera2 - [picamera2.py:1391] - DEBUG - Execute job: <picamera2.job.Job object at 0x7f46e2bfd0>
2026-05-26 18:02:27,679 - mazeUtils.device.camera - [camera.py:37] - DEBUG - Average HSV: H=10.9, S=55.9, V=197.8
2026-05-26 18:02:27,729 - mazeUtils.moveTile - [moveTile.py:80] - DEBUG - roll: 0.15999999999996817 deg, practicalMoveTime: 0.8282974573884185 sec
2026-05-26 18:02:27,729 - mazeUtils.moveTile - [moveTile.py:1105] - DEBUG - moveTile loop time: 56.9 ms
2026-05-26 18:02:27,734 - picamera2.picamera2 - [picamera2.py:1391] - DEBUG - Execute job: <picamera2.job.Job object at 0x7f47fc2fd0>
2026-05-26 18:02:27,737 - mazeUtils.device.camera - [camera.py:37] - DEBUG - Average HSV: H=11.3, S=53.3, V=203.8
2026-05-26 18:02:27,786 - mazeUtils.moveTile - [moveTile.py:80] - DEBUG - roll: 0.19999999999998863 deg, practicalMoveTime: 0.8789851053900373 sec
2026-05-26 18:02:27,786 - mazeUtils.moveTile - [moveTile.py:1105] - DEBUG - moveTile loop time: 56.4 ms
2026-05-26 18:02:27,790 - picamera2.picamera2 - [picamera2.py:1391] - DEBUG - Execute job: <picamera2.job.Job object at 0x7f46ad5a90>
2026-05-26 18:02:27,793 - mazeUtils.device.camera - [camera.py:37] - DEBUG - Average HSV: H=11.2, S=53.7, V=203.2
2026-05-26 18:02:27,841 - mazeUtils.moveTile - [moveTile.py:80] - DEBUG - roll: 359.84999999999997 deg, practicalMoveTime: 0.9340116864544399 sec
2026-05-26 18:02:27,842 - mazeUtils.moveTile - [moveTile.py:1105] - DEBUG - moveTile loop time: 55.3 ms
2026-05-26 18:02:27,848 - picamera2.picamera2 - [picamera2.py:1391] - DEBUG - Execute job: <picamera2.job.Job object at 0x7f46e2bfd0>
2026-05-26 18:02:27,851 - mazeUtils.device.camera - [camera.py:37] - DEBUG - Average HSV: H=21.1, S=96.2, V=112.7
2026-05-26 18:02:27,900 - mazeUtils.moveTile - [moveTile.py:80] - DEBUG - roll: 0.2799999999999727 deg, practicalMoveTime: 0.9865611125518452 sec
2026-05-26 18:02:27,901 - mazeUtils.moveTile - [moveTile.py:1105] - DEBUG - moveTile loop time: 58.6 ms
2026-05-26 18:02:27,907 - picamera2.picamera2 - [picamera2.py:1391] - DEBUG - Execute job: <picamera2.job.Job object at 0x7f45a33790>
2026-05-26 18:02:27,910 - mazeUtils.device.camera - [camera.py:37] - DEBUG - Average HSV: H=134.4, S=85.6, V=95.7
2026-05-26 18:02:28,041 - mazeUtils.moveTile - [moveTile.py:80] - DEBUG - Little forward to adjust position
2026-05-26 18:02:28,166 - mazeUtils.moveTile - [moveTile.py:511] - DEBUG - Direction: absDirection.NORTH, Angle: 0, Distance: 11.406554922294156 cm
2026-05-26 18:02:28,168 - mazeUtils.moveTile - [moveTile.py:511] - DEBUG - Direction: absDirection.EAST, Angle: 270, Distance: 16.63842696865081 cm
2026-05-26 18:02:28,169 - mazeUtils.moveTile - [moveTile.py:511] - DEBUG - Direction: absDirection.SOUTH, Angle: 180, Distance: 81.52227397808488 cm
2026-05-26 18:02:28,170 - mazeUtils.moveTile - [moveTile.py:511] - DEBUG - Direction: absDirection.WEST, Angle: 90, Distance: 38.60170219561879 cm
2026-05-26 18:02:28,170 - mazeUtils.moveTile - [moveTile.py:1274] - INFO - Tile color detection counts: {}, decided tile type: E
2026-05-26 18:02:28,270 - __main__ - [main.py:84] - INFO - Current position: (20, 19, 0), front direction: absDirection.NORTH
Layer 0 (altitude=0.0cm, offset=(0.0cm, 0.0cm)):
Known map area: x=20..20, y=19..20
+---+
  @ |
+   +
  S |
+---+
mazeAsGraph[0][19][20] = {absDirection.NORTH: None, absDirection.EAST: None, absDirection.SOUTH: (20, 20, 0), absDirection.WEST: (19, 19, 0)}
mazeAsGraph[0][20][20] = {absDirection.NORTH: (20, 19, 0), absDirection.EAST: None, absDirection.SOUTH: None, absDirection.WEST: (19, 20, 0)}
2026-05-26 18:02:28,278 - mazeUtils.mazeMap - [mazeMap.py:61] - INFO - next goal: (19, 19, 0)
2026-05-26 18:02:28,279 - mazeUtils.mazeMap - [mazeMap.py:61] - INFO - next goal: (19, 19, 0)
2026-05-26 18:02:28,284 - mazeUtils.moveTile - [moveTile.py:80] - DEBUG - Moving to absDirection.WEST from (20, 19, 0) facing absDirection.NORTH
2026-05-26 18:02:28,330 - mazeUtils.moveTile - [moveTile.py:80] - DEBUG - current heading: 0.5 target: 90
2026-05-26 18:02:29,331 - mazeUtils.moveTile - [moveTile.py:387] - DEBUG - stopped turning at heading: 81.32999999999998, diff: 8.670000000000016
2026-05-26 18:02:29,945 - mazeUtils.moveTile - [moveTile.py:80] - DEBUG - Turned to heading: 89.81 deg
2026-05-26 18:02:30,043 - picamera2.picamera2 - [picamera2.py:1391] - DEBUG - Execute job: <picamera2.job.Job object at 0x7f47f540d0>
2026-05-26 18:02:30,047 - mazeUtils.device.camera - [camera.py:37] - DEBUG - Average HSV: H=6.7, S=33.0, V=208.9
2026-05-26 18:02:30,099 - mazeUtils.moveTile - [moveTile.py:80] - DEBUG - roll: 0.21999999999997044 deg, practicalMoveTime: 0.05657895817900922 sec
2026-05-26 18:02:30,099 - mazeUtils.moveTile - [moveTile.py:1105] - DEBUG - moveTile loop time: 62.3 ms
2026-05-26 18:02:30,104 - picamera2.picamera2 - [picamera2.py:1391] - DEBUG - Execute job: <picamera2.job.Job object at 0x7f47fa2190>
2026-05-26 18:02:30,108 - mazeUtils.device.camera - [camera.py:37] - DEBUG - Average HSV: H=7.0, S=41.5, V=197.4
2026-05-26 18:02:30,156 - mazeUtils.moveTile - [moveTile.py:80] - DEBUG - roll: 0.4200000000000159 deg, practicalMoveTime: 0.10728100225761299 sec
2026-05-26 18:02:30,156 - mazeUtils.moveTile - [moveTile.py:1105] - DEBUG - moveTile loop time: 56.4 ms
2026-05-26 18:02:30,162 - picamera2.picamera2 - [picamera2.py:1391] - DEBUG - Execute job: <picamera2.job.Job object at 0x7f47f27050>
2026-05-26 18:02:30,165 - mazeUtils.device.camera - [camera.py:37] - DEBUG - Average HSV: H=36.7, S=72.4, V=121.9
2026-05-26 18:02:30,214 - mazeUtils.moveTile - [moveTile.py:80] - DEBUG - roll: 0.21999999999997044 deg, practicalMoveTime: 0.15914660292479868 sec
2026-05-26 18:02:30,214 - mazeUtils.moveTile - [moveTile.py:1105] - DEBUG - moveTile loop time: 58.1 ms
2026-05-26 18:02:30,221 - picamera2.picamera2 - [picamera2.py:1391] - DEBUG - Execute job: <picamera2.job.Job object at 0x7f46ad5a90>
2026-05-26 18:02:30,224 - mazeUtils.device.camera - [camera.py:37] - DEBUG - Average HSV: H=137.8, S=72.8, V=146.3
2026-05-26 18:02:30,273 - mazeUtils.moveTile - [moveTile.py:80] - DEBUG - roll: 359.81 deg, practicalMoveTime: 0.21803352241362356 sec
2026-05-26 18:02:30,274 - mazeUtils.moveTile - [moveTile.py:1105] - DEBUG - moveTile loop time: 59.0 ms
2026-05-26 18:02:30,280 - picamera2.picamera2 - [picamera2.py:1391] - DEBUG - Execute job: <picamera2.job.Job object at 0x7f47ce2710>
2026-05-26 18:02:30,283 - mazeUtils.device.camera - [camera.py:37] - DEBUG - Average HSV: H=159.5, S=12.6, V=209.4
2026-05-26 18:02:30,335 - mazeUtils.moveTile - [moveTile.py:80] - DEBUG - roll: 0.6899999999999977 deg, practicalMoveTime: 0.27268675603847475 sec
2026-05-26 18:02:30,335 - mazeUtils.moveTile - [moveTile.py:1105] - DEBUG - moveTile loop time: 61.1 ms
2026-05-26 18:02:30,339 - picamera2.picamera2 - [picamera2.py:1391] - DEBUG - Execute job: <picamera2.job.Job object at 0x7f47fa2190>
2026-05-26 18:02:30,342 - mazeUtils.device.camera - [camera.py:37] - DEBUG - Average HSV: H=12.9, S=56.4, V=212.4
2026-05-26 18:02:30,390 - mazeUtils.moveTile - [moveTile.py:80] - DEBUG - roll: 0.19999999999998863 deg, practicalMoveTime: 0.3219232305157756 sec
2026-05-26 18:02:30,390 - mazeUtils.moveTile - [moveTile.py:1105] - DEBUG - moveTile loop time: 54.9 ms
2026-05-26 18:02:30,396 - picamera2.picamera2 - [picamera2.py:1391] - DEBUG - Execute job: <picamera2.job.Job object at 0x7f6074a490>
2026-05-26 18:02:30,400 - mazeUtils.device.camera - [camera.py:37] - DEBUG - Average HSV: H=10.8, S=85.1, V=144.9
2026-05-26 18:02:30,449 - mazeUtils.moveTile - [moveTile.py:80] - DEBUG - roll: 0.37999999999999545 deg, practicalMoveTime: 0.37492487528742857 sec
2026-05-26 18:02:30,450 - mazeUtils.moveTile - [moveTile.py:1105] - DEBUG - moveTile loop time: 59.6 ms
2026-05-26 18:02:30,456 - picamera2.picamera2 - [picamera2.py:1391] - DEBUG - Execute job: <picamera2.job.Job object at 0x7f47fa2190>
2026-05-26 18:02:30,462 - mazeUtils.device.camera - [camera.py:37] - DEBUG - Average HSV: H=128.6, S=110.6, V=168.9
2026-05-26 18:02:30,510 - mazeUtils.moveTile - [moveTile.py:80] - DEBUG - roll: 4.949999999999989 deg, practicalMoveTime: 0.42893356654318826 sec
2026-05-26 18:02:30,511 - mazeUtils.moveTile - [moveTile.py:1105] - DEBUG - moveTile loop time: 60.6 ms
2026-05-26 18:02:30,516 - picamera2.picamera2 - [picamera2.py:1391] - DEBUG - Execute job: <picamera2.job.Job object at 0x7f47f27110>
2026-05-26 18:02:30,522 - mazeUtils.device.camera - [camera.py:37] - DEBUG - Average HSV: H=12.1, S=73.2, V=193.3
2026-05-26 18:02:30,570 - mazeUtils.moveTile - [moveTile.py:80] - DEBUG - roll: 8.54000000000002 deg, practicalMoveTime: 0.4812224471872848 sec
2026-05-26 18:02:30,570 - mazeUtils.moveTile - [moveTile.py:1105] - DEBUG - moveTile loop time: 59.0 ms
2026-05-26 18:02:30,576 - picamera2.picamera2 - [picamera2.py:1391] - DEBUG - Execute job: <picamera2.job.Job object at 0x7f46ad5a90>
2026-05-26 18:02:30,581 - mazeUtils.device.camera - [camera.py:37] - DEBUG - Average HSV: H=44.1, S=45.3, V=156.8
2026-05-26 18:02:30,630 - mazeUtils.moveTile - [moveTile.py:80] - DEBUG - roll: 12.009999999999991 deg, practicalMoveTime: 0.5336993520672471 sec
2026-05-26 18:02:30,631 - mazeUtils.moveTile - [moveTile.py:1105] - DEBUG - moveTile loop time: 60.0 ms
2026-05-26 18:02:30,635 - picamera2.picamera2 - [picamera2.py:1391] - DEBUG - Execute job: <picamera2.job.Job object at 0x7f47f33290>
2026-05-26 18:02:30,641 - mazeUtils.device.camera - [camera.py:37] - DEBUG - Average HSV: H=11.7, S=39.0, V=233.1
2026-05-26 18:02:30,692 - mazeUtils.moveTile - [moveTile.py:80] - DEBUG - roll: 16.30000000000001 deg, practicalMoveTime: 0.5833384902410566 sec
2026-05-26 18:02:30,693 - mazeUtils.moveTile - [moveTile.py:1105] - DEBUG - moveTile loop time: 61.4 ms
2026-05-26 18:02:30,697 - picamera2.picamera2 - [picamera2.py:1391] - DEBUG - Execute job: <picamera2.job.Job object at 0x7f47f27190>
2026-05-26 18:02:30,702 - mazeUtils.device.camera - [camera.py:37] - DEBUG - Average HSV: H=6.6, S=55.4, V=175.0
2026-05-26 18:02:30,750 - mazeUtils.moveTile - [moveTile.py:80] - DEBUG - roll: 19.480000000000018 deg, practicalMoveTime: 0.629268715783096 sec
2026-05-26 18:02:30,751 - mazeUtils.moveTile - [moveTile.py:1105] - DEBUG - moveTile loop time: 58.2 ms
2026-05-26 18:02:30,757 - picamera2.picamera2 - [picamera2.py:1391] - DEBUG - Execute job: <picamera2.job.Job object at 0x7f47fa2190>
2026-05-26 18:02:30,763 - mazeUtils.device.camera - [camera.py:37] - DEBUG - Average HSV: H=73.1, S=32.3, V=229.4
2026-05-26 18:02:30,811 - mazeUtils.moveTile - [moveTile.py:80] - DEBUG - roll: 22.599999999999966 deg, practicalMoveTime: 0.676978188025394 sec
2026-05-26 18:02:30,813 - mazeUtils.moveTile - [moveTile.py:1105] - DEBUG - moveTile loop time: 60.7 ms
2026-05-26 18:02:30,817 - picamera2.picamera2 - [picamera2.py:1391] - DEBUG - Execute job: <picamera2.job.Job object at 0x7f47ce2710>
2026-05-26 18:02:30,822 - mazeUtils.device.camera - [camera.py:37] - DEBUG - Average HSV: H=77.9, S=30.9, V=194.1
2026-05-26 18:02:30,871 - mazeUtils.moveTile - [moveTile.py:80] - DEBUG - roll: 26.389999999999986 deg, practicalMoveTime: 0.7216740679176598 sec
2026-05-26 18:02:30,871 - mazeUtils.moveTile - [moveTile.py:1105] - DEBUG - moveTile loop time: 58.0 ms
2026-05-26 18:02:30,878 - picamera2.picamera2 - [picamera2.py:1391] - DEBUG - Execute job: <picamera2.job.Job object at 0x7f6074b150>
2026-05-26 18:02:30,883 - mazeUtils.device.camera - [camera.py:37] - DEBUG - Average HSV: H=7.5, S=48.6, V=190.3
2026-05-26 18:02:30,933 - mazeUtils.moveTile - [moveTile.py:80] - DEBUG - roll: 30.25999999999999 deg, practicalMoveTime: 0.76721917853335 sec
2026-05-26 18:02:30,933 - mazeUtils.moveTile - [moveTile.py:1105] - DEBUG - moveTile loop time: 61.5 ms
2026-05-26 18:02:30,940 - picamera2.picamera2 - [picamera2.py:1391] - DEBUG - Execute job: <picamera2.job.Job object at 0x7f6074a490>
2026-05-26 18:02:30,944 - mazeUtils.device.camera - [camera.py:37] - DEBUG - Average HSV: H=14.5, S=39.6, V=179.6
2026-05-26 18:02:30,994 - mazeUtils.moveTile - [moveTile.py:80] - DEBUG - roll: 32.50999999999999 deg, practicalMoveTime: 0.8116396487187796 sec
2026-05-26 18:02:30,995 - mazeUtils.moveTile - [moveTile.py:1105] - DEBUG - moveTile loop time: 61.5 ms
2026-05-26 18:02:31,000 - picamera2.picamera2 - [picamera2.py:1391] - DEBUG - Execute job: <picamera2.job.Job object at 0x7f47f33290>
2026-05-26 18:02:31,005 - mazeUtils.device.camera - [camera.py:37] - DEBUG - Average HSV: H=39.6, S=40.6, V=184.7
2026-05-26 18:02:31,054 - mazeUtils.moveTile - [moveTile.py:80] - DEBUG - roll: 35.55000000000001 deg, practicalMoveTime: 0.8530662516382251 sec
2026-05-26 18:02:31,055 - mazeUtils.moveTile - [moveTile.py:1105] - DEBUG - moveTile loop time: 59.5 ms
2026-05-26 18:02:31,061 - picamera2.picamera2 - [picamera2.py:1391] - DEBUG - Execute job: <picamera2.job.Job object at 0x7f6074a490>
2026-05-26 18:02:31,067 - mazeUtils.device.camera - [camera.py:37] - DEBUG - Average HSV: H=34.5, S=41.0, V=184.3
2026-05-26 18:02:31,116 - mazeUtils.moveTile - [moveTile.py:80] - DEBUG - roll: 34.360000000000014 deg, practicalMoveTime: 0.896498095566618 sec
2026-05-26 18:02:31,117 - mazeUtils.moveTile - [moveTile.py:1105] - DEBUG - moveTile loop time: 61.8 ms
2026-05-26 18:02:31,122 - picamera2.picamera2 - [picamera2.py:1391] - DEBUG - Execute job: <picamera2.job.Job object at 0x7f46cf1290>
2026-05-26 18:02:31,126 - mazeUtils.device.camera - [camera.py:37] - DEBUG - Average HSV: H=97.9, S=31.6, V=194.7
2026-05-26 18:02:31,175 - mazeUtils.moveTile - [moveTile.py:80] - DEBUG - roll: 33.94 deg, practicalMoveTime: 0.9380764481870386 sec
2026-05-26 18:02:31,176 - mazeUtils.moveTile - [moveTile.py:1105] - DEBUG - moveTile loop time: 58.8 ms
2026-05-26 18:02:31,182 - picamera2.picamera2 - [picamera2.py:1391] - DEBUG - Execute job: <picamera2.job.Job object at 0x7f47f33290>
2026-05-26 18:02:31,187 - mazeUtils.device.camera - [camera.py:37] - DEBUG - Average HSV: H=137.8, S=20.8, V=209.8
2026-05-26 18:02:31,235 - mazeUtils.moveTile - [moveTile.py:80] - DEBUG - roll: 32.14999999999998 deg, practicalMoveTime: 0.9806081120172098 sec
2026-05-26 18:02:31,235 - mazeUtils.moveTile - [moveTile.py:1105] - DEBUG - moveTile loop time: 58.2 ms
2026-05-26 18:02:31,242 - picamera2.picamera2 - [picamera2.py:1391] - DEBUG - Execute job: <picamera2.job.Job object at 0x7f46cf1290>
2026-05-26 18:02:31,247 - mazeUtils.device.camera - [camera.py:37] - DEBUG - Average HSV: H=145.4, S=23.1, V=185.0
2026-05-26 18:02:31,303 - picamera2.picamera2 - [picamera2.py:1391] - DEBUG - Execute job: <picamera2.job.Job object at 0x7f47f457d0>
2026-05-26 18:02:31,307 - mazeUtils.device.camera - [camera.py:37] - DEBUG - Average HSV: H=155.0, S=21.4, V=170.9
2026-05-26 18:02:31,357 - mazeUtils.moveTile - [moveTile.py:80] - DEBUG - roll: 36.139999999999986 deg, practicalMoveTime: 1.066617636978261 sec
2026-05-26 18:02:31,358 - mazeUtils.moveTile - [moveTile.py:1105] - DEBUG - moveTile loop time: 63.1 ms
2026-05-26 18:02:31,363 - picamera2.picamera2 - [picamera2.py:1391] - DEBUG - Execute job: <picamera2.job.Job object at 0x7f47fa2190>
2026-05-26 18:02:31,368 - mazeUtils.device.camera - [camera.py:37] - DEBUG - Average HSV: H=153.4, S=21.0, V=170.0
2026-05-26 18:02:31,416 - mazeUtils.moveTile - [moveTile.py:80] - DEBUG - roll: 34.19 deg, practicalMoveTime: 1.1077834771917618 sec
2026-05-26 18:02:31,417 - mazeUtils.moveTile - [moveTile.py:1105] - DEBUG - moveTile loop time: 59.0 ms
2026-05-26 18:02:31,422 - picamera2.picamera2 - [picamera2.py:1391] - DEBUG - Execute job: <picamera2.job.Job object at 0x7f47f540d0>
2026-05-26 18:02:31,426 - mazeUtils.device.camera - [camera.py:37] - DEBUG - Average HSV: H=158.3, S=21.3, V=174.4
2026-05-26 18:02:31,476 - mazeUtils.moveTile - [moveTile.py:80] - DEBUG - roll: 33.27999999999997 deg, practicalMoveTime: 1.1491414380075007 sec
2026-05-26 18:02:31,477 - mazeUtils.moveTile - [moveTile.py:1105] - DEBUG - moveTile loop time: 59.0 ms
2026-05-26 18:02:31,481 - picamera2.picamera2 - [picamera2.py:1391] - DEBUG - Execute job: <picamera2.job.Job object at 0x7f47f457d0>
2026-05-26 18:02:31,486 - mazeUtils.device.camera - [camera.py:37] - DEBUG - Average HSV: H=158.1, S=22.4, V=171.7
2026-05-26 18:02:31,535 - mazeUtils.moveTile - [moveTile.py:80] - DEBUG - roll: 33.639999999999986 deg, practicalMoveTime: 1.1908055290319106 sec
2026-05-26 18:02:31,536 - mazeUtils.moveTile - [moveTile.py:1105] - DEBUG - moveTile loop time: 58.8 ms
2026-05-26 18:02:31,540 - picamera2.picamera2 - [picamera2.py:1391] - DEBUG - Execute job: <picamera2.job.Job object at 0x7f46ad5a90>
2026-05-26 18:02:31,545 - mazeUtils.device.camera - [camera.py:37] - DEBUG - Average HSV: H=152.5, S=20.4, V=172.2
2026-05-26 18:02:31,596 - mazeUtils.moveTile - [moveTile.py:80] - DEBUG - roll: 33.31 deg, practicalMoveTime: 1.2318584064197613 sec
2026-05-26 18:02:31,597 - mazeUtils.moveTile - [moveTile.py:1105] - DEBUG - moveTile loop time: 60.7 ms
2026-05-26 18:02:31,602 - picamera2.picamera2 - [picamera2.py:1391] - DEBUG - Execute job: <picamera2.job.Job object at 0x7f6074b150>
2026-05-26 18:02:31,607 - mazeUtils.device.camera - [camera.py:37] - DEBUG - Average HSV: H=152.0, S=20.7, V=172.0
2026-05-26 18:02:31,656 - mazeUtils.moveTile - [moveTile.py:80] - DEBUG - roll: 32.620000000000005 deg, practicalMoveTime: 1.2735077057619695 sec
2026-05-26 18:02:31,657 - mazeUtils.moveTile - [moveTile.py:1105] - DEBUG - moveTile loop time: 59.8 ms
2026-05-26 18:02:31,661 - picamera2.picamera2 - [picamera2.py:1391] - DEBUG - Execute job: <picamera2.job.Job object at 0x7f46cf1290>
2026-05-26 18:02:31,665 - mazeUtils.device.camera - [camera.py:37] - DEBUG - Average HSV: H=148.9, S=22.2, V=170.1
2026-05-26 18:02:31,716 - mazeUtils.moveTile - [moveTile.py:80] - DEBUG - roll: 33.75 deg, practicalMoveTime: 1.3140208916611291 sec
2026-05-26 18:02:31,717 - mazeUtils.moveTile - [moveTile.py:1105] - DEBUG - moveTile loop time: 59.2 ms
2026-05-26 18:02:31,721 - picamera2.picamera2 - [picamera2.py:1391] - DEBUG - Execute job: <picamera2.job.Job object at 0x7f6074b150>
2026-05-26 18:02:31,725 - mazeUtils.device.camera - [camera.py:37] - DEBUG - Average HSV: H=147.2, S=22.4, V=169.8
2026-05-26 18:02:31,776 - mazeUtils.moveTile - [moveTile.py:80] - DEBUG - roll: 32.93000000000001 deg, practicalMoveTime: 1.3559685880777377 sec
2026-05-26 18:02:31,777 - mazeUtils.moveTile - [moveTile.py:1105] - DEBUG - moveTile loop time: 59.6 ms
2026-05-26 18:02:31,781 - picamera2.picamera2 - [picamera2.py:1391] - DEBUG - Execute job: <picamera2.job.Job object at 0x7f47f33290>
2026-05-26 18:02:31,786 - mazeUtils.device.camera - [camera.py:37] - DEBUG - Average HSV: H=148.0, S=21.8, V=170.9
2026-05-26 18:02:31,834 - mazeUtils.moveTile - [moveTile.py:80] - DEBUG - roll: 31.060000000000002 deg, practicalMoveTime: 1.3977454514493786 sec
2026-05-26 18:02:31,835 - mazeUtils.moveTile - [moveTile.py:1105] - DEBUG - moveTile loop time: 57.8 ms
2026-05-26 18:02:31,840 - picamera2.picamera2 - [picamera2.py:1391] - DEBUG - Execute job: <picamera2.job.Job object at 0x7f47f33290>
2026-05-26 18:02:31,844 - mazeUtils.device.camera - [camera.py:37] - DEBUG - Average HSV: H=154.6, S=22.5, V=171.4
2026-05-26 18:02:31,893 - mazeUtils.moveTile - [moveTile.py:80] - DEBUG - roll: 30.389999999999986 deg, practicalMoveTime: 1.440635318390464 sec
2026-05-26 18:02:31,894 - mazeUtils.moveTile - [moveTile.py:1105] - DEBUG - moveTile loop time: 58.7 ms
2026-05-26 18:02:31,900 - picamera2.picamera2 - [picamera2.py:1391] - DEBUG - Execute job: <picamera2.job.Job object at 0x7f6074b150>
2026-05-26 18:02:31,904 - mazeUtils.device.camera - [camera.py:37] - DEBUG - Average HSV: H=152.0, S=21.6, V=174.3
2026-05-26 18:02:31,953 - mazeUtils.moveTile - [moveTile.py:80] - DEBUG - roll: 28.279999999999973 deg, practicalMoveTime: 1.4848112814813526 sec
2026-05-26 18:02:31,953 - mazeUtils.moveTile - [moveTile.py:1105] - DEBUG - moveTile loop time: 58.8 ms
2026-05-26 18:02:31,959 - picamera2.picamera2 - [picamera2.py:1391] - DEBUG - Execute job: <picamera2.job.Job object at 0x7f47f8c150>
2026-05-26 18:02:31,964 - mazeUtils.device.camera - [camera.py:37] - DEBUG - Average HSV: H=150.5, S=21.5, V=174.5
2026-05-26 18:02:32,014 - mazeUtils.moveTile - [moveTile.py:80] - DEBUG - roll: 25.870000000000005 deg, practicalMoveTime: 1.5315458098857182 sec
2026-05-26 18:02:32,015 - mazeUtils.moveTile - [moveTile.py:1105] - DEBUG - moveTile loop time: 61.2 ms
2026-05-26 18:02:32,022 - picamera2.picamera2 - [picamera2.py:1391] - DEBUG - Execute job: <picamera2.job.Job object at 0x7f47f8f250>
2026-05-26 18:02:32,026 - mazeUtils.device.camera - [camera.py:37] - DEBUG - Average HSV: H=160.0, S=20.8, V=183.8
2026-05-26 18:02:32,076 - mazeUtils.moveTile - [moveTile.py:80] - DEBUG - roll: 21.620000000000005 deg, practicalMoveTime: 1.579626069771735 sec
2026-05-26 18:02:32,077 - mazeUtils.moveTile - [moveTile.py:1105] - DEBUG - moveTile loop time: 61.2 ms
2026-05-26 18:02:32,081 - picamera2.picamera2 - [picamera2.py:1391] - DEBUG - Execute job: <picamera2.job.Job object at 0x7f47f33290>
2026-05-26 18:02:32,088 - mazeUtils.device.camera - [camera.py:37] - DEBUG - Average HSV: H=151.4, S=13.6, V=211.6
2026-05-26 18:02:32,140 - mazeUtils.moveTile - [moveTile.py:80] - DEBUG - roll: 16.25 deg, practicalMoveTime: 1.6296282696052171 sec
2026-05-26 18:02:32,141 - mazeUtils.moveTile - [moveTile.py:1105] - DEBUG - moveTile loop time: 63.9 ms
2026-05-26 18:02:32,146 - picamera2.picamera2 - [picamera2.py:1391] - DEBUG - Execute job: <picamera2.job.Job object at 0x7f47f457d0>
2026-05-26 18:02:32,151 - mazeUtils.device.camera - [camera.py:37] - DEBUG - Average HSV: H=145.4, S=12.2, V=218.9
2026-05-26 18:02:32,200 - mazeUtils.moveTile - [moveTile.py:80] - DEBUG - roll: 9.909999999999968 deg, practicalMoveTime: 1.6820579575935755 sec
2026-05-26 18:02:32,201 - mazeUtils.moveTile - [moveTile.py:1105] - DEBUG - moveTile loop time: 59.5 ms
2026-05-26 18:02:32,207 - picamera2.picamera2 - [picamera2.py:1391] - DEBUG - Execute job: <picamera2.job.Job object at 0x7f47f540d0>
2026-05-26 18:02:32,212 - mazeUtils.device.camera - [camera.py:37] - DEBUG - Average HSV: H=143.2, S=12.9, V=221.8
2026-05-26 18:02:32,262 - mazeUtils.moveTile - [moveTile.py:80] - DEBUG - roll: 5.800000000000011 deg, practicalMoveTime: 1.736873619313833 sec
2026-05-26 18:02:32,263 - mazeUtils.moveTile - [moveTile.py:1105] - DEBUG - moveTile loop time: 61.8 ms
2026-05-26 18:02:32,268 - picamera2.picamera2 - [picamera2.py:1391] - DEBUG - Execute job: <picamera2.job.Job object at 0x7f6074a490>
2026-05-26 18:02:32,273 - mazeUtils.device.camera - [camera.py:37] - DEBUG - Average HSV: H=142.9, S=13.0, V=222.6
2026-05-26 18:02:32,322 - mazeUtils.moveTile - [moveTile.py:80] - DEBUG - roll: 3.4699999999999704 deg, practicalMoveTime: 1.7899443911871482 sec
2026-05-26 18:02:32,323 - mazeUtils.moveTile - [moveTile.py:1105] - DEBUG - moveTile loop time: 59.1 ms
2026-05-26 18:02:32,329 - picamera2.picamera2 - [picamera2.py:1391] - DEBUG - Execute job: <picamera2.job.Job object at 0x7f47fa2190>
2026-05-26 18:02:32,333 - mazeUtils.device.camera - [camera.py:37] - DEBUG - Average HSV: H=143.5, S=12.8, V=222.5
2026-05-26 18:02:32,385 - mazeUtils.moveTile - [moveTile.py:80] - DEBUG - roll: 2.3000000000000114 deg, practicalMoveTime: 1.8448382107298034 sec
2026-05-26 18:02:32,386 - mazeUtils.moveTile - [moveTile.py:1105] - DEBUG - moveTile loop time: 62.2 ms
2026-05-26 18:02:32,393 - picamera2.picamera2 - [picamera2.py:1391] - DEBUG - Execute job: <picamera2.job.Job object at 0x7f6074b150>
2026-05-26 18:02:32,398 - mazeUtils.device.camera - [camera.py:37] - DEBUG - Average HSV: H=143.8, S=12.9, V=222.1
2026-05-26 18:02:32,448 - mazeUtils.moveTile - [moveTile.py:80] - DEBUG - roll: 359.90999999999997 deg, practicalMoveTime: 1.906874410059279 sec
2026-05-26 18:02:32,449 - mazeUtils.moveTile - [moveTile.py:1105] - DEBUG - moveTile loop time: 62.2 ms
2026-05-26 18:02:32,454 - picamera2.picamera2 - [picamera2.py:1391] - DEBUG - Execute job: <picamera2.job.Job object at 0x7f47f540d0>
2026-05-26 18:02:32,459 - mazeUtils.device.camera - [camera.py:37] - DEBUG - Average HSV: H=144.2, S=12.6, V=222.4
2026-05-26 18:02:32,508 - mazeUtils.moveTile - [moveTile.py:80] - DEBUG - roll: 358.65999999999997 deg, practicalMoveTime: 1.965272656153854 sec
2026-05-26 18:02:32,509 - mazeUtils.moveTile - [moveTile.py:1105] - DEBUG - moveTile loop time: 58.4 ms
2026-05-26 18:02:32,514 - picamera2.picamera2 - [picamera2.py:1391] - DEBUG - Execute job: <picamera2.job.Job object at 0x7f46cf1290>
2026-05-26 18:02:32,518 - mazeUtils.device.camera - [camera.py:37] - DEBUG - Average HSV: H=143.8, S=12.7, V=221.7
2026-05-26 18:02:32,650 - mazeUtils.moveTile - [moveTile.py:80] - DEBUG - Little forward to adjust position
2026-05-26 18:02:33,648 - mazeUtils.moveTile - [moveTile.py:511] - DEBUG - Direction: absDirection.NORTH, Angle: 270, Distance: 14.890184595872654 cm
2026-05-26 18:02:33,651 - mazeUtils.moveTile - [moveTile.py:511] - DEBUG - Direction: absDirection.EAST, Angle: 180, Distance: 159.46665191519554 cm
2026-05-26 18:02:33,653 - mazeUtils.moveTile - [moveTile.py:511] - DEBUG - Direction: absDirection.SOUTH, Angle: 90, Distance: 198.73376316838159 cm
2026-05-26 18:02:33,656 - mazeUtils.moveTile - [moveTile.py:511] - DEBUG - Direction: absDirection.WEST, Angle: 0, Distance: 13.693434760811419 cm
2026-05-26 18:02:33,657 - mazeUtils.moveTile - [moveTile.py:1274] - INFO - Tile color detection counts: {}, decided tile type: E
2026-05-26 18:02:33,801 - __main__ - [main.py:84] - INFO - Current position: (20, 19, 1), front direction: absDirection.WEST
Layer 0 (altitude=0.0cm, offset=(0.0cm, 0.0cm)):
Known map area: x=20..20, y=19..20
+---+
  E |
+   +
  S |
+---+
Layer 1 (altitude=15.0cm, offset=(-60.0cm, 0.0cm)):
Known map area: x=20..20, y=19..19
+---+
| @  
+   +
mazeAsGraph[0][19][20] = {absDirection.NORTH: None, absDirection.EAST: None, absDirection.SOUTH: (20, 20, 0), absDirection.WEST: (20, 19, 1)}
mazeAsGraph[0][20][20] = {absDirection.NORTH: (20, 19, 0), absDirection.EAST: None, absDirection.SOUTH: None, absDirection.WEST: (19, 20, 0)}
mazeAsGraph[1][19][20] = {absDirection.NORTH: None, absDirection.EAST: (20, 19, 0), absDirection.SOUTH: (20, 20, 1), absDirection.WEST: None}
2026-05-26 18:02:33,809 - mazeUtils.mazeMap - [mazeMap.py:61] - INFO - next goal: (20, 20, 1)
2026-05-26 18:02:33,811 - mazeUtils.mazeMap - [mazeMap.py:61] - INFO - next goal: (20, 20, 1)
2026-05-26 18:02:33,819 - mazeUtils.moveTile - [moveTile.py:80] - DEBUG - Moving to absDirection.SOUTH from (20, 19, 1) facing absDirection.WEST
2026-05-26 18:02:33,864 - mazeUtils.moveTile - [moveTile.py:80] - DEBUG - current heading: 92.16999999999996 target: 180
2026-05-26 18:02:34,769 - mazeUtils.moveTile - [moveTile.py:387] - DEBUG - stopped turning at heading: 172.17, diff: 7.8300000000000125
2026-05-26 18:02:35,332 - mazeUtils.moveTile - [moveTile.py:80] - DEBUG - Turned to heading: 179.82 deg
2026-05-26 18:02:35,428 - picamera2.picamera2 - [picamera2.py:1391] - DEBUG - Execute job: <picamera2.job.Job object at 0x7f459145d0>
2026-05-26 18:02:35,431 - mazeUtils.device.camera - [camera.py:37] - DEBUG - Average HSV: H=151.7, S=16.2, V=211.9
2026-05-26 18:02:35,481 - mazeUtils.moveTile - [moveTile.py:80] - DEBUG - roll: 0.18999999999999773 deg, practicalMoveTime: 0.051751114493466414 sec
2026-05-26 18:02:35,482 - mazeUtils.moveTile - [moveTile.py:1105] - DEBUG - moveTile loop time: 57.7 ms
2026-05-26 18:02:35,487 - picamera2.picamera2 - [picamera2.py:1391] - DEBUG - Execute job: <picamera2.job.Job object at 0x7f45914090>
2026-05-26 18:02:35,490 - mazeUtils.device.camera - [camera.py:37] - DEBUG - Average HSV: H=133.8, S=18.5, V=213.7
2026-05-26 18:02:35,538 - mazeUtils.moveTile - [moveTile.py:80] - DEBUG - roll: 0.6200000000000045 deg, practicalMoveTime: 0.10249296318286183 sec
2026-05-26 18:02:35,538 - mazeUtils.moveTile - [moveTile.py:1105] - DEBUG - moveTile loop time: 56.6 ms
2026-05-26 18:02:35,542 - picamera2.picamera2 - [picamera2.py:1391] - DEBUG - Execute job: <picamera2.job.Job object at 0x7f45914090>
2026-05-26 18:02:35,545 - mazeUtils.device.camera - [camera.py:37] - DEBUG - Average HSV: H=115.3, S=21.8, V=214.0
2026-05-26 18:02:35,593 - mazeUtils.moveTile - [moveTile.py:80] - DEBUG - roll: 359.82 deg, practicalMoveTime: 0.15705025582669652 sec
2026-05-26 18:02:35,593 - mazeUtils.moveTile - [moveTile.py:1105] - DEBUG - moveTile loop time: 54.8 ms
2026-05-26 18:02:35,598 - picamera2.picamera2 - [picamera2.py:1391] - DEBUG - Execute job: <picamera2.job.Job object at 0x7f459145d0>
2026-05-26 18:02:35,601 - mazeUtils.device.camera - [camera.py:37] - DEBUG - Average HSV: H=69.4, S=27.7, V=218.2
2026-05-26 18:02:35,650 - mazeUtils.moveTile - [moveTile.py:80] - DEBUG - roll: 359.84999999999997 deg, practicalMoveTime: 0.21352260220019728 sec
2026-05-26 18:02:35,650 - mazeUtils.moveTile - [moveTile.py:1105] - DEBUG - moveTile loop time: 56.8 ms
2026-05-26 18:02:35,655 - picamera2.picamera2 - [picamera2.py:1391] - DEBUG - Execute job: <picamera2.job.Job object at 0x7f459143d0>
2026-05-26 18:02:35,658 - mazeUtils.device.camera - [camera.py:37] - DEBUG - Average HSV: H=69.5, S=26.3, V=220.6
2026-05-26 18:02:35,707 - mazeUtils.moveTile - [moveTile.py:80] - DEBUG - roll: 1.2099999999999795 deg, practicalMoveTime: 0.26434985552924184 sec
2026-05-26 18:02:35,708 - mazeUtils.moveTile - [moveTile.py:1105] - DEBUG - moveTile loop time: 56.9 ms
2026-05-26 18:02:35,714 - picamera2.picamera2 - [picamera2.py:1391] - DEBUG - Execute job: <picamera2.job.Job object at 0x7f459166d0>
2026-05-26 18:02:35,717 - mazeUtils.device.camera - [camera.py:37] - DEBUG - Average HSV: H=34.1, S=31.0, V=223.0
2026-05-26 18:02:35,766 - mazeUtils.moveTile - [moveTile.py:80] - DEBUG - roll: 0.6200000000000045 deg, practicalMoveTime: 0.3170476710865229 sec
2026-05-26 18:02:35,767 - mazeUtils.moveTile - [moveTile.py:1105] - DEBUG - moveTile loop time: 58.9 ms
2026-05-26 18:02:35,771 - picamera2.picamera2 - [picamera2.py:1391] - DEBUG - Execute job: <picamera2.job.Job object at 0x7f459141d0>
2026-05-26 18:02:35,773 - mazeUtils.device.camera - [camera.py:37] - DEBUG - Average HSV: H=9.8, S=34.9, V=222.8
2026-05-26 18:02:35,820 - mazeUtils.moveTile - [moveTile.py:80] - DEBUG - roll: 0.8600000000000136 deg, practicalMoveTime: 0.36535246132323707 sec
2026-05-26 18:02:35,821 - mazeUtils.moveTile - [moveTile.py:1105] - DEBUG - moveTile loop time: 54.0 ms
2026-05-26 18:02:35,825 - picamera2.picamera2 - [picamera2.py:1391] - DEBUG - Execute job: <picamera2.job.Job object at 0x7f459166d0>
2026-05-26 18:02:35,828 - mazeUtils.device.camera - [camera.py:37] - DEBUG - Average HSV: H=10.0, S=34.7, V=224.1
2026-05-26 18:02:35,878 - mazeUtils.moveTile - [moveTile.py:80] - DEBUG - roll: 357.94 deg, practicalMoveTime: 0.4220670360479386 sec
2026-05-26 18:02:35,878 - mazeUtils.moveTile - [moveTile.py:1105] - DEBUG - moveTile loop time: 57.0 ms
2026-05-26 18:02:35,884 - picamera2.picamera2 - [picamera2.py:1391] - DEBUG - Execute job: <picamera2.job.Job object at 0x7f45914150>
2026-05-26 18:02:35,888 - mazeUtils.device.camera - [camera.py:37] - DEBUG - Average HSV: H=100.9, S=22.2, V=215.6
2026-05-26 18:02:35,940 - mazeUtils.moveTile - [moveTile.py:80] - DEBUG - roll: 350.43 deg, practicalMoveTime: 0.4835740447179164 sec
2026-05-26 18:02:35,941 - mazeUtils.moveTile - [moveTile.py:1105] - DEBUG - moveTile loop time: 62.2 ms
2026-05-26 18:02:35,946 - picamera2.picamera2 - [picamera2.py:1391] - DEBUG - Execute job: <picamera2.job.Job object at 0x7f459143d0>
2026-05-26 18:02:35,949 - mazeUtils.device.camera - [camera.py:37] - DEBUG - Average HSV: H=162.2, S=15.8, V=208.3
2026-05-26 18:02:35,999 - mazeUtils.moveTile - [moveTile.py:80] - DEBUG - roll: 346.73 deg, practicalMoveTime: 0.5399493700585791 sec
2026-05-26 18:02:35,999 - mazeUtils.moveTile - [moveTile.py:1105] - DEBUG - moveTile loop time: 58.3 ms
2026-05-26 18:02:36,005 - picamera2.picamera2 - [picamera2.py:1391] - DEBUG - Execute job: <picamera2.job.Job object at 0x7f45914090>
2026-05-26 18:02:36,009 - mazeUtils.device.camera - [camera.py:37] - DEBUG - Average HSV: H=158.0, S=15.8, V=205.6
2026-05-26 18:02:36,058 - mazeUtils.moveTile - [moveTile.py:80] - DEBUG - roll: 342.55 deg, practicalMoveTime: 0.5930016787085682 sec
2026-05-26 18:02:36,058 - mazeUtils.moveTile - [moveTile.py:1105] - DEBUG - moveTile loop time: 58.6 ms
2026-05-26 18:02:36,064 - picamera2.picamera2 - [picamera2.py:1391] - DEBUG - Execute job: <picamera2.job.Job object at 0x7f459141d0>
2026-05-26 18:02:36,067 - mazeUtils.device.camera - [camera.py:37] - DEBUG - Average HSV: H=161.6, S=19.1, V=198.1
2026-05-26 18:02:36,115 - mazeUtils.moveTile - [moveTile.py:80] - DEBUG - roll: 337.37 deg, practicalMoveTime: 0.6431231055637846 sec
2026-05-26 18:02:36,115 - mazeUtils.moveTile - [moveTile.py:1105] - DEBUG - moveTile loop time: 56.9 ms
2026-05-26 18:02:36,121 - picamera2.picamera2 - [picamera2.py:1391] - DEBUG - Execute job: <picamera2.job.Job object at 0x7f45914290>
2026-05-26 18:02:36,125 - mazeUtils.device.camera - [camera.py:37] - DEBUG - Average HSV: H=161.4, S=36.1, V=172.3
2026-05-26 18:02:36,172 - mazeUtils.moveTile - [moveTile.py:80] - DEBUG - roll: 332.6 deg, practicalMoveTime: 0.6903705535150254 sec
2026-05-26 18:02:36,172 - mazeUtils.moveTile - [moveTile.py:1105] - DEBUG - moveTile loop time: 56.7 ms
2026-05-26 18:02:36,178 - picamera2.picamera2 - [picamera2.py:1391] - DEBUG - Execute job: <picamera2.job.Job object at 0x7f459145d0>
2026-05-26 18:02:36,181 - mazeUtils.device.camera - [camera.py:37] - DEBUG - Average HSV: H=168.7, S=34.5, V=168.0
2026-05-26 18:02:36,231 - mazeUtils.moveTile - [moveTile.py:80] - DEBUG - roll: 331.32 deg, practicalMoveTime: 0.7399038119665723 sec
2026-05-26 18:02:36,232 - mazeUtils.moveTile - [moveTile.py:1105] - DEBUG - moveTile loop time: 59.2 ms
2026-05-26 18:02:36,237 - picamera2.picamera2 - [picamera2.py:1391] - DEBUG - Execute job: <picamera2.job.Job object at 0x7f459141d0>
2026-05-26 18:02:36,240 - mazeUtils.device.camera - [camera.py:37] - DEBUG - Average HSV: H=168.1, S=38.3, V=164.0
2026-05-26 18:02:36,287 - mazeUtils.moveTile - [moveTile.py:80] - DEBUG - roll: 333.98 deg, practicalMoveTime: 0.7874910514274271 sec
2026-05-26 18:02:36,288 - mazeUtils.moveTile - [moveTile.py:1105] - DEBUG - moveTile loop time: 55.8 ms
2026-05-26 18:02:36,293 - picamera2.picamera2 - [picamera2.py:1391] - DEBUG - Execute job: <picamera2.job.Job object at 0x7f45915c50>
2026-05-26 18:02:36,296 - mazeUtils.device.camera - [camera.py:37] - DEBUG - Average HSV: H=164.4, S=35.5, V=162.7
2026-05-26 18:02:36,348 - mazeUtils.moveTile - [moveTile.py:80] - DEBUG - roll: 332.78 deg, practicalMoveTime: 0.834498031119287 sec
2026-05-26 18:02:36,348 - mazeUtils.moveTile - [moveTile.py:1105] - DEBUG - moveTile loop time: 60.3 ms
2026-05-26 18:02:36,355 - picamera2.picamera2 - [picamera2.py:1391] - DEBUG - Execute job: <picamera2.job.Job object at 0x7f45914090>
2026-05-26 18:02:36,358 - mazeUtils.device.camera - [camera.py:37] - DEBUG - Average HSV: H=166.1, S=38.5, V=158.5
2026-05-26 18:02:36,408 - mazeUtils.moveTile - [moveTile.py:80] - DEBUG - roll: 333.39 deg, practicalMoveTime: 0.8852592834693868 sec
2026-05-26 18:02:36,408 - mazeUtils.moveTile - [moveTile.py:1105] - DEBUG - moveTile loop time: 59.5 ms
2026-05-26 18:02:36,414 - picamera2.picamera2 - [picamera2.py:1391] - DEBUG - Execute job: <picamera2.job.Job object at 0x7f45914290>
2026-05-26 18:02:36,417 - mazeUtils.device.camera - [camera.py:37] - DEBUG - Average HSV: H=154.4, S=42.9, V=152.9
2026-05-26 18:02:36,468 - mazeUtils.moveTile - [moveTile.py:80] - DEBUG - roll: 333.03999999999996 deg, practicalMoveTime: 0.935007624233625 sec
2026-05-26 18:02:36,469 - mazeUtils.moveTile - [moveTile.py:1105] - DEBUG - moveTile loop time: 60.4 ms
2026-05-26 18:02:36,473 - picamera2.picamera2 - [picamera2.py:1391] - DEBUG - Execute job: <picamera2.job.Job object at 0x7f459141d0>
2026-05-26 18:02:36,476 - mazeUtils.device.camera - [camera.py:37] - DEBUG - Average HSV: H=105.9, S=54.5, V=136.1
2026-05-26 18:02:36,523 - mazeUtils.moveTile - [moveTile.py:80] - DEBUG - roll: 333.09 deg, practicalMoveTime: 0.9812356492097558 sec
2026-05-26 18:02:36,523 - mazeUtils.moveTile - [moveTile.py:1105] - DEBUG - moveTile loop time: 54.4 ms
2026-05-26 18:02:36,527 - picamera2.picamera2 - [picamera2.py:1391] - DEBUG - Execute job: <picamera2.job.Job object at 0x7f459145d0>
2026-05-26 18:02:36,531 - mazeUtils.device.camera - [camera.py:37] - DEBUG - Average HSV: H=8.4, S=76.0, V=151.3
2026-05-26 18:02:36,584 - picamera2.picamera2 - [picamera2.py:1391] - DEBUG - Execute job: <picamera2.job.Job object at 0x7f459141d0>
2026-05-26 18:02:36,587 - mazeUtils.device.camera - [camera.py:37] - DEBUG - Average HSV: H=7.6, S=74.2, V=148.2
2026-05-26 18:02:36,634 - mazeUtils.moveTile - [moveTile.py:80] - DEBUG - roll: 333.32 deg, practicalMoveTime: 1.0779086461979954 sec
2026-05-26 18:02:36,634 - mazeUtils.moveTile - [moveTile.py:1105] - DEBUG - moveTile loop time: 54.2 ms
2026-05-26 18:02:36,638 - picamera2.picamera2 - [picamera2.py:1391] - DEBUG - Execute job: <picamera2.job.Job object at 0x7f45915c50>
2026-05-26 18:02:36,642 - mazeUtils.device.camera - [camera.py:37] - DEBUG - Average HSV: H=6.9, S=70.2, V=146.5
2026-05-26 18:02:36,692 - mazeUtils.moveTile - [moveTile.py:80] - DEBUG - roll: 332.8 deg, practicalMoveTime: 1.1261809035376584 sec
2026-05-26 18:02:36,692 - mazeUtils.moveTile - [moveTile.py:1105] - DEBUG - moveTile loop time: 57.5 ms
2026-05-26 18:02:36,697 - picamera2.picamera2 - [picamera2.py:1391] - DEBUG - Execute job: <picamera2.job.Job object at 0x7f459143d0>
2026-05-26 18:02:36,700 - mazeUtils.device.camera - [camera.py:37] - DEBUG - Average HSV: H=7.9, S=73.4, V=144.7
2026-05-26 18:02:36,749 - mazeUtils.moveTile - [moveTile.py:80] - DEBUG - roll: 333.35 deg, practicalMoveTime: 1.1743566583553107 sec
2026-05-26 18:02:36,749 - mazeUtils.moveTile - [moveTile.py:1105] - DEBUG - moveTile loop time: 56.6 ms
2026-05-26 18:02:36,755 - picamera2.picamera2 - [picamera2.py:1391] - DEBUG - Execute job: <picamera2.job.Job object at 0x7f459166d0>
2026-05-26 18:02:36,758 - mazeUtils.device.camera - [camera.py:37] - DEBUG - Average HSV: H=9.8, S=79.3, V=144.3
2026-05-26 18:02:36,806 - mazeUtils.moveTile - [moveTile.py:80] - DEBUG - roll: 333.02 deg, practicalMoveTime: 1.223180203842927 sec
2026-05-26 18:02:36,807 - mazeUtils.moveTile - [moveTile.py:1105] - DEBUG - moveTile loop time: 57.6 ms
2026-05-26 18:02:36,812 - picamera2.picamera2 - [picamera2.py:1391] - DEBUG - Execute job: <picamera2.job.Job object at 0x7f45914290>
2026-05-26 18:02:36,815 - mazeUtils.device.camera - [camera.py:37] - DEBUG - Average HSV: H=9.7, S=82.2, V=139.7
2026-05-26 18:02:36,863 - mazeUtils.moveTile - [moveTile.py:80] - DEBUG - roll: 334.17 deg, practicalMoveTime: 1.271231566520989 sec
2026-05-26 18:02:36,863 - mazeUtils.moveTile - [moveTile.py:1105] - DEBUG - moveTile loop time: 56.2 ms
2026-05-26 18:02:36,870 - picamera2.picamera2 - [picamera2.py:1391] - DEBUG - Execute job: <picamera2.job.Job object at 0x7f459145d0>
2026-05-26 18:02:36,873 - mazeUtils.device.camera - [camera.py:37] - DEBUG - Average HSV: H=8.9, S=76.2, V=138.3
2026-05-26 18:02:36,921 - mazeUtils.moveTile - [moveTile.py:80] - DEBUG - roll: 339.24 deg, practicalMoveTime: 1.3233127599143364 sec
2026-05-26 18:02:36,922 - mazeUtils.moveTile - [moveTile.py:1105] - DEBUG - moveTile loop time: 58.3 ms
2026-05-26 18:02:36,926 - picamera2.picamera2 - [picamera2.py:1391] - DEBUG - Execute job: <picamera2.job.Job object at 0x7f45915c50>
2026-05-26 18:02:36,929 - mazeUtils.device.camera - [camera.py:37] - DEBUG - Average HSV: H=9.0, S=80.9, V=138.1
2026-05-26 18:02:36,976 - mazeUtils.moveTile - [moveTile.py:80] - DEBUG - roll: 341.78 deg, practicalMoveTime: 1.3720242446194038 sec
2026-05-26 18:02:36,976 - mazeUtils.moveTile - [moveTile.py:1105] - DEBUG - moveTile loop time: 54.1 ms
2026-05-26 18:02:36,980 - picamera2.picamera2 - [picamera2.py:1391] - DEBUG - Execute job: <picamera2.job.Job object at 0x7f459143d0>
2026-05-26 18:02:36,983 - mazeUtils.device.camera - [camera.py:37] - DEBUG - Average HSV: H=8.6, S=76.4, V=146.5
2026-05-26 18:02:37,031 - mazeUtils.moveTile - [moveTile.py:80] - DEBUG - roll: 344.63 deg, practicalMoveTime: 1.4221483808425843 sec
2026-05-26 18:02:37,032 - mazeUtils.moveTile - [moveTile.py:1105] - DEBUG - moveTile loop time: 55.1 ms
2026-05-26 18:02:37,037 - picamera2.picamera2 - [picamera2.py:1391] - DEBUG - Execute job: <picamera2.job.Job object at 0x7f45914290>
2026-05-26 18:02:37,041 - mazeUtils.device.camera - [camera.py:37] - DEBUG - Average HSV: H=10.1, S=88.2, V=91.0
2026-05-26 18:02:37,087 - mazeUtils.moveTile - [moveTile.py:80] - DEBUG - roll: 347.44 deg, practicalMoveTime: 1.4765876171315224 sec
2026-05-26 18:02:37,088 - mazeUtils.moveTile - [moveTile.py:1105] - DEBUG - moveTile loop time: 56.0 ms
2026-05-26 18:02:37,092 - picamera2.picamera2 - [picamera2.py:1391] - DEBUG - Execute job: <picamera2.job.Job object at 0x7f459145d0>
2026-05-26 18:02:37,095 - mazeUtils.device.camera - [camera.py:37] - DEBUG - Average HSV: H=8.7, S=65.4, V=163.0
2026-05-26 18:02:37,144 - mazeUtils.moveTile - [moveTile.py:80] - DEBUG - roll: 350.46 deg, practicalMoveTime: 1.5317604719501254 sec
2026-05-26 18:02:37,144 - mazeUtils.moveTile - [moveTile.py:1105] - DEBUG - moveTile loop time: 56.2 ms
2026-05-26 18:02:37,151 - picamera2.picamera2 - [picamera2.py:1391] - DEBUG - Execute job: <picamera2.job.Job object at 0x7f45914150>
2026-05-26 18:02:37,154 - mazeUtils.device.camera - [camera.py:37] - DEBUG - Average HSV: H=10.1, S=53.8, V=198.7
2026-05-26 18:02:37,201 - mazeUtils.moveTile - [moveTile.py:80] - DEBUG - roll: 353.56 deg, practicalMoveTime: 1.5877522821343264 sec
2026-05-26 18:02:37,201 - mazeUtils.moveTile - [moveTile.py:1105] - DEBUG - moveTile loop time: 56.3 ms
2026-05-26 18:02:37,205 - picamera2.picamera2 - [picamera2.py:1391] - DEBUG - Execute job: <picamera2.job.Job object at 0x7f459166d0>
2026-05-26 18:02:37,208 - mazeUtils.device.camera - [camera.py:37] - DEBUG - Average HSV: H=10.6, S=54.6, V=192.7
2026-05-26 18:02:37,255 - mazeUtils.moveTile - [moveTile.py:80] - DEBUG - roll: 356.65999999999997 deg, practicalMoveTime: 1.6417739904538975 sec
2026-05-26 18:02:37,256 - mazeUtils.moveTile - [moveTile.py:1105] - DEBUG - moveTile loop time: 54.4 ms
2026-05-26 18:02:37,259 - picamera2.picamera2 - [picamera2.py:1391] - DEBUG - Execute job: <picamera2.job.Job object at 0x7f459141d0>
2026-05-26 18:02:37,263 - mazeUtils.device.camera - [camera.py:37] - DEBUG - Average HSV: H=9.7, S=48.5, V=198.5
2026-05-26 18:02:37,312 - mazeUtils.moveTile - [moveTile.py:80] - DEBUG - roll: 359.65999999999997 deg, practicalMoveTime: 1.6981563690743195 sec
2026-05-26 18:02:37,312 - mazeUtils.moveTile - [moveTile.py:1105] - DEBUG - moveTile loop time: 56.7 ms
2026-05-26 18:02:37,319 - picamera2.picamera2 - [picamera2.py:1391] - DEBUG - Execute job: <picamera2.job.Job object at 0x7f46588150>
2026-05-26 18:02:37,323 - mazeUtils.device.camera - [camera.py:37] - DEBUG - Average HSV: H=9.2, S=47.5, V=195.9
2026-05-26 18:02:37,371 - mazeUtils.moveTile - [moveTile.py:80] - DEBUG - roll: 0.4900000000000091 deg, practicalMoveTime: 1.751189855756436 sec
2026-05-26 18:02:37,372 - mazeUtils.moveTile - [moveTile.py:1105] - DEBUG - moveTile loop time: 59.2 ms
2026-05-26 18:02:37,377 - picamera2.picamera2 - [picamera2.py:1391] - DEBUG - Execute job: <picamera2.job.Job object at 0x7f459145d0>
2026-05-26 18:02:37,380 - mazeUtils.device.camera - [camera.py:37] - DEBUG - Average HSV: H=8.6, S=46.5, V=193.5
2026-05-26 18:02:37,430 - mazeUtils.moveTile - [moveTile.py:80] - DEBUG - roll: 0.3299999999999841 deg, practicalMoveTime: 1.8035675937816091 sec
2026-05-26 18:02:37,431 - mazeUtils.moveTile - [moveTile.py:1105] - DEBUG - moveTile loop time: 58.4 ms
2026-05-26 18:02:37,436 - picamera2.picamera2 - [picamera2.py:1391] - DEBUG - Execute job: <picamera2.job.Job object at 0x7f45914090>
2026-05-26 18:02:37,439 - mazeUtils.device.camera - [camera.py:37] - DEBUG - Average HSV: H=8.2, S=47.7, V=189.5
2026-05-26 18:02:37,486 - mazeUtils.moveTile - [moveTile.py:80] - DEBUG - roll: 0.18999999999999773 deg, practicalMoveTime: 1.8530819728317744 sec
2026-05-26 18:02:37,486 - mazeUtils.moveTile - [moveTile.py:1105] - DEBUG - moveTile loop time: 55.3 ms
2026-05-26 18:02:37,490 - picamera2.picamera2 - [picamera2.py:1391] - DEBUG - Execute job: <picamera2.job.Job object at 0x7f45914290>
2026-05-26 18:02:37,493 - mazeUtils.device.camera - [camera.py:37] - DEBUG - Average HSV: H=8.7, S=52.6, V=185.2
2026-05-26 18:02:37,541 - mazeUtils.moveTile - [moveTile.py:80] - DEBUG - roll: 0.9900000000000091 deg, practicalMoveTime: 1.9024669424040745 sec
2026-05-26 18:02:37,541 - mazeUtils.moveTile - [moveTile.py:1105] - DEBUG - moveTile loop time: 55.2 ms
2026-05-26 18:02:37,547 - picamera2.picamera2 - [picamera2.py:1391] - DEBUG - Execute job: <picamera2.job.Job object at 0x7f45914150>
2026-05-26 18:02:37,551 - mazeUtils.device.camera - [camera.py:37] - DEBUG - Average HSV: H=9.0, S=54.5, V=183.1
2026-05-26 18:02:37,600 - mazeUtils.moveTile - [moveTile.py:80] - DEBUG - roll: 0.6399999999999864 deg, practicalMoveTime: 1.9549087961948062 sec
2026-05-26 18:02:37,600 - mazeUtils.moveTile - [moveTile.py:1105] - DEBUG - moveTile loop time: 58.6 ms
2026-05-26 18:02:37,607 - picamera2.picamera2 - [picamera2.py:1391] - DEBUG - Execute job: <picamera2.job.Job object at 0x7f45915c50>
2026-05-26 18:02:37,610 - mazeUtils.device.camera - [camera.py:37] - DEBUG - Average HSV: H=9.0, S=54.1, V=181.8
2026-05-26 18:02:37,750 - mazeUtils.moveTile - [moveTile.py:511] - DEBUG - Direction: absDirection.NORTH, Angle: 180, Distance: 46.91675227811217 cm
2026-05-26 18:02:37,751 - mazeUtils.moveTile - [moveTile.py:511] - DEBUG - Direction: absDirection.EAST, Angle: 90, Distance: 78.44631526397384 cm
2026-05-26 18:02:37,752 - mazeUtils.moveTile - [moveTile.py:511] - DEBUG - Direction: absDirection.SOUTH, Angle: 0, Distance: 75.57098096927267 cm
2026-05-26 18:02:37,754 - mazeUtils.moveTile - [moveTile.py:511] - DEBUG - Direction: absDirection.WEST, Angle: 270, Distance: 18.831391719389014 cm
2026-05-26 18:02:37,755 - mazeUtils.moveTile - [moveTile.py:1274] - INFO - Tile color detection counts: {}, decided tile type: E
2026-05-26 18:02:37,868 - __main__ - [main.py:84] - INFO - Current position: (18, 21, 0), front direction: absDirection.SOUTH
Layer 0 (altitude=0.0cm, offset=(0.0cm, 0.0cm)):
Known map area: x=18..20, y=19..21
+   +   +---+
  U   U   E |
+   +   +   +
  U   U   S |
+   +   +---+
| @   U   U  
+   +   +   +
Layer 1 (altitude=15.0cm, offset=(-60.0cm, 0.0cm)):
Known map area: x=20..20, y=19..19
+---+
| E  
+   +
mazeAsGraph[0][19][20] = {absDirection.NORTH: None, absDirection.EAST: None, absDirection.SOUTH: (20, 20, 0), absDirection.WEST: (20, 19, 1)}
mazeAsGraph[0][20][20] = {absDirection.NORTH: (20, 19, 0), absDirection.EAST: None, absDirection.SOUTH: None, absDirection.WEST: (19, 20, 0)}
mazeAsGraph[0][21][18] = {absDirection.NORTH: (20, 19, 1), absDirection.EAST: (19, 21, 0), absDirection.SOUTH: (18, 22, 0), absDirection.WEST: None}
mazeAsGraph[1][19][20] = {absDirection.NORTH: None, absDirection.EAST: (20, 19, 0), absDirection.SOUTH: (18, 21, 0), absDirection.WEST: None}
2026-05-26 18:02:37,878 - mazeUtils.mazeMap - [mazeMap.py:61] - INFO - next goal: (18, 22, 0)
2026-05-26 18:02:37,879 - mazeUtils.mazeMap - [mazeMap.py:61] - INFO - next goal: (18, 22, 0)
2026-05-26 18:02:37,886 - mazeUtils.moveTile - [moveTile.py:80] - DEBUG - Moving to absDirection.SOUTH from (18, 21, 0) facing absDirection.SOUTH
2026-05-26 18:02:38,031 - mazeUtils.moveTile - [moveTile.py:80] - DEBUG - current heading: 184.33999999999997 target: 180
2026-05-26 18:02:38,074 - mazeUtils.moveTile - [moveTile.py:387] - DEBUG - stopped turning at heading: 184.33999999999997, diff: 4.339999999999975
2026-05-26 18:02:39,927 - mazeUtils.moveTile - [moveTile.py:80] - DEBUG - Turned to heading: 179.81 deg
2026-05-26 18:02:40,067 - picamera2.picamera2 - [picamera2.py:1391] - DEBUG - Execute job: <picamera2.job.Job object at 0x7f5c195450>
2026-05-26 18:02:40,071 - mazeUtils.device.camera - [camera.py:37] - DEBUG - Average HSV: H=10.0, S=55.8, V=182.5
2026-05-26 18:02:40,120 - mazeUtils.moveTile - [moveTile.py:80] - DEBUG - roll: 0.0999999999999659 deg, practicalMoveTime: 0.051999585106642876 sec
2026-05-26 18:02:40,121 - mazeUtils.moveTile - [moveTile.py:1105] - DEBUG - moveTile loop time: 58.0 ms
2026-05-26 18:02:40,127 - picamera2.picamera2 - [picamera2.py:1391] - DEBUG - Execute job: <picamera2.job.Job object at 0x7f5c2bd550>
2026-05-26 18:02:40,130 - mazeUtils.device.camera - [camera.py:37] - DEBUG - Average HSV: H=9.9, S=57.0, V=179.2
2026-05-26 18:02:40,179 - mazeUtils.moveTile - [moveTile.py:80] - DEBUG - roll: 359.65 deg, practicalMoveTime: 0.10971130166547635 sec
2026-05-26 18:02:40,179 - mazeUtils.moveTile - [moveTile.py:1105] - DEBUG - moveTile loop time: 57.7 ms
2026-05-26 18:02:40,186 - picamera2.picamera2 - [picamera2.py:1391] - DEBUG - Execute job: <picamera2.job.Job object at 0x7f45a24910>
2026-05-26 18:02:40,192 - mazeUtils.device.camera - [camera.py:37] - DEBUG - Average HSV: H=8.6, S=56.6, V=172.8
2026-05-26 18:02:40,241 - mazeUtils.moveTile - [moveTile.py:80] - DEBUG - roll: 359.74 deg, practicalMoveTime: 0.1711344477770481 sec
2026-05-26 18:02:40,241 - mazeUtils.moveTile - [moveTile.py:1105] - DEBUG - moveTile loop time: 61.7 ms
2026-05-26 18:02:40,247 - picamera2.picamera2 - [picamera2.py:1391] - DEBUG - Execute job: <picamera2.job.Job object at 0x7f47f04950>
2026-05-26 18:02:40,252 - mazeUtils.device.camera - [camera.py:37] - DEBUG - Average HSV: H=8.0, S=60.9, V=161.9
2026-05-26 18:02:40,301 - mazeUtils.moveTile - [moveTile.py:80] - DEBUG - roll: 0.2699999999999818 deg, practicalMoveTime: 0.22544879183103864 sec
2026-05-26 18:02:40,302 - mazeUtils.moveTile - [moveTile.py:1105] - DEBUG - moveTile loop time: 60.6 ms
2026-05-26 18:02:40,306 - picamera2.picamera2 - [picamera2.py:1391] - DEBUG - Execute job: <picamera2.job.Job object at 0x7f5c1b7f90>
2026-05-26 18:02:40,309 - mazeUtils.device.camera - [camera.py:37] - DEBUG - Average HSV: H=7.7, S=60.5, V=159.8
2026-05-26 18:02:40,356 - mazeUtils.moveTile - [moveTile.py:80] - DEBUG - roll: 359.55 deg, practicalMoveTime: 0.27977460418891437 sec
2026-05-26 18:02:40,357 - mazeUtils.moveTile - [moveTile.py:1105] - DEBUG - moveTile loop time: 54.8 ms
2026-05-26 18:02:40,361 - picamera2.picamera2 - [picamera2.py:1391] - DEBUG - Execute job: <picamera2.job.Job object at 0x7f5c2bd550>
2026-05-26 18:02:40,364 - mazeUtils.device.camera - [camera.py:37] - DEBUG - Average HSV: H=7.5, S=59.6, V=158.4
2026-05-26 18:02:40,413 - mazeUtils.moveTile - [moveTile.py:80] - DEBUG - roll: 359.93 deg, practicalMoveTime: 0.3354970376544098 sec
2026-05-26 18:02:40,413 - mazeUtils.moveTile - [moveTile.py:1105] - DEBUG - moveTile loop time: 56.0 ms
2026-05-26 18:02:40,418 - picamera2.picamera2 - [picamera2.py:1391] - DEBUG - Execute job: <picamera2.job.Job object at 0x7f5c1f4050>
2026-05-26 18:02:40,421 - mazeUtils.device.camera - [camera.py:37] - DEBUG - Average HSV: H=7.2, S=62.9, V=150.5
2026-05-26 18:02:40,470 - mazeUtils.moveTile - [moveTile.py:80] - DEBUG - roll: 0.18999999999999773 deg, practicalMoveTime: 0.3870136210811525 sec
2026-05-26 18:02:40,471 - mazeUtils.moveTile - [moveTile.py:1105] - DEBUG - moveTile loop time: 58.1 ms
2026-05-26 18:02:40,477 - picamera2.picamera2 - [picamera2.py:1391] - DEBUG - Execute job: <picamera2.job.Job object at 0x7f5c1b7f10>
2026-05-26 18:02:40,480 - mazeUtils.device.camera - [camera.py:37] - DEBUG - Average HSV: H=7.0, S=61.5, V=149.4
2026-05-26 18:02:40,527 - mazeUtils.moveTile - [moveTile.py:80] - DEBUG - roll: 359.61 deg, practicalMoveTime: 0.4422088660612611 sec
2026-05-26 18:02:40,527 - mazeUtils.moveTile - [moveTile.py:1105] - DEBUG - moveTile loop time: 55.2 ms
2026-05-26 18:02:40,531 - picamera2.picamera2 - [picamera2.py:1391] - DEBUG - Execute job: <picamera2.job.Job object at 0x7f46588150>
2026-05-26 18:02:40,535 - mazeUtils.device.camera - [camera.py:37] - DEBUG - Average HSV: H=6.6, S=57.6, V=149.1
2026-05-26 18:02:40,584 - mazeUtils.moveTile - [moveTile.py:80] - DEBUG - roll: 0.11000000000001364 deg, practicalMoveTime: 0.4930282647443368 sec
2026-05-26 18:02:40,584 - mazeUtils.moveTile - [moveTile.py:1105] - DEBUG - moveTile loop time: 56.7 ms
2026-05-26 18:02:40,588 - picamera2.picamera2 - [picamera2.py:1391] - DEBUG - Execute job: <picamera2.job.Job object at 0x7f47f04950>
2026-05-26 18:02:40,591 - mazeUtils.device.camera - [camera.py:37] - DEBUG - Average HSV: H=6.5, S=58.4, V=145.9
2026-05-26 18:02:40,643 - mazeUtils.moveTile - [moveTile.py:80] - DEBUG - roll: 359.67 deg, practicalMoveTime: 0.5522027745705933 sec
2026-05-26 18:02:40,644 - mazeUtils.moveTile - [moveTile.py:1105] - DEBUG - moveTile loop time: 59.5 ms
2026-05-26 18:02:40,650 - picamera2.picamera2 - [picamera2.py:1391] - DEBUG - Execute job: <picamera2.job.Job object at 0x7f47e9ce50>
2026-05-26 18:02:40,654 - mazeUtils.device.camera - [camera.py:37] - DEBUG - Average HSV: H=6.6, S=59.5, V=145.6
2026-05-26 18:02:40,705 - mazeUtils.moveTile - [moveTile.py:80] - DEBUG - roll: 359.90999999999997 deg, practicalMoveTime: 0.6131055333733476 sec
2026-05-26 18:02:40,705 - mazeUtils.moveTile - [moveTile.py:1105] - DEBUG - moveTile loop time: 61.3 ms
2026-05-26 18:02:40,711 - picamera2.picamera2 - [picamera2.py:1391] - DEBUG - Execute job: <picamera2.job.Job object at 0x7f5c1b7f10>
2026-05-26 18:02:40,715 - mazeUtils.device.camera - [camera.py:37] - DEBUG - Average HSV: H=6.6, S=60.4, V=143.9
2026-05-26 18:02:40,764 - mazeUtils.moveTile - [moveTile.py:80] - DEBUG - roll: 0.38999999999998636 deg, practicalMoveTime: 0.6661699855078237 sec
2026-05-26 18:02:40,764 - mazeUtils.moveTile - [moveTile.py:1105] - DEBUG - moveTile loop time: 59.2 ms
2026-05-26 18:02:40,771 - picamera2.picamera2 - [picamera2.py:1391] - DEBUG - Execute job: <picamera2.job.Job object at 0x7f5c1f4050>
2026-05-26 18:02:40,774 - mazeUtils.device.camera - [camera.py:37] - DEBUG - Average HSV: H=7.0, S=60.9, V=143.2
2026-05-26 18:02:40,823 - mazeUtils.moveTile - [moveTile.py:80] - DEBUG - roll: 359.99 deg, practicalMoveTime: 0.7246306970502775 sec
2026-05-26 18:02:40,823 - mazeUtils.moveTile - [moveTile.py:1105] - DEBUG - moveTile loop time: 58.8 ms
2026-05-26 18:02:40,830 - picamera2.picamera2 - [picamera2.py:1391] - DEBUG - Execute job: <picamera2.job.Job object at 0x7f5e0b1390>
2026-05-26 18:02:40,833 - mazeUtils.device.camera - [camera.py:37] - DEBUG - Average HSV: H=6.9, S=62.0, V=141.8
2026-05-26 18:02:40,883 - mazeUtils.moveTile - [moveTile.py:80] - DEBUG - roll: 359.90999999999997 deg, practicalMoveTime: 0.7841718490275996 sec
2026-05-26 18:02:40,883 - mazeUtils.moveTile - [moveTile.py:1105] - DEBUG - moveTile loop time: 59.8 ms
2026-05-26 18:02:40,889 - picamera2.picamera2 - [picamera2.py:1391] - DEBUG - Execute job: <picamera2.job.Job object at 0x7f5c2bd550>
2026-05-26 18:02:40,891 - mazeUtils.device.camera - [camera.py:37] - DEBUG - Average HSV: H=6.5, S=62.8, V=140.3
2026-05-26 18:02:40,939 - mazeUtils.moveTile - [moveTile.py:80] - DEBUG - roll: 0.13999999999998636 deg, practicalMoveTime: 0.8344779236739788 sec
2026-05-26 18:02:40,940 - mazeUtils.moveTile - [moveTile.py:1105] - DEBUG - moveTile loop time: 56.5 ms
2026-05-26 18:02:40,945 - picamera2.picamera2 - [picamera2.py:1391] - DEBUG - Execute job: <picamera2.job.Job object at 0x7f5c1f4050>
2026-05-26 18:02:40,949 - mazeUtils.device.camera - [camera.py:37] - DEBUG - Average HSV: H=6.9, S=62.1, V=139.9
2026-05-26 18:02:40,999 - mazeUtils.moveTile - [moveTile.py:80] - DEBUG - roll: 359.90999999999997 deg, practicalMoveTime: 0.8929137684822055 sec
2026-05-26 18:02:40,999 - mazeUtils.moveTile - [moveTile.py:1105] - DEBUG - moveTile loop time: 58.6 ms
2026-05-26 18:02:41,005 - picamera2.picamera2 - [picamera2.py:1391] - DEBUG - Execute job: <picamera2.job.Job object at 0x7f5c195450>
2026-05-26 18:02:41,008 - mazeUtils.device.camera - [camera.py:37] - DEBUG - Average HSV: H=7.1, S=63.4, V=137.5
2026-05-26 18:02:41,058 - mazeUtils.moveTile - [moveTile.py:80] - DEBUG - roll: 359.89 deg, practicalMoveTime: 0.9514501901442124 sec
2026-05-26 18:02:41,058 - mazeUtils.moveTile - [moveTile.py:1105] - DEBUG - moveTile loop time: 58.8 ms
2026-05-26 18:02:41,065 - picamera2.picamera2 - [picamera2.py:1391] - DEBUG - Execute job: <picamera2.job.Job object at 0x7f5c195410>
2026-05-26 18:02:41,068 - mazeUtils.device.camera - [camera.py:37] - DEBUG - Average HSV: H=26.4, S=76.1, V=106.9
2026-05-26 18:02:41,118 - mazeUtils.moveTile - [moveTile.py:80] - DEBUG - roll: 0.29000000000002046 deg, practicalMoveTime: 1.0048788947598863 sec
2026-05-26 18:02:41,118 - mazeUtils.moveTile - [moveTile.py:1105] - DEBUG - moveTile loop time: 59.4 ms
2026-05-26 18:02:41,123 - picamera2.picamera2 - [picamera2.py:1391] - DEBUG - Execute job: <picamera2.job.Job object at 0x7f47f04950>
2026-05-26 18:02:41,127 - mazeUtils.device.camera - [camera.py:37] - DEBUG - Average HSV: H=136.8, S=74.4, V=92.6
2026-05-26 18:02:41,363 - mazeUtils.moveTile - [moveTile.py:511] - DEBUG - Direction: absDirection.NORTH, Angle: 180, Distance: 80.3178498668355 cm
2026-05-26 18:02:41,364 - mazeUtils.moveTile - [moveTile.py:511] - DEBUG - Direction: absDirection.EAST, Angle: 90, Distance: 76.46211663416273 cm
2026-05-26 18:02:41,365 - mazeUtils.moveTile - [moveTile.py:511] - DEBUG - Direction: absDirection.SOUTH, Angle: 0, Distance: 10.896402742594422 cm
2026-05-26 18:02:41,366 - mazeUtils.moveTile - [moveTile.py:511] - DEBUG - Direction: absDirection.WEST, Angle: 270, Distance: 107.1978052675202 cm
2026-05-26 18:02:41,367 - mazeUtils.moveTile - [moveTile.py:1274] - INFO - Tile color detection counts: {}, decided tile type: E
2026-05-26 18:02:41,483 - __main__ - [main.py:84] - INFO - Current position: (18, 22, 0), front direction: absDirection.SOUTH
Layer 0 (altitude=0.0cm, offset=(0.0cm, 0.0cm)):
Known map area: x=18..20, y=19..22
+   +   +---+
  U   U   E |
+   +   +   +
  U   U   S |
+   +   +---+
| E   U   U  
+   +   +   +
  @   U   U  
+---+   +   +
Layer 1 (altitude=15.0cm, offset=(-60.0cm, 0.0cm)):
Known map area: x=20..20, y=19..19
+---+
| E  
+   +
mazeAsGraph[0][19][20] = {absDirection.NORTH: None, absDirection.EAST: None, absDirection.SOUTH: (20, 20, 0), absDirection.WEST: (20, 19, 1)}
mazeAsGraph[0][20][20] = {absDirection.NORTH: (20, 19, 0), absDirection.EAST: None, absDirection.SOUTH: None, absDirection.WEST: (19, 20, 0)}
mazeAsGraph[0][21][18] = {absDirection.NORTH: (20, 19, 1), absDirection.EAST: (19, 21, 0), absDirection.SOUTH: (18, 22, 0), absDirection.WEST: None}
mazeAsGraph[0][22][18] = {absDirection.NORTH: (18, 21, 0), absDirection.EAST: (19, 22, 0), absDirection.SOUTH: None, absDirection.WEST: (17, 22, 0)}
mazeAsGraph[1][19][20] = {absDirection.NORTH: None, absDirection.EAST: (20, 19, 0), absDirection.SOUTH: (18, 21, 0), absDirection.WEST: None}
2026-05-26 18:02:41,498 - mazeUtils.mazeMap - [mazeMap.py:61] - INFO - next goal: (19, 22, 0)
2026-05-26 18:02:41,499 - mazeUtils.mazeMap - [mazeMap.py:61] - INFO - next goal: (19, 22, 0)
2026-05-26 18:02:41,506 - mazeUtils.moveTile - [moveTile.py:80] - DEBUG - Moving to absDirection.EAST from (18, 22, 0) facing absDirection.SOUTH
2026-05-26 18:02:41,552 - mazeUtils.moveTile - [moveTile.py:80] - DEBUG - current heading: 180.98999999999998 target: 270
2026-05-26 18:02:42,529 - mazeUtils.moveTile - [moveTile.py:387] - DEBUG - stopped turning at heading: 261.28999999999996, diff: 8.710000000000036
2026-05-26 18:02:43,181 - mazeUtils.moveTile - [moveTile.py:80] - DEBUG - Turned to heading: 269.80999999999995 deg
2026-05-26 18:02:43,280 - picamera2.picamera2 - [picamera2.py:1391] - DEBUG - Execute job: <picamera2.job.Job object at 0x7f464d2710>
2026-05-26 18:02:43,283 - mazeUtils.device.camera - [camera.py:37] - DEBUG - Average HSV: H=161.3, S=58.4, V=87.4
2026-05-26 18:02:43,336 - mazeUtils.moveTile - [moveTile.py:80] - DEBUG - roll: 1.3999999999999773 deg, practicalMoveTime: 0.05479061110891772 sec
2026-05-26 18:02:43,336 - mazeUtils.moveTile - [moveTile.py:1105] - DEBUG - moveTile loop time: 61.2 ms
2026-05-26 18:02:43,340 - picamera2.picamera2 - [picamera2.py:1391] - DEBUG - Execute job: <picamera2.job.Job object at 0x7f5c1f4050>
2026-05-26 18:02:43,344 - mazeUtils.device.camera - [camera.py:37] - DEBUG - Average HSV: H=162.1, S=70.2, V=65.2
2026-05-26 18:02:43,392 - mazeUtils.moveTile - [moveTile.py:80] - DEBUG - roll: 0.7699999999999818 deg, practicalMoveTime: 0.10463442778239561 sec
2026-05-26 18:02:43,392 - mazeUtils.moveTile - [moveTile.py:1105] - DEBUG - moveTile loop time: 55.7 ms
2026-05-26 18:02:43,397 - picamera2.picamera2 - [picamera2.py:1391] - DEBUG - Execute job: <picamera2.job.Job object at 0x7f464d2710>
2026-05-26 18:02:43,401 - mazeUtils.device.camera - [camera.py:37] - DEBUG - Average HSV: H=158.0, S=78.6, V=48.2
2026-05-26 18:02:43,451 - mazeUtils.moveTile - [moveTile.py:80] - DEBUG - roll: 1.3799999999999955 deg, practicalMoveTime: 0.15696480731623919 sec
2026-05-26 18:02:43,451 - mazeUtils.moveTile - [moveTile.py:1105] - DEBUG - moveTile loop time: 58.4 ms
2026-05-26 18:02:43,457 - picamera2.picamera2 - [picamera2.py:1391] - DEBUG - Execute job: <picamera2.job.Job object at 0x7f47ce2710>
2026-05-26 18:02:43,460 - mazeUtils.device.camera - [camera.py:37] - DEBUG - Average HSV: H=159.1, S=72.1, V=44.7
2026-05-26 18:02:43,511 - mazeUtils.moveTile - [moveTile.py:80] - DEBUG - roll: 1.089999999999975 deg, practicalMoveTime: 0.21052033061982584 sec
2026-05-26 18:02:43,511 - mazeUtils.moveTile - [moveTile.py:1105] - DEBUG - moveTile loop time: 59.8 ms
2026-05-26 18:02:43,517 - picamera2.picamera2 - [picamera2.py:1391] - DEBUG - Execute job: <picamera2.job.Job object at 0x7f47f8f250>
2026-05-26 18:02:43,519 - mazeUtils.device.camera - [camera.py:37] - DEBUG - Average HSV: H=160.6, S=78.3, V=43.5
2026-05-26 18:02:43,567 - mazeUtils.moveTile - [moveTile.py:80] - DEBUG - roll: 1.1399999999999864 deg, practicalMoveTime: 0.2608519962882064 sec
2026-05-26 18:02:43,568 - mazeUtils.moveTile - [moveTile.py:1105] - DEBUG - moveTile loop time: 56.3 ms
2026-05-26 18:02:43,573 - picamera2.picamera2 - [picamera2.py:1391] - DEBUG - Execute job: <picamera2.job.Job object at 0x7f5c2bd550>
2026-05-26 18:02:43,576 - mazeUtils.device.camera - [camera.py:37] - DEBUG - Average HSV: H=159.7, S=83.1, V=41.6
2026-05-26 18:02:43,625 - mazeUtils.moveTile - [moveTile.py:80] - DEBUG - roll: 1.490000000000009 deg, practicalMoveTime: 0.3122574911857081 sec
2026-05-26 18:02:43,625 - mazeUtils.moveTile - [moveTile.py:1105] - DEBUG - moveTile loop time: 57.4 ms
2026-05-26 18:02:43,630 - picamera2.picamera2 - [picamera2.py:1391] - DEBUG - Execute job: <picamera2.job.Job object at 0x7f5c1b7f90>
2026-05-26 18:02:43,633 - mazeUtils.device.camera - [camera.py:37] - DEBUG - Average HSV: H=154.8, S=91.0, V=39.1
2026-05-26 18:02:43,682 - mazeUtils.moveTile - [moveTile.py:80] - DEBUG - roll: 0.9300000000000068 deg, practicalMoveTime: 0.36304990702616524 sec
2026-05-26 18:02:43,682 - mazeUtils.moveTile - [moveTile.py:1105] - DEBUG - moveTile loop time: 56.8 ms
2026-05-26 18:02:43,686 - picamera2.picamera2 - [picamera2.py:1391] - DEBUG - Execute job: <picamera2.job.Job object at 0x7f5c2bd550>
2026-05-26 18:02:43,690 - mazeUtils.device.camera - [camera.py:37] - DEBUG - Average HSV: H=148.6, S=93.2, V=37.8
2026-05-26 18:02:43,738 - mazeUtils.moveTile - [moveTile.py:80] - DEBUG - roll: 1.490000000000009 deg, practicalMoveTime: 0.4131059562016072 sec
2026-05-26 18:02:43,738 - mazeUtils.moveTile - [moveTile.py:1105] - DEBUG - moveTile loop time: 55.9 ms
2026-05-26 18:02:43,744 - picamera2.picamera2 - [picamera2.py:1391] - DEBUG - Execute job: <picamera2.job.Job object at 0x7f47ce2710>
2026-05-26 18:02:43,747 - mazeUtils.device.camera - [camera.py:37] - DEBUG - Average HSV: H=124.7, S=99.9, V=36.7
2026-05-26 18:02:43,796 - mazeUtils.moveTile - [moveTile.py:80] - DEBUG - roll: 1.329999999999984 deg, practicalMoveTime: 0.4646840255118983 sec
2026-05-26 18:02:43,796 - mazeUtils.moveTile - [moveTile.py:1105] - DEBUG - moveTile loop time: 57.6 ms
2026-05-26 18:02:43,802 - picamera2.picamera2 - [picamera2.py:1391] - DEBUG - Execute job: <picamera2.job.Job object at 0x7f47f8c150>
2026-05-26 18:02:43,806 - mazeUtils.device.camera - [camera.py:37] - DEBUG - Average HSV: H=101.4, S=108.7, V=36.4
2026-05-26 18:02:43,855 - mazeUtils.moveTile - [moveTile.py:80] - DEBUG - roll: 0.7900000000000205 deg, practicalMoveTime: 0.5170733161049265 sec
2026-05-26 18:02:43,855 - mazeUtils.moveTile - [moveTile.py:1105] - DEBUG - moveTile loop time: 58.6 ms
2026-05-26 18:02:43,859 - picamera2.picamera2 - [picamera2.py:1391] - DEBUG - Execute job: <picamera2.job.Job object at 0x7f47ce2710>
2026-05-26 18:02:43,863 - mazeUtils.device.camera - [camera.py:37] - DEBUG - Average HSV: H=88.9, S=110.8, V=36.0
2026-05-26 18:02:43,916 - mazeUtils.moveTile - [moveTile.py:80] - DEBUG - roll: 1.0400000000000205 deg, practicalMoveTime: 0.5713379093069096 sec
2026-05-26 18:02:43,916 - mazeUtils.moveTile - [moveTile.py:1105] - DEBUG - moveTile loop time: 60.5 ms
2026-05-26 18:02:43,921 - picamera2.picamera2 - [picamera2.py:1391] - DEBUG - Execute job: <picamera2.job.Job object at 0x7f47f8f150>
2026-05-26 18:02:43,925 - mazeUtils.device.camera - [camera.py:37] - DEBUG - Average HSV: H=79.3, S=116.1, V=34.6
2026-05-26 18:02:43,974 - mazeUtils.moveTile - [moveTile.py:80] - DEBUG - roll: 1.0699999999999932 deg, practicalMoveTime: 0.6233289353456449 sec
2026-05-26 18:02:43,974 - mazeUtils.moveTile - [moveTile.py:1105] - DEBUG - moveTile loop time: 58.2 ms
2026-05-26 18:02:43,979 - picamera2.picamera2 - [picamera2.py:1391] - DEBUG - Execute job: <picamera2.job.Job object at 0x7f47f04950>
2026-05-26 18:02:43,983 - mazeUtils.device.camera - [camera.py:37] - DEBUG - Average HSV: H=72.9, S=120.3, V=34.8
2026-05-26 18:02:44,032 - mazeUtils.moveTile - [moveTile.py:80] - DEBUG - roll: 0.8100000000000023 deg, practicalMoveTime: 0.6753510810566427 sec
2026-05-26 18:02:44,033 - mazeUtils.moveTile - [moveTile.py:1105] - DEBUG - moveTile loop time: 58.1 ms
2026-05-26 18:02:44,039 - picamera2.picamera2 - [picamera2.py:1391] - DEBUG - Execute job: <picamera2.job.Job object at 0x7f5c47a1d0>
2026-05-26 18:02:44,042 - mazeUtils.device.camera - [camera.py:37] - DEBUG - Average HSV: H=70.2, S=121.4, V=35.2
2026-05-26 18:02:44,090 - mazeUtils.moveTile - [moveTile.py:80] - DEBUG - roll: 0.9900000000000091 deg, practicalMoveTime: 0.7267081454236016 sec
2026-05-26 18:02:44,090 - mazeUtils.moveTile - [moveTile.py:1105] - DEBUG - moveTile loop time: 57.3 ms
2026-05-26 18:02:44,096 - picamera2.picamera2 - [picamera2.py:1391] - DEBUG - Execute job: <picamera2.job.Job object at 0x7f5c1f4050>
2026-05-26 18:02:44,099 - mazeUtils.device.camera - [camera.py:37] - DEBUG - Average HSV: H=64.1, S=124.6, V=34.4
2026-05-26 18:02:44,147 - mazeUtils.moveTile - [moveTile.py:80] - DEBUG - roll: 0.9699999999999704 deg, practicalMoveTime: 0.7774343222005906 sec
2026-05-26 18:02:44,147 - mazeUtils.moveTile - [moveTile.py:1105] - DEBUG - moveTile loop time: 56.7 ms
2026-05-26 18:02:44,153 - picamera2.picamera2 - [picamera2.py:1391] - DEBUG - Execute job: <picamera2.job.Job object at 0x7f5c2bd550>
2026-05-26 18:02:44,157 - mazeUtils.device.camera - [camera.py:37] - DEBUG - Average HSV: H=63.3, S=122.9, V=35.9
2026-05-26 18:02:44,207 - mazeUtils.moveTile - [moveTile.py:80] - DEBUG - roll: 0.8299999999999841 deg, practicalMoveTime: 0.8309887687068765 sec
2026-05-26 18:02:44,207 - mazeUtils.moveTile - [moveTile.py:1105] - DEBUG - moveTile loop time: 59.8 ms
2026-05-26 18:02:44,212 - picamera2.picamera2 - [picamera2.py:1391] - DEBUG - Execute job: <picamera2.job.Job object at 0x7f5c1f4050>
2026-05-26 18:02:44,215 - mazeUtils.device.camera - [camera.py:37] - DEBUG - Average HSV: H=54.7, S=126.8, V=35.9
2026-05-26 18:02:44,263 - mazeUtils.moveTile - [moveTile.py:80] - DEBUG - roll: 1.0 deg, practicalMoveTime: 0.8810794384732966 sec
2026-05-26 18:02:44,263 - mazeUtils.moveTile - [moveTile.py:1105] - DEBUG - moveTile loop time: 56.0 ms
2026-05-26 18:02:44,270 - picamera2.picamera2 - [picamera2.py:1391] - DEBUG - Execute job: <picamera2.job.Job object at 0x7f5c2bd550>
2026-05-26 18:02:44,273 - mazeUtils.device.camera - [camera.py:37] - DEBUG - Average HSV: H=53.1, S=128.0, V=35.5
2026-05-26 18:02:44,323 - mazeUtils.moveTile - [moveTile.py:80] - DEBUG - roll: 0.6399999999999864 deg, practicalMoveTime: 0.9348713247667338 sec
2026-05-26 18:02:44,323 - mazeUtils.moveTile - [moveTile.py:1105] - DEBUG - moveTile loop time: 60.1 ms
2026-05-26 18:02:44,329 - picamera2.picamera2 - [picamera2.py:1391] - DEBUG - Execute job: <picamera2.job.Job object at 0x7f47f8f150>
2026-05-26 18:02:44,332 - mazeUtils.device.camera - [camera.py:37] - DEBUG - Average HSV: H=49.1, S=131.5, V=35.9
2026-05-26 18:02:44,382 - mazeUtils.moveTile - [moveTile.py:80] - DEBUG - roll: 0.8499999999999659 deg, practicalMoveTime: 0.9870892604227747 sec
2026-05-26 18:02:44,383 - mazeUtils.moveTile - [moveTile.py:1105] - DEBUG - moveTile loop time: 58.9 ms
2026-05-26 18:02:44,388 - picamera2.picamera2 - [picamera2.py:1391] - DEBUG - Execute job: <picamera2.job.Job object at 0x7f5c1b7f90>
2026-05-26 18:02:44,393 - mazeUtils.device.camera - [camera.py:37] - DEBUG - Average HSV: H=38.2, S=136.6, V=36.8
2026-05-26 18:02:44,541 - mazeUtils.moveTile - [moveTile.py:511] - DEBUG - Direction: absDirection.NORTH, Angle: 90, Distance: 18.926295980063202 cm
2026-05-26 18:02:44,545 - mazeUtils.moveTile - [moveTile.py:511] - DEBUG - Direction: absDirection.EAST, Angle: 0, Distance: 43.62633751637581 cm
2026-05-26 18:02:44,547 - mazeUtils.moveTile - [moveTile.py:511] - DEBUG - Direction: absDirection.SOUTH, Angle: 270, Distance: 47.33907779961561 cm
2026-05-26 18:02:44,549 - mazeUtils.moveTile - [moveTile.py:511] - DEBUG - Direction: absDirection.WEST, Angle: 180, Distance: 142.04900887500278 cm
2026-05-26 18:02:44,550 - mazeUtils.moveTile - [moveTile.py:1274] - INFO - Tile color detection counts: {}, decided tile type: E
2026-05-26 18:02:44,692 - __main__ - [main.py:84] - INFO - Current position: (19, 22, 0), front direction: absDirection.EAST
Layer 0 (altitude=0.0cm, offset=(0.0cm, 0.0cm)):
Known map area: x=18..20, y=19..22
+   +   +---+
  U   U   E |
+   +   +   +
  U   U   S |
+   +   +---+
| E   U   U  
+   +---+   +
  E   @   U  
+---+   +   +
Layer 1 (altitude=15.0cm, offset=(-60.0cm, 0.0cm)):
Known map area: x=20..20, y=19..19
+---+
| E  
+   +
mazeAsGraph[0][19][20] = {absDirection.NORTH: None, absDirection.EAST: None, absDirection.SOUTH: (20, 20, 0), absDirection.WEST: (20, 19, 1)}
mazeAsGraph[0][20][20] = {absDirection.NORTH: (20, 19, 0), absDirection.EAST: None, absDirection.SOUTH: None, absDirection.WEST: (19, 20, 0)}
mazeAsGraph[0][21][18] = {absDirection.NORTH: (20, 19, 1), absDirection.EAST: (19, 21, 0), absDirection.SOUTH: (18, 22, 0), absDirection.WEST: None}
mazeAsGraph[0][22][18] = {absDirection.NORTH: (18, 21, 0), absDirection.EAST: (19, 22, 0), absDirection.SOUTH: None, absDirection.WEST: (17, 22, 0)}
mazeAsGraph[0][22][19] = {absDirection.NORTH: None, absDirection.EAST: (20, 22, 0), absDirection.SOUTH: (19, 23, 0), absDirection.WEST: (18, 22, 0)}
mazeAsGraph[1][19][20] = {absDirection.NORTH: None, absDirection.EAST: (20, 19, 0), absDirection.SOUTH: (18, 21, 0), absDirection.WEST: None}
2026-05-26 18:02:44,702 - mazeUtils.mazeMap - [mazeMap.py:61] - INFO - next goal: (20, 22, 0)
2026-05-26 18:02:44,703 - mazeUtils.mazeMap - [mazeMap.py:61] - INFO - next goal: (20, 22, 0)
2026-05-26 18:02:44,711 - mazeUtils.moveTile - [moveTile.py:80] - DEBUG - Moving to absDirection.EAST from (19, 22, 0) facing absDirection.EAST
2026-05-26 18:02:44,757 - mazeUtils.moveTile - [moveTile.py:80] - DEBUG - current heading: 271.99 target: 270
2026-05-26 18:02:44,797 - mazeUtils.moveTile - [moveTile.py:387] - DEBUG - stopped turning at heading: 271.99, diff: 1.990000000000009
2026-05-26 18:02:45,409 - mazeUtils.moveTile - [moveTile.py:80] - DEBUG - Turned to heading: 269.83 deg
2026-05-26 18:02:45,552 - picamera2.picamera2 - [picamera2.py:1391] - DEBUG - Execute job: <picamera2.job.Job object at 0x7f47fb7490>
2026-05-26 18:02:45,555 - mazeUtils.device.camera - [camera.py:37] - DEBUG - Average HSV: H=46.7, S=137.4, V=32.4
2026-05-26 18:02:45,607 - mazeUtils.moveTile - [moveTile.py:80] - DEBUG - roll: 0.6200000000000045 deg, practicalMoveTime: 0.05563584257811883 sec
2026-05-26 18:02:45,607 - mazeUtils.moveTile - [moveTile.py:1105] - DEBUG - moveTile loop time: 61.0 ms
2026-05-26 18:02:45,611 - picamera2.picamera2 - [picamera2.py:1391] - DEBUG - Execute job: <picamera2.job.Job object at 0x7f5c1b7f90>
2026-05-26 18:02:45,614 - mazeUtils.device.camera - [camera.py:37] - DEBUG - Average HSV: H=48.8, S=137.2, V=32.6
2026-05-26 18:02:45,664 - mazeUtils.moveTile - [moveTile.py:80] - DEBUG - roll: 0.46999999999997044 deg, practicalMoveTime: 0.10674608333723143 sec
2026-05-26 18:02:45,664 - mazeUtils.moveTile - [moveTile.py:1105] - DEBUG - moveTile loop time: 57.1 ms
2026-05-26 18:02:45,668 - picamera2.picamera2 - [picamera2.py:1391] - DEBUG - Execute job: <picamera2.job.Job object at 0x7f464d0c50>
2026-05-26 18:02:45,671 - mazeUtils.device.camera - [camera.py:37] - DEBUG - Average HSV: H=50.7, S=135.6, V=31.4
2026-05-26 18:02:45,718 - mazeUtils.moveTile - [moveTile.py:80] - DEBUG - roll: 0.5099999999999909 deg, practicalMoveTime: 0.1550934530947257 sec
2026-05-26 18:02:45,719 - mazeUtils.moveTile - [moveTile.py:1105] - DEBUG - moveTile loop time: 54.2 ms
2026-05-26 18:02:45,723 - picamera2.picamera2 - [picamera2.py:1391] - DEBUG - Execute job: <picamera2.job.Job object at 0x7f47e9b650>
2026-05-26 18:02:45,726 - mazeUtils.device.camera - [camera.py:37] - DEBUG - Average HSV: H=51.1, S=135.6, V=31.6
2026-05-26 18:02:45,874 - mazeUtils.moveTile - [moveTile.py:80] - DEBUG - roll: 1.089999999999975 deg, practicalMoveTime: 0.29524655329119 sec
2026-05-26 18:02:45,875 - mazeUtils.moveTile - [moveTile.py:1105] - DEBUG - moveTile loop time: 155.9 ms
2026-05-26 18:02:45,881 - picamera2.picamera2 - [picamera2.py:1391] - DEBUG - Execute job: <picamera2.job.Job object at 0x7f5c2bd550>
2026-05-26 18:02:45,884 - mazeUtils.device.camera - [camera.py:37] - DEBUG - Average HSV: H=56.4, S=136.7, V=29.6
2026-05-26 18:02:45,932 - mazeUtils.moveTile - [moveTile.py:80] - DEBUG - roll: 1.089999999999975 deg, practicalMoveTime: 0.3464537448180771 sec
2026-05-26 18:02:45,932 - mazeUtils.moveTile - [moveTile.py:1105] - DEBUG - moveTile loop time: 57.3 ms
2026-05-26 18:02:45,938 - picamera2.picamera2 - [picamera2.py:1391] - DEBUG - Execute job: <picamera2.job.Job object at 0x7f464d0c90>
2026-05-26 18:02:45,941 - mazeUtils.device.camera - [camera.py:37] - DEBUG - Average HSV: H=62.8, S=136.7, V=29.8
2026-05-26 18:02:45,992 - mazeUtils.moveTile - [moveTile.py:80] - DEBUG - roll: 0.5500000000000114 deg, practicalMoveTime: 0.39995963275939983 sec
2026-05-26 18:02:45,992 - mazeUtils.moveTile - [moveTile.py:1105] - DEBUG - moveTile loop time: 59.8 ms
2026-05-26 18:02:45,997 - picamera2.picamera2 - [picamera2.py:1391] - DEBUG - Execute job: <picamera2.job.Job object at 0x7f464d0c90>
2026-05-26 18:02:46,001 - mazeUtils.device.camera - [camera.py:37] - DEBUG - Average HSV: H=61.4, S=138.5, V=29.8
2026-05-26 18:02:46,052 - mazeUtils.moveTile - [moveTile.py:80] - DEBUG - roll: 0.8199999999999932 deg, practicalMoveTime: 0.4533893430001801 sec
2026-05-26 18:02:46,052 - mazeUtils.moveTile - [moveTile.py:1105] - DEBUG - moveTile loop time: 59.5 ms
2026-05-26 18:02:46,056 - picamera2.picamera2 - [picamera2.py:1391] - DEBUG - Execute job: <picamera2.job.Job object at 0x7f47fb7410>
2026-05-26 18:02:46,060 - mazeUtils.device.camera - [camera.py:37] - DEBUG - Average HSV: H=59.9, S=138.1, V=28.9
2026-05-26 18:02:46,108 - mazeUtils.moveTile - [moveTile.py:80] - DEBUG - roll: 0.8100000000000023 deg, practicalMoveTime: 0.5034086151821647 sec
2026-05-26 18:02:46,108 - mazeUtils.moveTile - [moveTile.py:1105] - DEBUG - moveTile loop time: 55.8 ms
2026-05-26 18:02:46,113 - picamera2.picamera2 - [picamera2.py:1391] - DEBUG - Execute job: <picamera2.job.Job object at 0x7f47e9b650>
2026-05-26 18:02:46,116 - mazeUtils.device.camera - [camera.py:37] - DEBUG - Average HSV: H=64.4, S=139.7, V=28.9
2026-05-26 18:02:46,164 - mazeUtils.moveTile - [moveTile.py:80] - DEBUG - roll: 0.7599999999999909 deg, practicalMoveTime: 0.5535917639668838 sec
2026-05-26 18:02:46,164 - mazeUtils.moveTile - [moveTile.py:1105] - DEBUG - moveTile loop time: 56.0 ms
2026-05-26 18:02:46,169 - picamera2.picamera2 - [picamera2.py:1391] - DEBUG - Execute job: <picamera2.job.Job object at 0x7f464d0b50>
2026-05-26 18:02:46,173 - mazeUtils.device.camera - [camera.py:37] - DEBUG - Average HSV: H=71.4, S=136.9, V=28.9
2026-05-26 18:02:46,221 - mazeUtils.moveTile - [moveTile.py:80] - DEBUG - roll: 0.7900000000000205 deg, practicalMoveTime: 0.6040925297895635 sec
2026-05-26 18:02:46,221 - mazeUtils.moveTile - [moveTile.py:1105] - DEBUG - moveTile loop time: 56.4 ms
2026-05-26 18:02:46,226 - picamera2.picamera2 - [picamera2.py:1391] - DEBUG - Execute job: <picamera2.job.Job object at 0x7f47e9b650>
2026-05-26 18:02:46,229 - mazeUtils.device.camera - [camera.py:37] - DEBUG - Average HSV: H=78.4, S=135.4, V=28.8
2026-05-26 18:02:46,277 - mazeUtils.moveTile - [moveTile.py:80] - DEBUG - roll: 0.6800000000000068 deg, practicalMoveTime: 0.6547007474416936 sec
2026-05-26 18:02:46,278 - mazeUtils.moveTile - [moveTile.py:1105] - DEBUG - moveTile loop time: 56.7 ms
2026-05-26 18:02:46,283 - picamera2.picamera2 - [picamera2.py:1391] - DEBUG - Execute job: <picamera2.job.Job object at 0x7f464d0c90>
2026-05-26 18:02:46,287 - mazeUtils.device.camera - [camera.py:37] - DEBUG - Average HSV: H=86.9, S=134.5, V=28.9
2026-05-26 18:02:46,336 - mazeUtils.moveTile - [moveTile.py:80] - DEBUG - roll: 1.2300000000000182 deg, practicalMoveTime: 0.7066772746193077 sec
2026-05-26 18:02:46,336 - mazeUtils.moveTile - [moveTile.py:1105] - DEBUG - moveTile loop time: 58.0 ms
2026-05-26 18:02:46,340 - picamera2.picamera2 - [picamera2.py:1391] - DEBUG - Execute job: <picamera2.job.Job object at 0x7f46443f90>
2026-05-26 18:02:46,343 - mazeUtils.device.camera - [camera.py:37] - DEBUG - Average HSV: H=98.1, S=134.3, V=27.2
2026-05-26 18:02:46,392 - mazeUtils.moveTile - [moveTile.py:80] - DEBUG - roll: 1.1899999999999977 deg, practicalMoveTime: 0.7567557592893552 sec
2026-05-26 18:02:46,393 - mazeUtils.moveTile - [moveTile.py:1105] - DEBUG - moveTile loop time: 56.1 ms
2026-05-26 18:02:46,398 - picamera2.picamera2 - [picamera2.py:1391] - DEBUG - Execute job: <picamera2.job.Job object at 0x7f5c1b7f90>
2026-05-26 18:02:46,401 - mazeUtils.device.camera - [camera.py:37] - DEBUG - Average HSV: H=121.1, S=128.8, V=25.7
2026-05-26 18:02:46,452 - mazeUtils.moveTile - [moveTile.py:80] - DEBUG - roll: 0.7799999999999727 deg, practicalMoveTime: 0.8100832176610789 sec
2026-05-26 18:02:46,452 - mazeUtils.moveTile - [moveTile.py:1105] - DEBUG - moveTile loop time: 59.6 ms
2026-05-26 18:02:46,457 - picamera2.picamera2 - [picamera2.py:1391] - DEBUG - Execute job: <picamera2.job.Job object at 0x7f47e9b650>
2026-05-26 18:02:46,459 - mazeUtils.device.camera - [camera.py:37] - DEBUG - Average HSV: H=134.4, S=149.4, V=27.6
2026-05-26 18:02:46,507 - mazeUtils.moveTile - [moveTile.py:80] - DEBUG - roll: 0.9900000000000091 deg, practicalMoveTime: 0.8591116139578433 sec
2026-05-26 18:02:46,508 - mazeUtils.moveTile - [moveTile.py:1105] - DEBUG - moveTile loop time: 54.9 ms
2026-05-26 18:02:46,514 - picamera2.picamera2 - [picamera2.py:1391] - DEBUG - Execute job: <picamera2.job.Job object at 0x7f46508c50>
2026-05-26 18:02:46,517 - mazeUtils.device.camera - [camera.py:37] - DEBUG - Average HSV: H=120.6, S=200.5, V=53.1
2026-05-26 18:02:46,704 - mazeUtils.moveTile - [moveTile.py:511] - DEBUG - Direction: absDirection.NORTH, Angle: 90, Distance: 19.10400019889099 cm
2026-05-26 18:02:46,705 - mazeUtils.moveTile - [moveTile.py:511] - DEBUG - Direction: absDirection.EAST, Angle: 0, Distance: 11.144974576257239 cm
2026-05-26 18:02:46,706 - mazeUtils.moveTile - [moveTile.py:511] - DEBUG - Direction: absDirection.SOUTH, Angle: 270, Distance: 46.907815883440236 cm
2026-05-26 18:02:46,707 - mazeUtils.moveTile - [moveTile.py:511] - DEBUG - Direction: absDirection.WEST, Angle: 180, Distance: 172.5741495727871 cm
2026-05-26 18:02:46,708 - mazeUtils.moveTile - [moveTile.py:1274] - INFO - Tile color detection counts: {}, decided tile type: E
2026-05-26 18:02:46,825 - __main__ - [main.py:84] - INFO - Current position: (20, 22, 0), front direction: absDirection.EAST
Layer 0 (altitude=0.0cm, offset=(0.0cm, 0.0cm)):
Known map area: x=18..20, y=19..22
+   +   +---+
  U   U   E |
+   +   +   +
  U   U   S |
+   +   +---+
| E   U   U  
+   +---+---+
  E   E   @ |
+---+   +   +
Layer 1 (altitude=15.0cm, offset=(-60.0cm, 0.0cm)):
Known map area: x=20..20, y=19..19
+---+
| E  
+   +
mazeAsGraph[0][19][20] = {absDirection.NORTH: None, absDirection.EAST: None, absDirection.SOUTH: (20, 20, 0), absDirection.WEST: (20, 19, 1)}
mazeAsGraph[0][20][20] = {absDirection.NORTH: (20, 19, 0), absDirection.EAST: None, absDirection.SOUTH: None, absDirection.WEST: (19, 20, 0)}
mazeAsGraph[0][21][18] = {absDirection.NORTH: (20, 19, 1), absDirection.EAST: (19, 21, 0), absDirection.SOUTH: (18, 22, 0), absDirection.WEST: None}
mazeAsGraph[0][22][18] = {absDirection.NORTH: (18, 21, 0), absDirection.EAST: (19, 22, 0), absDirection.SOUTH: None, absDirection.WEST: (17, 22, 0)}
mazeAsGraph[0][22][19] = {absDirection.NORTH: None, absDirection.EAST: (20, 22, 0), absDirection.SOUTH: (19, 23, 0), absDirection.WEST: (18, 22, 0)}
mazeAsGraph[0][22][20] = {absDirection.NORTH: None, absDirection.EAST: None, absDirection.SOUTH: (20, 23, 0), absDirection.WEST: (19, 22, 0)}
mazeAsGraph[1][19][20] = {absDirection.NORTH: None, absDirection.EAST: (20, 19, 0), absDirection.SOUTH: (18, 21, 0), absDirection.WEST: None}
2026-05-26 18:02:46,834 - mazeUtils.mazeMap - [mazeMap.py:61] - INFO - next goal: (20, 23, 0)
2026-05-26 18:02:46,834 - mazeUtils.mazeMap - [mazeMap.py:61] - INFO - next goal: (20, 23, 0)
2026-05-26 18:02:46,841 - mazeUtils.moveTile - [moveTile.py:80] - DEBUG - Moving to absDirection.SOUTH from (20, 22, 0) facing absDirection.EAST
2026-05-26 18:02:46,888 - mazeUtils.moveTile - [moveTile.py:80] - DEBUG - current heading: 269.82 target: 180
2026-05-26 18:02:47,911 - mazeUtils.moveTile - [moveTile.py:387] - DEBUG - stopped turning at heading: 188.48999999999998, diff: 8.48999999999998
2026-05-26 18:02:48,752 - mazeUtils.moveTile - [moveTile.py:80] - DEBUG - Turned to heading: 180.19 deg
2026-05-26 18:02:48,850 - picamera2.picamera2 - [picamera2.py:1391] - DEBUG - Execute job: <picamera2.job.Job object at 0x7f5c1b7f90>
2026-05-26 18:02:48,853 - mazeUtils.device.camera - [camera.py:37] - DEBUG - Average HSV: H=43.2, S=138.6, V=30.0
2026-05-26 18:02:48,905 - mazeUtils.moveTile - [moveTile.py:80] - DEBUG - roll: 0.9399999999999977 deg, practicalMoveTime: 0.05518256369624376 sec
2026-05-26 18:02:48,906 - mazeUtils.moveTile - [moveTile.py:1105] - DEBUG - moveTile loop time: 60.5 ms
2026-05-26 18:02:48,912 - picamera2.picamera2 - [picamera2.py:1391] - DEBUG - Execute job: <picamera2.job.Job object at 0x7f46cf0750>
2026-05-26 18:02:48,916 - mazeUtils.device.camera - [camera.py:37] - DEBUG - Average HSV: H=47.4, S=135.1, V=30.8
2026-05-26 18:02:48,965 - mazeUtils.moveTile - [moveTile.py:80] - DEBUG - roll: 0.5199999999999818 deg, practicalMoveTime: 0.10842586758398473 sec
2026-05-26 18:02:48,965 - mazeUtils.moveTile - [moveTile.py:1105] - DEBUG - moveTile loop time: 59.5 ms
2026-05-26 18:02:48,969 - picamera2.picamera2 - [picamera2.py:1391] - DEBUG - Execute job: <picamera2.job.Job object at 0x7f46cf02d0>
2026-05-26 18:02:48,973 - mazeUtils.device.camera - [camera.py:37] - DEBUG - Average HSV: H=43.8, S=138.3, V=29.7
2026-05-26 18:02:49,023 - mazeUtils.moveTile - [moveTile.py:80] - DEBUG - roll: 0.6299999999999955 deg, practicalMoveTime: 0.15986559554266302 sec
2026-05-26 18:02:49,023 - mazeUtils.moveTile - [moveTile.py:1105] - DEBUG - moveTile loop time: 57.8 ms
2026-05-26 18:02:49,028 - picamera2.picamera2 - [picamera2.py:1391] - DEBUG - Execute job: <picamera2.job.Job object at 0x7f46cf1550>
2026-05-26 18:02:49,032 - mazeUtils.device.camera - [camera.py:37] - DEBUG - Average HSV: H=46.9, S=138.0, V=29.1
2026-05-26 18:02:49,082 - mazeUtils.moveTile - [moveTile.py:80] - DEBUG - roll: 0.8000000000000114 deg, practicalMoveTime: 0.2128658141890738 sec
2026-05-26 18:02:49,083 - mazeUtils.moveTile - [moveTile.py:1105] - DEBUG - moveTile loop time: 59.1 ms
2026-05-26 18:02:49,088 - picamera2.picamera2 - [picamera2.py:1391] - DEBUG - Execute job: <picamera2.job.Job object at 0x7f46cf0650>
2026-05-26 18:02:49,091 - mazeUtils.device.camera - [camera.py:37] - DEBUG - Average HSV: H=43.4, S=139.9, V=29.1
2026-05-26 18:02:49,138 - mazeUtils.moveTile - [moveTile.py:80] - DEBUG - roll: 1.1100000000000136 deg, practicalMoveTime: 0.26289421375794225 sec
2026-05-26 18:02:49,139 - mazeUtils.moveTile - [moveTile.py:1105] - DEBUG - moveTile loop time: 55.9 ms
2026-05-26 18:02:49,145 - picamera2.picamera2 - [picamera2.py:1391] - DEBUG - Execute job: <picamera2.job.Job object at 0x7f46508c50>
2026-05-26 18:02:49,148 - mazeUtils.device.camera - [camera.py:37] - DEBUG - Average HSV: H=47.8, S=140.0, V=28.0
2026-05-26 18:02:49,196 - mazeUtils.moveTile - [moveTile.py:80] - DEBUG - roll: 0.8100000000000023 deg, practicalMoveTime: 0.3139742472390636 sec
2026-05-26 18:02:49,196 - mazeUtils.moveTile - [moveTile.py:1105] - DEBUG - moveTile loop time: 57.1 ms
2026-05-26 18:02:49,202 - picamera2.picamera2 - [picamera2.py:1391] - DEBUG - Execute job: <picamera2.job.Job object at 0x7f46cf0750>
2026-05-26 18:02:49,206 - mazeUtils.device.camera - [camera.py:37] - DEBUG - Average HSV: H=47.0, S=139.4, V=28.3
2026-05-26 18:02:49,255 - mazeUtils.moveTile - [moveTile.py:80] - DEBUG - roll: 1.349999999999966 deg, practicalMoveTime: 0.3665197968352147 sec
2026-05-26 18:02:49,255 - mazeUtils.moveTile - [moveTile.py:1105] - DEBUG - moveTile loop time: 58.7 ms
2026-05-26 18:02:49,261 - picamera2.picamera2 - [picamera2.py:1391] - DEBUG - Execute job: <picamera2.job.Job object at 0x7f46cf02d0>
2026-05-26 18:02:49,264 - mazeUtils.device.camera - [camera.py:37] - DEBUG - Average HSV: H=47.7, S=137.8, V=28.4
2026-05-26 18:02:49,312 - mazeUtils.moveTile - [moveTile.py:80] - DEBUG - roll: 1.259999999999991 deg, practicalMoveTime: 0.41737741458435074 sec
2026-05-26 18:02:49,312 - mazeUtils.moveTile - [moveTile.py:1105] - DEBUG - moveTile loop time: 56.8 ms
2026-05-26 18:02:49,318 - picamera2.picamera2 - [picamera2.py:1391] - DEBUG - Execute job: <picamera2.job.Job object at 0x7f46cf0750>
2026-05-26 18:02:49,321 - mazeUtils.device.camera - [camera.py:37] - DEBUG - Average HSV: H=48.4, S=137.1, V=28.7
2026-05-26 18:02:49,372 - mazeUtils.moveTile - [moveTile.py:80] - DEBUG - roll: 1.2799999999999727 deg, practicalMoveTime: 0.471504615563713 sec
2026-05-26 18:02:49,373 - mazeUtils.moveTile - [moveTile.py:1105] - DEBUG - moveTile loop time: 60.5 ms
2026-05-26 18:02:49,379 - picamera2.picamera2 - [picamera2.py:1391] - DEBUG - Execute job: <picamera2.job.Job object at 0x7f46cf0750>
2026-05-26 18:02:49,382 - mazeUtils.device.camera - [camera.py:37] - DEBUG - Average HSV: H=48.1, S=136.1, V=28.9
2026-05-26 18:02:49,432 - mazeUtils.moveTile - [moveTile.py:80] - DEBUG - roll: 1.2199999999999704 deg, practicalMoveTime: 0.5249956904366199 sec
2026-05-26 18:02:49,433 - mazeUtils.moveTile - [moveTile.py:1105] - DEBUG - moveTile loop time: 59.4 ms
2026-05-26 18:02:49,439 - picamera2.picamera2 - [picamera2.py:1391] - DEBUG - Execute job: <picamera2.job.Job object at 0x7f46cf0750>
2026-05-26 18:02:49,442 - mazeUtils.device.camera - [camera.py:37] - DEBUG - Average HSV: H=51.4, S=135.0, V=28.7
2026-05-26 18:02:49,489 - mazeUtils.moveTile - [moveTile.py:80] - DEBUG - roll: 0.9499999999999886 deg, practicalMoveTime: 0.575716156599785 sec
2026-05-26 18:02:49,490 - mazeUtils.moveTile - [moveTile.py:1105] - DEBUG - moveTile loop time: 56.8 ms
2026-05-26 18:02:49,495 - picamera2.picamera2 - [picamera2.py:1391] - DEBUG - Execute job: <picamera2.job.Job object at 0x7f46cf07d0>
2026-05-26 18:02:49,498 - mazeUtils.device.camera - [camera.py:37] - DEBUG - Average HSV: H=58.4, S=131.6, V=28.9
2026-05-26 18:02:49,547 - mazeUtils.moveTile - [moveTile.py:80] - DEBUG - roll: 1.5199999999999818 deg, practicalMoveTime: 0.6271889412211205 sec
2026-05-26 18:02:49,547 - mazeUtils.moveTile - [moveTile.py:1105] - DEBUG - moveTile loop time: 57.5 ms
2026-05-26 18:02:49,552 - picamera2.picamera2 - [picamera2.py:1391] - DEBUG - Execute job: <picamera2.job.Job object at 0x7f46508c50>
2026-05-26 18:02:49,556 - mazeUtils.device.camera - [camera.py:37] - DEBUG - Average HSV: H=59.6, S=131.6, V=28.9
2026-05-26 18:02:49,605 - mazeUtils.moveTile - [moveTile.py:80] - DEBUG - roll: 1.25 deg, practicalMoveTime: 0.678698267850352 sec
2026-05-26 18:02:49,605 - mazeUtils.moveTile - [moveTile.py:1105] - DEBUG - moveTile loop time: 57.6 ms
2026-05-26 18:02:49,609 - picamera2.picamera2 - [picamera2.py:1391] - DEBUG - Execute job: <picamera2.job.Job object at 0x7f46cf0750>
2026-05-26 18:02:49,613 - mazeUtils.device.camera - [camera.py:37] - DEBUG - Average HSV: H=60.1, S=131.5, V=28.5
2026-05-26 18:02:49,761 - mazeUtils.moveTile - [moveTile.py:80] - DEBUG - roll: 0.6299999999999955 deg, practicalMoveTime: 0.8188051780621954 sec
2026-05-26 18:02:49,761 - mazeUtils.moveTile - [moveTile.py:1105] - DEBUG - moveTile loop time: 155.8 ms
2026-05-26 18:02:49,768 - picamera2.picamera2 - [picamera2.py:1391] - DEBUG - Execute job: <picamera2.job.Job object at 0x7f46cf07d0>
2026-05-26 18:02:49,771 - mazeUtils.device.camera - [camera.py:37] - DEBUG - Average HSV: H=99.0, S=120.1, V=27.2
2026-05-26 18:02:49,822 - mazeUtils.moveTile - [moveTile.py:80] - DEBUG - roll: 1.0400000000000205 deg, practicalMoveTime: 0.8730242884930146 sec
2026-05-26 18:02:49,822 - mazeUtils.moveTile - [moveTile.py:1105] - DEBUG - moveTile loop time: 60.3 ms
2026-05-26 18:02:49,827 - picamera2.picamera2 - [picamera2.py:1391] - DEBUG - Execute job: <picamera2.job.Job object at 0x7f46508c50>
2026-05-26 18:02:49,831 - mazeUtils.device.camera - [camera.py:37] - DEBUG - Average HSV: H=124.0, S=117.1, V=25.8
2026-05-26 18:02:49,878 - mazeUtils.moveTile - [moveTile.py:80] - DEBUG - roll: 1.1100000000000136 deg, practicalMoveTime: 0.9231226269462383 sec
2026-05-26 18:02:49,878 - mazeUtils.moveTile - [moveTile.py:1105] - DEBUG - moveTile loop time: 55.8 ms
2026-05-26 18:02:49,885 - picamera2.picamera2 - [picamera2.py:1391] - DEBUG - Execute job: <picamera2.job.Job object at 0x7f46cf0250>
2026-05-26 18:02:49,888 - mazeUtils.device.camera - [camera.py:37] - DEBUG - Average HSV: H=142.6, S=116.7, V=21.1
2026-05-26 18:02:49,937 - mazeUtils.moveTile - [moveTile.py:80] - DEBUG - roll: 0.8299999999999841 deg, practicalMoveTime: 0.9758186420702302 sec
2026-05-26 18:02:49,938 - mazeUtils.moveTile - [moveTile.py:1105] - DEBUG - moveTile loop time: 58.9 ms
2026-05-26 18:02:49,943 - picamera2.picamera2 - [picamera2.py:1391] - DEBUG - Execute job: <picamera2.job.Job object at 0x7f46508c50>
2026-05-26 18:02:49,947 - mazeUtils.device.camera - [camera.py:37] - DEBUG - Average HSV: H=130.1, S=158.4, V=26.9
2026-05-26 18:02:50,078 - mazeUtils.moveTile - [moveTile.py:80] - DEBUG - Little forward to adjust position
2026-05-26 18:02:50,192 - mazeUtils.moveTile - [moveTile.py:511] - DEBUG - Direction: absDirection.NORTH, Angle: 180, Distance: 53.40035740795112 cm
2026-05-26 18:02:50,193 - mazeUtils.moveTile - [moveTile.py:511] - DEBUG - Direction: absDirection.EAST, Angle: 90, Distance: 17.171149618879102 cm
2026-05-26 18:02:50,194 - mazeUtils.moveTile - [moveTile.py:511] - DEBUG - Direction: absDirection.SOUTH, Angle: 0, Distance: 11.294694777579876 cm
2026-05-26 18:02:50,195 - mazeUtils.moveTile - [moveTile.py:511] - DEBUG - Direction: absDirection.WEST, Angle: 270, Distance: 49.77616106646438 cm
2026-05-26 18:02:50,196 - mazeUtils.moveTile - [moveTile.py:1274] - INFO - Tile color detection counts: {}, decided tile type: E
2026-05-26 18:02:50,346 - __main__ - [main.py:84] - INFO - Current position: (20, 23, 0), front direction: absDirection.SOUTH
Layer 0 (altitude=0.0cm, offset=(0.0cm, 0.0cm)):
Known map area: x=18..20, y=19..23
+   +   +---+
  U   U   E |
+   +   +   +
  U   U   S |
+   +   +---+
| E   U   U  
+   +---+---+
  E   E   E |
+---+   +   +
  U   U   @ |
+   +   +---+
Layer 1 (altitude=15.0cm, offset=(-60.0cm, 0.0cm)):
Known map area: x=20..20, y=19..19
+---+
| E  
+   +
mazeAsGraph[0][19][20] = {absDirection.NORTH: None, absDirection.EAST: None, absDirection.SOUTH: (20, 20, 0), absDirection.WEST: (20, 19, 1)}
mazeAsGraph[0][20][20] = {absDirection.NORTH: (20, 19, 0), absDirection.EAST: None, absDirection.SOUTH: None, absDirection.WEST: (19, 20, 0)}
mazeAsGraph[0][21][18] = {absDirection.NORTH: (20, 19, 1), absDirection.EAST: (19, 21, 0), absDirection.SOUTH: (18, 22, 0), absDirection.WEST: None}
mazeAsGraph[0][22][18] = {absDirection.NORTH: (18, 21, 0), absDirection.EAST: (19, 22, 0), absDirection.SOUTH: None, absDirection.WEST: (17, 22, 0)}
mazeAsGraph[0][22][19] = {absDirection.NORTH: None, absDirection.EAST: (20, 22, 0), absDirection.SOUTH: (19, 23, 0), absDirection.WEST: (18, 22, 0)}
mazeAsGraph[0][22][20] = {absDirection.NORTH: None, absDirection.EAST: None, absDirection.SOUTH: (20, 23, 0), absDirection.WEST: (19, 22, 0)}
mazeAsGraph[0][23][20] = {absDirection.NORTH: (20, 22, 0), absDirection.EAST: None, absDirection.SOUTH: None, absDirection.WEST: (19, 23, 0)}
mazeAsGraph[1][19][20] = {absDirection.NORTH: None, absDirection.EAST: (20, 19, 0), absDirection.SOUTH: (18, 21, 0), absDirection.WEST: None}
2026-05-26 18:02:50,358 - mazeUtils.mazeMap - [mazeMap.py:61] - INFO - next goal: (19, 23, 0)
2026-05-26 18:02:50,359 - mazeUtils.mazeMap - [mazeMap.py:61] - INFO - next goal: (19, 23, 0)
2026-05-26 18:02:50,366 - mazeUtils.moveTile - [moveTile.py:80] - DEBUG - Moving to absDirection.WEST from (20, 23, 0) facing absDirection.SOUTH
2026-05-26 18:02:50,412 - mazeUtils.moveTile - [moveTile.py:80] - DEBUG - current heading: 175.98 target: 90
2026-05-26 18:02:51,350 - mazeUtils.moveTile - [moveTile.py:387] - DEBUG - stopped turning at heading: 98.75999999999999, diff: 8.759999999999991
2026-05-26 18:02:51,851 - mazeUtils.moveTile - [moveTile.py:80] - DEBUG - Turned to heading: 90.19999999999999 deg
2026-05-26 18:02:51,949 - picamera2.picamera2 - [picamera2.py:1391] - DEBUG - Execute job: <picamera2.job.Job object at 0x7f47f316d0>
2026-05-26 18:02:51,952 - mazeUtils.device.camera - [camera.py:37] - DEBUG - Average HSV: H=32.0, S=131.0, V=37.7
2026-05-26 18:02:52,001 - mazeUtils.moveTile - [moveTile.py:80] - DEBUG - roll: 0.589999999999975 deg, practicalMoveTime: 0.052398788269043685 sec
2026-05-26 18:02:52,001 - mazeUtils.moveTile - [moveTile.py:1105] - DEBUG - moveTile loop time: 57.3 ms
2026-05-26 18:02:52,006 - picamera2.picamera2 - [picamera2.py:1391] - DEBUG - Execute job: <picamera2.job.Job object at 0x7f46508c50>
2026-05-26 18:02:52,009 - mazeUtils.device.camera - [camera.py:37] - DEBUG - Average HSV: H=36.1, S=128.9, V=38.3
2026-05-26 18:02:52,057 - mazeUtils.moveTile - [moveTile.py:80] - DEBUG - roll: 0.18000000000000682 deg, practicalMoveTime: 0.10230050429320639 sec
2026-05-26 18:02:52,057 - mazeUtils.moveTile - [moveTile.py:1105] - DEBUG - moveTile loop time: 55.4 ms
2026-05-26 18:02:52,062 - picamera2.picamera2 - [picamera2.py:1391] - DEBUG - Execute job: <picamera2.job.Job object at 0x7f464b4550>
2026-05-26 18:02:52,066 - mazeUtils.device.camera - [camera.py:37] - DEBUG - Average HSV: H=31.3, S=129.4, V=38.2
2026-05-26 18:02:52,116 - mazeUtils.moveTile - [moveTile.py:80] - DEBUG - roll: 0.589999999999975 deg, practicalMoveTime: 0.15455789400007874 sec
2026-05-26 18:02:52,116 - mazeUtils.moveTile - [moveTile.py:1105] - DEBUG - moveTile loop time: 58.5 ms
2026-05-26 18:02:52,122 - picamera2.picamera2 - [picamera2.py:1391] - DEBUG - Execute job: <picamera2.job.Job object at 0x7f46ad5a90>
2026-05-26 18:02:52,126 - mazeUtils.device.camera - [camera.py:37] - DEBUG - Average HSV: H=29.7, S=128.5, V=38.8
2026-05-26 18:02:52,173 - mazeUtils.moveTile - [moveTile.py:80] - DEBUG - roll: 0.7199999999999704 deg, practicalMoveTime: 0.20558986466381485 sec
2026-05-26 18:02:52,173 - mazeUtils.moveTile - [moveTile.py:1105] - DEBUG - moveTile loop time: 57.0 ms
2026-05-26 18:02:52,179 - picamera2.picamera2 - [picamera2.py:1391] - DEBUG - Execute job: <picamera2.job.Job object at 0x7f46ad5cd0>
2026-05-26 18:02:52,182 - mazeUtils.device.camera - [camera.py:37] - DEBUG - Average HSV: H=31.2, S=128.5, V=39.5
2026-05-26 18:02:52,230 - mazeUtils.moveTile - [moveTile.py:80] - DEBUG - roll: 0.8299999999999841 deg, practicalMoveTime: 0.25683291869785546 sec
2026-05-26 18:02:52,231 - mazeUtils.moveTile - [moveTile.py:1105] - DEBUG - moveTile loop time: 57.3 ms
2026-05-26 18:02:52,236 - picamera2.picamera2 - [picamera2.py:1391] - DEBUG - Execute job: <picamera2.job.Job object at 0x7f46ad5a90>
2026-05-26 18:02:52,239 - mazeUtils.device.camera - [camera.py:37] - DEBUG - Average HSV: H=25.9, S=129.5, V=39.6
2026-05-26 18:02:52,286 - mazeUtils.moveTile - [moveTile.py:80] - DEBUG - roll: 0.7799999999999727 deg, practicalMoveTime: 0.3061629686239991 sec
2026-05-26 18:02:52,286 - mazeUtils.moveTile - [moveTile.py:1105] - DEBUG - moveTile loop time: 55.1 ms
2026-05-26 18:02:52,290 - picamera2.picamera2 - [picamera2.py:1391] - DEBUG - Execute job: <picamera2.job.Job object at 0x7f464b4550>
2026-05-26 18:02:52,293 - mazeUtils.device.camera - [camera.py:37] - DEBUG - Average HSV: H=30.8, S=126.4, V=40.2
2026-05-26 18:02:52,343 - mazeUtils.moveTile - [moveTile.py:80] - DEBUG - roll: 0.8799999999999955 deg, practicalMoveTime: 0.3569114579532128 sec
2026-05-26 18:02:52,343 - mazeUtils.moveTile - [moveTile.py:1105] - DEBUG - moveTile loop time: 56.6 ms
2026-05-26 18:02:52,347 - picamera2.picamera2 - [picamera2.py:1391] - DEBUG - Execute job: <picamera2.job.Job object at 0x7f46ad5cd0>
2026-05-26 18:02:52,350 - mazeUtils.device.camera - [camera.py:37] - DEBUG - Average HSV: H=25.3, S=129.3, V=41.1
2026-05-26 18:02:52,397 - mazeUtils.moveTile - [moveTile.py:80] - DEBUG - roll: 0.4900000000000091 deg, practicalMoveTime: 0.4055269715132002 sec
2026-05-26 18:02:52,398 - mazeUtils.moveTile - [moveTile.py:1105] - DEBUG - moveTile loop time: 54.4 ms
2026-05-26 18:02:52,404 - picamera2.picamera2 - [picamera2.py:1391] - DEBUG - Execute job: <picamera2.job.Job object at 0x7f47f33310>
2026-05-26 18:02:52,407 - mazeUtils.device.camera - [camera.py:37] - DEBUG - Average HSV: H=24.6, S=127.9, V=41.1
2026-05-26 18:02:52,456 - mazeUtils.moveTile - [moveTile.py:80] - DEBUG - roll: 0.6800000000000068 deg, practicalMoveTime: 0.4579900742773534 sec
2026-05-26 18:02:52,456 - mazeUtils.moveTile - [moveTile.py:1105] - DEBUG - moveTile loop time: 58.6 ms
2026-05-26 18:02:52,460 - picamera2.picamera2 - [picamera2.py:1391] - DEBUG - Execute job: <picamera2.job.Job object at 0x7f46ad5a90>
2026-05-26 18:02:52,463 - mazeUtils.device.camera - [camera.py:37] - DEBUG - Average HSV: H=27.4, S=125.0, V=41.5
2026-05-26 18:02:52,511 - mazeUtils.moveTile - [moveTile.py:80] - DEBUG - roll: 0.839999999999975 deg, practicalMoveTime: 0.5071962400565041 sec
2026-05-26 18:02:52,512 - mazeUtils.moveTile - [moveTile.py:1105] - DEBUG - moveTile loop time: 55.0 ms
2026-05-26 18:02:52,517 - picamera2.picamera2 - [picamera2.py:1391] - DEBUG - Execute job: <picamera2.job.Job object at 0x7f47f33310>
2026-05-26 18:02:52,520 - mazeUtils.device.camera - [camera.py:37] - DEBUG - Average HSV: H=29.1, S=124.3, V=41.5
2026-05-26 18:02:52,568 - mazeUtils.moveTile - [moveTile.py:80] - DEBUG - roll: 0.36000000000001364 deg, practicalMoveTime: 0.5578769737275467 sec
2026-05-26 18:02:52,568 - mazeUtils.moveTile - [moveTile.py:1105] - DEBUG - moveTile loop time: 56.3 ms
2026-05-26 18:02:52,575 - picamera2.picamera2 - [picamera2.py:1391] - DEBUG - Execute job: <picamera2.job.Job object at 0x7f47f316d0>
2026-05-26 18:02:52,578 - mazeUtils.device.camera - [camera.py:37] - DEBUG - Average HSV: H=32.2, S=126.1, V=42.4
2026-05-26 18:02:52,627 - mazeUtils.moveTile - [moveTile.py:80] - DEBUG - roll: 0.7199999999999704 deg, practicalMoveTime: 0.6106355069338256 sec
2026-05-26 18:02:52,628 - mazeUtils.moveTile - [moveTile.py:1105] - DEBUG - moveTile loop time: 59.2 ms
2026-05-26 18:02:52,633 - picamera2.picamera2 - [picamera2.py:1391] - DEBUG - Execute job: <picamera2.job.Job object at 0x7f464b4d10>
2026-05-26 18:02:52,637 - mazeUtils.device.camera - [camera.py:37] - DEBUG - Average HSV: H=32.8, S=124.8, V=42.2
2026-05-26 18:02:52,686 - mazeUtils.moveTile - [moveTile.py:80] - DEBUG - roll: 0.589999999999975 deg, practicalMoveTime: 0.6629257251384403 sec
2026-05-26 18:02:52,686 - mazeUtils.moveTile - [moveTile.py:1105] - DEBUG - moveTile loop time: 58.1 ms
2026-05-26 18:02:52,693 - picamera2.picamera2 - [picamera2.py:1391] - DEBUG - Execute job: <picamera2.job.Job object at 0x7f47f33310>
2026-05-26 18:02:52,697 - mazeUtils.device.camera - [camera.py:37] - DEBUG - Average HSV: H=34.7, S=126.0, V=41.7
2026-05-26 18:02:52,747 - mazeUtils.moveTile - [moveTile.py:80] - DEBUG - roll: 0.25 deg, practicalMoveTime: 0.7170933861474404 sec
2026-05-26 18:02:52,747 - mazeUtils.moveTile - [moveTile.py:1105] - DEBUG - moveTile loop time: 60.4 ms
2026-05-26 18:02:52,752 - picamera2.picamera2 - [picamera2.py:1391] - DEBUG - Execute job: <picamera2.job.Job object at 0x7f46ad5cd0>
2026-05-26 18:02:52,756 - mazeUtils.device.camera - [camera.py:37] - DEBUG - Average HSV: H=36.4, S=124.4, V=41.6
2026-05-26 18:02:52,807 - mazeUtils.moveTile - [moveTile.py:80] - DEBUG - roll: 0.5600000000000023 deg, practicalMoveTime: 0.7710778814270691 sec
2026-05-26 18:02:52,808 - mazeUtils.moveTile - [moveTile.py:1105] - DEBUG - moveTile loop time: 60.3 ms
2026-05-26 18:02:52,814 - picamera2.picamera2 - [picamera2.py:1391] - DEBUG - Execute job: <picamera2.job.Job object at 0x7f464b4550>
2026-05-26 18:02:52,817 - mazeUtils.device.camera - [camera.py:37] - DEBUG - Average HSV: H=39.7, S=122.8, V=41.4
2026-05-26 18:02:52,866 - mazeUtils.moveTile - [moveTile.py:80] - DEBUG - roll: 0.6800000000000068 deg, practicalMoveTime: 0.823580892650544 sec
2026-05-26 18:02:52,866 - mazeUtils.moveTile - [moveTile.py:1105] - DEBUG - moveTile loop time: 58.6 ms
2026-05-26 18:02:52,870 - picamera2.picamera2 - [picamera2.py:1391] - DEBUG - Execute job: <picamera2.job.Job object at 0x7f47f33290>
2026-05-26 18:02:52,874 - mazeUtils.device.camera - [camera.py:37] - DEBUG - Average HSV: H=39.1, S=124.6, V=41.1
2026-05-26 18:02:52,920 - mazeUtils.moveTile - [moveTile.py:80] - DEBUG - roll: 0.7900000000000205 deg, practicalMoveTime: 0.872089073885377 sec
2026-05-26 18:02:52,921 - mazeUtils.moveTile - [moveTile.py:1105] - DEBUG - moveTile loop time: 54.1 ms
2026-05-26 18:02:52,925 - picamera2.picamera2 - [picamera2.py:1391] - DEBUG - Execute job: <picamera2.job.Job object at 0x7f47f457d0>
2026-05-26 18:02:52,928 - mazeUtils.device.camera - [camera.py:37] - DEBUG - Average HSV: H=44.6, S=114.5, V=43.9
2026-05-26 18:02:53,073 - mazeUtils.moveTile - [moveTile.py:80] - DEBUG - roll: 0.75 deg, practicalMoveTime: 1.0093373223457884 sec
2026-05-26 18:02:53,074 - mazeUtils.moveTile - [moveTile.py:1105] - DEBUG - moveTile loop time: 153.0 ms
2026-05-26 18:02:53,078 - picamera2.picamera2 - [picamera2.py:1391] - DEBUG - Execute job: <picamera2.job.Job object at 0x7f47f316d0>
2026-05-26 18:02:53,081 - mazeUtils.device.camera - [camera.py:37] - DEBUG - Average HSV: H=158.8, S=89.6, V=47.4
2026-05-26 18:02:53,210 - mazeUtils.moveTile - [moveTile.py:80] - DEBUG - Little forward to adjust position
2026-05-26 18:02:53,281 - mazeUtils.moveTile - [moveTile.py:511] - DEBUG - Direction: absDirection.NORTH, Angle: 270, Distance: 96.9790355089271 cm
2026-05-26 18:02:53,282 - mazeUtils.moveTile - [moveTile.py:511] - DEBUG - Direction: absDirection.EAST, Angle: 180, Distance: 54.201828064514096 cm
2026-05-26 18:02:53,283 - mazeUtils.moveTile - [moveTile.py:511] - DEBUG - Direction: absDirection.SOUTH, Angle: 90, Distance: 18.276397429318514 cm
2026-05-26 18:02:53,284 - mazeUtils.moveTile - [moveTile.py:511] - DEBUG - Direction: absDirection.WEST, Angle: 0, Distance: 11.017479194637591 cm
2026-05-26 18:02:53,285 - mazeUtils.moveTile - [moveTile.py:1274] - INFO - Tile color detection counts: {}, decided tile type: E
2026-05-26 18:02:53,398 - __main__ - [main.py:84] - INFO - Current position: (19, 23, 0), front direction: absDirection.WEST
Layer 0 (altitude=0.0cm, offset=(0.0cm, 0.0cm)):
Known map area: x=18..20, y=19..23
+   +   +---+
  U   U   E |
+   +   +   +
  U   U   S |
+   +   +---+
| E   U   U  
+   +---+---+
  E   E   E |
+---+   +   +
  U | @   E |
+   +---+---+
Layer 1 (altitude=15.0cm, offset=(-60.0cm, 0.0cm)):
Known map area: x=20..20, y=19..19
+---+
| E  
+   +
mazeAsGraph[0][19][20] = {absDirection.NORTH: None, absDirection.EAST: None, absDirection.SOUTH: (20, 20, 0), absDirection.WEST: (20, 19, 1)}
mazeAsGraph[0][20][20] = {absDirection.NORTH: (20, 19, 0), absDirection.EAST: None, absDirection.SOUTH: None, absDirection.WEST: (19, 20, 0)}
mazeAsGraph[0][21][18] = {absDirection.NORTH: (20, 19, 1), absDirection.EAST: (19, 21, 0), absDirection.SOUTH: (18, 22, 0), absDirection.WEST: None}
mazeAsGraph[0][22][18] = {absDirection.NORTH: (18, 21, 0), absDirection.EAST: (19, 22, 0), absDirection.SOUTH: None, absDirection.WEST: (17, 22, 0)}
mazeAsGraph[0][22][19] = {absDirection.NORTH: None, absDirection.EAST: (20, 22, 0), absDirection.SOUTH: (19, 23, 0), absDirection.WEST: (18, 22, 0)}
mazeAsGraph[0][22][20] = {absDirection.NORTH: None, absDirection.EAST: None, absDirection.SOUTH: (20, 23, 0), absDirection.WEST: (19, 22, 0)}
mazeAsGraph[0][23][19] = {absDirection.NORTH: (19, 22, 0), absDirection.EAST: (20, 23, 0), absDirection.SOUTH: None, absDirection.WEST: None}
mazeAsGraph[0][23][20] = {absDirection.NORTH: (20, 22, 0), absDirection.EAST: None, absDirection.SOUTH: None, absDirection.WEST: (19, 23, 0)}
mazeAsGraph[1][19][20] = {absDirection.NORTH: None, absDirection.EAST: (20, 19, 0), absDirection.SOUTH: (18, 21, 0), absDirection.WEST: None}
2026-05-26 18:02:53,407 - mazeUtils.mazeMap - [mazeMap.py:61] - INFO - next goal: (17, 22, 0)
2026-05-26 18:02:53,408 - mazeUtils.mazeMap - [mazeMap.py:61] - INFO - next goal: (17, 22, 0)
2026-05-26 18:02:53,416 - mazeUtils.moveTile - [moveTile.py:80] - DEBUG - Moving to absDirection.NORTH from (19, 23, 0) facing absDirection.WEST
2026-05-26 18:02:53,461 - mazeUtils.moveTile - [moveTile.py:80] - DEBUG - current heading: 85.33999999999997 target: 0
2026-05-26 18:02:54,387 - mazeUtils.moveTile - [moveTile.py:387] - DEBUG - stopped turning at heading: 8.599999999999966, diff: 8.599999999999966
2026-05-26 18:02:55,221 - mazeUtils.moveTile - [moveTile.py:80] - DEBUG - Turned to heading: 0.18000000000000682 deg
2026-05-26 18:02:55,319 - picamera2.picamera2 - [picamera2.py:1391] - DEBUG - Execute job: <picamera2.job.Job object at 0x7f5c47a1d0>
2026-05-26 18:02:55,323 - mazeUtils.device.camera - [camera.py:37] - DEBUG - Average HSV: H=21.6, S=111.4, V=56.0
2026-05-26 18:02:55,377 - mazeUtils.moveTile - [moveTile.py:80] - DEBUG - roll: 0.589999999999975 deg, practicalMoveTime: 0.05724474657957422 sec
2026-05-26 18:02:55,378 - mazeUtils.moveTile - [moveTile.py:1105] - DEBUG - moveTile loop time: 63.5 ms
2026-05-26 18:02:55,384 - picamera2.picamera2 - [picamera2.py:1391] - DEBUG - Execute job: <picamera2.job.Job object at 0x7f47f04950>
2026-05-26 18:02:55,390 - mazeUtils.device.camera - [camera.py:37] - DEBUG - Average HSV: H=17.3, S=112.1, V=56.9
2026-05-26 18:02:55,440 - mazeUtils.moveTile - [moveTile.py:80] - DEBUG - roll: 0.8999999999999773 deg, practicalMoveTime: 0.11302502226872516 sec
2026-05-26 18:02:55,440 - mazeUtils.moveTile - [moveTile.py:1105] - DEBUG - moveTile loop time: 62.3 ms
2026-05-26 18:02:55,446 - picamera2.picamera2 - [picamera2.py:1391] - DEBUG - Execute job: <picamera2.job.Job object at 0x7f5e0fd7d0>
2026-05-26 18:02:55,451 - mazeUtils.device.camera - [camera.py:37] - DEBUG - Average HSV: H=13.5, S=116.9, V=57.5
2026-05-26 18:02:55,503 - mazeUtils.moveTile - [moveTile.py:80] - DEBUG - roll: 0.4300000000000068 deg, practicalMoveTime: 0.1690803245598823 sec
2026-05-26 18:02:55,504 - mazeUtils.moveTile - [moveTile.py:1105] - DEBUG - moveTile loop time: 62.9 ms
2026-05-26 18:02:55,511 - picamera2.picamera2 - [picamera2.py:1391] - DEBUG - Execute job: <picamera2.job.Job object at 0x7f47f04950>
2026-05-26 18:02:55,516 - mazeUtils.device.camera - [camera.py:37] - DEBUG - Average HSV: H=17.0, S=112.6, V=57.7
2026-05-26 18:02:55,564 - mazeUtils.moveTile - [moveTile.py:80] - DEBUG - roll: 0.6899999999999977 deg, practicalMoveTime: 0.22357349555823575 sec
2026-05-26 18:02:55,565 - mazeUtils.moveTile - [moveTile.py:1105] - DEBUG - moveTile loop time: 61.0 ms
2026-05-26 18:02:55,572 - picamera2.picamera2 - [picamera2.py:1391] - DEBUG - Execute job: <picamera2.job.Job object at 0x7f5c47a1d0>
2026-05-26 18:02:55,576 - mazeUtils.device.camera - [camera.py:37] - DEBUG - Average HSV: H=13.7, S=115.2, V=59.6
2026-05-26 18:02:55,624 - mazeUtils.moveTile - [moveTile.py:80] - DEBUG - roll: 0.4900000000000091 deg, practicalMoveTime: 0.276818547150426 sec
2026-05-26 18:02:55,625 - mazeUtils.moveTile - [moveTile.py:1105] - DEBUG - moveTile loop time: 59.8 ms
2026-05-26 18:02:55,631 - picamera2.picamera2 - [picamera2.py:1391] - DEBUG - Execute job: <picamera2.job.Job object at 0x7f47f04950>
2026-05-26 18:02:55,635 - mazeUtils.device.camera - [camera.py:37] - DEBUG - Average HSV: H=13.7, S=116.4, V=60.1
2026-05-26 18:02:55,683 - mazeUtils.moveTile - [moveTile.py:80] - DEBUG - roll: 0.4300000000000068 deg, practicalMoveTime: 0.3285800755974055 sec
2026-05-26 18:02:55,683 - mazeUtils.moveTile - [moveTile.py:1105] - DEBUG - moveTile loop time: 57.9 ms
2026-05-26 18:02:55,690 - picamera2.picamera2 - [picamera2.py:1391] - DEBUG - Execute job: <picamera2.job.Job object at 0x7f5e0fd7d0>
2026-05-26 18:02:55,696 - mazeUtils.device.camera - [camera.py:37] - DEBUG - Average HSV: H=12.2, S=115.1, V=60.9
2026-05-26 18:02:55,745 - mazeUtils.moveTile - [moveTile.py:80] - DEBUG - roll: 0.9399999999999977 deg, practicalMoveTime: 0.38409411571279783 sec
2026-05-26 18:02:55,746 - mazeUtils.moveTile - [moveTile.py:1105] - DEBUG - moveTile loop time: 62.0 ms
2026-05-26 18:02:55,752 - picamera2.picamera2 - [picamera2.py:1391] - DEBUG - Execute job: <picamera2.job.Job object at 0x7f5c1f4050>
2026-05-26 18:02:55,757 - mazeUtils.device.camera - [camera.py:37] - DEBUG - Average HSV: H=12.4, S=118.8, V=60.8
2026-05-26 18:02:55,807 - mazeUtils.moveTile - [moveTile.py:80] - DEBUG - roll: 0.6100000000000136 deg, practicalMoveTime: 0.4393174548734541 sec
2026-05-26 18:02:55,808 - mazeUtils.moveTile - [moveTile.py:1105] - DEBUG - moveTile loop time: 61.7 ms
2026-05-26 18:02:55,814 - picamera2.picamera2 - [picamera2.py:1391] - DEBUG - Execute job: <picamera2.job.Job object at 0x7f47d355d0>
2026-05-26 18:02:55,819 - mazeUtils.device.camera - [camera.py:37] - DEBUG - Average HSV: H=13.6, S=115.8, V=61.1
2026-05-26 18:02:55,867 - mazeUtils.moveTile - [moveTile.py:80] - DEBUG - roll: 0.8000000000000114 deg, practicalMoveTime: 0.49244790889356843 sec
2026-05-26 18:02:55,868 - mazeUtils.moveTile - [moveTile.py:1105] - DEBUG - moveTile loop time: 59.4 ms
2026-05-26 18:02:55,875 - picamera2.picamera2 - [picamera2.py:1391] - DEBUG - Execute job: <picamera2.job.Job object at 0x7f5e0fd790>
2026-05-26 18:02:55,879 - mazeUtils.device.camera - [camera.py:37] - DEBUG - Average HSV: H=16.0, S=114.8, V=60.5
2026-05-26 18:02:55,934 - mazeUtils.moveTile - [moveTile.py:80] - DEBUG - roll: 0.9300000000000068 deg, practicalMoveTime: 0.5523886708651862 sec
2026-05-26 18:02:55,935 - mazeUtils.moveTile - [moveTile.py:1105] - DEBUG - moveTile loop time: 67.1 ms
2026-05-26 18:02:55,940 - picamera2.picamera2 - [picamera2.py:1391] - DEBUG - Execute job: <picamera2.job.Job object at 0x7f47f457d0>
2026-05-26 18:02:55,944 - mazeUtils.device.camera - [camera.py:37] - DEBUG - Average HSV: H=20.1, S=110.5, V=61.1
2026-05-26 18:02:55,996 - mazeUtils.moveTile - [moveTile.py:80] - DEBUG - roll: 0.6999999999999886 deg, practicalMoveTime: 0.6069456655817601 sec
2026-05-26 18:02:55,996 - mazeUtils.moveTile - [moveTile.py:1105] - DEBUG - moveTile loop time: 60.9 ms
2026-05-26 18:02:56,002 - picamera2.picamera2 - [picamera2.py:1391] - DEBUG - Execute job: <picamera2.job.Job object at 0x7f46508c50>
2026-05-26 18:02:56,007 - mazeUtils.device.camera - [camera.py:37] - DEBUG - Average HSV: H=25.2, S=107.5, V=60.6
2026-05-26 18:02:56,055 - mazeUtils.moveTile - [moveTile.py:80] - DEBUG - roll: 1.0299999999999727 deg, practicalMoveTime: 0.6593829607065138 sec
2026-05-26 18:02:56,055 - mazeUtils.moveTile - [moveTile.py:1105] - DEBUG - moveTile loop time: 58.7 ms
2026-05-26 18:02:56,061 - picamera2.picamera2 - [picamera2.py:1391] - DEBUG - Execute job: <picamera2.job.Job object at 0x7f47f04950>
2026-05-26 18:02:56,066 - mazeUtils.device.camera - [camera.py:37] - DEBUG - Average HSV: H=23.2, S=109.6, V=60.2
2026-05-26 18:02:56,115 - mazeUtils.moveTile - [moveTile.py:80] - DEBUG - roll: 0.9800000000000182 deg, practicalMoveTime: 0.712378447357195 sec
2026-05-26 18:02:56,115 - mazeUtils.moveTile - [moveTile.py:1105] - DEBUG - moveTile loop time: 59.5 ms
2026-05-26 18:02:56,121 - picamera2.picamera2 - [picamera2.py:1391] - DEBUG - Execute job: <picamera2.job.Job object at 0x7f46508c50>
2026-05-26 18:02:56,126 - mazeUtils.device.camera - [camera.py:37] - DEBUG - Average HSV: H=21.2, S=109.9, V=60.1
2026-05-26 18:02:56,177 - mazeUtils.moveTile - [moveTile.py:80] - DEBUG - roll: 0.6299999999999955 deg, practicalMoveTime: 0.7680839172271295 sec
2026-05-26 18:02:56,178 - mazeUtils.moveTile - [moveTile.py:1105] - DEBUG - moveTile loop time: 62.2 ms
2026-05-26 18:02:56,182 - picamera2.picamera2 - [picamera2.py:1391] - DEBUG - Execute job: <picamera2.job.Job object at 0x7f5c47a1d0>
2026-05-26 18:02:56,186 - mazeUtils.device.camera - [camera.py:37] - DEBUG - Average HSV: H=22.0, S=110.1, V=59.5
2026-05-26 18:02:56,237 - mazeUtils.moveTile - [moveTile.py:80] - DEBUG - roll: 0.8999999999999773 deg, practicalMoveTime: 0.8212170719392595 sec
2026-05-26 18:02:56,238 - mazeUtils.moveTile - [moveTile.py:1105] - DEBUG - moveTile loop time: 60.0 ms
2026-05-26 18:02:56,244 - picamera2.picamera2 - [picamera2.py:1391] - DEBUG - Execute job: <picamera2.job.Job object at 0x7f5e0fd790>
2026-05-26 18:02:56,248 - mazeUtils.device.camera - [camera.py:37] - DEBUG - Average HSV: H=32.5, S=106.7, V=58.7
2026-05-26 18:02:56,297 - mazeUtils.moveTile - [moveTile.py:80] - DEBUG - roll: 1.0400000000000205 deg, practicalMoveTime: 0.8744074564845536 sec
2026-05-26 18:02:56,298 - mazeUtils.moveTile - [moveTile.py:1105] - DEBUG - moveTile loop time: 59.2 ms
2026-05-26 18:02:56,304 - picamera2.picamera2 - [picamera2.py:1391] - DEBUG - Execute job: <picamera2.job.Job object at 0x7f47f04950>
2026-05-26 18:02:56,308 - mazeUtils.device.camera - [camera.py:37] - DEBUG - Average HSV: H=39.5, S=105.2, V=57.9
2026-05-26 18:02:56,356 - mazeUtils.moveTile - [moveTile.py:80] - DEBUG - roll: 0.6399999999999864 deg, practicalMoveTime: 0.926581964360096 sec
2026-05-26 18:02:56,357 - mazeUtils.moveTile - [moveTile.py:1105] - DEBUG - moveTile loop time: 57.9 ms
2026-05-26 18:02:56,363 - picamera2.picamera2 - [picamera2.py:1391] - DEBUG - Execute job: <picamera2.job.Job object at 0x7f5e0fd790>
2026-05-26 18:02:56,368 - mazeUtils.device.camera - [camera.py:37] - DEBUG - Average HSV: H=67.4, S=99.3, V=56.5
2026-05-26 18:02:56,415 - mazeUtils.moveTile - [moveTile.py:80] - DEBUG - roll: 0.9099999999999682 deg, practicalMoveTime: 0.9793592492506619 sec
2026-05-26 18:02:56,416 - mazeUtils.moveTile - [moveTile.py:1105] - DEBUG - moveTile loop time: 59.3 ms
2026-05-26 18:02:56,422 - picamera2.picamera2 - [picamera2.py:1391] - DEBUG - Execute job: <picamera2.job.Job object at 0x7f5e0fd7d0>
2026-05-26 18:02:56,427 - mazeUtils.device.camera - [camera.py:37] - DEBUG - Average HSV: H=75.7, S=100.5, V=55.3
2026-05-26 18:02:56,566 - mazeUtils.moveTile - [moveTile.py:80] - DEBUG - Little forward to adjust position
2026-05-26 18:02:56,776 - mazeUtils.moveTile - [moveTile.py:511] - DEBUG - Direction: absDirection.NORTH, Angle: 0, Distance: 13.08007438214404 cm
2026-05-26 18:02:56,779 - mazeUtils.moveTile - [moveTile.py:511] - DEBUG - Direction: absDirection.EAST, Angle: 270, Distance: 49.23369826637081 cm
2026-05-26 18:02:56,781 - mazeUtils.moveTile - [moveTile.py:511] - DEBUG - Direction: absDirection.SOUTH, Angle: 180, Distance: 53.431500970562524 cm
2026-05-26 18:02:56,783 - mazeUtils.moveTile - [moveTile.py:511] - DEBUG - Direction: absDirection.WEST, Angle: 90, Distance: 135.59345991028934 cm
2026-05-26 18:02:56,784 - mazeUtils.moveTile - [moveTile.py:1274] - INFO - Tile color detection counts: {}, decided tile type: E
2026-05-26 18:02:56,925 - __main__ - [main.py:84] - INFO - Current position: (19, 22, 0), front direction: absDirection.NORTH
Layer 0 (altitude=0.0cm, offset=(0.0cm, 0.0cm)):
Known map area: x=18..20, y=19..23
+   +   +---+
  U   U   E |
+   +   +   +
  U   U   S |
+   +   +---+
| E   U   U  
+   +---+---+
  E   @   E |
+---+   +   +
  U | E   E |
+   +---+---+
Layer 1 (altitude=15.0cm, offset=(-60.0cm, 0.0cm)):
Known map area: x=20..20, y=19..19
+---+
| E  
+   +
mazeAsGraph[0][19][20] = {absDirection.NORTH: None, absDirection.EAST: None, absDirection.SOUTH: (20, 20, 0), absDirection.WEST: (20, 19, 1)}
mazeAsGraph[0][20][20] = {absDirection.NORTH: (20, 19, 0), absDirection.EAST: None, absDirection.SOUTH: None, absDirection.WEST: (19, 20, 0)}
mazeAsGraph[0][21][18] = {absDirection.NORTH: (20, 19, 1), absDirection.EAST: (19, 21, 0), absDirection.SOUTH: (18, 22, 0), absDirection.WEST: None}
mazeAsGraph[0][22][18] = {absDirection.NORTH: (18, 21, 0), absDirection.EAST: (19, 22, 0), absDirection.SOUTH: None, absDirection.WEST: (17, 22, 0)}
mazeAsGraph[0][22][19] = {absDirection.NORTH: None, absDirection.EAST: (20, 22, 0), absDirection.SOUTH: (19, 23, 0), absDirection.WEST: (18, 22, 0)}
mazeAsGraph[0][22][20] = {absDirection.NORTH: None, absDirection.EAST: None, absDirection.SOUTH: (20, 23, 0), absDirection.WEST: (19, 22, 0)}
mazeAsGraph[0][23][19] = {absDirection.NORTH: (19, 22, 0), absDirection.EAST: (20, 23, 0), absDirection.SOUTH: None, absDirection.WEST: None}
mazeAsGraph[0][23][20] = {absDirection.NORTH: (20, 22, 0), absDirection.EAST: None, absDirection.SOUTH: None, absDirection.WEST: (19, 23, 0)}
mazeAsGraph[1][19][20] = {absDirection.NORTH: None, absDirection.EAST: (20, 19, 0), absDirection.SOUTH: (18, 21, 0), absDirection.WEST: None}
2026-05-26 18:02:56,943 - mazeUtils.moveTile - [moveTile.py:80] - DEBUG - Moving to absDirection.WEST from (19, 22, 0) facing absDirection.NORTH
2026-05-26 18:02:56,988 - mazeUtils.moveTile - [moveTile.py:80] - DEBUG - current heading: 357.28 target: 90
2026-05-26 18:02:57,967 - mazeUtils.moveTile - [moveTile.py:387] - DEBUG - stopped turning at heading: 80.95999999999998, diff: 9.04000000000002
2026-05-26 18:02:58,601 - mazeUtils.moveTile - [moveTile.py:80] - DEBUG - Turned to heading: 89.81 deg
2026-05-26 18:02:58,709 - picamera2.picamera2 - [picamera2.py:1391] - DEBUG - Execute job: <picamera2.job.Job object at 0x7f47f540d0>
2026-05-26 18:02:58,712 - mazeUtils.device.camera - [camera.py:37] - DEBUG - Average HSV: H=8.2, S=61.5, V=135.1
2026-05-26 18:02:58,760 - mazeUtils.moveTile - [moveTile.py:80] - DEBUG - roll: 0.0999999999999659 deg, practicalMoveTime: 0.04953002538381031 sec
2026-05-26 18:02:58,761 - mazeUtils.moveTile - [moveTile.py:1105] - DEBUG - moveTile loop time: 55.2 ms
2026-05-26 18:02:58,767 - picamera2.picamera2 - [picamera2.py:1391] - DEBUG - Execute job: <picamera2.job.Job object at 0x7f47e9ce50>
2026-05-26 18:02:58,770 - mazeUtils.device.camera - [camera.py:37] - DEBUG - Average HSV: H=6.6, S=63.2, V=137.0
2026-05-26 18:02:58,819 - mazeUtils.moveTile - [moveTile.py:80] - DEBUG - roll: 0.2599999999999909 deg, practicalMoveTime: 0.1021488454896119 sec
2026-05-26 18:02:58,820 - mazeUtils.moveTile - [moveTile.py:1105] - DEBUG - moveTile loop time: 58.8 ms
2026-05-26 18:02:58,826 - picamera2.picamera2 - [picamera2.py:1391] - DEBUG - Execute job: <picamera2.job.Job object at 0x7f6074b150>
2026-05-26 18:02:58,829 - mazeUtils.device.camera - [camera.py:37] - DEBUG - Average HSV: H=7.6, S=59.5, V=159.1
2026-05-26 18:02:58,879 - mazeUtils.moveTile - [moveTile.py:80] - DEBUG - roll: 0.07999999999998408 deg, practicalMoveTime: 0.15527305460778418 sec
2026-05-26 18:02:58,879 - mazeUtils.moveTile - [moveTile.py:1105] - DEBUG - moveTile loop time: 59.3 ms
2026-05-26 18:02:58,884 - picamera2.picamera2 - [picamera2.py:1391] - DEBUG - Execute job: <picamera2.job.Job object at 0x7f47fa2190>
2026-05-26 18:02:58,887 - mazeUtils.device.camera - [camera.py:37] - DEBUG - Average HSV: H=8.0, S=55.9, V=169.8
2026-05-26 18:02:58,937 - mazeUtils.moveTile - [moveTile.py:80] - DEBUG - roll: 359.9 deg, practicalMoveTime: 0.2135827592692026 sec
2026-05-26 18:02:58,938 - mazeUtils.moveTile - [moveTile.py:1105] - DEBUG - moveTile loop time: 58.6 ms
2026-05-26 18:02:58,944 - picamera2.picamera2 - [picamera2.py:1391] - DEBUG - Execute job: <picamera2.job.Job object at 0x7f6074b150>
2026-05-26 18:02:58,947 - mazeUtils.device.camera - [camera.py:37] - DEBUG - Average HSV: H=7.7, S=52.9, V=171.0
2026-05-26 18:02:58,996 - mazeUtils.moveTile - [moveTile.py:80] - DEBUG - roll: 0.12000000000000455 deg, practicalMoveTime: 0.26613248303432624 sec
2026-05-26 18:02:58,997 - mazeUtils.moveTile - [moveTile.py:1105] - DEBUG - moveTile loop time: 58.6 ms
2026-05-26 18:02:59,001 - picamera2.picamera2 - [picamera2.py:1391] - DEBUG - Execute job: <picamera2.job.Job object at 0x7f45915110>
2026-05-26 18:02:59,004 - mazeUtils.device.camera - [camera.py:37] - DEBUG - Average HSV: H=7.5, S=52.4, V=171.3
2026-05-26 18:02:59,050 - mazeUtils.moveTile - [moveTile.py:80] - DEBUG - roll: 0.009999999999990905 deg, practicalMoveTime: 0.31440151573115366 sec
2026-05-26 18:02:59,051 - mazeUtils.moveTile - [moveTile.py:1105] - DEBUG - moveTile loop time: 53.9 ms
2026-05-26 18:02:59,055 - picamera2.picamera2 - [picamera2.py:1391] - DEBUG - Execute job: <picamera2.job.Job object at 0x7f6074b150>
2026-05-26 18:02:59,058 - mazeUtils.device.camera - [camera.py:37] - DEBUG - Average HSV: H=7.7, S=52.5, V=170.2
2026-05-26 18:02:59,105 - mazeUtils.moveTile - [moveTile.py:80] - DEBUG - roll: 359.74 deg, practicalMoveTime: 0.3686461907552227 sec
2026-05-26 18:02:59,106 - mazeUtils.moveTile - [moveTile.py:1105] - DEBUG - moveTile loop time: 54.5 ms
2026-05-26 18:02:59,109 - picamera2.picamera2 - [picamera2.py:1391] - DEBUG - Execute job: <picamera2.job.Job object at 0x7f47e9ced0>
2026-05-26 18:02:59,113 - mazeUtils.device.camera - [camera.py:37] - DEBUG - Average HSV: H=7.3, S=51.8, V=168.1
2026-05-26 18:02:59,160 - mazeUtils.moveTile - [moveTile.py:80] - DEBUG - roll: 0.040000000000020464 deg, practicalMoveTime: 0.417223773674238 sec
2026-05-26 18:02:59,160 - mazeUtils.moveTile - [moveTile.py:1105] - DEBUG - moveTile loop time: 54.2 ms
2026-05-26 18:02:59,167 - picamera2.picamera2 - [picamera2.py:1391] - DEBUG - Execute job: <picamera2.job.Job object at 0x7f47e9ce90>
2026-05-26 18:02:59,170 - mazeUtils.device.camera - [camera.py:37] - DEBUG - Average HSV: H=7.6, S=52.3, V=168.7
2026-05-26 18:02:59,220 - mazeUtils.moveTile - [moveTile.py:80] - DEBUG - roll: 0.0 deg, practicalMoveTime: 0.470953570083845 sec
2026-05-26 18:02:59,220 - mazeUtils.moveTile - [moveTile.py:1105] - DEBUG - moveTile loop time: 60.0 ms
2026-05-26 18:02:59,224 - picamera2.picamera2 - [picamera2.py:1391] - DEBUG - Execute job: <picamera2.job.Job object at 0x7f6074b150>
2026-05-26 18:02:59,227 - mazeUtils.device.camera - [camera.py:37] - DEBUG - Average HSV: H=8.4, S=58.7, V=166.4
2026-05-26 18:02:59,277 - mazeUtils.moveTile - [moveTile.py:80] - DEBUG - roll: 359.71 deg, practicalMoveTime: 0.5277634598358671 sec
2026-05-26 18:02:59,278 - mazeUtils.moveTile - [moveTile.py:1105] - DEBUG - moveTile loop time: 57.2 ms
2026-05-26 18:02:59,283 - picamera2.picamera2 - [picamera2.py:1391] - DEBUG - Execute job: <picamera2.job.Job object at 0x7f6074b150>
2026-05-26 18:02:59,286 - mazeUtils.device.camera - [camera.py:37] - DEBUG - Average HSV: H=8.2, S=57.6, V=165.3
2026-05-26 18:02:59,335 - mazeUtils.moveTile - [moveTile.py:80] - DEBUG - roll: 359.9 deg, practicalMoveTime: 0.5850043356350948 sec
2026-05-26 18:02:59,335 - mazeUtils.moveTile - [moveTile.py:1105] - DEBUG - moveTile loop time: 57.5 ms
2026-05-26 18:02:59,340 - picamera2.picamera2 - [picamera2.py:1391] - DEBUG - Execute job: <picamera2.job.Job object at 0x7f47fa2190>
2026-05-26 18:02:59,343 - mazeUtils.device.camera - [camera.py:37] - DEBUG - Average HSV: H=7.9, S=57.6, V=164.0
2026-05-26 18:02:59,392 - mazeUtils.moveTile - [moveTile.py:80] - DEBUG - roll: 359.93 deg, practicalMoveTime: 0.6414434548144976 sec
2026-05-26 18:02:59,392 - mazeUtils.moveTile - [moveTile.py:1105] - DEBUG - moveTile loop time: 56.8 ms
2026-05-26 18:02:59,396 - picamera2.picamera2 - [picamera2.py:1391] - DEBUG - Execute job: <picamera2.job.Job object at 0x7f47e9ce90>
2026-05-26 18:02:59,400 - mazeUtils.device.camera - [camera.py:37] - DEBUG - Average HSV: H=7.2, S=56.5, V=162.1
2026-05-26 18:02:59,449 - mazeUtils.moveTile - [moveTile.py:80] - DEBUG - roll: 359.67 deg, practicalMoveTime: 0.6974017513548709 sec
2026-05-26 18:02:59,449 - mazeUtils.moveTile - [moveTile.py:1105] - DEBUG - moveTile loop time: 56.2 ms
2026-05-26 18:02:59,454 - picamera2.picamera2 - [picamera2.py:1391] - DEBUG - Execute job: <picamera2.job.Job object at 0x7f47e9ce90>
2026-05-26 18:02:59,457 - mazeUtils.device.camera - [camera.py:37] - DEBUG - Average HSV: H=7.6, S=55.4, V=161.1
2026-05-26 18:02:59,507 - mazeUtils.moveTile - [moveTile.py:80] - DEBUG - roll: 359.78 deg, practicalMoveTime: 0.7550254282042019 sec
2026-05-26 18:02:59,507 - mazeUtils.moveTile - [moveTile.py:1105] - DEBUG - moveTile loop time: 57.9 ms
2026-05-26 18:02:59,511 - picamera2.picamera2 - [picamera2.py:1391] - DEBUG - Execute job: <picamera2.job.Job object at 0x7f47e9ce50>
2026-05-26 18:02:59,514 - mazeUtils.device.camera - [camera.py:37] - DEBUG - Average HSV: H=7.4, S=56.9, V=159.9
2026-05-26 18:02:59,564 - mazeUtils.moveTile - [moveTile.py:80] - DEBUG - roll: 359.54 deg, practicalMoveTime: 0.8116880688598472 sec
2026-05-26 18:02:59,564 - mazeUtils.moveTile - [moveTile.py:1105] - DEBUG - moveTile loop time: 57.0 ms
2026-05-26 18:02:59,569 - picamera2.picamera2 - [picamera2.py:1391] - DEBUG - Execute job: <picamera2.job.Job object at 0x7f45915110>
2026-05-26 18:02:59,573 - mazeUtils.device.camera - [camera.py:37] - DEBUG - Average HSV: H=7.3, S=55.6, V=159.1
2026-05-26 18:02:59,620 - mazeUtils.moveTile - [moveTile.py:80] - DEBUG - roll: 359.82 deg, practicalMoveTime: 0.8671449103635182 sec
2026-05-26 18:02:59,620 - mazeUtils.moveTile - [moveTile.py:1105] - DEBUG - moveTile loop time: 55.9 ms
2026-05-26 18:02:59,626 - picamera2.picamera2 - [picamera2.py:1391] - DEBUG - Execute job: <picamera2.job.Job object at 0x7f6074a490>
2026-05-26 18:02:59,629 - mazeUtils.device.camera - [camera.py:37] - DEBUG - Average HSV: H=7.6, S=57.6, V=161.6
2026-05-26 18:02:59,679 - mazeUtils.moveTile - [moveTile.py:80] - DEBUG - roll: 359.86 deg, practicalMoveTime: 0.9256147465734099 sec
2026-05-26 18:02:59,679 - mazeUtils.moveTile - [moveTile.py:1105] - DEBUG - moveTile loop time: 58.7 ms
2026-05-26 18:02:59,686 - picamera2.picamera2 - [picamera2.py:1391] - DEBUG - Execute job: <picamera2.job.Job object at 0x7f47fa2190>
2026-05-26 18:02:59,689 - mazeUtils.device.camera - [camera.py:37] - DEBUG - Average HSV: H=8.0, S=82.8, V=128.7
2026-05-26 18:02:59,740 - mazeUtils.moveTile - [moveTile.py:80] - DEBUG - roll: 359.71999999999997 deg, practicalMoveTime: 0.98638691669852 sec
2026-05-26 18:02:59,741 - mazeUtils.moveTile - [moveTile.py:1105] - DEBUG - moveTile loop time: 60.9 ms
2026-05-26 18:02:59,745 - picamera2.picamera2 - [picamera2.py:1391] - DEBUG - Execute job: <picamera2.job.Job object at 0x7f45a32250>
2026-05-26 18:02:59,748 - mazeUtils.device.camera - [camera.py:37] - DEBUG - Average HSV: H=6.3, S=75.8, V=138.2
2026-05-26 18:02:59,891 - mazeUtils.moveTile - [moveTile.py:511] - DEBUG - Direction: absDirection.NORTH, Angle: 270, Distance: 70.49764549324081 cm
2026-05-26 18:02:59,893 - mazeUtils.moveTile - [moveTile.py:511] - DEBUG - Direction: absDirection.EAST, Angle: 180, Distance: 79.35655521661519 cm
2026-05-26 18:02:59,894 - mazeUtils.moveTile - [moveTile.py:511] - DEBUG - Direction: absDirection.SOUTH, Angle: 90, Distance: 19.024753283877978 cm
2026-05-26 18:02:59,895 - mazeUtils.moveTile - [moveTile.py:511] - DEBUG - Direction: absDirection.WEST, Angle: 0, Distance: 104.42111078705385 cm
2026-05-26 18:02:59,896 - mazeUtils.moveTile - [moveTile.py:1274] - INFO - Tile color detection counts: {}, decided tile type: E
2026-05-26 18:03:00,010 - __main__ - [main.py:84] - INFO - Current position: (18, 22, 0), front direction: absDirection.WEST
Layer 0 (altitude=0.0cm, offset=(0.0cm, 0.0cm)):
Known map area: x=18..20, y=19..23
+   +   +---+
  U   U   E |
+   +   +   +
  U   U   S |
+   +   +---+
| E   U   U  
+   +---+---+
  @   E   E |
+---+   +   +
  U | E   E |
+   +---+---+
Layer 1 (altitude=15.0cm, offset=(-60.0cm, 0.0cm)):
Known map area: x=20..20, y=19..19
+---+
| E  
+   +
mazeAsGraph[0][19][20] = {absDirection.NORTH: None, absDirection.EAST: None, absDirection.SOUTH: (20, 20, 0), absDirection.WEST: (20, 19, 1)}
mazeAsGraph[0][20][20] = {absDirection.NORTH: (20, 19, 0), absDirection.EAST: None, absDirection.SOUTH: None, absDirection.WEST: (19, 20, 0)}
mazeAsGraph[0][21][18] = {absDirection.NORTH: (20, 19, 1), absDirection.EAST: (19, 21, 0), absDirection.SOUTH: (18, 22, 0), absDirection.WEST: None}
mazeAsGraph[0][22][18] = {absDirection.NORTH: (18, 21, 0), absDirection.EAST: (19, 22, 0), absDirection.SOUTH: None, absDirection.WEST: (17, 22, 0)}
mazeAsGraph[0][22][19] = {absDirection.NORTH: None, absDirection.EAST: (20, 22, 0), absDirection.SOUTH: (19, 23, 0), absDirection.WEST: (18, 22, 0)}
mazeAsGraph[0][22][20] = {absDirection.NORTH: None, absDirection.EAST: None, absDirection.SOUTH: (20, 23, 0), absDirection.WEST: (19, 22, 0)}
mazeAsGraph[0][23][19] = {absDirection.NORTH: (19, 22, 0), absDirection.EAST: (20, 23, 0), absDirection.SOUTH: None, absDirection.WEST: None}
mazeAsGraph[0][23][20] = {absDirection.NORTH: (20, 22, 0), absDirection.EAST: None, absDirection.SOUTH: None, absDirection.WEST: (19, 23, 0)}
mazeAsGraph[1][19][20] = {absDirection.NORTH: None, absDirection.EAST: (20, 19, 0), absDirection.SOUTH: (18, 21, 0), absDirection.WEST: None}
2026-05-26 18:03:00,025 - mazeUtils.moveTile - [moveTile.py:80] - DEBUG - Moving to absDirection.WEST from (18, 22, 0) facing absDirection.WEST
2026-05-26 18:03:00,069 - mazeUtils.moveTile - [moveTile.py:80] - DEBUG - current heading: 92.87 target: 90
2026-05-26 18:03:00,109 - mazeUtils.moveTile - [moveTile.py:387] - DEBUG - stopped turning at heading: 92.87, diff: 2.8700000000000045
2026-05-26 18:03:00,253 - mazeUtils.moveTile - [moveTile.py:80] - DEBUG - Turned to heading: 89.80000000000001 deg
2026-05-26 18:03:00,353 - picamera2.picamera2 - [picamera2.py:1391] - DEBUG - Execute job: <picamera2.job.Job object at 0x7f46508c50>
2026-05-26 18:03:00,357 - mazeUtils.device.camera - [camera.py:37] - DEBUG - Average HSV: H=6.8, S=58.0, V=154.6
2026-05-26 18:03:00,408 - mazeUtils.moveTile - [moveTile.py:80] - DEBUG - roll: 359.59999999999997 deg, practicalMoveTime: 0.061042251725980386 sec
2026-05-26 18:03:00,409 - mazeUtils.moveTile - [moveTile.py:1105] - DEBUG - moveTile loop time: 60.2 ms
2026-05-26 18:03:00,413 - picamera2.picamera2 - [picamera2.py:1391] - DEBUG - Execute job: <picamera2.job.Job object at 0x7f46c9f210>
2026-05-26 18:03:00,416 - mazeUtils.device.camera - [camera.py:37] - DEBUG - Average HSV: H=7.0, S=56.4, V=156.3
2026-05-26 18:03:00,463 - mazeUtils.moveTile - [moveTile.py:80] - DEBUG - roll: 359.21999999999997 deg, practicalMoveTime: 0.11512535544088687 sec
2026-05-26 18:03:00,463 - mazeUtils.moveTile - [moveTile.py:1105] - DEBUG - moveTile loop time: 54.4 ms
2026-05-26 18:03:00,469 - picamera2.picamera2 - [picamera2.py:1391] - DEBUG - Execute job: <picamera2.job.Job object at 0x7f46c9f210>
2026-05-26 18:03:00,473 - mazeUtils.device.camera - [camera.py:37] - DEBUG - Average HSV: H=6.6, S=60.8, V=155.1
2026-05-26 18:03:00,524 - mazeUtils.moveTile - [moveTile.py:80] - DEBUG - roll: 359.83 deg, practicalMoveTime: 0.17578807326752746 sec
2026-05-26 18:03:00,524 - mazeUtils.moveTile - [moveTile.py:1105] - DEBUG - moveTile loop time: 61.0 ms
2026-05-26 18:03:00,528 - picamera2.picamera2 - [picamera2.py:1391] - DEBUG - Execute job: <picamera2.job.Job object at 0x7f46c9fdd0>
2026-05-26 18:03:00,531 - mazeUtils.device.camera - [camera.py:37] - DEBUG - Average HSV: H=6.4, S=61.4, V=152.3
2026-05-26 18:03:00,580 - mazeUtils.moveTile - [moveTile.py:80] - DEBUG - roll: 0.15999999999996817 deg, practicalMoveTime: 0.2256591566235493 sec
2026-05-26 18:03:00,581 - mazeUtils.moveTile - [moveTile.py:1105] - DEBUG - moveTile loop time: 56.0 ms
2026-05-26 18:03:00,586 - picamera2.picamera2 - [picamera2.py:1391] - DEBUG - Execute job: <picamera2.job.Job object at 0x7f47f04950>
2026-05-26 18:03:00,589 - mazeUtils.device.camera - [camera.py:37] - DEBUG - Average HSV: H=6.4, S=59.7, V=150.8
2026-05-26 18:03:00,640 - mazeUtils.moveTile - [moveTile.py:80] - DEBUG - roll: 1.6299999999999955 deg, practicalMoveTime: 0.27915937100819527 sec
2026-05-26 18:03:00,641 - mazeUtils.moveTile - [moveTile.py:1105] - DEBUG - moveTile loop time: 59.7 ms
2026-05-26 18:03:00,644 - picamera2.picamera2 - [picamera2.py:1391] - DEBUG - Execute job: <picamera2.job.Job object at 0x7f46c9fdd0>
2026-05-26 18:03:00,647 - mazeUtils.device.camera - [camera.py:37] - DEBUG - Average HSV: H=5.9, S=58.7, V=149.7
2026-05-26 18:03:00,696 - mazeUtils.moveTile - [moveTile.py:80] - DEBUG - roll: 2.3899999999999864 deg, practicalMoveTime: 0.32899884403138346 sec
2026-05-26 18:03:00,697 - mazeUtils.moveTile - [moveTile.py:1105] - DEBUG - moveTile loop time: 55.7 ms
2026-05-26 18:03:00,702 - picamera2.picamera2 - [picamera2.py:1391] - DEBUG - Execute job: <picamera2.job.Job object at 0x7f46c9f210>
2026-05-26 18:03:00,705 - mazeUtils.device.camera - [camera.py:37] - DEBUG - Average HSV: H=6.8, S=59.1, V=148.0
2026-05-26 18:03:00,755 - mazeUtils.moveTile - [moveTile.py:80] - DEBUG - roll: 2.1200000000000045 deg, practicalMoveTime: 0.38132401661434434 sec
2026-05-26 18:03:00,755 - mazeUtils.moveTile - [moveTile.py:1105] - DEBUG - moveTile loop time: 58.1 ms
2026-05-26 18:03:00,761 - picamera2.picamera2 - [picamera2.py:1391] - DEBUG - Execute job: <picamera2.job.Job object at 0x7f46c9fdd0>
2026-05-26 18:03:00,765 - mazeUtils.device.camera - [camera.py:37] - DEBUG - Average HSV: H=7.4, S=59.6, V=146.4
2026-05-26 18:03:00,813 - mazeUtils.moveTile - [moveTile.py:80] - DEBUG - roll: 2.180000000000007 deg, practicalMoveTime: 0.43361904291406467 sec
2026-05-26 18:03:00,814 - mazeUtils.moveTile - [moveTile.py:1105] - DEBUG - moveTile loop time: 58.6 ms
2026-05-26 18:03:00,820 - picamera2.picamera2 - [picamera2.py:1391] - DEBUG - Execute job: <picamera2.job.Job object at 0x7f5c47a1d0>
2026-05-26 18:03:00,823 - mazeUtils.device.camera - [camera.py:37] - DEBUG - Average HSV: H=6.6, S=63.0, V=143.9
2026-05-26 18:03:00,873 - mazeUtils.moveTile - [moveTile.py:80] - DEBUG - roll: 2.480000000000018 deg, practicalMoveTime: 0.4865689946217507 sec
2026-05-26 18:03:00,873 - mazeUtils.moveTile - [moveTile.py:1105] - DEBUG - moveTile loop time: 58.9 ms
2026-05-26 18:03:00,879 - picamera2.picamera2 - [picamera2.py:1391] - DEBUG - Execute job: <picamera2.job.Job object at 0x7f47f04950>
2026-05-26 18:03:00,883 - mazeUtils.device.camera - [camera.py:37] - DEBUG - Average HSV: H=7.0, S=65.5, V=136.3
2026-05-26 18:03:00,930 - mazeUtils.moveTile - [moveTile.py:80] - DEBUG - roll: 2.3700000000000045 deg, practicalMoveTime: 0.5376987656839007 sec
2026-05-26 18:03:00,931 - mazeUtils.moveTile - [moveTile.py:1105] - DEBUG - moveTile loop time: 57.2 ms
2026-05-26 18:03:00,936 - picamera2.picamera2 - [picamera2.py:1391] - DEBUG - Execute job: <picamera2.job.Job object at 0x7f5c47a1d0>
2026-05-26 18:03:00,939 - mazeUtils.device.camera - [camera.py:37] - DEBUG - Average HSV: H=6.8, S=67.9, V=131.7
2026-05-26 18:03:00,988 - mazeUtils.moveTile - [moveTile.py:80] - DEBUG - roll: 2.829999999999984 deg, practicalMoveTime: 0.5888900533444978 sec
2026-05-26 18:03:00,988 - mazeUtils.moveTile - [moveTile.py:1105] - DEBUG - moveTile loop time: 57.2 ms
2026-05-26 18:03:00,993 - picamera2.picamera2 - [picamera2.py:1391] - DEBUG - Execute job: <picamera2.job.Job object at 0x7f47f04950>
2026-05-26 18:03:00,996 - mazeUtils.device.camera - [camera.py:37] - DEBUG - Average HSV: H=52.7, S=60.4, V=130.0
2026-05-26 18:03:01,044 - mazeUtils.moveTile - [moveTile.py:80] - DEBUG - roll: 2.8000000000000114 deg, practicalMoveTime: 0.6389038959722609 sec
2026-05-26 18:03:01,044 - mazeUtils.moveTile - [moveTile.py:1105] - DEBUG - moveTile loop time: 55.4 ms
2026-05-26 18:03:01,050 - picamera2.picamera2 - [picamera2.py:1391] - DEBUG - Execute job: <picamera2.job.Job object at 0x7f5c47a1d0>
2026-05-26 18:03:01,053 - mazeUtils.device.camera - [camera.py:37] - DEBUG - Average HSV: H=122.3, S=48.3, V=120.8
2026-05-26 18:03:01,100 - mazeUtils.moveTile - [moveTile.py:80] - DEBUG - roll: 0.9399999999999977 deg, practicalMoveTime: 0.6891361972613749 sec
2026-05-26 18:03:01,101 - mazeUtils.moveTile - [moveTile.py:1105] - DEBUG - moveTile loop time: 56.1 ms
2026-05-26 18:03:01,107 - picamera2.picamera2 - [picamera2.py:1391] - DEBUG - Execute job: <picamera2.job.Job object at 0x7f46c9fdd0>
2026-05-26 18:03:01,110 - mazeUtils.device.camera - [camera.py:37] - DEBUG - Average HSV: H=163.6, S=40.0, V=118.4
2026-05-26 18:03:01,159 - mazeUtils.moveTile - [moveTile.py:80] - DEBUG - roll: 359.52 deg, practicalMoveTime: 0.7474785140234551 sec
2026-05-26 18:03:01,159 - mazeUtils.moveTile - [moveTile.py:1105] - DEBUG - moveTile loop time: 58.6 ms
2026-05-26 18:03:01,163 - picamera2.picamera2 - [picamera2.py:1391] - DEBUG - Execute job: <picamera2.job.Job object at 0x7f464d1d90>
2026-05-26 18:03:01,167 - mazeUtils.device.camera - [camera.py:37] - DEBUG - Average HSV: H=161.0, S=40.7, V=117.1
2026-05-26 18:03:01,217 - mazeUtils.moveTile - [moveTile.py:80] - DEBUG - roll: 359.62 deg, practicalMoveTime: 0.8047813976220333 sec
2026-05-26 18:03:01,217 - mazeUtils.moveTile - [moveTile.py:1105] - DEBUG - moveTile loop time: 57.6 ms
2026-05-26 18:03:01,221 - picamera2.picamera2 - [picamera2.py:1391] - DEBUG - Execute job: <picamera2.job.Job object at 0x7f464d1d10>
2026-05-26 18:03:01,224 - mazeUtils.device.camera - [camera.py:37] - DEBUG - Average HSV: H=163.1, S=45.7, V=98.4
2026-05-26 18:03:01,272 - mazeUtils.moveTile - [moveTile.py:80] - DEBUG - roll: 359.76 deg, practicalMoveTime: 0.8593051025563866 sec
2026-05-26 18:03:01,272 - mazeUtils.moveTile - [moveTile.py:1105] - DEBUG - moveTile loop time: 54.8 ms
2026-05-26 18:03:01,278 - picamera2.picamera2 - [picamera2.py:1391] - DEBUG - Execute job: <picamera2.job.Job object at 0x7f5c47a1d0>
2026-05-26 18:03:01,281 - mazeUtils.device.camera - [camera.py:37] - DEBUG - Average HSV: H=148.0, S=59.5, V=69.0
2026-05-26 18:03:01,329 - mazeUtils.moveTile - [moveTile.py:80] - DEBUG - roll: 359.71 deg, practicalMoveTime: 0.9164809601395383 sec
2026-05-26 18:03:01,330 - mazeUtils.moveTile - [moveTile.py:1105] - DEBUG - moveTile loop time: 57.6 ms
2026-05-26 18:03:01,335 - picamera2.picamera2 - [picamera2.py:1391] - DEBUG - Execute job: <picamera2.job.Job object at 0x7f464d1d10>
2026-05-26 18:03:01,338 - mazeUtils.device.camera - [camera.py:37] - DEBUG - Average HSV: H=151.5, S=57.7, V=65.7
2026-05-26 18:03:01,388 - mazeUtils.moveTile - [moveTile.py:80] - DEBUG - roll: 359.84999999999997 deg, practicalMoveTime: 0.9747011471266601 sec
2026-05-26 18:03:01,389 - mazeUtils.moveTile - [moveTile.py:1105] - DEBUG - moveTile loop time: 58.4 ms
2026-05-26 18:03:01,394 - picamera2.picamera2 - [picamera2.py:1391] - DEBUG - Execute job: <picamera2.job.Job object at 0x7f46c9f210>
2026-05-26 18:03:01,397 - mazeUtils.device.camera - [camera.py:37] - DEBUG - Average HSV: H=149.9, S=54.6, V=63.4
2026-05-26 18:03:01,557 - mazeUtils.moveTile - [moveTile.py:511] - DEBUG - Direction: absDirection.NORTH, Angle: 270, Distance: 14.584496910866934 cm
2026-05-26 18:03:01,558 - mazeUtils.moveTile - [moveTile.py:511] - DEBUG - Direction: absDirection.EAST, Angle: 180, Distance: 111.20423931880822 cm
2026-05-26 18:03:01,559 - mazeUtils.moveTile - [moveTile.py:511] - DEBUG - Direction: absDirection.SOUTH, Angle: 90, Distance: 20.31092625115666 cm
2026-05-26 18:03:01,560 - mazeUtils.moveTile - [moveTile.py:511] - DEBUG - Direction: absDirection.WEST, Angle: 0, Distance: 73.97003831638693 cm
2026-05-26 18:03:01,561 - mazeUtils.moveTile - [moveTile.py:1274] - INFO - Tile color detection counts: {}, decided tile type: E
2026-05-26 18:03:01,677 - __main__ - [main.py:84] - INFO - Current position: (17, 22, 0), front direction: absDirection.WEST
Layer 0 (altitude=0.0cm, offset=(0.0cm, 0.0cm)):
Known map area: x=17..20, y=19..23
+   +   +   +---+
  U   U   U   E |
+   +   +   +   +
  U   U   U   S |
+   +   +   +---+
  U | E   U   U  
+---+   +---+---+
  @   E   E   E |
+---+---+   +   +
  U   U | E   E |
+   +   +---+---+
Layer 1 (altitude=15.0cm, offset=(-60.0cm, 0.0cm)):
Known map area: x=20..20, y=19..19
+---+
| E  
+   +
mazeAsGraph[0][19][20] = {absDirection.NORTH: None, absDirection.EAST: None, absDirection.SOUTH: (20, 20, 0), absDirection.WEST: (20, 19, 1)}
mazeAsGraph[0][20][20] = {absDirection.NORTH: (20, 19, 0), absDirection.EAST: None, absDirection.SOUTH: None, absDirection.WEST: (19, 20, 0)}
mazeAsGraph[0][21][18] = {absDirection.NORTH: (20, 19, 1), absDirection.EAST: (19, 21, 0), absDirection.SOUTH: (18, 22, 0), absDirection.WEST: None}
mazeAsGraph[0][22][17] = {absDirection.NORTH: None, absDirection.EAST: (18, 22, 0), absDirection.SOUTH: None, absDirection.WEST: (16, 22, 0)}
mazeAsGraph[0][22][18] = {absDirection.NORTH: (18, 21, 0), absDirection.EAST: (19, 22, 0), absDirection.SOUTH: None, absDirection.WEST: (17, 22, 0)}
mazeAsGraph[0][22][19] = {absDirection.NORTH: None, absDirection.EAST: (20, 22, 0), absDirection.SOUTH: (19, 23, 0), absDirection.WEST: (18, 22, 0)}
mazeAsGraph[0][22][20] = {absDirection.NORTH: None, absDirection.EAST: None, absDirection.SOUTH: (20, 23, 0), absDirection.WEST: (19, 22, 0)}
mazeAsGraph[0][23][19] = {absDirection.NORTH: (19, 22, 0), absDirection.EAST: (20, 23, 0), absDirection.SOUTH: None, absDirection.WEST: None}
mazeAsGraph[0][23][20] = {absDirection.NORTH: (20, 22, 0), absDirection.EAST: None, absDirection.SOUTH: None, absDirection.WEST: (19, 23, 0)}
mazeAsGraph[1][19][20] = {absDirection.NORTH: None, absDirection.EAST: (20, 19, 0), absDirection.SOUTH: (18, 21, 0), absDirection.WEST: None}
2026-05-26 18:03:01,686 - mazeUtils.mazeMap - [mazeMap.py:61] - INFO - next goal: (16, 22, 0)
2026-05-26 18:03:01,687 - mazeUtils.mazeMap - [mazeMap.py:61] - INFO - next goal: (16, 22, 0)
2026-05-26 18:03:01,692 - mazeUtils.moveTile - [moveTile.py:80] - DEBUG - Moving to absDirection.WEST from (17, 22, 0) facing absDirection.WEST
2026-05-26 18:03:01,737 - mazeUtils.moveTile - [moveTile.py:80] - DEBUG - current heading: 93.44999999999999 target: 90
2026-05-26 18:03:01,777 - mazeUtils.moveTile - [moveTile.py:387] - DEBUG - stopped turning at heading: 93.44999999999999, diff: 3.4499999999999886
2026-05-26 18:03:01,872 - mazeUtils.moveTile - [moveTile.py:80] - DEBUG - Turned to heading: 89.95999999999998 deg
2026-05-26 18:03:02,002 - picamera2.picamera2 - [picamera2.py:1391] - DEBUG - Execute job: <picamera2.job.Job object at 0x7f5c118750>
2026-05-26 18:03:02,008 - mazeUtils.device.camera - [camera.py:37] - DEBUG - Average HSV: H=143.5, S=58.4, V=59.3
2026-05-26 18:03:02,058 - mazeUtils.moveTile - [moveTile.py:80] - DEBUG - roll: 0.18999999999999773 deg, practicalMoveTime: 0.058771811631740174 sec
2026-05-26 18:03:02,060 - mazeUtils.moveTile - [moveTile.py:1105] - DEBUG - moveTile loop time: 63.9 ms
2026-05-26 18:03:02,067 - picamera2.picamera2 - [picamera2.py:1391] - DEBUG - Execute job: <picamera2.job.Job object at 0x7f459c4b50>
2026-05-26 18:03:02,072 - mazeUtils.device.camera - [camera.py:37] - DEBUG - Average HSV: H=140.5, S=63.0, V=57.4
2026-05-26 18:03:02,123 - mazeUtils.moveTile - [moveTile.py:80] - DEBUG - roll: 359.96999999999997 deg, practicalMoveTime: 0.12184186180886486 sec
2026-05-26 18:03:02,123 - mazeUtils.moveTile - [moveTile.py:1105] - DEBUG - moveTile loop time: 63.2 ms
2026-05-26 18:03:02,128 - picamera2.picamera2 - [picamera2.py:1391] - DEBUG - Execute job: <picamera2.job.Job object at 0x7f5c118750>
2026-05-26 18:03:02,133 - mazeUtils.device.camera - [camera.py:37] - DEBUG - Average HSV: H=141.6, S=61.4, V=58.1
2026-05-26 18:03:02,182 - mazeUtils.moveTile - [moveTile.py:80] - DEBUG - roll: 359.63 deg, practicalMoveTime: 0.18065897568975758 sec
2026-05-26 18:03:02,183 - mazeUtils.moveTile - [moveTile.py:1105] - DEBUG - moveTile loop time: 59.5 ms
2026-05-26 18:03:02,189 - picamera2.picamera2 - [picamera2.py:1391] - DEBUG - Execute job: <picamera2.job.Job object at 0x7f5c118790>
2026-05-26 18:03:02,194 - mazeUtils.device.camera - [camera.py:37] - DEBUG - Average HSV: H=134.5, S=72.0, V=52.4
2026-05-26 18:03:02,246 - mazeUtils.moveTile - [moveTile.py:80] - DEBUG - roll: 0.13999999999998636 deg, practicalMoveTime: 0.23686782373808885 sec
2026-05-26 18:03:02,247 - mazeUtils.moveTile - [moveTile.py:1105] - DEBUG - moveTile loop time: 63.1 ms
2026-05-26 18:03:02,254 - picamera2.picamera2 - [picamera2.py:1391] - DEBUG - Execute job: <picamera2.job.Job object at 0x7f47fc2bd0>
2026-05-26 18:03:02,259 - mazeUtils.device.camera - [camera.py:37] - DEBUG - Average HSV: H=137.2, S=66.9, V=53.4
2026-05-26 18:03:02,306 - mazeUtils.moveTile - [moveTile.py:80] - DEBUG - roll: 359.7 deg, practicalMoveTime: 0.29639988845917015 sec
2026-05-26 18:03:02,307 - mazeUtils.moveTile - [moveTile.py:1105] - DEBUG - moveTile loop time: 60.2 ms
2026-05-26 18:03:02,313 - picamera2.picamera2 - [picamera2.py:1391] - DEBUG - Execute job: <picamera2.job.Job object at 0x7f478f21d0>
2026-05-26 18:03:02,317 - mazeUtils.device.camera - [camera.py:37] - DEBUG - Average HSV: H=141.0, S=65.2, V=52.4
2026-05-26 18:03:02,365 - mazeUtils.moveTile - [moveTile.py:80] - DEBUG - roll: 0.11000000000001364 deg, practicalMoveTime: 0.3481305927976658 sec
2026-05-26 18:03:02,365 - mazeUtils.moveTile - [moveTile.py:1105] - DEBUG - moveTile loop time: 57.8 ms
2026-05-26 18:03:02,372 - picamera2.picamera2 - [picamera2.py:1391] - DEBUG - Execute job: <picamera2.job.Job object at 0x7f5c118810>
2026-05-26 18:03:02,377 - mazeUtils.device.camera - [camera.py:37] - DEBUG - Average HSV: H=133.7, S=64.8, V=49.5
2026-05-26 18:03:02,425 - mazeUtils.moveTile - [moveTile.py:80] - DEBUG - roll: 359.9 deg, practicalMoveTime: 0.4080293548685202 sec
2026-05-26 18:03:02,426 - mazeUtils.moveTile - [moveTile.py:1105] - DEBUG - moveTile loop time: 60.2 ms
2026-05-26 18:03:02,431 - picamera2.picamera2 - [picamera2.py:1391] - DEBUG - Execute job: <picamera2.job.Job object at 0x7f5c118810>
2026-05-26 18:03:02,435 - mazeUtils.device.camera - [camera.py:37] - DEBUG - Average HSV: H=134.5, S=65.3, V=47.7
2026-05-26 18:03:02,485 - mazeUtils.moveTile - [moveTile.py:80] - DEBUG - roll: 359.94 deg, practicalMoveTime: 0.4671556995545721 sec
2026-05-26 18:03:02,486 - mazeUtils.moveTile - [moveTile.py:1105] - DEBUG - moveTile loop time: 59.8 ms
2026-05-26 18:03:02,492 - picamera2.picamera2 - [picamera2.py:1391] - DEBUG - Execute job: <picamera2.job.Job object at 0x7f459c4b50>
2026-05-26 18:03:02,497 - mazeUtils.device.camera - [camera.py:37] - DEBUG - Average HSV: H=133.4, S=65.8, V=47.4
2026-05-26 18:03:02,544 - mazeUtils.moveTile - [moveTile.py:80] - DEBUG - roll: 0.19999999999998863 deg, practicalMoveTime: 0.5195835541630545 sec
2026-05-26 18:03:02,545 - mazeUtils.moveTile - [moveTile.py:1105] - DEBUG - moveTile loop time: 59.1 ms
2026-05-26 18:03:02,551 - picamera2.picamera2 - [picamera2.py:1391] - DEBUG - Execute job: <picamera2.job.Job object at 0x7f459c4b50>
2026-05-26 18:03:02,556 - mazeUtils.device.camera - [camera.py:37] - DEBUG - Average HSV: H=114.7, S=67.1, V=47.7
2026-05-26 18:03:02,607 - mazeUtils.moveTile - [moveTile.py:80] - DEBUG - roll: 0.5600000000000023 deg, practicalMoveTime: 0.5749532905873873 sec
2026-05-26 18:03:02,608 - mazeUtils.moveTile - [moveTile.py:1105] - DEBUG - moveTile loop time: 61.8 ms
2026-05-26 18:03:02,613 - picamera2.picamera2 - [picamera2.py:1391] - DEBUG - Execute job: <picamera2.job.Job object at 0x7f47f04950>
2026-05-26 18:03:02,617 - mazeUtils.device.camera - [camera.py:37] - DEBUG - Average HSV: H=69.8, S=81.4, V=48.3
2026-05-26 18:03:02,668 - mazeUtils.moveTile - [moveTile.py:80] - DEBUG - roll: 0.6700000000000159 deg, practicalMoveTime: 0.6292501485127371 sec
2026-05-26 18:03:02,669 - mazeUtils.moveTile - [moveTile.py:1105] - DEBUG - moveTile loop time: 61.3 ms
2026-05-26 18:03:02,674 - picamera2.picamera2 - [picamera2.py:1391] - DEBUG - Execute job: <picamera2.job.Job object at 0x7f459c4b50>
2026-05-26 18:03:02,679 - mazeUtils.device.camera - [camera.py:37] - DEBUG - Average HSV: H=81.7, S=85.2, V=45.7
2026-05-26 18:03:02,729 - mazeUtils.moveTile - [moveTile.py:80] - DEBUG - roll: 0.9399999999999977 deg, practicalMoveTime: 0.6830855662958196 sec
2026-05-26 18:03:02,730 - mazeUtils.moveTile - [moveTile.py:1105] - DEBUG - moveTile loop time: 60.4 ms
2026-05-26 18:03:02,735 - picamera2.picamera2 - [picamera2.py:1391] - DEBUG - Execute job: <picamera2.job.Job object at 0x7f5c118710>
2026-05-26 18:03:02,740 - mazeUtils.device.camera - [camera.py:37] - DEBUG - Average HSV: H=76.4, S=89.7, V=44.2
2026-05-26 18:03:02,792 - mazeUtils.moveTile - [moveTile.py:80] - DEBUG - roll: 0.6499999999999773 deg, practicalMoveTime: 0.7389023916706606 sec
2026-05-26 18:03:02,793 - mazeUtils.moveTile - [moveTile.py:1105] - DEBUG - moveTile loop time: 62.1 ms
2026-05-26 18:03:02,798 - picamera2.picamera2 - [picamera2.py:1391] - DEBUG - Execute job: <picamera2.job.Job object at 0x7f5c118710>
2026-05-26 18:03:02,802 - mazeUtils.device.camera - [camera.py:37] - DEBUG - Average HSV: H=78.2, S=93.7, V=42.9
2026-05-26 18:03:02,850 - mazeUtils.moveTile - [moveTile.py:80] - DEBUG - roll: 0.7799999999999727 deg, practicalMoveTime: 0.7904031131251137 sec
2026-05-26 18:03:02,851 - mazeUtils.moveTile - [moveTile.py:1105] - DEBUG - moveTile loop time: 57.1 ms
2026-05-26 18:03:02,858 - picamera2.picamera2 - [picamera2.py:1391] - DEBUG - Execute job: <picamera2.job.Job object at 0x7f5c118750>
2026-05-26 18:03:02,863 - mazeUtils.device.camera - [camera.py:37] - DEBUG - Average HSV: H=72.8, S=92.8, V=43.4
2026-05-26 18:03:02,913 - mazeUtils.moveTile - [moveTile.py:80] - DEBUG - roll: 0.8100000000000023 deg, practicalMoveTime: 0.8465417164180767 sec
2026-05-26 18:03:02,914 - mazeUtils.moveTile - [moveTile.py:1105] - DEBUG - moveTile loop time: 62.8 ms
2026-05-26 18:03:02,920 - picamera2.picamera2 - [picamera2.py:1391] - DEBUG - Execute job: <picamera2.job.Job object at 0x7f478f21d0>
2026-05-26 18:03:02,925 - mazeUtils.device.camera - [camera.py:37] - DEBUG - Average HSV: H=78.0, S=95.2, V=42.2
2026-05-26 18:03:02,974 - mazeUtils.moveTile - [moveTile.py:80] - DEBUG - roll: 0.8600000000000136 deg, practicalMoveTime: 0.9005978023130216 sec
2026-05-26 18:03:02,975 - mazeUtils.moveTile - [moveTile.py:1105] - DEBUG - moveTile loop time: 60.6 ms
2026-05-26 18:03:02,981 - picamera2.picamera2 - [picamera2.py:1391] - DEBUG - Execute job: <picamera2.job.Job object at 0x7f478f2210>
2026-05-26 18:03:02,985 - mazeUtils.device.camera - [camera.py:37] - DEBUG - Average HSV: H=75.2, S=95.7, V=41.7
2026-05-26 18:03:03,034 - mazeUtils.moveTile - [moveTile.py:80] - DEBUG - roll: 0.75 deg, practicalMoveTime: 0.9536587229465358 sec
2026-05-26 18:03:03,035 - mazeUtils.moveTile - [moveTile.py:1105] - DEBUG - moveTile loop time: 59.8 ms
2026-05-26 18:03:03,040 - picamera2.picamera2 - [picamera2.py:1391] - DEBUG - Execute job: <picamera2.job.Job object at 0x7f459c5490>
2026-05-26 18:03:03,045 - mazeUtils.device.camera - [camera.py:37] - DEBUG - Average HSV: H=76.5, S=93.1, V=42.4
2026-05-26 18:03:03,092 - mazeUtils.moveTile - [moveTile.py:80] - DEBUG - roll: 0.8700000000000045 deg, practicalMoveTime: 1.004732393808465 sec
2026-05-26 18:03:03,093 - mazeUtils.moveTile - [moveTile.py:1105] - DEBUG - moveTile loop time: 57.1 ms
2026-05-26 18:03:03,100 - picamera2.picamera2 - [picamera2.py:1391] - DEBUG - Execute job: <picamera2.job.Job object at 0x7f478f21d0>
2026-05-26 18:03:03,104 - mazeUtils.device.camera - [camera.py:37] - DEBUG - Average HSV: H=74.3, S=95.8, V=41.1
2026-05-26 18:03:03,256 - mazeUtils.moveTile - [moveTile.py:511] - DEBUG - Direction: absDirection.NORTH, Angle: 270, Distance: 15.115466629845763 cm
2026-05-26 18:03:03,258 - mazeUtils.moveTile - [moveTile.py:511] - DEBUG - Direction: absDirection.EAST, Angle: 180, Distance: 139.6995748197644 cm
2026-05-26 18:03:03,260 - mazeUtils.moveTile - [moveTile.py:511] - DEBUG - Direction: absDirection.SOUTH, Angle: 90, Distance: 19.64145456450489 cm
2026-05-26 18:03:03,262 - mazeUtils.moveTile - [moveTile.py:511] - DEBUG - Direction: absDirection.WEST, Angle: 0, Distance: 43.99543342830722 cm
2026-05-26 18:03:03,263 - mazeUtils.moveTile - [moveTile.py:1274] - INFO - Tile color detection counts: {}, decided tile type: E
2026-05-26 18:03:03,411 - __main__ - [main.py:84] - INFO - Current position: (16, 22, 0), front direction: absDirection.WEST
Layer 0 (altitude=0.0cm, offset=(0.0cm, 0.0cm)):
Known map area: x=16..20, y=19..23
+   +   +   +   +---+
  U   U   U   U   E |
+   +   +   +   +   +
  U   U   U   U   S |
+   +   +   +   +---+
  U   U | E   U   U  
+---+---+   +---+---+
  @   E   E   E   E |
+---+---+---+   +   +
  U   U   U | E   E |
+   +   +   +---+---+
Layer 1 (altitude=15.0cm, offset=(-60.0cm, 0.0cm)):
Known map area: x=20..20, y=19..19
+---+
| E  
+   +
mazeAsGraph[0][19][20] = {absDirection.NORTH: None, absDirection.EAST: None, absDirection.SOUTH: (20, 20, 0), absDirection.WEST: (20, 19, 1)}
mazeAsGraph[0][20][20] = {absDirection.NORTH: (20, 19, 0), absDirection.EAST: None, absDirection.SOUTH: None, absDirection.WEST: (19, 20, 0)}
mazeAsGraph[0][21][18] = {absDirection.NORTH: (20, 19, 1), absDirection.EAST: (19, 21, 0), absDirection.SOUTH: (18, 22, 0), absDirection.WEST: None}
mazeAsGraph[0][22][16] = {absDirection.NORTH: None, absDirection.EAST: (17, 22, 0), absDirection.SOUTH: None, absDirection.WEST: (15, 22, 0)}
mazeAsGraph[0][22][17] = {absDirection.NORTH: None, absDirection.EAST: (18, 22, 0), absDirection.SOUTH: None, absDirection.WEST: (16, 22, 0)}
mazeAsGraph[0][22][18] = {absDirection.NORTH: (18, 21, 0), absDirection.EAST: (19, 22, 0), absDirection.SOUTH: None, absDirection.WEST: (17, 22, 0)}
mazeAsGraph[0][22][19] = {absDirection.NORTH: None, absDirection.EAST: (20, 22, 0), absDirection.SOUTH: (19, 23, 0), absDirection.WEST: (18, 22, 0)}
mazeAsGraph[0][22][20] = {absDirection.NORTH: None, absDirection.EAST: None, absDirection.SOUTH: (20, 23, 0), absDirection.WEST: (19, 22, 0)}
mazeAsGraph[0][23][19] = {absDirection.NORTH: (19, 22, 0), absDirection.EAST: (20, 23, 0), absDirection.SOUTH: None, absDirection.WEST: None}
mazeAsGraph[0][23][20] = {absDirection.NORTH: (20, 22, 0), absDirection.EAST: None, absDirection.SOUTH: None, absDirection.WEST: (19, 23, 0)}
mazeAsGraph[1][19][20] = {absDirection.NORTH: None, absDirection.EAST: (20, 19, 0), absDirection.SOUTH: (18, 21, 0), absDirection.WEST: None}
2026-05-26 18:03:03,422 - mazeUtils.mazeMap - [mazeMap.py:61] - INFO - next goal: (15, 22, 0)
2026-05-26 18:03:03,423 - mazeUtils.mazeMap - [mazeMap.py:61] - INFO - next goal: (15, 22, 0)
2026-05-26 18:03:03,432 - mazeUtils.moveTile - [moveTile.py:80] - DEBUG - Moving to absDirection.WEST from (16, 22, 0) facing absDirection.WEST
2026-05-26 18:03:03,477 - mazeUtils.moveTile - [moveTile.py:80] - DEBUG - current heading: 95.15999999999997 target: 90
2026-05-26 18:03:03,516 - mazeUtils.moveTile - [moveTile.py:387] - DEBUG - stopped turning at heading: 95.15999999999997, diff: 5.159999999999968
2026-05-26 18:03:04,231 - mazeUtils.moveTile - [moveTile.py:80] - DEBUG - Turned to heading: 90.18 deg
2026-05-26 18:03:04,331 - picamera2.picamera2 - [picamera2.py:1391] - DEBUG - Execute job: <picamera2.job.Job object at 0x7f47f27090>
2026-05-26 18:03:04,336 - mazeUtils.device.camera - [camera.py:37] - DEBUG - Average HSV: H=74.3, S=104.7, V=38.3
2026-05-26 18:03:04,386 - mazeUtils.moveTile - [moveTile.py:80] - DEBUG - roll: 0.6399999999999864 deg, practicalMoveTime: 0.05677517490081471 sec
2026-05-26 18:03:04,386 - mazeUtils.moveTile - [moveTile.py:1105] - DEBUG - moveTile loop time: 61.7 ms
2026-05-26 18:03:04,392 - picamera2.picamera2 - [picamera2.py:1391] - DEBUG - Execute job: <picamera2.job.Job object at 0x7f47f27110>
2026-05-26 18:03:04,395 - mazeUtils.device.camera - [camera.py:37] - DEBUG - Average HSV: H=75.0, S=104.4, V=38.0
2026-05-26 18:03:04,444 - mazeUtils.moveTile - [moveTile.py:80] - DEBUG - roll: 359.96999999999997 deg, practicalMoveTime: 0.11441810370578867 sec
2026-05-26 18:03:04,444 - mazeUtils.moveTile - [moveTile.py:1105] - DEBUG - moveTile loop time: 57.6 ms
2026-05-26 18:03:04,451 - picamera2.picamera2 - [picamera2.py:1391] - DEBUG - Execute job: <picamera2.job.Job object at 0x7f47fc2bd0>
2026-05-26 18:03:04,455 - mazeUtils.device.camera - [camera.py:37] - DEBUG - Average HSV: H=78.7, S=99.5, V=37.5
2026-05-26 18:03:04,503 - mazeUtils.moveTile - [moveTile.py:80] - DEBUG - roll: 0.5699999999999932 deg, practicalMoveTime: 0.16692478931952692 sec
2026-05-26 18:03:04,503 - mazeUtils.moveTile - [moveTile.py:1105] - DEBUG - moveTile loop time: 58.6 ms
2026-05-26 18:03:04,507 - picamera2.picamera2 - [picamera2.py:1391] - DEBUG - Execute job: <picamera2.job.Job object at 0x7f47f27190>
2026-05-26 18:03:04,511 - mazeUtils.device.camera - [camera.py:37] - DEBUG - Average HSV: H=82.8, S=99.3, V=37.4
2026-05-26 18:03:04,557 - mazeUtils.moveTile - [moveTile.py:80] - DEBUG - roll: 0.2599999999999909 deg, practicalMoveTime: 0.21561367723990718 sec
2026-05-26 18:03:04,558 - mazeUtils.moveTile - [moveTile.py:1105] - DEBUG - moveTile loop time: 54.4 ms
2026-05-26 18:03:04,564 - picamera2.picamera2 - [picamera2.py:1391] - DEBUG - Execute job: <picamera2.job.Job object at 0x7f47fc2bd0>
2026-05-26 18:03:04,567 - mazeUtils.device.camera - [camera.py:37] - DEBUG - Average HSV: H=78.4, S=101.5, V=36.6
2026-05-26 18:03:04,614 - mazeUtils.moveTile - [moveTile.py:80] - DEBUG - roll: 0.06999999999999318 deg, practicalMoveTime: 0.26630288368021093 sec
2026-05-26 18:03:04,615 - mazeUtils.moveTile - [moveTile.py:1105] - DEBUG - moveTile loop time: 56.6 ms
2026-05-26 18:03:04,620 - picamera2.picamera2 - [picamera2.py:1391] - DEBUG - Execute job: <picamera2.job.Job object at 0x7f478f2210>
2026-05-26 18:03:04,623 - mazeUtils.device.camera - [camera.py:37] - DEBUG - Average HSV: H=76.9, S=102.4, V=36.1
2026-05-26 18:03:04,673 - mazeUtils.moveTile - [moveTile.py:80] - DEBUG - roll: 0.7599999999999909 deg, practicalMoveTime: 0.318266004342078 sec
2026-05-26 18:03:04,673 - mazeUtils.moveTile - [moveTile.py:1105] - DEBUG - moveTile loop time: 57.8 ms
2026-05-26 18:03:04,679 - picamera2.picamera2 - [picamera2.py:1391] - DEBUG - Execute job: <picamera2.job.Job object at 0x7f47fc2bd0>
2026-05-26 18:03:04,682 - mazeUtils.device.camera - [camera.py:37] - DEBUG - Average HSV: H=84.2, S=101.9, V=36.1
2026-05-26 18:03:04,729 - mazeUtils.moveTile - [moveTile.py:80] - DEBUG - roll: 0.009999999999990905 deg, practicalMoveTime: 0.3681900672642472 sec
2026-05-26 18:03:04,729 - mazeUtils.moveTile - [moveTile.py:1105] - DEBUG - moveTile loop time: 55.8 ms
2026-05-26 18:03:04,733 - picamera2.picamera2 - [picamera2.py:1391] - DEBUG - Execute job: <picamera2.job.Job object at 0x7f47f27110>
2026-05-26 18:03:04,737 - mazeUtils.device.camera - [camera.py:37] - DEBUG - Average HSV: H=80.2, S=103.5, V=36.2
2026-05-26 18:03:04,784 - mazeUtils.moveTile - [moveTile.py:80] - DEBUG - roll: 0.0999999999999659 deg, practicalMoveTime: 0.41751560134422055 sec
2026-05-26 18:03:04,785 - mazeUtils.moveTile - [moveTile.py:1105] - DEBUG - moveTile loop time: 55.1 ms
2026-05-26 18:03:04,790 - picamera2.picamera2 - [picamera2.py:1391] - DEBUG - Execute job: <picamera2.job.Job object at 0x7f47f27090>
2026-05-26 18:03:04,793 - mazeUtils.device.camera - [camera.py:37] - DEBUG - Average HSV: H=84.5, S=102.8, V=35.7
2026-05-26 18:03:04,843 - mazeUtils.moveTile - [moveTile.py:80] - DEBUG - roll: 0.17000000000001592 deg, practicalMoveTime: 0.4696270453184071 sec
2026-05-26 18:03:04,843 - mazeUtils.moveTile - [moveTile.py:1105] - DEBUG - moveTile loop time: 58.3 ms
2026-05-26 18:03:04,849 - picamera2.picamera2 - [picamera2.py:1391] - DEBUG - Execute job: <picamera2.job.Job object at 0x7f5c47a1d0>
2026-05-26 18:03:04,852 - mazeUtils.device.camera - [camera.py:37] - DEBUG - Average HSV: H=82.8, S=103.1, V=35.7
2026-05-26 18:03:04,904 - mazeUtils.moveTile - [moveTile.py:80] - DEBUG - roll: 359.59 deg, practicalMoveTime: 0.5302903843127447 sec
2026-05-26 18:03:04,904 - mazeUtils.moveTile - [moveTile.py:1105] - DEBUG - moveTile loop time: 60.8 ms
2026-05-26 18:03:04,909 - picamera2.picamera2 - [picamera2.py:1391] - DEBUG - Execute job: <picamera2.job.Job object at 0x7f47f27110>
2026-05-26 18:03:04,912 - mazeUtils.device.camera - [camera.py:37] - DEBUG - Average HSV: H=81.9, S=102.0, V=34.6
2026-05-26 18:03:04,959 - mazeUtils.moveTile - [moveTile.py:80] - DEBUG - roll: 359.67 deg, practicalMoveTime: 0.584758827863979 sec
2026-05-26 18:03:04,959 - mazeUtils.moveTile - [moveTile.py:1105] - DEBUG - moveTile loop time: 54.9 ms
2026-05-26 18:03:04,963 - picamera2.picamera2 - [picamera2.py:1391] - DEBUG - Execute job: <picamera2.job.Job object at 0x7f478f21d0>
2026-05-26 18:03:04,967 - mazeUtils.device.camera - [camera.py:37] - DEBUG - Average HSV: H=90.6, S=101.1, V=34.1
2026-05-26 18:03:05,016 - mazeUtils.moveTile - [moveTile.py:80] - DEBUG - roll: 359.67 deg, practicalMoveTime: 0.6408174969613099 sec
2026-05-26 18:03:05,016 - mazeUtils.moveTile - [moveTile.py:1105] - DEBUG - moveTile loop time: 56.4 ms
2026-05-26 18:03:05,020 - picamera2.picamera2 - [picamera2.py:1391] - DEBUG - Execute job: <picamera2.job.Job object at 0x7f47f27090>
2026-05-26 18:03:05,024 - mazeUtils.device.camera - [camera.py:37] - DEBUG - Average HSV: H=98.4, S=100.7, V=33.7
2026-05-26 18:03:05,073 - mazeUtils.moveTile - [moveTile.py:80] - DEBUG - roll: 359.65 deg, practicalMoveTime: 0.6972484528097802 sec
2026-05-26 18:03:05,073 - mazeUtils.moveTile - [moveTile.py:1105] - DEBUG - moveTile loop time: 56.8 ms
2026-05-26 18:03:05,079 - picamera2.picamera2 - [picamera2.py:1391] - DEBUG - Execute job: <picamera2.job.Job object at 0x7f478f21d0>
2026-05-26 18:03:05,083 - mazeUtils.device.camera - [camera.py:37] - DEBUG - Average HSV: H=98.9, S=100.8, V=33.5
2026-05-26 18:03:05,133 - mazeUtils.moveTile - [moveTile.py:80] - DEBUG - roll: 359.59 deg, practicalMoveTime: 0.7570301424720327 sec
2026-05-26 18:03:05,134 - mazeUtils.moveTile - [moveTile.py:1105] - DEBUG - moveTile loop time: 60.2 ms
2026-05-26 18:03:05,140 - picamera2.picamera2 - [picamera2.py:1391] - DEBUG - Execute job: <picamera2.job.Job object at 0x7f478f2210>
2026-05-26 18:03:05,144 - mazeUtils.device.camera - [camera.py:37] - DEBUG - Average HSV: H=109.4, S=98.8, V=32.8
2026-05-26 18:03:05,193 - mazeUtils.moveTile - [moveTile.py:80] - DEBUG - roll: 359.81 deg, practicalMoveTime: 0.8163559881516051 sec
2026-05-26 18:03:05,193 - mazeUtils.moveTile - [moveTile.py:1105] - DEBUG - moveTile loop time: 59.7 ms
2026-05-26 18:03:05,199 - picamera2.picamera2 - [picamera2.py:1391] - DEBUG - Execute job: <picamera2.job.Job object at 0x7f47fb0490>
2026-05-26 18:03:05,203 - mazeUtils.device.camera - [camera.py:37] - DEBUG - Average HSV: H=120.1, S=93.3, V=33.6
2026-05-26 18:03:05,254 - mazeUtils.moveTile - [moveTile.py:80] - DEBUG - roll: 359.94 deg, practicalMoveTime: 0.8766346091986483 sec
2026-05-26 18:03:05,254 - mazeUtils.moveTile - [moveTile.py:1105] - DEBUG - moveTile loop time: 60.4 ms
2026-05-26 18:03:05,259 - picamera2.picamera2 - [picamera2.py:1391] - DEBUG - Execute job: <picamera2.job.Job object at 0x7f478f2210>
2026-05-26 18:03:05,262 - mazeUtils.device.camera - [camera.py:37] - DEBUG - Average HSV: H=128.6, S=92.8, V=32.9
2026-05-26 18:03:05,412 - mazeUtils.moveTile - [moveTile.py:80] - DEBUG - roll: 359.83 deg, practicalMoveTime: 1.0342784255610582 sec
2026-05-26 18:03:05,412 - mazeUtils.moveTile - [moveTile.py:1105] - DEBUG - moveTile loop time: 157.9 ms
2026-05-26 18:03:05,418 - picamera2.picamera2 - [picamera2.py:1391] - DEBUG - Execute job: <picamera2.job.Job object at 0x7f47f27110>
2026-05-26 18:03:05,422 - mazeUtils.device.camera - [camera.py:37] - DEBUG - Average HSV: H=131.4, S=112.9, V=30.0
2026-05-26 18:03:05,553 - mazeUtils.moveTile - [moveTile.py:80] - DEBUG - Little forward to adjust position
2026-05-26 18:03:05,642 - mazeUtils.moveTile - [moveTile.py:511] - DEBUG - Direction: absDirection.NORTH, Angle: 270, Distance: 16.40351339441275 cm
2026-05-26 18:03:05,643 - mazeUtils.moveTile - [moveTile.py:511] - DEBUG - Direction: absDirection.EAST, Angle: 180, Distance: 171.14375358134117 cm
2026-05-26 18:03:05,644 - mazeUtils.moveTile - [moveTile.py:511] - DEBUG - Direction: absDirection.SOUTH, Angle: 90, Distance: 48.96081717846986 cm
2026-05-26 18:03:05,645 - mazeUtils.moveTile - [moveTile.py:511] - DEBUG - Direction: absDirection.WEST, Angle: 0, Distance: 11.076353333170188 cm
2026-05-26 18:03:05,645 - mazeUtils.moveTile - [moveTile.py:1274] - INFO - Tile color detection counts: {}, decided tile type: E
2026-05-26 18:03:05,761 - __main__ - [main.py:84] - INFO - Current position: (15, 22, 0), front direction: absDirection.WEST
Layer 0 (altitude=0.0cm, offset=(0.0cm, 0.0cm)):
Known map area: x=15..20, y=19..23
+   +   +   +   +   +---+
  U   U   U   U   U   E |
+   +   +   +   +   +   +
  U   U   U   U   U   S |
+   +   +   +   +   +---+
  U   U   U | E   U   U  
+---+---+---+   +---+---+
| @   E   E   E   E   E |
+   +---+---+---+   +   +
  U   U   U   U | E   E |
+   +   +   +   +---+---+
Layer 1 (altitude=15.0cm, offset=(-60.0cm, 0.0cm)):
Known map area: x=20..20, y=19..19
+---+
| E  
+   +
mazeAsGraph[0][19][20] = {absDirection.NORTH: None, absDirection.EAST: None, absDirection.SOUTH: (20, 20, 0), absDirection.WEST: (20, 19, 1)}
mazeAsGraph[0][20][20] = {absDirection.NORTH: (20, 19, 0), absDirection.EAST: None, absDirection.SOUTH: None, absDirection.WEST: (19, 20, 0)}
mazeAsGraph[0][21][18] = {absDirection.NORTH: (20, 19, 1), absDirection.EAST: (19, 21, 0), absDirection.SOUTH: (18, 22, 0), absDirection.WEST: None}
mazeAsGraph[0][22][15] = {absDirection.NORTH: None, absDirection.EAST: (16, 22, 0), absDirection.SOUTH: (15, 23, 0), absDirection.WEST: None}
mazeAsGraph[0][22][16] = {absDirection.NORTH: None, absDirection.EAST: (17, 22, 0), absDirection.SOUTH: None, absDirection.WEST: (15, 22, 0)}
mazeAsGraph[0][22][17] = {absDirection.NORTH: None, absDirection.EAST: (18, 22, 0), absDirection.SOUTH: None, absDirection.WEST: (16, 22, 0)}
mazeAsGraph[0][22][18] = {absDirection.NORTH: (18, 21, 0), absDirection.EAST: (19, 22, 0), absDirection.SOUTH: None, absDirection.WEST: (17, 22, 0)}
mazeAsGraph[0][22][19] = {absDirection.NORTH: None, absDirection.EAST: (20, 22, 0), absDirection.SOUTH: (19, 23, 0), absDirection.WEST: (18, 22, 0)}
mazeAsGraph[0][22][20] = {absDirection.NORTH: None, absDirection.EAST: None, absDirection.SOUTH: (20, 23, 0), absDirection.WEST: (19, 22, 0)}
mazeAsGraph[0][23][19] = {absDirection.NORTH: (19, 22, 0), absDirection.EAST: (20, 23, 0), absDirection.SOUTH: None, absDirection.WEST: None}
mazeAsGraph[0][23][20] = {absDirection.NORTH: (20, 22, 0), absDirection.EAST: None, absDirection.SOUTH: None, absDirection.WEST: (19, 23, 0)}
mazeAsGraph[1][19][20] = {absDirection.NORTH: None, absDirection.EAST: (20, 19, 0), absDirection.SOUTH: (18, 21, 0), absDirection.WEST: None}
2026-05-26 18:03:05,769 - mazeUtils.mazeMap - [mazeMap.py:61] - INFO - next goal: (15, 23, 0)
2026-05-26 18:03:05,770 - mazeUtils.mazeMap - [mazeMap.py:61] - INFO - next goal: (15, 23, 0)
2026-05-26 18:03:05,776 - mazeUtils.moveTile - [moveTile.py:80] - DEBUG - Moving to absDirection.SOUTH from (15, 22, 0) facing absDirection.WEST
2026-05-26 18:03:05,823 - mazeUtils.moveTile - [moveTile.py:80] - DEBUG - current heading: 94.99000000000001 target: 180
2026-05-26 18:03:06,742 - mazeUtils.moveTile - [moveTile.py:387] - DEBUG - stopped turning at heading: 170.48, diff: 9.52000000000001
2026-05-26 18:03:07,702 - mazeUtils.moveTile - [moveTile.py:80] - DEBUG - Turned to heading: 179.81 deg
2026-05-26 18:03:07,797 - picamera2.picamera2 - [picamera2.py:1391] - DEBUG - Execute job: <picamera2.job.Job object at 0x7f467c85d0>
2026-05-26 18:03:07,801 - mazeUtils.device.camera - [camera.py:37] - DEBUG - Average HSV: H=52.4, S=114.7, V=34.5
2026-05-26 18:03:07,849 - mazeUtils.moveTile - [moveTile.py:80] - DEBUG - roll: 359.93 deg, practicalMoveTime: 0.05813737345091373 sec
2026-05-26 18:03:07,849 - mazeUtils.moveTile - [moveTile.py:1105] - DEBUG - moveTile loop time: 57.3 ms
2026-05-26 18:03:07,854 - picamera2.picamera2 - [picamera2.py:1391] - DEBUG - Execute job: <picamera2.job.Job object at 0x7f459c5510>
2026-05-26 18:03:07,858 - mazeUtils.device.camera - [camera.py:37] - DEBUG - Average HSV: H=55.4, S=114.1, V=34.2
2026-05-26 18:03:07,907 - mazeUtils.moveTile - [moveTile.py:80] - DEBUG - roll: 359.77 deg, practicalMoveTime: 0.11545583748299756 sec
2026-05-26 18:03:07,907 - mazeUtils.moveTile - [moveTile.py:1105] - DEBUG - moveTile loop time: 57.6 ms
2026-05-26 18:03:07,911 - picamera2.picamera2 - [picamera2.py:1391] - DEBUG - Execute job: <picamera2.job.Job object at 0x7f47e9ce50>
2026-05-26 18:03:07,914 - mazeUtils.device.camera - [camera.py:37] - DEBUG - Average HSV: H=49.2, S=117.7, V=33.7
2026-05-26 18:03:07,964 - mazeUtils.moveTile - [moveTile.py:80] - DEBUG - roll: 0.6100000000000136 deg, practicalMoveTime: 0.1664653432425483 sec
2026-05-26 18:03:07,965 - mazeUtils.moveTile - [moveTile.py:1105] - DEBUG - moveTile loop time: 57.1 ms
2026-05-26 18:03:07,971 - picamera2.picamera2 - [picamera2.py:1391] - DEBUG - Execute job: <picamera2.job.Job object at 0x7f47e9ce50>
2026-05-26 18:03:07,974 - mazeUtils.device.camera - [camera.py:37] - DEBUG - Average HSV: H=55.7, S=115.8, V=34.0
2026-05-26 18:03:08,024 - mazeUtils.moveTile - [moveTile.py:80] - DEBUG - roll: 359.8 deg, practicalMoveTime: 0.22531741885170475 sec
2026-05-26 18:03:08,024 - mazeUtils.moveTile - [moveTile.py:1105] - DEBUG - moveTile loop time: 59.2 ms
2026-05-26 18:03:08,029 - picamera2.picamera2 - [picamera2.py:1391] - DEBUG - Execute job: <picamera2.job.Job object at 0x7f467c85d0>
2026-05-26 18:03:08,032 - mazeUtils.device.camera - [camera.py:37] - DEBUG - Average HSV: H=54.6, S=114.3, V=34.9
2026-05-26 18:03:08,081 - mazeUtils.moveTile - [moveTile.py:80] - DEBUG - roll: 359.88 deg, practicalMoveTime: 0.28171425637153114 sec
2026-05-26 18:03:08,081 - mazeUtils.moveTile - [moveTile.py:1105] - DEBUG - moveTile loop time: 56.7 ms
2026-05-26 18:03:08,086 - picamera2.picamera2 - [picamera2.py:1391] - DEBUG - Execute job: <picamera2.job.Job object at 0x7f459c5490>
2026-05-26 18:03:08,089 - mazeUtils.device.camera - [camera.py:37] - DEBUG - Average HSV: H=52.6, S=113.5, V=34.9
2026-05-26 18:03:08,138 - mazeUtils.moveTile - [moveTile.py:80] - DEBUG - roll: 0.0 deg, practicalMoveTime: 0.3330697613611552 sec
2026-05-26 18:03:08,139 - mazeUtils.moveTile - [moveTile.py:1105] - DEBUG - moveTile loop time: 57.4 ms
2026-05-26 18:03:08,143 - picamera2.picamera2 - [picamera2.py:1391] - DEBUG - Execute job: <picamera2.job.Job object at 0x7f47e9ce50>
2026-05-26 18:03:08,146 - mazeUtils.device.camera - [camera.py:37] - DEBUG - Average HSV: H=53.9, S=107.2, V=37.1
2026-05-26 18:03:08,196 - mazeUtils.moveTile - [moveTile.py:80] - DEBUG - roll: 0.0 deg, practicalMoveTime: 0.3845319109812113 sec
2026-05-26 18:03:08,196 - mazeUtils.moveTile - [moveTile.py:1105] - DEBUG - moveTile loop time: 57.2 ms
2026-05-26 18:03:08,200 - picamera2.picamera2 - [picamera2.py:1391] - DEBUG - Execute job: <picamera2.job.Job object at 0x7f459c4ed0>
2026-05-26 18:03:08,203 - mazeUtils.device.camera - [camera.py:37] - DEBUG - Average HSV: H=61.4, S=107.7, V=37.8
2026-05-26 18:03:08,252 - mazeUtils.moveTile - [moveTile.py:80] - DEBUG - roll: 0.17000000000001592 deg, practicalMoveTime: 0.4344405200319488 sec
2026-05-26 18:03:08,252 - mazeUtils.moveTile - [moveTile.py:1105] - DEBUG - moveTile loop time: 55.7 ms
2026-05-26 18:03:08,257 - picamera2.picamera2 - [picamera2.py:1391] - DEBUG - Execute job: <picamera2.job.Job object at 0x7f459c5510>
2026-05-26 18:03:08,261 - mazeUtils.device.camera - [camera.py:37] - DEBUG - Average HSV: H=59.4, S=104.0, V=39.4
2026-05-26 18:03:08,310 - mazeUtils.moveTile - [moveTile.py:80] - DEBUG - roll: 0.2699999999999818 deg, practicalMoveTime: 0.48602333275447873 sec
2026-05-26 18:03:08,310 - mazeUtils.moveTile - [moveTile.py:1105] - DEBUG - moveTile loop time: 57.5 ms
2026-05-26 18:03:08,314 - picamera2.picamera2 - [picamera2.py:1391] - DEBUG - Execute job: <picamera2.job.Job object at 0x7f459c5450>
2026-05-26 18:03:08,317 - mazeUtils.device.camera - [camera.py:37] - DEBUG - Average HSV: H=51.0, S=99.5, V=41.7
2026-05-26 18:03:08,365 - mazeUtils.moveTile - [moveTile.py:80] - DEBUG - roll: 0.11000000000001364 deg, practicalMoveTime: 0.5352756805306716 sec
2026-05-26 18:03:08,365 - mazeUtils.moveTile - [moveTile.py:1105] - DEBUG - moveTile loop time: 55.1 ms
2026-05-26 18:03:08,369 - picamera2.picamera2 - [picamera2.py:1391] - DEBUG - Execute job: <picamera2.job.Job object at 0x7f459c5450>
2026-05-26 18:03:08,372 - mazeUtils.device.camera - [camera.py:37] - DEBUG - Average HSV: H=69.8, S=103.3, V=39.3
2026-05-26 18:03:08,421 - mazeUtils.moveTile - [moveTile.py:80] - DEBUG - roll: 0.11000000000001364 deg, practicalMoveTime: 0.5848925934842977 sec
2026-05-26 18:03:08,421 - mazeUtils.moveTile - [moveTile.py:1105] - DEBUG - moveTile loop time: 55.4 ms
2026-05-26 18:03:08,426 - picamera2.picamera2 - [picamera2.py:1391] - DEBUG - Execute job: <picamera2.job.Job object at 0x7f459c5490>
2026-05-26 18:03:08,429 - mazeUtils.device.camera - [camera.py:37] - DEBUG - Average HSV: H=67.8, S=102.5, V=39.0
2026-05-26 18:03:08,477 - mazeUtils.moveTile - [moveTile.py:80] - DEBUG - roll: 0.12999999999999545 deg, practicalMoveTime: 0.6349896916297866 sec
2026-05-26 18:03:08,477 - mazeUtils.moveTile - [moveTile.py:1105] - DEBUG - moveTile loop time: 56.2 ms
2026-05-26 18:03:08,484 - picamera2.picamera2 - [picamera2.py:1391] - DEBUG - Execute job: <picamera2.job.Job object at 0x7f47e9ce50>
2026-05-26 18:03:08,491 - mazeUtils.device.camera - [camera.py:37] - DEBUG - Average HSV: H=76.4, S=99.8, V=39.6
2026-05-26 18:03:08,541 - mazeUtils.moveTile - [moveTile.py:80] - DEBUG - roll: 0.2400000000000091 deg, practicalMoveTime: 0.6924607727071012 sec
2026-05-26 18:03:08,542 - mazeUtils.moveTile - [moveTile.py:1105] - DEBUG - moveTile loop time: 64.3 ms
2026-05-26 18:03:08,547 - picamera2.picamera2 - [picamera2.py:1391] - DEBUG - Execute job: <picamera2.job.Job object at 0x7f459c5510>
2026-05-26 18:03:08,555 - mazeUtils.device.camera - [camera.py:37] - DEBUG - Average HSV: H=78.4, S=97.2, V=40.4
2026-05-26 18:03:08,603 - mazeUtils.moveTile - [moveTile.py:80] - DEBUG - roll: 359.94 deg, practicalMoveTime: 0.7533540365140524 sec
2026-05-26 18:03:08,604 - mazeUtils.moveTile - [moveTile.py:1105] - DEBUG - moveTile loop time: 61.4 ms
2026-05-26 18:03:08,609 - picamera2.picamera2 - [picamera2.py:1391] - DEBUG - Execute job: <picamera2.job.Job object at 0x7f459c4ed0>
2026-05-26 18:03:08,613 - mazeUtils.device.camera - [camera.py:37] - DEBUG - Average HSV: H=57.8, S=76.1, V=51.8
2026-05-26 18:03:08,664 - mazeUtils.moveTile - [moveTile.py:80] - DEBUG - roll: 0.15999999999996817 deg, practicalMoveTime: 0.8075209290784693 sec
2026-05-26 18:03:08,666 - mazeUtils.moveTile - [moveTile.py:1105] - DEBUG - moveTile loop time: 60.6 ms
2026-05-26 18:03:08,671 - picamera2.picamera2 - [picamera2.py:1391] - DEBUG - Execute job: <picamera2.job.Job object at 0x7f467c85d0>
2026-05-26 18:03:08,676 - mazeUtils.device.camera - [camera.py:37] - DEBUG - Average HSV: H=67.0, S=71.9, V=56.2
2026-05-26 18:03:08,728 - mazeUtils.moveTile - [moveTile.py:80] - DEBUG - roll: 0.44999999999998863 deg, practicalMoveTime: 0.8641009195754431 sec
2026-05-26 18:03:08,729 - mazeUtils.moveTile - [moveTile.py:1105] - DEBUG - moveTile loop time: 62.9 ms
2026-05-26 18:03:08,735 - picamera2.picamera2 - [picamera2.py:1391] - DEBUG - Execute job: <picamera2.job.Job object at 0x7f459c5510>
2026-05-26 18:03:08,741 - mazeUtils.device.camera - [camera.py:37] - DEBUG - Average HSV: H=82.7, S=69.3, V=58.6
2026-05-26 18:03:08,793 - mazeUtils.moveTile - [moveTile.py:80] - DEBUG - roll: 0.19999999999998863 deg, practicalMoveTime: 0.9212294777765961 sec
2026-05-26 18:03:08,793 - mazeUtils.moveTile - [moveTile.py:1105] - DEBUG - moveTile loop time: 63.7 ms
2026-05-26 18:03:08,800 - picamera2.picamera2 - [picamera2.py:1391] - DEBUG - Execute job: <picamera2.job.Job object at 0x7f459c5510>
2026-05-26 18:03:08,805 - mazeUtils.device.camera - [camera.py:37] - DEBUG - Average HSV: H=90.0, S=66.7, V=64.8
2026-05-26 18:03:08,857 - mazeUtils.moveTile - [moveTile.py:80] - DEBUG - roll: 0.2799999999999727 deg, practicalMoveTime: 0.9783982563675598 sec
2026-05-26 18:03:08,857 - mazeUtils.moveTile - [moveTile.py:1105] - DEBUG - moveTile loop time: 63.9 ms
2026-05-26 18:03:08,864 - picamera2.picamera2 - [picamera2.py:1391] - DEBUG - Execute job: <picamera2.job.Job object at 0x7f47fa2190>
2026-05-26 18:03:08,869 - mazeUtils.device.camera - [camera.py:37] - DEBUG - Average HSV: H=119.6, S=79.9, V=55.1
2026-05-26 18:03:09,004 - mazeUtils.moveTile - [moveTile.py:80] - DEBUG - Little forward to adjust position
2026-05-26 18:03:09,137 - mazeUtils.moveTile - [moveTile.py:511] - DEBUG - Direction: absDirection.NORTH, Angle: 180, Distance: 51.64313750930844 cm
2026-05-26 18:03:09,139 - mazeUtils.moveTile - [moveTile.py:511] - DEBUG - Direction: absDirection.EAST, Angle: 90, Distance: 49.73186069970756 cm
2026-05-26 18:03:09,141 - mazeUtils.moveTile - [moveTile.py:511] - DEBUG - Direction: absDirection.SOUTH, Angle: 0, Distance: 11.39007824463559 cm
2026-05-26 18:03:09,142 - mazeUtils.moveTile - [moveTile.py:511] - DEBUG - Direction: absDirection.WEST, Angle: 270, Distance: 16.067258882233496 cm
2026-05-26 18:03:09,143 - mazeUtils.moveTile - [moveTile.py:1274] - INFO - Tile color detection counts: {}, decided tile type: E
2026-05-26 18:03:09,288 - __main__ - [main.py:84] - INFO - Current position: (15, 23, 0), front direction: absDirection.SOUTH
Layer 0 (altitude=0.0cm, offset=(0.0cm, 0.0cm)):
Known map area: x=15..20, y=19..23
+   +   +   +   +   +---+
  U   U   U   U   U   E |
+   +   +   +   +   +   +
  U   U   U   U   U   S |
+   +   +   +   +   +---+
  U   U   U | E   U   U  
+---+---+---+   +---+---+
| E   E   E   E   E   E |
+   +---+---+---+   +   +
| @   U   U   U | E   E |
+---+   +   +   +---+---+
Layer 1 (altitude=15.0cm, offset=(-60.0cm, 0.0cm)):
Known map area: x=20..20, y=19..19
+---+
| E  
+   +
mazeAsGraph[0][19][20] = {absDirection.NORTH: None, absDirection.EAST: None, absDirection.SOUTH: (20, 20, 0), absDirection.WEST: (20, 19, 1)}
mazeAsGraph[0][20][20] = {absDirection.NORTH: (20, 19, 0), absDirection.EAST: None, absDirection.SOUTH: None, absDirection.WEST: (19, 20, 0)}
mazeAsGraph[0][21][18] = {absDirection.NORTH: (20, 19, 1), absDirection.EAST: (19, 21, 0), absDirection.SOUTH: (18, 22, 0), absDirection.WEST: None}
mazeAsGraph[0][22][15] = {absDirection.NORTH: None, absDirection.EAST: (16, 22, 0), absDirection.SOUTH: (15, 23, 0), absDirection.WEST: None}
mazeAsGraph[0][22][16] = {absDirection.NORTH: None, absDirection.EAST: (17, 22, 0), absDirection.SOUTH: None, absDirection.WEST: (15, 22, 0)}
mazeAsGraph[0][22][17] = {absDirection.NORTH: None, absDirection.EAST: (18, 22, 0), absDirection.SOUTH: None, absDirection.WEST: (16, 22, 0)}
mazeAsGraph[0][22][18] = {absDirection.NORTH: (18, 21, 0), absDirection.EAST: (19, 22, 0), absDirection.SOUTH: None, absDirection.WEST: (17, 22, 0)}
mazeAsGraph[0][22][19] = {absDirection.NORTH: None, absDirection.EAST: (20, 22, 0), absDirection.SOUTH: (19, 23, 0), absDirection.WEST: (18, 22, 0)}
mazeAsGraph[0][22][20] = {absDirection.NORTH: None, absDirection.EAST: None, absDirection.SOUTH: (20, 23, 0), absDirection.WEST: (19, 22, 0)}
mazeAsGraph[0][23][15] = {absDirection.NORTH: (15, 22, 0), absDirection.EAST: (16, 23, 0), absDirection.SOUTH: None, absDirection.WEST: None}
mazeAsGraph[0][23][19] = {absDirection.NORTH: (19, 22, 0), absDirection.EAST: (20, 23, 0), absDirection.SOUTH: None, absDirection.WEST: None}
mazeAsGraph[0][23][20] = {absDirection.NORTH: (20, 22, 0), absDirection.EAST: None, absDirection.SOUTH: None, absDirection.WEST: (19, 23, 0)}
mazeAsGraph[1][19][20] = {absDirection.NORTH: None, absDirection.EAST: (20, 19, 0), absDirection.SOUTH: (18, 21, 0), absDirection.WEST: None}
2026-05-26 18:03:09,299 - mazeUtils.mazeMap - [mazeMap.py:61] - INFO - next goal: (16, 23, 0)
2026-05-26 18:03:09,300 - mazeUtils.mazeMap - [mazeMap.py:61] - INFO - next goal: (16, 23, 0)
2026-05-26 18:03:09,307 - mazeUtils.moveTile - [moveTile.py:80] - DEBUG - Moving to absDirection.EAST from (15, 23, 0) facing absDirection.SOUTH
2026-05-26 18:03:09,354 - mazeUtils.moveTile - [moveTile.py:80] - DEBUG - current heading: 185.10999999999999 target: 270
2026-05-26 18:03:10,239 - mazeUtils.moveTile - [moveTile.py:387] - DEBUG - stopped turning at heading: 260.37, diff: 9.629999999999995
2026-05-26 18:03:11,050 - mazeUtils.moveTile - [moveTile.py:80] - DEBUG - Turned to heading: 269.84 deg
2026-05-26 18:03:11,174 - picamera2.picamera2 - [picamera2.py:1391] - DEBUG - Execute job: <picamera2.job.Job object at 0x7f47f04950>
2026-05-26 18:03:11,179 - mazeUtils.device.camera - [camera.py:37] - DEBUG - Average HSV: H=154.7, S=54.8, V=74.9
2026-05-26 18:03:11,233 - mazeUtils.moveTile - [moveTile.py:80] - DEBUG - roll: 1.3199999999999932 deg, practicalMoveTime: 0.05850125982642798 sec
2026-05-26 18:03:11,234 - mazeUtils.moveTile - [moveTile.py:1105] - DEBUG - moveTile loop time: 63.8 ms
2026-05-26 18:03:11,241 - picamera2.picamera2 - [picamera2.py:1391] - DEBUG - Execute job: <picamera2.job.Job object at 0x7f467c85d0>
2026-05-26 18:03:11,246 - mazeUtils.device.camera - [camera.py:37] - DEBUG - Average HSV: H=162.8, S=47.0, V=78.4
2026-05-26 18:03:11,298 - mazeUtils.moveTile - [moveTile.py:80] - DEBUG - roll: 1.5500000000000114 deg, practicalMoveTime: 0.11620642565647044 sec
2026-05-26 18:03:11,298 - mazeUtils.moveTile - [moveTile.py:1105] - DEBUG - moveTile loop time: 64.3 ms
2026-05-26 18:03:11,303 - picamera2.picamera2 - [picamera2.py:1391] - DEBUG - Execute job: <picamera2.job.Job object at 0x7f5c118810>
2026-05-26 18:03:11,309 - mazeUtils.device.camera - [camera.py:37] - DEBUG - Average HSV: H=161.8, S=45.4, V=81.3
2026-05-26 18:03:11,361 - mazeUtils.moveTile - [moveTile.py:80] - DEBUG - roll: 1.2300000000000182 deg, practicalMoveTime: 0.17260135666492005 sec
2026-05-26 18:03:11,362 - mazeUtils.moveTile - [moveTile.py:1105] - DEBUG - moveTile loop time: 63.0 ms
2026-05-26 18:03:11,368 - picamera2.picamera2 - [picamera2.py:1391] - DEBUG - Execute job: <picamera2.job.Job object at 0x7f5c118790>
2026-05-26 18:03:11,372 - mazeUtils.device.camera - [camera.py:37] - DEBUG - Average HSV: H=156.4, S=45.8, V=80.7
2026-05-26 18:03:11,420 - mazeUtils.moveTile - [moveTile.py:80] - DEBUG - roll: 1.3000000000000114 deg, practicalMoveTime: 0.22508039260790264 sec
2026-05-26 18:03:11,421 - mazeUtils.moveTile - [moveTile.py:1105] - DEBUG - moveTile loop time: 58.3 ms
2026-05-26 18:03:11,427 - picamera2.picamera2 - [picamera2.py:1391] - DEBUG - Execute job: <picamera2.job.Job object at 0x7f45a24590>
2026-05-26 18:03:11,433 - mazeUtils.device.camera - [camera.py:37] - DEBUG - Average HSV: H=146.6, S=49.5, V=83.0
2026-05-26 18:03:11,482 - mazeUtils.moveTile - [moveTile.py:80] - DEBUG - roll: 1.1800000000000068 deg, practicalMoveTime: 0.28022092212691035 sec
2026-05-26 18:03:11,483 - mazeUtils.moveTile - [moveTile.py:1105] - DEBUG - moveTile loop time: 61.7 ms
2026-05-26 18:03:11,489 - picamera2.picamera2 - [picamera2.py:1391] - DEBUG - Execute job: <picamera2.job.Job object at 0x7f467c85d0>
2026-05-26 18:03:11,493 - mazeUtils.device.camera - [camera.py:37] - DEBUG - Average HSV: H=138.1, S=62.1, V=87.2
2026-05-26 18:03:11,542 - mazeUtils.moveTile - [moveTile.py:80] - DEBUG - roll: 2.3000000000000114 deg, practicalMoveTime: 0.3332301317653357 sec
2026-05-26 18:03:11,543 - mazeUtils.moveTile - [moveTile.py:1105] - DEBUG - moveTile loop time: 59.6 ms
2026-05-26 18:03:11,551 - picamera2.picamera2 - [picamera2.py:1391] - DEBUG - Execute job: <picamera2.job.Job object at 0x7f45a269d0>
2026-05-26 18:03:11,555 - mazeUtils.device.camera - [camera.py:37] - DEBUG - Average HSV: H=136.3, S=62.8, V=92.9
2026-05-26 18:03:11,606 - mazeUtils.moveTile - [moveTile.py:80] - DEBUG - roll: 4.159999999999968 deg, practicalMoveTime: 0.38915430404186846 sec
2026-05-26 18:03:11,607 - mazeUtils.moveTile - [moveTile.py:1105] - DEBUG - moveTile loop time: 62.7 ms
2026-05-26 18:03:11,613 - picamera2.picamera2 - [picamera2.py:1391] - DEBUG - Execute job: <picamera2.job.Job object at 0x7f47f04950>
2026-05-26 18:03:11,618 - mazeUtils.device.camera - [camera.py:37] - DEBUG - Average HSV: H=136.6, S=61.6, V=92.1
2026-05-26 18:03:11,667 - mazeUtils.moveTile - [moveTile.py:80] - DEBUG - roll: 6.480000000000018 deg, practicalMoveTime: 0.4434512264764221 sec
2026-05-26 18:03:11,669 - mazeUtils.moveTile - [moveTile.py:1105] - DEBUG - moveTile loop time: 61.5 ms
2026-05-26 18:03:11,673 - picamera2.picamera2 - [picamera2.py:1391] - DEBUG - Execute job: <picamera2.job.Job object at 0x7f45a24590>
2026-05-26 18:03:11,678 - mazeUtils.device.camera - [camera.py:37] - DEBUG - Average HSV: H=137.4, S=58.1, V=91.2
2026-05-26 18:03:11,727 - mazeUtils.moveTile - [moveTile.py:80] - DEBUG - roll: 9.050000000000011 deg, practicalMoveTime: 0.49512926918015915 sec
2026-05-26 18:03:11,728 - mazeUtils.moveTile - [moveTile.py:1105] - DEBUG - moveTile loop time: 58.6 ms
2026-05-26 18:03:11,733 - picamera2.picamera2 - [picamera2.py:1391] - DEBUG - Execute job: <picamera2.job.Job object at 0x7f467c85d0>
2026-05-26 18:03:11,737 - mazeUtils.device.camera - [camera.py:37] - DEBUG - Average HSV: H=137.4, S=57.4, V=91.5
2026-05-26 18:03:11,786 - mazeUtils.moveTile - [moveTile.py:80] - DEBUG - roll: 9.800000000000011 deg, practicalMoveTime: 0.5471637044277982 sec
2026-05-26 18:03:11,787 - mazeUtils.moveTile - [moveTile.py:1105] - DEBUG - moveTile loop time: 58.9 ms
2026-05-26 18:03:11,793 - picamera2.picamera2 - [picamera2.py:1391] - DEBUG - Execute job: <picamera2.job.Job object at 0x7f45a24590>
2026-05-26 18:03:11,798 - mazeUtils.device.camera - [camera.py:37] - DEBUG - Average HSV: H=136.8, S=58.6, V=90.4
2026-05-26 18:03:11,848 - mazeUtils.moveTile - [moveTile.py:80] - DEBUG - roll: 13.360000000000014 deg, practicalMoveTime: 0.6001811933814745 sec
2026-05-26 18:03:11,848 - mazeUtils.moveTile - [moveTile.py:1105] - DEBUG - moveTile loop time: 60.8 ms
2026-05-26 18:03:11,854 - picamera2.picamera2 - [picamera2.py:1391] - DEBUG - Execute job: <picamera2.job.Job object at 0x7f47f04950>
2026-05-26 18:03:11,859 - mazeUtils.device.camera - [camera.py:37] - DEBUG - Average HSV: H=135.3, S=60.6, V=91.0
2026-05-26 18:03:11,910 - mazeUtils.moveTile - [moveTile.py:80] - DEBUG - roll: 14.96999999999997 deg, practicalMoveTime: 0.653857965744153 sec
2026-05-26 18:03:11,911 - mazeUtils.moveTile - [moveTile.py:1105] - DEBUG - moveTile loop time: 62.4 ms
2026-05-26 18:03:11,916 - picamera2.picamera2 - [picamera2.py:1391] - DEBUG - Execute job: <picamera2.job.Job object at 0x7f46cf1450>
2026-05-26 18:03:11,921 - mazeUtils.device.camera - [camera.py:37] - DEBUG - Average HSV: H=135.1, S=60.9, V=89.7
2026-05-26 18:03:11,972 - mazeUtils.moveTile - [moveTile.py:80] - DEBUG - roll: 17.019999999999982 deg, practicalMoveTime: 0.7033585889373888 sec
2026-05-26 18:03:11,973 - mazeUtils.moveTile - [moveTile.py:1105] - DEBUG - moveTile loop time: 61.2 ms
2026-05-26 18:03:11,977 - picamera2.picamera2 - [picamera2.py:1391] - DEBUG - Execute job: <picamera2.job.Job object at 0x7f47fb0490>
2026-05-26 18:03:11,983 - mazeUtils.device.camera - [camera.py:37] - DEBUG - Average HSV: H=133.1, S=65.0, V=90.0
2026-05-26 18:03:12,035 - mazeUtils.moveTile - [moveTile.py:80] - DEBUG - roll: 20.269999999999982 deg, practicalMoveTime: 0.7516353216664842 sec
2026-05-26 18:03:12,036 - mazeUtils.moveTile - [moveTile.py:1105] - DEBUG - moveTile loop time: 62.9 ms
2026-05-26 18:03:12,042 - picamera2.picamera2 - [picamera2.py:1391] - DEBUG - Execute job: <picamera2.job.Job object at 0x7f467c85d0>
2026-05-26 18:03:12,047 - mazeUtils.device.camera - [camera.py:37] - DEBUG - Average HSV: H=132.8, S=64.1, V=89.3
2026-05-26 18:03:12,097 - mazeUtils.moveTile - [moveTile.py:80] - DEBUG - roll: 20.189999999999998 deg, practicalMoveTime: 0.8005581951779738 sec
2026-05-26 18:03:12,098 - mazeUtils.moveTile - [moveTile.py:1105] - DEBUG - moveTile loop time: 61.6 ms
2026-05-26 18:03:12,104 - picamera2.picamera2 - [picamera2.py:1391] - DEBUG - Execute job: <picamera2.job.Job object at 0x7f5c118750>
2026-05-26 18:03:12,108 - mazeUtils.device.camera - [camera.py:37] - DEBUG - Average HSV: H=138.8, S=54.7, V=84.5
2026-05-26 18:03:12,157 - mazeUtils.moveTile - [moveTile.py:80] - DEBUG - roll: 20.21999999999997 deg, practicalMoveTime: 0.8473624708034346 sec
2026-05-26 18:03:12,158 - mazeUtils.moveTile - [moveTile.py:1105] - DEBUG - moveTile loop time: 59.2 ms
2026-05-26 18:03:12,163 - picamera2.picamera2 - [picamera2.py:1391] - DEBUG - Execute job: <picamera2.job.Job object at 0x7f5c118710>
2026-05-26 18:03:12,167 - mazeUtils.device.camera - [camera.py:37] - DEBUG - Average HSV: H=147.7, S=42.9, V=76.7
2026-05-26 18:03:12,215 - mazeUtils.moveTile - [moveTile.py:80] - DEBUG - roll: 20.55000000000001 deg, practicalMoveTime: 0.8937759454577927 sec
2026-05-26 18:03:12,216 - mazeUtils.moveTile - [moveTile.py:1105] - DEBUG - moveTile loop time: 58.2 ms
2026-05-26 18:03:12,222 - picamera2.picamera2 - [picamera2.py:1391] - DEBUG - Execute job: <picamera2.job.Job object at 0x7f47fb0490>
2026-05-26 18:03:12,227 - mazeUtils.device.camera - [camera.py:37] - DEBUG - Average HSV: H=146.9, S=43.2, V=75.9
2026-05-26 18:03:12,278 - mazeUtils.moveTile - [moveTile.py:80] - DEBUG - roll: 20.579999999999984 deg, practicalMoveTime: 0.9431123906160492 sec
2026-05-26 18:03:12,278 - mazeUtils.moveTile - [moveTile.py:1105] - DEBUG - moveTile loop time: 61.4 ms
2026-05-26 18:03:12,284 - picamera2.picamera2 - [picamera2.py:1391] - DEBUG - Execute job: <picamera2.job.Job object at 0x7f45a24590>
2026-05-26 18:03:12,288 - mazeUtils.device.camera - [camera.py:37] - DEBUG - Average HSV: H=149.3, S=47.8, V=67.4
2026-05-26 18:03:12,339 - mazeUtils.moveTile - [moveTile.py:80] - DEBUG - roll: 19.99000000000001 deg, practicalMoveTime: 0.9906112081661133 sec
2026-05-26 18:03:12,340 - mazeUtils.moveTile - [moveTile.py:1105] - DEBUG - moveTile loop time: 61.3 ms
2026-05-26 18:03:12,346 - picamera2.picamera2 - [picamera2.py:1391] - DEBUG - Execute job: <picamera2.job.Job object at 0x7f47f04950>
2026-05-26 18:03:12,350 - mazeUtils.device.camera - [camera.py:37] - DEBUG - Average HSV: H=148.6, S=49.6, V=65.6
2026-05-26 18:03:12,407 - picamera2.picamera2 - [picamera2.py:1391] - DEBUG - Execute job: <picamera2.job.Job object at 0x7f47fa2190>
2026-05-26 18:03:12,412 - mazeUtils.device.camera - [camera.py:37] - DEBUG - Average HSV: H=145.8, S=48.7, V=67.9
2026-05-26 18:03:12,463 - mazeUtils.moveTile - [moveTile.py:80] - DEBUG - roll: 21.0 deg, practicalMoveTime: 1.0910746095234454 sec
2026-05-26 18:03:12,464 - mazeUtils.moveTile - [moveTile.py:1105] - DEBUG - moveTile loop time: 63.0 ms
2026-05-26 18:03:12,471 - picamera2.picamera2 - [picamera2.py:1391] - DEBUG - Execute job: <picamera2.job.Job object at 0x7f46cf0450>
2026-05-26 18:03:12,477 - mazeUtils.device.camera - [camera.py:37] - DEBUG - Average HSV: H=142.4, S=51.0, V=69.5
2026-05-26 18:03:12,526 - mazeUtils.moveTile - [moveTile.py:80] - DEBUG - roll: 20.099999999999966 deg, practicalMoveTime: 1.1413681266845712 sec
2026-05-26 18:03:12,527 - mazeUtils.moveTile - [moveTile.py:1105] - DEBUG - moveTile loop time: 62.4 ms
2026-05-26 18:03:12,532 - picamera2.picamera2 - [picamera2.py:1391] - DEBUG - Execute job: <picamera2.job.Job object at 0x7f46cf1450>
2026-05-26 18:03:12,537 - mazeUtils.device.camera - [camera.py:37] - DEBUG - Average HSV: H=138.8, S=57.3, V=70.0
2026-05-26 18:03:12,585 - mazeUtils.moveTile - [moveTile.py:80] - DEBUG - roll: 20.089999999999975 deg, practicalMoveTime: 1.188644867123515 sec
2026-05-26 18:03:12,586 - mazeUtils.moveTile - [moveTile.py:1105] - DEBUG - moveTile loop time: 59.1 ms
2026-05-26 18:03:12,591 - picamera2.picamera2 - [picamera2.py:1391] - DEBUG - Execute job: <picamera2.job.Job object at 0x7f46cf0450>
2026-05-26 18:03:12,597 - mazeUtils.device.camera - [camera.py:37] - DEBUG - Average HSV: H=138.1, S=59.0, V=69.8
2026-05-26 18:03:12,648 - mazeUtils.moveTile - [moveTile.py:80] - DEBUG - roll: 20.71999999999997 deg, practicalMoveTime: 1.238226912804353 sec
2026-05-26 18:03:12,649 - mazeUtils.moveTile - [moveTile.py:1105] - DEBUG - moveTile loop time: 62.6 ms
2026-05-26 18:03:12,656 - picamera2.picamera2 - [picamera2.py:1391] - DEBUG - Execute job: <picamera2.job.Job object at 0x7f46cf1450>
2026-05-26 18:03:12,661 - mazeUtils.device.camera - [camera.py:37] - DEBUG - Average HSV: H=139.3, S=57.5, V=68.4
2026-05-26 18:03:12,712 - mazeUtils.moveTile - [moveTile.py:80] - DEBUG - roll: 20.339999999999975 deg, practicalMoveTime: 1.2861432120802208 sec
2026-05-26 18:03:12,713 - mazeUtils.moveTile - [moveTile.py:1105] - DEBUG - moveTile loop time: 62.8 ms
2026-05-26 18:03:12,720 - picamera2.picamera2 - [picamera2.py:1391] - DEBUG - Execute job: <picamera2.job.Job object at 0x7f47fa2190>
2026-05-26 18:03:12,725 - mazeUtils.device.camera - [camera.py:37] - DEBUG - Average HSV: H=144.3, S=55.2, V=64.6
2026-05-26 18:03:12,775 - mazeUtils.moveTile - [moveTile.py:80] - DEBUG - roll: 20.399999999999977 deg, practicalMoveTime: 1.3348523986545195 sec
2026-05-26 18:03:12,775 - mazeUtils.moveTile - [moveTile.py:1105] - DEBUG - moveTile loop time: 62.4 ms
2026-05-26 18:03:12,780 - picamera2.picamera2 - [picamera2.py:1391] - DEBUG - Execute job: <picamera2.job.Job object at 0x7f46cf0450>
2026-05-26 18:03:12,785 - mazeUtils.device.camera - [camera.py:37] - DEBUG - Average HSV: H=154.9, S=45.1, V=62.8
2026-05-26 18:03:12,838 - mazeUtils.moveTile - [moveTile.py:80] - DEBUG - roll: 19.980000000000018 deg, practicalMoveTime: 1.382676083375178 sec
2026-05-26 18:03:12,838 - mazeUtils.moveTile - [moveTile.py:1105] - DEBUG - moveTile loop time: 62.5 ms
2026-05-26 18:03:12,844 - picamera2.picamera2 - [picamera2.py:1391] - DEBUG - Execute job: <picamera2.job.Job object at 0x7f45a26b50>
2026-05-26 18:03:12,848 - mazeUtils.device.camera - [camera.py:37] - DEBUG - Average HSV: H=156.9, S=38.7, V=68.0
2026-05-26 18:03:12,897 - mazeUtils.moveTile - [moveTile.py:80] - DEBUG - roll: 19.689999999999998 deg, practicalMoveTime: 1.4301226935379336 sec
2026-05-26 18:03:12,898 - mazeUtils.moveTile - [moveTile.py:1105] - DEBUG - moveTile loop time: 59.2 ms
2026-05-26 18:03:12,903 - picamera2.picamera2 - [picamera2.py:1391] - DEBUG - Execute job: <picamera2.job.Job object at 0x7f46cf0450>
2026-05-26 18:03:12,907 - mazeUtils.device.camera - [camera.py:37] - DEBUG - Average HSV: H=157.0, S=41.5, V=67.0
2026-05-26 18:03:12,958 - mazeUtils.moveTile - [moveTile.py:80] - DEBUG - roll: 19.930000000000007 deg, practicalMoveTime: 1.4772718334217623 sec
2026-05-26 18:03:12,959 - mazeUtils.moveTile - [moveTile.py:1105] - DEBUG - moveTile loop time: 60.0 ms
2026-05-26 18:03:12,964 - picamera2.picamera2 - [picamera2.py:1391] - DEBUG - Execute job: <picamera2.job.Job object at 0x7f47fb0490>
2026-05-26 18:03:12,969 - mazeUtils.device.camera - [camera.py:37] - DEBUG - Average HSV: H=147.8, S=53.0, V=61.4
2026-05-26 18:03:13,020 - mazeUtils.moveTile - [moveTile.py:80] - DEBUG - roll: 19.74000000000001 deg, practicalMoveTime: 1.524567078773861 sec
2026-05-26 18:03:13,021 - mazeUtils.moveTile - [moveTile.py:1105] - DEBUG - moveTile loop time: 61.5 ms
2026-05-26 18:03:13,028 - picamera2.picamera2 - [picamera2.py:1391] - DEBUG - Execute job: <picamera2.job.Job object at 0x7f45a24590>
2026-05-26 18:03:13,032 - mazeUtils.device.camera - [camera.py:37] - DEBUG - Average HSV: H=138.7, S=59.5, V=58.9
2026-05-26 18:03:13,084 - mazeUtils.moveTile - [moveTile.py:80] - DEBUG - roll: 19.980000000000018 deg, practicalMoveTime: 1.5731433652089657 sec
2026-05-26 18:03:13,085 - mazeUtils.moveTile - [moveTile.py:1105] - DEBUG - moveTile loop time: 63.5 ms
2026-05-26 18:03:13,092 - picamera2.picamera2 - [picamera2.py:1391] - DEBUG - Execute job: <picamera2.job.Job object at 0x7f47fb0490>
2026-05-26 18:03:13,097 - mazeUtils.device.camera - [camera.py:37] - DEBUG - Average HSV: H=146.1, S=48.0, V=55.1
2026-05-26 18:03:13,146 - mazeUtils.moveTile - [moveTile.py:80] - DEBUG - roll: 20.159999999999968 deg, practicalMoveTime: 1.6210008189831895 sec
2026-05-26 18:03:13,147 - mazeUtils.moveTile - [moveTile.py:1105] - DEBUG - moveTile loop time: 61.3 ms
2026-05-26 18:03:13,153 - picamera2.picamera2 - [picamera2.py:1391] - DEBUG - Execute job: <picamera2.job.Job object at 0x7f45a269d0>
2026-05-26 18:03:13,159 - mazeUtils.device.camera - [camera.py:37] - DEBUG - Average HSV: H=151.4, S=44.6, V=52.9
2026-05-26 18:03:13,210 - mazeUtils.moveTile - [moveTile.py:80] - DEBUG - roll: 19.909999999999968 deg, practicalMoveTime: 1.6712584533537562 sec
2026-05-26 18:03:13,210 - mazeUtils.moveTile - [moveTile.py:1105] - DEBUG - moveTile loop time: 62.5 ms
2026-05-26 18:03:13,216 - picamera2.picamera2 - [picamera2.py:1391] - DEBUG - Execute job: <picamera2.job.Job object at 0x7f46cf1450>
2026-05-26 18:03:13,221 - mazeUtils.device.camera - [camera.py:37] - DEBUG - Average HSV: H=149.4, S=47.3, V=51.0
2026-05-26 18:03:13,268 - mazeUtils.moveTile - [moveTile.py:80] - DEBUG - roll: 20.230000000000018 deg, practicalMoveTime: 1.7174828805548739 sec
2026-05-26 18:03:13,268 - mazeUtils.moveTile - [moveTile.py:1105] - DEBUG - moveTile loop time: 57.6 ms
2026-05-26 18:03:13,275 - picamera2.picamera2 - [picamera2.py:1391] - DEBUG - Execute job: <picamera2.job.Job object at 0x7f47fb0490>
2026-05-26 18:03:13,279 - mazeUtils.device.camera - [camera.py:37] - DEBUG - Average HSV: H=143.5, S=68.3, V=45.0
2026-05-26 18:03:13,327 - mazeUtils.moveTile - [moveTile.py:80] - DEBUG - roll: 20.310000000000002 deg, practicalMoveTime: 1.765045443860938 sec
2026-05-26 18:03:13,329 - mazeUtils.moveTile - [moveTile.py:1105] - DEBUG - moveTile loop time: 60.2 ms
2026-05-26 18:03:13,333 - picamera2.picamera2 - [picamera2.py:1391] - DEBUG - Execute job: <picamera2.job.Job object at 0x7f45a24590>
2026-05-26 18:03:13,338 - mazeUtils.device.camera - [camera.py:37] - DEBUG - Average HSV: H=145.1, S=83.0, V=41.5
2026-05-26 18:03:13,388 - mazeUtils.moveTile - [moveTile.py:80] - DEBUG - roll: 19.79000000000002 deg, practicalMoveTime: 1.8126497145414695 sec
2026-05-26 18:03:13,388 - mazeUtils.moveTile - [moveTile.py:1105] - DEBUG - moveTile loop time: 59.2 ms
2026-05-26 18:03:13,394 - picamera2.picamera2 - [picamera2.py:1391] - DEBUG - Execute job: <picamera2.job.Job object at 0x7f47fa2190>
2026-05-26 18:03:13,399 - mazeUtils.device.camera - [camera.py:37] - DEBUG - Average HSV: H=154.0, S=81.2, V=36.4
2026-05-26 18:03:13,451 - mazeUtils.moveTile - [moveTile.py:80] - DEBUG - roll: 19.670000000000016 deg, practicalMoveTime: 1.8605124212857227 sec
2026-05-26 18:03:13,453 - mazeUtils.moveTile - [moveTile.py:1105] - DEBUG - moveTile loop time: 63.9 ms
2026-05-26 18:03:13,459 - picamera2.picamera2 - [picamera2.py:1391] - DEBUG - Execute job: <picamera2.job.Job object at 0x7f46cf0450>
2026-05-26 18:03:13,463 - mazeUtils.device.camera - [camera.py:37] - DEBUG - Average HSV: H=155.4, S=83.5, V=35.5
2026-05-26 18:03:13,514 - mazeUtils.moveTile - [moveTile.py:80] - DEBUG - roll: 19.639999999999986 deg, practicalMoveTime: 1.90817127550904 sec
2026-05-26 18:03:13,514 - mazeUtils.moveTile - [moveTile.py:1105] - DEBUG - moveTile loop time: 60.9 ms
2026-05-26 18:03:13,520 - picamera2.picamera2 - [picamera2.py:1391] - DEBUG - Execute job: <picamera2.job.Job object at 0x7f5c118710>
2026-05-26 18:03:13,526 - mazeUtils.device.camera - [camera.py:37] - DEBUG - Average HSV: H=154.7, S=83.2, V=35.4
2026-05-26 18:03:13,577 - mazeUtils.moveTile - [moveTile.py:80] - DEBUG - roll: 19.25 deg, practicalMoveTime: 1.9586145905073364 sec
2026-05-26 18:03:13,578 - mazeUtils.moveTile - [moveTile.py:1105] - DEBUG - moveTile loop time: 63.2 ms
2026-05-26 18:03:13,586 - picamera2.picamera2 - [picamera2.py:1391] - DEBUG - Execute job: <picamera2.job.Job object at 0x7f45a26b50>
2026-05-26 18:03:13,591 - mazeUtils.device.camera - [camera.py:37] - DEBUG - Average HSV: H=153.9, S=83.4, V=35.3
2026-05-26 18:03:13,646 - picamera2.picamera2 - [picamera2.py:1391] - DEBUG - Execute job: <picamera2.job.Job object at 0x7f45a26b50>
2026-05-26 18:03:13,651 - mazeUtils.device.camera - [camera.py:37] - DEBUG - Average HSV: H=153.7, S=83.4, V=35.2
2026-05-26 18:03:13,700 - mazeUtils.moveTile - [moveTile.py:80] - DEBUG - roll: 19.639999999999986 deg, practicalMoveTime: 2.059287367178889 sec
2026-05-26 18:03:13,701 - mazeUtils.moveTile - [moveTile.py:1105] - DEBUG - moveTile loop time: 59.8 ms
2026-05-26 18:03:13,706 - picamera2.picamera2 - [picamera2.py:1391] - DEBUG - Execute job: <picamera2.job.Job object at 0x7f5c118790>
2026-05-26 18:03:13,712 - mazeUtils.device.camera - [camera.py:37] - DEBUG - Average HSV: H=150.4, S=85.2, V=35.9
2026-05-26 18:03:13,762 - mazeUtils.moveTile - [moveTile.py:80] - DEBUG - roll: 18.579999999999984 deg, practicalMoveTime: 2.1082442454479087 sec
2026-05-26 18:03:13,764 - mazeUtils.moveTile - [moveTile.py:1105] - DEBUG - moveTile loop time: 62.6 ms
2026-05-26 18:03:13,770 - picamera2.picamera2 - [picamera2.py:1391] - DEBUG - Execute job: <picamera2.job.Job object at 0x7f45a24590>
2026-05-26 18:03:13,776 - mazeUtils.device.camera - [camera.py:37] - DEBUG - Average HSV: H=146.3, S=87.8, V=36.4
2026-05-26 18:03:13,825 - mazeUtils.moveTile - [moveTile.py:80] - DEBUG - roll: 18.589999999999975 deg, practicalMoveTime: 2.1576328758743473 sec
2026-05-26 18:03:13,826 - mazeUtils.moveTile - [moveTile.py:1105] - DEBUG - moveTile loop time: 61.1 ms
2026-05-26 18:03:13,832 - picamera2.picamera2 - [picamera2.py:1391] - DEBUG - Execute job: <picamera2.job.Job object at 0x7f45a26b50>
2026-05-26 18:03:13,836 - mazeUtils.device.camera - [camera.py:37] - DEBUG - Average HSV: H=144.7, S=91.1, V=36.5
2026-05-26 18:03:13,884 - mazeUtils.moveTile - [moveTile.py:80] - DEBUG - roll: 20.029999999999973 deg, practicalMoveTime: 2.2047327529944507 sec
2026-05-26 18:03:13,885 - mazeUtils.moveTile - [moveTile.py:1105] - DEBUG - moveTile loop time: 58.4 ms
2026-05-26 18:03:13,892 - picamera2.picamera2 - [picamera2.py:1391] - DEBUG - Execute job: <picamera2.job.Job object at 0x7f5c118790>
2026-05-26 18:03:13,896 - mazeUtils.device.camera - [camera.py:37] - DEBUG - Average HSV: H=145.2, S=90.4, V=36.2
2026-05-26 18:03:13,946 - mazeUtils.moveTile - [moveTile.py:80] - DEBUG - roll: 19.04000000000002 deg, practicalMoveTime: 2.254609671906506 sec
2026-05-26 18:03:13,947 - mazeUtils.moveTile - [moveTile.py:1105] - DEBUG - moveTile loop time: 61.7 ms
2026-05-26 18:03:13,953 - picamera2.picamera2 - [picamera2.py:1391] - DEBUG - Execute job: <picamera2.job.Job object at 0x7f5c118810>
2026-05-26 18:03:13,958 - mazeUtils.device.camera - [camera.py:37] - DEBUG - Average HSV: H=145.5, S=89.8, V=36.1
2026-05-26 18:03:14,010 - mazeUtils.moveTile - [moveTile.py:80] - DEBUG - roll: 18.430000000000007 deg, practicalMoveTime: 2.304940618275511 sec
2026-05-26 18:03:14,011 - mazeUtils.moveTile - [moveTile.py:1105] - DEBUG - moveTile loop time: 63.7 ms
2026-05-26 18:03:14,017 - picamera2.picamera2 - [picamera2.py:1391] - DEBUG - Execute job: <picamera2.job.Job object at 0x7f5c118790>
2026-05-26 18:03:14,021 - mazeUtils.device.camera - [camera.py:37] - DEBUG - Average HSV: H=144.6, S=90.9, V=36.0
2026-05-26 18:03:14,072 - mazeUtils.moveTile - [moveTile.py:80] - DEBUG - roll: 18.870000000000005 deg, practicalMoveTime: 2.354290931572257 sec
2026-05-26 18:03:14,073 - mazeUtils.moveTile - [moveTile.py:1105] - DEBUG - moveTile loop time: 61.1 ms
2026-05-26 18:03:14,079 - picamera2.picamera2 - [picamera2.py:1391] - DEBUG - Execute job: <picamera2.job.Job object at 0x7f46cf1450>
2026-05-26 18:03:14,083 - mazeUtils.device.camera - [camera.py:37] - DEBUG - Average HSV: H=145.0, S=89.8, V=35.8
2026-05-26 18:03:14,132 - mazeUtils.moveTile - [moveTile.py:80] - DEBUG - roll: 19.55000000000001 deg, practicalMoveTime: 2.401971994638564 sec
2026-05-26 18:03:14,132 - mazeUtils.moveTile - [moveTile.py:1105] - DEBUG - moveTile loop time: 59.0 ms
2026-05-26 18:03:14,137 - picamera2.picamera2 - [picamera2.py:1391] - DEBUG - Execute job: <picamera2.job.Job object at 0x7f467c85d0>
2026-05-26 18:03:14,142 - mazeUtils.device.camera - [camera.py:37] - DEBUG - Average HSV: H=144.5, S=87.6, V=36.8
2026-05-26 18:03:14,191 - mazeUtils.moveTile - [moveTile.py:80] - DEBUG - roll: 19.139999999999986 deg, practicalMoveTime: 2.449323779446759 sec
2026-05-26 18:03:14,192 - mazeUtils.moveTile - [moveTile.py:1105] - DEBUG - moveTile loop time: 59.3 ms
2026-05-26 18:03:14,198 - picamera2.picamera2 - [picamera2.py:1391] - DEBUG - Execute job: <picamera2.job.Job object at 0x7f47f04950>
2026-05-26 18:03:14,202 - mazeUtils.device.camera - [camera.py:37] - DEBUG - Average HSV: H=143.8, S=85.0, V=38.1
2026-05-26 18:03:14,252 - mazeUtils.moveTile - [moveTile.py:80] - DEBUG - roll: 19.24000000000001 deg, practicalMoveTime: 2.4967284538331977 sec
2026-05-26 18:03:14,253 - mazeUtils.moveTile - [moveTile.py:1105] - DEBUG - moveTile loop time: 60.1 ms
2026-05-26 18:03:14,259 - picamera2.picamera2 - [picamera2.py:1391] - DEBUG - Execute job: <picamera2.job.Job object at 0x7f45a269d0>
2026-05-26 18:03:14,263 - mazeUtils.device.camera - [camera.py:37] - DEBUG - Average HSV: H=142.8, S=85.2, V=38.5
2026-05-26 18:03:14,314 - mazeUtils.moveTile - [moveTile.py:80] - DEBUG - roll: 19.50999999999999 deg, practicalMoveTime: 2.545263116963544 sec
2026-05-26 18:03:14,315 - mazeUtils.moveTile - [moveTile.py:1105] - DEBUG - moveTile loop time: 61.6 ms
2026-05-26 18:03:14,321 - picamera2.picamera2 - [picamera2.py:1391] - DEBUG - Execute job: <picamera2.job.Job object at 0x7f46cf1450>
2026-05-26 18:03:14,326 - mazeUtils.device.camera - [camera.py:37] - DEBUG - Average HSV: H=144.5, S=88.8, V=36.0
2026-05-26 18:03:14,374 - mazeUtils.moveTile - [moveTile.py:80] - DEBUG - roll: 19.139999999999986 deg, practicalMoveTime: 2.5924204981138836 sec
2026-05-26 18:03:14,375 - mazeUtils.moveTile - [moveTile.py:1105] - DEBUG - moveTile loop time: 58.7 ms
2026-05-26 18:03:14,380 - picamera2.picamera2 - [picamera2.py:1391] - DEBUG - Execute job: <picamera2.job.Job object at 0x7f47fb0490>
2026-05-26 18:03:14,385 - mazeUtils.device.camera - [camera.py:37] - DEBUG - Average HSV: H=143.8, S=90.4, V=35.9
2026-05-26 18:03:14,436 - mazeUtils.moveTile - [moveTile.py:80] - DEBUG - roll: 19.29000000000002 deg, practicalMoveTime: 2.642057382338468 sec
2026-05-26 18:03:14,438 - mazeUtils.moveTile - [moveTile.py:1105] - DEBUG - moveTile loop time: 63.1 ms
2026-05-26 18:03:14,445 - picamera2.picamera2 - [picamera2.py:1391] - DEBUG - Execute job: <picamera2.job.Job object at 0x7f5c118710>
2026-05-26 18:03:14,449 - mazeUtils.device.camera - [camera.py:37] - DEBUG - Average HSV: H=143.3, S=90.9, V=36.1
2026-05-26 18:03:14,498 - mazeUtils.moveTile - [moveTile.py:80] - DEBUG - roll: 19.80000000000001 deg, practicalMoveTime: 2.6905385041425958 sec
2026-05-26 18:03:14,499 - mazeUtils.moveTile - [moveTile.py:1105] - DEBUG - moveTile loop time: 60.1 ms
2026-05-26 18:03:14,504 - picamera2.picamera2 - [picamera2.py:1391] - DEBUG - Execute job: <picamera2.job.Job object at 0x7f47f04950>
2026-05-26 18:03:14,508 - mazeUtils.device.camera - [camera.py:37] - DEBUG - Average HSV: H=143.1, S=91.0, V=36.3
2026-05-26 18:03:14,557 - mazeUtils.moveTile - [moveTile.py:80] - DEBUG - roll: 19.360000000000014 deg, practicalMoveTime: 2.737380247798515 sec
2026-05-26 18:03:14,558 - mazeUtils.moveTile - [moveTile.py:1105] - DEBUG - moveTile loop time: 58.9 ms
2026-05-26 18:03:14,564 - picamera2.picamera2 - [picamera2.py:1391] - DEBUG - Execute job: <picamera2.job.Job object at 0x7f5c118710>
2026-05-26 18:03:14,568 - mazeUtils.device.camera - [camera.py:37] - DEBUG - Average HSV: H=143.0, S=90.5, V=36.5
2026-05-26 18:03:14,616 - mazeUtils.moveTile - [moveTile.py:80] - DEBUG - roll: 19.04000000000002 deg, practicalMoveTime: 2.7845391448093535 sec
2026-05-26 18:03:14,617 - mazeUtils.moveTile - [moveTile.py:1105] - DEBUG - moveTile loop time: 58.3 ms
2026-05-26 18:03:14,622 - picamera2.picamera2 - [picamera2.py:1391] - DEBUG - Execute job: <picamera2.job.Job object at 0x7f467c85d0>
2026-05-26 18:03:14,627 - mazeUtils.device.camera - [camera.py:37] - DEBUG - Average HSV: H=141.6, S=93.2, V=36.8
2026-05-26 18:03:14,675 - mazeUtils.moveTile - [moveTile.py:80] - DEBUG - roll: 19.45999999999998 deg, practicalMoveTime: 2.83138203424551 sec
2026-05-26 18:03:14,675 - mazeUtils.moveTile - [moveTile.py:1105] - DEBUG - moveTile loop time: 58.4 ms
2026-05-26 18:03:14,681 - picamera2.picamera2 - [picamera2.py:1391] - DEBUG - Execute job: <picamera2.job.Job object at 0x7f47f04950>
2026-05-26 18:03:14,686 - mazeUtils.device.camera - [camera.py:37] - DEBUG - Average HSV: H=142.2, S=91.6, V=37.0
2026-05-26 18:03:14,735 - mazeUtils.moveTile - [moveTile.py:80] - DEBUG - roll: 19.349999999999966 deg, practicalMoveTime: 2.879187099858062 sec
2026-05-26 18:03:14,735 - mazeUtils.moveTile - [moveTile.py:1105] - DEBUG - moveTile loop time: 59.4 ms
2026-05-26 18:03:14,741 - picamera2.picamera2 - [picamera2.py:1391] - DEBUG - Execute job: <picamera2.job.Job object at 0x7f46cf1450>
2026-05-26 18:03:14,746 - mazeUtils.device.camera - [camera.py:37] - DEBUG - Average HSV: H=141.1, S=93.2, V=38.0
2026-05-26 18:03:14,797 - mazeUtils.moveTile - [moveTile.py:80] - DEBUG - roll: 18.860000000000014 deg, practicalMoveTime: 2.9275845700150014 sec
2026-05-26 18:03:14,798 - mazeUtils.moveTile - [moveTile.py:1105] - DEBUG - moveTile loop time: 62.1 ms
2026-05-26 18:03:14,804 - picamera2.picamera2 - [picamera2.py:1391] - DEBUG - Execute job: <picamera2.job.Job object at 0x7f5c118710>
2026-05-26 18:03:14,809 - mazeUtils.device.camera - [camera.py:37] - DEBUG - Average HSV: H=140.0, S=95.5, V=38.3
2026-05-26 18:03:14,863 - picamera2.picamera2 - [picamera2.py:1391] - DEBUG - Execute job: <picamera2.job.Job object at 0x7f45a26b50>
2026-05-26 18:03:14,868 - mazeUtils.device.camera - [camera.py:37] - DEBUG - Average HSV: H=140.2, S=95.5, V=38.6
2026-05-26 18:03:14,916 - mazeUtils.moveTile - [moveTile.py:80] - DEBUG - roll: 19.129999999999995 deg, practicalMoveTime: 3.0259040415865224 sec
2026-05-26 18:03:14,917 - mazeUtils.moveTile - [moveTile.py:1105] - DEBUG - moveTile loop time: 60.0 ms
2026-05-26 18:03:14,923 - picamera2.picamera2 - [picamera2.py:1391] - DEBUG - Execute job: <picamera2.job.Job object at 0x7f467c85d0>
2026-05-26 18:03:14,928 - mazeUtils.device.camera - [camera.py:37] - DEBUG - Average HSV: H=147.1, S=89.3, V=38.8
2026-05-26 18:03:14,976 - mazeUtils.moveTile - [moveTile.py:80] - DEBUG - roll: 18.45999999999998 deg, practicalMoveTime: 3.07298957504792 sec
2026-05-26 18:03:14,976 - mazeUtils.moveTile - [moveTile.py:1105] - DEBUG - moveTile loop time: 58.9 ms
2026-05-26 18:03:14,983 - picamera2.picamera2 - [picamera2.py:1391] - DEBUG - Execute job: <picamera2.job.Job object at 0x7f45a269d0>
2026-05-26 18:03:14,988 - mazeUtils.device.camera - [camera.py:37] - DEBUG - Average HSV: H=110.4, S=93.4, V=40.8
2026-05-26 18:03:15,038 - mazeUtils.moveTile - [moveTile.py:80] - DEBUG - roll: 19.099999999999966 deg, practicalMoveTime: 3.1233269643794808 sec
2026-05-26 18:03:15,039 - mazeUtils.moveTile - [moveTile.py:1105] - DEBUG - moveTile loop time: 61.8 ms
2026-05-26 18:03:15,044 - picamera2.picamera2 - [picamera2.py:1391] - DEBUG - Execute job: <picamera2.job.Job object at 0x7f46cf0450>
2026-05-26 18:03:15,049 - mazeUtils.device.camera - [camera.py:37] - DEBUG - Average HSV: H=71.3, S=93.5, V=43.6
2026-05-26 18:03:15,099 - mazeUtils.moveTile - [moveTile.py:80] - DEBUG - roll: 19.589999999999975 deg, practicalMoveTime: 3.171323081855561 sec
2026-05-26 18:03:15,099 - mazeUtils.moveTile - [moveTile.py:1105] - DEBUG - moveTile loop time: 60.4 ms
2026-05-26 18:03:15,104 - picamera2.picamera2 - [picamera2.py:1391] - DEBUG - Execute job: <picamera2.job.Job object at 0x7f46cf0450>
2026-05-26 18:03:15,109 - mazeUtils.device.camera - [camera.py:37] - DEBUG - Average HSV: H=74.0, S=79.3, V=52.9
2026-05-26 18:03:15,160 - mazeUtils.moveTile - [moveTile.py:80] - DEBUG - roll: 18.360000000000014 deg, practicalMoveTime: 3.2189115087172016 sec
2026-05-26 18:03:15,161 - mazeUtils.moveTile - [moveTile.py:1105] - DEBUG - moveTile loop time: 61.4 ms
2026-05-26 18:03:15,167 - picamera2.picamera2 - [picamera2.py:1391] - DEBUG - Execute job: <picamera2.job.Job object at 0x7f47f04950>
2026-05-26 18:03:15,172 - mazeUtils.device.camera - [camera.py:37] - DEBUG - Average HSV: H=71.3, S=71.5, V=58.7
2026-05-26 18:03:15,219 - mazeUtils.moveTile - [moveTile.py:80] - DEBUG - roll: 18.879999999999995 deg, practicalMoveTime: 3.2663773784475145 sec
2026-05-26 18:03:15,220 - mazeUtils.moveTile - [moveTile.py:1105] - DEBUG - moveTile loop time: 58.3 ms
2026-05-26 18:03:15,226 - picamera2.picamera2 - [picamera2.py:1391] - DEBUG - Execute job: <picamera2.job.Job object at 0x7f47fb0490>
2026-05-26 18:03:15,229 - mazeUtils.device.camera - [camera.py:37] - DEBUG - Average HSV: H=68.5, S=72.3, V=60.1
2026-05-26 18:03:15,278 - mazeUtils.moveTile - [moveTile.py:80] - DEBUG - roll: 20.0 deg, practicalMoveTime: 3.3117430951501765 sec
2026-05-26 18:03:15,279 - mazeUtils.moveTile - [moveTile.py:1105] - DEBUG - moveTile loop time: 58.9 ms
2026-05-26 18:03:15,285 - picamera2.picamera2 - [picamera2.py:1391] - DEBUG - Execute job: <picamera2.job.Job object at 0x7f46cf1450>
2026-05-26 18:03:15,289 - mazeUtils.device.camera - [camera.py:37] - DEBUG - Average HSV: H=64.2, S=74.2, V=61.9
2026-05-26 18:03:15,338 - mazeUtils.moveTile - [moveTile.py:80] - DEBUG - roll: 18.849999999999966 deg, practicalMoveTime: 3.359930228126066 sec
2026-05-26 18:03:15,338 - mazeUtils.moveTile - [moveTile.py:1105] - DEBUG - moveTile loop time: 59.2 ms
2026-05-26 18:03:15,345 - picamera2.picamera2 - [picamera2.py:1391] - DEBUG - Execute job: <picamera2.job.Job object at 0x7f46cf1450>
2026-05-26 18:03:15,349 - mazeUtils.device.camera - [camera.py:37] - DEBUG - Average HSV: H=59.1, S=81.5, V=59.3
2026-05-26 18:03:15,397 - mazeUtils.moveTile - [moveTile.py:80] - DEBUG - roll: 19.089999999999975 deg, practicalMoveTime: 3.4075285151747305 sec
2026-05-26 18:03:15,397 - mazeUtils.moveTile - [moveTile.py:1105] - DEBUG - moveTile loop time: 58.8 ms
2026-05-26 18:03:15,402 - picamera2.picamera2 - [picamera2.py:1391] - DEBUG - Execute job: <picamera2.job.Job object at 0x7f47fa2190>
2026-05-26 18:03:15,405 - mazeUtils.device.camera - [camera.py:37] - DEBUG - Average HSV: H=63.9, S=81.4, V=58.0
2026-05-26 18:03:15,456 - mazeUtils.moveTile - [moveTile.py:80] - DEBUG - roll: 19.659999999999968 deg, practicalMoveTime: 3.4547657754587737 sec
2026-05-26 18:03:15,456 - mazeUtils.moveTile - [moveTile.py:1105] - DEBUG - moveTile loop time: 58.4 ms
2026-05-26 18:03:15,461 - picamera2.picamera2 - [picamera2.py:1391] - DEBUG - Execute job: <picamera2.job.Job object at 0x7f46cf1450>
2026-05-26 18:03:15,464 - mazeUtils.device.camera - [camera.py:37] - DEBUG - Average HSV: H=62.5, S=78.0, V=62.3
2026-05-26 18:03:15,512 - mazeUtils.moveTile - [moveTile.py:80] - DEBUG - roll: 15.779999999999973 deg, practicalMoveTime: 3.5010308842793556 sec
2026-05-26 18:03:15,512 - mazeUtils.moveTile - [moveTile.py:1105] - DEBUG - moveTile loop time: 56.1 ms
2026-05-26 18:03:15,519 - picamera2.picamera2 - [picamera2.py:1391] - DEBUG - Execute job: <picamera2.job.Job object at 0x7f46cf1450>
2026-05-26 18:03:15,522 - mazeUtils.device.camera - [camera.py:37] - DEBUG - Average HSV: H=70.7, S=74.6, V=62.0
2026-05-26 18:03:15,571 - mazeUtils.moveTile - [moveTile.py:80] - DEBUG - roll: 11.399999999999977 deg, practicalMoveTime: 3.5524998045928022 sec
2026-05-26 18:03:15,571 - mazeUtils.moveTile - [moveTile.py:1105] - DEBUG - moveTile loop time: 58.8 ms
2026-05-26 18:03:15,578 - picamera2.picamera2 - [picamera2.py:1391] - DEBUG - Execute job: <picamera2.job.Job object at 0x7f5c118750>
2026-05-26 18:03:15,582 - mazeUtils.device.camera - [camera.py:37] - DEBUG - Average HSV: H=69.5, S=73.3, V=62.4
2026-05-26 18:03:15,631 - mazeUtils.moveTile - [moveTile.py:80] - DEBUG - roll: 9.399999999999977 deg, practicalMoveTime: 3.6055227329632866 sec
2026-05-26 18:03:15,632 - mazeUtils.moveTile - [moveTile.py:1105] - DEBUG - moveTile loop time: 59.9 ms
2026-05-26 18:03:15,637 - picamera2.picamera2 - [picamera2.py:1391] - DEBUG - Execute job: <picamera2.job.Job object at 0x7f47f04950>
2026-05-26 18:03:15,640 - mazeUtils.device.camera - [camera.py:37] - DEBUG - Average HSV: H=65.8, S=72.8, V=61.5
2026-05-26 18:03:15,688 - mazeUtils.moveTile - [moveTile.py:80] - DEBUG - roll: 7.180000000000007 deg, practicalMoveTime: 3.6553384607753547 sec
2026-05-26 18:03:15,688 - mazeUtils.moveTile - [moveTile.py:1105] - DEBUG - moveTile loop time: 56.0 ms
2026-05-26 18:03:15,694 - picamera2.picamera2 - [picamera2.py:1391] - DEBUG - Execute job: <picamera2.job.Job object at 0x7f46cf0450>
2026-05-26 18:03:15,697 - mazeUtils.device.camera - [camera.py:37] - DEBUG - Average HSV: H=72.4, S=72.4, V=61.8
2026-05-26 18:03:15,744 - mazeUtils.moveTile - [moveTile.py:80] - DEBUG - roll: 3.7900000000000205 deg, practicalMoveTime: 3.7055282436710404 sec
2026-05-26 18:03:15,744 - mazeUtils.moveTile - [moveTile.py:1105] - DEBUG - moveTile loop time: 56.2 ms
2026-05-26 18:03:15,749 - picamera2.picamera2 - [picamera2.py:1391] - DEBUG - Execute job: <picamera2.job.Job object at 0x7f46cf1450>
2026-05-26 18:03:15,753 - mazeUtils.device.camera - [camera.py:37] - DEBUG - Average HSV: H=74.6, S=73.3, V=61.5
2026-05-26 18:03:15,802 - mazeUtils.moveTile - [moveTile.py:80] - DEBUG - roll: 1.2199999999999704 deg, practicalMoveTime: 3.7576948221824478 sec
2026-05-26 18:03:15,803 - mazeUtils.moveTile - [moveTile.py:1105] - DEBUG - moveTile loop time: 58.6 ms
2026-05-26 18:03:15,808 - picamera2.picamera2 - [picamera2.py:1391] - DEBUG - Execute job: <picamera2.job.Job object at 0x7f47fb0490>
2026-05-26 18:03:15,812 - mazeUtils.device.camera - [camera.py:37] - DEBUG - Average HSV: H=76.6, S=81.3, V=61.0
2026-05-26 18:03:15,860 - mazeUtils.moveTile - [moveTile.py:80] - DEBUG - roll: 359.67 deg, practicalMoveTime: 3.8144277278381535 sec
2026-05-26 18:03:15,860 - mazeUtils.moveTile - [moveTile.py:1105] - DEBUG - moveTile loop time: 56.9 ms
2026-05-26 18:03:15,865 - picamera2.picamera2 - [picamera2.py:1391] - DEBUG - Execute job: <picamera2.job.Job object at 0x7f47fa2190>
2026-05-26 18:03:15,868 - mazeUtils.device.camera - [camera.py:37] - DEBUG - Average HSV: H=71.8, S=85.4, V=59.7
2026-05-26 18:03:15,919 - mazeUtils.moveTile - [moveTile.py:80] - DEBUG - roll: 359.14 deg, practicalMoveTime: 3.8727075905912396 sec
2026-05-26 18:03:15,919 - mazeUtils.moveTile - [moveTile.py:1105] - DEBUG - moveTile loop time: 58.6 ms
2026-05-26 18:03:15,925 - picamera2.picamera2 - [picamera2.py:1391] - DEBUG - Execute job: <picamera2.job.Job object at 0x7f5c118750>
2026-05-26 18:03:15,929 - mazeUtils.device.camera - [camera.py:37] - DEBUG - Average HSV: H=95.3, S=80.0, V=60.0
2026-05-26 18:03:16,061 - mazeUtils.moveTile - [moveTile.py:80] - DEBUG - Little forward to adjust position
2026-05-26 18:03:16,807 - mazeUtils.moveTile - [moveTile.py:511] - DEBUG - Direction: absDirection.NORTH, Angle: 90, Distance: 17.760190132362613 cm
2026-05-26 18:03:16,808 - mazeUtils.moveTile - [moveTile.py:511] - DEBUG - Direction: absDirection.EAST, Angle: 0, Distance: 13.8929085312037 cm
2026-05-26 18:03:16,809 - mazeUtils.moveTile - [moveTile.py:511] - DEBUG - Direction: absDirection.SOUTH, Angle: 270, Distance: 15.27683425739459 cm
2026-05-26 18:03:16,810 - mazeUtils.moveTile - [moveTile.py:511] - DEBUG - Direction: absDirection.WEST, Angle: 180, Distance: 140.5773275645323 cm
2026-05-26 18:03:16,811 - mazeUtils.moveTile - [moveTile.py:1274] - INFO - Tile color detection counts: {}, decided tile type: E
2026-05-26 18:03:16,940 - __main__ - [main.py:84] - INFO - Current position: (15, 23, 2), front direction: absDirection.EAST
Layer 0 (altitude=0.0cm, offset=(0.0cm, 0.0cm)):
Known map area: x=15..20, y=19..23
+   +   +   +   +   +---+
  U   U   U   U   U   E |
+   +   +   +   +   +   +
  U   U   U   U   U   S |
+   +   +   +   +   +---+
  U   U   U | E   U   U  
+---+---+---+   +---+---+
| E   E   E   E   E   E |
+   +---+---+---+   +   +
| E   U   U   U | E   E |
+---+   +   +   +---+---+
Layer 1 (altitude=15.0cm, offset=(-60.0cm, 0.0cm)):
Known map area: x=20..20, y=19..19
+---+
| E  
+   +
Layer 2 (altitude=45.0cm, offset=(120.0cm, 0.0cm)):
Known map area: x=15..15, y=23..23
+---+
  @ |
+---+
mazeAsGraph[0][19][20] = {absDirection.NORTH: None, absDirection.EAST: None, absDirection.SOUTH: (20, 20, 0), absDirection.WEST: (20, 19, 1)}
mazeAsGraph[0][20][20] = {absDirection.NORTH: (20, 19, 0), absDirection.EAST: None, absDirection.SOUTH: None, absDirection.WEST: (19, 20, 0)}
mazeAsGraph[0][21][18] = {absDirection.NORTH: (20, 19, 1), absDirection.EAST: (19, 21, 0), absDirection.SOUTH: (18, 22, 0), absDirection.WEST: None}
mazeAsGraph[0][22][15] = {absDirection.NORTH: None, absDirection.EAST: (16, 22, 0), absDirection.SOUTH: (15, 23, 0), absDirection.WEST: None}
mazeAsGraph[0][22][16] = {absDirection.NORTH: None, absDirection.EAST: (17, 22, 0), absDirection.SOUTH: None, absDirection.WEST: (15, 22, 0)}
mazeAsGraph[0][22][17] = {absDirection.NORTH: None, absDirection.EAST: (18, 22, 0), absDirection.SOUTH: None, absDirection.WEST: (16, 22, 0)}
mazeAsGraph[0][22][18] = {absDirection.NORTH: (18, 21, 0), absDirection.EAST: (19, 22, 0), absDirection.SOUTH: None, absDirection.WEST: (17, 22, 0)}
mazeAsGraph[0][22][19] = {absDirection.NORTH: None, absDirection.EAST: (20, 22, 0), absDirection.SOUTH: (19, 23, 0), absDirection.WEST: (18, 22, 0)}
mazeAsGraph[0][22][20] = {absDirection.NORTH: None, absDirection.EAST: None, absDirection.SOUTH: (20, 23, 0), absDirection.WEST: (19, 22, 0)}
mazeAsGraph[0][23][15] = {absDirection.NORTH: (15, 22, 0), absDirection.EAST: (15, 23, 2), absDirection.SOUTH: None, absDirection.WEST: None}
mazeAsGraph[0][23][19] = {absDirection.NORTH: (19, 22, 0), absDirection.EAST: (20, 23, 0), absDirection.SOUTH: None, absDirection.WEST: None}
mazeAsGraph[0][23][20] = {absDirection.NORTH: (20, 22, 0), absDirection.EAST: None, absDirection.SOUTH: None, absDirection.WEST: (19, 23, 0)}
mazeAsGraph[1][19][20] = {absDirection.NORTH: None, absDirection.EAST: (20, 19, 0), absDirection.SOUTH: (18, 21, 0), absDirection.WEST: None}
mazeAsGraph[2][23][15] = {absDirection.NORTH: None, absDirection.EAST: None, absDirection.SOUTH: None, absDirection.WEST: (15, 23, 0)}
2026-05-26 18:03:16,950 - mazeUtils.mazeMap - [mazeMap.py:61] - INFO - next goal: (19, 21, 0)
2026-05-26 18:03:16,951 - mazeUtils.mazeMap - [mazeMap.py:61] - INFO - next goal: (19, 21, 0)
2026-05-26 18:03:16,958 - mazeUtils.moveTile - [moveTile.py:80] - DEBUG - Moving to absDirection.WEST from (15, 23, 2) facing absDirection.EAST
2026-05-26 18:03:17,004 - mazeUtils.moveTile - [moveTile.py:80] - DEBUG - current heading: 269.67999999999995 target: 90
2026-05-26 18:03:18,882 - mazeUtils.moveTile - [moveTile.py:387] - DEBUG - stopped turning at heading: 99.75999999999999, diff: 9.759999999999991
2026-05-26 18:03:20,027 - mazeUtils.moveTile - [moveTile.py:80] - DEBUG - Turned to heading: 90.19999999999999 deg
2026-05-26 18:03:20,139 - picamera2.picamera2 - [picamera2.py:1391] - DEBUG - Execute job: <picamera2.job.Job object at 0x7f5c47a1d0>
2026-05-26 18:03:20,143 - mazeUtils.device.camera - [camera.py:37] - DEBUG - Average HSV: H=46.6, S=116.3, V=37.3
2026-05-26 18:03:20,191 - mazeUtils.moveTile - [moveTile.py:80] - DEBUG - roll: 1.4399999999999977 deg, practicalMoveTime: 0.05172218485646725 sec
2026-05-26 18:03:20,192 - mazeUtils.moveTile - [moveTile.py:1105] - DEBUG - moveTile loop time: 57.6 ms
2026-05-26 18:03:20,199 - picamera2.picamera2 - [picamera2.py:1391] - DEBUG - Execute job: <picamera2.job.Job object at 0x7f467c85d0>
2026-05-26 18:03:20,204 - mazeUtils.device.camera - [camera.py:37] - DEBUG - Average HSV: H=49.6, S=117.6, V=36.4
2026-05-26 18:03:20,254 - mazeUtils.moveTile - [moveTile.py:80] - DEBUG - roll: 0.8700000000000045 deg, practicalMoveTime: 0.10776123230109244 sec
2026-05-26 18:03:20,255 - mazeUtils.moveTile - [moveTile.py:1105] - DEBUG - moveTile loop time: 63.0 ms
2026-05-26 18:03:20,261 - picamera2.picamera2 - [picamera2.py:1391] - DEBUG - Execute job: <picamera2.job.Job object at 0x7f46508c50>
2026-05-26 18:03:20,266 - mazeUtils.device.camera - [camera.py:37] - DEBUG - Average HSV: H=74.8, S=110.9, V=35.0
2026-05-26 18:03:20,315 - mazeUtils.moveTile - [moveTile.py:80] - DEBUG - roll: 1.4499999999999886 deg, practicalMoveTime: 0.1611173114721043 sec
2026-05-26 18:03:20,315 - mazeUtils.moveTile - [moveTile.py:1105] - DEBUG - moveTile loop time: 59.4 ms
2026-05-26 18:03:20,321 - picamera2.picamera2 - [picamera2.py:1391] - DEBUG - Execute job: <picamera2.job.Job object at 0x7f46cd4e50>
2026-05-26 18:03:20,325 - mazeUtils.device.camera - [camera.py:37] - DEBUG - Average HSV: H=112.6, S=62.5, V=45.0
2026-05-26 18:03:20,375 - mazeUtils.moveTile - [moveTile.py:80] - DEBUG - roll: 1.1200000000000045 deg, practicalMoveTime: 0.2145384236108403 sec
2026-05-26 18:03:20,375 - mazeUtils.moveTile - [moveTile.py:1105] - DEBUG - moveTile loop time: 59.9 ms
2026-05-26 18:03:20,381 - picamera2.picamera2 - [picamera2.py:1391] - DEBUG - Execute job: <picamera2.job.Job object at 0x7f45916cd0>
2026-05-26 18:03:20,386 - mazeUtils.device.camera - [camera.py:37] - DEBUG - Average HSV: H=105.6, S=62.3, V=45.4
2026-05-26 18:03:20,436 - mazeUtils.moveTile - [moveTile.py:80] - DEBUG - roll: 0.9800000000000182 deg, practicalMoveTime: 0.2685510696912312 sec
2026-05-26 18:03:20,436 - mazeUtils.moveTile - [moveTile.py:1105] - DEBUG - moveTile loop time: 60.7 ms
2026-05-26 18:03:20,442 - picamera2.picamera2 - [picamera2.py:1391] - DEBUG - Execute job: <picamera2.job.Job object at 0x7f46437750>
2026-05-26 18:03:20,447 - mazeUtils.device.camera - [camera.py:37] - DEBUG - Average HSV: H=109.3, S=62.9, V=45.8
2026-05-26 18:03:20,495 - mazeUtils.moveTile - [moveTile.py:80] - DEBUG - roll: 1.420000000000016 deg, practicalMoveTime: 0.3209700073871546 sec
2026-05-26 18:03:20,495 - mazeUtils.moveTile - [moveTile.py:1105] - DEBUG - moveTile loop time: 58.6 ms
2026-05-26 18:03:20,501 - picamera2.picamera2 - [picamera2.py:1391] - DEBUG - Execute job: <picamera2.job.Job object at 0x7f5c1f4050>
2026-05-26 18:03:20,505 - mazeUtils.device.camera - [camera.py:37] - DEBUG - Average HSV: H=123.9, S=60.1, V=46.6
2026-05-26 18:03:20,554 - mazeUtils.moveTile - [moveTile.py:80] - DEBUG - roll: 1.259999999999991 deg, practicalMoveTime: 0.37322782875060284 sec
2026-05-26 18:03:20,554 - mazeUtils.moveTile - [moveTile.py:1105] - DEBUG - moveTile loop time: 58.4 ms
2026-05-26 18:03:20,560 - picamera2.picamera2 - [picamera2.py:1391] - DEBUG - Execute job: <picamera2.job.Job object at 0x7f46cd7a90>
2026-05-26 18:03:20,565 - mazeUtils.device.camera - [camera.py:37] - DEBUG - Average HSV: H=144.9, S=58.0, V=46.8
2026-05-26 18:03:20,614 - mazeUtils.moveTile - [moveTile.py:80] - DEBUG - roll: 1.3600000000000136 deg, practicalMoveTime: 0.42719261561704974 sec
2026-05-26 18:03:20,615 - mazeUtils.moveTile - [moveTile.py:1105] - DEBUG - moveTile loop time: 60.6 ms
2026-05-26 18:03:20,619 - picamera2.picamera2 - [picamera2.py:1391] - DEBUG - Execute job: <picamera2.job.Job object at 0x7f46cd4e50>
2026-05-26 18:03:20,625 - mazeUtils.device.camera - [camera.py:37] - DEBUG - Average HSV: H=147.4, S=59.8, V=48.5
2026-05-26 18:03:20,676 - mazeUtils.moveTile - [moveTile.py:80] - DEBUG - roll: 2.769999999999982 deg, practicalMoveTime: 0.48201570742740973 sec
2026-05-26 18:03:20,677 - mazeUtils.moveTile - [moveTile.py:1105] - DEBUG - moveTile loop time: 61.9 ms
2026-05-26 18:03:20,684 - picamera2.picamera2 - [picamera2.py:1391] - DEBUG - Execute job: <picamera2.job.Job object at 0x7f467c85d0>
2026-05-26 18:03:20,689 - mazeUtils.device.camera - [camera.py:37] - DEBUG - Average HSV: H=144.4, S=60.0, V=50.9
2026-05-26 18:03:20,736 - mazeUtils.moveTile - [moveTile.py:80] - DEBUG - roll: 2.8999999999999773 deg, practicalMoveTime: 0.5349512831429385 sec
2026-05-26 18:03:20,738 - mazeUtils.moveTile - [moveTile.py:1105] - DEBUG - moveTile loop time: 59.8 ms
2026-05-26 18:03:20,743 - picamera2.picamera2 - [picamera2.py:1391] - DEBUG - Execute job: <picamera2.job.Job object at 0x7f46508c50>
2026-05-26 18:03:20,747 - mazeUtils.device.camera - [camera.py:37] - DEBUG - Average HSV: H=150.6, S=62.1, V=48.6
2026-05-26 18:03:20,796 - mazeUtils.moveTile - [moveTile.py:80] - DEBUG - roll: 358.9 deg, practicalMoveTime: 0.5931835859274969 sec
2026-05-26 18:03:20,797 - mazeUtils.moveTile - [moveTile.py:1105] - DEBUG - moveTile loop time: 58.5 ms
2026-05-26 18:03:20,803 - picamera2.picamera2 - [picamera2.py:1391] - DEBUG - Execute job: <picamera2.job.Job object at 0x7f5c1f4050>
2026-05-26 18:03:20,807 - mazeUtils.device.camera - [camera.py:37] - DEBUG - Average HSV: H=156.0, S=66.6, V=46.5
2026-05-26 18:03:20,855 - mazeUtils.moveTile - [moveTile.py:80] - DEBUG - roll: 356.59 deg, practicalMoveTime: 0.6510350489800434 sec
2026-05-26 18:03:20,855 - mazeUtils.moveTile - [moveTile.py:1105] - DEBUG - moveTile loop time: 58.2 ms
2026-05-26 18:03:20,859 - picamera2.picamera2 - [picamera2.py:1391] - DEBUG - Execute job: <picamera2.job.Job object at 0x7f46508c50>
2026-05-26 18:03:20,864 - mazeUtils.device.camera - [camera.py:37] - DEBUG - Average HSV: H=158.7, S=66.0, V=46.1
2026-05-26 18:03:20,913 - mazeUtils.moveTile - [moveTile.py:80] - DEBUG - roll: 354.03 deg, practicalMoveTime: 0.7085353776369706 sec
2026-05-26 18:03:20,914 - mazeUtils.moveTile - [moveTile.py:1105] - DEBUG - moveTile loop time: 58.3 ms
2026-05-26 18:03:20,919 - picamera2.picamera2 - [picamera2.py:1391] - DEBUG - Execute job: <picamera2.job.Job object at 0x7f46437b50>
2026-05-26 18:03:20,923 - mazeUtils.device.camera - [camera.py:37] - DEBUG - Average HSV: H=158.5, S=64.3, V=46.2
2026-05-26 18:03:20,974 - mazeUtils.moveTile - [moveTile.py:80] - DEBUG - roll: 351.18 deg, practicalMoveTime: 0.7674432030413333 sec
2026-05-26 18:03:20,975 - mazeUtils.moveTile - [moveTile.py:1105] - DEBUG - moveTile loop time: 60.3 ms
2026-05-26 18:03:20,979 - picamera2.picamera2 - [picamera2.py:1391] - DEBUG - Execute job: <picamera2.job.Job object at 0x7f45916e10>
2026-05-26 18:03:20,984 - mazeUtils.device.camera - [camera.py:37] - DEBUG - Average HSV: H=156.4, S=65.8, V=45.2
2026-05-26 18:03:21,032 - mazeUtils.moveTile - [moveTile.py:80] - DEBUG - roll: 348.75 deg, practicalMoveTime: 0.824059220796696 sec
2026-05-26 18:03:21,033 - mazeUtils.moveTile - [moveTile.py:1105] - DEBUG - moveTile loop time: 57.9 ms
2026-05-26 18:03:21,039 - picamera2.picamera2 - [picamera2.py:1391] - DEBUG - Execute job: <picamera2.job.Job object at 0x7f46437c50>
2026-05-26 18:03:21,043 - mazeUtils.device.camera - [camera.py:37] - DEBUG - Average HSV: H=154.3, S=67.3, V=44.5
2026-05-26 18:03:21,092 - mazeUtils.moveTile - [moveTile.py:80] - DEBUG - roll: 344.28 deg, practicalMoveTime: 0.8763039904927187 sec
2026-05-26 18:03:21,093 - mazeUtils.moveTile - [moveTile.py:1105] - DEBUG - moveTile loop time: 59.2 ms
2026-05-26 18:03:21,098 - picamera2.picamera2 - [picamera2.py:1391] - DEBUG - Execute job: <picamera2.job.Job object at 0x7f46508c50>
2026-05-26 18:03:21,103 - mazeUtils.device.camera - [camera.py:37] - DEBUG - Average HSV: H=152.0, S=61.9, V=45.4
2026-05-26 18:03:21,153 - mazeUtils.moveTile - [moveTile.py:80] - DEBUG - roll: 342.12 deg, practicalMoveTime: 0.9301517861889504 sec
2026-05-26 18:03:21,154 - mazeUtils.moveTile - [moveTile.py:1105] - DEBUG - moveTile loop time: 61.0 ms
2026-05-26 18:03:21,161 - picamera2.picamera2 - [picamera2.py:1391] - DEBUG - Execute job: <picamera2.job.Job object at 0x7f46cd7a90>
2026-05-26 18:03:21,166 - mazeUtils.device.camera - [camera.py:37] - DEBUG - Average HSV: H=152.2, S=61.4, V=45.5
2026-05-26 18:03:21,216 - mazeUtils.moveTile - [moveTile.py:80] - DEBUG - roll: 342.19 deg, practicalMoveTime: 0.9845771240111715 sec
2026-05-26 18:03:21,217 - mazeUtils.moveTile - [moveTile.py:1105] - DEBUG - moveTile loop time: 61.9 ms
2026-05-26 18:03:21,222 - picamera2.picamera2 - [picamera2.py:1391] - DEBUG - Execute job: <picamera2.job.Job object at 0x7f5c1f4050>
2026-05-26 18:03:21,227 - mazeUtils.device.camera - [camera.py:37] - DEBUG - Average HSV: H=151.1, S=62.6, V=45.8
2026-05-26 18:03:21,279 - picamera2.picamera2 - [picamera2.py:1391] - DEBUG - Execute job: <picamera2.job.Job object at 0x7f467c85d0>
2026-05-26 18:03:21,284 - mazeUtils.device.camera - [camera.py:37] - DEBUG - Average HSV: H=152.0, S=61.3, V=46.6
2026-05-26 18:03:21,333 - mazeUtils.moveTile - [moveTile.py:80] - DEBUG - roll: 342.03999999999996 deg, practicalMoveTime: 1.0922667383298268 sec
2026-05-26 18:03:21,333 - mazeUtils.moveTile - [moveTile.py:1105] - DEBUG - moveTile loop time: 58.3 ms
2026-05-26 18:03:21,339 - picamera2.picamera2 - [picamera2.py:1391] - DEBUG - Execute job: <picamera2.job.Job object at 0x7f46508c50>
2026-05-26 18:03:21,344 - mazeUtils.device.camera - [camera.py:37] - DEBUG - Average HSV: H=152.2, S=63.9, V=47.1
2026-05-26 18:03:21,392 - mazeUtils.moveTile - [moveTile.py:80] - DEBUG - roll: 342.65999999999997 deg, practicalMoveTime: 1.1457506016905263 sec
2026-05-26 18:03:21,393 - mazeUtils.moveTile - [moveTile.py:1105] - DEBUG - moveTile loop time: 60.0 ms
2026-05-26 18:03:21,399 - picamera2.picamera2 - [picamera2.py:1391] - DEBUG - Execute job: <picamera2.job.Job object at 0x7f467c85d0>
2026-05-26 18:03:21,403 - mazeUtils.device.camera - [camera.py:37] - DEBUG - Average HSV: H=151.4, S=66.4, V=47.1
2026-05-26 18:03:21,452 - mazeUtils.moveTile - [moveTile.py:80] - DEBUG - roll: 342.5 deg, practicalMoveTime: 1.1990928041615387 sec
2026-05-26 18:03:21,453 - mazeUtils.moveTile - [moveTile.py:1105] - DEBUG - moveTile loop time: 58.6 ms
2026-05-26 18:03:21,458 - picamera2.picamera2 - [picamera2.py:1391] - DEBUG - Execute job: <picamera2.job.Job object at 0x7f46508c50>
2026-05-26 18:03:21,463 - mazeUtils.device.camera - [camera.py:37] - DEBUG - Average HSV: H=150.6, S=66.2, V=48.2
2026-05-26 18:03:21,511 - mazeUtils.moveTile - [moveTile.py:80] - DEBUG - roll: 342.12 deg, practicalMoveTime: 1.2516234259039847 sec
2026-05-26 18:03:21,511 - mazeUtils.moveTile - [moveTile.py:1105] - DEBUG - moveTile loop time: 58.3 ms
2026-05-26 18:03:21,518 - picamera2.picamera2 - [picamera2.py:1391] - DEBUG - Execute job: <picamera2.job.Job object at 0x7f45916e10>
2026-05-26 18:03:21,523 - mazeUtils.device.camera - [camera.py:37] - DEBUG - Average HSV: H=149.5, S=66.2, V=50.2
2026-05-26 18:03:21,571 - mazeUtils.moveTile - [moveTile.py:80] - DEBUG - roll: 342.40999999999997 deg, practicalMoveTime: 1.305835273105011 sec
2026-05-26 18:03:21,572 - mazeUtils.moveTile - [moveTile.py:1105] - DEBUG - moveTile loop time: 60.5 ms
2026-05-26 18:03:21,578 - picamera2.picamera2 - [picamera2.py:1391] - DEBUG - Execute job: <picamera2.job.Job object at 0x7f46508c50>
2026-05-26 18:03:21,582 - mazeUtils.device.camera - [camera.py:37] - DEBUG - Average HSV: H=146.4, S=70.1, V=51.9
2026-05-26 18:03:21,633 - mazeUtils.moveTile - [moveTile.py:80] - DEBUG - roll: 342.87 deg, practicalMoveTime: 1.3587926064915423 sec
2026-05-26 18:03:21,634 - mazeUtils.moveTile - [moveTile.py:1105] - DEBUG - moveTile loop time: 61.8 ms
2026-05-26 18:03:21,639 - picamera2.picamera2 - [picamera2.py:1391] - DEBUG - Execute job: <picamera2.job.Job object at 0x7f46cd7a90>
2026-05-26 18:03:21,643 - mazeUtils.device.camera - [camera.py:37] - DEBUG - Average HSV: H=146.1, S=63.1, V=56.5
2026-05-26 18:03:21,692 - mazeUtils.moveTile - [moveTile.py:80] - DEBUG - roll: 342.31 deg, practicalMoveTime: 1.4110888455113861 sec
2026-05-26 18:03:21,693 - mazeUtils.moveTile - [moveTile.py:1105] - DEBUG - moveTile loop time: 57.8 ms
2026-05-26 18:03:21,699 - picamera2.picamera2 - [picamera2.py:1391] - DEBUG - Execute job: <picamera2.job.Job object at 0x7f47f540d0>
2026-05-26 18:03:21,703 - mazeUtils.device.camera - [camera.py:37] - DEBUG - Average HSV: H=154.8, S=51.9, V=58.4
2026-05-26 18:03:21,752 - mazeUtils.moveTile - [moveTile.py:80] - DEBUG - roll: 342.46 deg, practicalMoveTime: 1.4645943402688113 sec
2026-05-26 18:03:21,753 - mazeUtils.moveTile - [moveTile.py:1105] - DEBUG - moveTile loop time: 59.4 ms
2026-05-26 18:03:21,758 - picamera2.picamera2 - [picamera2.py:1391] - DEBUG - Execute job: <picamera2.job.Job object at 0x7f459c5150>
2026-05-26 18:03:21,763 - mazeUtils.device.camera - [camera.py:37] - DEBUG - Average HSV: H=155.0, S=53.9, V=57.7
2026-05-26 18:03:21,811 - mazeUtils.moveTile - [moveTile.py:80] - DEBUG - roll: 342.21 deg, practicalMoveTime: 1.5172582154632699 sec
2026-05-26 18:03:21,812 - mazeUtils.moveTile - [moveTile.py:1105] - DEBUG - moveTile loop time: 59.4 ms
2026-05-26 18:03:21,817 - picamera2.picamera2 - [picamera2.py:1391] - DEBUG - Execute job: <picamera2.job.Job object at 0x7f5c1f4050>
2026-05-26 18:03:21,822 - mazeUtils.device.camera - [camera.py:37] - DEBUG - Average HSV: H=155.8, S=56.9, V=56.4
2026-05-26 18:03:21,873 - mazeUtils.moveTile - [moveTile.py:80] - DEBUG - roll: 342.15 deg, practicalMoveTime: 1.5693633369523459 sec
2026-05-26 18:03:21,874 - mazeUtils.moveTile - [moveTile.py:1105] - DEBUG - moveTile loop time: 60.9 ms
2026-05-26 18:03:21,879 - picamera2.picamera2 - [picamera2.py:1391] - DEBUG - Execute job: <picamera2.job.Job object at 0x7f47f540d0>
2026-05-26 18:03:21,884 - mazeUtils.device.camera - [camera.py:37] - DEBUG - Average HSV: H=154.3, S=56.5, V=56.9
2026-05-26 18:03:21,932 - mazeUtils.moveTile - [moveTile.py:80] - DEBUG - roll: 342.12 deg, practicalMoveTime: 1.6217936674135562 sec
2026-05-26 18:03:21,932 - mazeUtils.moveTile - [moveTile.py:1105] - DEBUG - moveTile loop time: 57.9 ms
2026-05-26 18:03:21,938 - picamera2.picamera2 - [picamera2.py:1391] - DEBUG - Execute job: <picamera2.job.Job object at 0x7f45916cd0>
2026-05-26 18:03:21,943 - mazeUtils.device.camera - [camera.py:37] - DEBUG - Average HSV: H=147.7, S=61.2, V=57.6
2026-05-26 18:03:21,991 - mazeUtils.moveTile - [moveTile.py:80] - DEBUG - roll: 342.14 deg, practicalMoveTime: 1.6752413209530508 sec
2026-05-26 18:03:21,991 - mazeUtils.moveTile - [moveTile.py:1105] - DEBUG - moveTile loop time: 59.1 ms
2026-05-26 18:03:21,997 - picamera2.picamera2 - [picamera2.py:1391] - DEBUG - Execute job: <picamera2.job.Job object at 0x7f46508c50>
2026-05-26 18:03:22,003 - mazeUtils.device.camera - [camera.py:37] - DEBUG - Average HSV: H=142.6, S=67.8, V=59.4
2026-05-26 18:03:22,053 - mazeUtils.moveTile - [moveTile.py:80] - DEBUG - roll: 342.15 deg, practicalMoveTime: 1.7308529178408807 sec
2026-05-26 18:03:22,053 - mazeUtils.moveTile - [moveTile.py:1105] - DEBUG - moveTile loop time: 61.4 ms
2026-05-26 18:03:22,059 - picamera2.picamera2 - [picamera2.py:1391] - DEBUG - Execute job: <picamera2.job.Job object at 0x7f45916e50>
2026-05-26 18:03:22,065 - mazeUtils.device.camera - [camera.py:37] - DEBUG - Average HSV: H=147.1, S=60.2, V=59.1
2026-05-26 18:03:22,116 - mazeUtils.moveTile - [moveTile.py:80] - DEBUG - roll: 342.15999999999997 deg, practicalMoveTime: 1.7854769835474893 sec
2026-05-26 18:03:22,117 - mazeUtils.moveTile - [moveTile.py:1105] - DEBUG - moveTile loop time: 63.1 ms
2026-05-26 18:03:22,122 - picamera2.picamera2 - [picamera2.py:1391] - DEBUG - Execute job: <picamera2.job.Job object at 0x7f47f540d0>
2026-05-26 18:03:22,128 - mazeUtils.device.camera - [camera.py:37] - DEBUG - Average HSV: H=157.8, S=41.0, V=68.8
2026-05-26 18:03:22,179 - mazeUtils.moveTile - [moveTile.py:80] - DEBUG - roll: 342.32 deg, practicalMoveTime: 1.8400020491475624 sec
2026-05-26 18:03:22,180 - mazeUtils.moveTile - [moveTile.py:1105] - DEBUG - moveTile loop time: 62.8 ms
2026-05-26 18:03:22,187 - picamera2.picamera2 - [picamera2.py:1391] - DEBUG - Execute job: <picamera2.job.Job object at 0x7f46cd4e50>
2026-05-26 18:03:22,192 - mazeUtils.device.camera - [camera.py:37] - DEBUG - Average HSV: H=154.8, S=40.4, V=69.7
2026-05-26 18:03:22,243 - mazeUtils.moveTile - [moveTile.py:80] - DEBUG - roll: 342.53999999999996 deg, practicalMoveTime: 1.8961311279824486 sec
2026-05-26 18:03:22,244 - mazeUtils.moveTile - [moveTile.py:1105] - DEBUG - moveTile loop time: 63.5 ms
2026-05-26 18:03:22,250 - picamera2.picamera2 - [picamera2.py:1391] - DEBUG - Execute job: <picamera2.job.Job object at 0x7f5c118750>
2026-05-26 18:03:22,255 - mazeUtils.device.camera - [camera.py:37] - DEBUG - Average HSV: H=147.0, S=55.4, V=63.2
2026-05-26 18:03:22,308 - mazeUtils.moveTile - [moveTile.py:80] - DEBUG - roll: 342.58 deg, practicalMoveTime: 1.9519319750737414 sec
2026-05-26 18:03:22,308 - mazeUtils.moveTile - [moveTile.py:1105] - DEBUG - moveTile loop time: 64.1 ms
2026-05-26 18:03:22,314 - picamera2.picamera2 - [picamera2.py:1391] - DEBUG - Execute job: <picamera2.job.Job object at 0x7f5c1f4050>
2026-05-26 18:03:22,318 - mazeUtils.device.camera - [camera.py:37] - DEBUG - Average HSV: H=149.8, S=54.5, V=57.9
2026-05-26 18:03:22,374 - picamera2.picamera2 - [picamera2.py:1391] - DEBUG - Execute job: <picamera2.job.Job object at 0x7f47f540d0>
2026-05-26 18:03:22,378 - mazeUtils.device.camera - [camera.py:37] - DEBUG - Average HSV: H=157.1, S=51.1, V=57.1
2026-05-26 18:03:22,427 - mazeUtils.moveTile - [moveTile.py:80] - DEBUG - roll: 342.55 deg, practicalMoveTime: 2.0616700473095126 sec
2026-05-26 18:03:22,427 - mazeUtils.moveTile - [moveTile.py:1105] - DEBUG - moveTile loop time: 59.5 ms
2026-05-26 18:03:22,433 - picamera2.picamera2 - [picamera2.py:1391] - DEBUG - Execute job: <picamera2.job.Job object at 0x7f45916e10>
2026-05-26 18:03:22,438 - mazeUtils.device.camera - [camera.py:37] - DEBUG - Average HSV: H=158.0, S=52.8, V=56.2
2026-05-26 18:03:22,489 - mazeUtils.moveTile - [moveTile.py:80] - DEBUG - roll: 342.62 deg, practicalMoveTime: 2.116916317973682 sec
2026-05-26 18:03:22,490 - mazeUtils.moveTile - [moveTile.py:1105] - DEBUG - moveTile loop time: 61.9 ms
2026-05-26 18:03:22,494 - picamera2.picamera2 - [picamera2.py:1391] - DEBUG - Execute job: <picamera2.job.Job object at 0x7f46508c50>
2026-05-26 18:03:22,499 - mazeUtils.device.camera - [camera.py:37] - DEBUG - Average HSV: H=147.7, S=56.5, V=57.9
2026-05-26 18:03:22,548 - mazeUtils.moveTile - [moveTile.py:80] - DEBUG - roll: 342.26 deg, practicalMoveTime: 2.169229772623996 sec
2026-05-26 18:03:22,549 - mazeUtils.moveTile - [moveTile.py:1105] - DEBUG - moveTile loop time: 59.0 ms
2026-05-26 18:03:22,554 - picamera2.picamera2 - [picamera2.py:1391] - DEBUG - Execute job: <picamera2.job.Job object at 0x7f5c47a1d0>
2026-05-26 18:03:22,559 - mazeUtils.device.camera - [camera.py:37] - DEBUG - Average HSV: H=139.8, S=66.3, V=61.2
2026-05-26 18:03:22,607 - mazeUtils.moveTile - [moveTile.py:80] - DEBUG - roll: 342.14 deg, practicalMoveTime: 2.221934460980503 sec
2026-05-26 18:03:22,608 - mazeUtils.moveTile - [moveTile.py:1105] - DEBUG - moveTile loop time: 57.8 ms
2026-05-26 18:03:22,613 - picamera2.picamera2 - [picamera2.py:1391] - DEBUG - Execute job: <picamera2.job.Job object at 0x7f467c85d0>
2026-05-26 18:03:22,618 - mazeUtils.device.camera - [camera.py:37] - DEBUG - Average HSV: H=138.2, S=70.2, V=61.5
2026-05-26 18:03:22,667 - mazeUtils.moveTile - [moveTile.py:80] - DEBUG - roll: 342.24 deg, practicalMoveTime: 2.274456865747176 sec
2026-05-26 18:03:22,667 - mazeUtils.moveTile - [moveTile.py:1105] - DEBUG - moveTile loop time: 58.8 ms
2026-05-26 18:03:22,672 - picamera2.picamera2 - [picamera2.py:1391] - DEBUG - Execute job: <picamera2.job.Job object at 0x7f46cd4e50>
2026-05-26 18:03:22,678 - mazeUtils.device.camera - [camera.py:37] - DEBUG - Average HSV: H=136.6, S=71.1, V=63.3
2026-05-26 18:03:22,726 - mazeUtils.moveTile - [moveTile.py:80] - DEBUG - roll: 341.45 deg, practicalMoveTime: 2.3267459493383518 sec
2026-05-26 18:03:22,727 - mazeUtils.moveTile - [moveTile.py:1105] - DEBUG - moveTile loop time: 59.9 ms
2026-05-26 18:03:22,735 - picamera2.picamera2 - [picamera2.py:1391] - DEBUG - Execute job: <picamera2.job.Job object at 0x7f5c1f4050>
2026-05-26 18:03:22,739 - mazeUtils.device.camera - [camera.py:37] - DEBUG - Average HSV: H=138.2, S=68.8, V=63.1
2026-05-26 18:03:22,789 - mazeUtils.moveTile - [moveTile.py:80] - DEBUG - roll: 341.32 deg, practicalMoveTime: 2.3809020159720147 sec
2026-05-26 18:03:22,790 - mazeUtils.moveTile - [moveTile.py:1105] - DEBUG - moveTile loop time: 61.5 ms
2026-05-26 18:03:22,796 - picamera2.picamera2 - [picamera2.py:1391] - DEBUG - Execute job: <picamera2.job.Job object at 0x7f46cd4e50>
2026-05-26 18:03:22,802 - mazeUtils.device.camera - [camera.py:37] - DEBUG - Average HSV: H=150.4, S=55.9, V=58.3
2026-05-26 18:03:22,854 - mazeUtils.moveTile - [moveTile.py:80] - DEBUG - roll: 341.34 deg, practicalMoveTime: 2.4360348761778248 sec
2026-05-26 18:03:22,855 - mazeUtils.moveTile - [moveTile.py:1105] - DEBUG - moveTile loop time: 64.9 ms
2026-05-26 18:03:22,860 - picamera2.picamera2 - [picamera2.py:1391] - DEBUG - Execute job: <picamera2.job.Job object at 0x7f5c1f4050>
2026-05-26 18:03:22,866 - mazeUtils.device.camera - [camera.py:37] - DEBUG - Average HSV: H=152.8, S=55.1, V=57.6
2026-05-26 18:03:22,917 - mazeUtils.moveTile - [moveTile.py:80] - DEBUG - roll: 340.53999999999996 deg, practicalMoveTime: 2.490576448455754 sec
2026-05-26 18:03:22,918 - mazeUtils.moveTile - [moveTile.py:1105] - DEBUG - moveTile loop time: 62.7 ms
2026-05-26 18:03:22,924 - picamera2.picamera2 - [picamera2.py:1391] - DEBUG - Execute job: <picamera2.job.Job object at 0x7f46437a50>
2026-05-26 18:03:22,929 - mazeUtils.device.camera - [camera.py:37] - DEBUG - Average HSV: H=153.8, S=56.7, V=56.7
2026-05-26 18:03:22,978 - mazeUtils.moveTile - [moveTile.py:80] - DEBUG - roll: 341.19 deg, practicalMoveTime: 2.5440076826432305 sec
2026-05-26 18:03:22,979 - mazeUtils.moveTile - [moveTile.py:1105] - DEBUG - moveTile loop time: 59.6 ms
2026-05-26 18:03:22,983 - picamera2.picamera2 - [picamera2.py:1391] - DEBUG - Execute job: <picamera2.job.Job object at 0x7f45916e10>
2026-05-26 18:03:22,988 - mazeUtils.device.camera - [camera.py:37] - DEBUG - Average HSV: H=151.0, S=58.6, V=56.6
2026-05-26 18:03:23,037 - mazeUtils.moveTile - [moveTile.py:80] - DEBUG - roll: 341.59 deg, practicalMoveTime: 2.5962435683194363 sec
2026-05-26 18:03:23,037 - mazeUtils.moveTile - [moveTile.py:1105] - DEBUG - moveTile loop time: 57.9 ms
2026-05-26 18:03:23,043 - picamera2.picamera2 - [picamera2.py:1391] - DEBUG - Execute job: <picamera2.job.Job object at 0x7f46508c50>
2026-05-26 18:03:23,047 - mazeUtils.device.camera - [camera.py:37] - DEBUG - Average HSV: H=139.4, S=72.3, V=61.2
2026-05-26 18:03:23,097 - mazeUtils.moveTile - [moveTile.py:80] - DEBUG - roll: 341.71999999999997 deg, practicalMoveTime: 2.6488291449509447 sec
2026-05-26 18:03:23,098 - mazeUtils.moveTile - [moveTile.py:1105] - DEBUG - moveTile loop time: 60.0 ms
2026-05-26 18:03:23,103 - picamera2.picamera2 - [picamera2.py:1391] - DEBUG - Execute job: <picamera2.job.Job object at 0x7f47f540d0>
2026-05-26 18:03:23,109 - mazeUtils.device.camera - [camera.py:37] - DEBUG - Average HSV: H=134.9, S=80.9, V=65.4
2026-05-26 18:03:23,158 - mazeUtils.moveTile - [moveTile.py:80] - DEBUG - roll: 340.98 deg, practicalMoveTime: 2.703522735852971 sec
2026-05-26 18:03:23,159 - mazeUtils.moveTile - [moveTile.py:1105] - DEBUG - moveTile loop time: 60.9 ms
2026-05-26 18:03:23,165 - picamera2.picamera2 - [picamera2.py:1391] - DEBUG - Execute job: <picamera2.job.Job object at 0x7f467c85d0>
2026-05-26 18:03:23,171 - mazeUtils.device.camera - [camera.py:37] - DEBUG - Average HSV: H=136.4, S=81.6, V=62.6
2026-05-26 18:03:23,220 - mazeUtils.moveTile - [moveTile.py:80] - DEBUG - roll: 341.37 deg, practicalMoveTime: 2.75905980351093 sec
2026-05-26 18:03:23,221 - mazeUtils.moveTile - [moveTile.py:1105] - DEBUG - moveTile loop time: 61.8 ms
2026-05-26 18:03:23,226 - picamera2.picamera2 - [picamera2.py:1391] - DEBUG - Execute job: <picamera2.job.Job object at 0x7f5c118750>
2026-05-26 18:03:23,232 - mazeUtils.device.camera - [camera.py:37] - DEBUG - Average HSV: H=137.3, S=84.2, V=59.7
2026-05-26 18:03:23,281 - mazeUtils.moveTile - [moveTile.py:80] - DEBUG - roll: 342.03 deg, practicalMoveTime: 2.812985928775795 sec
2026-05-26 18:03:23,282 - mazeUtils.moveTile - [moveTile.py:1105] - DEBUG - moveTile loop time: 60.4 ms
2026-05-26 18:03:23,289 - picamera2.picamera2 - [picamera2.py:1391] - DEBUG - Execute job: <picamera2.job.Job object at 0x7f45916e10>
2026-05-26 18:03:23,299 - mazeUtils.device.camera - [camera.py:37] - DEBUG - Average HSV: H=139.3, S=80.0, V=58.0
2026-05-26 18:03:23,349 - mazeUtils.moveTile - [moveTile.py:80] - DEBUG - roll: 341.27 deg, practicalMoveTime: 2.872889575201414 sec
2026-05-26 18:03:23,349 - mazeUtils.moveTile - [moveTile.py:1105] - DEBUG - moveTile loop time: 65.9 ms
2026-05-26 18:03:23,360 - picamera2.picamera2 - [picamera2.py:1391] - DEBUG - Execute job: <picamera2.job.Job object at 0x7f47f540d0>
2026-05-26 18:03:23,366 - mazeUtils.device.camera - [camera.py:37] - DEBUG - Average HSV: H=141.4, S=76.5, V=56.1
2026-05-26 18:03:23,418 - mazeUtils.moveTile - [moveTile.py:80] - DEBUG - roll: 340.59 deg, practicalMoveTime: 2.934221867175748 sec
2026-05-26 18:03:23,418 - mazeUtils.moveTile - [moveTile.py:1105] - DEBUG - moveTile loop time: 66.7 ms
2026-05-26 18:03:23,425 - picamera2.picamera2 - [picamera2.py:1391] - DEBUG - Execute job: <picamera2.job.Job object at 0x7f46508c50>
2026-05-26 18:03:23,429 - mazeUtils.device.camera - [camera.py:37] - DEBUG - Average HSV: H=142.2, S=74.7, V=55.1
2026-05-26 18:03:23,481 - picamera2.picamera2 - [picamera2.py:1391] - DEBUG - Execute job: <picamera2.job.Job object at 0x7f45916cd0>
2026-05-26 18:03:23,484 - mazeUtils.device.camera - [camera.py:37] - DEBUG - Average HSV: H=145.2, S=69.9, V=53.9
2026-05-26 18:03:23,534 - mazeUtils.moveTile - [moveTile.py:80] - DEBUG - roll: 340.68 deg, practicalMoveTime: 3.0406854580747185 sec
2026-05-26 18:03:23,534 - mazeUtils.moveTile - [moveTile.py:1105] - DEBUG - moveTile loop time: 57.8 ms
2026-05-26 18:03:23,539 - picamera2.picamera2 - [picamera2.py:1391] - DEBUG - Execute job: <picamera2.job.Job object at 0x7f5c47a1d0>
2026-05-26 18:03:23,542 - mazeUtils.device.camera - [camera.py:37] - DEBUG - Average HSV: H=148.2, S=67.0, V=52.8
2026-05-26 18:03:23,593 - mazeUtils.moveTile - [moveTile.py:80] - DEBUG - roll: 340.08 deg, practicalMoveTime: 3.0912151083111623 sec
2026-05-26 18:03:23,593 - mazeUtils.moveTile - [moveTile.py:1105] - DEBUG - moveTile loop time: 58.7 ms
2026-05-26 18:03:23,600 - picamera2.picamera2 - [picamera2.py:1391] - DEBUG - Execute job: <picamera2.job.Job object at 0x7f47f540d0>
2026-05-26 18:03:23,603 - mazeUtils.device.camera - [camera.py:37] - DEBUG - Average HSV: H=154.3, S=63.6, V=51.6
2026-05-26 18:03:23,653 - mazeUtils.moveTile - [moveTile.py:80] - DEBUG - roll: 340.35 deg, practicalMoveTime: 3.1447355102080796 sec
2026-05-26 18:03:23,653 - mazeUtils.moveTile - [moveTile.py:1105] - DEBUG - moveTile loop time: 59.5 ms
2026-05-26 18:03:23,659 - picamera2.picamera2 - [picamera2.py:1391] - DEBUG - Execute job: <picamera2.job.Job object at 0x7f46508c50>
2026-05-26 18:03:23,662 - mazeUtils.device.camera - [camera.py:37] - DEBUG - Average HSV: H=79.0, S=84.6, V=51.7
2026-05-26 18:03:23,712 - mazeUtils.moveTile - [moveTile.py:80] - DEBUG - roll: 340.56 deg, practicalMoveTime: 3.1970951205066065 sec
2026-05-26 18:03:23,713 - mazeUtils.moveTile - [moveTile.py:1105] - DEBUG - moveTile loop time: 59.4 ms
2026-05-26 18:03:23,718 - picamera2.picamera2 - [picamera2.py:1391] - DEBUG - Execute job: <picamera2.job.Job object at 0x7f47f540d0>
2026-05-26 18:03:23,722 - mazeUtils.device.camera - [camera.py:37] - DEBUG - Average HSV: H=86.5, S=81.2, V=50.9
2026-05-26 18:03:23,773 - mazeUtils.moveTile - [moveTile.py:80] - DEBUG - roll: 340.42 deg, practicalMoveTime: 3.249398412845451 sec
2026-05-26 18:03:23,773 - mazeUtils.moveTile - [moveTile.py:1105] - DEBUG - moveTile loop time: 59.7 ms
2026-05-26 18:03:23,779 - picamera2.picamera2 - [picamera2.py:1391] - DEBUG - Execute job: <picamera2.job.Job object at 0x7f5c47a1d0>
2026-05-26 18:03:23,782 - mazeUtils.device.camera - [camera.py:37] - DEBUG - Average HSV: H=126.0, S=69.8, V=49.7
2026-05-26 18:03:23,832 - mazeUtils.moveTile - [moveTile.py:80] - DEBUG - roll: 340.94 deg, practicalMoveTime: 3.3001566497076458 sec
2026-05-26 18:03:23,832 - mazeUtils.moveTile - [moveTile.py:1105] - DEBUG - moveTile loop time: 59.2 ms
2026-05-26 18:03:23,836 - picamera2.picamera2 - [picamera2.py:1391] - DEBUG - Execute job: <picamera2.job.Job object at 0x7f46cd4e50>
2026-05-26 18:03:23,840 - mazeUtils.device.camera - [camera.py:37] - DEBUG - Average HSV: H=99.3, S=70.8, V=50.1
2026-05-26 18:03:23,890 - mazeUtils.moveTile - [moveTile.py:80] - DEBUG - roll: 340.82 deg, practicalMoveTime: 3.3514781619583514 sec
2026-05-26 18:03:23,891 - mazeUtils.moveTile - [moveTile.py:1105] - DEBUG - moveTile loop time: 58.2 ms
2026-05-26 18:03:23,896 - picamera2.picamera2 - [picamera2.py:1391] - DEBUG - Execute job: <picamera2.job.Job object at 0x7f5c47a1d0>
2026-05-26 18:03:23,899 - mazeUtils.device.camera - [camera.py:37] - DEBUG - Average HSV: H=36.4, S=83.2, V=49.5
2026-05-26 18:03:23,951 - mazeUtils.moveTile - [moveTile.py:80] - DEBUG - roll: 340.96999999999997 deg, practicalMoveTime: 3.4037038379191897 sec
2026-05-26 18:03:23,951 - mazeUtils.moveTile - [moveTile.py:1105] - DEBUG - moveTile loop time: 60.1 ms
2026-05-26 18:03:23,957 - picamera2.picamera2 - [picamera2.py:1391] - DEBUG - Execute job: <picamera2.job.Job object at 0x7f46437e50>
2026-05-26 18:03:23,961 - mazeUtils.device.camera - [camera.py:37] - DEBUG - Average HSV: H=17.5, S=104.4, V=44.8
2026-05-26 18:03:24,011 - mazeUtils.moveTile - [moveTile.py:80] - DEBUG - roll: 340.94 deg, practicalMoveTime: 3.45473429490769 sec
2026-05-26 18:03:24,011 - mazeUtils.moveTile - [moveTile.py:1105] - DEBUG - moveTile loop time: 59.7 ms
2026-05-26 18:03:24,016 - picamera2.picamera2 - [picamera2.py:1391] - DEBUG - Execute job: <picamera2.job.Job object at 0x7f5c1f4050>
2026-05-26 18:03:24,019 - mazeUtils.device.camera - [camera.py:37] - DEBUG - Average HSV: H=16.1, S=103.7, V=46.7
2026-05-26 18:03:24,068 - mazeUtils.moveTile - [moveTile.py:80] - DEBUG - roll: 343.0 deg, practicalMoveTime: 3.5053210650870272 sec
2026-05-26 18:03:24,068 - mazeUtils.moveTile - [moveTile.py:1105] - DEBUG - moveTile loop time: 56.9 ms
2026-05-26 18:03:24,073 - picamera2.picamera2 - [picamera2.py:1391] - DEBUG - Execute job: <picamera2.job.Job object at 0x7f45916cd0>
2026-05-26 18:03:24,077 - mazeUtils.device.camera - [camera.py:37] - DEBUG - Average HSV: H=15.4, S=89.8, V=53.0
2026-05-26 18:03:24,126 - mazeUtils.moveTile - [moveTile.py:80] - DEBUG - roll: 345.34999999999997 deg, practicalMoveTime: 3.561517158342337 sec
2026-05-26 18:03:24,127 - mazeUtils.moveTile - [moveTile.py:1105] - DEBUG - moveTile loop time: 58.3 ms
2026-05-26 18:03:24,133 - picamera2.picamera2 - [picamera2.py:1391] - DEBUG - Execute job: <picamera2.job.Job object at 0x7f47f540d0>
2026-05-26 18:03:24,136 - mazeUtils.device.camera - [camera.py:37] - DEBUG - Average HSV: H=14.7, S=84.9, V=58.4
2026-05-26 18:03:24,185 - mazeUtils.moveTile - [moveTile.py:80] - DEBUG - roll: 347.3 deg, practicalMoveTime: 3.6179247386550477 sec
2026-05-26 18:03:24,185 - mazeUtils.moveTile - [moveTile.py:1105] - DEBUG - moveTile loop time: 58.1 ms
2026-05-26 18:03:24,189 - picamera2.picamera2 - [picamera2.py:1391] - DEBUG - Execute job: <picamera2.job.Job object at 0x7f467c85d0>
2026-05-26 18:03:24,192 - mazeUtils.device.camera - [camera.py:37] - DEBUG - Average HSV: H=15.3, S=86.1, V=58.4
2026-05-26 18:03:24,240 - mazeUtils.moveTile - [moveTile.py:80] - DEBUG - roll: 349.34999999999997 deg, practicalMoveTime: 3.6715047921774095 sec
2026-05-26 18:03:24,240 - mazeUtils.moveTile - [moveTile.py:1105] - DEBUG - moveTile loop time: 54.8 ms
2026-05-26 18:03:24,246 - picamera2.picamera2 - [picamera2.py:1391] - DEBUG - Execute job: <picamera2.job.Job object at 0x7f5c47a1d0>
2026-05-26 18:03:24,249 - mazeUtils.device.camera - [camera.py:37] - DEBUG - Average HSV: H=20.4, S=83.2, V=57.1
2026-05-26 18:03:24,303 - mazeUtils.moveTile - [moveTile.py:80] - DEBUG - roll: 351.42 deg, practicalMoveTime: 3.7332013586909962 sec
2026-05-26 18:03:24,303 - mazeUtils.moveTile - [moveTile.py:1105] - DEBUG - moveTile loop time: 62.7 ms
2026-05-26 18:03:24,308 - picamera2.picamera2 - [picamera2.py:1391] - DEBUG - Execute job: <picamera2.job.Job object at 0x7f467c85d0>
2026-05-26 18:03:24,311 - mazeUtils.device.camera - [camera.py:37] - DEBUG - Average HSV: H=24.5, S=84.2, V=58.5
2026-05-26 18:03:24,359 - mazeUtils.moveTile - [moveTile.py:80] - DEBUG - roll: 353.68 deg, practicalMoveTime: 3.7890437216367645 sec
2026-05-26 18:03:24,360 - mazeUtils.moveTile - [moveTile.py:1105] - DEBUG - moveTile loop time: 56.6 ms
2026-05-26 18:03:24,365 - picamera2.picamera2 - [picamera2.py:1391] - DEBUG - Execute job: <picamera2.job.Job object at 0x7f5c1f4050>
2026-05-26 18:03:24,368 - mazeUtils.device.camera - [camera.py:37] - DEBUG - Average HSV: H=35.0, S=84.9, V=59.4
2026-05-26 18:03:24,418 - mazeUtils.moveTile - [moveTile.py:80] - DEBUG - roll: 355.90999999999997 deg, practicalMoveTime: 3.846391937304646 sec
2026-05-26 18:03:24,418 - mazeUtils.moveTile - [moveTile.py:1105] - DEBUG - moveTile loop time: 57.9 ms
2026-05-26 18:03:24,424 - picamera2.picamera2 - [picamera2.py:1391] - DEBUG - Execute job: <picamera2.job.Job object at 0x7f46cd4e50>
2026-05-26 18:03:24,427 - mazeUtils.device.camera - [camera.py:37] - DEBUG - Average HSV: H=54.4, S=89.6, V=53.5
2026-05-26 18:03:24,556 - mazeUtils.moveTile - [moveTile.py:80] - DEBUG - Little forward to adjust position
2026-05-26 18:03:25,180 - mazeUtils.moveTile - [moveTile.py:511] - DEBUG - Direction: absDirection.NORTH, Angle: 270, Distance: 47.99236046001279 cm
2026-05-26 18:03:25,181 - mazeUtils.moveTile - [moveTile.py:511] - DEBUG - Direction: absDirection.EAST, Angle: 180, Distance: 50.54732812805834 cm
2026-05-26 18:03:25,182 - mazeUtils.moveTile - [moveTile.py:511] - DEBUG - Direction: absDirection.SOUTH, Angle: 90, Distance: 15.57005820870296 cm
2026-05-26 18:03:25,183 - mazeUtils.moveTile - [moveTile.py:511] - DEBUG - Direction: absDirection.WEST, Angle: 0, Distance: 13.478759708716444 cm
2026-05-26 18:03:25,183 - mazeUtils.moveTile - [moveTile.py:1274] - INFO - Tile color detection counts: {}, decided tile type: E
2026-05-26 18:03:25,313 - __main__ - [main.py:84] - INFO - Current position: (15, 23, 0), front direction: absDirection.WEST
Layer 0 (altitude=0.0cm, offset=(0.0cm, 0.0cm)):
Known map area: x=15..20, y=19..23
+   +   +   +   +   +---+
  U   U   U   U   U   E |
+   +   +   +   +   +   +
  U   U   U   U   U   S |
+   +   +   +   +   +---+
  U   U   U | E   U   U  
+---+---+---+   +---+---+
| E   E   E   E   E   E |
+   +---+---+---+   +   +
| @   U   U   U | E   E |
+---+   +   +   +---+---+
Layer 1 (altitude=15.0cm, offset=(-60.0cm, 0.0cm)):
Known map area: x=20..20, y=19..19
+---+
| E  
+   +
Layer 2 (altitude=45.0cm, offset=(120.0cm, 0.0cm)):
Known map area: x=15..15, y=23..23
+---+
  E |
+---+
mazeAsGraph[0][19][20] = {absDirection.NORTH: None, absDirection.EAST: None, absDirection.SOUTH: (20, 20, 0), absDirection.WEST: (20, 19, 1)}
mazeAsGraph[0][20][20] = {absDirection.NORTH: (20, 19, 0), absDirection.EAST: None, absDirection.SOUTH: None, absDirection.WEST: (19, 20, 0)}
mazeAsGraph[0][21][18] = {absDirection.NORTH: (20, 19, 1), absDirection.EAST: (19, 21, 0), absDirection.SOUTH: (18, 22, 0), absDirection.WEST: None}
mazeAsGraph[0][22][15] = {absDirection.NORTH: None, absDirection.EAST: (16, 22, 0), absDirection.SOUTH: (15, 23, 0), absDirection.WEST: None}
mazeAsGraph[0][22][16] = {absDirection.NORTH: None, absDirection.EAST: (17, 22, 0), absDirection.SOUTH: None, absDirection.WEST: (15, 22, 0)}
mazeAsGraph[0][22][17] = {absDirection.NORTH: None, absDirection.EAST: (18, 22, 0), absDirection.SOUTH: None, absDirection.WEST: (16, 22, 0)}
mazeAsGraph[0][22][18] = {absDirection.NORTH: (18, 21, 0), absDirection.EAST: (19, 22, 0), absDirection.SOUTH: None, absDirection.WEST: (17, 22, 0)}
mazeAsGraph[0][22][19] = {absDirection.NORTH: None, absDirection.EAST: (20, 22, 0), absDirection.SOUTH: (19, 23, 0), absDirection.WEST: (18, 22, 0)}
mazeAsGraph[0][22][20] = {absDirection.NORTH: None, absDirection.EAST: None, absDirection.SOUTH: (20, 23, 0), absDirection.WEST: (19, 22, 0)}
mazeAsGraph[0][23][15] = {absDirection.NORTH: (15, 22, 0), absDirection.EAST: (15, 23, 2), absDirection.SOUTH: None, absDirection.WEST: None}
mazeAsGraph[0][23][19] = {absDirection.NORTH: (19, 22, 0), absDirection.EAST: (20, 23, 0), absDirection.SOUTH: None, absDirection.WEST: None}
mazeAsGraph[0][23][20] = {absDirection.NORTH: (20, 22, 0), absDirection.EAST: None, absDirection.SOUTH: None, absDirection.WEST: (19, 23, 0)}
mazeAsGraph[1][19][20] = {absDirection.NORTH: None, absDirection.EAST: (20, 19, 0), absDirection.SOUTH: (18, 21, 0), absDirection.WEST: None}
mazeAsGraph[2][23][15] = {absDirection.NORTH: None, absDirection.EAST: None, absDirection.SOUTH: None, absDirection.WEST: (15, 23, 0)}
2026-05-26 18:03:25,332 - mazeUtils.moveTile - [moveTile.py:80] - DEBUG - Moving to absDirection.NORTH from (15, 23, 0) facing absDirection.WEST
2026-05-26 18:03:25,378 - mazeUtils.moveTile - [moveTile.py:80] - DEBUG - current heading: 87.95999999999998 target: 0
2026-05-26 18:03:26,303 - mazeUtils.moveTile - [moveTile.py:387] - DEBUG - stopped turning at heading: 9.259999999999991, diff: 9.259999999999991
2026-05-26 18:03:27,382 - mazeUtils.moveTile - [moveTile.py:80] - DEBUG - Turned to heading: 0.18999999999999773 deg
2026-05-26 18:03:27,515 - picamera2.picamera2 - [picamera2.py:1391] - DEBUG - Execute job: <picamera2.job.Job object at 0x7f47f04950>
2026-05-26 18:03:27,519 - mazeUtils.device.camera - [camera.py:37] - DEBUG - Average HSV: H=21.7, S=75.5, V=74.3
2026-05-26 18:03:27,569 - mazeUtils.moveTile - [moveTile.py:80] - DEBUG - roll: 1.5299999999999727 deg, practicalMoveTime: 0.05327885181118765 sec
2026-05-26 18:03:27,569 - mazeUtils.moveTile - [moveTile.py:1105] - DEBUG - moveTile loop time: 58.5 ms
2026-05-26 18:03:27,575 - picamera2.picamera2 - [picamera2.py:1391] - DEBUG - Execute job: <picamera2.job.Job object at 0x7f45a32710>
2026-05-26 18:03:27,578 - mazeUtils.device.camera - [camera.py:37] - DEBUG - Average HSV: H=21.4, S=76.7, V=73.9
2026-05-26 18:03:27,626 - mazeUtils.moveTile - [moveTile.py:80] - DEBUG - roll: 0.5299999999999727 deg, practicalMoveTime: 0.10395605732597016 sec
2026-05-26 18:03:27,626 - mazeUtils.moveTile - [moveTile.py:1105] - DEBUG - moveTile loop time: 56.5 ms
2026-05-26 18:03:27,633 - picamera2.picamera2 - [picamera2.py:1391] - DEBUG - Execute job: <picamera2.job.Job object at 0x7f467c85d0>
2026-05-26 18:03:27,636 - mazeUtils.device.camera - [camera.py:37] - DEBUG - Average HSV: H=23.5, S=76.6, V=75.1
2026-05-26 18:03:27,685 - mazeUtils.moveTile - [moveTile.py:80] - DEBUG - roll: 1.4099999999999682 deg, practicalMoveTime: 0.15640568168002764 sec
2026-05-26 18:03:27,685 - mazeUtils.moveTile - [moveTile.py:1105] - DEBUG - moveTile loop time: 58.5 ms
2026-05-26 18:03:27,691 - picamera2.picamera2 - [picamera2.py:1391] - DEBUG - Execute job: <picamera2.job.Job object at 0x7f46cf0850>
2026-05-26 18:03:27,694 - mazeUtils.device.camera - [camera.py:37] - DEBUG - Average HSV: H=23.6, S=77.2, V=73.3
2026-05-26 18:03:27,744 - mazeUtils.moveTile - [moveTile.py:80] - DEBUG - roll: 1.509999999999991 deg, practicalMoveTime: 0.20953551895251668 sec
2026-05-26 18:03:27,745 - mazeUtils.moveTile - [moveTile.py:1105] - DEBUG - moveTile loop time: 59.4 ms
2026-05-26 18:03:27,751 - picamera2.picamera2 - [picamera2.py:1391] - DEBUG - Execute job: <picamera2.job.Job object at 0x7f47f04950>
2026-05-26 18:03:27,754 - mazeUtils.device.camera - [camera.py:37] - DEBUG - Average HSV: H=23.5, S=75.2, V=75.3
2026-05-26 18:03:27,803 - mazeUtils.moveTile - [moveTile.py:80] - DEBUG - roll: 1.0500000000000114 deg, practicalMoveTime: 0.2618403247316175 sec
2026-05-26 18:03:27,803 - mazeUtils.moveTile - [moveTile.py:1105] - DEBUG - moveTile loop time: 58.5 ms
2026-05-26 18:03:27,810 - picamera2.picamera2 - [picamera2.py:1391] - DEBUG - Execute job: <picamera2.job.Job object at 0x7f46cf0850>
2026-05-26 18:03:27,814 - mazeUtils.device.camera - [camera.py:37] - DEBUG - Average HSV: H=25.4, S=76.4, V=75.8
2026-05-26 18:03:27,862 - mazeUtils.moveTile - [moveTile.py:80] - DEBUG - roll: 1.3999999999999773 deg, practicalMoveTime: 0.3145420114810371 sec
2026-05-26 18:03:27,863 - mazeUtils.moveTile - [moveTile.py:1105] - DEBUG - moveTile loop time: 58.9 ms
2026-05-26 18:03:27,869 - picamera2.picamera2 - [picamera2.py:1391] - DEBUG - Execute job: <picamera2.job.Job object at 0x7f45a325d0>
2026-05-26 18:03:27,872 - mazeUtils.device.camera - [camera.py:37] - DEBUG - Average HSV: H=23.2, S=76.8, V=75.7
2026-05-26 18:03:27,921 - mazeUtils.moveTile - [moveTile.py:80] - DEBUG - roll: 1.3100000000000023 deg, practicalMoveTime: 0.3671877358272144 sec
2026-05-26 18:03:27,922 - mazeUtils.moveTile - [moveTile.py:1105] - DEBUG - moveTile loop time: 58.8 ms
2026-05-26 18:03:27,926 - picamera2.picamera2 - [picamera2.py:1391] - DEBUG - Execute job: <picamera2.job.Job object at 0x7f46cf0850>
2026-05-26 18:03:27,930 - mazeUtils.device.camera - [camera.py:37] - DEBUG - Average HSV: H=21.4, S=77.4, V=75.8
2026-05-26 18:03:27,979 - mazeUtils.moveTile - [moveTile.py:80] - DEBUG - roll: 1.1999999999999886 deg, practicalMoveTime: 0.4182674626339599 sec
2026-05-26 18:03:27,979 - mazeUtils.moveTile - [moveTile.py:1105] - DEBUG - moveTile loop time: 57.1 ms
2026-05-26 18:03:27,985 - picamera2.picamera2 - [picamera2.py:1391] - DEBUG - Execute job: <picamera2.job.Job object at 0x7f47fa2190>
2026-05-26 18:03:27,988 - mazeUtils.device.camera - [camera.py:37] - DEBUG - Average HSV: H=20.7, S=77.1, V=76.1
2026-05-26 18:03:28,036 - mazeUtils.moveTile - [moveTile.py:80] - DEBUG - roll: 1.5 deg, practicalMoveTime: 0.4693902226739748 sec
2026-05-26 18:03:28,037 - mazeUtils.moveTile - [moveTile.py:1105] - DEBUG - moveTile loop time: 57.1 ms
2026-05-26 18:03:28,040 - picamera2.picamera2 - [picamera2.py:1391] - DEBUG - Execute job: <picamera2.job.Job object at 0x7f45a325d0>
2026-05-26 18:03:28,044 - mazeUtils.device.camera - [camera.py:37] - DEBUG - Average HSV: H=23.9, S=76.1, V=76.6
2026-05-26 18:03:28,095 - mazeUtils.moveTile - [moveTile.py:80] - DEBUG - roll: 1.1800000000000068 deg, practicalMoveTime: 0.5223517586268163 sec
2026-05-26 18:03:28,097 - mazeUtils.moveTile - [moveTile.py:1105] - DEBUG - moveTile loop time: 59.8 ms
2026-05-26 18:03:28,102 - picamera2.picamera2 - [picamera2.py:1391] - DEBUG - Execute job: <picamera2.job.Job object at 0x7f45a31910>
2026-05-26 18:03:28,106 - mazeUtils.device.camera - [camera.py:37] - DEBUG - Average HSV: H=21.9, S=76.2, V=77.2
2026-05-26 18:03:28,156 - mazeUtils.moveTile - [moveTile.py:80] - DEBUG - roll: 1.2099999999999795 deg, practicalMoveTime: 0.5756711938780873 sec
2026-05-26 18:03:28,157 - mazeUtils.moveTile - [moveTile.py:1105] - DEBUG - moveTile loop time: 59.5 ms
2026-05-26 18:03:28,162 - picamera2.picamera2 - [picamera2.py:1391] - DEBUG - Execute job: <picamera2.job.Job object at 0x7f46cf0850>
2026-05-26 18:03:28,165 - mazeUtils.device.camera - [camera.py:37] - DEBUG - Average HSV: H=26.5, S=76.1, V=75.6
2026-05-26 18:03:28,216 - mazeUtils.moveTile - [moveTile.py:80] - DEBUG - roll: 1.490000000000009 deg, practicalMoveTime: 0.628929575780382 sec
2026-05-26 18:03:28,216 - mazeUtils.moveTile - [moveTile.py:1105] - DEBUG - moveTile loop time: 59.4 ms
2026-05-26 18:03:28,221 - picamera2.picamera2 - [picamera2.py:1391] - DEBUG - Execute job: <picamera2.job.Job object at 0x7f47f04950>
2026-05-26 18:03:28,224 - mazeUtils.device.camera - [camera.py:37] - DEBUG - Average HSV: H=27.8, S=76.0, V=75.6
2026-05-26 18:03:28,272 - mazeUtils.moveTile - [moveTile.py:80] - DEBUG - roll: 1.1399999999999864 deg, practicalMoveTime: 0.678920775595297 sec
2026-05-26 18:03:28,273 - mazeUtils.moveTile - [moveTile.py:1105] - DEBUG - moveTile loop time: 55.9 ms
2026-05-26 18:03:28,278 - picamera2.picamera2 - [picamera2.py:1391] - DEBUG - Execute job: <picamera2.job.Job object at 0x7f46cf04d0>
2026-05-26 18:03:28,281 - mazeUtils.device.camera - [camera.py:37] - DEBUG - Average HSV: H=33.0, S=74.3, V=76.1
2026-05-26 18:03:28,330 - mazeUtils.moveTile - [moveTile.py:80] - DEBUG - roll: 1.3000000000000114 deg, practicalMoveTime: 0.7304436892522517 sec
2026-05-26 18:03:28,331 - mazeUtils.moveTile - [moveTile.py:1105] - DEBUG - moveTile loop time: 57.8 ms
2026-05-26 18:03:28,337 - picamera2.picamera2 - [picamera2.py:1391] - DEBUG - Execute job: <picamera2.job.Job object at 0x7f46cf04d0>
2026-05-26 18:03:28,341 - mazeUtils.device.camera - [camera.py:37] - DEBUG - Average HSV: H=34.4, S=75.8, V=74.5
2026-05-26 18:03:28,391 - mazeUtils.moveTile - [moveTile.py:80] - DEBUG - roll: 1.4599999999999795 deg, practicalMoveTime: 0.7849449995905572 sec
2026-05-26 18:03:28,392 - mazeUtils.moveTile - [moveTile.py:1105] - DEBUG - moveTile loop time: 60.7 ms
2026-05-26 18:03:28,396 - picamera2.picamera2 - [picamera2.py:1391] - DEBUG - Execute job: <picamera2.job.Job object at 0x7f467c85d0>
2026-05-26 18:03:28,400 - mazeUtils.device.camera - [camera.py:37] - DEBUG - Average HSV: H=41.8, S=75.1, V=71.4
2026-05-26 18:03:28,449 - mazeUtils.moveTile - [moveTile.py:80] - DEBUG - roll: 1.099999999999966 deg, practicalMoveTime: 0.836340813008259 sec
2026-05-26 18:03:28,452 - mazeUtils.moveTile - [moveTile.py:1105] - DEBUG - moveTile loop time: 59.5 ms
2026-05-26 18:03:28,459 - picamera2.picamera2 - [picamera2.py:1391] - DEBUG - Execute job: <picamera2.job.Job object at 0x7f46cf1190>
2026-05-26 18:03:28,464 - mazeUtils.device.camera - [camera.py:37] - DEBUG - Average HSV: H=51.2, S=73.7, V=69.6
2026-05-26 18:03:28,515 - mazeUtils.moveTile - [moveTile.py:80] - DEBUG - roll: 1.509999999999991 deg, practicalMoveTime: 0.8925633431084261 sec
2026-05-26 18:03:28,515 - mazeUtils.moveTile - [moveTile.py:1105] - DEBUG - moveTile loop time: 63.0 ms
2026-05-26 18:03:28,521 - picamera2.picamera2 - [picamera2.py:1391] - DEBUG - Execute job: <picamera2.job.Job object at 0x7f47fa2190>
2026-05-26 18:03:28,525 - mazeUtils.device.camera - [camera.py:37] - DEBUG - Average HSV: H=110.0, S=106.9, V=43.4
2026-05-26 18:03:28,576 - mazeUtils.moveTile - [moveTile.py:80] - DEBUG - roll: 1.509999999999991 deg, practicalMoveTime: 0.9470709280596623 sec
2026-05-26 18:03:28,577 - mazeUtils.moveTile - [moveTile.py:1105] - DEBUG - moveTile loop time: 60.5 ms
2026-05-26 18:03:28,585 - picamera2.picamera2 - [picamera2.py:1391] - DEBUG - Execute job: <picamera2.job.Job object at 0x7f46cf04d0>
2026-05-26 18:03:28,589 - mazeUtils.device.camera - [camera.py:37] - DEBUG - Average HSV: H=133.0, S=100.5, V=41.3
2026-05-26 18:03:28,637 - mazeUtils.moveTile - [moveTile.py:80] - DEBUG - roll: 1.3100000000000023 deg, practicalMoveTime: 1.001277075528251 sec
2026-05-26 18:03:28,637 - mazeUtils.moveTile - [moveTile.py:1105] - DEBUG - moveTile loop time: 59.3 ms
2026-05-26 18:03:28,644 - picamera2.picamera2 - [picamera2.py:1391] - DEBUG - Execute job: <picamera2.job.Job object at 0x7f45a31910>
2026-05-26 18:03:28,646 - mazeUtils.device.camera - [camera.py:37] - DEBUG - Average HSV: H=139.4, S=97.7, V=47.5
2026-05-26 18:03:28,779 - mazeUtils.moveTile - [moveTile.py:80] - DEBUG - Little forward to adjust position
2026-05-26 18:03:28,870 - mazeUtils.moveTile - [moveTile.py:511] - DEBUG - Direction: absDirection.NORTH, Angle: 0, Distance: 10.903246523784452 cm
2026-05-26 18:03:28,871 - mazeUtils.moveTile - [moveTile.py:511] - DEBUG - Direction: absDirection.EAST, Angle: 270, Distance: 164.95773203616514 cm
2026-05-26 18:03:28,872 - mazeUtils.moveTile - [moveTile.py:511] - DEBUG - Direction: absDirection.SOUTH, Angle: 180, Distance: 55.56000196980913 cm
2026-05-26 18:03:28,873 - mazeUtils.moveTile - [moveTile.py:511] - DEBUG - Direction: absDirection.WEST, Angle: 90, Distance: 17.4338222128674 cm
2026-05-26 18:03:28,873 - mazeUtils.moveTile - [moveTile.py:1274] - INFO - Tile color detection counts: {}, decided tile type: E
2026-05-26 18:03:29,003 - __main__ - [main.py:84] - INFO - Current position: (15, 22, 0), front direction: absDirection.NORTH
Layer 0 (altitude=0.0cm, offset=(0.0cm, 0.0cm)):
Known map area: x=15..20, y=19..23
+   +   +   +   +   +---+
  U   U   U   U   U   E |
+   +   +   +   +   +   +
  U   U   U   U   U   S |
+   +   +   +   +   +---+
  U   U   U | E   U   U  
+---+---+---+   +---+---+
| @   E   E   E   E   E |
+   +---+---+---+   +   +
| E   U   U   U | E   E |
+---+   +   +   +---+---+
Layer 1 (altitude=15.0cm, offset=(-60.0cm, 0.0cm)):
Known map area: x=20..20, y=19..19
+---+
| E  
+   +
Layer 2 (altitude=45.0cm, offset=(120.0cm, 0.0cm)):
Known map area: x=15..15, y=23..23
+---+
  E |
+---+
mazeAsGraph[0][19][20] = {absDirection.NORTH: None, absDirection.EAST: None, absDirection.SOUTH: (20, 20, 0), absDirection.WEST: (20, 19, 1)}
mazeAsGraph[0][20][20] = {absDirection.NORTH: (20, 19, 0), absDirection.EAST: None, absDirection.SOUTH: None, absDirection.WEST: (19, 20, 0)}
mazeAsGraph[0][21][18] = {absDirection.NORTH: (20, 19, 1), absDirection.EAST: (19, 21, 0), absDirection.SOUTH: (18, 22, 0), absDirection.WEST: None}
mazeAsGraph[0][22][15] = {absDirection.NORTH: None, absDirection.EAST: (16, 22, 0), absDirection.SOUTH: (15, 23, 0), absDirection.WEST: None}
mazeAsGraph[0][22][16] = {absDirection.NORTH: None, absDirection.EAST: (17, 22, 0), absDirection.SOUTH: None, absDirection.WEST: (15, 22, 0)}
mazeAsGraph[0][22][17] = {absDirection.NORTH: None, absDirection.EAST: (18, 22, 0), absDirection.SOUTH: None, absDirection.WEST: (16, 22, 0)}
mazeAsGraph[0][22][18] = {absDirection.NORTH: (18, 21, 0), absDirection.EAST: (19, 22, 0), absDirection.SOUTH: None, absDirection.WEST: (17, 22, 0)}
mazeAsGraph[0][22][19] = {absDirection.NORTH: None, absDirection.EAST: (20, 22, 0), absDirection.SOUTH: (19, 23, 0), absDirection.WEST: (18, 22, 0)}
mazeAsGraph[0][22][20] = {absDirection.NORTH: None, absDirection.EAST: None, absDirection.SOUTH: (20, 23, 0), absDirection.WEST: (19, 22, 0)}
mazeAsGraph[0][23][15] = {absDirection.NORTH: (15, 22, 0), absDirection.EAST: (15, 23, 2), absDirection.SOUTH: None, absDirection.WEST: None}
mazeAsGraph[0][23][19] = {absDirection.NORTH: (19, 22, 0), absDirection.EAST: (20, 23, 0), absDirection.SOUTH: None, absDirection.WEST: None}
mazeAsGraph[0][23][20] = {absDirection.NORTH: (20, 22, 0), absDirection.EAST: None, absDirection.SOUTH: None, absDirection.WEST: (19, 23, 0)}
mazeAsGraph[1][19][20] = {absDirection.NORTH: None, absDirection.EAST: (20, 19, 0), absDirection.SOUTH: (18, 21, 0), absDirection.WEST: None}
mazeAsGraph[2][23][15] = {absDirection.NORTH: None, absDirection.EAST: None, absDirection.SOUTH: None, absDirection.WEST: (15, 23, 0)}
2026-05-26 18:03:29,019 - mazeUtils.moveTile - [moveTile.py:80] - DEBUG - Moving to absDirection.EAST from (15, 22, 0) facing absDirection.NORTH
2026-05-26 18:03:29,065 - mazeUtils.moveTile - [moveTile.py:80] - DEBUG - current heading: 356.38 target: 270
2026-05-26 18:03:29,994 - mazeUtils.moveTile - [moveTile.py:387] - DEBUG - stopped turning at heading: 279.89, diff: 9.889999999999986
2026-05-26 18:03:30,797 - mazeUtils.moveTile - [moveTile.py:80] - DEBUG - Turned to heading: 270.19 deg
2026-05-26 18:03:30,903 - picamera2.picamera2 - [picamera2.py:1391] - DEBUG - Execute job: <picamera2.job.Job object at 0x7f6074a490>
2026-05-26 18:03:30,906 - mazeUtils.device.camera - [camera.py:37] - DEBUG - Average HSV: H=32.7, S=58.9, V=98.6
2026-05-26 18:03:30,954 - mazeUtils.moveTile - [moveTile.py:80] - DEBUG - roll: 1.6100000000000136 deg, practicalMoveTime: 0.05087407337497138 sec
2026-05-26 18:03:30,954 - mazeUtils.moveTile - [moveTile.py:1105] - DEBUG - moveTile loop time: 55.2 ms
2026-05-26 18:03:30,960 - picamera2.picamera2 - [picamera2.py:1391] - DEBUG - Execute job: <picamera2.job.Job object at 0x7f465b3f90>
2026-05-26 18:03:30,963 - mazeUtils.device.camera - [camera.py:37] - DEBUG - Average HSV: H=33.4, S=59.0, V=99.1
2026-05-26 18:03:31,013 - mazeUtils.moveTile - [moveTile.py:80] - DEBUG - roll: 2.1299999999999955 deg, practicalMoveTime: 0.10342663012500214 sec
2026-05-26 18:03:31,013 - mazeUtils.moveTile - [moveTile.py:1105] - DEBUG - moveTile loop time: 58.7 ms
2026-05-26 18:03:31,019 - picamera2.picamera2 - [picamera2.py:1391] - DEBUG - Execute job: <picamera2.job.Job object at 0x7f472a5fd0>
2026-05-26 18:03:31,022 - mazeUtils.device.camera - [camera.py:37] - DEBUG - Average HSV: H=33.8, S=59.9, V=100.4
2026-05-26 18:03:31,072 - mazeUtils.moveTile - [moveTile.py:80] - DEBUG - roll: 2.0500000000000114 deg, practicalMoveTime: 0.15645920682248074 sec
2026-05-26 18:03:31,072 - mazeUtils.moveTile - [moveTile.py:1105] - DEBUG - moveTile loop time: 59.3 ms
2026-05-26 18:03:31,079 - picamera2.picamera2 - [picamera2.py:1391] - DEBUG - Execute job: <picamera2.job.Job object at 0x7f465b37d0>
2026-05-26 18:03:31,082 - mazeUtils.device.camera - [camera.py:37] - DEBUG - Average HSV: H=22.6, S=61.0, V=102.2
2026-05-26 18:03:31,131 - mazeUtils.moveTile - [moveTile.py:80] - DEBUG - roll: 0.8799999999999955 deg, practicalMoveTime: 0.20894298797860514 sec
2026-05-26 18:03:31,131 - mazeUtils.moveTile - [moveTile.py:1105] - DEBUG - moveTile loop time: 58.3 ms
2026-05-26 18:03:31,135 - picamera2.picamera2 - [picamera2.py:1391] - DEBUG - Execute job: <picamera2.job.Job object at 0x7f465b3f90>
2026-05-26 18:03:31,138 - mazeUtils.device.camera - [camera.py:37] - DEBUG - Average HSV: H=27.5, S=59.5, V=104.5
2026-05-26 18:03:31,185 - mazeUtils.moveTile - [moveTile.py:80] - DEBUG - roll: 2.490000000000009 deg, practicalMoveTime: 0.25686975294006414 sec
2026-05-26 18:03:31,185 - mazeUtils.moveTile - [moveTile.py:1105] - DEBUG - moveTile loop time: 53.6 ms
2026-05-26 18:03:31,190 - picamera2.picamera2 - [picamera2.py:1391] - DEBUG - Execute job: <picamera2.job.Job object at 0x7f6074a490>
2026-05-26 18:03:31,197 - mazeUtils.device.camera - [camera.py:37] - DEBUG - Average HSV: H=24.7, S=59.8, V=106.2
2026-05-26 18:03:31,245 - mazeUtils.moveTile - [moveTile.py:80] - DEBUG - roll: 1.5500000000000114 deg, practicalMoveTime: 0.31098765074442253 sec
2026-05-26 18:03:31,246 - mazeUtils.moveTile - [moveTile.py:1105] - DEBUG - moveTile loop time: 60.4 ms
2026-05-26 18:03:31,253 - picamera2.picamera2 - [picamera2.py:1391] - DEBUG - Execute job: <picamera2.job.Job object at 0x7f467c85d0>
2026-05-26 18:03:31,256 - mazeUtils.device.camera - [camera.py:37] - DEBUG - Average HSV: H=23.5, S=60.3, V=108.9
2026-05-26 18:03:31,304 - mazeUtils.moveTile - [moveTile.py:80] - DEBUG - roll: 1.6599999999999682 deg, practicalMoveTime: 0.36376874479701493 sec
2026-05-26 18:03:31,305 - mazeUtils.moveTile - [moveTile.py:1105] - DEBUG - moveTile loop time: 59.0 ms
2026-05-26 18:03:31,311 - picamera2.picamera2 - [picamera2.py:1391] - DEBUG - Execute job: <picamera2.job.Job object at 0x7f85dacbd0>
2026-05-26 18:03:31,314 - mazeUtils.device.camera - [camera.py:37] - DEBUG - Average HSV: H=21.0, S=60.2, V=110.4
2026-05-26 18:03:31,361 - mazeUtils.moveTile - [moveTile.py:80] - DEBUG - roll: 2.1399999999999864 deg, practicalMoveTime: 0.4141247975739909 sec
2026-05-26 18:03:31,362 - mazeUtils.moveTile - [moveTile.py:1105] - DEBUG - moveTile loop time: 55.6 ms
2026-05-26 18:03:31,365 - picamera2.picamera2 - [picamera2.py:1391] - DEBUG - Execute job: <picamera2.job.Job object at 0x7f465b37d0>
2026-05-26 18:03:31,369 - mazeUtils.device.camera - [camera.py:37] - DEBUG - Average HSV: H=17.5, S=59.5, V=113.6
2026-05-26 18:03:31,416 - mazeUtils.moveTile - [moveTile.py:80] - DEBUG - roll: 1.579999999999984 deg, practicalMoveTime: 0.46284050461185433 sec
2026-05-26 18:03:31,416 - mazeUtils.moveTile - [moveTile.py:1105] - DEBUG - moveTile loop time: 54.6 ms
2026-05-26 18:03:31,422 - picamera2.picamera2 - [picamera2.py:1391] - DEBUG - Execute job: <picamera2.job.Job object at 0x7f467c85d0>
2026-05-26 18:03:31,425 - mazeUtils.device.camera - [camera.py:37] - DEBUG - Average HSV: H=13.5, S=60.9, V=120.4
2026-05-26 18:03:31,473 - mazeUtils.moveTile - [moveTile.py:80] - DEBUG - roll: 1.8600000000000136 deg, practicalMoveTime: 0.5134813808554156 sec
2026-05-26 18:03:31,473 - mazeUtils.moveTile - [moveTile.py:1105] - DEBUG - moveTile loop time: 56.5 ms
2026-05-26 18:03:31,480 - picamera2.picamera2 - [picamera2.py:1391] - DEBUG - Execute job: <picamera2.job.Job object at 0x7f465c4090>
2026-05-26 18:03:31,483 - mazeUtils.device.camera - [camera.py:37] - DEBUG - Average HSV: H=14.6, S=62.2, V=126.1
2026-05-26 18:03:31,532 - mazeUtils.moveTile - [moveTile.py:80] - DEBUG - roll: 1.9399999999999977 deg, practicalMoveTime: 0.566038200153653 sec
2026-05-26 18:03:31,532 - mazeUtils.moveTile - [moveTile.py:1105] - DEBUG - moveTile loop time: 58.8 ms
2026-05-26 18:03:31,538 - picamera2.picamera2 - [picamera2.py:1391] - DEBUG - Execute job: <picamera2.job.Job object at 0x7f465b3f90>
2026-05-26 18:03:31,542 - mazeUtils.device.camera - [camera.py:37] - DEBUG - Average HSV: H=110.6, S=46.9, V=124.3
2026-05-26 18:03:31,591 - mazeUtils.moveTile - [moveTile.py:80] - DEBUG - roll: 1.740000000000009 deg, practicalMoveTime: 0.6186022002591659 sec
2026-05-26 18:03:31,591 - mazeUtils.moveTile - [moveTile.py:1105] - DEBUG - moveTile loop time: 58.7 ms
2026-05-26 18:03:31,595 - picamera2.picamera2 - [picamera2.py:1391] - DEBUG - Execute job: <picamera2.job.Job object at 0x7f472a5fd0>
2026-05-26 18:03:31,598 - mazeUtils.device.camera - [camera.py:37] - DEBUG - Average HSV: H=166.7, S=36.2, V=125.3
2026-05-26 18:03:31,645 - mazeUtils.moveTile - [moveTile.py:80] - DEBUG - roll: 1.9099999999999682 deg, practicalMoveTime: 0.6672729021900792 sec
2026-05-26 18:03:31,646 - mazeUtils.moveTile - [moveTile.py:1105] - DEBUG - moveTile loop time: 54.4 ms
2026-05-26 18:03:31,650 - picamera2.picamera2 - [picamera2.py:1391] - DEBUG - Execute job: <picamera2.job.Job object at 0x7f6074a490>
2026-05-26 18:03:31,654 - mazeUtils.device.camera - [camera.py:37] - DEBUG - Average HSV: H=165.8, S=35.8, V=126.5
2026-05-26 18:03:31,702 - mazeUtils.moveTile - [moveTile.py:80] - DEBUG - roll: 1.2900000000000205 deg, practicalMoveTime: 0.7177701733113315 sec
2026-05-26 18:03:31,703 - mazeUtils.moveTile - [moveTile.py:1105] - DEBUG - moveTile loop time: 56.8 ms
2026-05-26 18:03:31,709 - picamera2.picamera2 - [picamera2.py:1391] - DEBUG - Execute job: <picamera2.job.Job object at 0x7f464b6890>
2026-05-26 18:03:31,712 - mazeUtils.device.camera - [camera.py:37] - DEBUG - Average HSV: H=167.0, S=36.1, V=127.6
2026-05-26 18:03:31,762 - mazeUtils.moveTile - [moveTile.py:80] - DEBUG - roll: 1.240000000000009 deg, practicalMoveTime: 0.7709883986652925 sec
2026-05-26 18:03:31,762 - mazeUtils.moveTile - [moveTile.py:1105] - DEBUG - moveTile loop time: 59.3 ms
2026-05-26 18:03:31,768 - picamera2.picamera2 - [picamera2.py:1391] - DEBUG - Execute job: <picamera2.job.Job object at 0x7f465c4090>
2026-05-26 18:03:31,772 - mazeUtils.device.camera - [camera.py:37] - DEBUG - Average HSV: H=147.6, S=39.5, V=129.6
2026-05-26 18:03:31,821 - mazeUtils.moveTile - [moveTile.py:80] - DEBUG - roll: 1.339999999999975 deg, practicalMoveTime: 0.8232992663319729 sec
2026-05-26 18:03:31,821 - mazeUtils.moveTile - [moveTile.py:1105] - DEBUG - moveTile loop time: 58.4 ms
2026-05-26 18:03:31,825 - picamera2.picamera2 - [picamera2.py:1391] - DEBUG - Execute job: <picamera2.job.Job object at 0x7f6074a490>
2026-05-26 18:03:31,828 - mazeUtils.device.camera - [camera.py:37] - DEBUG - Average HSV: H=91.5, S=48.3, V=133.6
2026-05-26 18:03:31,878 - mazeUtils.moveTile - [moveTile.py:80] - DEBUG - roll: 1.2199999999999704 deg, practicalMoveTime: 0.8747778532931167 sec
2026-05-26 18:03:31,879 - mazeUtils.moveTile - [moveTile.py:1105] - DEBUG - moveTile loop time: 57.4 ms
2026-05-26 18:03:31,884 - picamera2.picamera2 - [picamera2.py:1391] - DEBUG - Execute job: <picamera2.job.Job object at 0x7f467c85d0>
2026-05-26 18:03:31,887 - mazeUtils.device.camera - [camera.py:37] - DEBUG - Average HSV: H=137.3, S=40.5, V=134.8
2026-05-26 18:03:31,939 - mazeUtils.moveTile - [moveTile.py:80] - DEBUG - roll: 1.1299999999999955 deg, practicalMoveTime: 0.9290863135952262 sec
2026-05-26 18:03:31,940 - mazeUtils.moveTile - [moveTile.py:1105] - DEBUG - moveTile loop time: 60.8 ms
2026-05-26 18:03:31,944 - picamera2.picamera2 - [picamera2.py:1391] - DEBUG - Execute job: <picamera2.job.Job object at 0x7f465b3f90>
2026-05-26 18:03:31,947 - mazeUtils.device.camera - [camera.py:37] - DEBUG - Average HSV: H=169.1, S=36.1, V=136.5
2026-05-26 18:03:31,995 - mazeUtils.moveTile - [moveTile.py:80] - DEBUG - roll: 1.1800000000000068 deg, practicalMoveTime: 0.9792690267005192 sec
2026-05-26 18:03:31,996 - mazeUtils.moveTile - [moveTile.py:1105] - DEBUG - moveTile loop time: 56.0 ms
2026-05-26 18:03:32,000 - picamera2.picamera2 - [picamera2.py:1391] - DEBUG - Execute job: <picamera2.job.Job object at 0x7f465b37d0>
2026-05-26 18:03:32,003 - mazeUtils.device.camera - [camera.py:37] - DEBUG - Average HSV: H=169.4, S=36.2, V=136.5
2026-05-26 18:03:32,159 - mazeUtils.moveTile - [moveTile.py:511] - DEBUG - Direction: absDirection.NORTH, Angle: 90, Distance: 17.82071754354747 cm
2026-05-26 18:03:32,160 - mazeUtils.moveTile - [moveTile.py:511] - DEBUG - Direction: absDirection.EAST, Angle: 0, Distance: 131.36851195948552 cm
2026-05-26 18:03:32,161 - mazeUtils.moveTile - [moveTile.py:511] - DEBUG - Direction: absDirection.SOUTH, Angle: 270, Distance: 16.501394429549297 cm
2026-05-26 18:03:32,162 - mazeUtils.moveTile - [moveTile.py:511] - DEBUG - Direction: absDirection.WEST, Angle: 180, Distance: 53.53954684145812 cm
2026-05-26 18:03:32,162 - mazeUtils.moveTile - [moveTile.py:1274] - INFO - Tile color detection counts: {}, decided tile type: E
2026-05-26 18:03:32,293 - __main__ - [main.py:84] - INFO - Current position: (16, 22, 0), front direction: absDirection.EAST
Layer 0 (altitude=0.0cm, offset=(0.0cm, 0.0cm)):
Known map area: x=15..20, y=19..23
+   +   +   +   +   +---+
  U   U   U   U   U   E |
+   +   +   +   +   +   +
  U   U   U   U   U   S |
+   +   +   +   +   +---+
  U   U   U | E   U   U  
+---+---+---+   +---+---+
| E   @   E   E   E   E |
+   +---+---+---+   +   +
| E   U   U   U | E   E |
+---+   +   +   +---+---+
Layer 1 (altitude=15.0cm, offset=(-60.0cm, 0.0cm)):
Known map area: x=20..20, y=19..19
+---+
| E  
+   +
Layer 2 (altitude=45.0cm, offset=(120.0cm, 0.0cm)):
Known map area: x=15..15, y=23..23
+---+
  E |
+---+
mazeAsGraph[0][19][20] = {absDirection.NORTH: None, absDirection.EAST: None, absDirection.SOUTH: (20, 20, 0), absDirection.WEST: (20, 19, 1)}
mazeAsGraph[0][20][20] = {absDirection.NORTH: (20, 19, 0), absDirection.EAST: None, absDirection.SOUTH: None, absDirection.WEST: (19, 20, 0)}
mazeAsGraph[0][21][18] = {absDirection.NORTH: (20, 19, 1), absDirection.EAST: (19, 21, 0), absDirection.SOUTH: (18, 22, 0), absDirection.WEST: None}
mazeAsGraph[0][22][15] = {absDirection.NORTH: None, absDirection.EAST: (16, 22, 0), absDirection.SOUTH: (15, 23, 0), absDirection.WEST: None}
mazeAsGraph[0][22][16] = {absDirection.NORTH: None, absDirection.EAST: (17, 22, 0), absDirection.SOUTH: None, absDirection.WEST: (15, 22, 0)}
mazeAsGraph[0][22][17] = {absDirection.NORTH: None, absDirection.EAST: (18, 22, 0), absDirection.SOUTH: None, absDirection.WEST: (16, 22, 0)}
mazeAsGraph[0][22][18] = {absDirection.NORTH: (18, 21, 0), absDirection.EAST: (19, 22, 0), absDirection.SOUTH: None, absDirection.WEST: (17, 22, 0)}
mazeAsGraph[0][22][19] = {absDirection.NORTH: None, absDirection.EAST: (20, 22, 0), absDirection.SOUTH: (19, 23, 0), absDirection.WEST: (18, 22, 0)}
mazeAsGraph[0][22][20] = {absDirection.NORTH: None, absDirection.EAST: None, absDirection.SOUTH: (20, 23, 0), absDirection.WEST: (19, 22, 0)}
mazeAsGraph[0][23][15] = {absDirection.NORTH: (15, 22, 0), absDirection.EAST: (15, 23, 2), absDirection.SOUTH: None, absDirection.WEST: None}
mazeAsGraph[0][23][19] = {absDirection.NORTH: (19, 22, 0), absDirection.EAST: (20, 23, 0), absDirection.SOUTH: None, absDirection.WEST: None}
mazeAsGraph[0][23][20] = {absDirection.NORTH: (20, 22, 0), absDirection.EAST: None, absDirection.SOUTH: None, absDirection.WEST: (19, 23, 0)}
mazeAsGraph[1][19][20] = {absDirection.NORTH: None, absDirection.EAST: (20, 19, 0), absDirection.SOUTH: (18, 21, 0), absDirection.WEST: None}
mazeAsGraph[2][23][15] = {absDirection.NORTH: None, absDirection.EAST: None, absDirection.SOUTH: None, absDirection.WEST: (15, 23, 0)}
2026-05-26 18:03:32,309 - mazeUtils.moveTile - [moveTile.py:80] - DEBUG - Moving to absDirection.EAST from (16, 22, 0) facing absDirection.EAST
2026-05-26 18:03:32,354 - mazeUtils.moveTile - [moveTile.py:80] - DEBUG - current heading: 267.67999999999995 target: 270
2026-05-26 18:03:32,394 - mazeUtils.moveTile - [moveTile.py:387] - DEBUG - stopped turning at heading: 267.67999999999995, diff: 2.32000000000005
2026-05-26 18:03:32,542 - mazeUtils.moveTile - [moveTile.py:80] - DEBUG - Turned to heading: 269.88 deg
2026-05-26 18:03:32,638 - picamera2.picamera2 - [picamera2.py:1391] - DEBUG - Execute job: <picamera2.job.Job object at 0x7f464d1b10>
2026-05-26 18:03:32,642 - mazeUtils.device.camera - [camera.py:37] - DEBUG - Average HSV: H=168.8, S=36.6, V=137.5
2026-05-26 18:03:32,689 - mazeUtils.moveTile - [moveTile.py:80] - DEBUG - roll: 1.0400000000000205 deg, practicalMoveTime: 0.05102630571165673 sec
2026-05-26 18:03:32,690 - mazeUtils.moveTile - [moveTile.py:1105] - DEBUG - moveTile loop time: 56.0 ms
2026-05-26 18:03:32,695 - picamera2.picamera2 - [picamera2.py:1391] - DEBUG - Execute job: <picamera2.job.Job object at 0x7f465b37d0>
2026-05-26 18:03:32,700 - mazeUtils.device.camera - [camera.py:37] - DEBUG - Average HSV: H=169.7, S=36.8, V=138.8
2026-05-26 18:03:32,749 - mazeUtils.moveTile - [moveTile.py:80] - DEBUG - roll: 1.2699999999999818 deg, practicalMoveTime: 0.10350274016285756 sec
2026-05-26 18:03:32,749 - mazeUtils.moveTile - [moveTile.py:1105] - DEBUG - moveTile loop time: 58.6 ms
2026-05-26 18:03:32,755 - picamera2.picamera2 - [picamera2.py:1391] - DEBUG - Execute job: <picamera2.job.Job object at 0x7f46cd5650>
2026-05-26 18:03:32,758 - mazeUtils.device.camera - [camera.py:37] - DEBUG - Average HSV: H=169.1, S=36.3, V=138.0
2026-05-26 18:03:32,805 - mazeUtils.moveTile - [moveTile.py:80] - DEBUG - roll: 1.2799999999999727 deg, practicalMoveTime: 0.15421773548269344 sec
2026-05-26 18:03:32,806 - mazeUtils.moveTile - [moveTile.py:1105] - DEBUG - moveTile loop time: 56.3 ms
2026-05-26 18:03:32,812 - picamera2.picamera2 - [picamera2.py:1391] - DEBUG - Execute job: <picamera2.job.Job object at 0x7f465b37d0>
2026-05-26 18:03:32,815 - mazeUtils.device.camera - [camera.py:37] - DEBUG - Average HSV: H=168.9, S=36.2, V=140.7
2026-05-26 18:03:32,866 - mazeUtils.moveTile - [moveTile.py:80] - DEBUG - roll: 0.3299999999999841 deg, practicalMoveTime: 0.2079951342445185 sec
2026-05-26 18:03:32,867 - mazeUtils.moveTile - [moveTile.py:1105] - DEBUG - moveTile loop time: 60.2 ms
2026-05-26 18:03:32,871 - picamera2.picamera2 - [picamera2.py:1391] - DEBUG - Execute job: <picamera2.job.Job object at 0x7f46cd4e50>
2026-05-26 18:03:32,874 - mazeUtils.device.camera - [camera.py:37] - DEBUG - Average HSV: H=168.1, S=36.7, V=144.2
2026-05-26 18:03:32,922 - mazeUtils.moveTile - [moveTile.py:80] - DEBUG - roll: 0.5699999999999932 deg, practicalMoveTime: 0.25820574799081875 sec
2026-05-26 18:03:32,923 - mazeUtils.moveTile - [moveTile.py:1105] - DEBUG - moveTile loop time: 56.2 ms
2026-05-26 18:03:32,927 - picamera2.picamera2 - [picamera2.py:1391] - DEBUG - Execute job: <picamera2.job.Job object at 0x7f46cd4e50>
2026-05-26 18:03:32,930 - mazeUtils.device.camera - [camera.py:37] - DEBUG - Average HSV: H=168.9, S=36.8, V=144.3
2026-05-26 18:03:32,979 - mazeUtils.moveTile - [moveTile.py:80] - DEBUG - roll: 0.5099999999999909 deg, practicalMoveTime: 0.3083883197398268 sec
2026-05-26 18:03:32,979 - mazeUtils.moveTile - [moveTile.py:1105] - DEBUG - moveTile loop time: 56.0 ms
2026-05-26 18:03:32,985 - picamera2.picamera2 - [picamera2.py:1391] - DEBUG - Execute job: <picamera2.job.Job object at 0x7f464d1b10>
2026-05-26 18:03:32,988 - mazeUtils.device.camera - [camera.py:37] - DEBUG - Average HSV: H=151.5, S=38.7, V=143.2
2026-05-26 18:03:33,037 - mazeUtils.moveTile - [moveTile.py:80] - DEBUG - roll: 0.12000000000000455 deg, practicalMoveTime: 0.3603314364445829 sec
2026-05-26 18:03:33,038 - mazeUtils.moveTile - [moveTile.py:1105] - DEBUG - moveTile loop time: 58.0 ms
2026-05-26 18:03:33,044 - picamera2.picamera2 - [picamera2.py:1391] - DEBUG - Execute job: <picamera2.job.Job object at 0x7f46cd4dd0>
2026-05-26 18:03:33,047 - mazeUtils.device.camera - [camera.py:37] - DEBUG - Average HSV: H=8.0, S=53.9, V=150.5
2026-05-26 18:03:33,094 - mazeUtils.moveTile - [moveTile.py:80] - DEBUG - roll: 1.0699999999999932 deg, practicalMoveTime: 0.4112531985883572 sec
2026-05-26 18:03:33,095 - mazeUtils.moveTile - [moveTile.py:1105] - DEBUG - moveTile loop time: 57.0 ms
2026-05-26 18:03:33,101 - picamera2.picamera2 - [picamera2.py:1391] - DEBUG - Execute job: <picamera2.job.Job object at 0x7f46cd5550>
2026-05-26 18:03:33,104 - mazeUtils.device.camera - [camera.py:37] - DEBUG - Average HSV: H=7.0, S=52.8, V=151.9
2026-05-26 18:03:33,153 - mazeUtils.moveTile - [moveTile.py:80] - DEBUG - roll: 0.9699999999999704 deg, practicalMoveTime: 0.463771477865476 sec
2026-05-26 18:03:33,154 - mazeUtils.moveTile - [moveTile.py:1105] - DEBUG - moveTile loop time: 58.4 ms
2026-05-26 18:03:33,158 - picamera2.picamera2 - [picamera2.py:1391] - DEBUG - Execute job: <picamera2.job.Job object at 0x7f465fe210>
2026-05-26 18:03:33,161 - mazeUtils.device.camera - [camera.py:37] - DEBUG - Average HSV: H=7.0, S=53.1, V=154.6
2026-05-26 18:03:33,209 - mazeUtils.moveTile - [moveTile.py:80] - DEBUG - roll: 0.7799999999999727 deg, practicalMoveTime: 0.513084792358269 sec
2026-05-26 18:03:33,209 - mazeUtils.moveTile - [moveTile.py:1105] - DEBUG - moveTile loop time: 55.3 ms
2026-05-26 18:03:33,215 - picamera2.picamera2 - [picamera2.py:1391] - DEBUG - Execute job: <picamera2.job.Job object at 0x7f46cd5650>
2026-05-26 18:03:33,218 - mazeUtils.device.camera - [camera.py:37] - DEBUG - Average HSV: H=7.2, S=54.6, V=155.2
2026-05-26 18:03:33,268 - mazeUtils.moveTile - [moveTile.py:80] - DEBUG - roll: 1.0699999999999932 deg, practicalMoveTime: 0.5658189825487188 sec
2026-05-26 18:03:33,268 - mazeUtils.moveTile - [moveTile.py:1105] - DEBUG - moveTile loop time: 58.7 ms
2026-05-26 18:03:33,273 - picamera2.picamera2 - [picamera2.py:1391] - DEBUG - Execute job: <picamera2.job.Job object at 0x7f464d1b10>
2026-05-26 18:03:33,276 - mazeUtils.device.camera - [camera.py:37] - DEBUG - Average HSV: H=6.2, S=55.3, V=155.8
2026-05-26 18:03:33,326 - mazeUtils.moveTile - [moveTile.py:80] - DEBUG - roll: 0.9599999999999795 deg, practicalMoveTime: 0.6178377371845486 sec
2026-05-26 18:03:33,327 - mazeUtils.moveTile - [moveTile.py:1105] - DEBUG - moveTile loop time: 58.4 ms
2026-05-26 18:03:33,333 - picamera2.picamera2 - [picamera2.py:1391] - DEBUG - Execute job: <picamera2.job.Job object at 0x7f46cd4dd0>
2026-05-26 18:03:33,337 - mazeUtils.device.camera - [camera.py:37] - DEBUG - Average HSV: H=6.7, S=54.9, V=155.1
2026-05-26 18:03:33,388 - mazeUtils.moveTile - [moveTile.py:80] - DEBUG - roll: 0.7400000000000091 deg, practicalMoveTime: 0.6728433248708603 sec
2026-05-26 18:03:33,389 - mazeUtils.moveTile - [moveTile.py:1105] - DEBUG - moveTile loop time: 61.4 ms
2026-05-26 18:03:33,395 - picamera2.picamera2 - [picamera2.py:1391] - DEBUG - Execute job: <picamera2.job.Job object at 0x7f465b37d0>
2026-05-26 18:03:33,398 - mazeUtils.device.camera - [camera.py:37] - DEBUG - Average HSV: H=6.7, S=56.2, V=156.3
2026-05-26 18:03:33,447 - mazeUtils.moveTile - [moveTile.py:80] - DEBUG - roll: 0.9200000000000159 deg, practicalMoveTime: 0.7256672343407102 sec
2026-05-26 18:03:33,448 - mazeUtils.moveTile - [moveTile.py:1105] - DEBUG - moveTile loop time: 58.7 ms
2026-05-26 18:03:33,454 - picamera2.picamera2 - [picamera2.py:1391] - DEBUG - Execute job: <picamera2.job.Job object at 0x7f46cd55d0>
2026-05-26 18:03:33,458 - mazeUtils.device.camera - [camera.py:37] - DEBUG - Average HSV: H=6.8, S=54.4, V=158.3
2026-05-26 18:03:33,510 - mazeUtils.moveTile - [moveTile.py:80] - DEBUG - roll: 1.0699999999999932 deg, practicalMoveTime: 0.7813298860412358 sec
2026-05-26 18:03:33,511 - mazeUtils.moveTile - [moveTile.py:1105] - DEBUG - moveTile loop time: 62.6 ms
2026-05-26 18:03:33,515 - picamera2.picamera2 - [picamera2.py:1391] - DEBUG - Execute job: <picamera2.job.Job object at 0x7f46cd5550>
2026-05-26 18:03:33,521 - mazeUtils.device.camera - [camera.py:37] - DEBUG - Average HSV: H=7.0, S=53.5, V=158.7
2026-05-26 18:03:33,575 - mazeUtils.moveTile - [moveTile.py:80] - DEBUG - roll: 0.6599999999999682 deg, practicalMoveTime: 0.8388781192979952 sec
2026-05-26 18:03:33,575 - mazeUtils.moveTile - [moveTile.py:1105] - DEBUG - moveTile loop time: 64.3 ms
2026-05-26 18:03:33,580 - picamera2.picamera2 - [picamera2.py:1391] - DEBUG - Execute job: <picamera2.job.Job object at 0x7f464d1b90>
2026-05-26 18:03:33,585 - mazeUtils.device.camera - [camera.py:37] - DEBUG - Average HSV: H=7.0, S=51.2, V=161.7
2026-05-26 18:03:33,635 - mazeUtils.moveTile - [moveTile.py:80] - DEBUG - roll: 0.5 deg, practicalMoveTime: 0.892239815893983 sec
2026-05-26 18:03:33,635 - mazeUtils.moveTile - [moveTile.py:1105] - DEBUG - moveTile loop time: 59.6 ms
2026-05-26 18:03:33,642 - picamera2.picamera2 - [picamera2.py:1391] - DEBUG - Execute job: <picamera2.job.Job object at 0x7f46cd4e50>
2026-05-26 18:03:33,647 - mazeUtils.device.camera - [camera.py:37] - DEBUG - Average HSV: H=7.1, S=49.9, V=161.5
2026-05-26 18:03:33,697 - mazeUtils.moveTile - [moveTile.py:80] - DEBUG - roll: 0.4399999999999977 deg, practicalMoveTime: 0.9477890869166122 sec
2026-05-26 18:03:33,698 - mazeUtils.moveTile - [moveTile.py:1105] - DEBUG - moveTile loop time: 62.1 ms
2026-05-26 18:03:33,703 - picamera2.picamera2 - [picamera2.py:1391] - DEBUG - Execute job: <picamera2.job.Job object at 0x7f46cd55d0>
2026-05-26 18:03:33,709 - mazeUtils.device.camera - [camera.py:37] - DEBUG - Average HSV: H=12.9, S=49.3, V=161.8
2026-05-26 18:03:33,759 - mazeUtils.moveTile - [moveTile.py:80] - DEBUG - roll: 0.5600000000000023 deg, practicalMoveTime: 1.0026934286626825 sec
2026-05-26 18:03:33,760 - mazeUtils.moveTile - [moveTile.py:1105] - DEBUG - moveTile loop time: 61.4 ms
2026-05-26 18:03:33,765 - picamera2.picamera2 - [picamera2.py:1391] - DEBUG - Execute job: <picamera2.job.Job object at 0x7f464d1b10>
2026-05-26 18:03:33,771 - mazeUtils.device.camera - [camera.py:37] - DEBUG - Average HSV: H=12.9, S=50.0, V=164.9
2026-05-26 18:03:33,957 - mazeUtils.moveTile - [moveTile.py:511] - DEBUG - Direction: absDirection.NORTH, Angle: 90, Distance: 18.80698059470262 cm
2026-05-26 18:03:33,959 - mazeUtils.moveTile - [moveTile.py:511] - DEBUG - Direction: absDirection.EAST, Angle: 0, Distance: 98.96319542491818 cm
2026-05-26 18:03:33,961 - mazeUtils.moveTile - [moveTile.py:511] - DEBUG - Direction: absDirection.SOUTH, Angle: 270, Distance: 15.306854060449822 cm
2026-05-26 18:03:33,963 - mazeUtils.moveTile - [moveTile.py:511] - DEBUG - Direction: absDirection.WEST, Angle: 180, Distance: 83.5990425088986 cm
2026-05-26 18:03:33,964 - mazeUtils.moveTile - [moveTile.py:1274] - INFO - Tile color detection counts: {}, decided tile type: E
2026-05-26 18:03:34,117 - __main__ - [main.py:84] - INFO - Current position: (17, 22, 0), front direction: absDirection.EAST
Layer 0 (altitude=0.0cm, offset=(0.0cm, 0.0cm)):
Known map area: x=15..20, y=19..23
+   +   +   +   +   +---+
  U   U   U   U   U   E |
+   +   +   +   +   +   +
  U   U   U   U   U   S |
+   +   +   +   +   +---+
  U   U   U | E   U   U  
+---+---+---+   +---+---+
| E   E   @   E   E   E |
+   +---+---+---+   +   +
| E   U   U   U | E   E |
+---+   +   +   +---+---+
Layer 1 (altitude=15.0cm, offset=(-60.0cm, 0.0cm)):
Known map area: x=20..20, y=19..19
+---+
| E  
+   +
Layer 2 (altitude=45.0cm, offset=(120.0cm, 0.0cm)):
Known map area: x=15..15, y=23..23
+---+
  E |
+---+
mazeAsGraph[0][19][20] = {absDirection.NORTH: None, absDirection.EAST: None, absDirection.SOUTH: (20, 20, 0), absDirection.WEST: (20, 19, 1)}
mazeAsGraph[0][20][20] = {absDirection.NORTH: (20, 19, 0), absDirection.EAST: None, absDirection.SOUTH: None, absDirection.WEST: (19, 20, 0)}
mazeAsGraph[0][21][18] = {absDirection.NORTH: (20, 19, 1), absDirection.EAST: (19, 21, 0), absDirection.SOUTH: (18, 22, 0), absDirection.WEST: None}
mazeAsGraph[0][22][15] = {absDirection.NORTH: None, absDirection.EAST: (16, 22, 0), absDirection.SOUTH: (15, 23, 0), absDirection.WEST: None}
mazeAsGraph[0][22][16] = {absDirection.NORTH: None, absDirection.EAST: (17, 22, 0), absDirection.SOUTH: None, absDirection.WEST: (15, 22, 0)}
mazeAsGraph[0][22][17] = {absDirection.NORTH: None, absDirection.EAST: (18, 22, 0), absDirection.SOUTH: None, absDirection.WEST: (16, 22, 0)}
mazeAsGraph[0][22][18] = {absDirection.NORTH: (18, 21, 0), absDirection.EAST: (19, 22, 0), absDirection.SOUTH: None, absDirection.WEST: (17, 22, 0)}
mazeAsGraph[0][22][19] = {absDirection.NORTH: None, absDirection.EAST: (20, 22, 0), absDirection.SOUTH: (19, 23, 0), absDirection.WEST: (18, 22, 0)}
mazeAsGraph[0][22][20] = {absDirection.NORTH: None, absDirection.EAST: None, absDirection.SOUTH: (20, 23, 0), absDirection.WEST: (19, 22, 0)}
mazeAsGraph[0][23][15] = {absDirection.NORTH: (15, 22, 0), absDirection.EAST: (15, 23, 2), absDirection.SOUTH: None, absDirection.WEST: None}
mazeAsGraph[0][23][19] = {absDirection.NORTH: (19, 22, 0), absDirection.EAST: (20, 23, 0), absDirection.SOUTH: None, absDirection.WEST: None}
mazeAsGraph[0][23][20] = {absDirection.NORTH: (20, 22, 0), absDirection.EAST: None, absDirection.SOUTH: None, absDirection.WEST: (19, 23, 0)}
mazeAsGraph[1][19][20] = {absDirection.NORTH: None, absDirection.EAST: (20, 19, 0), absDirection.SOUTH: (18, 21, 0), absDirection.WEST: None}
mazeAsGraph[2][23][15] = {absDirection.NORTH: None, absDirection.EAST: None, absDirection.SOUTH: None, absDirection.WEST: (15, 23, 0)}
2026-05-26 18:03:34,133 - mazeUtils.moveTile - [moveTile.py:80] - DEBUG - Moving to absDirection.EAST from (17, 22, 0) facing absDirection.EAST
2026-05-26 18:03:34,179 - mazeUtils.moveTile - [moveTile.py:80] - DEBUG - current heading: 272.08 target: 270
2026-05-26 18:03:34,220 - mazeUtils.moveTile - [moveTile.py:387] - DEBUG - stopped turning at heading: 272.08, diff: 2.079999999999984
2026-05-26 18:03:34,711 - mazeUtils.moveTile - [moveTile.py:80] - DEBUG - Turned to heading: 269.82 deg
2026-05-26 18:03:34,808 - picamera2.picamera2 - [picamera2.py:1391] - DEBUG - Execute job: <picamera2.job.Job object at 0x7f46e6c050>
2026-05-26 18:03:34,812 - mazeUtils.device.camera - [camera.py:37] - DEBUG - Average HSV: H=7.3, S=49.7, V=164.6
2026-05-26 18:03:34,863 - mazeUtils.moveTile - [moveTile.py:80] - DEBUG - roll: 0.5999999999999659 deg, practicalMoveTime: 0.054589830623061344 sec
2026-05-26 18:03:34,864 - mazeUtils.moveTile - [moveTile.py:1105] - DEBUG - moveTile loop time: 60.6 ms
2026-05-26 18:03:34,869 - picamera2.picamera2 - [picamera2.py:1391] - DEBUG - Execute job: <picamera2.job.Job object at 0x7f46508c50>
2026-05-26 18:03:34,872 - mazeUtils.device.camera - [camera.py:37] - DEBUG - Average HSV: H=7.1, S=48.9, V=165.1
2026-05-26 18:03:34,923 - mazeUtils.moveTile - [moveTile.py:80] - DEBUG - roll: 0.9300000000000068 deg, practicalMoveTime: 0.10797334815737462 sec
2026-05-26 18:03:34,923 - mazeUtils.moveTile - [moveTile.py:1105] - DEBUG - moveTile loop time: 59.6 ms
2026-05-26 18:03:34,928 - picamera2.picamera2 - [picamera2.py:1391] - DEBUG - Execute job: <picamera2.job.Job object at 0x7f6160a450>
2026-05-26 18:03:34,932 - mazeUtils.device.camera - [camera.py:37] - DEBUG - Average HSV: H=7.4, S=47.2, V=166.2
2026-05-26 18:03:34,981 - mazeUtils.moveTile - [moveTile.py:80] - DEBUG - roll: 0.9300000000000068 deg, practicalMoveTime: 0.159952646052184 sec
2026-05-26 18:03:34,982 - mazeUtils.moveTile - [moveTile.py:1105] - DEBUG - moveTile loop time: 58.0 ms
2026-05-26 18:03:34,988 - picamera2.picamera2 - [picamera2.py:1391] - DEBUG - Execute job: <picamera2.job.Job object at 0x7f46540150>
2026-05-26 18:03:34,992 - mazeUtils.device.camera - [camera.py:37] - DEBUG - Average HSV: H=12.2, S=44.3, V=166.4
2026-05-26 18:03:35,040 - mazeUtils.moveTile - [moveTile.py:80] - DEBUG - roll: 0.3100000000000023 deg, practicalMoveTime: 0.2123600973457211 sec
2026-05-26 18:03:35,040 - mazeUtils.moveTile - [moveTile.py:1105] - DEBUG - moveTile loop time: 58.5 ms
2026-05-26 18:03:35,046 - picamera2.picamera2 - [picamera2.py:1391] - DEBUG - Execute job: <picamera2.job.Job object at 0x7f47174150>
2026-05-26 18:03:35,049 - mazeUtils.device.camera - [camera.py:37] - DEBUG - Average HSV: H=29.1, S=40.4, V=169.3
2026-05-26 18:03:35,102 - mazeUtils.moveTile - [moveTile.py:80] - DEBUG - roll: 0.8100000000000023 deg, practicalMoveTime: 0.26740940348744685 sec
2026-05-26 18:03:35,102 - mazeUtils.moveTile - [moveTile.py:1105] - DEBUG - moveTile loop time: 61.4 ms
2026-05-26 18:03:35,107 - picamera2.picamera2 - [picamera2.py:1391] - DEBUG - Execute job: <picamera2.job.Job object at 0x7f46508c50>
2026-05-26 18:03:35,110 - mazeUtils.device.camera - [camera.py:37] - DEBUG - Average HSV: H=20.9, S=41.1, V=169.4
2026-05-26 18:03:35,160 - mazeUtils.moveTile - [moveTile.py:80] - DEBUG - roll: 359.63 deg, practicalMoveTime: 0.32537514237474946 sec
2026-05-26 18:03:35,161 - mazeUtils.moveTile - [moveTile.py:1105] - DEBUG - moveTile loop time: 58.4 ms
2026-05-26 18:03:35,166 - picamera2.picamera2 - [picamera2.py:1391] - DEBUG - Execute job: <picamera2.job.Job object at 0x7f47174150>
2026-05-26 18:03:35,169 - mazeUtils.device.camera - [camera.py:37] - DEBUG - Average HSV: H=12.2, S=43.6, V=167.9
2026-05-26 18:03:35,217 - mazeUtils.moveTile - [moveTile.py:80] - DEBUG - roll: 357.31 deg, practicalMoveTime: 0.38124222061347923 sec
2026-05-26 18:03:35,217 - mazeUtils.moveTile - [moveTile.py:1105] - DEBUG - moveTile loop time: 56.3 ms
2026-05-26 18:03:35,223 - picamera2.picamera2 - [picamera2.py:1391] - DEBUG - Execute job: <picamera2.job.Job object at 0x7f46e6c050>
2026-05-26 18:03:35,226 - mazeUtils.device.camera - [camera.py:37] - DEBUG - Average HSV: H=15.0, S=45.5, V=168.5
2026-05-26 18:03:35,278 - mazeUtils.moveTile - [moveTile.py:80] - DEBUG - roll: 358.26 deg, practicalMoveTime: 0.4415814930690079 sec
2026-05-26 18:03:35,278 - mazeUtils.moveTile - [moveTile.py:1105] - DEBUG - moveTile loop time: 60.8 ms
2026-05-26 18:03:35,285 - picamera2.picamera2 - [picamera2.py:1391] - DEBUG - Execute job: <picamera2.job.Job object at 0x7f47174150>
2026-05-26 18:03:35,288 - mazeUtils.device.camera - [camera.py:37] - DEBUG - Average HSV: H=23.4, S=40.6, V=169.3
2026-05-26 18:03:35,337 - mazeUtils.moveTile - [moveTile.py:80] - DEBUG - roll: 357.65999999999997 deg, practicalMoveTime: 0.5000644466129317 sec
2026-05-26 18:03:35,338 - mazeUtils.moveTile - [moveTile.py:1105] - DEBUG - moveTile loop time: 59.1 ms
2026-05-26 18:03:35,344 - picamera2.picamera2 - [picamera2.py:1391] - DEBUG - Execute job: <picamera2.job.Job object at 0x7f46540150>
2026-05-26 18:03:35,347 - mazeUtils.device.camera - [camera.py:37] - DEBUG - Average HSV: H=44.0, S=38.3, V=169.7
2026-05-26 18:03:35,397 - mazeUtils.moveTile - [moveTile.py:80] - DEBUG - roll: 357.59 deg, practicalMoveTime: 0.558997746054426 sec
2026-05-26 18:03:35,397 - mazeUtils.moveTile - [moveTile.py:1105] - DEBUG - moveTile loop time: 58.9 ms
2026-05-26 18:03:35,403 - picamera2.picamera2 - [picamera2.py:1391] - DEBUG - Execute job: <picamera2.job.Job object at 0x7f46e6c050>
2026-05-26 18:03:35,406 - mazeUtils.device.camera - [camera.py:37] - DEBUG - Average HSV: H=26.5, S=40.4, V=169.2
2026-05-26 18:03:35,456 - mazeUtils.moveTile - [moveTile.py:80] - DEBUG - roll: 358.45 deg, practicalMoveTime: 0.6182075929783956 sec
2026-05-26 18:03:35,457 - mazeUtils.moveTile - [moveTile.py:1105] - DEBUG - moveTile loop time: 59.5 ms
2026-05-26 18:03:35,462 - picamera2.picamera2 - [picamera2.py:1391] - DEBUG - Execute job: <picamera2.job.Job object at 0x7f45a26150>
2026-05-26 18:03:35,465 - mazeUtils.device.camera - [camera.py:37] - DEBUG - Average HSV: H=31.8, S=39.4, V=169.9
2026-05-26 18:03:35,513 - mazeUtils.moveTile - [moveTile.py:80] - DEBUG - roll: 358.01 deg, practicalMoveTime: 0.6742131291629646 sec
2026-05-26 18:03:35,514 - mazeUtils.moveTile - [moveTile.py:1105] - DEBUG - moveTile loop time: 56.5 ms
2026-05-26 18:03:35,519 - picamera2.picamera2 - [picamera2.py:1391] - DEBUG - Execute job: <picamera2.job.Job object at 0x7f46540150>
2026-05-26 18:03:35,522 - mazeUtils.device.camera - [camera.py:37] - DEBUG - Average HSV: H=48.8, S=39.6, V=168.5
2026-05-26 18:03:35,570 - mazeUtils.moveTile - [moveTile.py:80] - DEBUG - roll: 358.5 deg, practicalMoveTime: 0.7304153486021102 sec
2026-05-26 18:03:35,570 - mazeUtils.moveTile - [moveTile.py:1105] - DEBUG - moveTile loop time: 56.5 ms
2026-05-26 18:03:35,575 - picamera2.picamera2 - [picamera2.py:1391] - DEBUG - Execute job: <picamera2.job.Job object at 0x7f45a26150>
2026-05-26 18:03:35,579 - mazeUtils.device.camera - [camera.py:37] - DEBUG - Average HSV: H=35.1, S=40.0, V=168.6
2026-05-26 18:03:35,627 - mazeUtils.moveTile - [moveTile.py:80] - DEBUG - roll: 358.29 deg, practicalMoveTime: 0.7865341066228074 sec
2026-05-26 18:03:35,627 - mazeUtils.moveTile - [moveTile.py:1105] - DEBUG - moveTile loop time: 56.3 ms
2026-05-26 18:03:35,633 - picamera2.picamera2 - [picamera2.py:1391] - DEBUG - Execute job: <picamera2.job.Job object at 0x7f46e6c050>
2026-05-26 18:03:35,637 - mazeUtils.device.camera - [camera.py:37] - DEBUG - Average HSV: H=61.3, S=46.5, V=142.8
2026-05-26 18:03:35,685 - mazeUtils.moveTile - [moveTile.py:80] - DEBUG - roll: 0.5299999999999727 deg, practicalMoveTime: 0.838739462163952 sec
2026-05-26 18:03:35,686 - mazeUtils.moveTile - [moveTile.py:1105] - DEBUG - moveTile loop time: 58.4 ms
2026-05-26 18:03:35,690 - picamera2.picamera2 - [picamera2.py:1391] - DEBUG - Execute job: <picamera2.job.Job object at 0x7f45a261d0>
2026-05-26 18:03:35,693 - mazeUtils.device.camera - [camera.py:37] - DEBUG - Average HSV: H=105.2, S=48.6, V=128.4
2026-05-26 18:03:35,740 - mazeUtils.moveTile - [moveTile.py:80] - DEBUG - roll: 1.420000000000016 deg, practicalMoveTime: 0.8877084222650335 sec
2026-05-26 18:03:35,741 - mazeUtils.moveTile - [moveTile.py:1105] - DEBUG - moveTile loop time: 54.9 ms
2026-05-26 18:03:35,747 - picamera2.picamera2 - [picamera2.py:1391] - DEBUG - Execute job: <picamera2.job.Job object at 0x7f860815d0>
2026-05-26 18:03:35,750 - mazeUtils.device.camera - [camera.py:37] - DEBUG - Average HSV: H=127.6, S=45.8, V=125.2
2026-05-26 18:03:35,797 - mazeUtils.moveTile - [moveTile.py:80] - DEBUG - roll: 0.8499999999999659 deg, practicalMoveTime: 0.9380541674923842 sec
2026-05-26 18:03:35,797 - mazeUtils.moveTile - [moveTile.py:1105] - DEBUG - moveTile loop time: 56.2 ms
2026-05-26 18:03:35,801 - picamera2.picamera2 - [picamera2.py:1391] - DEBUG - Execute job: <picamera2.job.Job object at 0x7f6160a450>
2026-05-26 18:03:35,805 - mazeUtils.device.camera - [camera.py:37] - DEBUG - Average HSV: H=121.7, S=48.5, V=121.4
2026-05-26 18:03:35,855 - mazeUtils.moveTile - [moveTile.py:80] - DEBUG - roll: 0.7900000000000205 deg, practicalMoveTime: 0.9901430792307785 sec
2026-05-26 18:03:35,856 - mazeUtils.moveTile - [moveTile.py:1105] - DEBUG - moveTile loop time: 58.1 ms
2026-05-26 18:03:35,861 - picamera2.picamera2 - [picamera2.py:1391] - DEBUG - Execute job: <picamera2.job.Job object at 0x7f45a26150>
2026-05-26 18:03:35,863 - mazeUtils.device.camera - [camera.py:37] - DEBUG - Average HSV: H=135.8, S=49.5, V=114.1
2026-05-26 18:03:36,048 - mazeUtils.moveTile - [moveTile.py:511] - DEBUG - Direction: absDirection.NORTH, Angle: 90, Distance: 74.92878459707751 cm
2026-05-26 18:03:36,049 - mazeUtils.moveTile - [moveTile.py:511] - DEBUG - Direction: absDirection.EAST, Angle: 0, Distance: 70.46212642611523 cm
2026-05-26 18:03:36,050 - mazeUtils.moveTile - [moveTile.py:511] - DEBUG - Direction: absDirection.SOUTH, Angle: 270, Distance: 15.669843909794901 cm
2026-05-26 18:03:36,051 - mazeUtils.moveTile - [moveTile.py:511] - DEBUG - Direction: absDirection.WEST, Angle: 180, Distance: 114.0389124516138 cm
2026-05-26 18:03:36,051 - mazeUtils.moveTile - [moveTile.py:1274] - INFO - Tile color detection counts: {}, decided tile type: E
2026-05-26 18:03:36,182 - __main__ - [main.py:84] - INFO - Current position: (18, 22, 0), front direction: absDirection.EAST
Layer 0 (altitude=0.0cm, offset=(0.0cm, 0.0cm)):
Known map area: x=15..20, y=19..23
+   +   +   +   +   +---+
  U   U   U   U   U   E |
+   +   +   +   +   +   +
  U   U   U   U   U   S |
+   +   +   +   +   +---+
  U   U   U | E   U   U  
+---+---+---+   +---+---+
| E   E   E   @   E   E |
+   +---+---+---+   +   +
| E   U   U   U | E   E |
+---+   +   +   +---+---+
Layer 1 (altitude=15.0cm, offset=(-60.0cm, 0.0cm)):
Known map area: x=20..20, y=19..19
+---+
| E  
+   +
Layer 2 (altitude=45.0cm, offset=(120.0cm, 0.0cm)):
Known map area: x=15..15, y=23..23
+---+
  E |
+---+
mazeAsGraph[0][19][20] = {absDirection.NORTH: None, absDirection.EAST: None, absDirection.SOUTH: (20, 20, 0), absDirection.WEST: (20, 19, 1)}
mazeAsGraph[0][20][20] = {absDirection.NORTH: (20, 19, 0), absDirection.EAST: None, absDirection.SOUTH: None, absDirection.WEST: (19, 20, 0)}
mazeAsGraph[0][21][18] = {absDirection.NORTH: (20, 19, 1), absDirection.EAST: (19, 21, 0), absDirection.SOUTH: (18, 22, 0), absDirection.WEST: None}
mazeAsGraph[0][22][15] = {absDirection.NORTH: None, absDirection.EAST: (16, 22, 0), absDirection.SOUTH: (15, 23, 0), absDirection.WEST: None}
mazeAsGraph[0][22][16] = {absDirection.NORTH: None, absDirection.EAST: (17, 22, 0), absDirection.SOUTH: None, absDirection.WEST: (15, 22, 0)}
mazeAsGraph[0][22][17] = {absDirection.NORTH: None, absDirection.EAST: (18, 22, 0), absDirection.SOUTH: None, absDirection.WEST: (16, 22, 0)}
mazeAsGraph[0][22][18] = {absDirection.NORTH: (18, 21, 0), absDirection.EAST: (19, 22, 0), absDirection.SOUTH: None, absDirection.WEST: (17, 22, 0)}
mazeAsGraph[0][22][19] = {absDirection.NORTH: None, absDirection.EAST: (20, 22, 0), absDirection.SOUTH: (19, 23, 0), absDirection.WEST: (18, 22, 0)}
mazeAsGraph[0][22][20] = {absDirection.NORTH: None, absDirection.EAST: None, absDirection.SOUTH: (20, 23, 0), absDirection.WEST: (19, 22, 0)}
mazeAsGraph[0][23][15] = {absDirection.NORTH: (15, 22, 0), absDirection.EAST: (15, 23, 2), absDirection.SOUTH: None, absDirection.WEST: None}
mazeAsGraph[0][23][19] = {absDirection.NORTH: (19, 22, 0), absDirection.EAST: (20, 23, 0), absDirection.SOUTH: None, absDirection.WEST: None}
mazeAsGraph[0][23][20] = {absDirection.NORTH: (20, 22, 0), absDirection.EAST: None, absDirection.SOUTH: None, absDirection.WEST: (19, 23, 0)}
mazeAsGraph[1][19][20] = {absDirection.NORTH: None, absDirection.EAST: (20, 19, 0), absDirection.SOUTH: (18, 21, 0), absDirection.WEST: None}
mazeAsGraph[2][23][15] = {absDirection.NORTH: None, absDirection.EAST: None, absDirection.SOUTH: None, absDirection.WEST: (15, 23, 0)}
2026-05-26 18:03:36,201 - mazeUtils.moveTile - [moveTile.py:80] - DEBUG - Moving to absDirection.NORTH from (18, 22, 0) facing absDirection.EAST
2026-05-26 18:03:36,248 - mazeUtils.moveTile - [moveTile.py:80] - DEBUG - current heading: 275.91999999999996 target: 0
2026-05-26 18:03:37,134 - mazeUtils.moveTile - [moveTile.py:387] - DEBUG - stopped turning at heading: 350.84, diff: 9.160000000000025
2026-05-26 18:03:37,990 - mazeUtils.moveTile - [moveTile.py:80] - DEBUG - Turned to heading: 359.8 deg
2026-05-26 18:03:38,090 - picamera2.picamera2 - [picamera2.py:1391] - DEBUG - Execute job: <picamera2.job.Job object at 0x7f46cf1890>
2026-05-26 18:03:38,093 - mazeUtils.device.camera - [camera.py:37] - DEBUG - Average HSV: H=10.0, S=40.9, V=209.0
2026-05-26 18:03:38,142 - mazeUtils.moveTile - [moveTile.py:80] - DEBUG - roll: 359.94 deg, practicalMoveTime: 0.05808707866958978 sec
2026-05-26 18:03:38,143 - mazeUtils.moveTile - [moveTile.py:1105] - DEBUG - moveTile loop time: 58.2 ms
2026-05-26 18:03:38,147 - picamera2.picamera2 - [picamera2.py:1391] - DEBUG - Execute job: <picamera2.job.Job object at 0x7f6160a450>
2026-05-26 18:03:38,150 - mazeUtils.device.camera - [camera.py:37] - DEBUG - Average HSV: H=9.8, S=39.2, V=210.6
2026-05-26 18:03:38,199 - mazeUtils.moveTile - [moveTile.py:80] - DEBUG - roll: 0.18999999999999773 deg, practicalMoveTime: 0.10823209523585857 sec
2026-05-26 18:03:38,199 - mazeUtils.moveTile - [moveTile.py:1105] - DEBUG - moveTile loop time: 56.1 ms
2026-05-26 18:03:38,204 - picamera2.picamera2 - [picamera2.py:1391] - DEBUG - Execute job: <picamera2.job.Job object at 0x7f46cf0dd0>
2026-05-26 18:03:38,207 - mazeUtils.device.camera - [camera.py:37] - DEBUG - Average HSV: H=9.9, S=37.8, V=212.4
2026-05-26 18:03:38,256 - mazeUtils.moveTile - [moveTile.py:80] - DEBUG - roll: 0.2300000000000182 deg, practicalMoveTime: 0.15926189075966096 sec
2026-05-26 18:03:38,256 - mazeUtils.moveTile - [moveTile.py:1105] - DEBUG - moveTile loop time: 57.0 ms
2026-05-26 18:03:38,261 - picamera2.picamera2 - [picamera2.py:1391] - DEBUG - Execute job: <picamera2.job.Job object at 0x7f47f457d0>
2026-05-26 18:03:38,265 - mazeUtils.device.camera - [camera.py:37] - DEBUG - Average HSV: H=10.1, S=36.3, V=215.1
2026-05-26 18:03:38,313 - mazeUtils.moveTile - [moveTile.py:80] - DEBUG - roll: 0.11000000000001364 deg, practicalMoveTime: 0.210491988530204 sec
2026-05-26 18:03:38,314 - mazeUtils.moveTile - [moveTile.py:1105] - DEBUG - moveTile loop time: 57.2 ms
2026-05-26 18:03:38,318 - picamera2.picamera2 - [picamera2.py:1391] - DEBUG - Execute job: <picamera2.job.Job object at 0x7f46cf1890>
2026-05-26 18:03:38,321 - mazeUtils.device.camera - [camera.py:37] - DEBUG - Average HSV: H=10.5, S=35.0, V=218.5
2026-05-26 18:03:38,372 - mazeUtils.moveTile - [moveTile.py:80] - DEBUG - roll: 0.339999999999975 deg, practicalMoveTime: 0.2626480192546718 sec
2026-05-26 18:03:38,372 - mazeUtils.moveTile - [moveTile.py:1105] - DEBUG - moveTile loop time: 58.2 ms
2026-05-26 18:03:38,377 - picamera2.picamera2 - [picamera2.py:1391] - DEBUG - Execute job: <picamera2.job.Job object at 0x7f46cd6990>
2026-05-26 18:03:38,381 - mazeUtils.device.camera - [camera.py:37] - DEBUG - Average HSV: H=10.5, S=34.6, V=219.9
2026-05-26 18:03:38,430 - mazeUtils.moveTile - [moveTile.py:80] - DEBUG - roll: 0.15999999999996817 deg, practicalMoveTime: 0.31497213412270025 sec
2026-05-26 18:03:38,431 - mazeUtils.moveTile - [moveTile.py:1105] - DEBUG - moveTile loop time: 58.5 ms
2026-05-26 18:03:38,435 - picamera2.picamera2 - [picamera2.py:1391] - DEBUG - Execute job: <picamera2.job.Job object at 0x7f47f457d0>
2026-05-26 18:03:38,438 - mazeUtils.device.camera - [camera.py:37] - DEBUG - Average HSV: H=10.4, S=34.3, V=222.2
2026-05-26 18:03:38,488 - mazeUtils.moveTile - [moveTile.py:80] - DEBUG - roll: 0.12999999999999545 deg, practicalMoveTime: 0.36586080375514124 sec
2026-05-26 18:03:38,488 - mazeUtils.moveTile - [moveTile.py:1105] - DEBUG - moveTile loop time: 56.7 ms
2026-05-26 18:03:38,492 - picamera2.picamera2 - [picamera2.py:1391] - DEBUG - Execute job: <picamera2.job.Job object at 0x7f860815d0>
2026-05-26 18:03:38,495 - mazeUtils.device.camera - [camera.py:37] - DEBUG - Average HSV: H=10.5, S=33.3, V=224.9
2026-05-26 18:03:38,548 - mazeUtils.moveTile - [moveTile.py:80] - DEBUG - roll: 0.19999999999998863 deg, practicalMoveTime: 0.41954027675299904 sec
2026-05-26 18:03:38,548 - mazeUtils.moveTile - [moveTile.py:1105] - DEBUG - moveTile loop time: 60.0 ms
2026-05-26 18:03:38,553 - picamera2.picamera2 - [picamera2.py:1391] - DEBUG - Execute job: <picamera2.job.Job object at 0x7f46cd6990>
2026-05-26 18:03:38,556 - mazeUtils.device.camera - [camera.py:37] - DEBUG - Average HSV: H=10.4, S=33.4, V=225.9
2026-05-26 18:03:38,604 - mazeUtils.moveTile - [moveTile.py:80] - DEBUG - roll: 0.25 deg, practicalMoveTime: 0.46962436705402555 sec
2026-05-26 18:03:38,604 - mazeUtils.moveTile - [moveTile.py:1105] - DEBUG - moveTile loop time: 56.0 ms
2026-05-26 18:03:38,611 - picamera2.picamera2 - [picamera2.py:1391] - DEBUG - Execute job: <picamera2.job.Job object at 0x7f6161a690>
2026-05-26 18:03:38,614 - mazeUtils.device.camera - [camera.py:37] - DEBUG - Average HSV: H=9.9, S=31.9, V=227.1
2026-05-26 18:03:38,663 - mazeUtils.moveTile - [moveTile.py:80] - DEBUG - roll: 0.29000000000002046 deg, practicalMoveTime: 0.522154221298272 sec
2026-05-26 18:03:38,663 - mazeUtils.moveTile - [moveTile.py:1105] - DEBUG - moveTile loop time: 58.9 ms
2026-05-26 18:03:38,669 - picamera2.picamera2 - [picamera2.py:1391] - DEBUG - Execute job: <picamera2.job.Job object at 0x7f46cf1890>
2026-05-26 18:03:38,673 - mazeUtils.device.camera - [camera.py:37] - DEBUG - Average HSV: H=9.6, S=30.3, V=230.4
2026-05-26 18:03:38,720 - mazeUtils.moveTile - [moveTile.py:80] - DEBUG - roll: 0.2599999999999909 deg, practicalMoveTime: 0.5730420688165883 sec
2026-05-26 18:03:38,720 - mazeUtils.moveTile - [moveTile.py:1105] - DEBUG - moveTile loop time: 56.8 ms
2026-05-26 18:03:38,727 - picamera2.picamera2 - [picamera2.py:1391] - DEBUG - Execute job: <picamera2.job.Job object at 0x7f46cf1890>
2026-05-26 18:03:38,730 - mazeUtils.device.camera - [camera.py:37] - DEBUG - Average HSV: H=9.9, S=30.4, V=231.8
2026-05-26 18:03:38,780 - mazeUtils.moveTile - [moveTile.py:80] - DEBUG - roll: 0.17000000000001592 deg, practicalMoveTime: 0.6264032021141888 sec
2026-05-26 18:03:38,780 - mazeUtils.moveTile - [moveTile.py:1105] - DEBUG - moveTile loop time: 59.5 ms
2026-05-26 18:03:38,786 - picamera2.picamera2 - [picamera2.py:1391] - DEBUG - Execute job: <picamera2.job.Job object at 0x7f860815d0>
2026-05-26 18:03:38,790 - mazeUtils.device.camera - [camera.py:37] - DEBUG - Average HSV: H=10.1, S=30.5, V=232.9
2026-05-26 18:03:38,841 - mazeUtils.moveTile - [moveTile.py:80] - DEBUG - roll: 0.08999999999997499 deg, practicalMoveTime: 0.6808182894392889 sec
2026-05-26 18:03:38,841 - mazeUtils.moveTile - [moveTile.py:1105] - DEBUG - moveTile loop time: 60.7 ms
2026-05-26 18:03:38,845 - picamera2.picamera2 - [picamera2.py:1391] - DEBUG - Execute job: <picamera2.job.Job object at 0x7f46cd6990>
2026-05-26 18:03:38,848 - mazeUtils.device.camera - [camera.py:37] - DEBUG - Average HSV: H=9.7, S=29.0, V=233.8
2026-05-26 18:03:38,896 - mazeUtils.moveTile - [moveTile.py:80] - DEBUG - roll: 0.339999999999975 deg, practicalMoveTime: 0.7302260699075784 sec
2026-05-26 18:03:38,896 - mazeUtils.moveTile - [moveTile.py:1105] - DEBUG - moveTile loop time: 55.2 ms
2026-05-26 18:03:38,900 - picamera2.picamera2 - [picamera2.py:1391] - DEBUG - Execute job: <picamera2.job.Job object at 0x7f860815d0>
2026-05-26 18:03:38,903 - mazeUtils.device.camera - [camera.py:37] - DEBUG - Average HSV: H=10.1, S=29.7, V=234.7
2026-05-26 18:03:38,950 - mazeUtils.moveTile - [moveTile.py:80] - DEBUG - roll: 359.99 deg, practicalMoveTime: 0.7840807729905226 sec
2026-05-26 18:03:38,951 - mazeUtils.moveTile - [moveTile.py:1105] - DEBUG - moveTile loop time: 54.2 ms
2026-05-26 18:03:38,955 - picamera2.picamera2 - [picamera2.py:1391] - DEBUG - Execute job: <picamera2.job.Job object at 0x7f46cd4190>
2026-05-26 18:03:38,958 - mazeUtils.device.camera - [camera.py:37] - DEBUG - Average HSV: H=10.2, S=27.8, V=236.6
2026-05-26 18:03:39,005 - mazeUtils.moveTile - [moveTile.py:80] - DEBUG - roll: 0.07999999999998408 deg, practicalMoveTime: 0.8328902776048508 sec
2026-05-26 18:03:39,006 - mazeUtils.moveTile - [moveTile.py:1105] - DEBUG - moveTile loop time: 54.5 ms
2026-05-26 18:03:39,012 - picamera2.picamera2 - [picamera2.py:1391] - DEBUG - Execute job: <picamera2.job.Job object at 0x7f6160a450>
2026-05-26 18:03:39,015 - mazeUtils.device.camera - [camera.py:37] - DEBUG - Average HSV: H=10.3, S=27.1, V=238.0
2026-05-26 18:03:39,064 - mazeUtils.moveTile - [moveTile.py:80] - DEBUG - roll: 0.5699999999999932 deg, practicalMoveTime: 0.8855239863515227 sec
2026-05-26 18:03:39,065 - mazeUtils.moveTile - [moveTile.py:1105] - DEBUG - moveTile loop time: 58.8 ms
2026-05-26 18:03:39,071 - picamera2.picamera2 - [picamera2.py:1391] - DEBUG - Execute job: <picamera2.job.Job object at 0x7f4658b1d0>
2026-05-26 18:03:39,074 - mazeUtils.device.camera - [camera.py:37] - DEBUG - Average HSV: H=10.2, S=26.1, V=239.9
2026-05-26 18:03:39,121 - mazeUtils.moveTile - [moveTile.py:80] - DEBUG - roll: 359.87 deg, practicalMoveTime: 0.94155864550754 sec
2026-05-26 18:03:39,121 - mazeUtils.moveTile - [moveTile.py:1105] - DEBUG - moveTile loop time: 56.6 ms
2026-05-26 18:03:39,128 - picamera2.picamera2 - [picamera2.py:1391] - DEBUG - Execute job: <picamera2.job.Job object at 0x7f6160a450>
2026-05-26 18:03:39,133 - mazeUtils.device.camera - [camera.py:37] - DEBUG - Average HSV: H=10.4, S=26.8, V=240.6
2026-05-26 18:03:39,183 - mazeUtils.moveTile - [moveTile.py:80] - DEBUG - roll: 0.589999999999975 deg, practicalMoveTime: 0.9967654504429513 sec
2026-05-26 18:03:39,184 - mazeUtils.moveTile - [moveTile.py:1105] - DEBUG - moveTile loop time: 61.8 ms
2026-05-26 18:03:39,190 - picamera2.picamera2 - [picamera2.py:1391] - DEBUG - Execute job: <picamera2.job.Job object at 0x7f47f457d0>
2026-05-26 18:03:39,196 - mazeUtils.device.camera - [camera.py:37] - DEBUG - Average HSV: H=10.9, S=28.5, V=240.9
2026-05-26 18:03:39,343 - mazeUtils.moveTile - [moveTile.py:511] - DEBUG - Direction: absDirection.NORTH, Angle: 0, Distance: 39.81794609441024 cm
2026-05-26 18:03:39,346 - mazeUtils.moveTile - [moveTile.py:511] - DEBUG - Direction: absDirection.EAST, Angle: 270, Distance: 73.65544929539382 cm
2026-05-26 18:03:39,348 - mazeUtils.moveTile - [moveTile.py:511] - DEBUG - Direction: absDirection.SOUTH, Angle: 180, Distance: 82.44869756331462 cm
2026-05-26 18:03:39,350 - mazeUtils.moveTile - [moveTile.py:511] - DEBUG - Direction: absDirection.WEST, Angle: 90, Distance: 21.389790642948704 cm
2026-05-26 18:03:39,351 - mazeUtils.moveTile - [moveTile.py:1274] - INFO - Tile color detection counts: {}, decided tile type: E
2026-05-26 18:03:39,515 - __main__ - [main.py:84] - INFO - Current position: (18, 21, 0), front direction: absDirection.NORTH
Layer 0 (altitude=0.0cm, offset=(0.0cm, 0.0cm)):
Known map area: x=15..20, y=19..23
+   +   +   +   +   +---+
  U   U   U   U   U   E |
+   +   +   +   +   +   +
  U   U   U   U   U   S |
+   +   +   +   +   +---+
  U   U   U | @   U   U  
+---+---+---+   +---+---+
| E   E   E   E   E   E |
+   +---+---+---+   +   +
| E   U   U   U | E   E |
+---+   +   +   +---+---+
Layer 1 (altitude=15.0cm, offset=(-60.0cm, 0.0cm)):
Known map area: x=20..20, y=19..19
+---+
| E  
+   +
Layer 2 (altitude=45.0cm, offset=(120.0cm, 0.0cm)):
Known map area: x=15..15, y=23..23
+---+
  E |
+---+
mazeAsGraph[0][19][20] = {absDirection.NORTH: None, absDirection.EAST: None, absDirection.SOUTH: (20, 20, 0), absDirection.WEST: (20, 19, 1)}
mazeAsGraph[0][20][20] = {absDirection.NORTH: (20, 19, 0), absDirection.EAST: None, absDirection.SOUTH: None, absDirection.WEST: (19, 20, 0)}
mazeAsGraph[0][21][18] = {absDirection.NORTH: (20, 19, 1), absDirection.EAST: (19, 21, 0), absDirection.SOUTH: (18, 22, 0), absDirection.WEST: None}
mazeAsGraph[0][22][15] = {absDirection.NORTH: None, absDirection.EAST: (16, 22, 0), absDirection.SOUTH: (15, 23, 0), absDirection.WEST: None}
mazeAsGraph[0][22][16] = {absDirection.NORTH: None, absDirection.EAST: (17, 22, 0), absDirection.SOUTH: None, absDirection.WEST: (15, 22, 0)}
mazeAsGraph[0][22][17] = {absDirection.NORTH: None, absDirection.EAST: (18, 22, 0), absDirection.SOUTH: None, absDirection.WEST: (16, 22, 0)}
mazeAsGraph[0][22][18] = {absDirection.NORTH: (18, 21, 0), absDirection.EAST: (19, 22, 0), absDirection.SOUTH: None, absDirection.WEST: (17, 22, 0)}
mazeAsGraph[0][22][19] = {absDirection.NORTH: None, absDirection.EAST: (20, 22, 0), absDirection.SOUTH: (19, 23, 0), absDirection.WEST: (18, 22, 0)}
mazeAsGraph[0][22][20] = {absDirection.NORTH: None, absDirection.EAST: None, absDirection.SOUTH: (20, 23, 0), absDirection.WEST: (19, 22, 0)}
mazeAsGraph[0][23][15] = {absDirection.NORTH: (15, 22, 0), absDirection.EAST: (15, 23, 2), absDirection.SOUTH: None, absDirection.WEST: None}
mazeAsGraph[0][23][19] = {absDirection.NORTH: (19, 22, 0), absDirection.EAST: (20, 23, 0), absDirection.SOUTH: None, absDirection.WEST: None}
mazeAsGraph[0][23][20] = {absDirection.NORTH: (20, 22, 0), absDirection.EAST: None, absDirection.SOUTH: None, absDirection.WEST: (19, 23, 0)}
mazeAsGraph[1][19][20] = {absDirection.NORTH: None, absDirection.EAST: (20, 19, 0), absDirection.SOUTH: (18, 21, 0), absDirection.WEST: None}
mazeAsGraph[2][23][15] = {absDirection.NORTH: None, absDirection.EAST: None, absDirection.SOUTH: None, absDirection.WEST: (15, 23, 0)}
2026-05-26 18:03:39,532 - mazeUtils.moveTile - [moveTile.py:80] - DEBUG - Moving to absDirection.EAST from (18, 21, 0) facing absDirection.NORTH
2026-05-26 18:03:39,577 - mazeUtils.moveTile - [moveTile.py:80] - DEBUG - current heading: 3.4799999999999613 target: 270
2026-05-26 18:03:40,540 - mazeUtils.moveTile - [moveTile.py:387] - DEBUG - stopped turning at heading: 279.51, diff: 9.509999999999991
2026-05-26 18:03:41,291 - mazeUtils.moveTile - [moveTile.py:80] - DEBUG - Turned to heading: 270.2 deg
2026-05-26 18:03:41,390 - picamera2.picamera2 - [picamera2.py:1391] - DEBUG - Execute job: <picamera2.job.Job object at 0x7f6160a450>
2026-05-26 18:03:41,393 - mazeUtils.device.camera - [camera.py:37] - DEBUG - Average HSV: H=150.0, S=64.2, V=98.7
2026-05-26 18:03:41,445 - mazeUtils.moveTile - [moveTile.py:80] - DEBUG - roll: 1.3199999999999932 deg, practicalMoveTime: 0.05575819541540764 sec
2026-05-26 18:03:41,446 - mazeUtils.moveTile - [moveTile.py:1105] - DEBUG - moveTile loop time: 61.9 ms
2026-05-26 18:03:41,451 - picamera2.picamera2 - [picamera2.py:1391] - DEBUG - Execute job: <picamera2.job.Job object at 0x7f46ce7e10>
2026-05-26 18:03:41,455 - mazeUtils.device.camera - [camera.py:37] - DEBUG - Average HSV: H=165.4, S=70.2, V=85.0
2026-05-26 18:03:41,505 - mazeUtils.moveTile - [moveTile.py:80] - DEBUG - roll: 0.13999999999998636 deg, practicalMoveTime: 0.10903335928941454 sec
2026-05-26 18:03:41,505 - mazeUtils.moveTile - [moveTile.py:1105] - DEBUG - moveTile loop time: 59.3 ms
2026-05-26 18:03:41,511 - picamera2.picamera2 - [picamera2.py:1391] - DEBUG - Execute job: <picamera2.job.Job object at 0x7f6160a450>
2026-05-26 18:03:41,515 - mazeUtils.device.camera - [camera.py:37] - DEBUG - Average HSV: H=167.0, S=74.1, V=80.2
2026-05-26 18:03:41,564 - mazeUtils.moveTile - [moveTile.py:80] - DEBUG - roll: 0.6700000000000159 deg, practicalMoveTime: 0.16207288359911526 sec
2026-05-26 18:03:41,565 - mazeUtils.moveTile - [moveTile.py:1105] - DEBUG - moveTile loop time: 59.2 ms
2026-05-26 18:03:41,571 - picamera2.picamera2 - [picamera2.py:1391] - DEBUG - Execute job: <picamera2.job.Job object at 0x7f47d504d0>
2026-05-26 18:03:41,574 - mazeUtils.device.camera - [camera.py:37] - DEBUG - Average HSV: H=166.9, S=72.7, V=78.2
2026-05-26 18:03:41,625 - mazeUtils.moveTile - [moveTile.py:80] - DEBUG - roll: 1.0699999999999932 deg, practicalMoveTime: 0.21617347462162892 sec
2026-05-26 18:03:41,626 - mazeUtils.moveTile - [moveTile.py:1105] - DEBUG - moveTile loop time: 60.4 ms
2026-05-26 18:03:41,629 - picamera2.picamera2 - [picamera2.py:1391] - DEBUG - Execute job: <picamera2.job.Job object at 0x7f47088cd0>
2026-05-26 18:03:41,633 - mazeUtils.device.camera - [camera.py:37] - DEBUG - Average HSV: H=167.1, S=74.9, V=75.6
2026-05-26 18:03:41,684 - mazeUtils.moveTile - [moveTile.py:80] - DEBUG - roll: 0.2599999999999909 deg, practicalMoveTime: 0.2685478943583781 sec
2026-05-26 18:03:41,684 - mazeUtils.moveTile - [moveTile.py:1105] - DEBUG - moveTile loop time: 58.7 ms
2026-05-26 18:03:41,690 - picamera2.picamera2 - [picamera2.py:1391] - DEBUG - Execute job: <picamera2.job.Job object at 0x7f46ce7d10>
2026-05-26 18:03:41,693 - mazeUtils.device.camera - [camera.py:37] - DEBUG - Average HSV: H=167.8, S=70.5, V=75.5
2026-05-26 18:03:41,743 - mazeUtils.moveTile - [moveTile.py:80] - DEBUG - roll: 1.099999999999966 deg, practicalMoveTime: 0.3208827370011339 sec
2026-05-26 18:03:41,743 - mazeUtils.moveTile - [moveTile.py:1105] - DEBUG - moveTile loop time: 58.4 ms
2026-05-26 18:03:41,748 - picamera2.picamera2 - [picamera2.py:1391] - DEBUG - Execute job: <picamera2.job.Job object at 0x7f6160a450>
2026-05-26 18:03:41,751 - mazeUtils.device.camera - [camera.py:37] - DEBUG - Average HSV: H=167.3, S=71.0, V=75.1
2026-05-26 18:03:41,799 - mazeUtils.moveTile - [moveTile.py:80] - DEBUG - roll: 1.170000000000016 deg, practicalMoveTime: 0.3711821206162211 sec
2026-05-26 18:03:41,799 - mazeUtils.moveTile - [moveTile.py:1105] - DEBUG - moveTile loop time: 56.2 ms
2026-05-26 18:03:41,806 - picamera2.picamera2 - [picamera2.py:1391] - DEBUG - Execute job: <picamera2.job.Job object at 0x7f47088c10>
2026-05-26 18:03:41,809 - mazeUtils.device.camera - [camera.py:37] - DEBUG - Average HSV: H=167.3, S=72.2, V=72.9
2026-05-26 18:03:41,957 - mazeUtils.moveTile - [moveTile.py:80] - DEBUG - roll: 0.20999999999997954 deg, practicalMoveTime: 0.5130359069945224 sec
2026-05-26 18:03:41,958 - mazeUtils.moveTile - [moveTile.py:1105] - DEBUG - moveTile loop time: 158.1 ms
2026-05-26 18:03:41,963 - picamera2.picamera2 - [picamera2.py:1391] - DEBUG - Execute job: <picamera2.job.Job object at 0x7f47088cd0>
2026-05-26 18:03:41,966 - mazeUtils.device.camera - [camera.py:37] - DEBUG - Average HSV: H=162.4, S=74.8, V=70.0
2026-05-26 18:03:42,014 - mazeUtils.moveTile - [moveTile.py:80] - DEBUG - roll: 0.839999999999975 deg, practicalMoveTime: 0.56350836848239 sec
2026-05-26 18:03:42,015 - mazeUtils.moveTile - [moveTile.py:1105] - DEBUG - moveTile loop time: 56.1 ms
2026-05-26 18:03:42,021 - picamera2.picamera2 - [picamera2.py:1391] - DEBUG - Execute job: <picamera2.job.Job object at 0x7f47f457d0>
2026-05-26 18:03:42,024 - mazeUtils.device.camera - [camera.py:37] - DEBUG - Average HSV: H=88.2, S=87.7, V=68.9
2026-05-26 18:03:42,076 - mazeUtils.moveTile - [moveTile.py:80] - DEBUG - roll: 1.0699999999999932 deg, practicalMoveTime: 0.6186449698076257 sec
2026-05-26 18:03:42,076 - mazeUtils.moveTile - [moveTile.py:1105] - DEBUG - moveTile loop time: 61.5 ms
2026-05-26 18:03:42,082 - picamera2.picamera2 - [picamera2.py:1391] - DEBUG - Execute job: <picamera2.job.Job object at 0x7f6160a450>
2026-05-26 18:03:42,085 - mazeUtils.device.camera - [camera.py:37] - DEBUG - Average HSV: H=21.1, S=107.2, V=68.4
2026-05-26 18:03:42,133 - mazeUtils.moveTile - [moveTile.py:80] - DEBUG - roll: 0.37999999999999545 deg, practicalMoveTime: 0.6696888596335615 sec
2026-05-26 18:03:42,133 - mazeUtils.moveTile - [moveTile.py:1105] - DEBUG - moveTile loop time: 57.0 ms
2026-05-26 18:03:42,140 - picamera2.picamera2 - [picamera2.py:1391] - DEBUG - Execute job: <picamera2.job.Job object at 0x7f46ce74d0>
2026-05-26 18:03:42,143 - mazeUtils.device.camera - [camera.py:37] - DEBUG - Average HSV: H=18.3, S=108.8, V=67.8
2026-05-26 18:03:42,193 - mazeUtils.moveTile - [moveTile.py:80] - DEBUG - roll: 0.839999999999975 deg, practicalMoveTime: 0.7232463882165902 sec
2026-05-26 18:03:42,193 - mazeUtils.moveTile - [moveTile.py:1105] - DEBUG - moveTile loop time: 59.9 ms
2026-05-26 18:03:42,198 - picamera2.picamera2 - [picamera2.py:1391] - DEBUG - Execute job: <picamera2.job.Job object at 0x7f47088c10>
2026-05-26 18:03:42,202 - mazeUtils.device.camera - [camera.py:37] - DEBUG - Average HSV: H=21.8, S=107.6, V=66.0
2026-05-26 18:03:42,250 - mazeUtils.moveTile - [moveTile.py:80] - DEBUG - roll: 1.0400000000000205 deg, practicalMoveTime: 0.7738161498856198 sec
2026-05-26 18:03:42,251 - mazeUtils.moveTile - [moveTile.py:1105] - DEBUG - moveTile loop time: 57.2 ms
2026-05-26 18:03:42,256 - picamera2.picamera2 - [picamera2.py:1391] - DEBUG - Execute job: <picamera2.job.Job object at 0x7f46ce7650>
2026-05-26 18:03:42,260 - mazeUtils.device.camera - [camera.py:37] - DEBUG - Average HSV: H=22.0, S=107.0, V=66.2
2026-05-26 18:03:42,308 - mazeUtils.moveTile - [moveTile.py:80] - DEBUG - roll: 0.2699999999999818 deg, practicalMoveTime: 0.8251219471369073 sec
2026-05-26 18:03:42,308 - mazeUtils.moveTile - [moveTile.py:1105] - DEBUG - moveTile loop time: 57.0 ms
2026-05-26 18:03:42,314 - picamera2.picamera2 - [picamera2.py:1391] - DEBUG - Execute job: <picamera2.job.Job object at 0x7f6160a450>
2026-05-26 18:03:42,318 - mazeUtils.device.camera - [camera.py:37] - DEBUG - Average HSV: H=22.9, S=107.8, V=65.6
2026-05-26 18:03:42,367 - mazeUtils.moveTile - [moveTile.py:80] - DEBUG - roll: 0.8299999999999841 deg, practicalMoveTime: 0.8778879069323884 sec
2026-05-26 18:03:42,368 - mazeUtils.moveTile - [moveTile.py:1105] - DEBUG - moveTile loop time: 58.9 ms
2026-05-26 18:03:42,371 - picamera2.picamera2 - [picamera2.py:1391] - DEBUG - Execute job: <picamera2.job.Job object at 0x7f46ce74d0>
2026-05-26 18:03:42,375 - mazeUtils.device.camera - [camera.py:37] - DEBUG - Average HSV: H=21.5, S=110.3, V=64.8
2026-05-26 18:03:42,422 - mazeUtils.moveTile - [moveTile.py:80] - DEBUG - roll: 0.6800000000000068 deg, practicalMoveTime: 0.9269315413298195 sec
2026-05-26 18:03:42,423 - mazeUtils.moveTile - [moveTile.py:1105] - DEBUG - moveTile loop time: 54.8 ms
2026-05-26 18:03:42,429 - picamera2.picamera2 - [picamera2.py:1391] - DEBUG - Execute job: <picamera2.job.Job object at 0x7f47d504d0>
2026-05-26 18:03:42,432 - mazeUtils.device.camera - [camera.py:37] - DEBUG - Average HSV: H=14.9, S=118.6, V=63.4
2026-05-26 18:03:42,481 - mazeUtils.moveTile - [moveTile.py:80] - DEBUG - roll: 0.19999999999998863 deg, practicalMoveTime: 0.9791225046813379 sec
2026-05-26 18:03:42,481 - mazeUtils.moveTile - [moveTile.py:1105] - DEBUG - moveTile loop time: 58.2 ms
2026-05-26 18:03:42,485 - picamera2.picamera2 - [picamera2.py:1391] - DEBUG - Execute job: <picamera2.job.Job object at 0x7f46ce7d10>
2026-05-26 18:03:42,488 - mazeUtils.device.camera - [camera.py:37] - DEBUG - Average HSV: H=15.1, S=115.7, V=64.0
2026-05-26 18:03:42,627 - mazeUtils.moveTile - [moveTile.py:511] - DEBUG - Direction: absDirection.NORTH, Angle: 90, Distance: 18.049250967150027 cm
2026-05-26 18:03:42,629 - mazeUtils.moveTile - [moveTile.py:511] - DEBUG - Direction: absDirection.EAST, Angle: 0, Distance: 43.66345952419852 cm
2026-05-26 18:03:42,630 - mazeUtils.moveTile - [moveTile.py:511] - DEBUG - Direction: absDirection.SOUTH, Angle: 270, Distance: 15.932630295569362 cm
2026-05-26 18:03:42,631 - mazeUtils.moveTile - [moveTile.py:511] - DEBUG - Direction: absDirection.WEST, Angle: 180, Distance: 57.630573518444876 cm
2026-05-26 18:03:42,632 - mazeUtils.moveTile - [moveTile.py:1274] - INFO - Tile color detection counts: {}, decided tile type: E
2026-05-26 18:03:42,858 - __main__ - [main.py:84] - INFO - Current position: (19, 21, 0), front direction: absDirection.EAST
Layer 0 (altitude=0.0cm, offset=(0.0cm, 0.0cm)):
Known map area: x=15..20, y=19..23
+   +   +   +   +   +---+
  U   U   U   U   U   E |
+   +   +   +   +   +   +
  U   U   U   U   U   S |
+   +   +   +   +---+---+
  U   U   U | E   @   U  
+---+---+---+   +---+---+
| E   E   E   E   E   E |
+   +---+---+---+   +   +
| E   U   U   U | E   E |
+---+   +   +   +---+---+
Layer 1 (altitude=15.0cm, offset=(-60.0cm, 0.0cm)):
Known map area: x=20..20, y=19..19
+---+
| E  
+   +
Layer 2 (altitude=45.0cm, offset=(120.0cm, 0.0cm)):
Known map area: x=15..15, y=23..23
+---+
  E |
+---+
mazeAsGraph[0][19][20] = {absDirection.NORTH: None, absDirection.EAST: None, absDirection.SOUTH: (20, 20, 0), absDirection.WEST: (20, 19, 1)}
mazeAsGraph[0][20][20] = {absDirection.NORTH: (20, 19, 0), absDirection.EAST: None, absDirection.SOUTH: None, absDirection.WEST: (19, 20, 0)}
mazeAsGraph[0][21][18] = {absDirection.NORTH: (20, 19, 1), absDirection.EAST: (19, 21, 0), absDirection.SOUTH: (18, 22, 0), absDirection.WEST: None}
mazeAsGraph[0][21][19] = {absDirection.NORTH: None, absDirection.EAST: (20, 21, 0), absDirection.SOUTH: None, absDirection.WEST: (18, 21, 0)}
mazeAsGraph[0][22][15] = {absDirection.NORTH: None, absDirection.EAST: (16, 22, 0), absDirection.SOUTH: (15, 23, 0), absDirection.WEST: None}
mazeAsGraph[0][22][16] = {absDirection.NORTH: None, absDirection.EAST: (17, 22, 0), absDirection.SOUTH: None, absDirection.WEST: (15, 22, 0)}
mazeAsGraph[0][22][17] = {absDirection.NORTH: None, absDirection.EAST: (18, 22, 0), absDirection.SOUTH: None, absDirection.WEST: (16, 22, 0)}
mazeAsGraph[0][22][18] = {absDirection.NORTH: (18, 21, 0), absDirection.EAST: (19, 22, 0), absDirection.SOUTH: None, absDirection.WEST: (17, 22, 0)}
mazeAsGraph[0][22][19] = {absDirection.NORTH: None, absDirection.EAST: (20, 22, 0), absDirection.SOUTH: (19, 23, 0), absDirection.WEST: (18, 22, 0)}
mazeAsGraph[0][22][20] = {absDirection.NORTH: None, absDirection.EAST: None, absDirection.SOUTH: (20, 23, 0), absDirection.WEST: (19, 22, 0)}
mazeAsGraph[0][23][15] = {absDirection.NORTH: (15, 22, 0), absDirection.EAST: (15, 23, 2), absDirection.SOUTH: None, absDirection.WEST: None}
mazeAsGraph[0][23][19] = {absDirection.NORTH: (19, 22, 0), absDirection.EAST: (20, 23, 0), absDirection.SOUTH: None, absDirection.WEST: None}
mazeAsGraph[0][23][20] = {absDirection.NORTH: (20, 22, 0), absDirection.EAST: None, absDirection.SOUTH: None, absDirection.WEST: (19, 23, 0)}
mazeAsGraph[1][19][20] = {absDirection.NORTH: None, absDirection.EAST: (20, 19, 0), absDirection.SOUTH: (18, 21, 0), absDirection.WEST: None}
mazeAsGraph[2][23][15] = {absDirection.NORTH: None, absDirection.EAST: None, absDirection.SOUTH: None, absDirection.WEST: (15, 23, 0)}
2026-05-26 18:03:42,869 - mazeUtils.mazeMap - [mazeMap.py:61] - INFO - next goal: (20, 21, 0)
2026-05-26 18:03:42,869 - mazeUtils.mazeMap - [mazeMap.py:61] - INFO - next goal: (20, 21, 0)
2026-05-26 18:03:42,877 - mazeUtils.moveTile - [moveTile.py:80] - DEBUG - Moving to absDirection.EAST from (19, 21, 0) facing absDirection.EAST
2026-05-26 18:03:42,923 - mazeUtils.moveTile - [moveTile.py:80] - DEBUG - current heading: 268.9 target: 270
2026-05-26 18:03:42,963 - mazeUtils.moveTile - [moveTile.py:387] - DEBUG - stopped turning at heading: 268.9, diff: 1.1000000000000227
2026-05-26 18:03:43,660 - mazeUtils.moveTile - [moveTile.py:80] - DEBUG - Turned to heading: 270.2 deg
2026-05-26 18:03:43,766 - picamera2.picamera2 - [picamera2.py:1391] - DEBUG - Execute job: <picamera2.job.Job object at 0x7f464b4bd0>
2026-05-26 18:03:43,769 - mazeUtils.device.camera - [camera.py:37] - DEBUG - Average HSV: H=19.0, S=117.4, V=61.5
2026-05-26 18:03:43,821 - mazeUtils.moveTile - [moveTile.py:80] - DEBUG - roll: 0.6399999999999864 deg, practicalMoveTime: 0.05509042359578539 sec
2026-05-26 18:03:43,821 - mazeUtils.moveTile - [moveTile.py:1105] - DEBUG - moveTile loop time: 60.2 ms
2026-05-26 18:03:43,826 - picamera2.picamera2 - [picamera2.py:1391] - DEBUG - Execute job: <picamera2.job.Job object at 0x7f47f457d0>
2026-05-26 18:03:43,830 - mazeUtils.device.camera - [camera.py:37] - DEBUG - Average HSV: H=18.9, S=116.3, V=61.9
2026-05-26 18:03:43,880 - mazeUtils.moveTile - [moveTile.py:80] - DEBUG - roll: 359.63 deg, practicalMoveTime: 0.11405344660467509 sec
2026-05-26 18:03:43,881 - mazeUtils.moveTile - [moveTile.py:1105] - DEBUG - moveTile loop time: 59.3 ms
2026-05-26 18:03:43,885 - picamera2.picamera2 - [picamera2.py:1391] - DEBUG - Execute job: <picamera2.job.Job object at 0x7f464b4a50>
2026-05-26 18:03:43,888 - mazeUtils.device.camera - [camera.py:37] - DEBUG - Average HSV: H=19.4, S=114.2, V=61.2
2026-05-26 18:03:43,938 - mazeUtils.moveTile - [moveTile.py:80] - DEBUG - roll: 0.5 deg, practicalMoveTime: 0.16545248466679385 sec
2026-05-26 18:03:43,938 - mazeUtils.moveTile - [moveTile.py:1105] - DEBUG - moveTile loop time: 57.3 ms
2026-05-26 18:03:43,943 - picamera2.picamera2 - [picamera2.py:1391] - DEBUG - Execute job: <picamera2.job.Job object at 0x7f45a26390>
2026-05-26 18:03:43,947 - mazeUtils.device.camera - [camera.py:37] - DEBUG - Average HSV: H=22.7, S=112.7, V=60.7
2026-05-26 18:03:43,995 - mazeUtils.moveTile - [moveTile.py:80] - DEBUG - roll: 0.8199999999999932 deg, practicalMoveTime: 0.21595137707373724 sec
2026-05-26 18:03:43,995 - mazeUtils.moveTile - [moveTile.py:1105] - DEBUG - moveTile loop time: 56.3 ms
2026-05-26 18:03:43,999 - picamera2.picamera2 - [picamera2.py:1391] - DEBUG - Execute job: <picamera2.job.Job object at 0x7f45a26710>
2026-05-26 18:03:44,002 - mazeUtils.device.camera - [camera.py:37] - DEBUG - Average HSV: H=24.3, S=113.1, V=60.1
2026-05-26 18:03:44,048 - mazeUtils.moveTile - [moveTile.py:80] - DEBUG - roll: 0.08999999999997499 deg, practicalMoveTime: 0.26329509727593303 sec
2026-05-26 18:03:44,048 - mazeUtils.moveTile - [moveTile.py:1105] - DEBUG - moveTile loop time: 52.9 ms
2026-05-26 18:03:44,052 - picamera2.picamera2 - [picamera2.py:1391] - DEBUG - Execute job: <picamera2.job.Job object at 0x7f45a24710>
2026-05-26 18:03:44,055 - mazeUtils.device.camera - [camera.py:37] - DEBUG - Average HSV: H=23.0, S=110.3, V=60.3
2026-05-26 18:03:44,105 - mazeUtils.moveTile - [moveTile.py:80] - DEBUG - roll: 0.9200000000000159 deg, practicalMoveTime: 0.3144605425133547 sec
2026-05-26 18:03:44,106 - mazeUtils.moveTile - [moveTile.py:1105] - DEBUG - moveTile loop time: 57.3 ms
2026-05-26 18:03:44,111 - picamera2.picamera2 - [picamera2.py:1391] - DEBUG - Execute job: <picamera2.job.Job object at 0x7f464b4bd0>
2026-05-26 18:03:44,114 - mazeUtils.device.camera - [camera.py:37] - DEBUG - Average HSV: H=26.3, S=110.9, V=58.9
2026-05-26 18:03:44,161 - mazeUtils.moveTile - [moveTile.py:80] - DEBUG - roll: 0.3499999999999659 deg, practicalMoveTime: 0.3646456680130411 sec
2026-05-26 18:03:44,162 - mazeUtils.moveTile - [moveTile.py:1105] - DEBUG - moveTile loop time: 55.7 ms
2026-05-26 18:03:44,166 - picamera2.picamera2 - [picamera2.py:1391] - DEBUG - Execute job: <picamera2.job.Job object at 0x7f464b4b90>
2026-05-26 18:03:44,169 - mazeUtils.device.camera - [camera.py:37] - DEBUG - Average HSV: H=33.9, S=105.8, V=59.3
2026-05-26 18:03:44,218 - mazeUtils.moveTile - [moveTile.py:80] - DEBUG - roll: 0.21999999999997044 deg, practicalMoveTime: 0.4155021217996793 sec
2026-05-26 18:03:44,219 - mazeUtils.moveTile - [moveTile.py:1105] - DEBUG - moveTile loop time: 56.9 ms
2026-05-26 18:03:44,225 - picamera2.picamera2 - [picamera2.py:1391] - DEBUG - Execute job: <picamera2.job.Job object at 0x7f47174150>
2026-05-26 18:03:44,228 - mazeUtils.device.camera - [camera.py:37] - DEBUG - Average HSV: H=38.2, S=105.5, V=58.5
2026-05-26 18:03:44,276 - mazeUtils.moveTile - [moveTile.py:80] - DEBUG - roll: 0.8100000000000023 deg, practicalMoveTime: 0.4666600388470601 sec
2026-05-26 18:03:44,276 - mazeUtils.moveTile - [moveTile.py:1105] - DEBUG - moveTile loop time: 57.1 ms
2026-05-26 18:03:44,281 - picamera2.picamera2 - [picamera2.py:1391] - DEBUG - Execute job: <picamera2.job.Job object at 0x7f464b4a50>
2026-05-26 18:03:44,284 - mazeUtils.device.camera - [camera.py:37] - DEBUG - Average HSV: H=41.8, S=105.0, V=56.8
2026-05-26 18:03:44,332 - mazeUtils.moveTile - [moveTile.py:80] - DEBUG - roll: 0.5099999999999909 deg, practicalMoveTime: 0.5166314754669147 sec
2026-05-26 18:03:44,332 - mazeUtils.moveTile - [moveTile.py:1105] - DEBUG - moveTile loop time: 56.0 ms
2026-05-26 18:03:44,339 - picamera2.picamera2 - [picamera2.py:1391] - DEBUG - Execute job: <picamera2.job.Job object at 0x7f47174150>
2026-05-26 18:03:44,342 - mazeUtils.device.camera - [camera.py:37] - DEBUG - Average HSV: H=45.1, S=101.6, V=57.5
2026-05-26 18:03:44,393 - mazeUtils.moveTile - [moveTile.py:80] - DEBUG - roll: 0.8100000000000023 deg, practicalMoveTime: 0.5707727836681173 sec
2026-05-26 18:03:44,393 - mazeUtils.moveTile - [moveTile.py:1105] - DEBUG - moveTile loop time: 60.4 ms
2026-05-26 18:03:44,397 - picamera2.picamera2 - [picamera2.py:1391] - DEBUG - Execute job: <picamera2.job.Job object at 0x7f45a26710>
2026-05-26 18:03:44,401 - mazeUtils.device.camera - [camera.py:37] - DEBUG - Average HSV: H=49.6, S=99.9, V=56.9
2026-05-26 18:03:44,449 - mazeUtils.moveTile - [moveTile.py:80] - DEBUG - roll: 0.9099999999999682 deg, practicalMoveTime: 0.6210415539587975 sec
2026-05-26 18:03:44,450 - mazeUtils.moveTile - [moveTile.py:1105] - DEBUG - moveTile loop time: 56.0 ms
2026-05-26 18:03:44,455 - picamera2.picamera2 - [picamera2.py:1391] - DEBUG - Execute job: <picamera2.job.Job object at 0x7f464b4bd0>
2026-05-26 18:03:44,458 - mazeUtils.device.camera - [camera.py:37] - DEBUG - Average HSV: H=50.1, S=99.4, V=55.6
2026-05-26 18:03:44,508 - mazeUtils.moveTile - [moveTile.py:80] - DEBUG - roll: 0.5999999999999659 deg, practicalMoveTime: 0.6738981288687962 sec
2026-05-26 18:03:44,509 - mazeUtils.moveTile - [moveTile.py:1105] - DEBUG - moveTile loop time: 59.3 ms
2026-05-26 18:03:44,515 - picamera2.picamera2 - [picamera2.py:1391] - DEBUG - Execute job: <picamera2.job.Job object at 0x7f47f457d0>
2026-05-26 18:03:44,521 - mazeUtils.device.camera - [camera.py:37] - DEBUG - Average HSV: H=60.7, S=95.5, V=54.7
2026-05-26 18:03:44,570 - mazeUtils.moveTile - [moveTile.py:80] - DEBUG - roll: 0.6999999999999886 deg, practicalMoveTime: 0.7286816996922344 sec
2026-05-26 18:03:44,571 - mazeUtils.moveTile - [moveTile.py:1105] - DEBUG - moveTile loop time: 61.5 ms
2026-05-26 18:03:44,575 - picamera2.picamera2 - [picamera2.py:1391] - DEBUG - Execute job: <picamera2.job.Job object at 0x7f47fc2bd0>
2026-05-26 18:03:44,580 - mazeUtils.device.camera - [camera.py:37] - DEBUG - Average HSV: H=60.7, S=98.9, V=52.2
2026-05-26 18:03:44,629 - mazeUtils.moveTile - [moveTile.py:80] - DEBUG - roll: 0.8799999999999955 deg, practicalMoveTime: 0.7807443164249876 sec
2026-05-26 18:03:44,630 - mazeUtils.moveTile - [moveTile.py:1105] - DEBUG - moveTile loop time: 58.1 ms
2026-05-26 18:03:44,636 - picamera2.picamera2 - [picamera2.py:1391] - DEBUG - Execute job: <picamera2.job.Job object at 0x7f45a268d0>
2026-05-26 18:03:44,641 - mazeUtils.device.camera - [camera.py:37] - DEBUG - Average HSV: H=72.6, S=105.5, V=48.5
2026-05-26 18:03:44,688 - mazeUtils.moveTile - [moveTile.py:80] - DEBUG - roll: 0.6899999999999977 deg, practicalMoveTime: 0.8331339297957484 sec
2026-05-26 18:03:44,688 - mazeUtils.moveTile - [moveTile.py:1105] - DEBUG - moveTile loop time: 58.4 ms
2026-05-26 18:03:44,694 - picamera2.picamera2 - [picamera2.py:1391] - DEBUG - Execute job: <picamera2.job.Job object at 0x7f464b4a50>
2026-05-26 18:03:44,698 - mazeUtils.device.camera - [camera.py:37] - DEBUG - Average HSV: H=136.0, S=95.2, V=40.6
2026-05-26 18:03:44,837 - mazeUtils.moveTile - [moveTile.py:80] - DEBUG - Little forward to adjust position
2026-05-26 18:03:44,921 - mazeUtils.moveTile - [moveTile.py:511] - DEBUG - Direction: absDirection.NORTH, Angle: 90, Distance: 80.37872334709706 cm
2026-05-26 18:03:44,923 - mazeUtils.moveTile - [moveTile.py:511] - DEBUG - Direction: absDirection.EAST, Angle: 0, Distance: 12.453877551697898 cm
2026-05-26 18:03:44,925 - mazeUtils.moveTile - [moveTile.py:511] - DEBUG - Direction: absDirection.SOUTH, Angle: 270, Distance: 15.34381428376699 cm
2026-05-26 18:03:44,927 - mazeUtils.moveTile - [moveTile.py:511] - DEBUG - Direction: absDirection.WEST, Angle: 180, Distance: 80.84915117499737 cm
2026-05-26 18:03:44,928 - mazeUtils.moveTile - [moveTile.py:1274] - INFO - Tile color detection counts: {}, decided tile type: E
2026-05-26 18:03:45,103 - __main__ - [main.py:84] - INFO - Current position: (20, 21, 0), front direction: absDirection.EAST
Layer 0 (altitude=0.0cm, offset=(0.0cm, 0.0cm)):
Known map area: x=15..20, y=19..23
+   +   +   +   +   +---+
  U   U   U   U   U   E |
+   +   +   +   +   +   +
  U   U   U   U   U   S |
+   +   +   +   +---+---+
  U   U   U | E   E   @ |
+---+---+---+   +---+---+
| E   E   E   E   E   E |
+   +---+---+---+   +   +
| E   U   U   U | E   E |
+---+   +   +   +---+---+
Layer 1 (altitude=15.0cm, offset=(-60.0cm, 0.0cm)):
Known map area: x=20..20, y=19..19
+---+
| E  
+   +
Layer 2 (altitude=45.0cm, offset=(120.0cm, 0.0cm)):
Known map area: x=15..15, y=23..23
+---+
  E |
+---+
mazeAsGraph[0][19][20] = {absDirection.NORTH: None, absDirection.EAST: None, absDirection.SOUTH: (20, 20, 0), absDirection.WEST: (20, 19, 1)}
mazeAsGraph[0][20][20] = {absDirection.NORTH: (20, 19, 0), absDirection.EAST: None, absDirection.SOUTH: (20, 21, 0), absDirection.WEST: (19, 20, 0)}
mazeAsGraph[0][21][18] = {absDirection.NORTH: (20, 19, 1), absDirection.EAST: (19, 21, 0), absDirection.SOUTH: (18, 22, 0), absDirection.WEST: None}
mazeAsGraph[0][21][19] = {absDirection.NORTH: None, absDirection.EAST: (20, 21, 0), absDirection.SOUTH: None, absDirection.WEST: (18, 21, 0)}
mazeAsGraph[0][21][20] = {absDirection.NORTH: (20, 20, 0), absDirection.EAST: None, absDirection.SOUTH: None, absDirection.WEST: (19, 21, 0)}
mazeAsGraph[0][22][15] = {absDirection.NORTH: None, absDirection.EAST: (16, 22, 0), absDirection.SOUTH: (15, 23, 0), absDirection.WEST: None}
mazeAsGraph[0][22][16] = {absDirection.NORTH: None, absDirection.EAST: (17, 22, 0), absDirection.SOUTH: None, absDirection.WEST: (15, 22, 0)}
mazeAsGraph[0][22][17] = {absDirection.NORTH: None, absDirection.EAST: (18, 22, 0), absDirection.SOUTH: None, absDirection.WEST: (16, 22, 0)}
mazeAsGraph[0][22][18] = {absDirection.NORTH: (18, 21, 0), absDirection.EAST: (19, 22, 0), absDirection.SOUTH: None, absDirection.WEST: (17, 22, 0)}
mazeAsGraph[0][22][19] = {absDirection.NORTH: None, absDirection.EAST: (20, 22, 0), absDirection.SOUTH: (19, 23, 0), absDirection.WEST: (18, 22, 0)}
mazeAsGraph[0][22][20] = {absDirection.NORTH: None, absDirection.EAST: None, absDirection.SOUTH: (20, 23, 0), absDirection.WEST: (19, 22, 0)}
mazeAsGraph[0][23][15] = {absDirection.NORTH: (15, 22, 0), absDirection.EAST: (15, 23, 2), absDirection.SOUTH: None, absDirection.WEST: None}
mazeAsGraph[0][23][19] = {absDirection.NORTH: (19, 22, 0), absDirection.EAST: (20, 23, 0), absDirection.SOUTH: None, absDirection.WEST: None}
mazeAsGraph[0][23][20] = {absDirection.NORTH: (20, 22, 0), absDirection.EAST: None, absDirection.SOUTH: None, absDirection.WEST: (19, 23, 0)}
mazeAsGraph[1][19][20] = {absDirection.NORTH: None, absDirection.EAST: (20, 19, 0), absDirection.SOUTH: (18, 21, 0), absDirection.WEST: None}
mazeAsGraph[2][23][15] = {absDirection.NORTH: None, absDirection.EAST: None, absDirection.SOUTH: None, absDirection.WEST: (15, 23, 0)}
2026-05-26 18:03:45,114 - mazeUtils.mazeMap - [mazeMap.py:61] - INFO - next goal: (19, 20, 0)
2026-05-26 18:03:45,115 - mazeUtils.mazeMap - [mazeMap.py:61] - INFO - next goal: (19, 20, 0)
2026-05-26 18:03:45,122 - mazeUtils.moveTile - [moveTile.py:80] - DEBUG - Moving to absDirection.NORTH from (20, 21, 0) facing absDirection.EAST
2026-05-26 18:03:45,171 - mazeUtils.moveTile - [moveTile.py:80] - DEBUG - current heading: 273.4 target: 0
2026-05-26 18:03:46,073 - mazeUtils.moveTile - [moveTile.py:387] - DEBUG - stopped turning at heading: 350.74, diff: 9.259999999999991
2026-05-26 18:03:47,058 - mazeUtils.moveTile - [moveTile.py:80] - DEBUG - Turned to heading: 359.83 deg
2026-05-26 18:03:47,157 - picamera2.picamera2 - [picamera2.py:1391] - DEBUG - Execute job: <picamera2.job.Job object at 0x7f46540150>
2026-05-26 18:03:47,160 - mazeUtils.device.camera - [camera.py:37] - DEBUG - Average HSV: H=10.7, S=45.1, V=209.6
2026-05-26 18:03:47,209 - mazeUtils.moveTile - [moveTile.py:80] - DEBUG - roll: 359.8 deg, practicalMoveTime: 0.05975639177025158 sec
2026-05-26 18:03:47,209 - mazeUtils.moveTile - [moveTile.py:1105] - DEBUG - moveTile loop time: 59.0 ms
2026-05-26 18:03:47,215 - picamera2.picamera2 - [picamera2.py:1391] - DEBUG - Execute job: <picamera2.job.Job object at 0x7f47fb7410>
2026-05-26 18:03:47,219 - mazeUtils.device.camera - [camera.py:37] - DEBUG - Average HSV: H=10.6, S=42.3, V=212.6
2026-05-26 18:03:47,267 - mazeUtils.moveTile - [moveTile.py:80] - DEBUG - roll: 359.88 deg, practicalMoveTime: 0.1180047839144596 sec
2026-05-26 18:03:47,268 - mazeUtils.moveTile - [moveTile.py:1105] - DEBUG - moveTile loop time: 58.5 ms
2026-05-26 18:03:47,273 - picamera2.picamera2 - [picamera2.py:1391] - DEBUG - Execute job: <picamera2.job.Job object at 0x7f46508c50>
2026-05-26 18:03:47,276 - mazeUtils.device.camera - [camera.py:37] - DEBUG - Average HSV: H=11.0, S=42.9, V=213.5
2026-05-26 18:03:47,326 - mazeUtils.moveTile - [moveTile.py:80] - DEBUG - roll: 359.63 deg, practicalMoveTime: 0.1762745001517559 sec
2026-05-26 18:03:47,327 - mazeUtils.moveTile - [moveTile.py:1105] - DEBUG - moveTile loop time: 58.6 ms
2026-05-26 18:03:47,332 - picamera2.picamera2 - [picamera2.py:1391] - DEBUG - Execute job: <picamera2.job.Job object at 0x7f46540150>
2026-05-26 18:03:47,335 - mazeUtils.device.camera - [camera.py:37] - DEBUG - Average HSV: H=11.1, S=43.2, V=213.9
2026-05-26 18:03:47,384 - mazeUtils.moveTile - [moveTile.py:80] - DEBUG - roll: 0.20999999999997954 deg, practicalMoveTime: 0.2277708507305738 sec
2026-05-26 18:03:47,384 - mazeUtils.moveTile - [moveTile.py:1105] - DEBUG - moveTile loop time: 57.5 ms
2026-05-26 18:03:47,389 - picamera2.picamera2 - [picamera2.py:1391] - DEBUG - Execute job: <picamera2.job.Job object at 0x7f47fb7410>
2026-05-26 18:03:47,393 - mazeUtils.device.camera - [camera.py:37] - DEBUG - Average HSV: H=11.7, S=42.7, V=215.5
2026-05-26 18:03:47,443 - mazeUtils.moveTile - [moveTile.py:80] - DEBUG - roll: 0.38999999999998636 deg, practicalMoveTime: 0.27999933132590815 sec
2026-05-26 18:03:47,443 - mazeUtils.moveTile - [moveTile.py:1105] - DEBUG - moveTile loop time: 58.3 ms
2026-05-26 18:03:47,447 - picamera2.picamera2 - [picamera2.py:1391] - DEBUG - Execute job: <picamera2.job.Job object at 0x7f46508c50>
2026-05-26 18:03:47,450 - mazeUtils.device.camera - [camera.py:37] - DEBUG - Average HSV: H=12.0, S=43.0, V=218.2
2026-05-26 18:03:47,499 - mazeUtils.moveTile - [moveTile.py:80] - DEBUG - roll: 0.07999999999998408 deg, practicalMoveTime: 0.3306033393103203 sec
2026-05-26 18:03:47,500 - mazeUtils.moveTile - [moveTile.py:1105] - DEBUG - moveTile loop time: 56.5 ms
2026-05-26 18:03:47,504 - picamera2.picamera2 - [picamera2.py:1391] - DEBUG - Execute job: <picamera2.job.Job object at 0x7f46540150>
2026-05-26 18:03:47,507 - mazeUtils.device.camera - [camera.py:37] - DEBUG - Average HSV: H=12.0, S=44.2, V=217.5
2026-05-26 18:03:47,554 - mazeUtils.moveTile - [moveTile.py:80] - DEBUG - roll: 0.44999999999998863 deg, practicalMoveTime: 0.37931804810659603 sec
2026-05-26 18:03:47,554 - mazeUtils.moveTile - [moveTile.py:1105] - DEBUG - moveTile loop time: 54.3 ms
2026-05-26 18:03:47,561 - picamera2.picamera2 - [picamera2.py:1391] - DEBUG - Execute job: <picamera2.job.Job object at 0x7f47fb7410>
2026-05-26 18:03:47,565 - mazeUtils.device.camera - [camera.py:37] - DEBUG - Average HSV: H=11.8, S=43.6, V=218.9
2026-05-26 18:03:47,613 - mazeUtils.moveTile - [moveTile.py:80] - DEBUG - roll: 359.96999999999997 deg, practicalMoveTime: 0.4377098495658741 sec
2026-05-26 18:03:47,613 - mazeUtils.moveTile - [moveTile.py:1105] - DEBUG - moveTile loop time: 58.6 ms
2026-05-26 18:03:47,617 - picamera2.picamera2 - [picamera2.py:1391] - DEBUG - Execute job: <picamera2.job.Job object at 0x7f47ce2710>
2026-05-26 18:03:47,620 - mazeUtils.device.camera - [camera.py:37] - DEBUG - Average HSV: H=11.8, S=40.0, V=221.8
2026-05-26 18:03:47,669 - mazeUtils.moveTile - [moveTile.py:80] - DEBUG - roll: 0.0 deg, practicalMoveTime: 0.4874933654960499 sec
2026-05-26 18:03:47,669 - mazeUtils.moveTile - [moveTile.py:1105] - DEBUG - moveTile loop time: 55.7 ms
2026-05-26 18:03:47,674 - picamera2.picamera2 - [picamera2.py:1391] - DEBUG - Execute job: <picamera2.job.Job object at 0x7f46443d10>
2026-05-26 18:03:47,677 - mazeUtils.device.camera - [camera.py:37] - DEBUG - Average HSV: H=12.1, S=40.6, V=221.8
2026-05-26 18:03:47,727 - mazeUtils.moveTile - [moveTile.py:80] - DEBUG - roll: 0.339999999999975 deg, practicalMoveTime: 0.5392835493524052 sec
2026-05-26 18:03:47,727 - mazeUtils.moveTile - [moveTile.py:1105] - DEBUG - moveTile loop time: 57.7 ms
2026-05-26 18:03:47,733 - picamera2.picamera2 - [picamera2.py:1391] - DEBUG - Execute job: <picamera2.job.Job object at 0x7f46508c50>
2026-05-26 18:03:47,737 - mazeUtils.device.camera - [camera.py:37] - DEBUG - Average HSV: H=12.0, S=41.2, V=221.9
2026-05-26 18:03:47,786 - mazeUtils.moveTile - [moveTile.py:80] - DEBUG - roll: 0.0999999999999659 deg, practicalMoveTime: 0.5922319912749631 sec
2026-05-26 18:03:47,786 - mazeUtils.moveTile - [moveTile.py:1105] - DEBUG - moveTile loop time: 58.8 ms
2026-05-26 18:03:47,790 - picamera2.picamera2 - [picamera2.py:1391] - DEBUG - Execute job: <picamera2.job.Job object at 0x7f46443e10>
2026-05-26 18:03:47,793 - mazeUtils.device.camera - [camera.py:37] - DEBUG - Average HSV: H=11.9, S=40.1, V=224.8
2026-05-26 18:03:47,841 - mazeUtils.moveTile - [moveTile.py:80] - DEBUG - roll: 359.94 deg, practicalMoveTime: 0.6471609791773913 sec
2026-05-26 18:03:47,842 - mazeUtils.moveTile - [moveTile.py:1105] - DEBUG - moveTile loop time: 55.2 ms
2026-05-26 18:03:47,848 - picamera2.picamera2 - [picamera2.py:1391] - DEBUG - Execute job: <picamera2.job.Job object at 0x7f47f457d0>
2026-05-26 18:03:47,851 - mazeUtils.device.camera - [camera.py:37] - DEBUG - Average HSV: H=12.1, S=39.2, V=225.7
2026-05-26 18:03:47,904 - mazeUtils.moveTile - [moveTile.py:80] - DEBUG - roll: 0.08999999999997499 deg, practicalMoveTime: 0.7027736177060396 sec
2026-05-26 18:03:47,904 - mazeUtils.moveTile - [moveTile.py:1105] - DEBUG - moveTile loop time: 62.0 ms
2026-05-26 18:03:47,910 - picamera2.picamera2 - [picamera2.py:1391] - DEBUG - Execute job: <picamera2.job.Job object at 0x7f46508c50>
2026-05-26 18:03:47,913 - mazeUtils.device.camera - [camera.py:37] - DEBUG - Average HSV: H=12.4, S=41.8, V=225.1
2026-05-26 18:03:47,964 - mazeUtils.moveTile - [moveTile.py:80] - DEBUG - roll: 0.40999999999996817 deg, practicalMoveTime: 0.7564436750986323 sec
2026-05-26 18:03:47,964 - mazeUtils.moveTile - [moveTile.py:1105] - DEBUG - moveTile loop time: 59.9 ms
2026-05-26 18:03:47,969 - picamera2.picamera2 - [picamera2.py:1391] - DEBUG - Execute job: <picamera2.job.Job object at 0x7f47ce2710>
2026-05-26 18:03:47,973 - mazeUtils.device.camera - [camera.py:37] - DEBUG - Average HSV: H=12.4, S=41.0, V=226.3
2026-05-26 18:03:48,022 - mazeUtils.moveTile - [moveTile.py:80] - DEBUG - roll: 0.18999999999999773 deg, practicalMoveTime: 0.8082819072618973 sec
2026-05-26 18:03:48,022 - mazeUtils.moveTile - [moveTile.py:1105] - DEBUG - moveTile loop time: 57.8 ms
2026-05-26 18:03:48,029 - picamera2.picamera2 - [picamera2.py:1391] - DEBUG - Execute job: <picamera2.job.Job object at 0x7f47fb7410>
2026-05-26 18:03:48,032 - mazeUtils.device.camera - [camera.py:37] - DEBUG - Average HSV: H=12.5, S=41.1, V=227.1
2026-05-26 18:03:48,081 - mazeUtils.moveTile - [moveTile.py:80] - DEBUG - roll: 0.36000000000001364 deg, practicalMoveTime: 0.8608583888434866 sec
2026-05-26 18:03:48,081 - mazeUtils.moveTile - [moveTile.py:1105] - DEBUG - moveTile loop time: 58.4 ms
2026-05-26 18:03:48,085 - picamera2.picamera2 - [picamera2.py:1391] - DEBUG - Execute job: <picamera2.job.Job object at 0x7f47ce2710>
2026-05-26 18:03:48,088 - mazeUtils.device.camera - [camera.py:37] - DEBUG - Average HSV: H=12.5, S=39.8, V=228.0
2026-05-26 18:03:48,138 - mazeUtils.moveTile - [moveTile.py:80] - DEBUG - roll: 0.6700000000000159 deg, practicalMoveTime: 0.9119340267053996 sec
2026-05-26 18:03:48,139 - mazeUtils.moveTile - [moveTile.py:1105] - DEBUG - moveTile loop time: 57.2 ms
2026-05-26 18:03:48,144 - picamera2.picamera2 - [picamera2.py:1391] - DEBUG - Execute job: <picamera2.job.Job object at 0x7f47fb7410>
2026-05-26 18:03:48,147 - mazeUtils.device.camera - [camera.py:37] - DEBUG - Average HSV: H=12.6, S=38.6, V=228.8
2026-05-26 18:03:48,196 - mazeUtils.moveTile - [moveTile.py:80] - DEBUG - roll: 0.05000000000001137 deg, practicalMoveTime: 0.9633534559788651 sec
2026-05-26 18:03:48,196 - mazeUtils.moveTile - [moveTile.py:1105] - DEBUG - moveTile loop time: 57.4 ms
2026-05-26 18:03:48,202 - picamera2.picamera2 - [picamera2.py:1391] - DEBUG - Execute job: <picamera2.job.Job object at 0x7f46443d90>
2026-05-26 18:03:48,204 - mazeUtils.device.camera - [camera.py:37] - DEBUG - Average HSV: H=12.7, S=38.9, V=229.8
2026-05-26 18:03:48,342 - mazeUtils.moveTile - [moveTile.py:511] - DEBUG - Direction: absDirection.NORTH, Angle: 0, Distance: 49.25599012641485 cm
2026-05-26 18:03:48,343 - mazeUtils.moveTile - [moveTile.py:511] - DEBUG - Direction: absDirection.EAST, Angle: 270, Distance: 17.1916742539258 cm
2026-05-26 18:03:48,344 - mazeUtils.moveTile - [moveTile.py:511] - DEBUG - Direction: absDirection.SOUTH, Angle: 180, Distance: 50.010415776876535 cm
2026-05-26 18:03:48,345 - mazeUtils.moveTile - [moveTile.py:541] - WARNING - Inconsistent wall detection at absDirection.SOUTH: distance=50.010415776876535 cm, map wall type=wallType.WALL
2026-05-26 18:03:48,346 - mazeUtils.moveTile - [moveTile.py:511] - DEBUG - Direction: absDirection.WEST, Angle: 90, Distance: 48.94501843809461 cm
2026-05-26 18:03:48,347 - mazeUtils.moveTile - [moveTile.py:1274] - INFO - Tile color detection counts: {}, decided tile type: E
2026-05-26 18:03:48,475 - __main__ - [main.py:84] - INFO - Current position: (20, 20, 0), front direction: absDirection.NORTH
Layer 0 (altitude=0.0cm, offset=(0.0cm, 0.0cm)):
Known map area: x=15..20, y=19..23
+   +   +   +   +   +---+
  U   U   U   U   U   E |
+   +   +   +   +   +   +
  U   U   U   U   U   @ |
+   +   +   +   +---+---+
  U   U   U | E   E   E |
+---+---+---+   +---+---+
| E   E   E   E   E   E |
+   +---+---+---+   +   +
| E   U   U   U | E   E |
+---+   +   +   +---+---+
Layer 1 (altitude=15.0cm, offset=(-60.0cm, 0.0cm)):
Known map area: x=20..20, y=19..19
+---+
| E  
+   +
Layer 2 (altitude=45.0cm, offset=(120.0cm, 0.0cm)):
Known map area: x=15..15, y=23..23
+---+
  E |
+---+
mazeAsGraph[0][19][20] = {absDirection.NORTH: None, absDirection.EAST: None, absDirection.SOUTH: (20, 20, 0), absDirection.WEST: (20, 19, 1)}
mazeAsGraph[0][20][20] = {absDirection.NORTH: (20, 19, 0), absDirection.EAST: None, absDirection.SOUTH: (20, 21, 0), absDirection.WEST: (19, 20, 0)}
mazeAsGraph[0][21][18] = {absDirection.NORTH: (20, 19, 1), absDirection.EAST: (19, 21, 0), absDirection.SOUTH: (18, 22, 0), absDirection.WEST: None}
mazeAsGraph[0][21][19] = {absDirection.NORTH: None, absDirection.EAST: (20, 21, 0), absDirection.SOUTH: None, absDirection.WEST: (18, 21, 0)}
mazeAsGraph[0][21][20] = {absDirection.NORTH: (20, 20, 0), absDirection.EAST: None, absDirection.SOUTH: None, absDirection.WEST: (19, 21, 0)}
mazeAsGraph[0][22][15] = {absDirection.NORTH: None, absDirection.EAST: (16, 22, 0), absDirection.SOUTH: (15, 23, 0), absDirection.WEST: None}
mazeAsGraph[0][22][16] = {absDirection.NORTH: None, absDirection.EAST: (17, 22, 0), absDirection.SOUTH: None, absDirection.WEST: (15, 22, 0)}
mazeAsGraph[0][22][17] = {absDirection.NORTH: None, absDirection.EAST: (18, 22, 0), absDirection.SOUTH: None, absDirection.WEST: (16, 22, 0)}
mazeAsGraph[0][22][18] = {absDirection.NORTH: (18, 21, 0), absDirection.EAST: (19, 22, 0), absDirection.SOUTH: None, absDirection.WEST: (17, 22, 0)}
mazeAsGraph[0][22][19] = {absDirection.NORTH: None, absDirection.EAST: (20, 22, 0), absDirection.SOUTH: (19, 23, 0), absDirection.WEST: (18, 22, 0)}
mazeAsGraph[0][22][20] = {absDirection.NORTH: None, absDirection.EAST: None, absDirection.SOUTH: (20, 23, 0), absDirection.WEST: (19, 22, 0)}
mazeAsGraph[0][23][15] = {absDirection.NORTH: (15, 22, 0), absDirection.EAST: (15, 23, 2), absDirection.SOUTH: None, absDirection.WEST: None}
mazeAsGraph[0][23][19] = {absDirection.NORTH: (19, 22, 0), absDirection.EAST: (20, 23, 0), absDirection.SOUTH: None, absDirection.WEST: None}
mazeAsGraph[0][23][20] = {absDirection.NORTH: (20, 22, 0), absDirection.EAST: None, absDirection.SOUTH: None, absDirection.WEST: (19, 23, 0)}
mazeAsGraph[1][19][20] = {absDirection.NORTH: None, absDirection.EAST: (20, 19, 0), absDirection.SOUTH: (18, 21, 0), absDirection.WEST: None}
mazeAsGraph[2][23][15] = {absDirection.NORTH: None, absDirection.EAST: None, absDirection.SOUTH: None, absDirection.WEST: (15, 23, 0)}
2026-05-26 18:03:48,489 - mazeUtils.moveTile - [moveTile.py:80] - DEBUG - Moving to absDirection.WEST from (20, 20, 0) facing absDirection.NORTH
2026-05-26 18:03:48,536 - mazeUtils.moveTile - [moveTile.py:80] - DEBUG - current heading: 5.079999999999984 target: 90
2026-05-26 18:03:49,416 - mazeUtils.moveTile - [moveTile.py:387] - DEBUG - stopped turning at heading: 80.94999999999999, diff: 9.050000000000011
2026-05-26 18:03:50,242 - mazeUtils.moveTile - [moveTile.py:80] - DEBUG - Turned to heading: 89.81 deg
2026-05-26 18:03:50,351 - picamera2.picamera2 - [picamera2.py:1391] - DEBUG - Execute job: <picamera2.job.Job object at 0x7f46ce7b50>
2026-05-26 18:03:50,355 - mazeUtils.device.camera - [camera.py:37] - DEBUG - Average HSV: H=6.9, S=19.6, V=241.2
2026-05-26 18:03:50,405 - mazeUtils.moveTile - [moveTile.py:80] - DEBUG - roll: 0.25 deg, practicalMoveTime: 0.05499742129105226 sec
2026-05-26 18:03:50,405 - mazeUtils.moveTile - [moveTile.py:1105] - DEBUG - moveTile loop time: 60.7 ms
2026-05-26 18:03:50,410 - picamera2.picamera2 - [picamera2.py:1391] - DEBUG - Execute job: <picamera2.job.Job object at 0x7f46cf0c50>
2026-05-26 18:03:50,414 - mazeUtils.device.camera - [camera.py:37] - DEBUG - Average HSV: H=5.9, S=18.7, V=243.6
2026-05-26 18:03:50,463 - mazeUtils.moveTile - [moveTile.py:80] - DEBUG - roll: 359.98 deg, practicalMoveTime: 0.11224219548294437 sec
2026-05-26 18:03:50,463 - mazeUtils.moveTile - [moveTile.py:1105] - DEBUG - moveTile loop time: 57.6 ms
2026-05-26 18:03:50,469 - picamera2.picamera2 - [picamera2.py:1391] - DEBUG - Execute job: <picamera2.job.Job object at 0x7f46ce7b50>
2026-05-26 18:03:50,475 - mazeUtils.device.camera - [camera.py:37] - DEBUG - Average HSV: H=6.9, S=19.6, V=243.2
2026-05-26 18:03:50,526 - mazeUtils.moveTile - [moveTile.py:80] - DEBUG - roll: 0.15999999999996817 deg, practicalMoveTime: 0.16855484689271347 sec
2026-05-26 18:03:50,527 - mazeUtils.moveTile - [moveTile.py:1105] - DEBUG - moveTile loop time: 63.0 ms
2026-05-26 18:03:50,533 - picamera2.picamera2 - [picamera2.py:1391] - DEBUG - Execute job: <picamera2.job.Job object at 0x7f46ce7550>
2026-05-26 18:03:50,538 - mazeUtils.device.camera - [camera.py:37] - DEBUG - Average HSV: H=7.4, S=19.2, V=242.0
2026-05-26 18:03:50,586 - mazeUtils.moveTile - [moveTile.py:80] - DEBUG - roll: 0.21999999999997044 deg, practicalMoveTime: 0.22187204837786723 sec
2026-05-26 18:03:50,587 - mazeUtils.moveTile - [moveTile.py:1105] - DEBUG - moveTile loop time: 59.6 ms
2026-05-26 18:03:50,593 - picamera2.picamera2 - [picamera2.py:1391] - DEBUG - Execute job: <picamera2.job.Job object at 0x7f46cf1690>
2026-05-26 18:03:50,597 - mazeUtils.device.camera - [camera.py:37] - DEBUG - Average HSV: H=7.6, S=20.2, V=240.3
2026-05-26 18:03:50,648 - mazeUtils.moveTile - [moveTile.py:80] - DEBUG - roll: 0.45999999999997954 deg, practicalMoveTime: 0.2770757097188539 sec
2026-05-26 18:03:50,649 - mazeUtils.moveTile - [moveTile.py:1105] - DEBUG - moveTile loop time: 62.1 ms
2026-05-26 18:03:50,655 - picamera2.picamera2 - [picamera2.py:1391] - DEBUG - Execute job: <picamera2.job.Job object at 0x7f46ce7550>
2026-05-26 18:03:50,660 - mazeUtils.device.camera - [camera.py:37] - DEBUG - Average HSV: H=8.3, S=21.4, V=240.0
2026-05-26 18:03:50,708 - mazeUtils.moveTile - [moveTile.py:80] - DEBUG - roll: 0.339999999999975 deg, practicalMoveTime: 0.3301357362529156 sec
2026-05-26 18:03:50,709 - mazeUtils.moveTile - [moveTile.py:1105] - DEBUG - moveTile loop time: 59.1 ms
2026-05-26 18:03:50,714 - picamera2.picamera2 - [picamera2.py:1391] - DEBUG - Execute job: <picamera2.job.Job object at 0x7f46cf08d0>
2026-05-26 18:03:50,719 - mazeUtils.device.camera - [camera.py:37] - DEBUG - Average HSV: H=9.4, S=22.6, V=239.7
2026-05-26 18:03:50,767 - mazeUtils.moveTile - [moveTile.py:80] - DEBUG - roll: 0.040000000000020464 deg, practicalMoveTime: 0.38194505838223924 sec
2026-05-26 18:03:50,767 - mazeUtils.moveTile - [moveTile.py:1105] - DEBUG - moveTile loop time: 58.1 ms
2026-05-26 18:03:50,773 - picamera2.picamera2 - [picamera2.py:1391] - DEBUG - Execute job: <picamera2.job.Job object at 0x7f46ce77d0>
2026-05-26 18:03:50,778 - mazeUtils.device.camera - [camera.py:37] - DEBUG - Average HSV: H=8.5, S=23.2, V=239.2
2026-05-26 18:03:50,830 - mazeUtils.moveTile - [moveTile.py:80] - DEBUG - roll: 0.5500000000000114 deg, practicalMoveTime: 0.43830661633046375 sec
2026-05-26 18:03:50,831 - mazeUtils.moveTile - [moveTile.py:1105] - DEBUG - moveTile loop time: 63.4 ms
2026-05-26 18:03:50,839 - picamera2.picamera2 - [picamera2.py:1391] - DEBUG - Execute job: <picamera2.job.Job object at 0x7f46ce77d0>
2026-05-26 18:03:50,844 - mazeUtils.device.camera - [camera.py:37] - DEBUG - Average HSV: H=8.0, S=20.0, V=241.5
2026-05-26 18:03:50,892 - mazeUtils.moveTile - [moveTile.py:80] - DEBUG - roll: 0.4399999999999977 deg, practicalMoveTime: 0.4930881544833396 sec
2026-05-26 18:03:50,893 - mazeUtils.moveTile - [moveTile.py:1105] - DEBUG - moveTile loop time: 60.3 ms
2026-05-26 18:03:50,898 - picamera2.picamera2 - [picamera2.py:1391] - DEBUG - Execute job: <picamera2.job.Job object at 0x7f46ce7550>
2026-05-26 18:03:50,902 - mazeUtils.device.camera - [camera.py:37] - DEBUG - Average HSV: H=8.7, S=22.3, V=240.8
2026-05-26 18:03:50,951 - mazeUtils.moveTile - [moveTile.py:80] - DEBUG - roll: 0.38999999999998636 deg, practicalMoveTime: 0.5455243405329576 sec
2026-05-26 18:03:50,952 - mazeUtils.moveTile - [moveTile.py:1105] - DEBUG - moveTile loop time: 58.4 ms
2026-05-26 18:03:50,958 - picamera2.picamera2 - [picamera2.py:1391] - DEBUG - Execute job: <picamera2.job.Job object at 0x7f46ce77d0>
2026-05-26 18:03:50,962 - mazeUtils.device.camera - [camera.py:37] - DEBUG - Average HSV: H=8.3, S=20.9, V=240.5
2026-05-26 18:03:51,011 - mazeUtils.moveTile - [moveTile.py:80] - DEBUG - roll: 0.5099999999999909 deg, practicalMoveTime: 0.5985010196517181 sec
2026-05-26 18:03:51,012 - mazeUtils.moveTile - [moveTile.py:1105] - DEBUG - moveTile loop time: 59.4 ms
2026-05-26 18:03:51,016 - picamera2.picamera2 - [picamera2.py:1391] - DEBUG - Execute job: <picamera2.job.Job object at 0x7f46ce7550>
2026-05-26 18:03:51,021 - mazeUtils.device.camera - [camera.py:37] - DEBUG - Average HSV: H=8.0, S=20.5, V=240.3
2026-05-26 18:03:51,072 - mazeUtils.moveTile - [moveTile.py:80] - DEBUG - roll: 0.6100000000000136 deg, practicalMoveTime: 0.6526193513264691 sec
2026-05-26 18:03:51,073 - mazeUtils.moveTile - [moveTile.py:1105] - DEBUG - moveTile loop time: 60.6 ms
2026-05-26 18:03:51,079 - picamera2.picamera2 - [picamera2.py:1391] - DEBUG - Execute job: <picamera2.job.Job object at 0x7f46cf1690>
2026-05-26 18:03:51,084 - mazeUtils.device.camera - [camera.py:37] - DEBUG - Average HSV: H=8.7, S=22.9, V=239.7
2026-05-26 18:03:51,131 - mazeUtils.moveTile - [moveTile.py:80] - DEBUG - roll: 0.6299999999999955 deg, practicalMoveTime: 0.7045549361111075 sec
2026-05-26 18:03:51,131 - mazeUtils.moveTile - [moveTile.py:1105] - DEBUG - moveTile loop time: 57.8 ms
2026-05-26 18:03:51,137 - picamera2.picamera2 - [picamera2.py:1391] - DEBUG - Execute job: <picamera2.job.Job object at 0x7f46ce77d0>
2026-05-26 18:03:51,142 - mazeUtils.device.camera - [camera.py:37] - DEBUG - Average HSV: H=9.4, S=23.1, V=240.8
2026-05-26 18:03:51,192 - mazeUtils.moveTile - [moveTile.py:80] - DEBUG - roll: 0.5699999999999932 deg, practicalMoveTime: 0.7586148657439453 sec
2026-05-26 18:03:51,193 - mazeUtils.moveTile - [moveTile.py:1105] - DEBUG - moveTile loop time: 61.5 ms
2026-05-26 18:03:51,201 - picamera2.picamera2 - [picamera2.py:1391] - DEBUG - Execute job: <picamera2.job.Job object at 0x7f46ce7550>
2026-05-26 18:03:51,208 - mazeUtils.device.camera - [camera.py:37] - DEBUG - Average HSV: H=9.3, S=22.5, V=242.3
2026-05-26 18:03:51,260 - mazeUtils.moveTile - [moveTile.py:80] - DEBUG - roll: 0.5699999999999932 deg, practicalMoveTime: 0.8190006332233214 sec
2026-05-26 18:03:51,262 - mazeUtils.moveTile - [moveTile.py:1105] - DEBUG - moveTile loop time: 67.9 ms
2026-05-26 18:03:51,269 - picamera2.picamera2 - [picamera2.py:1391] - DEBUG - Execute job: <picamera2.job.Job object at 0x7f46ce7b50>
2026-05-26 18:03:51,277 - mazeUtils.device.camera - [camera.py:37] - DEBUG - Average HSV: H=9.6, S=24.3, V=243.5
2026-05-26 18:03:51,327 - mazeUtils.moveTile - [moveTile.py:80] - DEBUG - roll: 0.5500000000000114 deg, practicalMoveTime: 0.8779391388597937 sec
2026-05-26 18:03:51,328 - mazeUtils.moveTile - [moveTile.py:1105] - DEBUG - moveTile loop time: 65.8 ms
2026-05-26 18:03:51,333 - picamera2.picamera2 - [picamera2.py:1391] - DEBUG - Execute job: <picamera2.job.Job object at 0x7f46ce77d0>
2026-05-26 18:03:51,336 - mazeUtils.device.camera - [camera.py:37] - DEBUG - Average HSV: H=8.7, S=21.9, V=246.6
2026-05-26 18:03:51,382 - mazeUtils.moveTile - [moveTile.py:80] - DEBUG - roll: 0.8700000000000045 deg, practicalMoveTime: 0.9267091650616353 sec
2026-05-26 18:03:51,383 - mazeUtils.moveTile - [moveTile.py:1105] - DEBUG - moveTile loop time: 54.3 ms
2026-05-26 18:03:51,387 - picamera2.picamera2 - [picamera2.py:1391] - DEBUG - Execute job: <picamera2.job.Job object at 0x7f46540150>
2026-05-26 18:03:51,390 - mazeUtils.device.camera - [camera.py:37] - DEBUG - Average HSV: H=8.3, S=44.8, V=216.0
2026-05-26 18:03:51,440 - mazeUtils.moveTile - [moveTile.py:80] - DEBUG - roll: 0.2699999999999818 deg, practicalMoveTime: 0.9779323511925291 sec
2026-05-26 18:03:51,440 - mazeUtils.moveTile - [moveTile.py:1105] - DEBUG - moveTile loop time: 57.2 ms
2026-05-26 18:03:51,446 - picamera2.picamera2 - [picamera2.py:1391] - DEBUG - Execute job: <picamera2.job.Job object at 0x7f46ce7b50>
2026-05-26 18:03:51,450 - mazeUtils.device.camera - [camera.py:37] - DEBUG - Average HSV: H=65.5, S=45.5, V=192.0
2026-05-26 18:03:51,581 - mazeUtils.moveTile - [moveTile.py:80] - DEBUG - Little forward to adjust position
2026-05-26 18:03:51,696 - mazeUtils.moveTile - [moveTile.py:511] - DEBUG - Direction: absDirection.NORTH, Angle: 270, Distance: 16.808162516522327 cm
2026-05-26 18:03:51,697 - mazeUtils.moveTile - [moveTile.py:511] - DEBUG - Direction: absDirection.EAST, Angle: 180, Distance: 54.195281506759265 cm
2026-05-26 18:03:51,698 - mazeUtils.moveTile - [moveTile.py:511] - DEBUG - Direction: absDirection.SOUTH, Angle: 90, Distance: 17.266723365148682 cm
2026-05-26 18:03:51,699 - mazeUtils.moveTile - [moveTile.py:511] - DEBUG - Direction: absDirection.WEST, Angle: 0, Distance: 10.85543578769396 cm
2026-05-26 18:03:51,700 - mazeUtils.moveTile - [moveTile.py:1274] - INFO - Tile color detection counts: {}, decided tile type: E
2026-05-26 18:03:51,831 - __main__ - [main.py:84] - INFO - Current position: (19, 20, 0), front direction: absDirection.WEST
Layer 0 (altitude=0.0cm, offset=(0.0cm, 0.0cm)):
Known map area: x=15..20, y=19..23
+   +   +   +   +   +---+
  U   U   U   U   U   E |
+   +   +   +   +---+   +
  U   U   U   U | @   E |
+   +   +   +   +---+---+
  U   U   U | E   E   E |
+---+---+---+   +---+---+
| E   E   E   E   E   E |
+   +---+---+---+   +   +
| E   U   U   U | E   E |
+---+   +   +   +---+---+
Layer 1 (altitude=15.0cm, offset=(-60.0cm, 0.0cm)):
Known map area: x=20..20, y=19..19
+---+
| E  
+   +
Layer 2 (altitude=45.0cm, offset=(120.0cm, 0.0cm)):
Known map area: x=15..15, y=23..23
+---+
  E |
+---+
mazeAsGraph[0][19][20] = {absDirection.NORTH: None, absDirection.EAST: None, absDirection.SOUTH: (20, 20, 0), absDirection.WEST: (20, 19, 1)}
mazeAsGraph[0][20][19] = {absDirection.NORTH: None, absDirection.EAST: (20, 20, 0), absDirection.SOUTH: None, absDirection.WEST: None}
mazeAsGraph[0][20][20] = {absDirection.NORTH: (20, 19, 0), absDirection.EAST: None, absDirection.SOUTH: (20, 21, 0), absDirection.WEST: (19, 20, 0)}
mazeAsGraph[0][21][18] = {absDirection.NORTH: (20, 19, 1), absDirection.EAST: (19, 21, 0), absDirection.SOUTH: (18, 22, 0), absDirection.WEST: None}
mazeAsGraph[0][21][19] = {absDirection.NORTH: None, absDirection.EAST: (20, 21, 0), absDirection.SOUTH: None, absDirection.WEST: (18, 21, 0)}
mazeAsGraph[0][21][20] = {absDirection.NORTH: (20, 20, 0), absDirection.EAST: None, absDirection.SOUTH: None, absDirection.WEST: (19, 21, 0)}
mazeAsGraph[0][22][15] = {absDirection.NORTH: None, absDirection.EAST: (16, 22, 0), absDirection.SOUTH: (15, 23, 0), absDirection.WEST: None}
mazeAsGraph[0][22][16] = {absDirection.NORTH: None, absDirection.EAST: (17, 22, 0), absDirection.SOUTH: None, absDirection.WEST: (15, 22, 0)}
mazeAsGraph[0][22][17] = {absDirection.NORTH: None, absDirection.EAST: (18, 22, 0), absDirection.SOUTH: None, absDirection.WEST: (16, 22, 0)}
mazeAsGraph[0][22][18] = {absDirection.NORTH: (18, 21, 0), absDirection.EAST: (19, 22, 0), absDirection.SOUTH: None, absDirection.WEST: (17, 22, 0)}
mazeAsGraph[0][22][19] = {absDirection.NORTH: None, absDirection.EAST: (20, 22, 0), absDirection.SOUTH: (19, 23, 0), absDirection.WEST: (18, 22, 0)}
mazeAsGraph[0][22][20] = {absDirection.NORTH: None, absDirection.EAST: None, absDirection.SOUTH: (20, 23, 0), absDirection.WEST: (19, 22, 0)}
mazeAsGraph[0][23][15] = {absDirection.NORTH: (15, 22, 0), absDirection.EAST: (15, 23, 2), absDirection.SOUTH: None, absDirection.WEST: None}
mazeAsGraph[0][23][19] = {absDirection.NORTH: (19, 22, 0), absDirection.EAST: (20, 23, 0), absDirection.SOUTH: None, absDirection.WEST: None}
mazeAsGraph[0][23][20] = {absDirection.NORTH: (20, 22, 0), absDirection.EAST: None, absDirection.SOUTH: None, absDirection.WEST: (19, 23, 0)}
mazeAsGraph[1][19][20] = {absDirection.NORTH: None, absDirection.EAST: (20, 19, 0), absDirection.SOUTH: (18, 21, 0), absDirection.WEST: None}
mazeAsGraph[2][23][15] = {absDirection.NORTH: None, absDirection.EAST: None, absDirection.SOUTH: None, absDirection.WEST: (15, 23, 0)}
2026-05-26 18:03:51,855 - mazeUtils.mazeMap - [mazeMap.py:61] - INFO - next goal: (20, 20, 0)
2026-05-26 18:03:51,856 - __main__ - [main.py:102] - INFO - Return Path: [<absDirection.EAST: 270>]
2026-05-26 18:03:51,862 - mazeUtils.moveTile - [moveTile.py:80] - DEBUG - Moving to absDirection.EAST from (19, 20, 0) facing absDirection.WEST
2026-05-26 18:03:51,908 - mazeUtils.moveTile - [moveTile.py:80] - DEBUG - current heading: 88.61000000000001 target: 270
2026-05-26 18:03:53,895 - mazeUtils.moveTile - [moveTile.py:387] - DEBUG - stopped turning at heading: 278.72, diff: 8.720000000000027
2026-05-26 18:03:54,521 - mazeUtils.moveTile - [moveTile.py:80] - DEBUG - Turned to heading: 270.2 deg
2026-05-26 18:03:54,627 - picamera2.picamera2 - [picamera2.py:1391] - DEBUG - Execute job: <picamera2.job.Job object at 0x7f46442ad0>
2026-05-26 18:03:54,631 - mazeUtils.device.camera - [camera.py:37] - DEBUG - Average HSV: H=7.4, S=21.0, V=236.0
2026-05-26 18:03:54,680 - mazeUtils.moveTile - [moveTile.py:80] - DEBUG - roll: 0.9499999999999886 deg, practicalMoveTime: 0.051399079040423894 sec
2026-05-26 18:03:54,680 - mazeUtils.moveTile - [moveTile.py:1105] - DEBUG - moveTile loop time: 56.8 ms
2026-05-26 18:03:54,687 - picamera2.picamera2 - [picamera2.py:1391] - DEBUG - Execute job: <picamera2.job.Job object at 0x7f464402d0>
2026-05-26 18:03:54,689 - mazeUtils.device.camera - [camera.py:37] - DEBUG - Average HSV: H=8.0, S=22.9, V=235.1
2026-05-26 18:03:54,737 - mazeUtils.moveTile - [moveTile.py:80] - DEBUG - roll: 1.1800000000000068 deg, practicalMoveTime: 0.10232471374851627 sec
2026-05-26 18:03:54,738 - mazeUtils.moveTile - [moveTile.py:1105] - DEBUG - moveTile loop time: 57.0 ms
2026-05-26 18:03:54,743 - picamera2.picamera2 - [picamera2.py:1391] - DEBUG - Execute job: <picamera2.job.Job object at 0x7f5c195410>
2026-05-26 18:03:54,746 - mazeUtils.device.camera - [camera.py:37] - DEBUG - Average HSV: H=8.1, S=23.0, V=236.3
2026-05-26 18:03:54,795 - mazeUtils.moveTile - [moveTile.py:80] - DEBUG - roll: 1.0 deg, practicalMoveTime: 0.1534398313064971 sec
2026-05-26 18:03:54,795 - mazeUtils.moveTile - [moveTile.py:1105] - DEBUG - moveTile loop time: 56.9 ms
2026-05-26 18:03:54,800 - picamera2.picamera2 - [picamera2.py:1391] - DEBUG - Execute job: <picamera2.job.Job object at 0x7f5c4cfc50>
2026-05-26 18:03:54,804 - mazeUtils.device.camera - [camera.py:37] - DEBUG - Average HSV: H=8.5, S=25.0, V=238.0
2026-05-26 18:03:54,850 - mazeUtils.moveTile - [moveTile.py:80] - DEBUG - roll: 0.9599999999999795 deg, practicalMoveTime: 0.2028288882385033 sec
2026-05-26 18:03:54,851 - mazeUtils.moveTile - [moveTile.py:1105] - DEBUG - moveTile loop time: 55.4 ms
2026-05-26 18:03:54,857 - picamera2.picamera2 - [picamera2.py:1391] - DEBUG - Execute job: <picamera2.job.Job object at 0x7f5c195410>
2026-05-26 18:03:54,861 - mazeUtils.device.camera - [camera.py:37] - DEBUG - Average HSV: H=8.2, S=23.7, V=237.4
2026-05-26 18:03:54,912 - mazeUtils.moveTile - [moveTile.py:80] - DEBUG - roll: 1.329999999999984 deg, practicalMoveTime: 0.2575455837615032 sec
2026-05-26 18:03:54,912 - mazeUtils.moveTile - [moveTile.py:1105] - DEBUG - moveTile loop time: 61.2 ms
2026-05-26 18:03:54,916 - picamera2.picamera2 - [picamera2.py:1391] - DEBUG - Execute job: <picamera2.job.Job object at 0x7f46443b50>
2026-05-26 18:03:54,920 - mazeUtils.device.camera - [camera.py:37] - DEBUG - Average HSV: H=7.6, S=23.9, V=235.4
2026-05-26 18:03:54,970 - mazeUtils.moveTile - [moveTile.py:80] - DEBUG - roll: 0.7300000000000182 deg, practicalMoveTime: 0.3091670506872517 sec
2026-05-26 18:03:54,970 - mazeUtils.moveTile - [moveTile.py:1105] - DEBUG - moveTile loop time: 57.8 ms
2026-05-26 18:03:54,975 - picamera2.picamera2 - [picamera2.py:1391] - DEBUG - Execute job: <picamera2.job.Job object at 0x7f5c195410>
2026-05-26 18:03:54,979 - mazeUtils.device.camera - [camera.py:37] - DEBUG - Average HSV: H=6.6, S=21.8, V=235.2
2026-05-26 18:03:55,028 - mazeUtils.moveTile - [moveTile.py:80] - DEBUG - roll: 1.5500000000000114 deg, practicalMoveTime: 0.3608491068448947 sec
2026-05-26 18:03:55,028 - mazeUtils.moveTile - [moveTile.py:1105] - DEBUG - moveTile loop time: 57.6 ms
2026-05-26 18:03:55,032 - picamera2.picamera2 - [picamera2.py:1391] - DEBUG - Execute job: <picamera2.job.Job object at 0x7f46442ad0>
2026-05-26 18:03:55,035 - mazeUtils.device.camera - [camera.py:37] - DEBUG - Average HSV: H=6.5, S=21.5, V=234.5
2026-05-26 18:03:55,085 - mazeUtils.moveTile - [moveTile.py:80] - DEBUG - roll: 1.099999999999966 deg, practicalMoveTime: 0.41151935552895874 sec
2026-05-26 18:03:55,085 - mazeUtils.moveTile - [moveTile.py:1105] - DEBUG - moveTile loop time: 56.5 ms
2026-05-26 18:03:55,090 - picamera2.picamera2 - [picamera2.py:1391] - DEBUG - Execute job: <picamera2.job.Job object at 0x7f46443b50>
2026-05-26 18:03:55,093 - mazeUtils.device.camera - [camera.py:37] - DEBUG - Average HSV: H=6.5, S=21.4, V=233.9
2026-05-26 18:03:55,143 - mazeUtils.moveTile - [moveTile.py:80] - DEBUG - roll: 0.6299999999999955 deg, practicalMoveTime: 0.46388342412209665 sec
2026-05-26 18:03:55,144 - mazeUtils.moveTile - [moveTile.py:1105] - DEBUG - moveTile loop time: 58.5 ms
2026-05-26 18:03:55,150 - picamera2.picamera2 - [picamera2.py:1391] - DEBUG - Execute job: <picamera2.job.Job object at 0x7f5c4cfc50>
2026-05-26 18:03:55,153 - mazeUtils.device.camera - [camera.py:37] - DEBUG - Average HSV: H=7.8, S=22.8, V=232.6
2026-05-26 18:03:55,200 - mazeUtils.moveTile - [moveTile.py:80] - DEBUG - roll: 1.3100000000000023 deg, practicalMoveTime: 0.514484123224124 sec
2026-05-26 18:03:55,200 - mazeUtils.moveTile - [moveTile.py:1105] - DEBUG - moveTile loop time: 56.5 ms
2026-05-26 18:03:55,207 - picamera2.picamera2 - [picamera2.py:1391] - DEBUG - Execute job: <picamera2.job.Job object at 0x7f47ce2710>
2026-05-26 18:03:55,211 - mazeUtils.device.camera - [camera.py:37] - DEBUG - Average HSV: H=7.3, S=23.8, V=229.7
2026-05-26 18:03:55,263 - mazeUtils.moveTile - [moveTile.py:80] - DEBUG - roll: 0.7400000000000091 deg, practicalMoveTime: 0.5705987654759808 sec
2026-05-26 18:03:55,263 - mazeUtils.moveTile - [moveTile.py:1105] - DEBUG - moveTile loop time: 62.5 ms
2026-05-26 18:03:55,268 - picamera2.picamera2 - [picamera2.py:1391] - DEBUG - Execute job: <picamera2.job.Job object at 0x7f5c195410>
2026-05-26 18:03:55,272 - mazeUtils.device.camera - [camera.py:37] - DEBUG - Average HSV: H=7.1, S=24.0, V=228.3
2026-05-26 18:03:55,323 - mazeUtils.moveTile - [moveTile.py:80] - DEBUG - roll: 0.46999999999997044 deg, practicalMoveTime: 0.6239628442819941 sec
2026-05-26 18:03:55,323 - mazeUtils.moveTile - [moveTile.py:1105] - DEBUG - moveTile loop time: 59.5 ms
2026-05-26 18:03:55,328 - picamera2.picamera2 - [picamera2.py:1391] - DEBUG - Execute job: <picamera2.job.Job object at 0x7f46442ad0>
2026-05-26 18:03:55,331 - mazeUtils.device.camera - [camera.py:37] - DEBUG - Average HSV: H=6.7, S=23.2, V=228.1
2026-05-26 18:03:55,383 - mazeUtils.moveTile - [moveTile.py:80] - DEBUG - roll: 1.420000000000016 deg, practicalMoveTime: 0.6780461714673397 sec
2026-05-26 18:03:55,384 - mazeUtils.moveTile - [moveTile.py:1105] - DEBUG - moveTile loop time: 60.6 ms
2026-05-26 18:03:55,389 - picamera2.picamera2 - [picamera2.py:1391] - DEBUG - Execute job: <picamera2.job.Job object at 0x7f46443b50>
2026-05-26 18:03:55,393 - mazeUtils.device.camera - [camera.py:37] - DEBUG - Average HSV: H=8.0, S=25.5, V=225.7
2026-05-26 18:03:55,441 - mazeUtils.moveTile - [moveTile.py:80] - DEBUG - roll: 1.1299999999999955 deg, practicalMoveTime: 0.7290649522171272 sec
2026-05-26 18:03:55,441 - mazeUtils.moveTile - [moveTile.py:1105] - DEBUG - moveTile loop time: 56.9 ms
2026-05-26 18:03:55,446 - picamera2.picamera2 - [picamera2.py:1391] - DEBUG - Execute job: <picamera2.job.Job object at 0x7f464402d0>
2026-05-26 18:03:55,449 - mazeUtils.device.camera - [camera.py:37] - DEBUG - Average HSV: H=8.3, S=27.3, V=223.1
2026-05-26 18:03:55,498 - mazeUtils.moveTile - [moveTile.py:80] - DEBUG - roll: 0.8899999999999864 deg, practicalMoveTime: 0.7801368473828489 sec
2026-05-26 18:03:55,499 - mazeUtils.moveTile - [moveTile.py:1105] - DEBUG - moveTile loop time: 57.3 ms
2026-05-26 18:03:55,504 - picamera2.picamera2 - [picamera2.py:1391] - DEBUG - Execute job: <picamera2.job.Job object at 0x7f464402d0>
2026-05-26 18:03:55,507 - mazeUtils.device.camera - [camera.py:37] - DEBUG - Average HSV: H=8.1, S=26.7, V=222.6
2026-05-26 18:03:55,557 - mazeUtils.moveTile - [moveTile.py:80] - DEBUG - roll: 1.7199999999999704 deg, practicalMoveTime: 0.8323846146493117 sec
2026-05-26 18:03:55,557 - mazeUtils.moveTile - [moveTile.py:1105] - DEBUG - moveTile loop time: 58.3 ms
2026-05-26 18:03:55,562 - picamera2.picamera2 - [picamera2.py:1391] - DEBUG - Execute job: <picamera2.job.Job object at 0x7f5c195410>
2026-05-26 18:03:55,565 - mazeUtils.device.camera - [camera.py:37] - DEBUG - Average HSV: H=7.8, S=26.0, V=223.2
2026-05-26 18:03:55,614 - mazeUtils.moveTile - [moveTile.py:80] - DEBUG - roll: 1.25 deg, practicalMoveTime: 0.883728327470766 sec
2026-05-26 18:03:55,615 - mazeUtils.moveTile - [moveTile.py:1105] - DEBUG - moveTile loop time: 57.4 ms
2026-05-26 18:03:55,620 - picamera2.picamera2 - [picamera2.py:1391] - DEBUG - Execute job: <picamera2.job.Job object at 0x7f46442ad0>
2026-05-26 18:03:55,623 - mazeUtils.device.camera - [camera.py:37] - DEBUG - Average HSV: H=8.0, S=26.5, V=223.2
2026-05-26 18:03:55,672 - mazeUtils.moveTile - [moveTile.py:80] - DEBUG - roll: 1.1100000000000136 deg, practicalMoveTime: 0.9352760742144928 sec
2026-05-26 18:03:55,673 - mazeUtils.moveTile - [moveTile.py:1105] - DEBUG - moveTile loop time: 57.5 ms
2026-05-26 18:03:55,679 - picamera2.picamera2 - [picamera2.py:1391] - DEBUG - Execute job: <picamera2.job.Job object at 0x7f47ce2710>
2026-05-26 18:03:55,682 - mazeUtils.device.camera - [camera.py:37] - DEBUG - Average HSV: H=6.4, S=22.5, V=227.4
2026-05-26 18:03:55,732 - mazeUtils.moveTile - [moveTile.py:80] - DEBUG - roll: 1.4499999999999886 deg, practicalMoveTime: 0.9884717013931597 sec
2026-05-26 18:03:55,732 - mazeUtils.moveTile - [moveTile.py:1105] - DEBUG - moveTile loop time: 59.4 ms
2026-05-26 18:03:55,738 - picamera2.picamera2 - [picamera2.py:1391] - DEBUG - Execute job: <picamera2.job.Job object at 0x7f459c5390>
2026-05-26 18:03:55,741 - mazeUtils.device.camera - [camera.py:37] - DEBUG - Average HSV: H=41.2, S=37.7, V=209.4
2026-05-26 18:03:55,877 - mazeUtils.moveTile - [moveTile.py:80] - DEBUG - Little forward to adjust position
2026-05-26 18:03:55,983 - mazeUtils.moveTile - [moveTile.py:511] - DEBUG - Direction: absDirection.NORTH, Angle: 90, Distance: 49.210672244310175 cm
2026-05-26 18:03:55,984 - mazeUtils.moveTile - [moveTile.py:511] - DEBUG - Direction: absDirection.EAST, Angle: 0, Distance: 12.142358492824139 cm
2026-05-26 18:03:55,985 - mazeUtils.moveTile - [moveTile.py:511] - DEBUG - Direction: absDirection.SOUTH, Angle: 270, Distance: 46.25739692904163 cm
2026-05-26 18:03:55,985 - mazeUtils.moveTile - [moveTile.py:541] - WARNING - Inconsistent wall detection at absDirection.SOUTH: distance=46.25739692904163 cm, map wall type=wallType.WALL
2026-05-26 18:03:55,986 - mazeUtils.moveTile - [moveTile.py:511] - DEBUG - Direction: absDirection.WEST, Angle: 180, Distance: 52.45590319918751 cm
2026-05-26 18:03:55,987 - mazeUtils.moveTile - [moveTile.py:1274] - INFO - Tile color detection counts: {}, decided tile type: E
2026-05-26 18:03:56,121 - __main__ - [main.py:117] - INFO - Current position: (20, 20, 0), front direction: absDirection.EAST
Layer 0 (altitude=0.0cm, offset=(0.0cm, 0.0cm)):
Known map area: x=15..20, y=19..23
+   +   +   +   +   +---+
  U   U   U   U   U   E |
+   +   +   +   +---+   +
  U   U   U   U | E   @ |
+   +   +   +   +---+---+
  U   U   U | E   E   E |
+---+---+---+   +---+---+
| E   E   E   E   E   E |
+   +---+---+---+   +   +
| E   U   U   U | E   E |
+---+   +   +   +---+---+
Layer 1 (altitude=15.0cm, offset=(-60.0cm, 0.0cm)):
Known map area: x=20..20, y=19..19
+---+
| E  
+   +
Layer 2 (altitude=45.0cm, offset=(120.0cm, 0.0cm)):
Known map area: x=15..15, y=23..23
+---+
  E |
+---+
mazeAsGraph[0][19][20] = {absDirection.NORTH: None, absDirection.EAST: None, absDirection.SOUTH: (20, 20, 0), absDirection.WEST: (20, 19, 1)}
mazeAsGraph[0][20][19] = {absDirection.NORTH: None, absDirection.EAST: (20, 20, 0), absDirection.SOUTH: None, absDirection.WEST: None}
mazeAsGraph[0][20][20] = {absDirection.NORTH: (20, 19, 0), absDirection.EAST: None, absDirection.SOUTH: (20, 21, 0), absDirection.WEST: (19, 20, 0)}
mazeAsGraph[0][21][18] = {absDirection.NORTH: (20, 19, 1), absDirection.EAST: (19, 21, 0), absDirection.SOUTH: (18, 22, 0), absDirection.WEST: None}
mazeAsGraph[0][21][19] = {absDirection.NORTH: None, absDirection.EAST: (20, 21, 0), absDirection.SOUTH: None, absDirection.WEST: (18, 21, 0)}
mazeAsGraph[0][21][20] = {absDirection.NORTH: (20, 20, 0), absDirection.EAST: None, absDirection.SOUTH: None, absDirection.WEST: (19, 21, 0)}
mazeAsGraph[0][22][15] = {absDirection.NORTH: None, absDirection.EAST: (16, 22, 0), absDirection.SOUTH: (15, 23, 0), absDirection.WEST: None}
mazeAsGraph[0][22][16] = {absDirection.NORTH: None, absDirection.EAST: (17, 22, 0), absDirection.SOUTH: None, absDirection.WEST: (15, 22, 0)}
mazeAsGraph[0][22][17] = {absDirection.NORTH: None, absDirection.EAST: (18, 22, 0), absDirection.SOUTH: None, absDirection.WEST: (16, 22, 0)}
mazeAsGraph[0][22][18] = {absDirection.NORTH: (18, 21, 0), absDirection.EAST: (19, 22, 0), absDirection.SOUTH: None, absDirection.WEST: (17, 22, 0)}
mazeAsGraph[0][22][19] = {absDirection.NORTH: None, absDirection.EAST: (20, 22, 0), absDirection.SOUTH: (19, 23, 0), absDirection.WEST: (18, 22, 0)}
mazeAsGraph[0][22][20] = {absDirection.NORTH: None, absDirection.EAST: None, absDirection.SOUTH: (20, 23, 0), absDirection.WEST: (19, 22, 0)}
mazeAsGraph[0][23][15] = {absDirection.NORTH: (15, 22, 0), absDirection.EAST: (15, 23, 2), absDirection.SOUTH: None, absDirection.WEST: None}
mazeAsGraph[0][23][19] = {absDirection.NORTH: (19, 22, 0), absDirection.EAST: (20, 23, 0), absDirection.SOUTH: None, absDirection.WEST: None}
mazeAsGraph[0][23][20] = {absDirection.NORTH: (20, 22, 0), absDirection.EAST: None, absDirection.SOUTH: None, absDirection.WEST: (19, 23, 0)}
mazeAsGraph[1][19][20] = {absDirection.NORTH: None, absDirection.EAST: (20, 19, 0), absDirection.SOUTH: (18, 21, 0), absDirection.WEST: None}
mazeAsGraph[2][23][15] = {absDirection.NORTH: None, absDirection.EAST: None, absDirection.SOUTH: None, absDirection.WEST: (15, 23, 0)}
2026-05-26 18:03:56,122 - __main__ - [main.py:121] - INFO - Robot now at the starting position, Congratulations!
2026-05-26 18:04:06,340 - __main__ - [main.py:131] - INFO - Current position: (20, 20, 0), front direction: absDirection.EAST
Layer 0 (altitude=0.0cm, offset=(0.0cm, 0.0cm)):
Known map area: x=15..20, y=19..23
+   +   +   +   +   +---+
  U   U   U   U   U   E |
+   +   +   +   +---+   +
  U   U   U   U | E   @ |
+   +   +   +   +---+---+
  U   U   U | E   E   E |
+---+---+---+   +---+---+
| E   E   E   E   E   E |
+   +---+---+---+   +   +
| E   U   U   U | E   E |
+---+   +   +   +---+---+
Layer 1 (altitude=15.0cm, offset=(-60.0cm, 0.0cm)):
Known map area: x=20..20, y=19..19
+---+
| E  
+   +
Layer 2 (altitude=45.0cm, offset=(120.0cm, 0.0cm)):
Known map area: x=15..15, y=23..23
+---+
  E |
+---+
mazeAsGraph[0][19][20] = {absDirection.NORTH: None, absDirection.EAST: None, absDirection.SOUTH: (20, 20, 0), absDirection.WEST: (20, 19, 1)}
mazeAsGraph[0][20][19] = {absDirection.NORTH: None, absDirection.EAST: (20, 20, 0), absDirection.SOUTH: None, absDirection.WEST: None}
mazeAsGraph[0][20][20] = {absDirection.NORTH: (20, 19, 0), absDirection.EAST: None, absDirection.SOUTH: (20, 21, 0), absDirection.WEST: (19, 20, 0)}
mazeAsGraph[0][21][18] = {absDirection.NORTH: (20, 19, 1), absDirection.EAST: (19, 21, 0), absDirection.SOUTH: (18, 22, 0), absDirection.WEST: None}
mazeAsGraph[0][21][19] = {absDirection.NORTH: None, absDirection.EAST: (20, 21, 0), absDirection.SOUTH: None, absDirection.WEST: (18, 21, 0)}
mazeAsGraph[0][21][20] = {absDirection.NORTH: (20, 20, 0), absDirection.EAST: None, absDirection.SOUTH: None, absDirection.WEST: (19, 21, 0)}
mazeAsGraph[0][22][15] = {absDirection.NORTH: None, absDirection.EAST: (16, 22, 0), absDirection.SOUTH: (15, 23, 0), absDirection.WEST: None}
mazeAsGraph[0][22][16] = {absDirection.NORTH: None, absDirection.EAST: (17, 22, 0), absDirection.SOUTH: None, absDirection.WEST: (15, 22, 0)}
mazeAsGraph[0][22][17] = {absDirection.NORTH: None, absDirection.EAST: (18, 22, 0), absDirection.SOUTH: None, absDirection.WEST: (16, 22, 0)}
mazeAsGraph[0][22][18] = {absDirection.NORTH: (18, 21, 0), absDirection.EAST: (19, 22, 0), absDirection.SOUTH: None, absDirection.WEST: (17, 22, 0)}
mazeAsGraph[0][22][19] = {absDirection.NORTH: None, absDirection.EAST: (20, 22, 0), absDirection.SOUTH: (19, 23, 0), absDirection.WEST: (18, 22, 0)}
mazeAsGraph[0][22][20] = {absDirection.NORTH: None, absDirection.EAST: None, absDirection.SOUTH: (20, 23, 0), absDirection.WEST: (19, 22, 0)}
mazeAsGraph[0][23][15] = {absDirection.NORTH: (15, 22, 0), absDirection.EAST: (15, 23, 2), absDirection.SOUTH: None, absDirection.WEST: None}
mazeAsGraph[0][23][19] = {absDirection.NORTH: (19, 22, 0), absDirection.EAST: (20, 23, 0), absDirection.SOUTH: None, absDirection.WEST: None}
mazeAsGraph[0][23][20] = {absDirection.NORTH: (20, 22, 0), absDirection.EAST: None, absDirection.SOUTH: None, absDirection.WEST: (19, 23, 0)}
mazeAsGraph[1][19][20] = {absDirection.NORTH: None, absDirection.EAST: (20, 19, 0), absDirection.SOUTH: (18, 21, 0), absDirection.WEST: None}
mazeAsGraph[2][23][15] = {absDirection.NORTH: None, absDirection.EAST: None, absDirection.SOUTH: None, absDirection.WEST: (15, 23, 0)}
2026-05-26 18:05:53,406 - __main__ - [main.py:144] - INFO - Program interrupted by user.
2026-05-26 18:05:54,493 - mazeUtils.device.stm - [stm.py:214] - DEBUG - ACK resynchronized: type=STS_MOTOR dropped=24B seq=111
2026-05-26 18:05:54,502 - picamera2.picamera2 - [picamera2.py:1391] - DEBUG - Execute job: <picamera2.job.Job object at 0x7f860666d0>
2026-05-26 18:05:54,518 - picamera2.picamera2 - [picamera2.py:1323] - INFO - Camera stopped
2026-05-26 18:05:54,719 - picamera2.picamera2 - [picamera2.py:1329] - DEBUG - Camera was not started
2026-05-26 18:05:54,922 - picamera2.picamera2 - [picamera2.py:723] - INFO - Camera closed successfully.
2026-05-26 18:05:55,095 - picamera2.picamera2 - [picamera2.py:500] - DEBUG - Resources now free: <picamera2.picamera2.Picamera2 object at 0x7f797c9190>
