2026-07-01 21:43:08,004 - root - [logging_config.py:61] - INFO - Logging initialized. Log file: /home/tuton/Kanto2026RPi/src/config/../logs/robot_20260701_214303.log
2026-07-01 21:43:09,926 - mazeUtils.device.LiDAR - [LiDAR.py:80] - INFO - Available ports: <ydlidar.Str2strMap; proxy of <Swig Object of type 'std::map< std::string,std::string > *' at 0x7fad8bfea0> >
2026-07-01 21:43:19,828 - mazeUtils.moveTile - [moveTile.py:556] - DEBUG - overwrite the wall data
2026-07-01 21:43:19,850 - mazeUtils.moveTile - [moveTile.py:570] - DEBUG - Direction: absDirection.NORTH, Angle: 0, Distance: 135.7443809893346 cm
2026-07-01 21:43:19,851 - mazeUtils.moveTile - [moveTile.py:580] - INFO - angle: 0, result: judgeWallResult.NO_WALL
2026-07-01 21:43:19,852 - mazeUtils.moveTile - [moveTile.py:570] - DEBUG - Direction: absDirection.EAST, Angle: 270, Distance: 16.198088408987058 cm
2026-07-01 21:43:19,853 - mazeUtils.moveTile - [moveTile.py:570] - DEBUG - Direction: absDirection.SOUTH, Angle: 180, Distance: 16.933584353238142 cm
2026-07-01 21:43:19,853 - mazeUtils.moveTile - [moveTile.py:570] - DEBUG - Direction: absDirection.WEST, Angle: 90, Distance: 16.509061945593356 cm
2026-07-01 21:43:19,854 - __main__ - [main.py:69] - INFO - Initial Map:
2026-07-01 21:43:19,861 - __main__ - [main.py:70] - INFO - Current position: (20, 20, 0), front direction: absDirection.NORTH
Layer 0 (altitude=0.0cm, offset=(0.0cm, 0.0cm)):
Known map area: x=20..20, y=20..20
+   +
| @ |
+---+
2026-07-01 21:43:20,518 - mazeUtils.mazeMap - [mazeMap.py:61] - INFO - next goal: (20, 19, 0)
2026-07-01 21:43:20,521 - __main__ - [main.py:76] - INFO - Next Direction: [<absDirection.NORTH: 0>]
2026-07-01 21:43:20,523 - __main__ - [main.py:77] - INFO - Exploration started.
2026-07-01 21:43:20,524 - mazeUtils.mazeMap - [mazeMap.py:61] - INFO - next goal: (20, 20, 0)
2026-07-01 21:43:20,526 - mazeUtils.moveTile - [moveTile.py:88] - DEBUG - [1108.646584] moveTile start direction=absDirection.NORTH position=(20, 20, 0) front=absDirection.NORTH
2026-07-01 21:43:20,533 - mazeUtils.moveTile - [moveTile.py:90] - DEBUG - [1108.653641] moveTile after initial toggle check (+7.1 ms)
2026-07-01 21:43:20,538 - mazeUtils.moveTile - [moveTile.py:90] - DEBUG - [1108.658146] moveTile after tile checks isRedTile=False isUnknownTileAhead=True (+4.5 ms)
2026-07-01 21:43:20,539 - mazeUtils.moveTile - [moveTile.py:79] - DEBUG - Moving to absDirection.NORTH from (20, 20, 0) facing absDirection.NORTH
2026-07-01 21:43:20,540 - mazeUtils.moveTile - [moveTile.py:90] - DEBUG - [1108.660315] moveTile start heading change target=0 (+2.2 ms)
2026-07-01 21:43:20,571 - mazeUtils.moveTile - [moveTile.py:79] - DEBUG - current heading: 359.78999999999996 target: 0
2026-07-01 21:43:20,593 - mazeUtils.moveTile - [moveTile.py:441] - DEBUG - stopped turning at heading: 359.78999999999996, diff: 0.21000000000003638
2026-07-01 21:43:20,636 - mazeUtils.moveTile - [moveTile.py:79] - DEBUG - Turned to heading: 359.78999999999996 deg
2026-07-01 21:43:20,638 - mazeUtils.moveTile - [moveTile.py:90] - DEBUG - [1108.757695] moveTile finished heading change (+97.4 ms)
2026-07-01 21:43:20,638 - mazeUtils.moveTile - [moveTile.py:90] - DEBUG - [1108.758358] Adjustment after ramp completed (+0.7 ms)
2026-07-01 21:43:20,639 - mazeUtils.moveTile - [moveTile.py:90] - DEBUG - [1108.758980] moveTile updated front direction (+0.6 ms)
2026-07-01 21:43:20,658 - mazeUtils.moveTile - [moveTile.py:90] - DEBUG - [1108.778392] moveTile stopped motors before alignment (+19.4 ms)
2026-07-01 21:43:20,810 - mazeUtils.moveTile - [moveTile.py:570] - DEBUG - Direction: absDirection.NORTH, Angle: 0, Distance: 135.9246240375403 cm
2026-07-01 21:43:20,813 - mazeUtils.moveTile - [moveTile.py:570] - DEBUG - Direction: absDirection.EAST, Angle: 270, Distance: 16.27775650829137 cm
2026-07-01 21:43:20,814 - mazeUtils.moveTile - [moveTile.py:570] - DEBUG - Direction: absDirection.SOUTH, Angle: 180, Distance: 17.17423509536203 cm
2026-07-01 21:43:20,816 - mazeUtils.moveTile - [moveTile.py:570] - DEBUG - Direction: absDirection.WEST, Angle: 90, Distance: 16.636502799343802 cm
2026-07-01 21:43:20,816 - mazeUtils.moveTile - [moveTile.py:90] - DEBUG - [1108.936625] moveTile start position adjustment using LiDAR for back wall. (+158.2 ms)
2026-07-01 21:43:20,841 - mazeUtils.moveTile - [moveTile.py:79] - DEBUG - Little backward to adjust position
2026-07-01 21:43:21,113 - mazeUtils.moveTile - [moveTile.py:90] - DEBUG - [1109.233380] moveTile finished backward adjustment (+296.8 ms)
2026-07-01 21:43:21,194 - mazeUtils.moveTile - [moveTile.py:90] - DEBUG - [1109.313704] moveTile ready for forward move (+80.3 ms)
2026-07-01 21:43:21,224 - mazeUtils.moveTile - [moveTile.py:90] - DEBUG - [1109.343860] moveTile initialized movement targetSteps=1 (+30.2 ms)
2026-07-01 21:43:21,226 - mazeUtils.moveTile - [moveTile.py:90] - DEBUG - [1109.345764] moveTile loop start (+1.9 ms)
2026-07-01 21:43:21,233 - picamera2.picamera2 - [picamera2.py:1391] - DEBUG - Execute job: <picamera2.job.Job object at 0x7f9f23c290>
2026-07-01 21:43:21,253 - mazeUtils.device.camera - [camera.py:39] - DEBUG - Average HSV: H=111.0, S=239.2, V=136.4
2026-07-01 21:43:21,264 - mazeUtils.moveTile - [moveTile.py:90] - DEBUG - [1109.384547] moveTile calculated motor speeds left=100 right=92 gyroSteer=9.159999999999968 wallSteer=-2.0 (+38.8 ms)
2026-07-01 21:43:21,293 - mazeUtils.moveTile - [moveTile.py:90] - DEBUG - [1109.412678] moveTile applied motor speed left=100 right=92 (+28.1 ms)
2026-07-01 21:43:21,297 - mazeUtils.moveTile - [moveTile.py:90] - DEBUG - [1109.417207] moveTile tile color check tempTileColor=E (+4.5 ms)
2026-07-01 21:43:21,298 - mazeUtils.moveTile - [moveTile.py:90] - DEBUG - [1109.418159] moveTile obstacle check escapeFlag=False (+1.0 ms)
2026-07-01 21:43:21,304 - mazeUtils.moveTile - [moveTile.py:90] - DEBUG - [1109.423925] moveTile ramp check isBigRamp=False (+5.8 ms)
2026-07-01 21:43:21,305 - mazeUtils.moveTile - [moveTile.py:79] - DEBUG - roll: 359.71999999999997 deg, practicalMoveTime: 0.08134458682089468 sec
2026-07-01 21:43:21,306 - mazeUtils.moveTile - [moveTile.py:2275] - DEBUG - moveTile loop time: 80.4 ms
2026-07-01 21:43:21,307 - mazeUtils.moveTile - [moveTile.py:90] - DEBUG - [1109.427240] moveTile loop end practicalMoveTime=0.081 (+3.3 ms)
2026-07-01 21:43:21,308 - mazeUtils.moveTile - [moveTile.py:90] - DEBUG - [1109.428051] moveTile loop start (+0.8 ms)
2026-07-01 21:43:21,314 - picamera2.picamera2 - [picamera2.py:1391] - DEBUG - Execute job: <picamera2.job.Job object at 0x7f95aef1d0>
2026-07-01 21:43:21,326 - mazeUtils.device.camera - [camera.py:39] - DEBUG - Average HSV: H=111.0, S=238.1, V=134.0
2026-07-01 21:43:21,335 - mazeUtils.moveTile - [moveTile.py:90] - DEBUG - [1109.454947] moveTile calculated motor speeds left=100 right=83 gyroSteer=14.879999999999995 wallSteer=1.5999999999999979 (+26.9 ms)
2026-07-01 21:43:21,359 - mazeUtils.moveTile - [moveTile.py:90] - DEBUG - [1109.479618] moveTile applied motor speed left=100 right=83 (+24.7 ms)
2026-07-01 21:43:21,364 - mazeUtils.moveTile - [moveTile.py:90] - DEBUG - [1109.483769] moveTile tile color check tempTileColor=L (+4.2 ms)
2026-07-01 21:43:21,365 - mazeUtils.moveTile - [moveTile.py:90] - DEBUG - [1109.485023] moveTile obstacle check escapeFlag=False (+1.3 ms)
2026-07-01 21:43:21,371 - mazeUtils.moveTile - [moveTile.py:90] - DEBUG - [1109.491142] moveTile ramp check isBigRamp=False (+6.1 ms)
2026-07-01 21:43:21,372 - mazeUtils.moveTile - [moveTile.py:79] - DEBUG - roll: 358.58 deg, practicalMoveTime: 0.14732597141316062 sec
2026-07-01 21:43:21,373 - mazeUtils.moveTile - [moveTile.py:2275] - DEBUG - moveTile loop time: 64.9 ms
2026-07-01 21:43:21,373 - mazeUtils.moveTile - [moveTile.py:90] - DEBUG - [1109.493562] moveTile loop end practicalMoveTime=0.147 (+2.4 ms)
2026-07-01 21:43:21,374 - mazeUtils.moveTile - [moveTile.py:90] - DEBUG - [1109.494005] moveTile loop start (+0.4 ms)
2026-07-01 21:43:21,381 - picamera2.picamera2 - [picamera2.py:1391] - DEBUG - Execute job: <picamera2.job.Job object at 0x7f6a232750>
2026-07-01 21:43:21,389 - mazeUtils.device.camera - [camera.py:39] - DEBUG - Average HSV: H=111.0, S=238.2, V=137.1
2026-07-01 21:43:21,396 - mazeUtils.moveTile - [moveTile.py:90] - DEBUG - [1109.515825] moveTile calculated motor speeds left=100 right=86 gyroSteer=11.039999999999964 wallSteer=2.0 (+21.8 ms)
2026-07-01 21:43:21,416 - mazeUtils.moveTile - [moveTile.py:90] - DEBUG - [1109.535775] moveTile applied motor speed left=100 right=86 (+19.9 ms)
2026-07-01 21:43:21,420 - mazeUtils.moveTile - [moveTile.py:90] - DEBUG - [1109.540528] moveTile tile color check tempTileColor=L (+4.8 ms)
2026-07-01 21:43:21,422 - mazeUtils.moveTile - [moveTile.py:90] - DEBUG - [1109.541664] moveTile obstacle check escapeFlag=False (+1.1 ms)
2026-07-01 21:43:21,428 - mazeUtils.moveTile - [moveTile.py:90] - DEBUG - [1109.548271] moveTile ramp check isBigRamp=False (+6.6 ms)
2026-07-01 21:43:21,430 - mazeUtils.moveTile - [moveTile.py:79] - DEBUG - roll: 358.77 deg, practicalMoveTime: 0.2040353040666369 sec
2026-07-01 21:43:21,431 - mazeUtils.moveTile - [moveTile.py:2275] - DEBUG - moveTile loop time: 57.3 ms
2026-07-01 21:43:21,432 - mazeUtils.moveTile - [moveTile.py:90] - DEBUG - [1109.552468] moveTile loop end practicalMoveTime=0.204 (+4.2 ms)
2026-07-01 21:43:21,434 - mazeUtils.moveTile - [moveTile.py:90] - DEBUG - [1109.553751] moveTile loop start (+1.3 ms)
2026-07-01 21:43:21,440 - picamera2.picamera2 - [picamera2.py:1391] - DEBUG - Execute job: <picamera2.job.Job object at 0x7f9eebcc90>
2026-07-01 21:43:21,449 - mazeUtils.device.camera - [camera.py:39] - DEBUG - Average HSV: H=111.1, S=235.7, V=133.8
2026-07-01 21:43:21,455 - mazeUtils.moveTile - [moveTile.py:90] - DEBUG - [1109.575185] moveTile calculated motor speeds left=100 right=86 gyroSteer=11.200000000000045 wallSteer=2.3999999999999986 (+21.4 ms)
2026-07-01 21:43:21,476 - mazeUtils.moveTile - [moveTile.py:90] - DEBUG - [1109.596613] moveTile applied motor speed left=100 right=86 (+21.4 ms)
2026-07-01 21:43:21,481 - mazeUtils.moveTile - [moveTile.py:90] - DEBUG - [1109.601376] moveTile tile color check tempTileColor=L (+4.8 ms)
2026-07-01 21:43:21,483 - mazeUtils.moveTile - [moveTile.py:90] - DEBUG - [1109.603033] moveTile obstacle check escapeFlag=False (+1.7 ms)
2026-07-01 21:43:21,488 - mazeUtils.moveTile - [moveTile.py:90] - DEBUG - [1109.607901] moveTile ramp check isBigRamp=False (+4.9 ms)
2026-07-01 21:43:21,489 - mazeUtils.moveTile - [moveTile.py:79] - DEBUG - roll: 359.05 deg, practicalMoveTime: 0.261845769390783 sec
2026-07-01 21:43:21,490 - mazeUtils.moveTile - [moveTile.py:2275] - DEBUG - moveTile loop time: 56.4 ms
2026-07-01 21:43:21,491 - mazeUtils.moveTile - [moveTile.py:90] - DEBUG - [1109.611621] moveTile loop end practicalMoveTime=0.262 (+3.7 ms)
2026-07-01 21:43:21,493 - mazeUtils.moveTile - [moveTile.py:90] - DEBUG - [1109.612933] moveTile loop start (+1.3 ms)
2026-07-01 21:43:21,501 - picamera2.picamera2 - [picamera2.py:1391] - DEBUG - Execute job: <picamera2.job.Job object at 0x7f872aff10>
2026-07-01 21:43:21,509 - mazeUtils.device.camera - [camera.py:39] - DEBUG - Average HSV: H=110.9, S=237.4, V=130.5
2026-07-01 21:43:21,514 - mazeUtils.moveTile - [moveTile.py:90] - DEBUG - [1109.634013] moveTile calculated motor speeds left=100 right=91 gyroSteer=6.399999999999977 wallSteer=2.0 (+21.1 ms)
2026-07-01 21:43:21,533 - mazeUtils.moveTile - [moveTile.py:90] - DEBUG - [1109.653474] moveTile applied motor speed left=100 right=91 (+19.5 ms)
2026-07-01 21:43:21,537 - mazeUtils.moveTile - [moveTile.py:90] - DEBUG - [1109.657617] moveTile tile color check tempTileColor=L (+4.1 ms)
2026-07-01 21:43:21,538 - mazeUtils.moveTile - [moveTile.py:90] - DEBUG - [1109.658470] moveTile obstacle check escapeFlag=False (+0.9 ms)
2026-07-01 21:43:21,546 - mazeUtils.moveTile - [moveTile.py:90] - DEBUG - [1109.665665] moveTile ramp check isBigRamp=False (+7.2 ms)
2026-07-01 21:43:21,547 - mazeUtils.moveTile - [moveTile.py:79] - DEBUG - roll: 359.83 deg, practicalMoveTime: 0.3190812352287035 sec
2026-07-01 21:43:21,549 - mazeUtils.moveTile - [moveTile.py:2275] - DEBUG - moveTile loop time: 55.8 ms
2026-07-01 21:43:21,549 - mazeUtils.moveTile - [moveTile.py:90] - DEBUG - [1109.669604] moveTile loop end practicalMoveTime=0.319 (+3.9 ms)
2026-07-01 21:43:21,550 - mazeUtils.moveTile - [moveTile.py:90] - DEBUG - [1109.670277] moveTile loop start (+0.7 ms)
2026-07-01 21:43:21,557 - picamera2.picamera2 - [picamera2.py:1391] - DEBUG - Execute job: <picamera2.job.Job object at 0x7f69de9490>
2026-07-01 21:43:21,563 - mazeUtils.device.camera - [camera.py:39] - DEBUG - Average HSV: H=110.9, S=235.5, V=131.1
2026-07-01 21:43:21,573 - mazeUtils.moveTile - [moveTile.py:90] - DEBUG - [1109.693331] moveTile calculated motor speeds left=100 right=94 gyroSteer=7.439999999999941 wallSteer=-1.5999999999999979 (+23.1 ms)
2026-07-01 21:43:21,601 - mazeUtils.moveTile - [moveTile.py:90] - DEBUG - [1109.720750] moveTile applied motor speed left=100 right=94 (+27.4 ms)
2026-07-01 21:43:21,606 - mazeUtils.moveTile - [moveTile.py:90] - DEBUG - [1109.725772] moveTile tile color check tempTileColor=E (+5.0 ms)
2026-07-01 21:43:21,607 - mazeUtils.moveTile - [moveTile.py:90] - DEBUG - [1109.726674] moveTile obstacle check escapeFlag=False (+0.9 ms)
2026-07-01 21:43:21,613 - mazeUtils.moveTile - [moveTile.py:90] - DEBUG - [1109.733496] moveTile ramp check isBigRamp=False (+6.8 ms)
2026-07-01 21:43:21,614 - mazeUtils.moveTile - [moveTile.py:79] - DEBUG - roll: 359.59 deg, practicalMoveTime: 0.3847333552597856 sec
2026-07-01 21:43:21,615 - mazeUtils.moveTile - [moveTile.py:2275] - DEBUG - moveTile loop time: 64.8 ms
2026-07-01 21:43:21,616 - mazeUtils.moveTile - [moveTile.py:90] - DEBUG - [1109.735857] moveTile loop end practicalMoveTime=0.385 (+2.4 ms)
2026-07-01 21:43:21,616 - mazeUtils.moveTile - [moveTile.py:90] - DEBUG - [1109.736510] moveTile loop start (+0.7 ms)
2026-07-01 21:43:21,622 - picamera2.picamera2 - [picamera2.py:1391] - DEBUG - Execute job: <picamera2.job.Job object at 0x7fa00af310>
2026-07-01 21:43:21,630 - mazeUtils.device.camera - [camera.py:39] - DEBUG - Average HSV: H=110.9, S=236.6, V=133.9
2026-07-01 21:43:21,641 - mazeUtils.moveTile - [moveTile.py:90] - DEBUG - [1109.761216] moveTile calculated motor speeds left=100 right=87 gyroSteer=7.039999999999964 wallSteer=5.199999999999999 (+24.7 ms)
2026-07-01 21:43:21,663 - mazeUtils.moveTile - [moveTile.py:90] - DEBUG - [1109.783461] moveTile applied motor speed left=100 right=87 (+22.2 ms)
2026-07-01 21:43:21,667 - mazeUtils.moveTile - [moveTile.py:90] - DEBUG - [1109.787388] moveTile tile color check tempTileColor=L (+3.9 ms)
2026-07-01 21:43:21,668 - mazeUtils.moveTile - [moveTile.py:90] - DEBUG - [1109.788398] moveTile obstacle check escapeFlag=False (+1.0 ms)
2026-07-01 21:43:21,674 - mazeUtils.moveTile - [moveTile.py:90] - DEBUG - [1109.793973] moveTile ramp check isBigRamp=False (+5.6 ms)
2026-07-01 21:43:21,675 - mazeUtils.moveTile - [moveTile.py:79] - DEBUG - roll: 359.17 deg, practicalMoveTime: 0.4445265136404247 sec
2026-07-01 21:43:21,676 - mazeUtils.moveTile - [moveTile.py:2275] - DEBUG - moveTile loop time: 59.3 ms
2026-07-01 21:43:21,677 - mazeUtils.moveTile - [moveTile.py:90] - DEBUG - [1109.796677] moveTile loop end practicalMoveTime=0.445 (+2.7 ms)
2026-07-01 21:43:21,677 - mazeUtils.moveTile - [moveTile.py:90] - DEBUG - [1109.797201] moveTile loop start (+0.5 ms)
2026-07-01 21:43:21,685 - picamera2.picamera2 - [picamera2.py:1391] - DEBUG - Execute job: <picamera2.job.Job object at 0x7f95ade650>
2026-07-01 21:43:21,691 - mazeUtils.device.camera - [camera.py:39] - DEBUG - Average HSV: H=111.1, S=232.7, V=134.4
2026-07-01 21:43:21,696 - mazeUtils.moveTile - [moveTile.py:90] - DEBUG - [1109.816191] moveTile calculated motor speeds left=100 right=92 gyroSteer=3.5599999999999454 wallSteer=3.6000000000000014 (+19.0 ms)
2026-07-01 21:43:21,719 - mazeUtils.moveTile - [moveTile.py:90] - DEBUG - [1109.838693] moveTile applied motor speed left=100 right=92 (+22.5 ms)
2026-07-01 21:43:21,724 - mazeUtils.moveTile - [moveTile.py:90] - DEBUG - [1109.843890] moveTile tile color check tempTileColor=L (+5.2 ms)
2026-07-01 21:43:21,725 - mazeUtils.moveTile - [moveTile.py:90] - DEBUG - [1109.845322] moveTile obstacle check escapeFlag=False (+1.4 ms)
2026-07-01 21:43:21,730 - mazeUtils.moveTile - [moveTile.py:90] - DEBUG - [1109.850462] moveTile ramp check isBigRamp=False (+5.1 ms)
2026-07-01 21:43:21,732 - mazeUtils.moveTile - [moveTile.py:79] - DEBUG - roll: 0.4200000000000159 deg, practicalMoveTime: 0.5006318120126277 sec
2026-07-01 21:43:21,733 - mazeUtils.moveTile - [moveTile.py:2275] - DEBUG - moveTile loop time: 56.2 ms
2026-07-01 21:43:21,734 - mazeUtils.moveTile - [moveTile.py:90] - DEBUG - [1109.854082] moveTile loop end practicalMoveTime=0.501 (+3.6 ms)
2026-07-01 21:43:21,735 - mazeUtils.moveTile - [moveTile.py:90] - DEBUG - [1109.854829] moveTile loop start (+0.7 ms)
2026-07-01 21:43:21,742 - picamera2.picamera2 - [picamera2.py:1391] - DEBUG - Execute job: <picamera2.job.Job object at 0x7f6a232750>
2026-07-01 21:43:21,751 - mazeUtils.device.camera - [camera.py:39] - DEBUG - Average HSV: H=111.3, S=232.3, V=132.6
2026-07-01 21:43:21,758 - mazeUtils.moveTile - [moveTile.py:90] - DEBUG - [1109.878569] moveTile calculated motor speeds left=100 right=95 gyroSteer=0.8400000000000318 wallSteer=3.6000000000000014 (+23.7 ms)
2026-07-01 21:43:21,780 - mazeUtils.moveTile - [moveTile.py:90] - DEBUG - [1109.900050] moveTile applied motor speed left=100 right=95 (+21.5 ms)
2026-07-01 21:43:21,785 - mazeUtils.moveTile - [moveTile.py:90] - DEBUG - [1109.905405] moveTile tile color check tempTileColor=L (+5.4 ms)
2026-07-01 21:43:21,786 - mazeUtils.moveTile - [moveTile.py:90] - DEBUG - [1109.906429] moveTile obstacle check escapeFlag=False (+1.0 ms)
2026-07-01 21:43:21,794 - mazeUtils.moveTile - [moveTile.py:90] - DEBUG - [1109.913957] moveTile ramp check isBigRamp=False (+7.5 ms)
2026-07-01 21:43:21,796 - mazeUtils.moveTile - [moveTile.py:79] - DEBUG - roll: 359.46 deg, practicalMoveTime: 0.5631690887492979 sec
2026-07-01 21:43:21,797 - mazeUtils.moveTile - [moveTile.py:2275] - DEBUG - moveTile loop time: 62.4 ms
2026-07-01 21:43:21,798 - mazeUtils.moveTile - [moveTile.py:90] - DEBUG - [1109.918277] moveTile loop end practicalMoveTime=0.563 (+4.3 ms)
2026-07-01 21:43:21,799 - mazeUtils.moveTile - [moveTile.py:90] - DEBUG - [1109.918759] moveTile loop start (+0.5 ms)
2026-07-01 21:43:21,807 - picamera2.picamera2 - [picamera2.py:1391] - DEBUG - Execute job: <picamera2.job.Job object at 0x7f9eed9450>
2026-07-01 21:43:21,813 - mazeUtils.device.camera - [camera.py:39] - DEBUG - Average HSV: H=111.5, S=230.2, V=128.4
2026-07-01 21:43:21,819 - mazeUtils.moveTile - [moveTile.py:90] - DEBUG - [1109.938829] moveTile calculated motor speeds left=100 right=98 gyroSteer=-1.4400000000000546 wallSteer=3.1999999999999993 (+20.1 ms)
2026-07-01 21:43:21,843 - mazeUtils.moveTile - [moveTile.py:90] - DEBUG - [1109.963352] moveTile applied motor speed left=100 right=98 (+24.5 ms)
2026-07-01 21:43:21,847 - mazeUtils.moveTile - [moveTile.py:90] - DEBUG - [1109.967196] moveTile tile color check tempTileColor=L (+3.8 ms)
2026-07-01 21:43:21,848 - mazeUtils.moveTile - [moveTile.py:90] - DEBUG - [1109.968112] moveTile obstacle check escapeFlag=False (+0.9 ms)
2026-07-01 21:43:21,856 - mazeUtils.moveTile - [moveTile.py:90] - DEBUG - [1109.975821] moveTile ramp check isBigRamp=False (+7.7 ms)
2026-07-01 21:43:21,857 - mazeUtils.moveTile - [moveTile.py:79] - DEBUG - roll: 0.19999999999998863 deg, practicalMoveTime: 0.6227335547326575 sec
2026-07-01 21:43:21,858 - mazeUtils.moveTile - [moveTile.py:2275] - DEBUG - moveTile loop time: 58.9 ms
2026-07-01 21:43:21,858 - mazeUtils.moveTile - [moveTile.py:90] - DEBUG - [1109.978535] moveTile loop end practicalMoveTime=0.623 (+2.7 ms)
2026-07-01 21:43:21,859 - mazeUtils.moveTile - [moveTile.py:90] - DEBUG - [1109.979064] moveTile loop start (+0.5 ms)
2026-07-01 21:43:21,867 - picamera2.picamera2 - [picamera2.py:1391] - DEBUG - Execute job: <picamera2.job.Job object at 0x7f9ef37490>
2026-07-01 21:43:21,873 - mazeUtils.device.camera - [camera.py:39] - DEBUG - Average HSV: H=111.4, S=232.3, V=130.1
2026-07-01 21:43:21,881 - mazeUtils.moveTile - [moveTile.py:90] - DEBUG - [1110.000738] moveTile calculated motor speeds left=100 right=92 gyroSteer=3.480000000000018 wallSteer=3.6000000000000014 (+21.7 ms)
2026-07-01 21:43:21,901 - mazeUtils.moveTile - [moveTile.py:90] - DEBUG - [1110.021206] moveTile applied motor speed left=100 right=92 (+20.5 ms)
2026-07-01 21:43:21,906 - mazeUtils.moveTile - [moveTile.py:90] - DEBUG - [1110.026077] moveTile tile color check tempTileColor=L (+4.9 ms)
2026-07-01 21:43:21,907 - mazeUtils.moveTile - [moveTile.py:90] - DEBUG - [1110.027382] moveTile obstacle check escapeFlag=False (+1.3 ms)
2026-07-01 21:43:21,911 - mazeUtils.moveTile - [moveTile.py:90] - DEBUG - [1110.031532] moveTile ramp check isBigRamp=False (+4.1 ms)
2026-07-01 21:43:21,913 - mazeUtils.moveTile - [moveTile.py:79] - DEBUG - roll: 359.21 deg, practicalMoveTime: 0.6779386586919623 sec
2026-07-01 21:43:21,914 - mazeUtils.moveTile - [moveTile.py:2275] - DEBUG - moveTile loop time: 54.6 ms
2026-07-01 21:43:21,914 - mazeUtils.moveTile - [moveTile.py:90] - DEBUG - [1110.034263] moveTile loop end practicalMoveTime=0.678 (+2.7 ms)
2026-07-01 21:43:21,914 - mazeUtils.moveTile - [moveTile.py:90] - DEBUG - [1110.034683] moveTile loop start (+0.4 ms)
2026-07-01 21:43:21,922 - picamera2.picamera2 - [picamera2.py:1391] - DEBUG - Execute job: <picamera2.job.Job object at 0x7f9eed9450>
2026-07-01 21:43:21,930 - mazeUtils.device.camera - [camera.py:39] - DEBUG - Average HSV: H=111.7, S=229.5, V=134.4
2026-07-01 21:43:21,937 - mazeUtils.moveTile - [moveTile.py:90] - DEBUG - [1110.057497] moveTile calculated motor speeds left=100 right=92 gyroSteer=3.9600000000000364 wallSteer=3.6000000000000014 (+22.8 ms)
2026-07-01 21:43:21,957 - mazeUtils.moveTile - [moveTile.py:90] - DEBUG - [1110.076722] moveTile applied motor speed left=100 right=92 (+19.2 ms)
2026-07-01 21:43:21,962 - mazeUtils.moveTile - [moveTile.py:90] - DEBUG - [1110.082172] moveTile tile color check tempTileColor=L (+5.4 ms)
2026-07-01 21:43:21,963 - mazeUtils.moveTile - [moveTile.py:90] - DEBUG - [1110.082875] moveTile obstacle check escapeFlag=False (+0.7 ms)
2026-07-01 21:43:21,972 - mazeUtils.moveTile - [moveTile.py:90] - DEBUG - [1110.092552] moveTile ramp check isBigRamp=False (+9.7 ms)
2026-07-01 21:43:21,973 - mazeUtils.moveTile - [moveTile.py:79] - DEBUG - roll: 359.05 deg, practicalMoveTime: 0.7377365464904492 sec
2026-07-01 21:43:21,974 - mazeUtils.moveTile - [moveTile.py:2275] - DEBUG - moveTile loop time: 59.5 ms
2026-07-01 21:43:21,975 - mazeUtils.moveTile - [moveTile.py:90] - DEBUG - [1110.094792] moveTile loop end practicalMoveTime=0.738 (+2.2 ms)
2026-07-01 21:43:21,975 - mazeUtils.moveTile - [moveTile.py:90] - DEBUG - [1110.095328] moveTile loop start (+0.5 ms)
2026-07-01 21:43:21,986 - picamera2.picamera2 - [picamera2.py:1391] - DEBUG - Execute job: <picamera2.job.Job object at 0x7f95ade650>
2026-07-01 21:43:21,992 - mazeUtils.device.camera - [camera.py:39] - DEBUG - Average HSV: H=110.4, S=236.9, V=159.9
2026-07-01 21:43:21,998 - mazeUtils.moveTile - [moveTile.py:90] - DEBUG - [1110.118437] moveTile calculated motor speeds left=100 right=90 gyroSteer=5.319999999999936 wallSteer=4.0 (+23.1 ms)
2026-07-01 21:43:22,018 - mazeUtils.moveTile - [moveTile.py:90] - DEBUG - [1110.138123] moveTile applied motor speed left=100 right=90 (+19.7 ms)
2026-07-01 21:43:22,022 - mazeUtils.moveTile - [moveTile.py:90] - DEBUG - [1110.142227] moveTile tile color check tempTileColor=L (+4.1 ms)
2026-07-01 21:43:22,023 - mazeUtils.moveTile - [moveTile.py:90] - DEBUG - [1110.142934] moveTile obstacle check escapeFlag=False (+0.7 ms)
2026-07-01 21:43:22,030 - mazeUtils.moveTile - [moveTile.py:90] - DEBUG - [1110.150641] moveTile ramp check isBigRamp=False (+7.7 ms)
2026-07-01 21:43:22,032 - mazeUtils.moveTile - [moveTile.py:79] - DEBUG - roll: 358.94 deg, practicalMoveTime: 0.7953581766748138 sec
2026-07-01 21:43:22,033 - mazeUtils.moveTile - [moveTile.py:2275] - DEBUG - moveTile loop time: 57.3 ms
2026-07-01 21:43:22,033 - mazeUtils.moveTile - [moveTile.py:90] - DEBUG - [1110.153526] moveTile loop end practicalMoveTime=0.795 (+2.9 ms)
2026-07-01 21:43:22,034 - mazeUtils.moveTile - [moveTile.py:90] - DEBUG - [1110.154144] moveTile loop start (+0.6 ms)
2026-07-01 21:43:22,042 - picamera2.picamera2 - [picamera2.py:1391] - DEBUG - Execute job: <picamera2.job.Job object at 0x7f9f23c290>
2026-07-01 21:43:22,049 - mazeUtils.device.camera - [camera.py:39] - DEBUG - Average HSV: H=109.6, S=241.3, V=177.7
2026-07-01 21:43:22,055 - mazeUtils.moveTile - [moveTile.py:90] - DEBUG - [1110.175169] moveTile calculated motor speeds left=100 right=96 gyroSteer=-0.4800000000000182 wallSteer=3.6000000000000014 (+21.0 ms)
2026-07-01 21:43:22,079 - mazeUtils.moveTile - [moveTile.py:90] - DEBUG - [1110.199292] moveTile applied motor speed left=100 right=96 (+24.1 ms)
2026-07-01 21:43:22,083 - mazeUtils.moveTile - [moveTile.py:90] - DEBUG - [1110.203135] moveTile tile color check tempTileColor=L (+3.8 ms)
2026-07-01 21:43:22,084 - mazeUtils.moveTile - [moveTile.py:90] - DEBUG - [1110.204410] moveTile obstacle check escapeFlag=False (+1.3 ms)
2026-07-01 21:43:22,091 - mazeUtils.moveTile - [moveTile.py:90] - DEBUG - [1110.210764] moveTile ramp check isBigRamp=False (+6.4 ms)
2026-07-01 21:43:22,092 - mazeUtils.moveTile - [moveTile.py:79] - DEBUG - roll: 0.4300000000000068 deg, practicalMoveTime: 0.8546752870532859 sec
2026-07-01 21:43:22,095 - mazeUtils.moveTile - [moveTile.py:2275] - DEBUG - moveTile loop time: 59.4 ms
2026-07-01 21:43:22,096 - mazeUtils.moveTile - [moveTile.py:90] - DEBUG - [1110.216569] moveTile loop end practicalMoveTime=0.855 (+5.8 ms)
2026-07-01 21:43:22,098 - mazeUtils.moveTile - [moveTile.py:90] - DEBUG - [1110.218113] moveTile loop start (+1.5 ms)
2026-07-01 21:43:22,105 - picamera2.picamera2 - [picamera2.py:1391] - DEBUG - Execute job: <picamera2.job.Job object at 0x7fa00af310>
2026-07-01 21:43:22,113 - mazeUtils.device.camera - [camera.py:39] - DEBUG - Average HSV: H=110.4, S=239.1, V=160.8
2026-07-01 21:43:22,121 - mazeUtils.moveTile - [moveTile.py:90] - DEBUG - [1110.241021] moveTile calculated motor speeds left=100 right=91 gyroSteer=3.480000000000018 wallSteer=5.199999999999999 (+22.9 ms)
2026-07-01 21:43:22,146 - mazeUtils.moveTile - [moveTile.py:90] - DEBUG - [1110.266538] moveTile applied motor speed left=100 right=91 (+25.5 ms)
2026-07-01 21:43:22,150 - mazeUtils.moveTile - [moveTile.py:90] - DEBUG - [1110.270534] moveTile tile color check tempTileColor=L (+4.0 ms)
2026-07-01 21:43:22,152 - mazeUtils.moveTile - [moveTile.py:90] - DEBUG - [1110.272350] moveTile obstacle check escapeFlag=False (+1.8 ms)
2026-07-01 21:43:22,158 - mazeUtils.moveTile - [moveTile.py:90] - DEBUG - [1110.277995] moveTile ramp check isBigRamp=False (+5.6 ms)
2026-07-01 21:43:22,159 - mazeUtils.moveTile - [moveTile.py:2113] - INFO - practicalVerticalMove: -0.30221981817947463 CM
2026-07-01 21:43:22,182 - mazeUtils.moveTile - [moveTile.py:90] - DEBUG - [1110.302153] moveTile finished by time control (+24.2 ms)
2026-07-01 21:43:22,183 - mazeUtils.moveTile - [moveTile.py:90] - DEBUG - [1110.302918] moveTile start final forward adjustment (+24.9 ms)
2026-07-01 21:43:22,213 - mazeUtils.moveTile - [moveTile.py:90] - DEBUG - [1110.333510] moveTile finished final forward adjustment (+30.6 ms)
2026-07-01 21:43:22,214 - mazeUtils.moveTile - [moveTile.py:2504] - INFO - Set moved vertical distance: -0.30221981817947463 cm, past distances: [(0, False), (0, False), (0, False)]
2026-07-01 21:43:22,215 - mazeUtils.moveTile - [moveTile.py:90] - DEBUG - [1110.334684] moveTile updated moved vertical distance -0.302 (+1.2 ms)
2026-07-01 21:43:22,362 - mazeUtils.moveTile - [moveTile.py:570] - DEBUG - Direction: absDirection.NORTH, Angle: 0, Distance: 37.34798373617301 cm
2026-07-01 21:43:22,364 - mazeUtils.moveTile - [moveTile.py:580] - INFO - angle: 0, result: judgeWallResult.NO_WALL
2026-07-01 21:43:22,366 - mazeUtils.moveTile - [moveTile.py:570] - DEBUG - Direction: absDirection.EAST, Angle: 270, Distance: 77.95832207382873 cm
2026-07-01 21:43:22,367 - mazeUtils.moveTile - [moveTile.py:570] - DEBUG - Direction: absDirection.SOUTH, Angle: 180, Distance: 55.83140768573543 cm
2026-07-01 21:43:22,369 - mazeUtils.moveTile - [moveTile.py:570] - DEBUG - Direction: absDirection.WEST, Angle: 90, Distance: 16.240395949604466 cm
2026-07-01 21:43:22,370 - mazeUtils.moveTile - [moveTile.py:90] - DEBUG - [1110.490355] moveTile updated map and detected walls (+155.7 ms)
2026-07-01 21:43:22,373 - mazeUtils.moveTile - [moveTile.py:2669] - INFO - Tile color detection, decided tile type: L
2026-07-01 21:43:22,374 - mazeUtils.moveTile - [moveTile.py:2679] - INFO - Moved to (20, 19, 0), Tile type: L, Wall types: {<absDirection.NORTH: 0>: <wallType.NO_WALL: 1>, <absDirection.EAST: 270>: <wallType.NO_WALL: 1>, <absDirection.SOUTH: 180>: <wallType.NO_WALL: 1>, <absDirection.WEST: 90>: <wallType.WALL: 2>}
2026-07-01 21:43:22,375 - mazeUtils.moveTile - [moveTile.py:90] - DEBUG - [1110.495114] moveTile finished (+160.4 ms)
2026-07-01 21:43:22,418 - mazeUtils.moveTile - [moveTile.py:2708] - INFO - (None, 1)
2026-07-01 21:43:22,438 - __main__ - [main.py:110] - INFO - Current position: (20, 19, 0), front direction: absDirection.NORTH
Layer 0 (altitude=0.0cm, offset=(0.0cm, 0.0cm)):
Known map area: x=20..20, y=19..20
+   +
| @  
+   +
| S |
+---+
2026-07-01 21:43:22,446 - __main__ - [main.py:135] - INFO - U-shaped unexplored tile detected in direction absDirection.NORTH. Prioritizing this tile.
2026-07-01 21:43:22,447 - mazeUtils.mazeMap - [mazeMap.py:61] - INFO - next goal: (20, 20, 0)
2026-07-01 21:43:22,448 - mazeUtils.moveTile - [moveTile.py:88] - DEBUG - [1110.568337] moveTile start direction=absDirection.NORTH position=(20, 19, 0) front=absDirection.NORTH
2026-07-01 21:43:22,453 - mazeUtils.moveTile - [moveTile.py:90] - DEBUG - [1110.572959] moveTile after initial toggle check (+4.6 ms)
2026-07-01 21:43:22,455 - mazeUtils.moveTile - [moveTile.py:90] - DEBUG - [1110.575085] moveTile after tile checks isRedTile=False isUnknownTileAhead=True (+2.1 ms)
2026-07-01 21:43:22,455 - mazeUtils.moveTile - [moveTile.py:79] - DEBUG - Moving to absDirection.NORTH from (20, 19, 0) facing absDirection.NORTH
2026-07-01 21:43:22,456 - mazeUtils.moveTile - [moveTile.py:90] - DEBUG - [1110.576162] moveTile start heading change target=0 (+1.1 ms)
2026-07-01 21:43:22,486 - mazeUtils.moveTile - [moveTile.py:79] - DEBUG - current heading: 359.53 target: 0
2026-07-01 21:43:22,505 - mazeUtils.moveTile - [moveTile.py:441] - DEBUG - stopped turning at heading: 359.53, diff: 0.4700000000000273
2026-07-01 21:43:22,551 - mazeUtils.moveTile - [moveTile.py:79] - DEBUG - Turned to heading: 359.43 deg
2026-07-01 21:43:22,552 - mazeUtils.moveTile - [moveTile.py:90] - DEBUG - [1110.672530] moveTile finished heading change (+96.4 ms)
2026-07-01 21:43:22,553 - mazeUtils.moveTile - [moveTile.py:90] - DEBUG - [1110.673126] Adjustment after ramp completed (+0.6 ms)
2026-07-01 21:43:22,554 - mazeUtils.moveTile - [moveTile.py:90] - DEBUG - [1110.673858] moveTile updated front direction (+0.7 ms)
2026-07-01 21:43:22,574 - mazeUtils.moveTile - [moveTile.py:90] - DEBUG - [1110.694521] moveTile stopped motors before alignment (+20.7 ms)
2026-07-01 21:43:22,729 - mazeUtils.moveTile - [moveTile.py:570] - DEBUG - Direction: absDirection.NORTH, Angle: 0, Distance: 36.71078370578854 cm
2026-07-01 21:43:22,731 - mazeUtils.moveTile - [moveTile.py:570] - DEBUG - Direction: absDirection.EAST, Angle: 270, Distance: 77.75260939198442 cm
2026-07-01 21:43:22,733 - mazeUtils.moveTile - [moveTile.py:570] - DEBUG - Direction: absDirection.SOUTH, Angle: 180, Distance: 55.3068563977318 cm
2026-07-01 21:43:22,735 - mazeUtils.moveTile - [moveTile.py:570] - DEBUG - Direction: absDirection.WEST, Angle: 90, Distance: 16.240395949604466 cm
2026-07-01 21:43:22,736 - mazeUtils.moveTile - [moveTile.py:90] - DEBUG - [1110.855869] moveTile start position adjustment using LiDAR for back wall. (+161.3 ms)
2026-07-01 21:43:22,757 - mazeUtils.moveTile - [moveTile.py:79] - DEBUG - Little backward to adjust position
2026-07-01 21:43:23,214 - mazeUtils.moveTile - [moveTile.py:90] - DEBUG - [1111.334137] moveTile finished backward adjustment (+478.3 ms)
2026-07-01 21:43:23,290 - mazeUtils.moveTile - [moveTile.py:90] - DEBUG - [1111.409743] moveTile ready for forward move (+75.6 ms)
2026-07-01 21:43:23,320 - mazeUtils.moveTile - [moveTile.py:90] - DEBUG - [1111.440525] moveTile initialized movement targetSteps=1 (+30.8 ms)
2026-07-01 21:43:23,322 - mazeUtils.moveTile - [moveTile.py:90] - DEBUG - [1111.442447] moveTile loop start (+1.9 ms)
2026-07-01 21:43:23,331 - picamera2.picamera2 - [picamera2.py:1391] - DEBUG - Execute job: <picamera2.job.Job object at 0x7f872afed0>
2026-07-01 21:43:23,346 - mazeUtils.device.camera - [camera.py:39] - DEBUG - Average HSV: H=109.8, S=238.3, V=173.9
2026-07-01 21:43:23,355 - mazeUtils.moveTile - [moveTile.py:90] - DEBUG - [1111.475489] moveTile calculated motor speeds left=100 right=93 gyroSteer=0.9199999999999591 wallSteer=6.0 (+33.0 ms)
2026-07-01 21:43:23,378 - mazeUtils.moveTile - [moveTile.py:90] - DEBUG - [1111.497842] moveTile applied motor speed left=100 right=93 (+22.4 ms)
2026-07-01 21:43:23,384 - mazeUtils.moveTile - [moveTile.py:90] - DEBUG - [1111.503842] moveTile tile color check tempTileColor=L (+6.0 ms)
2026-07-01 21:43:23,385 - mazeUtils.moveTile - [moveTile.py:90] - DEBUG - [1111.505452] moveTile obstacle check escapeFlag=False (+1.6 ms)
2026-07-01 21:43:23,400 - mazeUtils.moveTile - [moveTile.py:90] - DEBUG - [1111.520585] moveTile ramp check isBigRamp=False (+15.1 ms)
2026-07-01 21:43:23,402 - mazeUtils.moveTile - [moveTile.py:79] - DEBUG - roll: 0.15999999999996817 deg, practicalMoveTime: 0.08119909097286888 sec
2026-07-01 21:43:23,403 - mazeUtils.moveTile - [moveTile.py:2275] - DEBUG - moveTile loop time: 80.3 ms
2026-07-01 21:43:23,403 - mazeUtils.moveTile - [moveTile.py:90] - DEBUG - [1111.523643] moveTile loop end practicalMoveTime=0.081 (+3.1 ms)
2026-07-01 21:43:23,404 - mazeUtils.moveTile - [moveTile.py:90] - DEBUG - [1111.524578] moveTile loop start (+0.9 ms)
2026-07-01 21:43:23,414 - picamera2.picamera2 - [picamera2.py:1391] - DEBUG - Execute job: <picamera2.job.Job object at 0x7f6aaa05d0>
2026-07-01 21:43:23,427 - mazeUtils.device.camera - [camera.py:39] - DEBUG - Average HSV: H=109.6, S=237.6, V=177.3
2026-07-01 21:43:23,434 - mazeUtils.moveTile - [moveTile.py:90] - DEBUG - [1111.553763] moveTile calculated motor speeds left=100 right=95 gyroSteer=0.8400000000000318 wallSteer=4.0 (+29.2 ms)
2026-07-01 21:43:23,453 - mazeUtils.moveTile - [moveTile.py:90] - DEBUG - [1111.573112] moveTile applied motor speed left=100 right=95 (+19.3 ms)
2026-07-01 21:43:23,459 - mazeUtils.moveTile - [moveTile.py:90] - DEBUG - [1111.578700] moveTile tile color check tempTileColor=L (+5.6 ms)
2026-07-01 21:43:23,460 - mazeUtils.moveTile - [moveTile.py:90] - DEBUG - [1111.580433] moveTile obstacle check escapeFlag=False (+1.7 ms)
2026-07-01 21:43:23,469 - mazeUtils.moveTile - [moveTile.py:90] - DEBUG - [1111.588976] moveTile ramp check isBigRamp=False (+8.5 ms)
2026-07-01 21:43:23,470 - mazeUtils.moveTile - [moveTile.py:79] - DEBUG - roll: 359.65999999999997 deg, practicalMoveTime: 0.14863340665306252 sec
2026-07-01 21:43:23,476 - mazeUtils.moveTile - [moveTile.py:2275] - DEBUG - moveTile loop time: 71.7 ms
2026-07-01 21:43:23,477 - mazeUtils.moveTile - [moveTile.py:90] - DEBUG - [1111.597422] moveTile loop end practicalMoveTime=0.149 (+8.4 ms)
2026-07-01 21:43:23,478 - mazeUtils.moveTile - [moveTile.py:90] - DEBUG - [1111.598247] moveTile loop start (+0.8 ms)
2026-07-01 21:43:23,491 - picamera2.picamera2 - [picamera2.py:1391] - DEBUG - Execute job: <picamera2.job.Job object at 0x7f9eee1a10>
2026-07-01 21:43:23,510 - mazeUtils.device.camera - [camera.py:39] - DEBUG - Average HSV: H=109.6, S=240.3, V=178.9
2026-07-01 21:43:23,516 - mazeUtils.moveTile - [moveTile.py:90] - DEBUG - [1111.635754] moveTile calculated motor speeds left=100 right=90 gyroSteer=4.279999999999973 wallSteer=5.199999999999999 (+37.5 ms)
2026-07-01 21:43:23,536 - mazeUtils.moveTile - [moveTile.py:90] - DEBUG - [1111.655734] moveTile applied motor speed left=100 right=90 (+20.0 ms)
2026-07-01 21:43:23,543 - mazeUtils.moveTile - [moveTile.py:90] - DEBUG - [1111.662949] moveTile tile color check tempTileColor=L (+7.2 ms)
2026-07-01 21:43:23,544 - mazeUtils.moveTile - [moveTile.py:90] - DEBUG - [1111.663859] moveTile obstacle check escapeFlag=False (+0.9 ms)
2026-07-01 21:43:23,554 - mazeUtils.moveTile - [moveTile.py:90] - DEBUG - [1111.674228] moveTile ramp check isBigRamp=False (+10.4 ms)
2026-07-01 21:43:23,556 - mazeUtils.moveTile - [moveTile.py:79] - DEBUG - roll: 358.24 deg, practicalMoveTime: 0.2280370005380612 sec
2026-07-01 21:43:23,564 - mazeUtils.moveTile - [moveTile.py:2275] - DEBUG - moveTile loop time: 86.1 ms
2026-07-01 21:43:23,566 - mazeUtils.moveTile - [moveTile.py:90] - DEBUG - [1111.685864] moveTile loop end practicalMoveTime=0.228 (+11.6 ms)
2026-07-01 21:43:23,567 - mazeUtils.moveTile - [moveTile.py:90] - DEBUG - [1111.687299] moveTile loop start (+1.4 ms)
2026-07-01 21:43:23,577 - picamera2.picamera2 - [picamera2.py:1391] - DEBUG - Execute job: <picamera2.job.Job object at 0x7f9f3089d0>
2026-07-01 21:43:23,590 - mazeUtils.device.camera - [camera.py:39] - DEBUG - Average HSV: H=111.2, S=240.7, V=141.6
2026-07-01 21:43:23,597 - mazeUtils.moveTile - [moveTile.py:90] - DEBUG - [1111.717315] moveTile calculated motor speeds left=100 right=92 gyroSteer=1.7200000000000273 wallSteer=5.600000000000001 (+30.0 ms)
2026-07-01 21:43:23,617 - mazeUtils.moveTile - [moveTile.py:90] - DEBUG - [1111.737164] moveTile applied motor speed left=100 right=92 (+19.8 ms)
2026-07-01 21:43:23,623 - mazeUtils.moveTile - [moveTile.py:90] - DEBUG - [1111.743232] moveTile tile color check tempTileColor=E (+6.1 ms)
2026-07-01 21:43:23,629 - mazeUtils.moveTile - [moveTile.py:90] - DEBUG - [1111.748706] moveTile obstacle check escapeFlag=False (+5.5 ms)
2026-07-01 21:43:23,646 - mazeUtils.moveTile - [moveTile.py:90] - DEBUG - [1111.766399] moveTile ramp check isBigRamp=False (+17.7 ms)
2026-07-01 21:43:23,654 - mazeUtils.moveTile - [moveTile.py:79] - DEBUG - roll: 359.9 deg, practicalMoveTime: 0.31748579313259406 sec
2026-07-01 21:43:23,656 - mazeUtils.moveTile - [moveTile.py:2275] - DEBUG - moveTile loop time: 88.5 ms
2026-07-01 21:43:23,659 - mazeUtils.moveTile - [moveTile.py:90] - DEBUG - [1111.778471] moveTile loop end practicalMoveTime=0.317 (+12.1 ms)
2026-07-01 21:43:23,662 - mazeUtils.moveTile - [moveTile.py:90] - DEBUG - [1111.782334] moveTile loop start (+3.9 ms)
2026-07-01 21:43:23,674 - picamera2.picamera2 - [picamera2.py:1391] - DEBUG - Execute job: <picamera2.job.Job object at 0x7f9eed9450>
2026-07-01 21:43:23,683 - mazeUtils.device.camera - [camera.py:39] - DEBUG - Average HSV: H=111.2, S=240.5, V=141.3
2026-07-01 21:43:23,690 - mazeUtils.moveTile - [moveTile.py:90] - DEBUG - [1111.810602] moveTile calculated motor speeds left=100 right=95 gyroSteer=-1.7999999999999545 wallSteer=6.0 (+28.3 ms)
2026-07-01 21:43:23,712 - mazeUtils.moveTile - [moveTile.py:90] - DEBUG - [1111.832455] moveTile applied motor speed left=100 right=95 (+21.9 ms)
2026-07-01 21:43:23,723 - mazeUtils.moveTile - [moveTile.py:90] - DEBUG - [1111.842756] moveTile tile color check tempTileColor=E (+10.3 ms)
2026-07-01 21:43:23,725 - mazeUtils.moveTile - [moveTile.py:90] - DEBUG - [1111.845387] moveTile obstacle check escapeFlag=False (+2.6 ms)
2026-07-01 21:43:23,734 - mazeUtils.moveTile - [moveTile.py:90] - DEBUG - [1111.854584] moveTile ramp check isBigRamp=False (+9.2 ms)
2026-07-01 21:43:23,737 - mazeUtils.moveTile - [moveTile.py:79] - DEBUG - roll: 0.2799999999999727 deg, practicalMoveTime: 0.3976754941469527 sec
2026-07-01 21:43:23,739 - mazeUtils.moveTile - [moveTile.py:2275] - DEBUG - moveTile loop time: 76.4 ms
2026-07-01 21:43:23,740 - mazeUtils.moveTile - [moveTile.py:90] - DEBUG - [1111.859738] moveTile loop end practicalMoveTime=0.398 (+5.2 ms)
2026-07-01 21:43:23,740 - mazeUtils.moveTile - [moveTile.py:90] - DEBUG - [1111.860452] moveTile loop start (+0.7 ms)
2026-07-01 21:43:23,746 - picamera2.picamera2 - [picamera2.py:1391] - DEBUG - Execute job: <picamera2.job.Job object at 0x7f9f3089d0>
2026-07-01 21:43:23,753 - mazeUtils.device.camera - [camera.py:39] - DEBUG - Average HSV: H=111.2, S=237.4, V=147.1
2026-07-01 21:43:23,759 - mazeUtils.moveTile - [moveTile.py:90] - DEBUG - [1111.879270] moveTile calculated motor speeds left=100 right=95 gyroSteer=-1.5199999999999818 wallSteer=6.0 (+18.8 ms)
2026-07-01 21:43:23,779 - mazeUtils.moveTile - [moveTile.py:90] - DEBUG - [1111.898702] moveTile applied motor speed left=100 right=95 (+19.4 ms)
2026-07-01 21:43:23,784 - mazeUtils.moveTile - [moveTile.py:90] - DEBUG - [1111.903971] moveTile tile color check tempTileColor=E (+5.3 ms)
2026-07-01 21:43:23,785 - mazeUtils.moveTile - [moveTile.py:90] - DEBUG - [1111.904887] moveTile obstacle check escapeFlag=False (+0.9 ms)
2026-07-01 21:43:23,795 - mazeUtils.moveTile - [moveTile.py:90] - DEBUG - [1111.914714] moveTile ramp check isBigRamp=False (+9.8 ms)
2026-07-01 21:43:23,796 - mazeUtils.moveTile - [moveTile.py:79] - DEBUG - roll: 0.6700000000000159 deg, practicalMoveTime: 0.4552362938240072 sec
2026-07-01 21:43:23,798 - mazeUtils.moveTile - [moveTile.py:2275] - DEBUG - moveTile loop time: 57.0 ms
2026-07-01 21:43:23,799 - mazeUtils.moveTile - [moveTile.py:90] - DEBUG - [1111.918733] moveTile loop end practicalMoveTime=0.455 (+4.0 ms)
2026-07-01 21:43:23,799 - mazeUtils.moveTile - [moveTile.py:90] - DEBUG - [1111.919373] moveTile loop start (+0.6 ms)
2026-07-01 21:43:23,805 - picamera2.picamera2 - [picamera2.py:1391] - DEBUG - Execute job: <picamera2.job.Job object at 0x7f6aaa05d0>
2026-07-01 21:43:23,811 - mazeUtils.device.camera - [camera.py:39] - DEBUG - Average HSV: H=111.1, S=237.9, V=154.5
2026-07-01 21:43:23,818 - mazeUtils.moveTile - [moveTile.py:90] - DEBUG - [1111.938064] moveTile calculated motor speeds left=100 right=98 gyroSteer=-4.1599999999998545 wallSteer=6.0 (+18.7 ms)
2026-07-01 21:43:23,843 - mazeUtils.moveTile - [moveTile.py:90] - DEBUG - [1111.962649] moveTile applied motor speed left=100 right=98 (+24.6 ms)
2026-07-01 21:43:23,848 - mazeUtils.moveTile - [moveTile.py:90] - DEBUG - [1111.968591] moveTile tile color check tempTileColor=L (+5.9 ms)
2026-07-01 21:43:23,849 - mazeUtils.moveTile - [moveTile.py:90] - DEBUG - [1111.969617] moveTile obstacle check escapeFlag=False (+1.0 ms)
2026-07-01 21:43:23,857 - mazeUtils.moveTile - [moveTile.py:90] - DEBUG - [1111.977015] moveTile ramp check isBigRamp=False (+7.4 ms)
2026-07-01 21:43:23,859 - mazeUtils.moveTile - [moveTile.py:79] - DEBUG - roll: 0.3499999999999659 deg, practicalMoveTime: 0.5165494942418775 sec
2026-07-01 21:43:23,860 - mazeUtils.moveTile - [moveTile.py:2275] - DEBUG - moveTile loop time: 60.3 ms
2026-07-01 21:43:23,861 - mazeUtils.moveTile - [moveTile.py:90] - DEBUG - [1111.980774] moveTile loop end practicalMoveTime=0.517 (+3.8 ms)
2026-07-01 21:43:23,863 - mazeUtils.moveTile - [moveTile.py:90] - DEBUG - [1111.982723] moveTile loop start (+1.9 ms)
2026-07-01 21:43:23,868 - picamera2.picamera2 - [picamera2.py:1391] - DEBUG - Execute job: <picamera2.job.Job object at 0x7f9efe9e50>
2026-07-01 21:43:23,875 - mazeUtils.device.camera - [camera.py:39] - DEBUG - Average HSV: H=110.6, S=243.1, V=165.0
2026-07-01 21:43:23,885 - mazeUtils.moveTile - [moveTile.py:90] - DEBUG - [1112.005287] moveTile calculated motor speeds left=100 right=99 gyroSteer=-5.240000000000009 wallSteer=5.600000000000001 (+22.6 ms)
2026-07-01 21:43:23,905 - mazeUtils.moveTile - [moveTile.py:90] - DEBUG - [1112.025128] moveTile applied motor speed left=100 right=99 (+19.8 ms)
2026-07-01 21:43:23,909 - mazeUtils.moveTile - [moveTile.py:90] - DEBUG - [1112.029279] moveTile tile color check tempTileColor=L (+4.2 ms)
2026-07-01 21:43:23,910 - mazeUtils.moveTile - [moveTile.py:90] - DEBUG - [1112.030057] moveTile obstacle check escapeFlag=False (+0.8 ms)
2026-07-01 21:43:23,916 - mazeUtils.moveTile - [moveTile.py:90] - DEBUG - [1112.036471] moveTile ramp check isBigRamp=False (+6.4 ms)
2026-07-01 21:43:23,917 - mazeUtils.moveTile - [moveTile.py:79] - DEBUG - roll: 358.94 deg, practicalMoveTime: 0.5742605160932637 sec
2026-07-01 21:43:23,918 - mazeUtils.moveTile - [moveTile.py:2275] - DEBUG - moveTile loop time: 55.5 ms
2026-07-01 21:43:23,919 - mazeUtils.moveTile - [moveTile.py:90] - DEBUG - [1112.038899] moveTile loop end practicalMoveTime=0.574 (+2.4 ms)
2026-07-01 21:43:23,919 - mazeUtils.moveTile - [moveTile.py:90] - DEBUG - [1112.039367] moveTile loop start (+0.5 ms)
2026-07-01 21:43:23,924 - picamera2.picamera2 - [picamera2.py:1391] - DEBUG - Execute job: <picamera2.job.Job object at 0x7f9f23c290>
2026-07-01 21:43:23,931 - mazeUtils.device.camera - [camera.py:39] - DEBUG - Average HSV: H=110.2, S=247.0, V=174.0
2026-07-01 21:43:23,938 - mazeUtils.moveTile - [moveTile.py:90] - DEBUG - [1112.057665] moveTile calculated motor speeds left=100 right=97 gyroSteer=-2.240000000000009 wallSteer=5.199999999999999 (+18.3 ms)
2026-07-01 21:43:23,958 - mazeUtils.moveTile - [moveTile.py:90] - DEBUG - [1112.077856] moveTile applied motor speed left=100 right=97 (+20.2 ms)
2026-07-01 21:43:23,962 - mazeUtils.moveTile - [moveTile.py:90] - DEBUG - [1112.081783] moveTile tile color check tempTileColor=L (+3.9 ms)
2026-07-01 21:43:23,962 - mazeUtils.moveTile - [moveTile.py:90] - DEBUG - [1112.082540] moveTile obstacle check escapeFlag=False (+0.8 ms)
2026-07-01 21:43:23,968 - mazeUtils.moveTile - [moveTile.py:90] - DEBUG - [1112.088216] moveTile ramp check isBigRamp=False (+5.7 ms)
2026-07-01 21:43:23,969 - mazeUtils.moveTile - [moveTile.py:79] - DEBUG - roll: 359.78 deg, practicalMoveTime: 0.6250821610239565 sec
2026-07-01 21:43:23,970 - mazeUtils.moveTile - [moveTile.py:2275] - DEBUG - moveTile loop time: 50.5 ms
2026-07-01 21:43:23,970 - mazeUtils.moveTile - [moveTile.py:90] - DEBUG - [1112.090600] moveTile loop end practicalMoveTime=0.625 (+2.4 ms)
2026-07-01 21:43:23,971 - mazeUtils.moveTile - [moveTile.py:90] - DEBUG - [1112.091071] moveTile loop start (+0.5 ms)
2026-07-01 21:43:23,980 - picamera2.picamera2 - [picamera2.py:1391] - DEBUG - Execute job: <picamera2.job.Job object at 0x7f9f308bd0>
2026-07-01 21:43:23,987 - mazeUtils.device.camera - [camera.py:39] - DEBUG - Average HSV: H=110.0, S=247.2, V=182.2
2026-07-01 21:43:23,993 - mazeUtils.moveTile - [moveTile.py:90] - DEBUG - [1112.113609] moveTile calculated motor speeds left=98 right=100 gyroSteer=-4.720000000000027 wallSteer=3.1999999999999993 (+22.5 ms)
2026-07-01 21:43:24,014 - mazeUtils.moveTile - [moveTile.py:90] - DEBUG - [1112.133949] moveTile applied motor speed left=98 right=100 (+20.3 ms)
2026-07-01 21:43:24,019 - mazeUtils.moveTile - [moveTile.py:90] - DEBUG - [1112.139152] moveTile tile color check tempTileColor=L (+5.2 ms)
2026-07-01 21:43:24,020 - mazeUtils.moveTile - [moveTile.py:90] - DEBUG - [1112.140160] moveTile obstacle check escapeFlag=False (+1.0 ms)
2026-07-01 21:43:24,026 - mazeUtils.moveTile - [moveTile.py:90] - DEBUG - [1112.145799] moveTile ramp check isBigRamp=False (+5.6 ms)
2026-07-01 21:43:24,027 - mazeUtils.moveTile - [moveTile.py:79] - DEBUG - roll: 358.93 deg, practicalMoveTime: 0.681916721757924 sec
2026-07-01 21:43:24,028 - mazeUtils.moveTile - [moveTile.py:2275] - DEBUG - moveTile loop time: 57.0 ms
2026-07-01 21:43:24,029 - mazeUtils.moveTile - [moveTile.py:90] - DEBUG - [1112.149120] moveTile loop end practicalMoveTime=0.682 (+3.3 ms)
2026-07-01 21:43:24,030 - mazeUtils.moveTile - [moveTile.py:90] - DEBUG - [1112.149816] moveTile loop start (+0.7 ms)
2026-07-01 21:43:24,035 - picamera2.picamera2 - [picamera2.py:1391] - DEBUG - Execute job: <picamera2.job.Job object at 0x7f9efe9e50>
2026-07-01 21:43:24,041 - mazeUtils.device.camera - [camera.py:39] - DEBUG - Average HSV: H=109.8, S=252.5, V=190.9
2026-07-01 21:43:24,047 - mazeUtils.moveTile - [moveTile.py:90] - DEBUG - [1112.167304] moveTile calculated motor speeds left=100 right=99 gyroSteer=-2.480000000000018 wallSteer=3.1999999999999993 (+17.5 ms)
2026-07-01 21:43:24,073 - mazeUtils.moveTile - [moveTile.py:90] - DEBUG - [1112.193292] moveTile applied motor speed left=100 right=99 (+26.0 ms)
2026-07-01 21:43:24,077 - mazeUtils.moveTile - [moveTile.py:90] - DEBUG - [1112.197303] moveTile tile color check tempTileColor=L (+4.0 ms)
2026-07-01 21:43:24,079 - mazeUtils.moveTile - [moveTile.py:90] - DEBUG - [1112.199021] moveTile obstacle check escapeFlag=False (+1.7 ms)
2026-07-01 21:43:24,084 - mazeUtils.moveTile - [moveTile.py:90] - DEBUG - [1112.203869] moveTile ramp check isBigRamp=False (+4.8 ms)
2026-07-01 21:43:24,085 - mazeUtils.moveTile - [moveTile.py:79] - DEBUG - roll: 359.92 deg, practicalMoveTime: 0.7386722091891336 sec
2026-07-01 21:43:24,086 - mazeUtils.moveTile - [moveTile.py:2275] - DEBUG - moveTile loop time: 55.9 ms
2026-07-01 21:43:24,086 - mazeUtils.moveTile - [moveTile.py:90] - DEBUG - [1112.206422] moveTile loop end practicalMoveTime=0.739 (+2.6 ms)
2026-07-01 21:43:24,088 - mazeUtils.moveTile - [moveTile.py:90] - DEBUG - [1112.207740] moveTile loop start (+1.3 ms)
2026-07-01 21:43:24,093 - picamera2.picamera2 - [picamera2.py:1391] - DEBUG - Execute job: <picamera2.job.Job object at 0x7f9efaf5d0>
2026-07-01 21:43:24,099 - mazeUtils.device.camera - [camera.py:39] - DEBUG - Average HSV: H=109.3, S=254.5, V=203.6
2026-07-01 21:43:24,104 - mazeUtils.moveTile - [moveTile.py:90] - DEBUG - [1112.224317] moveTile calculated motor speeds left=99 right=100 gyroSteer=-3.8400000000001455 wallSteer=3.1999999999999993 (+16.6 ms)
2026-07-01 21:43:24,126 - mazeUtils.moveTile - [moveTile.py:90] - DEBUG - [1112.245905] moveTile applied motor speed left=99 right=100 (+21.6 ms)
2026-07-01 21:43:24,130 - mazeUtils.moveTile - [moveTile.py:90] - DEBUG - [1112.249872] moveTile tile color check tempTileColor=L (+4.0 ms)
2026-07-01 21:43:24,131 - mazeUtils.moveTile - [moveTile.py:90] - DEBUG - [1112.250778] moveTile obstacle check escapeFlag=False (+0.9 ms)
2026-07-01 21:43:24,135 - mazeUtils.moveTile - [moveTile.py:90] - DEBUG - [1112.255358] moveTile ramp check isBigRamp=False (+4.6 ms)
2026-07-01 21:43:24,137 - mazeUtils.moveTile - [moveTile.py:79] - DEBUG - roll: 359.51 deg, practicalMoveTime: 0.7895333767467072 sec
2026-07-01 21:43:24,138 - mazeUtils.moveTile - [moveTile.py:2275] - DEBUG - moveTile loop time: 50.4 ms
2026-07-01 21:43:24,139 - mazeUtils.moveTile - [moveTile.py:90] - DEBUG - [1112.259240] moveTile loop end practicalMoveTime=0.790 (+3.9 ms)
2026-07-01 21:43:24,141 - mazeUtils.moveTile - [moveTile.py:90] - DEBUG - [1112.260696] moveTile loop start (+1.5 ms)
2026-07-01 21:43:24,145 - picamera2.picamera2 - [picamera2.py:1391] - DEBUG - Execute job: <picamera2.job.Job object at 0x7f9eee1a10>
2026-07-01 21:43:24,153 - mazeUtils.device.camera - [camera.py:39] - DEBUG - Average HSV: H=110.0, S=254.9, V=196.4
2026-07-01 21:43:24,158 - mazeUtils.moveTile - [moveTile.py:90] - DEBUG - [1112.278130] moveTile calculated motor speeds left=100 right=93 gyroSteer=0.2799999999999727 wallSteer=6.0 (+17.4 ms)
2026-07-01 21:43:24,178 - mazeUtils.moveTile - [moveTile.py:90] - DEBUG - [1112.297844] moveTile applied motor speed left=100 right=93 (+19.7 ms)
2026-07-01 21:43:24,182 - mazeUtils.moveTile - [moveTile.py:90] - DEBUG - [1112.302104] moveTile tile color check tempTileColor=L (+4.3 ms)
2026-07-01 21:43:24,183 - mazeUtils.moveTile - [moveTile.py:90] - DEBUG - [1112.303568] moveTile obstacle check escapeFlag=False (+1.5 ms)
2026-07-01 21:43:24,190 - mazeUtils.moveTile - [moveTile.py:90] - DEBUG - [1112.310543] moveTile ramp check isBigRamp=False (+7.0 ms)
2026-07-01 21:43:24,210 - mazeUtils.moveTile - [moveTile.py:1004] - INFO - Moving backward before dropping rescue kit
2026-07-01 21:43:24,600 - mazeUtils.moveTile - [moveTile.py:1013] - INFO - Detected victim info ahead: {<Side.LEFT: 0>: <UnitVStatus.U_VICTIM: 1>, <Side.RIGHT: 1>: <UnitVStatus.NOTHING: 0>}
2026-07-01 21:43:29,747 - mazeUtils.moveTile - [moveTile.py:79] - DEBUG - Turning to 358.31 deg, current heading: 358.31 deg, turnAngle: 0.0 deg
2026-07-01 21:43:29,774 - mazeUtils.moveTile - [moveTile.py:79] - DEBUG - Turned to heading: 358.31 deg
2026-07-01 21:43:30,166 - mazeUtils.moveTile - [moveTile.py:79] - DEBUG - roll: 358.99 deg, practicalMoveTime: 0.7895333767467072 sec
2026-07-01 21:43:30,166 - mazeUtils.moveTile - [moveTile.py:2275] - DEBUG - moveTile loop time: 6025.7 ms
2026-07-01 21:43:30,167 - mazeUtils.moveTile - [moveTile.py:90] - DEBUG - [1118.286917] moveTile loop end practicalMoveTime=0.790 (+5976.4 ms)
2026-07-01 21:43:30,167 - mazeUtils.moveTile - [moveTile.py:90] - DEBUG - [1118.287285] moveTile loop start (+0.4 ms)
2026-07-01 21:43:30,175 - picamera2.picamera2 - [picamera2.py:1391] - DEBUG - Execute job: <picamera2.job.Job object at 0x7f6a01d410>
2026-07-01 21:43:30,181 - mazeUtils.device.camera - [camera.py:39] - DEBUG - Average HSV: H=112.9, S=253.3, V=167.8
2026-07-01 21:43:30,194 - mazeUtils.moveTile - [moveTile.py:90] - DEBUG - [1118.314263] moveTile calculated motor speeds left=100 right=97 gyroSteer=-1.8400000000001455 wallSteer=4.399999999999999 (+27.0 ms)
2026-07-01 21:43:30,220 - mazeUtils.moveTile - [moveTile.py:90] - DEBUG - [1118.340119] moveTile applied motor speed left=100 right=97 (+25.9 ms)
2026-07-01 21:43:30,223 - mazeUtils.moveTile - [moveTile.py:90] - DEBUG - [1118.343619] moveTile tile color check tempTileColor=L (+3.5 ms)
2026-07-01 21:43:30,225 - mazeUtils.moveTile - [moveTile.py:90] - DEBUG - [1118.344708] moveTile obstacle check escapeFlag=False (+1.1 ms)
2026-07-01 21:43:30,229 - mazeUtils.moveTile - [moveTile.py:90] - DEBUG - [1118.349276] moveTile ramp check isBigRamp=False (+4.6 ms)
2026-07-01 21:43:30,265 - mazeUtils.moveTile - [moveTile.py:90] - DEBUG - [1118.385468] moveTile finished by front distance control. Tof: 10.4, TSD10 : 2.3 (+36.2 ms)
2026-07-01 21:43:30,266 - mazeUtils.moveTile - [moveTile.py:90] - DEBUG - [1118.386035] moveTile start final forward adjustment (+36.8 ms)
2026-07-01 21:43:30,295 - mazeUtils.moveTile - [moveTile.py:79] - DEBUG - Little forward to adjust position
2026-07-01 21:43:30,370 - mazeUtils.moveTile - [moveTile.py:2311] - INFO - Final forward adjustment... Current dist:8.6
2026-07-01 21:43:30,391 - mazeUtils.moveTile - [moveTile.py:90] - DEBUG - [1118.511028] moveTile finished final forward adjustment (+125.0 ms)
2026-07-01 21:43:30,392 - mazeUtils.moveTile - [moveTile.py:2504] - INFO - Set moved vertical distance: -0.1563198321376847 cm, past distances: [(-0.30221981817947463, False), (0, False), (0, False)]
2026-07-01 21:43:30,392 - mazeUtils.moveTile - [moveTile.py:90] - DEBUG - [1118.512431] moveTile updated moved vertical distance -0.156 (+1.4 ms)
2026-07-01 21:43:30,549 - mazeUtils.moveTile - [moveTile.py:570] - DEBUG - Direction: absDirection.NORTH, Angle: 0, Distance: 11.779526201371969 cm
2026-07-01 21:43:30,552 - mazeUtils.moveTile - [moveTile.py:580] - INFO - angle: 0, result: judgeWallResult.WALL
2026-07-01 21:43:30,553 - mazeUtils.moveTile - [moveTile.py:583] - DEBUG - Front LiDAR distance: 11.779526201371969 cm, TSD10 distance: 2.2 cm
2026-07-01 21:43:30,554 - mazeUtils.moveTile - [moveTile.py:570] - DEBUG - Direction: absDirection.EAST, Angle: 270, Distance: 77.03969056642075 cm
2026-07-01 21:43:30,555 - mazeUtils.moveTile - [moveTile.py:570] - DEBUG - Direction: absDirection.SOUTH, Angle: 180, Distance: 79.96784059502366 cm
2026-07-01 21:43:30,556 - mazeUtils.moveTile - [moveTile.py:570] - DEBUG - Direction: absDirection.WEST, Angle: 90, Distance: 16.544769499256407 cm
2026-07-01 21:43:30,557 - mazeUtils.moveTile - [moveTile.py:90] - DEBUG - [1118.677113] moveTile updated map and detected walls (+164.7 ms)
2026-07-01 21:43:30,559 - mazeUtils.moveTile - [moveTile.py:2669] - INFO - Tile color detection, decided tile type: L
2026-07-01 21:43:30,560 - mazeUtils.moveTile - [moveTile.py:2679] - INFO - Moved to (20, 18, 0), Tile type: L, Wall types: {<absDirection.NORTH: 0>: <wallType.WALL: 2>, <absDirection.EAST: 270>: <wallType.NO_WALL: 1>, <absDirection.SOUTH: 180>: <wallType.NO_WALL: 1>, <absDirection.WEST: 90>: <wallType.WALL: 2>}
2026-07-01 21:43:30,560 - mazeUtils.moveTile - [moveTile.py:90] - DEBUG - [1118.680539] moveTile finished (+168.1 ms)
2026-07-01 21:43:30,607 - mazeUtils.moveTile - [moveTile.py:2708] - INFO - (0, 2)
2026-07-01 21:43:30,625 - __main__ - [main.py:110] - INFO - Current position: (20, 18, 0), front direction: absDirection.NORTH
Layer 0 (altitude=0.0cm, offset=(0.0cm, 0.0cm)):
Known map area: x=20..20, y=18..20
+---+
| @  
+   +
| L  
+   +
| S |
+---+
2026-07-01 21:43:30,632 - mazeUtils.mazeMap - [mazeMap.py:61] - INFO - next goal: (21, 18, 0)
2026-07-01 21:43:30,634 - mazeUtils.mazeMap - [mazeMap.py:61] - INFO - next goal: (20, 20, 0)
2026-07-01 21:43:30,635 - mazeUtils.moveTile - [moveTile.py:88] - DEBUG - [1118.755158] moveTile start direction=absDirection.EAST position=(20, 18, 0) front=absDirection.NORTH
2026-07-01 21:43:30,641 - mazeUtils.moveTile - [moveTile.py:90] - DEBUG - [1118.760777] moveTile after initial toggle check (+5.6 ms)
2026-07-01 21:43:30,643 - mazeUtils.moveTile - [moveTile.py:90] - DEBUG - [1118.763282] moveTile after tile checks isRedTile=False isUnknownTileAhead=True (+2.5 ms)
2026-07-01 21:43:30,644 - mazeUtils.moveTile - [moveTile.py:79] - DEBUG - Moving to absDirection.EAST from (20, 18, 0) facing absDirection.NORTH
2026-07-01 21:43:30,644 - mazeUtils.moveTile - [moveTile.py:90] - DEBUG - [1118.764508] moveTile start heading change target=270 (+1.2 ms)
2026-07-01 21:43:30,672 - mazeUtils.moveTile - [moveTile.py:79] - DEBUG - current heading: 359.57 target: 270
2026-07-01 21:43:31,793 - mazeUtils.moveTile - [moveTile.py:441] - DEBUG - stopped turning at heading: 275.21, diff: 5.2099999999999795
2026-07-01 21:43:31,845 - mazeUtils.moveTile - [moveTile.py:79] - DEBUG - Turned to heading: 270.87 deg
2026-07-01 21:43:31,846 - mazeUtils.moveTile - [moveTile.py:90] - DEBUG - [1119.965723] moveTile finished heading change (+1201.2 ms)
2026-07-01 21:43:31,847 - mazeUtils.moveTile - [moveTile.py:90] - DEBUG - [1119.966925] Adjustment after ramp completed (+1.2 ms)
2026-07-01 21:43:31,847 - mazeUtils.moveTile - [moveTile.py:90] - DEBUG - [1119.967603] moveTile updated front direction (+0.7 ms)
2026-07-01 21:43:31,868 - mazeUtils.moveTile - [moveTile.py:90] - DEBUG - [1119.987983] moveTile stopped motors before alignment (+20.4 ms)
2026-07-01 21:43:32,021 - mazeUtils.moveTile - [moveTile.py:570] - DEBUG - Direction: absDirection.NORTH, Angle: 90, Distance: 19.40925452509207 cm
2026-07-01 21:43:32,022 - mazeUtils.moveTile - [moveTile.py:570] - DEBUG - Direction: absDirection.EAST, Angle: 0, Distance: 73.37224723749439 cm
2026-07-01 21:43:32,024 - mazeUtils.moveTile - [moveTile.py:570] - DEBUG - Direction: absDirection.SOUTH, Angle: 270, Distance: 73.26325678749683 cm
2026-07-01 21:43:32,025 - mazeUtils.moveTile - [moveTile.py:570] - DEBUG - Direction: absDirection.WEST, Angle: 180, Distance: 23.354307735242987 cm
2026-07-01 21:43:32,026 - mazeUtils.moveTile - [moveTile.py:90] - DEBUG - [1120.145756] moveTile start position adjustment using LiDAR for back wall. (+157.8 ms)
2026-07-01 21:43:32,049 - mazeUtils.moveTile - [moveTile.py:79] - DEBUG - Little backward to adjust position
2026-07-01 21:43:32,284 - mazeUtils.moveTile - [moveTile.py:90] - DEBUG - [1120.404540] moveTile finished backward adjustment (+258.8 ms)
2026-07-01 21:43:32,367 - mazeUtils.moveTile - [moveTile.py:90] - DEBUG - [1120.486712] moveTile ready for forward move (+82.2 ms)
2026-07-01 21:43:32,399 - mazeUtils.moveTile - [moveTile.py:90] - DEBUG - [1120.519012] moveTile initialized movement targetSteps=1 (+32.3 ms)
2026-07-01 21:43:32,400 - mazeUtils.moveTile - [moveTile.py:90] - DEBUG - [1120.520524] moveTile loop start (+1.5 ms)
2026-07-01 21:43:32,407 - picamera2.picamera2 - [picamera2.py:1391] - DEBUG - Execute job: <picamera2.job.Job object at 0x7f95b07b50>
2026-07-01 21:43:32,415 - mazeUtils.device.camera - [camera.py:39] - DEBUG - Average HSV: H=109.8, S=241.9, V=162.2
2026-07-01 21:43:32,423 - mazeUtils.moveTile - [moveTile.py:90] - DEBUG - [1120.543407] moveTile calculated motor speeds left=96 right=100 gyroSteer=-1.1600000000000819 wallSteer=-2.3999999999999986 (+22.9 ms)
2026-07-01 21:43:32,448 - mazeUtils.moveTile - [moveTile.py:90] - DEBUG - [1120.567907] moveTile applied motor speed left=96 right=100 (+24.5 ms)
2026-07-01 21:43:32,455 - mazeUtils.moveTile - [moveTile.py:90] - DEBUG - [1120.575425] moveTile tile color check tempTileColor=L (+7.5 ms)
2026-07-01 21:43:32,456 - mazeUtils.moveTile - [moveTile.py:90] - DEBUG - [1120.576000] moveTile obstacle check escapeFlag=False (+0.6 ms)
2026-07-01 21:43:32,460 - mazeUtils.moveTile - [moveTile.py:90] - DEBUG - [1120.580266] moveTile ramp check isBigRamp=False (+4.3 ms)
2026-07-01 21:43:32,461 - mazeUtils.moveTile - [moveTile.py:79] - DEBUG - roll: 0.18000000000000682 deg, practicalMoveTime: 0.06190674749496434 sec
2026-07-01 21:43:32,461 - mazeUtils.moveTile - [moveTile.py:2275] - DEBUG - moveTile loop time: 61.0 ms
2026-07-01 21:43:32,462 - mazeUtils.moveTile - [moveTile.py:90] - DEBUG - [1120.581856] moveTile loop end practicalMoveTime=0.062 (+1.6 ms)
2026-07-01 21:43:32,462 - mazeUtils.moveTile - [moveTile.py:90] - DEBUG - [1120.582122] moveTile loop start (+0.3 ms)
2026-07-01 21:43:32,469 - picamera2.picamera2 - [picamera2.py:1391] - DEBUG - Execute job: <picamera2.job.Job object at 0x7f95b07b50>
2026-07-01 21:43:32,474 - mazeUtils.device.camera - [camera.py:39] - DEBUG - Average HSV: H=110.1, S=241.0, V=159.7
2026-07-01 21:43:32,479 - mazeUtils.moveTile - [moveTile.py:90] - DEBUG - [1120.598802] moveTile calculated motor speeds left=94 right=100 gyroSteer=-3.599999999999909 wallSteer=-2.0 (+16.7 ms)
2026-07-01 21:43:32,499 - mazeUtils.moveTile - [moveTile.py:90] - DEBUG - [1120.618739] moveTile applied motor speed left=94 right=100 (+19.9 ms)
2026-07-01 21:43:32,503 - mazeUtils.moveTile - [moveTile.py:90] - DEBUG - [1120.622771] moveTile tile color check tempTileColor=L (+4.0 ms)
2026-07-01 21:43:32,503 - mazeUtils.moveTile - [moveTile.py:90] - DEBUG - [1120.623336] moveTile obstacle check escapeFlag=False (+0.6 ms)
2026-07-01 21:43:32,510 - mazeUtils.moveTile - [moveTile.py:90] - DEBUG - [1120.629905] moveTile ramp check isBigRamp=False (+6.6 ms)
2026-07-01 21:43:32,511 - mazeUtils.moveTile - [moveTile.py:79] - DEBUG - roll: 0.9499999999999886 deg, practicalMoveTime: 0.11114724305150257 sec
2026-07-01 21:43:32,511 - mazeUtils.moveTile - [moveTile.py:2275] - DEBUG - moveTile loop time: 49.3 ms
2026-07-01 21:43:32,512 - mazeUtils.moveTile - [moveTile.py:90] - DEBUG - [1120.632103] moveTile loop end practicalMoveTime=0.111 (+2.2 ms)
2026-07-01 21:43:32,513 - mazeUtils.moveTile - [moveTile.py:90] - DEBUG - [1120.633599] moveTile loop start (+1.5 ms)
2026-07-01 21:43:32,523 - picamera2.picamera2 - [picamera2.py:1391] - DEBUG - Execute job: <picamera2.job.Job object at 0x7f9eea0910>
2026-07-01 21:43:32,527 - mazeUtils.device.camera - [camera.py:39] - DEBUG - Average HSV: H=110.9, S=237.9, V=140.9
2026-07-01 21:43:32,535 - mazeUtils.moveTile - [moveTile.py:90] - DEBUG - [1120.655561] moveTile calculated motor speeds left=100 right=99 gyroSteer=0.11999999999989086 wallSteer=0.0 (+22.0 ms)
2026-07-01 21:43:32,562 - mazeUtils.moveTile - [moveTile.py:90] - DEBUG - [1120.682075] moveTile applied motor speed left=100 right=99 (+26.5 ms)
2026-07-01 21:43:32,565 - mazeUtils.moveTile - [moveTile.py:90] - DEBUG - [1120.685618] moveTile tile color check tempTileColor=L (+3.5 ms)
2026-07-01 21:43:32,566 - mazeUtils.moveTile - [moveTile.py:90] - DEBUG - [1120.686097] moveTile obstacle check escapeFlag=False (+0.5 ms)
2026-07-01 21:43:32,570 - mazeUtils.moveTile - [moveTile.py:90] - DEBUG - [1120.690290] moveTile ramp check isBigRamp=False (+4.2 ms)
2026-07-01 21:43:32,571 - mazeUtils.moveTile - [moveTile.py:79] - DEBUG - roll: 359.9 deg, practicalMoveTime: 0.17068146367013978 sec
2026-07-01 21:43:32,571 - mazeUtils.moveTile - [moveTile.py:2275] - DEBUG - moveTile loop time: 57.9 ms
2026-07-01 21:43:32,572 - mazeUtils.moveTile - [moveTile.py:90] - DEBUG - [1120.691927] moveTile loop end practicalMoveTime=0.171 (+1.6 ms)
2026-07-01 21:43:32,572 - mazeUtils.moveTile - [moveTile.py:90] - DEBUG - [1120.692260] moveTile loop start (+0.3 ms)
2026-07-01 21:43:32,579 - picamera2.picamera2 - [picamera2.py:1391] - DEBUG - Execute job: <picamera2.job.Job object at 0x7f9efaf5d0>
2026-07-01 21:43:32,584 - mazeUtils.device.camera - [camera.py:39] - DEBUG - Average HSV: H=110.8, S=240.4, V=137.8
2026-07-01 21:43:32,590 - mazeUtils.moveTile - [moveTile.py:90] - DEBUG - [1120.709862] moveTile calculated motor speeds left=96 right=100 gyroSteer=-3.9600000000000364 wallSteer=0.0 (+17.6 ms)
2026-07-01 21:43:32,608 - mazeUtils.moveTile - [moveTile.py:90] - DEBUG - [1120.728586] moveTile applied motor speed left=96 right=100 (+18.7 ms)
2026-07-01 21:43:32,612 - mazeUtils.moveTile - [moveTile.py:90] - DEBUG - [1120.732118] moveTile tile color check tempTileColor=L (+3.5 ms)
2026-07-01 21:43:32,613 - mazeUtils.moveTile - [moveTile.py:90] - DEBUG - [1120.732930] moveTile obstacle check escapeFlag=False (+0.8 ms)
2026-07-01 21:43:32,618 - mazeUtils.moveTile - [moveTile.py:90] - DEBUG - [1120.738279] moveTile ramp check isBigRamp=False (+5.3 ms)
2026-07-01 21:43:32,619 - mazeUtils.moveTile - [moveTile.py:79] - DEBUG - roll: 0.30000000000001137 deg, practicalMoveTime: 0.21817713141949197 sec
2026-07-01 21:43:32,620 - mazeUtils.moveTile - [moveTile.py:2275] - DEBUG - moveTile loop time: 47.4 ms
2026-07-01 21:43:32,620 - mazeUtils.moveTile - [moveTile.py:90] - DEBUG - [1120.740300] moveTile loop end practicalMoveTime=0.218 (+2.0 ms)
2026-07-01 21:43:32,621 - mazeUtils.moveTile - [moveTile.py:90] - DEBUG - [1120.740700] moveTile loop start (+0.4 ms)
2026-07-01 21:43:32,628 - picamera2.picamera2 - [picamera2.py:1391] - DEBUG - Execute job: <picamera2.job.Job object at 0x7f6aaa05d0>
2026-07-01 21:43:32,633 - mazeUtils.device.camera - [camera.py:39] - DEBUG - Average HSV: H=110.7, S=237.8, V=135.8
2026-07-01 21:43:32,640 - mazeUtils.moveTile - [moveTile.py:90] - DEBUG - [1120.759878] moveTile calculated motor speeds left=93 right=100 gyroSteer=-4.639999999999873 wallSteer=-2.0 (+19.2 ms)
2026-07-01 21:43:32,660 - mazeUtils.moveTile - [moveTile.py:90] - DEBUG - [1120.780042] moveTile applied motor speed left=93 right=100 (+20.2 ms)
2026-07-01 21:43:32,663 - mazeUtils.moveTile - [moveTile.py:90] - DEBUG - [1120.783585] moveTile tile color check tempTileColor=E (+3.5 ms)
2026-07-01 21:43:32,664 - mazeUtils.moveTile - [moveTile.py:90] - DEBUG - [1120.784170] moveTile obstacle check escapeFlag=False (+0.6 ms)
2026-07-01 21:43:32,672 - mazeUtils.moveTile - [moveTile.py:90] - DEBUG - [1120.792083] moveTile ramp check isBigRamp=False (+7.9 ms)
2026-07-01 21:43:32,673 - mazeUtils.moveTile - [moveTile.py:79] - DEBUG - roll: 1.170000000000016 deg, practicalMoveTime: 0.2717765175306381 sec
2026-07-01 21:43:32,675 - mazeUtils.moveTile - [moveTile.py:2275] - DEBUG - moveTile loop time: 54.2 ms
2026-07-01 21:43:32,676 - mazeUtils.moveTile - [moveTile.py:90] - DEBUG - [1120.796085] moveTile loop end practicalMoveTime=0.272 (+4.0 ms)
2026-07-01 21:43:32,676 - mazeUtils.moveTile - [moveTile.py:90] - DEBUG - [1120.796623] moveTile loop start (+0.5 ms)
2026-07-01 21:43:32,683 - picamera2.picamera2 - [picamera2.py:1391] - DEBUG - Execute job: <picamera2.job.Job object at 0x7f6a01d410>
2026-07-01 21:43:32,688 - mazeUtils.device.camera - [camera.py:39] - DEBUG - Average HSV: H=110.8, S=236.8, V=129.4
2026-07-01 21:43:32,694 - mazeUtils.moveTile - [moveTile.py:90] - DEBUG - [1120.814108] moveTile calculated motor speeds left=100 right=96 gyroSteer=5.960000000000036 wallSteer=-2.0 (+17.5 ms)
2026-07-01 21:43:32,714 - mazeUtils.moveTile - [moveTile.py:90] - DEBUG - [1120.833995] moveTile applied motor speed left=100 right=96 (+19.9 ms)
2026-07-01 21:43:32,718 - mazeUtils.moveTile - [moveTile.py:90] - DEBUG - [1120.838313] moveTile tile color check tempTileColor=E (+4.3 ms)
2026-07-01 21:43:32,719 - mazeUtils.moveTile - [moveTile.py:90] - DEBUG - [1120.839375] moveTile obstacle check escapeFlag=False (+1.1 ms)
2026-07-01 21:43:32,726 - mazeUtils.moveTile - [moveTile.py:90] - DEBUG - [1120.845978] moveTile ramp check isBigRamp=False (+6.6 ms)
2026-07-01 21:43:32,727 - mazeUtils.moveTile - [moveTile.py:79] - DEBUG - roll: 0.5199999999999818 deg, practicalMoveTime: 0.3236926475328069 sec
2026-07-01 21:43:32,727 - mazeUtils.moveTile - [moveTile.py:2275] - DEBUG - moveTile loop time: 50.9 ms
2026-07-01 21:43:32,728 - mazeUtils.moveTile - [moveTile.py:90] - DEBUG - [1120.848178] moveTile loop end practicalMoveTime=0.324 (+2.2 ms)
2026-07-01 21:43:32,729 - mazeUtils.moveTile - [moveTile.py:90] - DEBUG - [1120.849216] moveTile loop start (+1.0 ms)
2026-07-01 21:43:32,736 - picamera2.picamera2 - [picamera2.py:1391] - DEBUG - Execute job: <picamera2.job.Job object at 0x7f95b07b50>
2026-07-01 21:43:32,741 - mazeUtils.device.camera - [camera.py:39] - DEBUG - Average HSV: H=110.6, S=237.8, V=130.1
2026-07-01 21:43:32,747 - mazeUtils.moveTile - [moveTile.py:90] - DEBUG - [1120.866791] moveTile calculated motor speeds left=99 right=100 gyroSteer=-0.9600000000000364 wallSteer=0.0 (+17.6 ms)
2026-07-01 21:43:32,768 - mazeUtils.moveTile - [moveTile.py:90] - DEBUG - [1120.887692] moveTile applied motor speed left=99 right=100 (+20.9 ms)
2026-07-01 21:43:32,771 - mazeUtils.moveTile - [moveTile.py:90] - DEBUG - [1120.891510] moveTile tile color check tempTileColor=E (+3.8 ms)
2026-07-01 21:43:32,773 - mazeUtils.moveTile - [moveTile.py:90] - DEBUG - [1120.892794] moveTile obstacle check escapeFlag=False (+1.3 ms)
2026-07-01 21:43:32,779 - mazeUtils.moveTile - [moveTile.py:90] - DEBUG - [1120.899578] moveTile ramp check isBigRamp=False (+6.8 ms)
2026-07-01 21:43:32,780 - mazeUtils.moveTile - [moveTile.py:79] - DEBUG - roll: 0.9800000000000182 deg, practicalMoveTime: 0.3764650785509729 sec
2026-07-01 21:43:32,781 - mazeUtils.moveTile - [moveTile.py:2275] - DEBUG - moveTile loop time: 51.7 ms
2026-07-01 21:43:32,781 - mazeUtils.moveTile - [moveTile.py:90] - DEBUG - [1120.901356] moveTile loop end practicalMoveTime=0.376 (+1.8 ms)
2026-07-01 21:43:32,782 - mazeUtils.moveTile - [moveTile.py:90] - DEBUG - [1120.901709] moveTile loop start (+0.4 ms)
2026-07-01 21:43:32,787 - picamera2.picamera2 - [picamera2.py:1391] - DEBUG - Execute job: <picamera2.job.Job object at 0x7f95b07990>
2026-07-01 21:43:32,792 - mazeUtils.device.camera - [camera.py:39] - DEBUG - Average HSV: H=110.5, S=238.7, V=133.0
2026-07-01 21:43:32,799 - mazeUtils.moveTile - [moveTile.py:90] - DEBUG - [1120.918947] moveTile calculated motor speeds left=100 right=92 gyroSteer=6.759999999999991 wallSteer=0.3999999999999986 (+17.2 ms)
2026-07-01 21:43:32,818 - mazeUtils.moveTile - [moveTile.py:90] - DEBUG - [1120.938092] moveTile applied motor speed left=100 right=92 (+19.1 ms)
2026-07-01 21:43:32,822 - mazeUtils.moveTile - [moveTile.py:90] - DEBUG - [1120.941882] moveTile tile color check tempTileColor=L (+3.8 ms)
2026-07-01 21:43:32,822 - mazeUtils.moveTile - [moveTile.py:90] - DEBUG - [1120.942537] moveTile obstacle check escapeFlag=False (+0.7 ms)
2026-07-01 21:43:32,828 - mazeUtils.moveTile - [moveTile.py:90] - DEBUG - [1120.948428] moveTile ramp check isBigRamp=False (+5.9 ms)
2026-07-01 21:43:32,829 - mazeUtils.moveTile - [moveTile.py:79] - DEBUG - roll: 1.099999999999966 deg, practicalMoveTime: 0.4248003045972742 sec
2026-07-01 21:43:32,830 - mazeUtils.moveTile - [moveTile.py:2275] - DEBUG - moveTile loop time: 48.1 ms
2026-07-01 21:43:32,831 - mazeUtils.moveTile - [moveTile.py:90] - DEBUG - [1120.950889] moveTile loop end practicalMoveTime=0.425 (+2.5 ms)
2026-07-01 21:43:32,831 - mazeUtils.moveTile - [moveTile.py:90] - DEBUG - [1120.951587] moveTile loop start (+0.7 ms)
2026-07-01 21:43:32,838 - picamera2.picamera2 - [picamera2.py:1391] - DEBUG - Execute job: <picamera2.job.Job object at 0x7f95b07c10>
2026-07-01 21:43:32,843 - mazeUtils.device.camera - [camera.py:39] - DEBUG - Average HSV: H=110.2, S=239.7, V=142.2
2026-07-01 21:43:32,849 - mazeUtils.moveTile - [moveTile.py:90] - DEBUG - [1120.969338] moveTile calculated motor speeds left=100 right=97 gyroSteer=4.1599999999998545 wallSteer=-1.6000000000000014 (+17.8 ms)
2026-07-01 21:43:32,869 - mazeUtils.moveTile - [moveTile.py:90] - DEBUG - [1120.988833] moveTile applied motor speed left=100 right=97 (+19.5 ms)
2026-07-01 21:43:32,872 - mazeUtils.moveTile - [moveTile.py:90] - DEBUG - [1120.992289] moveTile tile color check tempTileColor=E (+3.5 ms)
2026-07-01 21:43:32,873 - mazeUtils.moveTile - [moveTile.py:90] - DEBUG - [1120.992940] moveTile obstacle check escapeFlag=False (+0.7 ms)
2026-07-01 21:43:32,881 - mazeUtils.moveTile - [moveTile.py:90] - DEBUG - [1121.001571] moveTile ramp check isBigRamp=False (+8.6 ms)
2026-07-01 21:43:32,882 - mazeUtils.moveTile - [moveTile.py:79] - DEBUG - roll: 1.740000000000009 deg, practicalMoveTime: 0.4773809624771164 sec
2026-07-01 21:43:32,883 - mazeUtils.moveTile - [moveTile.py:2275] - DEBUG - moveTile loop time: 52.0 ms
2026-07-01 21:43:32,885 - mazeUtils.moveTile - [moveTile.py:90] - DEBUG - [1121.004824] moveTile loop end practicalMoveTime=0.477 (+3.3 ms)
2026-07-01 21:43:32,885 - mazeUtils.moveTile - [moveTile.py:90] - DEBUG - [1121.005529] moveTile loop start (+0.7 ms)
2026-07-01 21:43:32,893 - picamera2.picamera2 - [picamera2.py:1391] - DEBUG - Execute job: <picamera2.job.Job object at 0x7f9eeb6010>
2026-07-01 21:43:32,898 - mazeUtils.device.camera - [camera.py:39] - DEBUG - Average HSV: H=110.1, S=239.0, V=144.6
2026-07-01 21:43:32,903 - mazeUtils.moveTile - [moveTile.py:90] - DEBUG - [1121.023013] moveTile calculated motor speeds left=100 right=93 gyroSteer=6.599999999999909 wallSteer=0.0 (+17.5 ms)
2026-07-01 21:43:32,923 - mazeUtils.moveTile - [moveTile.py:90] - DEBUG - [1121.043361] moveTile applied motor speed left=100 right=93 (+20.3 ms)
2026-07-01 21:43:32,927 - mazeUtils.moveTile - [moveTile.py:90] - DEBUG - [1121.047156] moveTile tile color check tempTileColor=L (+3.8 ms)
2026-07-01 21:43:32,928 - mazeUtils.moveTile - [moveTile.py:90] - DEBUG - [1121.047701] moveTile obstacle check escapeFlag=False (+0.5 ms)
2026-07-01 21:43:32,933 - mazeUtils.moveTile - [moveTile.py:90] - DEBUG - [1121.052846] moveTile ramp check isBigRamp=False (+5.1 ms)
2026-07-01 21:43:32,933 - mazeUtils.moveTile - [moveTile.py:79] - DEBUG - roll: 0.39999999999997726 deg, practicalMoveTime: 0.5272252048555145 sec
2026-07-01 21:43:32,934 - mazeUtils.moveTile - [moveTile.py:2275] - DEBUG - moveTile loop time: 48.4 ms
2026-07-01 21:43:32,934 - mazeUtils.moveTile - [moveTile.py:90] - DEBUG - [1121.054293] moveTile loop end practicalMoveTime=0.527 (+1.4 ms)
2026-07-01 21:43:32,934 - mazeUtils.moveTile - [moveTile.py:90] - DEBUG - [1121.054563] moveTile loop start (+0.3 ms)
2026-07-01 21:43:32,945 - picamera2.picamera2 - [picamera2.py:1391] - DEBUG - Execute job: <picamera2.job.Job object at 0x7f95b07c10>
2026-07-01 21:43:32,951 - mazeUtils.device.camera - [camera.py:39] - DEBUG - Average HSV: H=110.3, S=237.0, V=143.1
2026-07-01 21:43:32,957 - mazeUtils.moveTile - [moveTile.py:90] - DEBUG - [1121.076993] moveTile calculated motor speeds left=100 right=95 gyroSteer=4.519999999999982 wallSteer=0.0 (+22.4 ms)
2026-07-01 21:43:32,978 - mazeUtils.moveTile - [moveTile.py:90] - DEBUG - [1121.097796] moveTile applied motor speed left=100 right=95 (+20.8 ms)
2026-07-01 21:43:32,981 - mazeUtils.moveTile - [moveTile.py:90] - DEBUG - [1121.101193] moveTile tile color check tempTileColor=E (+3.4 ms)
2026-07-01 21:43:32,981 - mazeUtils.moveTile - [moveTile.py:90] - DEBUG - [1121.101675] moveTile obstacle check escapeFlag=False (+0.5 ms)
2026-07-01 21:43:32,990 - mazeUtils.moveTile - [moveTile.py:90] - DEBUG - [1121.110389] moveTile ramp check isBigRamp=False (+8.7 ms)
2026-07-01 21:43:32,991 - mazeUtils.moveTile - [moveTile.py:1059] - DEBUG - Detected victim info during movement: {<Side.LEFT: 0>: <UnitVStatus.NOTHING: 0>, <Side.RIGHT: 1>: <UnitVStatus.R_VICTIM: 6>}
2026-07-01 21:43:32,991 - mazeUtils.moveTile - [moveTile.py:79] - DEBUG - roll: 1.079999999999984 deg, practicalMoveTime: 0.584786865316655 sec
2026-07-01 21:43:32,992 - mazeUtils.moveTile - [moveTile.py:2275] - DEBUG - moveTile loop time: 57.4 ms
2026-07-01 21:43:32,992 - mazeUtils.moveTile - [moveTile.py:90] - DEBUG - [1121.112369] moveTile loop end practicalMoveTime=0.585 (+2.0 ms)
2026-07-01 21:43:32,992 - mazeUtils.moveTile - [moveTile.py:90] - DEBUG - [1121.112637] moveTile loop start (+0.3 ms)
2026-07-01 21:43:32,998 - picamera2.picamera2 - [picamera2.py:1391] - DEBUG - Execute job: <picamera2.job.Job object at 0x7f872aff10>
2026-07-01 21:43:33,002 - mazeUtils.device.camera - [camera.py:39] - DEBUG - Average HSV: H=110.3, S=236.9, V=142.7
2026-07-01 21:43:33,008 - mazeUtils.moveTile - [moveTile.py:90] - DEBUG - [1121.128600] moveTile calculated motor speeds left=100 right=97 gyroSteer=2.3199999999999363 wallSteer=0.0 (+16.0 ms)
2026-07-01 21:43:33,029 - mazeUtils.moveTile - [moveTile.py:90] - DEBUG - [1121.148828] moveTile applied motor speed left=100 right=97 (+20.2 ms)
2026-07-01 21:43:33,034 - mazeUtils.moveTile - [moveTile.py:90] - DEBUG - [1121.153925] moveTile tile color check tempTileColor=L (+5.1 ms)
2026-07-01 21:43:33,034 - mazeUtils.moveTile - [moveTile.py:90] - DEBUG - [1121.154534] moveTile obstacle check escapeFlag=False (+0.6 ms)
2026-07-01 21:43:33,040 - mazeUtils.moveTile - [moveTile.py:90] - DEBUG - [1121.159817] moveTile ramp check isBigRamp=False (+5.3 ms)
2026-07-01 21:43:33,041 - mazeUtils.moveTile - [moveTile.py:1059] - DEBUG - Detected victim info during movement: {<Side.LEFT: 0>: <UnitVStatus.NOTHING: 0>, <Side.RIGHT: 1>: <UnitVStatus.R_VICTIM: 6>}
2026-07-01 21:43:33,041 - mazeUtils.moveTile - [moveTile.py:79] - DEBUG - roll: 0.029999999999972715 deg, practicalMoveTime: 0.6341166162450683 sec
2026-07-01 21:43:33,042 - mazeUtils.moveTile - [moveTile.py:2275] - DEBUG - moveTile loop time: 49.1 ms
2026-07-01 21:43:33,042 - mazeUtils.moveTile - [moveTile.py:90] - DEBUG - [1121.162155] moveTile loop end practicalMoveTime=0.634 (+2.3 ms)
2026-07-01 21:43:33,042 - mazeUtils.moveTile - [moveTile.py:90] - DEBUG - [1121.162456] moveTile loop start (+0.3 ms)
2026-07-01 21:43:33,051 - picamera2.picamera2 - [picamera2.py:1391] - DEBUG - Execute job: <picamera2.job.Job object at 0x7f872aff10>
2026-07-01 21:43:33,055 - mazeUtils.device.camera - [camera.py:39] - DEBUG - Average HSV: H=110.3, S=239.8, V=139.6
2026-07-01 21:43:33,063 - mazeUtils.moveTile - [moveTile.py:90] - DEBUG - [1121.183634] moveTile calculated motor speeds left=100 right=97 gyroSteer=2.5599999999999454 wallSteer=0.0 (+21.2 ms)
2026-07-01 21:43:33,089 - mazeUtils.moveTile - [moveTile.py:90] - DEBUG - [1121.209376] moveTile applied motor speed left=100 right=97 (+25.7 ms)
2026-07-01 21:43:33,094 - mazeUtils.moveTile - [moveTile.py:90] - DEBUG - [1121.213809] moveTile tile color check tempTileColor=L (+4.4 ms)
2026-07-01 21:43:33,095 - mazeUtils.moveTile - [moveTile.py:90] - DEBUG - [1121.214841] moveTile obstacle check escapeFlag=False (+1.0 ms)
2026-07-01 21:43:33,101 - mazeUtils.moveTile - [moveTile.py:90] - DEBUG - [1121.221190] moveTile ramp check isBigRamp=False (+6.3 ms)
2026-07-01 21:43:33,102 - mazeUtils.moveTile - [moveTile.py:79] - DEBUG - roll: 0.9300000000000068 deg, practicalMoveTime: 0.6946264322361173 sec
2026-07-01 21:43:33,103 - mazeUtils.moveTile - [moveTile.py:2275] - DEBUG - moveTile loop time: 60.6 ms
2026-07-01 21:43:33,104 - mazeUtils.moveTile - [moveTile.py:90] - DEBUG - [1121.223781] moveTile loop end practicalMoveTime=0.695 (+2.6 ms)
2026-07-01 21:43:33,104 - mazeUtils.moveTile - [moveTile.py:90] - DEBUG - [1121.224167] moveTile loop start (+0.4 ms)
2026-07-01 21:43:33,109 - picamera2.picamera2 - [picamera2.py:1391] - DEBUG - Execute job: <picamera2.job.Job object at 0x7f95b07b50>
2026-07-01 21:43:33,114 - mazeUtils.device.camera - [camera.py:39] - DEBUG - Average HSV: H=110.3, S=239.4, V=137.0
2026-07-01 21:43:33,120 - mazeUtils.moveTile - [moveTile.py:90] - DEBUG - [1121.240079] moveTile calculated motor speeds left=95 right=100 gyroSteer=-4.639999999999873 wallSteer=0.0 (+15.9 ms)
2026-07-01 21:43:33,140 - mazeUtils.moveTile - [moveTile.py:90] - DEBUG - [1121.260290] moveTile applied motor speed left=95 right=100 (+20.2 ms)
2026-07-01 21:43:33,144 - mazeUtils.moveTile - [moveTile.py:90] - DEBUG - [1121.264260] moveTile tile color check tempTileColor=L (+4.0 ms)
2026-07-01 21:43:33,145 - mazeUtils.moveTile - [moveTile.py:90] - DEBUG - [1121.264847] moveTile obstacle check escapeFlag=False (+0.6 ms)
2026-07-01 21:43:33,151 - mazeUtils.moveTile - [moveTile.py:90] - DEBUG - [1121.270710] moveTile ramp check isBigRamp=False (+5.9 ms)
2026-07-01 21:43:33,151 - mazeUtils.moveTile - [moveTile.py:79] - DEBUG - roll: 1.089999999999975 deg, practicalMoveTime: 0.7429742150501086 sec
2026-07-01 21:43:33,152 - mazeUtils.moveTile - [moveTile.py:2275] - DEBUG - moveTile loop time: 47.7 ms
2026-07-01 21:43:33,152 - mazeUtils.moveTile - [moveTile.py:90] - DEBUG - [1121.272381] moveTile loop end practicalMoveTime=0.743 (+1.7 ms)
2026-07-01 21:43:33,153 - mazeUtils.moveTile - [moveTile.py:90] - DEBUG - [1121.272709] moveTile loop start (+0.3 ms)
2026-07-01 21:43:33,159 - picamera2.picamera2 - [picamera2.py:1391] - DEBUG - Execute job: <picamera2.job.Job object at 0x7f6a01d410>
2026-07-01 21:43:33,164 - mazeUtils.device.camera - [camera.py:39] - DEBUG - Average HSV: H=110.5, S=240.6, V=133.0
2026-07-01 21:43:33,170 - mazeUtils.moveTile - [moveTile.py:90] - DEBUG - [1121.290542] moveTile calculated motor speeds left=96 right=100 gyroSteer=-3.7200000000000273 wallSteer=0.0 (+17.8 ms)
2026-07-01 21:43:33,197 - mazeUtils.moveTile - [moveTile.py:90] - DEBUG - [1121.317530] moveTile applied motor speed left=96 right=100 (+27.0 ms)
2026-07-01 21:43:33,201 - mazeUtils.moveTile - [moveTile.py:90] - DEBUG - [1121.320925] moveTile tile color check tempTileColor=L (+3.4 ms)
2026-07-01 21:43:33,201 - mazeUtils.moveTile - [moveTile.py:90] - DEBUG - [1121.321415] moveTile obstacle check escapeFlag=False (+0.5 ms)
2026-07-01 21:43:33,212 - mazeUtils.moveTile - [moveTile.py:90] - DEBUG - [1121.332248] moveTile ramp check isBigRamp=False (+10.8 ms)
2026-07-01 21:43:33,213 - mazeUtils.moveTile - [moveTile.py:79] - DEBUG - roll: 1.3000000000000114 deg, practicalMoveTime: 0.8039817435592831 sec
2026-07-01 21:43:33,213 - mazeUtils.moveTile - [moveTile.py:2275] - DEBUG - moveTile loop time: 60.8 ms
2026-07-01 21:43:33,214 - mazeUtils.moveTile - [moveTile.py:90] - DEBUG - [1121.333934] moveTile loop end practicalMoveTime=0.804 (+1.7 ms)
2026-07-01 21:43:33,214 - mazeUtils.moveTile - [moveTile.py:90] - DEBUG - [1121.334246] moveTile loop start (+0.3 ms)
2026-07-01 21:43:33,224 - picamera2.picamera2 - [picamera2.py:1391] - DEBUG - Execute job: <picamera2.job.Job object at 0x7f95b07950>
2026-07-01 21:43:33,229 - mazeUtils.device.camera - [camera.py:39] - DEBUG - Average HSV: H=110.3, S=242.7, V=146.3
2026-07-01 21:43:33,235 - mazeUtils.moveTile - [moveTile.py:90] - DEBUG - [1121.355016] moveTile calculated motor speeds left=93 right=100 gyroSteer=-6.960000000000036 wallSteer=0.0 (+20.8 ms)
2026-07-01 21:43:33,255 - mazeUtils.moveTile - [moveTile.py:90] - DEBUG - [1121.375430] moveTile applied motor speed left=93 right=100 (+20.4 ms)
2026-07-01 21:43:33,261 - mazeUtils.moveTile - [moveTile.py:90] - DEBUG - [1121.380697] moveTile tile color check tempTileColor=L (+5.3 ms)
2026-07-01 21:43:33,262 - mazeUtils.moveTile - [moveTile.py:90] - DEBUG - [1121.381986] moveTile obstacle check escapeFlag=False (+1.3 ms)
2026-07-01 21:43:33,267 - mazeUtils.moveTile - [moveTile.py:90] - DEBUG - [1121.386919] moveTile ramp check isBigRamp=False (+4.9 ms)
2026-07-01 21:43:33,267 - mazeUtils.moveTile - [moveTile.py:2113] - INFO - practicalVerticalMove: 0.4085733615869639 CM
2026-07-01 21:43:33,288 - mazeUtils.moveTile - [moveTile.py:90] - DEBUG - [1121.408078] moveTile finished by time control (+21.2 ms)
2026-07-01 21:43:33,289 - mazeUtils.moveTile - [moveTile.py:90] - DEBUG - [1121.408935] moveTile start final forward adjustment (+22.0 ms)
2026-07-01 21:43:33,315 - mazeUtils.moveTile - [moveTile.py:90] - DEBUG - [1121.435425] moveTile finished final forward adjustment (+26.5 ms)
2026-07-01 21:43:33,316 - mazeUtils.moveTile - [moveTile.py:2504] - INFO - Set moved vertical distance: 0.4085733615869639 cm, past distances: [(0, False), (0, False), (0, False)]
2026-07-01 21:43:33,317 - mazeUtils.moveTile - [moveTile.py:90] - DEBUG - [1121.436904] moveTile updated moved vertical distance 0.409 (+1.5 ms)
2026-07-01 21:43:33,460 - mazeUtils.moveTile - [moveTile.py:570] - DEBUG - Direction: absDirection.NORTH, Angle: 90, Distance: 109.10320248899919 cm
2026-07-01 21:43:33,461 - mazeUtils.moveTile - [moveTile.py:570] - DEBUG - Direction: absDirection.EAST, Angle: 0, Distance: 47.7486880677655 cm
2026-07-01 21:43:33,463 - mazeUtils.moveTile - [moveTile.py:580] - INFO - angle: 0, result: judgeWallResult.RIGHT_OBSTACLE
2026-07-01 21:43:33,464 - mazeUtils.moveTile - [moveTile.py:570] - DEBUG - Direction: absDirection.SOUTH, Angle: 270, Distance: 70.90615821687898 cm
2026-07-01 21:43:33,465 - mazeUtils.moveTile - [moveTile.py:570] - DEBUG - Direction: absDirection.WEST, Angle: 180, Distance: 48.97244381451329 cm
2026-07-01 21:43:33,466 - mazeUtils.moveTile - [moveTile.py:90] - DEBUG - [1121.585778] moveTile updated map and detected walls (+148.9 ms)
2026-07-01 21:43:33,468 - mazeUtils.moveTile - [moveTile.py:2669] - INFO - Tile color detection, decided tile type: L
2026-07-01 21:43:33,469 - mazeUtils.moveTile - [moveTile.py:2679] - INFO - Moved to (21, 18, 0), Tile type: L, Wall types: {<absDirection.NORTH: 0>: <wallType.NO_WALL: 1>, <absDirection.EAST: 270>: <wallType.NO_WALL: 1>, <absDirection.SOUTH: 180>: <wallType.NO_WALL: 1>, <absDirection.WEST: 90>: <wallType.NO_WALL: 1>}
2026-07-01 21:43:33,470 - mazeUtils.moveTile - [moveTile.py:90] - DEBUG - [1121.590143] moveTile finished (+153.2 ms)
2026-07-01 21:43:33,510 - mazeUtils.moveTile - [moveTile.py:2708] - INFO - (None, 1)
2026-07-01 21:43:33,532 - __main__ - [main.py:110] - INFO - Current position: (21, 18, 0), front direction: absDirection.EAST
Layer 0 (altitude=0.0cm, offset=(0.0cm, 0.0cm)):
Known map area: x=20..21, y=18..20
+---+   +
| L   @  
+   +   +
| L   U  
+   +   +
| S | U  
+---+   +
2026-07-01 21:43:33,540 - mazeUtils.mazeMap - [mazeMap.py:61] - INFO - next goal: (22, 18, 0)
2026-07-01 21:43:33,542 - mazeUtils.mazeMap - [mazeMap.py:61] - INFO - next goal: (20, 20, 0)
2026-07-01 21:43:33,542 - mazeUtils.moveTile - [moveTile.py:88] - DEBUG - [1121.662634] moveTile start direction=absDirection.EAST position=(21, 18, 0) front=absDirection.EAST
2026-07-01 21:43:33,547 - mazeUtils.moveTile - [moveTile.py:90] - DEBUG - [1121.667090] moveTile after initial toggle check (+4.5 ms)
2026-07-01 21:43:33,549 - mazeUtils.moveTile - [moveTile.py:90] - DEBUG - [1121.669163] moveTile after tile checks isRedTile=False isUnknownTileAhead=True (+2.1 ms)
2026-07-01 21:43:33,549 - mazeUtils.moveTile - [moveTile.py:79] - DEBUG - Moving to absDirection.EAST from (21, 18, 0) facing absDirection.EAST
2026-07-01 21:43:33,550 - mazeUtils.moveTile - [moveTile.py:90] - DEBUG - [1121.670088] moveTile start heading change target=270 (+0.9 ms)
2026-07-01 21:43:33,575 - mazeUtils.moveTile - [moveTile.py:79] - DEBUG - current heading: 269.72 target: 270
2026-07-01 21:43:33,595 - mazeUtils.moveTile - [moveTile.py:441] - DEBUG - stopped turning at heading: 269.72, diff: 0.2799999999999727
2026-07-01 21:43:33,650 - mazeUtils.moveTile - [moveTile.py:79] - DEBUG - Turned to heading: 269.65999999999997 deg
2026-07-01 21:43:33,650 - mazeUtils.moveTile - [moveTile.py:90] - DEBUG - [1121.770658] moveTile finished heading change (+100.6 ms)
2026-07-01 21:43:33,651 - mazeUtils.moveTile - [moveTile.py:90] - DEBUG - [1121.771369] Adjustment after ramp completed (+0.7 ms)
2026-07-01 21:43:33,652 - mazeUtils.moveTile - [moveTile.py:90] - DEBUG - [1121.771924] moveTile updated front direction (+0.6 ms)
2026-07-01 21:43:33,672 - mazeUtils.moveTile - [moveTile.py:90] - DEBUG - [1121.791745] moveTile stopped motors before alignment (+19.8 ms)
2026-07-01 21:43:33,812 - mazeUtils.moveTile - [moveTile.py:570] - DEBUG - Direction: absDirection.NORTH, Angle: 90, Distance: 108.77015683775433 cm
2026-07-01 21:43:33,814 - mazeUtils.moveTile - [moveTile.py:570] - DEBUG - Direction: absDirection.EAST, Angle: 0, Distance: 45.84092481102494 cm
2026-07-01 21:43:33,817 - mazeUtils.moveTile - [moveTile.py:570] - DEBUG - Direction: absDirection.SOUTH, Angle: 270, Distance: 71.2661320204562 cm
2026-07-01 21:43:33,818 - mazeUtils.moveTile - [moveTile.py:570] - DEBUG - Direction: absDirection.WEST, Angle: 180, Distance: 49.19399776385436 cm
2026-07-01 21:43:33,819 - mazeUtils.moveTile - [moveTile.py:90] - DEBUG - [1121.939320] moveTile start position adjustment using LiDAR for back wall. (+147.6 ms)
2026-07-01 21:43:33,841 - mazeUtils.moveTile - [moveTile.py:79] - DEBUG - Little backward to adjust position
2026-07-01 21:43:33,984 - mazeUtils.moveTile - [moveTile.py:90] - DEBUG - [1122.104585] moveTile finished backward adjustment (+165.3 ms)
2026-07-01 21:43:34,066 - mazeUtils.moveTile - [moveTile.py:90] - DEBUG - [1122.185664] moveTile ready for forward move (+81.1 ms)
2026-07-01 21:43:34,097 - mazeUtils.moveTile - [moveTile.py:90] - DEBUG - [1122.216853] moveTile initialized movement targetSteps=1 (+31.2 ms)
2026-07-01 21:43:34,098 - mazeUtils.moveTile - [moveTile.py:90] - DEBUG - [1122.218370] moveTile loop start (+1.5 ms)
2026-07-01 21:43:34,107 - picamera2.picamera2 - [picamera2.py:1391] - DEBUG - Execute job: <picamera2.job.Job object at 0x7f6aaa05d0>
2026-07-01 21:43:34,114 - mazeUtils.device.camera - [camera.py:39] - DEBUG - Average HSV: H=110.7, S=240.7, V=142.6
2026-07-01 21:43:34,120 - mazeUtils.moveTile - [moveTile.py:90] - DEBUG - [1122.240261] moveTile calculated motor speeds left=100 right=91 gyroSteer=8.839999999999918 wallSteer=0.0 (+21.9 ms)
2026-07-01 21:43:34,140 - mazeUtils.moveTile - [moveTile.py:90] - DEBUG - [1122.259931] moveTile applied motor speed left=100 right=91 (+19.7 ms)
2026-07-01 21:43:34,144 - mazeUtils.moveTile - [moveTile.py:90] - DEBUG - [1122.263719] moveTile tile color check tempTileColor=L (+3.8 ms)
2026-07-01 21:43:34,144 - mazeUtils.moveTile - [moveTile.py:90] - DEBUG - [1122.264453] moveTile obstacle check escapeFlag=False (+0.7 ms)
2026-07-01 21:43:34,149 - mazeUtils.moveTile - [moveTile.py:90] - DEBUG - [1122.269407] moveTile ramp check isBigRamp=False (+5.0 ms)
2026-07-01 21:43:34,150 - mazeUtils.moveTile - [moveTile.py:79] - DEBUG - roll: 359.79 deg, practicalMoveTime: 0.05319368872638911 sec
2026-07-01 21:43:34,151 - mazeUtils.moveTile - [moveTile.py:2275] - DEBUG - moveTile loop time: 52.3 ms
2026-07-01 21:43:34,151 - mazeUtils.moveTile - [moveTile.py:90] - DEBUG - [1122.271095] moveTile loop end practicalMoveTime=0.053 (+1.7 ms)
2026-07-01 21:43:34,151 - mazeUtils.moveTile - [moveTile.py:90] - DEBUG - [1122.271397] moveTile loop start (+0.3 ms)
2026-07-01 21:43:34,155 - picamera2.picamera2 - [picamera2.py:1391] - DEBUG - Execute job: <picamera2.job.Job object at 0x7f872aff10>
2026-07-01 21:43:34,160 - mazeUtils.device.camera - [camera.py:39] - DEBUG - Average HSV: H=110.8, S=239.8, V=139.7
2026-07-01 21:43:34,166 - mazeUtils.moveTile - [moveTile.py:90] - DEBUG - [1122.286673] moveTile calculated motor speeds left=100 right=89 gyroSteer=10.319999999999936 wallSteer=0.0 (+15.3 ms)
2026-07-01 21:43:34,191 - mazeUtils.moveTile - [moveTile.py:90] - DEBUG - [1122.311606] moveTile applied motor speed left=100 right=89 (+24.9 ms)
2026-07-01 21:43:34,196 - mazeUtils.moveTile - [moveTile.py:90] - DEBUG - [1122.316326] moveTile tile color check tempTileColor=L (+4.7 ms)
2026-07-01 21:43:34,197 - mazeUtils.moveTile - [moveTile.py:90] - DEBUG - [1122.316819] moveTile obstacle check escapeFlag=False (+0.5 ms)
2026-07-01 21:43:34,201 - mazeUtils.moveTile - [moveTile.py:90] - DEBUG - [1122.320851] moveTile ramp check isBigRamp=False (+4.0 ms)
2026-07-01 21:43:34,201 - mazeUtils.moveTile - [moveTile.py:79] - DEBUG - roll: 359.94 deg, practicalMoveTime: 0.10396036735710482 sec
2026-07-01 21:43:34,202 - mazeUtils.moveTile - [moveTile.py:2275] - DEBUG - moveTile loop time: 50.5 ms
2026-07-01 21:43:34,202 - mazeUtils.moveTile - [moveTile.py:90] - DEBUG - [1122.322277] moveTile loop end practicalMoveTime=0.104 (+1.4 ms)
2026-07-01 21:43:34,202 - mazeUtils.moveTile - [moveTile.py:90] - DEBUG - [1122.322525] moveTile loop start (+0.2 ms)
2026-07-01 21:43:34,212 - picamera2.picamera2 - [picamera2.py:1391] - DEBUG - Execute job: <picamera2.job.Job object at 0x7f9efe9e50>
2026-07-01 21:43:34,216 - mazeUtils.device.camera - [camera.py:39] - DEBUG - Average HSV: H=110.6, S=240.7, V=143.3
2026-07-01 21:43:34,223 - mazeUtils.moveTile - [moveTile.py:90] - DEBUG - [1122.343072] moveTile calculated motor speeds left=100 right=90 gyroSteer=9.559999999999945 wallSteer=0.0 (+20.5 ms)
2026-07-01 21:43:34,242 - mazeUtils.moveTile - [moveTile.py:90] - DEBUG - [1122.362495] moveTile applied motor speed left=100 right=90 (+19.4 ms)
2026-07-01 21:43:34,246 - mazeUtils.moveTile - [moveTile.py:90] - DEBUG - [1122.365873] moveTile tile color check tempTileColor=L (+3.4 ms)
2026-07-01 21:43:34,246 - mazeUtils.moveTile - [moveTile.py:90] - DEBUG - [1122.366346] moveTile obstacle check escapeFlag=False (+0.5 ms)
2026-07-01 21:43:34,254 - mazeUtils.moveTile - [moveTile.py:90] - DEBUG - [1122.373704] moveTile ramp check isBigRamp=False (+7.4 ms)
2026-07-01 21:43:34,254 - mazeUtils.moveTile - [moveTile.py:79] - DEBUG - roll: 0.060000000000002274 deg, practicalMoveTime: 0.15646440122112157 sec
2026-07-01 21:43:34,255 - mazeUtils.moveTile - [moveTile.py:2275] - DEBUG - moveTile loop time: 52.5 ms
2026-07-01 21:43:34,255 - mazeUtils.moveTile - [moveTile.py:90] - DEBUG - [1122.375441] moveTile loop end practicalMoveTime=0.156 (+1.7 ms)
2026-07-01 21:43:34,256 - mazeUtils.moveTile - [moveTile.py:90] - DEBUG - [1122.375746] moveTile loop start (+0.3 ms)
2026-07-01 21:43:34,261 - picamera2.picamera2 - [picamera2.py:1391] - DEBUG - Execute job: <picamera2.job.Job object at 0x7f95b07990>
2026-07-01 21:43:34,267 - mazeUtils.device.camera - [camera.py:39] - DEBUG - Average HSV: H=110.4, S=243.2, V=151.2
2026-07-01 21:43:34,276 - mazeUtils.moveTile - [moveTile.py:90] - DEBUG - [1122.396135] moveTile calculated motor speeds left=100 right=88 gyroSteer=11.88000000000011 wallSteer=0.0 (+20.4 ms)
2026-07-01 21:43:34,303 - mazeUtils.moveTile - [moveTile.py:90] - DEBUG - [1122.423601] moveTile applied motor speed left=100 right=88 (+27.5 ms)
2026-07-01 21:43:34,307 - mazeUtils.moveTile - [moveTile.py:90] - DEBUG - [1122.427109] moveTile tile color check tempTileColor=E (+3.5 ms)
2026-07-01 21:43:34,307 - mazeUtils.moveTile - [moveTile.py:90] - DEBUG - [1122.427559] moveTile obstacle check escapeFlag=False (+0.5 ms)
2026-07-01 21:43:34,311 - mazeUtils.moveTile - [moveTile.py:90] - DEBUG - [1122.431620] moveTile ramp check isBigRamp=False (+4.1 ms)
2026-07-01 21:43:34,312 - mazeUtils.moveTile - [moveTile.py:79] - DEBUG - roll: 359.87 deg, practicalMoveTime: 0.21375170836739404 sec
2026-07-01 21:43:34,313 - mazeUtils.moveTile - [moveTile.py:2275] - DEBUG - moveTile loop time: 57.2 ms
2026-07-01 21:43:34,313 - mazeUtils.moveTile - [moveTile.py:90] - DEBUG - [1122.433409] moveTile loop end practicalMoveTime=0.214 (+1.8 ms)
2026-07-01 21:43:34,314 - mazeUtils.moveTile - [moveTile.py:90] - DEBUG - [1122.433808] moveTile loop start (+0.4 ms)
2026-07-01 21:43:34,320 - picamera2.picamera2 - [picamera2.py:1391] - DEBUG - Execute job: <picamera2.job.Job object at 0x7f9efe9e50>
2026-07-01 21:43:34,325 - mazeUtils.device.camera - [camera.py:39] - DEBUG - Average HSV: H=110.4, S=245.1, V=150.1
2026-07-01 21:43:34,330 - mazeUtils.moveTile - [moveTile.py:90] - DEBUG - [1122.450129] moveTile calculated motor speeds left=100 right=91 gyroSteer=8.759999999999991 wallSteer=0.0 (+16.3 ms)
2026-07-01 21:43:34,351 - mazeUtils.moveTile - [moveTile.py:90] - DEBUG - [1122.470993] moveTile applied motor speed left=100 right=91 (+20.9 ms)
2026-07-01 21:43:34,355 - mazeUtils.moveTile - [moveTile.py:90] - DEBUG - [1122.475537] moveTile tile color check tempTileColor=E (+4.5 ms)
2026-07-01 21:43:34,356 - mazeUtils.moveTile - [moveTile.py:90] - DEBUG - [1122.476332] moveTile obstacle check escapeFlag=False (+0.8 ms)
2026-07-01 21:43:34,365 - mazeUtils.moveTile - [moveTile.py:90] - DEBUG - [1122.484835] moveTile ramp check isBigRamp=False (+8.5 ms)
2026-07-01 21:43:34,366 - mazeUtils.moveTile - [moveTile.py:79] - DEBUG - roll: 0.060000000000002274 deg, practicalMoveTime: 0.266407614783025 sec
2026-07-01 21:43:34,366 - mazeUtils.moveTile - [moveTile.py:2275] - DEBUG - moveTile loop time: 52.4 ms
2026-07-01 21:43:34,367 - mazeUtils.moveTile - [moveTile.py:90] - DEBUG - [1122.486720] moveTile loop end practicalMoveTime=0.266 (+1.9 ms)
2026-07-01 21:43:34,367 - mazeUtils.moveTile - [moveTile.py:90] - DEBUG - [1122.487023] moveTile loop start (+0.3 ms)
2026-07-01 21:43:34,378 - picamera2.picamera2 - [picamera2.py:1391] - DEBUG - Execute job: <picamera2.job.Job object at 0x7f6a01d410>
2026-07-01 21:43:34,382 - mazeUtils.device.camera - [camera.py:39] - DEBUG - Average HSV: H=110.2, S=247.7, V=160.2
2026-07-01 21:43:34,390 - mazeUtils.moveTile - [moveTile.py:90] - DEBUG - [1122.510567] moveTile calculated motor speeds left=100 right=90 gyroSteer=9.279999999999973 wallSteer=0.0 (+23.5 ms)
2026-07-01 21:43:34,417 - mazeUtils.moveTile - [moveTile.py:90] - DEBUG - [1122.536892] moveTile applied motor speed left=100 right=90 (+26.3 ms)
2026-07-01 21:43:34,423 - mazeUtils.moveTile - [moveTile.py:90] - DEBUG - [1122.543191] moveTile tile color check tempTileColor=L (+6.3 ms)
2026-07-01 21:43:34,424 - mazeUtils.moveTile - [moveTile.py:90] - DEBUG - [1122.543847] moveTile obstacle check escapeFlag=False (+0.7 ms)
2026-07-01 21:43:34,430 - mazeUtils.moveTile - [moveTile.py:90] - DEBUG - [1122.550503] moveTile ramp check isBigRamp=False (+6.7 ms)
2026-07-01 21:43:34,431 - mazeUtils.moveTile - [moveTile.py:79] - DEBUG - roll: 0.060000000000002274 deg, practicalMoveTime: 0.3313401639423279 sec
2026-07-01 21:43:34,432 - mazeUtils.moveTile - [moveTile.py:2275] - DEBUG - moveTile loop time: 64.7 ms
2026-07-01 21:43:34,432 - mazeUtils.moveTile - [moveTile.py:90] - DEBUG - [1122.552190] moveTile loop end practicalMoveTime=0.331 (+1.7 ms)
2026-07-01 21:43:34,432 - mazeUtils.moveTile - [moveTile.py:90] - DEBUG - [1122.552525] moveTile loop start (+0.3 ms)
2026-07-01 21:43:34,440 - picamera2.picamera2 - [picamera2.py:1391] - DEBUG - Execute job: <picamera2.job.Job object at 0x7f872aff10>
2026-07-01 21:43:34,444 - mazeUtils.device.camera - [camera.py:39] - DEBUG - Average HSV: H=110.0, S=249.6, V=165.8
2026-07-01 21:43:34,449 - mazeUtils.moveTile - [moveTile.py:90] - DEBUG - [1122.569103] moveTile calculated motor speeds left=100 right=92 gyroSteer=7.400000000000091 wallSteer=0.0 (+16.6 ms)
2026-07-01 21:43:34,469 - mazeUtils.moveTile - [moveTile.py:90] - DEBUG - [1122.588692] moveTile applied motor speed left=100 right=92 (+19.6 ms)
2026-07-01 21:43:34,472 - mazeUtils.moveTile - [moveTile.py:90] - DEBUG - [1122.592592] moveTile tile color check tempTileColor=L (+3.9 ms)
2026-07-01 21:43:34,473 - mazeUtils.moveTile - [moveTile.py:90] - DEBUG - [1122.593145] moveTile obstacle check escapeFlag=False (+0.6 ms)
2026-07-01 21:43:34,478 - mazeUtils.moveTile - [moveTile.py:90] - DEBUG - [1122.598284] moveTile ramp check isBigRamp=False (+5.1 ms)
2026-07-01 21:43:34,479 - mazeUtils.moveTile - [moveTile.py:79] - DEBUG - roll: 359.83 deg, practicalMoveTime: 0.3785806901022571 sec
2026-07-01 21:43:34,479 - mazeUtils.moveTile - [moveTile.py:2275] - DEBUG - moveTile loop time: 47.0 ms
2026-07-01 21:43:34,480 - mazeUtils.moveTile - [moveTile.py:90] - DEBUG - [1122.599955] moveTile loop end practicalMoveTime=0.379 (+1.7 ms)
2026-07-01 21:43:34,480 - mazeUtils.moveTile - [moveTile.py:90] - DEBUG - [1122.600358] moveTile loop start (+0.4 ms)
2026-07-01 21:43:34,487 - picamera2.picamera2 - [picamera2.py:1391] - DEBUG - Execute job: <picamera2.job.Job object at 0x7f95b07b50>
2026-07-01 21:43:34,492 - mazeUtils.device.camera - [camera.py:39] - DEBUG - Average HSV: H=110.0, S=250.6, V=168.9
2026-07-01 21:43:34,497 - mazeUtils.moveTile - [moveTile.py:90] - DEBUG - [1122.617472] moveTile calculated motor speeds left=95 right=100 gyroSteer=6.759999999999991 wallSteer=-11.600000000000001 (+17.1 ms)
2026-07-01 21:43:34,522 - mazeUtils.moveTile - [moveTile.py:90] - DEBUG - [1122.642195] moveTile applied motor speed left=95 right=100 (+24.7 ms)
2026-07-01 21:43:34,526 - mazeUtils.moveTile - [moveTile.py:90] - DEBUG - [1122.645826] moveTile tile color check tempTileColor=L (+3.6 ms)
2026-07-01 21:43:34,526 - mazeUtils.moveTile - [moveTile.py:90] - DEBUG - [1122.646404] moveTile obstacle check escapeFlag=False (+0.6 ms)
2026-07-01 21:43:34,532 - mazeUtils.moveTile - [moveTile.py:90] - DEBUG - [1122.651683] moveTile ramp check isBigRamp=False (+5.3 ms)
2026-07-01 21:43:34,533 - mazeUtils.moveTile - [moveTile.py:79] - DEBUG - roll: 359.96 deg, practicalMoveTime: 0.4319592590949533 sec
2026-07-01 21:43:34,534 - mazeUtils.moveTile - [moveTile.py:2275] - DEBUG - moveTile loop time: 53.5 ms
2026-07-01 21:43:34,534 - mazeUtils.moveTile - [moveTile.py:90] - DEBUG - [1122.654480] moveTile loop end practicalMoveTime=0.432 (+2.8 ms)
2026-07-01 21:43:34,535 - mazeUtils.moveTile - [moveTile.py:90] - DEBUG - [1122.654896] moveTile loop start (+0.4 ms)
2026-07-01 21:43:34,542 - picamera2.picamera2 - [picamera2.py:1391] - DEBUG - Execute job: <picamera2.job.Job object at 0x7f6aaa05d0>
2026-07-01 21:43:34,547 - mazeUtils.device.camera - [camera.py:39] - DEBUG - Average HSV: H=110.1, S=252.3, V=167.3
2026-07-01 21:43:34,554 - mazeUtils.moveTile - [moveTile.py:90] - DEBUG - [1122.674198] moveTile calculated motor speeds left=96 right=100 gyroSteer=7.559999999999945 wallSteer=-11.2 (+19.3 ms)
2026-07-01 21:43:34,574 - mazeUtils.moveTile - [moveTile.py:90] - DEBUG - [1122.693834] moveTile applied motor speed left=96 right=100 (+19.6 ms)
2026-07-01 21:43:34,577 - mazeUtils.moveTile - [moveTile.py:90] - DEBUG - [1122.697495] moveTile tile color check tempTileColor=L (+3.7 ms)
2026-07-01 21:43:34,578 - mazeUtils.moveTile - [moveTile.py:90] - DEBUG - [1122.698105] moveTile obstacle check escapeFlag=False (+0.6 ms)
2026-07-01 21:43:34,584 - mazeUtils.moveTile - [moveTile.py:90] - DEBUG - [1122.704572] moveTile ramp check isBigRamp=False (+6.5 ms)
2026-07-01 21:43:34,585 - mazeUtils.moveTile - [moveTile.py:79] - DEBUG - roll: 0.6200000000000045 deg, practicalMoveTime: 0.48355240300299307 sec
2026-07-01 21:43:34,586 - mazeUtils.moveTile - [moveTile.py:2275] - DEBUG - moveTile loop time: 51.2 ms
2026-07-01 21:43:34,586 - mazeUtils.moveTile - [moveTile.py:90] - DEBUG - [1122.706623] moveTile loop end practicalMoveTime=0.484 (+2.1 ms)
2026-07-01 21:43:34,587 - mazeUtils.moveTile - [moveTile.py:90] - DEBUG - [1122.707012] moveTile loop start (+0.4 ms)
2026-07-01 21:43:34,598 - picamera2.picamera2 - [picamera2.py:1391] - DEBUG - Execute job: <picamera2.job.Job object at 0x7f95b07b50>
2026-07-01 21:43:34,602 - mazeUtils.device.camera - [camera.py:39] - DEBUG - Average HSV: H=110.0, S=252.0, V=173.4
2026-07-01 21:43:34,611 - mazeUtils.moveTile - [moveTile.py:90] - DEBUG - [1122.731070] moveTile calculated motor speeds left=93 right=100 gyroSteer=4.759999999999991 wallSteer=-11.2 (+24.1 ms)
2026-07-01 21:43:34,637 - mazeUtils.moveTile - [moveTile.py:90] - DEBUG - [1122.757294] moveTile applied motor speed left=93 right=100 (+26.2 ms)
2026-07-01 21:43:34,641 - mazeUtils.moveTile - [moveTile.py:90] - DEBUG - [1122.760792] moveTile tile color check tempTileColor=L (+3.5 ms)
2026-07-01 21:43:34,641 - mazeUtils.moveTile - [moveTile.py:90] - DEBUG - [1122.761355] moveTile obstacle check escapeFlag=False (+0.6 ms)
2026-07-01 21:43:34,645 - mazeUtils.moveTile - [moveTile.py:90] - DEBUG - [1122.765375] moveTile ramp check isBigRamp=False (+4.0 ms)
2026-07-01 21:43:34,647 - mazeUtils.moveTile - [moveTile.py:79] - DEBUG - roll: 0.2599999999999909 deg, practicalMoveTime: 0.5443528061978105 sec
2026-07-01 21:43:34,648 - mazeUtils.moveTile - [moveTile.py:2275] - DEBUG - moveTile loop time: 60.7 ms
2026-07-01 21:43:34,648 - mazeUtils.moveTile - [moveTile.py:90] - DEBUG - [1122.768255] moveTile loop end practicalMoveTime=0.544 (+2.9 ms)
2026-07-01 21:43:34,648 - mazeUtils.moveTile - [moveTile.py:90] - DEBUG - [1122.768639] moveTile loop start (+0.4 ms)
2026-07-01 21:43:34,653 - picamera2.picamera2 - [picamera2.py:1391] - DEBUG - Execute job: <picamera2.job.Job object at 0x7f95b07b50>
2026-07-01 21:43:34,658 - mazeUtils.device.camera - [camera.py:39] - DEBUG - Average HSV: H=110.0, S=252.1, V=178.7
2026-07-01 21:43:34,664 - mazeUtils.moveTile - [moveTile.py:90] - DEBUG - [1122.783871] moveTile calculated motor speeds left=100 right=98 gyroSteer=12.360000000000127 wallSteer=-10.8 (+15.2 ms)
2026-07-01 21:43:34,684 - mazeUtils.moveTile - [moveTile.py:90] - DEBUG - [1122.803899] moveTile applied motor speed left=100 right=98 (+20.0 ms)
2026-07-01 21:43:34,688 - mazeUtils.moveTile - [moveTile.py:90] - DEBUG - [1122.808085] moveTile tile color check tempTileColor=L (+4.2 ms)
2026-07-01 21:43:34,688 - mazeUtils.moveTile - [moveTile.py:90] - DEBUG - [1122.808642] moveTile obstacle check escapeFlag=False (+0.6 ms)
2026-07-01 21:43:34,694 - mazeUtils.moveTile - [moveTile.py:90] - DEBUG - [1122.813776] moveTile ramp check isBigRamp=False (+5.1 ms)
2026-07-01 21:43:34,694 - mazeUtils.moveTile - [moveTile.py:79] - DEBUG - roll: 359.71 deg, practicalMoveTime: 0.5910774808197959 sec
2026-07-01 21:43:34,695 - mazeUtils.moveTile - [moveTile.py:2275] - DEBUG - moveTile loop time: 46.3 ms
2026-07-01 21:43:34,695 - mazeUtils.moveTile - [moveTile.py:90] - DEBUG - [1122.815423] moveTile loop end practicalMoveTime=0.591 (+1.6 ms)
2026-07-01 21:43:34,696 - mazeUtils.moveTile - [moveTile.py:90] - DEBUG - [1122.815770] moveTile loop start (+0.3 ms)
2026-07-01 21:43:34,704 - picamera2.picamera2 - [picamera2.py:1391] - DEBUG - Execute job: <picamera2.job.Job object at 0x7f95b07990>
2026-07-01 21:43:34,709 - mazeUtils.device.camera - [camera.py:39] - DEBUG - Average HSV: H=110.0, S=253.6, V=186.1
2026-07-01 21:43:34,714 - mazeUtils.moveTile - [moveTile.py:90] - DEBUG - [1122.834549] moveTile calculated motor speeds left=97 right=100 gyroSteer=7.480000000000018 wallSteer=-9.600000000000001 (+18.8 ms)
2026-07-01 21:43:34,740 - mazeUtils.moveTile - [moveTile.py:90] - DEBUG - [1122.860283] moveTile applied motor speed left=97 right=100 (+25.7 ms)
2026-07-01 21:43:34,744 - mazeUtils.moveTile - [moveTile.py:90] - DEBUG - [1122.863754] moveTile tile color check tempTileColor=L (+3.5 ms)
2026-07-01 21:43:34,744 - mazeUtils.moveTile - [moveTile.py:90] - DEBUG - [1122.864365] moveTile obstacle check escapeFlag=False (+0.6 ms)
2026-07-01 21:43:34,753 - mazeUtils.moveTile - [moveTile.py:90] - DEBUG - [1122.873282] moveTile ramp check isBigRamp=False (+8.9 ms)
2026-07-01 21:43:34,754 - mazeUtils.moveTile - [moveTile.py:79] - DEBUG - roll: 0.12999999999999545 deg, practicalMoveTime: 0.6505708693999914 sec
2026-07-01 21:43:34,755 - mazeUtils.moveTile - [moveTile.py:2275] - DEBUG - moveTile loop time: 59.5 ms
2026-07-01 21:43:34,756 - mazeUtils.moveTile - [moveTile.py:90] - DEBUG - [1122.876111] moveTile loop end practicalMoveTime=0.651 (+2.8 ms)
2026-07-01 21:43:34,757 - mazeUtils.moveTile - [moveTile.py:90] - DEBUG - [1122.876974] moveTile loop start (+0.9 ms)
2026-07-01 21:43:34,762 - picamera2.picamera2 - [picamera2.py:1391] - DEBUG - Execute job: <picamera2.job.Job object at 0x7f6a01d410>
2026-07-01 21:43:34,767 - mazeUtils.device.camera - [camera.py:39] - DEBUG - Average HSV: H=109.9, S=254.9, V=196.2
2026-07-01 21:43:34,772 - mazeUtils.moveTile - [moveTile.py:90] - DEBUG - [1122.891748] moveTile calculated motor speeds left=100 right=97 gyroSteer=11.759999999999991 wallSteer=-9.600000000000001 (+14.8 ms)
2026-07-01 21:43:34,792 - mazeUtils.moveTile - [moveTile.py:90] - DEBUG - [1122.912650] moveTile applied motor speed left=100 right=97 (+20.9 ms)
2026-07-01 21:43:34,796 - mazeUtils.moveTile - [moveTile.py:90] - DEBUG - [1122.916383] moveTile tile color check tempTileColor=L (+3.7 ms)
2026-07-01 21:43:34,797 - mazeUtils.moveTile - [moveTile.py:90] - DEBUG - [1122.917019] moveTile obstacle check escapeFlag=False (+0.6 ms)
2026-07-01 21:43:34,802 - mazeUtils.moveTile - [moveTile.py:90] - DEBUG - [1122.922269] moveTile ramp check isBigRamp=False (+5.3 ms)
2026-07-01 21:43:34,803 - mazeUtils.moveTile - [moveTile.py:79] - DEBUG - roll: 359.77 deg, practicalMoveTime: 0.6984075029380672 sec
2026-07-01 21:43:34,804 - mazeUtils.moveTile - [moveTile.py:2275] - DEBUG - moveTile loop time: 46.8 ms
2026-07-01 21:43:34,804 - mazeUtils.moveTile - [moveTile.py:90] - DEBUG - [1122.924450] moveTile loop end practicalMoveTime=0.698 (+2.2 ms)
2026-07-01 21:43:34,805 - mazeUtils.moveTile - [moveTile.py:90] - DEBUG - [1122.924851] moveTile loop start (+0.4 ms)
2026-07-01 21:43:34,812 - picamera2.picamera2 - [picamera2.py:1391] - DEBUG - Execute job: <picamera2.job.Job object at 0x7f95b07c10>
2026-07-01 21:43:34,817 - mazeUtils.device.camera - [camera.py:39] - DEBUG - Average HSV: H=109.7, S=255.0, V=202.2
2026-07-01 21:43:34,823 - mazeUtils.moveTile - [moveTile.py:90] - DEBUG - [1122.943185] moveTile calculated motor speeds left=95 right=100 gyroSteer=7.559999999999945 wallSteer=-11.600000000000001 (+18.3 ms)
2026-07-01 21:43:34,844 - mazeUtils.moveTile - [moveTile.py:90] - DEBUG - [1122.963770] moveTile applied motor speed left=95 right=100 (+20.6 ms)
2026-07-01 21:43:34,848 - mazeUtils.moveTile - [moveTile.py:90] - DEBUG - [1122.967896] moveTile tile color check tempTileColor=L (+4.1 ms)
2026-07-01 21:43:34,848 - mazeUtils.moveTile - [moveTile.py:90] - DEBUG - [1122.968499] moveTile obstacle check escapeFlag=False (+0.6 ms)
2026-07-01 21:43:34,856 - mazeUtils.moveTile - [moveTile.py:90] - DEBUG - [1122.975912] moveTile ramp check isBigRamp=False (+7.4 ms)
2026-07-01 21:43:34,857 - mazeUtils.moveTile - [moveTile.py:79] - DEBUG - roll: 359.54 deg, practicalMoveTime: 0.7512209996896725 sec
2026-07-01 21:43:34,857 - mazeUtils.moveTile - [moveTile.py:2275] - DEBUG - moveTile loop time: 52.3 ms
2026-07-01 21:43:34,857 - mazeUtils.moveTile - [moveTile.py:90] - DEBUG - [1122.977570] moveTile loop end practicalMoveTime=0.751 (+1.7 ms)
2026-07-01 21:43:34,858 - mazeUtils.moveTile - [moveTile.py:90] - DEBUG - [1122.977829] moveTile loop start (+0.3 ms)
2026-07-01 21:43:34,863 - picamera2.picamera2 - [picamera2.py:1391] - DEBUG - Execute job: <picamera2.job.Job object at 0x7f97c3f8d0>
2026-07-01 21:43:34,868 - mazeUtils.device.camera - [camera.py:39] - DEBUG - Average HSV: H=109.1, S=255.0, V=210.5
2026-07-01 21:43:34,874 - mazeUtils.moveTile - [moveTile.py:90] - DEBUG - [1122.994624] moveTile calculated motor speeds left=96 right=100 gyroSteer=7.839999999999918 wallSteer=-11.600000000000001 (+16.8 ms)
2026-07-01 21:43:34,894 - mazeUtils.moveTile - [moveTile.py:90] - DEBUG - [1123.014176] moveTile applied motor speed left=96 right=100 (+19.6 ms)
2026-07-01 21:43:34,897 - mazeUtils.moveTile - [moveTile.py:90] - DEBUG - [1123.017612] moveTile tile color check tempTileColor=L (+3.4 ms)
2026-07-01 21:43:34,898 - mazeUtils.moveTile - [moveTile.py:90] - DEBUG - [1123.018162] moveTile obstacle check escapeFlag=False (+0.6 ms)
2026-07-01 21:43:34,903 - mazeUtils.moveTile - [moveTile.py:90] - DEBUG - [1123.023366] moveTile ramp check isBigRamp=False (+5.2 ms)
2026-07-01 21:43:34,933 - mazeUtils.moveTile - [moveTile.py:90] - DEBUG - [1123.053589] moveTile finished by front distance control. Tof: 14.8, TSD10 : 6.4 (+30.2 ms)
2026-07-01 21:43:34,934 - mazeUtils.moveTile - [moveTile.py:90] - DEBUG - [1123.054129] moveTile start final forward adjustment (+30.8 ms)
2026-07-01 21:43:34,961 - mazeUtils.moveTile - [moveTile.py:79] - DEBUG - Little forward to adjust position
2026-07-01 21:43:34,970 - mazeUtils.moveTile - [moveTile.py:2311] - INFO - Final forward adjustment... Current dist:14.8
2026-07-01 21:43:34,991 - mazeUtils.moveTile - [moveTile.py:90] - DEBUG - [1123.111297] moveTile finished final forward adjustment (+57.2 ms)
2026-07-01 21:43:34,992 - mazeUtils.moveTile - [moveTile.py:2504] - INFO - Set moved vertical distance: -0.009778674404850512 cm, past distances: [(0.4085733615869639, False), (0, False), (0, False)]
2026-07-01 21:43:34,992 - mazeUtils.moveTile - [moveTile.py:90] - DEBUG - [1123.112588] moveTile updated moved vertical distance -0.010 (+1.3 ms)
2026-07-01 21:43:35,140 - mazeUtils.moveTile - [moveTile.py:570] - DEBUG - Direction: absDirection.NORTH, Angle: 90, Distance: 80.19893789198572 cm
2026-07-01 21:43:35,141 - mazeUtils.moveTile - [moveTile.py:570] - DEBUG - Direction: absDirection.EAST, Angle: 0, Distance: 13.675159104675348 cm
2026-07-01 21:43:35,143 - mazeUtils.moveTile - [moveTile.py:580] - INFO - angle: 0, result: judgeWallResult.WALL
2026-07-01 21:43:35,144 - mazeUtils.moveTile - [moveTile.py:583] - DEBUG - Front LiDAR distance: 13.675159104675348 cm, TSD10 distance: 1.8 cm
2026-07-01 21:43:35,145 - mazeUtils.moveTile - [moveTile.py:570] - DEBUG - Direction: absDirection.SOUTH, Angle: 270, Distance: 13.688827391195348 cm
2026-07-01 21:43:35,146 - mazeUtils.moveTile - [moveTile.py:570] - DEBUG - Direction: absDirection.WEST, Angle: 180, Distance: 81.88190720415398 cm
2026-07-01 21:43:35,147 - mazeUtils.moveTile - [moveTile.py:90] - DEBUG - [1123.266714] moveTile updated map and detected walls (+154.1 ms)
2026-07-01 21:43:35,149 - mazeUtils.moveTile - [moveTile.py:2669] - INFO - Tile color detection, decided tile type: L
2026-07-01 21:43:35,151 - mazeUtils.moveTile - [moveTile.py:2679] - INFO - Moved to (22, 18, 0), Tile type: L, Wall types: {<absDirection.NORTH: 0>: <wallType.NO_WALL: 1>, <absDirection.EAST: 270>: <wallType.WALL: 2>, <absDirection.SOUTH: 180>: <wallType.WALL: 2>, <absDirection.WEST: 90>: <wallType.NO_WALL: 1>}
2026-07-01 21:43:35,151 - mazeUtils.moveTile - [moveTile.py:90] - DEBUG - [1123.271559] moveTile finished (+159.0 ms)
2026-07-01 21:43:35,190 - mazeUtils.moveTile - [moveTile.py:2708] - INFO - (0, 2)
2026-07-01 21:43:35,206 - __main__ - [main.py:110] - INFO - Current position: (22, 18, 0), front direction: absDirection.EAST
Layer 0 (altitude=0.0cm, offset=(0.0cm, 0.0cm)):
Known map area: x=20..22, y=18..20
+---+   +   +
| L   L   @ |
+   +   +---+
| L   U   U  
+   +   +   +
| S | U   U  
+---+   +   +
2026-07-01 21:43:35,213 - mazeUtils.mazeMap - [mazeMap.py:61] - INFO - next goal: (22, 17, 0)
2026-07-01 21:43:35,214 - mazeUtils.mazeMap - [mazeMap.py:61] - INFO - next goal: (20, 20, 0)
2026-07-01 21:43:35,215 - mazeUtils.moveTile - [moveTile.py:88] - DEBUG - [1123.335331] moveTile start direction=absDirection.NORTH position=(22, 18, 0) front=absDirection.EAST
2026-07-01 21:43:35,222 - mazeUtils.moveTile - [moveTile.py:90] - DEBUG - [1123.341773] moveTile after initial toggle check (+6.4 ms)
2026-07-01 21:43:35,224 - mazeUtils.moveTile - [moveTile.py:90] - DEBUG - [1123.343724] moveTile after tile checks isRedTile=False isUnknownTileAhead=True (+2.0 ms)
2026-07-01 21:43:35,224 - mazeUtils.moveTile - [moveTile.py:79] - DEBUG - Moving to absDirection.NORTH from (22, 18, 0) facing absDirection.EAST
2026-07-01 21:43:35,224 - mazeUtils.moveTile - [moveTile.py:90] - DEBUG - [1123.344543] moveTile start heading change target=0 (+0.8 ms)
2026-07-01 21:43:35,261 - mazeUtils.moveTile - [moveTile.py:79] - DEBUG - current heading: 270.8 target: 0
2026-07-01 21:43:36,222 - mazeUtils.moveTile - [moveTile.py:441] - DEBUG - stopped turning at heading: 354.09000000000003, diff: 5.909999999999968
2026-07-01 21:43:36,275 - mazeUtils.moveTile - [moveTile.py:79] - DEBUG - Turned to heading: 358.8 deg
2026-07-01 21:43:36,275 - mazeUtils.moveTile - [moveTile.py:90] - DEBUG - [1124.395530] moveTile finished heading change (+1051.0 ms)
2026-07-01 21:43:36,276 - mazeUtils.moveTile - [moveTile.py:90] - DEBUG - [1124.396130] Adjustment after ramp completed (+0.6 ms)
2026-07-01 21:43:36,277 - mazeUtils.moveTile - [moveTile.py:90] - DEBUG - [1124.396702] moveTile updated front direction (+0.6 ms)
2026-07-01 21:43:36,298 - mazeUtils.moveTile - [moveTile.py:90] - DEBUG - [1124.418371] moveTile stopped motors before alignment (+21.7 ms)
2026-07-01 21:43:36,451 - mazeUtils.moveTile - [moveTile.py:570] - DEBUG - Direction: absDirection.NORTH, Angle: 0, Distance: 68.55820920856058 cm
2026-07-01 21:43:36,455 - mazeUtils.moveTile - [moveTile.py:570] - DEBUG - Direction: absDirection.EAST, Angle: 270, Distance: 15.478757788695894 cm
2026-07-01 21:43:36,456 - mazeUtils.moveTile - [moveTile.py:570] - DEBUG - Direction: absDirection.SOUTH, Angle: 180, Distance: 20.767207277832863 cm
2026-07-01 21:43:36,457 - mazeUtils.moveTile - [moveTile.py:570] - DEBUG - Direction: absDirection.WEST, Angle: 90, Distance: 79.32900993552953 cm
2026-07-01 21:43:36,457 - mazeUtils.moveTile - [moveTile.py:90] - DEBUG - [1124.577640] moveTile start position adjustment using LiDAR for back wall. (+159.3 ms)
2026-07-01 21:43:36,479 - mazeUtils.moveTile - [moveTile.py:79] - DEBUG - Little backward to adjust position
2026-07-01 21:43:36,681 - mazeUtils.moveTile - [moveTile.py:90] - DEBUG - [1124.801123] moveTile finished backward adjustment (+223.5 ms)
2026-07-01 21:43:36,761 - mazeUtils.moveTile - [moveTile.py:90] - DEBUG - [1124.881502] moveTile ready for forward move (+80.4 ms)
2026-07-01 21:43:36,795 - mazeUtils.moveTile - [moveTile.py:90] - DEBUG - [1124.915039] moveTile initialized movement targetSteps=1 (+33.5 ms)
2026-07-01 21:43:36,796 - mazeUtils.moveTile - [moveTile.py:90] - DEBUG - [1124.916499] moveTile loop start (+1.5 ms)
2026-07-01 21:43:36,806 - picamera2.picamera2 - [picamera2.py:1391] - DEBUG - Execute job: <picamera2.job.Job object at 0x7f95b07990>
2026-07-01 21:43:36,814 - mazeUtils.device.camera - [camera.py:39] - DEBUG - Average HSV: H=111.6, S=247.9, V=116.5
2026-07-01 21:43:36,821 - mazeUtils.moveTile - [moveTile.py:90] - DEBUG - [1124.940788] moveTile calculated motor speeds left=99 right=100 gyroSteer=7.240000000000009 wallSteer=-7.600000000000001 (+24.3 ms)
2026-07-01 21:43:36,841 - mazeUtils.moveTile - [moveTile.py:90] - DEBUG - [1124.961145] moveTile applied motor speed left=99 right=100 (+20.4 ms)
2026-07-01 21:43:36,847 - mazeUtils.moveTile - [moveTile.py:90] - DEBUG - [1124.966959] moveTile tile color check tempTileColor=L (+5.8 ms)
2026-07-01 21:43:36,848 - mazeUtils.moveTile - [moveTile.py:90] - DEBUG - [1124.967945] moveTile obstacle check escapeFlag=False (+1.0 ms)
2026-07-01 21:43:36,854 - mazeUtils.moveTile - [moveTile.py:90] - DEBUG - [1124.973705] moveTile ramp check isBigRamp=False (+5.8 ms)
2026-07-01 21:43:36,855 - mazeUtils.moveTile - [moveTile.py:79] - DEBUG - roll: 359.67 deg, practicalMoveTime: 0.0596191531011395 sec
2026-07-01 21:43:36,855 - mazeUtils.moveTile - [moveTile.py:2275] - DEBUG - moveTile loop time: 59.0 ms
2026-07-01 21:43:36,856 - mazeUtils.moveTile - [moveTile.py:90] - DEBUG - [1124.976077] moveTile loop end practicalMoveTime=0.060 (+2.4 ms)
2026-07-01 21:43:36,856 - mazeUtils.moveTile - [moveTile.py:90] - DEBUG - [1124.976516] moveTile loop start (+0.4 ms)
2026-07-01 21:43:36,863 - picamera2.picamera2 - [picamera2.py:1391] - DEBUG - Execute job: <picamera2.job.Job object at 0x7f9ef87a90>
2026-07-01 21:43:36,868 - mazeUtils.device.camera - [camera.py:39] - DEBUG - Average HSV: H=111.6, S=247.0, V=115.7
2026-07-01 21:43:36,875 - mazeUtils.moveTile - [moveTile.py:90] - DEBUG - [1124.994793] moveTile calculated motor speeds left=100 right=98 gyroSteer=6.67999999999995 wallSteer=-5.600000000000001 (+18.3 ms)
2026-07-01 21:43:36,895 - mazeUtils.moveTile - [moveTile.py:90] - DEBUG - [1125.015136] moveTile applied motor speed left=100 right=98 (+20.3 ms)
2026-07-01 21:43:36,899 - mazeUtils.moveTile - [moveTile.py:90] - DEBUG - [1125.018739] moveTile tile color check tempTileColor=L (+3.6 ms)
2026-07-01 21:43:36,900 - mazeUtils.moveTile - [moveTile.py:90] - DEBUG - [1125.019816] moveTile obstacle check escapeFlag=False (+1.1 ms)
2026-07-01 21:43:36,906 - mazeUtils.moveTile - [moveTile.py:90] - DEBUG - [1125.025860] moveTile ramp check isBigRamp=False (+6.0 ms)
2026-07-01 21:43:36,906 - mazeUtils.moveTile - [moveTile.py:79] - DEBUG - roll: 358.51 deg, practicalMoveTime: 0.11060774723087302 sec
2026-07-01 21:43:36,907 - mazeUtils.moveTile - [moveTile.py:2275] - DEBUG - moveTile loop time: 50.5 ms
2026-07-01 21:43:36,907 - mazeUtils.moveTile - [moveTile.py:90] - DEBUG - [1125.027371] moveTile loop end practicalMoveTime=0.111 (+1.5 ms)
2026-07-01 21:43:36,907 - mazeUtils.moveTile - [moveTile.py:90] - DEBUG - [1125.027669] moveTile loop start (+0.3 ms)
2026-07-01 21:43:36,912 - picamera2.picamera2 - [picamera2.py:1391] - DEBUG - Execute job: <picamera2.job.Job object at 0x7f6a01d410>
2026-07-01 21:43:36,916 - mazeUtils.device.camera - [camera.py:39] - DEBUG - Average HSV: H=111.4, S=248.4, V=121.0
2026-07-01 21:43:36,922 - mazeUtils.moveTile - [moveTile.py:90] - DEBUG - [1125.042387] moveTile calculated motor speeds left=99 right=100 gyroSteer=6.759999999999991 wallSteer=-7.199999999999999 (+14.7 ms)
2026-07-01 21:43:36,942 - mazeUtils.moveTile - [moveTile.py:90] - DEBUG - [1125.062253] moveTile applied motor speed left=99 right=100 (+19.9 ms)
2026-07-01 21:43:36,946 - mazeUtils.moveTile - [moveTile.py:90] - DEBUG - [1125.065914] moveTile tile color check tempTileColor=L (+3.7 ms)
2026-07-01 21:43:36,946 - mazeUtils.moveTile - [moveTile.py:90] - DEBUG - [1125.066494] moveTile obstacle check escapeFlag=False (+0.6 ms)
2026-07-01 21:43:36,952 - mazeUtils.moveTile - [moveTile.py:90] - DEBUG - [1125.072533] moveTile ramp check isBigRamp=False (+6.0 ms)
2026-07-01 21:43:36,953 - mazeUtils.moveTile - [moveTile.py:79] - DEBUG - roll: 359.46 deg, practicalMoveTime: 0.1568400631068216 sec
2026-07-01 21:43:36,954 - mazeUtils.moveTile - [moveTile.py:2275] - DEBUG - moveTile loop time: 46.1 ms
2026-07-01 21:43:36,954 - mazeUtils.moveTile - [moveTile.py:90] - DEBUG - [1125.074130] moveTile loop end practicalMoveTime=0.157 (+1.6 ms)
2026-07-01 21:43:36,954 - mazeUtils.moveTile - [moveTile.py:90] - DEBUG - [1125.074466] moveTile loop start (+0.3 ms)
2026-07-01 21:43:36,959 - picamera2.picamera2 - [picamera2.py:1391] - DEBUG - Execute job: <picamera2.job.Job object at 0x7f872b0150>
2026-07-01 21:43:36,964 - mazeUtils.device.camera - [camera.py:39] - DEBUG - Average HSV: H=111.4, S=248.6, V=121.7
2026-07-01 21:43:36,970 - mazeUtils.moveTile - [moveTile.py:90] - DEBUG - [1125.090262] moveTile calculated motor speeds left=100 right=96 gyroSteer=9.039999999999964 wallSteer=-5.199999999999999 (+15.8 ms)
2026-07-01 21:43:36,990 - mazeUtils.moveTile - [moveTile.py:90] - DEBUG - [1125.109785] moveTile applied motor speed left=100 right=96 (+19.5 ms)
2026-07-01 21:43:36,994 - mazeUtils.moveTile - [moveTile.py:90] - DEBUG - [1125.114559] moveTile tile color check tempTileColor=E (+4.8 ms)
2026-07-01 21:43:36,995 - mazeUtils.moveTile - [moveTile.py:90] - DEBUG - [1125.115277] moveTile obstacle check escapeFlag=False (+0.7 ms)
2026-07-01 21:43:37,004 - mazeUtils.moveTile - [moveTile.py:90] - DEBUG - [1125.124407] moveTile ramp check isBigRamp=False (+9.1 ms)
2026-07-01 21:43:37,005 - mazeUtils.moveTile - [moveTile.py:79] - DEBUG - roll: 357.43 deg, practicalMoveTime: 0.2082838201637966 sec
2026-07-01 21:43:37,006 - mazeUtils.moveTile - [moveTile.py:2275] - DEBUG - moveTile loop time: 51.4 ms
2026-07-01 21:43:37,006 - mazeUtils.moveTile - [moveTile.py:90] - DEBUG - [1125.126365] moveTile loop end practicalMoveTime=0.208 (+2.0 ms)
2026-07-01 21:43:37,007 - mazeUtils.moveTile - [moveTile.py:90] - DEBUG - [1125.126744] moveTile loop start (+0.4 ms)
2026-07-01 21:43:37,018 - picamera2.picamera2 - [picamera2.py:1391] - DEBUG - Execute job: <picamera2.job.Job object at 0x7f69de9490>
2026-07-01 21:43:37,022 - mazeUtils.device.camera - [camera.py:39] - DEBUG - Average HSV: H=111.1, S=250.4, V=131.5
2026-07-01 21:43:37,029 - mazeUtils.moveTile - [moveTile.py:90] - DEBUG - [1125.149554] moveTile calculated motor speeds left=100 right=96 gyroSteer=8.559999999999945 wallSteer=-5.199999999999999 (+22.8 ms)
2026-07-01 21:43:37,049 - mazeUtils.moveTile - [moveTile.py:90] - DEBUG - [1125.169394] moveTile applied motor speed left=100 right=96 (+19.8 ms)
2026-07-01 21:43:37,054 - mazeUtils.moveTile - [moveTile.py:90] - DEBUG - [1125.174513] moveTile tile color check tempTileColor=L (+5.1 ms)
2026-07-01 21:43:37,056 - mazeUtils.moveTile - [moveTile.py:90] - DEBUG - [1125.175695] moveTile obstacle check escapeFlag=False (+1.2 ms)
2026-07-01 21:43:37,060 - mazeUtils.moveTile - [moveTile.py:90] - DEBUG - [1125.179896] moveTile ramp check isBigRamp=False (+4.2 ms)
2026-07-01 21:43:37,060 - mazeUtils.moveTile - [moveTile.py:79] - DEBUG - roll: 358.49 deg, practicalMoveTime: 0.2628882171113493 sec
2026-07-01 21:43:37,061 - mazeUtils.moveTile - [moveTile.py:2275] - DEBUG - moveTile loop time: 54.2 ms
2026-07-01 21:43:37,062 - mazeUtils.moveTile - [moveTile.py:90] - DEBUG - [1125.181839] moveTile loop end practicalMoveTime=0.263 (+1.9 ms)
2026-07-01 21:43:37,062 - mazeUtils.moveTile - [moveTile.py:90] - DEBUG - [1125.182168] moveTile loop start (+0.3 ms)
2026-07-01 21:43:37,068 - picamera2.picamera2 - [picamera2.py:1391] - DEBUG - Execute job: <picamera2.job.Job object at 0x7f9ef87a90>
2026-07-01 21:43:37,072 - mazeUtils.device.camera - [camera.py:39] - DEBUG - Average HSV: H=111.3, S=246.7, V=126.2
2026-07-01 21:43:37,079 - mazeUtils.moveTile - [moveTile.py:90] - DEBUG - [1125.198702] moveTile calculated motor speeds left=100 right=99 gyroSteer=7.360000000000014 wallSteer=-6.399999999999999 (+16.5 ms)
2026-07-01 21:43:37,104 - mazeUtils.moveTile - [moveTile.py:90] - DEBUG - [1125.223929] moveTile applied motor speed left=100 right=99 (+25.2 ms)
2026-07-01 21:43:37,108 - mazeUtils.moveTile - [moveTile.py:90] - DEBUG - [1125.228145] moveTile tile color check tempTileColor=L (+4.2 ms)
2026-07-01 21:43:37,109 - mazeUtils.moveTile - [moveTile.py:90] - DEBUG - [1125.228959] moveTile obstacle check escapeFlag=False (+0.8 ms)
2026-07-01 21:43:37,113 - mazeUtils.moveTile - [moveTile.py:90] - DEBUG - [1125.233043] moveTile ramp check isBigRamp=False (+4.1 ms)
2026-07-01 21:43:37,114 - mazeUtils.moveTile - [moveTile.py:79] - DEBUG - roll: 358.34999999999997 deg, practicalMoveTime: 0.31545582837050035 sec
2026-07-01 21:43:37,114 - mazeUtils.moveTile - [moveTile.py:2275] - DEBUG - moveTile loop time: 51.9 ms
2026-07-01 21:43:37,114 - mazeUtils.moveTile - [moveTile.py:90] - DEBUG - [1125.234443] moveTile loop end practicalMoveTime=0.315 (+1.4 ms)
2026-07-01 21:43:37,115 - mazeUtils.moveTile - [moveTile.py:90] - DEBUG - [1125.234765] moveTile loop start (+0.3 ms)
2026-07-01 21:43:37,119 - picamera2.picamera2 - [picamera2.py:1391] - DEBUG - Execute job: <picamera2.job.Job object at 0x7f69de9490>
2026-07-01 21:43:37,124 - mazeUtils.device.camera - [camera.py:39] - DEBUG - Average HSV: H=111.4, S=245.1, V=127.3
2026-07-01 21:43:37,130 - mazeUtils.moveTile - [moveTile.py:90] - DEBUG - [1125.249939] moveTile calculated motor speeds left=100 right=97 gyroSteer=8.240000000000009 wallSteer=-6.0 (+15.2 ms)
2026-07-01 21:43:37,149 - mazeUtils.moveTile - [moveTile.py:90] - DEBUG - [1125.269589] moveTile applied motor speed left=100 right=97 (+19.7 ms)
2026-07-01 21:43:37,153 - mazeUtils.moveTile - [moveTile.py:90] - DEBUG - [1125.273147] moveTile tile color check tempTileColor=L (+3.6 ms)
2026-07-01 21:43:37,153 - mazeUtils.moveTile - [moveTile.py:90] - DEBUG - [1125.273604] moveTile obstacle check escapeFlag=False (+0.5 ms)
2026-07-01 21:43:37,159 - mazeUtils.moveTile - [moveTile.py:90] - DEBUG - [1125.279175] moveTile ramp check isBigRamp=False (+5.6 ms)
2026-07-01 21:43:37,160 - mazeUtils.moveTile - [moveTile.py:79] - DEBUG - roll: 359.02 deg, practicalMoveTime: 0.36128819459288053 sec
2026-07-01 21:43:37,160 - mazeUtils.moveTile - [moveTile.py:2275] - DEBUG - moveTile loop time: 45.8 ms
2026-07-01 21:43:37,161 - mazeUtils.moveTile - [moveTile.py:90] - DEBUG - [1125.281014] moveTile loop end practicalMoveTime=0.361 (+1.8 ms)
2026-07-01 21:43:37,161 - mazeUtils.moveTile - [moveTile.py:90] - DEBUG - [1125.281297] moveTile loop start (+0.3 ms)
2026-07-01 21:43:37,166 - picamera2.picamera2 - [picamera2.py:1391] - DEBUG - Execute job: <picamera2.job.Job object at 0x7f872b0150>
2026-07-01 21:43:37,171 - mazeUtils.device.camera - [camera.py:39] - DEBUG - Average HSV: H=111.4, S=245.2, V=125.5
2026-07-01 21:43:37,178 - mazeUtils.moveTile - [moveTile.py:90] - DEBUG - [1125.298150] moveTile calculated motor speeds left=100 right=94 gyroSteer=9.600000000000023 wallSteer=-4.399999999999999 (+16.9 ms)
2026-07-01 21:43:37,200 - mazeUtils.moveTile - [moveTile.py:90] - DEBUG - [1125.320396] moveTile applied motor speed left=100 right=94 (+22.2 ms)
2026-07-01 21:43:37,204 - mazeUtils.moveTile - [moveTile.py:90] - DEBUG - [1125.324316] moveTile tile color check tempTileColor=L (+3.9 ms)
2026-07-01 21:43:37,205 - mazeUtils.moveTile - [moveTile.py:90] - DEBUG - [1125.325013] moveTile obstacle check escapeFlag=False (+0.7 ms)
2026-07-01 21:43:37,211 - mazeUtils.moveTile - [moveTile.py:90] - DEBUG - [1125.331533] moveTile ramp check isBigRamp=False (+6.5 ms)
2026-07-01 21:43:37,212 - mazeUtils.moveTile - [moveTile.py:79] - DEBUG - roll: 358.87 deg, practicalMoveTime: 0.4131055460909133 sec
2026-07-01 21:43:37,213 - mazeUtils.moveTile - [moveTile.py:2275] - DEBUG - moveTile loop time: 51.9 ms
2026-07-01 21:43:37,214 - mazeUtils.moveTile - [moveTile.py:90] - DEBUG - [1125.333715] moveTile loop end practicalMoveTime=0.413 (+2.2 ms)
2026-07-01 21:43:37,214 - mazeUtils.moveTile - [moveTile.py:90] - DEBUG - [1125.334144] moveTile loop start (+0.4 ms)
2026-07-01 21:43:37,219 - picamera2.picamera2 - [picamera2.py:1391] - DEBUG - Execute job: <picamera2.job.Job object at 0x7f97c3e590>
2026-07-01 21:43:37,223 - mazeUtils.device.camera - [camera.py:39] - DEBUG - Average HSV: H=111.1, S=245.6, V=129.9
2026-07-01 21:43:37,230 - mazeUtils.moveTile - [moveTile.py:90] - DEBUG - [1125.350277] moveTile calculated motor speeds left=100 right=93 gyroSteer=12.080000000000041 wallSteer=-6.0 (+16.1 ms)
2026-07-01 21:43:37,250 - mazeUtils.moveTile - [moveTile.py:90] - DEBUG - [1125.369694] moveTile applied motor speed left=100 right=93 (+19.4 ms)
2026-07-01 21:43:37,254 - mazeUtils.moveTile - [moveTile.py:90] - DEBUG - [1125.374214] moveTile tile color check tempTileColor=L (+4.5 ms)
2026-07-01 21:43:37,255 - mazeUtils.moveTile - [moveTile.py:90] - DEBUG - [1125.374776] moveTile obstacle check escapeFlag=False (+0.6 ms)
2026-07-01 21:43:37,260 - mazeUtils.moveTile - [moveTile.py:90] - DEBUG - [1125.379900] moveTile ramp check isBigRamp=False (+5.1 ms)
2026-07-01 21:43:37,260 - mazeUtils.moveTile - [moveTile.py:79] - DEBUG - roll: 359.43 deg, practicalMoveTime: 0.4604629074818265 sec
2026-07-01 21:43:37,261 - mazeUtils.moveTile - [moveTile.py:2275] - DEBUG - moveTile loop time: 46.9 ms
2026-07-01 21:43:37,261 - mazeUtils.moveTile - [moveTile.py:90] - DEBUG - [1125.381341] moveTile loop end practicalMoveTime=0.460 (+1.4 ms)
2026-07-01 21:43:37,261 - mazeUtils.moveTile - [moveTile.py:90] - DEBUG - [1125.381582] moveTile loop start (+0.2 ms)
2026-07-01 21:43:37,268 - picamera2.picamera2 - [picamera2.py:1391] - DEBUG - Execute job: <picamera2.job.Job object at 0x7f95b07b50>
2026-07-01 21:43:37,272 - mazeUtils.device.camera - [camera.py:39] - DEBUG - Average HSV: H=111.2, S=244.9, V=129.5
2026-07-01 21:43:37,284 - mazeUtils.moveTile - [moveTile.py:90] - DEBUG - [1125.403928] moveTile calculated motor speeds left=100 right=92 gyroSteer=11.799999999999955 wallSteer=-4.0 (+22.3 ms)
2026-07-01 21:43:37,307 - mazeUtils.moveTile - [moveTile.py:90] - DEBUG - [1125.427149] moveTile applied motor speed left=100 right=92 (+23.2 ms)
2026-07-01 21:43:37,313 - mazeUtils.moveTile - [moveTile.py:90] - DEBUG - [1125.433310] moveTile tile color check tempTileColor=L (+6.2 ms)
2026-07-01 21:43:37,314 - mazeUtils.moveTile - [moveTile.py:90] - DEBUG - [1125.433931] moveTile obstacle check escapeFlag=False (+0.6 ms)
2026-07-01 21:43:37,318 - mazeUtils.moveTile - [moveTile.py:90] - DEBUG - [1125.438262] moveTile ramp check isBigRamp=False (+4.3 ms)
2026-07-01 21:43:37,319 - mazeUtils.moveTile - [moveTile.py:79] - DEBUG - roll: 359.17 deg, practicalMoveTime: 0.518348440568479 sec
2026-07-01 21:43:37,319 - mazeUtils.moveTile - [moveTile.py:2275] - DEBUG - moveTile loop time: 57.8 ms
2026-07-01 21:43:37,320 - mazeUtils.moveTile - [moveTile.py:90] - DEBUG - [1125.439712] moveTile loop end practicalMoveTime=0.518 (+1.4 ms)
2026-07-01 21:43:37,320 - mazeUtils.moveTile - [moveTile.py:90] - DEBUG - [1125.439952] moveTile loop start (+0.2 ms)
2026-07-01 21:43:37,328 - picamera2.picamera2 - [picamera2.py:1391] - DEBUG - Execute job: <picamera2.job.Job object at 0x7f9eea0890>
2026-07-01 21:43:37,335 - mazeUtils.device.camera - [camera.py:39] - DEBUG - Average HSV: H=111.3, S=241.2, V=129.2
2026-07-01 21:43:37,340 - mazeUtils.moveTile - [moveTile.py:90] - DEBUG - [1125.460311] moveTile calculated motor speeds left=100 right=90 gyroSteer=13.159999999999968 wallSteer=-3.6000000000000014 (+20.4 ms)
2026-07-01 21:43:37,363 - mazeUtils.moveTile - [moveTile.py:90] - DEBUG - [1125.482740] moveTile applied motor speed left=100 right=90 (+22.4 ms)
2026-07-01 21:43:37,366 - mazeUtils.moveTile - [moveTile.py:90] - DEBUG - [1125.486252] moveTile tile color check tempTileColor=L (+3.5 ms)
2026-07-01 21:43:37,367 - mazeUtils.moveTile - [moveTile.py:90] - DEBUG - [1125.486794] moveTile obstacle check escapeFlag=False (+0.5 ms)
2026-07-01 21:43:37,373 - mazeUtils.moveTile - [moveTile.py:90] - DEBUG - [1125.492911] moveTile ramp check isBigRamp=False (+6.1 ms)
2026-07-01 21:43:37,373 - mazeUtils.moveTile - [moveTile.py:79] - DEBUG - roll: 358.88 deg, practicalMoveTime: 0.5725067928120517 sec
2026-07-01 21:43:37,374 - mazeUtils.moveTile - [moveTile.py:2275] - DEBUG - moveTile loop time: 54.1 ms
2026-07-01 21:43:37,374 - mazeUtils.moveTile - [moveTile.py:90] - DEBUG - [1125.494435] moveTile loop end practicalMoveTime=0.573 (+1.5 ms)
2026-07-01 21:43:37,375 - mazeUtils.moveTile - [moveTile.py:90] - DEBUG - [1125.494760] moveTile loop start (+0.3 ms)
2026-07-01 21:43:37,380 - picamera2.picamera2 - [picamera2.py:1391] - DEBUG - Execute job: <picamera2.job.Job object at 0x7f95b07c10>
2026-07-01 21:43:37,384 - mazeUtils.device.camera - [camera.py:39] - DEBUG - Average HSV: H=111.2, S=240.5, V=133.9
2026-07-01 21:43:37,389 - mazeUtils.moveTile - [moveTile.py:90] - DEBUG - [1125.509255] moveTile calculated motor speeds left=100 right=88 gyroSteer=13.720000000000027 wallSteer=-2.3999999999999986 (+14.5 ms)
2026-07-01 21:43:37,409 - mazeUtils.moveTile - [moveTile.py:90] - DEBUG - [1125.529152] moveTile applied motor speed left=100 right=88 (+19.9 ms)
2026-07-01 21:43:37,413 - mazeUtils.moveTile - [moveTile.py:90] - DEBUG - [1125.532751] moveTile tile color check tempTileColor=L (+3.6 ms)
2026-07-01 21:43:37,413 - mazeUtils.moveTile - [moveTile.py:90] - DEBUG - [1125.533380] moveTile obstacle check escapeFlag=False (+0.6 ms)
2026-07-01 21:43:37,425 - mazeUtils.moveTile - [moveTile.py:90] - DEBUG - [1125.545455] moveTile ramp check isBigRamp=False (+12.1 ms)
2026-07-01 21:43:37,426 - mazeUtils.moveTile - [moveTile.py:79] - DEBUG - roll: 0.0999999999999659 deg, practicalMoveTime: 0.6247711651893503 sec
2026-07-01 21:43:37,427 - mazeUtils.moveTile - [moveTile.py:2275] - DEBUG - moveTile loop time: 52.3 ms
2026-07-01 21:43:37,428 - mazeUtils.moveTile - [moveTile.py:90] - DEBUG - [1125.548149] moveTile loop end practicalMoveTime=0.625 (+2.7 ms)
2026-07-01 21:43:37,429 - mazeUtils.moveTile - [moveTile.py:90] - DEBUG - [1125.548858] moveTile loop start (+0.7 ms)
2026-07-01 21:43:37,435 - picamera2.picamera2 - [picamera2.py:1391] - DEBUG - Execute job: <picamera2.job.Job object at 0x7f9eea0890>
2026-07-01 21:43:37,439 - mazeUtils.device.camera - [camera.py:39] - DEBUG - Average HSV: H=111.2, S=237.3, V=126.7
2026-07-01 21:43:37,446 - mazeUtils.moveTile - [moveTile.py:90] - DEBUG - [1125.566169] moveTile calculated motor speeds left=100 right=93 gyroSteer=10.480000000000018 wallSteer=-4.0 (+17.3 ms)
2026-07-01 21:43:37,465 - mazeUtils.moveTile - [moveTile.py:90] - DEBUG - [1125.585578] moveTile applied motor speed left=100 right=93 (+19.4 ms)
2026-07-01 21:43:37,470 - mazeUtils.moveTile - [moveTile.py:90] - DEBUG - [1125.589702] moveTile tile color check tempTileColor=L (+4.1 ms)
2026-07-01 21:43:37,470 - mazeUtils.moveTile - [moveTile.py:90] - DEBUG - [1125.590403] moveTile obstacle check escapeFlag=False (+0.7 ms)
2026-07-01 21:43:37,475 - mazeUtils.moveTile - [moveTile.py:90] - DEBUG - [1125.594845] moveTile ramp check isBigRamp=False (+4.4 ms)
2026-07-01 21:43:37,476 - mazeUtils.moveTile - [moveTile.py:79] - DEBUG - roll: 359.36 deg, practicalMoveTime: 0.673378819867538 sec
2026-07-01 21:43:37,476 - mazeUtils.moveTile - [moveTile.py:2275] - DEBUG - moveTile loop time: 47.5 ms
2026-07-01 21:43:37,477 - mazeUtils.moveTile - [moveTile.py:90] - DEBUG - [1125.596908] moveTile loop end practicalMoveTime=0.673 (+2.1 ms)
2026-07-01 21:43:37,477 - mazeUtils.moveTile - [moveTile.py:90] - DEBUG - [1125.597287] moveTile loop start (+0.4 ms)
2026-07-01 21:43:37,484 - picamera2.picamera2 - [picamera2.py:1391] - DEBUG - Execute job: <picamera2.job.Job object at 0x7f9ef87a90>
2026-07-01 21:43:37,488 - mazeUtils.device.camera - [camera.py:39] - DEBUG - Average HSV: H=111.2, S=239.6, V=127.5
2026-07-01 21:43:37,500 - mazeUtils.moveTile - [moveTile.py:90] - DEBUG - [1125.619805] moveTile calculated motor speeds left=100 right=93 gyroSteer=10.67999999999995 wallSteer=-4.0 (+22.5 ms)
2026-07-01 21:43:37,522 - mazeUtils.moveTile - [moveTile.py:90] - DEBUG - [1125.642566] moveTile applied motor speed left=100 right=93 (+22.8 ms)
2026-07-01 21:43:37,526 - mazeUtils.moveTile - [moveTile.py:90] - DEBUG - [1125.646167] moveTile tile color check tempTileColor=L (+3.6 ms)
2026-07-01 21:43:37,527 - mazeUtils.moveTile - [moveTile.py:90] - DEBUG - [1125.646799] moveTile obstacle check escapeFlag=False (+0.6 ms)
2026-07-01 21:43:37,531 - mazeUtils.moveTile - [moveTile.py:90] - DEBUG - [1125.650859] moveTile ramp check isBigRamp=False (+4.1 ms)
2026-07-01 21:43:37,531 - mazeUtils.moveTile - [moveTile.py:79] - DEBUG - roll: 359.32 deg, practicalMoveTime: 0.7283721523289387 sec
2026-07-01 21:43:37,532 - mazeUtils.moveTile - [moveTile.py:2275] - DEBUG - moveTile loop time: 54.6 ms
2026-07-01 21:43:37,532 - mazeUtils.moveTile - [moveTile.py:90] - DEBUG - [1125.652365] moveTile loop end practicalMoveTime=0.728 (+1.5 ms)
2026-07-01 21:43:37,532 - mazeUtils.moveTile - [moveTile.py:90] - DEBUG - [1125.652657] moveTile loop start (+0.3 ms)
2026-07-01 21:43:37,536 - picamera2.picamera2 - [picamera2.py:1391] - DEBUG - Execute job: <picamera2.job.Job object at 0x7f97c3e5d0>
2026-07-01 21:43:37,541 - mazeUtils.device.camera - [camera.py:39] - DEBUG - Average HSV: H=111.2, S=239.6, V=126.2
2026-07-01 21:43:37,548 - mazeUtils.moveTile - [moveTile.py:90] - DEBUG - [1125.668272] moveTile calculated motor speeds left=100 right=96 gyroSteer=4.759999999999991 wallSteer=-1.1999999999999993 (+15.6 ms)
2026-07-01 21:43:37,567 - mazeUtils.moveTile - [moveTile.py:90] - DEBUG - [1125.687322] moveTile applied motor speed left=100 right=96 (+19.1 ms)
2026-07-01 21:43:37,572 - mazeUtils.moveTile - [moveTile.py:90] - DEBUG - [1125.691888] moveTile tile color check tempTileColor=L (+4.6 ms)
2026-07-01 21:43:37,572 - mazeUtils.moveTile - [moveTile.py:90] - DEBUG - [1125.692403] moveTile obstacle check escapeFlag=False (+0.5 ms)
2026-07-01 21:43:37,577 - mazeUtils.moveTile - [moveTile.py:90] - DEBUG - [1125.696885] moveTile ramp check isBigRamp=False (+4.5 ms)
2026-07-01 21:43:37,579 - mazeUtils.moveTile - [moveTile.py:79] - DEBUG - roll: 359.54 deg, practicalMoveTime: 0.7750651645773221 sec
2026-07-01 21:43:37,579 - mazeUtils.moveTile - [moveTile.py:2275] - DEBUG - moveTile loop time: 46.9 ms
2026-07-01 21:43:37,580 - mazeUtils.moveTile - [moveTile.py:90] - DEBUG - [1125.700081] moveTile loop end practicalMoveTime=0.775 (+3.2 ms)
2026-07-01 21:43:37,580 - mazeUtils.moveTile - [moveTile.py:90] - DEBUG - [1125.700481] moveTile loop start (+0.4 ms)
2026-07-01 21:43:37,585 - picamera2.picamera2 - [picamera2.py:1391] - DEBUG - Execute job: <picamera2.job.Job object at 0x7f9eea0890>
2026-07-01 21:43:37,589 - mazeUtils.device.camera - [camera.py:39] - DEBUG - Average HSV: H=111.2, S=238.8, V=127.6
2026-07-01 21:43:37,594 - mazeUtils.moveTile - [moveTile.py:90] - DEBUG - [1125.714279] moveTile calculated motor speeds left=98 right=100 gyroSteer=2.159999999999968 wallSteer=-4.0 (+13.8 ms)
2026-07-01 21:43:37,615 - mazeUtils.moveTile - [moveTile.py:90] - DEBUG - [1125.735165] moveTile applied motor speed left=98 right=100 (+20.9 ms)
2026-07-01 21:43:37,619 - mazeUtils.moveTile - [moveTile.py:90] - DEBUG - [1125.739316] moveTile tile color check tempTileColor=L (+4.2 ms)
2026-07-01 21:43:37,620 - mazeUtils.moveTile - [moveTile.py:90] - DEBUG - [1125.740030] moveTile obstacle check escapeFlag=False (+0.7 ms)
2026-07-01 21:43:37,625 - mazeUtils.moveTile - [moveTile.py:90] - DEBUG - [1125.745612] moveTile ramp check isBigRamp=False (+5.6 ms)
2026-07-01 21:43:37,626 - mazeUtils.moveTile - [moveTile.py:79] - DEBUG - roll: 359.13 deg, practicalMoveTime: 0.8216782519984152 sec
2026-07-01 21:43:37,627 - mazeUtils.moveTile - [moveTile.py:2275] - DEBUG - moveTile loop time: 46.3 ms
2026-07-01 21:43:37,627 - mazeUtils.moveTile - [moveTile.py:90] - DEBUG - [1125.747275] moveTile loop end practicalMoveTime=0.822 (+1.7 ms)
2026-07-01 21:43:37,627 - mazeUtils.moveTile - [moveTile.py:90] - DEBUG - [1125.747584] moveTile loop start (+0.3 ms)
2026-07-01 21:43:37,636 - picamera2.picamera2 - [picamera2.py:1391] - DEBUG - Execute job: <picamera2.job.Job object at 0x7f97c3e5d0>
2026-07-01 21:43:37,640 - mazeUtils.device.camera - [camera.py:39] - DEBUG - Average HSV: H=111.1, S=239.6, V=132.2
2026-07-01 21:43:37,649 - mazeUtils.moveTile - [moveTile.py:90] - DEBUG - [1125.769554] moveTile calculated motor speeds left=98 right=100 gyroSteer=2.7999999999999545 wallSteer=-4.0 (+22.0 ms)
2026-07-01 21:43:37,671 - mazeUtils.moveTile - [moveTile.py:90] - DEBUG - [1125.791326] moveTile applied motor speed left=98 right=100 (+21.8 ms)
2026-07-01 21:43:37,677 - mazeUtils.moveTile - [moveTile.py:90] - DEBUG - [1125.797669] moveTile tile color check tempTileColor=L (+6.3 ms)
2026-07-01 21:43:37,678 - mazeUtils.moveTile - [moveTile.py:90] - DEBUG - [1125.798229] moveTile obstacle check escapeFlag=False (+0.6 ms)
2026-07-01 21:43:37,685 - mazeUtils.moveTile - [moveTile.py:90] - DEBUG - [1125.804812] moveTile ramp check isBigRamp=False (+6.6 ms)
2026-07-01 21:43:37,685 - mazeUtils.moveTile - [moveTile.py:2113] - INFO - practicalVerticalMove: -0.5148732512994512 CM
2026-07-01 21:43:37,704 - mazeUtils.moveTile - [moveTile.py:90] - DEBUG - [1125.823923] moveTile finished by time control (+19.1 ms)
2026-07-01 21:43:37,704 - mazeUtils.moveTile - [moveTile.py:90] - DEBUG - [1125.824470] moveTile start final forward adjustment (+19.7 ms)
2026-07-01 21:43:37,731 - mazeUtils.moveTile - [moveTile.py:90] - DEBUG - [1125.850980] moveTile finished final forward adjustment (+26.5 ms)
2026-07-01 21:43:37,731 - mazeUtils.moveTile - [moveTile.py:2504] - INFO - Set moved vertical distance: -0.5148732512994512 cm, past distances: [(0, False), (0, False), (0, False)]
2026-07-01 21:43:37,732 - mazeUtils.moveTile - [moveTile.py:90] - DEBUG - [1125.852388] moveTile updated moved vertical distance -0.515 (+1.4 ms)
2026-07-01 21:43:37,890 - mazeUtils.moveTile - [moveTile.py:570] - DEBUG - Direction: absDirection.NORTH, Angle: 0, Distance: 39.796144780052536 cm
2026-07-01 21:43:37,893 - mazeUtils.moveTile - [moveTile.py:580] - INFO - angle: 0, result: judgeWallResult.RIGHT_OBSTACLE
2026-07-01 21:43:37,894 - mazeUtils.moveTile - [moveTile.py:570] - DEBUG - Direction: absDirection.EAST, Angle: 270, Distance: 16.597470213949588 cm
2026-07-01 21:43:37,895 - mazeUtils.moveTile - [moveTile.py:570] - DEBUG - Direction: absDirection.SOUTH, Angle: 180, Distance: 50.03495706483082 cm
2026-07-01 21:43:37,896 - mazeUtils.moveTile - [moveTile.py:570] - DEBUG - Direction: absDirection.WEST, Angle: 90, Distance: 77.89829176056828 cm
2026-07-01 21:43:37,897 - mazeUtils.moveTile - [moveTile.py:90] - DEBUG - [1126.016855] moveTile updated map and detected walls (+164.5 ms)
2026-07-01 21:43:37,899 - mazeUtils.moveTile - [moveTile.py:2669] - INFO - Tile color detection, decided tile type: L
2026-07-01 21:43:37,900 - mazeUtils.moveTile - [moveTile.py:2679] - INFO - Moved to (22, 17, 0), Tile type: L, Wall types: {<absDirection.NORTH: 0>: <wallType.NO_WALL: 1>, <absDirection.EAST: 270>: <wallType.WALL: 2>, <absDirection.SOUTH: 180>: <wallType.NO_WALL: 1>, <absDirection.WEST: 90>: <wallType.NO_WALL: 1>}
2026-07-01 21:43:37,902 - mazeUtils.moveTile - [moveTile.py:90] - DEBUG - [1126.022074] moveTile finished (+169.7 ms)
2026-07-01 21:43:37,943 - mazeUtils.moveTile - [moveTile.py:2708] - INFO - (None, 1)
2026-07-01 21:43:37,964 - __main__ - [main.py:110] - INFO - Current position: (22, 17, 0), front direction: absDirection.NORTH
Layer 0 (altitude=0.0cm, offset=(0.0cm, 0.0cm)):
Known map area: x=20..22, y=17..20
+   +   +   +
  U   U   @ |
+---+   +   +
| L   L   L |
+   +   +---+
| L   U   U  
+   +   +   +
| S | U   U  
+---+   +   +
2026-07-01 21:43:37,969 - __main__ - [main.py:135] - INFO - U-shaped unexplored tile detected in direction absDirection.NORTH. Prioritizing this tile.
2026-07-01 21:43:37,971 - mazeUtils.mazeMap - [mazeMap.py:61] - INFO - next goal: (20, 20, 0)
2026-07-01 21:43:37,972 - mazeUtils.moveTile - [moveTile.py:88] - DEBUG - [1126.092148] moveTile start direction=absDirection.NORTH position=(22, 17, 0) front=absDirection.NORTH
2026-07-01 21:43:37,977 - mazeUtils.moveTile - [moveTile.py:90] - DEBUG - [1126.096747] moveTile after initial toggle check (+4.6 ms)
2026-07-01 21:43:37,979 - mazeUtils.moveTile - [moveTile.py:90] - DEBUG - [1126.098727] moveTile after tile checks isRedTile=False isUnknownTileAhead=True (+2.0 ms)
2026-07-01 21:43:37,979 - mazeUtils.moveTile - [moveTile.py:79] - DEBUG - Moving to absDirection.NORTH from (22, 17, 0) facing absDirection.NORTH
2026-07-01 21:43:37,980 - mazeUtils.moveTile - [moveTile.py:90] - DEBUG - [1126.099718] moveTile start heading change target=0 (+1.0 ms)
2026-07-01 21:43:38,005 - mazeUtils.moveTile - [moveTile.py:79] - DEBUG - current heading: 0.8299999999999841 target: 0
2026-07-01 21:43:38,024 - mazeUtils.moveTile - [moveTile.py:441] - DEBUG - stopped turning at heading: 0.8299999999999841, diff: 0.8299999999999841
2026-07-01 21:43:38,067 - mazeUtils.moveTile - [moveTile.py:79] - DEBUG - Turned to heading: 1.0699999999999932 deg
2026-07-01 21:43:38,068 - mazeUtils.moveTile - [moveTile.py:90] - DEBUG - [1126.188103] moveTile finished heading change (+88.4 ms)
2026-07-01 21:43:38,068 - mazeUtils.moveTile - [moveTile.py:90] - DEBUG - [1126.188558] Adjustment after ramp completed (+0.5 ms)
2026-07-01 21:43:38,069 - mazeUtils.moveTile - [moveTile.py:90] - DEBUG - [1126.189038] moveTile updated front direction (+0.5 ms)
2026-07-01 21:43:38,089 - mazeUtils.moveTile - [moveTile.py:90] - DEBUG - [1126.208763] moveTile stopped motors before alignment (+19.7 ms)
2026-07-01 21:43:38,228 - mazeUtils.moveTile - [moveTile.py:570] - DEBUG - Direction: absDirection.NORTH, Angle: 0, Distance: 42.33827466889919 cm
2026-07-01 21:43:38,230 - mazeUtils.moveTile - [moveTile.py:570] - DEBUG - Direction: absDirection.EAST, Angle: 270, Distance: 16.395624946786484 cm
2026-07-01 21:43:38,232 - mazeUtils.moveTile - [moveTile.py:570] - DEBUG - Direction: absDirection.SOUTH, Angle: 180, Distance: 48.543715644885104 cm
2026-07-01 21:43:38,234 - mazeUtils.moveTile - [moveTile.py:570] - DEBUG - Direction: absDirection.WEST, Angle: 90, Distance: 77.76273425833756 cm
2026-07-01 21:43:38,235 - mazeUtils.moveTile - [moveTile.py:90] - DEBUG - [1126.355131] moveTile start position adjustment using LiDAR for back wall. (+146.4 ms)
2026-07-01 21:43:38,255 - mazeUtils.moveTile - [moveTile.py:79] - DEBUG - Little backward to adjust position
2026-07-01 21:43:38,476 - mazeUtils.moveTile - [moveTile.py:90] - DEBUG - [1126.596571] moveTile finished backward adjustment (+241.4 ms)
2026-07-01 21:43:38,554 - mazeUtils.moveTile - [moveTile.py:90] - DEBUG - [1126.674162] moveTile ready for forward move (+77.6 ms)
2026-07-01 21:43:38,564 - mazeUtils.moveTile - [moveTile.py:79] - DEBUG - Turning to 25 deg, current heading: 0.06999999999999318 deg, turnAngle: -24.930000000000007 deg
2026-07-01 21:43:38,594 - mazeUtils.moveTile - [moveTile.py:79] - DEBUG - gyro:0.060000000000002274 deg, derivative: -0.009999999999990905, turnSpeed: -49.879999999999995
2026-07-01 21:43:38,620 - mazeUtils.moveTile - [moveTile.py:79] - DEBUG - gyro:0.09999999999999432 deg, derivative: 0.03999999999999204, turnSpeed: -49.80000000000001
2026-07-01 21:43:38,645 - mazeUtils.moveTile - [moveTile.py:79] - DEBUG - gyro:0.060000000000002274 deg, derivative: -0.03999999999999204, turnSpeed: -49.879999999999995
2026-07-01 21:43:38,682 - mazeUtils.moveTile - [moveTile.py:79] - DEBUG - gyro:0.4000000000000057 deg, derivative: 0.3400000000000034, turnSpeed: -49.19999999999999
2026-07-01 21:43:38,709 - mazeUtils.moveTile - [moveTile.py:79] - DEBUG - gyro:1.8799999999999955 deg, derivative: 1.4799999999999898, turnSpeed: -46.24000000000001
2026-07-01 21:43:38,735 - mazeUtils.moveTile - [moveTile.py:79] - DEBUG - gyro:4.659999999999997 deg, derivative: 2.780000000000001, turnSpeed: -40.68000000000001
2026-07-01 21:43:38,765 - mazeUtils.moveTile - [moveTile.py:79] - DEBUG - gyro:6.810000000000002 deg, derivative: 2.1500000000000057, turnSpeed: -36.379999999999995
2026-07-01 21:43:38,788 - mazeUtils.moveTile - [moveTile.py:79] - DEBUG - gyro:9.25 deg, derivative: 2.4399999999999977, turnSpeed: -31.5
2026-07-01 21:43:38,816 - mazeUtils.moveTile - [moveTile.py:79] - DEBUG - gyro:10.539999999999992 deg, derivative: 1.289999999999992, turnSpeed: -28.920000000000016
2026-07-01 21:43:38,846 - mazeUtils.moveTile - [moveTile.py:79] - DEBUG - gyro:12.030000000000001 deg, derivative: 1.490000000000009, turnSpeed: -25.939999999999998
2026-07-01 21:43:38,873 - mazeUtils.moveTile - [moveTile.py:79] - DEBUG - gyro:13.310000000000002 deg, derivative: 1.2800000000000011, turnSpeed: -23.379999999999995
2026-07-01 21:43:38,897 - mazeUtils.moveTile - [moveTile.py:79] - DEBUG - gyro:14.560000000000002 deg, derivative: 1.25, turnSpeed: -20.879999999999995
2026-07-01 21:43:38,925 - mazeUtils.moveTile - [moveTile.py:79] - DEBUG - gyro:15.47999999999999 deg, derivative: 0.9199999999999875, turnSpeed: -19.04000000000002
2026-07-01 21:43:38,953 - mazeUtils.moveTile - [moveTile.py:79] - DEBUG - gyro:16.75999999999999 deg, derivative: 1.2800000000000011, turnSpeed: -16.480000000000018
2026-07-01 21:43:38,975 - mazeUtils.moveTile - [moveTile.py:79] - DEBUG - gyro:17.599999999999994 deg, derivative: 0.8400000000000034, turnSpeed: -14.800000000000011
2026-07-01 21:43:39,002 - mazeUtils.moveTile - [moveTile.py:79] - DEBUG - gyro:18.310000000000002 deg, derivative: 0.710000000000008, turnSpeed: -13.379999999999995
2026-07-01 21:43:39,026 - mazeUtils.moveTile - [moveTile.py:79] - DEBUG - gyro:18.840000000000003 deg, derivative: 0.5300000000000011, turnSpeed: -12.319999999999993
2026-07-01 21:43:39,055 - mazeUtils.moveTile - [moveTile.py:79] - DEBUG - gyro:19.289999999999992 deg, derivative: 0.44999999999998863, turnSpeed: -11.420000000000016
2026-07-01 21:43:39,081 - mazeUtils.moveTile - [moveTile.py:79] - DEBUG - gyro:19.859999999999985 deg, derivative: 0.5699999999999932, turnSpeed: -10.28000000000003
2026-07-01 21:43:39,108 - mazeUtils.moveTile - [moveTile.py:79] - DEBUG - gyro:20.439999999999998 deg, derivative: 0.5800000000000125, turnSpeed: -9.120000000000005
2026-07-01 21:43:39,137 - mazeUtils.moveTile - [moveTile.py:79] - DEBUG - gyro:20.689999999999998 deg, derivative: 0.25, turnSpeed: -8.620000000000005
2026-07-01 21:43:39,164 - mazeUtils.moveTile - [moveTile.py:79] - DEBUG - gyro:21.189999999999998 deg, derivative: 0.5, turnSpeed: -7.6200000000000045
2026-07-01 21:43:39,191 - mazeUtils.moveTile - [moveTile.py:79] - DEBUG - gyro:21.409999999999997 deg, derivative: 0.21999999999999886, turnSpeed: -7.180000000000007
2026-07-01 21:43:39,227 - mazeUtils.moveTile - [moveTile.py:79] - DEBUG - gyro:21.579999999999984 deg, derivative: 0.1699999999999875, turnSpeed: -6.840000000000032
2026-07-01 21:43:39,256 - mazeUtils.moveTile - [moveTile.py:79] - DEBUG - gyro:21.859999999999985 deg, derivative: 0.28000000000000114, turnSpeed: -6.28000000000003
2026-07-01 21:43:39,283 - mazeUtils.moveTile - [moveTile.py:79] - DEBUG - gyro:22.120000000000005 deg, derivative: 0.2600000000000193, turnSpeed: -5.759999999999991
2026-07-01 21:43:39,319 - mazeUtils.moveTile - [moveTile.py:79] - DEBUG - gyro:22.289999999999992 deg, derivative: 0.1699999999999875, turnSpeed: -5.420000000000016
2026-07-01 21:43:39,346 - mazeUtils.moveTile - [moveTile.py:79] - DEBUG - gyro:22.5 deg, derivative: 0.21000000000000796, turnSpeed: -5.0
2026-07-01 21:43:39,372 - mazeUtils.moveTile - [moveTile.py:79] - DEBUG - gyro:22.77000000000001 deg, derivative: 0.27000000000001023, turnSpeed: -4.4599999999999795
2026-07-01 21:43:39,397 - mazeUtils.moveTile - [moveTile.py:79] - DEBUG - gyro:22.919999999999987 deg, derivative: 0.14999999999997726, turnSpeed: -4.160000000000025
2026-07-01 21:43:39,421 - mazeUtils.moveTile - [moveTile.py:79] - DEBUG - gyro:23.109999999999985 deg, derivative: 0.18999999999999773, turnSpeed: -3.7800000000000296
2026-07-01 21:43:39,440 - mazeUtils.moveTile - [moveTile.py:79] - DEBUG - Turned to heading: 23.109999999999985 deg
2026-07-01 21:43:39,466 - mazeUtils.moveTile - [moveTile.py:90] - DEBUG - [1127.586600] moveTile initialized movement targetSteps=1 (+912.4 ms)
2026-07-01 21:43:39,468 - mazeUtils.moveTile - [moveTile.py:90] - DEBUG - [1127.587827] moveTile loop start (+1.2 ms)
2026-07-01 21:43:39,474 - picamera2.picamera2 - [picamera2.py:1391] - DEBUG - Execute job: <picamera2.job.Job object at 0x7f95b07b50>
2026-07-01 21:43:39,480 - mazeUtils.device.camera - [camera.py:39] - DEBUG - Average HSV: H=109.3, S=254.8, V=193.9
2026-07-01 21:43:39,487 - mazeUtils.moveTile - [moveTile.py:90] - DEBUG - [1127.606812] moveTile calculated motor speeds left=100 right=33 gyroSteer=94.36000000000001 wallSteer=0.0 (+19.0 ms)
2026-07-01 21:43:39,514 - mazeUtils.moveTile - [moveTile.py:90] - DEBUG - [1127.634169] moveTile applied motor speed left=100 right=33 (+27.4 ms)
2026-07-01 21:43:39,518 - mazeUtils.moveTile - [moveTile.py:90] - DEBUG - [1127.638609] moveTile tile color check tempTileColor=L (+4.4 ms)
2026-07-01 21:43:39,519 - mazeUtils.moveTile - [moveTile.py:90] - DEBUG - [1127.639167] moveTile obstacle check escapeFlag=False (+0.6 ms)
2026-07-01 21:43:39,524 - mazeUtils.moveTile - [moveTile.py:90] - DEBUG - [1127.644468] moveTile ramp check isBigRamp=False (+5.3 ms)
2026-07-01 21:43:39,525 - mazeUtils.moveTile - [moveTile.py:79] - DEBUG - roll: 358.69 deg, practicalMoveTime: 0.05854935614561467 sec
2026-07-01 21:43:39,526 - mazeUtils.moveTile - [moveTile.py:2275] - DEBUG - moveTile loop time: 58.4 ms
2026-07-01 21:43:39,528 - mazeUtils.moveTile - [moveTile.py:90] - DEBUG - [1127.647737] moveTile loop end practicalMoveTime=0.059 (+3.3 ms)
2026-07-01 21:43:39,528 - mazeUtils.moveTile - [moveTile.py:90] - DEBUG - [1127.648598] moveTile loop start (+0.9 ms)
2026-07-01 21:43:39,535 - picamera2.picamera2 - [picamera2.py:1391] - DEBUG - Execute job: <picamera2.job.Job object at 0x7f97c3e590>
2026-07-01 21:43:39,541 - mazeUtils.device.camera - [camera.py:39] - DEBUG - Average HSV: H=109.2, S=254.9, V=196.0
2026-07-01 21:43:39,549 - mazeUtils.moveTile - [moveTile.py:90] - DEBUG - [1127.669346] moveTile calculated motor speeds left=100 right=32 gyroSteer=96.03999999999996 wallSteer=0.0 (+20.7 ms)
2026-07-01 21:43:39,576 - mazeUtils.moveTile - [moveTile.py:90] - DEBUG - [1127.695895] moveTile applied motor speed left=100 right=32 (+26.5 ms)
2026-07-01 21:43:39,580 - mazeUtils.moveTile - [moveTile.py:90] - DEBUG - [1127.700147] moveTile tile color check tempTileColor=L (+4.3 ms)
2026-07-01 21:43:39,580 - mazeUtils.moveTile - [moveTile.py:90] - DEBUG - [1127.700689] moveTile obstacle check escapeFlag=False (+0.5 ms)
2026-07-01 21:43:39,591 - mazeUtils.moveTile - [moveTile.py:90] - DEBUG - [1127.711625] moveTile ramp check isBigRamp=False (+10.9 ms)
2026-07-01 21:43:39,593 - mazeUtils.moveTile - [moveTile.py:79] - DEBUG - roll: 357.98 deg, practicalMoveTime: 0.12490147363063396 sec
2026-07-01 21:43:39,593 - mazeUtils.moveTile - [moveTile.py:2275] - DEBUG - moveTile loop time: 64.6 ms
2026-07-01 21:43:39,593 - mazeUtils.moveTile - [moveTile.py:90] - DEBUG - [1127.713579] moveTile loop end practicalMoveTime=0.125 (+2.0 ms)
2026-07-01 21:43:39,594 - mazeUtils.moveTile - [moveTile.py:90] - DEBUG - [1127.713846] moveTile loop start (+0.3 ms)
2026-07-01 21:43:39,600 - picamera2.picamera2 - [picamera2.py:1391] - DEBUG - Execute job: <picamera2.job.Job object at 0x7f97c3e5d0>
2026-07-01 21:43:39,605 - mazeUtils.device.camera - [camera.py:39] - DEBUG - Average HSV: H=108.9, S=254.9, V=205.4
2026-07-01 21:43:39,612 - mazeUtils.moveTile - [moveTile.py:90] - DEBUG - [1127.731883] moveTile calculated motor speeds left=100 right=35 gyroSteer=92.31999999999994 wallSteer=0.0 (+18.0 ms)
2026-07-01 21:43:39,632 - mazeUtils.moveTile - [moveTile.py:90] - DEBUG - [1127.751694] moveTile applied motor speed left=100 right=35 (+19.8 ms)
2026-07-01 21:43:39,636 - mazeUtils.moveTile - [moveTile.py:90] - DEBUG - [1127.756414] moveTile tile color check tempTileColor=L (+4.7 ms)
2026-07-01 21:43:39,637 - mazeUtils.moveTile - [moveTile.py:90] - DEBUG - [1127.757338] moveTile obstacle check escapeFlag=False (+0.9 ms)
2026-07-01 21:43:39,646 - mazeUtils.moveTile - [moveTile.py:90] - DEBUG - [1127.766131] moveTile ramp check isBigRamp=False (+8.8 ms)
2026-07-01 21:43:39,647 - mazeUtils.moveTile - [moveTile.py:79] - DEBUG - roll: 357.28 deg, practicalMoveTime: 0.1784995058295914 sec
2026-07-01 21:43:39,647 - mazeUtils.moveTile - [moveTile.py:2275] - DEBUG - moveTile loop time: 53.5 ms
2026-07-01 21:43:39,648 - mazeUtils.moveTile - [moveTile.py:90] - DEBUG - [1127.767788] moveTile loop end practicalMoveTime=0.178 (+1.7 ms)
2026-07-01 21:43:39,648 - mazeUtils.moveTile - [moveTile.py:90] - DEBUG - [1127.768191] moveTile loop start (+0.4 ms)
2026-07-01 21:43:39,660 - picamera2.picamera2 - [picamera2.py:1391] - DEBUG - Execute job: <picamera2.job.Job object at 0x7f6a01d410>
2026-07-01 21:43:39,665 - mazeUtils.device.camera - [camera.py:39] - DEBUG - Average HSV: H=108.1, S=255.0, V=217.7
2026-07-01 21:43:39,671 - mazeUtils.moveTile - [moveTile.py:90] - DEBUG - [1127.791660] moveTile calculated motor speeds left=100 right=44 gyroSteer=79.12 wallSteer=0.0 (+23.5 ms)
2026-07-01 21:43:39,698 - mazeUtils.moveTile - [moveTile.py:90] - DEBUG - [1127.817961] moveTile applied motor speed left=100 right=44 (+26.3 ms)
2026-07-01 21:43:39,702 - mazeUtils.moveTile - [moveTile.py:90] - DEBUG - [1127.821892] moveTile tile color check tempTileColor=L (+3.9 ms)
2026-07-01 21:43:39,702 - mazeUtils.moveTile - [moveTile.py:90] - DEBUG - [1127.822516] moveTile obstacle check escapeFlag=False (+0.6 ms)
2026-07-01 21:43:39,708 - mazeUtils.moveTile - [moveTile.py:90] - DEBUG - [1127.827855] moveTile ramp check isBigRamp=False (+5.3 ms)
2026-07-01 21:43:39,709 - mazeUtils.moveTile - [moveTile.py:79] - DEBUG - roll: 358.46999999999997 deg, practicalMoveTime: 0.2396678187571464 sec
2026-07-01 21:43:39,709 - mazeUtils.moveTile - [moveTile.py:2275] - DEBUG - moveTile loop time: 60.9 ms
2026-07-01 21:43:39,709 - mazeUtils.moveTile - [moveTile.py:90] - DEBUG - [1127.829443] moveTile loop end practicalMoveTime=0.240 (+1.6 ms)
2026-07-01 21:43:39,710 - mazeUtils.moveTile - [moveTile.py:90] - DEBUG - [1127.829713] moveTile loop start (+0.3 ms)
2026-07-01 21:43:39,714 - picamera2.picamera2 - [picamera2.py:1391] - DEBUG - Execute job: <picamera2.job.Job object at 0x7f9eea0790>
2026-07-01 21:43:39,719 - mazeUtils.device.camera - [camera.py:39] - DEBUG - Average HSV: H=108.0, S=255.0, V=218.7
2026-07-01 21:43:39,724 - mazeUtils.moveTile - [moveTile.py:90] - DEBUG - [1127.844389] moveTile calculated motor speeds left=100 right=51 gyroSteer=69.27999999999997 wallSteer=0.0 (+14.7 ms)
2026-07-01 21:43:39,747 - mazeUtils.moveTile - [moveTile.py:90] - DEBUG - [1127.867145] moveTile applied motor speed left=100 right=51 (+22.8 ms)
2026-07-01 21:43:39,753 - mazeUtils.moveTile - [moveTile.py:90] - DEBUG - [1127.873655] moveTile tile color check tempTileColor=E (+6.5 ms)
2026-07-01 21:43:39,754 - mazeUtils.moveTile - [moveTile.py:90] - DEBUG - [1127.874266] moveTile obstacle check escapeFlag=False (+0.6 ms)
2026-07-01 21:43:39,760 - mazeUtils.moveTile - [moveTile.py:90] - DEBUG - [1127.880585] moveTile ramp check isBigRamp=False (+6.3 ms)
2026-07-01 21:43:39,761 - mazeUtils.moveTile - [moveTile.py:79] - DEBUG - roll: 358.65 deg, practicalMoveTime: 0.29184840315641386 sec
2026-07-01 21:43:39,762 - mazeUtils.moveTile - [moveTile.py:2275] - DEBUG - moveTile loop time: 52.1 ms
2026-07-01 21:43:39,762 - mazeUtils.moveTile - [moveTile.py:90] - DEBUG - [1127.882342] moveTile loop end practicalMoveTime=0.292 (+1.8 ms)
2026-07-01 21:43:39,763 - mazeUtils.moveTile - [moveTile.py:90] - DEBUG - [1127.882967] moveTile loop start (+0.6 ms)
2026-07-01 21:43:39,768 - picamera2.picamera2 - [picamera2.py:1391] - DEBUG - Execute job: <picamera2.job.Job object at 0x7f9ef87a90>
2026-07-01 21:43:39,773 - mazeUtils.device.camera - [camera.py:39] - DEBUG - Average HSV: H=108.0, S=255.0, V=223.7
2026-07-01 21:43:39,780 - mazeUtils.moveTile - [moveTile.py:90] - DEBUG - [1127.899714] moveTile calculated motor speeds left=100 right=56 gyroSteer=61.51999999999998 wallSteer=0.0 (+16.7 ms)
2026-07-01 21:43:39,799 - mazeUtils.moveTile - [moveTile.py:90] - DEBUG - [1127.919545] moveTile applied motor speed left=100 right=56 (+19.8 ms)
2026-07-01 21:43:39,806 - mazeUtils.moveTile - [moveTile.py:90] - DEBUG - [1127.925742] moveTile tile color check tempTileColor=E (+6.2 ms)
2026-07-01 21:43:39,806 - mazeUtils.moveTile - [moveTile.py:90] - DEBUG - [1127.926269] moveTile obstacle check escapeFlag=False (+0.5 ms)
2026-07-01 21:43:39,810 - mazeUtils.moveTile - [moveTile.py:90] - DEBUG - [1127.930435] moveTile ramp check isBigRamp=False (+4.2 ms)
2026-07-01 21:43:39,811 - mazeUtils.moveTile - [moveTile.py:79] - DEBUG - roll: 359.34999999999997 deg, practicalMoveTime: 0.3410674666299187 sec
2026-07-01 21:43:39,811 - mazeUtils.moveTile - [moveTile.py:2275] - DEBUG - moveTile loop time: 48.6 ms
2026-07-01 21:43:39,812 - mazeUtils.moveTile - [moveTile.py:90] - DEBUG - [1127.931963] moveTile loop end practicalMoveTime=0.341 (+1.5 ms)
2026-07-01 21:43:39,812 - mazeUtils.moveTile - [moveTile.py:90] - DEBUG - [1127.932362] moveTile loop start (+0.4 ms)
2026-07-01 21:43:39,821 - picamera2.picamera2 - [picamera2.py:1391] - DEBUG - Execute job: <picamera2.job.Job object at 0x7f95b07990>
2026-07-01 21:43:39,826 - mazeUtils.device.camera - [camera.py:39] - DEBUG - Average HSV: H=108.0, S=255.0, V=225.2
2026-07-01 21:43:39,834 - mazeUtils.moveTile - [moveTile.py:90] - DEBUG - [1127.954051] moveTile calculated motor speeds left=100 right=61 gyroSteer=55.0 wallSteer=0.0 (+21.7 ms)
2026-07-01 21:43:39,860 - mazeUtils.moveTile - [moveTile.py:90] - DEBUG - [1127.980235] moveTile applied motor speed left=100 right=61 (+26.2 ms)
2026-07-01 21:43:39,863 - mazeUtils.moveTile - [moveTile.py:90] - DEBUG - [1127.983670] moveTile tile color check tempTileColor=E (+3.4 ms)
2026-07-01 21:43:39,864 - mazeUtils.moveTile - [moveTile.py:90] - DEBUG - [1127.984141] moveTile obstacle check escapeFlag=False (+0.5 ms)
2026-07-01 21:43:39,868 - mazeUtils.moveTile - [moveTile.py:90] - DEBUG - [1127.988334] moveTile ramp check isBigRamp=False (+4.2 ms)
2026-07-01 21:43:39,869 - mazeUtils.moveTile - [moveTile.py:79] - DEBUG - roll: 0.46999999999997044 deg, practicalMoveTime: 0.39882957651431417 sec
2026-07-01 21:43:39,870 - mazeUtils.moveTile - [moveTile.py:2275] - DEBUG - moveTile loop time: 57.7 ms
2026-07-01 21:43:39,871 - mazeUtils.moveTile - [moveTile.py:90] - DEBUG - [1127.991246] moveTile loop end practicalMoveTime=0.399 (+2.9 ms)
2026-07-01 21:43:39,872 - mazeUtils.moveTile - [moveTile.py:90] - DEBUG - [1127.992135] moveTile loop start (+0.9 ms)
2026-07-01 21:43:39,877 - picamera2.picamera2 - [picamera2.py:1391] - DEBUG - Execute job: <picamera2.job.Job object at 0x7f9eea0790>
2026-07-01 21:43:39,881 - mazeUtils.device.camera - [camera.py:39] - DEBUG - Average HSV: H=107.7, S=255.0, V=228.5
2026-07-01 21:43:39,887 - mazeUtils.moveTile - [moveTile.py:90] - DEBUG - [1128.007383] moveTile calculated motor speeds left=100 right=65 gyroSteer=49.67999999999995 wallSteer=0.0 (+15.2 ms)
2026-07-01 21:43:39,910 - mazeUtils.moveTile - [moveTile.py:90] - DEBUG - [1128.030154] moveTile applied motor speed left=100 right=65 (+22.8 ms)
2026-07-01 21:43:39,915 - mazeUtils.moveTile - [moveTile.py:90] - DEBUG - [1128.035655] moveTile tile color check tempTileColor=E (+5.5 ms)
2026-07-01 21:43:39,916 - mazeUtils.moveTile - [moveTile.py:90] - DEBUG - [1128.036378] moveTile obstacle check escapeFlag=False (+0.7 ms)
2026-07-01 21:43:39,922 - mazeUtils.moveTile - [moveTile.py:90] - DEBUG - [1128.041926] moveTile ramp check isBigRamp=False (+5.5 ms)
2026-07-01 21:43:39,923 - mazeUtils.moveTile - [moveTile.py:79] - DEBUG - roll: 1.5600000000000023 deg, practicalMoveTime: 0.45187854523689847 sec
2026-07-01 21:43:39,924 - mazeUtils.moveTile - [moveTile.py:2275] - DEBUG - moveTile loop time: 51.7 ms
2026-07-01 21:43:39,924 - mazeUtils.moveTile - [moveTile.py:90] - DEBUG - [1128.044405] moveTile loop end practicalMoveTime=0.452 (+2.5 ms)
2026-07-01 21:43:39,925 - mazeUtils.moveTile - [moveTile.py:90] - DEBUG - [1128.044804] moveTile loop start (+0.4 ms)
2026-07-01 21:43:39,931 - picamera2.picamera2 - [picamera2.py:1391] - DEBUG - Execute job: <picamera2.job.Job object at 0x7f6a232750>
2026-07-01 21:43:39,936 - mazeUtils.device.camera - [camera.py:39] - DEBUG - Average HSV: H=107.2, S=255.0, V=229.5
2026-07-01 21:43:39,942 - mazeUtils.moveTile - [moveTile.py:90] - DEBUG - [1128.061969] moveTile calculated motor speeds left=100 right=70 gyroSteer=42.39999999999998 wallSteer=0.0 (+17.2 ms)
2026-07-01 21:43:39,963 - mazeUtils.moveTile - [moveTile.py:90] - DEBUG - [1128.082718] moveTile applied motor speed left=100 right=70 (+20.7 ms)
2026-07-01 21:43:39,966 - mazeUtils.moveTile - [moveTile.py:90] - DEBUG - [1128.086455] moveTile tile color check tempTileColor=E (+3.7 ms)
2026-07-01 21:43:39,967 - mazeUtils.moveTile - [moveTile.py:90] - DEBUG - [1128.087147] moveTile obstacle check escapeFlag=False (+0.7 ms)
2026-07-01 21:43:39,972 - mazeUtils.moveTile - [moveTile.py:90] - DEBUG - [1128.092464] moveTile ramp check isBigRamp=False (+5.3 ms)
2026-07-01 21:43:39,973 - mazeUtils.moveTile - [moveTile.py:79] - DEBUG - roll: 3.4399999999999977 deg, practicalMoveTime: 0.5012829180702768 sec
2026-07-01 21:43:39,974 - mazeUtils.moveTile - [moveTile.py:2275] - DEBUG - moveTile loop time: 49.2 ms
2026-07-01 21:43:39,974 - mazeUtils.moveTile - [moveTile.py:90] - DEBUG - [1128.094454] moveTile loop end practicalMoveTime=0.501 (+2.0 ms)
2026-07-01 21:43:39,975 - mazeUtils.moveTile - [moveTile.py:90] - DEBUG - [1128.094866] moveTile loop start (+0.4 ms)
2026-07-01 21:43:39,986 - picamera2.picamera2 - [picamera2.py:1391] - DEBUG - Execute job: <picamera2.job.Job object at 0x7f6a01d410>
2026-07-01 21:43:39,990 - mazeUtils.device.camera - [camera.py:39] - DEBUG - Average HSV: H=107.0, S=255.0, V=231.7
2026-07-01 21:43:39,998 - mazeUtils.moveTile - [moveTile.py:90] - DEBUG - [1128.118029] moveTile calculated motor speeds left=100 right=72 gyroSteer=38.60000000000002 wallSteer=0.0 (+23.2 ms)
2026-07-01 21:43:40,023 - mazeUtils.moveTile - [moveTile.py:90] - DEBUG - [1128.143304] moveTile applied motor speed left=100 right=72 (+25.3 ms)
2026-07-01 21:43:40,027 - mazeUtils.moveTile - [moveTile.py:90] - DEBUG - [1128.147241] moveTile tile color check tempTileColor=E (+3.9 ms)
2026-07-01 21:43:40,028 - mazeUtils.moveTile - [moveTile.py:90] - DEBUG - [1128.147986] moveTile obstacle check escapeFlag=False (+0.7 ms)
2026-07-01 21:43:40,033 - mazeUtils.moveTile - [moveTile.py:90] - DEBUG - [1128.153301] moveTile ramp check isBigRamp=False (+5.3 ms)
2026-07-01 21:43:40,034 - mazeUtils.moveTile - [moveTile.py:79] - DEBUG - roll: 7.699999999999989 deg, practicalMoveTime: 0.5490439957292627 sec
2026-07-01 21:43:40,035 - mazeUtils.moveTile - [moveTile.py:2275] - DEBUG - moveTile loop time: 60.1 ms
2026-07-01 21:43:40,036 - mazeUtils.moveTile - [moveTile.py:90] - DEBUG - [1128.156250] moveTile loop end practicalMoveTime=0.549 (+2.9 ms)
2026-07-01 21:43:40,037 - mazeUtils.moveTile - [moveTile.py:90] - DEBUG - [1128.157142] moveTile loop start (+0.9 ms)
2026-07-01 21:43:40,047 - picamera2.picamera2 - [picamera2.py:1391] - DEBUG - Execute job: <picamera2.job.Job object at 0x7f872b0190>
2026-07-01 21:43:40,051 - mazeUtils.device.camera - [camera.py:39] - DEBUG - Average HSV: H=107.0, S=255.0, V=230.3
2026-07-01 21:43:40,060 - mazeUtils.moveTile - [moveTile.py:90] - DEBUG - [1128.180405] moveTile calculated motor speeds left=100 right=76 gyroSteer=34.27999999999997 wallSteer=0.0 (+23.3 ms)
2026-07-01 21:43:40,086 - mazeUtils.moveTile - [moveTile.py:90] - DEBUG - [1128.206658] moveTile applied motor speed left=100 right=76 (+26.3 ms)
2026-07-01 21:43:40,091 - mazeUtils.moveTile - [moveTile.py:90] - DEBUG - [1128.211172] moveTile tile color check tempTileColor=E (+4.5 ms)
2026-07-01 21:43:40,092 - mazeUtils.moveTile - [moveTile.py:90] - DEBUG - [1128.211918] moveTile obstacle check escapeFlag=False (+0.7 ms)
2026-07-01 21:43:40,098 - mazeUtils.moveTile - [moveTile.py:90] - DEBUG - [1128.218003] moveTile ramp check isBigRamp=False (+6.1 ms)
2026-07-01 21:43:40,099 - mazeUtils.moveTile - [moveTile.py:79] - DEBUG - roll: 11.129999999999995 deg, practicalMoveTime: 0.5994119299498423 sec
2026-07-01 21:43:40,100 - mazeUtils.moveTile - [moveTile.py:2275] - DEBUG - moveTile loop time: 62.6 ms
2026-07-01 21:43:40,100 - mazeUtils.moveTile - [moveTile.py:90] - DEBUG - [1128.220424] moveTile loop end practicalMoveTime=0.599 (+2.4 ms)
2026-07-01 21:43:40,101 - mazeUtils.moveTile - [moveTile.py:90] - DEBUG - [1128.220889] moveTile loop start (+0.5 ms)
2026-07-01 21:43:40,105 - picamera2.picamera2 - [picamera2.py:1391] - DEBUG - Execute job: <picamera2.job.Job object at 0x7f6a232750>
2026-07-01 21:43:40,110 - mazeUtils.device.camera - [camera.py:39] - DEBUG - Average HSV: H=107.1, S=254.9, V=224.8
2026-07-01 21:43:40,116 - mazeUtils.moveTile - [moveTile.py:90] - DEBUG - [1128.236406] moveTile calculated motor speeds left=100 right=82 gyroSteer=24.879999999999995 wallSteer=0.0 (+15.5 ms)
2026-07-01 21:43:40,142 - mazeUtils.moveTile - [moveTile.py:90] - DEBUG - [1128.261996] moveTile applied motor speed left=100 right=82 (+25.6 ms)
2026-07-01 21:43:40,145 - mazeUtils.moveTile - [moveTile.py:90] - DEBUG - [1128.265573] moveTile tile color check tempTileColor=E (+3.6 ms)
2026-07-01 21:43:40,146 - mazeUtils.moveTile - [moveTile.py:90] - DEBUG - [1128.266083] moveTile obstacle check escapeFlag=False (+0.5 ms)
2026-07-01 21:43:40,151 - mazeUtils.moveTile - [moveTile.py:90] - DEBUG - [1128.271566] moveTile ramp check isBigRamp=True (+5.5 ms)
2026-07-01 21:43:40,153 - mazeUtils.moveTile - [moveTile.py:79] - DEBUG - roll: 13.519999999999982 deg, practicalMoveTime: 0.6404772643711045 sec
2026-07-01 21:43:40,153 - mazeUtils.moveTile - [moveTile.py:2275] - DEBUG - moveTile loop time: 52.3 ms
2026-07-01 21:43:40,153 - mazeUtils.moveTile - [moveTile.py:90] - DEBUG - [1128.273572] moveTile loop end practicalMoveTime=0.640 (+2.0 ms)
2026-07-01 21:43:40,154 - mazeUtils.moveTile - [moveTile.py:90] - DEBUG - [1128.273859] moveTile loop start (+0.3 ms)
2026-07-01 21:43:40,162 - picamera2.picamera2 - [picamera2.py:1391] - DEBUG - Execute job: <picamera2.job.Job object at 0x7f9eea0910>
2026-07-01 21:43:40,170 - mazeUtils.device.camera - [camera.py:39] - DEBUG - Average HSV: H=108.0, S=252.2, V=216.9
2026-07-01 21:43:40,175 - mazeUtils.moveTile - [moveTile.py:90] - DEBUG - [1128.295584] moveTile calculated motor speeds left=100 right=83 gyroSteer=23.600000000000023 wallSteer=0.0 (+21.7 ms)
2026-07-01 21:43:40,196 - mazeUtils.moveTile - [moveTile.py:90] - DEBUG - [1128.315866] moveTile applied motor speed left=100 right=83 (+20.3 ms)
2026-07-01 21:43:40,199 - mazeUtils.moveTile - [moveTile.py:90] - DEBUG - [1128.319505] moveTile tile color check tempTileColor=E (+3.6 ms)
2026-07-01 21:43:40,200 - mazeUtils.moveTile - [moveTile.py:90] - DEBUG - [1128.320387] moveTile obstacle check escapeFlag=False (+0.9 ms)
2026-07-01 21:43:40,207 - mazeUtils.moveTile - [moveTile.py:90] - DEBUG - [1128.327337] moveTile ramp check isBigRamp=True (+6.9 ms)
2026-07-01 21:43:40,208 - mazeUtils.moveTile - [moveTile.py:79] - DEBUG - roll: 16.779999999999973 deg, practicalMoveTime: 0.6825864617612827 sec
2026-07-01 21:43:40,209 - mazeUtils.moveTile - [moveTile.py:2275] - DEBUG - moveTile loop time: 54.8 ms
2026-07-01 21:43:40,209 - mazeUtils.moveTile - [moveTile.py:90] - DEBUG - [1128.329082] moveTile loop end practicalMoveTime=0.683 (+1.7 ms)
2026-07-01 21:43:40,209 - mazeUtils.moveTile - [moveTile.py:90] - DEBUG - [1128.329372] moveTile loop start (+0.3 ms)
2026-07-01 21:43:40,218 - picamera2.picamera2 - [picamera2.py:1391] - DEBUG - Execute job: <picamera2.job.Job object at 0x7f6a232750>
2026-07-01 21:43:40,222 - mazeUtils.device.camera - [camera.py:39] - DEBUG - Average HSV: H=108.0, S=247.1, V=211.5
2026-07-01 21:43:40,229 - mazeUtils.moveTile - [moveTile.py:90] - DEBUG - [1128.349146] moveTile calculated motor speeds left=100 right=85 gyroSteer=21.039999999999964 wallSteer=0.0 (+19.8 ms)
2026-07-01 21:43:40,248 - mazeUtils.moveTile - [moveTile.py:90] - DEBUG - [1128.368136] moveTile applied motor speed left=100 right=85 (+19.0 ms)
2026-07-01 21:43:40,254 - mazeUtils.moveTile - [moveTile.py:90] - DEBUG - [1128.373689] moveTile tile color check tempTileColor=E (+5.6 ms)
2026-07-01 21:43:40,255 - mazeUtils.moveTile - [moveTile.py:90] - DEBUG - [1128.374788] moveTile obstacle check escapeFlag=False (+1.1 ms)
2026-07-01 21:43:40,260 - mazeUtils.moveTile - [moveTile.py:90] - DEBUG - [1128.380415] moveTile ramp check isBigRamp=True (+5.6 ms)
2026-07-01 21:43:40,261 - mazeUtils.moveTile - [moveTile.py:79] - DEBUG - roll: 20.110000000000014 deg, practicalMoveTime: 0.7218788612610484 sec
2026-07-01 21:43:40,261 - mazeUtils.moveTile - [moveTile.py:2275] - DEBUG - moveTile loop time: 52.1 ms
2026-07-01 21:43:40,262 - mazeUtils.moveTile - [moveTile.py:90] - DEBUG - [1128.381966] moveTile loop end practicalMoveTime=0.722 (+1.6 ms)
2026-07-01 21:43:40,262 - mazeUtils.moveTile - [moveTile.py:90] - DEBUG - [1128.382328] moveTile loop start (+0.4 ms)
2026-07-01 21:43:40,269 - picamera2.picamera2 - [picamera2.py:1391] - DEBUG - Execute job: <picamera2.job.Job object at 0x7f97c3e590>
2026-07-01 21:43:40,274 - mazeUtils.device.camera - [camera.py:39] - DEBUG - Average HSV: H=108.1, S=242.8, V=209.9
2026-07-01 21:43:40,279 - mazeUtils.moveTile - [moveTile.py:90] - DEBUG - [1128.399632] moveTile calculated motor speeds left=100 right=84 gyroSteer=21.799999999999955 wallSteer=0.0 (+17.3 ms)
2026-07-01 21:43:40,306 - mazeUtils.moveTile - [moveTile.py:90] - DEBUG - [1128.426029] moveTile applied motor speed left=100 right=84 (+26.4 ms)
2026-07-01 21:43:40,309 - mazeUtils.moveTile - [moveTile.py:90] - DEBUG - [1128.429656] moveTile tile color check tempTileColor=E (+3.6 ms)
2026-07-01 21:43:40,311 - mazeUtils.moveTile - [moveTile.py:90] - DEBUG - [1128.430668] moveTile obstacle check escapeFlag=False (+1.0 ms)
2026-07-01 21:43:40,315 - mazeUtils.moveTile - [moveTile.py:90] - DEBUG - [1128.435030] moveTile ramp check isBigRamp=True (+4.4 ms)
2026-07-01 21:43:40,315 - mazeUtils.moveTile - [moveTile.py:79] - DEBUG - roll: 22.29000000000002 deg, practicalMoveTime: 0.7618295302165022 sec
2026-07-01 21:43:40,316 - mazeUtils.moveTile - [moveTile.py:2275] - DEBUG - moveTile loop time: 53.6 ms
2026-07-01 21:43:40,316 - mazeUtils.moveTile - [moveTile.py:90] - DEBUG - [1128.436488] moveTile loop end practicalMoveTime=0.762 (+1.5 ms)
2026-07-01 21:43:40,317 - mazeUtils.moveTile - [moveTile.py:90] - DEBUG - [1128.436832] moveTile loop start (+0.3 ms)
2026-07-01 21:43:40,327 - picamera2.picamera2 - [picamera2.py:1391] - DEBUG - Execute job: <picamera2.job.Job object at 0x7f872b0fd0>
2026-07-01 21:43:40,331 - mazeUtils.device.camera - [camera.py:39] - DEBUG - Average HSV: H=109.0, S=231.7, V=199.7
2026-07-01 21:43:40,337 - mazeUtils.moveTile - [moveTile.py:90] - DEBUG - [1128.456992] moveTile calculated motor speeds left=100 right=80 gyroSteer=20.0 wallSteer=8.400000000000002 (+20.2 ms)
2026-07-01 21:43:40,357 - mazeUtils.moveTile - [moveTile.py:90] - DEBUG - [1128.477005] moveTile applied motor speed left=100 right=80 (+20.0 ms)
2026-07-01 21:43:40,361 - mazeUtils.moveTile - [moveTile.py:90] - DEBUG - [1128.481574] moveTile tile color check tempTileColor=E (+4.6 ms)
2026-07-01 21:43:40,362 - mazeUtils.moveTile - [moveTile.py:90] - DEBUG - [1128.482108] moveTile obstacle check escapeFlag=False (+0.5 ms)
2026-07-01 21:43:40,368 - mazeUtils.moveTile - [moveTile.py:90] - DEBUG - [1128.488377] moveTile ramp check isBigRamp=True (+6.3 ms)
2026-07-01 21:43:40,369 - mazeUtils.moveTile - [moveTile.py:79] - DEBUG - roll: 25.79000000000002 deg, practicalMoveTime: 0.8000229055598572 sec
2026-07-01 21:43:40,369 - mazeUtils.moveTile - [moveTile.py:2275] - DEBUG - moveTile loop time: 52.7 ms
2026-07-01 21:43:40,370 - mazeUtils.moveTile - [moveTile.py:90] - DEBUG - [1128.489911] moveTile loop end practicalMoveTime=0.800 (+1.5 ms)
2026-07-01 21:43:40,370 - mazeUtils.moveTile - [moveTile.py:90] - DEBUG - [1128.490200] moveTile loop start (+0.3 ms)
2026-07-01 21:43:40,377 - picamera2.picamera2 - [picamera2.py:1391] - DEBUG - Execute job: <picamera2.job.Job object at 0x7f872b0150>
2026-07-01 21:43:40,381 - mazeUtils.device.camera - [camera.py:39] - DEBUG - Average HSV: H=109.2, S=228.6, V=195.6
2026-07-01 21:43:40,387 - mazeUtils.moveTile - [moveTile.py:90] - DEBUG - [1128.506901] moveTile calculated motor speeds left=100 right=84 gyroSteer=12.759999999999991 wallSteer=9.2 (+16.7 ms)
2026-07-01 21:43:40,406 - mazeUtils.moveTile - [moveTile.py:90] - DEBUG - [1128.526438] moveTile applied motor speed left=100 right=84 (+19.5 ms)
2026-07-01 21:43:40,412 - mazeUtils.moveTile - [moveTile.py:90] - DEBUG - [1128.531830] moveTile tile color check tempTileColor=E (+5.4 ms)
2026-07-01 21:43:40,412 - mazeUtils.moveTile - [moveTile.py:90] - DEBUG - [1128.532384] moveTile obstacle check escapeFlag=False (+0.6 ms)
2026-07-01 21:43:40,419 - mazeUtils.moveTile - [moveTile.py:90] - DEBUG - [1128.538713] moveTile ramp check isBigRamp=True (+6.3 ms)
2026-07-01 21:43:40,419 - mazeUtils.moveTile - [moveTile.py:79] - DEBUG - roll: 25.71999999999997 deg, practicalMoveTime: 0.8358849638243774 sec
2026-07-01 21:43:40,420 - mazeUtils.moveTile - [moveTile.py:2275] - DEBUG - moveTile loop time: 49.6 ms
2026-07-01 21:43:40,420 - mazeUtils.moveTile - [moveTile.py:90] - DEBUG - [1128.540358] moveTile loop end practicalMoveTime=0.836 (+1.6 ms)
2026-07-01 21:43:40,421 - mazeUtils.moveTile - [moveTile.py:90] - DEBUG - [1128.540764] moveTile loop start (+0.4 ms)
2026-07-01 21:43:40,427 - picamera2.picamera2 - [picamera2.py:1391] - DEBUG - Execute job: <picamera2.job.Job object at 0x7f6a232750>
2026-07-01 21:43:40,433 - mazeUtils.device.camera - [camera.py:39] - DEBUG - Average HSV: H=109.0, S=229.4, V=199.2
2026-07-01 21:43:40,438 - mazeUtils.moveTile - [moveTile.py:90] - DEBUG - [1128.558009] moveTile calculated motor speeds left=100 right=86 gyroSteer=10.67999999999995 wallSteer=8.8 (+17.2 ms)
2026-07-01 21:43:40,457 - mazeUtils.moveTile - [moveTile.py:90] - DEBUG - [1128.577565] moveTile applied motor speed left=100 right=86 (+19.6 ms)
2026-07-01 21:43:40,462 - mazeUtils.moveTile - [moveTile.py:90] - DEBUG - [1128.582281] moveTile tile color check tempTileColor=E (+4.7 ms)
2026-07-01 21:43:40,463 - mazeUtils.moveTile - [moveTile.py:90] - DEBUG - [1128.582908] moveTile obstacle check escapeFlag=False (+0.6 ms)
2026-07-01 21:43:40,467 - mazeUtils.moveTile - [moveTile.py:90] - DEBUG - [1128.587322] moveTile ramp check isBigRamp=True (+4.4 ms)
2026-07-01 21:43:40,468 - mazeUtils.moveTile - [moveTile.py:79] - DEBUG - roll: 26.44999999999999 deg, practicalMoveTime: 0.8703146337120876 sec
2026-07-01 21:43:40,468 - mazeUtils.moveTile - [moveTile.py:2275] - DEBUG - moveTile loop time: 47.7 ms
2026-07-01 21:43:40,469 - mazeUtils.moveTile - [moveTile.py:90] - DEBUG - [1128.588879] moveTile loop end practicalMoveTime=0.870 (+1.6 ms)
2026-07-01 21:43:40,469 - mazeUtils.moveTile - [moveTile.py:90] - DEBUG - [1128.589182] moveTile loop start (+0.3 ms)
2026-07-01 21:43:40,479 - picamera2.picamera2 - [picamera2.py:1391] - DEBUG - Execute job: <picamera2.job.Job object at 0x7f9eeb5fd0>
2026-07-01 21:43:40,484 - mazeUtils.device.camera - [camera.py:39] - DEBUG - Average HSV: H=108.7, S=233.0, V=203.7
2026-07-01 21:43:40,490 - mazeUtils.moveTile - [moveTile.py:90] - DEBUG - [1128.610043] moveTile calculated motor speeds left=100 right=89 gyroSteer=6.080000000000041 wallSteer=8.799999999999997 (+20.9 ms)
2026-07-01 21:43:40,510 - mazeUtils.moveTile - [moveTile.py:90] - DEBUG - [1128.629823] moveTile applied motor speed left=100 right=89 (+19.8 ms)
2026-07-01 21:43:40,514 - mazeUtils.moveTile - [moveTile.py:90] - DEBUG - [1128.634300] moveTile tile color check tempTileColor=E (+4.5 ms)
2026-07-01 21:43:40,515 - mazeUtils.moveTile - [moveTile.py:90] - DEBUG - [1128.634822] moveTile obstacle check escapeFlag=False (+0.5 ms)
2026-07-01 21:43:40,521 - mazeUtils.moveTile - [moveTile.py:90] - DEBUG - [1128.641546] moveTile ramp check isBigRamp=True (+6.7 ms)
2026-07-01 21:43:40,522 - mazeUtils.moveTile - [moveTile.py:79] - DEBUG - roll: 25.620000000000005 deg, practicalMoveTime: 0.9089851585497508 sec
2026-07-01 21:43:40,523 - mazeUtils.moveTile - [moveTile.py:2275] - DEBUG - moveTile loop time: 53.4 ms
2026-07-01 21:43:40,523 - mazeUtils.moveTile - [moveTile.py:90] - DEBUG - [1128.643065] moveTile loop end practicalMoveTime=0.909 (+1.5 ms)
2026-07-01 21:43:40,523 - mazeUtils.moveTile - [moveTile.py:90] - DEBUG - [1128.643394] moveTile loop start (+0.3 ms)
2026-07-01 21:43:40,529 - picamera2.picamera2 - [picamera2.py:1391] - DEBUG - Execute job: <picamera2.job.Job object at 0x7f95b07c10>
2026-07-01 21:43:40,533 - mazeUtils.device.camera - [camera.py:39] - DEBUG - Average HSV: H=108.1, S=238.5, V=210.8
2026-07-01 21:43:40,543 - mazeUtils.moveTile - [moveTile.py:90] - DEBUG - [1128.663299] moveTile calculated motor speeds left=100 right=87 gyroSteer=7.8799999999999955 wallSteer=9.600000000000001 (+19.9 ms)
2026-07-01 21:43:40,571 - mazeUtils.moveTile - [moveTile.py:90] - DEBUG - [1128.691343] moveTile applied motor speed left=100 right=87 (+28.0 ms)
2026-07-01 21:43:40,575 - mazeUtils.moveTile - [moveTile.py:90] - DEBUG - [1128.694950] moveTile tile color check tempTileColor=E (+3.6 ms)
2026-07-01 21:43:40,575 - mazeUtils.moveTile - [moveTile.py:90] - DEBUG - [1128.695580] moveTile obstacle check escapeFlag=False (+0.6 ms)
2026-07-01 21:43:40,582 - mazeUtils.moveTile - [moveTile.py:90] - DEBUG - [1128.701732] moveTile ramp check isBigRamp=True (+6.2 ms)
2026-07-01 21:43:40,582 - mazeUtils.moveTile - [moveTile.py:90] - DEBUG - [1128.702304] moveTile loop start (+0.6 ms)
2026-07-01 21:43:40,588 - picamera2.picamera2 - [picamera2.py:1391] - DEBUG - Execute job: <picamera2.job.Job object at 0x7f6a232750>
2026-07-01 21:43:40,592 - mazeUtils.device.camera - [camera.py:39] - DEBUG - Average HSV: H=106.2, S=251.6, V=235.4
2026-07-01 21:43:40,598 - mazeUtils.moveTile - [moveTile.py:90] - DEBUG - [1128.718315] moveTile calculated motor speeds left=100 right=89 gyroSteer=4.399999999999977 wallSteer=10.4 (+16.0 ms)
2026-07-01 21:43:40,618 - mazeUtils.moveTile - [moveTile.py:90] - DEBUG - [1128.738165] moveTile applied motor speed left=100 right=89 (+19.9 ms)
2026-07-01 21:43:40,622 - mazeUtils.moveTile - [moveTile.py:90] - DEBUG - [1128.742638] moveTile tile color check tempTileColor=E (+4.5 ms)
2026-07-01 21:43:40,623 - mazeUtils.moveTile - [moveTile.py:90] - DEBUG - [1128.743189] moveTile obstacle check escapeFlag=False (+0.6 ms)
2026-07-01 21:43:40,632 - mazeUtils.moveTile - [moveTile.py:90] - DEBUG - [1128.752262] moveTile ramp check isBigRamp=True (+9.1 ms)
2026-07-01 21:43:40,633 - mazeUtils.moveTile - [moveTile.py:79] - DEBUG - roll: 26.24000000000001 deg, practicalMoveTime: 0.9883717481851684 sec
2026-07-01 21:43:40,634 - mazeUtils.moveTile - [moveTile.py:2275] - DEBUG - moveTile loop time: 51.5 ms
2026-07-01 21:43:40,634 - mazeUtils.moveTile - [moveTile.py:90] - DEBUG - [1128.754423] moveTile loop end practicalMoveTime=0.988 (+2.2 ms)
2026-07-01 21:43:40,635 - mazeUtils.moveTile - [moveTile.py:90] - DEBUG - [1128.754806] moveTile loop start (+0.4 ms)
2026-07-01 21:43:40,645 - picamera2.picamera2 - [picamera2.py:1391] - DEBUG - Execute job: <picamera2.job.Job object at 0x7f9eea0910>
2026-07-01 21:43:40,649 - mazeUtils.device.camera - [camera.py:39] - DEBUG - Average HSV: H=106.4, S=252.4, V=230.8
2026-07-01 21:43:40,657 - mazeUtils.moveTile - [moveTile.py:90] - DEBUG - [1128.777300] moveTile calculated motor speeds left=100 right=89 gyroSteer=3.919999999999959 wallSteer=10.4 (+22.5 ms)
2026-07-01 21:43:40,677 - mazeUtils.moveTile - [moveTile.py:90] - DEBUG - [1128.797300] moveTile applied motor speed left=100 right=89 (+20.0 ms)
2026-07-01 21:43:40,681 - mazeUtils.moveTile - [moveTile.py:90] - DEBUG - [1128.801061] moveTile tile color check tempTileColor=E (+3.8 ms)
2026-07-01 21:43:40,682 - mazeUtils.moveTile - [moveTile.py:90] - DEBUG - [1128.801874] moveTile obstacle check escapeFlag=False (+0.8 ms)
2026-07-01 21:43:40,687 - mazeUtils.moveTile - [moveTile.py:90] - DEBUG - [1128.807126] moveTile ramp check isBigRamp=True (+5.3 ms)
2026-07-01 21:43:40,688 - mazeUtils.moveTile - [moveTile.py:79] - DEBUG - roll: 25.670000000000016 deg, practicalMoveTime: 1.0271966100557741 sec
2026-07-01 21:43:40,688 - mazeUtils.moveTile - [moveTile.py:2275] - DEBUG - moveTile loop time: 53.4 ms
2026-07-01 21:43:40,688 - mazeUtils.moveTile - [moveTile.py:90] - DEBUG - [1128.808611] moveTile loop end practicalMoveTime=1.027 (+1.5 ms)
2026-07-01 21:43:40,689 - mazeUtils.moveTile - [moveTile.py:90] - DEBUG - [1128.808890] moveTile loop start (+0.3 ms)
2026-07-01 21:43:40,695 - picamera2.picamera2 - [picamera2.py:1391] - DEBUG - Execute job: <picamera2.job.Job object at 0x7f95b07c10>
2026-07-01 21:43:40,700 - mazeUtils.device.camera - [camera.py:39] - DEBUG - Average HSV: H=110.7, S=243.0, V=177.9
2026-07-01 21:43:40,712 - mazeUtils.moveTile - [moveTile.py:90] - DEBUG - [1128.832187] moveTile calculated motor speeds left=100 right=90 gyroSteer=3.2799999999999727 wallSteer=9.999999999999998 (+23.3 ms)
2026-07-01 21:43:40,733 - mazeUtils.moveTile - [moveTile.py:90] - DEBUG - [1128.853410] moveTile applied motor speed left=100 right=90 (+21.2 ms)
2026-07-01 21:43:40,737 - mazeUtils.moveTile - [moveTile.py:90] - DEBUG - [1128.857287] moveTile tile color check tempTileColor=E (+3.9 ms)
2026-07-01 21:43:40,738 - mazeUtils.moveTile - [moveTile.py:90] - DEBUG - [1128.857959] moveTile obstacle check escapeFlag=False (+0.7 ms)
2026-07-01 21:43:40,742 - mazeUtils.moveTile - [moveTile.py:90] - DEBUG - [1128.862368] moveTile ramp check isBigRamp=True (+4.4 ms)
2026-07-01 21:43:40,744 - mazeUtils.moveTile - [moveTile.py:79] - DEBUG - roll: 26.659999999999968 deg, practicalMoveTime: 1.0667806131133055 sec
2026-07-01 21:43:40,744 - mazeUtils.moveTile - [moveTile.py:2275] - DEBUG - moveTile loop time: 55.6 ms
2026-07-01 21:43:40,745 - mazeUtils.moveTile - [moveTile.py:90] - DEBUG - [1128.865350] moveTile loop end practicalMoveTime=1.067 (+3.0 ms)
2026-07-01 21:43:40,745 - mazeUtils.moveTile - [moveTile.py:90] - DEBUG - [1128.865682] moveTile loop start (+0.3 ms)
2026-07-01 21:43:40,754 - picamera2.picamera2 - [picamera2.py:1391] - DEBUG - Execute job: <picamera2.job.Job object at 0x7f6a232750>
2026-07-01 21:43:40,759 - mazeUtils.device.camera - [camera.py:39] - DEBUG - Average HSV: H=110.6, S=244.1, V=181.9
2026-07-01 21:43:40,764 - mazeUtils.moveTile - [moveTile.py:90] - DEBUG - [1128.884337] moveTile calculated motor speeds left=100 right=93 gyroSteer=0.0 wallSteer=9.999999999999998 (+18.7 ms)
2026-07-01 21:43:40,785 - mazeUtils.moveTile - [moveTile.py:90] - DEBUG - [1128.905105] moveTile applied motor speed left=100 right=93 (+20.8 ms)
2026-07-01 21:43:40,789 - mazeUtils.moveTile - [moveTile.py:90] - DEBUG - [1128.909165] moveTile tile color check tempTileColor=E (+4.1 ms)
2026-07-01 21:43:40,789 - mazeUtils.moveTile - [moveTile.py:90] - DEBUG - [1128.909690] moveTile obstacle check escapeFlag=False (+0.5 ms)
2026-07-01 21:43:40,800 - mazeUtils.moveTile - [moveTile.py:90] - DEBUG - [1128.920327] moveTile ramp check isBigRamp=True (+10.6 ms)
2026-07-01 21:43:40,801 - mazeUtils.moveTile - [moveTile.py:79] - DEBUG - roll: 25.889999999999986 deg, practicalMoveTime: 1.1073834679595354 sec
2026-07-01 21:43:40,801 - mazeUtils.moveTile - [moveTile.py:2275] - DEBUG - moveTile loop time: 55.7 ms
2026-07-01 21:43:40,802 - mazeUtils.moveTile - [moveTile.py:90] - DEBUG - [1128.921795] moveTile loop end practicalMoveTime=1.107 (+1.5 ms)
2026-07-01 21:43:40,802 - mazeUtils.moveTile - [moveTile.py:90] - DEBUG - [1128.922049] moveTile loop start (+0.3 ms)
2026-07-01 21:43:40,809 - picamera2.picamera2 - [picamera2.py:1391] - DEBUG - Execute job: <picamera2.job.Job object at 0x7f97c3e5d0>
2026-07-01 21:43:40,813 - mazeUtils.device.camera - [camera.py:39] - DEBUG - Average HSV: H=110.5, S=249.8, V=184.8
2026-07-01 21:43:40,817 - mazeUtils.moveTile - [moveTile.py:90] - DEBUG - [1128.937659] moveTile calculated motor speeds left=100 right=91 gyroSteer=2.7200000000000273 wallSteer=10.0 (+15.6 ms)
2026-07-01 21:43:40,838 - mazeUtils.moveTile - [moveTile.py:90] - DEBUG - [1128.957726] moveTile applied motor speed left=100 right=91 (+20.1 ms)
2026-07-01 21:43:40,841 - mazeUtils.moveTile - [moveTile.py:90] - DEBUG - [1128.961207] moveTile tile color check tempTileColor=E (+3.5 ms)
2026-07-01 21:43:40,842 - mazeUtils.moveTile - [moveTile.py:90] - DEBUG - [1128.961752] moveTile obstacle check escapeFlag=False (+0.5 ms)
2026-07-01 21:43:40,849 - mazeUtils.moveTile - [moveTile.py:90] - DEBUG - [1128.969110] moveTile ramp check isBigRamp=True (+7.4 ms)
2026-07-01 21:43:40,850 - mazeUtils.moveTile - [moveTile.py:79] - DEBUG - roll: 25.360000000000014 deg, practicalMoveTime: 1.1425022704814491 sec
2026-07-01 21:43:40,851 - mazeUtils.moveTile - [moveTile.py:2275] - DEBUG - moveTile loop time: 48.8 ms
2026-07-01 21:43:40,851 - mazeUtils.moveTile - [moveTile.py:90] - DEBUG - [1128.971474] moveTile loop end practicalMoveTime=1.143 (+2.4 ms)
2026-07-01 21:43:40,852 - mazeUtils.moveTile - [moveTile.py:90] - DEBUG - [1128.971904] moveTile loop start (+0.4 ms)
2026-07-01 21:43:40,857 - picamera2.picamera2 - [picamera2.py:1391] - DEBUG - Execute job: <picamera2.job.Job object at 0x7f6a232750>
2026-07-01 21:43:40,861 - mazeUtils.device.camera - [camera.py:39] - DEBUG - Average HSV: H=110.6, S=252.4, V=185.9
2026-07-01 21:43:40,867 - mazeUtils.moveTile - [moveTile.py:90] - DEBUG - [1128.987307] moveTile calculated motor speeds left=100 right=93 gyroSteer=-0.5599999999999454 wallSteer=9.2 (+15.4 ms)
2026-07-01 21:43:40,887 - mazeUtils.moveTile - [moveTile.py:90] - DEBUG - [1129.006722] moveTile applied motor speed left=100 right=93 (+19.4 ms)
2026-07-01 21:43:40,890 - mazeUtils.moveTile - [moveTile.py:90] - DEBUG - [1129.010460] moveTile tile color check tempTileColor=E (+3.7 ms)
2026-07-01 21:43:40,891 - mazeUtils.moveTile - [moveTile.py:90] - DEBUG - [1129.011014] moveTile obstacle check escapeFlag=False (+0.6 ms)
2026-07-01 21:43:40,900 - mazeUtils.moveTile - [moveTile.py:90] - DEBUG - [1129.020490] moveTile ramp check isBigRamp=True (+9.5 ms)
2026-07-01 21:43:40,901 - mazeUtils.moveTile - [moveTile.py:79] - DEBUG - roll: 25.94999999999999 deg, practicalMoveTime: 1.1786267272916602 sec
2026-07-01 21:43:40,902 - mazeUtils.moveTile - [moveTile.py:2275] - DEBUG - moveTile loop time: 49.7 ms
2026-07-01 21:43:40,902 - mazeUtils.moveTile - [moveTile.py:90] - DEBUG - [1129.022069] moveTile loop end practicalMoveTime=1.179 (+1.6 ms)
2026-07-01 21:43:40,902 - mazeUtils.moveTile - [moveTile.py:90] - DEBUG - [1129.022343] moveTile loop start (+0.3 ms)
2026-07-01 21:43:40,907 - picamera2.picamera2 - [picamera2.py:1391] - DEBUG - Execute job: <picamera2.job.Job object at 0x7f9eeb5fd0>
2026-07-01 21:43:40,913 - mazeUtils.device.camera - [camera.py:39] - DEBUG - Average HSV: H=110.6, S=254.9, V=188.3
2026-07-01 21:43:40,919 - mazeUtils.moveTile - [moveTile.py:90] - DEBUG - [1129.039087] moveTile calculated motor speeds left=100 right=93 gyroSteer=0.2799999999999727 wallSteer=9.599999999999998 (+16.7 ms)
2026-07-01 21:43:40,938 - mazeUtils.moveTile - [moveTile.py:90] - DEBUG - [1129.058025] moveTile applied motor speed left=100 right=93 (+18.9 ms)
2026-07-01 21:43:40,943 - mazeUtils.moveTile - [moveTile.py:90] - DEBUG - [1129.063312] moveTile tile color check tempTileColor=E (+5.3 ms)
2026-07-01 21:43:40,944 - mazeUtils.moveTile - [moveTile.py:90] - DEBUG - [1129.064223] moveTile obstacle check escapeFlag=False (+0.9 ms)
2026-07-01 21:43:40,951 - mazeUtils.moveTile - [moveTile.py:90] - DEBUG - [1129.071367] moveTile ramp check isBigRamp=True (+7.1 ms)
2026-07-01 21:43:40,952 - mazeUtils.moveTile - [moveTile.py:79] - DEBUG - roll: 25.49000000000001 deg, practicalMoveTime: 1.2150974184177437 sec
2026-07-01 21:43:40,953 - mazeUtils.moveTile - [moveTile.py:2275] - DEBUG - moveTile loop time: 50.8 ms
2026-07-01 21:43:40,953 - mazeUtils.moveTile - [moveTile.py:90] - DEBUG - [1129.073661] moveTile loop end practicalMoveTime=1.215 (+2.3 ms)
2026-07-01 21:43:40,955 - mazeUtils.moveTile - [moveTile.py:90] - DEBUG - [1129.075524] moveTile loop start (+1.9 ms)
2026-07-01 21:43:40,963 - picamera2.picamera2 - [picamera2.py:1391] - DEBUG - Execute job: <picamera2.job.Job object at 0x7f9eea0790>
2026-07-01 21:43:40,968 - mazeUtils.device.camera - [camera.py:39] - DEBUG - Average HSV: H=110.7, S=254.9, V=188.9
2026-07-01 21:43:40,979 - mazeUtils.moveTile - [moveTile.py:90] - DEBUG - [1129.099535] moveTile calculated motor speeds left=100 right=96 gyroSteer=-5.279999999999973 wallSteer=10.0 (+24.0 ms)
2026-07-01 21:43:41,005 - mazeUtils.moveTile - [moveTile.py:90] - DEBUG - [1129.125312] moveTile applied motor speed left=100 right=96 (+25.8 ms)
2026-07-01 21:43:41,009 - mazeUtils.moveTile - [moveTile.py:90] - DEBUG - [1129.128941] moveTile tile color check tempTileColor=E (+3.6 ms)
2026-07-01 21:43:41,009 - mazeUtils.moveTile - [moveTile.py:90] - DEBUG - [1129.129474] moveTile obstacle check escapeFlag=False (+0.5 ms)
2026-07-01 21:43:41,014 - mazeUtils.moveTile - [moveTile.py:90] - DEBUG - [1129.134618] moveTile ramp check isBigRamp=True (+5.1 ms)
2026-07-01 21:43:41,015 - mazeUtils.moveTile - [moveTile.py:79] - DEBUG - roll: 27.99000000000001 deg, practicalMoveTime: 1.2591220706412383 sec
2026-07-01 21:43:41,016 - mazeUtils.moveTile - [moveTile.py:2275] - DEBUG - moveTile loop time: 60.5 ms
2026-07-01 21:43:41,016 - mazeUtils.moveTile - [moveTile.py:90] - DEBUG - [1129.136517] moveTile loop end practicalMoveTime=1.259 (+1.9 ms)
2026-07-01 21:43:41,017 - mazeUtils.moveTile - [moveTile.py:90] - DEBUG - [1129.136807] moveTile loop start (+0.3 ms)
2026-07-01 21:43:41,028 - picamera2.picamera2 - [picamera2.py:1391] - DEBUG - Execute job: <picamera2.job.Job object at 0x7f9eea0910>
2026-07-01 21:43:41,032 - mazeUtils.device.camera - [camera.py:39] - DEBUG - Average HSV: H=111.0, S=254.9, V=188.2
2026-07-01 21:43:41,038 - mazeUtils.moveTile - [moveTile.py:90] - DEBUG - [1129.157815] moveTile calculated motor speeds left=100 right=93 gyroSteer=-1.2000000000000455 wallSteer=10.0 (+21.0 ms)
2026-07-01 21:43:41,059 - mazeUtils.moveTile - [moveTile.py:90] - DEBUG - [1129.178967] moveTile applied motor speed left=100 right=93 (+21.2 ms)
2026-07-01 21:43:41,062 - mazeUtils.moveTile - [moveTile.py:90] - DEBUG - [1129.182553] moveTile tile color check tempTileColor=E (+3.6 ms)
2026-07-01 21:43:41,063 - mazeUtils.moveTile - [moveTile.py:90] - DEBUG - [1129.183142] moveTile obstacle check escapeFlag=False (+0.6 ms)
2026-07-01 21:43:41,067 - mazeUtils.moveTile - [moveTile.py:90] - DEBUG - [1129.187286] moveTile ramp check isBigRamp=True (+4.1 ms)
2026-07-01 21:43:41,068 - mazeUtils.moveTile - [moveTile.py:79] - DEBUG - roll: 28.0 deg, practicalMoveTime: 1.2957179957279494 sec
2026-07-01 21:43:41,069 - mazeUtils.moveTile - [moveTile.py:2275] - DEBUG - moveTile loop time: 51.8 ms
2026-07-01 21:43:41,069 - mazeUtils.moveTile - [moveTile.py:90] - DEBUG - [1129.189181] moveTile loop end practicalMoveTime=1.296 (+1.9 ms)
2026-07-01 21:43:41,069 - mazeUtils.moveTile - [moveTile.py:90] - DEBUG - [1129.189608] moveTile loop start (+0.4 ms)
2026-07-01 21:43:41,076 - picamera2.picamera2 - [picamera2.py:1391] - DEBUG - Execute job: <picamera2.job.Job object at 0x7f872b0150>
2026-07-01 21:43:41,081 - mazeUtils.device.camera - [camera.py:39] - DEBUG - Average HSV: H=111.0, S=254.9, V=189.1
2026-07-01 21:43:41,087 - mazeUtils.moveTile - [moveTile.py:90] - DEBUG - [1129.206715] moveTile calculated motor speeds left=100 right=92 gyroSteer=0.4800000000000182 wallSteer=10.399999999999999 (+17.1 ms)
2026-07-01 21:43:41,107 - mazeUtils.moveTile - [moveTile.py:90] - DEBUG - [1129.227149] moveTile applied motor speed left=100 right=92 (+20.4 ms)
2026-07-01 21:43:41,112 - mazeUtils.moveTile - [moveTile.py:90] - DEBUG - [1129.231757] moveTile tile color check tempTileColor=E (+4.6 ms)
2026-07-01 21:43:41,113 - mazeUtils.moveTile - [moveTile.py:90] - DEBUG - [1129.232863] moveTile obstacle check escapeFlag=False (+1.1 ms)
2026-07-01 21:43:41,117 - mazeUtils.moveTile - [moveTile.py:90] - DEBUG - [1129.237089] moveTile ramp check isBigRamp=True (+4.2 ms)
2026-07-01 21:43:41,118 - mazeUtils.moveTile - [moveTile.py:79] - DEBUG - roll: 26.74000000000001 deg, practicalMoveTime: 1.3308658841023364 sec
2026-07-01 21:43:41,118 - mazeUtils.moveTile - [moveTile.py:2275] - DEBUG - moveTile loop time: 48.9 ms
2026-07-01 21:43:41,119 - mazeUtils.moveTile - [moveTile.py:90] - DEBUG - [1129.239539] moveTile loop end practicalMoveTime=1.331 (+2.4 ms)
2026-07-01 21:43:41,120 - mazeUtils.moveTile - [moveTile.py:90] - DEBUG - [1129.240336] moveTile loop start (+0.8 ms)
2026-07-01 21:43:41,125 - picamera2.picamera2 - [picamera2.py:1391] - DEBUG - Execute job: <picamera2.job.Job object at 0x7f9eeb5fd0>
2026-07-01 21:43:41,130 - mazeUtils.device.camera - [camera.py:39] - DEBUG - Average HSV: H=111.0, S=254.9, V=191.1
2026-07-01 21:43:41,137 - mazeUtils.moveTile - [moveTile.py:90] - DEBUG - [1129.256822] moveTile calculated motor speeds left=97 right=100 gyroSteer=0.4800000000000182 wallSteer=-3.6000000000000014 (+16.5 ms)
2026-07-01 21:43:41,156 - mazeUtils.moveTile - [moveTile.py:90] - DEBUG - [1129.276401] moveTile applied motor speed left=97 right=100 (+19.6 ms)
2026-07-01 21:43:41,160 - mazeUtils.moveTile - [moveTile.py:90] - DEBUG - [1129.279813] moveTile tile color check tempTileColor=E (+3.4 ms)
2026-07-01 21:43:41,160 - mazeUtils.moveTile - [moveTile.py:90] - DEBUG - [1129.280344] moveTile obstacle check escapeFlag=False (+0.5 ms)
2026-07-01 21:43:41,166 - mazeUtils.moveTile - [moveTile.py:90] - DEBUG - [1129.285871] moveTile ramp check isBigRamp=True (+5.5 ms)
2026-07-01 21:43:41,166 - mazeUtils.moveTile - [moveTile.py:79] - DEBUG - roll: 21.70999999999998 deg, practicalMoveTime: 1.3665354347240182 sec
2026-07-01 21:43:41,167 - mazeUtils.moveTile - [moveTile.py:2275] - DEBUG - moveTile loop time: 46.7 ms
2026-07-01 21:43:41,167 - mazeUtils.moveTile - [moveTile.py:90] - DEBUG - [1129.287468] moveTile loop end practicalMoveTime=1.367 (+1.6 ms)
2026-07-01 21:43:41,168 - mazeUtils.moveTile - [moveTile.py:90] - DEBUG - [1129.287763] moveTile loop start (+0.3 ms)
2026-07-01 21:43:41,177 - picamera2.picamera2 - [picamera2.py:1391] - DEBUG - Execute job: <picamera2.job.Job object at 0x7f872b0050>
2026-07-01 21:43:41,182 - mazeUtils.device.camera - [camera.py:39] - DEBUG - Average HSV: H=110.4, S=254.9, V=195.7
2026-07-01 21:43:41,190 - mazeUtils.moveTile - [moveTile.py:90] - DEBUG - [1129.310381] moveTile calculated motor speeds left=97 right=100 gyroSteer=3.3199999999999363 wallSteer=-6.800000000000001 (+22.6 ms)
2026-07-01 21:43:41,211 - mazeUtils.moveTile - [moveTile.py:90] - DEBUG - [1129.331338] moveTile applied motor speed left=97 right=100 (+21.0 ms)
2026-07-01 21:43:41,215 - mazeUtils.moveTile - [moveTile.py:90] - DEBUG - [1129.335492] moveTile tile color check tempTileColor=E (+4.2 ms)
2026-07-01 21:43:41,216 - mazeUtils.moveTile - [moveTile.py:90] - DEBUG - [1129.336369] moveTile obstacle check escapeFlag=False (+0.9 ms)
2026-07-01 21:43:41,220 - mazeUtils.moveTile - [moveTile.py:90] - DEBUG - [1129.340666] moveTile ramp check isBigRamp=True (+4.3 ms)
2026-07-01 21:43:41,221 - mazeUtils.moveTile - [moveTile.py:79] - DEBUG - roll: 13.449999999999989 deg, practicalMoveTime: 1.4087829588505156 sec
2026-07-01 21:43:41,222 - mazeUtils.moveTile - [moveTile.py:2275] - DEBUG - moveTile loop time: 54.2 ms
2026-07-01 21:43:41,222 - mazeUtils.moveTile - [moveTile.py:90] - DEBUG - [1129.342435] moveTile loop end practicalMoveTime=1.409 (+1.8 ms)
2026-07-01 21:43:41,223 - mazeUtils.moveTile - [moveTile.py:90] - DEBUG - [1129.342808] moveTile loop start (+0.4 ms)
2026-07-01 21:43:41,230 - picamera2.picamera2 - [picamera2.py:1391] - DEBUG - Execute job: <picamera2.job.Job object at 0x7f6a01d410>
2026-07-01 21:43:41,234 - mazeUtils.device.camera - [camera.py:39] - DEBUG - Average HSV: H=109.5, S=251.2, V=198.4
2026-07-01 21:43:41,240 - mazeUtils.moveTile - [moveTile.py:90] - DEBUG - [1129.360252] moveTile calculated motor speeds left=100 right=99 gyroSteer=0.7200000000000273 wallSteer=-0.3999999999999986 (+17.4 ms)
2026-07-01 21:43:41,266 - mazeUtils.moveTile - [moveTile.py:90] - DEBUG - [1129.386344] moveTile applied motor speed left=100 right=99 (+26.1 ms)
2026-07-01 21:43:41,270 - mazeUtils.moveTile - [moveTile.py:90] - DEBUG - [1129.390043] moveTile tile color check tempTileColor=E (+3.7 ms)
2026-07-01 21:43:41,270 - mazeUtils.moveTile - [moveTile.py:90] - DEBUG - [1129.390678] moveTile obstacle check escapeFlag=False (+0.6 ms)
2026-07-01 21:43:41,275 - mazeUtils.moveTile - [moveTile.py:90] - DEBUG - [1129.395052] moveTile ramp check isBigRamp=False (+4.4 ms)
2026-07-01 21:43:41,276 - mazeUtils.moveTile - [moveTile.py:79] - DEBUG - roll: 10.069999999999993 deg, practicalMoveTime: 1.4513241396501795 sec
2026-07-01 21:43:41,277 - mazeUtils.moveTile - [moveTile.py:2275] - DEBUG - moveTile loop time: 54.3 ms
2026-07-01 21:43:41,278 - mazeUtils.moveTile - [moveTile.py:90] - DEBUG - [1129.397743] moveTile loop end practicalMoveTime=1.451 (+2.7 ms)
2026-07-01 21:43:41,278 - mazeUtils.moveTile - [moveTile.py:90] - DEBUG - [1129.398180] moveTile loop start (+0.4 ms)
2026-07-01 21:43:41,287 - picamera2.picamera2 - [picamera2.py:1391] - DEBUG - Execute job: <picamera2.job.Job object at 0x7f6a232750>
2026-07-01 21:43:41,292 - mazeUtils.device.camera - [camera.py:39] - DEBUG - Average HSV: H=108.2, S=236.2, V=204.5
2026-07-01 21:43:41,298 - mazeUtils.moveTile - [moveTile.py:90] - DEBUG - [1129.417845] moveTile calculated motor speeds left=100 right=94 gyroSteer=9.67999999999995 wallSteer=-1.1999999999999993 (+19.7 ms)
2026-07-01 21:43:41,317 - mazeUtils.moveTile - [moveTile.py:90] - DEBUG - [1129.437387] moveTile applied motor speed left=100 right=94 (+19.5 ms)
2026-07-01 21:43:41,321 - mazeUtils.moveTile - [moveTile.py:90] - DEBUG - [1129.441472] moveTile tile color check tempTileColor=E (+4.1 ms)
2026-07-01 21:43:41,322 - mazeUtils.moveTile - [moveTile.py:90] - DEBUG - [1129.442163] moveTile obstacle check escapeFlag=False (+0.7 ms)
2026-07-01 21:43:41,333 - mazeUtils.moveTile - [moveTile.py:90] - DEBUG - [1129.452999] moveTile ramp check isBigRamp=False (+10.8 ms)
2026-07-01 21:43:41,334 - mazeUtils.moveTile - [moveTile.py:79] - DEBUG - roll: 8.20999999999998 deg, practicalMoveTime: 1.4962502126202184 sec
2026-07-01 21:43:41,334 - mazeUtils.moveTile - [moveTile.py:2275] - DEBUG - moveTile loop time: 56.3 ms
2026-07-01 21:43:41,335 - mazeUtils.moveTile - [moveTile.py:90] - DEBUG - [1129.454981] moveTile loop end practicalMoveTime=1.496 (+2.0 ms)
2026-07-01 21:43:41,335 - mazeUtils.moveTile - [moveTile.py:90] - DEBUG - [1129.455358] moveTile loop start (+0.4 ms)
2026-07-01 21:43:41,341 - picamera2.picamera2 - [picamera2.py:1391] - DEBUG - Execute job: <picamera2.job.Job object at 0x7f9ef87a90>
2026-07-01 21:43:41,345 - mazeUtils.device.camera - [camera.py:39] - DEBUG - Average HSV: H=106.7, S=228.6, V=215.2
2026-07-01 21:43:41,353 - mazeUtils.moveTile - [moveTile.py:90] - DEBUG - [1129.473254] moveTile calculated motor speeds left=100 right=95 gyroSteer=6.960000000000036 wallSteer=0.0 (+17.9 ms)
2026-07-01 21:43:41,373 - mazeUtils.moveTile - [moveTile.py:90] - DEBUG - [1129.493382] moveTile applied motor speed left=100 right=95 (+20.1 ms)
2026-07-01 21:43:41,377 - mazeUtils.moveTile - [moveTile.py:90] - DEBUG - [1129.497590] moveTile tile color check tempTileColor=E (+4.2 ms)
2026-07-01 21:43:41,378 - mazeUtils.moveTile - [moveTile.py:90] - DEBUG - [1129.498083] moveTile obstacle check escapeFlag=False (+0.5 ms)
2026-07-01 21:43:41,382 - mazeUtils.moveTile - [moveTile.py:90] - DEBUG - [1129.502297] moveTile ramp check isBigRamp=False (+4.2 ms)
2026-07-01 21:43:41,383 - mazeUtils.moveTile - [moveTile.py:79] - DEBUG - roll: 2.1100000000000136 deg, practicalMoveTime: 1.5448679681687008 sec
2026-07-01 21:43:41,384 - mazeUtils.moveTile - [moveTile.py:2275] - DEBUG - moveTile loop time: 48.3 ms
2026-07-01 21:43:41,384 - mazeUtils.moveTile - [moveTile.py:90] - DEBUG - [1129.504083] moveTile loop end practicalMoveTime=1.545 (+1.8 ms)
2026-07-01 21:43:41,384 - mazeUtils.moveTile - [moveTile.py:90] - DEBUG - [1129.504443] moveTile loop start (+0.4 ms)
2026-07-01 21:43:41,396 - picamera2.picamera2 - [picamera2.py:1391] - DEBUG - Execute job: <picamera2.job.Job object at 0x7f95b07990>
2026-07-01 21:43:41,401 - mazeUtils.device.camera - [camera.py:39] - DEBUG - Average HSV: H=106.0, S=234.1, V=220.8
2026-07-01 21:43:41,409 - mazeUtils.moveTile - [moveTile.py:90] - DEBUG - [1129.528792] moveTile calculated motor speeds left=100 right=90 gyroSteer=12.120000000000005 wallSteer=1.6000000000000014 (+24.3 ms)
2026-07-01 21:43:41,430 - mazeUtils.moveTile - [moveTile.py:90] - DEBUG - [1129.550427] moveTile applied motor speed left=100 right=90 (+21.6 ms)
2026-07-01 21:43:41,435 - mazeUtils.moveTile - [moveTile.py:90] - DEBUG - [1129.554754] moveTile tile color check tempTileColor=E (+4.3 ms)
2026-07-01 21:43:41,435 - mazeUtils.moveTile - [moveTile.py:90] - DEBUG - [1129.555540] moveTile obstacle check escapeFlag=False (+0.8 ms)
2026-07-01 21:43:41,442 - mazeUtils.moveTile - [moveTile.py:90] - DEBUG - [1129.561911] moveTile ramp check isBigRamp=False (+6.4 ms)
2026-07-01 21:43:41,443 - mazeUtils.moveTile - [moveTile.py:79] - DEBUG - roll: 358.96 deg, practicalMoveTime: 1.6037815060670748 sec
2026-07-01 21:43:41,443 - mazeUtils.moveTile - [moveTile.py:2275] - DEBUG - moveTile loop time: 58.7 ms
2026-07-01 21:43:41,443 - mazeUtils.moveTile - [moveTile.py:90] - DEBUG - [1129.563614] moveTile loop end practicalMoveTime=1.604 (+1.7 ms)
2026-07-01 21:43:41,445 - mazeUtils.moveTile - [moveTile.py:90] - DEBUG - [1129.564669] moveTile loop start (+1.1 ms)
2026-07-01 21:43:41,450 - picamera2.picamera2 - [picamera2.py:1391] - DEBUG - Execute job: <picamera2.job.Job object at 0x7f97c3e590>
2026-07-01 21:43:41,456 - mazeUtils.device.camera - [camera.py:39] - DEBUG - Average HSV: H=105.2, S=238.6, V=228.3
2026-07-01 21:43:41,466 - mazeUtils.moveTile - [moveTile.py:90] - DEBUG - [1129.586010] moveTile calculated motor speeds left=100 right=90 gyroSteer=12.799999999999955 wallSteer=1.1999999999999993 (+21.3 ms)
2026-07-01 21:43:41,493 - mazeUtils.moveTile - [moveTile.py:90] - DEBUG - [1129.613536] moveTile applied motor speed left=100 right=90 (+27.5 ms)
2026-07-01 21:43:41,497 - mazeUtils.moveTile - [moveTile.py:90] - DEBUG - [1129.617361] moveTile tile color check tempTileColor=E (+3.8 ms)
2026-07-01 21:43:41,498 - mazeUtils.moveTile - [moveTile.py:90] - DEBUG - [1129.617904] moveTile obstacle check escapeFlag=False (+0.5 ms)
2026-07-01 21:43:41,503 - mazeUtils.moveTile - [moveTile.py:90] - DEBUG - [1129.622985] moveTile ramp check isBigRamp=False (+5.1 ms)
2026-07-01 21:43:41,503 - mazeUtils.moveTile - [moveTile.py:79] - DEBUG - roll: 358.42 deg, practicalMoveTime: 1.6641135071977353 sec
2026-07-01 21:43:41,504 - mazeUtils.moveTile - [moveTile.py:2275] - DEBUG - moveTile loop time: 59.3 ms
2026-07-01 21:43:41,504 - mazeUtils.moveTile - [moveTile.py:90] - DEBUG - [1129.624667] moveTile loop end practicalMoveTime=1.664 (+1.7 ms)
2026-07-01 21:43:41,505 - mazeUtils.moveTile - [moveTile.py:90] - DEBUG - [1129.625040] moveTile loop start (+0.4 ms)
2026-07-01 21:43:41,510 - picamera2.picamera2 - [picamera2.py:1391] - DEBUG - Execute job: <picamera2.job.Job object at 0x7f872b1050>
2026-07-01 21:43:41,515 - mazeUtils.device.camera - [camera.py:39] - DEBUG - Average HSV: H=106.4, S=251.2, V=224.0
2026-07-01 21:43:41,522 - mazeUtils.moveTile - [moveTile.py:90] - DEBUG - [1129.641753] moveTile calculated motor speeds left=100 right=93 gyroSteer=8.720000000000027 wallSteer=1.1999999999999993 (+16.7 ms)
2026-07-01 21:43:41,541 - mazeUtils.moveTile - [moveTile.py:90] - DEBUG - [1129.661511] moveTile applied motor speed left=100 right=93 (+19.8 ms)
2026-07-01 21:43:41,545 - mazeUtils.moveTile - [moveTile.py:90] - DEBUG - [1129.664935] moveTile tile color check tempTileColor=E (+3.4 ms)
2026-07-01 21:43:41,545 - mazeUtils.moveTile - [moveTile.py:90] - DEBUG - [1129.665437] moveTile obstacle check escapeFlag=False (+0.5 ms)
2026-07-01 21:43:41,551 - mazeUtils.moveTile - [moveTile.py:90] - DEBUG - [1129.670773] moveTile ramp check isBigRamp=False (+5.3 ms)
2026-07-01 21:43:41,551 - mazeUtils.moveTile - [moveTile.py:79] - DEBUG - roll: 359.42 deg, practicalMoveTime: 1.711545645235261 sec
2026-07-01 21:43:41,552 - mazeUtils.moveTile - [moveTile.py:2275] - DEBUG - moveTile loop time: 46.9 ms
2026-07-01 21:43:41,552 - mazeUtils.moveTile - [moveTile.py:90] - DEBUG - [1129.672377] moveTile loop end practicalMoveTime=1.712 (+1.6 ms)
2026-07-01 21:43:41,552 - mazeUtils.moveTile - [moveTile.py:90] - DEBUG - [1129.672663] moveTile loop start (+0.3 ms)
2026-07-01 21:43:41,561 - picamera2.picamera2 - [picamera2.py:1391] - DEBUG - Execute job: <picamera2.job.Job object at 0x7f95b07c10>
2026-07-01 21:43:41,566 - mazeUtils.device.camera - [camera.py:39] - DEBUG - Average HSV: H=108.9, S=255.0, V=212.2
2026-07-01 21:43:41,573 - mazeUtils.moveTile - [moveTile.py:90] - DEBUG - [1129.692774] moveTile calculated motor speeds left=100 right=91 gyroSteer=11.919999999999959 wallSteer=0.0 (+20.1 ms)
2026-07-01 21:43:41,598 - mazeUtils.moveTile - [moveTile.py:90] - DEBUG - [1129.717974] moveTile applied motor speed left=100 right=91 (+25.2 ms)
2026-07-01 21:43:41,602 - mazeUtils.moveTile - [moveTile.py:90] - DEBUG - [1129.722077] moveTile tile color check tempTileColor=E (+4.1 ms)
2026-07-01 21:43:41,602 - mazeUtils.moveTile - [moveTile.py:90] - DEBUG - [1129.722600] moveTile obstacle check escapeFlag=False (+0.5 ms)
2026-07-01 21:43:41,608 - mazeUtils.moveTile - [moveTile.py:90] - DEBUG - [1129.728208] moveTile ramp check isBigRamp=False (+5.6 ms)
2026-07-01 21:43:41,609 - mazeUtils.moveTile - [moveTile.py:2113] - INFO - practicalVerticalMove: 14.355635306057337 CM
2026-07-01 21:43:41,631 - mazeUtils.moveTile - [moveTile.py:90] - DEBUG - [1129.750943] moveTile finished by time control (+22.7 ms)
2026-07-01 21:43:41,633 - mazeUtils.moveTile - [moveTile.py:90] - DEBUG - [1129.752885] moveTile start final forward adjustment (+24.7 ms)
2026-07-01 21:43:41,666 - mazeUtils.moveTile - [moveTile.py:79] - DEBUG - Little forward to adjust position
2026-07-01 21:43:41,679 - mazeUtils.moveTile - [moveTile.py:2311] - INFO - Final forward adjustment... Current dist:14.0
2026-07-01 21:43:41,701 - mazeUtils.moveTile - [moveTile.py:90] - DEBUG - [1129.820776] moveTile finished final forward adjustment (+67.9 ms)
2026-07-01 21:43:41,701 - mazeUtils.moveTile - [moveTile.py:2412] - INFO - Set slope for tile at absDirection.NORTH, horizontal: 30 cm, vertical: 15 cm based on roll 26.19999999999999 deg
2026-07-01 21:43:41,841 - mazeUtils.moveTile - [moveTile.py:570] - DEBUG - Direction: absDirection.NORTH, Angle: 0, Distance: 11.888206453689419 cm
2026-07-01 21:43:41,843 - mazeUtils.moveTile - [moveTile.py:580] - INFO - angle: 0, result: judgeWallResult.WALL
2026-07-01 21:43:41,844 - mazeUtils.moveTile - [moveTile.py:583] - DEBUG - Front LiDAR distance: 11.888206453689419 cm, TSD10 distance: 1.6 cm
2026-07-01 21:43:41,845 - mazeUtils.moveTile - [moveTile.py:570] - DEBUG - Direction: absDirection.EAST, Angle: 270, Distance: 19.297061660753233 cm
2026-07-01 21:43:41,846 - mazeUtils.moveTile - [moveTile.py:570] - DEBUG - Direction: absDirection.SOUTH, Angle: 180, Distance: 257.3431379574172 cm
2026-07-01 21:43:41,847 - mazeUtils.moveTile - [moveTile.py:570] - DEBUG - Direction: absDirection.WEST, Angle: 90, Distance: 347.17385228497335 cm
2026-07-01 21:43:41,848 - mazeUtils.moveTile - [moveTile.py:90] - DEBUG - [1129.967811] moveTile updated map and detected walls (+147.0 ms)
2026-07-01 21:43:41,850 - mazeUtils.moveTile - [moveTile.py:2669] - INFO - Tile color detection, decided tile type: E
2026-07-01 21:43:41,851 - mazeUtils.moveTile - [moveTile.py:90] - DEBUG - [1129.970689] moveTile finished (+149.9 ms)
2026-07-01 21:43:41,894 - mazeUtils.moveTile - [moveTile.py:2708] - INFO - (0, None)
2026-07-01 21:43:41,923 - __main__ - [main.py:110] - INFO - Current position: (22, 17, 1), front direction: absDirection.NORTH
Layer 0 (altitude=0.0cm, offset=(0.0cm, 0.0cm)):
Known map area: x=20..22, y=17..20
+   +   +   +
  U   U   L |
+---+   +   +
| L   L   L |
+   +   +---+
| L   U   U  
+   +   +   +
| S | U   U  
+---+   +   +
Layer 1 (altitude=15.0cm, offset=(0.0cm, -60.0cm)):
Known map area: x=22..22, y=17..17
+---+
  @ |
+   +
2026-07-01 21:43:41,929 - mazeUtils.mazeMap - [mazeMap.py:61] - INFO - next goal: (21, 17, 1)
2026-07-01 21:43:41,931 - mazeUtils.mazeMap - [mazeMap.py:61] - INFO - next goal: (20, 20, 0)
2026-07-01 21:43:41,932 - mazeUtils.moveTile - [moveTile.py:88] - DEBUG - [1130.052232] moveTile start direction=absDirection.WEST position=(22, 17, 1) front=absDirection.NORTH
2026-07-01 21:43:41,938 - mazeUtils.moveTile - [moveTile.py:90] - DEBUG - [1130.058595] moveTile after initial toggle check (+6.4 ms)
2026-07-01 21:43:41,940 - mazeUtils.moveTile - [moveTile.py:90] - DEBUG - [1130.060672] moveTile after tile checks isRedTile=False isUnknownTileAhead=True (+2.1 ms)
2026-07-01 21:43:41,941 - mazeUtils.moveTile - [moveTile.py:79] - DEBUG - Moving to absDirection.WEST from (22, 17, 1) facing absDirection.NORTH
2026-07-01 21:43:41,941 - mazeUtils.moveTile - [moveTile.py:90] - DEBUG - [1130.061494] moveTile start heading change target=90 (+0.8 ms)
2026-07-01 21:43:41,976 - mazeUtils.moveTile - [moveTile.py:79] - DEBUG - current heading: 1.710000000000008 target: 90
2026-07-01 21:43:43,027 - mazeUtils.moveTile - [moveTile.py:441] - DEBUG - stopped turning at heading: 84.25999999999999, diff: 5.740000000000009
2026-07-01 21:43:43,090 - mazeUtils.moveTile - [moveTile.py:79] - DEBUG - Turned to heading: 88.94 deg
2026-07-01 21:43:43,090 - mazeUtils.moveTile - [moveTile.py:90] - DEBUG - [1131.210322] moveTile finished heading change (+1148.8 ms)
2026-07-01 21:43:43,091 - mazeUtils.moveTile - [moveTile.py:90] - DEBUG - [1131.210838] Adjustment after ramp completed (+0.5 ms)
2026-07-01 21:43:43,092 - mazeUtils.moveTile - [moveTile.py:90] - DEBUG - [1131.212397] moveTile updated front direction (+1.6 ms)
2026-07-01 21:43:43,115 - mazeUtils.moveTile - [moveTile.py:90] - DEBUG - [1131.234885] moveTile stopped motors before alignment (+22.5 ms)
2026-07-01 21:43:43,280 - mazeUtils.moveTile - [moveTile.py:570] - DEBUG - Direction: absDirection.NORTH, Angle: 270, Distance: 17.03492971738697 cm
2026-07-01 21:43:43,282 - mazeUtils.moveTile - [moveTile.py:570] - DEBUG - Direction: absDirection.EAST, Angle: 180, Distance: 25.864504569196527 cm
2026-07-01 21:43:43,282 - mazeUtils.moveTile - [moveTile.py:570] - DEBUG - Direction: absDirection.SOUTH, Angle: 90, Distance: 242.16608152217455 cm
2026-07-01 21:43:43,283 - mazeUtils.moveTile - [moveTile.py:570] - DEBUG - Direction: absDirection.WEST, Angle: 0, Distance: 104.99663359419664 cm
2026-07-01 21:43:43,285 - mazeUtils.moveTile - [moveTile.py:90] - DEBUG - [1131.404737] moveTile start position adjustment using LiDAR for back wall. (+169.9 ms)
2026-07-01 21:43:43,304 - mazeUtils.moveTile - [moveTile.py:79] - DEBUG - Little backward to adjust position
2026-07-01 21:43:43,667 - mazeUtils.moveTile - [moveTile.py:90] - DEBUG - [1131.787518] moveTile finished backward adjustment (+382.8 ms)
2026-07-01 21:43:43,747 - mazeUtils.moveTile - [moveTile.py:90] - DEBUG - [1131.867372] moveTile ready for forward move (+79.9 ms)
2026-07-01 21:43:43,773 - mazeUtils.moveTile - [moveTile.py:90] - DEBUG - [1131.893614] moveTile initialized movement targetSteps=1 (+26.2 ms)
2026-07-01 21:43:43,775 - mazeUtils.moveTile - [moveTile.py:90] - DEBUG - [1131.895119] moveTile loop start (+1.5 ms)
2026-07-01 21:43:43,782 - picamera2.picamera2 - [picamera2.py:1391] - DEBUG - Execute job: <picamera2.job.Job object at 0x7f95b07990>
2026-07-01 21:43:43,788 - mazeUtils.device.camera - [camera.py:39] - DEBUG - Average HSV: H=123.9, S=197.7, V=64.4
2026-07-01 21:43:43,795 - mazeUtils.moveTile - [moveTile.py:90] - DEBUG - [1131.915251] moveTile calculated motor speeds left=98 right=100 gyroSteer=1.6800000000000637 wallSteer=-3.1999999999999993 (+20.1 ms)
2026-07-01 21:43:43,815 - mazeUtils.moveTile - [moveTile.py:90] - DEBUG - [1131.934782] moveTile applied motor speed left=98 right=100 (+19.5 ms)
2026-07-01 21:43:43,819 - mazeUtils.moveTile - [moveTile.py:90] - DEBUG - [1131.939518] moveTile tile color check tempTileColor=E (+4.7 ms)
2026-07-01 21:43:43,820 - mazeUtils.moveTile - [moveTile.py:90] - DEBUG - [1131.940166] moveTile obstacle check escapeFlag=False (+0.6 ms)
2026-07-01 21:43:43,831 - mazeUtils.moveTile - [moveTile.py:90] - DEBUG - [1131.951297] moveTile ramp check isBigRamp=False (+11.1 ms)
2026-07-01 21:43:43,832 - mazeUtils.moveTile - [moveTile.py:79] - DEBUG - roll: 358.76 deg, practicalMoveTime: 0.058875121552381934 sec
2026-07-01 21:43:43,833 - mazeUtils.moveTile - [moveTile.py:2275] - DEBUG - moveTile loop time: 58.2 ms
2026-07-01 21:43:43,834 - mazeUtils.moveTile - [moveTile.py:90] - DEBUG - [1131.953997] moveTile loop end practicalMoveTime=0.059 (+2.7 ms)
2026-07-01 21:43:43,834 - mazeUtils.moveTile - [moveTile.py:90] - DEBUG - [1131.954656] moveTile loop start (+0.7 ms)
2026-07-01 21:43:43,840 - picamera2.picamera2 - [picamera2.py:1391] - DEBUG - Execute job: <picamera2.job.Job object at 0x7f6a01d410>
2026-07-01 21:43:43,847 - mazeUtils.device.camera - [camera.py:39] - DEBUG - Average HSV: H=125.4, S=195.0, V=59.8
2026-07-01 21:43:43,852 - mazeUtils.moveTile - [moveTile.py:90] - DEBUG - [1131.972384] moveTile calculated motor speeds left=97 right=100 gyroSteer=0.5199999999999818 wallSteer=-2.8000000000000007 (+17.7 ms)
2026-07-01 21:43:43,873 - mazeUtils.moveTile - [moveTile.py:90] - DEBUG - [1131.993140] moveTile applied motor speed left=97 right=100 (+20.8 ms)
2026-07-01 21:43:43,877 - mazeUtils.moveTile - [moveTile.py:90] - DEBUG - [1131.997652] moveTile tile color check tempTileColor=E (+4.5 ms)
2026-07-01 21:43:43,878 - mazeUtils.moveTile - [moveTile.py:90] - DEBUG - [1131.998333] moveTile obstacle check escapeFlag=False (+0.7 ms)
2026-07-01 21:43:43,883 - mazeUtils.moveTile - [moveTile.py:90] - DEBUG - [1132.002869] moveTile ramp check isBigRamp=False (+4.5 ms)
2026-07-01 21:43:43,883 - mazeUtils.moveTile - [moveTile.py:79] - DEBUG - roll: 0.3100000000000023 deg, practicalMoveTime: 0.10903837160931175 sec
2026-07-01 21:43:43,884 - mazeUtils.moveTile - [moveTile.py:2275] - DEBUG - moveTile loop time: 49.8 ms
2026-07-01 21:43:43,885 - mazeUtils.moveTile - [moveTile.py:90] - DEBUG - [1132.005177] moveTile loop end practicalMoveTime=0.109 (+2.3 ms)
2026-07-01 21:43:43,885 - mazeUtils.moveTile - [moveTile.py:90] - DEBUG - [1132.005683] moveTile loop start (+0.5 ms)
2026-07-01 21:43:43,891 - picamera2.picamera2 - [picamera2.py:1391] - DEBUG - Execute job: <picamera2.job.Job object at 0x7f6a01d490>
2026-07-01 21:43:43,896 - mazeUtils.device.camera - [camera.py:39] - DEBUG - Average HSV: H=135.6, S=193.7, V=37.8
2026-07-01 21:43:43,905 - mazeUtils.moveTile - [moveTile.py:90] - DEBUG - [1132.025398] moveTile calculated motor speeds left=100 right=99 gyroSteer=1.7200000000000273 wallSteer=-1.1999999999999993 (+19.7 ms)
2026-07-01 21:43:43,926 - mazeUtils.moveTile - [moveTile.py:90] - DEBUG - [1132.046604] moveTile applied motor speed left=100 right=99 (+21.2 ms)
2026-07-01 21:43:43,932 - mazeUtils.moveTile - [moveTile.py:90] - DEBUG - [1132.052147] moveTile tile color check tempTileColor=E (+5.5 ms)
2026-07-01 21:43:43,932 - mazeUtils.moveTile - [moveTile.py:90] - DEBUG - [1132.052665] moveTile obstacle check escapeFlag=False (+0.5 ms)
2026-07-01 21:43:43,937 - mazeUtils.moveTile - [moveTile.py:90] - DEBUG - [1132.057518] moveTile ramp check isBigRamp=False (+4.9 ms)
2026-07-01 21:43:43,938 - mazeUtils.moveTile - [moveTile.py:79] - DEBUG - roll: 358.08 deg, practicalMoveTime: 0.16268841607697979 sec
2026-07-01 21:43:43,938 - mazeUtils.moveTile - [moveTile.py:2275] - DEBUG - moveTile loop time: 52.9 ms
2026-07-01 21:43:43,939 - mazeUtils.moveTile - [moveTile.py:90] - DEBUG - [1132.059000] moveTile loop end practicalMoveTime=0.163 (+1.5 ms)
2026-07-01 21:43:43,939 - mazeUtils.moveTile - [moveTile.py:90] - DEBUG - [1132.059249] moveTile loop start (+0.2 ms)
2026-07-01 21:43:43,948 - picamera2.picamera2 - [picamera2.py:1391] - DEBUG - Execute job: <picamera2.job.Job object at 0x7f9eea0790>
2026-07-01 21:43:43,952 - mazeUtils.device.camera - [camera.py:39] - DEBUG - Average HSV: H=135.2, S=196.2, V=45.1
2026-07-01 21:43:43,958 - mazeUtils.moveTile - [moveTile.py:90] - DEBUG - [1132.077944] moveTile calculated motor speeds left=100 right=97 gyroSteer=3.599999999999909 wallSteer=-0.8000000000000007 (+18.7 ms)
2026-07-01 21:43:43,979 - mazeUtils.moveTile - [moveTile.py:90] - DEBUG - [1132.098989] moveTile applied motor speed left=100 right=97 (+21.0 ms)
2026-07-01 21:43:43,982 - mazeUtils.moveTile - [moveTile.py:90] - DEBUG - [1132.102381] moveTile tile color check tempTileColor=E (+3.4 ms)
2026-07-01 21:43:43,983 - mazeUtils.moveTile - [moveTile.py:90] - DEBUG - [1132.102912] moveTile obstacle check escapeFlag=False (+0.5 ms)
2026-07-01 21:43:43,987 - mazeUtils.moveTile - [moveTile.py:90] - DEBUG - [1132.107266] moveTile ramp check isBigRamp=False (+4.4 ms)
2026-07-01 21:43:43,988 - mazeUtils.moveTile - [moveTile.py:79] - DEBUG - roll: 359.03 deg, practicalMoveTime: 0.2120413794440166 sec
2026-07-01 21:43:43,989 - mazeUtils.moveTile - [moveTile.py:2275] - DEBUG - moveTile loop time: 49.4 ms
2026-07-01 21:43:43,989 - mazeUtils.moveTile - [moveTile.py:90] - DEBUG - [1132.109085] moveTile loop end practicalMoveTime=0.212 (+1.8 ms)
2026-07-01 21:43:43,989 - mazeUtils.moveTile - [moveTile.py:90] - DEBUG - [1132.109393] moveTile loop start (+0.3 ms)
2026-07-01 21:43:44,002 - picamera2.picamera2 - [picamera2.py:1391] - DEBUG - Execute job: <picamera2.job.Job object at 0x7f97c3f8d0>
2026-07-01 21:43:44,007 - mazeUtils.device.camera - [camera.py:39] - DEBUG - Average HSV: H=146.9, S=210.1, V=27.6
2026-07-01 21:43:44,011 - mazeUtils.moveTile - [moveTile.py:90] - DEBUG - [1132.131308] moveTile calculated motor speeds left=98 right=100 gyroSteer=1.759999999999991 wallSteer=-2.8000000000000007 (+21.9 ms)
2026-07-01 21:43:44,036 - mazeUtils.moveTile - [moveTile.py:90] - DEBUG - [1132.155805] moveTile applied motor speed left=98 right=100 (+24.5 ms)
2026-07-01 21:43:44,039 - mazeUtils.moveTile - [moveTile.py:90] - DEBUG - [1132.159494] moveTile tile color check tempTileColor=E (+3.7 ms)
2026-07-01 21:43:44,040 - mazeUtils.moveTile - [moveTile.py:90] - DEBUG - [1132.160343] moveTile obstacle check escapeFlag=False (+0.8 ms)
2026-07-01 21:43:44,047 - mazeUtils.moveTile - [moveTile.py:90] - DEBUG - [1132.166895] moveTile ramp check isBigRamp=False (+6.6 ms)
2026-07-01 21:43:44,048 - mazeUtils.moveTile - [moveTile.py:79] - DEBUG - roll: 358.11 deg, practicalMoveTime: 0.2716641157827993 sec
2026-07-01 21:43:44,049 - mazeUtils.moveTile - [moveTile.py:2275] - DEBUG - moveTile loop time: 59.8 ms
2026-07-01 21:43:44,050 - mazeUtils.moveTile - [moveTile.py:90] - DEBUG - [1132.169938] moveTile loop end practicalMoveTime=0.272 (+3.0 ms)
2026-07-01 21:43:44,050 - mazeUtils.moveTile - [moveTile.py:90] - DEBUG - [1132.170482] moveTile loop start (+0.5 ms)
2026-07-01 21:43:44,055 - picamera2.picamera2 - [picamera2.py:1391] - DEBUG - Execute job: <picamera2.job.Job object at 0x7fa009f710>
2026-07-01 21:43:44,059 - mazeUtils.device.camera - [camera.py:39] - DEBUG - Average HSV: H=151.9, S=213.1, V=26.8
2026-07-01 21:43:44,066 - mazeUtils.moveTile - [moveTile.py:90] - DEBUG - [1132.186067] moveTile calculated motor speeds left=100 right=99 gyroSteer=3.9200000000000728 wallSteer=-3.6000000000000014 (+15.6 ms)
2026-07-01 21:43:44,091 - mazeUtils.moveTile - [moveTile.py:90] - DEBUG - [1132.211370] moveTile applied motor speed left=100 right=99 (+25.3 ms)
2026-07-01 21:43:44,095 - mazeUtils.moveTile - [moveTile.py:90] - DEBUG - [1132.215625] moveTile tile color check tempTileColor=E (+4.3 ms)
2026-07-01 21:43:44,096 - mazeUtils.moveTile - [moveTile.py:90] - DEBUG - [1132.216402] moveTile obstacle check escapeFlag=False (+0.8 ms)
2026-07-01 21:43:44,101 - mazeUtils.moveTile - [moveTile.py:90] - DEBUG - [1132.220739] moveTile ramp check isBigRamp=False (+4.3 ms)
2026-07-01 21:43:44,102 - mazeUtils.moveTile - [moveTile.py:79] - DEBUG - roll: 359.8 deg, practicalMoveTime: 0.32402743087511804 sec
2026-07-01 21:43:44,103 - mazeUtils.moveTile - [moveTile.py:2275] - DEBUG - moveTile loop time: 52.9 ms
2026-07-01 21:43:44,104 - mazeUtils.moveTile - [moveTile.py:90] - DEBUG - [1132.224335] moveTile loop end practicalMoveTime=0.324 (+3.6 ms)
2026-07-01 21:43:44,105 - mazeUtils.moveTile - [moveTile.py:90] - DEBUG - [1132.225307] moveTile loop start (+1.0 ms)
2026-07-01 21:43:44,113 - picamera2.picamera2 - [picamera2.py:1391] - DEBUG - Execute job: <picamera2.job.Job object at 0x7f9f861f90>
2026-07-01 21:43:44,118 - mazeUtils.device.camera - [camera.py:39] - DEBUG - Average HSV: H=142.2, S=215.7, V=24.8
2026-07-01 21:43:44,122 - mazeUtils.moveTile - [moveTile.py:90] - DEBUG - [1132.242302] moveTile calculated motor speeds left=87 right=100 gyroSteer=0.2400000000000091 wallSteer=-12.399999999999999 (+17.0 ms)
2026-07-01 21:43:44,143 - mazeUtils.moveTile - [moveTile.py:90] - DEBUG - [1132.263263] moveTile applied motor speed left=87 right=100 (+21.0 ms)
2026-07-01 21:43:44,147 - mazeUtils.moveTile - [moveTile.py:90] - DEBUG - [1132.267127] moveTile tile color check tempTileColor=L (+3.9 ms)
2026-07-01 21:43:44,147 - mazeUtils.moveTile - [moveTile.py:90] - DEBUG - [1132.267681] moveTile obstacle check escapeFlag=False (+0.6 ms)
2026-07-01 21:43:44,157 - mazeUtils.moveTile - [moveTile.py:90] - DEBUG - [1132.277456] moveTile ramp check isBigRamp=False (+9.8 ms)
2026-07-01 21:43:44,158 - mazeUtils.moveTile - [moveTile.py:79] - DEBUG - roll: 357.40999999999997 deg, practicalMoveTime: 0.378894859335271 sec
2026-07-01 21:43:44,159 - mazeUtils.moveTile - [moveTile.py:2275] - DEBUG - moveTile loop time: 53.7 ms
2026-07-01 21:43:44,159 - mazeUtils.moveTile - [moveTile.py:90] - DEBUG - [1132.279631] moveTile loop end practicalMoveTime=0.379 (+2.2 ms)
2026-07-01 21:43:44,160 - mazeUtils.moveTile - [moveTile.py:90] - DEBUG - [1132.280120] moveTile loop start (+0.5 ms)
2026-07-01 21:43:44,171 - picamera2.picamera2 - [picamera2.py:1391] - DEBUG - Execute job: <picamera2.job.Job object at 0x7f9eeb5fd0>
2026-07-01 21:43:44,177 - mazeUtils.device.camera - [camera.py:39] - DEBUG - Average HSV: H=156.3, S=221.8, V=26.5
2026-07-01 21:43:44,183 - mazeUtils.moveTile - [moveTile.py:90] - DEBUG - [1132.303485] moveTile calculated motor speeds left=91 right=100 gyroSteer=0.6400000000001 wallSteer=-9.600000000000001 (+23.4 ms)
2026-07-01 21:43:44,209 - mazeUtils.moveTile - [moveTile.py:90] - DEBUG - [1132.329123] moveTile applied motor speed left=91 right=100 (+25.6 ms)
2026-07-01 21:43:44,213 - mazeUtils.moveTile - [moveTile.py:90] - DEBUG - [1132.332730] moveTile tile color check tempTileColor=L (+3.6 ms)
2026-07-01 21:43:44,213 - mazeUtils.moveTile - [moveTile.py:90] - DEBUG - [1132.333318] moveTile obstacle check escapeFlag=False (+0.6 ms)
2026-07-01 21:43:44,218 - mazeUtils.moveTile - [moveTile.py:90] - DEBUG - [1132.337961] moveTile ramp check isBigRamp=False (+4.6 ms)
2026-07-01 21:43:44,220 - mazeUtils.moveTile - [moveTile.py:79] - DEBUG - roll: 348.26 deg, practicalMoveTime: 0.44455176827994874 sec
2026-07-01 21:43:44,221 - mazeUtils.moveTile - [moveTile.py:2275] - DEBUG - moveTile loop time: 60.9 ms
2026-07-01 21:43:44,221 - mazeUtils.moveTile - [moveTile.py:90] - DEBUG - [1132.341478] moveTile loop end practicalMoveTime=0.445 (+3.5 ms)
2026-07-01 21:43:44,222 - mazeUtils.moveTile - [moveTile.py:90] - DEBUG - [1132.341761] moveTile loop start (+0.3 ms)
2026-07-01 21:43:44,227 - picamera2.picamera2 - [picamera2.py:1391] - DEBUG - Execute job: <picamera2.job.Job object at 0x7f9ef87a90>
2026-07-01 21:43:44,232 - mazeUtils.device.camera - [camera.py:39] - DEBUG - Average HSV: H=116.4, S=214.2, V=101.5
2026-07-01 21:43:44,238 - mazeUtils.moveTile - [moveTile.py:90] - DEBUG - [1132.357759] moveTile calculated motor speeds left=100 right=93 gyroSteer=6.319999999999936 wallSteer=0.3999999999999986 (+16.0 ms)
2026-07-01 21:43:44,257 - mazeUtils.moveTile - [moveTile.py:90] - DEBUG - [1132.377601] moveTile applied motor speed left=100 right=93 (+19.8 ms)
2026-07-01 21:43:44,261 - mazeUtils.moveTile - [moveTile.py:90] - DEBUG - [1132.381195] moveTile tile color check tempTileColor=E (+3.6 ms)
2026-07-01 21:43:44,262 - mazeUtils.moveTile - [moveTile.py:90] - DEBUG - [1132.381826] moveTile obstacle check escapeFlag=False (+0.6 ms)
2026-07-01 21:43:44,267 - mazeUtils.moveTile - [moveTile.py:90] - DEBUG - [1132.387165] moveTile ramp check isBigRamp=True (+5.3 ms)
2026-07-01 21:43:44,268 - mazeUtils.moveTile - [moveTile.py:79] - DEBUG - roll: 343.07 deg, practicalMoveTime: 0.49402864482044295 sec
2026-07-01 21:43:44,269 - mazeUtils.moveTile - [moveTile.py:2275] - DEBUG - moveTile loop time: 47.1 ms
2026-07-01 21:43:44,269 - mazeUtils.moveTile - [moveTile.py:90] - DEBUG - [1132.389542] moveTile loop end practicalMoveTime=0.494 (+2.4 ms)
2026-07-01 21:43:44,270 - mazeUtils.moveTile - [moveTile.py:90] - DEBUG - [1132.390040] moveTile loop start (+0.5 ms)
2026-07-01 21:43:44,275 - picamera2.picamera2 - [picamera2.py:1391] - DEBUG - Execute job: <picamera2.job.Job object at 0x7f872b0150>
2026-07-01 21:43:44,280 - mazeUtils.device.camera - [camera.py:39] - DEBUG - Average HSV: H=111.3, S=249.8, V=147.3
2026-07-01 21:43:44,286 - mazeUtils.moveTile - [moveTile.py:90] - DEBUG - [1132.406311] moveTile calculated motor speeds left=100 right=97 gyroSteer=-0.5599999999999454 wallSteer=3.1999999999999993 (+16.3 ms)
2026-07-01 21:43:44,306 - mazeUtils.moveTile - [moveTile.py:90] - DEBUG - [1132.426009] moveTile applied motor speed left=100 right=97 (+19.7 ms)
2026-07-01 21:43:44,310 - mazeUtils.moveTile - [moveTile.py:90] - DEBUG - [1132.429747] moveTile tile color check tempTileColor=E (+3.7 ms)
2026-07-01 21:43:44,310 - mazeUtils.moveTile - [moveTile.py:90] - DEBUG - [1132.430366] moveTile obstacle check escapeFlag=False (+0.6 ms)
2026-07-01 21:43:44,317 - mazeUtils.moveTile - [moveTile.py:90] - DEBUG - [1132.437022] moveTile ramp check isBigRamp=True (+6.7 ms)
2026-07-01 21:43:44,318 - mazeUtils.moveTile - [moveTile.py:79] - DEBUG - roll: 339.31 deg, practicalMoveTime: 0.5441631649882193 sec
2026-07-01 21:43:44,318 - mazeUtils.moveTile - [moveTile.py:2275] - DEBUG - moveTile loop time: 48.1 ms
2026-07-01 21:43:44,318 - mazeUtils.moveTile - [moveTile.py:90] - DEBUG - [1132.438585] moveTile loop end practicalMoveTime=0.544 (+1.6 ms)
2026-07-01 21:43:44,319 - mazeUtils.moveTile - [moveTile.py:90] - DEBUG - [1132.438871] moveTile loop start (+0.3 ms)
2026-07-01 21:43:44,328 - picamera2.picamera2 - [picamera2.py:1391] - DEBUG - Execute job: <picamera2.job.Job object at 0x7f6a01d410>
2026-07-01 21:43:44,333 - mazeUtils.device.camera - [camera.py:39] - DEBUG - Average HSV: H=111.4, S=254.9, V=175.0
2026-07-01 21:43:44,341 - mazeUtils.moveTile - [moveTile.py:90] - DEBUG - [1132.460922] moveTile calculated motor speeds left=100 right=97 gyroSteer=-1.9600000000000364 wallSteer=4.0 (+22.1 ms)
2026-07-01 21:43:44,368 - mazeUtils.moveTile - [moveTile.py:90] - DEBUG - [1132.488117] moveTile applied motor speed left=100 right=97 (+27.2 ms)
2026-07-01 21:43:44,372 - mazeUtils.moveTile - [moveTile.py:90] - DEBUG - [1132.492198] moveTile tile color check tempTileColor=E (+4.1 ms)
2026-07-01 21:43:44,373 - mazeUtils.moveTile - [moveTile.py:90] - DEBUG - [1132.492750] moveTile obstacle check escapeFlag=False (+0.6 ms)
2026-07-01 21:43:44,378 - mazeUtils.moveTile - [moveTile.py:90] - DEBUG - [1132.498601] moveTile ramp check isBigRamp=True (+5.9 ms)
2026-07-01 21:43:44,379 - mazeUtils.moveTile - [moveTile.py:79] - DEBUG - roll: 329.15999999999997 deg, practicalMoveTime: 0.6018171340648236 sec
2026-07-01 21:43:44,380 - mazeUtils.moveTile - [moveTile.py:2275] - DEBUG - moveTile loop time: 60.9 ms
2026-07-01 21:43:44,380 - mazeUtils.moveTile - [moveTile.py:90] - DEBUG - [1132.500347] moveTile loop end practicalMoveTime=0.602 (+1.7 ms)
2026-07-01 21:43:44,381 - mazeUtils.moveTile - [moveTile.py:90] - DEBUG - [1132.500716] moveTile loop start (+0.4 ms)
2026-07-01 21:43:44,387 - picamera2.picamera2 - [picamera2.py:1391] - DEBUG - Execute job: <picamera2.job.Job object at 0x7f6a01d490>
2026-07-01 21:43:44,393 - mazeUtils.device.camera - [camera.py:39] - DEBUG - Average HSV: H=111.1, S=254.9, V=196.1
2026-07-01 21:43:44,398 - mazeUtils.moveTile - [moveTile.py:90] - DEBUG - [1132.517827] moveTile calculated motor speeds left=100 right=96 gyroSteer=0.7599999999999909 wallSteer=2.8000000000000007 (+17.1 ms)
2026-07-01 21:43:44,418 - mazeUtils.moveTile - [moveTile.py:90] - DEBUG - [1132.537769] moveTile applied motor speed left=100 right=96 (+19.9 ms)
2026-07-01 21:43:44,421 - mazeUtils.moveTile - [moveTile.py:90] - DEBUG - [1132.541148] moveTile tile color check tempTileColor=E (+3.4 ms)
2026-07-01 21:43:44,421 - mazeUtils.moveTile - [moveTile.py:90] - DEBUG - [1132.541654] moveTile obstacle check escapeFlag=False (+0.5 ms)
2026-07-01 21:43:44,433 - mazeUtils.moveTile - [moveTile.py:90] - DEBUG - [1132.553244] moveTile ramp check isBigRamp=True (+11.6 ms)
2026-07-01 21:43:44,434 - mazeUtils.moveTile - [moveTile.py:79] - DEBUG - roll: 327.55 deg, practicalMoveTime: 0.6519899082990076 sec
2026-07-01 21:43:44,434 - mazeUtils.moveTile - [moveTile.py:2275] - DEBUG - moveTile loop time: 53.8 ms
2026-07-01 21:43:44,435 - mazeUtils.moveTile - [moveTile.py:90] - DEBUG - [1132.555062] moveTile loop end practicalMoveTime=0.652 (+1.8 ms)
2026-07-01 21:43:44,435 - mazeUtils.moveTile - [moveTile.py:90] - DEBUG - [1132.555447] moveTile loop start (+0.4 ms)
2026-07-01 21:43:44,447 - picamera2.picamera2 - [picamera2.py:1391] - DEBUG - Execute job: <picamera2.job.Job object at 0x7f872b0150>
2026-07-01 21:43:44,451 - mazeUtils.device.camera - [camera.py:39] - DEBUG - Average HSV: H=111.1, S=255.0, V=203.9
2026-07-01 21:43:44,458 - mazeUtils.moveTile - [moveTile.py:90] - DEBUG - [1132.578518] moveTile calculated motor speeds left=100 right=97 gyroSteer=0.8799999999998818 wallSteer=2.0 (+23.1 ms)
2026-07-01 21:43:44,485 - mazeUtils.moveTile - [moveTile.py:90] - DEBUG - [1132.605374] moveTile applied motor speed left=100 right=97 (+26.9 ms)
2026-07-01 21:43:44,491 - mazeUtils.moveTile - [moveTile.py:90] - DEBUG - [1132.610774] moveTile tile color check tempTileColor=E (+5.4 ms)
2026-07-01 21:43:44,491 - mazeUtils.moveTile - [moveTile.py:90] - DEBUG - [1132.611527] moveTile obstacle check escapeFlag=False (+0.8 ms)
2026-07-01 21:43:44,498 - mazeUtils.moveTile - [moveTile.py:90] - DEBUG - [1132.618481] moveTile ramp check isBigRamp=True (+7.0 ms)
2026-07-01 21:43:44,499 - mazeUtils.moveTile - [moveTile.py:79] - DEBUG - roll: 326.61 deg, practicalMoveTime: 0.7114762670693187 sec
2026-07-01 21:43:44,501 - mazeUtils.moveTile - [moveTile.py:2275] - DEBUG - moveTile loop time: 65.5 ms
2026-07-01 21:43:44,502 - mazeUtils.moveTile - [moveTile.py:90] - DEBUG - [1132.622018] moveTile loop end practicalMoveTime=0.711 (+3.5 ms)
2026-07-01 21:43:44,503 - mazeUtils.moveTile - [moveTile.py:90] - DEBUG - [1132.622816] moveTile loop start (+0.8 ms)
2026-07-01 21:43:44,510 - picamera2.picamera2 - [picamera2.py:1391] - DEBUG - Execute job: <picamera2.job.Job object at 0x7f6a01d410>
2026-07-01 21:43:44,516 - mazeUtils.device.camera - [camera.py:39] - DEBUG - Average HSV: H=112.0, S=254.9, V=190.5
2026-07-01 21:43:44,525 - mazeUtils.moveTile - [moveTile.py:90] - DEBUG - [1132.645354] moveTile calculated motor speeds left=100 right=95 gyroSteer=4.759999999999991 wallSteer=0.0 (+22.5 ms)
2026-07-01 21:43:44,553 - mazeUtils.moveTile - [moveTile.py:90] - DEBUG - [1132.672882] moveTile applied motor speed left=100 right=95 (+27.5 ms)
2026-07-01 21:43:44,557 - mazeUtils.moveTile - [moveTile.py:90] - DEBUG - [1132.677312] moveTile tile color check tempTileColor=E (+4.4 ms)
2026-07-01 21:43:44,558 - mazeUtils.moveTile - [moveTile.py:90] - DEBUG - [1132.678421] moveTile obstacle check escapeFlag=False (+1.1 ms)
2026-07-01 21:43:44,563 - mazeUtils.moveTile - [moveTile.py:90] - DEBUG - [1132.683630] moveTile ramp check isBigRamp=True (+5.2 ms)
2026-07-01 21:43:44,565 - mazeUtils.moveTile - [moveTile.py:79] - DEBUG - roll: 330.82 deg, practicalMoveTime: 0.7726968559261395 sec
2026-07-01 21:43:44,565 - mazeUtils.moveTile - [moveTile.py:2275] - DEBUG - moveTile loop time: 62.6 ms
2026-07-01 21:43:44,566 - mazeUtils.moveTile - [moveTile.py:90] - DEBUG - [1132.686001] moveTile loop end practicalMoveTime=0.773 (+2.4 ms)
2026-07-01 21:43:44,566 - mazeUtils.moveTile - [moveTile.py:90] - DEBUG - [1132.686425] moveTile loop start (+0.4 ms)
2026-07-01 21:43:44,574 - picamera2.picamera2 - [picamera2.py:1391] - DEBUG - Execute job: <picamera2.job.Job object at 0x7f9f862190>
2026-07-01 21:43:44,583 - mazeUtils.device.camera - [camera.py:39] - DEBUG - Average HSV: H=111.1, S=254.9, V=198.2
2026-07-01 21:43:44,591 - mazeUtils.moveTile - [moveTile.py:90] - DEBUG - [1132.710959] moveTile calculated motor speeds left=99 right=100 gyroSteer=-0.6400000000001 wallSteer=0.0 (+24.5 ms)
2026-07-01 21:43:44,612 - mazeUtils.moveTile - [moveTile.py:90] - DEBUG - [1132.731828] moveTile applied motor speed left=99 right=100 (+20.9 ms)
2026-07-01 21:43:44,616 - mazeUtils.moveTile - [moveTile.py:90] - DEBUG - [1132.735898] moveTile tile color check tempTileColor=E (+4.1 ms)
2026-07-01 21:43:44,617 - mazeUtils.moveTile - [moveTile.py:90] - DEBUG - [1132.736913] moveTile obstacle check escapeFlag=False (+1.0 ms)
2026-07-01 21:43:44,622 - mazeUtils.moveTile - [moveTile.py:90] - DEBUG - [1132.742575] moveTile ramp check isBigRamp=True (+5.7 ms)
2026-07-01 21:43:44,623 - mazeUtils.moveTile - [moveTile.py:79] - DEBUG - roll: 332.56 deg, practicalMoveTime: 0.8292720352658915 sec
2026-07-01 21:43:44,624 - mazeUtils.moveTile - [moveTile.py:2275] - DEBUG - moveTile loop time: 57.7 ms
2026-07-01 21:43:44,625 - mazeUtils.moveTile - [moveTile.py:90] - DEBUG - [1132.744816] moveTile loop end practicalMoveTime=0.829 (+2.2 ms)
2026-07-01 21:43:44,625 - mazeUtils.moveTile - [moveTile.py:90] - DEBUG - [1132.745254] moveTile loop start (+0.4 ms)
2026-07-01 21:43:44,631 - picamera2.picamera2 - [picamera2.py:1391] - DEBUG - Execute job: <picamera2.job.Job object at 0x7f9ef87a90>
2026-07-01 21:43:44,637 - mazeUtils.device.camera - [camera.py:39] - DEBUG - Average HSV: H=120.1, S=193.7, V=130.3
2026-07-01 21:43:44,642 - mazeUtils.moveTile - [moveTile.py:90] - DEBUG - [1132.762550] moveTile calculated motor speeds left=100 right=94 gyroSteer=5.559999999999945 wallSteer=0.0 (+17.3 ms)
2026-07-01 21:43:44,668 - mazeUtils.moveTile - [moveTile.py:90] - DEBUG - [1132.788384] moveTile applied motor speed left=100 right=94 (+25.8 ms)
2026-07-01 21:43:44,672 - mazeUtils.moveTile - [moveTile.py:90] - DEBUG - [1132.792134] moveTile tile color check tempTileColor=E (+3.8 ms)
2026-07-01 21:43:44,673 - mazeUtils.moveTile - [moveTile.py:90] - DEBUG - [1132.792778] moveTile obstacle check escapeFlag=False (+0.6 ms)
2026-07-01 21:43:44,677 - mazeUtils.moveTile - [moveTile.py:90] - DEBUG - [1132.797538] moveTile ramp check isBigRamp=True (+4.8 ms)
2026-07-01 21:43:44,679 - mazeUtils.moveTile - [moveTile.py:90] - DEBUG - [1132.798762] moveTile loop start (+1.2 ms)
2026-07-01 21:43:44,686 - picamera2.picamera2 - [picamera2.py:1391] - DEBUG - Execute job: <picamera2.job.Job object at 0x7f872b0150>
2026-07-01 21:43:44,693 - mazeUtils.device.camera - [camera.py:39] - DEBUG - Average HSV: H=122.6, S=191.4, V=121.2
2026-07-01 21:43:44,700 - mazeUtils.moveTile - [moveTile.py:90] - DEBUG - [1132.819776] moveTile calculated motor speeds left=100 right=93 gyroSteer=5.879999999999882 wallSteer=0.8000000000000007 (+21.0 ms)
2026-07-01 21:43:44,725 - mazeUtils.moveTile - [moveTile.py:90] - DEBUG - [1132.844759] moveTile applied motor speed left=100 right=93 (+25.0 ms)
2026-07-01 21:43:44,730 - mazeUtils.moveTile - [moveTile.py:90] - DEBUG - [1132.849991] moveTile tile color check tempTileColor=E (+5.2 ms)
2026-07-01 21:43:44,731 - mazeUtils.moveTile - [moveTile.py:90] - DEBUG - [1132.850934] moveTile obstacle check escapeFlag=False (+0.9 ms)
2026-07-01 21:43:44,735 - mazeUtils.moveTile - [moveTile.py:90] - DEBUG - [1132.855185] moveTile ramp check isBigRamp=True (+4.3 ms)
2026-07-01 21:43:44,737 - mazeUtils.moveTile - [moveTile.py:79] - DEBUG - roll: 330.34 deg, practicalMoveTime: 0.9368236429405916 sec
2026-07-01 21:43:44,738 - mazeUtils.moveTile - [moveTile.py:2275] - DEBUG - moveTile loop time: 58.8 ms
2026-07-01 21:43:44,738 - mazeUtils.moveTile - [moveTile.py:90] - DEBUG - [1132.858179] moveTile loop end practicalMoveTime=0.937 (+3.0 ms)
2026-07-01 21:43:44,738 - mazeUtils.moveTile - [moveTile.py:90] - DEBUG - [1132.858648] moveTile loop start (+0.5 ms)
2026-07-01 21:43:44,746 - picamera2.picamera2 - [picamera2.py:1391] - DEBUG - Execute job: <picamera2.job.Job object at 0x7f9ef87a90>
2026-07-01 21:43:44,752 - mazeUtils.device.camera - [camera.py:39] - DEBUG - Average HSV: H=164.5, S=233.2, V=49.5
2026-07-01 21:43:44,757 - mazeUtils.moveTile - [moveTile.py:90] - DEBUG - [1132.877363] moveTile calculated motor speeds left=100 right=90 gyroSteer=9.759999999999991 wallSteer=0.0 (+18.7 ms)
2026-07-01 21:43:44,778 - mazeUtils.moveTile - [moveTile.py:90] - DEBUG - [1132.897889] moveTile applied motor speed left=100 right=90 (+20.5 ms)
2026-07-01 21:43:44,782 - mazeUtils.moveTile - [moveTile.py:90] - DEBUG - [1132.901808] moveTile tile color check tempTileColor=E (+3.9 ms)
2026-07-01 21:43:44,783 - mazeUtils.moveTile - [moveTile.py:90] - DEBUG - [1132.902703] moveTile obstacle check escapeFlag=False (+0.9 ms)
2026-07-01 21:43:44,788 - mazeUtils.moveTile - [moveTile.py:90] - DEBUG - [1132.908344] moveTile ramp check isBigRamp=True (+5.6 ms)
2026-07-01 21:43:44,789 - mazeUtils.moveTile - [moveTile.py:79] - DEBUG - roll: 330.57 deg, practicalMoveTime: 0.9862764826769436 sec
2026-07-01 21:43:44,790 - mazeUtils.moveTile - [moveTile.py:2275] - DEBUG - moveTile loop time: 51.3 ms
2026-07-01 21:43:44,790 - mazeUtils.moveTile - [moveTile.py:90] - DEBUG - [1132.910542] moveTile loop end practicalMoveTime=0.986 (+2.2 ms)
2026-07-01 21:43:44,791 - mazeUtils.moveTile - [moveTile.py:90] - DEBUG - [1132.911020] moveTile loop start (+0.5 ms)
2026-07-01 21:43:44,797 - picamera2.picamera2 - [picamera2.py:1391] - DEBUG - Execute job: <picamera2.job.Job object at 0x7f872b0150>
2026-07-01 21:43:44,803 - mazeUtils.device.camera - [camera.py:39] - DEBUG - Average HSV: H=164.2, S=233.3, V=51.5
2026-07-01 21:43:44,812 - mazeUtils.moveTile - [moveTile.py:90] - DEBUG - [1132.931807] moveTile calculated motor speeds left=100 right=99 gyroSteer=5.240000000000009 wallSteer=-5.199999999999999 (+20.8 ms)
2026-07-01 21:43:44,834 - mazeUtils.moveTile - [moveTile.py:90] - DEBUG - [1132.954247] moveTile applied motor speed left=100 right=99 (+22.4 ms)
2026-07-01 21:43:44,842 - mazeUtils.moveTile - [moveTile.py:90] - DEBUG - [1132.961753] moveTile tile color check tempTileColor=E (+7.5 ms)
2026-07-01 21:43:44,843 - mazeUtils.moveTile - [moveTile.py:90] - DEBUG - [1132.962707] moveTile obstacle check escapeFlag=False (+1.0 ms)
2026-07-01 21:43:44,849 - mazeUtils.moveTile - [moveTile.py:90] - DEBUG - [1132.968952] moveTile ramp check isBigRamp=True (+6.2 ms)
2026-07-01 21:43:44,850 - mazeUtils.moveTile - [moveTile.py:79] - DEBUG - roll: 331.46 deg, practicalMoveTime: 1.04404992596876 sec
2026-07-01 21:43:44,850 - mazeUtils.moveTile - [moveTile.py:2275] - DEBUG - moveTile loop time: 59.4 ms
2026-07-01 21:43:44,851 - mazeUtils.moveTile - [moveTile.py:90] - DEBUG - [1132.971165] moveTile loop end practicalMoveTime=1.044 (+2.2 ms)
2026-07-01 21:43:44,852 - mazeUtils.moveTile - [moveTile.py:90] - DEBUG - [1132.971735] moveTile loop start (+0.6 ms)
2026-07-01 21:43:44,858 - picamera2.picamera2 - [picamera2.py:1391] - DEBUG - Execute job: <picamera2.job.Job object at 0x7f9eeb5fd0>
2026-07-01 21:43:44,864 - mazeUtils.device.camera - [camera.py:39] - DEBUG - Average HSV: H=164.6, S=234.0, V=54.2
2026-07-01 21:43:44,869 - mazeUtils.moveTile - [moveTile.py:90] - DEBUG - [1132.989271] moveTile calculated motor speeds left=100 right=99 gyroSteer=7.119999999999891 wallSteer=-6.399999999999999 (+17.5 ms)
2026-07-01 21:43:44,889 - mazeUtils.moveTile - [moveTile.py:90] - DEBUG - [1133.009636] moveTile applied motor speed left=100 right=99 (+20.4 ms)
2026-07-01 21:43:44,895 - mazeUtils.moveTile - [moveTile.py:90] - DEBUG - [1133.014814] moveTile tile color check tempTileColor=E (+5.2 ms)
2026-07-01 21:43:44,896 - mazeUtils.moveTile - [moveTile.py:90] - DEBUG - [1133.015815] moveTile obstacle check escapeFlag=False (+1.0 ms)
2026-07-01 21:43:44,901 - mazeUtils.moveTile - [moveTile.py:90] - DEBUG - [1133.021301] moveTile ramp check isBigRamp=True (+5.5 ms)
2026-07-01 21:43:44,902 - mazeUtils.moveTile - [moveTile.py:79] - DEBUG - roll: 331.88 deg, practicalMoveTime: 1.094078634378388 sec
2026-07-01 21:43:44,903 - mazeUtils.moveTile - [moveTile.py:2275] - DEBUG - moveTile loop time: 51.0 ms
2026-07-01 21:43:44,903 - mazeUtils.moveTile - [moveTile.py:90] - DEBUG - [1133.023350] moveTile loop end practicalMoveTime=1.094 (+2.0 ms)
2026-07-01 21:43:44,904 - mazeUtils.moveTile - [moveTile.py:90] - DEBUG - [1133.023810] moveTile loop start (+0.5 ms)
2026-07-01 21:43:44,913 - picamera2.picamera2 - [picamera2.py:1391] - DEBUG - Execute job: <picamera2.job.Job object at 0x7f97c3f8d0>
2026-07-01 21:43:44,919 - mazeUtils.device.camera - [camera.py:39] - DEBUG - Average HSV: H=164.5, S=234.0, V=50.2
2026-07-01 21:43:44,926 - mazeUtils.moveTile - [moveTile.py:90] - DEBUG - [1133.046179] moveTile calculated motor speeds left=97 right=100 gyroSteer=3.839999999999918 wallSteer=-6.800000000000001 (+22.4 ms)
2026-07-01 21:43:44,949 - mazeUtils.moveTile - [moveTile.py:90] - DEBUG - [1133.069233] moveTile applied motor speed left=97 right=100 (+23.1 ms)
2026-07-01 21:43:44,954 - mazeUtils.moveTile - [moveTile.py:90] - DEBUG - [1133.074450] moveTile tile color check tempTileColor=R (+5.2 ms)
2026-07-01 21:43:44,956 - mazeUtils.moveTile - [moveTile.py:90] - DEBUG - [1133.075890] moveTile obstacle check escapeFlag=False (+1.4 ms)
2026-07-01 21:43:44,967 - mazeUtils.moveTile - [moveTile.py:90] - DEBUG - [1133.086839] moveTile ramp check isBigRamp=True (+10.9 ms)
2026-07-01 21:43:44,968 - mazeUtils.moveTile - [moveTile.py:79] - DEBUG - roll: 336.74 deg, practicalMoveTime: 1.1599940654662513 sec
2026-07-01 21:43:44,970 - mazeUtils.moveTile - [moveTile.py:2275] - DEBUG - moveTile loop time: 66.1 ms
2026-07-01 21:43:44,971 - mazeUtils.moveTile - [moveTile.py:90] - DEBUG - [1133.091039] moveTile loop end practicalMoveTime=1.160 (+4.2 ms)
2026-07-01 21:43:44,972 - mazeUtils.moveTile - [moveTile.py:90] - DEBUG - [1133.091960] moveTile loop start (+0.9 ms)
2026-07-01 21:43:44,981 - picamera2.picamera2 - [picamera2.py:1391] - DEBUG - Execute job: <picamera2.job.Job object at 0x7f97c3f8d0>
2026-07-01 21:43:44,987 - mazeUtils.device.camera - [camera.py:39] - DEBUG - Average HSV: H=165.8, S=232.8, V=55.0
2026-07-01 21:43:44,993 - mazeUtils.moveTile - [moveTile.py:90] - DEBUG - [1133.113256] moveTile calculated motor speeds left=96 right=100 gyroSteer=6.319999999999936 wallSteer=-10.0 (+21.3 ms)
2026-07-01 21:43:45,018 - mazeUtils.moveTile - [moveTile.py:90] - DEBUG - [1133.137697] moveTile applied motor speed left=96 right=100 (+24.4 ms)
2026-07-01 21:43:45,023 - mazeUtils.moveTile - [moveTile.py:90] - DEBUG - [1133.143342] moveTile tile color check tempTileColor=R (+5.6 ms)
2026-07-01 21:43:45,025 - mazeUtils.moveTile - [moveTile.py:90] - DEBUG - [1133.144801] moveTile obstacle check escapeFlag=False (+1.5 ms)
2026-07-01 21:43:45,036 - mazeUtils.moveTile - [moveTile.py:90] - DEBUG - [1133.155891] moveTile ramp check isBigRamp=True (+11.1 ms)
2026-07-01 21:43:45,037 - mazeUtils.moveTile - [moveTile.py:79] - DEBUG - roll: 340.8 deg, practicalMoveTime: 1.2297564906632052 sec
2026-07-01 21:43:45,038 - mazeUtils.moveTile - [moveTile.py:2275] - DEBUG - moveTile loop time: 66.1 ms
2026-07-01 21:43:45,039 - mazeUtils.moveTile - [moveTile.py:90] - DEBUG - [1133.158822] moveTile loop end practicalMoveTime=1.230 (+2.9 ms)
2026-07-01 21:43:45,039 - mazeUtils.moveTile - [moveTile.py:90] - DEBUG - [1133.159496] moveTile loop start (+0.7 ms)
2026-07-01 21:43:45,049 - picamera2.picamera2 - [picamera2.py:1391] - DEBUG - Execute job: <picamera2.job.Job object at 0x7fa009f710>
2026-07-01 21:43:45,056 - mazeUtils.device.camera - [camera.py:39] - DEBUG - Average HSV: H=163.2, S=232.0, V=50.1
2026-07-01 21:43:45,061 - mazeUtils.moveTile - [moveTile.py:90] - DEBUG - [1133.181173] moveTile calculated motor speeds left=100 right=93 gyroSteer=4.599999999999909 wallSteer=2.3999999999999986 (+21.7 ms)
2026-07-01 21:43:45,087 - mazeUtils.moveTile - [moveTile.py:90] - DEBUG - [1133.206662] moveTile applied motor speed left=100 right=93 (+25.5 ms)
2026-07-01 21:43:45,090 - mazeUtils.moveTile - [moveTile.py:90] - DEBUG - [1133.210549] moveTile tile color check tempTileColor=R (+3.9 ms)
2026-07-01 21:43:45,091 - mazeUtils.moveTile - [moveTile.py:90] - DEBUG - [1133.211456] moveTile obstacle check escapeFlag=False (+0.9 ms)
2026-07-01 21:43:45,104 - mazeUtils.moveTile - [moveTile.py:90] - DEBUG - [1133.223927] moveTile ramp check isBigRamp=True (+12.5 ms)
2026-07-01 21:43:45,105 - mazeUtils.moveTile - [moveTile.py:79] - DEBUG - roll: 346.56 deg, practicalMoveTime: 1.3015926149329395 sec
2026-07-01 21:43:45,106 - mazeUtils.moveTile - [moveTile.py:2275] - DEBUG - moveTile loop time: 66.4 ms
2026-07-01 21:43:45,106 - mazeUtils.moveTile - [moveTile.py:90] - DEBUG - [1133.226580] moveTile loop end practicalMoveTime=1.302 (+2.7 ms)
2026-07-01 21:43:45,107 - mazeUtils.moveTile - [moveTile.py:90] - DEBUG - [1133.227027] moveTile loop start (+0.4 ms)
2026-07-01 21:43:45,117 - picamera2.picamera2 - [picamera2.py:1391] - DEBUG - Execute job: <picamera2.job.Job object at 0x7f6a01d490>
2026-07-01 21:43:45,123 - mazeUtils.device.camera - [camera.py:39] - DEBUG - Average HSV: H=154.9, S=220.8, V=48.6
2026-07-01 21:43:45,129 - mazeUtils.moveTile - [moveTile.py:90] - DEBUG - [1133.249152] moveTile calculated motor speeds left=100 right=89 gyroSteer=6.720000000000027 wallSteer=3.6000000000000014 (+22.1 ms)
2026-07-01 21:43:45,149 - mazeUtils.moveTile - [moveTile.py:90] - DEBUG - [1133.269579] moveTile applied motor speed left=100 right=89 (+20.4 ms)
2026-07-01 21:43:45,154 - mazeUtils.moveTile - [moveTile.py:90] - DEBUG - [1133.274151] moveTile tile color check tempTileColor=E (+4.6 ms)
2026-07-01 21:43:45,155 - mazeUtils.moveTile - [moveTile.py:90] - DEBUG - [1133.275091] moveTile obstacle check escapeFlag=False (+0.9 ms)
2026-07-01 21:43:45,160 - mazeUtils.moveTile - [moveTile.py:90] - DEBUG - [1133.280175] moveTile ramp check isBigRamp=False (+5.1 ms)
2026-07-01 21:43:45,162 - mazeUtils.moveTile - [moveTile.py:79] - DEBUG - roll: 349.11 deg, practicalMoveTime: 1.3617817210434855 sec
2026-07-01 21:43:45,163 - mazeUtils.moveTile - [moveTile.py:2275] - DEBUG - moveTile loop time: 55.4 ms
2026-07-01 21:43:45,163 - mazeUtils.moveTile - [moveTile.py:90] - DEBUG - [1133.283497] moveTile loop end practicalMoveTime=1.362 (+3.3 ms)
2026-07-01 21:43:45,164 - mazeUtils.moveTile - [moveTile.py:90] - DEBUG - [1133.284193] moveTile loop start (+0.7 ms)
2026-07-01 21:43:45,171 - picamera2.picamera2 - [picamera2.py:1391] - DEBUG - Execute job: <picamera2.job.Job object at 0x7f6a01d490>
2026-07-01 21:43:45,177 - mazeUtils.device.camera - [camera.py:39] - DEBUG - Average HSV: H=139.6, S=202.9, V=65.8
2026-07-01 21:43:45,184 - mazeUtils.moveTile - [moveTile.py:90] - DEBUG - [1133.304238] moveTile calculated motor speeds left=100 right=90 gyroSteer=5.6400000000001 wallSteer=4.0 (+20.0 ms)
2026-07-01 21:43:45,206 - mazeUtils.moveTile - [moveTile.py:90] - DEBUG - [1133.326406] moveTile applied motor speed left=100 right=90 (+22.2 ms)
2026-07-01 21:43:45,210 - mazeUtils.moveTile - [moveTile.py:90] - DEBUG - [1133.330398] moveTile tile color check tempTileColor=E (+4.0 ms)
2026-07-01 21:43:45,211 - mazeUtils.moveTile - [moveTile.py:90] - DEBUG - [1133.331281] moveTile obstacle check escapeFlag=False (+0.9 ms)
2026-07-01 21:43:45,216 - mazeUtils.moveTile - [moveTile.py:90] - DEBUG - [1133.336649] moveTile ramp check isBigRamp=False (+5.4 ms)
2026-07-01 21:43:45,218 - mazeUtils.moveTile - [moveTile.py:79] - DEBUG - roll: 351.44 deg, practicalMoveTime: 1.416270494477932 sec
2026-07-01 21:43:45,218 - mazeUtils.moveTile - [moveTile.py:2275] - DEBUG - moveTile loop time: 54.1 ms
2026-07-01 21:43:45,219 - mazeUtils.moveTile - [moveTile.py:90] - DEBUG - [1133.338945] moveTile loop end practicalMoveTime=1.416 (+2.3 ms)
2026-07-01 21:43:45,219 - mazeUtils.moveTile - [moveTile.py:90] - DEBUG - [1133.339399] moveTile loop start (+0.5 ms)
2026-07-01 21:43:45,228 - picamera2.picamera2 - [picamera2.py:1391] - DEBUG - Execute job: <picamera2.job.Job object at 0x7f97c3e590>
2026-07-01 21:43:45,235 - mazeUtils.device.camera - [camera.py:39] - DEBUG - Average HSV: H=135.3, S=202.4, V=76.9
2026-07-01 21:43:45,241 - mazeUtils.moveTile - [moveTile.py:90] - DEBUG - [1133.361417] moveTile calculated motor speeds left=100 right=94 gyroSteer=2.0399999999999636 wallSteer=3.6000000000000014 (+22.0 ms)
2026-07-01 21:43:45,261 - mazeUtils.moveTile - [moveTile.py:90] - DEBUG - [1133.381405] moveTile applied motor speed left=100 right=94 (+20.0 ms)
2026-07-01 21:43:45,265 - mazeUtils.moveTile - [moveTile.py:90] - DEBUG - [1133.385573] moveTile tile color check tempTileColor=E (+4.2 ms)
2026-07-01 21:43:45,266 - mazeUtils.moveTile - [moveTile.py:90] - DEBUG - [1133.386240] moveTile obstacle check escapeFlag=False (+0.7 ms)
2026-07-01 21:43:45,272 - mazeUtils.moveTile - [moveTile.py:90] - DEBUG - [1133.392534] moveTile ramp check isBigRamp=False (+6.3 ms)
2026-07-01 21:43:45,274 - mazeUtils.moveTile - [moveTile.py:79] - DEBUG - roll: 356.98 deg, practicalMoveTime: 1.471780110679954 sec
2026-07-01 21:43:45,275 - mazeUtils.moveTile - [moveTile.py:2275] - DEBUG - moveTile loop time: 55.4 ms
2026-07-01 21:43:45,275 - mazeUtils.moveTile - [moveTile.py:90] - DEBUG - [1133.395614] moveTile loop end practicalMoveTime=1.472 (+3.1 ms)
2026-07-01 21:43:45,276 - mazeUtils.moveTile - [moveTile.py:90] - DEBUG - [1133.396312] moveTile loop start (+0.7 ms)
2026-07-01 21:43:45,287 - picamera2.picamera2 - [picamera2.py:1391] - DEBUG - Execute job: <picamera2.job.Job object at 0x7f95b07990>
2026-07-01 21:43:45,293 - mazeUtils.device.camera - [camera.py:39] - DEBUG - Average HSV: H=138.5, S=211.6, V=75.0
2026-07-01 21:43:45,299 - mazeUtils.moveTile - [moveTile.py:90] - DEBUG - [1133.419394] moveTile calculated motor speeds left=100 right=93 gyroSteer=6.6400000000001 wallSteer=0.0 (+23.1 ms)
2026-07-01 21:43:45,320 - mazeUtils.moveTile - [moveTile.py:90] - DEBUG - [1133.440301] moveTile applied motor speed left=100 right=93 (+20.9 ms)
2026-07-01 21:43:45,326 - mazeUtils.moveTile - [moveTile.py:90] - DEBUG - [1133.446416] moveTile tile color check tempTileColor=E (+6.1 ms)
2026-07-01 21:43:45,327 - mazeUtils.moveTile - [moveTile.py:90] - DEBUG - [1133.447549] moveTile obstacle check escapeFlag=False (+1.1 ms)
2026-07-01 21:43:45,334 - mazeUtils.moveTile - [moveTile.py:90] - DEBUG - [1133.454551] moveTile ramp check isBigRamp=False (+7.0 ms)
2026-07-01 21:43:45,336 - mazeUtils.moveTile - [moveTile.py:79] - DEBUG - roll: 357.83 deg, practicalMoveTime: 1.5326607122165363 sec
2026-07-01 21:43:45,337 - mazeUtils.moveTile - [moveTile.py:2275] - DEBUG - moveTile loop time: 60.4 ms
2026-07-01 21:43:45,337 - mazeUtils.moveTile - [moveTile.py:90] - DEBUG - [1133.457558] moveTile loop end practicalMoveTime=1.533 (+3.0 ms)
2026-07-01 21:43:45,338 - mazeUtils.moveTile - [moveTile.py:90] - DEBUG - [1133.458155] moveTile loop start (+0.6 ms)
2026-07-01 21:43:45,346 - picamera2.picamera2 - [picamera2.py:1391] - DEBUG - Execute job: <picamera2.job.Job object at 0x7f6a01d410>
2026-07-01 21:43:45,353 - mazeUtils.device.camera - [camera.py:39] - DEBUG - Average HSV: H=138.8, S=213.3, V=72.1
2026-07-01 21:43:45,358 - mazeUtils.moveTile - [moveTile.py:90] - DEBUG - [1133.477969] moveTile calculated motor speeds left=100 right=96 gyroSteer=2.160000000000082 wallSteer=1.6000000000000014 (+19.8 ms)
2026-07-01 21:43:45,378 - mazeUtils.moveTile - [moveTile.py:90] - DEBUG - [1133.498115] moveTile applied motor speed left=100 right=96 (+20.1 ms)
2026-07-01 21:43:45,382 - mazeUtils.moveTile - [moveTile.py:90] - DEBUG - [1133.501868] moveTile tile color check tempTileColor=E (+3.8 ms)
2026-07-01 21:43:45,382 - mazeUtils.moveTile - [moveTile.py:90] - DEBUG - [1133.502530] moveTile obstacle check escapeFlag=False (+0.7 ms)
2026-07-01 21:43:45,388 - mazeUtils.moveTile - [moveTile.py:90] - DEBUG - [1133.508571] moveTile ramp check isBigRamp=False (+6.0 ms)
2026-07-01 21:43:45,390 - mazeUtils.moveTile - [moveTile.py:79] - DEBUG - roll: 359.65 deg, practicalMoveTime: 1.5858077518281224 sec
2026-07-01 21:43:45,392 - mazeUtils.moveTile - [moveTile.py:2275] - DEBUG - moveTile loop time: 53.5 ms
2026-07-01 21:43:45,393 - mazeUtils.moveTile - [moveTile.py:90] - DEBUG - [1133.512871] moveTile loop end practicalMoveTime=1.586 (+4.3 ms)
2026-07-01 21:43:45,394 - mazeUtils.moveTile - [moveTile.py:90] - DEBUG - [1133.514033] moveTile loop start (+1.2 ms)
2026-07-01 21:43:45,400 - picamera2.picamera2 - [picamera2.py:1391] - DEBUG - Execute job: <picamera2.job.Job object at 0x7f9f861f90>
2026-07-01 21:43:45,407 - mazeUtils.device.camera - [camera.py:39] - DEBUG - Average HSV: H=113.6, S=243.8, V=150.4
2026-07-01 21:43:45,413 - mazeUtils.moveTile - [moveTile.py:90] - DEBUG - [1133.532671] moveTile calculated motor speeds left=100 right=93 gyroSteer=4.079999999999927 wallSteer=2.0 (+18.6 ms)
2026-07-01 21:43:45,434 - mazeUtils.moveTile - [moveTile.py:90] - DEBUG - [1133.553876] moveTile applied motor speed left=100 right=93 (+21.2 ms)
2026-07-01 21:43:45,438 - mazeUtils.moveTile - [moveTile.py:90] - DEBUG - [1133.558002] moveTile tile color check tempTileColor=E (+4.1 ms)
2026-07-01 21:43:45,439 - mazeUtils.moveTile - [moveTile.py:90] - DEBUG - [1133.559252] moveTile obstacle check escapeFlag=False (+1.2 ms)
2026-07-01 21:43:45,446 - mazeUtils.moveTile - [moveTile.py:90] - DEBUG - [1133.566002] moveTile ramp check isBigRamp=False (+6.7 ms)
2026-07-01 21:43:45,447 - mazeUtils.moveTile - [moveTile.py:79] - DEBUG - roll: 359.96 deg, practicalMoveTime: 1.641141591111543 sec
2026-07-01 21:43:45,449 - mazeUtils.moveTile - [moveTile.py:2275] - DEBUG - moveTile loop time: 55.4 ms
2026-07-01 21:43:45,450 - mazeUtils.moveTile - [moveTile.py:90] - DEBUG - [1133.570528] moveTile loop end practicalMoveTime=1.641 (+4.5 ms)
2026-07-01 21:43:45,452 - mazeUtils.moveTile - [moveTile.py:90] - DEBUG - [1133.571781] moveTile loop start (+1.3 ms)
2026-07-01 21:43:45,457 - picamera2.picamera2 - [picamera2.py:1391] - DEBUG - Execute job: <picamera2.job.Job object at 0x7f95b07990>
2026-07-01 21:43:45,466 - mazeUtils.device.camera - [camera.py:39] - DEBUG - Average HSV: H=113.6, S=250.1, V=154.0
2026-07-01 21:43:45,472 - mazeUtils.moveTile - [moveTile.py:90] - DEBUG - [1133.591721] moveTile calculated motor speeds left=100 right=91 gyroSteer=7.279999999999973 wallSteer=1.6000000000000014 (+19.9 ms)
2026-07-01 21:43:45,492 - mazeUtils.moveTile - [moveTile.py:90] - DEBUG - [1133.612168] moveTile applied motor speed left=100 right=91 (+20.4 ms)
2026-07-01 21:43:45,496 - mazeUtils.moveTile - [moveTile.py:90] - DEBUG - [1133.616218] moveTile tile color check tempTileColor=E (+4.0 ms)
2026-07-01 21:43:45,497 - mazeUtils.moveTile - [moveTile.py:90] - DEBUG - [1133.617102] moveTile obstacle check escapeFlag=False (+0.9 ms)
2026-07-01 21:43:45,505 - mazeUtils.moveTile - [moveTile.py:90] - DEBUG - [1133.624758] moveTile ramp check isBigRamp=False (+7.7 ms)
2026-07-01 21:43:45,506 - mazeUtils.moveTile - [moveTile.py:2113] - INFO - practicalVerticalMove: -17.530583415625028 CM
2026-07-01 21:43:45,527 - mazeUtils.moveTile - [moveTile.py:90] - DEBUG - [1133.647263] moveTile finished by time control (+22.5 ms)
2026-07-01 21:43:45,528 - mazeUtils.moveTile - [moveTile.py:90] - DEBUG - [1133.648145] moveTile start final forward adjustment (+23.4 ms)
2026-07-01 21:43:45,562 - mazeUtils.moveTile - [moveTile.py:79] - DEBUG - Little forward to adjust position
2026-07-01 21:43:45,575 - mazeUtils.moveTile - [moveTile.py:2311] - INFO - Final forward adjustment... Current dist:9.0
2026-07-01 21:43:45,598 - mazeUtils.moveTile - [moveTile.py:90] - DEBUG - [1133.717865] moveTile finished final forward adjustment (+69.7 ms)
2026-07-01 21:43:45,599 - mazeUtils.moveTile - [moveTile.py:2412] - INFO - Set slope for tile at absDirection.WEST, horizontal: 30 cm, vertical: -15 cm based on roll 330.71 deg
2026-07-01 21:43:45,777 - mazeUtils.moveTile - [moveTile.py:570] - DEBUG - Direction: absDirection.NORTH, Angle: 270, Distance: 16.67477459032159 cm
2026-07-01 21:43:45,778 - mazeUtils.moveTile - [moveTile.py:570] - DEBUG - Direction: absDirection.EAST, Angle: 180, Distance: 46.22134524074738 cm
2026-07-01 21:43:45,780 - mazeUtils.moveTile - [moveTile.py:570] - DEBUG - Direction: absDirection.SOUTH, Angle: 90, Distance: 15.091809359616079 cm
2026-07-01 21:43:45,781 - mazeUtils.moveTile - [moveTile.py:570] - DEBUG - Direction: absDirection.WEST, Angle: 0, Distance: 11.586136215397728 cm
2026-07-01 21:43:45,785 - mazeUtils.moveTile - [moveTile.py:580] - INFO - angle: 0, result: judgeWallResult.WALL
2026-07-01 21:43:45,786 - mazeUtils.moveTile - [moveTile.py:583] - DEBUG - Front LiDAR distance: 11.586136215397728 cm, TSD10 distance: 1.6 cm
2026-07-01 21:43:45,787 - mazeUtils.moveTile - [moveTile.py:90] - DEBUG - [1133.907085] moveTile updated map and detected walls (+189.2 ms)
2026-07-01 21:43:45,790 - mazeUtils.moveTile - [moveTile.py:2669] - INFO - Tile color detection, decided tile type: E
2026-07-01 21:43:45,792 - mazeUtils.moveTile - [moveTile.py:90] - DEBUG - [1133.912195] moveTile finished (+194.3 ms)
2026-07-01 21:43:45,831 - mazeUtils.moveTile - [moveTile.py:2708] - INFO - (0, None)
2026-07-01 21:43:45,879 - __main__ - [main.py:110] - INFO - Current position: (20, 15, 0), front direction: absDirection.WEST
Layer 0 (altitude=0.0cm, offset=(0.0cm, 0.0cm)):
Known map area: x=20..22, y=15..20
+---+   +   +
| @   U   U  
+---+   +   +
  U   U   U  
+   +   +   +
  U   U   L |
+---+   +   +
| L   L   L |
+   +   +---+
| L   U   U  
+   +   +   +
| S | U   U  
+---+   +   +
Layer 1 (altitude=15.0cm, offset=(0.0cm, -60.0cm)):
Known map area: x=22..22, y=17..17
+---+
  E |
+   +
2026-07-01 21:43:45,887 - mazeUtils.mazeMap - [mazeMap.py:61] - INFO - next goal: (21, 17, 0)
2026-07-01 21:43:45,890 - mazeUtils.mazeMap - [mazeMap.py:61] - INFO - next goal: (20, 20, 0)
2026-07-01 21:43:45,891 - mazeUtils.moveTile - [moveTile.py:88] - DEBUG - [1134.011434] moveTile start direction=absDirection.EAST position=(20, 15, 0) front=absDirection.WEST
2026-07-01 21:43:45,897 - mazeUtils.moveTile - [moveTile.py:90] - DEBUG - [1134.017279] moveTile after initial toggle check (+5.8 ms)
2026-07-01 21:43:45,900 - mazeUtils.moveTile - [moveTile.py:90] - DEBUG - [1134.020306] moveTile after tile checks isRedTile=False isUnknownTileAhead=False (+3.0 ms)
2026-07-01 21:43:45,901 - mazeUtils.moveTile - [moveTile.py:79] - DEBUG - Moving to absDirection.EAST from (20, 15, 0) facing absDirection.WEST
2026-07-01 21:43:45,901 - mazeUtils.moveTile - [moveTile.py:90] - DEBUG - [1134.021526] moveTile start heading change target=270 (+1.2 ms)
2026-07-01 21:43:45,928 - mazeUtils.moveTile - [moveTile.py:79] - DEBUG - current heading: 91.96999999999997 target: 180
2026-07-01 21:43:47,132 - mazeUtils.moveTile - [moveTile.py:441] - DEBUG - stopped turning at heading: 175.57999999999998, diff: 4.420000000000016
2026-07-01 21:43:47,184 - mazeUtils.moveTile - [moveTile.py:79] - DEBUG - Turned to heading: 179.39 deg
2026-07-01 21:43:47,225 - mazeUtils.moveTile - [moveTile.py:79] - DEBUG - current heading: 180.76 target: 270
2026-07-01 21:43:48,780 - mazeUtils.moveTile - [moveTile.py:441] - DEBUG - stopped turning at heading: 265.53, diff: 4.470000000000027
2026-07-01 21:43:48,834 - mazeUtils.moveTile - [moveTile.py:79] - DEBUG - Turned to heading: 268.43 deg
2026-07-01 21:43:48,835 - mazeUtils.moveTile - [moveTile.py:90] - DEBUG - [1136.954889] moveTile finished heading change (+2933.4 ms)
2026-07-01 21:43:48,836 - mazeUtils.moveTile - [moveTile.py:90] - DEBUG - [1136.955536] Adjustment after ramp completed (+0.6 ms)
2026-07-01 21:43:48,836 - mazeUtils.moveTile - [moveTile.py:90] - DEBUG - [1136.956427] moveTile updated front direction (+0.9 ms)
2026-07-01 21:43:48,856 - mazeUtils.moveTile - [moveTile.py:90] - DEBUG - [1136.976200] moveTile stopped motors before alignment (+19.8 ms)
2026-07-01 21:43:49,007 - mazeUtils.moveTile - [moveTile.py:570] - DEBUG - Direction: absDirection.NORTH, Angle: 90, Distance: 17.23416751695096 cm
2026-07-01 21:43:49,009 - mazeUtils.moveTile - [moveTile.py:570] - DEBUG - Direction: absDirection.EAST, Angle: 0, Distance: 40.99053440112404 cm
2026-07-01 21:43:49,014 - mazeUtils.moveTile - [moveTile.py:570] - DEBUG - Direction: absDirection.SOUTH, Angle: 270, Distance: 14.797746079020405 cm
2026-07-01 21:43:49,015 - mazeUtils.moveTile - [moveTile.py:570] - DEBUG - Direction: absDirection.WEST, Angle: 180, Distance: 17.309227508173986 cm
2026-07-01 21:43:49,016 - mazeUtils.moveTile - [moveTile.py:90] - DEBUG - [1137.135810] moveTile start position adjustment using LiDAR for back wall. (+159.6 ms)
2026-07-01 21:43:49,037 - mazeUtils.moveTile - [moveTile.py:79] - DEBUG - Little backward to adjust position
2026-07-01 21:43:49,256 - mazeUtils.moveTile - [moveTile.py:90] - DEBUG - [1137.376465] moveTile finished backward adjustment (+240.7 ms)
2026-07-01 21:43:49,336 - mazeUtils.moveTile - [moveTile.py:90] - DEBUG - [1137.455656] moveTile ready for forward move (+79.2 ms)
2026-07-01 21:43:49,366 - mazeUtils.moveTile - [moveTile.py:1840] - DEBUG - Calculated target steps to next tile: 2 based on distance 60 cm
2026-07-01 21:43:49,366 - mazeUtils.moveTile - [moveTile.py:90] - DEBUG - [1137.486515] moveTile initialized movement targetSteps=2 (+30.9 ms)
2026-07-01 21:43:49,368 - mazeUtils.moveTile - [moveTile.py:90] - DEBUG - [1137.487957] moveTile loop start (+1.4 ms)
2026-07-01 21:43:49,374 - picamera2.picamera2 - [picamera2.py:1391] - DEBUG - Execute job: <picamera2.job.Job object at 0x7f97c3e590>
2026-07-01 21:43:49,382 - mazeUtils.device.camera - [camera.py:39] - DEBUG - Average HSV: H=108.0, S=255.0, V=224.0
2026-07-01 21:43:49,388 - mazeUtils.moveTile - [moveTile.py:90] - DEBUG - [1137.507903] moveTile calculated motor speeds left=97 right=100 gyroSteer=1.4800000000000182 wallSteer=-3.6000000000000014 (+19.9 ms)
2026-07-01 21:43:49,412 - mazeUtils.moveTile - [moveTile.py:90] - DEBUG - [1137.532518] moveTile applied motor speed left=97 right=100 (+24.6 ms)
2026-07-01 21:43:49,419 - mazeUtils.moveTile - [moveTile.py:90] - DEBUG - [1137.538854] moveTile tile color check tempTileColor=E (+6.3 ms)
2026-07-01 21:43:49,419 - mazeUtils.moveTile - [moveTile.py:90] - DEBUG - [1137.539614] moveTile obstacle check escapeFlag=False (+0.8 ms)
2026-07-01 21:43:49,426 - mazeUtils.moveTile - [moveTile.py:90] - DEBUG - [1137.546290] moveTile ramp check isBigRamp=False (+6.7 ms)
2026-07-01 21:43:49,427 - mazeUtils.moveTile - [moveTile.py:79] - DEBUG - roll: 1.849999999999966 deg, practicalMoveTime: 0.06160360617936652 sec
2026-07-01 21:43:49,428 - mazeUtils.moveTile - [moveTile.py:2275] - DEBUG - moveTile loop time: 60.2 ms
2026-07-01 21:43:49,429 - mazeUtils.moveTile - [moveTile.py:90] - DEBUG - [1137.548830] moveTile loop end practicalMoveTime=0.062 (+2.5 ms)
2026-07-01 21:43:49,429 - mazeUtils.moveTile - [moveTile.py:90] - DEBUG - [1137.549252] moveTile loop start (+0.4 ms)
2026-07-01 21:43:49,436 - picamera2.picamera2 - [picamera2.py:1391] - DEBUG - Execute job: <picamera2.job.Job object at 0x7f97c3e590>
2026-07-01 21:43:49,443 - mazeUtils.device.camera - [camera.py:39] - DEBUG - Average HSV: H=108.1, S=255.0, V=217.6
2026-07-01 21:43:49,451 - mazeUtils.moveTile - [moveTile.py:90] - DEBUG - [1137.571583] moveTile calculated motor speeds left=98 right=100 gyroSteer=2.3199999999999363 wallSteer=-4.0 (+22.3 ms)
2026-07-01 21:43:49,470 - mazeUtils.moveTile - [moveTile.py:90] - DEBUG - [1137.590429] moveTile applied motor speed left=98 right=100 (+18.8 ms)
2026-07-01 21:43:49,480 - mazeUtils.moveTile - [moveTile.py:90] - DEBUG - [1137.600237] moveTile tile color check tempTileColor=E (+9.8 ms)
2026-07-01 21:43:49,481 - mazeUtils.moveTile - [moveTile.py:90] - DEBUG - [1137.601033] moveTile obstacle check escapeFlag=False (+0.8 ms)
2026-07-01 21:43:49,491 - mazeUtils.moveTile - [moveTile.py:90] - DEBUG - [1137.611510] moveTile ramp check isBigRamp=False (+10.5 ms)
2026-07-01 21:43:49,493 - mazeUtils.moveTile - [moveTile.py:79] - DEBUG - roll: 2.4399999999999977 deg, practicalMoveTime: 0.12634059174975898 sec
2026-07-01 21:43:49,496 - mazeUtils.moveTile - [moveTile.py:2275] - DEBUG - moveTile loop time: 66.7 ms
2026-07-01 21:43:49,497 - mazeUtils.moveTile - [moveTile.py:90] - DEBUG - [1137.617630] moveTile loop end practicalMoveTime=0.126 (+6.1 ms)
2026-07-01 21:43:49,498 - mazeUtils.moveTile - [moveTile.py:90] - DEBUG - [1137.618604] moveTile loop start (+1.0 ms)
2026-07-01 21:43:49,508 - picamera2.picamera2 - [picamera2.py:1391] - DEBUG - Execute job: <picamera2.job.Job object at 0x7f9eea0790>
2026-07-01 21:43:49,514 - mazeUtils.device.camera - [camera.py:39] - DEBUG - Average HSV: H=107.9, S=255.0, V=222.9
2026-07-01 21:43:49,520 - mazeUtils.moveTile - [moveTile.py:90] - DEBUG - [1137.640260] moveTile calculated motor speeds left=94 right=100 gyroSteer=-1.9200000000000728 wallSteer=-4.0 (+21.7 ms)
2026-07-01 21:43:49,540 - mazeUtils.moveTile - [moveTile.py:90] - DEBUG - [1137.659921] moveTile applied motor speed left=94 right=100 (+19.7 ms)
2026-07-01 21:43:49,546 - mazeUtils.moveTile - [moveTile.py:90] - DEBUG - [1137.665747] moveTile tile color check tempTileColor=E (+5.8 ms)
2026-07-01 21:43:49,547 - mazeUtils.moveTile - [moveTile.py:90] - DEBUG - [1137.666870] moveTile obstacle check escapeFlag=False (+1.1 ms)
2026-07-01 21:43:49,557 - mazeUtils.moveTile - [moveTile.py:90] - DEBUG - [1137.676928] moveTile ramp check isBigRamp=False (+10.1 ms)
2026-07-01 21:43:49,558 - mazeUtils.moveTile - [moveTile.py:79] - DEBUG - roll: 2.1899999999999977 deg, practicalMoveTime: 0.18846902342844493 sec
2026-07-01 21:43:49,560 - mazeUtils.moveTile - [moveTile.py:2275] - DEBUG - moveTile loop time: 61.2 ms
2026-07-01 21:43:49,561 - mazeUtils.moveTile - [moveTile.py:90] - DEBUG - [1137.681085] moveTile loop end practicalMoveTime=0.188 (+4.2 ms)
2026-07-01 21:43:49,562 - mazeUtils.moveTile - [moveTile.py:90] - DEBUG - [1137.681909] moveTile loop start (+0.8 ms)
2026-07-01 21:43:49,570 - picamera2.picamera2 - [picamera2.py:1391] - DEBUG - Execute job: <picamera2.job.Job object at 0x7f872b0150>
2026-07-01 21:43:49,577 - mazeUtils.device.camera - [camera.py:39] - DEBUG - Average HSV: H=107.3, S=255.0, V=229.5
2026-07-01 21:43:49,583 - mazeUtils.moveTile - [moveTile.py:90] - DEBUG - [1137.702842] moveTile calculated motor speeds left=86 right=100 gyroSteer=-9.559999999999945 wallSteer=-4.400000000000002 (+20.9 ms)
2026-07-01 21:43:49,607 - mazeUtils.moveTile - [moveTile.py:90] - DEBUG - [1137.727532] moveTile applied motor speed left=86 right=100 (+24.7 ms)
2026-07-01 21:43:49,612 - mazeUtils.moveTile - [moveTile.py:90] - DEBUG - [1137.732253] moveTile tile color check tempTileColor=E (+4.7 ms)
2026-07-01 21:43:49,613 - mazeUtils.moveTile - [moveTile.py:90] - DEBUG - [1137.732972] moveTile obstacle check escapeFlag=False (+0.7 ms)
2026-07-01 21:43:49,620 - mazeUtils.moveTile - [moveTile.py:90] - DEBUG - [1137.739903] moveTile ramp check isBigRamp=False (+6.9 ms)
2026-07-01 21:43:49,622 - mazeUtils.moveTile - [moveTile.py:79] - DEBUG - roll: 5.509999999999991 deg, practicalMoveTime: 0.2500314148080346 sec
2026-07-01 21:43:49,623 - mazeUtils.moveTile - [moveTile.py:2275] - DEBUG - moveTile loop time: 60.7 ms
2026-07-01 21:43:49,623 - mazeUtils.moveTile - [moveTile.py:90] - DEBUG - [1137.743385] moveTile loop end practicalMoveTime=0.250 (+3.5 ms)
2026-07-01 21:43:49,624 - mazeUtils.moveTile - [moveTile.py:90] - DEBUG - [1137.744040] moveTile loop start (+0.7 ms)
2026-07-01 21:43:49,631 - picamera2.picamera2 - [picamera2.py:1391] - DEBUG - Execute job: <picamera2.job.Job object at 0x7f9eee3490>
2026-07-01 21:43:49,637 - mazeUtils.device.camera - [camera.py:39] - DEBUG - Average HSV: H=106.3, S=255.0, V=235.0
2026-07-01 21:43:49,644 - mazeUtils.moveTile - [moveTile.py:90] - DEBUG - [1137.764657] moveTile calculated motor speeds left=81 right=100 gyroSteer=-13.840000000000146 wallSteer=-4.400000000000002 (+20.6 ms)
2026-07-01 21:43:49,671 - mazeUtils.moveTile - [moveTile.py:90] - DEBUG - [1137.791481] moveTile applied motor speed left=81 right=100 (+26.8 ms)
2026-07-01 21:43:49,676 - mazeUtils.moveTile - [moveTile.py:90] - DEBUG - [1137.795967] moveTile tile color check tempTileColor=E (+4.5 ms)
2026-07-01 21:43:49,677 - mazeUtils.moveTile - [moveTile.py:90] - DEBUG - [1137.797176] moveTile obstacle check escapeFlag=False (+1.2 ms)
2026-07-01 21:43:49,685 - mazeUtils.moveTile - [moveTile.py:90] - DEBUG - [1137.804666] moveTile ramp check isBigRamp=False (+7.5 ms)
2026-07-01 21:43:49,686 - mazeUtils.moveTile - [moveTile.py:79] - DEBUG - roll: 4.230000000000018 deg, practicalMoveTime: 0.31304807937874846 sec
2026-07-01 21:43:49,687 - mazeUtils.moveTile - [moveTile.py:2275] - DEBUG - moveTile loop time: 63.0 ms
2026-07-01 21:43:49,687 - mazeUtils.moveTile - [moveTile.py:90] - DEBUG - [1137.807651] moveTile loop end practicalMoveTime=0.313 (+3.0 ms)
2026-07-01 21:43:49,688 - mazeUtils.moveTile - [moveTile.py:90] - DEBUG - [1137.808163] moveTile loop start (+0.5 ms)
2026-07-01 21:43:49,695 - picamera2.picamera2 - [picamera2.py:1391] - DEBUG - Execute job: <picamera2.job.Job object at 0x7f95b07c10>
2026-07-01 21:43:49,702 - mazeUtils.device.camera - [camera.py:39] - DEBUG - Average HSV: H=106.7, S=255.0, V=234.1
2026-07-01 21:43:49,712 - mazeUtils.moveTile - [moveTile.py:90] - DEBUG - [1137.832048] moveTile calculated motor speeds left=79 right=100 gyroSteer=-20.360000000000127 wallSteer=0.0 (+23.9 ms)
2026-07-01 21:43:49,732 - mazeUtils.moveTile - [moveTile.py:90] - DEBUG - [1137.851786] moveTile applied motor speed left=79 right=100 (+19.7 ms)
2026-07-01 21:43:49,737 - mazeUtils.moveTile - [moveTile.py:90] - DEBUG - [1137.856958] moveTile tile color check tempTileColor=E (+5.2 ms)
2026-07-01 21:43:49,738 - mazeUtils.moveTile - [moveTile.py:90] - DEBUG - [1137.857720] moveTile obstacle check escapeFlag=False (+0.8 ms)
2026-07-01 21:43:49,743 - mazeUtils.moveTile - [moveTile.py:90] - DEBUG - [1137.863401] moveTile ramp check isBigRamp=False (+5.7 ms)
2026-07-01 21:43:49,745 - mazeUtils.moveTile - [moveTile.py:79] - DEBUG - roll: 6.860000000000014 deg, practicalMoveTime: 0.3590364349938543 sec
2026-07-01 21:43:49,746 - mazeUtils.moveTile - [moveTile.py:2275] - DEBUG - moveTile loop time: 58.1 ms
2026-07-01 21:43:49,748 - mazeUtils.moveTile - [moveTile.py:90] - DEBUG - [1137.867647] moveTile loop end practicalMoveTime=0.359 (+4.2 ms)
2026-07-01 21:43:49,748 - mazeUtils.moveTile - [moveTile.py:90] - DEBUG - [1137.868613] moveTile loop start (+1.0 ms)
2026-07-01 21:43:49,757 - picamera2.picamera2 - [picamera2.py:1391] - DEBUG - Execute job: <picamera2.job.Job object at 0x7f9f861f90>
2026-07-01 21:43:49,763 - mazeUtils.device.camera - [camera.py:39] - DEBUG - Average HSV: H=107.0, S=255.0, V=230.1
2026-07-01 21:43:49,769 - mazeUtils.moveTile - [moveTile.py:90] - DEBUG - [1137.888708] moveTile calculated motor speeds left=73 right=100 gyroSteer=-26.200000000000045 wallSteer=0.0 (+20.1 ms)
2026-07-01 21:43:49,788 - mazeUtils.moveTile - [moveTile.py:90] - DEBUG - [1137.908490] moveTile applied motor speed left=73 right=100 (+19.8 ms)
2026-07-01 21:43:49,792 - mazeUtils.moveTile - [moveTile.py:90] - DEBUG - [1137.912649] moveTile tile color check tempTileColor=E (+4.2 ms)
2026-07-01 21:43:49,794 - mazeUtils.moveTile - [moveTile.py:90] - DEBUG - [1137.913895] moveTile obstacle check escapeFlag=False (+1.2 ms)
2026-07-01 21:43:49,799 - mazeUtils.moveTile - [moveTile.py:90] - DEBUG - [1137.919295] moveTile ramp check isBigRamp=False (+5.4 ms)
2026-07-01 21:43:49,801 - mazeUtils.moveTile - [moveTile.py:79] - DEBUG - roll: 9.45999999999998 deg, practicalMoveTime: 0.40192505300855175 sec
2026-07-01 21:43:49,802 - mazeUtils.moveTile - [moveTile.py:2275] - DEBUG - moveTile loop time: 53.0 ms
2026-07-01 21:43:49,802 - mazeUtils.moveTile - [moveTile.py:90] - DEBUG - [1137.922415] moveTile loop end practicalMoveTime=0.402 (+3.1 ms)
2026-07-01 21:43:49,803 - mazeUtils.moveTile - [moveTile.py:90] - DEBUG - [1137.923029] moveTile loop start (+0.6 ms)
2026-07-01 21:43:49,811 - picamera2.picamera2 - [picamera2.py:1391] - DEBUG - Execute job: <picamera2.job.Job object at 0x7f9eee3490>
2026-07-01 21:43:49,819 - mazeUtils.device.camera - [camera.py:39] - DEBUG - Average HSV: H=107.0, S=254.9, V=226.0
2026-07-01 21:43:49,826 - mazeUtils.moveTile - [moveTile.py:90] - DEBUG - [1137.945798] moveTile calculated motor speeds left=68 right=100 gyroSteer=-31.40000000000009 wallSteer=0.0 (+22.8 ms)
2026-07-01 21:43:49,849 - mazeUtils.moveTile - [moveTile.py:90] - DEBUG - [1137.968822] moveTile applied motor speed left=68 right=100 (+23.0 ms)
2026-07-01 21:43:49,853 - mazeUtils.moveTile - [moveTile.py:90] - DEBUG - [1137.972787] moveTile tile color check tempTileColor=E (+4.0 ms)
2026-07-01 21:43:49,853 - mazeUtils.moveTile - [moveTile.py:90] - DEBUG - [1137.973499] moveTile obstacle check escapeFlag=False (+0.7 ms)
2026-07-01 21:43:49,860 - mazeUtils.moveTile - [moveTile.py:90] - DEBUG - [1137.979961] moveTile ramp check isBigRamp=True (+6.5 ms)
2026-07-01 21:43:49,861 - mazeUtils.moveTile - [moveTile.py:79] - DEBUG - roll: 12.629999999999995 deg, practicalMoveTime: 0.4483414048398088 sec
2026-07-01 21:43:49,862 - mazeUtils.moveTile - [moveTile.py:2275] - DEBUG - moveTile loop time: 59.2 ms
2026-07-01 21:43:49,863 - mazeUtils.moveTile - [moveTile.py:90] - DEBUG - [1137.983010] moveTile loop end practicalMoveTime=0.448 (+3.0 ms)
2026-07-01 21:43:49,863 - mazeUtils.moveTile - [moveTile.py:90] - DEBUG - [1137.983529] moveTile loop start (+0.5 ms)
2026-07-01 21:43:49,869 - picamera2.picamera2 - [picamera2.py:1391] - DEBUG - Execute job: <picamera2.job.Job object at 0x7f9ef87a90>
2026-07-01 21:43:49,877 - mazeUtils.device.camera - [camera.py:39] - DEBUG - Average HSV: H=107.7, S=254.4, V=220.6
2026-07-01 21:43:49,883 - mazeUtils.moveTile - [moveTile.py:90] - DEBUG - [1138.002875] moveTile calculated motor speeds left=70 right=100 gyroSteer=-29.360000000000127 wallSteer=0.0 (+19.3 ms)
2026-07-01 21:43:49,905 - mazeUtils.moveTile - [moveTile.py:90] - DEBUG - [1138.025313] moveTile applied motor speed left=70 right=100 (+22.4 ms)
2026-07-01 21:43:49,909 - mazeUtils.moveTile - [moveTile.py:90] - DEBUG - [1138.029446] moveTile tile color check tempTileColor=E (+4.1 ms)
2026-07-01 21:43:49,910 - mazeUtils.moveTile - [moveTile.py:90] - DEBUG - [1138.030187] moveTile obstacle check escapeFlag=False (+0.7 ms)
2026-07-01 21:43:49,916 - mazeUtils.moveTile - [moveTile.py:90] - DEBUG - [1138.035991] moveTile ramp check isBigRamp=True (+5.8 ms)
2026-07-01 21:43:49,917 - mazeUtils.moveTile - [moveTile.py:79] - DEBUG - roll: 13.360000000000014 deg, practicalMoveTime: 0.4908085070205398 sec
2026-07-01 21:43:49,918 - mazeUtils.moveTile - [moveTile.py:2275] - DEBUG - moveTile loop time: 54.0 ms
2026-07-01 21:43:49,918 - mazeUtils.moveTile - [moveTile.py:90] - DEBUG - [1138.038223] moveTile loop end practicalMoveTime=0.491 (+2.2 ms)
2026-07-01 21:43:49,918 - mazeUtils.moveTile - [moveTile.py:90] - DEBUG - [1138.038681] moveTile loop start (+0.5 ms)
2026-07-01 21:43:49,925 - picamera2.picamera2 - [picamera2.py:1391] - DEBUG - Execute job: <picamera2.job.Job object at 0x7f9eea0790>
2026-07-01 21:43:49,932 - mazeUtils.device.camera - [camera.py:39] - DEBUG - Average HSV: H=107.9, S=253.3, V=218.4
2026-07-01 21:43:49,941 - mazeUtils.moveTile - [moveTile.py:90] - DEBUG - [1138.060787] moveTile calculated motor speeds left=68 right=100 gyroSteer=-31.75999999999999 wallSteer=0.0 (+22.1 ms)
2026-07-01 21:43:49,961 - mazeUtils.moveTile - [moveTile.py:90] - DEBUG - [1138.081179] moveTile applied motor speed left=68 right=100 (+20.4 ms)
2026-07-01 21:43:49,965 - mazeUtils.moveTile - [moveTile.py:90] - DEBUG - [1138.085196] moveTile tile color check tempTileColor=E (+4.0 ms)
2026-07-01 21:43:49,966 - mazeUtils.moveTile - [moveTile.py:90] - DEBUG - [1138.086439] moveTile obstacle check escapeFlag=False (+1.2 ms)
2026-07-01 21:43:49,973 - mazeUtils.moveTile - [moveTile.py:90] - DEBUG - [1138.093261] moveTile ramp check isBigRamp=True (+6.8 ms)
2026-07-01 21:43:49,975 - mazeUtils.moveTile - [moveTile.py:79] - DEBUG - roll: 17.329999999999984 deg, practicalMoveTime: 0.5342920041416397 sec
2026-07-01 21:43:49,976 - mazeUtils.moveTile - [moveTile.py:2275] - DEBUG - moveTile loop time: 56.9 ms
2026-07-01 21:43:49,976 - mazeUtils.moveTile - [moveTile.py:90] - DEBUG - [1138.096508] moveTile loop end practicalMoveTime=0.534 (+3.2 ms)
2026-07-01 21:43:49,977 - mazeUtils.moveTile - [moveTile.py:90] - DEBUG - [1138.097296] moveTile loop start (+0.8 ms)
2026-07-01 21:43:49,985 - picamera2.picamera2 - [picamera2.py:1391] - DEBUG - Execute job: <picamera2.job.Job object at 0x7f97c3f8d0>
2026-07-01 21:43:49,991 - mazeUtils.device.camera - [camera.py:39] - DEBUG - Average HSV: H=108.0, S=249.5, V=214.7
2026-07-01 21:43:49,996 - mazeUtils.moveTile - [moveTile.py:90] - DEBUG - [1138.116480] moveTile calculated motor speeds left=66 right=100 gyroSteer=-33.200000000000045 wallSteer=0.0 (+19.2 ms)
2026-07-01 21:43:50,021 - mazeUtils.moveTile - [moveTile.py:90] - DEBUG - [1138.140890] moveTile applied motor speed left=66 right=100 (+24.4 ms)
2026-07-01 21:43:50,025 - mazeUtils.moveTile - [moveTile.py:90] - DEBUG - [1138.144817] moveTile tile color check tempTileColor=E (+3.9 ms)
2026-07-01 21:43:50,026 - mazeUtils.moveTile - [moveTile.py:90] - DEBUG - [1138.145729] moveTile obstacle check escapeFlag=False (+0.9 ms)
2026-07-01 21:43:50,034 - mazeUtils.moveTile - [moveTile.py:90] - DEBUG - [1138.154162] moveTile ramp check isBigRamp=True (+8.4 ms)
2026-07-01 21:43:50,035 - mazeUtils.moveTile - [moveTile.py:79] - DEBUG - roll: 17.939999999999998 deg, practicalMoveTime: 0.5796741943601214 sec
2026-07-01 21:43:50,036 - mazeUtils.moveTile - [moveTile.py:2275] - DEBUG - moveTile loop time: 59.0 ms
2026-07-01 21:43:50,039 - mazeUtils.moveTile - [moveTile.py:90] - DEBUG - [1138.158750] moveTile loop end practicalMoveTime=0.580 (+4.6 ms)
2026-07-01 21:43:50,040 - mazeUtils.moveTile - [moveTile.py:90] - DEBUG - [1138.159725] moveTile loop start (+1.0 ms)
2026-07-01 21:43:50,045 - picamera2.picamera2 - [picamera2.py:1391] - DEBUG - Execute job: <picamera2.job.Job object at 0x7f9ef87a90>
2026-07-01 21:43:50,051 - mazeUtils.device.camera - [camera.py:39] - DEBUG - Average HSV: H=108.1, S=245.2, V=209.7
2026-07-01 21:43:50,061 - mazeUtils.moveTile - [moveTile.py:90] - DEBUG - [1138.181536] moveTile calculated motor speeds left=71 right=100 gyroSteer=-28.720000000000027 wallSteer=0.0 (+21.8 ms)
2026-07-01 21:43:50,089 - mazeUtils.moveTile - [moveTile.py:90] - DEBUG - [1138.209372] moveTile applied motor speed left=71 right=100 (+27.8 ms)
2026-07-01 21:43:50,093 - mazeUtils.moveTile - [moveTile.py:90] - DEBUG - [1138.213442] moveTile tile color check tempTileColor=E (+4.1 ms)
2026-07-01 21:43:50,094 - mazeUtils.moveTile - [moveTile.py:90] - DEBUG - [1138.214107] moveTile obstacle check escapeFlag=False (+0.7 ms)
2026-07-01 21:43:50,100 - mazeUtils.moveTile - [moveTile.py:90] - DEBUG - [1138.220397] moveTile ramp check isBigRamp=True (+6.3 ms)
2026-07-01 21:43:50,101 - mazeUtils.moveTile - [moveTile.py:79] - DEBUG - roll: 23.579999999999984 deg, practicalMoveTime: 0.6272370913679755 sec
2026-07-01 21:43:50,102 - mazeUtils.moveTile - [moveTile.py:2275] - DEBUG - moveTile loop time: 62.2 ms
2026-07-01 21:43:50,102 - mazeUtils.moveTile - [moveTile.py:90] - DEBUG - [1138.222478] moveTile loop end practicalMoveTime=0.627 (+2.1 ms)
2026-07-01 21:43:50,103 - mazeUtils.moveTile - [moveTile.py:90] - DEBUG - [1138.222899] moveTile loop start (+0.4 ms)
2026-07-01 21:43:50,109 - picamera2.picamera2 - [picamera2.py:1391] - DEBUG - Execute job: <picamera2.job.Job object at 0x7f872b0150>
2026-07-01 21:43:50,116 - mazeUtils.device.camera - [camera.py:39] - DEBUG - Average HSV: H=108.7, S=237.4, V=202.7
2026-07-01 21:43:50,122 - mazeUtils.moveTile - [moveTile.py:90] - DEBUG - [1138.242139] moveTile calculated motor speeds left=72 right=100 gyroSteer=-27.24000000000001 wallSteer=0.0 (+19.2 ms)
2026-07-01 21:43:50,145 - mazeUtils.moveTile - [moveTile.py:90] - DEBUG - [1138.265142] moveTile applied motor speed left=72 right=100 (+23.0 ms)
2026-07-01 21:43:50,150 - mazeUtils.moveTile - [moveTile.py:90] - DEBUG - [1138.269766] moveTile tile color check tempTileColor=E (+4.6 ms)
2026-07-01 21:43:50,151 - mazeUtils.moveTile - [moveTile.py:90] - DEBUG - [1138.270806] moveTile obstacle check escapeFlag=False (+1.0 ms)
2026-07-01 21:43:50,156 - mazeUtils.moveTile - [moveTile.py:90] - DEBUG - [1138.276573] moveTile ramp check isBigRamp=True (+5.8 ms)
2026-07-01 21:43:50,159 - mazeUtils.moveTile - [moveTile.py:79] - DEBUG - roll: 27.25 deg, practicalMoveTime: 0.6678664268133743 sec
2026-07-01 21:43:50,161 - mazeUtils.moveTile - [moveTile.py:2275] - DEBUG - moveTile loop time: 57.8 ms
2026-07-01 21:43:50,162 - mazeUtils.moveTile - [moveTile.py:90] - DEBUG - [1138.281701] moveTile loop end practicalMoveTime=0.668 (+5.1 ms)
2026-07-01 21:43:50,163 - mazeUtils.moveTile - [moveTile.py:90] - DEBUG - [1138.282700] moveTile loop start (+1.0 ms)
2026-07-01 21:43:50,167 - picamera2.picamera2 - [picamera2.py:1391] - DEBUG - Execute job: <picamera2.job.Job object at 0x7f95b07c10>
2026-07-01 21:43:50,175 - mazeUtils.device.camera - [camera.py:39] - DEBUG - Average HSV: H=109.0, S=227.3, V=196.3
2026-07-01 21:43:50,183 - mazeUtils.moveTile - [moveTile.py:90] - DEBUG - [1138.302966] moveTile calculated motor speeds left=73 right=100 gyroSteer=-13.200000000000045 wallSteer=-12.8 (+20.3 ms)
2026-07-01 21:43:50,206 - mazeUtils.moveTile - [moveTile.py:90] - DEBUG - [1138.326141] moveTile applied motor speed left=73 right=100 (+23.2 ms)
2026-07-01 21:43:50,210 - mazeUtils.moveTile - [moveTile.py:90] - DEBUG - [1138.330307] moveTile tile color check tempTileColor=E (+4.2 ms)
2026-07-01 21:43:50,211 - mazeUtils.moveTile - [moveTile.py:90] - DEBUG - [1138.331237] moveTile obstacle check escapeFlag=False (+0.9 ms)
2026-07-01 21:43:50,218 - mazeUtils.moveTile - [moveTile.py:90] - DEBUG - [1138.337754] moveTile ramp check isBigRamp=True (+6.5 ms)
2026-07-01 21:43:50,219 - mazeUtils.moveTile - [moveTile.py:79] - DEBUG - roll: 29.96999999999997 deg, practicalMoveTime: 0.7079612521049924 sec
2026-07-01 21:43:50,219 - mazeUtils.moveTile - [moveTile.py:2275] - DEBUG - moveTile loop time: 56.5 ms
2026-07-01 21:43:50,220 - mazeUtils.moveTile - [moveTile.py:90] - DEBUG - [1138.339817] moveTile loop end practicalMoveTime=0.708 (+2.1 ms)
2026-07-01 21:43:50,220 - mazeUtils.moveTile - [moveTile.py:90] - DEBUG - [1138.340418] moveTile loop start (+0.6 ms)
2026-07-01 21:43:50,227 - picamera2.picamera2 - [picamera2.py:1391] - DEBUG - Execute job: <picamera2.job.Job object at 0x7f9eee3490>
2026-07-01 21:43:50,233 - mazeUtils.device.camera - [camera.py:39] - DEBUG - Average HSV: H=110.0, S=211.5, V=191.4
2026-07-01 21:43:50,240 - mazeUtils.moveTile - [moveTile.py:90] - DEBUG - [1138.359705] moveTile calculated motor speeds left=70 right=100 gyroSteer=-16.160000000000082 wallSteer=-13.599999999999998 (+19.3 ms)
2026-07-01 21:43:50,265 - mazeUtils.moveTile - [moveTile.py:90] - DEBUG - [1138.384866] moveTile applied motor speed left=70 right=100 (+25.2 ms)
2026-07-01 21:43:50,268 - mazeUtils.moveTile - [moveTile.py:90] - DEBUG - [1138.388241] moveTile tile color check tempTileColor=E (+3.4 ms)
2026-07-01 21:43:50,268 - mazeUtils.moveTile - [moveTile.py:90] - DEBUG - [1138.388606] moveTile obstacle check escapeFlag=False (+0.4 ms)
2026-07-01 21:43:50,280 - mazeUtils.moveTile - [moveTile.py:90] - DEBUG - [1138.399995] moveTile ramp check isBigRamp=True (+11.4 ms)
2026-07-01 21:43:50,280 - mazeUtils.moveTile - [moveTile.py:79] - DEBUG - roll: 28.379999999999995 deg, practicalMoveTime: 0.7510286814678206 sec
2026-07-01 21:43:50,281 - mazeUtils.moveTile - [moveTile.py:2275] - DEBUG - moveTile loop time: 60.4 ms
2026-07-01 21:43:50,281 - mazeUtils.moveTile - [moveTile.py:90] - DEBUG - [1138.401082] moveTile loop end practicalMoveTime=0.751 (+1.1 ms)
2026-07-01 21:43:50,281 - mazeUtils.moveTile - [moveTile.py:90] - DEBUG - [1138.401270] moveTile loop start (+0.2 ms)
2026-07-01 21:43:50,292 - picamera2.picamera2 - [picamera2.py:1391] - DEBUG - Execute job: <picamera2.job.Job object at 0x7f95b07c10>
2026-07-01 21:43:50,296 - mazeUtils.device.camera - [camera.py:39] - DEBUG - Average HSV: H=109.8, S=211.9, V=191.6
2026-07-01 21:43:50,303 - mazeUtils.moveTile - [moveTile.py:90] - DEBUG - [1138.423118] moveTile calculated motor speeds left=69 right=100 gyroSteer=-16.039999999999964 wallSteer=-14.0 (+21.8 ms)
2026-07-01 21:43:50,323 - mazeUtils.moveTile - [moveTile.py:90] - DEBUG - [1138.443093] moveTile applied motor speed left=69 right=100 (+20.0 ms)
2026-07-01 21:43:50,326 - mazeUtils.moveTile - [moveTile.py:90] - DEBUG - [1138.446341] moveTile tile color check tempTileColor=E (+3.2 ms)
2026-07-01 21:43:50,327 - mazeUtils.moveTile - [moveTile.py:90] - DEBUG - [1138.446753] moveTile obstacle check escapeFlag=False (+0.4 ms)
2026-07-01 21:43:50,335 - mazeUtils.moveTile - [moveTile.py:90] - DEBUG - [1138.454902] moveTile ramp check isBigRamp=True (+8.1 ms)
2026-07-01 21:43:50,335 - mazeUtils.moveTile - [moveTile.py:79] - DEBUG - roll: 30.939999999999998 deg, practicalMoveTime: 0.7884409373199909 sec
2026-07-01 21:43:50,336 - mazeUtils.moveTile - [moveTile.py:2275] - DEBUG - moveTile loop time: 54.5 ms
2026-07-01 21:43:50,336 - mazeUtils.moveTile - [moveTile.py:90] - DEBUG - [1138.456071] moveTile loop end practicalMoveTime=0.788 (+1.2 ms)
2026-07-01 21:43:50,336 - mazeUtils.moveTile - [moveTile.py:90] - DEBUG - [1138.456245] moveTile loop start (+0.2 ms)
2026-07-01 21:43:50,340 - picamera2.picamera2 - [picamera2.py:1391] - DEBUG - Execute job: <picamera2.job.Job object at 0x7f97c3f8d0>
2026-07-01 21:43:50,343 - mazeUtils.device.camera - [camera.py:39] - DEBUG - Average HSV: H=109.6, S=214.1, V=195.1
2026-07-01 21:43:50,348 - mazeUtils.moveTile - [moveTile.py:90] - DEBUG - [1138.468676] moveTile calculated motor speeds left=79 right=100 gyroSteer=-20.920000000000073 wallSteer=0.0 (+12.4 ms)
2026-07-01 21:43:50,369 - mazeUtils.moveTile - [moveTile.py:90] - DEBUG - [1138.488922] moveTile applied motor speed left=79 right=100 (+20.2 ms)
2026-07-01 21:43:50,372 - mazeUtils.moveTile - [moveTile.py:90] - DEBUG - [1138.492657] moveTile tile color check tempTileColor=E (+3.7 ms)
2026-07-01 21:43:50,373 - mazeUtils.moveTile - [moveTile.py:90] - DEBUG - [1138.493482] moveTile obstacle check escapeFlag=False (+0.8 ms)
2026-07-01 21:43:50,378 - mazeUtils.moveTile - [moveTile.py:90] - DEBUG - [1138.498244] moveTile ramp check isBigRamp=True (+4.8 ms)
2026-07-01 21:43:50,379 - mazeUtils.moveTile - [moveTile.py:79] - DEBUG - roll: 32.14999999999998 deg, practicalMoveTime: 0.8179601464757617 sec
2026-07-01 21:43:50,381 - mazeUtils.moveTile - [moveTile.py:2275] - DEBUG - moveTile loop time: 44.8 ms
2026-07-01 21:43:50,382 - mazeUtils.moveTile - [moveTile.py:90] - DEBUG - [1138.502203] moveTile loop end practicalMoveTime=0.818 (+4.0 ms)
2026-07-01 21:43:50,383 - mazeUtils.moveTile - [moveTile.py:90] - DEBUG - [1138.503317] moveTile loop start (+1.1 ms)
2026-07-01 21:43:50,388 - picamera2.picamera2 - [picamera2.py:1391] - DEBUG - Execute job: <picamera2.job.Job object at 0x7f9f861f90>
2026-07-01 21:43:50,395 - mazeUtils.device.camera - [camera.py:39] - DEBUG - Average HSV: H=109.6, S=221.9, V=182.4
2026-07-01 21:43:50,402 - mazeUtils.moveTile - [moveTile.py:90] - DEBUG - [1138.522314] moveTile calculated motor speeds left=75 right=100 gyroSteer=-24.75999999999999 wallSteer=0.0 (+19.0 ms)
2026-07-01 21:43:50,426 - mazeUtils.moveTile - [moveTile.py:90] - DEBUG - [1138.545943] moveTile applied motor speed left=75 right=100 (+23.6 ms)
2026-07-01 21:43:50,430 - mazeUtils.moveTile - [moveTile.py:90] - DEBUG - [1138.550083] moveTile tile color check tempTileColor=E (+4.1 ms)
2026-07-01 21:43:50,431 - mazeUtils.moveTile - [moveTile.py:90] - DEBUG - [1138.550782] moveTile obstacle check escapeFlag=False (+0.7 ms)
2026-07-01 21:43:50,436 - mazeUtils.moveTile - [moveTile.py:90] - DEBUG - [1138.555889] moveTile ramp check isBigRamp=True (+5.1 ms)
2026-07-01 21:43:50,438 - mazeUtils.moveTile - [moveTile.py:79] - DEBUG - roll: 36.139999999999986 deg, practicalMoveTime: 0.8544115217318503 sec
2026-07-01 21:43:50,438 - mazeUtils.moveTile - [moveTile.py:2275] - DEBUG - moveTile loop time: 55.1 ms
2026-07-01 21:43:50,439 - mazeUtils.moveTile - [moveTile.py:90] - DEBUG - [1138.559447] moveTile loop end practicalMoveTime=0.854 (+3.6 ms)
2026-07-01 21:43:50,440 - mazeUtils.moveTile - [moveTile.py:90] - DEBUG - [1138.559991] moveTile loop start (+0.5 ms)
2026-07-01 21:43:50,446 - picamera2.picamera2 - [picamera2.py:1391] - DEBUG - Execute job: <picamera2.job.Job object at 0x7f9eee3490>
2026-07-01 21:43:50,453 - mazeUtils.device.camera - [camera.py:39] - DEBUG - Average HSV: H=114.0, S=183.3, V=46.9
2026-07-01 21:43:50,460 - mazeUtils.moveTile - [moveTile.py:90] - DEBUG - [1138.580171] moveTile calculated motor speeds left=69 right=100 gyroSteer=-30.200000000000045 wallSteer=0.0 (+20.2 ms)
2026-07-01 21:43:50,483 - mazeUtils.moveTile - [moveTile.py:90] - DEBUG - [1138.602943] moveTile applied motor speed left=69 right=100 (+22.8 ms)
2026-07-01 21:43:50,488 - mazeUtils.moveTile - [moveTile.py:90] - DEBUG - [1138.608193] moveTile tile color check tempTileColor=E (+5.2 ms)
2026-07-01 21:43:50,489 - mazeUtils.moveTile - [moveTile.py:90] - DEBUG - [1138.608916] moveTile obstacle check escapeFlag=False (+0.7 ms)
2026-07-01 21:43:50,496 - mazeUtils.moveTile - [moveTile.py:90] - DEBUG - [1138.616124] moveTile ramp check isBigRamp=True (+7.2 ms)
2026-07-01 21:43:50,497 - mazeUtils.moveTile - [moveTile.py:79] - DEBUG - roll: 42.79000000000002 deg, practicalMoveTime: 0.8890984465827482 sec
2026-07-01 21:43:50,498 - mazeUtils.moveTile - [moveTile.py:2275] - DEBUG - moveTile loop time: 58.2 ms
2026-07-01 21:43:50,499 - mazeUtils.moveTile - [moveTile.py:90] - DEBUG - [1138.618861] moveTile loop end practicalMoveTime=0.889 (+2.7 ms)
2026-07-01 21:43:50,499 - mazeUtils.moveTile - [moveTile.py:90] - DEBUG - [1138.619284] moveTile loop start (+0.4 ms)
2026-07-01 21:43:50,507 - picamera2.picamera2 - [picamera2.py:1391] - DEBUG - Execute job: <picamera2.job.Job object at 0x7f95b07c10>
2026-07-01 21:43:50,513 - mazeUtils.device.camera - [camera.py:39] - DEBUG - Average HSV: H=114.5, S=173.5, V=35.6
2026-07-01 21:43:50,519 - mazeUtils.moveTile - [moveTile.py:90] - DEBUG - [1138.639556] moveTile calculated motor speeds left=62 right=100 gyroSteer=-37.24000000000001 wallSteer=0.0 (+20.3 ms)
2026-07-01 21:43:50,545 - mazeUtils.moveTile - [moveTile.py:90] - DEBUG - [1138.665392] moveTile applied motor speed left=62 right=100 (+25.8 ms)
2026-07-01 21:43:50,553 - mazeUtils.moveTile - [moveTile.py:90] - DEBUG - [1138.672807] moveTile tile color check tempTileColor=E (+7.4 ms)
2026-07-01 21:43:50,554 - mazeUtils.moveTile - [moveTile.py:90] - DEBUG - [1138.673732] moveTile obstacle check escapeFlag=False (+0.9 ms)
2026-07-01 21:43:50,560 - mazeUtils.moveTile - [moveTile.py:90] - DEBUG - [1138.680475] moveTile ramp check isBigRamp=True (+6.7 ms)
2026-07-01 21:43:50,563 - mazeUtils.moveTile - [moveTile.py:79] - DEBUG - roll: 50.00999999999999 deg, practicalMoveTime: 0.9222294046251686 sec
2026-07-01 21:43:50,564 - mazeUtils.moveTile - [moveTile.py:2275] - DEBUG - moveTile loop time: 64.2 ms
2026-07-01 21:43:50,565 - mazeUtils.moveTile - [moveTile.py:90] - DEBUG - [1138.685242] moveTile loop end practicalMoveTime=0.922 (+4.8 ms)
2026-07-01 21:43:50,566 - mazeUtils.moveTile - [moveTile.py:90] - DEBUG - [1138.686151] moveTile loop start (+0.9 ms)
2026-07-01 21:43:50,572 - picamera2.picamera2 - [picamera2.py:1391] - DEBUG - Execute job: <picamera2.job.Job object at 0x7f9eea0790>
2026-07-01 21:43:50,579 - mazeUtils.device.camera - [camera.py:39] - DEBUG - Average HSV: H=114.8, S=182.0, V=35.6
2026-07-01 21:43:50,594 - mazeUtils.moveTile - [moveTile.py:90] - DEBUG - [1138.713687] moveTile calculated motor speeds left=63 right=100 gyroSteer=-36.039999999999964 wallSteer=0.0 (+27.5 ms)
2026-07-01 21:43:50,621 - mazeUtils.moveTile - [moveTile.py:90] - DEBUG - [1138.740758] moveTile applied motor speed left=63 right=100 (+27.1 ms)
2026-07-01 21:43:50,625 - mazeUtils.moveTile - [moveTile.py:90] - DEBUG - [1138.744870] moveTile tile color check tempTileColor=E (+4.1 ms)
2026-07-01 21:43:50,625 - mazeUtils.moveTile - [moveTile.py:90] - DEBUG - [1138.745537] moveTile obstacle check escapeFlag=False (+0.7 ms)
2026-07-01 21:43:50,634 - mazeUtils.moveTile - [moveTile.py:90] - DEBUG - [1138.753675] moveTile ramp check isBigRamp=True (+8.1 ms)
2026-07-01 21:43:50,635 - mazeUtils.moveTile - [moveTile.py:79] - DEBUG - roll: 54.24000000000001 deg, practicalMoveTime: 0.9555009016679886 sec
2026-07-01 21:43:50,635 - mazeUtils.moveTile - [moveTile.py:2275] - DEBUG - moveTile loop time: 69.3 ms
2026-07-01 21:43:50,636 - mazeUtils.moveTile - [moveTile.py:90] - DEBUG - [1138.756207] moveTile loop end practicalMoveTime=0.956 (+2.5 ms)
2026-07-01 21:43:50,637 - mazeUtils.moveTile - [moveTile.py:90] - DEBUG - [1138.756801] moveTile loop start (+0.6 ms)
2026-07-01 21:43:50,645 - picamera2.picamera2 - [picamera2.py:1391] - DEBUG - Execute job: <picamera2.job.Job object at 0x7f9eeb5fd0>
2026-07-01 21:43:50,651 - mazeUtils.device.camera - [camera.py:39] - DEBUG - Average HSV: H=114.3, S=163.1, V=24.2
2026-07-01 21:43:50,660 - mazeUtils.moveTile - [moveTile.py:90] - DEBUG - [1138.780547] moveTile calculated motor speeds left=64 right=100 gyroSteer=-35.840000000000146 wallSteer=0.0 (+23.7 ms)
2026-07-01 21:43:50,681 - mazeUtils.moveTile - [moveTile.py:90] - DEBUG - [1138.800728] moveTile applied motor speed left=64 right=100 (+20.2 ms)
2026-07-01 21:43:50,704 - mazeUtils.moveTile - [moveTile.py:241] - INFO - Black tile detected! Stopping movement. Starting escape maneuver.
2026-07-01 21:43:51,869 - mazeUtils.moveTile - [moveTile.py:79] - DEBUG - Escape maneuver complete.
2026-07-01 21:43:51,870 - mazeUtils.moveTile - [moveTile.py:90] - DEBUG - [1139.990203] moveTile escaped from black tile (+1189.5 ms)
2026-07-01 21:43:51,872 - mazeUtils.moveTile - [moveTile.py:2708] - INFO - (None, 0)
2026-07-01 21:43:51,917 - __main__ - [main.py:110] - INFO - Current position: (20, 15, 0), front direction: absDirection.EAST
Layer 0 (altitude=0.0cm, offset=(0.0cm, 0.0cm)):
Known map area: x=20..22, y=15..20
+---+   +   +
| @   B   U  
+---+   +   +
  U   U   U  
+   +   +   +
  U   U   L |
+---+   +   +
| L   L   L |
+   +   +---+
| L   U   U  
+   +   +   +
| S | U   U  
+---+   +   +
Layer 1 (altitude=15.0cm, offset=(0.0cm, -60.0cm)):
Known map area: x=22..22, y=17..17
+---+
  E |
+   +
2026-07-01 21:43:51,924 - __main__ - [main.py:119] - WARNING - Position did not change after movement. Possible error in movement or wall detection.
2026-07-01 21:43:51,969 - __main__ - [main.py:158] - INFO - Return Path: None
2026-07-01 21:43:51,970 - __main__ - [main.py:183] - INFO - Robot now at the starting position, Congratulations!
2026-07-01 21:44:02,186 - __main__ - [main.py:193] - INFO - Current position: (20, 15, 0), front direction: absDirection.EAST
Layer 0 (altitude=0.0cm, offset=(0.0cm, 0.0cm)):
Known map area: x=20..22, y=15..20
+---+   +   +
| @   B   U  
+---+   +   +
  U   U   U  
+   +   +   +
  U   U   L |
+---+   +   +
| L   L   L |
+   +   +---+
| L   U   U  
+   +   +   +
| S | U   U  
+---+   +   +
Layer 1 (altitude=15.0cm, offset=(0.0cm, -60.0cm)):
Known map area: x=22..22, y=17..17
+---+
  E |
+   +
