2026-06-21 16:26:26,743 - root - [logging_config.py:61] - INFO - Logging initialized. Log file: /home/tuton/Kanto2026RPi/src/config/../logs/robot_20260621_162625.log
2026-06-21 16:26:28,966 - mazeUtils.device.LiDAR - [LiDAR.py:36] - INFO - Available ports: <ydlidar.Str2strMap; proxy of <Swig Object of type 'std::map< std::string,std::string > *' at 0x7fa5b67fc0> >
2026-06-21 16:26:32,940 - mazeUtils.moveTile - [moveTile.py:529] - DEBUG - Direction: absDirection.NORTH, Angle: 0, Distance: 45.93517580279542 cm
2026-06-21 16:26:32,941 - mazeUtils.moveTile - [moveTile.py:553] - DEBUG - Front LiDAR distance: 45.93517580279542 cm, TSD10 distance: 34.6 cm
2026-06-21 16:26:32,943 - mazeUtils.moveTile - [moveTile.py:529] - DEBUG - Direction: absDirection.EAST, Angle: 270, Distance: 107.52495014819753 cm
2026-06-21 16:26:32,945 - mazeUtils.moveTile - [moveTile.py:529] - DEBUG - Direction: absDirection.SOUTH, Angle: 180, Distance: 20.454014692997557 cm
2026-06-21 16:26:32,948 - mazeUtils.moveTile - [moveTile.py:529] - DEBUG - Direction: absDirection.WEST, Angle: 90, Distance: 47.21456643536807 cm
2026-06-21 16:26:32,949 - __main__ - [main.py:70] - INFO - Initial Map:
2026-06-21 16:26:32,980 - __main__ - [main.py:71] - INFO - Current position: (20, 20, 0), front direction: absDirection.NORTH
Layer 0 (altitude=0.0cm, offset=(0.0cm, 0.0cm)):
Known map area: x=20..20, y=20..20
+   +
  @  
+---+
mazeAsGraph[0][20][20] = {absDirection.NORTH: (20, 19, 0, 30), absDirection.EAST: (21, 20, 0, 30), absDirection.SOUTH: None, absDirection.WEST: (19, 20, 0, 30)}
2026-06-21 16:26:32,983 - mazeUtils.mazeMap - [mazeMap.py:61] - INFO - next goal: (20, 19, 0)
2026-06-21 16:26:32,984 - __main__ - [main.py:74] - INFO - Next Direction: [<absDirection.NORTH: 0>]
2026-06-21 16:26:32,985 - __main__ - [main.py:75] - INFO - Exploration started.
2026-06-21 16:26:32,999 - mazeUtils.moveTile - [moveTile.py:79] - DEBUG - Moving to absDirection.NORTH from (20, 20, 0) facing absDirection.NORTH
2026-06-21 16:26:33,031 - mazeUtils.moveTile - [moveTile.py:79] - DEBUG - current heading: 0.020000000000010232 target: 0
2026-06-21 16:26:33,050 - mazeUtils.moveTile - [moveTile.py:404] - DEBUG - stopped turning at heading: 0.020000000000010232, diff: 0.020000000000010232
2026-06-21 16:26:33,095 - mazeUtils.moveTile - [moveTile.py:79] - DEBUG - Turned to heading: 0.0 deg
2026-06-21 16:26:33,220 - mazeUtils.moveTile - [moveTile.py:79] - DEBUG - Little backward to adjust position
2026-06-21 16:26:33,527 - picamera2.picamera2 - [picamera2.py:1391] - DEBUG - Execute job: <picamera2.job.Job object at 0x7f8422b2d0>
2026-06-21 16:26:33,538 - mazeUtils.device.camera - [camera.py:39] - DEBUG - Average HSV: H=66.8, S=21.8, V=226.4
2026-06-21 16:26:33,570 - mazeUtils.moveTile - [moveTile.py:79] - DEBUG - roll: 0.16999999999995907 deg, practicalMoveTime: 0.04772236798735202 sec
2026-06-21 16:26:33,571 - mazeUtils.moveTile - [moveTile.py:1430] - DEBUG - moveTile loop time: 48.0 ms
2026-06-21 16:26:33,576 - picamera2.picamera2 - [picamera2.py:1391] - DEBUG - Execute job: <picamera2.job.Job object at 0x7f6d1dcbd0>
2026-06-21 16:26:33,583 - mazeUtils.device.camera - [camera.py:39] - DEBUG - Average HSV: H=91.4, S=20.5, V=223.1
2026-06-21 16:26:33,616 - mazeUtils.moveTile - [moveTile.py:79] - DEBUG - roll: 359.87 deg, practicalMoveTime: 0.09256139632372617 sec
2026-06-21 16:26:33,616 - mazeUtils.moveTile - [moveTile.py:1430] - DEBUG - moveTile loop time: 45.4 ms
2026-06-21 16:26:33,621 - picamera2.picamera2 - [picamera2.py:1391] - DEBUG - Execute job: <picamera2.job.Job object at 0x7f8423e1d0>
2026-06-21 16:26:33,626 - mazeUtils.device.camera - [camera.py:39] - DEBUG - Average HSV: H=27.9, S=26.0, V=232.8
2026-06-21 16:26:33,656 - mazeUtils.moveTile - [moveTile.py:79] - DEBUG - roll: 358.78 deg, practicalMoveTime: 0.13186508572934524 sec
2026-06-21 16:26:33,657 - mazeUtils.moveTile - [moveTile.py:1430] - DEBUG - moveTile loop time: 40.0 ms
2026-06-21 16:26:33,664 - picamera2.picamera2 - [picamera2.py:1391] - DEBUG - Execute job: <picamera2.job.Job object at 0x7f6e47db90>
2026-06-21 16:26:33,669 - mazeUtils.device.camera - [camera.py:39] - DEBUG - Average HSV: H=7.1, S=24.3, V=240.6
2026-06-21 16:26:33,701 - mazeUtils.moveTile - [moveTile.py:79] - DEBUG - roll: 0.9300000000000068 deg, practicalMoveTime: 0.17586754357472123 sec
2026-06-21 16:26:33,702 - mazeUtils.moveTile - [moveTile.py:1430] - DEBUG - moveTile loop time: 42.9 ms
2026-06-21 16:26:33,707 - picamera2.picamera2 - [picamera2.py:1391] - DEBUG - Execute job: <picamera2.job.Job object at 0x7f8422b2d0>
2026-06-21 16:26:33,711 - mazeUtils.device.camera - [camera.py:39] - DEBUG - Average HSV: H=7.2, S=26.5, V=233.5
2026-06-21 16:26:33,741 - mazeUtils.moveTile - [moveTile.py:79] - DEBUG - roll: 357.91999999999996 deg, practicalMoveTime: 0.21544301546026093 sec
2026-06-21 16:26:33,742 - mazeUtils.moveTile - [moveTile.py:1430] - DEBUG - moveTile loop time: 39.9 ms
2026-06-21 16:26:33,751 - picamera2.picamera2 - [picamera2.py:1391] - DEBUG - Execute job: <picamera2.job.Job object at 0x7f6d1dcbd0>
2026-06-21 16:26:33,756 - mazeUtils.device.camera - [camera.py:39] - DEBUG - Average HSV: H=167.0, S=18.4, V=227.2
2026-06-21 16:26:33,790 - mazeUtils.moveTile - [moveTile.py:79] - DEBUG - roll: 1.3899999999999864 deg, practicalMoveTime: 0.26333364879888294 sec
2026-06-21 16:26:33,791 - mazeUtils.moveTile - [moveTile.py:1430] - DEBUG - moveTile loop time: 48.3 ms
2026-06-21 16:26:33,796 - picamera2.picamera2 - [picamera2.py:1391] - DEBUG - Execute job: <picamera2.job.Job object at 0x7f9216c950>
2026-06-21 16:26:33,800 - mazeUtils.device.camera - [camera.py:39] - DEBUG - Average HSV: H=163.5, S=13.9, V=234.4
2026-06-21 16:26:33,834 - mazeUtils.moveTile - [moveTile.py:79] - DEBUG - roll: 0.45999999999997954 deg, practicalMoveTime: 0.30643404726653056 sec
2026-06-21 16:26:33,834 - mazeUtils.moveTile - [moveTile.py:1430] - DEBUG - moveTile loop time: 43.3 ms
2026-06-21 16:26:33,841 - picamera2.picamera2 - [picamera2.py:1391] - DEBUG - Execute job: <picamera2.job.Job object at 0x7f8424d110>
2026-06-21 16:26:33,845 - mazeUtils.device.camera - [camera.py:39] - DEBUG - Average HSV: H=162.7, S=13.7, V=235.8
2026-06-21 16:26:33,882 - mazeUtils.moveTile - [moveTile.py:79] - DEBUG - roll: 358.60999999999996 deg, practicalMoveTime: 0.353529550270167 sec
2026-06-21 16:26:33,882 - mazeUtils.moveTile - [moveTile.py:1430] - DEBUG - moveTile loop time: 47.6 ms
2026-06-21 16:26:33,887 - picamera2.picamera2 - [picamera2.py:1391] - DEBUG - Execute job: <picamera2.job.Job object at 0x7f9216c950>
2026-06-21 16:26:33,892 - mazeUtils.device.camera - [camera.py:39] - DEBUG - Average HSV: H=31.1, S=20.0, V=241.8
2026-06-21 16:26:33,920 - mazeUtils.moveTile - [moveTile.py:79] - DEBUG - roll: 2.2299999999999613 deg, practicalMoveTime: 0.39129980593778974 sec
2026-06-21 16:26:33,921 - mazeUtils.moveTile - [moveTile.py:1430] - DEBUG - moveTile loop time: 38.0 ms
2026-06-21 16:26:33,928 - picamera2.picamera2 - [picamera2.py:1391] - DEBUG - Execute job: <picamera2.job.Job object at 0x7f8423de50>
2026-06-21 16:26:33,933 - mazeUtils.device.camera - [camera.py:39] - DEBUG - Average HSV: H=6.1, S=21.3, V=242.5
2026-06-21 16:26:33,962 - mazeUtils.moveTile - [moveTile.py:79] - DEBUG - roll: 0.3199999999999932 deg, practicalMoveTime: 0.43263832020875526 sec
2026-06-21 16:26:33,963 - mazeUtils.moveTile - [moveTile.py:1430] - DEBUG - moveTile loop time: 41.6 ms
2026-06-21 16:26:33,970 - picamera2.picamera2 - [picamera2.py:1391] - DEBUG - Execute job: <picamera2.job.Job object at 0x7f6e000d90>
2026-06-21 16:26:33,974 - mazeUtils.device.camera - [camera.py:39] - DEBUG - Average HSV: H=4.4, S=21.2, V=242.7
2026-06-21 16:26:34,001 - mazeUtils.moveTile - [moveTile.py:79] - DEBUG - roll: 1.2199999999999704 deg, practicalMoveTime: 0.4711909229723478 sec
2026-06-21 16:26:34,002 - mazeUtils.moveTile - [moveTile.py:1430] - DEBUG - moveTile loop time: 39.4 ms
2026-06-21 16:26:34,010 - picamera2.picamera2 - [picamera2.py:1391] - DEBUG - Execute job: <picamera2.job.Job object at 0x7f8422b2d0>
2026-06-21 16:26:34,015 - mazeUtils.device.camera - [camera.py:39] - DEBUG - Average HSV: H=8.4, S=19.8, V=245.1
2026-06-21 16:26:34,050 - mazeUtils.moveTile - [moveTile.py:79] - DEBUG - roll: 2.329999999999984 deg, practicalMoveTime: 0.5186639348176556 sec
2026-06-21 16:26:34,051 - mazeUtils.moveTile - [moveTile.py:1430] - DEBUG - moveTile loop time: 48.1 ms
2026-06-21 16:26:34,058 - picamera2.picamera2 - [picamera2.py:1391] - DEBUG - Execute job: <picamera2.job.Job object at 0x7f9216c950>
2026-06-21 16:26:34,063 - mazeUtils.device.camera - [camera.py:39] - DEBUG - Average HSV: H=9.6, S=19.8, V=244.6
2026-06-21 16:26:34,092 - mazeUtils.moveTile - [moveTile.py:79] - DEBUG - roll: 0.47999999999996135 deg, practicalMoveTime: 0.5593531673890143 sec
2026-06-21 16:26:34,092 - mazeUtils.moveTile - [moveTile.py:1430] - DEBUG - moveTile loop time: 40.8 ms
2026-06-21 16:26:34,097 - picamera2.picamera2 - [picamera2.py:1391] - DEBUG - Execute job: <picamera2.job.Job object at 0x7f6e000d90>
2026-06-21 16:26:34,101 - mazeUtils.device.camera - [camera.py:39] - DEBUG - Average HSV: H=4.4, S=20.1, V=246.2
2026-06-21 16:26:34,131 - mazeUtils.moveTile - [moveTile.py:79] - DEBUG - roll: 0.5600000000000023 deg, practicalMoveTime: 0.5982669427922904 sec
2026-06-21 16:26:34,132 - mazeUtils.moveTile - [moveTile.py:1430] - DEBUG - moveTile loop time: 39.2 ms
2026-06-21 16:26:34,137 - picamera2.picamera2 - [picamera2.py:1391] - DEBUG - Execute job: <picamera2.job.Job object at 0x7f8424d190>
2026-06-21 16:26:34,142 - mazeUtils.device.camera - [camera.py:39] - DEBUG - Average HSV: H=16.3, S=19.3, V=245.7
2026-06-21 16:26:34,173 - mazeUtils.moveTile - [moveTile.py:79] - DEBUG - roll: 2.2099999999999795 deg, practicalMoveTime: 0.6386078560990047 sec
2026-06-21 16:26:34,173 - mazeUtils.moveTile - [moveTile.py:1430] - DEBUG - moveTile loop time: 40.8 ms
2026-06-21 16:26:34,181 - picamera2.picamera2 - [picamera2.py:1391] - DEBUG - Execute job: <picamera2.job.Job object at 0x7f993a8d90>
2026-06-21 16:26:34,186 - mazeUtils.device.camera - [camera.py:39] - DEBUG - Average HSV: H=9.1, S=20.1, V=247.4
2026-06-21 16:26:34,221 - mazeUtils.moveTile - [moveTile.py:79] - DEBUG - roll: 359.93 deg, practicalMoveTime: 0.6858158916220323 sec
2026-06-21 16:26:34,221 - mazeUtils.moveTile - [moveTile.py:1430] - DEBUG - moveTile loop time: 47.4 ms
2026-06-21 16:26:34,227 - picamera2.picamera2 - [picamera2.py:1391] - DEBUG - Execute job: <picamera2.job.Job object at 0x7f6e47dbd0>
2026-06-21 16:26:34,231 - mazeUtils.device.camera - [camera.py:39] - DEBUG - Average HSV: H=6.6, S=20.3, V=247.7
2026-06-21 16:26:34,260 - mazeUtils.moveTile - [moveTile.py:79] - DEBUG - roll: 1.089999999999975 deg, practicalMoveTime: 0.7244584569079011 sec
2026-06-21 16:26:34,261 - mazeUtils.moveTile - [moveTile.py:1430] - DEBUG - moveTile loop time: 39.5 ms
2026-06-21 16:26:34,272 - picamera2.picamera2 - [picamera2.py:1391] - DEBUG - Execute job: <picamera2.job.Job object at 0x7f6e47db90>
2026-06-21 16:26:34,277 - mazeUtils.device.camera - [camera.py:39] - DEBUG - Average HSV: H=70.2, S=17.8, V=249.0
2026-06-21 16:26:34,304 - mazeUtils.moveTile - [moveTile.py:79] - DEBUG - roll: 0.44999999999998863 deg, practicalMoveTime: 0.7666887141405521 sec
2026-06-21 16:26:34,304 - mazeUtils.moveTile - [moveTile.py:1430] - DEBUG - moveTile loop time: 42.6 ms
2026-06-21 16:26:34,310 - picamera2.picamera2 - [picamera2.py:1391] - DEBUG - Execute job: <picamera2.job.Job object at 0x7f8423e1d0>
2026-06-21 16:26:34,315 - mazeUtils.device.camera - [camera.py:39] - DEBUG - Average HSV: H=116.4, S=17.8, V=248.1
2026-06-21 16:26:34,344 - mazeUtils.moveTile - [moveTile.py:79] - DEBUG - roll: 359.4 deg, practicalMoveTime: 0.806601133598979 sec
2026-06-21 16:26:34,345 - mazeUtils.moveTile - [moveTile.py:1430] - DEBUG - moveTile loop time: 40.4 ms
2026-06-21 16:26:34,353 - picamera2.picamera2 - [picamera2.py:1391] - DEBUG - Execute job: <picamera2.job.Job object at 0x7f84202ed0>
2026-06-21 16:26:34,360 - mazeUtils.device.camera - [camera.py:39] - DEBUG - Average HSV: H=154.8, S=17.3, V=248.7
2026-06-21 16:26:34,391 - mazeUtils.moveTile - [moveTile.py:1375] - INFO - practicalVerticalMove: 0.23132713207048233 CM
2026-06-21 16:26:34,435 - mazeUtils.moveTile - [moveTile.py:79] - DEBUG - Little forward to adjust position
2026-06-21 16:26:34,616 - mazeUtils.moveTile - [moveTile.py:1645] - INFO - Set moved vertical distance: 0.23132713207048233 cm, past distances: [(0, False), (0, False), (0, False)]
2026-06-21 16:26:34,714 - mazeUtils.moveTile - [moveTile.py:529] - DEBUG - Direction: absDirection.NORTH, Angle: 0, Distance: 13.476944916563045 cm
2026-06-21 16:26:34,715 - mazeUtils.moveTile - [moveTile.py:553] - DEBUG - Front LiDAR distance: 13.476944916563045 cm, TSD10 distance: 1.7 cm
2026-06-21 16:26:34,716 - mazeUtils.moveTile - [moveTile.py:529] - DEBUG - Direction: absDirection.EAST, Angle: 270, Distance: 106.59034884215778 cm
2026-06-21 16:26:34,716 - mazeUtils.moveTile - [moveTile.py:529] - DEBUG - Direction: absDirection.SOUTH, Angle: 180, Distance: 51.73114439228147 cm
2026-06-21 16:26:34,717 - mazeUtils.moveTile - [moveTile.py:529] - DEBUG - Direction: absDirection.WEST, Angle: 90, Distance: 17.8957407874846 cm
2026-06-21 16:26:34,719 - mazeUtils.moveTile - [moveTile.py:1774] - INFO - Tile color detection counts: {}, decided tile type: E
2026-06-21 16:26:34,778 - __main__ - [main.py:92] - INFO - Current position: (20, 19, 0), front direction: absDirection.NORTH
Layer 0 (altitude=0.0cm, offset=(0.0cm, 0.0cm)):
Known map area: x=20..20, y=19..20
+---+
| @  
+   +
  S  
+---+
mazeAsGraph[0][19][20] = {absDirection.NORTH: None, absDirection.EAST: (21, 19, 0, 30), absDirection.SOUTH: (20, 20, 0, 30), absDirection.WEST: None}
mazeAsGraph[0][20][20] = {absDirection.NORTH: (20, 19, 0, 30), absDirection.EAST: (21, 20, 0, 30), absDirection.SOUTH: None, absDirection.WEST: (19, 20, 0, 30)}
2026-06-21 16:26:34,788 - mazeUtils.mazeMap - [mazeMap.py:61] - INFO - next goal: (21, 19, 0)
2026-06-21 16:26:34,797 - mazeUtils.moveTile - [moveTile.py:79] - DEBUG - Moving to absDirection.EAST from (20, 19, 0) facing absDirection.NORTH
2026-06-21 16:26:34,823 - mazeUtils.moveTile - [moveTile.py:79] - DEBUG - current heading: 1.6300000000000239 target: 270
2026-06-21 16:26:34,934 - mazeUtils.moveTile - [moveTile.py:371] - INFO - Find victim on LEFT side during turn: UnitVStatus.Y_VICTIM
2026-06-21 16:26:45,062 - mazeUtils.moveTile - [moveTile.py:79] - DEBUG - Turning to 350.52 deg, current heading: 350.53 deg, turnAngle: 0.009999999999990905 deg
2026-06-21 16:26:45,084 - mazeUtils.moveTile - [moveTile.py:79] - DEBUG - Turned to heading: 350.53 deg
2026-06-21 16:26:45,901 - mazeUtils.moveTile - [moveTile.py:79] - DEBUG - Turning to 350.52 deg, current heading: 350.54 deg, turnAngle: 0.020000000000038654 deg
2026-06-21 16:26:45,922 - mazeUtils.moveTile - [moveTile.py:79] - DEBUG - Turned to heading: 350.54 deg
2026-06-21 16:26:45,922 - mazeUtils.moveTile - [moveTile.py:383] - INFO - Dropped rescue kit, detected victim info: {<Side.LEFT: 0>: <UnitVStatus.Y_VICTIM: 5>, <Side.RIGHT: 1>: <UnitVStatus.NOTHING: 0>}
2026-06-21 16:26:45,980 - mazeUtils.moveTile - [moveTile.py:371] - INFO - Find victim on LEFT side during turn: UnitVStatus.R_VICTIM
2026-06-21 16:26:45,980 - mazeUtils.moveTile - [moveTile.py:639] - INFO - Detected previously seen victims on Side.LEFT side: {<UnitVStatus.Y_VICTIM: 5>}, max dropped kits: 1. Adjusting needRescueKitCount accordingly.
2026-06-21 16:26:45,996 - mazeUtils.moveTile - [moveTile.py:79] - DEBUG - Turning to 350.55 deg, current heading: 350.28 deg, turnAngle: -0.27000000000003865 deg
2026-06-21 16:26:46,016 - mazeUtils.moveTile - [moveTile.py:79] - DEBUG - Turned to heading: 350.28 deg
2026-06-21 16:26:46,826 - mazeUtils.moveTile - [moveTile.py:79] - DEBUG - Turning to 350.55 deg, current heading: 349.35 deg, turnAngle: -1.1999999999999886 deg
2026-06-21 16:26:46,846 - mazeUtils.moveTile - [moveTile.py:79] - DEBUG - Turned to heading: 349.35 deg
2026-06-21 16:26:46,846 - mazeUtils.moveTile - [moveTile.py:383] - INFO - Dropped rescue kit, detected victim info: {<Side.LEFT: 0>: <UnitVStatus.R_VICTIM: 6>, <Side.RIGHT: 1>: <UnitVStatus.NOTHING: 0>}
2026-06-21 16:26:47,770 - mazeUtils.moveTile - [moveTile.py:404] - DEBUG - stopped turning at heading: 275.79, diff: 5.7900000000000205
2026-06-21 16:26:47,830 - mazeUtils.moveTile - [moveTile.py:79] - DEBUG - Turned to heading: 269.8 deg
2026-06-21 16:26:47,895 - mazeUtils.moveTile - [moveTile.py:79] - DEBUG - Little backward to adjust position
2026-06-21 16:26:48,400 - picamera2.picamera2 - [picamera2.py:1391] - DEBUG - Execute job: <picamera2.job.Job object at 0x7f852bd0d0>
2026-06-21 16:26:48,403 - mazeUtils.device.camera - [camera.py:39] - DEBUG - Average HSV: H=161.1, S=12.3, V=247.5
2026-06-21 16:26:48,435 - mazeUtils.moveTile - [moveTile.py:79] - DEBUG - roll: 3.669999999999959 deg, practicalMoveTime: 0.04478192852740039 sec
2026-06-21 16:26:48,435 - mazeUtils.moveTile - [moveTile.py:1430] - DEBUG - moveTile loop time: 44.2 ms
2026-06-21 16:26:48,439 - picamera2.picamera2 - [picamera2.py:1391] - DEBUG - Execute job: <picamera2.job.Job object at 0x7f852be9d0>
2026-06-21 16:26:48,443 - mazeUtils.device.camera - [camera.py:39] - DEBUG - Average HSV: H=160.4, S=12.0, V=248.9
2026-06-21 16:26:48,472 - mazeUtils.moveTile - [moveTile.py:79] - DEBUG - roll: 4.46999999999997 deg, practicalMoveTime: 0.08121770845685758 sec
2026-06-21 16:26:48,472 - mazeUtils.moveTile - [moveTile.py:1430] - DEBUG - moveTile loop time: 36.8 ms
2026-06-21 16:26:48,481 - picamera2.picamera2 - [picamera2.py:1391] - DEBUG - Execute job: <picamera2.job.Job object at 0x7f852bd2d0>
2026-06-21 16:26:48,484 - mazeUtils.device.camera - [camera.py:39] - DEBUG - Average HSV: H=158.6, S=11.9, V=249.0
2026-06-21 16:26:48,521 - mazeUtils.moveTile - [moveTile.py:79] - DEBUG - roll: 3.769999999999982 deg, practicalMoveTime: 0.12961186532302404 sec
2026-06-21 16:26:48,521 - mazeUtils.moveTile - [moveTile.py:1430] - DEBUG - moveTile loop time: 48.8 ms
2026-06-21 16:26:48,529 - picamera2.picamera2 - [picamera2.py:1391] - DEBUG - Execute job: <picamera2.job.Job object at 0x7f852bfa50>
2026-06-21 16:26:48,532 - mazeUtils.device.camera - [camera.py:39] - DEBUG - Average HSV: H=158.3, S=11.9, V=248.8
2026-06-21 16:26:48,563 - mazeUtils.moveTile - [moveTile.py:79] - DEBUG - roll: 0.6800000000000068 deg, practicalMoveTime: 0.1706851557812223 sec
2026-06-21 16:26:48,563 - mazeUtils.moveTile - [moveTile.py:1430] - DEBUG - moveTile loop time: 41.3 ms
2026-06-21 16:26:48,573 - picamera2.picamera2 - [picamera2.py:1391] - DEBUG - Execute job: <picamera2.job.Job object at 0x7f852bfc10>
2026-06-21 16:26:48,576 - mazeUtils.device.camera - [camera.py:39] - DEBUG - Average HSV: H=158.8, S=12.2, V=245.8
2026-06-21 16:26:48,604 - mazeUtils.moveTile - [moveTile.py:79] - DEBUG - roll: 1.9099999999999682 deg, practicalMoveTime: 0.2115617094510624 sec
2026-06-21 16:26:48,605 - mazeUtils.moveTile - [moveTile.py:1430] - DEBUG - moveTile loop time: 41.6 ms
2026-06-21 16:26:48,610 - picamera2.picamera2 - [picamera2.py:1391] - DEBUG - Execute job: <picamera2.job.Job object at 0x7f852bfad0>
2026-06-21 16:26:48,613 - mazeUtils.device.camera - [camera.py:39] - DEBUG - Average HSV: H=157.9, S=11.9, V=246.9
2026-06-21 16:26:48,641 - mazeUtils.moveTile - [moveTile.py:79] - DEBUG - roll: 1.1800000000000068 deg, practicalMoveTime: 0.24817861259028964 sec
2026-06-21 16:26:48,642 - mazeUtils.moveTile - [moveTile.py:1430] - DEBUG - moveTile loop time: 36.8 ms
2026-06-21 16:26:48,647 - picamera2.picamera2 - [picamera2.py:1391] - DEBUG - Execute job: <picamera2.job.Job object at 0x7f852be9d0>
2026-06-21 16:26:48,650 - mazeUtils.device.camera - [camera.py:39] - DEBUG - Average HSV: H=159.6, S=12.2, V=248.1
2026-06-21 16:26:48,677 - mazeUtils.moveTile - [moveTile.py:79] - DEBUG - roll: 359.06 deg, practicalMoveTime: 0.28281021042690446 sec
2026-06-21 16:26:48,677 - mazeUtils.moveTile - [moveTile.py:1430] - DEBUG - moveTile loop time: 34.9 ms
2026-06-21 16:26:48,682 - picamera2.picamera2 - [picamera2.py:1391] - DEBUG - Execute job: <picamera2.job.Job object at 0x7f852bddd0>
2026-06-21 16:26:48,685 - mazeUtils.device.camera - [camera.py:39] - DEBUG - Average HSV: H=155.1, S=11.3, V=245.9
2026-06-21 16:26:48,713 - mazeUtils.moveTile - [moveTile.py:79] - DEBUG - roll: 359.84 deg, practicalMoveTime: 0.31844721174816304 sec
2026-06-21 16:26:48,713 - mazeUtils.moveTile - [moveTile.py:1430] - DEBUG - moveTile loop time: 35.9 ms
2026-06-21 16:26:48,723 - picamera2.picamera2 - [picamera2.py:1391] - DEBUG - Execute job: <picamera2.job.Job object at 0x7f852bfa50>
2026-06-21 16:26:48,726 - mazeUtils.device.camera - [camera.py:39] - DEBUG - Average HSV: H=152.9, S=11.5, V=243.4
2026-06-21 16:26:48,752 - mazeUtils.moveTile - [moveTile.py:79] - DEBUG - roll: 0.25 deg, practicalMoveTime: 0.3571991602826201 sec
2026-06-21 16:26:48,752 - mazeUtils.moveTile - [moveTile.py:1430] - DEBUG - moveTile loop time: 38.9 ms
2026-06-21 16:26:48,758 - picamera2.picamera2 - [picamera2.py:1391] - DEBUG - Execute job: <picamera2.job.Job object at 0x7f852be210>
2026-06-21 16:26:48,761 - mazeUtils.device.camera - [camera.py:39] - DEBUG - Average HSV: H=147.1, S=11.8, V=244.8
2026-06-21 16:26:48,792 - mazeUtils.moveTile - [moveTile.py:79] - DEBUG - roll: 3.6499999999999773 deg, practicalMoveTime: 0.39672896068784647 sec
2026-06-21 16:26:48,793 - mazeUtils.moveTile - [moveTile.py:1430] - DEBUG - moveTile loop time: 39.9 ms
2026-06-21 16:26:48,800 - picamera2.picamera2 - [picamera2.py:1391] - DEBUG - Execute job: <picamera2.job.Job object at 0x7f852be9d0>
2026-06-21 16:26:48,803 - mazeUtils.device.camera - [camera.py:39] - DEBUG - Average HSV: H=159.8, S=13.6, V=237.4
2026-06-21 16:26:48,833 - mazeUtils.moveTile - [moveTile.py:79] - DEBUG - roll: 1.0399999999999636 deg, practicalMoveTime: 0.43683961586152 sec
2026-06-21 16:26:48,833 - mazeUtils.moveTile - [moveTile.py:1430] - DEBUG - moveTile loop time: 40.3 ms
2026-06-21 16:26:48,837 - picamera2.picamera2 - [picamera2.py:1391] - DEBUG - Execute job: <picamera2.job.Job object at 0x7f852bfc10>
2026-06-21 16:26:48,840 - mazeUtils.device.camera - [camera.py:39] - DEBUG - Average HSV: H=158.6, S=13.2, V=236.1
2026-06-21 16:26:48,871 - mazeUtils.moveTile - [moveTile.py:79] - DEBUG - roll: 2.8799999999999955 deg, practicalMoveTime: 0.4744893177326299 sec
2026-06-21 16:26:48,871 - mazeUtils.moveTile - [moveTile.py:1430] - DEBUG - moveTile loop time: 38.2 ms
2026-06-21 16:26:48,880 - picamera2.picamera2 - [picamera2.py:1391] - DEBUG - Execute job: <picamera2.job.Job object at 0x7f852bd050>
2026-06-21 16:26:48,883 - mazeUtils.device.camera - [camera.py:39] - DEBUG - Average HSV: H=157.0, S=12.9, V=236.4
2026-06-21 16:26:48,920 - mazeUtils.moveTile - [moveTile.py:79] - DEBUG - roll: 0.06999999999999318 deg, practicalMoveTime: 0.5226469737475047 sec
2026-06-21 16:26:48,920 - mazeUtils.moveTile - [moveTile.py:1430] - DEBUG - moveTile loop time: 48.3 ms
2026-06-21 16:26:48,925 - picamera2.picamera2 - [picamera2.py:1391] - DEBUG - Execute job: <picamera2.job.Job object at 0x7f852bddd0>
2026-06-21 16:26:48,928 - mazeUtils.device.camera - [camera.py:39] - DEBUG - Average HSV: H=159.2, S=13.4, V=235.2
2026-06-21 16:26:48,958 - mazeUtils.moveTile - [moveTile.py:79] - DEBUG - roll: 3.430000000000007 deg, practicalMoveTime: 0.5606761091507255 sec
2026-06-21 16:26:48,959 - mazeUtils.moveTile - [moveTile.py:1430] - DEBUG - moveTile loop time: 38.3 ms
2026-06-21 16:26:48,966 - picamera2.picamera2 - [picamera2.py:1391] - DEBUG - Execute job: <picamera2.job.Job object at 0x7f852bf9d0>
2026-06-21 16:26:48,969 - mazeUtils.device.camera - [camera.py:39] - DEBUG - Average HSV: H=139.7, S=14.6, V=250.8
2026-06-21 16:26:48,999 - mazeUtils.moveTile - [moveTile.py:79] - DEBUG - roll: 2.2199999999999704 deg, practicalMoveTime: 0.6010779777177028 sec
2026-06-21 16:26:49,000 - mazeUtils.moveTile - [moveTile.py:1430] - DEBUG - moveTile loop time: 40.8 ms
2026-06-21 16:26:49,004 - picamera2.picamera2 - [picamera2.py:1391] - DEBUG - Execute job: <picamera2.job.Job object at 0x7f852bddd0>
2026-06-21 16:26:49,007 - mazeUtils.device.camera - [camera.py:39] - DEBUG - Average HSV: H=131.5, S=15.6, V=248.7
2026-06-21 16:26:49,044 - mazeUtils.moveTile - [moveTile.py:79] - DEBUG - roll: 4.259999999999991 deg, practicalMoveTime: 0.6456187257225436 sec
2026-06-21 16:26:49,045 - mazeUtils.moveTile - [moveTile.py:1430] - DEBUG - moveTile loop time: 45.0 ms
2026-06-21 16:26:49,051 - picamera2.picamera2 - [picamera2.py:1391] - DEBUG - Execute job: <picamera2.job.Job object at 0x7f852bd2d0>
2026-06-21 16:26:49,054 - mazeUtils.device.camera - [camera.py:39] - DEBUG - Average HSV: H=140.6, S=16.2, V=248.1
2026-06-21 16:26:49,082 - mazeUtils.moveTile - [moveTile.py:79] - DEBUG - roll: 359.90999999999997 deg, practicalMoveTime: 0.6826536684357878 sec
2026-06-21 16:26:49,082 - mazeUtils.moveTile - [moveTile.py:1430] - DEBUG - moveTile loop time: 37.4 ms
2026-06-21 16:26:49,089 - picamera2.picamera2 - [picamera2.py:1391] - DEBUG - Execute job: <picamera2.job.Job object at 0x7f852bfad0>
2026-06-21 16:26:49,092 - mazeUtils.device.camera - [camera.py:39] - DEBUG - Average HSV: H=137.7, S=16.5, V=248.0
2026-06-21 16:26:49,129 - mazeUtils.moveTile - [moveTile.py:79] - DEBUG - roll: 359.91999999999996 deg, practicalMoveTime: 0.7295817900344956 sec
2026-06-21 16:26:49,130 - mazeUtils.moveTile - [moveTile.py:1430] - DEBUG - moveTile loop time: 47.2 ms
2026-06-21 16:26:49,135 - picamera2.picamera2 - [picamera2.py:1391] - DEBUG - Execute job: <picamera2.job.Job object at 0x7f852bfad0>
2026-06-21 16:26:49,138 - mazeUtils.device.camera - [camera.py:39] - DEBUG - Average HSV: H=114.0, S=16.7, V=245.6
2026-06-21 16:26:49,166 - mazeUtils.moveTile - [moveTile.py:79] - DEBUG - roll: 1.3599999999999568 deg, practicalMoveTime: 0.7660397844750968 sec
2026-06-21 16:26:49,167 - mazeUtils.moveTile - [moveTile.py:1430] - DEBUG - moveTile loop time: 36.7 ms
2026-06-21 16:26:49,178 - picamera2.picamera2 - [picamera2.py:1391] - DEBUG - Execute job: <picamera2.job.Job object at 0x7f852bfa50>
2026-06-21 16:26:49,182 - mazeUtils.device.camera - [camera.py:39] - DEBUG - Average HSV: H=117.3, S=17.0, V=244.1
2026-06-21 16:26:49,215 - mazeUtils.moveTile - [moveTile.py:79] - DEBUG - roll: 359.4 deg, practicalMoveTime: 0.8145831984838805 sec
2026-06-21 16:26:49,216 - mazeUtils.moveTile - [moveTile.py:1430] - DEBUG - moveTile loop time: 48.9 ms
2026-06-21 16:26:49,220 - picamera2.picamera2 - [picamera2.py:1391] - DEBUG - Execute job: <picamera2.job.Job object at 0x7f852bfc10>
2026-06-21 16:26:49,223 - mazeUtils.device.camera - [camera.py:39] - DEBUG - Average HSV: H=107.3, S=19.3, V=240.4
2026-06-21 16:26:49,254 - mazeUtils.moveTile - [moveTile.py:1375] - INFO - practicalVerticalMove: 0.8855749175776503 CM
2026-06-21 16:26:49,296 - mazeUtils.moveTile - [moveTile.py:1645] - INFO - Set moved vertical distance: 0.8855749175776503 cm, past distances: [(0.23132713207048233, False), (0, False), (0, False)]
2026-06-21 16:26:49,380 - mazeUtils.moveTile - [moveTile.py:529] - DEBUG - Direction: absDirection.NORTH, Angle: 90, Distance: 109.42689840142292 cm
2026-06-21 16:26:49,381 - mazeUtils.moveTile - [moveTile.py:529] - DEBUG - Direction: absDirection.EAST, Angle: 0, Distance: 78.6503183058309 cm
2026-06-21 16:26:49,382 - mazeUtils.moveTile - [moveTile.py:553] - DEBUG - Front LiDAR distance: 78.6503183058309 cm, TSD10 distance: 69.1 cm
2026-06-21 16:26:49,383 - mazeUtils.moveTile - [moveTile.py:529] - DEBUG - Direction: absDirection.SOUTH, Angle: 270, Distance: 14.799628174337604 cm
2026-06-21 16:26:49,383 - mazeUtils.moveTile - [moveTile.py:529] - DEBUG - Direction: absDirection.WEST, Angle: 180, Distance: 78.39996693170593 cm
2026-06-21 16:26:49,385 - mazeUtils.moveTile - [moveTile.py:1774] - INFO - Tile color detection counts: {}, decided tile type: E
2026-06-21 16:26:49,445 - __main__ - [main.py:92] - INFO - Current position: (21, 19, 0), front direction: absDirection.EAST
Layer 0 (altitude=0.0cm, offset=(0.0cm, 0.0cm)):
Known map area: x=20..21, y=19..20
+---+   +
| E   @  
+   +---+
  S   U  
+---+   +
mazeAsGraph[0][19][20] = {absDirection.NORTH: None, absDirection.EAST: (21, 19, 0, 30), absDirection.SOUTH: (20, 20, 0, 30), absDirection.WEST: None}
mazeAsGraph[0][19][21] = {absDirection.NORTH: (21, 18, 0, 30), absDirection.EAST: (22, 19, 0, 30), absDirection.SOUTH: None, absDirection.WEST: (20, 19, 0, 30)}
mazeAsGraph[0][20][20] = {absDirection.NORTH: (20, 19, 0, 30), absDirection.EAST: (21, 20, 0, 30), absDirection.SOUTH: None, absDirection.WEST: (19, 20, 0, 30)}
2026-06-21 16:26:49,450 - mazeUtils.mazeMap - [mazeMap.py:61] - INFO - next goal: (22, 19, 0)
2026-06-21 16:26:49,457 - mazeUtils.moveTile - [moveTile.py:79] - DEBUG - Moving to absDirection.EAST from (21, 19, 0) facing absDirection.EAST
2026-06-21 16:26:49,490 - mazeUtils.moveTile - [moveTile.py:79] - DEBUG - current heading: 271.39 target: 270
2026-06-21 16:26:49,509 - mazeUtils.moveTile - [moveTile.py:404] - DEBUG - stopped turning at heading: 271.39, diff: 1.3899999999999864
2026-06-21 16:26:49,561 - mazeUtils.moveTile - [moveTile.py:79] - DEBUG - Turned to heading: 271.48 deg
2026-06-21 16:26:49,700 - picamera2.picamera2 - [picamera2.py:1391] - DEBUG - Execute job: <picamera2.job.Job object at 0x7f99593890>
2026-06-21 16:26:49,703 - mazeUtils.device.camera - [camera.py:39] - DEBUG - Average HSV: H=118.2, S=35.2, V=218.5
2026-06-21 16:26:49,733 - mazeUtils.moveTile - [moveTile.py:79] - DEBUG - roll: 359.74 deg, practicalMoveTime: 0.04301122249393311 sec
2026-06-21 16:26:49,733 - mazeUtils.moveTile - [moveTile.py:1430] - DEBUG - moveTile loop time: 42.2 ms
2026-06-21 16:26:49,743 - picamera2.picamera2 - [picamera2.py:1391] - DEBUG - Execute job: <picamera2.job.Job object at 0x7f8529d810>
2026-06-21 16:26:49,746 - mazeUtils.device.camera - [camera.py:39] - DEBUG - Average HSV: H=122.1, S=31.0, V=224.1
2026-06-21 16:26:49,771 - mazeUtils.moveTile - [moveTile.py:79] - DEBUG - roll: 0.14999999999997726 deg, practicalMoveTime: 0.08075847625344024 sec
2026-06-21 16:26:49,771 - mazeUtils.moveTile - [moveTile.py:1430] - DEBUG - moveTile loop time: 38.0 ms
2026-06-21 16:26:49,778 - picamera2.picamera2 - [picamera2.py:1391] - DEBUG - Execute job: <picamera2.job.Job object at 0x7f8529d850>
2026-06-21 16:26:49,781 - mazeUtils.device.camera - [camera.py:39] - DEBUG - Average HSV: H=154.9, S=18.3, V=237.6
2026-06-21 16:26:49,812 - mazeUtils.moveTile - [moveTile.py:79] - DEBUG - roll: 0.060000000000002274 deg, practicalMoveTime: 0.12169969220821666 sec
2026-06-21 16:26:49,813 - mazeUtils.moveTile - [moveTile.py:1430] - DEBUG - moveTile loop time: 41.1 ms
2026-06-21 16:26:49,817 - picamera2.picamera2 - [picamera2.py:1391] - DEBUG - Execute job: <picamera2.job.Job object at 0x7f99593890>
2026-06-21 16:26:49,820 - mazeUtils.device.camera - [camera.py:39] - DEBUG - Average HSV: H=164.0, S=18.5, V=235.3
2026-06-21 16:26:49,845 - mazeUtils.moveTile - [moveTile.py:79] - DEBUG - roll: 1.089999999999975 deg, practicalMoveTime: 0.15395069691095578 sec
2026-06-21 16:26:49,846 - mazeUtils.moveTile - [moveTile.py:1430] - DEBUG - moveTile loop time: 32.5 ms
2026-06-21 16:26:49,852 - picamera2.picamera2 - [picamera2.py:1391] - DEBUG - Execute job: <picamera2.job.Job object at 0x7f8529d4d0>
2026-06-21 16:26:49,855 - mazeUtils.device.camera - [camera.py:39] - DEBUG - Average HSV: H=144.8, S=19.6, V=233.0
2026-06-21 16:26:49,892 - mazeUtils.moveTile - [moveTile.py:79] - DEBUG - roll: 359.47999999999996 deg, practicalMoveTime: 0.200682628425346 sec
2026-06-21 16:26:49,893 - mazeUtils.moveTile - [moveTile.py:1430] - DEBUG - moveTile loop time: 47.0 ms
2026-06-21 16:26:49,897 - picamera2.picamera2 - [picamera2.py:1391] - DEBUG - Execute job: <picamera2.job.Job object at 0x7f8529d810>
2026-06-21 16:26:49,900 - mazeUtils.device.camera - [camera.py:39] - DEBUG - Average HSV: H=134.3, S=20.6, V=232.2
2026-06-21 16:26:49,925 - mazeUtils.moveTile - [moveTile.py:79] - DEBUG - roll: 0.8199999999999932 deg, practicalMoveTime: 0.23325084693597092 sec
2026-06-21 16:26:49,926 - mazeUtils.moveTile - [moveTile.py:1430] - DEBUG - moveTile loop time: 32.5 ms
2026-06-21 16:26:49,933 - picamera2.picamera2 - [picamera2.py:1391] - DEBUG - Execute job: <picamera2.job.Job object at 0x7f6cf9e3d0>
2026-06-21 16:26:49,936 - mazeUtils.device.camera - [camera.py:39] - DEBUG - Average HSV: H=138.6, S=26.2, V=228.4
2026-06-21 16:26:49,967 - mazeUtils.moveTile - [moveTile.py:79] - DEBUG - roll: 0.8899999999999864 deg, practicalMoveTime: 0.27478240550541694 sec
2026-06-21 16:26:49,968 - mazeUtils.moveTile - [moveTile.py:1430] - DEBUG - moveTile loop time: 41.7 ms
2026-06-21 16:26:49,974 - picamera2.picamera2 - [picamera2.py:1391] - DEBUG - Execute job: <picamera2.job.Job object at 0x7f99592c10>
2026-06-21 16:26:49,977 - mazeUtils.device.camera - [camera.py:39] - DEBUG - Average HSV: H=134.4, S=25.6, V=230.7
2026-06-21 16:26:50,004 - mazeUtils.moveTile - [moveTile.py:79] - DEBUG - roll: 0.9900000000000091 deg, practicalMoveTime: 0.31131173803418055 sec
2026-06-21 16:26:50,005 - mazeUtils.moveTile - [moveTile.py:1430] - DEBUG - moveTile loop time: 36.8 ms
2026-06-21 16:26:50,013 - picamera2.picamera2 - [picamera2.py:1391] - DEBUG - Execute job: <picamera2.job.Job object at 0x7f99593890>
2026-06-21 16:26:50,017 - mazeUtils.device.camera - [camera.py:39] - DEBUG - Average HSV: H=128.8, S=24.7, V=234.4
2026-06-21 16:26:50,046 - mazeUtils.moveTile - [moveTile.py:79] - DEBUG - roll: 3.7999999999999545 deg, practicalMoveTime: 0.3527229692638364 sec
2026-06-21 16:26:50,047 - mazeUtils.moveTile - [moveTile.py:1430] - DEBUG - moveTile loop time: 41.8 ms
2026-06-21 16:26:50,055 - picamera2.picamera2 - [picamera2.py:1391] - DEBUG - Execute job: <picamera2.job.Job object at 0x7f6cf9e450>
2026-06-21 16:26:50,058 - mazeUtils.device.camera - [camera.py:39] - DEBUG - Average HSV: H=130.1, S=32.2, V=213.2
2026-06-21 16:26:50,090 - mazeUtils.moveTile - [moveTile.py:79] - DEBUG - roll: 2.740000000000009 deg, practicalMoveTime: 0.39601457908822607 sec
2026-06-21 16:26:50,091 - mazeUtils.moveTile - [moveTile.py:1430] - DEBUG - moveTile loop time: 43.9 ms
2026-06-21 16:26:50,098 - picamera2.picamera2 - [picamera2.py:1391] - DEBUG - Execute job: <picamera2.job.Job object at 0x7f99593890>
2026-06-21 16:26:50,101 - mazeUtils.device.camera - [camera.py:39] - DEBUG - Average HSV: H=142.1, S=32.9, V=211.5
2026-06-21 16:26:50,134 - mazeUtils.moveTile - [moveTile.py:79] - DEBUG - roll: 2.859999999999957 deg, practicalMoveTime: 0.43847380579945167 sec
2026-06-21 16:26:50,135 - mazeUtils.moveTile - [moveTile.py:1430] - DEBUG - moveTile loop time: 43.3 ms
2026-06-21 16:26:50,140 - picamera2.picamera2 - [picamera2.py:1391] - DEBUG - Execute job: <picamera2.job.Job object at 0x7f6e47dbd0>
2026-06-21 16:26:50,144 - mazeUtils.device.camera - [camera.py:39] - DEBUG - Average HSV: H=76.0, S=49.7, V=191.6
2026-06-21 16:26:50,175 - mazeUtils.moveTile - [moveTile.py:79] - DEBUG - roll: 2.3899999999999864 deg, practicalMoveTime: 0.478556410742036 sec
2026-06-21 16:26:50,175 - mazeUtils.moveTile - [moveTile.py:1430] - DEBUG - moveTile loop time: 40.3 ms
2026-06-21 16:26:50,184 - picamera2.picamera2 - [picamera2.py:1391] - DEBUG - Execute job: <picamera2.job.Job object at 0x7f6cf9e410>
2026-06-21 16:26:50,187 - mazeUtils.device.camera - [camera.py:39] - DEBUG - Average HSV: H=17.4, S=46.5, V=208.3
2026-06-21 16:26:50,214 - mazeUtils.moveTile - [moveTile.py:79] - DEBUG - roll: 2.990000000000009 deg, practicalMoveTime: 0.5172164492486432 sec
2026-06-21 16:26:50,215 - mazeUtils.moveTile - [moveTile.py:1430] - DEBUG - moveTile loop time: 38.8 ms
2026-06-21 16:26:50,220 - picamera2.picamera2 - [picamera2.py:1391] - DEBUG - Execute job: <picamera2.job.Job object at 0x7f6e47dbd0>
2026-06-21 16:26:50,224 - mazeUtils.device.camera - [camera.py:39] - DEBUG - Average HSV: H=15.4, S=49.7, V=206.2
2026-06-21 16:26:50,254 - mazeUtils.moveTile - [moveTile.py:79] - DEBUG - roll: 2.769999999999982 deg, practicalMoveTime: 0.5566231429575882 sec
2026-06-21 16:26:50,255 - mazeUtils.moveTile - [moveTile.py:1430] - DEBUG - moveTile loop time: 39.7 ms
2026-06-21 16:26:50,261 - picamera2.picamera2 - [picamera2.py:1391] - DEBUG - Execute job: <picamera2.job.Job object at 0x7f99592c10>
2026-06-21 16:26:50,264 - mazeUtils.device.camera - [camera.py:39] - DEBUG - Average HSV: H=9.0, S=55.7, V=205.9
2026-06-21 16:26:50,295 - mazeUtils.moveTile - [moveTile.py:79] - DEBUG - roll: 3.329999999999984 deg, practicalMoveTime: 0.5969033078507839 sec
2026-06-21 16:26:50,296 - mazeUtils.moveTile - [moveTile.py:1430] - DEBUG - moveTile loop time: 40.6 ms
2026-06-21 16:26:50,302 - picamera2.picamera2 - [picamera2.py:1391] - DEBUG - Execute job: <picamera2.job.Job object at 0x7f99593890>
2026-06-21 16:26:50,306 - mazeUtils.device.camera - [camera.py:39] - DEBUG - Average HSV: H=8.8, S=56.7, V=203.4
2026-06-21 16:26:50,341 - mazeUtils.moveTile - [moveTile.py:79] - DEBUG - roll: 2.8899999999999864 deg, practicalMoveTime: 0.6417742409562794 sec
2026-06-21 16:26:50,341 - mazeUtils.moveTile - [moveTile.py:1430] - DEBUG - moveTile loop time: 45.4 ms
2026-06-21 16:26:50,348 - picamera2.picamera2 - [picamera2.py:1391] - DEBUG - Execute job: <picamera2.job.Job object at 0x7f8f5c6a10>
2026-06-21 16:26:50,353 - mazeUtils.device.camera - [camera.py:39] - DEBUG - Average HSV: H=8.7, S=58.9, V=200.1
2026-06-21 16:26:50,382 - mazeUtils.moveTile - [moveTile.py:79] - DEBUG - roll: 2.9399999999999977 deg, practicalMoveTime: 0.6817344122479445 sec
2026-06-21 16:26:50,383 - mazeUtils.moveTile - [moveTile.py:1430] - DEBUG - moveTile loop time: 41.5 ms
2026-06-21 16:26:50,391 - picamera2.picamera2 - [picamera2.py:1391] - DEBUG - Execute job: <picamera2.job.Job object at 0x7f6cf9e3d0>
2026-06-21 16:26:50,396 - mazeUtils.device.camera - [camera.py:39] - DEBUG - Average HSV: H=7.3, S=58.2, V=194.6
2026-06-21 16:26:50,425 - mazeUtils.moveTile - [moveTile.py:79] - DEBUG - roll: 1.2799999999999727 deg, practicalMoveTime: 0.7233111492574256 sec
2026-06-21 16:26:50,426 - mazeUtils.moveTile - [moveTile.py:1430] - DEBUG - moveTile loop time: 42.0 ms
2026-06-21 16:26:50,431 - picamera2.picamera2 - [picamera2.py:1391] - DEBUG - Execute job: <picamera2.job.Job object at 0x7f8529d4d0>
2026-06-21 16:26:50,436 - mazeUtils.device.camera - [camera.py:39] - DEBUG - Average HSV: H=7.7, S=59.6, V=193.1
2026-06-21 16:26:50,466 - mazeUtils.moveTile - [moveTile.py:79] - DEBUG - roll: 1.9499999999999886 deg, practicalMoveTime: 0.7633172557167113 sec
2026-06-21 16:26:50,467 - mazeUtils.moveTile - [moveTile.py:1430] - DEBUG - moveTile loop time: 40.0 ms
2026-06-21 16:26:50,477 - picamera2.picamera2 - [picamera2.py:1391] - DEBUG - Execute job: <picamera2.job.Job object at 0x7f8f5c6a10>
2026-06-21 16:26:50,481 - mazeUtils.device.camera - [camera.py:39] - DEBUG - Average HSV: H=53.1, S=46.9, V=188.5
2026-06-21 16:26:50,508 - mazeUtils.moveTile - [moveTile.py:79] - DEBUG - roll: 0.5199999999999818 deg, practicalMoveTime: 0.8045283555741004 sec
2026-06-21 16:26:50,509 - mazeUtils.moveTile - [moveTile.py:1430] - DEBUG - moveTile loop time: 41.6 ms
2026-06-21 16:26:50,519 - picamera2.picamera2 - [picamera2.py:1391] - DEBUG - Execute job: <picamera2.job.Job object at 0x7f6cf9e450>
2026-06-21 16:26:50,523 - mazeUtils.device.camera - [camera.py:39] - DEBUG - Average HSV: H=115.9, S=34.8, V=196.0
2026-06-21 16:26:50,552 - mazeUtils.moveTile - [moveTile.py:1375] - INFO - practicalVerticalMove: 0.8905246292478108 CM
2026-06-21 16:26:50,601 - mazeUtils.moveTile - [moveTile.py:1645] - INFO - Set moved vertical distance: 0.8905246292478108 cm, past distances: [(0.8855749175776503, False), (0.23132713207048233, False), (0, False)]
2026-06-21 16:26:50,692 - mazeUtils.moveTile - [moveTile.py:529] - DEBUG - Direction: absDirection.NORTH, Angle: 90, Distance: 110.93607112686159 cm
2026-06-21 16:26:50,694 - mazeUtils.moveTile - [moveTile.py:529] - DEBUG - Direction: absDirection.EAST, Angle: 0, Distance: 50.36490679012838 cm
2026-06-21 16:26:50,695 - mazeUtils.moveTile - [moveTile.py:553] - DEBUG - Front LiDAR distance: 50.36490679012838 cm, TSD10 distance: 38.7 cm
2026-06-21 16:26:50,697 - mazeUtils.moveTile - [moveTile.py:529] - DEBUG - Direction: absDirection.SOUTH, Angle: 270, Distance: 13.743476780113673 cm
2026-06-21 16:26:50,699 - mazeUtils.moveTile - [moveTile.py:529] - DEBUG - Direction: absDirection.WEST, Angle: 180, Distance: 106.65702442685429 cm
2026-06-21 16:26:50,702 - mazeUtils.moveTile - [moveTile.py:1774] - INFO - Tile color detection counts: {}, decided tile type: E
2026-06-21 16:26:50,775 - __main__ - [main.py:92] - INFO - Current position: (22, 19, 0), front direction: absDirection.EAST
Layer 0 (altitude=0.0cm, offset=(0.0cm, 0.0cm)):
Known map area: x=20..22, y=19..20
+---+   +   +
| E   E   @  
+   +---+---+
  S   U   U  
+---+   +   +
mazeAsGraph[0][19][20] = {absDirection.NORTH: None, absDirection.EAST: (21, 19, 0, 30), absDirection.SOUTH: (20, 20, 0, 30), absDirection.WEST: None}
mazeAsGraph[0][19][21] = {absDirection.NORTH: (21, 18, 0, 30), absDirection.EAST: (22, 19, 0, 30), absDirection.SOUTH: None, absDirection.WEST: (20, 19, 0, 30)}
mazeAsGraph[0][19][22] = {absDirection.NORTH: (22, 18, 0, 30), absDirection.EAST: (23, 19, 0, 30), absDirection.SOUTH: None, absDirection.WEST: (21, 19, 0, 30)}
mazeAsGraph[0][20][20] = {absDirection.NORTH: (20, 19, 0, 30), absDirection.EAST: (21, 20, 0, 30), absDirection.SOUTH: None, absDirection.WEST: (19, 20, 0, 30)}
2026-06-21 16:26:50,784 - mazeUtils.mazeMap - [mazeMap.py:61] - INFO - next goal: (23, 19, 0)
2026-06-21 16:26:50,790 - mazeUtils.moveTile - [moveTile.py:79] - DEBUG - Moving to absDirection.EAST from (22, 19, 0) facing absDirection.EAST
2026-06-21 16:26:50,817 - mazeUtils.moveTile - [moveTile.py:79] - DEBUG - current heading: 272.5 target: 270
2026-06-21 16:26:50,839 - mazeUtils.moveTile - [moveTile.py:404] - DEBUG - stopped turning at heading: 272.5, diff: 2.5
2026-06-21 16:26:50,920 - mazeUtils.moveTile - [moveTile.py:79] - DEBUG - Turned to heading: 271.79 deg
2026-06-21 16:26:51,103 - picamera2.picamera2 - [picamera2.py:1391] - DEBUG - Execute job: <picamera2.job.Job object at 0x7f8422b210>
2026-06-21 16:26:51,108 - mazeUtils.device.camera - [camera.py:39] - DEBUG - Average HSV: H=125.5, S=46.8, V=206.3
2026-06-21 16:26:51,145 - mazeUtils.moveTile - [moveTile.py:79] - DEBUG - roll: 1.6399999999999864 deg, practicalMoveTime: 0.05047327220041967 sec
2026-06-21 16:26:51,146 - mazeUtils.moveTile - [moveTile.py:1430] - DEBUG - moveTile loop time: 50.7 ms
2026-06-21 16:26:51,153 - picamera2.picamera2 - [picamera2.py:1391] - DEBUG - Execute job: <picamera2.job.Job object at 0x7f6cfb7b10>
2026-06-21 16:26:51,159 - mazeUtils.device.camera - [camera.py:39] - DEBUG - Average HSV: H=125.3, S=47.1, V=206.1
2026-06-21 16:26:51,194 - mazeUtils.moveTile - [moveTile.py:79] - DEBUG - roll: 1.849999999999966 deg, practicalMoveTime: 0.09870094228974947 sec
2026-06-21 16:26:51,195 - mazeUtils.moveTile - [moveTile.py:1430] - DEBUG - moveTile loop time: 48.7 ms
2026-06-21 16:26:51,201 - picamera2.picamera2 - [picamera2.py:1391] - DEBUG - Execute job: <picamera2.job.Job object at 0x7f8f58e850>
2026-06-21 16:26:51,208 - mazeUtils.device.camera - [camera.py:39] - DEBUG - Average HSV: H=124.8, S=51.0, V=202.0
2026-06-21 16:26:51,238 - mazeUtils.moveTile - [moveTile.py:79] - DEBUG - roll: 0.47999999999996135 deg, practicalMoveTime: 0.1416815354142451 sec
2026-06-21 16:26:51,239 - mazeUtils.moveTile - [moveTile.py:1430] - DEBUG - moveTile loop time: 43.1 ms
2026-06-21 16:26:51,246 - picamera2.picamera2 - [picamera2.py:1391] - DEBUG - Execute job: <picamera2.job.Job object at 0x7f8422b2d0>
2026-06-21 16:26:51,251 - mazeUtils.device.camera - [camera.py:39] - DEBUG - Average HSV: H=125.1, S=53.7, V=195.8
2026-06-21 16:26:51,292 - mazeUtils.moveTile - [moveTile.py:79] - DEBUG - roll: 1.8999999999999773 deg, practicalMoveTime: 0.19425943408285207 sec
2026-06-21 16:26:51,292 - mazeUtils.moveTile - [moveTile.py:1430] - DEBUG - moveTile loop time: 52.9 ms
2026-06-21 16:26:51,298 - picamera2.picamera2 - [picamera2.py:1391] - DEBUG - Execute job: <picamera2.job.Job object at 0x7fa592b910>
2026-06-21 16:26:51,302 - mazeUtils.device.camera - [camera.py:39] - DEBUG - Average HSV: H=124.6, S=58.2, V=190.2
2026-06-21 16:26:51,334 - mazeUtils.moveTile - [moveTile.py:79] - DEBUG - roll: 1.419999999999959 deg, practicalMoveTime: 0.23552178295495482 sec
2026-06-21 16:26:51,334 - mazeUtils.moveTile - [moveTile.py:1430] - DEBUG - moveTile loop time: 41.9 ms
2026-06-21 16:26:51,341 - picamera2.picamera2 - [picamera2.py:1391] - DEBUG - Execute job: <picamera2.job.Job object at 0x7f8422b2d0>
2026-06-21 16:26:51,345 - mazeUtils.device.camera - [camera.py:39] - DEBUG - Average HSV: H=124.2, S=56.6, V=200.1
2026-06-21 16:26:51,379 - mazeUtils.moveTile - [moveTile.py:79] - DEBUG - roll: 0.9199999999999591 deg, practicalMoveTime: 0.28047529390819653 sec
2026-06-21 16:26:51,380 - mazeUtils.moveTile - [moveTile.py:1430] - DEBUG - moveTile loop time: 45.2 ms
2026-06-21 16:26:51,392 - picamera2.picamera2 - [picamera2.py:1391] - DEBUG - Execute job: <picamera2.job.Job object at 0x7f92187fd0>
2026-06-21 16:26:51,396 - mazeUtils.device.camera - [camera.py:39] - DEBUG - Average HSV: H=124.6, S=56.3, V=197.0
2026-06-21 16:26:51,433 - mazeUtils.moveTile - [moveTile.py:79] - DEBUG - roll: 1.0499999999999545 deg, practicalMoveTime: 0.33374169489952965 sec
2026-06-21 16:26:51,434 - mazeUtils.moveTile - [moveTile.py:1430] - DEBUG - moveTile loop time: 53.6 ms
2026-06-21 16:26:51,440 - picamera2.picamera2 - [picamera2.py:1391] - DEBUG - Execute job: <picamera2.job.Job object at 0x7fa592b910>
2026-06-21 16:26:51,445 - mazeUtils.device.camera - [camera.py:39] - DEBUG - Average HSV: H=131.1, S=47.7, V=187.9
2026-06-21 16:26:51,482 - mazeUtils.moveTile - [moveTile.py:79] - DEBUG - roll: 1.079999999999984 deg, practicalMoveTime: 0.3814588940367836 sec
2026-06-21 16:26:51,483 - mazeUtils.moveTile - [moveTile.py:1430] - DEBUG - moveTile loop time: 48.4 ms
2026-06-21 16:26:51,494 - picamera2.picamera2 - [picamera2.py:1391] - DEBUG - Execute job: <picamera2.job.Job object at 0x7f8f58e850>
2026-06-21 16:26:51,499 - mazeUtils.device.camera - [camera.py:39] - DEBUG - Average HSV: H=160.9, S=40.3, V=163.1
2026-06-21 16:26:51,529 - mazeUtils.moveTile - [moveTile.py:79] - DEBUG - roll: 0.7699999999999818 deg, practicalMoveTime: 0.42758490872621296 sec
2026-06-21 16:26:51,530 - mazeUtils.moveTile - [moveTile.py:1430] - DEBUG - moveTile loop time: 46.6 ms
2026-06-21 16:26:51,537 - picamera2.picamera2 - [picamera2.py:1391] - DEBUG - Execute job: <picamera2.job.Job object at 0x7f8422b2d0>
2026-06-21 16:26:51,542 - mazeUtils.device.camera - [camera.py:39] - DEBUG - Average HSV: H=160.0, S=43.4, V=157.3
2026-06-21 16:26:51,577 - mazeUtils.moveTile - [moveTile.py:79] - DEBUG - roll: 2.3999999999999773 deg, practicalMoveTime: 0.47395380654948077 sec
2026-06-21 16:26:51,577 - mazeUtils.moveTile - [moveTile.py:1430] - DEBUG - moveTile loop time: 47.0 ms
2026-06-21 16:26:51,584 - picamera2.picamera2 - [picamera2.py:1391] - DEBUG - Execute job: <picamera2.job.Job object at 0x7f8422b2d0>
2026-06-21 16:26:51,589 - mazeUtils.device.camera - [camera.py:39] - DEBUG - Average HSV: H=161.6, S=43.3, V=157.0
2026-06-21 16:26:51,619 - mazeUtils.moveTile - [moveTile.py:79] - DEBUG - roll: 1.7999999999999545 deg, practicalMoveTime: 0.5155790221828455 sec
2026-06-21 16:26:51,620 - mazeUtils.moveTile - [moveTile.py:1430] - DEBUG - moveTile loop time: 41.9 ms
2026-06-21 16:26:51,628 - picamera2.picamera2 - [picamera2.py:1391] - DEBUG - Execute job: <picamera2.job.Job object at 0x7f6cfb5d50>
2026-06-21 16:26:51,633 - mazeUtils.device.camera - [camera.py:39] - DEBUG - Average HSV: H=159.1, S=45.7, V=152.3
2026-06-21 16:26:51,661 - mazeUtils.moveTile - [moveTile.py:79] - DEBUG - roll: 1.4300000000000068 deg, practicalMoveTime: 0.5568545391891241 sec
2026-06-21 16:26:51,662 - mazeUtils.moveTile - [moveTile.py:1430] - DEBUG - moveTile loop time: 41.7 ms
2026-06-21 16:26:51,668 - picamera2.picamera2 - [picamera2.py:1391] - DEBUG - Execute job: <picamera2.job.Job object at 0x7f8422b2d0>
2026-06-21 16:26:51,672 - mazeUtils.device.camera - [camera.py:39] - DEBUG - Average HSV: H=156.7, S=45.0, V=149.9
2026-06-21 16:26:51,704 - mazeUtils.moveTile - [moveTile.py:79] - DEBUG - roll: 2.0600000000000023 deg, practicalMoveTime: 0.5982091548570492 sec
2026-06-21 16:26:51,705 - mazeUtils.moveTile - [moveTile.py:1430] - DEBUG - moveTile loop time: 42.7 ms
2026-06-21 16:26:51,712 - picamera2.picamera2 - [picamera2.py:1391] - DEBUG - Execute job: <picamera2.job.Job object at 0x7f6cfb5d50>
2026-06-21 16:26:51,716 - mazeUtils.device.camera - [camera.py:39] - DEBUG - Average HSV: H=156.8, S=46.5, V=146.5
2026-06-21 16:26:51,745 - mazeUtils.moveTile - [moveTile.py:79] - DEBUG - roll: 1.6399999999999864 deg, practicalMoveTime: 0.6383788605009146 sec
2026-06-21 16:26:51,746 - mazeUtils.moveTile - [moveTile.py:1430] - DEBUG - moveTile loop time: 40.3 ms
2026-06-21 16:26:51,754 - picamera2.picamera2 - [picamera2.py:1391] - DEBUG - Execute job: <picamera2.job.Job object at 0x7f92187fd0>
2026-06-21 16:26:51,758 - mazeUtils.device.camera - [camera.py:39] - DEBUG - Average HSV: H=154.3, S=47.0, V=145.5
2026-06-21 16:26:51,787 - mazeUtils.moveTile - [moveTile.py:79] - DEBUG - roll: 1.0199999999999818 deg, practicalMoveTime: 0.679455686402492 sec
2026-06-21 16:26:51,788 - mazeUtils.moveTile - [moveTile.py:1430] - DEBUG - moveTile loop time: 41.5 ms
2026-06-21 16:26:51,796 - picamera2.picamera2 - [picamera2.py:1391] - DEBUG - Execute job: <picamera2.job.Job object at 0x7f8f58e850>
2026-06-21 16:26:51,801 - mazeUtils.device.camera - [camera.py:39] - DEBUG - Average HSV: H=154.6, S=48.0, V=144.4
2026-06-21 16:26:51,837 - mazeUtils.moveTile - [moveTile.py:79] - DEBUG - roll: 1.9499999999999886 deg, practicalMoveTime: 0.7285510029686268 sec
2026-06-21 16:26:51,838 - mazeUtils.moveTile - [moveTile.py:1430] - DEBUG - moveTile loop time: 49.7 ms
2026-06-21 16:26:51,848 - picamera2.picamera2 - [picamera2.py:1391] - DEBUG - Execute job: <picamera2.job.Job object at 0x7f8422b2d0>
2026-06-21 16:26:51,853 - mazeUtils.device.camera - [camera.py:39] - DEBUG - Average HSV: H=150.6, S=48.3, V=141.4
2026-06-21 16:26:51,882 - mazeUtils.moveTile - [moveTile.py:79] - DEBUG - roll: 1.849999999999966 deg, practicalMoveTime: 0.7725472810328946 sec
2026-06-21 16:26:51,883 - mazeUtils.moveTile - [moveTile.py:1430] - DEBUG - moveTile loop time: 44.3 ms
2026-06-21 16:26:51,891 - picamera2.picamera2 - [picamera2.py:1391] - DEBUG - Execute job: <picamera2.job.Job object at 0x7fa592b910>
2026-06-21 16:26:51,897 - mazeUtils.device.camera - [camera.py:39] - DEBUG - Average HSV: H=146.6, S=50.3, V=144.3
2026-06-21 16:26:51,931 - mazeUtils.moveTile - [moveTile.py:79] - DEBUG - roll: 1.1599999999999682 deg, practicalMoveTime: 0.8197390026326852 sec
2026-06-21 16:26:51,931 - mazeUtils.moveTile - [moveTile.py:1430] - DEBUG - moveTile loop time: 47.7 ms
2026-06-21 16:26:51,937 - picamera2.picamera2 - [picamera2.py:1391] - DEBUG - Execute job: <picamera2.job.Job object at 0x7f92187fd0>
2026-06-21 16:26:51,944 - mazeUtils.device.camera - [camera.py:39] - DEBUG - Average HSV: H=149.3, S=50.9, V=144.2
2026-06-21 16:26:51,972 - mazeUtils.moveTile - [moveTile.py:1375] - INFO - practicalVerticalMove: 0.7892500235990421 CM
2026-06-21 16:26:52,020 - mazeUtils.moveTile - [moveTile.py:79] - DEBUG - Little forward to adjust position
2026-06-21 16:26:52,594 - mazeUtils.moveTile - [moveTile.py:1645] - INFO - Set moved vertical distance: 0.7892500235990421 cm, past distances: [(0.8905246292478108, False), (0.8855749175776503, False), (0.23132713207048233, False)]
2026-06-21 16:26:52,691 - mazeUtils.moveTile - [moveTile.py:529] - DEBUG - Direction: absDirection.NORTH, Angle: 90, Distance: 20.945500514436343 cm
2026-06-21 16:26:52,692 - mazeUtils.moveTile - [moveTile.py:529] - DEBUG - Direction: absDirection.EAST, Angle: 0, Distance: 12.676777654945273 cm
2026-06-21 16:26:52,692 - mazeUtils.moveTile - [moveTile.py:553] - DEBUG - Front LiDAR distance: 12.676777654945273 cm, TSD10 distance: 1.6 cm
2026-06-21 16:26:52,693 - mazeUtils.moveTile - [moveTile.py:529] - DEBUG - Direction: absDirection.SOUTH, Angle: 270, Distance: 47.21456358778589 cm
2026-06-21 16:26:52,694 - mazeUtils.moveTile - [moveTile.py:529] - DEBUG - Direction: absDirection.WEST, Angle: 180, Distance: 114.68446410713096 cm
2026-06-21 16:26:52,696 - mazeUtils.moveTile - [moveTile.py:1774] - INFO - Tile color detection counts: {}, decided tile type: E
2026-06-21 16:26:52,754 - __main__ - [main.py:92] - INFO - Current position: (23, 19, 0), front direction: absDirection.EAST
Layer 0 (altitude=0.0cm, offset=(0.0cm, 0.0cm)):
Known map area: x=20..23, y=19..20
+---+   +   +---+
| E   E   E   @ |
+   +---+---+   +
  S   U   U   U  
+---+   +   +   +
mazeAsGraph[0][19][20] = {absDirection.NORTH: None, absDirection.EAST: (21, 19, 0, 30), absDirection.SOUTH: (20, 20, 0, 30), absDirection.WEST: None}
mazeAsGraph[0][19][21] = {absDirection.NORTH: (21, 18, 0, 30), absDirection.EAST: (22, 19, 0, 30), absDirection.SOUTH: None, absDirection.WEST: (20, 19, 0, 30)}
mazeAsGraph[0][19][22] = {absDirection.NORTH: (22, 18, 0, 30), absDirection.EAST: (23, 19, 0, 30), absDirection.SOUTH: None, absDirection.WEST: (21, 19, 0, 30)}
mazeAsGraph[0][19][23] = {absDirection.NORTH: None, absDirection.EAST: None, absDirection.SOUTH: (23, 20, 0, 30), absDirection.WEST: (22, 19, 0, 30)}
mazeAsGraph[0][20][20] = {absDirection.NORTH: (20, 19, 0, 30), absDirection.EAST: (21, 20, 0, 30), absDirection.SOUTH: None, absDirection.WEST: (19, 20, 0, 30)}
2026-06-21 16:26:52,762 - mazeUtils.mazeMap - [mazeMap.py:61] - INFO - next goal: (23, 20, 0)
2026-06-21 16:26:52,775 - mazeUtils.moveTile - [moveTile.py:79] - DEBUG - Moving to absDirection.SOUTH from (23, 19, 0) facing absDirection.EAST
2026-06-21 16:26:52,805 - mazeUtils.moveTile - [moveTile.py:79] - DEBUG - current heading: 272.98 target: 180
2026-06-21 16:26:53,697 - mazeUtils.moveTile - [moveTile.py:404] - DEBUG - stopped turning at heading: 185.68000000000004, diff: 5.680000000000035
2026-06-21 16:26:53,752 - mazeUtils.moveTile - [moveTile.py:79] - DEBUG - Turned to heading: 181.57000000000002 deg
2026-06-21 16:26:53,798 - mazeUtils.moveTile - [moveTile.py:79] - DEBUG - Little backward to adjust position
2026-06-21 16:26:54,385 - picamera2.picamera2 - [picamera2.py:1391] - DEBUG - Execute job: <picamera2.job.Job object at 0x7f6cfb5850>
2026-06-21 16:26:54,390 - mazeUtils.device.camera - [camera.py:39] - DEBUG - Average HSV: H=145.3, S=49.9, V=144.8
2026-06-21 16:26:54,420 - mazeUtils.moveTile - [moveTile.py:79] - DEBUG - roll: 3.6499999999999773 deg, practicalMoveTime: 0.038565212078467206 sec
2026-06-21 16:26:54,420 - mazeUtils.moveTile - [moveTile.py:1430] - DEBUG - moveTile loop time: 38.7 ms
2026-06-21 16:26:54,425 - picamera2.picamera2 - [picamera2.py:1391] - DEBUG - Execute job: <picamera2.job.Job object at 0x7f6cfb5890>
2026-06-21 16:26:54,429 - mazeUtils.device.camera - [camera.py:39] - DEBUG - Average HSV: H=151.8, S=50.0, V=142.6
2026-06-21 16:26:54,462 - mazeUtils.moveTile - [moveTile.py:79] - DEBUG - roll: 4.1299999999999955 deg, practicalMoveTime: 0.08049377439173207 sec
2026-06-21 16:26:54,463 - mazeUtils.moveTile - [moveTile.py:1430] - DEBUG - moveTile loop time: 42.3 ms
2026-06-21 16:26:54,468 - picamera2.picamera2 - [picamera2.py:1391] - DEBUG - Execute job: <picamera2.job.Job object at 0x7f6cfb59d0>
2026-06-21 16:26:54,472 - mazeUtils.device.camera - [camera.py:39] - DEBUG - Average HSV: H=155.6, S=50.3, V=143.5
2026-06-21 16:26:54,505 - mazeUtils.moveTile - [moveTile.py:79] - DEBUG - roll: 3.430000000000007 deg, practicalMoveTime: 0.12288838760799284 sec
2026-06-21 16:26:54,506 - mazeUtils.moveTile - [moveTile.py:1430] - DEBUG - moveTile loop time: 42.5 ms
2026-06-21 16:26:54,511 - picamera2.picamera2 - [picamera2.py:1391] - DEBUG - Execute job: <picamera2.job.Job object at 0x7f6cfb54d0>
2026-06-21 16:26:54,514 - mazeUtils.device.camera - [camera.py:39] - DEBUG - Average HSV: H=161.9, S=49.7, V=145.4
2026-06-21 16:26:54,547 - mazeUtils.moveTile - [moveTile.py:79] - DEBUG - roll: 3.240000000000009 deg, practicalMoveTime: 0.16386273100953413 sec
2026-06-21 16:26:54,547 - mazeUtils.moveTile - [moveTile.py:1430] - DEBUG - moveTile loop time: 41.2 ms
2026-06-21 16:26:54,553 - picamera2.picamera2 - [picamera2.py:1391] - DEBUG - Execute job: <picamera2.job.Job object at 0x7f6cfb5990>
2026-06-21 16:26:54,555 - mazeUtils.device.camera - [camera.py:39] - DEBUG - Average HSV: H=165.3, S=48.6, V=145.6
2026-06-21 16:26:54,586 - mazeUtils.moveTile - [moveTile.py:79] - DEBUG - roll: 1.8999999999999773 deg, practicalMoveTime: 0.20252821396917972 sec
2026-06-21 16:26:54,586 - mazeUtils.moveTile - [moveTile.py:1430] - DEBUG - moveTile loop time: 38.9 ms
2026-06-21 16:26:54,593 - picamera2.picamera2 - [picamera2.py:1391] - DEBUG - Execute job: <picamera2.job.Job object at 0x7f6cfb5910>
2026-06-21 16:26:54,596 - mazeUtils.device.camera - [camera.py:39] - DEBUG - Average HSV: H=167.1, S=48.5, V=142.6
2026-06-21 16:26:54,629 - mazeUtils.moveTile - [moveTile.py:79] - DEBUG - roll: 0.6200000000000045 deg, practicalMoveTime: 0.24492156197930653 sec
2026-06-21 16:26:54,629 - mazeUtils.moveTile - [moveTile.py:1430] - DEBUG - moveTile loop time: 42.7 ms
2026-06-21 16:26:54,634 - picamera2.picamera2 - [picamera2.py:1391] - DEBUG - Execute job: <picamera2.job.Job object at 0x7f6cfb5990>
2026-06-21 16:26:54,638 - mazeUtils.device.camera - [camera.py:39] - DEBUG - Average HSV: H=163.1, S=47.3, V=143.2
2026-06-21 16:26:54,665 - mazeUtils.moveTile - [moveTile.py:79] - DEBUG - roll: 0.8799999999999955 deg, practicalMoveTime: 0.2801301639949029 sec
2026-06-21 16:26:54,665 - mazeUtils.moveTile - [moveTile.py:1430] - DEBUG - moveTile loop time: 35.5 ms
2026-06-21 16:26:54,670 - picamera2.picamera2 - [picamera2.py:1391] - DEBUG - Execute job: <picamera2.job.Job object at 0x7f6cfb5990>
2026-06-21 16:26:54,673 - mazeUtils.device.camera - [camera.py:39] - DEBUG - Average HSV: H=161.6, S=46.8, V=143.8
2026-06-21 16:26:54,702 - mazeUtils.moveTile - [moveTile.py:79] - DEBUG - roll: 1.4799999999999613 deg, practicalMoveTime: 0.3168701274785135 sec
2026-06-21 16:26:54,702 - mazeUtils.moveTile - [moveTile.py:1430] - DEBUG - moveTile loop time: 37.0 ms
2026-06-21 16:26:54,709 - picamera2.picamera2 - [picamera2.py:1391] - DEBUG - Execute job: <picamera2.job.Job object at 0x7f6cfb5750>
2026-06-21 16:26:54,712 - mazeUtils.device.camera - [camera.py:39] - DEBUG - Average HSV: H=161.3, S=48.4, V=141.4
2026-06-21 16:26:54,741 - mazeUtils.moveTile - [moveTile.py:79] - DEBUG - roll: 1.4699999999999704 deg, practicalMoveTime: 0.35573410483279555 sec
2026-06-21 16:26:54,742 - mazeUtils.moveTile - [moveTile.py:1430] - DEBUG - moveTile loop time: 39.1 ms
2026-06-21 16:26:54,749 - picamera2.picamera2 - [picamera2.py:1391] - DEBUG - Execute job: <picamera2.job.Job object at 0x7f6cfb5890>
2026-06-21 16:26:54,752 - mazeUtils.device.camera - [camera.py:39] - DEBUG - Average HSV: H=160.1, S=46.9, V=144.9
2026-06-21 16:26:54,780 - mazeUtils.moveTile - [moveTile.py:79] - DEBUG - roll: 359.57 deg, practicalMoveTime: 0.39423857464828965 sec
2026-06-21 16:26:54,781 - mazeUtils.moveTile - [moveTile.py:1430] - DEBUG - moveTile loop time: 38.8 ms
2026-06-21 16:26:54,786 - picamera2.picamera2 - [picamera2.py:1391] - DEBUG - Execute job: <picamera2.job.Job object at 0x7f6cfb5810>
2026-06-21 16:26:54,789 - mazeUtils.device.camera - [camera.py:39] - DEBUG - Average HSV: H=158.8, S=47.7, V=140.4
2026-06-21 16:26:54,818 - mazeUtils.moveTile - [moveTile.py:79] - DEBUG - roll: 359.24 deg, practicalMoveTime: 0.43185056477172856 sec
2026-06-21 16:26:54,819 - mazeUtils.moveTile - [moveTile.py:1430] - DEBUG - moveTile loop time: 37.8 ms
2026-06-21 16:26:54,824 - picamera2.picamera2 - [picamera2.py:1391] - DEBUG - Execute job: <picamera2.job.Job object at 0x7f6cfb5850>
2026-06-21 16:26:54,827 - mazeUtils.device.camera - [camera.py:39] - DEBUG - Average HSV: H=159.4, S=49.8, V=139.6
2026-06-21 16:26:54,857 - mazeUtils.moveTile - [moveTile.py:79] - DEBUG - roll: 0.7099999999999795 deg, practicalMoveTime: 0.4699047316826484 sec
2026-06-21 16:26:54,857 - mazeUtils.moveTile - [moveTile.py:1430] - DEBUG - moveTile loop time: 38.5 ms
2026-06-21 16:26:54,863 - picamera2.picamera2 - [picamera2.py:1391] - DEBUG - Execute job: <picamera2.job.Job object at 0x7f6cfb54d0>
2026-06-21 16:26:54,867 - mazeUtils.device.camera - [camera.py:39] - DEBUG - Average HSV: H=157.3, S=50.2, V=135.4
2026-06-21 16:26:54,894 - mazeUtils.moveTile - [moveTile.py:79] - DEBUG - roll: 359.15999999999997 deg, practicalMoveTime: 0.5065304720163257 sec
2026-06-21 16:26:54,895 - mazeUtils.moveTile - [moveTile.py:1430] - DEBUG - moveTile loop time: 36.9 ms
2026-06-21 16:26:54,900 - picamera2.picamera2 - [picamera2.py:1391] - DEBUG - Execute job: <picamera2.job.Job object at 0x7f6cfb5750>
2026-06-21 16:26:54,903 - mazeUtils.device.camera - [camera.py:39] - DEBUG - Average HSV: H=156.7, S=46.5, V=142.0
2026-06-21 16:26:54,934 - mazeUtils.moveTile - [moveTile.py:79] - DEBUG - roll: 359.84 deg, practicalMoveTime: 0.5457551821270131 sec
2026-06-21 16:26:54,934 - mazeUtils.moveTile - [moveTile.py:1430] - DEBUG - moveTile loop time: 39.5 ms
2026-06-21 16:26:54,940 - picamera2.picamera2 - [picamera2.py:1391] - DEBUG - Execute job: <picamera2.job.Job object at 0x7f6cfb5790>
2026-06-21 16:26:54,943 - mazeUtils.device.camera - [camera.py:39] - DEBUG - Average HSV: H=153.1, S=47.1, V=138.1
2026-06-21 16:26:54,970 - mazeUtils.moveTile - [moveTile.py:79] - DEBUG - roll: 0.5600000000000023 deg, practicalMoveTime: 0.5814919432981661 sec
2026-06-21 16:26:54,970 - mazeUtils.moveTile - [moveTile.py:1430] - DEBUG - moveTile loop time: 35.9 ms
2026-06-21 16:26:54,977 - picamera2.picamera2 - [picamera2.py:1391] - DEBUG - Execute job: <picamera2.job.Job object at 0x7f6cfb58d0>
2026-06-21 16:26:54,980 - mazeUtils.device.camera - [camera.py:39] - DEBUG - Average HSV: H=151.0, S=46.1, V=138.7
2026-06-21 16:26:55,015 - mazeUtils.moveTile - [moveTile.py:79] - DEBUG - roll: 1.5 deg, practicalMoveTime: 0.6257191645883764 sec
2026-06-21 16:26:55,015 - mazeUtils.moveTile - [moveTile.py:1430] - DEBUG - moveTile loop time: 44.6 ms
2026-06-21 16:26:55,019 - picamera2.picamera2 - [picamera2.py:1391] - DEBUG - Execute job: <picamera2.job.Job object at 0x7f6cfb58d0>
2026-06-21 16:26:55,023 - mazeUtils.device.camera - [camera.py:39] - DEBUG - Average HSV: H=148.1, S=47.7, V=140.0
2026-06-21 16:26:55,050 - mazeUtils.moveTile - [moveTile.py:79] - DEBUG - roll: 1.2899999999999636 deg, practicalMoveTime: 0.6603564179227667 sec
2026-06-21 16:26:55,050 - mazeUtils.moveTile - [moveTile.py:1430] - DEBUG - moveTile loop time: 34.8 ms
2026-06-21 16:26:55,056 - picamera2.picamera2 - [picamera2.py:1391] - DEBUG - Execute job: <picamera2.job.Job object at 0x7f6cfb5910>
2026-06-21 16:26:55,060 - mazeUtils.device.camera - [camera.py:39] - DEBUG - Average HSV: H=147.4, S=48.2, V=144.9
2026-06-21 16:26:55,092 - mazeUtils.moveTile - [moveTile.py:79] - DEBUG - roll: 2.2899999999999636 deg, practicalMoveTime: 0.7013106998162968 sec
2026-06-21 16:26:55,092 - mazeUtils.moveTile - [moveTile.py:1430] - DEBUG - moveTile loop time: 41.3 ms
2026-06-21 16:26:55,098 - picamera2.picamera2 - [picamera2.py:1391] - DEBUG - Execute job: <picamera2.job.Job object at 0x7f6cfb5610>
2026-06-21 16:26:55,102 - mazeUtils.device.camera - [camera.py:39] - DEBUG - Average HSV: H=143.5, S=52.4, V=145.2
2026-06-21 16:26:55,129 - mazeUtils.moveTile - [moveTile.py:79] - DEBUG - roll: 2.8999999999999773 deg, practicalMoveTime: 0.7378165565229111 sec
2026-06-21 16:26:55,129 - mazeUtils.moveTile - [moveTile.py:1430] - DEBUG - moveTile loop time: 36.8 ms
2026-06-21 16:26:55,135 - picamera2.picamera2 - [picamera2.py:1391] - DEBUG - Execute job: <picamera2.job.Job object at 0x7f6cfb54d0>
2026-06-21 16:26:55,139 - mazeUtils.device.camera - [camera.py:39] - DEBUG - Average HSV: H=140.9, S=55.7, V=149.2
2026-06-21 16:26:55,173 - mazeUtils.moveTile - [moveTile.py:79] - DEBUG - roll: 1.1099999999999568 deg, practicalMoveTime: 0.7816682846884134 sec
2026-06-21 16:26:55,173 - mazeUtils.moveTile - [moveTile.py:1430] - DEBUG - moveTile loop time: 44.1 ms
2026-06-21 16:26:55,180 - picamera2.picamera2 - [picamera2.py:1391] - DEBUG - Execute job: <picamera2.job.Job object at 0x7f6cfb58d0>
2026-06-21 16:26:55,183 - mazeUtils.device.camera - [camera.py:39] - DEBUG - Average HSV: H=137.7, S=60.9, V=154.4
2026-06-21 16:26:55,210 - mazeUtils.moveTile - [moveTile.py:79] - DEBUG - roll: 3.1899999999999977 deg, practicalMoveTime: 0.818265484530783 sec
2026-06-21 16:26:55,210 - mazeUtils.moveTile - [moveTile.py:1430] - DEBUG - moveTile loop time: 36.9 ms
2026-06-21 16:26:55,216 - picamera2.picamera2 - [picamera2.py:1391] - DEBUG - Execute job: <picamera2.job.Job object at 0x7f6cfb5910>
2026-06-21 16:26:55,220 - mazeUtils.device.camera - [camera.py:39] - DEBUG - Average HSV: H=134.6, S=66.2, V=161.4
2026-06-21 16:26:55,253 - mazeUtils.moveTile - [moveTile.py:1375] - INFO - practicalVerticalMove: 0.8354204023125297 CM
2026-06-21 16:26:55,297 - mazeUtils.moveTile - [moveTile.py:79] - DEBUG - Little forward to adjust position
2026-06-21 16:26:55,779 - mazeUtils.moveTile - [moveTile.py:1645] - INFO - Set moved vertical distance: 0.8354204023125297 cm, past distances: [(0.7892500235990421, False), (0.8905246292478108, False), (0.8855749175776503, False)]
2026-06-21 16:26:55,890 - mazeUtils.moveTile - [moveTile.py:529] - DEBUG - Direction: absDirection.NORTH, Angle: 180, Distance: 73.47619226342009 cm
2026-06-21 16:26:55,891 - mazeUtils.moveTile - [moveTile.py:529] - DEBUG - Direction: absDirection.EAST, Angle: 90, Distance: 17.08994955418465 cm
2026-06-21 16:26:55,892 - mazeUtils.moveTile - [moveTile.py:529] - DEBUG - Direction: absDirection.SOUTH, Angle: 0, Distance: 13.383793666260992 cm
2026-06-21 16:26:55,893 - mazeUtils.moveTile - [moveTile.py:553] - DEBUG - Front LiDAR distance: 13.383793666260992 cm, TSD10 distance: 1.6 cm
2026-06-21 16:26:55,894 - mazeUtils.moveTile - [moveTile.py:529] - DEBUG - Direction: absDirection.WEST, Angle: 270, Distance: 135.72078750633491 cm
2026-06-21 16:26:55,895 - mazeUtils.moveTile - [moveTile.py:1774] - INFO - Tile color detection counts: {}, decided tile type: E
2026-06-21 16:26:55,954 - __main__ - [main.py:92] - INFO - Current position: (23, 20, 0), front direction: absDirection.SOUTH
Layer 0 (altitude=0.0cm, offset=(0.0cm, 0.0cm)):
Known map area: x=20..23, y=19..20
+---+   +   +---+
| E   E   E   E |
+   +---+---+   +
  S   U   U   @ |
+---+   +   +---+
mazeAsGraph[0][19][20] = {absDirection.NORTH: None, absDirection.EAST: (21, 19, 0, 30), absDirection.SOUTH: (20, 20, 0, 30), absDirection.WEST: None}
mazeAsGraph[0][19][21] = {absDirection.NORTH: (21, 18, 0, 30), absDirection.EAST: (22, 19, 0, 30), absDirection.SOUTH: None, absDirection.WEST: (20, 19, 0, 30)}
mazeAsGraph[0][19][22] = {absDirection.NORTH: (22, 18, 0, 30), absDirection.EAST: (23, 19, 0, 30), absDirection.SOUTH: None, absDirection.WEST: (21, 19, 0, 30)}
mazeAsGraph[0][19][23] = {absDirection.NORTH: None, absDirection.EAST: None, absDirection.SOUTH: (23, 20, 0, 30), absDirection.WEST: (22, 19, 0, 30)}
mazeAsGraph[0][20][20] = {absDirection.NORTH: (20, 19, 0, 30), absDirection.EAST: (21, 20, 0, 30), absDirection.SOUTH: None, absDirection.WEST: (19, 20, 0, 30)}
mazeAsGraph[0][20][23] = {absDirection.NORTH: (23, 19, 0, 30), absDirection.EAST: None, absDirection.SOUTH: None, absDirection.WEST: (22, 20, 0, 30)}
2026-06-21 16:26:55,961 - mazeUtils.mazeMap - [mazeMap.py:61] - INFO - next goal: (22, 20, 0)
2026-06-21 16:26:55,966 - mazeUtils.moveTile - [moveTile.py:79] - DEBUG - Moving to absDirection.WEST from (23, 20, 0) facing absDirection.SOUTH
2026-06-21 16:26:55,991 - mazeUtils.moveTile - [moveTile.py:79] - DEBUG - current heading: 182.04999999999998 target: 90
2026-06-21 16:26:56,826 - mazeUtils.moveTile - [moveTile.py:404] - DEBUG - stopped turning at heading: 95.08000000000001, diff: 5.0800000000000125
2026-06-21 16:26:56,874 - mazeUtils.moveTile - [moveTile.py:79] - DEBUG - Turned to heading: 89.13000000000002 deg
2026-06-21 16:26:56,982 - mazeUtils.moveTile - [moveTile.py:79] - DEBUG - Little backward to adjust position
2026-06-21 16:26:57,293 - picamera2.picamera2 - [picamera2.py:1391] - DEBUG - Execute job: <picamera2.job.Job object at 0x7f8423e150>
2026-06-21 16:26:57,299 - mazeUtils.device.camera - [camera.py:39] - DEBUG - Average HSV: H=159.6, S=31.7, V=179.6
2026-06-21 16:26:57,333 - mazeUtils.moveTile - [moveTile.py:79] - DEBUG - roll: 1.8899999999999864 deg, practicalMoveTime: 0.05048316648492273 sec
2026-06-21 16:26:57,333 - mazeUtils.moveTile - [moveTile.py:1430] - DEBUG - moveTile loop time: 49.3 ms
2026-06-21 16:26:57,339 - picamera2.picamera2 - [picamera2.py:1391] - DEBUG - Execute job: <picamera2.job.Job object at 0x7f8423e150>
2026-06-21 16:26:57,346 - mazeUtils.device.camera - [camera.py:39] - DEBUG - Average HSV: H=160.5, S=32.0, V=179.8
2026-06-21 16:26:57,374 - mazeUtils.moveTile - [moveTile.py:79] - DEBUG - roll: 2.5600000000000023 deg, practicalMoveTime: 0.09044416092597177 sec
2026-06-21 16:26:57,374 - mazeUtils.moveTile - [moveTile.py:1430] - DEBUG - moveTile loop time: 40.3 ms
2026-06-21 16:26:57,380 - picamera2.picamera2 - [picamera2.py:1391] - DEBUG - Execute job: <picamera2.job.Job object at 0x7f6cfb5a50>
2026-06-21 16:26:57,386 - mazeUtils.device.camera - [camera.py:39] - DEBUG - Average HSV: H=160.3, S=32.0, V=181.4
2026-06-21 16:26:57,413 - mazeUtils.moveTile - [moveTile.py:79] - DEBUG - roll: 0.8799999999999955 deg, practicalMoveTime: 0.12865052295961993 sec
2026-06-21 16:26:57,414 - mazeUtils.moveTile - [moveTile.py:1430] - DEBUG - moveTile loop time: 39.5 ms
2026-06-21 16:26:57,421 - picamera2.picamera2 - [picamera2.py:1391] - DEBUG - Execute job: <picamera2.job.Job object at 0x7f84258890>
2026-06-21 16:26:57,427 - mazeUtils.device.camera - [camera.py:39] - DEBUG - Average HSV: H=160.8, S=34.1, V=180.2
2026-06-21 16:26:57,463 - mazeUtils.moveTile - [moveTile.py:79] - DEBUG - roll: 1.4099999999999682 deg, practicalMoveTime: 0.17715734985251805 sec
2026-06-21 16:26:57,464 - mazeUtils.moveTile - [moveTile.py:1430] - DEBUG - moveTile loop time: 48.6 ms
2026-06-21 16:26:57,468 - picamera2.picamera2 - [picamera2.py:1391] - DEBUG - Execute job: <picamera2.job.Job object at 0x7f8529d810>
2026-06-21 16:26:57,473 - mazeUtils.device.camera - [camera.py:39] - DEBUG - Average HSV: H=162.6, S=31.6, V=186.8
2026-06-21 16:26:57,502 - mazeUtils.moveTile - [moveTile.py:79] - DEBUG - roll: 0.8499999999999659 deg, practicalMoveTime: 0.21586940569255403 sec
2026-06-21 16:26:57,503 - mazeUtils.moveTile - [moveTile.py:1430] - DEBUG - moveTile loop time: 39.0 ms
2026-06-21 16:26:57,509 - picamera2.picamera2 - [picamera2.py:1391] - DEBUG - Execute job: <picamera2.job.Job object at 0x7f842583d0>
2026-06-21 16:26:57,514 - mazeUtils.device.camera - [camera.py:39] - DEBUG - Average HSV: H=163.0, S=32.1, V=186.1
2026-06-21 16:26:57,542 - mazeUtils.moveTile - [moveTile.py:79] - DEBUG - roll: 359.87 deg, practicalMoveTime: 0.2543364754854259 sec
2026-06-21 16:26:57,542 - mazeUtils.moveTile - [moveTile.py:1430] - DEBUG - moveTile loop time: 38.9 ms
2026-06-21 16:26:57,547 - picamera2.picamera2 - [picamera2.py:1391] - DEBUG - Execute job: <picamera2.job.Job object at 0x7f8423e0d0>
2026-06-21 16:26:57,553 - mazeUtils.device.camera - [camera.py:39] - DEBUG - Average HSV: H=162.3, S=31.9, V=187.5
2026-06-21 16:26:57,581 - mazeUtils.moveTile - [moveTile.py:79] - DEBUG - roll: 1.4399999999999977 deg, practicalMoveTime: 0.29335422444268633 sec
2026-06-21 16:26:57,582 - mazeUtils.moveTile - [moveTile.py:1430] - DEBUG - moveTile loop time: 39.3 ms
2026-06-21 16:26:57,589 - picamera2.picamera2 - [picamera2.py:1391] - DEBUG - Execute job: <picamera2.job.Job object at 0x7f8423e150>
2026-06-21 16:26:57,594 - mazeUtils.device.camera - [camera.py:39] - DEBUG - Average HSV: H=164.7, S=31.8, V=190.7
2026-06-21 16:26:57,623 - mazeUtils.moveTile - [moveTile.py:79] - DEBUG - roll: 0.9599999999999795 deg, practicalMoveTime: 0.33476839346083165 sec
2026-06-21 16:26:57,624 - mazeUtils.moveTile - [moveTile.py:1430] - DEBUG - moveTile loop time: 42.0 ms
2026-06-21 16:26:57,629 - picamera2.picamera2 - [picamera2.py:1391] - DEBUG - Execute job: <picamera2.job.Job object at 0x7f6cfb5a50>
2026-06-21 16:26:57,634 - mazeUtils.device.camera - [camera.py:39] - DEBUG - Average HSV: H=163.9, S=31.9, V=191.1
2026-06-21 16:26:57,666 - mazeUtils.moveTile - [moveTile.py:79] - DEBUG - roll: 1.6399999999999864 deg, practicalMoveTime: 0.37657584045124476 sec
2026-06-21 16:26:57,667 - mazeUtils.moveTile - [moveTile.py:1430] - DEBUG - moveTile loop time: 42.1 ms
2026-06-21 16:26:57,672 - picamera2.picamera2 - [picamera2.py:1391] - DEBUG - Execute job: <picamera2.job.Job object at 0x7f6e47db90>
2026-06-21 16:26:57,677 - mazeUtils.device.camera - [camera.py:39] - DEBUG - Average HSV: H=163.6, S=32.8, V=189.1
2026-06-21 16:26:57,706 - mazeUtils.moveTile - [moveTile.py:79] - DEBUG - roll: 4.339999999999975 deg, practicalMoveTime: 0.4155753039041385 sec
2026-06-21 16:26:57,707 - mazeUtils.moveTile - [moveTile.py:1430] - DEBUG - moveTile loop time: 39.9 ms
2026-06-21 16:26:57,715 - picamera2.picamera2 - [picamera2.py:1391] - DEBUG - Execute job: <picamera2.job.Job object at 0x7f8529d4d0>
2026-06-21 16:26:57,719 - mazeUtils.device.camera - [camera.py:39] - DEBUG - Average HSV: H=163.7, S=31.8, V=191.4
2026-06-21 16:26:57,747 - mazeUtils.moveTile - [moveTile.py:79] - DEBUG - roll: 7.149999999999977 deg, practicalMoveTime: 0.4468977769508912 sec
2026-06-21 16:26:57,748 - mazeUtils.moveTile - [moveTile.py:1430] - DEBUG - moveTile loop time: 39.7 ms
2026-06-21 16:26:57,755 - picamera2.picamera2 - [picamera2.py:1391] - DEBUG - Execute job: <picamera2.job.Job object at 0x7f8529d810>
2026-06-21 16:26:57,759 - mazeUtils.device.camera - [camera.py:39] - DEBUG - Average HSV: H=166.0, S=32.3, V=193.6
2026-06-21 16:26:57,787 - mazeUtils.moveTile - [moveTile.py:79] - DEBUG - roll: 9.979999999999961 deg, practicalMoveTime: 0.47807202376365776 sec
2026-06-21 16:26:57,789 - mazeUtils.moveTile - [moveTile.py:1430] - DEBUG - moveTile loop time: 40.2 ms
2026-06-21 16:26:57,795 - picamera2.picamera2 - [picamera2.py:1391] - DEBUG - Execute job: <picamera2.job.Job object at 0x7f8529d850>
2026-06-21 16:26:57,799 - mazeUtils.device.camera - [camera.py:39] - DEBUG - Average HSV: H=165.6, S=31.7, V=196.9
2026-06-21 16:26:57,825 - mazeUtils.moveTile - [moveTile.py:79] - DEBUG - roll: 6.7099999999999795 deg, practicalMoveTime: 0.5067887980771332 sec
2026-06-21 16:26:57,826 - mazeUtils.moveTile - [moveTile.py:1430] - DEBUG - moveTile loop time: 36.0 ms
2026-06-21 16:26:57,832 - picamera2.picamera2 - [picamera2.py:1391] - DEBUG - Execute job: <picamera2.job.Job object at 0x7f8422b2d0>
2026-06-21 16:26:57,837 - mazeUtils.device.camera - [camera.py:39] - DEBUG - Average HSV: H=163.4, S=31.8, V=195.8
2026-06-21 16:26:57,871 - mazeUtils.moveTile - [moveTile.py:79] - DEBUG - roll: 7.649999999999977 deg, practicalMoveTime: 0.5423937797506855 sec
2026-06-21 16:26:57,872 - mazeUtils.moveTile - [moveTile.py:1430] - DEBUG - moveTile loop time: 45.8 ms
2026-06-21 16:26:57,877 - picamera2.picamera2 - [picamera2.py:1391] - DEBUG - Execute job: <picamera2.job.Job object at 0x7f8422b2d0>
2026-06-21 16:26:57,882 - mazeUtils.device.camera - [camera.py:39] - DEBUG - Average HSV: H=162.0, S=28.7, V=200.5
2026-06-21 16:26:57,911 - mazeUtils.moveTile - [moveTile.py:79] - DEBUG - roll: 0.6399999999999864 deg, practicalMoveTime: 0.582062249092741 sec
2026-06-21 16:26:57,912 - mazeUtils.moveTile - [moveTile.py:1430] - DEBUG - moveTile loop time: 40.0 ms
2026-06-21 16:26:57,917 - picamera2.picamera2 - [picamera2.py:1391] - DEBUG - Execute job: <picamera2.job.Job object at 0x7f6cfb5a50>
2026-06-21 16:26:57,922 - mazeUtils.device.camera - [camera.py:39] - DEBUG - Average HSV: H=163.8, S=29.7, V=198.4
2026-06-21 16:26:57,956 - mazeUtils.moveTile - [moveTile.py:79] - DEBUG - roll: 1.240000000000009 deg, practicalMoveTime: 0.6251827849440051 sec
2026-06-21 16:26:57,956 - mazeUtils.moveTile - [moveTile.py:1430] - DEBUG - moveTile loop time: 43.7 ms
2026-06-21 16:26:57,963 - picamera2.picamera2 - [picamera2.py:1391] - DEBUG - Execute job: <picamera2.job.Job object at 0x7f6cfb5910>
2026-06-21 16:26:57,968 - mazeUtils.device.camera - [camera.py:39] - DEBUG - Average HSV: H=164.6, S=28.7, V=205.2
2026-06-21 16:26:57,998 - mazeUtils.moveTile - [moveTile.py:79] - DEBUG - roll: 3.769999999999982 deg, practicalMoveTime: 0.6665956885743165 sec
2026-06-21 16:26:57,999 - mazeUtils.moveTile - [moveTile.py:1430] - DEBUG - moveTile loop time: 41.7 ms
2026-06-21 16:26:58,008 - picamera2.picamera2 - [picamera2.py:1391] - DEBUG - Execute job: <picamera2.job.Job object at 0x7f8529d4d0>
2026-06-21 16:26:58,013 - mazeUtils.device.camera - [camera.py:39] - DEBUG - Average HSV: H=163.7, S=29.4, V=204.2
2026-06-21 16:26:58,051 - mazeUtils.moveTile - [moveTile.py:79] - DEBUG - roll: 1.1499999999999773 deg, practicalMoveTime: 0.7185616617380242 sec
2026-06-21 16:26:58,052 - mazeUtils.moveTile - [moveTile.py:1430] - DEBUG - moveTile loop time: 52.1 ms
2026-06-21 16:26:58,057 - picamera2.picamera2 - [picamera2.py:1391] - DEBUG - Execute job: <picamera2.job.Job object at 0x7f8423e0d0>
2026-06-21 16:26:58,062 - mazeUtils.device.camera - [camera.py:39] - DEBUG - Average HSV: H=163.8, S=29.5, V=205.2
2026-06-21 16:26:58,095 - mazeUtils.moveTile - [moveTile.py:79] - DEBUG - roll: 0.060000000000002274 deg, practicalMoveTime: 0.7614524253451544 sec
2026-06-21 16:26:58,095 - mazeUtils.moveTile - [moveTile.py:1430] - DEBUG - moveTile loop time: 43.2 ms
2026-06-21 16:26:58,101 - picamera2.picamera2 - [picamera2.py:1391] - DEBUG - Execute job: <picamera2.job.Job object at 0x7f8423e0d0>
2026-06-21 16:26:58,105 - mazeUtils.device.camera - [camera.py:39] - DEBUG - Average HSV: H=164.0, S=29.0, V=204.4
2026-06-21 16:26:58,135 - mazeUtils.moveTile - [moveTile.py:79] - DEBUG - roll: 2.7299999999999613 deg, practicalMoveTime: 0.8007763742864001 sec
2026-06-21 16:26:58,136 - mazeUtils.moveTile - [moveTile.py:1430] - DEBUG - moveTile loop time: 40.3 ms
2026-06-21 16:26:58,141 - picamera2.picamera2 - [picamera2.py:1391] - DEBUG - Execute job: <picamera2.job.Job object at 0x7f8423e150>
2026-06-21 16:26:58,145 - mazeUtils.device.camera - [camera.py:39] - DEBUG - Average HSV: H=163.0, S=27.6, V=207.1
2026-06-21 16:26:58,176 - mazeUtils.moveTile - [moveTile.py:1375] - INFO - practicalVerticalMove: 1.3573577005227426 CM
2026-06-21 16:26:58,224 - mazeUtils.moveTile - [moveTile.py:1645] - INFO - Set moved vertical distance: 1.3573577005227426 cm, past distances: [(0.8354204023125297, False), (0.7892500235990421, False), (0.8905246292478108, False)]
2026-06-21 16:26:58,306 - mazeUtils.moveTile - [moveTile.py:529] - DEBUG - Direction: absDirection.NORTH, Angle: 270, Distance: 20.062050782067764 cm
2026-06-21 16:26:58,308 - mazeUtils.moveTile - [moveTile.py:529] - DEBUG - Direction: absDirection.EAST, Angle: 180, Distance: 45.3956169791079 cm
2026-06-21 16:26:58,310 - mazeUtils.moveTile - [moveTile.py:529] - DEBUG - Direction: absDirection.SOUTH, Angle: 90, Distance: 12.782779290266024 cm
2026-06-21 16:26:58,312 - mazeUtils.moveTile - [moveTile.py:529] - DEBUG - Direction: absDirection.WEST, Angle: 0, Distance: 188.92979062949718 cm
2026-06-21 16:26:58,314 - mazeUtils.moveTile - [moveTile.py:553] - DEBUG - Front LiDAR distance: 188.92979062949718 cm, TSD10 distance: 101.4 cm
2026-06-21 16:26:58,316 - mazeUtils.moveTile - [moveTile.py:1774] - INFO - Tile color detection counts: {}, decided tile type: E
2026-06-21 16:26:58,378 - __main__ - [main.py:92] - INFO - Current position: (22, 20, 0), front direction: absDirection.WEST
Layer 0 (altitude=0.0cm, offset=(0.0cm, 0.0cm)):
Known map area: x=20..23, y=19..20
+---+   +   +---+
| E   E   E   E |
+   +---+---+   +
  S   U   @   E |
+---+   +---+---+
mazeAsGraph[0][19][20] = {absDirection.NORTH: None, absDirection.EAST: (21, 19, 0, 30), absDirection.SOUTH: (20, 20, 0, 30), absDirection.WEST: None}
mazeAsGraph[0][19][21] = {absDirection.NORTH: (21, 18, 0, 30), absDirection.EAST: (22, 19, 0, 30), absDirection.SOUTH: None, absDirection.WEST: (20, 19, 0, 30)}
mazeAsGraph[0][19][22] = {absDirection.NORTH: (22, 18, 0, 30), absDirection.EAST: (23, 19, 0, 30), absDirection.SOUTH: None, absDirection.WEST: (21, 19, 0, 30)}
mazeAsGraph[0][19][23] = {absDirection.NORTH: None, absDirection.EAST: None, absDirection.SOUTH: (23, 20, 0, 30), absDirection.WEST: (22, 19, 0, 30)}
mazeAsGraph[0][20][20] = {absDirection.NORTH: (20, 19, 0, 30), absDirection.EAST: (21, 20, 0, 30), absDirection.SOUTH: None, absDirection.WEST: (19, 20, 0, 30)}
mazeAsGraph[0][20][22] = {absDirection.NORTH: None, absDirection.EAST: (23, 20, 0, 30), absDirection.SOUTH: None, absDirection.WEST: (21, 20, 0, 30)}
mazeAsGraph[0][20][23] = {absDirection.NORTH: (23, 19, 0, 30), absDirection.EAST: None, absDirection.SOUTH: None, absDirection.WEST: (22, 20, 0, 30)}
2026-06-21 16:26:58,384 - mazeUtils.mazeMap - [mazeMap.py:61] - INFO - next goal: (21, 20, 0)
2026-06-21 16:26:58,391 - mazeUtils.moveTile - [moveTile.py:79] - DEBUG - Moving to absDirection.WEST from (22, 20, 0) facing absDirection.WEST
2026-06-21 16:26:58,414 - mazeUtils.moveTile - [moveTile.py:79] - DEBUG - current heading: 93.0 target: 90
2026-06-21 16:26:58,433 - mazeUtils.moveTile - [moveTile.py:404] - DEBUG - stopped turning at heading: 93.0, diff: 3.0
2026-06-21 16:26:58,600 - mazeUtils.moveTile - [moveTile.py:79] - DEBUG - Turned to heading: 92.0 deg
2026-06-21 16:26:58,785 - picamera2.picamera2 - [picamera2.py:1391] - DEBUG - Execute job: <picamera2.job.Job object at 0x7f6cf9fc50>
2026-06-21 16:26:58,789 - mazeUtils.device.camera - [camera.py:39] - DEBUG - Average HSV: H=164.9, S=24.9, V=214.5
2026-06-21 16:26:58,822 - mazeUtils.moveTile - [moveTile.py:79] - DEBUG - roll: 0.14999999999997726 deg, practicalMoveTime: 0.04153666566960038 sec
2026-06-21 16:26:58,822 - mazeUtils.moveTile - [moveTile.py:1430] - DEBUG - moveTile loop time: 40.8 ms
2026-06-21 16:26:58,828 - picamera2.picamera2 - [picamera2.py:1391] - DEBUG - Execute job: <picamera2.job.Job object at 0x7f6cf9fc50>
2026-06-21 16:26:58,831 - mazeUtils.device.camera - [camera.py:39] - DEBUG - Average HSV: H=164.5, S=24.2, V=215.9
2026-06-21 16:26:58,856 - mazeUtils.moveTile - [moveTile.py:79] - DEBUG - roll: 0.7199999999999704 deg, practicalMoveTime: 0.07509357672351659 sec
2026-06-21 16:26:58,856 - mazeUtils.moveTile - [moveTile.py:1430] - DEBUG - moveTile loop time: 33.9 ms
2026-06-21 16:26:58,865 - picamera2.picamera2 - [picamera2.py:1391] - DEBUG - Execute job: <picamera2.job.Job object at 0x7f99898410>
2026-06-21 16:26:58,868 - mazeUtils.device.camera - [camera.py:39] - DEBUG - Average HSV: H=164.7, S=23.6, V=217.0
2026-06-21 16:26:58,896 - mazeUtils.moveTile - [moveTile.py:79] - DEBUG - roll: 1.6399999999999864 deg, practicalMoveTime: 0.11439650918964722 sec
2026-06-21 16:26:58,896 - mazeUtils.moveTile - [moveTile.py:1430] - DEBUG - moveTile loop time: 39.7 ms
2026-06-21 16:26:58,901 - picamera2.picamera2 - [picamera2.py:1391] - DEBUG - Execute job: <picamera2.job.Job object at 0x7f6cf9da90>
2026-06-21 16:26:58,905 - mazeUtils.device.camera - [camera.py:39] - DEBUG - Average HSV: H=165.9, S=22.7, V=219.0
2026-06-21 16:26:58,935 - mazeUtils.moveTile - [moveTile.py:79] - DEBUG - roll: 1.6099999999999568 deg, practicalMoveTime: 0.153213843575243 sec
2026-06-21 16:26:58,936 - mazeUtils.moveTile - [moveTile.py:1430] - DEBUG - moveTile loop time: 39.1 ms
2026-06-21 16:26:58,948 - picamera2.picamera2 - [picamera2.py:1391] - DEBUG - Execute job: <picamera2.job.Job object at 0x7f6d1dcc50>
2026-06-21 16:26:58,951 - mazeUtils.device.camera - [camera.py:39] - DEBUG - Average HSV: H=166.5, S=23.2, V=217.5
2026-06-21 16:26:58,979 - mazeUtils.moveTile - [moveTile.py:79] - DEBUG - roll: 1.1299999999999955 deg, practicalMoveTime: 0.19693965032858574 sec
2026-06-21 16:26:58,980 - mazeUtils.moveTile - [moveTile.py:1430] - DEBUG - moveTile loop time: 43.9 ms
2026-06-21 16:26:58,985 - picamera2.picamera2 - [picamera2.py:1391] - DEBUG - Execute job: <picamera2.job.Job object at 0x7f6d1dcbd0>
2026-06-21 16:26:58,988 - mazeUtils.device.camera - [camera.py:39] - DEBUG - Average HSV: H=159.6, S=25.1, V=212.4
2026-06-21 16:26:59,019 - mazeUtils.moveTile - [moveTile.py:79] - DEBUG - roll: 359.89 deg, practicalMoveTime: 0.23567401497870094 sec
2026-06-21 16:26:59,019 - mazeUtils.moveTile - [moveTile.py:1430] - DEBUG - moveTile loop time: 39.1 ms
2026-06-21 16:26:59,027 - picamera2.picamera2 - [picamera2.py:1391] - DEBUG - Execute job: <picamera2.job.Job object at 0x7f99898410>
2026-06-21 16:26:59,030 - mazeUtils.device.camera - [camera.py:39] - DEBUG - Average HSV: H=142.4, S=23.9, V=214.9
2026-06-21 16:26:59,055 - mazeUtils.moveTile - [moveTile.py:79] - DEBUG - roll: 2.569999999999993 deg, practicalMoveTime: 0.2716304354296018 sec
2026-06-21 16:26:59,056 - mazeUtils.moveTile - [moveTile.py:1430] - DEBUG - moveTile loop time: 36.4 ms
2026-06-21 16:26:59,065 - picamera2.picamera2 - [picamera2.py:1391] - DEBUG - Execute job: <picamera2.job.Job object at 0x7f6cf9fc50>
2026-06-21 16:26:59,068 - mazeUtils.device.camera - [camera.py:39] - DEBUG - Average HSV: H=142.9, S=23.8, V=213.7
2026-06-21 16:26:59,095 - mazeUtils.moveTile - [moveTile.py:79] - DEBUG - roll: 1.2799999999999727 deg, practicalMoveTime: 0.31022124816893415 sec
2026-06-21 16:26:59,095 - mazeUtils.moveTile - [moveTile.py:1430] - DEBUG - moveTile loop time: 38.5 ms
2026-06-21 16:26:59,101 - picamera2.picamera2 - [picamera2.py:1391] - DEBUG - Execute job: <picamera2.job.Job object at 0x7f6cf7ead0>
2026-06-21 16:26:59,105 - mazeUtils.device.camera - [camera.py:39] - DEBUG - Average HSV: H=152.3, S=23.4, V=210.1
2026-06-21 16:26:59,143 - mazeUtils.moveTile - [moveTile.py:79] - DEBUG - roll: 1.1399999999999864 deg, practicalMoveTime: 0.35782592132157415 sec
2026-06-21 16:26:59,143 - mazeUtils.moveTile - [moveTile.py:1430] - DEBUG - moveTile loop time: 48.0 ms
2026-06-21 16:26:59,150 - picamera2.picamera2 - [picamera2.py:1391] - DEBUG - Execute job: <picamera2.job.Job object at 0x7fa58a8fd0>
2026-06-21 16:26:59,153 - mazeUtils.device.camera - [camera.py:39] - DEBUG - Average HSV: H=150.5, S=21.3, V=214.0
2026-06-21 16:26:59,183 - mazeUtils.moveTile - [moveTile.py:79] - DEBUG - roll: 2.019999999999982 deg, practicalMoveTime: 0.39687391634287755 sec
2026-06-21 16:26:59,183 - mazeUtils.moveTile - [moveTile.py:1430] - DEBUG - moveTile loop time: 39.3 ms
2026-06-21 16:26:59,187 - picamera2.picamera2 - [picamera2.py:1391] - DEBUG - Execute job: <picamera2.job.Job object at 0x7f6cf9fc50>
2026-06-21 16:26:59,191 - mazeUtils.device.camera - [camera.py:39] - DEBUG - Average HSV: H=146.4, S=20.7, V=216.9
2026-06-21 16:26:59,220 - mazeUtils.moveTile - [moveTile.py:79] - DEBUG - roll: 2.339999999999975 deg, practicalMoveTime: 0.4340757449503741 sec
2026-06-21 16:26:59,221 - mazeUtils.moveTile - [moveTile.py:1430] - DEBUG - moveTile loop time: 37.5 ms
2026-06-21 16:26:59,227 - picamera2.picamera2 - [picamera2.py:1391] - DEBUG - Execute job: <picamera2.job.Job object at 0x7fa592b910>
2026-06-21 16:26:59,231 - mazeUtils.device.camera - [camera.py:39] - DEBUG - Average HSV: H=141.2, S=21.5, V=217.4
2026-06-21 16:26:59,257 - mazeUtils.moveTile - [moveTile.py:79] - DEBUG - roll: 0.6299999999999955 deg, practicalMoveTime: 0.4704495454457766 sec
2026-06-21 16:26:59,258 - mazeUtils.moveTile - [moveTile.py:1430] - DEBUG - moveTile loop time: 36.7 ms
2026-06-21 16:26:59,264 - picamera2.picamera2 - [picamera2.py:1391] - DEBUG - Execute job: <picamera2.job.Job object at 0x7f6cf7eb90>
2026-06-21 16:26:59,267 - mazeUtils.device.camera - [camera.py:39] - DEBUG - Average HSV: H=141.2, S=20.4, V=220.7
2026-06-21 16:26:59,299 - mazeUtils.moveTile - [moveTile.py:79] - DEBUG - roll: 3.0399999999999636 deg, practicalMoveTime: 0.5114714957164859 sec
2026-06-21 16:26:59,299 - mazeUtils.moveTile - [moveTile.py:1430] - DEBUG - moveTile loop time: 41.4 ms
2026-06-21 16:26:59,306 - picamera2.picamera2 - [picamera2.py:1391] - DEBUG - Execute job: <picamera2.job.Job object at 0x7f6cf9fc50>
2026-06-21 16:26:59,309 - mazeUtils.device.camera - [camera.py:39] - DEBUG - Average HSV: H=148.5, S=18.5, V=222.3
2026-06-21 16:26:59,336 - mazeUtils.moveTile - [moveTile.py:79] - DEBUG - roll: 1.3100000000000023 deg, practicalMoveTime: 0.5481690645842302 sec
2026-06-21 16:26:59,337 - mazeUtils.moveTile - [moveTile.py:1430] - DEBUG - moveTile loop time: 37.2 ms
2026-06-21 16:26:59,343 - picamera2.picamera2 - [picamera2.py:1391] - DEBUG - Execute job: <picamera2.job.Job object at 0x7fa58a8fd0>
2026-06-21 16:26:59,346 - mazeUtils.device.camera - [camera.py:39] - DEBUG - Average HSV: H=168.1, S=20.8, V=223.7
2026-06-21 16:26:59,378 - mazeUtils.moveTile - [moveTile.py:79] - DEBUG - roll: 1.25 deg, practicalMoveTime: 0.5890462135815341 sec
2026-06-21 16:26:59,378 - mazeUtils.moveTile - [moveTile.py:1430] - DEBUG - moveTile loop time: 41.3 ms
2026-06-21 16:26:59,383 - picamera2.picamera2 - [picamera2.py:1391] - DEBUG - Execute job: <picamera2.job.Job object at 0x7f6e000d90>
2026-06-21 16:26:59,386 - mazeUtils.device.camera - [camera.py:39] - DEBUG - Average HSV: H=165.6, S=23.9, V=214.9
2026-06-21 16:26:59,414 - mazeUtils.moveTile - [moveTile.py:79] - DEBUG - roll: 1.9599999999999795 deg, practicalMoveTime: 0.6241502042250168 sec
2026-06-21 16:26:59,414 - mazeUtils.moveTile - [moveTile.py:1430] - DEBUG - moveTile loop time: 35.5 ms
2026-06-21 16:26:59,419 - picamera2.picamera2 - [picamera2.py:1391] - DEBUG - Execute job: <picamera2.job.Job object at 0x7f99898410>
2026-06-21 16:26:59,422 - mazeUtils.device.camera - [camera.py:39] - DEBUG - Average HSV: H=159.0, S=22.3, V=216.6
2026-06-21 16:26:59,448 - mazeUtils.moveTile - [moveTile.py:79] - DEBUG - roll: 0.07999999999998408 deg, practicalMoveTime: 0.6582962414206076 sec
2026-06-21 16:26:59,449 - mazeUtils.moveTile - [moveTile.py:1430] - DEBUG - moveTile loop time: 34.6 ms
2026-06-21 16:26:59,454 - picamera2.picamera2 - [picamera2.py:1391] - DEBUG - Execute job: <picamera2.job.Job object at 0x7f6d1dcc50>
2026-06-21 16:26:59,457 - mazeUtils.device.camera - [camera.py:39] - DEBUG - Average HSV: H=146.3, S=17.6, V=218.4
2026-06-21 16:26:59,490 - mazeUtils.moveTile - [moveTile.py:79] - DEBUG - roll: 0.009999999999990905 deg, practicalMoveTime: 0.6995343103268177 sec
2026-06-21 16:26:59,491 - mazeUtils.moveTile - [moveTile.py:1430] - DEBUG - moveTile loop time: 41.5 ms
2026-06-21 16:26:59,496 - picamera2.picamera2 - [picamera2.py:1391] - DEBUG - Execute job: <picamera2.job.Job object at 0x7fa58a8fd0>
2026-06-21 16:26:59,499 - mazeUtils.device.camera - [camera.py:39] - DEBUG - Average HSV: H=146.3, S=17.1, V=221.0
2026-06-21 16:26:59,532 - mazeUtils.moveTile - [moveTile.py:79] - DEBUG - roll: 359.35999999999996 deg, practicalMoveTime: 0.7409316833401349 sec
2026-06-21 16:26:59,533 - mazeUtils.moveTile - [moveTile.py:1430] - DEBUG - moveTile loop time: 41.8 ms
2026-06-21 16:26:59,540 - picamera2.picamera2 - [picamera2.py:1391] - DEBUG - Execute job: <picamera2.job.Job object at 0x7f6cf7eb90>
2026-06-21 16:26:59,543 - mazeUtils.device.camera - [camera.py:39] - DEBUG - Average HSV: H=158.0, S=16.3, V=226.3
2026-06-21 16:26:59,574 - mazeUtils.moveTile - [moveTile.py:79] - DEBUG - roll: 0.40999999999996817 deg, practicalMoveTime: 0.7821336504229593 sec
2026-06-21 16:26:59,574 - mazeUtils.moveTile - [moveTile.py:1430] - DEBUG - moveTile loop time: 41.5 ms
2026-06-21 16:26:59,579 - picamera2.picamera2 - [picamera2.py:1391] - DEBUG - Execute job: <picamera2.job.Job object at 0x7f6cf7eb90>
2026-06-21 16:26:59,582 - mazeUtils.device.camera - [camera.py:39] - DEBUG - Average HSV: H=169.9, S=19.5, V=231.4
2026-06-21 16:26:59,617 - mazeUtils.moveTile - [moveTile.py:79] - DEBUG - roll: 359.65999999999997 deg, practicalMoveTime: 0.825072318910359 sec
2026-06-21 16:26:59,618 - mazeUtils.moveTile - [moveTile.py:1430] - DEBUG - moveTile loop time: 43.2 ms
2026-06-21 16:26:59,623 - picamera2.picamera2 - [picamera2.py:1391] - DEBUG - Execute job: <picamera2.job.Job object at 0x7f6cf9da90>
2026-06-21 16:26:59,626 - mazeUtils.device.camera - [camera.py:39] - DEBUG - Average HSV: H=162.2, S=19.9, V=230.6
2026-06-21 16:26:59,656 - mazeUtils.moveTile - [moveTile.py:1375] - INFO - practicalVerticalMove: 0.5624738846017766 CM
2026-06-21 16:26:59,698 - mazeUtils.moveTile - [moveTile.py:1645] - INFO - Set moved vertical distance: 0.5624738846017766 cm, past distances: [(1.3573577005227426, False), (0.8354204023125297, False), (0.7892500235990421, False)]
2026-06-21 16:26:59,776 - mazeUtils.moveTile - [moveTile.py:529] - DEBUG - Direction: absDirection.NORTH, Angle: 270, Distance: 17.27952293190144 cm
2026-06-21 16:26:59,777 - mazeUtils.moveTile - [moveTile.py:529] - DEBUG - Direction: absDirection.EAST, Angle: 180, Distance: 101.49334211388918 cm
2026-06-21 16:26:59,778 - mazeUtils.moveTile - [moveTile.py:529] - DEBUG - Direction: absDirection.SOUTH, Angle: 90, Distance: 16.372599902521994 cm
2026-06-21 16:26:59,778 - mazeUtils.moveTile - [moveTile.py:529] - DEBUG - Direction: absDirection.WEST, Angle: 0, Distance: 80.80565386455582 cm
2026-06-21 16:26:59,779 - mazeUtils.moveTile - [moveTile.py:553] - DEBUG - Front LiDAR distance: 80.80565386455582 cm, TSD10 distance: 71.5 cm
2026-06-21 16:26:59,780 - mazeUtils.moveTile - [moveTile.py:1774] - INFO - Tile color detection counts: {}, decided tile type: E
2026-06-21 16:26:59,839 - __main__ - [main.py:92] - INFO - Current position: (21, 20, 0), front direction: absDirection.WEST
Layer 0 (altitude=0.0cm, offset=(0.0cm, 0.0cm)):
Known map area: x=20..23, y=19..20
+---+   +   +---+
| E   E   E   E |
+   +---+---+   +
  S   @   E   E |
+---+---+---+---+
mazeAsGraph[0][19][20] = {absDirection.NORTH: None, absDirection.EAST: (21, 19, 0, 30), absDirection.SOUTH: (20, 20, 0, 30), absDirection.WEST: None}
mazeAsGraph[0][19][21] = {absDirection.NORTH: (21, 18, 0, 30), absDirection.EAST: (22, 19, 0, 30), absDirection.SOUTH: None, absDirection.WEST: (20, 19, 0, 30)}
mazeAsGraph[0][19][22] = {absDirection.NORTH: (22, 18, 0, 30), absDirection.EAST: (23, 19, 0, 30), absDirection.SOUTH: None, absDirection.WEST: (21, 19, 0, 30)}
mazeAsGraph[0][19][23] = {absDirection.NORTH: None, absDirection.EAST: None, absDirection.SOUTH: (23, 20, 0, 30), absDirection.WEST: (22, 19, 0, 30)}
mazeAsGraph[0][20][20] = {absDirection.NORTH: (20, 19, 0, 30), absDirection.EAST: (21, 20, 0, 30), absDirection.SOUTH: None, absDirection.WEST: (19, 20, 0, 30)}
mazeAsGraph[0][20][21] = {absDirection.NORTH: None, absDirection.EAST: (22, 20, 0, 30), absDirection.SOUTH: None, absDirection.WEST: (20, 20, 0, 30)}
mazeAsGraph[0][20][22] = {absDirection.NORTH: None, absDirection.EAST: (23, 20, 0, 30), absDirection.SOUTH: None, absDirection.WEST: (21, 20, 0, 30)}
mazeAsGraph[0][20][23] = {absDirection.NORTH: (23, 19, 0, 30), absDirection.EAST: None, absDirection.SOUTH: None, absDirection.WEST: (22, 20, 0, 30)}
2026-06-21 16:26:59,848 - mazeUtils.mazeMap - [mazeMap.py:61] - INFO - next goal: (19, 20, 0)
2026-06-21 16:26:59,856 - mazeUtils.moveTile - [moveTile.py:79] - DEBUG - Moving to absDirection.WEST from (21, 20, 0) facing absDirection.WEST
2026-06-21 16:26:59,881 - mazeUtils.moveTile - [moveTile.py:79] - DEBUG - current heading: 90.30000000000001 target: 90
2026-06-21 16:26:59,900 - mazeUtils.moveTile - [moveTile.py:404] - DEBUG - stopped turning at heading: 90.30000000000001, diff: 0.30000000000001137
2026-06-21 16:26:59,944 - mazeUtils.moveTile - [moveTile.py:79] - DEBUG - Turned to heading: 90.87 deg
2026-06-21 16:27:00,076 - mazeUtils.moveTile - [moveTile.py:1222] - DEBUG - Calculated target steps to next tile: 1 based on distance 30 cm
2026-06-21 16:27:00,083 - picamera2.picamera2 - [picamera2.py:1391] - DEBUG - Execute job: <picamera2.job.Job object at 0x7f8424eb90>
2026-06-21 16:27:00,086 - mazeUtils.device.camera - [camera.py:39] - DEBUG - Average HSV: H=166.0, S=17.8, V=232.9
2026-06-21 16:27:00,138 - mazeUtils.moveTile - [moveTile.py:876] - INFO - Detected victim info during movement needing rescue kit drop: {<Side.LEFT: 0>: <UnitVStatus.Y_VICTIM: 5>, <Side.RIGHT: 1>: <UnitVStatus.NOTHING: 0>}
2026-06-21 16:27:10,282 - mazeUtils.moveTile - [moveTile.py:79] - DEBUG - Turning to 91.10000000000002 deg, current heading: 91.10000000000002 deg, turnAngle: 0.0 deg
2026-06-21 16:27:10,309 - mazeUtils.moveTile - [moveTile.py:79] - DEBUG - Turned to heading: 91.10000000000002 deg
2026-06-21 16:27:11,128 - mazeUtils.moveTile - [moveTile.py:79] - DEBUG - Turning to 91.09 deg, current heading: 91.11000000000001 deg, turnAngle: 0.020000000000010232 deg
2026-06-21 16:27:11,148 - mazeUtils.moveTile - [moveTile.py:79] - DEBUG - Turned to heading: 91.11000000000001 deg
2026-06-21 16:27:11,149 - mazeUtils.moveTile - [moveTile.py:79] - DEBUG - roll: 1.7099999999999795 deg, practicalMoveTime: 0.0 sec
2026-06-21 16:27:11,149 - mazeUtils.moveTile - [moveTile.py:1430] - DEBUG - moveTile loop time: 11071.1 ms
2026-06-21 16:27:11,154 - picamera2.picamera2 - [picamera2.py:1391] - DEBUG - Execute job: <picamera2.job.Job object at 0x7f6cf9e450>
2026-06-21 16:27:11,158 - mazeUtils.device.camera - [camera.py:39] - DEBUG - Average HSV: H=171.0, S=19.9, V=223.1
2026-06-21 16:27:11,196 - mazeUtils.moveTile - [moveTile.py:79] - DEBUG - roll: 1.6999999999999886 deg, practicalMoveTime: 0.047041206338092195 sec
2026-06-21 16:27:11,197 - mazeUtils.moveTile - [moveTile.py:1430] - DEBUG - moveTile loop time: 47.3 ms
2026-06-21 16:27:11,203 - picamera2.picamera2 - [picamera2.py:1391] - DEBUG - Execute job: <picamera2.job.Job object at 0x7f6cf9fe10>
2026-06-21 16:27:11,209 - mazeUtils.device.camera - [camera.py:39] - DEBUG - Average HSV: H=171.1, S=19.8, V=223.0
2026-06-21 16:27:11,241 - mazeUtils.moveTile - [moveTile.py:79] - DEBUG - roll: 1.6899999999999977 deg, practicalMoveTime: 0.09141615052646351 sec
2026-06-21 16:27:11,242 - mazeUtils.moveTile - [moveTile.py:1430] - DEBUG - moveTile loop time: 44.4 ms
2026-06-21 16:27:11,249 - picamera2.picamera2 - [picamera2.py:1391] - DEBUG - Execute job: <picamera2.job.Job object at 0x7f6cf9fdd0>
2026-06-21 16:27:11,253 - mazeUtils.device.camera - [camera.py:39] - DEBUG - Average HSV: H=171.4, S=19.8, V=223.2
2026-06-21 16:27:11,290 - mazeUtils.moveTile - [moveTile.py:79] - DEBUG - roll: 1.3999999999999773 deg, practicalMoveTime: 0.1389759924623216 sec
2026-06-21 16:27:11,291 - mazeUtils.moveTile - [moveTile.py:1430] - DEBUG - moveTile loop time: 48.6 ms
2026-06-21 16:27:11,299 - picamera2.picamera2 - [picamera2.py:1391] - DEBUG - Execute job: <picamera2.job.Job object at 0x7f921a7490>
2026-06-21 16:27:11,303 - mazeUtils.device.camera - [camera.py:39] - DEBUG - Average HSV: H=171.1, S=20.1, V=223.2
2026-06-21 16:27:11,332 - mazeUtils.moveTile - [moveTile.py:79] - DEBUG - roll: 2.0499999999999545 deg, practicalMoveTime: 0.1797575991477343 sec
2026-06-21 16:27:11,333 - mazeUtils.moveTile - [moveTile.py:1430] - DEBUG - moveTile loop time: 41.0 ms
2026-06-21 16:27:11,337 - picamera2.picamera2 - [picamera2.py:1391] - DEBUG - Execute job: <picamera2.job.Job object at 0x7f6cf9fe50>
2026-06-21 16:27:11,341 - mazeUtils.device.camera - [camera.py:39] - DEBUG - Average HSV: H=171.6, S=21.3, V=220.4
2026-06-21 16:27:11,371 - mazeUtils.moveTile - [moveTile.py:79] - DEBUG - roll: 1.1800000000000068 deg, practicalMoveTime: 0.21751270957459495 sec
2026-06-21 16:27:11,371 - mazeUtils.moveTile - [moveTile.py:1430] - DEBUG - moveTile loop time: 38.0 ms
2026-06-21 16:27:11,379 - picamera2.picamera2 - [picamera2.py:1391] - DEBUG - Execute job: <picamera2.job.Job object at 0x7f6cf9c090>
2026-06-21 16:27:11,384 - mazeUtils.device.camera - [camera.py:39] - DEBUG - Average HSV: H=172.4, S=20.3, V=223.7
2026-06-21 16:27:11,414 - mazeUtils.moveTile - [moveTile.py:79] - DEBUG - roll: 1.6999999999999886 deg, practicalMoveTime: 0.2602008789356486 sec
2026-06-21 16:27:11,415 - mazeUtils.moveTile - [moveTile.py:1430] - DEBUG - moveTile loop time: 43.3 ms
2026-06-21 16:27:11,421 - picamera2.picamera2 - [picamera2.py:1391] - DEBUG - Execute job: <picamera2.job.Job object at 0x7f6cf9c1d0>
2026-06-21 16:27:11,426 - mazeUtils.device.camera - [camera.py:39] - DEBUG - Average HSV: H=172.6, S=20.8, V=222.7
2026-06-21 16:27:11,454 - mazeUtils.moveTile - [moveTile.py:79] - DEBUG - roll: 1.1099999999999568 deg, practicalMoveTime: 0.29948798645862035 sec
2026-06-21 16:27:11,455 - mazeUtils.moveTile - [moveTile.py:1430] - DEBUG - moveTile loop time: 39.5 ms
2026-06-21 16:27:11,461 - picamera2.picamera2 - [picamera2.py:1391] - DEBUG - Execute job: <picamera2.job.Job object at 0x7f921a7490>
2026-06-21 16:27:11,466 - mazeUtils.device.camera - [camera.py:39] - DEBUG - Average HSV: H=171.2, S=19.1, V=223.6
2026-06-21 16:27:11,497 - mazeUtils.moveTile - [moveTile.py:79] - DEBUG - roll: 1.75 deg, practicalMoveTime: 0.34154804722549026 sec
2026-06-21 16:27:11,498 - mazeUtils.moveTile - [moveTile.py:1430] - DEBUG - moveTile loop time: 42.9 ms
2026-06-21 16:27:11,502 - picamera2.picamera2 - [picamera2.py:1391] - DEBUG - Execute job: <picamera2.job.Job object at 0x7f921a7490>
2026-06-21 16:27:11,507 - mazeUtils.device.camera - [camera.py:39] - DEBUG - Average HSV: H=171.6, S=18.6, V=224.8
2026-06-21 16:27:11,550 - mazeUtils.moveTile - [moveTile.py:79] - DEBUG - roll: 2.109999999999957 deg, practicalMoveTime: 0.3935052118664156 sec
2026-06-21 16:27:11,551 - mazeUtils.moveTile - [moveTile.py:1430] - DEBUG - moveTile loop time: 52.4 ms
2026-06-21 16:27:11,558 - picamera2.picamera2 - [picamera2.py:1391] - DEBUG - Execute job: <picamera2.job.Job object at 0x7f6cf9c1d0>
2026-06-21 16:27:11,563 - mazeUtils.device.camera - [camera.py:39] - DEBUG - Average HSV: H=172.0, S=19.1, V=224.8
2026-06-21 16:27:11,594 - mazeUtils.moveTile - [moveTile.py:79] - DEBUG - roll: 1.8599999999999568 deg, practicalMoveTime: 0.4365113722772143 sec
2026-06-21 16:27:11,595 - mazeUtils.moveTile - [moveTile.py:1430] - DEBUG - moveTile loop time: 42.9 ms
2026-06-21 16:27:11,599 - picamera2.picamera2 - [picamera2.py:1391] - DEBUG - Execute job: <picamera2.job.Job object at 0x7f6cf9ff50>
2026-06-21 16:27:11,604 - mazeUtils.device.camera - [camera.py:39] - DEBUG - Average HSV: H=169.5, S=20.3, V=224.6
2026-06-21 16:27:11,639 - mazeUtils.moveTile - [moveTile.py:79] - DEBUG - roll: 2.1999999999999886 deg, practicalMoveTime: 0.4808023848030468 sec
2026-06-21 16:27:11,640 - mazeUtils.moveTile - [moveTile.py:1430] - DEBUG - moveTile loop time: 44.6 ms
2026-06-21 16:27:11,646 - picamera2.picamera2 - [picamera2.py:1391] - DEBUG - Execute job: <picamera2.job.Job object at 0x7f6cf9ffd0>
2026-06-21 16:27:11,651 - mazeUtils.device.camera - [camera.py:39] - DEBUG - Average HSV: H=152.5, S=19.6, V=224.9
2026-06-21 16:27:11,684 - mazeUtils.moveTile - [moveTile.py:79] - DEBUG - roll: 2.2299999999999613 deg, practicalMoveTime: 0.5242886852810219 sec
2026-06-21 16:27:11,685 - mazeUtils.moveTile - [moveTile.py:1430] - DEBUG - moveTile loop time: 44.2 ms
2026-06-21 16:27:11,697 - picamera2.picamera2 - [picamera2.py:1391] - DEBUG - Execute job: <picamera2.job.Job object at 0x7f6cf9ffd0>
2026-06-21 16:27:11,703 - mazeUtils.device.camera - [camera.py:39] - DEBUG - Average HSV: H=167.3, S=19.9, V=224.1
2026-06-21 16:27:11,741 - mazeUtils.moveTile - [moveTile.py:79] - DEBUG - roll: 1.3199999999999932 deg, practicalMoveTime: 0.58103584071205 sec
2026-06-21 16:27:11,742 - mazeUtils.moveTile - [moveTile.py:1430] - DEBUG - moveTile loop time: 57.0 ms
2026-06-21 16:27:11,752 - picamera2.picamera2 - [picamera2.py:1391] - DEBUG - Execute job: <picamera2.job.Job object at 0x7f6cf9c390>
2026-06-21 16:27:11,758 - mazeUtils.device.camera - [camera.py:39] - DEBUG - Average HSV: H=145.6, S=22.4, V=221.8
2026-06-21 16:27:11,788 - mazeUtils.moveTile - [moveTile.py:79] - DEBUG - roll: 1.5699999999999932 deg, practicalMoveTime: 0.6266413010941945 sec
2026-06-21 16:27:11,789 - mazeUtils.moveTile - [moveTile.py:1430] - DEBUG - moveTile loop time: 45.8 ms
2026-06-21 16:27:11,799 - picamera2.picamera2 - [picamera2.py:1391] - DEBUG - Execute job: <picamera2.job.Job object at 0x7f6cf9fe10>
2026-06-21 16:27:11,805 - mazeUtils.device.camera - [camera.py:39] - DEBUG - Average HSV: H=166.4, S=20.8, V=222.1
2026-06-21 16:27:11,836 - mazeUtils.moveTile - [moveTile.py:79] - DEBUG - roll: 2.0399999999999636 deg, practicalMoveTime: 0.674014116798565 sec
2026-06-21 16:27:11,837 - mazeUtils.moveTile - [moveTile.py:1430] - DEBUG - moveTile loop time: 47.5 ms
2026-06-21 16:27:11,843 - picamera2.picamera2 - [picamera2.py:1391] - DEBUG - Execute job: <picamera2.job.Job object at 0x7f6cf9fe10>
2026-06-21 16:27:11,848 - mazeUtils.device.camera - [camera.py:39] - DEBUG - Average HSV: H=163.9, S=21.3, V=220.9
2026-06-21 16:27:11,885 - mazeUtils.moveTile - [moveTile.py:79] - DEBUG - roll: 1.0199999999999818 deg, practicalMoveTime: 0.7215072003080654 sec
2026-06-21 16:27:11,885 - mazeUtils.moveTile - [moveTile.py:1430] - DEBUG - moveTile loop time: 47.9 ms
2026-06-21 16:27:11,891 - picamera2.picamera2 - [picamera2.py:1391] - DEBUG - Execute job: <picamera2.job.Job object at 0x7f6cf9c510>
2026-06-21 16:27:11,897 - mazeUtils.device.camera - [camera.py:39] - DEBUG - Average HSV: H=163.7, S=21.4, V=221.3
2026-06-21 16:27:11,923 - mazeUtils.moveTile - [moveTile.py:79] - DEBUG - roll: 1.1899999999999977 deg, practicalMoveTime: 0.7596154345583396 sec
2026-06-21 16:27:11,924 - mazeUtils.moveTile - [moveTile.py:1430] - DEBUG - moveTile loop time: 37.9 ms
2026-06-21 16:27:11,930 - picamera2.picamera2 - [picamera2.py:1391] - DEBUG - Execute job: <picamera2.job.Job object at 0x7f921a7490>
2026-06-21 16:27:11,935 - mazeUtils.device.camera - [camera.py:39] - DEBUG - Average HSV: H=158.1, S=21.9, V=220.2
2026-06-21 16:27:11,967 - mazeUtils.moveTile - [moveTile.py:79] - DEBUG - roll: 1.579999999999984 deg, practicalMoveTime: 0.8021007251189863 sec
2026-06-21 16:27:11,967 - mazeUtils.moveTile - [moveTile.py:1430] - DEBUG - moveTile loop time: 42.7 ms
2026-06-21 16:27:11,974 - picamera2.picamera2 - [picamera2.py:1391] - DEBUG - Execute job: <picamera2.job.Job object at 0x7f6cf9fe90>
2026-06-21 16:27:11,978 - mazeUtils.device.camera - [camera.py:39] - DEBUG - Average HSV: H=140.1, S=23.4, V=220.4
2026-06-21 16:27:12,004 - mazeUtils.moveTile - [moveTile.py:1375] - INFO - practicalVerticalMove: 0.8691815305606256 CM
2026-06-21 16:27:12,075 - mazeUtils.moveTile - [moveTile.py:529] - DEBUG - Direction: absDirection.NORTH, Angle: 270, Distance: 138.89159950068503 cm
2026-06-21 16:27:12,076 - mazeUtils.moveTile - [moveTile.py:529] - DEBUG - Direction: absDirection.EAST, Angle: 180, Distance: 101.78391693732443 cm
2026-06-21 16:27:12,078 - mazeUtils.moveTile - [moveTile.py:529] - DEBUG - Direction: absDirection.SOUTH, Angle: 90, Distance: 18.278398427606078 cm
2026-06-21 16:27:12,080 - mazeUtils.moveTile - [moveTile.py:529] - DEBUG - Direction: absDirection.WEST, Angle: 0, Distance: 54.55467395755784 cm
2026-06-21 16:27:12,083 - mazeUtils.moveTile - [moveTile.py:1774] - INFO - Tile color detection counts: {}, decided tile type: E
2026-06-21 16:27:12,156 - __main__ - [main.py:92] - INFO - Current position: (20, 20, 0), front direction: absDirection.WEST
Layer 0 (altitude=0.0cm, offset=(0.0cm, 0.0cm)):
Known map area: x=20..23, y=19..20
+---+   +   +---+
| E   E   E   E |
+   +---+---+   +
  @   E   E   E |
+---+---+---+---+
mazeAsGraph[0][19][20] = {absDirection.NORTH: None, absDirection.EAST: (21, 19, 0, 30), absDirection.SOUTH: (20, 20, 0, 30), absDirection.WEST: None}
mazeAsGraph[0][19][21] = {absDirection.NORTH: (21, 18, 0, 30), absDirection.EAST: (22, 19, 0, 30), absDirection.SOUTH: None, absDirection.WEST: (20, 19, 0, 30)}
mazeAsGraph[0][19][22] = {absDirection.NORTH: (22, 18, 0, 30), absDirection.EAST: (23, 19, 0, 30), absDirection.SOUTH: None, absDirection.WEST: (21, 19, 0, 30)}
mazeAsGraph[0][19][23] = {absDirection.NORTH: None, absDirection.EAST: None, absDirection.SOUTH: (23, 20, 0, 30), absDirection.WEST: (22, 19, 0, 30)}
mazeAsGraph[0][20][20] = {absDirection.NORTH: (20, 19, 0, 30), absDirection.EAST: (21, 20, 0, 30), absDirection.SOUTH: None, absDirection.WEST: (19, 20, 0, 30)}
mazeAsGraph[0][20][21] = {absDirection.NORTH: None, absDirection.EAST: (22, 20, 0, 30), absDirection.SOUTH: None, absDirection.WEST: (20, 20, 0, 30)}
mazeAsGraph[0][20][22] = {absDirection.NORTH: None, absDirection.EAST: (23, 20, 0, 30), absDirection.SOUTH: None, absDirection.WEST: (21, 20, 0, 30)}
mazeAsGraph[0][20][23] = {absDirection.NORTH: (23, 19, 0, 30), absDirection.EAST: None, absDirection.SOUTH: None, absDirection.WEST: (22, 20, 0, 30)}
2026-06-21 16:27:12,170 - mazeUtils.moveTile - [moveTile.py:79] - DEBUG - Moving to absDirection.WEST from (20, 20, 0) facing absDirection.WEST
2026-06-21 16:27:12,197 - mazeUtils.moveTile - [moveTile.py:79] - DEBUG - current heading: 92.04000000000002 target: 90
2026-06-21 16:27:12,217 - mazeUtils.moveTile - [moveTile.py:404] - DEBUG - stopped turning at heading: 92.04000000000002, diff: 2.0400000000000205
2026-06-21 16:27:12,307 - mazeUtils.moveTile - [moveTile.py:79] - DEBUG - Turned to heading: 91.95000000000002 deg
2026-06-21 16:27:12,471 - picamera2.picamera2 - [picamera2.py:1391] - DEBUG - Execute job: <picamera2.job.Job object at 0x7f841b7010>
2026-06-21 16:27:12,476 - mazeUtils.device.camera - [camera.py:39] - DEBUG - Average HSV: H=148.4, S=22.7, V=221.7
2026-06-21 16:27:12,509 - mazeUtils.moveTile - [moveTile.py:79] - DEBUG - roll: 1.9599999999999795 deg, practicalMoveTime: 0.04589803350270878 sec
2026-06-21 16:27:12,509 - mazeUtils.moveTile - [moveTile.py:1430] - DEBUG - moveTile loop time: 43.1 ms
2026-06-21 16:27:12,515 - picamera2.picamera2 - [picamera2.py:1391] - DEBUG - Execute job: <picamera2.job.Job object at 0x7f921bc890>
2026-06-21 16:27:12,519 - mazeUtils.device.camera - [camera.py:39] - DEBUG - Average HSV: H=144.1, S=22.8, V=221.7
2026-06-21 16:27:12,548 - mazeUtils.moveTile - [moveTile.py:79] - DEBUG - roll: 2.2899999999999636 deg, practicalMoveTime: 0.08487335395265411 sec
2026-06-21 16:27:12,549 - mazeUtils.moveTile - [moveTile.py:1430] - DEBUG - moveTile loop time: 39.3 ms
2026-06-21 16:27:12,557 - picamera2.picamera2 - [picamera2.py:1391] - DEBUG - Execute job: <picamera2.job.Job object at 0x7f921bc890>
2026-06-21 16:27:12,562 - mazeUtils.device.camera - [camera.py:39] - DEBUG - Average HSV: H=159.2, S=22.5, V=222.4
2026-06-21 16:27:12,589 - mazeUtils.moveTile - [moveTile.py:79] - DEBUG - roll: 0.15999999999996817 deg, practicalMoveTime: 0.12539124139414043 sec
2026-06-21 16:27:12,590 - mazeUtils.moveTile - [moveTile.py:1430] - DEBUG - moveTile loop time: 40.8 ms
2026-06-21 16:27:12,595 - picamera2.picamera2 - [picamera2.py:1391] - DEBUG - Execute job: <picamera2.job.Job object at 0x7f84241110>
2026-06-21 16:27:12,599 - mazeUtils.device.camera - [camera.py:39] - DEBUG - Average HSV: H=159.2, S=22.4, V=221.5
2026-06-21 16:27:12,626 - mazeUtils.moveTile - [moveTile.py:79] - DEBUG - roll: 1.6599999999999682 deg, practicalMoveTime: 0.16140498307021706 sec
2026-06-21 16:27:12,627 - mazeUtils.moveTile - [moveTile.py:1430] - DEBUG - moveTile loop time: 36.0 ms
2026-06-21 16:27:12,633 - picamera2.picamera2 - [picamera2.py:1391] - DEBUG - Execute job: <picamera2.job.Job object at 0x7f921bcbd0>
2026-06-21 16:27:12,638 - mazeUtils.device.camera - [camera.py:39] - DEBUG - Average HSV: H=155.3, S=23.0, V=220.1
2026-06-21 16:27:12,665 - mazeUtils.moveTile - [moveTile.py:79] - DEBUG - roll: 1.1099999999999568 deg, practicalMoveTime: 0.19986421825042894 sec
2026-06-21 16:27:12,666 - mazeUtils.moveTile - [moveTile.py:1430] - DEBUG - moveTile loop time: 39.0 ms
2026-06-21 16:27:12,670 - picamera2.picamera2 - [picamera2.py:1391] - DEBUG - Execute job: <picamera2.job.Job object at 0x7f84240510>
2026-06-21 16:27:12,675 - mazeUtils.device.camera - [camera.py:39] - DEBUG - Average HSV: H=147.8, S=23.1, V=219.3
2026-06-21 16:27:12,704 - mazeUtils.moveTile - [moveTile.py:79] - DEBUG - roll: 359.65999999999997 deg, practicalMoveTime: 0.23729789867349768 sec
2026-06-21 16:27:12,704 - mazeUtils.moveTile - [moveTile.py:1430] - DEBUG - moveTile loop time: 37.8 ms
2026-06-21 16:27:12,712 - picamera2.picamera2 - [picamera2.py:1391] - DEBUG - Execute job: <picamera2.job.Job object at 0x7f921bcbd0>
2026-06-21 16:27:12,716 - mazeUtils.device.camera - [camera.py:39] - DEBUG - Average HSV: H=145.7, S=22.8, V=219.1
2026-06-21 16:27:12,745 - mazeUtils.moveTile - [moveTile.py:79] - DEBUG - roll: 1.1299999999999955 deg, practicalMoveTime: 0.27801449461944705 sec
2026-06-21 16:27:12,746 - mazeUtils.moveTile - [moveTile.py:1430] - DEBUG - moveTile loop time: 41.4 ms
2026-06-21 16:27:12,752 - picamera2.picamera2 - [picamera2.py:1391] - DEBUG - Execute job: <picamera2.job.Job object at 0x7f921bcbd0>
2026-06-21 16:27:12,756 - mazeUtils.device.camera - [camera.py:39] - DEBUG - Average HSV: H=161.5, S=24.2, V=216.1
2026-06-21 16:27:13,350 - mazeUtils.moveTile - [moveTile.py:797] - INFO - Detected victim info ahead: {<Side.LEFT: 0>: <UnitVStatus.U_VICTIM: 1>, <Side.RIGHT: 1>: <UnitVStatus.NOTHING: 0>}
2026-06-21 16:27:23,457 - mazeUtils.moveTile - [moveTile.py:79] - DEBUG - Turning to 92.20000000000002 deg, current heading: 92.20000000000002 deg, turnAngle: 0.0 deg
2026-06-21 16:27:23,478 - mazeUtils.moveTile - [moveTile.py:79] - DEBUG - Turned to heading: 92.20000000000002 deg
2026-06-21 16:27:24,017 - mazeUtils.moveTile - [moveTile.py:79] - DEBUG - roll: 0.75 deg, practicalMoveTime: 0.27801449461944705 sec
2026-06-21 16:27:24,018 - mazeUtils.moveTile - [moveTile.py:1430] - DEBUG - moveTile loop time: 11271.7 ms
2026-06-21 16:27:24,023 - picamera2.picamera2 - [picamera2.py:1391] - DEBUG - Execute job: <picamera2.job.Job object at 0x7f921a7490>
2026-06-21 16:27:24,028 - mazeUtils.device.camera - [camera.py:39] - DEBUG - Average HSV: H=169.7, S=28.9, V=208.6
2026-06-21 16:27:24,065 - mazeUtils.moveTile - [moveTile.py:79] - DEBUG - roll: 0.7899999999999636 deg, practicalMoveTime: 0.32466642989100897 sec
2026-06-21 16:27:24,066 - mazeUtils.moveTile - [moveTile.py:1430] - DEBUG - moveTile loop time: 46.5 ms
2026-06-21 16:27:24,072 - picamera2.picamera2 - [picamera2.py:1391] - DEBUG - Execute job: <picamera2.job.Job object at 0x7f8424fb90>
2026-06-21 16:27:24,077 - mazeUtils.device.camera - [camera.py:39] - DEBUG - Average HSV: H=169.3, S=29.9, V=207.1
2026-06-21 16:27:24,106 - mazeUtils.moveTile - [moveTile.py:79] - DEBUG - roll: 1.1999999999999886 deg, practicalMoveTime: 0.3652227855649088 sec
2026-06-21 16:27:24,107 - mazeUtils.moveTile - [moveTile.py:1430] - DEBUG - moveTile loop time: 40.6 ms
2026-06-21 16:27:24,113 - picamera2.picamera2 - [picamera2.py:1391] - DEBUG - Execute job: <picamera2.job.Job object at 0x7f8424f2d0>
2026-06-21 16:27:24,118 - mazeUtils.device.camera - [camera.py:39] - DEBUG - Average HSV: H=169.5, S=28.7, V=208.7
2026-06-21 16:27:24,149 - mazeUtils.moveTile - [moveTile.py:79] - DEBUG - roll: 1.3199999999999932 deg, practicalMoveTime: 0.40676287223486024 sec
2026-06-21 16:27:24,149 - mazeUtils.moveTile - [moveTile.py:1430] - DEBUG - moveTile loop time: 41.8 ms
2026-06-21 16:27:24,156 - picamera2.picamera2 - [picamera2.py:1391] - DEBUG - Execute job: <picamera2.job.Job object at 0x7f8424f0d0>
2026-06-21 16:27:24,161 - mazeUtils.device.camera - [camera.py:39] - DEBUG - Average HSV: H=168.7, S=26.7, V=211.5
2026-06-21 16:27:24,197 - mazeUtils.moveTile - [moveTile.py:79] - DEBUG - roll: 0.9399999999999977 deg, practicalMoveTime: 0.45476032398648675 sec
2026-06-21 16:27:24,198 - mazeUtils.moveTile - [moveTile.py:1430] - DEBUG - moveTile loop time: 48.3 ms
2026-06-21 16:27:24,203 - picamera2.picamera2 - [picamera2.py:1391] - DEBUG - Execute job: <picamera2.job.Job object at 0x7f8424f0d0>
2026-06-21 16:27:24,208 - mazeUtils.device.camera - [camera.py:39] - DEBUG - Average HSV: H=165.2, S=25.0, V=210.4
2026-06-21 16:27:24,237 - mazeUtils.moveTile - [moveTile.py:79] - DEBUG - roll: 0.19999999999998863 deg, practicalMoveTime: 0.4932365567072503 sec
2026-06-21 16:27:24,237 - mazeUtils.moveTile - [moveTile.py:1430] - DEBUG - moveTile loop time: 38.9 ms
2026-06-21 16:27:24,246 - picamera2.picamera2 - [picamera2.py:1391] - DEBUG - Execute job: <picamera2.job.Job object at 0x7f8424ca90>
2026-06-21 16:27:24,251 - mazeUtils.device.camera - [camera.py:39] - DEBUG - Average HSV: H=164.3, S=26.2, V=207.7
2026-06-21 16:27:24,282 - mazeUtils.moveTile - [moveTile.py:79] - DEBUG - roll: 359.83 deg, practicalMoveTime: 0.5375276196078782 sec
2026-06-21 16:27:24,282 - mazeUtils.moveTile - [moveTile.py:1430] - DEBUG - moveTile loop time: 44.9 ms
2026-06-21 16:27:24,287 - picamera2.picamera2 - [picamera2.py:1391] - DEBUG - Execute job: <picamera2.job.Job object at 0x7f8424fb90>
2026-06-21 16:27:24,292 - mazeUtils.device.camera - [camera.py:39] - DEBUG - Average HSV: H=165.5, S=26.4, V=208.0
2026-06-21 16:27:24,322 - mazeUtils.moveTile - [moveTile.py:79] - DEBUG - roll: 0.08999999999997499 deg, practicalMoveTime: 0.5772352312955743 sec
2026-06-21 16:27:24,323 - mazeUtils.moveTile - [moveTile.py:1430] - DEBUG - moveTile loop time: 40.0 ms
2026-06-21 16:27:24,328 - picamera2.picamera2 - [picamera2.py:1391] - DEBUG - Execute job: <picamera2.job.Job object at 0x7f8424f2d0>
2026-06-21 16:27:24,333 - mazeUtils.device.camera - [camera.py:39] - DEBUG - Average HSV: H=165.4, S=24.7, V=209.8
2026-06-21 16:27:24,364 - mazeUtils.moveTile - [moveTile.py:79] - DEBUG - roll: 1.240000000000009 deg, practicalMoveTime: 0.6181232616672006 sec
2026-06-21 16:27:24,365 - mazeUtils.moveTile - [moveTile.py:1430] - DEBUG - moveTile loop time: 41.6 ms
2026-06-21 16:27:24,375 - picamera2.picamera2 - [picamera2.py:1391] - DEBUG - Execute job: <picamera2.job.Job object at 0x7f8424f090>
2026-06-21 16:27:24,380 - mazeUtils.device.camera - [camera.py:39] - DEBUG - Average HSV: H=168.2, S=28.1, V=206.1
2026-06-21 16:27:24,411 - mazeUtils.moveTile - [moveTile.py:79] - DEBUG - roll: 0.839999999999975 deg, practicalMoveTime: 0.66455434271311 sec
2026-06-21 16:27:24,412 - mazeUtils.moveTile - [moveTile.py:1430] - DEBUG - moveTile loop time: 46.6 ms
2026-06-21 16:27:24,417 - picamera2.picamera2 - [picamera2.py:1391] - DEBUG - Execute job: <picamera2.job.Job object at 0x7f921bc890>
2026-06-21 16:27:24,421 - mazeUtils.device.camera - [camera.py:39] - DEBUG - Average HSV: H=164.9, S=28.2, V=203.7
2026-06-21 16:27:24,456 - mazeUtils.moveTile - [moveTile.py:79] - DEBUG - roll: 0.19999999999998863 deg, practicalMoveTime: 0.7080535474565344 sec
2026-06-21 16:27:24,457 - mazeUtils.moveTile - [moveTile.py:1430] - DEBUG - moveTile loop time: 44.2 ms
2026-06-21 16:27:24,461 - picamera2.picamera2 - [picamera2.py:1391] - DEBUG - Execute job: <picamera2.job.Job object at 0x7f8424fb10>
2026-06-21 16:27:24,466 - mazeUtils.device.camera - [camera.py:39] - DEBUG - Average HSV: H=162.8, S=26.9, V=205.5
2026-06-21 16:27:24,495 - mazeUtils.moveTile - [moveTile.py:79] - DEBUG - roll: 1.0 deg, practicalMoveTime: 0.7467329773025078 sec
2026-06-21 16:27:24,496 - mazeUtils.moveTile - [moveTile.py:1430] - DEBUG - moveTile loop time: 39.2 ms
2026-06-21 16:27:24,509 - picamera2.picamera2 - [picamera2.py:1391] - DEBUG - Execute job: <picamera2.job.Job object at 0x7f8424f090>
2026-06-21 16:27:24,513 - mazeUtils.device.camera - [camera.py:39] - DEBUG - Average HSV: H=158.7, S=27.5, V=203.1
2026-06-21 16:27:24,540 - mazeUtils.moveTile - [moveTile.py:79] - DEBUG - roll: 0.6299999999999955 deg, practicalMoveTime: 0.7904801418602665 sec
2026-06-21 16:27:24,541 - mazeUtils.moveTile - [moveTile.py:1430] - DEBUG - moveTile loop time: 43.9 ms
2026-06-21 16:27:24,548 - picamera2.picamera2 - [picamera2.py:1391] - DEBUG - Execute job: <picamera2.job.Job object at 0x7f8424fb10>
2026-06-21 16:27:24,553 - mazeUtils.device.camera - [camera.py:39] - DEBUG - Average HSV: H=156.7, S=27.9, V=201.1
2026-06-21 16:27:24,582 - mazeUtils.moveTile - [moveTile.py:79] - DEBUG - roll: 0.6499999999999773 deg, practicalMoveTime: 0.8316924326215431 sec
2026-06-21 16:27:24,583 - mazeUtils.moveTile - [moveTile.py:1430] - DEBUG - moveTile loop time: 41.2 ms
2026-06-21 16:27:24,587 - picamera2.picamera2 - [picamera2.py:1391] - DEBUG - Execute job: <picamera2.job.Job object at 0x7f921a7490>
2026-06-21 16:27:24,592 - mazeUtils.device.camera - [camera.py:39] - DEBUG - Average HSV: H=151.3, S=28.3, V=203.9
2026-06-21 16:27:24,624 - mazeUtils.moveTile - [moveTile.py:1375] - INFO - practicalVerticalMove: 0.4596188958114052 CM
2026-06-21 16:27:24,669 - mazeUtils.moveTile - [moveTile.py:79] - DEBUG - Little forward to adjust position
2026-06-21 16:27:25,243 - mazeUtils.moveTile - [moveTile.py:1645] - INFO - Set moved vertical distance: 0.4596188958114052 cm, past distances: [(0.5624738846017766, False), (1.3573577005227426, False), (0.8354204023125297, False)]
2026-06-21 16:27:25,333 - mazeUtils.moveTile - [moveTile.py:529] - DEBUG - Direction: absDirection.NORTH, Angle: 270, Distance: 14.382094642564512 cm
2026-06-21 16:27:25,335 - mazeUtils.moveTile - [moveTile.py:529] - DEBUG - Direction: absDirection.EAST, Angle: 180, Distance: 140.4907712951369 cm
2026-06-21 16:27:25,337 - mazeUtils.moveTile - [moveTile.py:529] - DEBUG - Direction: absDirection.SOUTH, Angle: 90, Distance: 20.735198603153762 cm
2026-06-21 16:27:25,340 - mazeUtils.moveTile - [moveTile.py:529] - DEBUG - Direction: absDirection.WEST, Angle: 0, Distance: 13.372267476536136 cm
2026-06-21 16:27:25,340 - mazeUtils.moveTile - [moveTile.py:553] - DEBUG - Front LiDAR distance: 13.372267476536136 cm, TSD10 distance: 1.9 cm
2026-06-21 16:27:25,342 - mazeUtils.moveTile - [moveTile.py:1774] - INFO - Tile color detection counts: {}, decided tile type: E
2026-06-21 16:27:25,421 - __main__ - [main.py:92] - INFO - Current position: (19, 20, 0), front direction: absDirection.WEST
Layer 0 (altitude=0.0cm, offset=(0.0cm, 0.0cm)):
Known map area: x=19..23, y=19..20
+   +---+   +   +---+
  U | E   E   E   E |
+---+   +---+---+   +
| @   E   E   E   E |
+---+---+---+---+---+
mazeAsGraph[0][19][20] = {absDirection.NORTH: None, absDirection.EAST: (21, 19, 0, 30), absDirection.SOUTH: (20, 20, 0, 30), absDirection.WEST: None}
mazeAsGraph[0][19][21] = {absDirection.NORTH: (21, 18, 0, 30), absDirection.EAST: (22, 19, 0, 30), absDirection.SOUTH: None, absDirection.WEST: (20, 19, 0, 30)}
mazeAsGraph[0][19][22] = {absDirection.NORTH: (22, 18, 0, 30), absDirection.EAST: (23, 19, 0, 30), absDirection.SOUTH: None, absDirection.WEST: (21, 19, 0, 30)}
mazeAsGraph[0][19][23] = {absDirection.NORTH: None, absDirection.EAST: None, absDirection.SOUTH: (23, 20, 0, 30), absDirection.WEST: (22, 19, 0, 30)}
mazeAsGraph[0][20][19] = {absDirection.NORTH: None, absDirection.EAST: (20, 20, 0, 30), absDirection.SOUTH: None, absDirection.WEST: None}
mazeAsGraph[0][20][20] = {absDirection.NORTH: (20, 19, 0, 30), absDirection.EAST: (21, 20, 0, 30), absDirection.SOUTH: None, absDirection.WEST: (19, 20, 0, 30)}
mazeAsGraph[0][20][21] = {absDirection.NORTH: None, absDirection.EAST: (22, 20, 0, 30), absDirection.SOUTH: None, absDirection.WEST: (20, 20, 0, 30)}
mazeAsGraph[0][20][22] = {absDirection.NORTH: None, absDirection.EAST: (23, 20, 0, 30), absDirection.SOUTH: None, absDirection.WEST: (21, 20, 0, 30)}
mazeAsGraph[0][20][23] = {absDirection.NORTH: (23, 19, 0, 30), absDirection.EAST: None, absDirection.SOUTH: None, absDirection.WEST: (22, 20, 0, 30)}
2026-06-21 16:27:25,431 - mazeUtils.mazeMap - [mazeMap.py:61] - INFO - next goal: (21, 18, 0)
2026-06-21 16:27:25,440 - mazeUtils.moveTile - [moveTile.py:79] - DEBUG - Moving to absDirection.EAST from (19, 20, 0) facing absDirection.WEST
2026-06-21 16:27:25,467 - mazeUtils.moveTile - [moveTile.py:79] - DEBUG - current heading: 93.9 target: 270
2026-06-21 16:27:25,919 - mazeUtils.moveTile - [moveTile.py:371] - INFO - Find victim on RIGHT side during turn: UnitVStatus.R_VICTIM
2026-06-21 16:27:36,051 - mazeUtils.moveTile - [moveTile.py:79] - DEBUG - Turning to 145.21 deg, current heading: 145.21 deg, turnAngle: 0.0 deg
2026-06-21 16:27:36,071 - mazeUtils.moveTile - [moveTile.py:79] - DEBUG - Turned to heading: 145.21 deg
2026-06-21 16:27:36,893 - mazeUtils.moveTile - [moveTile.py:79] - DEBUG - Turning to 145.23 deg, current heading: 145.23 deg, turnAngle: 0.0 deg
2026-06-21 16:27:36,915 - mazeUtils.moveTile - [moveTile.py:79] - DEBUG - Turned to heading: 145.23 deg
2026-06-21 16:27:37,730 - mazeUtils.moveTile - [moveTile.py:79] - DEBUG - Turning to 145.22 deg, current heading: 145.24000000000004 deg, turnAngle: 0.020000000000038654 deg
2026-06-21 16:27:37,752 - mazeUtils.moveTile - [moveTile.py:79] - DEBUG - Turned to heading: 145.24000000000004 deg
2026-06-21 16:27:37,752 - mazeUtils.moveTile - [moveTile.py:383] - INFO - Dropped rescue kit, detected victim info: {<Side.LEFT: 0>: <UnitVStatus.NOTHING: 0>, <Side.RIGHT: 1>: <UnitVStatus.R_VICTIM: 6>}
2026-06-21 16:27:38,891 - mazeUtils.moveTile - [moveTile.py:404] - DEBUG - stopped turning at heading: 264.34000000000003, diff: 5.659999999999968
2026-06-21 16:27:38,945 - mazeUtils.moveTile - [moveTile.py:79] - DEBUG - Turned to heading: 268.5 deg
2026-06-21 16:27:39,017 - mazeUtils.moveTile - [moveTile.py:79] - DEBUG - Little backward to adjust position
2026-06-21 16:27:39,321 - mazeUtils.moveTile - [moveTile.py:1222] - DEBUG - Calculated target steps to next tile: 1 based on distance 30 cm
2026-06-21 16:27:39,329 - picamera2.picamera2 - [picamera2.py:1391] - DEBUG - Execute job: <picamera2.job.Job object at 0x7f92198a10>
2026-06-21 16:27:39,333 - mazeUtils.device.camera - [camera.py:39] - DEBUG - Average HSV: H=169.5, S=18.6, V=225.2
2026-06-21 16:27:39,360 - mazeUtils.moveTile - [moveTile.py:79] - DEBUG - roll: 1.8100000000000023 deg, practicalMoveTime: 0.039317293137074855 sec
2026-06-21 16:27:39,361 - mazeUtils.moveTile - [moveTile.py:1430] - DEBUG - moveTile loop time: 37.9 ms
2026-06-21 16:27:39,367 - picamera2.picamera2 - [picamera2.py:1391] - DEBUG - Execute job: <picamera2.job.Job object at 0x7f8f5c6a10>
2026-06-21 16:27:39,370 - mazeUtils.device.camera - [camera.py:39] - DEBUG - Average HSV: H=169.2, S=18.5, V=224.8
2026-06-21 16:27:39,402 - mazeUtils.moveTile - [moveTile.py:79] - DEBUG - roll: 2.1399999999999864 deg, practicalMoveTime: 0.08042367693393887 sec
2026-06-21 16:27:39,402 - mazeUtils.moveTile - [moveTile.py:1430] - DEBUG - moveTile loop time: 41.2 ms
2026-06-21 16:27:39,406 - picamera2.picamera2 - [picamera2.py:1391] - DEBUG - Execute job: <picamera2.job.Job object at 0x7f8f5c6e50>
2026-06-21 16:27:39,410 - mazeUtils.device.camera - [camera.py:39] - DEBUG - Average HSV: H=169.3, S=18.7, V=225.9
2026-06-21 16:27:39,435 - mazeUtils.moveTile - [moveTile.py:79] - DEBUG - roll: 1.259999999999991 deg, practicalMoveTime: 0.11317470715202656 sec
2026-06-21 16:27:39,436 - mazeUtils.moveTile - [moveTile.py:1430] - DEBUG - moveTile loop time: 33.3 ms
2026-06-21 16:27:39,443 - picamera2.picamera2 - [picamera2.py:1391] - DEBUG - Execute job: <picamera2.job.Job object at 0x7f8f5c7250>
2026-06-21 16:27:39,446 - mazeUtils.device.camera - [camera.py:39] - DEBUG - Average HSV: H=169.5, S=19.0, V=225.4
2026-06-21 16:27:39,477 - mazeUtils.moveTile - [moveTile.py:79] - DEBUG - roll: 0.9699999999999704 deg, practicalMoveTime: 0.15391841745067972 sec
2026-06-21 16:27:39,477 - mazeUtils.moveTile - [moveTile.py:1430] - DEBUG - moveTile loop time: 40.9 ms
2026-06-21 16:27:39,484 - picamera2.picamera2 - [picamera2.py:1391] - DEBUG - Execute job: <picamera2.job.Job object at 0x7f8f5c6e50>
2026-06-21 16:27:39,487 - mazeUtils.device.camera - [camera.py:39] - DEBUG - Average HSV: H=168.8, S=18.8, V=226.4
2026-06-21 16:27:39,516 - mazeUtils.moveTile - [moveTile.py:79] - DEBUG - roll: 0.9599999999999795 deg, practicalMoveTime: 0.19273228164951017 sec
2026-06-21 16:27:39,516 - mazeUtils.moveTile - [moveTile.py:1430] - DEBUG - moveTile loop time: 39.3 ms
2026-06-21 16:27:39,525 - picamera2.picamera2 - [picamera2.py:1391] - DEBUG - Execute job: <picamera2.job.Job object at 0x7f9219a450>
2026-06-21 16:27:39,528 - mazeUtils.device.camera - [camera.py:39] - DEBUG - Average HSV: H=170.8, S=18.9, V=228.8
2026-06-21 16:27:39,556 - mazeUtils.moveTile - [moveTile.py:79] - DEBUG - roll: 1.0399999999999636 deg, practicalMoveTime: 0.2317003848200968 sec
2026-06-21 16:27:39,556 - mazeUtils.moveTile - [moveTile.py:1430] - DEBUG - moveTile loop time: 39.3 ms
2026-06-21 16:27:39,567 - picamera2.picamera2 - [picamera2.py:1391] - DEBUG - Execute job: <picamera2.job.Job object at 0x7f8f5c6a10>
2026-06-21 16:27:39,570 - mazeUtils.device.camera - [camera.py:39] - DEBUG - Average HSV: H=170.3, S=18.8, V=230.4
2026-06-21 16:27:39,599 - mazeUtils.moveTile - [moveTile.py:79] - DEBUG - roll: 359.96999999999997 deg, practicalMoveTime: 0.27446551949139114 sec
2026-06-21 16:27:39,599 - mazeUtils.moveTile - [moveTile.py:1430] - DEBUG - moveTile loop time: 42.9 ms
2026-06-21 16:27:39,609 - picamera2.picamera2 - [picamera2.py:1391] - DEBUG - Execute job: <picamera2.job.Job object at 0x7f8f5c7250>
2026-06-21 16:27:39,612 - mazeUtils.device.camera - [camera.py:39] - DEBUG - Average HSV: H=169.8, S=17.6, V=230.5
2026-06-21 16:27:39,642 - mazeUtils.moveTile - [moveTile.py:79] - DEBUG - roll: 1.829999999999984 deg, practicalMoveTime: 0.31656544696144356 sec
2026-06-21 16:27:39,642 - mazeUtils.moveTile - [moveTile.py:1430] - DEBUG - moveTile loop time: 42.6 ms
2026-06-21 16:27:39,651 - picamera2.picamera2 - [picamera2.py:1391] - DEBUG - Execute job: <picamera2.job.Job object at 0x7f92198550>
2026-06-21 16:27:39,654 - mazeUtils.device.camera - [camera.py:39] - DEBUG - Average HSV: H=171.6, S=18.7, V=230.6
2026-06-21 16:27:39,679 - mazeUtils.moveTile - [moveTile.py:79] - DEBUG - roll: 1.0499999999999545 deg, practicalMoveTime: 0.3533436807598165 sec
2026-06-21 16:27:39,679 - mazeUtils.moveTile - [moveTile.py:1430] - DEBUG - moveTile loop time: 37.0 ms
2026-06-21 16:27:39,687 - picamera2.picamera2 - [picamera2.py:1391] - DEBUG - Execute job: <picamera2.job.Job object at 0x7f92198a10>
2026-06-21 16:27:39,690 - mazeUtils.device.camera - [camera.py:39] - DEBUG - Average HSV: H=172.8, S=19.0, V=231.6
2026-06-21 16:27:39,723 - mazeUtils.moveTile - [moveTile.py:79] - DEBUG - roll: 0.6899999999999977 deg, practicalMoveTime: 0.39663258710397115 sec
2026-06-21 16:27:39,723 - mazeUtils.moveTile - [moveTile.py:1430] - DEBUG - moveTile loop time: 43.9 ms
2026-06-21 16:27:39,731 - picamera2.picamera2 - [picamera2.py:1391] - DEBUG - Execute job: <picamera2.job.Job object at 0x7f8424f290>
2026-06-21 16:27:39,735 - mazeUtils.device.camera - [camera.py:39] - DEBUG - Average HSV: H=171.3, S=17.6, V=233.1
2026-06-21 16:27:39,764 - mazeUtils.moveTile - [moveTile.py:79] - DEBUG - roll: 0.8100000000000023 deg, practicalMoveTime: 0.4370312005777664 sec
2026-06-21 16:27:39,764 - mazeUtils.moveTile - [moveTile.py:1430] - DEBUG - moveTile loop time: 40.4 ms
2026-06-21 16:27:39,769 - picamera2.picamera2 - [picamera2.py:1391] - DEBUG - Execute job: <picamera2.job.Job object at 0x7f8f5c6a10>
2026-06-21 16:27:39,773 - mazeUtils.device.camera - [camera.py:39] - DEBUG - Average HSV: H=167.8, S=17.0, V=233.9
2026-06-21 16:27:39,813 - mazeUtils.moveTile - [moveTile.py:79] - DEBUG - roll: 0.8599999999999568 deg, practicalMoveTime: 0.4856283067444184 sec
2026-06-21 16:27:39,813 - mazeUtils.moveTile - [moveTile.py:1430] - DEBUG - moveTile loop time: 48.8 ms
2026-06-21 16:27:39,825 - picamera2.picamera2 - [picamera2.py:1391] - DEBUG - Execute job: <picamera2.job.Job object at 0x7f92161550>
2026-06-21 16:27:39,828 - mazeUtils.device.camera - [camera.py:39] - DEBUG - Average HSV: H=166.7, S=17.8, V=233.3
2026-06-21 16:27:39,859 - mazeUtils.moveTile - [moveTile.py:79] - DEBUG - roll: 0.45999999999997954 deg, practicalMoveTime: 0.5306877275384517 sec
2026-06-21 16:27:39,859 - mazeUtils.moveTile - [moveTile.py:1430] - DEBUG - moveTile loop time: 45.4 ms
2026-06-21 16:27:39,863 - picamera2.picamera2 - [picamera2.py:1391] - DEBUG - Execute job: <picamera2.job.Job object at 0x7f8424f290>
2026-06-21 16:27:39,867 - mazeUtils.device.camera - [camera.py:39] - DEBUG - Average HSV: H=170.2, S=15.4, V=235.6
2026-06-21 16:27:39,895 - mazeUtils.moveTile - [moveTile.py:79] - DEBUG - roll: 1.509999999999991 deg, practicalMoveTime: 0.5666823896352194 sec
2026-06-21 16:27:39,896 - mazeUtils.moveTile - [moveTile.py:1430] - DEBUG - moveTile loop time: 36.0 ms
2026-06-21 16:27:39,903 - picamera2.picamera2 - [picamera2.py:1391] - DEBUG - Execute job: <picamera2.job.Job object at 0x7f92198a10>
2026-06-21 16:27:39,907 - mazeUtils.device.camera - [camera.py:39] - DEBUG - Average HSV: H=168.8, S=16.9, V=234.0
2026-06-21 16:27:39,936 - mazeUtils.moveTile - [moveTile.py:79] - DEBUG - roll: 1.2199999999999704 deg, practicalMoveTime: 0.6073130543934763 sec
2026-06-21 16:27:39,937 - mazeUtils.moveTile - [moveTile.py:1430] - DEBUG - moveTile loop time: 40.9 ms
2026-06-21 16:27:39,947 - picamera2.picamera2 - [picamera2.py:1391] - DEBUG - Execute job: <picamera2.job.Job object at 0x7f8424f290>
2026-06-21 16:27:39,950 - mazeUtils.device.camera - [camera.py:39] - DEBUG - Average HSV: H=166.7, S=16.6, V=234.6
2026-06-21 16:27:40,540 - mazeUtils.moveTile - [moveTile.py:797] - INFO - Detected victim info ahead: {<Side.LEFT: 0>: <UnitVStatus.NOTHING: 0>, <Side.RIGHT: 1>: <UnitVStatus.S_VICTIM: 2>}
2026-06-21 16:27:40,541 - mazeUtils.moveTile - [moveTile.py:639] - INFO - Detected previously seen victims on Side.RIGHT side: {<UnitVStatus.U_VICTIM: 1>}, max dropped kits: 0. Adjusting needRescueKitCount accordingly.
2026-06-21 16:27:40,558 - mazeUtils.moveTile - [moveTile.py:79] - DEBUG - Turning to 271.59000000000003 deg, current heading: 271.77 deg, turnAngle: 0.17999999999994998 deg
2026-06-21 16:27:40,582 - mazeUtils.moveTile - [moveTile.py:79] - DEBUG - Turned to heading: 271.77 deg
2026-06-21 16:27:41,396 - mazeUtils.moveTile - [moveTile.py:79] - DEBUG - Turning to 270.88 deg, current heading: 271.42 deg, turnAngle: 0.5400000000000205 deg
2026-06-21 16:27:41,415 - mazeUtils.moveTile - [moveTile.py:79] - DEBUG - Turned to heading: 271.42 deg
2026-06-21 16:27:41,953 - mazeUtils.moveTile - [moveTile.py:79] - DEBUG - roll: 0.7400000000000091 deg, practicalMoveTime: 0.6073130543934763 sec
2026-06-21 16:27:41,954 - mazeUtils.moveTile - [moveTile.py:1430] - DEBUG - moveTile loop time: 2016.8 ms
2026-06-21 16:27:41,960 - picamera2.picamera2 - [picamera2.py:1391] - DEBUG - Execute job: <picamera2.job.Job object at 0x7f92198a10>
2026-06-21 16:27:41,963 - mazeUtils.device.camera - [camera.py:39] - DEBUG - Average HSV: H=145.0, S=19.7, V=231.7
2026-06-21 16:27:41,991 - mazeUtils.moveTile - [moveTile.py:79] - DEBUG - roll: 359.91999999999996 deg, practicalMoveTime: 0.6445184758138824 sec
2026-06-21 16:27:41,992 - mazeUtils.moveTile - [moveTile.py:1430] - DEBUG - moveTile loop time: 37.6 ms
2026-06-21 16:27:42,003 - picamera2.picamera2 - [picamera2.py:1391] - DEBUG - Execute job: <picamera2.job.Job object at 0x7f9219a590>
2026-06-21 16:27:42,006 - mazeUtils.device.camera - [camera.py:39] - DEBUG - Average HSV: H=155.8, S=18.9, V=232.2
2026-06-21 16:27:42,038 - mazeUtils.moveTile - [moveTile.py:79] - DEBUG - roll: 359.27 deg, practicalMoveTime: 0.6906484880413806 sec
2026-06-21 16:27:42,038 - mazeUtils.moveTile - [moveTile.py:1430] - DEBUG - moveTile loop time: 46.2 ms
2026-06-21 16:27:42,048 - picamera2.picamera2 - [picamera2.py:1391] - DEBUG - Execute job: <picamera2.job.Job object at 0x7f8f5c6e50>
2026-06-21 16:27:42,051 - mazeUtils.device.camera - [camera.py:39] - DEBUG - Average HSV: H=157.7, S=18.4, V=232.9
2026-06-21 16:27:42,080 - mazeUtils.moveTile - [moveTile.py:79] - DEBUG - roll: 0.19999999999998863 deg, practicalMoveTime: 0.7316528959723347 sec
2026-06-21 16:27:42,080 - mazeUtils.moveTile - [moveTile.py:1430] - DEBUG - moveTile loop time: 41.3 ms
2026-06-21 16:27:42,091 - picamera2.picamera2 - [picamera2.py:1391] - DEBUG - Execute job: <picamera2.job.Job object at 0x7f8f5c7250>
2026-06-21 16:27:42,094 - mazeUtils.device.camera - [camera.py:39] - DEBUG - Average HSV: H=164.1, S=16.8, V=234.0
2026-06-21 16:27:42,123 - mazeUtils.moveTile - [moveTile.py:79] - DEBUG - roll: 0.5499999999999545 deg, practicalMoveTime: 0.7750182837696814 sec
2026-06-21 16:27:42,124 - mazeUtils.moveTile - [moveTile.py:1430] - DEBUG - moveTile loop time: 42.2 ms
2026-06-21 16:27:42,130 - picamera2.picamera2 - [picamera2.py:1391] - DEBUG - Execute job: <picamera2.job.Job object at 0x7f9219a450>
2026-06-21 16:27:42,134 - mazeUtils.device.camera - [camera.py:39] - DEBUG - Average HSV: H=161.9, S=16.6, V=234.1
2026-06-21 16:27:42,163 - mazeUtils.moveTile - [moveTile.py:79] - DEBUG - roll: 0.21999999999997044 deg, practicalMoveTime: 0.814277189689154 sec
2026-06-21 16:27:42,164 - mazeUtils.moveTile - [moveTile.py:1430] - DEBUG - moveTile loop time: 39.8 ms
2026-06-21 16:27:42,170 - picamera2.picamera2 - [picamera2.py:1391] - DEBUG - Execute job: <picamera2.job.Job object at 0x7f9219a590>
2026-06-21 16:27:42,173 - mazeUtils.device.camera - [camera.py:39] - DEBUG - Average HSV: H=170.3, S=16.7, V=232.4
2026-06-21 16:27:42,201 - mazeUtils.moveTile - [moveTile.py:1375] - INFO - practicalVerticalMove: 0.4354355529723998 CM
2026-06-21 16:27:42,301 - mazeUtils.moveTile - [moveTile.py:529] - DEBUG - Direction: absDirection.NORTH, Angle: 90, Distance: 47.72064428450553 cm
2026-06-21 16:27:42,302 - mazeUtils.moveTile - [moveTile.py:529] - DEBUG - Direction: absDirection.EAST, Angle: 0, Distance: 107.55419226692555 cm
2026-06-21 16:27:42,303 - mazeUtils.moveTile - [moveTile.py:529] - DEBUG - Direction: absDirection.SOUTH, Angle: 270, Distance: 17.309185492061257 cm
2026-06-21 16:27:42,304 - mazeUtils.moveTile - [moveTile.py:574] - WARNING - Inconsistent wall detection at absDirection.SOUTH: distance=17.309185492061257 cm, map wall type=wallType.U_VICTIM
2026-06-21 16:27:42,305 - mazeUtils.moveTile - [moveTile.py:529] - DEBUG - Direction: absDirection.WEST, Angle: 180, Distance: 47.983956459888944 cm
2026-06-21 16:27:42,307 - mazeUtils.moveTile - [moveTile.py:1774] - INFO - Tile color detection counts: {}, decided tile type: E
2026-06-21 16:27:42,368 - __main__ - [main.py:92] - INFO - Current position: (20, 20, 0), front direction: absDirection.EAST
Layer 0 (altitude=0.0cm, offset=(0.0cm, 0.0cm)):
Known map area: x=19..23, y=19..20
+   +---+   +   +---+
  U | E   E   E   E |
+---+   +---+---+   +
| E   @   E   E   E |
+---+---+---+---+---+
mazeAsGraph[0][19][20] = {absDirection.NORTH: None, absDirection.EAST: (21, 19, 0, 30), absDirection.SOUTH: (20, 20, 0, 30), absDirection.WEST: None}
mazeAsGraph[0][19][21] = {absDirection.NORTH: (21, 18, 0, 30), absDirection.EAST: (22, 19, 0, 30), absDirection.SOUTH: None, absDirection.WEST: (20, 19, 0, 30)}
mazeAsGraph[0][19][22] = {absDirection.NORTH: (22, 18, 0, 30), absDirection.EAST: (23, 19, 0, 30), absDirection.SOUTH: None, absDirection.WEST: (21, 19, 0, 30)}
mazeAsGraph[0][19][23] = {absDirection.NORTH: None, absDirection.EAST: None, absDirection.SOUTH: (23, 20, 0, 30), absDirection.WEST: (22, 19, 0, 30)}
mazeAsGraph[0][20][19] = {absDirection.NORTH: None, absDirection.EAST: (20, 20, 0, 30), absDirection.SOUTH: None, absDirection.WEST: None}
mazeAsGraph[0][20][20] = {absDirection.NORTH: (20, 19, 0, 30), absDirection.EAST: (21, 20, 0, 30), absDirection.SOUTH: None, absDirection.WEST: (19, 20, 0, 30)}
mazeAsGraph[0][20][21] = {absDirection.NORTH: None, absDirection.EAST: (22, 20, 0, 30), absDirection.SOUTH: None, absDirection.WEST: (20, 20, 0, 30)}
mazeAsGraph[0][20][22] = {absDirection.NORTH: None, absDirection.EAST: (23, 20, 0, 30), absDirection.SOUTH: None, absDirection.WEST: (21, 20, 0, 30)}
mazeAsGraph[0][20][23] = {absDirection.NORTH: (23, 19, 0, 30), absDirection.EAST: None, absDirection.SOUTH: None, absDirection.WEST: (22, 20, 0, 30)}
2026-06-21 16:27:42,382 - mazeUtils.moveTile - [moveTile.py:79] - DEBUG - Moving to absDirection.NORTH from (20, 20, 0) facing absDirection.EAST
2026-06-21 16:27:42,408 - mazeUtils.moveTile - [moveTile.py:79] - DEBUG - current heading: 270.79 target: 0
2026-06-21 16:27:43,218 - mazeUtils.moveTile - [moveTile.py:404] - DEBUG - stopped turning at heading: 354.69, diff: 5.310000000000002
2026-06-21 16:27:43,270 - mazeUtils.moveTile - [moveTile.py:79] - DEBUG - Turned to heading: 0.4300000000000068 deg
2026-06-21 16:27:43,317 - mazeUtils.moveTile - [moveTile.py:79] - DEBUG - Little backward to adjust position
2026-06-21 16:27:43,516 - mazeUtils.moveTile - [moveTile.py:1222] - DEBUG - Calculated target steps to next tile: 1 based on distance 30 cm
2026-06-21 16:27:43,520 - picamera2.picamera2 - [picamera2.py:1391] - DEBUG - Execute job: <picamera2.job.Job object at 0x7f8feb1d10>
2026-06-21 16:27:43,523 - mazeUtils.device.camera - [camera.py:39] - DEBUG - Average HSV: H=6.1, S=23.5, V=243.3
2026-06-21 16:27:43,557 - mazeUtils.moveTile - [moveTile.py:79] - DEBUG - roll: 359.47999999999996 deg, practicalMoveTime: 0.041416846617331735 sec
2026-06-21 16:27:43,557 - mazeUtils.moveTile - [moveTile.py:1430] - DEBUG - moveTile loop time: 41.0 ms
2026-06-21 16:27:43,563 - picamera2.picamera2 - [picamera2.py:1391] - DEBUG - Execute job: <picamera2.job.Job object at 0x7f8f5c6a10>
2026-06-21 16:27:43,566 - mazeUtils.device.camera - [camera.py:39] - DEBUG - Average HSV: H=6.4, S=23.5, V=244.9
2026-06-21 16:27:43,594 - mazeUtils.moveTile - [moveTile.py:79] - DEBUG - roll: 0.6800000000000068 deg, practicalMoveTime: 0.07787896969081812 sec
2026-06-21 16:27:43,594 - mazeUtils.moveTile - [moveTile.py:1430] - DEBUG - moveTile loop time: 36.7 ms
2026-06-21 16:27:43,599 - picamera2.picamera2 - [picamera2.py:1391] - DEBUG - Execute job: <picamera2.job.Job object at 0x7f6cf7e250>
2026-06-21 16:27:43,602 - mazeUtils.device.camera - [camera.py:39] - DEBUG - Average HSV: H=6.1, S=23.1, V=245.5
2026-06-21 16:27:43,635 - mazeUtils.moveTile - [moveTile.py:79] - DEBUG - roll: 0.45999999999997954 deg, practicalMoveTime: 0.1187516567531173 sec
2026-06-21 16:27:43,636 - mazeUtils.moveTile - [moveTile.py:1430] - DEBUG - moveTile loop time: 41.1 ms
2026-06-21 16:27:43,642 - picamera2.picamera2 - [picamera2.py:1391] - DEBUG - Execute job: <picamera2.job.Job object at 0x7f921bc890>
2026-06-21 16:27:43,645 - mazeUtils.device.camera - [camera.py:39] - DEBUG - Average HSV: H=8.1, S=25.4, V=245.9
2026-06-21 16:27:43,673 - mazeUtils.moveTile - [moveTile.py:79] - DEBUG - roll: 0.01999999999998181 deg, practicalMoveTime: 0.15595305905821136 sec
2026-06-21 16:27:43,673 - mazeUtils.moveTile - [moveTile.py:1430] - DEBUG - moveTile loop time: 37.5 ms
2026-06-21 16:27:43,680 - picamera2.picamera2 - [picamera2.py:1391] - DEBUG - Execute job: <picamera2.job.Job object at 0x7f8feb1d10>
2026-06-21 16:27:43,683 - mazeUtils.device.camera - [camera.py:39] - DEBUG - Average HSV: H=60.4, S=26.0, V=229.6
2026-06-21 16:27:43,715 - mazeUtils.moveTile - [moveTile.py:79] - DEBUG - roll: 359.93 deg, practicalMoveTime: 0.19745693433332379 sec
2026-06-21 16:27:43,716 - mazeUtils.moveTile - [moveTile.py:1430] - DEBUG - moveTile loop time: 42.0 ms
2026-06-21 16:27:43,721 - picamera2.picamera2 - [picamera2.py:1391] - DEBUG - Execute job: <picamera2.job.Job object at 0x7f6cfb7e90>
2026-06-21 16:27:43,725 - mazeUtils.device.camera - [camera.py:39] - DEBUG - Average HSV: H=156.3, S=14.1, V=229.5
2026-06-21 16:27:43,753 - mazeUtils.moveTile - [moveTile.py:79] - DEBUG - roll: 359.84999999999997 deg, practicalMoveTime: 0.23471853111152602 sec
2026-06-21 16:27:43,753 - mazeUtils.moveTile - [moveTile.py:1430] - DEBUG - moveTile loop time: 37.4 ms
2026-06-21 16:27:43,759 - picamera2.picamera2 - [picamera2.py:1391] - DEBUG - Execute job: <picamera2.job.Job object at 0x7f921bc890>
2026-06-21 16:27:43,762 - mazeUtils.device.camera - [camera.py:39] - DEBUG - Average HSV: H=155.8, S=13.1, V=231.1
2026-06-21 16:27:43,796 - mazeUtils.moveTile - [moveTile.py:79] - DEBUG - roll: 0.9900000000000091 deg, practicalMoveTime: 0.27733735710436036 sec
2026-06-21 16:27:43,796 - mazeUtils.moveTile - [moveTile.py:1430] - DEBUG - moveTile loop time: 43.0 ms
2026-06-21 16:27:43,802 - picamera2.picamera2 - [picamera2.py:1391] - DEBUG - Execute job: <picamera2.job.Job object at 0x7f6cfb7fd0>
2026-06-21 16:27:43,807 - mazeUtils.device.camera - [camera.py:39] - DEBUG - Average HSV: H=136.2, S=14.6, V=236.8
2026-06-21 16:27:43,838 - mazeUtils.moveTile - [moveTile.py:79] - DEBUG - roll: 0.5499999999999545 deg, practicalMoveTime: 0.31924488246173705 sec
2026-06-21 16:27:43,839 - mazeUtils.moveTile - [moveTile.py:1430] - DEBUG - moveTile loop time: 42.1 ms
2026-06-21 16:27:43,843 - picamera2.picamera2 - [picamera2.py:1391] - DEBUG - Execute job: <picamera2.job.Job object at 0x7f921bc890>
2026-06-21 16:27:43,846 - mazeUtils.device.camera - [camera.py:39] - DEBUG - Average HSV: H=49.4, S=17.3, V=247.2
2026-06-21 16:27:43,880 - mazeUtils.moveTile - [moveTile.py:79] - DEBUG - roll: 0.2599999999999909 deg, practicalMoveTime: 0.3603766706475635 sec
2026-06-21 16:27:43,881 - mazeUtils.moveTile - [moveTile.py:1430] - DEBUG - moveTile loop time: 41.4 ms
2026-06-21 16:27:43,887 - picamera2.picamera2 - [picamera2.py:1391] - DEBUG - Execute job: <picamera2.job.Job object at 0x7f84240ed0>
2026-06-21 16:27:43,890 - mazeUtils.device.camera - [camera.py:39] - DEBUG - Average HSV: H=3.9, S=19.0, V=250.8
2026-06-21 16:27:43,918 - mazeUtils.moveTile - [moveTile.py:79] - DEBUG - roll: 1.6099999999999568 deg, practicalMoveTime: 0.3974289740988306 sec
2026-06-21 16:27:43,919 - mazeUtils.moveTile - [moveTile.py:1430] - DEBUG - moveTile loop time: 37.7 ms
2026-06-21 16:27:43,924 - picamera2.picamera2 - [picamera2.py:1391] - DEBUG - Execute job: <picamera2.job.Job object at 0x7f6cfb7e90>
2026-06-21 16:27:43,929 - mazeUtils.device.camera - [camera.py:39] - DEBUG - Average HSV: H=7.4, S=18.7, V=252.6
2026-06-21 16:27:43,966 - mazeUtils.moveTile - [moveTile.py:79] - DEBUG - roll: 0.6200000000000045 deg, practicalMoveTime: 0.44441471031237023 sec
2026-06-21 16:27:43,967 - mazeUtils.moveTile - [moveTile.py:1430] - DEBUG - moveTile loop time: 47.6 ms
2026-06-21 16:27:43,972 - picamera2.picamera2 - [picamera2.py:1391] - DEBUG - Execute job: <picamera2.job.Job object at 0x7f8feb1d10>
2026-06-21 16:27:43,977 - mazeUtils.device.camera - [camera.py:39] - DEBUG - Average HSV: H=44.0, S=18.1, V=250.7
2026-06-21 16:27:44,006 - mazeUtils.moveTile - [moveTile.py:79] - DEBUG - roll: 1.009999999999991 deg, practicalMoveTime: 0.48355362133619434 sec
2026-06-21 16:27:44,007 - mazeUtils.moveTile - [moveTile.py:1430] - DEBUG - moveTile loop time: 39.6 ms
2026-06-21 16:27:44,012 - picamera2.picamera2 - [picamera2.py:1391] - DEBUG - Execute job: <picamera2.job.Job object at 0x7f6cfb7f90>
2026-06-21 16:27:44,018 - mazeUtils.device.camera - [camera.py:39] - DEBUG - Average HSV: H=152.0, S=15.0, V=241.9
2026-06-21 16:27:44,050 - mazeUtils.moveTile - [moveTile.py:79] - DEBUG - roll: 1.3100000000000023 deg, practicalMoveTime: 0.5264122229336134 sec
2026-06-21 16:27:44,051 - mazeUtils.moveTile - [moveTile.py:1430] - DEBUG - moveTile loop time: 43.0 ms
2026-06-21 16:27:44,056 - picamera2.picamera2 - [picamera2.py:1391] - DEBUG - Execute job: <picamera2.job.Job object at 0x7f6cf7e1d0>
2026-06-21 16:27:44,061 - mazeUtils.device.camera - [camera.py:39] - DEBUG - Average HSV: H=160.4, S=12.6, V=247.8
2026-06-21 16:27:44,091 - mazeUtils.moveTile - [moveTile.py:79] - DEBUG - roll: 0.25 deg, practicalMoveTime: 0.566263270654997 sec
2026-06-21 16:27:44,092 - mazeUtils.moveTile - [moveTile.py:1430] - DEBUG - moveTile loop time: 40.6 ms
2026-06-21 16:27:44,099 - picamera2.picamera2 - [picamera2.py:1391] - DEBUG - Execute job: <picamera2.job.Job object at 0x7f6cf7e210>
2026-06-21 16:27:44,104 - mazeUtils.device.camera - [camera.py:39] - DEBUG - Average HSV: H=161.5, S=13.0, V=246.4
2026-06-21 16:27:44,136 - mazeUtils.moveTile - [moveTile.py:79] - DEBUG - roll: 0.9199999999999591 deg, practicalMoveTime: 0.6099900377617422 sec
2026-06-21 16:27:44,136 - mazeUtils.moveTile - [moveTile.py:1430] - DEBUG - moveTile loop time: 44.1 ms
2026-06-21 16:27:44,143 - picamera2.picamera2 - [picamera2.py:1391] - DEBUG - Execute job: <picamera2.job.Job object at 0x7f84240b50>
2026-06-21 16:27:44,147 - mazeUtils.device.camera - [camera.py:39] - DEBUG - Average HSV: H=10.3, S=18.2, V=253.3
2026-06-21 16:27:44,174 - mazeUtils.moveTile - [moveTile.py:79] - DEBUG - roll: 0.9799999999999613 deg, practicalMoveTime: 0.6474327278798775 sec
2026-06-21 16:27:44,174 - mazeUtils.moveTile - [moveTile.py:1430] - DEBUG - moveTile loop time: 37.3 ms
2026-06-21 16:27:44,187 - picamera2.picamera2 - [picamera2.py:1391] - DEBUG - Execute job: <picamera2.job.Job object at 0x7f8feb1d10>
2026-06-21 16:27:44,192 - mazeUtils.device.camera - [camera.py:39] - DEBUG - Average HSV: H=21.3, S=17.7, V=254.5
2026-06-21 16:27:44,218 - mazeUtils.moveTile - [moveTile.py:79] - DEBUG - roll: 1.089999999999975 deg, practicalMoveTime: 0.6910578165427865 sec
2026-06-21 16:27:44,219 - mazeUtils.moveTile - [moveTile.py:1430] - DEBUG - moveTile loop time: 44.0 ms
2026-06-21 16:27:44,225 - picamera2.picamera2 - [picamera2.py:1391] - DEBUG - Execute job: <picamera2.job.Job object at 0x7f921bcbd0>
2026-06-21 16:27:44,230 - mazeUtils.device.camera - [camera.py:39] - DEBUG - Average HSV: H=33.8, S=17.1, V=254.8
2026-06-21 16:27:44,258 - mazeUtils.moveTile - [moveTile.py:79] - DEBUG - roll: 0.7799999999999727 deg, practicalMoveTime: 0.7304907409742866 sec
2026-06-21 16:27:44,259 - mazeUtils.moveTile - [moveTile.py:1430] - DEBUG - moveTile loop time: 38.6 ms
2026-06-21 16:27:44,265 - picamera2.picamera2 - [picamera2.py:1391] - DEBUG - Execute job: <picamera2.job.Job object at 0x7f6cfb7f90>
2026-06-21 16:27:44,270 - mazeUtils.device.camera - [camera.py:39] - DEBUG - Average HSV: H=105.3, S=15.5, V=255.0
2026-06-21 16:27:44,299 - mazeUtils.moveTile - [moveTile.py:79] - DEBUG - roll: 0.7999999999999545 deg, practicalMoveTime: 0.7710112735372361 sec
2026-06-21 16:27:44,300 - mazeUtils.moveTile - [moveTile.py:1430] - DEBUG - moveTile loop time: 40.8 ms
2026-06-21 16:27:44,305 - picamera2.picamera2 - [picamera2.py:1391] - DEBUG - Execute job: <picamera2.job.Job object at 0x7f84240b50>
2026-06-21 16:27:44,310 - mazeUtils.device.camera - [camera.py:39] - DEBUG - Average HSV: H=130.8, S=15.6, V=255.0
2026-06-21 16:27:44,345 - mazeUtils.moveTile - [moveTile.py:79] - DEBUG - roll: 0.47999999999996135 deg, practicalMoveTime: 0.8162746444472156 sec
2026-06-21 16:27:44,346 - mazeUtils.moveTile - [moveTile.py:1430] - DEBUG - moveTile loop time: 45.9 ms
2026-06-21 16:27:44,351 - picamera2.picamera2 - [picamera2.py:1391] - DEBUG - Execute job: <picamera2.job.Job object at 0x7f921bcbd0>
2026-06-21 16:27:44,357 - mazeUtils.device.camera - [camera.py:39] - DEBUG - Average HSV: H=161.0, S=13.4, V=255.0
2026-06-21 16:27:44,385 - mazeUtils.moveTile - [moveTile.py:1375] - INFO - practicalVerticalMove: 0.32338509320221764 CM
2026-06-21 16:27:44,430 - mazeUtils.moveTile - [moveTile.py:79] - DEBUG - Little forward to adjust position
2026-06-21 16:27:44,701 - mazeUtils.moveTile - [moveTile.py:529] - DEBUG - Direction: absDirection.NORTH, Angle: 0, Distance: 13.724249229492818 cm
2026-06-21 16:27:44,703 - mazeUtils.moveTile - [moveTile.py:529] - DEBUG - Direction: absDirection.EAST, Angle: 270, Distance: 135.87983501937538 cm
2026-06-21 16:27:44,705 - mazeUtils.moveTile - [moveTile.py:529] - DEBUG - Direction: absDirection.SOUTH, Angle: 180, Distance: 53.465901348046025 cm
2026-06-21 16:27:44,707 - mazeUtils.moveTile - [moveTile.py:529] - DEBUG - Direction: absDirection.WEST, Angle: 90, Distance: 17.55542536439829 cm
2026-06-21 16:27:44,709 - mazeUtils.moveTile - [moveTile.py:1774] - INFO - Tile color detection counts: {}, decided tile type: E
2026-06-21 16:27:44,788 - __main__ - [main.py:92] - INFO - Current position: (20, 19, 0), front direction: absDirection.NORTH
Layer 0 (altitude=0.0cm, offset=(0.0cm, 0.0cm)):
Known map area: x=19..23, y=19..20
+   +---+   +   +---+
  U | @   E   E   E |
+---+   +---+---+   +
| E   E   E   E   E |
+---+---+---+---+---+
mazeAsGraph[0][19][20] = {absDirection.NORTH: None, absDirection.EAST: (21, 19, 0, 30), absDirection.SOUTH: (20, 20, 0, 30), absDirection.WEST: None}
mazeAsGraph[0][19][21] = {absDirection.NORTH: (21, 18, 0, 30), absDirection.EAST: (22, 19, 0, 30), absDirection.SOUTH: None, absDirection.WEST: (20, 19, 0, 30)}
mazeAsGraph[0][19][22] = {absDirection.NORTH: (22, 18, 0, 30), absDirection.EAST: (23, 19, 0, 30), absDirection.SOUTH: None, absDirection.WEST: (21, 19, 0, 30)}
mazeAsGraph[0][19][23] = {absDirection.NORTH: None, absDirection.EAST: None, absDirection.SOUTH: (23, 20, 0, 30), absDirection.WEST: (22, 19, 0, 30)}
mazeAsGraph[0][20][19] = {absDirection.NORTH: None, absDirection.EAST: (20, 20, 0, 30), absDirection.SOUTH: None, absDirection.WEST: None}
mazeAsGraph[0][20][20] = {absDirection.NORTH: (20, 19, 0, 30), absDirection.EAST: (21, 20, 0, 30), absDirection.SOUTH: None, absDirection.WEST: (19, 20, 0, 30)}
mazeAsGraph[0][20][21] = {absDirection.NORTH: None, absDirection.EAST: (22, 20, 0, 30), absDirection.SOUTH: None, absDirection.WEST: (20, 20, 0, 30)}
mazeAsGraph[0][20][22] = {absDirection.NORTH: None, absDirection.EAST: (23, 20, 0, 30), absDirection.SOUTH: None, absDirection.WEST: (21, 20, 0, 30)}
mazeAsGraph[0][20][23] = {absDirection.NORTH: (23, 19, 0, 30), absDirection.EAST: None, absDirection.SOUTH: None, absDirection.WEST: (22, 20, 0, 30)}
2026-06-21 16:27:44,803 - mazeUtils.moveTile - [moveTile.py:79] - DEBUG - Moving to absDirection.EAST from (20, 19, 0) facing absDirection.NORTH
2026-06-21 16:27:44,830 - mazeUtils.moveTile - [moveTile.py:79] - DEBUG - current heading: 0.010000000000019327 target: 270
2026-06-21 16:27:45,678 - mazeUtils.moveTile - [moveTile.py:404] - DEBUG - stopped turning at heading: 275.49, diff: 5.490000000000009
2026-06-21 16:27:45,750 - mazeUtils.moveTile - [moveTile.py:79] - DEBUG - Turned to heading: 271.74 deg
2026-06-21 16:27:45,806 - mazeUtils.moveTile - [moveTile.py:79] - DEBUG - Little backward to adjust position
2026-06-21 16:27:46,105 - mazeUtils.moveTile - [moveTile.py:1222] - DEBUG - Calculated target steps to next tile: 1 based on distance 30 cm
2026-06-21 16:27:46,114 - picamera2.picamera2 - [picamera2.py:1391] - DEBUG - Execute job: <picamera2.job.Job object at 0x7f841afd50>
2026-06-21 16:27:46,117 - mazeUtils.device.camera - [camera.py:39] - DEBUG - Average HSV: H=158.6, S=12.0, V=240.6
2026-06-21 16:27:46,145 - mazeUtils.moveTile - [moveTile.py:79] - DEBUG - roll: 1.8899999999999864 deg, practicalMoveTime: 0.04001132352317771 sec
2026-06-21 16:27:46,146 - mazeUtils.moveTile - [moveTile.py:1430] - DEBUG - moveTile loop time: 39.0 ms
2026-06-21 16:27:46,150 - picamera2.picamera2 - [picamera2.py:1391] - DEBUG - Execute job: <picamera2.job.Job object at 0x7f852282d0>
2026-06-21 16:27:46,153 - mazeUtils.device.camera - [camera.py:39] - DEBUG - Average HSV: H=161.5, S=11.8, V=244.9
2026-06-21 16:27:46,180 - mazeUtils.moveTile - [moveTile.py:79] - DEBUG - roll: 2.4399999999999977 deg, practicalMoveTime: 0.07461975273992227 sec
2026-06-21 16:27:46,181 - mazeUtils.moveTile - [moveTile.py:1430] - DEBUG - moveTile loop time: 34.8 ms
2026-06-21 16:27:46,186 - picamera2.picamera2 - [picamera2.py:1391] - DEBUG - Execute job: <picamera2.job.Job object at 0x7f921bcbd0>
2026-06-21 16:27:46,189 - mazeUtils.device.camera - [camera.py:39] - DEBUG - Average HSV: H=164.5, S=11.2, V=251.8
2026-06-21 16:27:46,217 - mazeUtils.moveTile - [moveTile.py:79] - DEBUG - roll: 3.339999999999975 deg, practicalMoveTime: 0.11077592238163285 sec
2026-06-21 16:27:46,217 - mazeUtils.moveTile - [moveTile.py:1430] - DEBUG - moveTile loop time: 36.4 ms
2026-06-21 16:27:46,223 - picamera2.picamera2 - [picamera2.py:1391] - DEBUG - Execute job: <picamera2.job.Job object at 0x7f841afd50>
2026-06-21 16:27:46,227 - mazeUtils.device.camera - [camera.py:39] - DEBUG - Average HSV: H=123.5, S=12.3, V=255.0
2026-06-21 16:27:46,256 - mazeUtils.moveTile - [moveTile.py:79] - DEBUG - roll: 4.509999999999991 deg, practicalMoveTime: 0.14871517220950342 sec
2026-06-21 16:27:46,256 - mazeUtils.moveTile - [moveTile.py:1430] - DEBUG - moveTile loop time: 38.3 ms
2026-06-21 16:27:46,265 - picamera2.picamera2 - [picamera2.py:1391] - DEBUG - Execute job: <picamera2.job.Job object at 0x7f996e8710>
2026-06-21 16:27:46,268 - mazeUtils.device.camera - [camera.py:39] - DEBUG - Average HSV: H=97.4, S=13.2, V=254.6
2026-06-21 16:27:46,298 - mazeUtils.moveTile - [moveTile.py:79] - DEBUG - roll: 2.7099999999999795 deg, practicalMoveTime: 0.19083853489956182 sec
2026-06-21 16:27:46,299 - mazeUtils.moveTile - [moveTile.py:1430] - DEBUG - moveTile loop time: 42.4 ms
2026-06-21 16:27:46,305 - picamera2.picamera2 - [picamera2.py:1391] - DEBUG - Execute job: <picamera2.job.Job object at 0x7f995a8110>
2026-06-21 16:27:46,308 - mazeUtils.device.camera - [camera.py:39] - DEBUG - Average HSV: H=65.9, S=14.9, V=254.2
2026-06-21 16:27:46,338 - mazeUtils.moveTile - [moveTile.py:79] - DEBUG - roll: 0.6599999999999682 deg, practicalMoveTime: 0.230353554171525 sec
2026-06-21 16:27:46,339 - mazeUtils.moveTile - [moveTile.py:1430] - DEBUG - moveTile loop time: 39.8 ms
2026-06-21 16:27:46,343 - picamera2.picamera2 - [picamera2.py:1391] - DEBUG - Execute job: <picamera2.job.Job object at 0x7f8522a290>
2026-06-21 16:27:46,346 - mazeUtils.device.camera - [camera.py:39] - DEBUG - Average HSV: H=62.2, S=15.7, V=253.0
2026-06-21 16:27:46,376 - mazeUtils.moveTile - [moveTile.py:79] - DEBUG - roll: 0.6499999999999773 deg, practicalMoveTime: 0.26782553654863755 sec
2026-06-21 16:27:46,377 - mazeUtils.moveTile - [moveTile.py:1430] - DEBUG - moveTile loop time: 37.7 ms
2026-06-21 16:27:46,382 - picamera2.picamera2 - [picamera2.py:1391] - DEBUG - Execute job: <picamera2.job.Job object at 0x7f995aa8d0>
2026-06-21 16:27:46,385 - mazeUtils.device.camera - [camera.py:39] - DEBUG - Average HSV: H=108.4, S=13.3, V=254.8
2026-06-21 16:27:46,418 - mazeUtils.moveTile - [moveTile.py:79] - DEBUG - roll: 1.009999999999991 deg, practicalMoveTime: 0.30881667211447567 sec
2026-06-21 16:27:46,418 - mazeUtils.moveTile - [moveTile.py:1430] - DEBUG - moveTile loop time: 41.3 ms
2026-06-21 16:27:46,424 - picamera2.picamera2 - [picamera2.py:1391] - DEBUG - Execute job: <picamera2.job.Job object at 0x7f841afd50>
2026-06-21 16:27:46,428 - mazeUtils.device.camera - [camera.py:39] - DEBUG - Average HSV: H=53.0, S=15.0, V=254.3
2026-06-21 16:27:46,458 - mazeUtils.moveTile - [moveTile.py:79] - DEBUG - roll: 1.1599999999999682 deg, practicalMoveTime: 0.34808331571011303 sec
2026-06-21 16:27:46,458 - mazeUtils.moveTile - [moveTile.py:1430] - DEBUG - moveTile loop time: 39.2 ms
2026-06-21 16:27:46,464 - picamera2.picamera2 - [picamera2.py:1391] - DEBUG - Execute job: <picamera2.job.Job object at 0x7f995a8110>
2026-06-21 16:27:46,468 - mazeUtils.device.camera - [camera.py:39] - DEBUG - Average HSV: H=58.7, S=14.7, V=253.8
2026-06-21 16:27:46,504 - mazeUtils.moveTile - [moveTile.py:79] - DEBUG - roll: 5.839999999999975 deg, practicalMoveTime: 0.39409266713131363 sec
2026-06-21 16:27:46,505 - mazeUtils.moveTile - [moveTile.py:1430] - DEBUG - moveTile loop time: 46.4 ms
2026-06-21 16:27:46,509 - picamera2.picamera2 - [picamera2.py:1391] - DEBUG - Execute job: <picamera2.job.Job object at 0x7fa5d0a6d0>
2026-06-21 16:27:46,512 - mazeUtils.device.camera - [camera.py:39] - DEBUG - Average HSV: H=59.5, S=15.2, V=252.1
2026-06-21 16:27:46,543 - mazeUtils.moveTile - [moveTile.py:79] - DEBUG - roll: 2.3799999999999955 deg, practicalMoveTime: 0.4316712310621158 sec
2026-06-21 16:27:46,543 - mazeUtils.moveTile - [moveTile.py:1430] - DEBUG - moveTile loop time: 38.0 ms
2026-06-21 16:27:46,549 - picamera2.picamera2 - [picamera2.py:1391] - DEBUG - Execute job: <picamera2.job.Job object at 0x7f841afd50>
2026-06-21 16:27:46,553 - mazeUtils.device.camera - [camera.py:39] - DEBUG - Average HSV: H=42.1, S=18.4, V=242.9
2026-06-21 16:27:46,583 - mazeUtils.moveTile - [moveTile.py:79] - DEBUG - roll: 2.9399999999999977 deg, practicalMoveTime: 0.4716621178692351 sec
2026-06-21 16:27:46,584 - mazeUtils.moveTile - [moveTile.py:1430] - DEBUG - moveTile loop time: 40.1 ms
2026-06-21 16:27:46,590 - picamera2.picamera2 - [picamera2.py:1391] - DEBUG - Execute job: <picamera2.job.Job object at 0x7f995a8110>
2026-06-21 16:27:46,593 - mazeUtils.device.camera - [camera.py:39] - DEBUG - Average HSV: H=34.2, S=19.7, V=239.8
2026-06-21 16:27:46,618 - mazeUtils.moveTile - [moveTile.py:79] - DEBUG - roll: 0.13999999999998636 deg, practicalMoveTime: 0.5060224240778103 sec
2026-06-21 16:27:46,618 - mazeUtils.moveTile - [moveTile.py:1430] - DEBUG - moveTile loop time: 34.6 ms
2026-06-21 16:27:46,628 - picamera2.picamera2 - [picamera2.py:1391] - DEBUG - Execute job: <picamera2.job.Job object at 0x7f921bcbd0>
2026-06-21 16:27:46,631 - mazeUtils.device.camera - [camera.py:39] - DEBUG - Average HSV: H=96.6, S=18.1, V=233.5
2026-06-21 16:27:46,660 - mazeUtils.moveTile - [moveTile.py:79] - DEBUG - roll: 0.03999999999996362 deg, practicalMoveTime: 0.5471477116022118 sec
2026-06-21 16:27:46,660 - mazeUtils.moveTile - [moveTile.py:1430] - DEBUG - moveTile loop time: 41.3 ms
2026-06-21 16:27:46,667 - picamera2.picamera2 - [picamera2.py:1391] - DEBUG - Execute job: <picamera2.job.Job object at 0x7f841affd0>
2026-06-21 16:27:46,671 - mazeUtils.device.camera - [camera.py:39] - DEBUG - Average HSV: H=126.8, S=17.7, V=232.3
2026-06-21 16:27:46,698 - mazeUtils.moveTile - [moveTile.py:79] - DEBUG - roll: 357.35999999999996 deg, practicalMoveTime: 0.5846471132871894 sec
2026-06-21 16:27:46,698 - mazeUtils.moveTile - [moveTile.py:1430] - DEBUG - moveTile loop time: 37.8 ms
2026-06-21 16:27:46,702 - picamera2.picamera2 - [picamera2.py:1391] - DEBUG - Execute job: <picamera2.job.Job object at 0x7f995a8110>
2026-06-21 16:27:46,706 - mazeUtils.device.camera - [camera.py:39] - DEBUG - Average HSV: H=40.8, S=15.3, V=252.1
2026-06-21 16:27:46,733 - mazeUtils.moveTile - [moveTile.py:79] - DEBUG - roll: 359.03 deg, practicalMoveTime: 0.6194951002883965 sec
2026-06-21 16:27:46,733 - mazeUtils.moveTile - [moveTile.py:1430] - DEBUG - moveTile loop time: 35.0 ms
2026-06-21 16:27:46,737 - picamera2.picamera2 - [picamera2.py:1391] - DEBUG - Execute job: <picamera2.job.Job object at 0x7f995a8110>
2026-06-21 16:27:46,740 - mazeUtils.device.camera - [camera.py:39] - DEBUG - Average HSV: H=36.9, S=16.7, V=249.8
2026-06-21 16:27:46,775 - mazeUtils.moveTile - [moveTile.py:79] - DEBUG - roll: 359.51 deg, practicalMoveTime: 0.6610623362599815 sec
2026-06-21 16:27:46,775 - mazeUtils.moveTile - [moveTile.py:1430] - DEBUG - moveTile loop time: 41.8 ms
2026-06-21 16:27:46,781 - picamera2.picamera2 - [picamera2.py:1391] - DEBUG - Execute job: <picamera2.job.Job object at 0x7f85229c50>
2026-06-21 16:27:46,784 - mazeUtils.device.camera - [camera.py:39] - DEBUG - Average HSV: H=42.0, S=16.2, V=250.7
2026-06-21 16:27:46,810 - mazeUtils.moveTile - [moveTile.py:79] - DEBUG - roll: 357.72999999999996 deg, practicalMoveTime: 0.6955287146059888 sec
2026-06-21 16:27:46,810 - mazeUtils.moveTile - [moveTile.py:1430] - DEBUG - moveTile loop time: 34.8 ms
2026-06-21 16:27:46,817 - picamera2.picamera2 - [picamera2.py:1391] - DEBUG - Execute job: <picamera2.job.Job object at 0x7f996e8710>
2026-06-21 16:27:46,820 - mazeUtils.device.camera - [camera.py:39] - DEBUG - Average HSV: H=50.5, S=16.4, V=248.7
2026-06-21 16:27:46,859 - mazeUtils.moveTile - [moveTile.py:79] - DEBUG - roll: 357.65999999999997 deg, practicalMoveTime: 0.7444364244933015 sec
2026-06-21 16:27:46,860 - mazeUtils.moveTile - [moveTile.py:1430] - DEBUG - moveTile loop time: 49.2 ms
2026-06-21 16:27:46,866 - picamera2.picamera2 - [picamera2.py:1391] - DEBUG - Execute job: <picamera2.job.Job object at 0x7f995aa8d0>
2026-06-21 16:27:46,869 - mazeUtils.device.camera - [camera.py:39] - DEBUG - Average HSV: H=61.1, S=16.1, V=246.3
2026-06-21 16:27:46,901 - mazeUtils.moveTile - [moveTile.py:79] - DEBUG - roll: 0.3499999999999659 deg, practicalMoveTime: 0.7855354444218104 sec
2026-06-21 16:27:46,902 - mazeUtils.moveTile - [moveTile.py:1430] - DEBUG - moveTile loop time: 41.4 ms
2026-06-21 16:27:46,909 - picamera2.picamera2 - [picamera2.py:1391] - DEBUG - Execute job: <picamera2.job.Job object at 0x7f841affd0>
2026-06-21 16:27:46,912 - mazeUtils.device.camera - [camera.py:39] - DEBUG - Average HSV: H=11.0, S=20.7, V=246.6
2026-06-21 16:27:46,937 - mazeUtils.moveTile - [moveTile.py:79] - DEBUG - roll: 358.4 deg, practicalMoveTime: 0.8211810929194493 sec
2026-06-21 16:27:46,938 - mazeUtils.moveTile - [moveTile.py:1430] - DEBUG - moveTile loop time: 35.9 ms
2026-06-21 16:27:46,944 - picamera2.picamera2 - [picamera2.py:1391] - DEBUG - Execute job: <picamera2.job.Job object at 0x7f841affd0>
2026-06-21 16:27:46,947 - mazeUtils.device.camera - [camera.py:39] - DEBUG - Average HSV: H=11.7, S=18.8, V=250.0
2026-06-21 16:27:46,985 - mazeUtils.moveTile - [moveTile.py:1375] - INFO - practicalVerticalMove: 0.5227472245004877 CM
2026-06-21 16:27:47,099 - mazeUtils.moveTile - [moveTile.py:529] - DEBUG - Direction: absDirection.NORTH, Angle: 90, Distance: 107.69376655853466 cm
2026-06-21 16:27:47,100 - mazeUtils.moveTile - [moveTile.py:529] - DEBUG - Direction: absDirection.EAST, Angle: 0, Distance: 104.92118697262387 cm
2026-06-21 16:27:47,101 - mazeUtils.moveTile - [moveTile.py:529] - DEBUG - Direction: absDirection.SOUTH, Angle: 270, Distance: 17.221361859147517 cm
2026-06-21 16:27:47,101 - mazeUtils.moveTile - [moveTile.py:529] - DEBUG - Direction: absDirection.WEST, Angle: 180, Distance: 50.30947465350026 cm
2026-06-21 16:27:47,103 - mazeUtils.moveTile - [moveTile.py:1774] - INFO - Tile color detection counts: {}, decided tile type: E
2026-06-21 16:27:47,161 - __main__ - [main.py:92] - INFO - Current position: (21, 19, 0), front direction: absDirection.EAST
Layer 0 (altitude=0.0cm, offset=(0.0cm, 0.0cm)):
Known map area: x=19..23, y=19..20
+   +---+   +   +---+
  U | E   @   E   E |
+---+   +---+---+   +
| E   E   E   E   E |
+---+---+---+---+---+
mazeAsGraph[0][19][20] = {absDirection.NORTH: None, absDirection.EAST: (21, 19, 0, 30), absDirection.SOUTH: (20, 20, 0, 30), absDirection.WEST: None}
mazeAsGraph[0][19][21] = {absDirection.NORTH: (21, 18, 0, 30), absDirection.EAST: (22, 19, 0, 30), absDirection.SOUTH: None, absDirection.WEST: (20, 19, 0, 30)}
mazeAsGraph[0][19][22] = {absDirection.NORTH: (22, 18, 0, 30), absDirection.EAST: (23, 19, 0, 30), absDirection.SOUTH: None, absDirection.WEST: (21, 19, 0, 30)}
mazeAsGraph[0][19][23] = {absDirection.NORTH: None, absDirection.EAST: None, absDirection.SOUTH: (23, 20, 0, 30), absDirection.WEST: (22, 19, 0, 30)}
mazeAsGraph[0][20][19] = {absDirection.NORTH: None, absDirection.EAST: (20, 20, 0, 30), absDirection.SOUTH: None, absDirection.WEST: None}
mazeAsGraph[0][20][20] = {absDirection.NORTH: (20, 19, 0, 30), absDirection.EAST: (21, 20, 0, 30), absDirection.SOUTH: None, absDirection.WEST: (19, 20, 0, 30)}
mazeAsGraph[0][20][21] = {absDirection.NORTH: None, absDirection.EAST: (22, 20, 0, 30), absDirection.SOUTH: None, absDirection.WEST: (20, 20, 0, 30)}
mazeAsGraph[0][20][22] = {absDirection.NORTH: None, absDirection.EAST: (23, 20, 0, 30), absDirection.SOUTH: None, absDirection.WEST: (21, 20, 0, 30)}
mazeAsGraph[0][20][23] = {absDirection.NORTH: (23, 19, 0, 30), absDirection.EAST: None, absDirection.SOUTH: None, absDirection.WEST: (22, 20, 0, 30)}
2026-06-21 16:27:47,179 - mazeUtils.moveTile - [moveTile.py:79] - DEBUG - Moving to absDirection.NORTH from (21, 19, 0) facing absDirection.EAST
2026-06-21 16:27:47,210 - mazeUtils.moveTile - [moveTile.py:79] - DEBUG - current heading: 270.69 target: 0
2026-06-21 16:27:48,005 - mazeUtils.moveTile - [moveTile.py:404] - DEBUG - stopped turning at heading: 355.76, diff: 4.240000000000009
2026-06-21 16:27:48,063 - mazeUtils.moveTile - [moveTile.py:79] - DEBUG - Turned to heading: 0.8600000000000136 deg
2026-06-21 16:27:48,109 - mazeUtils.moveTile - [moveTile.py:79] - DEBUG - Little backward to adjust position
2026-06-21 16:27:48,518 - picamera2.picamera2 - [picamera2.py:1391] - DEBUG - Execute job: <picamera2.job.Job object at 0x7f921611d0>
2026-06-21 16:27:48,522 - mazeUtils.device.camera - [camera.py:39] - DEBUG - Average HSV: H=160.7, S=45.4, V=99.4
2026-06-21 16:27:48,552 - mazeUtils.moveTile - [moveTile.py:79] - DEBUG - roll: 359.54999999999995 deg, practicalMoveTime: 0.03868508230632755 sec
2026-06-21 16:27:48,553 - mazeUtils.moveTile - [moveTile.py:1430] - DEBUG - moveTile loop time: 39.1 ms
2026-06-21 16:27:48,557 - picamera2.picamera2 - [picamera2.py:1391] - DEBUG - Execute job: <picamera2.job.Job object at 0x7f921615d0>
2026-06-21 16:27:48,560 - mazeUtils.device.camera - [camera.py:39] - DEBUG - Average HSV: H=162.8, S=42.6, V=104.2
2026-06-21 16:27:48,594 - mazeUtils.moveTile - [moveTile.py:79] - DEBUG - roll: 359.54999999999995 deg, practicalMoveTime: 0.07959930957305347 sec
2026-06-21 16:27:48,595 - mazeUtils.moveTile - [moveTile.py:1430] - DEBUG - moveTile loop time: 41.4 ms
2026-06-21 16:27:48,601 - picamera2.picamera2 - [picamera2.py:1391] - DEBUG - Execute job: <picamera2.job.Job object at 0x7f921635d0>
2026-06-21 16:27:48,604 - mazeUtils.device.camera - [camera.py:39] - DEBUG - Average HSV: H=163.0, S=41.8, V=106.4
2026-06-21 16:27:48,632 - mazeUtils.moveTile - [moveTile.py:79] - DEBUG - roll: 0.2699999999999818 deg, practicalMoveTime: 0.11696600015946272 sec
2026-06-21 16:27:48,632 - mazeUtils.moveTile - [moveTile.py:1430] - DEBUG - moveTile loop time: 37.5 ms
2026-06-21 16:27:48,636 - picamera2.picamera2 - [picamera2.py:1391] - DEBUG - Execute job: <picamera2.job.Job object at 0x7f921615d0>
2026-06-21 16:27:48,639 - mazeUtils.device.camera - [camera.py:39] - DEBUG - Average HSV: H=160.8, S=44.3, V=104.6
2026-06-21 16:27:48,672 - mazeUtils.moveTile - [moveTile.py:79] - DEBUG - roll: 0.01999999999998181 deg, practicalMoveTime: 0.15655564122591728 sec
2026-06-21 16:27:48,672 - mazeUtils.moveTile - [moveTile.py:1430] - DEBUG - moveTile loop time: 39.8 ms
2026-06-21 16:27:48,680 - picamera2.picamera2 - [picamera2.py:1391] - DEBUG - Execute job: <picamera2.job.Job object at 0x7f92161550>
2026-06-21 16:27:48,683 - mazeUtils.device.camera - [camera.py:39] - DEBUG - Average HSV: H=163.9, S=43.1, V=106.7
2026-06-21 16:27:48,715 - mazeUtils.moveTile - [moveTile.py:79] - DEBUG - roll: 358.95 deg, practicalMoveTime: 0.1991352936712812 sec
2026-06-21 16:27:48,716 - mazeUtils.moveTile - [moveTile.py:1430] - DEBUG - moveTile loop time: 42.5 ms
2026-06-21 16:27:48,722 - picamera2.picamera2 - [picamera2.py:1391] - DEBUG - Execute job: <picamera2.job.Job object at 0x7f92161550>
2026-06-21 16:27:48,725 - mazeUtils.device.camera - [camera.py:39] - DEBUG - Average HSV: H=165.3, S=45.9, V=105.8
2026-06-21 16:27:48,756 - mazeUtils.moveTile - [moveTile.py:79] - DEBUG - roll: 0.08999999999997499 deg, practicalMoveTime: 0.23911899373296613 sec
2026-06-21 16:27:48,756 - mazeUtils.moveTile - [moveTile.py:1430] - DEBUG - moveTile loop time: 40.4 ms
2026-06-21 16:27:48,763 - picamera2.picamera2 - [picamera2.py:1391] - DEBUG - Execute job: <picamera2.job.Job object at 0x7f92161f50>
2026-06-21 16:27:48,770 - mazeUtils.device.camera - [camera.py:39] - DEBUG - Average HSV: H=162.1, S=44.3, V=104.9
2026-06-21 16:27:48,797 - mazeUtils.moveTile - [moveTile.py:79] - DEBUG - roll: 359.81 deg, practicalMoveTime: 0.2802977090438534 sec
2026-06-21 16:27:48,798 - mazeUtils.moveTile - [moveTile.py:1430] - DEBUG - moveTile loop time: 41.8 ms
2026-06-21 16:27:48,805 - picamera2.picamera2 - [picamera2.py:1391] - DEBUG - Execute job: <picamera2.job.Job object at 0x7f921615d0>
2026-06-21 16:27:48,810 - mazeUtils.device.camera - [camera.py:39] - DEBUG - Average HSV: H=164.4, S=43.5, V=103.0
2026-06-21 16:27:48,837 - mazeUtils.moveTile - [moveTile.py:79] - DEBUG - roll: 0.12999999999999545 deg, practicalMoveTime: 0.3191133459021522 sec
2026-06-21 16:27:48,838 - mazeUtils.moveTile - [moveTile.py:1430] - DEBUG - moveTile loop time: 38.8 ms
2026-06-21 16:27:48,843 - picamera2.picamera2 - [picamera2.py:1391] - DEBUG - Execute job: <picamera2.job.Job object at 0x7f92163590>
2026-06-21 16:27:48,847 - mazeUtils.device.camera - [camera.py:39] - DEBUG - Average HSV: H=165.3, S=43.7, V=101.9
2026-06-21 16:27:48,874 - mazeUtils.moveTile - [moveTile.py:79] - DEBUG - roll: 359.12 deg, practicalMoveTime: 0.3551441566097772 sec
2026-06-21 16:27:48,874 - mazeUtils.moveTile - [moveTile.py:1430] - DEBUG - moveTile loop time: 36.3 ms
2026-06-21 16:27:48,881 - picamera2.picamera2 - [picamera2.py:1391] - DEBUG - Execute job: <picamera2.job.Job object at 0x7f6cf9c8d0>
2026-06-21 16:27:48,884 - mazeUtils.device.camera - [camera.py:39] - DEBUG - Average HSV: H=165.9, S=45.6, V=103.4
2026-06-21 16:27:48,911 - mazeUtils.moveTile - [moveTile.py:79] - DEBUG - roll: 359.04999999999995 deg, practicalMoveTime: 0.3923247141818013 sec
2026-06-21 16:27:48,912 - mazeUtils.moveTile - [moveTile.py:1430] - DEBUG - moveTile loop time: 37.5 ms
2026-06-21 16:27:48,916 - picamera2.picamera2 - [picamera2.py:1391] - DEBUG - Execute job: <picamera2.job.Job object at 0x7f92162450>
2026-06-21 16:27:48,919 - mazeUtils.device.camera - [camera.py:39] - DEBUG - Average HSV: H=161.2, S=48.8, V=98.9
2026-06-21 16:27:48,956 - mazeUtils.moveTile - [moveTile.py:79] - DEBUG - roll: 359.13 deg, practicalMoveTime: 0.43665735239626746 sec
2026-06-21 16:27:48,957 - mazeUtils.moveTile - [moveTile.py:1430] - DEBUG - moveTile loop time: 44.6 ms
2026-06-21 16:27:48,961 - picamera2.picamera2 - [picamera2.py:1391] - DEBUG - Execute job: <picamera2.job.Job object at 0x7f92163e90>
2026-06-21 16:27:48,963 - mazeUtils.device.camera - [camera.py:39] - DEBUG - Average HSV: H=137.6, S=42.8, V=118.9
2026-06-21 16:27:48,994 - mazeUtils.moveTile - [moveTile.py:79] - DEBUG - roll: 2.7199999999999704 deg, practicalMoveTime: 0.4739149625686575 sec
2026-06-21 16:27:48,994 - mazeUtils.moveTile - [moveTile.py:1430] - DEBUG - moveTile loop time: 37.5 ms
2026-06-21 16:27:49,001 - picamera2.picamera2 - [picamera2.py:1391] - DEBUG - Execute job: <picamera2.job.Job object at 0x7f92163590>
2026-06-21 16:27:49,004 - mazeUtils.device.camera - [camera.py:39] - DEBUG - Average HSV: H=97.2, S=39.1, V=155.7
2026-06-21 16:27:49,033 - mazeUtils.moveTile - [moveTile.py:79] - DEBUG - roll: 0.44999999999998863 deg, practicalMoveTime: 0.512608389267885 sec
2026-06-21 16:27:49,034 - mazeUtils.moveTile - [moveTile.py:1430] - DEBUG - moveTile loop time: 39.1 ms
2026-06-21 16:27:49,038 - picamera2.picamera2 - [picamera2.py:1391] - DEBUG - Execute job: <picamera2.job.Job object at 0x7f921615d0>
2026-06-21 16:27:49,042 - mazeUtils.device.camera - [camera.py:39] - DEBUG - Average HSV: H=11.7, S=30.9, V=228.1
2026-06-21 16:27:49,074 - mazeUtils.moveTile - [moveTile.py:79] - DEBUG - roll: 1.1499999999999773 deg, practicalMoveTime: 0.5531111223708477 sec
2026-06-21 16:27:49,075 - mazeUtils.moveTile - [moveTile.py:1430] - DEBUG - moveTile loop time: 40.6 ms
2026-06-21 16:27:49,082 - picamera2.picamera2 - [picamera2.py:1391] - DEBUG - Execute job: <picamera2.job.Job object at 0x7f92163e90>
2026-06-21 16:27:49,085 - mazeUtils.device.camera - [camera.py:39] - DEBUG - Average HSV: H=9.2, S=30.7, V=234.1
2026-06-21 16:27:49,114 - mazeUtils.moveTile - [moveTile.py:79] - DEBUG - roll: 1.1499999999999773 deg, practicalMoveTime: 0.592535228705774 sec
2026-06-21 16:27:49,115 - mazeUtils.moveTile - [moveTile.py:1430] - DEBUG - moveTile loop time: 39.7 ms
2026-06-21 16:27:49,128 - picamera2.picamera2 - [picamera2.py:1391] - DEBUG - Execute job: <picamera2.job.Job object at 0x7f92163590>
2026-06-21 16:27:49,132 - mazeUtils.device.camera - [camera.py:39] - DEBUG - Average HSV: H=8.6, S=29.9, V=232.5
2026-06-21 16:27:49,163 - mazeUtils.moveTile - [moveTile.py:79] - DEBUG - roll: 0.9499999999999886 deg, practicalMoveTime: 0.6403101283198573 sec
2026-06-21 16:27:49,163 - mazeUtils.moveTile - [moveTile.py:1430] - DEBUG - moveTile loop time: 48.0 ms
2026-06-21 16:27:49,169 - picamera2.picamera2 - [picamera2.py:1391] - DEBUG - Execute job: <picamera2.job.Job object at 0x7f92161190>
2026-06-21 16:27:49,172 - mazeUtils.device.camera - [camera.py:39] - DEBUG - Average HSV: H=8.2, S=29.4, V=232.4
2026-06-21 16:27:49,201 - mazeUtils.moveTile - [moveTile.py:79] - DEBUG - roll: 0.19999999999998863 deg, practicalMoveTime: 0.677839368213869 sec
2026-06-21 16:27:49,201 - mazeUtils.moveTile - [moveTile.py:1430] - DEBUG - moveTile loop time: 37.9 ms
2026-06-21 16:27:49,210 - picamera2.picamera2 - [picamera2.py:1391] - DEBUG - Execute job: <picamera2.job.Job object at 0x7f92161ed0>
2026-06-21 16:27:49,213 - mazeUtils.device.camera - [camera.py:39] - DEBUG - Average HSV: H=8.6, S=31.4, V=230.9
2026-06-21 16:27:49,244 - mazeUtils.moveTile - [moveTile.py:79] - DEBUG - roll: 0.7699999999999818 deg, practicalMoveTime: 0.7203324502688055 sec
2026-06-21 16:27:49,244 - mazeUtils.moveTile - [moveTile.py:1430] - DEBUG - moveTile loop time: 42.6 ms
2026-06-21 16:27:49,250 - picamera2.picamera2 - [picamera2.py:1391] - DEBUG - Execute job: <picamera2.job.Job object at 0x7f92163e90>
2026-06-21 16:27:49,253 - mazeUtils.device.camera - [camera.py:39] - DEBUG - Average HSV: H=8.9, S=32.4, V=230.1
2026-06-21 16:27:49,284 - mazeUtils.moveTile - [moveTile.py:79] - DEBUG - roll: 0.049999999999954525 deg, practicalMoveTime: 0.7598286186251604 sec
2026-06-21 16:27:49,284 - mazeUtils.moveTile - [moveTile.py:1430] - DEBUG - moveTile loop time: 39.7 ms
2026-06-21 16:27:49,290 - picamera2.picamera2 - [picamera2.py:1391] - DEBUG - Execute job: <picamera2.job.Job object at 0x7f92161550>
2026-06-21 16:27:49,293 - mazeUtils.device.camera - [camera.py:39] - DEBUG - Average HSV: H=8.4, S=31.9, V=227.7
2026-06-21 16:27:49,323 - mazeUtils.moveTile - [moveTile.py:79] - DEBUG - roll: 359.78 deg, practicalMoveTime: 0.7984168580256309 sec
2026-06-21 16:27:49,323 - mazeUtils.moveTile - [moveTile.py:1430] - DEBUG - moveTile loop time: 38.8 ms
2026-06-21 16:27:49,328 - picamera2.picamera2 - [picamera2.py:1391] - DEBUG - Execute job: <picamera2.job.Job object at 0x7f92163f90>
2026-06-21 16:27:49,331 - mazeUtils.device.camera - [camera.py:39] - DEBUG - Average HSV: H=8.0, S=31.1, V=227.9
2026-06-21 16:27:49,360 - mazeUtils.moveTile - [moveTile.py:79] - DEBUG - roll: 0.7799999999999727 deg, practicalMoveTime: 0.8348800774251001 sec
2026-06-21 16:27:49,360 - mazeUtils.moveTile - [moveTile.py:1430] - DEBUG - moveTile loop time: 36.7 ms
2026-06-21 16:27:49,368 - picamera2.picamera2 - [picamera2.py:1391] - DEBUG - Execute job: <picamera2.job.Job object at 0x7f92162450>
2026-06-21 16:27:49,371 - mazeUtils.device.camera - [camera.py:39] - DEBUG - Average HSV: H=8.8, S=34.1, V=227.3
2026-06-21 16:27:49,403 - mazeUtils.moveTile - [moveTile.py:1375] - INFO - practicalVerticalMove: 0.09415905185439115 CM
2026-06-21 16:27:49,448 - mazeUtils.moveTile - [moveTile.py:1645] - INFO - Set moved vertical distance: 0.09415905185439115 cm, past distances: [(0.4596188958114052, False), (0.5624738846017766, False), (1.3573577005227426, False)]
2026-06-21 16:27:49,514 - mazeUtils.moveTile - [moveTile.py:529] - DEBUG - Direction: absDirection.NORTH, Angle: 0, Distance: 80.97193051796192 cm
2026-06-21 16:27:49,515 - mazeUtils.moveTile - [moveTile.py:553] - DEBUG - Front LiDAR distance: 80.97193051796192 cm, TSD10 distance: 69.7 cm
2026-06-21 16:27:49,516 - mazeUtils.moveTile - [moveTile.py:529] - DEBUG - Direction: absDirection.EAST, Angle: 270, Distance: 75.42710013525682 cm
2026-06-21 16:27:49,517 - mazeUtils.moveTile - [moveTile.py:529] - DEBUG - Direction: absDirection.SOUTH, Angle: 180, Distance: 48.63891687059446 cm
2026-06-21 16:27:49,518 - mazeUtils.moveTile - [moveTile.py:529] - DEBUG - Direction: absDirection.WEST, Angle: 90, Distance: 50.637932626760765 cm
2026-06-21 16:27:49,520 - mazeUtils.moveTile - [moveTile.py:1774] - INFO - Tile color detection counts: {}, decided tile type: E
2026-06-21 16:27:49,578 - __main__ - [main.py:92] - INFO - Current position: (21, 18, 0), front direction: absDirection.NORTH
Layer 0 (altitude=0.0cm, offset=(0.0cm, 0.0cm)):
Known map area: x=19..23, y=18..20
+   +   +   +   +   +
  U   U   @   U   U  
+   +---+   +   +---+
  U | E   E   E   E |
+---+   +---+---+   +
| E   E   E   E   E |
+---+---+---+---+---+
mazeAsGraph[0][18][21] = {absDirection.NORTH: (21, 17, 0, 30), absDirection.EAST: (22, 18, 0, 30), absDirection.SOUTH: (21, 19, 0, 30), absDirection.WEST: (20, 18, 0, 30)}
mazeAsGraph[0][19][20] = {absDirection.NORTH: None, absDirection.EAST: (21, 19, 0, 30), absDirection.SOUTH: (20, 20, 0, 30), absDirection.WEST: None}
mazeAsGraph[0][19][21] = {absDirection.NORTH: (21, 18, 0, 30), absDirection.EAST: (22, 19, 0, 30), absDirection.SOUTH: None, absDirection.WEST: (20, 19, 0, 30)}
mazeAsGraph[0][19][22] = {absDirection.NORTH: (22, 18, 0, 30), absDirection.EAST: (23, 19, 0, 30), absDirection.SOUTH: None, absDirection.WEST: (21, 19, 0, 30)}
mazeAsGraph[0][19][23] = {absDirection.NORTH: None, absDirection.EAST: None, absDirection.SOUTH: (23, 20, 0, 30), absDirection.WEST: (22, 19, 0, 30)}
mazeAsGraph[0][20][19] = {absDirection.NORTH: None, absDirection.EAST: (20, 20, 0, 30), absDirection.SOUTH: None, absDirection.WEST: None}
mazeAsGraph[0][20][20] = {absDirection.NORTH: (20, 19, 0, 30), absDirection.EAST: (21, 20, 0, 30), absDirection.SOUTH: None, absDirection.WEST: (19, 20, 0, 30)}
mazeAsGraph[0][20][21] = {absDirection.NORTH: None, absDirection.EAST: (22, 20, 0, 30), absDirection.SOUTH: None, absDirection.WEST: (20, 20, 0, 30)}
mazeAsGraph[0][20][22] = {absDirection.NORTH: None, absDirection.EAST: (23, 20, 0, 30), absDirection.SOUTH: None, absDirection.WEST: (21, 20, 0, 30)}
mazeAsGraph[0][20][23] = {absDirection.NORTH: (23, 19, 0, 30), absDirection.EAST: None, absDirection.SOUTH: None, absDirection.WEST: (22, 20, 0, 30)}
2026-06-21 16:27:49,591 - mazeUtils.mazeMap - [mazeMap.py:61] - INFO - next goal: (21, 17, 0)
2026-06-21 16:27:49,599 - mazeUtils.moveTile - [moveTile.py:79] - DEBUG - Moving to absDirection.NORTH from (21, 18, 0) facing absDirection.NORTH
2026-06-21 16:27:49,626 - mazeUtils.moveTile - [moveTile.py:79] - DEBUG - current heading: 359.65999999999997 target: 0
2026-06-21 16:27:49,648 - mazeUtils.moveTile - [moveTile.py:404] - DEBUG - stopped turning at heading: 359.65999999999997, diff: 0.34000000000003183
2026-06-21 16:27:49,693 - mazeUtils.moveTile - [moveTile.py:79] - DEBUG - Turned to heading: 359.90999999999997 deg
2026-06-21 16:27:49,912 - picamera2.picamera2 - [picamera2.py:1391] - DEBUG - Execute job: <picamera2.job.Job object at 0x7f921b3f90>
2026-06-21 16:27:49,917 - mazeUtils.device.camera - [camera.py:39] - DEBUG - Average HSV: H=8.2, S=37.1, V=223.8
2026-06-21 16:27:49,946 - mazeUtils.moveTile - [moveTile.py:79] - DEBUG - roll: 0.7400000000000091 deg, practicalMoveTime: 0.039202042884649325 sec
2026-06-21 16:27:49,947 - mazeUtils.moveTile - [moveTile.py:1430] - DEBUG - moveTile loop time: 39.5 ms
2026-06-21 16:27:49,959 - picamera2.picamera2 - [picamera2.py:1391] - DEBUG - Execute job: <picamera2.job.Job object at 0x7f6cfb4890>
2026-06-21 16:27:49,964 - mazeUtils.device.camera - [camera.py:39] - DEBUG - Average HSV: H=8.2, S=37.0, V=223.9
2026-06-21 16:27:49,991 - mazeUtils.moveTile - [moveTile.py:79] - DEBUG - roll: 0.7299999999999613 deg, practicalMoveTime: 0.08266865893642761 sec
2026-06-21 16:27:49,991 - mazeUtils.moveTile - [moveTile.py:1430] - DEBUG - moveTile loop time: 43.7 ms
2026-06-21 16:27:49,997 - picamera2.picamera2 - [picamera2.py:1391] - DEBUG - Execute job: <picamera2.job.Job object at 0x7f6cfb4850>
2026-06-21 16:27:50,002 - mazeUtils.device.camera - [camera.py:39] - DEBUG - Average HSV: H=8.4, S=37.5, V=224.2
2026-06-21 16:27:50,032 - mazeUtils.moveTile - [moveTile.py:79] - DEBUG - roll: 1.990000000000009 deg, practicalMoveTime: 0.12318037693050801 sec
2026-06-21 16:27:50,032 - mazeUtils.moveTile - [moveTile.py:1430] - DEBUG - moveTile loop time: 40.9 ms
2026-06-21 16:27:50,037 - picamera2.picamera2 - [picamera2.py:1391] - DEBUG - Execute job: <picamera2.job.Job object at 0x7f6cfb4710>
2026-06-21 16:27:50,042 - mazeUtils.device.camera - [camera.py:39] - DEBUG - Average HSV: H=8.0, S=38.9, V=221.5
2026-06-21 16:27:50,072 - mazeUtils.moveTile - [moveTile.py:79] - DEBUG - roll: 2.75 deg, practicalMoveTime: 0.16297090749391602 sec
2026-06-21 16:27:50,073 - mazeUtils.moveTile - [moveTile.py:1430] - DEBUG - moveTile loop time: 40.2 ms
2026-06-21 16:27:50,077 - picamera2.picamera2 - [picamera2.py:1391] - DEBUG - Execute job: <picamera2.job.Job object at 0x7f6cfb48d0>
2026-06-21 16:27:50,082 - mazeUtils.device.camera - [camera.py:39] - DEBUG - Average HSV: H=7.8, S=39.6, V=222.0
2026-06-21 16:27:50,115 - mazeUtils.moveTile - [moveTile.py:79] - DEBUG - roll: 3.339999999999975 deg, practicalMoveTime: 0.20541016009506174 sec
2026-06-21 16:27:50,116 - mazeUtils.moveTile - [moveTile.py:1430] - DEBUG - moveTile loop time: 42.7 ms
2026-06-21 16:27:50,123 - picamera2.picamera2 - [picamera2.py:1391] - DEBUG - Execute job: <picamera2.job.Job object at 0x7f6cfb4810>
2026-06-21 16:27:50,127 - mazeUtils.device.camera - [camera.py:39] - DEBUG - Average HSV: H=11.0, S=48.5, V=212.9
2026-06-21 16:27:50,135 - __main__ - [main.py:153] - INFO - Program interrupted by user.
2026-06-21 16:27:51,189 - mazeUtils.device.stm - [stm.py:216] - DEBUG - ACK resynchronized: type=STS_MOTOR dropped=3B seq=116
2026-06-21 16:27:51,703 - picamera2.picamera2 - [picamera2.py:1391] - DEBUG - Execute job: <picamera2.job.Job object at 0x7fa5b56dd0>
2026-06-21 16:27:51,727 - picamera2.picamera2 - [picamera2.py:1323] - INFO - Camera stopped
2026-06-21 16:27:51,729 - picamera2.picamera2 - [picamera2.py:1329] - DEBUG - Camera was not started
2026-06-21 16:27:51,934 - picamera2.picamera2 - [picamera2.py:723] - INFO - Camera closed successfully.
2026-06-21 16:27:52,205 - picamera2.picamera2 - [picamera2.py:500] - DEBUG - Resources now free: <picamera2.picamera2.Picamera2 object at 0x7f84202590>
